timestamp,open,high,low,close,volume
2025-10-06 00:00:00,30.1,30.225,29.973,30.186,16320.39
2025-10-06 00:15:00,30.209,30.425,30.129,30.145,19351.76
2025-10-06 00:30:00,30.135,30.254,30.1,30.151,5158.26
2025-10-06 00:45:00,30.154,30.166,29.975,30.032,15899.66
2025-10-06 01:00:00,30.036,30.162,29.955,30.126,4667.93
2025-10-06 01:15:00,30.104,30.268,30.05,30.227,7211.54
2025-10-06 01:30:00,30.227,30.325,30.163,30.229,9126.81
2025-10-06 01:45:00,30.205,30.25,30.182,30.225,2401.73
2025-10-06 02:00:00,30.214,30.246,30.164,30.186,1877.84
2025-10-06 02:15:00,30.186,30.241,30.168,30.171,6610.34
2025-10-06 02:30:00,30.167,30.204,30.07,30.186,6134.70
2025-10-06 02:45:00,30.187,30.38,30.187,30.312,7096.62
2025-10-06 03:00:00,30.309,30.333,30.254,30.277,1816.18
2025-10-06 03:15:00,30.274,30.299,30.236,30.28,1063.94
2025-10-06 03:30:00,30.295,30.315,30.242,30.248,904.42
2025-10-06 03:45:00,30.241,30.247,30.166,30.247,323.09
2025-10-06 04:00:00,30.264,30.361,30.224,30.348,4335.40
2025-10-06 04:15:00,30.35,30.475,30.35,30.46,8673.68
2025-10-06 04:30:00,30.457,30.457,30.264,30.294,17001.77
2025-10-06 04:45:00,30.284,30.321,30.245,30.279,875.72
2025-10-06 05:00:00,30.271,30.336,30.166,30.168,8529.36
2025-10-06 05:15:00,30.166,30.316,30.163,30.308,836.09
2025-10-06 05:30:00,30.321,30.322,30.167,30.227,2402.81
2025-10-06 05:45:00,30.231,30.295,30.229,30.25,1585.77
2025-10-06 06:00:00,30.241,30.316,30.235,30.257,3208.88
2025-10-06 06:15:00,30.268,30.283,30.145,30.24,1586.93
2025-10-06 06:30:00,30.24,30.506,30.24,30.397,6521.65
2025-10-06 06:45:00,30.399,30.399,30.267,30.382,3702.06
2025-10-06 07:00:00,30.366,30.417,30.292,30.417,1514.64
2025-10-06 07:15:00,30.423,30.446,30.34,30.401,1414.03
2025-10-06 07:30:00,30.411,30.42,30.173,30.272,3639.87
2025-10-06 07:45:00,30.241,30.328,30.213,30.328,1517.87
2025-10-06 08:00:00,30.334,30.446,30.334,30.426,28651.81
2025-10-06 08:15:00,30.429,30.437,30.365,30.434,3130.61
2025-10-06 08:30:00,30.434,30.483,30.397,30.397,2001.71
2025-10-06 08:45:00,30.396,30.453,30.396,30.412,1520.00
2025-10-06 09:00:00,30.425,30.558,30.425,30.537,1199.69
2025-10-06 09:15:00,30.546,30.8,30.529,30.635,15263.65
2025-10-06 09:30:00,30.633,30.665,30.523,30.523,2636.03
2025-10-06 09:45:00,30.522,30.615,30.504,30.607,1252.78
2025-10-06 10:00:00,30.604,30.608,30.46,30.475,19624.22
2025-10-06 10:15:00,30.487,30.491,30.426,30.45,10559.19
2025-10-06 10:30:00,30.451,30.455,30.4,30.45,1401.35
2025-10-06 10:45:00,30.458,30.533,30.456,30.503,3360.20
2025-10-06 11:00:00,30.515,30.517,30.418,30.484,2418.37
2025-10-06 11:15:00,30.484,30.613,30.452,30.611,10499.40
2025-10-06 11:30:00,30.608,30.635,30.48,30.536,3376.20
2025-10-06 11:45:00,30.529,30.569,30.482,30.516,5970.03
2025-10-06 12:00:00,30.517,30.686,30.511,30.686,3025.89
2025-10-06 12:15:00,30.689,30.716,30.622,30.622,14501.00
2025-10-06 12:30:00,30.621,30.657,30.57,30.594,1180.47
2025-10-06 12:45:00,30.605,30.626,30.536,30.536,5769.01
2025-10-06 13:00:00,30.54,30.605,30.502,30.51,4587.84
2025-10-06 13:15:00,30.51,30.585,30.451,30.565,3761.60
2025-10-06 13:30:00,30.582,30.71,30.468,30.516,8705.35
2025-10-06 13:45:00,30.516,30.602,30.45,30.585,5028.22
2025-10-06 14:00:00,30.59,30.869,30.573,30.756,121779.41
2025-10-06 14:15:00,30.786,30.978,30.773,30.904,16604.57
2025-10-06 14:30:00,30.905,30.971,30.709,30.741,20448.69
2025-10-06 14:45:00,30.743,30.802,30.58,30.657,8544.80
2025-10-06 15:00:00,30.667,30.804,30.667,30.795,18128.56
2025-10-06 15:15:00,30.797,31.012,30.797,30.998,7249.55
2025-10-06 15:30:00,31.0,31.013,30.861,30.902,11816.51
2025-10-06 15:45:00,30.901,30.913,30.85,30.866,1934.52
2025-10-06 16:00:00,30.867,30.978,30.745,30.776,15252.75
2025-10-06 16:15:00,30.777,30.839,30.674,30.674,11754.06
2025-10-06 16:30:00,30.671,30.824,30.671,30.762,6535.82
2025-10-06 16:45:00,30.767,30.804,30.675,30.804,7885.69
2025-10-06 17:00:00,30.807,30.839,30.741,30.832,10591.71
2025-10-06 17:15:00,30.844,31.003,30.805,30.97,17453.05
2025-10-06 17:30:00,31.002,31.048,30.839,30.898,8426.85
2025-10-06 17:45:00,30.904,31.011,30.87,30.924,5351.64
2025-10-06 18:00:00,30.921,30.94,30.878,30.892,9986.23
2025-10-06 18:15:00,30.897,30.929,30.839,30.841,2529.30
2025-10-06 18:30:00,30.835,30.872,30.766,30.839,8220.04
2025-10-06 18:45:00,30.851,31.008,30.851,30.937,7211.96
2025-10-06 19:00:00,30.926,30.931,30.798,30.81,1860.60
2025-10-06 19:15:00,30.817,30.829,30.737,30.792,11202.60
2025-10-06 19:30:00,30.788,30.867,30.729,30.762,7886.95
2025-10-06 19:45:00,30.768,30.881,30.756,30.863,1866.91
2025-10-06 20:00:00,30.866,30.98,30.866,30.884,5711.36
2025-10-06 20:15:00,30.857,30.864,30.747,30.8,7229.10
2025-10-06 20:30:00,30.8,30.882,30.783,30.803,5224.16
2025-10-06 20:45:00,30.802,30.823,30.786,30.8,4154.90
2025-10-06 21:00:00,30.793,30.826,30.697,30.697,5727.40
2025-10-06 21:15:00,30.703,30.716,30.555,30.672,44954.74
2025-10-06 21:30:00,30.68,30.691,30.599,30.691,2962.83
2025-10-06 21:45:00,30.695,30.718,30.6,30.716,9539.36
2025-10-06 22:00:00,30.72,30.794,30.707,30.733,4188.86
2025-10-06 22:15:00,30.729,30.773,30.72,30.752,6778.79
2025-10-06 22:30:00,30.746,30.767,30.598,30.607,3851.04
2025-10-06 22:45:00,30.608,30.683,30.586,30.609,751.61
2025-10-06 23:00:00,30.614,30.662,30.57,30.573,5460.07
2025-10-06 23:15:00,30.573,30.676,30.541,30.676,18887.94
2025-10-06 23:30:00,30.677,30.77,30.649,30.723,7166.67
2025-10-06 23:45:00,30.738,30.764,30.633,30.633,11056.38
2025-10-07 00:00:00,30.635,30.751,30.603,30.618,6938.34
2025-10-07 00:15:00,30.594,30.618,30.467,30.467,3406.61
2025-10-07 00:30:00,30.452,30.562,30.452,30.548,3361.19
2025-10-07 00:45:00,30.544,30.594,30.49,30.594,2384.79
2025-10-07 01:00:00,30.593,30.593,30.474,30.474,16297.65
2025-10-07 01:15:00,30.472,30.472,30.337,30.438,10096.86
2025-10-07 01:30:00,30.435,30.486,30.381,30.47,6223.19
2025-10-07 01:45:00,30.472,30.472,30.397,30.433,385.60
2025-10-07 02:00:00,30.428,30.462,30.363,30.365,2378.48
2025-10-07 02:15:00,30.372,30.436,30.336,30.413,2990.12
2025-10-07 02:30:00,30.418,30.448,30.336,30.354,1485.67
2025-10-07 02:45:00,30.355,30.404,30.355,30.363,321.11
2025-10-07 03:00:00,30.346,30.424,30.346,30.42,2617.42
2025-10-07 03:15:00,30.394,30.4,30.325,30.338,1909.57
2025-10-07 03:30:00,30.335,30.38,30.328,30.342,4589.33
2025-10-07 03:45:00,30.356,30.386,30.347,30.362,1356.33
2025-10-07 04:00:00,30.365,30.368,30.256,30.265,21041.12
2025-10-07 04:15:00,30.265,30.331,30.25,30.326,5905.45
2025-10-07 04:30:00,30.333,30.459,30.333,30.426,8191.64
2025-10-07 04:45:00,30.437,30.613,30.42,30.523,21492.73
2025-10-07 05:00:00,30.525,30.54,30.398,30.421,2879.59
2025-10-07 05:15:00,30.416,30.509,30.374,30.458,3052.39
2025-10-07 05:30:00,30.467,30.588,30.433,30.554,11245.12
2025-10-07 05:45:00,30.554,30.57,30.462,30.493,3085.21
2025-10-07 06:00:00,30.491,30.515,30.383,30.384,469.80
2025-10-07 06:15:00,30.385,30.385,30.228,30.228,7922.30
2025-10-07 06:30:00,30.225,30.307,30.13,30.168,17785.90
2025-10-07 06:45:00,30.188,30.257,30.168,30.177,1067.45
2025-10-07 07:00:00,30.182,30.255,30.167,30.171,1377.07
2025-10-07 07:15:00,30.164,30.213,30.122,30.198,3892.20
2025-10-07 07:30:00,30.206,30.206,30.05,30.118,40090.84
2025-10-07 07:45:00,30.12,30.15,30.103,30.123,814.77
2025-10-07 08:00:00,30.117,30.117,29.506,29.767,46678.29
2025-10-07 08:15:00,29.753,29.784,29.631,29.683,9894.72
2025-10-07 08:30:00,29.685,29.81,29.605,29.805,11074.58
2025-10-07 08:45:00,29.811,29.878,29.768,29.819,7178.12
2025-10-07 09:00:00,29.776,29.853,29.735,29.853,2356.57
2025-10-07 09:15:00,29.824,29.867,29.787,29.79,4433.32
2025-10-07 09:30:00,29.788,29.814,29.745,29.763,2079.91
2025-10-07 09:45:00,29.761,29.785,29.752,29.769,4525.08
2025-10-07 10:00:00,29.745,29.87,29.68,29.866,708.88
2025-10-07 10:15:00,29.855,29.862,29.771,29.793,20225.99
2025-10-07 10:30:00,29.795,30.029,29.795,29.92,33065.74
2025-10-07 10:45:00,29.92,29.982,29.906,29.958,3699.91
2025-10-07 11:00:00,29.945,30.025,29.931,29.953,5592.15
2025-10-07 11:15:00,29.956,30.043,29.956,30.009,6812.04
2025-10-07 11:30:00,29.996,30.069,29.957,29.957,9405.15
2025-10-07 11:45:00,29.956,30.079,29.952,30.043,1188.11
2025-10-07 12:00:00,30.025,30.025,29.937,29.937,861.26
2025-10-07 12:15:00,29.951,29.957,29.889,29.908,13159.75
2025-10-07 12:30:00,29.9,29.937,29.794,29.829,6859.38
2025-10-07 12:45:00,29.812,29.985,29.812,29.966,26065.99
2025-10-07 13:00:00,29.985,30.0,29.828,29.828,5021.60
2025-10-07 13:15:00,29.834,29.87,29.789,29.828,4674.04
2025-10-07 13:30:00,29.828,29.828,29.175,29.314,137255.91
2025-10-07 13:45:00,29.318,29.438,29.192,29.373,22587.84
2025-10-07 14:00:00,29.373,29.384,29.069,29.103,36767.93
2025-10-07 14:15:00,29.096,29.148,28.847,28.849,47002.81
2025-10-07 14:30:00,28.872,29.023,28.846,29.013,82349.13
2025-10-07 14:45:00,29.009,29.062,28.893,28.899,13771.36
2025-10-07 15:00:00,28.901,28.951,28.555,28.721,68088.23
2025-10-07 15:15:00,28.727,28.872,28.673,28.69,20862.12
2025-10-07 15:30:00,28.683,28.691,28.474,28.557,26625.91
2025-10-07 15:45:00,28.558,28.581,28.45,28.554,13074.72
2025-10-07 16:00:00,28.542,28.542,28.343,28.363,58982.01
2025-10-07 16:15:00,28.36,28.504,28.327,28.43,19128.34
2025-10-07 16:30:00,28.433,28.754,28.433,28.687,8986.49
2025-10-07 16:45:00,28.686,28.782,28.569,28.588,7635.31
2025-10-07 17:00:00,28.582,28.672,28.535,28.565,39268.45
2025-10-07 17:15:00,28.572,28.589,28.506,28.577,8035.06
2025-10-07 17:30:00,28.576,28.596,28.532,28.592,10935.24
2025-10-07 17:45:00,28.6,28.646,28.413,28.422,10971.26
2025-10-07 18:00:00,28.422,28.443,28.365,28.414,3142.99
2025-10-07 18:15:00,28.417,28.419,28.261,28.341,8281.59
2025-10-07 18:30:00,28.334,28.402,28.306,28.394,17097.64
2025-10-07 18:45:00,28.395,28.399,28.328,28.328,3702.00
2025-10-07 19:00:00,28.315,28.462,28.305,28.374,3199.27
2025-10-07 19:15:00,28.37,28.424,28.263,28.264,4609.16
2025-10-07 19:30:00,28.262,28.321,28.166,28.18,19702.91
2025-10-07 19:45:00,28.173,28.295,28.096,28.122,12950.87
2025-10-07 20:00:00,28.119,28.272,28.102,28.197,13527.22
2025-10-07 20:15:00,28.191,28.4,28.145,28.365,7739.08
2025-10-07 20:30:00,28.361,28.43,28.341,28.349,5464.73
2025-10-07 20:45:00,28.361,28.418,28.33,28.33,4246.00
2025-10-07 21:00:00,28.326,28.382,28.248,28.34,3791.37
2025-10-07 21:15:00,28.328,28.436,28.306,28.425,6077.08
2025-10-07 21:30:00,28.414,28.447,28.284,28.288,6429.28
2025-10-07 21:45:00,28.304,28.304,28.183,28.294,1266.49
2025-10-07 22:00:00,28.283,28.346,28.218,28.325,2915.66
2025-10-07 22:15:00,28.319,28.421,28.296,28.315,2996.60
2025-10-07 22:30:00,28.308,28.334,28.163,28.212,8921.55
2025-10-07 22:45:00,28.211,28.275,28.197,28.213,35294.78
2025-10-07 23:00:00,28.219,28.219,28.051,28.084,9558.50
2025-10-07 23:15:00,28.085,28.125,28.065,28.094,11247.45
2025-10-07 23:30:00,28.08,28.082,27.882,27.97,48246.20
2025-10-07 23:45:00,27.961,28.004,27.854,27.946,20611.01
2025-10-08 00:00:00,27.946,27.994,27.891,27.914,7136.74
2025-10-08 00:15:00,27.921,28.1,27.921,27.977,32128.72
2025-10-08 00:30:00,27.977,28.249,27.899,28.199,19707.60
2025-10-08 00:45:00,28.199,28.273,28.17,28.273,7068.21
2025-10-08 01:00:00,28.28,28.28,28.15,28.158,5383.88
2025-10-08 01:15:00,28.159,28.366,28.159,28.297,10719.62
2025-10-08 01:30:00,28.294,28.387,28.279,28.288,3148.23
2025-10-08 01:45:00,28.287,28.374,28.28,28.348,662.99
2025-10-08 02:00:00,28.35,28.364,28.282,28.301,2323.03
2025-10-08 02:15:00,28.311,28.38,28.303,28.355,2713.30
2025-10-08 02:30:00,28.361,28.364,28.269,28.276,1560.52
2025-10-08 02:45:00,28.267,28.296,28.212,28.249,2622.11
2025-10-08 03:00:00,28.229,28.261,28.135,28.143,4753.48
2025-10-08 03:15:00,28.144,28.176,27.948,27.991,43078.70
2025-10-08 03:30:00,27.978,28.059,27.95,27.969,9519.62
2025-10-08 03:45:00,27.969,28.057,27.95,27.984,3495.58
2025-10-08 04:00:00,27.991,28.092,27.86,28.079,10101.94
2025-10-08 04:15:00,28.081,28.193,28.081,28.154,5499.02
2025-10-08 04:30:00,28.159,28.247,28.159,28.207,1617.90
2025-10-08 04:45:00,28.223,28.261,28.186,28.252,466.64
2025-10-08 05:00:00,28.226,28.226,28.137,28.159,324.92
2025-10-08 05:15:00,28.159,28.184,28.046,28.065,1297.76
2025-10-08 05:30:00,28.074,28.077,28.017,28.049,57089.14
2025-10-08 05:45:00,28.038,28.156,28.0,28.137,1142.83
2025-10-08 06:00:00,28.136,28.223,28.055,28.2,1558.39
2025-10-08 06:15:00,28.196,28.249,28.141,28.163,1329.01
2025-10-08 06:30:00,28.151,28.221,28.137,28.149,742.66
2025-10-08 06:45:00,28.161,28.195,28.138,28.169,2377.14
2025-10-08 07:00:00,28.174,28.308,28.155,28.191,3278.12
2025-10-08 07:15:00,28.199,28.212,28.145,28.168,7233.64
2025-10-08 07:30:00,28.17,28.201,28.073,28.171,6324.28
2025-10-08 07:45:00,28.148,28.317,28.119,28.317,7123.13
2025-10-08 08:00:00,28.309,28.324,28.223,28.23,3138.43
2025-10-08 08:15:00,28.225,28.285,28.185,28.207,3235.76
2025-10-08 08:30:00,28.208,28.463,28.184,28.455,4073.35
2025-10-08 08:45:00,28.45,28.467,28.331,28.371,3992.37
2025-10-08 09:00:00,28.357,28.383,28.278,28.302,1042.09
2025-10-08 09:15:00,28.29,28.293,28.223,28.248,2286.28
2025-10-08 09:30:00,28.25,28.292,28.233,28.28,1792.09
2025-10-08 09:45:00,28.286,28.314,28.247,28.314,806.00
2025-10-08 10:00:00,28.316,28.397,28.269,28.286,2631.56
2025-10-08 10:15:00,28.285,28.341,28.274,28.302,772.20
2025-10-08 10:30:00,28.295,28.424,28.295,28.402,2136.10
2025-10-08 10:45:00,28.4,28.419,28.37,28.39,7585.48
2025-10-08 11:00:00,28.39,28.5,28.352,28.481,8198.77
2025-10-08 11:15:00,28.471,28.471,28.359,28.392,2421.65
2025-10-08 11:30:00,28.396,28.396,28.284,28.284,6421.25
2025-10-08 11:45:00,28.277,28.343,28.27,28.321,2619.11
2025-10-08 12:00:00,28.321,28.385,28.307,28.343,779.14
2025-10-08 12:15:00,28.325,28.339,28.275,28.339,1113.33
2025-10-08 12:30:00,28.338,28.441,28.285,28.441,1161.04
2025-10-08 12:45:00,28.45,28.51,28.426,28.479,4637.36
2025-10-08 13:00:00,28.481,28.573,28.368,28.444,3160.92
2025-10-08 13:15:00,28.471,28.489,28.416,28.441,1349.08
2025-10-08 13:30:00,28.453,28.487,28.25,28.299,9915.20
2025-10-08 13:45:00,28.3,28.576,28.225,28.541,11177.47
2025-10-08 14:00:00,28.558,28.78,28.558,28.643,37060.37
2025-10-08 14:15:00,28.623,28.733,28.523,28.533,8950.09
2025-10-08 14:30:00,28.527,28.614,28.406,28.472,12665.50
2025-10-08 14:45:00,28.476,28.505,28.346,28.364,6309.02
2025-10-08 15:00:00,28.37,28.492,28.369,28.454,8828.90
2025-10-08 15:15:00,28.444,28.472,28.293,28.412,16873.31
2025-10-08 15:30:00,28.411,28.416,28.325,28.335,14030.86
2025-10-08 15:45:00,28.327,28.339,28.259,28.301,2517.81
2025-10-08 16:00:00,28.304,28.381,28.26,28.369,17583.54
2025-10-08 16:15:00,28.382,28.382,28.308,28.321,15088.88
2025-10-08 16:30:00,28.305,28.357,28.278,28.345,2884.92
2025-10-08 16:45:00,28.333,28.54,28.319,28.532,9328.34
2025-10-08 17:00:00,28.526,28.965,28.525,28.856,36619.10
2025-10-08 17:15:00,28.87,29.149,28.852,29.005,112059.07
2025-10-08 17:30:00,29.022,29.212,28.9,28.944,19052.52
2025-10-08 17:45:00,28.932,29.023,28.848,28.99,8818.66
2025-10-08 18:00:00,28.996,29.04,28.957,28.981,16367.90
2025-10-08 18:15:00,28.976,29.032,28.905,28.908,14399.93
2025-10-08 18:30:00,28.908,29.019,28.899,28.946,5257.14
2025-10-08 18:45:00,28.955,29.656,28.922,29.355,46323.29
2025-10-08 19:00:00,29.361,29.403,29.168,29.187,4826.34
2025-10-08 19:15:00,29.189,29.298,29.152,29.255,3128.10
2025-10-08 19:30:00,29.258,29.284,29.169,29.187,3412.41
2025-10-08 19:45:00,29.177,29.252,29.164,29.229,11040.04
2025-10-08 20:00:00,29.225,29.25,29.152,29.217,5708.97
2025-10-08 20:15:00,29.228,29.291,29.211,29.242,9352.40
2025-10-08 20:30:00,29.244,29.245,29.174,29.178,965.18
2025-10-08 20:45:00,29.176,29.176,28.952,28.968,24068.97
2025-10-08 21:00:00,28.957,29.016,28.872,28.902,3918.85
2025-10-08 21:15:00,28.903,29.003,28.894,28.973,8108.54
2025-10-08 21:30:00,28.983,28.996,28.942,28.946,2858.80
2025-10-08 21:45:00,28.944,28.944,28.853,28.893,7603.58
2025-10-08 22:00:00,28.892,28.97,28.884,28.944,8006.79
2025-10-08 22:15:00,28.949,28.96,28.918,28.924,7027.59
2025-10-08 22:30:00,28.925,28.925,28.903,28.924,6126.91
2025-10-08 22:45:00,28.925,28.925,28.819,28.825,9095.65
2025-10-08 23:00:00,28.824,28.837,28.784,28.821,34959.35
2025-10-08 23:15:00,28.824,28.89,28.809,28.841,6839.99
2025-10-08 23:30:00,28.833,28.876,28.822,28.822,1343.53
2025-10-08 23:45:00,28.823,28.839,28.816,28.838,3389.41
2025-10-09 00:00:00,28.838,28.931,28.781,28.807,24422.57
2025-10-09 00:15:00,28.807,28.894,28.788,28.793,8137.60
2025-10-09 00:30:00,28.799,28.815,28.658,28.658,11038.37
2025-10-09 00:45:00,28.657,28.659,28.582,28.588,1587.02
2025-10-09 01:00:00,28.581,28.593,28.458,28.492,11104.60
2025-10-09 01:15:00,28.486,28.584,28.473,28.477,7256.29
2025-10-09 01:30:00,28.475,28.509,28.43,28.433,5306.20
2025-10-09 01:45:00,28.433,28.511,28.433,28.51,3940.43
2025-10-09 02:00:00,28.506,28.519,28.342,28.443,13513.67
2025-10-09 02:15:00,28.451,28.451,28.335,28.341,3028.67
2025-10-09 02:30:00,28.339,28.389,28.146,28.163,18770.75
2025-10-09 02:45:00,28.183,28.256,28.13,28.185,26964.04
2025-10-09 03:00:00,28.187,28.378,28.187,28.367,4693.68
2025-10-09 03:15:00,28.397,28.492,28.386,28.432,7892.92
2025-10-09 03:30:00,28.418,28.479,28.385,28.388,3080.52
2025-10-09 03:45:00,28.394,28.458,28.388,28.414,452.34
2025-10-09 04:00:00,28.422,28.487,28.411,28.417,1746.97
2025-10-09 04:15:00,28.434,28.547,28.434,28.532,2054.31
2025-10-09 04:30:00,28.526,28.526,28.426,28.458,1883.85
2025-10-09 04:45:00,28.458,28.548,28.458,28.548,650.24
2025-10-09 05:00:00,28.546,28.577,28.508,28.523,975.97
2025-10-09 05:15:00,28.501,28.521,28.453,28.5,595.54
2025-10-09 05:30:00,28.501,28.564,28.472,28.507,251.06
2025-10-09 05:45:00,28.481,28.527,28.444,28.527,710.23
2025-10-09 06:00:00,28.532,28.532,28.4,28.431,620.33
2025-10-09 06:15:00,28.439,28.52,28.416,28.485,961.27
2025-10-09 06:30:00,28.484,28.535,28.472,28.501,530.49
2025-10-09 06:45:00,28.5,28.535,28.387,28.409,342.34
2025-10-09 07:00:00,28.401,28.473,28.391,28.444,1267.34
2025-10-09 07:15:00,28.48,28.488,28.337,28.365,1862.86
2025-10-09 07:30:00,28.366,28.381,28.304,28.335,3184.36
2025-10-09 07:45:00,28.34,28.517,28.339,28.375,5903.95
2025-10-09 08:00:00,28.378,28.415,28.268,28.268,3577.15
2025-10-09 08:15:00,28.268,28.331,28.169,28.169,13553.21
2025-10-09 08:30:00,28.173,28.262,28.08,28.089,37543.21
2025-10-09 08:45:00,28.094,28.155,27.983,28.006,23843.56
2025-10-09 09:00:00,28.006,28.18,28.005,28.18,5969.40
2025-10-09 09:15:00,28.183,28.192,28.038,28.114,9433.76
2025-10-09 09:30:00,28.11,28.193,28.094,28.12,2475.26
2025-10-09 09:45:00,28.098,28.155,28.09,28.104,2605.35
2025-10-09 10:00:00,28.104,28.166,28.102,28.139,1440.21
2025-10-09 10:15:00,28.144,28.148,27.985,27.985,9898.09
2025-10-09 10:30:00,27.985,28.257,27.979,28.187,9443.21
2025-10-09 10:45:00,28.195,28.241,28.144,28.178,1397.81
2025-10-09 11:00:00,28.189,28.24,28.189,28.226,4832.56
2025-10-09 11:15:00,28.231,28.457,28.218,28.457,8700.44
2025-10-09 11:30:00,28.457,28.477,28.339,28.423,2982.18
2025-10-09 11:45:00,28.431,28.431,28.33,28.331,646.26
2025-10-09 12:00:00,28.326,28.514,28.312,28.45,5678.90
2025-10-09 12:15:00,28.444,28.518,28.421,28.504,1607.19
2025-10-09 12:30:00,28.511,28.736,28.447,28.693,3868.09
2025-10-09 12:45:00,28.648,28.708,28.581,28.67,2640.09
2025-10-09 13:00:00,28.667,28.673,28.443,28.443,12974.16
2025-10-09 13:15:00,28.437,28.455,28.398,28.437,2829.40
2025-10-09 13:30:00,28.429,28.43,28.226,28.251,11693.58
2025-10-09 13:45:00,28.251,28.374,28.136,28.151,12226.99
2025-10-09 14:00:00,28.168,28.319,28.059,28.27,11414.63
2025-10-09 14:15:00,28.274,28.284,28.073,28.087,5598.63
2025-10-09 14:30:00,28.07,28.07,27.9,27.948,15343.58
2025-10-09 14:45:00,27.965,28.149,27.916,28.099,8279.19
2025-10-09 15:00:00,28.109,28.204,28.109,28.145,8323.57
2025-10-09 15:15:00,28.143,28.204,27.892,27.895,25525.38
2025-10-09 15:30:00,27.894,27.994,27.848,27.85,19714.10
2025-10-09 15:45:00,27.85,28.03,27.85,27.955,16319.93
2025-10-09 16:00:00,27.961,28.077,27.942,27.978,15190.04
2025-10-09 16:15:00,27.979,28.066,27.851,28.002,11762.35
2025-10-09 16:30:00,28.017,28.025,27.901,27.973,2148.95
2025-10-09 16:45:00,27.994,27.994,27.55,27.659,55326.45
2025-10-09 17:00:00,27.654,27.909,27.643,27.865,10512.16
2025-10-09 17:15:00,27.866,28.002,27.849,27.891,8954.25
2025-10-09 17:30:00,27.893,28.026,27.89,27.961,14453.45
2025-10-09 17:45:00,27.953,28.081,27.921,28.081,29635.44
2025-10-09 18:00:00,28.082,28.131,27.963,28.063,12619.48
2025-10-09 18:15:00,28.062,28.135,28.025,28.043,11303.71
2025-10-09 18:30:00,28.04,28.051,27.938,27.98,3948.58
2025-10-09 18:45:00,27.969,28.028,27.939,27.988,28840.53
2025-10-09 19:00:00,27.979,28.046,27.978,28.035,3369.40
2025-10-09 19:15:00,28.018,28.204,28.003,28.204,2338.86
2025-10-09 19:30:00,28.188,28.189,28.098,28.101,910.61
2025-10-09 19:45:00,28.101,28.136,28.041,28.101,2372.09
2025-10-09 20:00:00,28.104,28.184,28.005,28.013,4189.34
2025-10-09 20:15:00,28.018,28.068,27.988,28.056,2295.18
2025-10-09 20:30:00,28.064,28.069,28.034,28.051,1354.65
2025-10-09 20:45:00,28.077,28.087,28.025,28.078,2292.92
2025-10-09 21:00:00,28.082,28.144,28.016,28.144,3248.50
2025-10-09 21:15:00,28.144,28.181,28.077,28.077,6030.08
2025-10-09 21:30:00,28.07,28.136,28.044,28.117,4040.58
2025-10-09 21:45:00,28.117,28.157,28.066,28.15,13660.78
2025-10-09 22:00:00,28.148,28.224,28.106,28.187,12578.66
2025-10-09 22:15:00,28.194,28.312,28.181,28.288,14213.61
2025-10-09 22:30:00,28.306,28.419,28.274,28.411,2980.71
2025-10-09 22:45:00,28.411,28.488,28.358,28.396,2647.72
2025-10-09 23:00:00,28.412,28.412,28.314,28.328,4921.05
2025-10-09 23:15:00,28.335,28.442,28.315,28.373,1766.55
2025-10-09 23:30:00,28.364,28.401,28.307,28.394,2711.17
2025-10-09 23:45:00,28.392,28.419,28.363,28.405,3982.46
2025-10-10 00:00:00,28.406,28.443,28.347,28.382,16409.51
2025-10-10 00:15:00,28.385,28.43,28.356,28.424,1614.01
2025-10-10 00:30:00,28.417,28.437,28.359,28.41,4770.68
2025-10-10 00:45:00,28.4,28.433,28.356,28.426,3805.92
2025-10-10 01:00:00,28.419,28.486,28.373,28.398,2233.59
2025-10-10 01:15:00,28.392,28.432,28.373,28.421,2081.01
2025-10-10 01:30:00,28.413,28.424,28.337,28.36,2406.08
2025-10-10 01:45:00,28.362,28.414,28.339,28.391,1845.33
2025-10-10 02:00:00,28.382,28.393,28.331,28.379,3691.04
2025-10-10 02:15:00,28.38,28.492,28.367,28.424,1735.20
2025-10-10 02:30:00,28.416,28.42,28.332,28.371,393.08
2025-10-10 02:45:00,28.368,28.4,28.318,28.379,2833.21
2025-10-10 03:00:00,28.387,28.394,28.282,28.328,1401.77
2025-10-10 03:15:00,28.335,28.489,28.303,28.489,10205.49
2025-10-10 03:30:00,28.497,28.593,28.497,28.531,9266.53
2025-10-10 03:45:00,28.531,28.571,28.363,28.383,10386.90
2025-10-10 04:00:00,28.382,28.527,28.382,28.496,2353.61
2025-10-10 04:15:00,28.501,28.501,28.403,28.425,364.95
2025-10-10 04:30:00,28.435,28.459,28.329,28.382,1484.09
2025-10-10 04:45:00,28.386,28.428,28.364,28.427,117.69
2025-10-10 05:00:00,28.422,28.424,28.327,28.355,193.89
2025-10-10 05:15:00,28.358,28.476,28.358,28.457,568.45
2025-10-10 05:30:00,28.449,28.462,28.367,28.458,4554.60
2025-10-10 05:45:00,28.465,28.578,28.465,28.575,2290.53
2025-10-10 06:00:00,28.588,28.634,28.562,28.567,1993.15
2025-10-10 06:15:00,28.571,28.595,28.428,28.442,993.54
2025-10-10 06:30:00,28.442,28.47,28.346,28.403,4077.64
2025-10-10 06:45:00,28.403,28.451,28.302,28.375,13468.26
2025-10-10 07:00:00,28.375,28.386,28.285,28.375,21596.40
2025-10-10 07:15:00,28.376,28.378,28.273,28.339,22986.26
2025-10-10 07:30:00,28.339,28.383,28.282,28.367,15438.33
2025-10-10 07:45:00,28.369,28.37,28.211,28.231,7735.49
2025-10-10 08:00:00,28.231,28.363,28.209,28.342,5395.23
2025-10-10 08:15:00,28.342,28.404,28.336,28.384,2279.98
2025-10-10 08:30:00,28.372,28.398,28.302,28.337,1017.55
2025-10-10 08:45:00,28.341,28.423,28.318,28.423,3419.66
2025-10-10 09:00:00,28.417,28.418,28.314,28.338,4434.08
2025-10-10 09:15:00,28.335,28.413,28.301,28.413,6774.35
2025-10-10 09:30:00,28.397,28.4,28.305,28.318,2750.03
2025-10-10 09:45:00,28.32,28.348,28.052,28.097,10034.38
2025-10-10 10:00:00,28.099,28.146,28.063,28.141,7929.15
2025-10-10 10:15:00,28.156,28.187,28.101,28.101,2952.49
2025-10-10 10:30:00,28.091,28.168,28.091,28.162,1631.86
2025-10-10 10:45:00,28.161,28.289,28.152,28.256,881.93
2025-10-10 11:00:00,28.272,28.355,28.246,28.246,5909.12
2025-10-10 11:15:00,28.267,28.296,28.171,28.186,2659.58
2025-10-10 11:30:00,28.186,28.234,28.183,28.201,4032.54
2025-10-10 11:45:00,28.207,28.318,28.179,28.282,6627.02
2025-10-10 12:00:00,28.283,28.395,28.275,28.295,8844.48
2025-10-10 12:15:00,28.298,28.339,28.265,28.293,4187.16
2025-10-10 12:30:00,28.295,28.345,28.238,28.246,5168.67
2025-10-10 12:45:00,28.263,28.347,28.224,28.346,9585.85
2025-10-10 13:00:00,28.344,28.398,28.314,28.347,12462.15
2025-10-10 13:15:00,28.353,28.42,28.315,28.399,5778.63
2025-10-10 13:30:00,28.418,28.504,28.31,28.387,9697.44
2025-10-10 13:45:00,28.382,28.392,28.199,28.318,9052.85
2025-10-10 14:00:00,28.315,28.419,28.255,28.32,5884.03
2025-10-10 14:15:00,28.342,28.369,28.15,28.166,10866.29
2025-10-10 14:30:00,28.163,28.263,28.087,28.134,5828.68
2025-10-10 14:45:00,28.113,28.21,27.85,27.936,25227.79
2025-10-10 15:00:00,27.931,27.948,27.621,27.786,74888.38
2025-10-10 15:15:00,27.774,27.821,27.186,27.208,108415.39
2025-10-10 15:30:00,27.197,27.219,26.599,27.199,298707.93
2025-10-10 15:45:00,27.208,27.215,26.978,27.001,32880.60
2025-10-10 16:00:00,27.005,27.119,26.863,26.948,47199.69
2025-10-10 16:15:00,26.948,27.081,26.839,26.992,31583.75
2025-10-10 16:30:00,26.988,27.118,26.918,26.921,10892.06
2025-10-10 16:45:00,26.91,26.913,26.789,26.845,26782.87
2025-10-10 17:00:00,26.843,26.852,26.7,26.764,31214.71
2025-10-10 17:15:00,26.766,26.96,26.76,26.949,16671.26
2025-10-10 17:30:00,26.959,27.001,26.784,26.818,6543.68
2025-10-10 17:45:00,26.822,26.843,26.669,26.715,14917.53
2025-10-10 18:00:00,26.716,26.75,26.65,26.711,15860.77
2025-10-10 18:15:00,26.702,26.748,26.589,26.652,10210.31
2025-10-10 18:30:00,26.645,26.698,26.391,26.512,120156.12
2025-10-10 18:45:00,26.521,26.599,26.418,26.503,21293.76
2025-10-10 19:00:00,26.501,26.563,26.346,26.399,28750.49
2025-10-10 19:15:00,26.392,26.451,26.049,26.049,61589.22
2025-10-10 19:30:00,26.066,26.497,26.064,26.486,56657.80
2025-10-10 19:45:00,26.49,26.584,26.378,26.44,52208.85
2025-10-10 20:00:00,26.423,26.59,26.381,26.549,60818.39
2025-10-10 20:15:00,26.545,26.691,26.529,26.681,22199.81
2025-10-10 20:30:00,26.678,26.686,26.581,26.594,10704.94
2025-10-10 20:45:00,26.598,26.608,24.45,24.883,365587.05
2025-10-10 21:00:00,24.882,25.336,21.551,22.814,784792.05
2025-10-10 21:15:00,22.787,22.912,7.6432,17.961,4601473.43
2025-10-10 21:30:00,17.968,22.133,17.176,21.3,198232.32
2025-10-10 21:45:00,21.3,22.805,19.797,21.663,172884.05
2025-10-10 22:00:00,21.662,22.215,19.3,21.165,96849.26
2025-10-10 22:15:00,21.167,21.475,20.017,20.144,78875.93
2025-10-10 22:30:00,20.118,20.738,19.886,20.516,59498.70
2025-10-10 22:45:00,20.488,21.024,20.488,20.759,41974.15
2025-10-10 23:00:00,20.759,21.065,20.431,20.866,52869.74
2025-10-10 23:15:00,20.854,21.601,20.811,21.575,26814.99
2025-10-10 23:30:00,21.611,21.891,21.494,21.551,55096.27
2025-10-10 23:45:00,21.559,21.559,20.34,20.585,84308.12
2025-10-11 00:00:00,20.585,20.933,20.552,20.809,59968.54
2025-10-11 00:15:00,20.805,21.049,20.35,21.037,75761.30
2025-10-11 00:30:00,21.037,21.202,20.87,20.961,56023.98
2025-10-11 00:45:00,20.957,21.353,20.957,21.211,26643.42
2025-10-11 01:00:00,21.201,21.457,21.108,21.443,43544.11
2025-10-11 01:15:00,21.435,21.491,21.165,21.296,66213.11
2025-10-11 01:30:00,21.298,21.309,20.879,20.893,16665.42
2025-10-11 01:45:00,20.934,21.046,20.631,20.962,36989.33
2025-10-11 02:00:00,20.948,21.703,20.916,21.703,24941.96
2025-10-11 02:15:00,21.708,22.357,21.708,22.247,26405.27
2025-10-11 02:30:00,22.243,22.594,22.184,22.577,24698.94
2025-10-11 02:45:00,22.571,22.86,22.456,22.617,153631.64
2025-10-11 03:00:00,22.617,22.648,21.951,22.015,96745.84
2025-10-11 03:15:00,22.023,22.156,21.992,22.009,25969.54
2025-10-11 03:30:00,22.01,22.068,21.109,21.849,99479.79
2025-10-11 03:45:00,21.857,22.075,21.816,21.92,26784.63
2025-10-11 04:00:00,21.923,21.965,21.781,21.863,13766.40
2025-10-11 04:15:00,21.85,21.999,21.799,21.988,27495.50
2025-10-11 04:30:00,21.987,22.03,21.822,21.956,14596.74
2025-10-11 04:45:00,21.97,22.204,21.86,22.148,14266.39
2025-10-11 05:00:00,22.17,22.22,22.043,22.082,11928.37
2025-10-11 05:15:00,22.081,22.11,21.805,21.805,17510.27
2025-10-11 05:30:00,21.824,21.914,21.73,21.777,9096.52
2025-10-11 05:45:00,21.77,22.096,21.77,22.013,11458.51
2025-10-11 06:00:00,22.002,22.196,21.958,22.189,19766.08
2025-10-11 06:15:00,22.196,22.629,22.172,22.6,11314.37
2025-10-11 06:30:00,22.592,22.634,22.506,22.547,5829.51
2025-10-11 06:45:00,22.556,22.598,22.193,22.204,11297.03
2025-10-11 07:00:00,22.232,22.355,22.098,22.321,25518.74
2025-10-11 07:15:00,22.307,22.414,22.207,22.322,24580.31
2025-10-11 07:30:00,22.322,22.387,22.118,22.178,26959.87
2025-10-11 07:45:00,22.182,22.291,22.111,22.139,9714.83
2025-10-11 08:00:00,22.192,22.265,22.096,22.175,14035.85
2025-10-11 08:15:00,22.214,22.685,22.205,22.603,40644.87
2025-10-11 08:30:00,22.603,22.935,22.569,22.814,14192.65
2025-10-11 08:45:00,22.829,23.147,22.824,23.083,17680.42
2025-10-11 09:00:00,23.111,23.35,23.089,23.157,26339.26
2025-10-11 09:15:00,23.148,23.161,22.906,23.082,11109.59
2025-10-11 09:30:00,23.09,23.09,22.869,22.918,24673.38
2025-10-11 09:45:00,22.899,22.924,22.711,22.75,27234.12
2025-10-11 10:00:00,22.8,22.974,22.774,22.937,8948.05
2025-10-11 10:15:00,22.942,23.013,22.804,22.983,6750.04
2025-10-11 10:30:00,22.995,22.998,22.634,22.68,35270.12
2025-10-11 10:45:00,22.654,22.741,22.645,22.699,6490.95
2025-10-11 11:00:00,22.705,22.745,22.523,22.58,10447.82
2025-10-11 11:15:00,22.57,22.674,22.412,22.645,23028.39
2025-10-11 11:30:00,22.637,22.652,22.567,22.618,3744.88
2025-10-11 11:45:00,22.626,22.715,22.54,22.665,9852.21
2025-10-11 12:00:00,22.655,22.741,22.591,22.741,5927.94
2025-10-11 12:15:00,22.725,22.777,22.649,22.736,3102.58
2025-10-11 12:30:00,22.722,22.722,22.448,22.543,19962.71
2025-10-11 12:45:00,22.53,22.53,22.265,22.346,4710.81
2025-10-11 13:00:00,22.352,22.366,22.174,22.355,12164.58
2025-10-11 13:15:00,22.355,22.356,22.181,22.294,20433.97
2025-10-11 13:30:00,22.289,22.321,21.985,22.225,22611.45
2025-10-11 13:45:00,22.218,22.826,22.208,22.56,20723.70
2025-10-11 14:00:00,22.569,22.817,22.554,22.814,13863.79
2025-10-11 14:15:00,22.815,22.846,22.543,22.588,13163.64
2025-10-11 14:30:00,22.572,22.685,22.545,22.589,15673.08
2025-10-11 14:45:00,22.582,22.696,22.507,22.684,8376.57
2025-10-11 15:00:00,22.691,22.885,22.678,22.754,9008.63
2025-10-11 15:15:00,22.755,22.948,22.636,22.857,14943.92
2025-10-11 15:30:00,22.801,22.858,22.663,22.663,12768.67
2025-10-11 15:45:00,22.661,22.839,22.661,22.791,6311.73
2025-10-11 16:00:00,22.79,22.883,22.669,22.883,9449.53
2025-10-11 16:15:00,22.869,23.008,22.841,22.938,7912.22
2025-10-11 16:30:00,22.941,22.949,22.664,22.722,58978.51
2025-10-11 16:45:00,22.665,22.92,22.651,22.876,12532.03
2025-10-11 17:00:00,22.886,23.135,22.885,22.951,21106.48
2025-10-11 17:15:00,22.969,22.987,22.868,22.957,3124.53
2025-10-11 17:30:00,22.957,22.994,22.891,22.922,8014.35
2025-10-11 17:45:00,22.924,22.981,22.882,22.958,10164.15
2025-10-11 18:00:00,22.952,22.953,22.746,22.746,20152.68
2025-10-11 18:15:00,22.752,22.805,22.738,22.741,9675.90
2025-10-11 18:30:00,22.732,22.766,22.665,22.735,6766.85
2025-10-11 18:45:00,22.73,22.73,22.619,22.619,2203.77
2025-10-11 19:00:00,22.623,22.625,22.345,22.386,14423.84
2025-10-11 19:15:00,22.388,22.388,22.03,22.217,20828.86
2025-10-11 19:30:00,22.199,22.199,21.964,22.008,17115.97
2025-10-11 19:45:00,22.008,22.071,21.749,21.862,12202.17
2025-10-11 20:00:00,21.87,21.946,21.579,21.671,11398.94
2025-10-11 20:15:00,21.646,21.716,21.386,21.465,28005.27
2025-10-11 20:30:00,21.464,21.464,21.152,21.279,124688.97
2025-10-11 20:45:00,21.288,21.588,21.2,21.34,33412.96
2025-10-11 21:00:00,21.327,21.327,20.916,21.046,35408.21
2025-10-11 21:15:00,21.073,21.598,21.027,21.332,39982.46
2025-10-11 21:30:00,21.346,21.431,21.247,21.283,22047.15
2025-10-11 21:45:00,21.371,21.467,21.371,21.401,26735.04
2025-10-11 22:00:00,21.409,21.515,21.347,21.44,7505.73
2025-10-11 22:15:00,21.454,21.59,21.353,21.56,5366.09
2025-10-11 22:30:00,21.525,21.662,21.498,21.58,16748.32
2025-10-11 22:45:00,21.602,21.685,21.572,21.615,3893.93
2025-10-11 23:00:00,21.618,21.639,21.502,21.555,3462.18
2025-10-11 23:15:00,21.517,21.598,21.474,21.519,6157.54
2025-10-11 23:30:00,21.511,21.568,21.454,21.537,2478.02
2025-10-11 23:45:00,21.503,21.533,21.393,21.433,24125.94
2025-10-12 00:00:00,21.433,21.466,21.305,21.342,23936.28
2025-10-12 00:15:00,21.341,21.434,21.109,21.132,3121.51
2025-10-12 00:30:00,21.138,21.35,21.086,21.124,5077.46
2025-10-12 00:45:00,21.114,21.14,20.848,20.848,14436.64
2025-10-12 01:00:00,20.884,21.123,20.884,21.109,7141.34
2025-10-12 01:15:00,21.118,21.212,20.901,20.932,12944.75
2025-10-12 01:30:00,20.914,21.045,20.844,21.0,5240.70
2025-10-12 01:45:00,21.01,21.103,20.809,20.831,4984.93
2025-10-12 02:00:00,20.838,20.899,20.776,20.832,4117.92
2025-10-12 02:15:00,20.833,21.077,20.832,21.03,10443.71
2025-10-12 02:30:00,21.062,21.13,20.889,20.921,3888.47
2025-10-12 02:45:00,20.93,20.968,20.642,20.757,8999.45
2025-10-12 03:00:00,20.753,21.1,20.721,20.979,14666.37
2025-10-12 03:15:00,20.996,21.163,20.913,21.104,23652.92
2025-10-12 03:30:00,21.111,21.247,21.059,21.101,18370.68
2025-10-12 03:45:00,21.101,21.107,20.97,21.004,4268.57
2025-10-12 04:00:00,21.002,21.244,21.0,21.244,10130.83
2025-10-12 04:15:00,21.247,21.44,21.247,21.349,7954.01
2025-10-12 04:30:00,21.385,21.402,21.256,21.3,3880.18
2025-10-12 04:45:00,21.279,21.365,21.235,21.319,8551.42
2025-10-12 05:00:00,21.305,21.342,21.241,21.294,12586.79
2025-10-12 05:15:00,21.327,21.404,21.297,21.384,1283.70
2025-10-12 05:30:00,21.404,21.414,21.31,21.362,2312.68
2025-10-12 05:45:00,21.383,21.425,21.356,21.362,3697.42
2025-10-12 06:00:00,21.358,21.429,21.309,21.36,3452.90
2025-10-12 06:15:00,21.363,21.548,21.362,21.49,3148.30
2025-10-12 06:30:00,21.493,21.493,21.386,21.472,2498.35
2025-10-12 06:45:00,21.469,21.507,21.423,21.475,561.56
2025-10-12 07:00:00,21.478,21.478,21.339,21.365,3477.72
2025-10-12 07:15:00,21.354,21.446,21.324,21.324,3207.33
2025-10-12 07:30:00,21.319,21.363,21.285,21.363,3189.06
2025-10-12 07:45:00,21.357,21.415,21.338,21.356,2537.92
2025-10-12 08:00:00,21.355,21.418,21.351,21.395,7061.60
2025-10-12 08:15:00,21.386,21.436,21.377,21.427,4565.52
2025-10-12 08:30:00,21.428,21.434,21.262,21.292,12217.52
2025-10-12 08:45:00,21.263,21.269,21.114,21.114,33151.13
2025-10-12 09:00:00,21.128,21.128,20.908,20.999,8911.76
2025-10-12 09:15:00,21.007,21.106,21.0,21.027,7546.09
2025-10-12 09:30:00,21.033,21.147,21.011,21.134,5425.28
2025-10-12 09:45:00,21.134,21.254,21.08,21.243,10556.33
2025-10-12 10:00:00,21.238,21.344,21.063,21.076,7689.04
2025-10-12 10:15:00,21.074,21.097,20.993,21.06,3359.36
2025-10-12 10:30:00,21.063,21.112,21.032,21.032,2840.31
2025-10-12 10:45:00,21.016,21.088,20.959,20.98,10377.67
2025-10-12 11:00:00,20.984,21.167,20.976,21.146,6691.72
2025-10-12 11:15:00,21.141,21.141,21.002,21.066,3842.48
2025-10-12 11:30:00,21.059,21.136,21.021,21.102,2955.43
2025-10-12 11:45:00,21.095,21.112,21.035,21.068,5362.05
2025-10-12 12:00:00,21.071,21.237,21.068,21.237,10415.19
2025-10-12 12:15:00,21.2,21.309,21.148,21.292,11356.40
2025-10-12 12:30:00,21.337,21.354,21.17,21.302,16885.08
2025-10-12 12:45:00,21.272,21.299,21.205,21.242,4868.35
2025-10-12 13:00:00,21.266,21.406,21.219,21.363,6660.43
2025-10-12 13:15:00,21.359,21.383,21.072,21.105,4160.49
2025-10-12 13:30:00,21.11,21.11,20.862,20.956,11628.73
2025-10-12 13:45:00,20.95,20.95,20.745,20.803,12820.85
2025-10-12 14:00:00,20.807,21.037,20.8,21.013,5122.54
2025-10-12 14:15:00,21.023,21.106,20.985,21.082,3597.11
2025-10-12 14:30:00,21.071,21.1,20.865,20.945,5943.04
2025-10-12 14:45:00,20.946,22.105,20.936,21.776,134866.27
2025-10-12 15:00:00,21.778,22.389,21.685,22.278,150498.14
2025-10-12 15:15:00,22.278,22.523,22.119,22.401,57670.10
2025-10-12 15:30:00,22.413,22.413,21.887,22.115,104764.12
2025-10-12 15:45:00,22.116,22.434,22.11,22.345,42439.03
2025-10-12 16:00:00,22.346,22.818,22.346,22.617,84042.92
2025-10-12 16:15:00,22.618,22.694,22.511,22.626,59164.36
2025-10-12 16:30:00,22.622,22.725,22.281,22.721,105489.47
2025-10-12 16:45:00,22.72,22.867,22.432,22.53,48615.77
2025-10-12 17:00:00,22.553,22.739,22.48,22.679,25249.97
2025-10-12 17:15:00,22.673,22.826,22.632,22.711,68549.78
2025-10-12 17:30:00,22.724,22.871,22.648,22.859,22711.21
2025-10-12 17:45:00,22.851,22.94,22.58,22.717,52073.48
2025-10-12 18:00:00,22.716,23.019,22.707,22.954,25359.36
2025-10-12 18:15:00,22.953,23.101,22.87,22.87,11590.48
2025-10-12 18:30:00,22.88,22.925,22.503,22.503,36096.39
2025-10-12 18:45:00,22.505,22.586,22.434,22.583,13964.66
2025-10-12 19:00:00,22.585,22.771,22.576,22.771,8760.68
2025-10-12 19:15:00,22.768,22.886,22.744,22.874,46285.16
2025-10-12 19:30:00,22.881,22.958,22.778,22.902,21662.81
2025-10-12 19:45:00,22.885,23.007,22.85,23.006,12994.39
2025-10-12 20:00:00,23.007,23.122,22.84,22.873,17331.82
2025-10-12 20:15:00,22.874,23.075,22.83,23.035,20622.96
2025-10-12 20:30:00,23.045,23.2,22.982,23.106,28803.80
2025-10-12 20:45:00,23.098,23.318,22.885,22.919,15234.68
2025-10-12 21:00:00,22.927,23.069,22.818,23.012,12054.52
2025-10-12 21:15:00,22.987,22.988,22.586,22.713,15659.01
2025-10-12 21:30:00,22.698,22.701,22.352,22.523,93046.11
2025-10-12 21:45:00,22.53,22.709,22.53,22.643,5111.24
2025-10-12 22:00:00,22.679,22.867,22.461,22.573,28780.50
2025-10-12 22:15:00,22.586,22.682,22.41,22.474,41750.40
2025-10-12 22:30:00,22.474,22.622,22.458,22.562,19661.61
2025-10-12 22:45:00,22.548,22.671,22.526,22.587,10290.99
2025-10-12 23:00:00,22.581,22.582,22.406,22.468,18273.19
2025-10-12 23:15:00,22.465,22.472,22.251,22.447,31071.65
2025-10-12 23:30:00,22.445,22.58,22.383,22.42,5563.15
2025-10-12 23:45:00,22.42,22.541,22.39,22.475,5986.21
2025-10-13 00:00:00,22.475,22.481,22.153,22.293,18270.07
2025-10-13 00:15:00,22.288,22.551,22.164,22.182,10568.75
2025-10-13 00:30:00,22.155,22.155,21.857,21.945,18580.40
2025-10-13 00:45:00,21.946,22.099,21.873,21.971,10892.58
2025-10-13 01:00:00,21.98,22.097,21.864,21.986,21214.14
2025-10-13 01:15:00,21.994,22.217,21.961,22.111,8935.53
2025-10-13 01:30:00,22.111,22.298,22.1,22.204,14020.48
2025-10-13 01:45:00,22.212,22.374,22.173,22.352,3072.31
2025-10-13 02:00:00,22.356,22.458,22.165,22.188,19056.13
2025-10-13 02:15:00,22.192,22.226,22.0,22.0,7297.29
2025-10-13 02:30:00,22.006,22.11,21.967,22.093,5266.62
2025-10-13 02:45:00,22.087,22.206,22.086,22.167,2758.77
2025-10-13 03:00:00,22.187,22.301,22.172,22.236,14504.44
2025-10-13 03:15:00,22.224,22.315,22.197,22.265,11371.04
2025-10-13 03:30:00,22.265,22.296,22.114,22.223,26746.33
2025-10-13 03:45:00,22.218,22.254,22.148,22.209,19177.61
2025-10-13 04:00:00,22.217,22.309,22.148,22.176,8905.68
2025-10-13 04:15:00,22.189,22.277,22.127,22.174,3454.04
2025-10-13 04:30:00,22.19,22.333,22.184,22.273,11179.41
2025-10-13 04:45:00,22.259,22.504,22.242,22.487,4827.28
2025-10-13 05:00:00,22.517,22.527,22.387,22.408,5218.21
2025-10-13 05:15:00,22.408,22.429,22.269,22.388,8142.42
2025-10-13 05:30:00,22.337,22.46,22.298,22.397,5273.17
2025-10-13 05:45:00,22.38,22.44,22.305,22.324,14112.31
2025-10-13 06:00:00,22.323,22.396,22.159,22.396,8098.01
2025-10-13 06:15:00,22.381,22.523,22.308,22.523,3172.27
2025-10-13 06:30:00,22.521,22.66,22.412,22.435,16793.33
2025-10-13 06:45:00,22.42,22.599,22.364,22.581,6492.98
2025-10-13 07:00:00,22.576,22.708,22.489,22.646,10696.64
2025-10-13 07:15:00,22.669,22.773,22.643,22.73,4418.68
2025-10-13 07:30:00,22.716,22.869,22.678,22.787,8884.69
2025-10-13 07:45:00,22.758,22.758,22.54,22.688,10813.35
2025-10-13 08:00:00,22.685,22.793,22.611,22.772,10690.30
2025-10-13 08:15:00,22.755,22.889,22.736,22.849,10637.80
2025-10-13 08:30:00,22.848,22.976,22.831,22.859,17102.98
2025-10-13 08:45:00,22.859,22.943,22.781,22.864,9736.55
2025-10-13 09:00:00,22.861,22.88,22.697,22.697,14687.03
2025-10-13 09:15:00,22.735,22.774,22.682,22.745,12012.42
2025-10-13 09:30:00,22.744,22.86,22.722,22.832,3353.82
2025-10-13 09:45:00,22.842,22.925,22.841,22.915,7380.78
2025-10-13 10:00:00,22.919,23.021,22.877,22.904,40368.08
2025-10-13 10:15:00,22.916,22.916,22.721,22.753,10903.35
2025-10-13 10:30:00,22.759,22.761,22.641,22.679,3188.17
2025-10-13 10:45:00,22.699,22.746,22.622,22.652,2832.77
2025-10-13 11:00:00,22.656,22.677,22.314,22.434,31062.26
2025-10-13 11:15:00,22.39,22.39,21.717,21.723,41550.63
2025-10-13 11:30:00,21.711,22.186,21.7,22.137,52527.21
2025-10-13 11:45:00,22.178,22.306,22.115,22.184,8481.73
2025-10-13 12:00:00,22.179,22.427,22.013,22.426,12141.81
2025-10-13 12:15:00,22.4,22.404,22.223,22.309,6323.09
2025-10-13 12:30:00,22.305,22.566,22.281,22.54,11308.19
2025-10-13 12:45:00,22.559,22.649,22.302,22.336,10862.20
2025-10-13 13:00:00,22.329,22.424,22.226,22.277,16297.11
2025-10-13 13:15:00,22.271,22.411,22.22,22.224,9473.54
2025-10-13 13:30:00,22.289,22.881,22.256,22.687,116044.85
2025-10-13 13:45:00,22.689,22.918,22.498,22.82,51708.81
2025-10-13 14:00:00,22.817,22.921,22.616,22.657,36526.37
2025-10-13 14:15:00,22.647,22.724,22.376,22.483,26226.09
2025-10-13 14:30:00,22.477,22.739,22.288,22.571,42085.90
2025-10-13 14:45:00,22.572,22.624,22.303,22.411,21453.35
2025-10-13 15:00:00,22.405,22.72,22.384,22.657,15138.62
2025-10-13 15:15:00,22.653,22.846,22.629,22.629,9911.38
2025-10-13 15:30:00,22.683,22.807,22.634,22.661,4730.14
2025-10-13 15:45:00,22.685,22.928,22.685,22.79,19605.45
2025-10-13 16:00:00,22.791,22.929,22.791,22.802,14171.45
2025-10-13 16:15:00,22.832,22.92,22.639,22.823,31686.65
2025-10-13 16:30:00,22.822,22.861,22.709,22.709,4445.88
2025-10-13 16:45:00,22.74,23.053,22.71,22.985,4620.87
2025-10-13 17:00:00,22.989,23.243,22.962,23.026,17896.76
2025-10-13 17:15:00,23.027,23.162,22.987,23.132,14784.81
2025-10-13 17:30:00,23.148,23.228,23.038,23.097,17791.22
2025-10-13 17:45:00,23.096,23.476,23.022,23.445,21229.65
2025-10-13 18:00:00,23.462,23.5,23.341,23.429,40677.06
2025-10-13 18:15:00,23.441,23.594,23.435,23.519,15978.70
2025-10-13 18:30:00,23.521,23.737,23.487,23.677,39480.23
2025-10-13 18:45:00,23.698,23.698,23.347,23.492,7929.43
2025-10-13 19:00:00,23.495,23.687,23.472,23.672,4162.45
2025-10-13 19:15:00,23.659,23.788,23.625,23.747,12176.57
2025-10-13 19:30:00,23.735,24.022,23.735,24.006,45534.07
2025-10-13 19:45:00,24.013,24.045,23.753,23.831,37223.52
2025-10-13 20:00:00,23.83,24.038,23.741,23.789,62934.34
2025-10-13 20:15:00,23.789,23.815,23.723,23.792,3811.16
2025-10-13 20:30:00,23.775,23.875,23.688,23.858,29870.81
2025-10-13 20:45:00,23.866,23.957,23.846,23.957,47290.39
2025-10-13 21:00:00,23.97,23.996,23.852,23.955,21104.36
2025-10-13 21:15:00,23.925,23.979,23.755,23.755,10538.32
2025-10-13 21:30:00,23.771,23.81,23.73,23.775,20567.12
2025-10-13 21:45:00,23.774,23.799,23.712,23.76,14264.61
2025-10-13 22:00:00,23.779,23.872,23.779,23.805,14819.76
2025-10-13 22:15:00,23.811,23.862,23.807,23.807,11464.12
2025-10-13 22:30:00,23.809,23.854,23.784,23.825,1795.76
2025-10-13 22:45:00,23.816,23.858,23.786,23.821,6038.85
2025-10-13 23:00:00,23.796,23.872,23.792,23.844,2924.22
2025-10-13 23:15:00,23.846,23.865,23.807,23.855,1960.27
2025-10-13 23:30:00,23.858,23.895,23.776,23.841,3289.86
2025-10-13 23:45:00,23.826,23.826,23.755,23.792,5867.55
2025-10-14 00:00:00,23.795,23.832,23.751,23.809,4538.26
2025-10-14 00:15:00,23.794,23.852,23.789,23.812,1345.70
2025-10-14 00:30:00,23.808,23.881,23.802,23.832,3983.30
2025-10-14 00:45:00,23.837,23.837,23.762,23.826,1036.33
2025-10-14 01:00:00,23.827,23.855,23.714,23.785,3677.87
2025-10-14 01:15:00,23.781,23.829,23.755,23.802,3454.27
2025-10-14 01:30:00,23.794,23.84,23.736,23.834,8202.81
2025-10-14 01:45:00,23.81,23.828,23.77,23.804,35206.89
2025-10-14 02:00:00,23.809,23.82,23.715,23.717,6236.88
2025-10-14 02:15:00,23.699,23.707,23.434,23.494,24404.00
2025-10-14 02:30:00,23.494,23.542,23.407,23.407,7002.85
2025-10-14 02:45:00,23.448,23.469,23.289,23.358,14594.42
2025-10-14 03:00:00,23.342,23.342,23.16,23.329,36197.18
2025-10-14 03:15:00,23.345,23.477,23.189,23.189,8768.58
2025-10-14 03:30:00,23.222,23.305,23.214,23.291,7881.28
2025-10-14 03:45:00,23.315,23.416,23.274,23.302,6452.42
2025-10-14 04:00:00,23.317,23.346,23.095,23.213,23816.28
2025-10-14 04:15:00,23.22,23.241,23.13,23.152,23401.88
2025-10-14 04:30:00,23.157,23.157,22.943,22.979,14249.39
2025-10-14 04:45:00,23.014,23.052,22.839,22.968,16193.91
2025-10-14 05:00:00,22.937,23.178,22.87,23.139,18910.80
2025-10-14 05:15:00,23.137,23.226,23.047,23.056,17360.45
2025-10-14 05:30:00,23.061,23.07,22.672,22.729,24503.76
2025-10-14 05:45:00,22.735,22.822,22.704,22.788,12835.90
2025-10-14 06:00:00,22.8,22.974,22.766,22.766,7501.31
2025-10-14 06:15:00,22.767,22.782,22.58,22.587,11699.17
2025-10-14 06:30:00,22.607,22.668,22.26,22.272,39088.76
2025-10-14 06:45:00,22.302,22.437,21.984,22.316,44184.77
2025-10-14 07:00:00,22.315,22.411,22.147,22.257,19799.25
2025-10-14 07:15:00,22.276,22.398,22.192,22.3,10006.07
2025-10-14 07:30:00,22.299,22.299,22.059,22.115,8569.55
2025-10-14 07:45:00,22.121,22.191,22.073,22.12,6440.26
2025-10-14 08:00:00,22.125,22.196,21.992,22.194,13788.10
2025-10-14 08:15:00,22.181,22.322,22.054,22.313,3117.57
2025-10-14 08:30:00,22.314,22.434,22.277,22.429,5760.57
2025-10-14 08:45:00,22.43,22.434,22.317,22.366,3094.88
2025-10-14 09:00:00,22.363,22.59,22.353,22.516,15219.47
2025-10-14 09:15:00,22.522,22.647,22.509,22.607,1974.19
2025-10-14 09:30:00,22.61,22.729,22.603,22.67,6631.71
2025-10-14 09:45:00,22.678,22.701,22.466,22.539,8860.48
2025-10-14 10:00:00,22.516,22.516,22.281,22.301,6580.14
2025-10-14 10:15:00,22.316,22.32,22.109,22.159,21916.71
2025-10-14 10:30:00,22.197,22.307,21.941,22.165,53275.54
2025-10-14 10:45:00,22.138,22.28,22.058,22.211,45489.52
2025-10-14 11:00:00,22.217,22.504,22.204,22.502,10646.11
2025-10-14 11:15:00,22.497,22.591,22.459,22.524,3162.69
2025-10-14 11:30:00,22.524,22.602,22.411,22.411,10061.69
2025-10-14 11:45:00,22.419,22.507,22.359,22.399,5423.09
2025-10-14 12:00:00,22.394,22.4,22.223,22.321,25322.31
2025-10-14 12:15:00,22.3,22.306,22.172,22.247,2283.50
2025-10-14 12:30:00,22.258,22.284,22.072,22.104,5189.62
2025-10-14 12:45:00,22.143,22.239,22.052,22.091,6346.34
2025-10-14 13:00:00,22.093,22.196,22.026,22.087,5477.81
2025-10-14 13:15:00,22.094,22.19,21.95,22.158,7348.29
2025-10-14 13:30:00,22.136,22.278,21.8,22.047,37698.22
2025-10-14 13:45:00,22.036,22.328,21.955,22.133,15112.33
2025-10-14 14:00:00,22.159,22.34,22.046,22.328,14230.83
2025-10-14 14:15:00,22.342,22.543,22.317,22.412,13042.06
2025-10-14 14:30:00,22.407,22.479,22.189,22.46,29958.25
2025-10-14 14:45:00,22.429,22.571,22.258,22.269,17302.29
2025-10-14 15:00:00,22.272,22.41,22.161,22.168,17355.15
2025-10-14 15:15:00,22.165,22.355,22.102,22.321,9102.54
2025-10-14 15:30:00,22.311,22.582,22.311,22.582,8445.88
2025-10-14 15:45:00,22.569,22.814,22.537,22.781,9214.36
2025-10-14 16:00:00,22.783,22.898,22.641,22.834,19486.96
2025-10-14 16:15:00,22.82,23.118,22.751,22.95,49868.07
2025-10-14 16:30:00,22.974,23.016,22.742,22.923,10555.82
2025-10-14 16:45:00,22.922,23.053,22.723,22.758,16579.58
2025-10-14 17:00:00,22.772,22.932,22.472,22.904,41302.82
2025-10-14 17:15:00,22.897,22.971,22.801,22.847,14864.65
2025-10-14 17:30:00,22.86,22.905,22.78,22.851,15964.93
2025-10-14 17:45:00,22.87,22.897,22.774,22.799,9477.11
2025-10-14 18:00:00,22.801,22.95,22.797,22.923,21804.89
2025-10-14 18:15:00,22.93,22.943,22.802,22.841,18386.94
2025-10-14 18:30:00,22.83,22.885,22.715,22.75,5045.66
2025-10-14 18:45:00,22.732,22.828,22.723,22.795,3108.27
2025-10-14 19:00:00,22.783,22.829,22.761,22.81,2819.99
2025-10-14 19:15:00,22.807,22.887,22.801,22.818,2800.82
2025-10-14 19:30:00,22.815,22.852,22.342,22.385,43616.56
2025-10-14 19:45:00,22.407,22.651,22.37,22.556,11693.80
2025-10-14 20:00:00,22.557,22.643,22.471,22.502,4917.91
2025-10-14 20:15:00,22.493,22.63,22.486,22.57,3877.38
2025-10-14 20:30:00,22.56,22.667,22.543,22.663,2403.09
2025-10-14 20:45:00,22.662,22.708,22.628,22.708,1965.14
2025-10-14 21:00:00,22.698,22.704,22.541,22.547,4385.71
2025-10-14 21:15:00,22.583,22.7,22.583,22.689,1093.12
2025-10-14 21:30:00,22.69,22.718,22.609,22.653,837.92
2025-10-14 21:45:00,22.64,22.705,22.619,22.655,1789.65
2025-10-14 22:00:00,22.672,22.822,22.672,22.784,3511.64
2025-10-14 22:15:00,22.798,22.798,22.697,22.697,524.16
2025-10-14 22:30:00,22.696,22.708,22.65,22.681,9005.25
2025-10-14 22:45:00,22.691,22.691,22.61,22.669,5963.08
2025-10-14 23:00:00,22.652,22.786,22.651,22.761,14788.75
2025-10-14 23:15:00,22.745,22.779,22.708,22.735,6306.27
2025-10-14 23:30:00,22.742,22.802,22.73,22.734,3173.17
2025-10-14 23:45:00,22.732,22.796,22.714,22.723,2415.52
2025-10-15 00:00:00,22.719,22.743,22.582,22.582,7105.99
2025-10-15 00:15:00,22.586,22.684,22.532,22.589,7768.64
2025-10-15 00:30:00,22.589,22.636,22.525,22.602,4177.11
2025-10-15 00:45:00,22.603,22.671,22.593,22.671,4959.89
2025-10-15 01:00:00,22.688,22.72,22.526,22.596,8320.48
2025-10-15 01:15:00,22.589,22.654,22.495,22.507,1826.98
2025-10-15 01:30:00,22.495,22.543,22.45,22.535,6387.35
2025-10-15 01:45:00,22.54,22.62,22.517,22.581,2111.88
2025-10-15 02:00:00,22.592,22.687,22.566,22.687,1337.38
2025-10-15 02:15:00,22.687,22.868,22.674,22.857,1492.47
2025-10-15 02:30:00,22.857,22.871,22.734,22.734,2762.33
2025-10-15 02:45:00,22.702,22.748,22.646,22.664,2254.35
2025-10-15 03:00:00,22.664,22.693,22.557,22.569,2842.91
2025-10-15 03:15:00,22.582,22.582,22.477,22.555,6904.96
2025-10-15 03:30:00,22.555,22.557,22.442,22.447,1465.42
2025-10-15 03:45:00,22.445,22.489,22.359,22.457,2236.45
2025-10-15 04:00:00,22.47,22.477,22.401,22.462,1657.66
2025-10-15 04:15:00,22.467,22.632,22.462,22.612,2968.99
2025-10-15 04:30:00,22.614,22.63,22.534,22.565,1706.15
2025-10-15 04:45:00,22.568,22.725,22.568,22.695,747.62
2025-10-15 05:00:00,22.701,22.802,22.701,22.751,3345.65
2025-10-15 05:15:00,22.772,22.817,22.687,22.687,4780.50
2025-10-15 05:30:00,22.696,22.764,22.638,22.759,1474.06
2025-10-15 05:45:00,22.741,22.741,22.678,22.721,4917.61
2025-10-15 06:00:00,22.733,22.774,22.608,22.617,4863.87
2025-10-15 06:15:00,22.644,22.655,22.525,22.59,3608.85
2025-10-15 06:30:00,22.573,22.843,22.534,22.747,4298.69
2025-10-15 06:45:00,22.753,22.799,22.74,22.799,1724.46
2025-10-15 07:00:00,22.807,22.859,22.74,22.852,1702.03
2025-10-15 07:15:00,22.827,22.887,22.788,22.798,856.12
2025-10-15 07:30:00,22.785,22.821,22.759,22.802,2809.43
2025-10-15 07:45:00,22.809,22.968,22.788,22.964,3203.74
2025-10-15 08:00:00,22.947,23.002,22.912,22.988,4312.48
2025-10-15 08:15:00,22.994,23.108,22.923,23.08,11455.43
2025-10-15 08:30:00,23.1,23.257,23.098,23.153,22527.28
2025-10-15 08:45:00,23.151,23.151,23.007,23.026,1874.53
2025-10-15 09:00:00,22.989,23.049,22.963,22.985,8237.93
2025-10-15 09:15:00,22.988,22.992,22.842,22.851,6989.32
2025-10-15 09:30:00,22.848,22.881,22.78,22.856,4593.07
2025-10-15 09:45:00,22.861,22.895,22.783,22.813,2940.65
2025-10-15 10:00:00,22.821,22.867,22.754,22.841,2327.29
2025-10-15 10:15:00,22.84,22.84,22.655,22.692,1915.74
2025-10-15 10:30:00,22.689,22.69,22.571,22.612,1396.64
2025-10-15 10:45:00,22.608,22.622,22.564,22.6,1427.50
2025-10-15 11:00:00,22.595,22.656,22.572,22.572,2376.02
2025-10-15 11:15:00,22.585,22.585,22.407,22.52,3892.45
2025-10-15 11:30:00,22.521,22.629,22.484,22.629,1188.50
2025-10-15 11:45:00,22.611,22.627,22.545,22.545,977.20
2025-10-15 12:00:00,22.546,22.572,22.441,22.458,2246.50
2025-10-15 12:15:00,22.444,22.474,22.253,22.267,4755.66
2025-10-15 12:30:00,22.287,22.338,22.21,22.314,33698.39
2025-10-15 12:45:00,22.338,22.355,22.298,22.323,8098.73
2025-10-15 13:00:00,22.322,22.322,22.125,22.176,9428.12
2025-10-15 13:15:00,22.172,22.26,22.159,22.197,17586.63
2025-10-15 13:30:00,22.184,22.43,22.109,22.209,24376.82
2025-10-15 13:45:00,22.211,22.235,21.844,22.224,53247.38
2025-10-15 14:00:00,22.223,22.501,22.211,22.43,7729.99
2025-10-15 14:15:00,22.436,22.468,22.323,22.345,30062.31
2025-10-15 14:30:00,22.367,22.373,22.113,22.156,25043.44
2025-10-15 14:45:00,22.153,22.153,21.927,22.055,24371.70
2025-10-15 15:00:00,22.056,22.166,21.936,22.035,26252.75
2025-10-15 15:15:00,22.033,22.164,21.93,22.001,7217.91
2025-10-15 15:30:00,22.002,22.051,21.848,21.911,9963.87
2025-10-15 15:45:00,21.9,21.925,21.749,21.902,12217.98
2025-10-15 16:00:00,21.903,21.974,21.813,21.863,15610.73
2025-10-15 16:15:00,21.855,21.967,21.81,21.941,6260.66
2025-10-15 16:30:00,21.92,21.955,21.814,21.814,3419.29
2025-10-15 16:45:00,21.797,21.959,21.797,21.853,2804.29
2025-10-15 17:00:00,21.851,21.851,21.587,21.586,12648.70
2025-10-15 17:15:00,21.595,21.784,21.592,21.721,16392.02
2025-10-15 17:30:00,21.721,21.848,21.67,21.82,5429.17
2025-10-15 17:45:00,21.837,21.952,21.837,21.95,6074.01
2025-10-15 18:00:00,21.953,21.964,21.852,21.884,2611.81
2025-10-15 18:15:00,21.889,22.005,21.87,21.96,1888.25
2025-10-15 18:30:00,21.956,21.979,21.881,21.93,2468.85
2025-10-15 18:45:00,21.93,22.072,21.905,22.06,4818.46
2025-10-15 19:00:00,22.056,22.056,21.93,21.971,8271.66
2025-10-15 19:15:00,21.969,22.117,21.947,22.094,14512.17
2025-10-15 19:30:00,22.095,22.141,21.968,22.008,11668.70
2025-10-15 19:45:00,22.008,22.015,21.878,21.974,6157.63
2025-10-15 20:00:00,21.983,22.073,21.967,22.006,4825.07
2025-10-15 20:15:00,22.002,22.054,21.863,21.863,1821.25
2025-10-15 20:30:00,21.867,21.94,21.55,21.936,29781.32
2025-10-15 20:45:00,21.93,22.001,21.845,21.875,2288.92
2025-10-15 21:00:00,21.877,21.913,21.7,21.82,20867.13
2025-10-15 21:15:00,21.837,21.982,21.763,21.958,7073.95
2025-10-15 21:30:00,21.966,22.048,21.934,21.951,6033.04
2025-10-15 21:45:00,21.946,21.956,21.737,21.804,18341.85
2025-10-15 22:00:00,21.812,21.921,21.788,21.921,1997.46
2025-10-15 22:15:00,21.923,21.975,21.861,21.878,8046.23
2025-10-15 22:30:00,21.877,21.939,21.876,21.886,1460.91
2025-10-15 22:45:00,21.878,21.878,21.727,21.775,11199.05
2025-10-15 23:00:00,21.778,21.929,21.761,21.929,2436.23
2025-10-15 23:15:00,21.919,21.953,21.843,21.886,6485.68
2025-10-15 23:30:00,21.91,21.947,21.876,21.946,909.33
2025-10-15 23:45:00,21.938,21.958,21.867,21.879,1278.26
2025-10-16 00:00:00,21.886,21.921,21.808,21.808,3603.85
2025-10-16 00:15:00,21.845,21.954,21.844,21.921,3737.18
2025-10-16 00:30:00,21.906,21.906,21.784,21.827,4853.20
2025-10-16 00:45:00,21.836,21.879,21.78,21.785,1241.07
2025-10-16 01:00:00,21.787,21.984,21.787,21.93,1000.42
2025-10-16 01:15:00,21.935,21.963,21.877,21.938,321.27
2025-10-16 01:30:00,21.904,22.005,21.904,21.975,1501.00
2025-10-16 01:45:00,21.984,22.101,21.941,22.042,2414.42
2025-10-16 02:00:00,22.049,22.114,21.983,22.035,2234.84
2025-10-16 02:15:00,22.013,22.068,21.977,22.06,975.55
2025-10-16 02:30:00,22.055,22.055,21.882,21.882,745.91
2025-10-16 02:45:00,21.893,22.065,21.886,22.055,678.51
2025-10-16 03:00:00,22.061,22.091,21.994,22.017,332.42
2025-10-16 03:15:00,21.994,22.072,21.976,22.051,3221.26
2025-10-16 03:30:00,21.986,21.998,21.928,21.956,750.29
2025-10-16 03:45:00,21.968,21.979,21.892,21.892,3525.02
2025-10-16 04:00:00,21.907,22.061,21.899,22.061,789.15
2025-10-16 04:15:00,22.066,22.079,22.036,22.062,2430.67
2025-10-16 04:30:00,22.047,22.062,21.903,21.921,923.69
2025-10-16 04:45:00,21.919,21.93,21.853,21.854,1764.12
2025-10-16 05:00:00,21.857,21.884,21.798,21.871,11878.45
2025-10-16 05:15:00,21.879,21.894,21.815,21.85,588.30
2025-10-16 05:30:00,21.845,21.989,21.845,21.94,1394.68
2025-10-16 05:45:00,21.92,21.943,21.707,21.807,6665.44
2025-10-16 06:00:00,21.812,21.865,21.805,21.847,850.83
2025-10-16 06:15:00,21.84,21.913,21.828,21.913,302.40
2025-10-16 06:30:00,21.921,21.993,21.921,21.937,300.51
2025-10-16 06:45:00,21.946,22.052,21.939,22.031,2725.95
2025-10-16 07:00:00,22.039,22.039,21.92,21.954,1157.93
2025-10-16 07:15:00,21.911,21.922,21.75,21.76,1422.93
2025-10-16 07:30:00,21.77,21.847,21.77,21.847,5149.64
2025-10-16 07:45:00,21.839,21.879,21.821,21.836,1090.49
2025-10-16 08:00:00,21.856,21.883,21.772,21.855,4577.48
2025-10-16 08:15:00,21.843,21.853,21.729,21.732,1045.84
2025-10-16 08:30:00,21.731,21.777,21.66,21.733,3831.94
2025-10-16 08:45:00,21.721,21.786,21.721,21.768,712.82
2025-10-16 09:00:00,21.765,21.892,21.736,21.836,1208.22
2025-10-16 09:15:00,21.85,21.898,21.789,21.789,1353.38
2025-10-16 09:30:00,21.776,21.788,21.019,21.753,102391.99
2025-10-16 09:45:00,21.762,22.044,21.762,21.969,29229.68
2025-10-16 10:00:00,21.978,22.231,21.978,22.175,22034.51
2025-10-16 10:15:00,22.198,22.297,22.099,22.104,13432.76
2025-10-16 10:30:00,22.13,22.175,22.07,22.145,4179.18
2025-10-16 10:45:00,22.186,22.192,22.131,22.167,2779.59
2025-10-16 11:00:00,22.166,22.22,22.116,22.16,7879.77
2025-10-16 11:15:00,22.156,22.182,22.09,22.102,5550.94
2025-10-16 11:30:00,22.101,22.132,22.058,22.116,4473.19
2025-10-16 11:45:00,22.14,22.247,22.129,22.24,1549.55
2025-10-16 12:00:00,22.248,22.368,22.191,22.191,3263.84
2025-10-16 12:15:00,22.19,22.212,22.142,22.152,2594.10
2025-10-16 12:30:00,22.173,22.245,22.136,22.225,3989.62
2025-10-16 12:45:00,22.209,22.209,22.126,22.126,2022.09
2025-10-16 13:00:00,22.123,22.136,22.017,22.067,7902.79
2025-10-16 13:15:00,22.07,22.122,22.044,22.095,8262.22
2025-10-16 13:30:00,22.087,22.203,22.067,22.127,14191.54
2025-10-16 13:45:00,22.139,22.182,21.918,21.989,14569.95
2025-10-16 14:00:00,21.977,21.989,21.784,21.817,24285.72
2025-10-16 14:15:00,21.809,21.865,21.659,21.762,25084.68
2025-10-16 14:30:00,21.751,22.097,21.74,22.081,13631.37
2025-10-16 14:45:00,22.075,22.097,21.813,21.813,16031.68
2025-10-16 15:00:00,21.823,21.846,21.687,21.833,26783.26
2025-10-16 15:15:00,21.838,21.86,21.582,21.625,9589.33
2025-10-16 15:30:00,21.618,21.688,21.394,21.456,33626.55
2025-10-16 15:45:00,21.452,21.457,21.031,21.133,105512.26
2025-10-16 16:00:00,21.127,21.243,20.897,21.123,105154.86
2025-10-16 16:15:00,21.121,21.179,20.9,20.981,51411.58
2025-10-16 16:30:00,20.978,21.145,20.821,21.027,40616.12
2025-10-16 16:45:00,21.007,21.496,20.992,21.475,44562.05
2025-10-16 17:00:00,21.479,21.48,21.223,21.228,25579.53
2025-10-16 17:15:00,21.231,21.429,21.218,21.313,14434.05
2025-10-16 17:30:00,21.311,21.357,21.156,21.184,4500.48
2025-10-16 17:45:00,21.151,21.19,21.098,21.143,1511.35
2025-10-16 18:00:00,21.146,21.147,20.896,20.971,10807.27
2025-10-16 18:15:00,20.952,21.07,20.924,20.958,10105.48
2025-10-16 18:30:00,20.984,21.209,20.947,21.138,15877.57
2025-10-16 18:45:00,21.148,21.198,21.003,21.077,10201.80
2025-10-16 19:00:00,21.079,21.087,20.889,20.889,14120.98
2025-10-16 19:15:00,20.9,20.97,20.72,20.807,19672.81
2025-10-16 19:30:00,20.811,20.815,20.578,20.679,17002.89
2025-10-16 19:45:00,20.663,20.908,20.592,20.77,16584.39
2025-10-16 20:00:00,20.77,20.866,20.736,20.739,17009.17
2025-10-16 20:15:00,20.742,20.847,20.663,20.744,10052.43
2025-10-16 20:30:00,20.742,20.764,20.568,20.718,32308.28
2025-10-16 20:45:00,20.749,20.826,20.679,20.726,6120.39
2025-10-16 21:00:00,20.729,20.767,20.663,20.712,14825.82
2025-10-16 21:15:00,20.733,20.816,20.685,20.8,5238.38
2025-10-16 21:30:00,20.809,20.928,20.809,20.858,4463.20
2025-10-16 21:45:00,20.856,20.933,20.855,20.928,3527.97
2025-10-16 22:00:00,20.927,20.951,20.832,20.832,2729.32
2025-10-16 22:15:00,20.847,20.865,20.825,20.843,2530.27
2025-10-16 22:30:00,20.854,20.859,20.762,20.763,3794.51
2025-10-16 22:45:00,20.748,20.81,20.687,20.706,13552.78
2025-10-16 23:00:00,20.707,20.892,20.683,20.854,7465.71
2025-10-16 23:15:00,20.86,20.997,20.856,20.93,2806.36
2025-10-16 23:30:00,20.923,20.947,20.865,20.876,1245.97
2025-10-16 23:45:00,20.874,20.961,20.874,20.961,3016.80
2025-10-17 00:00:00,20.955,21.033,20.911,21.001,3644.85
2025-10-17 00:15:00,21.013,21.036,20.961,21.027,2017.12
2025-10-17 00:30:00,21.032,21.088,20.998,21.046,2066.97
2025-10-17 00:45:00,21.021,21.05,20.973,21.04,2087.73
2025-10-17 01:00:00,21.055,21.242,21.055,21.148,8455.53
2025-10-17 01:15:00,21.153,21.184,21.084,21.097,1221.66
2025-10-17 01:30:00,21.11,21.121,20.985,21.004,1128.94
2025-10-17 01:45:00,21.006,21.033,20.926,21.011,6737.37
2025-10-17 02:00:00,21.006,21.047,20.939,20.966,5256.76
2025-10-17 02:15:00,20.933,20.933,20.845,20.854,3075.77
2025-10-17 02:30:00,20.849,20.954,20.838,20.932,9365.37
2025-10-17 02:45:00,20.935,21.007,20.9,20.942,6118.73
2025-10-17 03:00:00,20.942,21.011,20.919,20.952,13474.43
2025-10-17 03:15:00,20.952,20.999,20.914,20.92,1007.08
2025-10-17 03:30:00,20.904,20.946,20.866,20.866,581.79
2025-10-17 03:45:00,20.875,20.975,20.869,20.952,4197.84
2025-10-17 04:00:00,20.959,20.965,20.873,20.894,1407.18
2025-10-17 04:15:00,20.893,20.905,20.815,20.815,501.77
2025-10-17 04:30:00,20.83,20.882,20.775,20.783,2888.41
2025-10-17 04:45:00,20.782,20.804,20.684,20.728,7265.27
2025-10-17 05:00:00,20.733,20.763,20.708,20.714,2079.64
2025-10-17 05:15:00,20.694,20.765,20.645,20.765,2987.34
2025-10-17 05:30:00,20.768,20.768,20.588,20.604,2665.90
2025-10-17 05:45:00,20.594,20.616,20.541,20.577,1788.46
2025-10-17 06:00:00,20.589,20.667,20.552,20.601,2537.76
2025-10-17 06:15:00,20.596,20.601,20.338,20.353,15424.86
2025-10-17 06:30:00,20.372,20.383,20.003,20.061,57052.91
2025-10-17 06:45:00,20.071,20.109,19.825,19.899,36923.10
2025-10-17 07:00:00,19.897,19.918,19.599,19.646,42403.38
2025-10-17 07:15:00,19.639,19.754,19.584,19.616,18163.68
2025-10-17 07:30:00,19.615,19.688,19.439,19.472,39594.05
2025-10-17 07:45:00,19.475,19.575,19.341,19.381,21782.30
2025-10-17 08:00:00,19.388,19.436,19.217,19.23,28083.73
2025-10-17 08:15:00,19.225,19.306,19.029,19.212,39772.26
2025-10-17 08:30:00,19.209,19.396,19.158,19.164,30862.96
2025-10-17 08:45:00,19.165,19.177,19.06,19.095,8574.10
2025-10-17 09:00:00,19.111,19.295,19.064,19.266,15935.46
2025-10-17 09:15:00,19.29,19.527,19.266,19.527,16498.58
2025-10-17 09:30:00,19.533,19.781,19.516,19.551,22437.60
2025-10-17 09:45:00,19.561,19.608,19.432,19.432,4688.49
2025-10-17 10:00:00,19.447,19.562,19.382,19.465,13657.15
2025-10-17 10:15:00,19.459,19.459,19.119,19.217,16722.45
2025-10-17 10:30:00,19.233,19.386,19.193,19.285,12288.96
2025-10-17 10:45:00,19.288,19.492,19.288,19.439,8507.31
2025-10-17 11:00:00,19.454,19.817,19.428,19.796,33139.04
2025-10-17 11:15:00,19.794,20.017,19.788,19.862,30875.85
2025-10-17 11:30:00,19.879,19.88,19.681,19.782,9848.06
2025-10-17 11:45:00,19.797,19.852,19.747,19.803,7075.08
2025-10-17 12:00:00,19.81,19.93,19.773,19.819,6616.23
2025-10-17 12:15:00,19.82,19.928,19.786,19.811,3716.87
2025-10-17 12:30:00,19.82,19.904,19.76,19.857,3378.73
2025-10-17 12:45:00,19.849,19.868,19.74,19.754,8898.41
2025-10-17 13:00:00,19.75,19.836,19.714,19.719,2054.77
2025-10-17 13:15:00,19.674,19.863,19.666,19.782,7417.97
2025-10-17 13:30:00,19.779,19.955,19.625,19.653,61896.75
2025-10-17 13:45:00,19.661,19.976,19.571,19.873,16417.76
2025-10-17 14:00:00,19.862,19.912,19.663,19.79,16346.75
2025-10-17 14:15:00,19.803,19.827,19.617,19.617,5712.29
2025-10-17 14:30:00,19.63,19.671,19.405,19.586,15958.96
2025-10-17 14:45:00,19.582,19.805,19.576,19.603,15442.42
2025-10-17 15:00:00,19.608,19.746,19.598,19.604,7802.32
2025-10-17 15:15:00,19.597,19.781,19.59,19.717,6488.68
2025-10-17 15:30:00,19.737,19.765,19.53,19.678,5284.57
2025-10-17 15:45:00,19.682,19.942,19.68,19.942,11209.85
2025-10-17 16:00:00,19.934,20.228,19.893,20.06,18935.19
2025-10-17 16:15:00,20.063,20.177,19.963,19.99,10326.55
2025-10-17 16:30:00,20.005,20.037,19.856,19.926,3250.84
2025-10-17 16:45:00,19.909,19.992,19.82,19.889,4630.11
2025-10-17 17:00:00,19.888,20.0,19.866,19.958,13893.78
2025-10-17 17:15:00,19.962,19.989,19.81,19.866,3908.41
2025-10-17 17:30:00,19.866,19.99,19.829,19.944,4150.57
2025-10-17 17:45:00,19.944,20.048,19.843,19.988,5514.72
2025-10-17 18:00:00,19.983,20.075,19.976,19.976,5816.38
2025-10-17 18:15:00,19.989,20.131,19.965,20.087,2022.73
2025-10-17 18:30:00,20.099,20.142,20.027,20.031,5625.10
2025-10-17 18:45:00,20.019,20.048,19.937,19.974,4457.41
2025-10-17 19:00:00,19.982,20.055,19.956,19.981,5020.82
2025-10-17 19:15:00,19.993,19.998,19.892,19.919,2854.38
2025-10-17 19:30:00,19.905,19.921,19.789,19.861,13814.59
2025-10-17 19:45:00,19.883,19.934,19.844,19.918,9962.65
2025-10-17 20:00:00,19.916,20.025,19.88,20.009,3450.88
2025-10-17 20:15:00,20.026,20.153,19.998,20.137,7141.69
2025-10-17 20:30:00,20.121,20.136,20.027,20.064,4816.85
2025-10-17 20:45:00,20.066,20.116,20.059,20.081,1881.22
2025-10-17 21:00:00,20.077,20.25,20.074,20.202,11794.45
2025-10-17 21:15:00,20.219,20.232,20.122,20.161,6973.82
2025-10-17 21:30:00,20.146,20.187,20.122,20.165,14411.37
2025-10-17 21:45:00,20.149,20.203,20.048,20.196,2897.15
2025-10-17 22:00:00,20.199,20.288,20.096,20.096,7403.85
2025-10-17 22:15:00,20.088,20.122,20.06,20.083,2828.53
2025-10-17 22:30:00,20.077,20.097,19.993,20.018,3906.42
2025-10-17 22:45:00,20.029,20.075,20.029,20.063,3537.47
2025-10-17 23:00:00,20.063,20.065,19.954,19.97,3904.32
2025-10-17 23:15:00,19.963,19.981,19.919,19.927,4009.29
2025-10-17 23:30:00,19.927,19.973,19.895,19.957,2360.92
2025-10-17 23:45:00,19.965,19.968,19.92,19.94,2402.53
2025-10-18 00:00:00,19.942,19.965,19.883,19.918,3772.79
2025-10-18 00:15:00,19.91,20.022,19.888,20.01,1814.69
2025-10-18 00:30:00,20.002,20.05,19.943,20.044,1035.15
2025-10-18 00:45:00,20.045,20.054,19.959,19.987,1523.51
2025-10-18 01:00:00,19.989,20.051,19.976,20.045,2077.97
2025-10-18 01:15:00,20.045,20.137,20.027,20.128,3295.75
2025-10-18 01:30:00,20.132,20.143,20.083,20.104,4549.23
2025-10-18 01:45:00,20.104,20.163,20.068,20.15,2508.10
2025-10-18 02:00:00,20.151,20.196,20.056,20.063,3912.66
2025-10-18 02:15:00,20.065,20.104,20.037,20.1,1408.19
2025-10-18 02:30:00,20.102,20.127,20.005,20.011,3141.64
2025-10-18 02:45:00,20.011,20.024,19.964,19.993,2132.19
2025-10-18 03:00:00,20.002,20.025,19.983,20.007,1886.28
2025-10-18 03:15:00,20.01,20.055,19.996,20.028,1038.55
2025-10-18 03:30:00,20.046,20.097,20.029,20.041,845.24
2025-10-18 03:45:00,20.03,20.057,20.006,20.028,1083.58
2025-10-18 04:00:00,20.029,20.035,19.917,19.922,1813.48
2025-10-18 04:15:00,19.928,19.948,19.892,19.945,2832.14
2025-10-18 04:30:00,19.938,19.945,19.852,19.873,3047.08
2025-10-18 04:45:00,19.876,19.893,19.856,19.875,2382.74
2025-10-18 05:00:00,19.877,19.954,19.877,19.944,862.95
2025-10-18 05:15:00,19.942,19.969,19.915,19.915,5596.11
2025-10-18 05:30:00,19.923,19.996,19.889,19.996,530.62
2025-10-18 05:45:00,20.002,20.106,20.002,20.078,552.98
2025-10-18 06:00:00,20.076,20.196,20.068,20.143,1340.78
2025-10-18 06:15:00,20.128,20.145,20.069,20.084,33.67
2025-10-18 06:30:00,20.101,20.101,20.045,20.068,293.54
2025-10-18 06:45:00,20.065,20.146,20.054,20.134,665.71
2025-10-18 07:00:00,20.131,20.407,20.131,20.302,7127.46
2025-10-18 07:15:00,20.309,20.313,20.232,20.282,2556.24
2025-10-18 07:30:00,20.272,20.326,20.252,20.29,2166.46
2025-10-18 07:45:00,20.282,20.3,20.128,20.153,930.50
2025-10-18 08:00:00,20.156,20.236,20.154,20.234,1663.17
2025-10-18 08:15:00,20.215,20.248,20.189,20.208,938.43
2025-10-18 08:30:00,20.204,20.204,20.19,20.204,7707.40
2025-10-18 08:45:00,20.198,20.226,20.173,20.173,9636.74
2025-10-18 09:00:00,20.176,20.223,20.158,20.217,1575.20
2025-10-18 09:15:00,20.212,20.338,20.18,20.303,4951.19
2025-10-18 09:30:00,20.303,20.303,20.241,20.285,2907.48
2025-10-18 09:45:00,20.287,20.314,20.256,20.289,3630.14
2025-10-18 10:00:00,20.285,20.3,20.203,20.222,19180.35
2025-10-18 10:15:00,20.219,20.225,20.179,20.202,4428.63
2025-10-18 10:30:00,20.206,20.264,20.202,20.257,4212.17
2025-10-18 10:45:00,20.242,20.242,20.099,20.149,912.18
2025-10-18 11:00:00,20.149,20.188,20.13,20.184,686.20
2025-10-18 11:15:00,20.209,20.219,20.134,20.145,5511.34
2025-10-18 11:30:00,20.134,20.211,20.125,20.208,1404.37
2025-10-18 11:45:00,20.213,20.216,20.155,20.195,939.48
2025-10-18 12:00:00,20.201,20.25,20.17,20.239,3903.77
2025-10-18 12:15:00,20.227,20.297,20.147,20.174,5451.40
2025-10-18 12:30:00,20.166,20.175,20.12,20.145,139.23
2025-10-18 12:45:00,20.142,20.146,20.106,20.109,563.58
2025-10-18 13:00:00,20.106,20.106,19.989,20.036,9413.98
2025-10-18 13:15:00,20.04,20.041,19.95,20.018,4541.83
2025-10-18 13:30:00,19.998,20.005,19.932,19.963,1909.95
2025-10-18 13:45:00,19.954,20.012,19.927,19.929,3162.77
2025-10-18 14:00:00,19.914,19.953,19.853,19.877,3506.84
2025-10-18 14:15:00,19.883,19.959,19.883,19.959,3462.35
2025-10-18 14:30:00,19.974,20.06,19.974,20.021,494.81
2025-10-18 14:45:00,20.015,20.063,20.002,20.036,57.46
2025-10-18 15:00:00,20.047,20.058,20.009,20.03,951.93
2025-10-18 15:15:00,20.026,20.061,20.001,20.001,904.39
2025-10-18 15:30:00,19.998,19.998,19.918,19.993,1088.54
2025-10-18 15:45:00,20.01,20.034,19.998,20.011,1299.54
2025-10-18 16:00:00,20.012,20.029,19.935,19.946,2151.09
2025-10-18 16:15:00,19.951,19.955,19.861,19.909,1379.59
2025-10-18 16:30:00,19.881,19.881,19.819,19.846,5965.99
2025-10-18 16:45:00,19.84,19.947,19.84,19.939,3114.59
2025-10-18 17:00:00,19.946,19.976,19.894,19.976,695.18
2025-10-18 17:15:00,19.98,20.12,19.975,20.103,5587.02
2025-10-18 17:30:00,20.1,20.114,20.039,20.041,4564.02
2025-10-18 17:45:00,20.039,20.167,20.039,20.167,2405.61
2025-10-18 18:00:00,20.148,20.169,20.114,20.125,2142.90
2025-10-18 18:15:00,20.114,20.132,20.086,20.126,10036.60
2025-10-18 18:30:00,20.124,20.179,20.124,20.143,2353.45
2025-10-18 18:45:00,20.13,20.149,20.09,20.093,1398.21
2025-10-18 19:00:00,20.099,20.129,20.061,20.084,8849.74
2025-10-18 19:15:00,20.086,20.154,20.086,20.14,2094.97
2025-10-18 19:30:00,20.131,20.139,20.108,20.113,2836.84
2025-10-18 19:45:00,20.125,20.162,20.125,20.154,3590.07
2025-10-18 20:00:00,20.157,20.214,20.153,20.17,979.70
2025-10-18 20:15:00,20.168,20.237,20.158,20.227,1590.94
2025-10-18 20:30:00,20.225,20.261,20.201,20.217,1347.53
2025-10-18 20:45:00,20.244,20.245,20.19,20.191,783.84
2025-10-18 21:00:00,20.165,20.178,20.081,20.129,1940.47
2025-10-18 21:15:00,20.136,20.196,20.119,20.19,143.40
2025-10-18 21:30:00,20.207,20.218,20.182,20.213,1218.15
2025-10-18 21:45:00,20.213,20.255,20.198,20.237,6910.09
2025-10-18 22:00:00,20.238,20.256,20.211,20.225,585.24
2025-10-18 22:15:00,20.234,20.264,20.233,20.237,105.86
2025-10-18 22:30:00,20.223,20.25,20.2,20.205,675.57
2025-10-18 22:45:00,20.188,20.197,20.164,20.19,1978.81
2025-10-18 23:00:00,20.187,20.189,20.15,20.169,887.21
2025-10-18 23:15:00,20.18,20.193,20.145,20.18,522.91
2025-10-18 23:30:00,20.182,20.187,20.167,20.17,1005.88
2025-10-18 23:45:00,20.166,20.203,20.166,20.203,1223.98
2025-10-19 00:00:00,20.203,20.217,20.128,20.13,2398.23
2025-10-19 00:15:00,20.15,20.158,20.112,20.112,5339.56
2025-10-19 00:30:00,20.111,20.111,20.026,20.041,973.77
2025-10-19 00:45:00,20.04,20.066,20.01,20.051,1852.04
2025-10-19 01:00:00,20.06,20.061,19.994,20.025,2510.10
2025-10-19 01:15:00,20.013,20.091,20.013,20.075,309.05
2025-10-19 01:30:00,20.074,20.079,20.02,20.051,251.46
2025-10-19 01:45:00,20.062,20.109,20.062,20.101,1691.59
2025-10-19 02:00:00,20.103,20.136,20.084,20.111,1701.12
2025-10-19 02:15:00,20.114,20.165,20.092,20.121,2647.28
2025-10-19 02:30:00,20.123,20.135,20.086,20.093,2051.89
2025-10-19 02:45:00,20.089,20.125,20.066,20.106,3228.09
2025-10-19 03:00:00,20.104,20.125,20.097,20.099,2567.32
2025-10-19 03:15:00,20.099,20.214,20.099,20.178,5620.06
2025-10-19 03:30:00,20.205,20.255,20.18,20.239,2184.54
2025-10-19 03:45:00,20.252,20.275,20.223,20.259,509.82
2025-10-19 04:00:00,20.265,20.28,20.2,20.206,2510.69
2025-10-19 04:15:00,20.21,20.243,20.203,20.242,931.80
2025-10-19 04:30:00,20.242,20.268,20.23,20.238,648.76
2025-10-19 04:45:00,20.234,20.242,20.212,20.217,2701.28
2025-10-19 05:00:00,20.227,20.233,20.195,20.195,427.51
2025-10-19 05:15:00,20.191,20.258,20.19,20.19,432.98
2025-10-19 05:30:00,20.194,20.217,20.165,20.168,170.59
2025-10-19 05:45:00,20.148,20.153,20.123,20.152,951.77
2025-10-19 06:00:00,20.154,20.197,20.142,20.142,74.53
2025-10-19 06:15:00,20.149,20.149,20.112,20.119,678.26
2025-10-19 06:30:00,20.113,20.123,19.971,20.007,4080.07
2025-10-19 06:45:00,19.988,19.999,19.932,19.97,738.16
2025-10-19 07:00:00,19.977,20.016,19.934,19.957,1515.98
2025-10-19 07:15:00,19.965,19.969,19.861,19.861,2431.31
2025-10-19 07:30:00,19.865,19.943,19.864,19.894,1661.67
2025-10-19 07:45:00,19.881,19.944,19.879,19.939,1048.49
2025-10-19 08:00:00,19.94,19.973,19.931,19.945,4293.60
2025-10-19 08:15:00,19.922,20.164,19.81,19.956,16315.03
2025-10-19 08:30:00,19.938,19.956,19.865,19.879,1858.12
2025-10-19 08:45:00,19.878,19.933,19.848,19.878,2241.04
2025-10-19 09:00:00,19.835,19.856,19.771,19.841,4380.58
2025-10-19 09:15:00,19.832,19.866,19.741,19.753,9417.97
2025-10-19 09:30:00,19.753,20.036,19.751,19.993,14587.56
2025-10-19 09:45:00,20.001,20.267,19.985,20.169,18140.23
2025-10-19 10:00:00,20.156,20.243,20.083,20.13,8468.66
2025-10-19 10:15:00,20.161,20.511,20.143,20.423,14540.15
2025-10-19 10:30:00,20.428,20.436,20.324,20.403,8279.84
2025-10-19 10:45:00,20.39,20.416,20.336,20.416,5185.08
2025-10-19 11:00:00,20.425,20.586,20.425,20.571,9785.64
2025-10-19 11:15:00,20.574,20.582,20.443,20.443,1689.23
2025-10-19 11:30:00,20.452,20.494,20.423,20.425,1109.90
2025-10-19 11:45:00,20.413,20.422,20.355,20.381,734.77
2025-10-19 12:00:00,20.396,20.432,20.304,20.304,672.03
2025-10-19 12:15:00,20.326,20.361,20.306,20.342,1772.26
2025-10-19 12:30:00,20.352,20.436,20.352,20.358,1638.82
2025-10-19 12:45:00,20.367,20.427,20.336,20.42,3855.67
2025-10-19 13:00:00,20.432,20.499,20.401,20.426,1761.62
2025-10-19 13:15:00,20.449,20.483,20.395,20.468,1712.39
2025-10-19 13:30:00,20.468,20.588,20.463,20.566,3131.66
2025-10-19 13:45:00,20.581,20.761,20.563,20.73,7995.43
2025-10-19 14:00:00,20.718,20.721,20.604,20.674,5002.74
2025-10-19 14:15:00,20.671,20.819,20.657,20.773,9449.44
2025-10-19 14:30:00,20.768,20.79,20.67,20.685,7385.26
2025-10-19 14:45:00,20.708,20.77,20.679,20.77,9896.70
2025-10-19 15:00:00,20.77,20.777,20.674,20.699,18360.26
2025-10-19 15:15:00,20.691,20.719,20.673,20.674,824.82
2025-10-19 15:30:00,20.682,20.691,20.647,20.675,3509.67
2025-10-19 15:45:00,20.69,20.725,20.69,20.723,1459.80
2025-10-19 16:00:00,20.726,20.735,20.607,20.62,11656.02
2025-10-19 16:15:00,20.623,20.623,20.582,20.592,3004.23
2025-10-19 16:30:00,20.579,20.707,20.546,20.707,15947.30
2025-10-19 16:45:00,20.706,20.706,20.627,20.633,11198.02
2025-10-19 17:00:00,20.634,20.797,20.628,20.764,5252.93
2025-10-19 17:15:00,20.785,20.824,20.706,20.708,4828.78
2025-10-19 17:30:00,20.705,20.708,20.646,20.672,6607.05
2025-10-19 17:45:00,20.674,20.68,20.64,20.676,2377.43
2025-10-19 18:00:00,20.676,20.737,20.676,20.706,2209.56
2025-10-19 18:15:00,20.716,20.728,20.674,20.725,1740.56
2025-10-19 18:30:00,20.7,20.756,20.684,20.752,1621.78
2025-10-19 18:45:00,20.749,20.775,20.741,20.775,1388.99
2025-10-19 19:00:00,20.775,20.789,20.672,20.725,4896.09
2025-10-19 19:15:00,20.706,20.763,20.706,20.763,3382.34
2025-10-19 19:30:00,20.758,20.758,20.7,20.714,836.06
2025-10-19 19:45:00,20.71,20.71,20.687,20.703,2292.07
2025-10-19 20:00:00,20.713,20.717,20.666,20.698,1065.78
2025-10-19 20:15:00,20.698,20.726,20.662,20.72,328.94
2025-10-19 20:30:00,20.726,20.75,20.716,20.745,1250.00
2025-10-19 20:45:00,20.775,20.79,20.751,20.782,703.83
2025-10-19 21:00:00,20.789,20.789,20.684,20.696,3263.26
2025-10-19 21:15:00,20.688,20.705,20.639,20.646,429.41
2025-10-19 21:30:00,20.642,20.668,20.612,20.662,1067.99
2025-10-19 21:45:00,20.66,20.679,20.632,20.651,4006.08
2025-10-19 22:00:00,20.663,20.733,20.663,20.723,1572.95
2025-10-19 22:15:00,20.713,20.747,20.69,20.729,1480.54
2025-10-19 22:30:00,20.739,20.78,20.715,20.776,3306.71
2025-10-19 22:45:00,20.771,20.788,20.729,20.73,843.14
2025-10-19 23:00:00,20.715,20.715,20.652,20.652,1313.85
2025-10-19 23:15:00,20.66,20.673,20.643,20.666,3417.62
2025-10-19 23:30:00,20.661,20.678,20.564,20.587,4067.83
2025-10-19 23:45:00,20.593,20.593,20.557,20.584,1133.64
2025-10-20 00:00:00,20.577,20.581,20.45,20.45,6108.46
2025-10-20 00:15:00,20.434,20.443,20.218,20.243,7452.70
2025-10-20 00:30:00,20.2,20.372,20.153,20.309,12518.65
2025-10-20 00:45:00,20.315,20.389,20.297,20.382,2382.15
2025-10-20 01:00:00,20.4,20.435,20.307,20.38,4766.44
2025-10-20 01:15:00,20.36,20.402,20.333,20.359,2015.01
2025-10-20 01:30:00,20.366,20.409,20.297,20.328,280.02
2025-10-20 01:45:00,20.327,20.362,20.307,20.333,5100.30
2025-10-20 02:00:00,20.336,20.336,20.195,20.234,2488.69
2025-10-20 02:15:00,20.23,20.395,20.23,20.361,1398.69
2025-10-20 02:30:00,20.35,20.467,20.324,20.449,2493.96
2025-10-20 02:45:00,20.444,20.507,20.425,20.442,526.59
2025-10-20 03:00:00,20.445,20.452,20.379,20.417,2185.16
2025-10-20 03:15:00,20.43,20.523,20.43,20.512,3285.08
2025-10-20 03:30:00,20.522,20.69,20.501,20.659,3021.99
2025-10-20 03:45:00,20.681,21.059,20.641,21.005,10937.94
2025-10-20 04:00:00,21.006,21.081,20.961,21.022,7633.61
2025-10-20 04:15:00,21.043,21.043,20.962,21.009,6325.78
2025-10-20 04:30:00,21.02,21.076,21.012,21.036,2506.82
2025-10-20 04:45:00,21.033,21.034,20.98,21.031,1344.29
2025-10-20 05:00:00,21.042,21.042,20.897,20.948,8739.89
2025-10-20 05:15:00,20.911,20.945,20.835,20.895,5487.43
2025-10-20 05:30:00,20.903,20.949,20.847,20.892,2538.77
2025-10-20 05:45:00,20.891,20.99,20.859,20.94,9486.34
2025-10-20 06:00:00,20.942,20.972,20.905,20.938,12733.33
2025-10-20 06:15:00,20.944,21.062,20.944,20.989,6188.38
2025-10-20 06:30:00,20.99,21.193,20.989,21.191,4591.05
2025-10-20 06:45:00,21.193,21.195,21.052,21.052,4761.28
2025-10-20 07:00:00,21.045,21.045,20.958,21.037,3300.27
2025-10-20 07:15:00,21.045,21.079,21.012,21.017,2686.81
2025-10-20 07:30:00,21.02,21.02,20.924,20.943,5758.96
2025-10-20 07:45:00,20.943,20.944,20.853,20.909,11709.84
2025-10-20 08:00:00,20.907,20.91,20.836,20.865,13931.10
2025-10-20 08:15:00,20.86,20.877,20.771,20.817,5581.39
2025-10-20 08:30:00,20.82,20.923,20.809,20.861,10205.24
2025-10-20 08:45:00,20.878,20.9,20.792,20.8,2941.28
2025-10-20 09:00:00,20.8,20.803,20.745,20.787,3069.26
2025-10-20 09:15:00,20.787,20.787,20.706,20.737,4898.32
2025-10-20 09:30:00,20.738,20.758,20.711,20.754,2722.07
2025-10-20 09:45:00,20.744,20.773,20.71,20.762,2506.35
2025-10-20 10:00:00,20.766,20.811,20.709,20.751,4281.09
2025-10-20 10:15:00,20.758,20.835,20.758,20.835,3758.70
2025-10-20 10:30:00,20.833,20.873,20.748,20.764,13019.38
2025-10-20 10:45:00,20.761,20.772,20.659,20.708,5072.13
2025-10-20 11:00:00,20.709,20.709,20.621,20.623,8784.88
2025-10-20 11:15:00,20.612,20.704,20.608,20.689,4594.50
2025-10-20 11:30:00,20.673,20.686,20.63,20.667,5892.16
2025-10-20 11:45:00,20.671,20.768,20.656,20.763,23082.55
2025-10-20 12:00:00,20.762,20.762,20.645,20.645,6999.17
2025-10-20 12:15:00,20.66,20.739,20.631,20.706,3272.71
2025-10-20 12:30:00,20.713,20.741,20.642,20.651,7487.60
2025-10-20 12:45:00,20.649,20.674,20.607,20.651,2528.81
2025-10-20 13:00:00,20.671,20.691,20.561,20.561,6644.01
2025-10-20 13:15:00,20.56,20.609,20.537,20.594,1419.08
2025-10-20 13:30:00,20.593,20.775,20.593,20.736,3851.01
2025-10-20 13:45:00,20.757,20.797,20.712,20.752,4448.99
2025-10-20 14:00:00,20.756,20.777,20.684,20.694,2933.79
2025-10-20 14:15:00,20.686,20.762,20.534,20.759,4204.73
2025-10-20 14:30:00,20.761,20.769,20.696,20.696,786.09
2025-10-20 14:45:00,20.708,20.75,20.708,20.717,486.71
2025-10-20 15:00:00,20.732,20.848,20.661,20.661,4022.44
2025-10-20 15:15:00,20.642,20.702,20.603,20.681,12745.23
2025-10-20 15:30:00,20.67,20.718,20.661,20.699,10442.08
2025-10-20 15:45:00,20.683,20.782,20.587,20.587,11727.15
2025-10-20 16:00:00,20.584,20.585,20.232,20.487,24212.04
2025-10-20 16:15:00,20.45,20.499,20.386,20.425,31605.48
2025-10-20 16:30:00,20.414,20.414,20.248,20.311,12387.13
2025-10-20 16:45:00,20.297,20.366,20.253,20.335,4419.61
2025-10-20 17:00:00,20.338,20.487,20.322,20.322,10878.68
2025-10-20 17:15:00,20.333,20.384,20.318,20.321,9506.23
2025-10-20 17:30:00,20.32,20.32,20.219,20.259,4252.30
2025-10-20 17:45:00,20.249,20.422,20.248,20.358,4733.97
2025-10-20 18:00:00,20.353,20.402,20.335,20.363,5295.27
2025-10-20 18:15:00,20.356,20.372,20.3,20.359,4969.58
2025-10-20 18:30:00,20.353,20.41,20.344,20.392,4577.13
2025-10-20 18:45:00,20.389,20.443,20.389,20.437,2436.13
2025-10-20 19:00:00,20.437,20.457,20.376,20.389,3804.03
2025-10-20 19:15:00,20.396,20.432,20.347,20.432,7206.01
2025-10-20 19:30:00,20.427,20.506,20.404,20.498,3659.28
2025-10-20 19:45:00,20.522,20.593,20.509,20.52,16376.25
2025-10-20 20:00:00,20.516,20.56,20.467,20.536,3460.18
2025-10-20 20:15:00,20.526,20.544,20.5,20.513,2492.59
2025-10-20 20:30:00,20.5,20.519,20.474,20.518,1033.80
2025-10-20 20:45:00,20.532,20.554,20.497,20.536,3662.18
2025-10-20 21:00:00,20.542,20.617,20.533,20.562,3161.78
2025-10-20 21:15:00,20.555,20.555,20.464,20.482,15486.19
2025-10-20 21:30:00,20.482,20.482,20.397,20.416,2855.53
2025-10-20 21:45:00,20.415,20.415,20.365,20.38,2520.64
2025-10-20 22:00:00,20.375,20.395,20.325,20.374,3556.81
2025-10-20 22:15:00,20.396,20.414,20.375,20.376,691.83
2025-10-20 22:30:00,20.381,20.437,20.372,20.431,1694.85
2025-10-20 22:45:00,20.432,20.432,20.405,20.413,249.52
2025-10-20 23:00:00,20.415,20.433,20.362,20.37,299.67
2025-10-20 23:15:00,20.376,20.411,20.372,20.411,8210.46
2025-10-20 23:30:00,20.411,20.416,20.35,20.354,3825.43
2025-10-20 23:45:00,20.35,20.366,20.319,20.343,5814.59
2025-10-21 00:00:00,20.329,20.329,20.261,20.263,1440.25
2025-10-21 00:15:00,20.269,20.332,20.269,20.32,1150.17
2025-10-21 00:30:00,20.328,20.358,20.291,20.354,3879.30
2025-10-21 00:45:00,20.351,20.351,20.282,20.288,421.53
2025-10-21 01:00:00,20.277,20.284,20.141,20.182,4756.34
2025-10-21 01:15:00,20.178,20.229,20.178,20.218,6488.17
2025-10-21 01:30:00,20.219,20.221,20.125,20.138,2302.83
2025-10-21 01:45:00,20.147,20.16,20.04,20.099,6816.64
2025-10-21 02:00:00,20.097,20.104,19.994,20.023,3420.27
2025-10-21 02:15:00,20.025,20.031,19.947,20.005,3527.10
2025-10-21 02:30:00,20.007,20.041,19.976,19.976,3472.13
2025-10-21 02:45:00,19.965,19.998,19.922,19.922,1451.86
2025-10-21 03:00:00,19.933,19.977,19.908,19.926,1501.35
2025-10-21 03:15:00,19.934,19.958,19.915,19.923,457.28
2025-10-21 03:30:00,19.912,19.927,19.885,19.897,1565.48
2025-10-21 03:45:00,19.889,19.89,19.817,19.843,858.08
2025-10-21 04:00:00,19.841,19.841,19.603,19.657,16444.49
2025-10-21 04:15:00,19.661,19.679,19.603,19.674,2181.69
2025-10-21 04:30:00,19.669,19.669,19.525,19.539,4240.65
2025-10-21 04:45:00,19.562,19.581,19.458,19.509,5925.55
2025-10-21 05:00:00,19.514,19.555,19.466,19.513,1393.71
2025-10-21 05:15:00,19.49,19.564,19.49,19.561,1244.61
2025-10-21 05:30:00,19.565,19.599,19.519,19.539,1968.93
2025-10-21 05:45:00,19.534,19.563,19.479,19.484,306.85
2025-10-21 06:00:00,19.488,19.517,19.48,19.481,1057.48
2025-10-21 06:15:00,19.477,19.624,19.477,19.616,2485.86
2025-10-21 06:30:00,19.612,19.646,19.602,19.602,270.92
2025-10-21 06:45:00,19.607,19.651,19.607,19.636,893.23
2025-10-21 07:00:00,19.629,19.657,19.58,19.58,961.98
2025-10-21 07:15:00,19.6,19.703,19.6,19.691,406.84
2025-10-21 07:30:00,19.695,19.735,19.688,19.712,1315.60
2025-10-21 07:45:00,19.703,19.759,19.699,19.754,3211.57
2025-10-21 08:00:00,19.763,19.766,19.679,19.69,4098.76
2025-10-21 08:15:00,19.686,19.715,19.659,19.684,1342.45
2025-10-21 08:30:00,19.684,19.684,19.594,19.607,3580.95
2025-10-21 08:45:00,19.6,19.76,19.587,19.73,10558.41
2025-10-21 09:00:00,19.728,19.76,19.703,19.754,4813.66
2025-10-21 09:15:00,19.749,19.824,19.742,19.806,4328.00
2025-10-21 09:30:00,19.793,19.819,19.785,19.804,9583.87
2025-10-21 09:45:00,19.806,19.83,19.777,19.788,635.17
2025-10-21 10:00:00,19.789,19.85,19.788,19.788,1113.42
2025-10-21 10:15:00,19.787,19.799,19.712,19.729,1909.61
2025-10-21 10:30:00,19.746,19.885,19.746,19.83,5493.33
2025-10-21 10:45:00,19.83,19.978,19.83,19.921,4197.32
2025-10-21 11:00:00,19.916,19.924,19.857,19.891,1190.13
2025-10-21 11:15:00,19.875,19.973,19.875,19.937,12464.69
2025-10-21 11:30:00,19.941,19.973,19.903,19.943,1725.55
2025-10-21 11:45:00,19.948,20.014,19.948,19.974,747.35
2025-10-21 12:00:00,19.975,19.981,19.928,19.967,1924.72
2025-10-21 12:15:00,19.975,20.136,19.969,20.068,3136.56
2025-10-21 12:30:00,20.07,20.168,20.045,20.15,2023.48
2025-10-21 12:45:00,20.143,20.145,20.001,20.006,13047.40
2025-10-21 13:00:00,20.024,20.048,19.888,19.989,8315.11
2025-10-21 13:15:00,20.006,20.007,19.947,19.986,4739.78
2025-10-21 13:30:00,19.984,20.04,19.893,19.938,5059.95
2025-10-21 13:45:00,19.933,19.933,19.811,19.865,3906.92
2025-10-21 14:00:00,19.874,20.177,19.861,20.163,20015.81
2025-10-21 14:15:00,20.121,20.337,20.119,20.148,11360.26
2025-10-21 14:30:00,20.129,20.23,20.129,20.172,4545.93
2025-10-21 14:45:00,20.158,20.566,20.125,20.535,18551.61
2025-10-21 15:00:00,20.55,20.72,20.45,20.671,42621.36
2025-10-21 15:15:00,20.678,20.832,20.624,20.77,30144.61
2025-10-21 15:30:00,20.804,20.821,20.608,20.777,9369.05
2025-10-21 15:45:00,20.783,20.808,20.707,20.753,3988.00
2025-10-21 16:00:00,20.764,20.819,20.652,20.816,12898.40
2025-10-21 16:15:00,20.821,20.835,20.756,20.801,5851.81
2025-10-21 16:30:00,20.81,20.824,20.677,20.703,4423.64
2025-10-21 16:45:00,20.709,20.77,20.354,20.398,27822.49
2025-10-21 17:00:00,20.405,20.511,20.369,20.459,16134.91
2025-10-21 17:15:00,20.459,20.463,20.24,20.408,19683.63
2025-10-21 17:30:00,20.412,20.486,20.351,20.473,9340.04
2025-10-21 17:45:00,20.47,20.499,20.424,20.441,8845.29
2025-10-21 18:00:00,20.441,20.505,20.331,20.374,11690.17
2025-10-21 18:15:00,20.369,20.476,20.358,20.418,5049.64
2025-10-21 18:30:00,20.395,20.421,20.345,20.398,3279.23
2025-10-21 18:45:00,20.407,20.478,20.407,20.478,3192.66
2025-10-21 19:00:00,20.467,20.499,20.428,20.499,5945.59
2025-10-21 19:15:00,20.516,20.522,20.397,20.449,3435.55
2025-10-21 19:30:00,20.438,20.49,20.423,20.456,4463.40
2025-10-21 19:45:00,20.46,20.478,20.39,20.39,6111.74
2025-10-21 20:00:00,20.391,20.415,20.245,20.292,6151.27
2025-10-21 20:15:00,20.294,20.294,20.115,20.19,14519.32
2025-10-21 20:30:00,20.181,20.207,20.131,20.187,6020.21
2025-10-21 20:45:00,20.17,20.191,20.124,20.15,2024.64
2025-10-21 21:00:00,20.124,20.174,20.109,20.168,3964.69
2025-10-21 21:15:00,20.177,20.177,19.837,20.006,26475.78
2025-10-21 21:30:00,19.993,20.078,19.975,20.067,4435.37
2025-10-21 21:45:00,20.063,20.093,20.063,20.082,707.06
2025-10-21 22:00:00,20.077,20.079,19.95,20.031,1732.97
2025-10-21 22:15:00,20.031,20.06,19.868,19.879,13158.12
2025-10-21 22:30:00,19.89,19.908,19.709,19.82,19479.80
2025-10-21 22:45:00,19.808,19.895,19.747,19.763,6753.68
2025-10-21 23:00:00,19.734,19.802,19.72,19.786,19359.00
2025-10-21 23:15:00,19.777,19.799,19.686,19.675,3811.18
2025-10-21 23:30:00,19.669,19.67,19.469,19.512,8405.59
2025-10-21 23:45:00,19.517,19.576,19.48,19.525,17595.88
2025-10-22 00:00:00,19.524,19.64,19.495,19.619,6705.98
2025-10-22 00:15:00,19.611,19.611,19.471,19.476,3291.91
2025-10-22 00:30:00,19.515,19.582,19.366,19.464,14927.53
2025-10-22 00:45:00,19.468,19.485,19.359,19.367,4853.58
2025-10-22 01:00:00,19.371,19.549,19.338,19.527,5235.72
2025-10-22 01:15:00,19.481,19.495,19.405,19.49,3110.33
2025-10-22 01:30:00,19.483,19.499,19.435,19.499,2043.44
2025-10-22 01:45:00,19.508,19.571,19.458,19.533,4584.16
2025-10-22 02:00:00,19.546,19.577,19.518,19.573,3646.30
2025-10-22 02:15:00,19.597,19.597,19.528,19.553,13966.15
2025-10-22 02:30:00,19.546,19.549,19.501,19.504,2649.57
2025-10-22 02:45:00,19.494,19.499,19.451,19.452,2029.35
2025-10-22 03:00:00,19.45,19.451,19.367,19.375,3907.09
2025-10-22 03:15:00,19.381,19.438,19.353,19.438,3618.68
2025-10-22 03:30:00,19.413,19.426,19.339,19.38,2451.22
2025-10-22 03:45:00,19.38,19.43,19.352,19.429,799.56
2025-10-22 04:00:00,19.437,19.555,19.429,19.486,5727.44
2025-10-22 04:15:00,19.502,19.518,19.465,19.479,4068.93
2025-10-22 04:30:00,19.492,19.554,19.476,19.53,3215.05
2025-10-22 04:45:00,19.538,19.587,19.524,19.586,3779.38
2025-10-22 05:00:00,19.575,19.636,19.516,19.53,5813.91
2025-10-22 05:15:00,19.536,19.536,19.286,19.37,9726.60
2025-10-22 05:30:00,19.353,19.412,19.339,19.406,2347.32
2025-10-22 05:45:00,19.408,19.459,19.374,19.428,2845.72
2025-10-22 06:00:00,19.427,19.433,19.39,19.433,2663.72
2025-10-22 06:15:00,19.429,19.481,19.406,19.414,3476.64
2025-10-22 06:30:00,19.438,19.495,19.432,19.47,1906.99
2025-10-22 06:45:00,19.465,19.471,19.403,19.403,765.86
2025-10-22 07:00:00,19.4,19.403,19.332,19.336,2311.14
2025-10-22 07:15:00,19.346,19.427,19.346,19.417,1316.01
2025-10-22 07:30:00,19.407,19.528,19.407,19.494,1197.98
2025-10-22 07:45:00,19.496,19.575,19.48,19.564,2339.35
2025-10-22 08:00:00,19.552,19.552,19.497,19.497,4920.92
2025-10-22 08:15:00,19.492,19.542,19.475,19.526,1601.97
2025-10-22 08:30:00,19.515,19.617,19.493,19.617,3696.27
2025-10-22 08:45:00,19.633,19.671,19.581,19.581,2649.25
2025-10-22 09:00:00,19.58,19.61,19.495,19.495,1956.39
2025-10-22 09:15:00,19.498,19.511,19.433,19.495,3083.28
2025-10-22 09:30:00,19.497,19.515,19.379,19.38,1214.66
2025-10-22 09:45:00,19.363,19.438,19.357,19.419,1523.15
2025-10-22 10:00:00,19.418,19.482,19.38,19.439,1718.24
2025-10-22 10:15:00,19.442,19.472,19.372,19.411,1588.60
2025-10-22 10:30:00,19.405,19.405,19.345,19.368,391.69
2025-10-22 10:45:00,19.362,19.421,19.348,19.382,6176.27
2025-10-22 11:00:00,19.397,19.559,19.15,19.537,53008.69
2025-10-22 11:15:00,19.528,19.609,19.469,19.5,5128.51
2025-10-22 11:30:00,19.523,19.592,19.519,19.54,3495.95
2025-10-22 11:45:00,19.538,19.573,19.501,19.573,2829.57
2025-10-22 12:00:00,19.57,19.595,19.51,19.54,1912.85
2025-10-22 12:15:00,19.559,19.674,19.555,19.611,10764.06
2025-10-22 12:30:00,19.61,19.639,19.586,19.586,352.89
2025-10-22 12:45:00,19.57,19.57,19.495,19.5,1585.63
2025-10-22 13:00:00,19.512,19.592,19.469,19.582,1423.30
2025-10-22 13:15:00,19.548,19.569,19.498,19.498,498.10
2025-10-22 13:30:00,19.496,19.555,19.4,19.453,10278.68
2025-10-22 13:45:00,19.465,19.675,19.412,19.656,7709.34
2025-10-22 14:00:00,19.634,19.635,19.471,19.502,9874.90
2025-10-22 14:15:00,19.49,19.515,19.292,19.345,10331.34
2025-10-22 14:30:00,19.362,19.422,19.25,19.337,4769.53
2025-10-22 14:45:00,19.344,19.6,19.277,19.599,13966.89
2025-10-22 15:00:00,19.613,19.708,19.491,19.495,11764.16
2025-10-22 15:15:00,19.475,19.475,19.37,19.399,7102.90
2025-10-22 15:30:00,19.41,19.555,19.377,19.554,4522.03
2025-10-22 15:45:00,19.591,19.591,19.508,19.517,2474.02
2025-10-22 16:00:00,19.529,19.581,19.449,19.458,7016.48
2025-10-22 16:15:00,19.455,19.52,19.379,19.482,4693.46
2025-10-22 16:30:00,19.51,19.578,19.33,19.477,24707.46
2025-10-22 16:45:00,19.495,19.541,19.408,19.439,7371.88
2025-10-22 17:00:00,19.437,19.5,19.42,19.457,3561.41
2025-10-22 17:15:00,19.453,19.458,19.391,19.408,2245.60
2025-10-22 17:30:00,19.411,19.444,19.325,19.334,1387.09
2025-10-22 17:45:00,19.336,19.379,19.24,19.284,12907.42
2025-10-22 18:00:00,19.286,19.337,19.23,19.23,2695.03
2025-10-22 18:15:00,19.22,19.302,19.168,19.271,4616.07
2025-10-22 18:30:00,19.269,19.314,19.217,19.217,2757.57
2025-10-22 18:45:00,19.208,19.237,19.182,19.182,1551.34
2025-10-22 19:00:00,19.208,19.385,19.207,19.306,4319.26
2025-10-22 19:15:00,19.331,19.37,19.307,19.311,809.54
2025-10-22 19:30:00,19.322,19.337,19.24,19.24,382.23
2025-10-22 19:45:00,19.222,19.245,18.81,19.06,28687.37
2025-10-22 20:00:00,19.059,19.093,18.97,19.0,4590.36
2025-10-22 20:15:00,18.976,18.979,18.92,18.941,3529.71
2025-10-22 20:30:00,18.943,19.034,18.868,19.034,4439.51
2025-10-22 20:45:00,19.016,19.016,18.889,18.922,1753.70
2025-10-22 21:00:00,18.92,18.92,18.444,18.609,72037.23
2025-10-22 21:15:00,18.61,18.752,18.584,18.584,8528.77
2025-10-22 21:30:00,18.573,18.671,18.537,18.616,7648.28
2025-10-22 21:45:00,18.614,18.717,18.614,18.66,3630.21
2025-10-22 22:00:00,18.666,18.804,18.655,18.762,4079.39
2025-10-22 22:15:00,18.772,18.772,18.637,18.643,2746.23
2025-10-22 22:30:00,18.653,18.767,18.653,18.764,2244.11
2025-10-22 22:45:00,18.749,18.77,18.689,18.747,4351.20
2025-10-22 23:00:00,18.739,18.853,18.739,18.849,2907.39
2025-10-22 23:15:00,18.851,19.011,18.851,18.929,5540.88
2025-10-22 23:30:00,18.951,19.016,18.947,18.97,1807.45
2025-10-22 23:45:00,18.978,19.017,18.968,19.001,4271.95
2025-10-23 00:00:00,19.002,19.023,18.988,19.023,4294.65
2025-10-23 00:15:00,19.025,19.046,18.965,18.997,4514.67
2025-10-23 00:30:00,18.999,19.076,18.999,19.023,4174.02
2025-10-23 00:45:00,19.021,19.046,18.998,19.028,2790.19
2025-10-23 01:00:00,19.036,19.123,19.031,19.089,4077.87
2025-10-23 01:15:00,19.096,19.138,19.023,19.042,1985.92
2025-10-23 01:30:00,19.063,19.101,19.052,19.079,1042.50
2025-10-23 01:45:00,19.076,19.086,19.055,19.072,2168.72
2025-10-23 02:00:00,19.087,19.103,19.076,19.099,3714.48
2025-10-23 02:15:00,19.099,19.189,19.099,19.127,3073.90
2025-10-23 02:30:00,19.128,19.153,19.107,19.126,6412.97
2025-10-23 02:45:00,19.126,19.129,19.084,19.101,789.37
2025-10-23 03:00:00,19.1,19.138,19.099,19.121,1804.53
2025-10-23 03:15:00,19.12,19.153,19.117,19.149,561.42
2025-10-23 03:30:00,19.157,19.157,19.076,19.079,2174.88
2025-10-23 03:45:00,19.076,19.11,19.064,19.095,2010.88
2025-10-23 04:00:00,19.101,19.116,19.084,19.088,5769.69
2025-10-23 04:15:00,19.093,19.169,19.093,19.159,3069.68
2025-10-23 04:30:00,19.158,19.223,19.122,19.222,4414.13
2025-10-23 04:45:00,19.213,19.214,19.179,19.186,1757.64
2025-10-23 05:00:00,19.186,19.244,19.184,19.242,2018.23
2025-10-23 05:15:00,19.244,19.245,19.208,19.228,763.20
2025-10-23 05:30:00,19.227,19.247,19.224,19.237,1288.78
2025-10-23 05:45:00,19.235,19.32,19.221,19.32,2018.09
2025-10-23 06:00:00,19.327,19.333,19.287,19.329,1561.90
2025-10-23 06:15:00,19.345,19.532,19.345,19.5,8243.88
2025-10-23 06:30:00,19.507,19.525,19.477,19.509,3192.31
2025-10-23 06:45:00,19.508,19.562,19.503,19.55,2591.66
2025-10-23 07:00:00,19.556,19.563,19.471,19.472,5173.25
2025-10-23 07:15:00,19.477,19.501,19.441,19.486,2224.30
2025-10-23 07:30:00,19.492,19.51,19.467,19.494,2809.33
2025-10-23 07:45:00,19.526,19.564,19.526,19.53,4879.49
2025-10-23 08:00:00,19.542,19.599,19.542,19.592,4507.00
2025-10-23 08:15:00,19.592,19.602,19.54,19.554,5805.18
2025-10-23 08:30:00,19.557,19.557,19.504,19.539,6095.37
2025-10-23 08:45:00,19.54,19.562,19.506,19.509,2004.22
2025-10-23 09:00:00,19.513,19.52,19.467,19.467,2275.94
2025-10-23 09:15:00,19.488,19.526,19.475,19.511,1846.76
2025-10-23 09:30:00,19.515,19.527,19.491,19.527,3367.59
2025-10-23 09:45:00,19.519,19.548,19.487,19.536,5854.61
2025-10-23 10:00:00,19.55,19.572,19.541,19.566,3186.35
2025-10-23 10:15:00,19.579,19.592,19.561,19.573,2591.88
2025-10-23 10:30:00,19.569,19.572,19.538,19.545,2192.89
2025-10-23 10:45:00,19.536,19.542,19.516,19.522,1718.37
2025-10-23 11:00:00,19.515,19.524,19.446,19.474,3796.03
2025-10-23 11:15:00,19.473,19.509,19.439,19.493,12545.51
2025-10-23 11:30:00,19.485,19.485,19.412,19.42,2580.44
2025-10-23 11:45:00,19.422,19.425,19.395,19.408,2609.77
2025-10-23 12:00:00,19.406,19.406,19.255,19.337,17683.13
2025-10-23 12:15:00,19.329,19.403,19.314,19.385,6053.06
2025-10-23 12:30:00,19.37,19.37,19.314,19.339,2427.66
2025-10-23 12:45:00,19.35,19.369,19.307,19.369,3346.26
2025-10-23 13:00:00,19.371,19.371,19.255,19.341,4530.65
2025-10-23 13:15:00,19.339,19.376,19.323,19.355,3292.20
2025-10-23 13:30:00,19.365,19.473,19.345,19.382,11433.94
2025-10-23 13:45:00,19.383,19.437,19.35,19.424,1437.42
2025-10-23 14:00:00,19.425,19.428,19.291,19.294,4126.09
2025-10-23 14:15:00,19.276,19.393,19.275,19.352,6546.24
2025-10-23 14:30:00,19.357,19.476,19.349,19.398,2543.54
2025-10-23 14:45:00,19.406,19.429,19.382,19.41,686.05
2025-10-23 15:00:00,19.426,19.556,19.389,19.487,9548.56
2025-10-23 15:15:00,19.505,19.514,19.432,19.505,1631.59
2025-10-23 15:30:00,19.51,19.61,19.503,19.52,10392.92
2025-10-23 15:45:00,19.52,19.587,19.52,19.544,2973.17
2025-10-23 16:00:00,19.547,19.588,19.532,19.561,4644.39
2025-10-23 16:15:00,19.561,19.582,19.527,19.54,2430.96
2025-10-23 16:30:00,19.554,19.576,19.533,19.561,750.22
2025-10-23 16:45:00,19.561,19.731,19.557,19.685,8772.47
2025-10-23 17:00:00,19.685,19.688,19.542,19.567,8833.33
2025-10-23 17:15:00,19.565,19.604,19.525,19.551,8088.25
2025-10-23 17:30:00,19.55,19.732,19.542,19.67,21764.91
2025-10-23 17:45:00,19.679,19.719,19.652,19.67,4709.01
2025-10-23 18:00:00,19.677,19.687,19.61,19.61,4533.80
2025-10-23 18:15:00,19.617,19.636,19.579,19.579,5846.52
2025-10-23 18:30:00,19.567,19.586,19.517,19.523,5414.26
2025-10-23 18:45:00,19.525,19.526,19.475,19.502,6185.93
2025-10-23 19:00:00,19.502,19.502,19.409,19.469,4790.74
2025-10-23 19:15:00,19.459,19.521,19.427,19.504,5554.75
2025-10-23 19:30:00,19.501,19.501,19.371,19.372,12639.77
2025-10-23 19:45:00,19.372,19.421,19.37,19.37,1867.86
2025-10-23 20:00:00,19.373,19.373,19.28,19.315,11175.16
2025-10-23 20:15:00,19.315,19.338,19.305,19.319,4095.72
2025-10-23 20:30:00,19.319,19.338,19.27,19.282,17041.43
2025-10-23 20:45:00,19.272,19.272,19.09,19.143,53859.42
2025-10-23 21:00:00,19.119,19.194,19.117,19.175,5841.48
2025-10-23 21:15:00,19.187,19.187,19.135,19.138,1575.42
2025-10-23 21:30:00,19.129,19.162,19.108,19.109,2552.31
2025-10-23 21:45:00,19.109,19.139,19.08,19.099,4251.96
2025-10-23 22:00:00,19.097,19.141,19.083,19.098,4025.61
2025-10-23 22:15:00,19.102,19.129,19.081,19.098,822.12
2025-10-23 22:30:00,19.138,19.164,19.097,19.097,2678.91
2025-10-23 22:45:00,19.088,19.1,19.053,19.053,1683.38
2025-10-23 23:00:00,19.053,19.067,19.02,19.043,9335.92
2025-10-23 23:15:00,19.042,19.042,18.975,19.027,5475.44
2025-10-23 23:30:00,19.029,19.055,19.004,19.046,21953.21
2025-10-23 23:45:00,19.049,19.133,19.049,19.118,3905.15
2025-10-24 00:00:00,19.12,19.153,19.02,19.092,9574.20
2025-10-24 00:15:00,19.102,19.145,19.041,19.043,32842.09
2025-10-24 00:30:00,19.071,19.235,19.071,19.183,18085.46
2025-10-24 00:45:00,19.204,19.267,19.199,19.212,5356.02
2025-10-24 01:00:00,19.215,19.252,19.2,19.201,2404.87
2025-10-24 01:15:00,19.201,19.201,19.085,19.085,1664.58
2025-10-24 01:30:00,19.079,19.163,19.07,19.163,1776.39
2025-10-24 01:45:00,19.175,19.21,19.166,19.195,8344.91
2025-10-24 02:00:00,19.203,19.205,19.164,19.186,3019.71
2025-10-24 02:15:00,19.187,19.201,19.097,19.111,4890.12
2025-10-24 02:30:00,19.114,19.181,19.111,19.174,4173.12
2025-10-24 02:45:00,19.177,19.217,19.176,19.18,3704.82
2025-10-24 03:00:00,19.182,19.19,19.125,19.14,9392.38
2025-10-24 03:15:00,19.133,19.186,19.121,19.184,3438.67
2025-10-24 03:30:00,19.176,19.184,19.15,19.166,983.32
2025-10-24 03:45:00,19.165,19.213,19.142,19.202,1554.77
2025-10-24 04:00:00,19.206,19.245,19.17,19.242,560.44
2025-10-24 04:15:00,19.246,19.43,19.241,19.423,2380.55
2025-10-24 04:30:00,19.433,19.615,19.426,19.583,10924.22
2025-10-24 04:45:00,19.575,19.609,19.541,19.542,21401.98
2025-10-24 05:00:00,19.555,19.614,19.517,19.608,3904.42
2025-10-24 05:15:00,19.616,19.637,19.558,19.578,9545.50
2025-10-24 05:30:00,19.572,19.612,19.545,19.593,4809.31
2025-10-24 05:45:00,19.593,19.653,19.593,19.61,224.35
2025-10-24 06:00:00,19.609,19.61,19.559,19.58,3201.62
2025-10-24 06:15:00,19.585,19.615,19.552,19.615,7060.13
2025-10-24 06:30:00,19.624,19.625,19.578,19.58,719.14
2025-10-24 06:45:00,19.585,19.623,19.567,19.623,880.16
2025-10-24 07:00:00,19.617,19.619,19.537,19.548,6113.69
2025-10-24 07:15:00,19.542,19.56,19.522,19.553,2229.29
2025-10-24 07:30:00,19.553,19.556,19.466,19.466,4113.91
2025-10-24 07:45:00,19.456,19.488,19.409,19.488,4907.83
2025-10-24 08:00:00,19.487,19.52,19.412,19.493,2673.32
2025-10-24 08:15:00,19.49,19.554,19.452,19.546,9665.89
2025-10-24 08:30:00,19.539,19.637,19.51,19.637,13811.87
2025-10-24 08:45:00,19.638,19.667,19.597,19.598,3898.57
2025-10-24 09:00:00,19.599,19.605,19.545,19.589,3303.54
2025-10-24 09:15:00,19.585,19.617,19.581,19.606,3932.87
2025-10-24 09:30:00,19.611,19.621,19.566,19.606,8292.92
2025-10-24 09:45:00,19.603,19.61,19.55,19.565,1155.68
2025-10-24 10:00:00,19.572,19.573,19.525,19.566,2663.87
2025-10-24 10:15:00,19.568,19.568,19.513,19.531,1088.26
2025-10-24 10:30:00,19.53,19.563,19.524,19.547,1394.73
2025-10-24 10:45:00,19.538,19.543,19.488,19.49,10495.86
2025-10-24 11:00:00,19.5,19.51,19.472,19.509,1618.91
2025-10-24 11:15:00,19.509,19.509,19.445,19.482,12207.89
2025-10-24 11:30:00,19.492,19.498,19.372,19.46,8320.72
2025-10-24 11:45:00,19.46,19.488,19.43,19.484,3447.72
2025-10-24 12:00:00,19.491,19.563,19.491,19.548,1653.08
2025-10-24 12:15:00,19.54,19.57,19.473,19.561,5378.94
2025-10-24 12:30:00,19.548,19.924,19.54,19.684,46282.34
2025-10-24 12:45:00,19.686,19.688,19.551,19.609,6731.38
2025-10-24 13:00:00,19.61,19.66,19.58,19.605,6544.49
2025-10-24 13:15:00,19.6,19.654,19.59,19.624,5451.73
2025-10-24 13:30:00,19.62,19.64,19.512,19.52,11485.61
2025-10-24 13:45:00,19.519,19.644,19.482,19.635,19739.40
2025-10-24 14:00:00,19.629,19.629,19.47,19.546,4772.47
2025-10-24 14:15:00,19.54,19.54,19.263,19.333,17155.01
2025-10-24 14:30:00,19.334,19.367,19.269,19.322,5676.88
2025-10-24 14:45:00,19.328,19.328,19.25,19.298,3493.88
2025-10-24 15:00:00,19.298,19.367,19.253,19.356,5447.53
2025-10-24 15:15:00,19.364,19.437,19.329,19.389,3003.83
2025-10-24 15:30:00,19.396,19.402,19.287,19.306,4485.13
2025-10-24 15:45:00,19.298,19.298,19.217,19.252,5907.00
2025-10-24 16:00:00,19.258,19.271,19.207,19.271,4586.48
2025-10-24 16:15:00,19.285,19.349,19.214,19.257,6644.62
2025-10-24 16:30:00,19.251,19.251,19.122,19.179,6348.26
2025-10-24 16:45:00,19.183,19.204,19.164,19.203,1332.83
2025-10-24 17:00:00,19.207,19.294,19.201,19.23,3942.92
2025-10-24 17:15:00,19.223,19.332,19.223,19.302,3701.20
2025-10-24 17:30:00,19.306,19.315,19.25,19.25,1228.58
2025-10-24 17:45:00,19.269,19.285,19.233,19.242,2248.32
2025-10-24 18:00:00,19.241,19.322,19.23,19.313,2579.67
2025-10-24 18:15:00,19.323,19.358,19.318,19.337,3748.80
2025-10-24 18:30:00,19.338,19.359,19.319,19.339,4970.39
2025-10-24 18:45:00,19.342,19.389,19.322,19.389,1549.18
2025-10-24 19:00:00,19.391,19.505,19.389,19.494,3693.01
2025-10-24 19:15:00,19.497,19.557,19.496,19.557,5849.47
2025-10-24 19:30:00,19.549,19.55,19.491,19.548,5921.07
2025-10-24 19:45:00,19.537,19.538,19.495,19.514,14397.79
2025-10-24 20:00:00,19.511,19.555,19.502,19.522,4055.48
2025-10-24 20:15:00,19.52,19.614,19.52,19.613,3698.96
2025-10-24 20:30:00,19.616,19.632,19.579,19.596,7926.74
2025-10-24 20:45:00,19.606,19.614,19.559,19.567,454.56
2025-10-24 21:00:00,19.588,19.607,19.529,19.532,3468.58
2025-10-24 21:15:00,19.53,19.602,19.528,19.561,3718.40
2025-10-24 21:30:00,19.568,19.589,19.564,19.588,1281.53
2025-10-24 21:45:00,19.599,19.619,19.588,19.597,1056.14
2025-10-24 22:00:00,19.609,19.612,19.564,19.565,1139.80
2025-10-24 22:15:00,19.565,19.616,19.563,19.596,324.67
2025-10-24 22:30:00,19.592,19.608,19.561,19.563,1167.14
2025-10-24 22:45:00,19.565,19.565,19.53,19.554,499.10
2025-10-24 23:00:00,19.544,19.544,19.484,19.484,5600.59
2025-10-24 23:15:00,19.476,19.506,19.476,19.49,1020.13
2025-10-24 23:30:00,19.497,19.52,19.466,19.482,6372.86
2025-10-24 23:45:00,19.479,19.495,19.474,19.493,1950.39
2025-10-25 00:00:00,19.489,19.517,19.45,19.464,2767.38
2025-10-25 00:15:00,19.451,19.451,19.407,19.409,267.22
2025-10-25 00:30:00,19.409,19.422,19.375,19.395,893.01
2025-10-25 00:45:00,19.41,19.47,19.4,19.409,1033.55
2025-10-25 01:00:00,19.413,19.423,19.374,19.419,856.14
2025-10-25 01:15:00,19.421,19.471,19.391,19.471,422.68
2025-10-25 01:30:00,19.477,19.512,19.404,19.41,277.54
2025-10-25 01:45:00,19.412,19.437,19.409,19.431,120.49
2025-10-25 02:00:00,19.44,19.442,19.401,19.401,95.94
2025-10-25 02:15:00,19.402,19.424,19.402,19.411,188.37
2025-10-25 02:30:00,19.41,19.412,19.376,19.391,3796.58
2025-10-25 02:45:00,19.392,19.452,19.387,19.391,6918.98
2025-10-25 03:00:00,19.389,19.392,19.335,19.36,739.08
2025-10-25 03:15:00,19.367,19.404,19.365,19.375,1202.61
2025-10-25 03:30:00,19.373,19.377,19.349,19.372,188.16
2025-10-25 03:45:00,19.37,19.37,19.322,19.332,2768.77
2025-10-25 04:00:00,19.329,19.36,19.323,19.356,1051.30
2025-10-25 04:15:00,19.362,19.408,19.353,19.356,2217.87
2025-10-25 04:30:00,19.357,19.365,19.317,19.321,475.50
2025-10-25 04:45:00,19.323,19.357,19.321,19.323,631.14
2025-10-25 05:00:00,19.325,19.354,19.31,19.324,1166.73
2025-10-25 05:15:00,19.322,19.36,19.311,19.334,397.81
2025-10-25 05:30:00,19.336,19.349,19.321,19.331,329.00
2025-10-25 05:45:00,19.331,19.366,19.323,19.351,536.90
2025-10-25 06:00:00,19.355,19.373,19.327,19.341,2109.67
2025-10-25 06:15:00,19.34,19.35,19.316,19.329,81.76
2025-10-25 06:30:00,19.326,19.33,19.294,19.304,329.69
2025-10-25 06:45:00,19.306,19.318,19.296,19.307,1533.58
2025-10-25 07:00:00,19.308,19.328,19.302,19.322,4454.81
2025-10-25 07:15:00,19.324,19.4,19.324,19.386,4026.81
2025-10-25 07:30:00,19.396,19.449,19.341,19.357,1335.75
2025-10-25 07:45:00,19.353,19.363,19.326,19.349,2422.60
2025-10-25 08:00:00,19.351,19.377,19.341,19.377,1545.20
2025-10-25 08:15:00,19.377,19.419,19.37,19.407,878.77
2025-10-25 08:30:00,19.409,19.41,19.376,19.385,287.92
2025-10-25 08:45:00,19.385,19.425,19.384,19.425,766.30
2025-10-25 09:00:00,19.435,19.441,19.396,19.432,4219.73
2025-10-25 09:15:00,19.423,19.429,19.344,19.356,2362.31
2025-10-25 09:30:00,19.358,19.377,19.332,19.375,1015.73
2025-10-25 09:45:00,19.373,19.373,19.316,19.33,2518.36
2025-10-25 10:00:00,19.33,19.343,19.238,19.244,3794.26
2025-10-25 10:15:00,19.254,19.309,19.254,19.292,1382.20
2025-10-25 10:30:00,19.282,19.324,19.274,19.314,1704.83
2025-10-25 10:45:00,19.303,19.313,19.278,19.291,714.43
2025-10-25 11:00:00,19.289,19.32,19.268,19.283,1175.00
2025-10-25 11:15:00,19.278,19.338,19.276,19.335,302.48
2025-10-25 11:30:00,19.335,19.342,19.306,19.329,242.30
2025-10-25 11:45:00,19.326,19.357,19.325,19.333,2864.19
2025-10-25 12:00:00,19.326,19.414,19.319,19.41,3346.55
2025-10-25 12:15:00,19.411,19.467,19.391,19.452,6988.63
2025-10-25 12:30:00,19.45,19.479,19.433,19.479,6517.85
2025-10-25 12:45:00,19.485,19.548,19.485,19.544,5716.63
2025-10-25 13:00:00,19.539,19.543,19.465,19.472,2400.61
2025-10-25 13:15:00,19.475,19.513,19.457,19.474,4091.19
2025-10-25 13:30:00,19.479,19.509,19.454,19.494,7032.95
2025-10-25 13:45:00,19.485,19.511,19.462,19.505,4934.82
2025-10-25 14:00:00,19.503,19.506,19.465,19.481,2428.22
2025-10-25 14:15:00,19.479,19.54,19.473,19.516,1270.43
2025-10-25 14:30:00,19.502,19.543,19.474,19.514,770.13
2025-10-25 14:45:00,19.51,19.548,19.489,19.546,13174.66
2025-10-25 15:00:00,19.541,19.544,19.482,19.497,1457.90
2025-10-25 15:15:00,19.502,19.533,19.502,19.52,735.86
2025-10-25 15:30:00,19.523,19.547,19.482,19.51,3234.86
2025-10-25 15:45:00,19.512,19.539,19.504,19.514,2524.16
2025-10-25 16:00:00,19.52,19.533,19.496,19.508,1747.45
2025-10-25 16:15:00,19.502,19.52,19.482,19.5,3660.07
2025-10-25 16:30:00,19.496,19.52,19.487,19.493,641.37
2025-10-25 16:45:00,19.493,19.513,19.451,19.486,3905.67
2025-10-25 17:00:00,19.483,19.535,19.469,19.53,3083.74
2025-10-25 17:15:00,19.529,19.529,19.502,19.516,2929.78
2025-10-25 17:30:00,19.523,19.537,19.495,19.516,1969.56
2025-10-25 17:45:00,19.51,19.52,19.504,19.517,2465.43
2025-10-25 18:00:00,19.512,19.569,19.499,19.569,8218.90
2025-10-25 18:15:00,19.56,19.615,19.556,19.607,2339.31
2025-10-25 18:30:00,19.607,19.674,19.599,19.665,4185.75
2025-10-25 18:45:00,19.675,19.707,19.671,19.706,3183.57
2025-10-25 19:00:00,19.709,19.73,19.706,19.71,13700.75
2025-10-25 19:15:00,19.714,19.755,19.711,19.746,2044.84
2025-10-25 19:30:00,19.747,19.829,19.745,19.747,4668.41
2025-10-25 19:45:00,19.744,19.755,19.72,19.738,4086.31
2025-10-25 20:00:00,19.742,19.761,19.725,19.725,2600.95
2025-10-25 20:15:00,19.725,19.752,19.717,19.74,1054.91
2025-10-25 20:30:00,19.738,19.738,19.666,19.717,1420.10
2025-10-25 20:45:00,19.714,19.726,19.667,19.667,287.38
2025-10-25 21:00:00,19.677,19.699,19.665,19.666,1667.33
2025-10-25 21:15:00,19.67,19.704,19.632,19.69,3834.24
2025-10-25 21:30:00,19.682,19.682,19.658,19.667,970.11
2025-10-25 21:45:00,19.67,19.692,19.656,19.689,522.05
2025-10-25 22:00:00,19.696,19.702,19.649,19.672,1339.01
2025-10-25 22:15:00,19.666,19.704,19.666,19.696,1720.83
2025-10-25 22:30:00,19.705,19.748,19.695,19.748,2146.92
2025-10-25 22:45:00,19.749,19.765,19.723,19.754,410.54
2025-10-25 23:00:00,19.756,19.756,19.718,19.735,1447.82
2025-10-25 23:15:00,19.739,19.739,19.697,19.718,1446.66
2025-10-25 23:30:00,19.718,19.736,19.69,19.723,757.28
2025-10-25 23:45:00,19.717,19.737,19.696,19.715,491.88
2025-10-26 00:00:00,19.715,19.718,19.633,19.667,1848.84
2025-10-26 00:15:00,19.675,19.698,19.659,19.693,1805.11
2025-10-26 00:30:00,19.694,19.787,19.685,19.749,2311.81
2025-10-26 00:45:00,19.755,19.768,19.668,19.668,1065.27
2025-10-26 01:00:00,19.672,19.686,19.651,19.651,1582.10
2025-10-26 01:15:00,19.646,19.666,19.583,19.585,3782.89
2025-10-26 01:30:00,19.583,19.616,19.572,19.602,794.66
2025-10-26 01:45:00,19.604,19.609,19.462,19.524,4009.97
2025-10-26 02:00:00,19.513,19.533,19.481,19.514,1231.06
2025-10-26 02:15:00,19.512,19.532,19.455,19.483,2172.60
2025-10-26 02:30:00,19.483,19.492,19.424,19.442,3056.39
2025-10-26 02:45:00,19.443,19.455,19.373,19.416,1968.78
2025-10-26 03:00:00,19.416,19.416,19.377,19.397,503.19
2025-10-26 03:15:00,19.387,19.426,19.38,19.426,1811.42
2025-10-26 03:30:00,19.416,19.416,19.357,19.359,1366.06
2025-10-26 03:45:00,19.36,19.386,19.338,19.37,729.41
2025-10-26 04:00:00,19.379,19.439,19.363,19.439,749.08
2025-10-26 04:15:00,19.434,19.508,19.417,19.493,1370.59
2025-10-26 04:30:00,19.493,19.517,19.434,19.459,1729.70
2025-10-26 04:45:00,19.458,19.488,19.452,19.476,625.33
2025-10-26 05:00:00,19.478,19.526,19.443,19.517,3331.89
2025-10-26 05:15:00,19.513,19.564,19.513,19.563,466.17
2025-10-26 05:30:00,19.559,19.63,19.552,19.621,1462.53
2025-10-26 05:45:00,19.616,19.664,19.616,19.654,1600.44
2025-10-26 06:00:00,19.651,19.665,19.633,19.662,3639.04
2025-10-26 06:15:00,19.658,19.687,19.636,19.657,3977.31
2025-10-26 06:30:00,19.668,19.679,19.598,19.617,3213.25
2025-10-26 06:45:00,19.616,19.655,19.606,19.654,579.07
2025-10-26 07:00:00,19.649,19.692,19.627,19.689,1068.90
2025-10-26 07:15:00,19.688,19.695,19.668,19.671,196.49
2025-10-26 07:30:00,19.674,19.715,19.671,19.704,1715.06
2025-10-26 07:45:00,19.698,19.715,19.681,19.705,1351.94
2025-10-26 08:00:00,19.7,20.107,19.7,20.056,11701.74
2025-10-26 08:15:00,20.057,20.09,19.9,19.905,9829.86
2025-10-26 08:30:00,19.9,19.924,19.875,19.902,1793.10
2025-10-26 08:45:00,19.907,20.042,19.907,20.006,2655.27
2025-10-26 09:00:00,20.003,20.133,19.925,19.926,7268.37
2025-10-26 09:15:00,19.926,20.099,19.925,20.087,4678.90
2025-10-26 09:30:00,20.093,20.114,19.995,20.019,6762.53
2025-10-26 09:45:00,20.019,20.087,19.977,20.087,6147.75
2025-10-26 10:00:00,20.065,20.085,19.99,20.023,2328.52
2025-10-26 10:15:00,20.024,20.033,19.992,20.012,6071.74
2025-10-26 10:30:00,20.012,20.019,19.971,19.993,1600.29
2025-10-26 10:45:00,19.99,20.012,19.966,19.989,6422.93
2025-10-26 11:00:00,19.989,20.004,19.913,19.939,2161.69
2025-10-26 11:15:00,19.937,20.004,19.936,20.004,3211.90
2025-10-26 11:30:00,20.001,20.167,20.001,20.163,7597.39
2025-10-26 11:45:00,20.167,20.389,20.126,20.355,13089.12
2025-10-26 12:00:00,20.362,20.424,20.285,20.334,14430.46
2025-10-26 12:15:00,20.337,20.406,20.265,20.298,9887.07
2025-10-26 12:30:00,20.294,20.314,20.261,20.269,1885.69
2025-10-26 12:45:00,20.264,20.387,20.264,20.33,5958.97
2025-10-26 13:00:00,20.331,20.485,20.33,20.484,12829.45
2025-10-26 13:15:00,20.475,20.548,20.445,20.548,8238.45
2025-10-26 13:30:00,20.539,20.66,20.539,20.562,10066.45
2025-10-26 13:45:00,20.561,20.609,20.525,20.577,8223.73
2025-10-26 14:00:00,20.579,20.617,20.509,20.574,5259.97
2025-10-26 14:15:00,20.572,20.58,20.44,20.446,7683.96
2025-10-26 14:30:00,20.445,20.536,20.445,20.519,4627.61
2025-10-26 14:45:00,20.517,20.517,20.405,20.448,7612.87
2025-10-26 15:00:00,20.446,20.464,20.282,20.312,8792.02
2025-10-26 15:15:00,20.31,20.341,20.278,20.334,6509.41
2025-10-26 15:30:00,20.333,20.39,20.328,20.344,6423.93
2025-10-26 15:45:00,20.347,20.422,20.347,20.401,2409.68
2025-10-26 16:00:00,20.401,20.409,20.307,20.331,2916.84
2025-10-26 16:15:00,20.322,20.322,20.254,20.286,8338.27
2025-10-26 16:30:00,20.274,20.332,20.253,20.332,9408.47
2025-10-26 16:45:00,20.329,20.359,20.27,20.283,1717.98
2025-10-26 17:00:00,20.279,20.294,20.221,20.292,2670.88
2025-10-26 17:15:00,20.289,20.311,20.281,20.281,643.59
2025-10-26 17:30:00,20.281,20.31,20.267,20.274,890.58
2025-10-26 17:45:00,20.279,20.284,20.257,20.261,1439.50
2025-10-26 18:00:00,20.261,20.306,20.261,20.294,1713.60
2025-10-26 18:15:00,20.284,20.312,20.239,20.24,1040.95
2025-10-26 18:30:00,20.241,20.303,20.24,20.288,843.17
2025-10-26 18:45:00,20.285,20.299,20.262,20.265,726.39
2025-10-26 19:00:00,20.26,20.265,20.199,20.249,4204.79
2025-10-26 19:15:00,20.252,20.27,20.211,20.269,5966.87
2025-10-26 19:30:00,20.286,20.296,20.259,20.28,2946.60
2025-10-26 19:45:00,20.28,20.305,20.259,20.304,8094.02
2025-10-26 20:00:00,20.303,20.303,20.239,20.251,2271.76
2025-10-26 20:15:00,20.247,20.252,20.134,20.139,11319.47
2025-10-26 20:30:00,20.138,20.225,20.136,20.225,1601.51
2025-10-26 20:45:00,20.221,20.233,20.173,20.175,1553.31
2025-10-26 21:00:00,20.175,20.203,20.16,20.203,637.28
2025-10-26 21:15:00,20.208,20.208,20.107,20.147,826.50
2025-10-26 21:30:00,20.146,20.272,20.106,20.253,5018.35
2025-10-26 21:45:00,20.241,20.291,20.239,20.252,5078.54
2025-10-26 22:00:00,20.256,20.705,20.256,20.579,36252.30
2025-10-26 22:15:00,20.574,20.595,20.478,20.537,6676.47
2025-10-26 22:30:00,20.54,20.585,20.505,20.566,8386.49
2025-10-26 22:45:00,20.569,20.772,20.569,20.708,13146.18
2025-10-26 23:00:00,20.709,20.79,20.685,20.759,11245.46
2025-10-26 23:15:00,20.763,20.943,20.763,20.838,5944.30
2025-10-26 23:30:00,20.834,20.891,20.807,20.845,12360.33
2025-10-26 23:45:00,20.872,20.917,20.8,20.811,3977.99
2025-10-27 00:00:00,20.813,20.887,20.783,20.799,4391.90
2025-10-27 00:15:00,20.809,20.913,20.796,20.845,2185.72
2025-10-27 00:30:00,20.862,20.961,20.836,20.88,3431.96
2025-10-27 00:45:00,20.895,20.905,20.786,20.786,1389.13
2025-10-27 01:00:00,20.786,20.814,20.745,20.762,3341.25
2025-10-27 01:15:00,20.758,20.861,20.734,20.804,1475.28
2025-10-27 01:30:00,20.813,20.9,20.787,20.884,3697.83
2025-10-27 01:45:00,20.868,20.972,20.868,20.966,3983.64
2025-10-27 02:00:00,20.963,21.028,20.943,20.979,13991.81
2025-10-27 02:15:00,20.978,21.03,20.894,20.894,31708.28
2025-10-27 02:30:00,20.874,20.942,20.826,20.942,4845.95
2025-10-27 02:45:00,20.945,20.966,20.895,20.926,2937.75
2025-10-27 03:00:00,20.912,20.956,20.897,20.916,5481.10
2025-10-27 03:15:00,20.916,20.948,20.802,20.834,16931.33
2025-10-27 03:30:00,20.802,20.838,20.76,20.774,4642.80
2025-10-27 03:45:00,20.772,20.814,20.766,20.799,4112.65
2025-10-27 04:00:00,20.797,20.817,20.76,20.785,10366.83
2025-10-27 04:15:00,20.785,20.858,20.763,20.858,9117.56
2025-10-27 04:30:00,20.861,20.942,20.823,20.932,11257.97
2025-10-27 04:45:00,20.942,20.993,20.904,20.964,2547.68
2025-10-27 05:00:00,20.962,21.083,20.954,21.016,5273.27
2025-10-27 05:15:00,21.025,21.085,21.007,21.06,1920.32
2025-10-27 05:30:00,21.053,21.053,20.983,21.011,3280.61
2025-10-27 05:45:00,21.005,21.044,20.936,20.936,2613.11
2025-10-27 06:00:00,20.936,20.941,20.828,20.866,6114.52
2025-10-27 06:15:00,20.869,20.975,20.869,20.972,1545.20
2025-10-27 06:30:00,20.983,20.992,20.885,20.894,3101.80
2025-10-27 06:45:00,20.894,20.999,20.894,20.962,3826.13
2025-10-27 07:00:00,20.966,21.03,20.909,20.931,5310.89
2025-10-27 07:15:00,20.929,20.988,20.9,20.955,1921.08
2025-10-27 07:30:00,20.95,20.957,20.661,20.749,5253.16
2025-10-27 07:45:00,20.758,20.815,20.72,20.804,10215.88
2025-10-27 08:00:00,20.804,20.888,20.769,20.843,6424.72
2025-10-27 08:15:00,20.851,20.898,20.614,20.616,8612.92
2025-10-27 08:30:00,20.665,20.733,20.665,20.698,6385.62
2025-10-27 08:45:00,20.694,20.718,20.613,20.643,18977.43
2025-10-27 09:00:00,20.649,20.651,20.456,20.555,16152.06
2025-10-27 09:15:00,20.56,20.625,20.509,20.534,3312.00
2025-10-27 09:30:00,20.501,20.569,20.493,20.527,1595.67
2025-10-27 09:45:00,20.518,20.533,20.457,20.533,13536.64
2025-10-27 10:00:00,20.527,20.538,20.439,20.538,4804.01
2025-10-27 10:15:00,20.552,20.61,20.536,20.61,2367.71
2025-10-27 10:30:00,20.583,20.597,20.565,20.571,694.11
2025-10-27 10:45:00,20.568,20.61,20.543,20.552,2110.29
2025-10-27 11:00:00,20.557,20.647,20.557,20.615,3008.54
2025-10-27 11:15:00,20.625,20.639,20.419,20.481,7566.06
2025-10-27 11:30:00,20.485,20.59,20.465,20.566,1292.02
2025-10-27 11:45:00,20.576,20.584,20.505,20.554,2433.47
2025-10-27 12:00:00,20.558,20.559,20.485,20.508,2176.95
2025-10-27 12:15:00,20.512,20.512,20.461,20.47,2319.61
2025-10-27 12:30:00,20.446,20.446,20.373,20.409,2654.63
2025-10-27 12:45:00,20.404,20.428,20.378,20.378,1632.71
2025-10-27 13:00:00,20.378,20.508,20.366,20.478,3104.19
2025-10-27 13:15:00,20.476,20.536,20.456,20.466,7397.15
2025-10-27 13:30:00,20.49,20.517,20.238,20.347,16631.44
2025-10-27 13:45:00,20.332,20.545,20.329,20.487,35778.97
2025-10-27 14:00:00,20.493,20.504,20.308,20.368,17726.19
2025-10-27 14:15:00,20.314,20.373,20.296,20.364,1991.35
2025-10-27 14:30:00,20.361,20.439,20.297,20.389,7589.91
2025-10-27 14:45:00,20.414,20.415,20.338,20.35,1794.03
2025-10-27 15:00:00,20.353,20.459,20.352,20.459,1806.10
2025-10-27 15:15:00,20.476,20.479,20.376,20.466,1848.20
2025-10-27 15:30:00,20.471,20.486,20.423,20.459,1004.11
2025-10-27 15:45:00,20.464,20.494,20.428,20.45,781.17
2025-10-27 16:00:00,20.45,20.614,20.45,20.586,2464.65
2025-10-27 16:15:00,20.58,20.637,20.546,20.572,2201.43
2025-10-27 16:30:00,20.565,20.721,20.565,20.672,4612.83
2025-10-27 16:45:00,20.672,20.745,20.656,20.722,3729.04
2025-10-27 17:00:00,20.725,20.732,20.668,20.701,7724.74
2025-10-27 17:15:00,20.702,20.71,20.613,20.622,1084.08
2025-10-27 17:30:00,20.622,20.701,20.622,20.669,4776.02
2025-10-27 17:45:00,20.669,20.683,20.632,20.658,4058.68
2025-10-27 18:00:00,20.657,20.785,20.627,20.756,4854.25
2025-10-27 18:15:00,20.76,20.766,20.6,20.616,1209.67
2025-10-27 18:30:00,20.62,20.719,20.62,20.719,1270.55
2025-10-27 18:45:00,20.71,20.738,20.654,20.658,390.28
2025-10-27 19:00:00,20.658,20.678,20.573,20.675,2981.93
2025-10-27 19:15:00,20.666,20.666,20.602,20.641,3063.45
2025-10-27 19:30:00,20.632,20.632,20.566,20.588,7639.37
2025-10-27 19:45:00,20.592,20.614,20.577,20.595,1571.22
2025-10-27 20:00:00,20.59,20.594,20.517,20.55,6327.32
2025-10-27 20:15:00,20.539,20.624,20.536,20.538,6447.36
2025-10-27 20:30:00,20.537,20.555,20.483,20.527,10920.82
2025-10-27 20:45:00,20.506,20.538,20.461,20.461,6912.57
2025-10-27 21:00:00,20.458,20.532,20.431,20.488,10500.76
2025-10-27 21:15:00,20.466,20.513,20.353,20.389,31978.50
2025-10-27 21:30:00,20.393,20.506,20.391,20.472,1953.13
2025-10-27 21:45:00,20.475,20.541,20.47,20.47,2240.49
2025-10-27 22:00:00,20.458,20.53,20.433,20.504,4388.74
2025-10-27 22:15:00,20.494,20.527,20.485,20.486,1004.79
2025-10-27 22:30:00,20.482,20.482,20.324,20.324,2941.81
2025-10-27 22:45:00,20.321,20.356,20.291,20.314,4057.91
2025-10-27 23:00:00,20.311,20.318,20.232,20.262,5400.31
2025-10-27 23:15:00,20.24,20.273,20.168,20.273,4725.18
2025-10-27 23:30:00,20.278,20.332,20.277,20.308,764.38
2025-10-27 23:45:00,20.307,20.323,20.284,20.314,1658.45
2025-10-28 00:00:00,20.316,20.381,20.249,20.315,7430.31
2025-10-28 00:15:00,20.319,20.402,20.319,20.394,8275.98
2025-10-28 00:30:00,20.393,20.393,20.269,20.31,2341.95
2025-10-28 00:45:00,20.304,20.358,20.245,20.308,3942.33
2025-10-28 01:00:00,20.318,20.408,20.318,20.377,2934.92
2025-10-28 01:15:00,20.381,20.397,20.351,20.374,680.21
2025-10-28 01:30:00,20.354,20.449,20.33,20.441,1981.87
2025-10-28 01:45:00,20.443,20.459,20.423,20.423,2499.63
2025-10-28 02:00:00,20.434,20.45,20.341,20.348,1256.49
2025-10-28 02:15:00,20.343,20.348,20.252,20.313,2150.78
2025-10-28 02:30:00,20.3,20.375,20.299,20.329,1017.34
2025-10-28 02:45:00,20.337,20.337,20.186,20.292,5924.95
2025-10-28 03:00:00,20.289,20.367,20.183,20.183,3174.30
2025-10-28 03:15:00,20.182,20.257,20.176,20.251,3379.20
2025-10-28 03:30:00,20.247,20.247,20.148,20.192,1381.41
2025-10-28 03:45:00,20.19,20.231,20.146,20.212,1810.14
2025-10-28 04:00:00,20.21,20.257,20.151,20.257,2247.62
2025-10-28 04:15:00,20.254,20.296,20.247,20.251,8142.96
2025-10-28 04:30:00,20.24,20.296,20.233,20.26,1490.03
2025-10-28 04:45:00,20.274,20.426,20.263,20.375,4300.56
2025-10-28 05:00:00,20.376,20.424,20.365,20.375,3286.36
2025-10-28 05:15:00,20.38,20.384,20.284,20.304,456.42
2025-10-28 05:30:00,20.281,20.281,20.153,20.153,2169.41
2025-10-28 05:45:00,20.152,20.152,19.982,19.994,11308.43
2025-10-28 06:00:00,20.002,20.057,19.983,20.038,5204.84
2025-10-28 06:15:00,20.037,20.056,19.996,20.028,2951.02
2025-10-28 06:30:00,20.025,20.225,20.009,20.211,1875.94
2025-10-28 06:45:00,20.212,20.378,20.212,20.363,9061.59
2025-10-28 07:00:00,20.372,20.481,20.348,20.391,8028.03
2025-10-28 07:15:00,20.379,20.412,20.324,20.375,3081.91
2025-10-28 07:30:00,20.354,20.399,20.343,20.399,5245.45
2025-10-28 07:45:00,20.387,20.392,20.273,20.295,11107.26
2025-10-28 08:00:00,20.299,20.323,20.256,20.256,17941.08
2025-10-28 08:15:00,20.26,20.405,20.252,20.394,6747.02
2025-10-28 08:30:00,20.392,20.51,20.389,20.487,3225.24
2025-10-28 08:45:00,20.478,20.51,20.437,20.454,752.54
2025-10-28 09:00:00,20.456,20.468,20.366,20.377,5896.13
2025-10-28 09:15:00,20.377,20.384,20.264,20.264,3911.95
2025-10-28 09:30:00,20.256,20.326,20.243,20.32,2629.69
2025-10-28 09:45:00,20.304,20.324,20.286,20.316,1160.64
2025-10-28 10:00:00,20.316,20.316,20.244,20.263,1357.36
2025-10-28 10:15:00,20.276,20.304,20.257,20.3,628.52
2025-10-28 10:30:00,20.295,20.295,20.199,20.216,10068.49
2025-10-28 10:45:00,20.23,20.278,20.222,20.278,544.02
2025-10-28 11:00:00,20.276,20.276,20.227,20.244,1015.95
2025-10-28 11:15:00,20.262,20.342,20.256,20.276,1466.47
2025-10-28 11:30:00,20.284,20.322,20.226,20.238,570.94
2025-10-28 11:45:00,20.221,20.224,20.162,20.183,814.69
2025-10-28 12:00:00,20.178,20.453,20.168,20.229,24852.69
2025-10-28 12:15:00,20.218,20.23,20.188,20.202,451.42
2025-10-28 12:30:00,20.215,20.241,20.162,20.236,2021.53
2025-10-28 12:45:00,20.23,20.352,20.23,20.303,2716.83
2025-10-28 13:00:00,20.313,20.376,20.303,20.315,4116.09
2025-10-28 13:15:00,20.318,20.423,20.318,20.382,3825.36
2025-10-28 13:30:00,20.388,20.403,20.28,20.36,7419.69
2025-10-28 13:45:00,20.361,20.413,20.323,20.367,14270.68
2025-10-28 14:00:00,20.364,20.376,20.276,20.368,4543.14
2025-10-28 14:15:00,20.379,20.47,20.33,20.375,14750.40
2025-10-28 14:30:00,20.375,20.384,20.051,20.083,15524.01
2025-10-28 14:45:00,20.066,20.122,19.789,20.079,29539.33
2025-10-28 15:00:00,20.088,20.167,20.079,20.157,4555.12
2025-10-28 15:15:00,20.142,20.143,19.995,19.997,7642.42
2025-10-28 15:30:00,19.981,20.011,19.92,19.926,9139.38
2025-10-28 15:45:00,19.923,20.036,19.92,19.987,5646.05
2025-10-28 16:00:00,19.983,20.035,19.969,19.997,4354.82
2025-10-28 16:15:00,19.996,19.999,19.906,19.992,3447.99
2025-10-28 16:30:00,19.992,20.141,19.992,20.038,15726.72
2025-10-28 16:45:00,20.047,20.173,20.047,20.109,7321.66
2025-10-28 17:00:00,20.105,20.139,20.07,20.129,6138.86
2025-10-28 17:15:00,20.1,20.149,20.086,20.099,3066.57
2025-10-28 17:30:00,20.088,20.138,20.039,20.12,1967.93
2025-10-28 17:45:00,20.104,20.109,20.069,20.082,2144.43
2025-10-28 18:00:00,20.085,20.095,20.008,20.084,2316.72
2025-10-28 18:15:00,20.089,20.089,19.961,19.981,6157.37
2025-10-28 18:30:00,19.987,19.997,19.918,19.922,2831.26
2025-10-28 18:45:00,19.921,19.973,19.908,19.97,2333.77
2025-10-28 19:00:00,19.971,20.007,19.944,19.962,5265.42
2025-10-28 19:15:00,19.952,19.952,19.746,19.746,9597.05
2025-10-28 19:30:00,19.74,19.812,19.669,19.729,20103.97
2025-10-28 19:45:00,19.738,19.738,19.553,19.628,27863.53
2025-10-28 20:00:00,19.615,19.616,19.418,19.495,37465.60
2025-10-28 20:15:00,19.462,19.514,19.247,19.303,47196.51
2025-10-28 20:30:00,19.286,19.466,19.213,19.413,50286.34
2025-10-28 20:45:00,19.395,19.43,19.309,19.354,19440.63
2025-10-28 21:00:00,19.333,19.36,19.15,19.311,18886.59
2025-10-28 21:15:00,19.309,19.332,19.234,19.284,6447.86
2025-10-28 21:30:00,19.282,19.451,19.26,19.445,7029.95
2025-10-28 21:45:00,19.442,19.481,19.384,19.393,4566.92
2025-10-28 22:00:00,19.392,19.413,19.337,19.348,11630.47
2025-10-28 22:15:00,19.339,19.473,19.335,19.473,6471.42
2025-10-28 22:30:00,19.477,19.515,19.468,19.498,1942.89
2025-10-28 22:45:00,19.497,19.556,19.497,19.533,932.85
2025-10-28 23:00:00,19.535,19.535,19.48,19.503,2267.11
2025-10-28 23:15:00,19.501,19.519,19.447,19.471,12211.57
2025-10-28 23:30:00,19.468,19.525,19.464,19.492,1812.11
2025-10-28 23:45:00,19.494,19.507,19.459,19.459,1822.42
2025-10-29 00:00:00,19.458,19.49,19.425,19.483,7632.21
2025-10-29 00:15:00,19.495,19.524,19.472,19.514,1059.72
2025-10-29 00:30:00,19.516,19.532,19.396,19.396,2510.30
2025-10-29 00:45:00,19.395,19.404,19.364,19.382,870.29
2025-10-29 01:00:00,19.385,19.413,19.357,19.39,2281.46
2025-10-29 01:15:00,19.379,19.418,19.37,19.383,1862.90
2025-10-29 01:30:00,19.385,19.518,19.368,19.433,2098.77
2025-10-29 01:45:00,19.431,19.44,19.384,19.423,1183.10
2025-10-29 02:00:00,19.424,19.435,19.405,19.429,1255.27
2025-10-29 02:15:00,19.418,19.481,19.414,19.463,882.43
2025-10-29 02:30:00,19.449,19.493,19.437,19.493,1305.92
2025-10-29 02:45:00,19.492,19.54,19.491,19.505,4890.24
2025-10-29 03:00:00,19.512,19.512,19.415,19.441,1185.05
2025-10-29 03:15:00,19.431,19.475,19.417,19.446,1174.91
2025-10-29 03:30:00,19.448,19.5,19.443,19.471,1184.71
2025-10-29 03:45:00,19.473,19.486,19.439,19.447,373.20
2025-10-29 04:00:00,19.446,19.485,19.434,19.471,1301.39
2025-10-29 04:15:00,19.48,19.487,19.46,19.478,2947.02
2025-10-29 04:30:00,19.478,19.526,19.478,19.49,1439.72
2025-10-29 04:45:00,19.487,19.506,19.484,19.484,1452.51
2025-10-29 05:00:00,19.479,19.525,19.465,19.495,445.19
2025-10-29 05:15:00,19.504,19.569,19.504,19.541,2238.92
2025-10-29 05:30:00,19.542,19.614,19.532,19.585,1455.77
2025-10-29 05:45:00,19.557,19.572,19.521,19.525,338.65
2025-10-29 06:00:00,19.519,19.561,19.511,19.525,1277.67
2025-10-29 06:15:00,19.527,19.54,19.501,19.508,2939.09
2025-10-29 06:30:00,19.51,19.525,19.483,19.485,369.71
2025-10-29 06:45:00,19.484,19.552,19.484,19.527,2371.38
2025-10-29 07:00:00,19.528,19.528,19.5,19.524,2297.58
2025-10-29 07:15:00,19.527,19.595,19.513,19.587,2444.78
2025-10-29 07:30:00,19.586,19.586,19.514,19.522,4491.87
2025-10-29 07:45:00,19.503,19.626,19.501,19.592,423.50
2025-10-29 08:00:00,19.587,19.601,19.512,19.512,5798.42
2025-10-29 08:15:00,19.514,19.557,19.514,19.545,5527.41
2025-10-29 08:30:00,19.546,19.556,19.464,19.49,2443.42
2025-10-29 08:45:00,19.488,19.517,19.476,19.49,2776.42
2025-10-29 09:00:00,19.491,19.5,19.436,19.439,3674.17
2025-10-29 09:15:00,19.45,19.485,19.438,19.455,3452.05
2025-10-29 09:30:00,19.456,19.504,19.43,19.504,2295.82
2025-10-29 09:45:00,19.5,19.52,19.474,19.476,1273.12
2025-10-29 10:00:00,19.478,19.523,19.465,19.498,3103.09
2025-10-29 10:15:00,19.494,19.666,19.487,19.665,5137.09
2025-10-29 10:30:00,19.671,19.733,19.63,19.667,2407.90
2025-10-29 10:45:00,19.671,19.678,19.616,19.616,675.70
2025-10-29 11:00:00,19.628,19.706,19.598,19.68,2142.19
2025-10-29 11:15:00,19.68,19.727,19.67,19.727,828.91
2025-10-29 11:30:00,19.714,19.745,19.695,19.726,10586.93
2025-10-29 11:45:00,19.725,19.76,19.721,19.721,4620.56
2025-10-29 12:00:00,19.726,19.742,19.701,19.715,5198.81
2025-10-29 12:15:00,19.715,19.735,19.657,19.657,1186.68
2025-10-29 12:30:00,19.661,19.694,19.652,19.672,1991.66
2025-10-29 12:45:00,19.675,19.71,19.653,19.686,1005.88
2025-10-29 13:00:00,19.687,19.757,19.675,19.757,1245.83
2025-10-29 13:15:00,19.753,19.796,19.736,19.784,13357.59
2025-10-29 13:30:00,19.789,19.851,19.682,19.756,11084.54
2025-10-29 13:45:00,19.754,19.764,19.646,19.661,4682.94
2025-10-29 14:00:00,19.662,19.678,19.551,19.63,5475.29
2025-10-29 14:15:00,19.633,19.633,19.498,19.498,3027.30
2025-10-29 14:30:00,19.493,19.605,19.493,19.564,7088.06
2025-10-29 14:45:00,19.58,19.616,19.524,19.577,9199.56
2025-10-29 15:00:00,19.58,19.618,19.561,19.592,4337.75
2025-10-29 15:15:00,19.522,19.62,19.522,19.554,3679.66
2025-10-29 15:30:00,19.553,19.587,19.412,19.423,12917.60
2025-10-29 15:45:00,19.446,19.467,19.344,19.425,10189.74
2025-10-29 16:00:00,19.428,19.429,19.317,19.407,10396.83
2025-10-29 16:15:00,19.405,19.567,19.388,19.547,6786.24
2025-10-29 16:30:00,19.541,19.541,19.482,19.514,2501.47
2025-10-29 16:45:00,19.524,19.542,19.498,19.513,2265.89
2025-10-29 17:00:00,19.514,19.588,19.514,19.578,8505.23
2025-10-29 17:15:00,19.575,19.595,19.537,19.583,977.98
2025-10-29 17:30:00,19.581,19.869,19.581,19.866,9343.75
2025-10-29 17:45:00,19.864,20.035,19.846,20.035,12729.71
2025-10-29 18:00:00,20.054,20.054,19.833,19.887,39713.55
2025-10-29 18:15:00,19.891,20.1,19.869,19.969,9825.54
2025-10-29 18:30:00,19.974,20.189,19.337,19.541,186192.93
2025-10-29 18:45:00,19.53,20.021,19.513,19.895,49020.72
2025-10-29 19:00:00,19.899,20.142,19.867,20.12,11982.43
2025-10-29 19:15:00,20.111,20.153,19.941,19.966,11359.74
2025-10-29 19:30:00,19.963,19.967,19.739,19.778,8286.15
2025-10-29 19:45:00,19.792,19.987,19.792,19.928,6119.01
2025-10-29 20:00:00,19.942,20.04,19.82,19.945,17629.48
2025-10-29 20:15:00,19.945,20.127,19.899,20.12,8596.00
2025-10-29 20:30:00,20.12,20.159,20.066,20.12,10318.49
2025-10-29 20:45:00,20.113,20.118,20.061,20.065,2436.35
2025-10-29 21:00:00,20.074,20.089,19.983,19.989,4463.41
2025-10-29 21:15:00,20.015,20.029,19.995,20.002,2623.29
2025-10-29 21:30:00,20.004,20.121,20.004,20.058,1495.70
2025-10-29 21:45:00,20.056,20.098,20.012,20.028,2592.53
2025-10-29 22:00:00,20.029,20.029,19.922,19.97,4949.46
2025-10-29 22:15:00,19.972,20.041,19.944,19.995,2927.24
2025-10-29 22:30:00,19.998,19.998,19.935,19.943,6173.12
2025-10-29 22:45:00,19.945,19.993,19.945,19.962,1258.92
2025-10-29 23:00:00,19.961,19.962,19.803,19.813,3908.56
2025-10-29 23:15:00,19.792,19.856,19.772,19.794,14784.63
2025-10-29 23:30:00,19.764,19.764,19.546,19.618,14926.25
2025-10-29 23:45:00,19.623,19.667,19.602,19.643,3634.47
2025-10-30 00:00:00,19.651,19.695,19.507,19.629,6378.06
2025-10-30 00:15:00,19.656,19.695,19.608,19.629,960.92
2025-10-30 00:30:00,19.621,19.668,19.55,19.64,2423.02
2025-10-30 00:45:00,19.632,19.747,19.595,19.726,2276.22
2025-10-30 01:00:00,19.705,19.73,19.599,19.685,5763.89
2025-10-30 01:15:00,19.672,19.725,19.651,19.691,6327.96
2025-10-30 01:30:00,19.671,19.75,19.671,19.722,2169.88
2025-10-30 01:45:00,19.72,19.823,19.72,19.758,1643.48
2025-10-30 02:00:00,19.755,19.777,19.698,19.777,1963.80
2025-10-30 02:15:00,19.799,19.912,19.799,19.878,2360.21
2025-10-30 02:30:00,19.878,19.941,19.878,19.931,1826.35
2025-10-30 02:45:00,19.924,19.946,19.91,19.946,121.21
2025-10-30 03:00:00,19.954,19.954,19.891,19.915,1179.50
2025-10-30 03:15:00,19.928,19.954,19.885,19.892,1734.11
2025-10-30 03:30:00,19.909,19.932,19.835,19.835,1615.41
2025-10-30 03:45:00,19.831,19.837,19.767,19.837,6143.14
2025-10-30 04:00:00,19.823,19.823,19.457,19.473,5425.90
2025-10-30 04:15:00,19.45,19.5,19.017,19.175,49818.08
2025-10-30 04:30:00,19.18,19.515,19.06,19.315,43992.39
2025-10-30 04:45:00,19.311,19.421,19.272,19.272,5167.91
2025-10-30 05:00:00,19.286,19.305,19.213,19.305,25781.39
2025-10-30 05:15:00,19.291,19.309,19.185,19.278,9061.91
2025-10-30 05:30:00,19.275,19.552,19.24,19.536,8988.77
2025-10-30 05:45:00,19.528,19.697,19.518,19.649,5296.19
2025-10-30 06:00:00,19.651,19.682,19.562,19.59,2080.65
2025-10-30 06:15:00,19.563,19.573,19.511,19.533,986.26
2025-10-30 06:30:00,19.551,19.727,19.536,19.709,4592.79
2025-10-30 06:45:00,19.72,19.743,19.68,19.687,6927.79
2025-10-30 07:00:00,19.668,19.811,19.6,19.793,1927.69
2025-10-30 07:15:00,19.79,19.869,19.79,19.828,3509.48
2025-10-30 07:30:00,19.829,19.85,19.801,19.828,1944.05
2025-10-30 07:45:00,19.83,19.841,19.797,19.826,1812.90
2025-10-30 08:00:00,19.826,19.872,19.695,19.695,6934.82
2025-10-30 08:15:00,19.694,19.749,19.657,19.664,657.33
2025-10-30 08:30:00,19.668,19.75,19.655,19.713,2421.61
2025-10-30 08:45:00,19.721,19.723,19.619,19.636,2329.74
2025-10-30 09:00:00,19.616,19.63,19.497,19.497,3454.01
2025-10-30 09:15:00,19.499,19.513,19.41,19.475,1524.58
2025-10-30 09:30:00,19.493,19.526,19.409,19.426,5382.82
2025-10-30 09:45:00,19.415,19.481,19.411,19.419,3056.73
2025-10-30 10:00:00,19.423,19.471,19.368,19.4,6462.77
2025-10-30 10:15:00,19.398,19.466,19.388,19.394,3014.97
2025-10-30 10:30:00,19.392,19.431,19.274,19.274,2168.50
2025-10-30 10:45:00,19.286,19.325,19.224,19.249,4729.91
2025-10-30 11:00:00,19.25,19.283,19.195,19.254,3085.58
2025-10-30 11:15:00,19.223,19.312,19.218,19.294,2383.36
2025-10-30 11:30:00,19.286,19.327,19.23,19.258,1294.85
2025-10-30 11:45:00,19.271,19.312,19.194,19.239,10976.92
2025-10-30 12:00:00,19.231,19.237,19.145,19.158,3358.21
2025-10-30 12:15:00,19.142,19.142,18.9,18.934,32959.98
2025-10-30 12:30:00,18.928,19.021,18.71,18.713,40217.54
2025-10-30 12:45:00,18.706,18.782,18.677,18.764,24300.29
2025-10-30 13:00:00,18.761,18.829,18.685,18.736,8761.42
2025-10-30 13:15:00,18.746,18.773,18.654,18.729,18170.70
2025-10-30 13:30:00,18.723,18.751,18.419,18.515,58065.82
2025-10-30 13:45:00,18.507,18.661,18.466,18.468,18781.21
2025-10-30 14:00:00,18.477,18.615,18.446,18.508,12677.33
2025-10-30 14:15:00,18.518,18.531,18.355,18.378,16701.23
2025-10-30 14:30:00,18.374,18.52,18.35,18.497,12403.13
2025-10-30 14:45:00,18.491,18.504,18.389,18.435,4980.74
2025-10-30 15:00:00,18.44,18.48,18.276,18.367,14086.54
2025-10-30 15:15:00,18.367,18.385,18.243,18.309,26578.04
2025-10-30 15:30:00,18.315,18.332,18.172,18.232,16490.84
2025-10-30 15:45:00,18.222,18.266,18.134,18.204,21745.99
2025-10-30 16:00:00,18.216,18.301,18.127,18.285,21265.46
2025-10-30 16:15:00,18.278,18.311,18.174,18.296,6803.72
2025-10-30 16:30:00,18.3,18.3,18.162,18.178,6674.27
2025-10-30 16:45:00,18.167,18.217,18.161,18.217,4375.19
2025-10-30 17:00:00,18.223,18.223,18.004,18.034,14356.33
2025-10-30 17:15:00,18.044,18.069,17.948,18.006,14392.16
2025-10-30 17:30:00,17.978,17.994,17.835,17.985,24243.62
2025-10-30 17:45:00,17.991,18.152,17.991,18.114,17937.46
2025-10-30 18:00:00,18.115,18.117,18.025,18.025,10530.28
2025-10-30 18:15:00,18.031,18.069,17.939,17.955,3372.84
2025-10-30 18:30:00,17.958,18.008,17.831,17.84,5766.63
2025-10-30 18:45:00,17.858,17.941,17.847,17.888,6551.40
2025-10-30 19:00:00,17.888,17.926,17.777,17.86,11074.58
2025-10-30 19:15:00,17.877,17.891,17.789,17.806,3287.29
2025-10-30 19:30:00,17.822,17.875,17.683,17.723,13579.93
2025-10-30 19:45:00,17.732,17.732,17.521,17.579,41209.90
2025-10-30 20:00:00,17.582,17.838,17.537,17.759,35401.46
2025-10-30 20:15:00,17.763,17.83,17.743,17.793,5215.66
2025-10-30 20:30:00,17.788,17.876,17.652,17.777,13115.79
2025-10-30 20:45:00,17.767,17.93,17.767,17.93,51291.50
2025-10-30 21:00:00,17.917,17.984,17.875,17.906,7336.02
2025-10-30 21:15:00,17.919,17.92,17.855,17.876,3543.11
2025-10-30 21:30:00,17.88,17.934,17.818,17.93,3312.12
2025-10-30 21:45:00,17.93,18.012,17.914,17.969,8410.32
2025-10-30 22:00:00,17.981,18.002,17.958,17.974,3335.00
2025-10-30 22:15:00,17.986,18.024,17.974,17.989,1715.75
2025-10-30 22:30:00,17.968,18.018,17.964,18.017,1145.90
2025-10-30 22:45:00,18.017,18.08,17.992,18.08,5339.98
2025-10-30 23:00:00,18.097,18.097,17.971,17.987,8105.74
2025-10-30 23:15:00,17.99,18.036,17.977,18.036,3209.35
2025-10-30 23:30:00,18.031,18.134,18.012,18.019,2007.26
2025-10-30 23:45:00,18.013,18.125,18.013,18.104,5789.59
2025-10-31 00:00:00,18.105,18.143,18.072,18.128,5641.07
2025-10-31 00:15:00,18.129,18.129,18.048,18.089,5343.00
2025-10-31 00:30:00,18.095,18.193,18.081,18.193,7421.90
2025-10-31 00:45:00,18.194,18.295,18.166,18.244,16702.57
2025-10-31 01:00:00,18.248,18.354,18.199,18.326,14565.77
2025-10-31 01:15:00,18.339,18.365,18.305,18.339,7174.02
2025-10-31 01:30:00,18.343,18.343,18.292,18.335,7763.57
2025-10-31 01:45:00,18.331,18.382,18.326,18.375,1534.87
2025-10-31 02:00:00,18.372,18.372,18.204,18.204,2009.01
2025-10-31 02:15:00,18.213,18.294,18.18,18.289,697.34
2025-10-31 02:30:00,18.287,18.295,18.135,18.142,2503.71
2025-10-31 02:45:00,18.144,18.222,18.107,18.201,12781.83
2025-10-31 03:00:00,18.203,18.274,18.162,18.255,3421.34
2025-10-31 03:15:00,18.253,18.293,18.253,18.261,104.69
2025-10-31 03:30:00,18.256,18.29,18.197,18.2,1415.58
2025-10-31 03:45:00,18.213,18.27,18.212,18.255,964.94
2025-10-31 04:00:00,18.26,18.424,18.244,18.364,3911.44
2025-10-31 04:15:00,18.382,18.434,18.33,18.391,2119.67
2025-10-31 04:30:00,18.396,18.459,18.379,18.437,931.15
2025-10-31 04:45:00,18.449,18.449,18.399,18.431,728.03
2025-10-31 05:00:00,18.421,18.421,18.362,18.39,1033.64
2025-10-31 05:15:00,18.395,18.395,18.328,18.355,1451.40
2025-10-31 05:30:00,18.352,18.366,18.317,18.322,526.24
2025-10-31 05:45:00,18.32,18.35,18.32,18.331,25971.56
2025-10-31 06:00:00,18.342,18.367,18.277,18.3,14730.36
2025-10-31 06:15:00,18.307,18.364,18.297,18.364,1690.40
2025-10-31 06:30:00,18.374,18.384,18.35,18.36,1277.05
2025-10-31 06:45:00,18.369,18.404,18.362,18.39,2034.82
2025-10-31 07:00:00,18.392,18.45,18.356,18.442,1056.33
2025-10-31 07:15:00,18.375,18.375,18.337,18.369,1149.02
2025-10-31 07:30:00,18.369,18.376,18.269,18.27,2691.33
2025-10-31 07:45:00,18.275,18.276,18.222,18.246,840.49
2025-10-31 08:00:00,18.244,18.31,18.198,18.198,9255.31
2025-10-31 08:15:00,18.214,18.321,18.201,18.321,8214.39
2025-10-31 08:30:00,18.331,18.331,18.263,18.282,8223.32
2025-10-31 08:45:00,18.283,18.34,18.283,18.324,2407.52
2025-10-31 09:00:00,18.317,18.351,18.269,18.276,1407.45
2025-10-31 09:15:00,18.274,18.307,18.209,18.216,9601.26
2025-10-31 09:30:00,18.219,18.244,18.212,18.23,17487.50
2025-10-31 09:45:00,18.23,18.23,18.21,18.215,42963.99
2025-10-31 10:00:00,18.215,18.261,18.208,18.222,4794.83
2025-10-31 10:15:00,18.222,18.27,18.222,18.244,1228.28
2025-10-31 10:30:00,18.248,18.293,18.217,18.293,1405.06
2025-10-31 10:45:00,18.29,18.29,18.243,18.255,2408.48
2025-10-31 11:00:00,18.258,18.272,18.22,18.22,3875.13
2025-10-31 11:15:00,18.208,18.272,18.196,18.255,1618.47
2025-10-31 11:30:00,18.259,18.305,18.23,18.305,1194.27
2025-10-31 11:45:00,18.304,18.519,18.304,18.504,56611.39
2025-10-31 12:00:00,18.489,18.532,18.44,18.471,17026.98
2025-10-31 12:15:00,18.473,18.561,18.473,18.507,1839.82
2025-10-31 12:30:00,18.508,18.54,18.392,18.448,2240.12
2025-10-31 12:45:00,18.417,18.424,18.342,18.342,1729.32
2025-10-31 13:00:00,18.374,18.443,18.372,18.423,246.45
2025-10-31 13:15:00,18.413,18.488,18.388,18.401,3847.76
2025-10-31 13:30:00,18.391,18.393,18.286,18.299,3592.71
2025-10-31 13:45:00,18.315,18.454,18.297,18.431,1112.03
2025-10-31 14:00:00,18.437,18.469,18.339,18.339,3397.55
2025-10-31 14:15:00,18.354,18.354,18.259,18.33,4465.47
2025-10-31 14:30:00,18.299,18.365,18.274,18.346,1973.67
2025-10-31 14:45:00,18.335,18.504,18.335,18.472,15608.63
2025-10-31 15:00:00,18.475,18.498,18.413,18.469,2067.54
2025-10-31 15:15:00,18.473,18.517,18.394,18.43,4953.90
2025-10-31 15:30:00,18.425,18.434,18.343,18.374,1273.34
2025-10-31 15:45:00,18.389,18.46,18.25,18.26,17305.50
2025-10-31 16:00:00,18.264,18.29,18.215,18.215,2062.06
2025-10-31 16:15:00,18.21,18.21,18.068,18.162,42658.36
2025-10-31 16:30:00,18.154,18.185,18.063,18.064,2330.69
2025-10-31 16:45:00,18.056,18.068,17.895,17.9,11311.79
2025-10-31 17:00:00,17.908,17.975,17.862,17.917,20920.09
2025-10-31 17:15:00,17.922,17.925,17.78,17.843,9769.02
2025-10-31 17:30:00,17.832,17.91,17.819,17.878,9643.97
2025-10-31 17:45:00,17.878,17.923,17.849,17.863,4112.97
2025-10-31 18:00:00,17.862,18.043,17.862,17.988,5522.71
2025-10-31 18:15:00,17.99,17.995,17.939,17.96,955.53
2025-10-31 18:30:00,17.958,18.08,17.818,18.065,9107.77
2025-10-31 18:45:00,18.057,18.058,17.913,17.984,4346.64
2025-10-31 19:00:00,17.98,17.981,17.886,17.947,1458.32
2025-10-31 19:15:00,17.954,18.104,17.946,18.078,8303.66
2025-10-31 19:30:00,18.089,18.299,18.089,18.294,6553.70
2025-10-31 19:45:00,18.306,18.366,18.241,18.266,2524.97
2025-10-31 20:00:00,18.262,18.269,18.205,18.235,1767.10
2025-10-31 20:15:00,18.235,18.25,18.206,18.236,818.94
2025-10-31 20:30:00,18.236,18.236,18.136,18.156,2209.66
2025-10-31 20:45:00,18.152,18.209,18.06,18.087,3731.94
2025-10-31 21:00:00,18.089,18.12,18.037,18.046,4974.27
2025-10-31 21:15:00,18.074,18.102,18.059,18.1,1559.18
2025-10-31 21:30:00,18.088,18.159,18.061,18.09,4064.95
2025-10-31 21:45:00,18.09,18.125,18.084,18.125,2956.05
2025-10-31 22:00:00,18.128,18.228,18.11,18.196,2260.16
2025-10-31 22:15:00,18.189,18.242,18.153,18.181,2364.83
2025-10-31 22:30:00,18.17,18.209,18.162,18.163,1401.79
2025-10-31 22:45:00,18.159,18.21,18.159,18.188,208.11
2025-10-31 23:00:00,18.184,18.21,18.183,18.183,359.91
2025-10-31 23:15:00,18.174,18.214,18.174,18.214,232.83
2025-10-31 23:30:00,18.21,18.226,18.182,18.224,3648.64
2025-10-31 23:45:00,18.226,18.226,18.175,18.181,2099.57
2025-11-01 00:00:00,18.181,18.193,18.085,18.132,3438.90
2025-11-01 00:15:00,18.123,18.145,18.086,18.122,1517.15
2025-11-01 00:30:00,18.118,18.124,18.078,18.124,608.59
2025-11-01 00:45:00,18.124,18.187,18.123,18.165,1578.30
2025-11-01 01:00:00,18.168,18.244,18.168,18.212,478.08
2025-11-01 01:15:00,18.218,18.255,18.199,18.246,534.14
2025-11-01 01:30:00,18.24,18.297,18.232,18.271,792.92
2025-11-01 01:45:00,18.262,18.265,18.226,18.232,585.73
2025-11-01 02:00:00,18.233,18.247,18.16,18.181,1816.08
2025-11-01 02:15:00,18.183,18.275,18.183,18.274,1109.29
2025-11-01 02:30:00,18.291,18.291,18.23,18.287,684.04
2025-11-01 02:45:00,18.284,18.337,18.276,18.325,2724.48
2025-11-01 03:00:00,18.324,18.401,18.324,18.339,5406.87
2025-11-01 03:15:00,18.336,18.404,18.336,18.366,1357.10
2025-11-01 03:30:00,18.373,18.438,18.363,18.402,486.57
2025-11-01 03:45:00,18.401,18.415,18.382,18.405,12551.67
2025-11-01 04:00:00,18.405,18.453,18.362,18.371,663.46
2025-11-01 04:15:00,18.365,18.412,18.339,18.404,3313.34
2025-11-01 04:30:00,18.412,18.43,18.381,18.413,1086.46
2025-11-01 04:45:00,18.414,18.429,18.389,18.403,680.54
2025-11-01 05:00:00,18.415,18.433,18.366,18.381,739.27
2025-11-01 05:15:00,18.371,18.393,18.359,18.377,1309.27
2025-11-01 05:30:00,18.378,18.38,18.345,18.36,1023.94
2025-11-01 05:45:00,18.364,18.364,18.309,18.321,2596.70
2025-11-01 06:00:00,18.328,18.363,18.326,18.342,3016.51
2025-11-01 06:15:00,18.343,18.375,18.336,18.354,2882.39
2025-11-01 06:30:00,18.358,18.372,18.282,18.301,2623.54
2025-11-01 06:45:00,18.301,18.346,18.278,18.344,1290.66
2025-11-01 07:00:00,18.352,18.388,18.313,18.365,2228.04
2025-11-01 07:15:00,18.368,18.5,18.364,18.476,3798.25
2025-11-01 07:30:00,18.478,18.489,18.401,18.42,2632.95
2025-11-01 07:45:00,18.417,18.499,18.387,18.492,7039.06
2025-11-01 08:00:00,18.493,18.544,18.463,18.491,5168.35
2025-11-01 08:15:00,18.491,18.516,18.445,18.473,3336.13
2025-11-01 08:30:00,18.482,18.492,18.446,18.452,684.71
2025-11-01 08:45:00,18.463,18.548,18.46,18.538,3432.29
2025-11-01 09:00:00,18.537,18.647,18.501,18.593,26781.34
2025-11-01 09:15:00,18.596,18.605,18.55,18.57,2141.90
2025-11-01 09:30:00,18.566,18.578,18.508,18.508,40406.21
2025-11-01 09:45:00,18.507,18.586,18.507,18.557,1376.46
2025-11-01 10:00:00,18.559,18.603,18.515,18.534,2918.77
2025-11-01 10:15:00,18.537,18.598,18.511,18.58,28278.65
2025-11-01 10:30:00,18.587,18.661,18.58,18.658,5588.10
2025-11-01 10:45:00,18.662,18.683,18.615,18.623,14824.68
2025-11-01 11:00:00,18.641,18.704,18.637,18.658,2135.34
2025-11-01 11:15:00,18.666,18.68,18.621,18.621,8789.20
2025-11-01 11:30:00,18.619,18.646,18.575,18.636,11184.27
2025-11-01 11:45:00,18.637,18.661,18.626,18.661,1292.71
2025-11-01 12:00:00,18.66,18.705,18.651,18.651,3495.15
2025-11-01 12:15:00,18.651,18.683,18.628,18.657,4262.22
2025-11-01 12:30:00,18.664,18.701,18.652,18.696,25494.48
2025-11-01 12:45:00,18.691,18.691,18.658,18.676,2085.47
2025-11-01 13:00:00,18.68,18.732,18.658,18.716,3598.62
2025-11-01 13:15:00,18.731,18.731,18.665,18.679,2130.04
2025-11-01 13:30:00,18.674,18.715,18.525,18.543,1621.98
2025-11-01 13:45:00,18.557,18.617,18.538,18.587,2484.37
2025-11-01 14:00:00,18.593,18.625,18.44,18.45,16028.22
2025-11-01 14:15:00,18.442,18.482,18.408,18.47,2200.56
2025-11-01 14:30:00,18.469,18.528,18.445,18.51,1682.57
2025-11-01 14:45:00,18.509,18.534,18.448,18.484,4970.66
2025-11-01 15:00:00,18.478,18.636,18.476,18.602,2225.64
2025-11-01 15:15:00,18.603,18.628,18.503,18.544,1349.63
2025-11-01 15:30:00,18.554,18.604,18.525,18.569,1498.92
2025-11-01 15:45:00,18.561,18.633,18.549,18.628,394.55
2025-11-01 16:00:00,18.631,18.689,18.604,18.611,3223.39
2025-11-01 16:15:00,18.613,18.657,18.593,18.606,16381.21
2025-11-01 16:30:00,18.606,18.695,18.606,18.695,3396.57
2025-11-01 16:45:00,18.703,18.725,18.658,18.659,1295.87
2025-11-01 17:00:00,18.664,18.666,18.611,18.637,1949.80
2025-11-01 17:15:00,18.64,18.641,18.604,18.612,642.58
2025-11-01 17:30:00,18.612,18.637,18.572,18.581,791.75
2025-11-01 17:45:00,18.576,18.6,18.55,18.565,1362.04
2025-11-01 18:00:00,18.556,18.613,18.556,18.577,560.05
2025-11-01 18:15:00,18.568,18.607,18.557,18.583,429.63
2025-11-01 18:30:00,18.58,18.606,18.573,18.601,211.41
2025-11-01 18:45:00,18.594,18.644,18.594,18.637,1696.19
2025-11-01 19:00:00,18.638,18.639,18.604,18.625,1028.59
2025-11-01 19:15:00,18.635,18.642,18.582,18.602,580.11
2025-11-01 19:30:00,18.601,18.614,18.59,18.594,157.36
2025-11-01 19:45:00,18.592,18.641,18.592,18.634,1564.77
2025-11-01 20:00:00,18.646,18.674,18.64,18.647,695.35
2025-11-01 20:15:00,18.646,18.699,18.635,18.697,1663.41
2025-11-01 20:30:00,18.703,18.724,18.692,18.697,3917.22
2025-11-01 20:45:00,18.702,18.709,18.652,18.671,659.71
2025-11-01 21:00:00,18.672,18.688,18.648,18.648,1035.83
2025-11-01 21:15:00,18.658,18.672,18.648,18.667,1412.40
2025-11-01 21:30:00,18.676,18.685,18.606,18.609,121.81
2025-11-01 21:45:00,18.613,18.613,18.498,18.498,836.05
2025-11-01 22:00:00,18.497,18.574,18.493,18.558,1944.33
2025-11-01 22:15:00,18.54,18.579,18.531,18.566,211.63
2025-11-01 22:30:00,18.564,18.593,18.562,18.585,107.22
2025-11-01 22:45:00,18.582,18.602,18.572,18.6,3045.42
2025-11-01 23:00:00,18.605,18.605,18.565,18.586,828.42
2025-11-01 23:15:00,18.585,18.623,18.575,18.617,253.52
2025-11-01 23:30:00,18.626,18.646,18.612,18.646,1122.30
2025-11-01 23:45:00,18.64,18.717,18.64,18.708,1761.94
2025-11-02 00:00:00,18.708,18.724,18.681,18.697,1491.33
2025-11-02 00:15:00,18.711,18.711,18.635,18.677,757.79
2025-11-02 00:30:00,18.651,18.684,18.651,18.675,616.90
2025-11-02 00:45:00,18.687,18.695,18.66,18.681,2612.66
2025-11-02 01:00:00,18.678,18.705,18.649,18.681,1025.42
2025-11-02 01:15:00,18.676,18.716,18.66,18.693,512.81
2025-11-02 01:30:00,18.686,18.696,18.653,18.681,1139.43
2025-11-02 01:45:00,18.677,18.683,18.625,18.665,306.48
2025-11-02 02:00:00,18.665,18.763,18.643,18.752,3949.53
2025-11-02 02:15:00,18.752,18.752,18.671,18.741,692.93
2025-11-02 02:30:00,18.727,18.803,18.72,18.725,5909.80
2025-11-02 02:45:00,18.726,18.739,18.702,18.717,3721.13
2025-11-02 03:00:00,18.716,18.731,18.676,18.711,480.06
2025-11-02 03:15:00,18.706,18.706,18.682,18.687,333.99
2025-11-02 03:30:00,18.689,18.72,18.659,18.686,1447.10
2025-11-02 03:45:00,18.685,18.694,18.623,18.68,862.46
2025-11-02 04:00:00,18.675,18.723,18.655,18.694,729.11
2025-11-02 04:15:00,18.702,18.753,18.685,18.75,365.48
2025-11-02 04:30:00,18.749,18.821,18.718,18.816,274.56
2025-11-02 04:45:00,18.817,18.896,18.793,18.892,3042.12
2025-11-02 05:00:00,18.889,18.909,18.832,18.849,3409.03
2025-11-02 05:15:00,18.869,18.876,18.789,18.805,4765.69
2025-11-02 05:30:00,18.802,18.81,18.743,18.783,831.01
2025-11-02 05:45:00,18.806,18.88,18.78,18.876,1465.07
2025-11-02 06:00:00,18.874,18.874,18.817,18.844,777.18
2025-11-02 06:15:00,18.853,18.859,18.814,18.843,3144.28
2025-11-02 06:30:00,18.844,18.844,18.812,18.839,2444.94
2025-11-02 06:45:00,18.842,18.966,18.842,18.945,29456.80
2025-11-02 07:00:00,18.941,18.951,18.882,18.884,2367.11
2025-11-02 07:15:00,18.884,18.902,18.842,18.871,1261.07
2025-11-02 07:30:00,18.877,18.919,18.867,18.916,896.89
2025-11-02 07:45:00,18.901,18.992,18.897,18.952,824.12
2025-11-02 08:00:00,18.96,18.976,18.912,18.932,4216.83
2025-11-02 08:15:00,18.938,18.939,18.884,18.884,467.71
2025-11-02 08:30:00,18.889,18.901,18.853,18.853,4956.66
2025-11-02 08:45:00,18.846,18.846,18.814,18.828,1702.95
2025-11-02 09:00:00,18.85,18.888,18.844,18.885,967.01
2025-11-02 09:15:00,18.887,18.942,18.871,18.915,1941.84
2025-11-02 09:30:00,18.898,18.906,18.766,18.79,2210.08
2025-11-02 09:45:00,18.764,18.776,18.745,18.756,701.65
2025-11-02 10:00:00,18.756,18.789,18.704,18.781,4233.26
2025-11-02 10:15:00,18.765,18.784,18.656,18.656,3324.11
2025-11-02 10:30:00,18.655,18.655,18.584,18.621,9268.07
2025-11-02 10:45:00,18.624,18.668,18.621,18.665,2875.22
2025-11-02 11:00:00,18.657,18.736,18.657,18.702,1016.46
2025-11-02 11:15:00,18.704,18.767,18.704,18.759,730.69
2025-11-02 11:30:00,18.764,18.79,18.712,18.765,1869.27
2025-11-02 11:45:00,18.779,18.833,18.768,18.823,2625.56
2025-11-02 12:00:00,18.829,18.829,18.784,18.797,1924.41
2025-11-02 12:15:00,18.799,18.83,18.767,18.787,3203.34
2025-11-02 12:30:00,18.783,18.81,18.713,18.723,3527.43
2025-11-02 12:45:00,18.725,18.772,18.709,18.748,4106.85
2025-11-02 13:00:00,18.73,18.739,18.665,18.665,2006.80
2025-11-02 13:15:00,18.656,18.656,18.5,18.535,1750.22
2025-11-02 13:30:00,18.525,18.562,18.505,18.54,2946.27
2025-11-02 13:45:00,18.541,18.541,18.482,18.527,3237.29
2025-11-02 14:00:00,18.525,18.558,18.452,18.47,6233.84
2025-11-02 14:15:00,18.459,18.481,18.312,18.335,5350.27
2025-11-02 14:30:00,18.335,18.397,18.291,18.291,5506.83
2025-11-02 14:45:00,18.296,18.313,18.204,18.266,3976.96
2025-11-02 15:00:00,18.265,18.281,18.184,18.269,2685.00
2025-11-02 15:15:00,18.267,18.359,18.263,18.359,1890.38
2025-11-02 15:30:00,18.37,18.376,18.281,18.306,7476.85
2025-11-02 15:45:00,18.312,18.35,18.265,18.265,2267.13
2025-11-02 16:00:00,18.265,18.3,18.145,18.15,14453.40
2025-11-02 16:15:00,18.153,18.238,18.088,18.23,7826.50
2025-11-02 16:30:00,18.224,18.26,18.191,18.26,3484.90
2025-11-02 16:45:00,18.251,18.311,18.215,18.303,2019.00
2025-11-02 17:00:00,18.293,18.302,18.255,18.266,2329.02
2025-11-02 17:15:00,18.262,18.28,18.234,18.242,1280.33
2025-11-02 17:30:00,18.229,18.23,18.192,18.22,617.37
2025-11-02 17:45:00,18.224,18.266,18.187,18.266,1710.30
2025-11-02 18:00:00,18.265,18.275,18.212,18.216,1643.54
2025-11-02 18:15:00,18.211,18.235,18.184,18.225,2409.38
2025-11-02 18:30:00,18.21,18.263,18.21,18.259,2645.47
2025-11-02 18:45:00,18.253,18.265,18.212,18.219,763.00
2025-11-02 19:00:00,18.221,18.237,18.163,18.2,1142.39
2025-11-02 19:15:00,18.192,18.192,18.094,18.094,8192.51
2025-11-02 19:30:00,18.102,18.151,18.089,18.118,5689.43
2025-11-02 19:45:00,18.133,18.156,18.119,18.148,4750.31
2025-11-02 20:00:00,18.149,18.154,18.085,18.091,1148.71
2025-11-02 20:15:00,18.095,18.139,18.095,18.122,2264.42
2025-11-02 20:30:00,18.122,18.213,18.119,18.198,9806.69
2025-11-02 20:45:00,18.194,18.254,18.194,18.251,2706.64
2025-11-02 21:00:00,18.254,18.312,18.251,18.252,1797.46
2025-11-02 21:15:00,18.24,18.286,18.217,18.27,1346.94
2025-11-02 21:30:00,18.271,18.295,18.251,18.28,635.01
2025-11-02 21:45:00,18.282,18.331,18.281,18.283,2706.24
2025-11-02 22:00:00,18.284,18.31,18.263,18.276,7298.19
2025-11-02 22:15:00,18.293,18.36,18.286,18.342,1199.30
2025-11-02 22:30:00,18.341,18.345,18.228,18.297,3389.24
2025-11-02 22:45:00,18.29,18.337,18.272,18.335,765.16
2025-11-02 23:00:00,18.342,18.579,18.342,18.577,4881.50
2025-11-02 23:15:00,18.585,18.599,18.538,18.583,672.08
2025-11-02 23:30:00,18.593,18.81,18.592,18.781,9261.86
2025-11-02 23:45:00,18.771,18.893,18.757,18.801,4026.23
2025-11-03 00:00:00,18.808,18.904,18.785,18.864,6215.78
2025-11-03 00:15:00,18.856,18.865,18.756,18.756,3241.35
2025-11-03 00:30:00,18.761,18.763,18.677,18.688,1469.42
2025-11-03 00:45:00,18.703,18.71,18.58,18.596,1999.71
2025-11-03 01:00:00,18.566,18.582,18.526,18.542,2804.80
2025-11-03 01:15:00,18.558,18.558,18.399,18.408,491.11
2025-11-03 01:30:00,18.384,18.414,18.269,18.339,4892.81
2025-11-03 01:45:00,18.331,18.34,18.238,18.271,5580.65
2025-11-03 02:00:00,18.263,18.287,18.141,18.248,7195.33
2025-11-03 02:15:00,18.225,18.225,18.083,18.086,3778.30
2025-11-03 02:30:00,18.08,18.11,17.994,18.058,12351.78
2025-11-03 02:45:00,18.043,18.163,18.014,18.115,5983.43
2025-11-03 03:00:00,18.114,18.151,17.834,17.856,14288.01
2025-11-03 03:15:00,17.855,17.916,17.759,17.771,8994.38
2025-11-03 03:30:00,17.772,17.772,17.614,17.683,60521.39
2025-11-03 03:45:00,17.649,17.657,17.498,17.524,70862.82
2025-11-03 04:00:00,17.51,17.51,17.366,17.443,20564.28
2025-11-03 04:15:00,17.443,17.514,17.412,17.473,14543.96
2025-11-03 04:30:00,17.467,17.504,17.405,17.429,5998.60
2025-11-03 04:45:00,17.433,17.606,17.426,17.601,18675.03
2025-11-03 05:00:00,17.601,17.755,17.601,17.711,14994.51
2025-11-03 05:15:00,17.7,17.709,17.61,17.613,42479.39
2025-11-03 05:30:00,17.622,17.637,17.493,17.493,4172.81
2025-11-03 05:45:00,17.493,17.495,17.419,17.44,6453.96
2025-11-03 06:00:00,17.411,17.493,17.32,17.373,21327.33
2025-11-03 06:15:00,17.349,17.448,17.346,17.424,5829.31
2025-11-03 06:30:00,17.403,17.438,17.32,17.337,6215.47
2025-11-03 06:45:00,17.315,17.404,17.155,17.388,21973.51
2025-11-03 07:00:00,17.375,17.381,17.294,17.37,7022.24
2025-11-03 07:15:00,17.369,17.523,17.345,17.468,6123.36
2025-11-03 07:30:00,17.457,17.573,17.435,17.511,5327.71
2025-11-03 07:45:00,17.497,17.557,17.466,17.471,4564.97
2025-11-03 08:00:00,17.465,17.491,17.427,17.429,7492.78
2025-11-03 08:15:00,17.421,17.445,17.34,17.353,5191.10
2025-11-03 08:30:00,17.352,17.399,17.315,17.356,4753.22
2025-11-03 08:45:00,17.362,17.515,17.307,17.462,5383.75
2025-11-03 09:00:00,17.458,17.614,17.429,17.56,7500.61
2025-11-03 09:15:00,17.553,17.56,17.389,17.43,3611.09
2025-11-03 09:30:00,17.437,17.466,17.385,17.414,1887.63
2025-11-03 09:45:00,17.403,17.423,17.326,17.339,3600.75
2025-11-03 10:00:00,17.353,17.418,17.347,17.381,3685.00
2025-11-03 10:15:00,17.381,17.401,17.368,17.385,7741.76
2025-11-03 10:30:00,17.363,17.363,17.256,17.271,2505.60
2025-11-03 10:45:00,17.274,17.3,17.187,17.242,9672.30
2025-11-03 11:00:00,17.237,17.426,17.237,17.366,8193.33
2025-11-03 11:15:00,17.361,17.489,17.358,17.455,9366.96
2025-11-03 11:30:00,17.455,17.499,17.432,17.489,2532.86
2025-11-03 11:45:00,17.503,17.556,17.454,17.464,4075.56
2025-11-03 12:00:00,17.481,17.564,17.429,17.536,5338.29
2025-11-03 12:15:00,17.537,17.647,17.537,17.627,8930.76
2025-11-03 12:30:00,17.626,17.626,17.517,17.525,4254.50
2025-11-03 12:45:00,17.525,17.555,17.455,17.457,3596.21
2025-11-03 13:00:00,17.455,17.5,17.439,17.471,26822.60
2025-11-03 13:15:00,17.471,17.471,17.395,17.422,5127.02
2025-11-03 13:30:00,17.424,17.559,17.424,17.505,11900.74
2025-11-03 13:45:00,17.509,17.516,17.408,17.441,2203.65
2025-11-03 14:00:00,17.448,17.673,17.448,17.545,10268.37
2025-11-03 14:15:00,17.54,17.556,17.476,17.501,5104.99
2025-11-03 14:30:00,17.508,17.523,17.365,17.37,5030.51
2025-11-03 14:45:00,17.368,17.477,17.343,17.477,10029.49
2025-11-03 15:00:00,17.491,17.526,17.204,17.241,20804.07
2025-11-03 15:15:00,17.239,17.239,16.539,16.598,113839.43
2025-11-03 15:30:00,16.607,16.67,15.93,16.481,265353.41
2025-11-03 15:45:00,16.487,16.563,16.314,16.344,68642.16
2025-11-03 16:00:00,16.355,16.565,16.267,16.556,169508.61
2025-11-03 16:15:00,16.566,16.813,16.54,16.691,122643.76
2025-11-03 16:30:00,16.684,16.79,16.672,16.699,15175.19
2025-11-03 16:45:00,16.717,16.772,16.685,16.738,14846.55
2025-11-03 17:00:00,16.73,16.864,16.702,16.854,10635.41
2025-11-03 17:15:00,16.84,17.086,16.81,16.839,12524.94
2025-11-03 17:30:00,16.838,17.054,16.838,16.936,8256.90
2025-11-03 17:45:00,16.945,17.073,16.945,17.002,3958.03
2025-11-03 18:00:00,16.994,17.029,16.926,16.935,4178.69
2025-11-03 18:15:00,16.937,16.982,16.872,16.882,1964.77
2025-11-03 18:30:00,16.889,16.97,16.889,16.937,4482.82
2025-11-03 18:45:00,16.917,16.97,16.877,16.884,2321.79
2025-11-03 19:00:00,16.883,16.918,16.81,16.849,8087.71
2025-11-03 19:15:00,16.845,16.907,16.729,16.753,5183.37
2025-11-03 19:30:00,16.757,16.864,16.756,16.85,2330.68
2025-11-03 19:45:00,16.854,16.902,16.748,16.766,6221.91
2025-11-03 20:00:00,16.77,16.801,16.647,16.651,33834.88
2025-11-03 20:15:00,16.648,16.672,16.585,16.632,7745.26
2025-11-03 20:30:00,16.627,16.678,16.54,16.551,5239.27
2025-11-03 20:45:00,16.558,16.567,16.415,16.517,5096.26
2025-11-03 21:00:00,16.513,16.725,16.51,16.575,40735.14
2025-11-03 21:15:00,16.568,16.655,16.407,16.577,8909.72
2025-11-03 21:30:00,16.59,16.738,16.546,16.732,6575.74
2025-11-03 21:45:00,16.741,16.768,16.716,16.736,1680.82
2025-11-03 22:00:00,16.742,16.751,16.648,16.68,7991.24
2025-11-03 22:15:00,16.683,16.704,16.558,16.559,4476.62
2025-11-03 22:30:00,16.546,16.614,16.478,16.592,40905.48
2025-11-03 22:45:00,16.595,16.693,16.592,16.602,7547.27
2025-11-03 23:00:00,16.591,16.591,16.459,16.524,2943.00
2025-11-03 23:15:00,16.52,16.636,16.509,16.609,2307.38
2025-11-03 23:30:00,16.606,16.702,16.588,16.701,1124.79
2025-11-03 23:45:00,16.697,16.702,16.623,16.637,3108.95
2025-11-04 00:00:00,16.642,16.648,16.592,16.599,6485.15
2025-11-04 00:15:00,16.602,16.628,16.464,16.464,5393.51
2025-11-04 00:30:00,16.463,16.866,16.463,16.865,21009.54
2025-11-04 00:45:00,16.845,16.865,16.704,16.747,3186.94
2025-11-04 01:00:00,16.75,16.774,16.691,16.734,2122.91
2025-11-04 01:15:00,16.738,16.876,16.731,16.799,2540.53
2025-11-04 01:30:00,16.818,16.947,16.804,16.853,3363.32
2025-11-04 01:45:00,16.839,16.874,16.762,16.84,455.58
2025-11-04 02:00:00,16.839,16.875,16.775,16.864,2792.09
2025-11-04 02:15:00,16.869,16.932,16.835,16.872,2127.84
2025-11-04 02:30:00,16.863,16.89,16.809,16.819,1333.69
2025-11-04 02:45:00,16.817,16.849,16.792,16.826,816.48
2025-11-04 03:00:00,16.821,16.958,16.783,16.952,4499.27
2025-11-04 03:15:00,16.957,16.971,16.9,16.959,2155.52
2025-11-04 03:30:00,16.951,16.98,16.905,16.967,753.59
2025-11-04 03:45:00,16.959,16.959,16.873,16.901,841.65
2025-11-04 04:00:00,16.904,16.993,16.891,16.96,813.36
2025-11-04 04:15:00,16.971,16.972,16.877,16.909,822.28
2025-11-04 04:30:00,16.913,16.944,16.825,16.827,1477.58
2025-11-04 04:45:00,16.822,16.854,16.755,16.76,1008.03
2025-11-04 05:00:00,16.752,16.763,16.679,16.724,1943.78
2025-11-04 05:15:00,16.721,16.724,16.455,16.466,24655.43
2025-11-04 05:30:00,16.451,16.452,16.186,16.186,64712.86
2025-11-04 05:45:00,16.188,16.231,15.965,15.986,27841.47
2025-11-04 06:00:00,15.973,16.385,15.963,16.385,19638.26
2025-11-04 06:15:00,16.397,16.595,16.397,16.45,33407.26
2025-11-04 06:30:00,16.452,16.453,16.303,16.343,3131.38
2025-11-04 06:45:00,16.342,16.378,16.27,16.319,8374.54
2025-11-04 07:00:00,16.314,16.333,16.165,16.189,14405.01
2025-11-04 07:15:00,16.191,16.265,16.039,16.054,13656.85
2025-11-04 07:30:00,16.056,16.197,16.045,16.077,3807.08
2025-11-04 07:45:00,16.095,16.184,16.038,16.149,5157.17
2025-11-04 08:00:00,16.143,16.219,16.133,16.145,9805.25
2025-11-04 08:15:00,16.144,16.371,16.083,16.34,9138.29
2025-11-04 08:30:00,16.34,16.564,16.33,16.438,20859.44
2025-11-04 08:45:00,16.441,16.446,16.339,16.394,3287.28
2025-11-04 09:00:00,16.393,16.459,16.367,16.39,9949.42
2025-11-04 09:15:00,16.393,16.56,16.369,16.498,6111.89
2025-11-04 09:30:00,16.494,16.61,16.463,16.583,7845.80
2025-11-04 09:45:00,16.574,16.63,16.535,16.61,2675.75
2025-11-04 10:00:00,16.609,16.68,16.609,16.635,8949.28
2025-11-04 10:15:00,16.634,16.672,16.575,16.589,5759.66
2025-11-04 10:30:00,16.594,16.641,16.536,16.59,14357.36
2025-11-04 10:45:00,16.59,16.637,16.567,16.625,8557.19
2025-11-04 11:00:00,16.634,16.758,16.604,16.747,15927.18
2025-11-04 11:15:00,16.743,16.791,16.684,16.684,6845.38
2025-11-04 11:30:00,16.674,16.718,16.655,16.696,19177.72
2025-11-04 11:45:00,16.698,16.734,16.658,16.711,3046.55
2025-11-04 12:00:00,16.704,16.721,16.594,16.61,6492.63
2025-11-04 12:15:00,16.612,16.631,16.58,16.611,2101.53
2025-11-04 12:30:00,16.612,16.613,16.46,16.473,11811.59
2025-11-04 12:45:00,16.475,16.546,16.435,16.535,219025.75
2025-11-04 13:00:00,16.531,16.555,16.432,16.517,8283.87
2025-11-04 13:15:00,16.507,16.511,16.372,16.387,3090.73
2025-11-04 13:30:00,16.382,16.525,16.378,16.472,4714.50
2025-11-04 13:45:00,16.468,16.474,16.41,16.418,1745.00
2025-11-04 14:00:00,16.418,16.437,16.315,16.412,8773.29
2025-11-04 14:15:00,16.401,16.437,16.316,16.354,2017.79
2025-11-04 14:30:00,16.371,16.669,16.332,16.653,32190.30
2025-11-04 14:45:00,16.654,16.831,16.628,16.746,19006.35
2025-11-04 15:00:00,16.742,16.806,16.595,16.608,14967.63
2025-11-04 15:15:00,16.603,16.827,16.603,16.711,10521.03
2025-11-04 15:30:00,16.706,16.706,16.638,16.659,3141.57
2025-11-04 15:45:00,16.657,16.657,16.385,16.41,12961.48
2025-11-04 16:00:00,16.411,16.471,16.344,16.386,9501.17
2025-11-04 16:15:00,16.384,16.405,16.206,16.318,16891.96
2025-11-04 16:30:00,16.307,16.363,16.084,16.085,6378.50
2025-11-04 16:45:00,16.087,16.116,15.943,15.961,20116.21
2025-11-04 17:00:00,15.96,15.972,15.606,15.675,58898.32
2025-11-04 17:15:00,15.674,15.871,15.536,15.748,50640.98
2025-11-04 17:30:00,15.745,16.017,15.745,15.858,22038.20
2025-11-04 17:45:00,15.862,15.9,15.814,15.882,10449.07
2025-11-04 18:00:00,15.871,15.875,15.652,15.701,23829.02
2025-11-04 18:15:00,15.704,15.707,15.511,15.533,19180.98
2025-11-04 18:30:00,15.531,15.758,15.311,15.745,104858.25
2025-11-04 18:45:00,15.757,15.884,15.553,15.841,115864.84
2025-11-04 19:00:00,15.833,15.914,15.741,15.822,109429.79
2025-11-04 19:15:00,15.83,15.954,15.78,15.824,24348.16
2025-11-04 19:30:00,15.825,15.858,15.668,15.717,7722.90
2025-11-04 19:45:00,15.715,15.715,15.568,15.588,7150.60
2025-11-04 20:00:00,15.589,15.621,15.456,15.482,8595.54
2025-11-04 20:15:00,15.481,15.481,14.985,15.426,229689.80
2025-11-04 20:30:00,15.434,15.799,15.283,15.751,42340.71
2025-11-04 20:45:00,15.746,15.793,15.551,15.643,31490.73
2025-11-04 21:00:00,15.653,15.73,15.499,15.513,24692.80
2025-11-04 21:15:00,15.51,15.552,15.371,15.406,17922.55
2025-11-04 21:30:00,15.41,15.415,15.048,15.192,116854.05
2025-11-04 21:45:00,15.192,15.669,15.192,15.668,85958.26
2025-11-04 22:00:00,15.669,15.977,15.588,15.925,61962.95
2025-11-04 22:15:00,15.937,16.028,15.918,16.013,11168.91
2025-11-04 22:30:00,16.014,16.165,15.981,16.023,19172.65
2025-11-04 22:45:00,16.024,16.123,15.991,16.123,2968.84
2025-11-04 23:00:00,16.123,16.183,16.042,16.068,20293.90
2025-11-04 23:15:00,16.071,16.093,16.004,16.029,3934.69
2025-11-04 23:30:00,16.02,16.062,15.97,16.062,7949.63
2025-11-04 23:45:00,16.048,16.079,15.979,15.979,2294.01
2025-11-05 00:00:00,15.979,16.021,15.931,15.979,6743.37
2025-11-05 00:15:00,15.985,16.065,15.805,15.816,20872.52
2025-11-05 00:30:00,15.816,15.831,15.712,15.712,9556.66
2025-11-05 00:45:00,15.711,15.859,15.709,15.824,4642.17
2025-11-05 01:00:00,15.834,15.854,15.666,15.715,12053.06
2025-11-05 01:15:00,15.71,15.714,15.394,15.42,9441.43
2025-11-05 01:30:00,15.413,15.531,15.273,15.328,17446.59
2025-11-05 01:45:00,15.326,15.843,15.32,15.768,33155.32
2025-11-05 02:00:00,15.776,16.089,15.776,16.023,32074.19
2025-11-05 02:15:00,16.024,16.132,15.958,16.056,22802.07
2025-11-05 02:30:00,16.06,16.184,16.007,16.181,4632.89
2025-11-05 02:45:00,16.18,16.356,16.122,16.324,8504.34
2025-11-05 03:00:00,16.335,16.405,16.269,16.284,15232.20
2025-11-05 03:15:00,16.292,16.417,16.261,16.416,2316.07
2025-11-05 03:30:00,16.399,16.461,16.389,16.431,2107.06
2025-11-05 03:45:00,16.426,16.451,16.389,16.422,1231.65
2025-11-05 04:00:00,16.421,16.494,16.406,16.425,2865.86
2025-11-05 04:15:00,16.432,16.453,16.31,16.318,5193.57
2025-11-05 04:30:00,16.324,16.566,16.31,16.559,6231.01
2025-11-05 04:45:00,16.534,16.534,16.422,16.449,4852.07
2025-11-05 05:00:00,16.465,16.59,16.459,16.56,6952.70
2025-11-05 05:15:00,16.56,16.567,16.462,16.488,5838.42
2025-11-05 05:30:00,16.485,16.526,16.457,16.503,42200.66
2025-11-05 05:45:00,16.504,16.528,16.5,16.511,29884.94
2025-11-05 06:00:00,16.506,16.524,16.457,16.475,10368.40
2025-11-05 06:15:00,16.469,16.519,16.398,16.419,3089.55
2025-11-05 06:30:00,16.414,16.501,16.408,16.428,3382.39
2025-11-05 06:45:00,16.415,16.518,16.411,16.518,1174.17
2025-11-05 07:00:00,16.528,16.528,16.447,16.465,2700.25
2025-11-05 07:15:00,16.455,16.483,16.372,16.423,12889.01
2025-11-05 07:30:00,16.417,16.492,16.4,16.479,2999.97
2025-11-05 07:45:00,16.476,16.622,16.476,16.536,6061.74
2025-11-05 08:00:00,16.535,16.535,16.429,16.463,5716.69
2025-11-05 08:15:00,16.467,16.467,16.255,16.323,6820.48
2025-11-05 08:30:00,16.313,16.42,16.305,16.321,3051.56
2025-11-05 08:45:00,16.327,16.37,16.235,16.35,5479.51
2025-11-05 09:00:00,16.349,16.48,16.324,16.366,4363.66
2025-11-05 09:15:00,16.358,16.443,16.337,16.434,5191.41
2025-11-05 09:30:00,16.434,16.434,16.354,16.398,3802.14
2025-11-05 09:45:00,16.398,16.431,16.363,16.426,4449.76
2025-11-05 10:00:00,16.427,16.443,16.334,16.342,4883.57
2025-11-05 10:15:00,16.354,16.378,16.301,16.37,2888.95
2025-11-05 10:30:00,16.362,16.401,16.31,16.331,4615.18
2025-11-05 10:45:00,16.332,16.335,16.212,16.23,9252.02
2025-11-05 11:00:00,16.224,16.414,16.223,16.373,3089.35
2025-11-05 11:15:00,16.375,16.508,16.375,16.436,2867.83
2025-11-05 11:30:00,16.45,16.516,16.444,16.505,1974.51
2025-11-05 11:45:00,16.505,16.576,16.496,16.554,2565.98
2025-11-05 12:00:00,16.553,16.553,16.472,16.484,3061.03
2025-11-05 12:15:00,16.474,16.683,16.472,16.648,6947.35
2025-11-05 12:30:00,16.608,16.742,16.576,16.736,60707.82
2025-11-05 12:45:00,16.731,16.731,16.655,16.675,7274.46
2025-11-05 13:00:00,16.676,16.719,16.606,16.615,4723.63
2025-11-05 13:15:00,16.619,16.675,16.595,16.662,3448.54
2025-11-05 13:30:00,16.656,16.782,16.628,16.712,4229.88
2025-11-05 13:45:00,16.715,16.804,16.687,16.717,8446.49
2025-11-05 14:00:00,16.715,16.767,16.684,16.693,4812.20
2025-11-05 14:15:00,16.681,16.692,16.592,16.596,7381.85
2025-11-05 14:30:00,16.582,16.663,16.47,16.553,11239.09
2025-11-05 14:45:00,16.549,16.718,16.528,16.644,4210.75
2025-11-05 15:00:00,16.641,16.699,16.588,16.629,5093.70
2025-11-05 15:15:00,16.621,16.693,16.593,16.67,3524.54
2025-11-05 15:30:00,16.68,16.745,16.645,16.712,3468.39
2025-11-05 15:45:00,16.7,16.761,16.695,16.755,5482.35
2025-11-05 16:00:00,16.753,16.772,16.646,16.664,12611.96
2025-11-05 16:15:00,16.674,16.685,16.573,16.634,5149.01
2025-11-05 16:30:00,16.629,16.746,16.629,16.685,7778.81
2025-11-05 16:45:00,16.714,16.885,16.701,16.863,11939.50
2025-11-05 17:00:00,16.844,16.844,16.804,16.812,3578.72
2025-11-05 17:15:00,16.812,16.954,16.812,16.926,3875.74
2025-11-05 17:30:00,16.915,16.973,16.904,16.906,8545.11
2025-11-05 17:45:00,16.908,16.92,16.87,16.919,6312.74
2025-11-05 18:00:00,16.915,16.915,16.826,16.826,5139.46
2025-11-05 18:15:00,16.837,16.915,16.837,16.915,1071.83
2025-11-05 18:30:00,16.918,16.968,16.872,16.939,1887.76
2025-11-05 18:45:00,16.914,16.982,16.899,16.921,12250.87
2025-11-05 19:00:00,16.918,16.925,16.796,16.802,4687.64
2025-11-05 19:15:00,16.799,16.869,16.799,16.83,4106.87
2025-11-05 19:30:00,16.817,16.868,16.804,16.818,5858.85
2025-11-05 19:45:00,16.812,16.814,16.745,16.773,4096.70
2025-11-05 20:00:00,16.768,16.837,16.764,16.828,5408.03
2025-11-05 20:15:00,16.827,16.827,16.669,16.676,4695.57
2025-11-05 20:30:00,16.67,16.697,16.627,16.645,6989.21
2025-11-05 20:45:00,16.647,16.684,16.632,16.684,7903.40
2025-11-05 21:00:00,16.68,16.68,16.584,16.601,4640.66
2025-11-05 21:15:00,16.594,16.636,16.562,16.588,1509.07
2025-11-05 21:30:00,16.592,16.641,16.557,16.609,5715.61
2025-11-05 21:45:00,16.609,16.655,16.609,16.627,381.81
2025-11-05 22:00:00,16.622,16.638,16.566,16.592,15941.54
2025-11-05 22:15:00,16.597,16.639,16.587,16.613,6395.05
2025-11-05 22:30:00,16.627,16.679,16.611,16.661,1494.79
2025-11-05 22:45:00,16.661,16.713,16.632,16.698,4504.46
2025-11-05 23:00:00,16.707,16.738,16.602,16.639,9010.54
2025-11-05 23:15:00,16.639,16.705,16.633,16.702,1463.70
2025-11-05 23:30:00,16.694,16.702,16.659,16.688,2271.00
2025-11-05 23:45:00,16.674,16.778,16.6,16.602,4212.79
2025-11-06 00:00:00,16.598,16.604,16.517,16.589,11014.93
2025-11-06 00:15:00,16.587,16.604,16.534,16.57,4403.70
2025-11-06 00:30:00,16.572,16.581,16.548,16.57,5616.70
2025-11-06 00:45:00,16.583,16.648,16.555,16.609,5229.74
2025-11-06 01:00:00,16.608,16.608,16.465,16.496,5819.68
2025-11-06 01:15:00,16.503,16.521,16.36,16.393,11732.01
2025-11-06 01:30:00,16.379,16.511,16.379,16.469,3614.10
2025-11-06 01:45:00,16.471,16.559,16.468,16.541,4318.81
2025-11-06 02:00:00,16.536,16.546,16.4,16.4,5228.02
2025-11-06 02:15:00,16.407,16.468,16.378,16.395,2044.96
2025-11-06 02:30:00,16.392,16.608,16.382,16.608,2774.86
2025-11-06 02:45:00,16.6,16.676,16.585,16.607,3813.20
2025-11-06 03:00:00,16.61,16.649,16.602,16.612,2683.77
2025-11-06 03:15:00,16.615,16.686,16.587,16.594,4292.08
2025-11-06 03:30:00,16.6,16.659,16.599,16.644,1129.49
2025-11-06 03:45:00,16.649,16.669,16.627,16.627,696.75
2025-11-06 04:00:00,16.631,16.677,16.607,16.669,2837.86
2025-11-06 04:15:00,16.668,16.676,16.609,16.633,1318.06
2025-11-06 04:30:00,16.617,16.65,16.606,16.65,509.77
2025-11-06 04:45:00,16.648,16.718,16.647,16.674,1776.13
2025-11-06 05:00:00,16.655,16.655,16.48,16.484,1158.12
2025-11-06 05:15:00,16.476,16.49,16.437,16.444,344.68
2025-11-06 05:30:00,16.455,16.455,16.365,16.374,6475.85
2025-11-06 05:45:00,16.382,16.385,16.31,16.34,1466.98
2025-11-06 06:00:00,16.335,16.376,16.332,16.357,3608.76
2025-11-06 06:15:00,16.363,16.406,16.354,16.385,362.82
2025-11-06 06:30:00,16.402,16.421,16.302,16.349,11896.59
2025-11-06 06:45:00,16.364,16.364,16.299,16.3,1796.63
2025-11-06 07:00:00,16.297,16.351,16.281,16.314,987.36
2025-11-06 07:15:00,16.315,16.375,16.214,16.349,6378.60
2025-11-06 07:30:00,16.324,16.325,16.242,16.258,3944.61
2025-11-06 07:45:00,16.26,16.3,16.253,16.277,763.99
2025-11-06 08:00:00,16.272,16.295,16.237,16.27,2179.79
2025-11-06 08:15:00,16.283,16.323,16.252,16.266,14191.13
2025-11-06 08:30:00,16.271,16.284,16.23,16.253,1369.05
2025-11-06 08:45:00,16.229,16.278,16.193,16.265,5928.50
2025-11-06 09:00:00,16.268,16.338,16.213,16.338,22273.42
2025-11-06 09:15:00,16.343,16.356,16.289,16.289,29130.50
2025-11-06 09:30:00,16.283,16.337,16.283,16.321,13470.88
2025-11-06 09:45:00,16.313,16.324,16.256,16.274,754.91
2025-11-06 10:00:00,16.274,16.307,16.219,16.29,4044.79
2025-11-06 10:15:00,16.27,16.385,16.264,16.356,4860.65
2025-11-06 10:30:00,16.356,16.423,16.34,16.367,1055.47
2025-11-06 10:45:00,16.366,16.381,16.315,16.356,8539.54
2025-11-06 11:00:00,16.356,16.356,16.241,16.253,5348.08
2025-11-06 11:15:00,16.241,16.318,16.241,16.317,4281.44
2025-11-06 11:30:00,16.307,16.318,16.281,16.309,362.65
2025-11-06 11:45:00,16.296,16.314,16.267,16.279,949.93
2025-11-06 12:00:00,16.279,16.28,16.223,16.258,11218.31
2025-11-06 12:15:00,16.258,16.258,16.136,16.179,1598.01
2025-11-06 12:30:00,16.17,16.209,16.068,16.071,6144.51
2025-11-06 12:45:00,16.098,16.122,16.074,16.101,3520.91
2025-11-06 13:00:00,16.097,16.206,16.097,16.206,11213.03
2025-11-06 13:15:00,16.208,16.376,16.208,16.346,6271.13
2025-11-06 13:30:00,16.379,16.379,16.303,16.349,2227.87
2025-11-06 13:45:00,16.382,16.409,16.322,16.327,4611.49
2025-11-06 14:00:00,16.332,16.357,16.166,16.237,4445.76
2025-11-06 14:15:00,16.206,16.261,16.169,16.17,6326.56
2025-11-06 14:30:00,16.183,16.197,16.043,16.108,17209.14
2025-11-06 14:45:00,16.114,16.198,16.025,16.034,8072.46
2025-11-06 15:00:00,16.045,16.107,15.992,16.054,14764.53
2025-11-06 15:15:00,16.028,16.177,16.01,16.06,6541.18
2025-11-06 15:30:00,16.055,16.06,15.854,15.854,10203.07
2025-11-06 15:45:00,15.866,15.9,15.784,15.839,20709.04
2025-11-06 16:00:00,15.84,15.94,15.803,15.812,11434.68
2025-11-06 16:15:00,15.82,15.829,15.7,15.816,98951.30
2025-11-06 16:30:00,15.813,15.814,15.588,15.667,29049.07
2025-11-06 16:45:00,15.667,15.844,15.649,15.791,22532.02
2025-11-06 17:00:00,15.783,15.914,15.764,15.78,16024.60
2025-11-06 17:15:00,15.792,15.853,15.73,15.846,4439.56
2025-11-06 17:30:00,15.846,15.905,15.804,15.839,9365.73
2025-11-06 17:45:00,15.839,15.964,15.839,15.948,9054.53
2025-11-06 18:00:00,15.945,15.965,15.869,15.876,4407.45
2025-11-06 18:15:00,15.878,15.882,15.776,15.843,2751.21
2025-11-06 18:30:00,15.851,16.082,15.851,16.047,15532.36
2025-11-06 18:45:00,16.045,16.138,16.025,16.06,8811.82
2025-11-06 19:00:00,16.04,16.12,16.036,16.117,6925.73
2025-11-06 19:15:00,16.136,16.146,16.069,16.116,5556.13
2025-11-06 19:30:00,16.114,16.165,16.012,16.043,3180.36
2025-11-06 19:45:00,16.059,16.145,15.995,16.113,3217.88
2025-11-06 20:00:00,16.127,16.191,16.115,16.116,5469.95
2025-11-06 20:15:00,16.116,16.178,16.077,16.077,7504.33
2025-11-06 20:30:00,16.051,16.054,15.919,15.919,8663.52
2025-11-06 20:45:00,15.938,16.057,15.918,16.026,2986.50
2025-11-06 21:00:00,16.023,16.06,15.955,16.021,1386.85
2025-11-06 21:15:00,16.036,16.08,16.007,16.08,3962.61
2025-11-06 21:30:00,16.083,16.203,16.069,16.191,7467.96
2025-11-06 21:45:00,16.178,16.21,16.125,16.149,12838.68
2025-11-06 22:00:00,16.15,16.188,16.102,16.102,1505.24
2025-11-06 22:15:00,16.103,16.136,16.065,16.076,1441.60
2025-11-06 22:30:00,16.066,16.11,16.005,16.005,1342.03
2025-11-06 22:45:00,16.014,16.142,15.979,16.142,492.12
2025-11-06 23:00:00,16.123,16.123,16.01,16.055,1580.24
2025-11-06 23:15:00,16.017,16.042,15.952,16.015,5424.77
2025-11-06 23:30:00,16.029,16.029,15.967,16.026,279.79
2025-11-06 23:45:00,16.041,16.114,16.038,16.114,3402.28
2025-11-07 00:00:00,16.117,16.229,16.104,16.199,12888.82
2025-11-07 00:15:00,16.199,16.213,16.079,16.104,7028.69
2025-11-07 00:30:00,16.111,16.248,16.098,16.244,2495.25
2025-11-07 00:45:00,16.25,16.294,16.218,16.274,1681.94
2025-11-07 01:00:00,16.275,16.295,16.153,16.226,3700.94
2025-11-07 01:15:00,16.22,16.327,16.192,16.275,2619.91
2025-11-07 01:30:00,16.265,16.27,16.048,16.101,6784.05
2025-11-07 01:45:00,16.09,16.283,16.048,16.283,6185.81
2025-11-07 02:00:00,16.281,16.281,16.193,16.241,2808.25
2025-11-07 02:15:00,16.239,16.269,16.151,16.169,1170.48
2025-11-07 02:30:00,16.16,16.31,16.16,16.295,1685.56
2025-11-07 02:45:00,16.3,16.4,16.282,16.399,7041.05
2025-11-07 03:00:00,16.401,16.507,16.398,16.473,13156.40
2025-11-07 03:15:00,16.456,16.49,16.446,16.483,2177.64
2025-11-07 03:30:00,16.477,16.488,16.441,16.441,4219.80
2025-11-07 03:45:00,16.443,16.467,16.427,16.451,852.59
2025-11-07 04:00:00,16.455,16.466,16.364,16.373,4271.36
2025-11-07 04:15:00,16.379,16.466,16.379,16.446,876.56
2025-11-07 04:30:00,16.427,16.427,16.333,16.366,1019.50
2025-11-07 04:45:00,16.373,16.445,16.353,16.445,904.89
2025-11-07 05:00:00,16.444,16.595,16.429,16.561,2851.85
2025-11-07 05:15:00,16.57,16.57,16.524,16.553,1050.52
2025-11-07 05:30:00,16.567,16.608,16.55,16.585,1474.92
2025-11-07 05:45:00,16.591,16.673,16.57,16.656,2212.68
2025-11-07 06:00:00,16.657,16.714,16.654,16.704,2094.00
2025-11-07 06:15:00,16.699,16.748,16.69,16.733,1106.71
2025-11-07 06:30:00,16.713,16.745,16.706,16.708,1145.42
2025-11-07 06:45:00,16.698,16.706,16.662,16.675,523.67
2025-11-07 07:00:00,16.672,16.719,16.672,16.712,194.32
2025-11-07 07:15:00,16.734,16.815,16.713,16.748,1411.44
2025-11-07 07:30:00,16.74,16.75,16.68,16.749,3031.20
2025-11-07 07:45:00,16.774,16.924,16.774,16.912,3021.90
2025-11-07 08:00:00,16.912,17.019,16.875,17.003,4871.76
2025-11-07 08:15:00,17.007,17.007,16.839,16.887,4013.55
2025-11-07 08:30:00,16.886,16.895,16.793,16.814,2578.21
2025-11-07 08:45:00,16.81,16.864,16.793,16.862,2316.72
2025-11-07 09:00:00,16.863,16.863,16.73,16.787,3430.65
2025-11-07 09:15:00,16.783,16.842,16.6,16.6,7687.34
2025-11-07 09:30:00,16.591,16.655,16.549,16.58,2566.29
2025-11-07 09:45:00,16.587,16.715,16.582,16.715,2662.85
2025-11-07 10:00:00,16.713,16.82,16.701,16.705,3464.92
2025-11-07 10:15:00,16.71,16.71,16.611,16.652,4350.41
2025-11-07 10:30:00,16.66,16.7,16.65,16.696,2533.91
2025-11-07 10:45:00,16.7,16.704,16.541,16.592,3142.17
2025-11-07 11:00:00,16.591,16.591,16.383,16.383,4536.41
2025-11-07 11:15:00,16.389,16.477,16.333,16.37,12250.71
2025-11-07 11:30:00,16.364,16.409,16.28,16.365,9958.99
2025-11-07 11:45:00,16.377,16.502,16.345,16.46,5718.81
2025-11-07 12:00:00,16.453,16.521,16.372,16.372,4014.95
2025-11-07 12:15:00,16.369,16.369,16.256,16.267,3008.60
2025-11-07 12:30:00,16.25,16.25,16.167,16.201,23761.84
2025-11-07 12:45:00,16.175,16.218,16.113,16.194,11571.61
2025-11-07 13:00:00,16.202,16.321,16.13,16.266,5198.14
2025-11-07 13:15:00,16.264,16.377,16.228,16.266,4852.23
2025-11-07 13:30:00,16.287,16.312,16.245,16.279,1814.55
2025-11-07 13:45:00,16.289,16.432,16.288,16.377,8585.57
2025-11-07 14:00:00,16.367,16.47,16.324,16.447,4299.75
2025-11-07 14:15:00,16.412,16.412,16.333,16.357,2153.04
2025-11-07 14:30:00,16.351,16.437,16.085,16.437,47997.03
2025-11-07 14:45:00,16.437,16.676,16.411,16.612,39425.67
2025-11-07 15:00:00,16.625,16.736,16.496,16.733,32002.42
2025-11-07 15:15:00,16.72,16.82,16.654,16.772,37034.56
2025-11-07 15:30:00,16.784,16.809,16.659,16.682,29717.86
2025-11-07 15:45:00,16.708,16.874,16.688,16.804,20891.10
2025-11-07 16:00:00,16.799,16.898,16.743,16.757,20053.48
2025-11-07 16:15:00,16.764,17.216,16.741,17.163,42854.45
2025-11-07 16:30:00,17.167,17.319,17.156,17.305,24350.97
2025-11-07 16:45:00,17.302,17.427,17.215,17.309,24580.58
2025-11-07 17:00:00,17.317,17.466,17.228,17.42,14714.97
2025-11-07 17:15:00,17.436,17.65,17.425,17.588,23449.86
2025-11-07 17:30:00,17.597,17.705,17.585,17.692,32538.53
2025-11-07 17:45:00,17.706,17.756,17.613,17.725,7968.73
2025-11-07 18:00:00,17.731,17.921,17.728,17.887,14111.41
2025-11-07 18:15:00,17.876,17.952,17.776,17.862,14283.37
2025-11-07 18:30:00,17.864,17.928,17.848,17.898,2961.89
2025-11-07 18:45:00,17.913,17.913,17.666,17.736,9983.57
2025-11-07 19:00:00,17.72,17.856,17.646,17.856,13990.14
2025-11-07 19:15:00,17.849,17.849,17.746,17.746,6519.59
2025-11-07 19:30:00,17.753,17.883,17.749,17.87,6364.10
2025-11-07 19:45:00,17.865,17.875,17.764,17.818,9711.21
2025-11-07 20:00:00,17.811,17.863,17.739,17.821,16985.53
2025-11-07 20:15:00,17.805,17.805,17.685,17.775,5676.04
2025-11-07 20:30:00,17.771,17.821,17.742,17.796,4140.06
2025-11-07 20:45:00,17.786,17.822,17.764,17.794,2944.32
2025-11-07 21:00:00,17.771,17.916,17.756,17.903,7473.68
2025-11-07 21:15:00,17.902,17.953,17.828,17.828,6490.32
2025-11-07 21:30:00,17.831,17.902,17.831,17.89,1998.73
2025-11-07 21:45:00,17.897,17.996,17.897,17.983,3132.01
2025-11-07 22:00:00,17.987,17.996,17.872,17.88,1775.11
2025-11-07 22:15:00,17.883,18.03,17.876,17.933,13735.08
2025-11-07 22:30:00,17.908,18.032,17.845,17.916,9229.91
2025-11-07 22:45:00,17.926,18.037,17.904,17.993,3104.29
2025-11-07 23:00:00,17.98,18.008,17.825,17.847,16515.92
2025-11-07 23:15:00,17.851,17.93,17.762,17.778,21923.80
2025-11-07 23:30:00,17.784,17.931,17.736,17.815,24816.86
2025-11-07 23:45:00,17.793,17.817,17.655,17.736,4663.32
2025-11-08 00:00:00,17.738,17.981,17.734,17.961,3008.55
2025-11-08 00:15:00,17.961,17.98,17.81,17.81,7836.37
2025-11-08 00:30:00,17.826,17.885,17.707,17.869,5105.79
2025-11-08 00:45:00,17.857,17.967,17.669,17.669,4764.18
2025-11-08 01:00:00,17.673,17.861,17.67,17.788,8631.30
2025-11-08 01:15:00,17.819,17.927,17.819,17.924,8078.74
2025-11-08 01:30:00,17.891,18.029,17.881,17.967,10604.33
2025-11-08 01:45:00,17.973,18.003,17.95,17.999,1137.01
2025-11-08 02:00:00,17.999,18.154,17.993,18.111,7347.12
2025-11-08 02:15:00,18.118,18.233,18.092,18.194,4574.33
2025-11-08 02:30:00,18.198,18.396,18.198,18.33,18459.60
2025-11-08 02:45:00,18.292,18.293,18.065,18.088,5569.17
2025-11-08 03:00:00,18.091,18.161,18.059,18.059,1761.94
2025-11-08 03:15:00,18.072,18.168,18.069,18.118,2063.58
2025-11-08 03:30:00,18.081,18.112,17.893,17.968,7163.81
2025-11-08 03:45:00,17.95,18.012,17.834,17.834,6018.05
2025-11-08 04:00:00,17.832,17.902,17.815,17.868,2667.28
2025-11-08 04:15:00,17.877,17.913,17.846,17.854,1713.29
2025-11-08 04:30:00,17.842,18.033,17.842,18.013,3833.90
2025-11-08 04:45:00,18.011,18.059,17.91,17.91,3160.74
2025-11-08 05:00:00,17.914,17.974,17.878,17.88,3215.26
2025-11-08 05:15:00,17.907,17.957,17.838,17.926,508.20
2025-11-08 05:30:00,17.905,17.931,17.752,17.786,6181.32
2025-11-08 05:45:00,17.793,17.809,17.742,17.76,2533.85
2025-11-08 06:00:00,17.768,17.8,17.632,17.632,5134.70
2025-11-08 06:15:00,17.65,17.733,17.555,17.615,6303.98
2025-11-08 06:30:00,17.618,17.784,17.586,17.756,1637.67
2025-11-08 06:45:00,17.734,17.773,17.651,17.674,1803.97
2025-11-08 07:00:00,17.683,17.702,17.62,17.636,324.78
2025-11-08 07:15:00,17.663,17.691,17.579,17.656,723.64
2025-11-08 07:30:00,17.721,17.824,17.677,17.817,2204.38
2025-11-08 07:45:00,17.808,17.88,17.806,17.852,964.51
2025-11-08 08:00:00,17.851,17.88,17.832,17.843,1671.55
2025-11-08 08:15:00,17.829,17.865,17.721,17.865,9054.86
2025-11-08 08:30:00,17.877,17.988,17.843,17.97,3083.05
2025-11-08 08:45:00,17.961,17.975,17.926,17.951,1781.24
2025-11-08 09:00:00,17.957,17.958,17.793,17.831,7795.14
2025-11-08 09:15:00,17.828,17.917,17.809,17.901,6481.61
2025-11-08 09:30:00,17.868,17.907,17.796,17.81,3170.89
2025-11-08 09:45:00,17.798,17.807,17.655,17.703,44325.23
2025-11-08 10:00:00,17.699,17.746,17.681,17.746,3374.28
2025-11-08 10:15:00,17.739,17.806,17.728,17.799,4788.12
2025-11-08 10:30:00,17.809,17.835,17.766,17.771,2100.99
2025-11-08 10:45:00,17.793,17.893,17.791,17.853,3708.04
2025-11-08 11:00:00,17.853,17.939,17.833,17.919,4322.47
2025-11-08 11:15:00,17.908,17.97,17.867,17.961,2821.37
2025-11-08 11:30:00,17.955,17.957,17.76,17.777,3973.73
2025-11-08 11:45:00,17.755,17.799,17.737,17.782,14404.71
2025-11-08 12:00:00,17.782,17.782,17.597,17.634,41645.05
2025-11-08 12:15:00,17.649,17.77,17.649,17.732,6145.38
2025-11-08 12:30:00,17.718,17.718,17.599,17.599,2520.17
2025-11-08 12:45:00,17.601,17.683,17.586,17.656,1956.89
2025-11-08 13:00:00,17.657,17.661,17.491,17.587,6163.56
2025-11-08 13:15:00,17.583,17.617,17.521,17.612,2994.37
2025-11-08 13:30:00,17.599,17.603,17.462,17.497,3860.28
2025-11-08 13:45:00,17.505,17.505,17.351,17.351,6281.13
2025-11-08 14:00:00,17.369,17.414,17.267,17.267,10246.94
2025-11-08 14:15:00,17.278,17.301,17.203,17.265,10739.08
2025-11-08 14:30:00,17.281,17.411,17.275,17.37,18288.46
2025-11-08 14:45:00,17.4,17.429,17.357,17.391,1771.66
2025-11-08 15:00:00,17.4,17.405,17.278,17.315,2964.72
2025-11-08 15:15:00,17.347,17.369,17.131,17.205,10679.10
2025-11-08 15:30:00,17.207,17.209,17.087,17.104,4425.71
2025-11-08 15:45:00,17.121,17.189,17.109,17.13,1989.09
2025-11-08 16:00:00,17.133,17.171,17.011,17.171,6689.52
2025-11-08 16:15:00,17.151,17.171,17.038,17.108,3064.72
2025-11-08 16:30:00,17.117,17.202,17.098,17.128,1528.10
2025-11-08 16:45:00,17.128,17.198,17.069,17.112,11350.03
2025-11-08 17:00:00,17.112,17.12,17.054,17.072,5336.34
2025-11-08 17:15:00,17.09,17.203,17.087,17.174,4700.52
2025-11-08 17:30:00,17.178,17.232,17.178,17.232,1178.00
2025-11-08 17:45:00,17.23,17.246,17.212,17.233,1408.59
2025-11-08 18:00:00,17.239,17.336,17.219,17.312,3311.12
2025-11-08 18:15:00,17.312,17.316,17.231,17.258,850.85
2025-11-08 18:30:00,17.264,17.325,17.212,17.236,643.95
2025-11-08 18:45:00,17.265,17.364,17.247,17.331,730.31
2025-11-08 19:00:00,17.318,17.318,17.284,17.3,4000.51
2025-11-08 19:15:00,17.311,17.311,17.104,17.157,918.83
2025-11-08 19:30:00,17.158,17.273,17.148,17.248,770.21
2025-11-08 19:45:00,17.263,17.276,17.221,17.273,1951.78
2025-11-08 20:00:00,17.281,17.31,17.235,17.235,4218.15
2025-11-08 20:15:00,17.245,17.322,17.24,17.299,1351.99
2025-11-08 20:30:00,17.316,17.379,17.287,17.356,2147.11
2025-11-08 20:45:00,17.359,17.384,17.343,17.353,3302.03
2025-11-08 21:00:00,17.353,17.369,17.285,17.285,2599.19
2025-11-08 21:15:00,17.293,17.327,17.284,17.324,507.75
2025-11-08 21:30:00,17.325,17.388,17.304,17.388,572.60
2025-11-08 21:45:00,17.377,17.377,17.323,17.355,1116.88
2025-11-08 22:00:00,17.356,17.417,17.336,17.379,3972.70
2025-11-08 22:15:00,17.361,17.427,17.347,17.413,1536.21
2025-11-08 22:30:00,17.41,17.425,17.384,17.384,1227.08
2025-11-08 22:45:00,17.378,17.468,17.378,17.43,1156.24
2025-11-08 23:00:00,17.423,17.44,17.401,17.44,485.33
2025-11-08 23:15:00,17.435,17.463,17.425,17.446,1861.30
2025-11-08 23:30:00,17.446,17.467,17.432,17.458,1718.52
2025-11-08 23:45:00,17.463,17.486,17.46,17.486,225.47
2025-11-09 00:00:00,17.491,17.509,17.436,17.436,2810.25
2025-11-09 00:15:00,17.427,17.43,17.291,17.321,5099.29
2025-11-09 00:30:00,17.316,17.41,17.316,17.37,6602.83
2025-11-09 00:45:00,17.362,17.367,17.235,17.275,5004.04
2025-11-09 01:00:00,17.275,17.369,17.269,17.287,4005.30
2025-11-09 01:15:00,17.319,17.326,17.251,17.268,585.15
2025-11-09 01:30:00,17.27,17.27,17.161,17.229,1452.30
2025-11-09 01:45:00,17.245,17.285,17.216,17.246,815.23
2025-11-09 02:00:00,17.244,17.244,17.18,17.186,3514.53
2025-11-09 02:15:00,17.171,17.203,17.109,17.112,1744.43
2025-11-09 02:30:00,17.101,17.102,16.919,16.938,15261.15
2025-11-09 02:45:00,16.939,17.0,16.868,16.903,4332.20
2025-11-09 03:00:00,16.9,16.965,16.899,16.93,1666.08
2025-11-09 03:15:00,16.923,16.942,16.79,16.85,6203.81
2025-11-09 03:30:00,16.845,16.879,16.826,16.846,1785.25
2025-11-09 03:45:00,16.839,16.924,16.81,16.878,588.52
2025-11-09 04:00:00,16.881,16.954,16.878,16.937,1196.19
2025-11-09 04:15:00,16.938,17.047,16.933,16.998,1265.35
2025-11-09 04:30:00,16.988,17.009,16.93,16.944,3249.04
2025-11-09 04:45:00,16.94,16.966,16.913,16.962,1027.32
2025-11-09 05:00:00,16.962,16.962,16.873,16.939,693.39
2025-11-09 05:15:00,16.958,17.003,16.94,17.003,929.79
2025-11-09 05:30:00,17.02,17.02,16.918,16.968,715.62
2025-11-09 05:45:00,16.968,17.018,16.955,17.009,802.72
2025-11-09 06:00:00,17.0,17.003,16.948,16.996,1803.62
2025-11-09 06:15:00,16.985,17.053,16.971,17.04,582.59
2025-11-09 06:30:00,17.033,17.115,17.003,17.074,1186.00
2025-11-09 06:45:00,17.074,17.074,16.975,16.994,646.66
2025-11-09 07:00:00,16.996,17.059,16.99,17.053,834.87
2025-11-09 07:15:00,17.052,17.052,16.992,17.007,496.24
2025-11-09 07:30:00,17.013,17.113,17.013,17.093,373.37
2025-11-09 07:45:00,17.112,17.127,17.084,17.123,5511.74
2025-11-09 08:00:00,17.121,17.121,17.034,17.086,2617.01
2025-11-09 08:15:00,17.082,17.082,17.005,17.011,1581.73
2025-11-09 08:30:00,17.022,17.064,17.006,17.047,1318.48
2025-11-09 08:45:00,17.043,17.044,16.991,17.043,1181.51
2025-11-09 09:00:00,17.068,17.124,17.057,17.119,1576.71
2025-11-09 09:15:00,17.101,17.158,17.062,17.064,1565.12
2025-11-09 09:30:00,17.071,17.077,17.025,17.025,567.96
2025-11-09 09:45:00,17.02,17.025,16.93,16.959,3003.22
2025-11-09 10:00:00,16.959,16.959,16.885,16.893,5826.35
2025-11-09 10:15:00,16.912,17.01,16.91,16.992,1836.84
2025-11-09 10:30:00,16.985,17.002,16.944,17.002,1277.27
2025-11-09 10:45:00,17.002,17.171,17.002,17.171,1810.33
2025-11-09 11:00:00,17.189,17.344,17.189,17.289,10156.00
2025-11-09 11:15:00,17.289,17.303,17.246,17.265,1337.01
2025-11-09 11:30:00,17.247,17.277,17.186,17.277,3461.58
2025-11-09 11:45:00,17.275,17.313,17.236,17.258,1095.97
2025-11-09 12:00:00,17.274,17.296,17.231,17.285,3124.17
2025-11-09 12:15:00,17.299,17.365,17.275,17.282,5063.21
2025-11-09 12:30:00,17.287,17.346,17.282,17.329,1583.70
2025-11-09 12:45:00,17.34,17.362,17.321,17.323,1138.60
2025-11-09 13:00:00,17.33,17.39,17.32,17.373,1920.05
2025-11-09 13:15:00,17.369,17.422,17.337,17.422,1467.23
2025-11-09 13:30:00,17.43,17.473,17.397,17.455,976.07
2025-11-09 13:45:00,17.455,17.496,17.424,17.452,1505.35
2025-11-09 14:00:00,17.458,17.533,17.376,17.524,8234.66
2025-11-09 14:15:00,17.523,17.805,17.508,17.793,20174.71
2025-11-09 14:30:00,17.81,17.869,17.714,17.748,13838.24
2025-11-09 14:45:00,17.762,17.77,17.565,17.569,13143.62
2025-11-09 15:00:00,17.631,17.784,17.618,17.717,3821.37
2025-11-09 15:15:00,17.717,17.835,17.695,17.812,3572.86
2025-11-09 15:30:00,17.765,17.819,17.759,17.77,6045.59
2025-11-09 15:45:00,17.774,17.775,17.651,17.685,3120.04
2025-11-09 16:00:00,17.68,17.71,17.636,17.648,5925.47
2025-11-09 16:15:00,17.669,17.75,17.6,17.712,3076.40
2025-11-09 16:30:00,17.71,17.711,17.649,17.699,2086.74
2025-11-09 16:45:00,17.708,17.802,17.708,17.774,1615.44
2025-11-09 17:00:00,17.773,17.793,17.725,17.746,2668.84
2025-11-09 17:15:00,17.737,17.74,17.619,17.641,1933.64
2025-11-09 17:30:00,17.631,17.647,17.535,17.561,8122.12
2025-11-09 17:45:00,17.554,17.569,17.538,17.55,3040.30
2025-11-09 18:00:00,17.55,17.561,17.472,17.498,4006.06
2025-11-09 18:15:00,17.48,17.492,17.444,17.491,1042.96
2025-11-09 18:30:00,17.49,17.567,17.476,17.566,1308.48
2025-11-09 18:45:00,17.57,17.731,17.57,17.716,2162.38
2025-11-09 19:00:00,17.718,17.734,17.676,17.685,1794.75
2025-11-09 19:15:00,17.664,17.742,17.64,17.74,1990.46
2025-11-09 19:30:00,17.747,17.792,17.734,17.751,3649.33
2025-11-09 19:45:00,17.76,17.882,17.76,17.878,2158.67
2025-11-09 20:00:00,17.885,17.898,17.754,17.778,5006.30
2025-11-09 20:15:00,17.784,17.834,17.769,17.802,2862.03
2025-11-09 20:30:00,17.796,17.839,17.796,17.799,1416.17
2025-11-09 20:45:00,17.794,17.796,17.76,17.761,3867.27
2025-11-09 21:00:00,17.771,17.828,17.719,17.721,1801.24
2025-11-09 21:15:00,17.731,17.755,17.726,17.748,1276.50
2025-11-09 21:30:00,17.753,17.77,17.722,17.759,1876.51
2025-11-09 21:45:00,17.763,17.763,17.69,17.725,1448.78
2025-11-09 22:00:00,17.741,17.744,17.65,17.69,3914.29
2025-11-09 22:15:00,17.689,17.706,17.616,17.625,4388.43
2025-11-09 22:30:00,17.625,17.642,17.592,17.634,878.12
2025-11-09 22:45:00,17.638,17.738,17.638,17.725,1003.75
2025-11-09 23:00:00,17.738,17.892,17.729,17.771,5479.82
2025-11-09 23:15:00,17.772,17.804,17.686,17.72,3194.02
2025-11-09 23:30:00,17.7,17.755,17.672,17.686,847.01
2025-11-09 23:45:00,17.688,17.792,17.688,17.763,720.28
2025-11-10 00:00:00,17.76,17.772,17.639,17.744,3661.83
2025-11-10 00:15:00,17.752,17.891,17.747,17.829,6416.43
2025-11-10 00:30:00,17.812,17.972,17.81,17.972,15661.39
2025-11-10 00:45:00,17.971,18.109,17.962,18.009,5902.87
2025-11-10 01:00:00,18.007,18.07,17.9,17.987,15343.58
2025-11-10 01:15:00,17.957,17.998,17.914,17.928,4158.77
2025-11-10 01:30:00,17.956,17.974,17.894,17.903,2587.65
2025-11-10 01:45:00,17.909,18.014,17.895,17.898,5847.10
2025-11-10 02:00:00,17.904,17.966,17.855,17.936,4885.63
2025-11-10 02:15:00,17.924,17.954,17.903,17.954,646.88
2025-11-10 02:30:00,17.902,17.955,17.86,17.86,2485.72
2025-11-10 02:45:00,17.86,17.974,17.857,17.974,1614.95
2025-11-10 03:00:00,17.99,18.11,17.99,18.004,3100.34
2025-11-10 03:15:00,17.99,18.045,17.987,18.023,2859.63
2025-11-10 03:30:00,18.015,18.065,17.984,18.051,5895.34
2025-11-10 03:45:00,18.039,18.039,17.942,17.979,2198.47
2025-11-10 04:00:00,17.979,18.024,17.961,17.983,1019.87
2025-11-10 04:15:00,17.967,17.97,17.886,17.907,1433.74
2025-11-10 04:30:00,17.911,17.92,17.876,17.909,1140.30
2025-11-10 04:45:00,17.913,18.021,17.902,17.994,2013.40
2025-11-10 05:00:00,18.001,18.068,18.0,18.063,1215.24
2025-11-10 05:15:00,18.07,18.07,17.952,17.975,3325.35
2025-11-10 05:30:00,17.972,18.007,17.886,17.94,3653.43
2025-11-10 05:45:00,17.956,17.994,17.949,17.981,359.42
2025-11-10 06:00:00,17.984,18.066,17.979,18.003,1922.81
2025-11-10 06:15:00,18.012,18.019,17.899,17.923,442.88
2025-11-10 06:30:00,17.934,17.991,17.926,17.991,568.34
2025-11-10 06:45:00,17.992,18.067,17.992,18.008,753.75
2025-11-10 07:00:00,18.019,18.106,18.005,18.076,5224.21
2025-11-10 07:15:00,18.087,18.102,18.0,18.011,2062.38
2025-11-10 07:30:00,18.026,18.03,17.911,17.966,80856.57
2025-11-10 07:45:00,17.966,17.994,17.955,17.986,2302.94
2025-11-10 08:00:00,17.992,17.993,17.871,17.883,9624.15
2025-11-10 08:15:00,17.887,17.961,17.863,17.942,3940.29
2025-11-10 08:30:00,17.938,17.938,17.777,17.854,91361.91
2025-11-10 08:45:00,17.854,17.905,17.853,17.903,850.24
2025-11-10 09:00:00,17.9,17.969,17.887,17.919,1912.69
2025-11-10 09:15:00,17.927,18.106,17.921,18.103,7278.94
2025-11-10 09:30:00,18.103,18.236,18.074,18.185,15574.74
2025-11-10 09:45:00,18.194,18.296,18.18,18.226,9304.02
2025-11-10 10:00:00,18.245,18.277,18.131,18.146,2070.02
2025-11-10 10:15:00,18.133,18.284,18.122,18.122,1784.97
2025-11-10 10:30:00,18.11,18.124,17.975,18.054,7351.17
2025-11-10 10:45:00,18.05,18.109,18.037,18.073,3753.80
2025-11-10 11:00:00,18.071,18.169,18.054,18.144,2248.03
2025-11-10 11:15:00,18.138,18.145,18.096,18.099,571.74
2025-11-10 11:30:00,18.116,18.149,18.071,18.149,912.49
2025-11-10 11:45:00,18.14,18.166,18.07,18.08,689.56
2025-11-10 12:00:00,18.098,18.201,17.98,18.17,9344.77
2025-11-10 12:15:00,18.165,18.22,18.152,18.175,3300.61
2025-11-10 12:30:00,18.177,18.177,18.11,18.144,2061.38
2025-11-10 12:45:00,18.128,18.137,18.102,18.124,916.21
2025-11-10 13:00:00,18.121,18.275,18.114,18.203,1323.61
2025-11-10 13:15:00,18.199,18.242,18.174,18.232,1656.40
2025-11-10 13:30:00,18.246,18.326,18.246,18.254,1619.02
2025-11-10 13:45:00,18.259,18.29,18.229,18.24,1656.86
2025-11-10 14:00:00,18.236,18.236,18.11,18.112,1385.29
2025-11-10 14:15:00,18.108,18.165,18.039,18.129,2409.42
2025-11-10 14:30:00,18.139,18.142,18.029,18.089,6901.90
2025-11-10 14:45:00,18.068,18.072,17.799,17.901,18517.57
2025-11-10 15:00:00,17.905,18.011,17.88,17.926,11865.02
2025-11-10 15:15:00,17.931,18.002,17.909,17.979,10593.45
2025-11-10 15:30:00,18.008,18.121,17.992,18.104,2236.44
2025-11-10 15:45:00,18.102,18.102,17.846,17.917,10511.75
2025-11-10 16:00:00,17.928,18.039,17.885,18.013,13797.75
2025-11-10 16:15:00,18.015,18.059,17.867,17.868,30113.74
2025-11-10 16:30:00,17.855,17.941,17.7,17.724,16729.88
2025-11-10 16:45:00,17.744,17.816,17.69,17.786,22512.27
2025-11-10 17:00:00,17.785,17.87,17.739,17.824,2935.25
2025-11-10 17:15:00,17.825,17.921,17.809,17.891,2038.08
2025-11-10 17:30:00,17.897,18.014,17.897,18.01,1058.22
2025-11-10 17:45:00,18.018,18.068,17.997,18.053,8260.18
2025-11-10 18:00:00,18.058,18.078,17.973,17.973,2618.58
2025-11-10 18:15:00,17.993,18.031,17.982,18.031,1991.86
2025-11-10 18:30:00,18.01,18.064,18.009,18.033,1268.45
2025-11-10 18:45:00,18.065,18.083,17.91,17.91,3355.34
2025-11-10 19:00:00,17.908,18.003,17.902,18.003,1657.51
2025-11-10 19:15:00,17.997,18.084,17.974,18.01,8089.18
2025-11-10 19:30:00,17.988,18.115,17.919,18.083,1715.44
2025-11-10 19:45:00,18.076,18.125,17.982,17.993,3624.17
2025-11-10 20:00:00,17.996,18.164,17.994,18.164,2572.90
2025-11-10 20:15:00,18.135,18.136,18.046,18.047,2727.27
2025-11-10 20:30:00,18.034,18.14,18.02,18.14,894.09
2025-11-10 20:45:00,18.142,18.158,18.064,18.116,1085.41
2025-11-10 21:00:00,18.097,18.1,17.912,17.93,2134.37
2025-11-10 21:15:00,17.911,17.921,17.835,17.861,2929.08
2025-11-10 21:30:00,17.858,17.9,17.832,17.9,4378.76
2025-11-10 21:45:00,17.914,17.93,17.808,17.93,482.24
2025-11-10 22:00:00,17.925,18.028,17.869,17.883,2672.26
2025-11-10 22:15:00,17.889,18.053,17.889,18.053,2531.25
2025-11-10 22:30:00,18.053,18.128,18.053,18.114,752.64
2025-11-10 22:45:00,18.117,18.353,18.115,18.328,8871.61
2025-11-10 23:00:00,18.335,18.335,18.221,18.269,8758.49
2025-11-10 23:15:00,18.268,18.278,18.227,18.23,686.23
2025-11-10 23:30:00,18.249,18.255,18.135,18.175,2924.03
2025-11-10 23:45:00,18.163,18.217,18.133,18.165,2453.14
2025-11-11 00:00:00,18.17,18.259,18.133,18.178,4904.22
2025-11-11 00:15:00,18.164,18.212,18.046,18.068,1702.65
2025-11-11 00:30:00,18.056,18.115,17.99,17.99,5608.11
2025-11-11 00:45:00,17.979,18.165,17.968,18.125,4621.61
2025-11-11 01:00:00,18.133,18.239,18.117,18.239,2181.10
2025-11-11 01:15:00,18.235,18.596,18.235,18.382,19636.09
2025-11-11 01:30:00,18.359,18.374,18.13,18.152,2001.56
2025-11-11 01:45:00,18.165,18.244,18.056,18.078,8079.82
2025-11-11 02:00:00,18.077,18.215,17.99,18.171,8811.50
2025-11-11 02:15:00,18.145,18.201,18.077,18.2,634.22
2025-11-11 02:30:00,18.194,18.481,18.194,18.403,5654.77
2025-11-11 02:45:00,18.406,18.441,18.291,18.361,1618.19
2025-11-11 03:00:00,18.361,18.486,18.361,18.431,924.64
2025-11-11 03:15:00,18.441,18.473,18.4,18.402,2207.31
2025-11-11 03:30:00,18.391,18.446,18.317,18.321,1132.00
2025-11-11 03:45:00,18.307,18.35,18.291,18.345,902.95
2025-11-11 04:00:00,18.34,18.356,18.204,18.205,3362.97
2025-11-11 04:15:00,18.204,18.25,18.136,18.137,1034.05
2025-11-11 04:30:00,18.137,18.154,18.031,18.055,1220.82
2025-11-11 04:45:00,18.055,18.056,17.983,17.995,4373.56
2025-11-11 05:00:00,17.989,17.994,17.848,17.851,5891.46
2025-11-11 05:15:00,17.838,17.92,17.83,17.876,6593.20
2025-11-11 05:30:00,17.878,17.887,17.804,17.845,3091.61
2025-11-11 05:45:00,17.824,17.899,17.787,17.797,2266.84
2025-11-11 06:00:00,17.795,17.826,17.726,17.752,5912.90
2025-11-11 06:15:00,17.759,17.843,17.744,17.817,1707.13
2025-11-11 06:30:00,17.821,17.863,17.81,17.81,1525.04
2025-11-11 06:45:00,17.787,17.787,17.655,17.763,8156.91
2025-11-11 07:00:00,17.764,17.765,17.617,17.694,2285.79
2025-11-11 07:15:00,17.69,17.69,17.575,17.679,3130.57
2025-11-11 07:30:00,17.671,17.722,17.546,17.599,18352.16
2025-11-11 07:45:00,17.585,17.594,17.522,17.54,1785.55
2025-11-11 08:00:00,17.54,17.66,17.531,17.593,2839.00
2025-11-11 08:15:00,17.591,17.628,17.557,17.557,2071.66
2025-11-11 08:30:00,17.559,17.565,17.484,17.56,3301.79
2025-11-11 08:45:00,17.572,17.645,17.57,17.639,2125.90
2025-11-11 09:00:00,17.637,17.738,17.628,17.669,4176.51
2025-11-11 09:15:00,17.686,17.728,17.617,17.701,1460.26
2025-11-11 09:30:00,17.703,17.787,17.681,17.688,4314.17
2025-11-11 09:45:00,17.689,17.715,17.64,17.647,1338.58
2025-11-11 10:00:00,17.644,17.747,17.634,17.708,1997.56
2025-11-11 10:15:00,17.711,17.743,17.67,17.719,4490.42
2025-11-11 10:30:00,17.72,17.764,17.665,17.764,2696.39
2025-11-11 10:45:00,17.774,17.774,17.721,17.738,140.15
2025-11-11 11:00:00,17.759,17.855,17.759,17.826,2814.67
2025-11-11 11:15:00,17.824,17.854,17.778,17.82,1893.61
2025-11-11 11:30:00,17.8,17.847,17.79,17.83,964.36
2025-11-11 11:45:00,17.83,17.83,17.711,17.781,797.25
2025-11-11 12:00:00,17.782,17.868,17.737,17.769,1318.45
2025-11-11 12:15:00,17.77,17.792,17.698,17.718,1121.98
2025-11-11 12:30:00,17.719,17.745,17.663,17.689,682.07
2025-11-11 12:45:00,17.691,17.753,17.687,17.723,5142.10
2025-11-11 13:00:00,17.733,17.854,17.724,17.854,3959.56
2025-11-11 13:15:00,17.834,17.834,17.721,17.745,1568.97
2025-11-11 13:30:00,17.759,17.771,17.716,17.726,1100.93
2025-11-11 13:45:00,17.772,17.79,17.669,17.703,4209.97
2025-11-11 14:00:00,17.713,17.731,17.665,17.688,4623.87
2025-11-11 14:15:00,17.699,17.762,17.685,17.726,4463.14
2025-11-11 14:30:00,17.717,17.717,17.68,17.68,2410.17
2025-11-11 14:45:00,17.689,17.844,17.622,17.844,9170.70
2025-11-11 15:00:00,17.843,17.843,17.662,17.686,7960.10
2025-11-11 15:15:00,17.701,17.743,17.668,17.68,11796.72
2025-11-11 15:30:00,17.683,17.683,17.558,17.61,11273.30
2025-11-11 15:45:00,17.624,17.64,17.575,17.626,3186.59
2025-11-11 16:00:00,17.617,17.672,17.537,17.617,6333.51
2025-11-11 16:15:00,17.607,17.642,17.546,17.546,1359.36
2025-11-11 16:30:00,17.538,17.636,17.52,17.608,1632.52
2025-11-11 16:45:00,17.61,17.698,17.59,17.597,3788.74
2025-11-11 17:00:00,17.607,17.716,17.591,17.67,3033.27
2025-11-11 17:15:00,17.658,17.677,17.573,17.587,1113.86
2025-11-11 17:30:00,17.579,17.601,17.444,17.515,3480.07
2025-11-11 17:45:00,17.515,17.544,17.481,17.513,5979.43
2025-11-11 18:00:00,17.515,17.567,17.429,17.474,5360.54
2025-11-11 18:15:00,17.47,17.489,17.365,17.43,3959.97
2025-11-11 18:30:00,17.441,17.467,17.364,17.364,3536.68
2025-11-11 18:45:00,17.374,17.451,17.368,17.399,1536.79
2025-11-11 19:00:00,17.395,17.397,17.256,17.331,6279.79
2025-11-11 19:15:00,17.351,17.396,17.348,17.372,1295.79
2025-11-11 19:30:00,17.373,17.379,17.297,17.322,554.95
2025-11-11 19:45:00,17.316,17.33,17.228,17.252,3512.38
2025-11-11 20:00:00,17.256,17.268,17.177,17.211,3977.57
2025-11-11 20:15:00,17.242,17.274,17.202,17.202,12244.68
2025-11-11 20:30:00,17.186,17.193,17.101,17.135,25895.76
2025-11-11 20:45:00,17.12,17.148,17.101,17.133,5686.45
2025-11-11 21:00:00,17.148,17.216,17.131,17.187,1483.54
2025-11-11 21:15:00,17.182,17.209,17.16,17.168,7748.76
2025-11-11 21:30:00,17.157,17.157,17.015,17.039,2969.63
2025-11-11 21:45:00,17.047,17.083,17.001,17.039,3386.18
2025-11-11 22:00:00,17.034,17.09,16.96,17.086,8718.58
2025-11-11 22:15:00,17.083,17.13,17.039,17.13,3667.73
2025-11-11 22:30:00,17.134,17.172,17.116,17.151,1382.95
2025-11-11 22:45:00,17.171,17.202,17.158,17.169,824.67
2025-11-11 23:00:00,17.169,17.169,17.077,17.121,1435.47
2025-11-11 23:15:00,17.12,17.167,17.088,17.124,5367.71
2025-11-11 23:30:00,17.081,17.094,17.022,17.081,1155.79
2025-11-11 23:45:00,16.992,17.086,16.976,16.989,2207.53
2025-11-12 00:00:00,16.999,17.081,16.909,16.976,9175.34
2025-11-12 00:15:00,16.962,17.063,16.955,17.003,8796.20
2025-11-12 00:30:00,17.029,17.029,16.952,17.008,1195.82
2025-11-12 00:45:00,16.991,17.028,16.93,16.93,1902.80
2025-11-12 01:00:00,16.94,17.07,16.921,17.059,2226.69
2025-11-12 01:15:00,17.076,17.111,17.02,17.052,3021.64
2025-11-12 01:30:00,17.067,17.105,17.043,17.094,717.34
2025-11-12 01:45:00,17.092,17.12,17.079,17.095,2340.93
2025-11-12 02:00:00,17.101,17.142,17.091,17.125,1042.93
2025-11-12 02:15:00,17.125,17.149,17.042,17.055,3697.08
2025-11-12 02:30:00,17.052,17.052,16.945,17.008,4392.90
2025-11-12 02:45:00,17.013,17.062,16.98,17.043,1167.07
2025-11-12 03:00:00,17.039,17.063,17.022,17.062,2091.59
2025-11-12 03:15:00,17.073,17.101,17.06,17.088,966.94
2025-11-12 03:30:00,17.104,17.107,17.08,17.107,583.56
2025-11-12 03:45:00,17.103,17.137,17.093,17.107,910.53
2025-11-12 04:00:00,17.114,17.119,17.069,17.116,3384.97
2025-11-12 04:15:00,17.116,17.128,17.077,17.08,614.53
2025-11-12 04:30:00,17.084,17.091,17.06,17.06,570.50
2025-11-12 04:45:00,17.054,17.12,17.053,17.12,1723.38
2025-11-12 05:00:00,17.135,17.163,17.124,17.16,672.67
2025-11-12 05:15:00,17.145,17.269,17.145,17.25,1572.32
2025-11-12 05:30:00,17.251,17.292,17.23,17.292,1345.96
2025-11-12 05:45:00,17.289,17.289,17.244,17.252,413.76
2025-11-12 06:00:00,17.245,17.34,17.242,17.326,532.78
2025-11-12 06:15:00,17.332,17.451,17.332,17.435,5534.81
2025-11-12 06:30:00,17.43,17.433,17.358,17.358,539.33
2025-11-12 06:45:00,17.351,17.352,17.282,17.289,3599.18
2025-11-12 07:00:00,17.26,17.352,17.235,17.33,253.33
2025-11-12 07:15:00,17.331,17.337,17.263,17.274,446.58
2025-11-12 07:30:00,17.262,17.278,17.24,17.263,665.77
2025-11-12 07:45:00,17.239,17.239,17.116,17.138,3605.31
2025-11-12 08:00:00,17.14,17.193,17.136,17.187,3941.75
2025-11-12 08:15:00,17.189,17.299,17.189,17.299,3202.97
2025-11-12 08:30:00,17.306,17.464,17.301,17.399,1706.31
2025-11-12 08:45:00,17.402,17.441,17.383,17.39,2897.33
2025-11-12 09:00:00,17.389,17.498,17.369,17.498,4608.17
2025-11-12 09:15:00,17.499,17.53,17.477,17.491,3333.32
2025-11-12 09:30:00,17.489,17.526,17.447,17.523,1116.92
2025-11-12 09:45:00,17.518,17.523,17.485,17.513,1625.97
2025-11-12 10:00:00,17.502,17.575,17.502,17.571,1322.76
2025-11-12 10:15:00,17.559,17.559,17.517,17.53,1712.09
2025-11-12 10:30:00,17.549,17.606,17.496,17.521,2161.34
2025-11-12 10:45:00,17.523,17.59,17.523,17.58,3231.12
2025-11-12 11:00:00,17.579,17.625,17.557,17.597,2122.21
2025-11-12 11:15:00,17.606,17.633,17.547,17.547,19817.07
2025-11-12 11:30:00,17.556,17.566,17.494,17.511,3520.92
2025-11-12 11:45:00,17.513,17.558,17.499,17.541,1096.49
2025-11-12 12:00:00,17.547,17.554,17.475,17.539,4829.39
2025-11-12 12:15:00,17.539,17.671,17.509,17.593,5143.63
2025-11-12 12:30:00,17.595,17.615,17.523,17.549,6263.74
2025-11-12 12:45:00,17.545,17.61,17.545,17.579,6488.75
2025-11-12 13:00:00,17.579,17.59,17.523,17.551,8244.17
2025-11-12 13:15:00,17.553,17.656,17.523,17.656,1531.24
2025-11-12 13:30:00,17.657,17.72,17.634,17.707,5691.11
2025-11-12 13:45:00,17.711,17.745,17.688,17.7,1312.72
2025-11-12 14:00:00,17.701,17.735,17.638,17.73,1342.17
2025-11-12 14:15:00,17.747,17.749,17.675,17.688,7688.40
2025-11-12 14:30:00,17.676,17.676,17.541,17.567,1920.36
2025-11-12 14:45:00,17.556,17.598,17.25,17.381,38023.44
2025-11-12 15:00:00,17.367,17.473,17.304,17.331,9652.88
2025-11-12 15:15:00,17.322,17.364,17.214,17.295,11129.68
2025-11-12 15:30:00,17.282,17.349,17.134,17.143,9757.64
2025-11-12 15:45:00,17.162,17.166,16.971,17.02,14989.10
2025-11-12 16:00:00,17.015,17.068,16.692,16.769,52757.53
2025-11-12 16:15:00,16.79,16.901,16.755,16.806,20241.66
2025-11-12 16:30:00,16.798,16.943,16.755,16.842,11372.84
2025-11-12 16:45:00,16.846,16.89,16.747,16.78,4325.91
2025-11-12 17:00:00,16.778,16.786,16.679,16.711,7106.53
2025-11-12 17:15:00,16.719,16.734,16.626,16.688,5503.06
2025-11-12 17:30:00,16.705,16.95,16.685,16.835,10131.19
2025-11-12 17:45:00,16.835,16.861,16.796,16.833,1773.56
2025-11-12 18:00:00,16.832,16.932,16.831,16.904,12650.62
2025-11-12 18:15:00,16.91,16.971,16.866,16.867,2265.53
2025-11-12 18:30:00,16.861,16.962,16.854,16.908,2779.76
2025-11-12 18:45:00,16.903,16.903,16.824,16.837,4124.28
2025-11-12 19:00:00,16.835,16.836,16.712,16.731,1663.13
2025-11-12 19:15:00,16.736,16.789,16.709,16.751,17562.95
2025-11-12 19:30:00,16.752,16.899,16.677,16.82,9845.36
2025-11-12 19:45:00,16.817,16.827,16.77,16.79,5565.43
2025-11-12 20:00:00,16.776,16.824,16.74,16.769,6849.50
2025-11-12 20:15:00,16.773,16.89,16.773,16.884,3738.18
2025-11-12 20:30:00,16.894,16.952,16.871,16.874,7040.15
2025-11-12 20:45:00,16.868,16.907,16.847,16.857,1932.05
2025-11-12 21:00:00,16.864,16.971,16.864,16.971,8428.22
2025-11-12 21:15:00,16.955,16.96,16.896,16.907,3214.53
2025-11-12 21:30:00,16.906,16.943,16.894,16.908,1599.86
2025-11-12 21:45:00,16.908,16.908,16.87,16.908,954.19
2025-11-12 22:00:00,16.893,16.9,16.805,16.805,10790.56
2025-11-12 22:15:00,16.816,16.862,16.797,16.809,3379.37
2025-11-12 22:30:00,16.803,16.871,16.796,16.862,920.84
2025-11-12 22:45:00,16.864,16.934,16.864,16.933,3948.26
2025-11-12 23:00:00,16.919,16.927,16.837,16.851,5179.27
2025-11-12 23:15:00,16.87,16.923,16.87,16.874,674.26
2025-11-12 23:30:00,16.869,16.877,16.804,16.807,1962.19
2025-11-12 23:45:00,16.816,16.816,16.777,16.8,619.25
2025-11-13 00:00:00,16.802,16.879,16.785,16.837,4029.52
2025-11-13 00:15:00,16.845,16.908,16.798,16.832,2049.00
2025-11-13 00:30:00,16.834,16.962,16.834,16.89,5110.90
2025-11-13 00:45:00,16.89,16.905,16.839,16.844,3545.28
2025-11-13 01:00:00,16.848,17.086,16.847,17.053,9018.24
2025-11-13 01:15:00,17.022,17.064,16.955,16.988,3683.82
2025-11-13 01:30:00,16.994,17.146,16.971,17.14,2077.45
2025-11-13 01:45:00,17.134,17.134,17.0,17.012,1730.66
2025-11-13 02:00:00,17.015,17.085,17.012,17.043,2221.36
2025-11-13 02:15:00,17.035,17.065,16.982,16.987,5770.55
2025-11-13 02:30:00,16.993,17.146,16.978,17.104,1293.40
2025-11-13 02:45:00,17.106,17.129,17.048,17.073,988.36
2025-11-13 03:00:00,17.069,17.085,16.926,16.933,2498.25
2025-11-13 03:15:00,16.934,17.252,16.83,17.24,15252.48
2025-11-13 03:30:00,17.242,17.533,17.239,17.478,9188.05
2025-11-13 03:45:00,17.493,17.631,17.442,17.442,9125.34
2025-11-13 04:00:00,17.448,17.456,17.308,17.456,10690.11
2025-11-13 04:15:00,17.474,17.574,17.37,17.54,2920.09
2025-11-13 04:30:00,17.507,17.507,17.381,17.408,2670.32
2025-11-13 04:45:00,17.398,17.469,17.368,17.407,3602.83
2025-11-13 05:00:00,17.404,17.411,17.298,17.304,7121.27
2025-11-13 05:15:00,17.298,17.369,17.272,17.357,2357.02
2025-11-13 05:30:00,17.367,17.509,17.359,17.505,1873.67
2025-11-13 05:45:00,17.512,17.635,17.501,17.569,20321.21
2025-11-13 06:00:00,17.598,17.622,17.519,17.593,3264.77
2025-11-13 06:15:00,17.61,17.68,17.61,17.667,6773.60
2025-11-13 06:30:00,17.676,17.676,17.612,17.638,604.06
2025-11-13 06:45:00,17.647,17.651,17.57,17.57,847.32
2025-11-13 07:00:00,17.576,17.61,17.56,17.577,4279.43
2025-11-13 07:15:00,17.578,17.609,17.537,17.577,824.51
2025-11-13 07:30:00,17.575,17.575,17.456,17.483,2768.39
2025-11-13 07:45:00,17.468,17.469,17.357,17.379,8043.72
2025-11-13 08:00:00,17.391,17.474,17.364,17.436,6083.54
2025-11-13 08:15:00,17.43,17.485,17.415,17.485,1069.70
2025-11-13 08:30:00,17.49,17.515,17.467,17.511,681.18
2025-11-13 08:45:00,17.506,17.515,17.41,17.413,1746.35
2025-11-13 09:00:00,17.421,17.441,17.223,17.296,4281.91
2025-11-13 09:15:00,17.308,17.356,17.271,17.3,2564.80
2025-11-13 09:30:00,17.307,17.317,17.258,17.29,1546.37
2025-11-13 09:45:00,17.301,17.301,17.222,17.242,3599.18
2025-11-13 10:00:00,17.257,17.35,17.256,17.303,2157.55
2025-11-13 10:15:00,17.294,17.392,17.294,17.331,1478.16
2025-11-13 10:30:00,17.332,17.332,17.223,17.258,2743.04
2025-11-13 10:45:00,17.259,17.261,17.218,17.234,647.03
2025-11-13 11:00:00,17.234,17.286,17.23,17.286,1851.35
2025-11-13 11:15:00,17.283,17.31,17.253,17.283,3844.09
2025-11-13 11:30:00,17.276,17.289,17.23,17.286,1356.96
2025-11-13 11:45:00,17.289,17.305,17.241,17.264,1247.53
2025-11-13 12:00:00,17.26,17.281,17.208,17.22,4054.58
2025-11-13 12:15:00,17.239,17.316,17.239,17.277,1342.90
2025-11-13 12:30:00,17.283,17.345,17.276,17.317,2012.36
2025-11-13 12:45:00,17.318,17.384,17.318,17.377,940.48
2025-11-13 13:00:00,17.38,17.42,17.374,17.382,2026.29
2025-11-13 13:15:00,17.386,17.421,17.24,17.277,3248.88
2025-11-13 13:30:00,17.256,17.28,17.128,17.216,8687.27
2025-11-13 13:45:00,17.212,17.26,17.146,17.173,8807.73
2025-11-13 14:00:00,17.17,17.189,17.05,17.072,7698.26
2025-11-13 14:15:00,17.068,17.139,17.036,17.095,2509.69
2025-11-13 14:30:00,17.098,17.141,16.911,16.956,23774.43
2025-11-13 14:45:00,16.949,17.358,16.949,17.232,22834.20
2025-11-13 15:00:00,17.226,17.274,17.065,17.268,14212.73
2025-11-13 15:15:00,17.284,17.299,17.024,17.04,3984.48
2025-11-13 15:30:00,17.06,17.06,16.94,16.94,2783.80
2025-11-13 15:45:00,16.948,16.949,16.879,16.949,7632.12
2025-11-13 16:00:00,16.948,17.022,16.914,17.0,3850.59
2025-11-13 16:15:00,17.004,17.01,16.811,16.868,4800.89
2025-11-13 16:30:00,16.869,16.966,16.788,16.804,4719.76
2025-11-13 16:45:00,16.82,16.834,16.68,16.697,7064.93
2025-11-13 17:00:00,16.709,16.73,16.631,16.65,4871.17
2025-11-13 17:15:00,16.658,16.713,16.583,16.663,10631.72
2025-11-13 17:30:00,16.656,16.691,16.442,16.474,11049.08
2025-11-13 17:45:00,16.472,16.526,16.35,16.372,9339.37
2025-11-13 18:00:00,16.373,16.4,16.247,16.272,7970.83
2025-11-13 18:15:00,16.264,16.331,16.174,16.238,13276.95
2025-11-13 18:30:00,16.244,16.256,16.096,16.255,17863.00
2025-11-13 18:45:00,16.264,16.311,16.083,16.175,21590.73
2025-11-13 19:00:00,16.173,16.262,16.108,16.108,17271.78
2025-11-13 19:15:00,16.089,16.253,16.022,16.216,12349.17
2025-11-13 19:30:00,16.208,16.226,15.972,16.075,12186.28
2025-11-13 19:45:00,16.073,16.073,15.904,15.973,6194.41
2025-11-13 20:00:00,15.963,15.968,15.873,15.947,9353.48
2025-11-13 20:15:00,15.956,15.977,15.799,15.888,22095.23
2025-11-13 20:30:00,15.887,16.018,15.852,15.888,15411.61
2025-11-13 20:45:00,15.881,15.893,15.817,15.86,5263.25
2025-11-13 21:00:00,15.864,15.948,15.846,15.919,4833.40
2025-11-13 21:15:00,15.921,15.929,15.768,15.8,3657.50
2025-11-13 21:30:00,15.801,15.854,15.748,15.854,3819.05
2025-11-13 21:45:00,15.834,15.909,15.807,15.88,3328.64
2025-11-13 22:00:00,15.876,16.03,15.84,16.013,8982.33
2025-11-13 22:15:00,16.004,16.059,15.943,16.037,2473.74
2025-11-13 22:30:00,16.037,16.123,16.013,16.111,3841.11
2025-11-13 22:45:00,16.093,16.133,16.049,16.106,2405.64
2025-11-13 23:00:00,16.089,16.187,16.049,16.187,3414.20
2025-11-13 23:15:00,16.182,16.256,16.182,16.223,4045.35
2025-11-13 23:30:00,16.204,16.31,16.196,16.284,2544.86
2025-11-13 23:45:00,16.276,16.276,16.062,16.088,5092.22
2025-11-14 00:00:00,16.086,16.101,15.969,16.028,10138.16
2025-11-14 00:15:00,16.02,16.08,15.92,16.074,6439.34
2025-11-14 00:30:00,16.077,16.166,15.993,16.044,2915.08
2025-11-14 00:45:00,16.04,16.048,15.882,15.92,5169.05
2025-11-14 01:00:00,15.927,16.007,15.888,15.987,4388.12
2025-11-14 01:15:00,15.971,16.051,15.931,15.941,932.91
2025-11-14 01:30:00,15.952,16.005,15.906,15.934,1184.47
2025-11-14 01:45:00,15.946,16.005,15.932,15.939,2237.04
2025-11-14 02:00:00,15.951,16.05,15.94,16.017,4711.15
2025-11-14 02:15:00,16.028,16.069,16.003,16.003,4473.17
2025-11-14 02:30:00,16.0,16.043,15.982,16.024,2639.80
2025-11-14 02:45:00,16.034,16.038,15.963,16.005,344.51
2025-11-14 03:00:00,16.005,16.012,15.936,15.966,2397.32
2025-11-14 03:15:00,15.961,15.991,15.915,15.991,1655.24
2025-11-14 03:30:00,15.985,15.985,15.896,15.905,1260.47
2025-11-14 03:45:00,15.904,15.918,15.873,15.908,1518.23
2025-11-14 04:00:00,15.924,15.924,15.799,15.852,2450.26
2025-11-14 04:15:00,15.855,15.89,15.806,15.838,24195.24
2025-11-14 04:30:00,15.839,15.839,15.388,15.584,74591.57
2025-11-14 04:45:00,15.583,15.749,15.583,15.69,14175.92
2025-11-14 05:00:00,15.689,15.786,15.673,15.687,5460.66
2025-11-14 05:15:00,15.693,15.834,15.693,15.778,3565.67
2025-11-14 05:30:00,15.795,15.856,15.707,15.823,9007.03
2025-11-14 05:45:00,15.828,15.927,15.796,15.865,7784.17
2025-11-14 06:00:00,15.869,15.87,15.779,15.851,7785.78
2025-11-14 06:15:00,15.846,15.846,15.737,15.775,5870.53
2025-11-14 06:30:00,15.776,15.809,15.7,15.725,1350.09
2025-11-14 06:45:00,15.725,16.045,15.624,16.038,22258.35
2025-11-14 07:00:00,16.029,16.067,15.895,15.998,6782.68
2025-11-14 07:15:00,15.978,16.014,15.951,15.998,2080.93
2025-11-14 07:30:00,15.988,16.008,15.897,15.93,970.41
2025-11-14 07:45:00,15.937,16.045,15.903,15.911,1345.17
2025-11-14 08:00:00,15.928,15.93,15.818,15.823,3791.48
2025-11-14 08:15:00,15.813,15.882,15.767,15.79,2737.41
2025-11-14 08:30:00,15.781,15.823,15.751,15.784,3520.30
2025-11-14 08:45:00,15.764,15.782,15.72,15.77,9240.20
2025-11-14 09:00:00,15.769,15.81,15.725,15.725,2857.64
2025-11-14 09:15:00,15.736,15.736,15.645,15.655,9015.62
2025-11-14 09:30:00,15.658,15.662,15.552,15.599,4759.20
2025-11-14 09:45:00,15.601,15.602,15.511,15.524,3016.93
2025-11-14 10:00:00,15.522,15.562,15.51,15.543,3713.26
2025-11-14 10:15:00,15.544,15.603,15.53,15.585,1631.48
2025-11-14 10:30:00,15.578,15.666,15.571,15.603,2608.78
2025-11-14 10:45:00,15.593,15.6,15.548,15.549,1089.63
2025-11-14 11:00:00,15.547,15.559,15.446,15.468,4700.84
2025-11-14 11:15:00,15.458,15.498,15.402,15.405,2702.74
2025-11-14 11:30:00,15.415,15.418,15.307,15.389,5677.14
2025-11-14 11:45:00,15.362,15.406,15.313,15.38,11860.83
2025-11-14 12:00:00,15.38,15.38,15.242,15.251,9855.96
2025-11-14 12:15:00,15.267,15.342,15.215,15.295,21822.86
2025-11-14 12:30:00,15.31,15.313,15.07,15.114,41262.08
2025-11-14 12:45:00,15.117,15.421,15.101,15.411,35699.31
2025-11-14 13:00:00,15.419,15.5,15.296,15.298,19642.34
2025-11-14 13:15:00,15.302,15.336,15.236,15.261,5401.80
2025-11-14 13:30:00,15.285,15.307,15.168,15.208,5010.52
2025-11-14 13:45:00,15.202,15.38,15.182,15.313,49430.18
2025-11-14 14:00:00,15.315,15.399,15.241,15.259,9156.27
2025-11-14 14:15:00,15.262,15.355,15.255,15.255,10800.49
2025-11-14 14:30:00,15.232,15.539,15.134,15.494,47366.67
2025-11-14 14:45:00,15.482,15.545,15.382,15.401,17615.14
2025-11-14 15:00:00,15.398,15.402,15.219,15.243,10186.46
2025-11-14 15:15:00,15.241,15.427,15.225,15.397,25424.06
2025-11-14 15:30:00,15.39,15.529,15.363,15.529,31256.30
2025-11-14 15:45:00,15.52,15.65,15.465,15.506,32349.03
2025-11-14 16:00:00,15.506,15.514,15.438,15.449,11201.77
2025-11-14 16:15:00,15.449,15.625,15.399,15.574,6629.66
2025-11-14 16:30:00,15.585,15.68,15.54,15.589,10181.60
2025-11-14 16:45:00,15.58,15.688,15.562,15.652,5171.16
2025-11-14 17:00:00,15.651,15.708,15.628,15.643,7244.49
2025-11-14 17:15:00,15.626,15.629,15.542,15.561,2310.77
2025-11-14 17:30:00,15.533,15.534,15.472,15.496,4274.69
2025-11-14 17:45:00,15.499,15.499,15.311,15.378,5731.95
2025-11-14 18:00:00,15.382,15.522,15.331,15.522,3223.67
2025-11-14 18:15:00,15.517,15.54,15.428,15.492,4314.49
2025-11-14 18:30:00,15.504,15.523,15.37,15.392,2977.02
2025-11-14 18:45:00,15.401,15.428,15.365,15.387,2701.11
2025-11-14 19:00:00,15.411,15.546,15.383,15.546,10281.50
2025-11-14 19:15:00,15.553,15.698,15.553,15.648,1554.84
2025-11-14 19:30:00,15.647,15.647,15.583,15.595,1807.70
2025-11-14 19:45:00,15.59,15.67,15.588,15.646,812.71
2025-11-14 20:00:00,15.651,15.651,15.541,15.552,3273.92
2025-11-14 20:15:00,15.552,15.567,15.417,15.426,5782.36
2025-11-14 20:30:00,15.416,15.441,15.168,15.196,7905.73
2025-11-14 20:45:00,15.192,15.27,15.139,15.231,9478.92
2025-11-14 21:00:00,15.237,15.405,15.172,15.365,7474.43
2025-11-14 21:15:00,15.375,15.429,15.313,15.323,2786.01
2025-11-14 21:30:00,15.328,15.376,15.328,15.376,1796.13
2025-11-14 21:45:00,15.37,15.388,15.324,15.332,7882.93
2025-11-14 22:00:00,15.341,15.39,15.189,15.189,3167.48
2025-11-14 22:15:00,15.186,15.337,15.166,15.337,7255.85
2025-11-14 22:30:00,15.335,15.4,15.328,15.36,1548.29
2025-11-14 22:45:00,15.355,15.379,15.219,15.268,5096.40
2025-11-14 23:00:00,15.27,15.27,14.837,15.084,48226.61
2025-11-14 23:15:00,15.07,15.163,14.995,15.062,12534.98
2025-11-14 23:30:00,15.04,15.157,15.04,15.157,2092.98
2025-11-14 23:45:00,15.161,15.241,15.086,15.116,5822.28
2025-11-15 00:00:00,15.114,15.296,15.097,15.296,4627.68
2025-11-15 00:15:00,15.288,15.319,15.26,15.274,2647.04
2025-11-15 00:30:00,15.268,15.268,15.184,15.257,1153.70
2025-11-15 00:45:00,15.252,15.326,15.193,15.326,1724.99
2025-11-15 01:00:00,15.339,15.363,15.269,15.343,2180.13
2025-11-15 01:15:00,15.345,15.406,15.336,15.388,1274.07
2025-11-15 01:30:00,15.403,15.436,15.4,15.418,2692.01
2025-11-15 01:45:00,15.422,15.49,15.422,15.459,3976.83
2025-11-15 02:00:00,15.459,15.474,15.429,15.463,1572.94
2025-11-15 02:15:00,15.451,15.497,15.424,15.497,13029.81
2025-11-15 02:30:00,15.482,15.515,15.449,15.513,3822.90
2025-11-15 02:45:00,15.515,15.584,15.508,15.584,11709.11
2025-11-15 03:00:00,15.59,15.608,15.547,15.573,2196.25
2025-11-15 03:15:00,15.576,15.594,15.568,15.594,1656.44
2025-11-15 03:30:00,15.581,15.584,15.523,15.571,1234.28
2025-11-15 03:45:00,15.573,15.577,15.554,15.576,3549.07
2025-11-15 04:00:00,15.59,15.614,15.587,15.614,1903.54
2025-11-15 04:15:00,15.606,15.654,15.586,15.586,570.01
2025-11-15 04:30:00,15.587,15.598,15.553,15.553,763.40
2025-11-15 04:45:00,15.552,15.564,15.512,15.535,2553.15
2025-11-15 05:00:00,15.535,15.549,15.516,15.525,1718.68
2025-11-15 05:15:00,15.526,15.589,15.521,15.569,43.67
2025-11-15 05:30:00,15.575,15.616,15.553,15.615,1152.25
2025-11-15 05:45:00,15.616,15.659,15.599,15.648,2938.35
2025-11-15 06:00:00,15.644,15.656,15.62,15.648,600.24
2025-11-15 06:15:00,15.647,15.682,15.642,15.664,346.29
2025-11-15 06:30:00,15.665,15.721,15.645,15.645,652.27
2025-11-15 06:45:00,15.634,15.672,15.61,15.632,509.74
2025-11-15 07:00:00,15.631,15.633,15.59,15.629,168.03
2025-11-15 07:15:00,15.631,15.663,15.615,15.653,107.87
2025-11-15 07:30:00,15.656,15.656,15.593,15.602,382.86
2025-11-15 07:45:00,15.603,15.626,15.601,15.618,228.45
2025-11-15 08:00:00,15.63,15.63,15.544,15.558,5138.30
2025-11-15 08:15:00,15.554,15.565,15.463,15.496,2131.44
2025-11-15 08:30:00,15.493,15.516,15.432,15.432,2126.46
2025-11-15 08:45:00,15.437,15.437,15.321,15.377,13288.65
2025-11-15 09:00:00,15.372,15.49,15.342,15.469,4534.94
2025-11-15 09:15:00,15.473,15.499,15.422,15.475,1906.51
2025-11-15 09:30:00,15.482,15.482,15.451,15.477,3382.84
2025-11-15 09:45:00,15.457,15.457,15.387,15.399,335.82
2025-11-15 10:00:00,15.405,15.414,15.354,15.395,1682.46
2025-11-15 10:15:00,15.382,15.473,15.369,15.472,126440.73
2025-11-15 10:30:00,15.457,15.506,15.429,15.505,91347.07
2025-11-15 10:45:00,15.5,15.526,15.491,15.503,1943.35
2025-11-15 11:00:00,15.501,15.542,15.477,15.518,6376.58
2025-11-15 11:15:00,15.525,15.532,15.486,15.527,2294.45
2025-11-15 11:30:00,15.527,15.534,15.46,15.472,5796.74
2025-11-15 11:45:00,15.476,15.476,15.415,15.455,5037.78
2025-11-15 12:00:00,15.451,15.487,15.42,15.487,8771.23
2025-11-15 12:15:00,15.474,15.57,15.462,15.564,4420.08
2025-11-15 12:30:00,15.557,15.576,15.532,15.548,10579.16
2025-11-15 12:45:00,15.557,15.619,15.546,15.594,10395.67
2025-11-15 13:00:00,15.588,15.615,15.557,15.596,8651.51
2025-11-15 13:15:00,15.59,15.661,15.59,15.621,5806.67
2025-11-15 13:30:00,15.616,15.62,15.567,15.57,6511.93
2025-11-15 13:45:00,15.568,15.632,15.54,15.598,4124.15
2025-11-15 14:00:00,15.596,15.609,15.572,15.603,2895.05
2025-11-15 14:15:00,15.615,15.615,15.544,15.555,2991.99
2025-11-15 14:30:00,15.546,15.608,15.541,15.572,973.31
2025-11-15 14:45:00,15.559,15.613,15.553,15.606,1833.11
2025-11-15 15:00:00,15.608,15.64,15.561,15.639,3063.91
2025-11-15 15:15:00,15.633,15.694,15.612,15.652,2110.17
2025-11-15 15:30:00,15.654,15.655,15.592,15.625,2074.65
2025-11-15 15:45:00,15.625,15.641,15.595,15.604,1485.85
2025-11-15 16:00:00,15.613,15.621,15.515,15.552,4324.07
2025-11-15 16:15:00,15.544,15.551,15.495,15.506,3721.73
2025-11-15 16:30:00,15.503,15.577,15.493,15.554,1863.34
2025-11-15 16:45:00,15.562,15.589,15.556,15.582,1643.41
2025-11-15 17:00:00,15.596,15.606,15.554,15.567,1447.90
2025-11-15 17:15:00,15.568,15.692,15.546,15.596,2787.42
2025-11-15 17:30:00,15.604,15.656,15.589,15.656,1693.69
2025-11-15 17:45:00,15.671,15.748,15.671,15.74,1019.20
2025-11-15 18:00:00,15.738,15.772,15.728,15.762,9093.21
2025-11-15 18:15:00,15.767,15.779,15.679,15.683,1684.80
2025-11-15 18:30:00,15.674,15.713,15.671,15.691,837.40
2025-11-15 18:45:00,15.698,15.717,15.66,15.684,1271.76
2025-11-15 19:00:00,15.684,15.724,15.668,15.723,1168.54
2025-11-15 19:15:00,15.727,15.742,15.697,15.719,1759.96
2025-11-15 19:30:00,15.715,15.72,15.678,15.686,4570.17
2025-11-15 19:45:00,15.694,15.699,15.621,15.684,2226.94
2025-11-15 20:00:00,15.689,15.702,15.673,15.702,625.31
2025-11-15 20:15:00,15.703,15.705,15.615,15.635,6821.51
2025-11-15 20:30:00,15.62,15.623,15.566,15.582,2135.53
2025-11-15 20:45:00,15.578,15.604,15.527,15.548,2730.98
2025-11-15 21:00:00,15.549,15.619,15.546,15.607,1455.72
2025-11-15 21:15:00,15.607,15.624,15.574,15.589,1461.33
2025-11-15 21:30:00,15.573,15.59,15.463,15.488,3813.48
2025-11-15 21:45:00,15.476,15.503,15.449,15.481,1797.44
2025-11-15 22:00:00,15.473,15.546,15.459,15.546,5556.22
2025-11-15 22:15:00,15.547,15.567,15.516,15.561,2651.14
2025-11-15 22:30:00,15.564,15.585,15.516,15.566,3222.42
2025-11-15 22:45:00,15.562,15.602,15.55,15.601,3020.80
2025-11-15 23:00:00,15.606,15.61,15.565,15.578,1003.71
2025-11-15 23:15:00,15.568,15.582,15.545,15.555,1649.66
2025-11-15 23:30:00,15.555,15.574,15.525,15.526,265.29
2025-11-15 23:45:00,15.52,15.546,15.514,15.521,349.85
2025-11-16 00:00:00,15.521,15.551,15.475,15.492,10456.20
2025-11-16 00:15:00,15.492,15.492,15.421,15.433,11829.60
2025-11-16 00:30:00,15.431,15.479,15.374,15.473,4137.53
2025-11-16 00:45:00,15.476,15.513,15.468,15.47,736.05
2025-11-16 01:00:00,15.459,15.489,15.371,15.489,3222.79
2025-11-16 01:15:00,15.478,15.478,15.421,15.465,793.06
2025-11-16 01:30:00,15.439,15.463,15.28,15.328,4854.72
2025-11-16 01:45:00,15.314,15.447,15.266,15.438,2187.37
2025-11-16 02:00:00,15.413,15.497,15.386,15.444,2137.90
2025-11-16 02:15:00,15.464,15.573,15.458,15.554,4374.69
2025-11-16 02:30:00,15.56,15.637,15.542,15.631,2790.96
2025-11-16 02:45:00,15.625,15.661,15.599,15.661,1303.58
2025-11-16 03:00:00,15.658,15.662,15.615,15.625,4260.32
2025-11-16 03:15:00,15.63,15.703,15.63,15.675,1801.90
2025-11-16 03:30:00,15.678,15.695,15.665,15.673,1040.87
2025-11-16 03:45:00,15.672,15.692,15.66,15.672,2090.45
2025-11-16 04:00:00,15.685,15.691,15.65,15.66,2009.23
2025-11-16 04:15:00,15.661,15.683,15.646,15.666,1315.45
2025-11-16 04:30:00,15.668,15.668,15.582,15.594,1223.49
2025-11-16 04:45:00,15.588,15.628,15.588,15.628,535.83
2025-11-16 05:00:00,15.639,15.742,15.636,15.742,1117.17
2025-11-16 05:15:00,15.736,15.767,15.711,15.714,1331.50
2025-11-16 05:30:00,15.713,15.73,15.695,15.695,1009.64
2025-11-16 05:45:00,15.689,15.704,15.649,15.652,1125.38
2025-11-16 06:00:00,15.656,15.705,15.647,15.69,7850.85
2025-11-16 06:15:00,15.69,15.695,15.673,15.678,611.32
2025-11-16 06:30:00,15.67,15.694,15.662,15.664,778.84
2025-11-16 06:45:00,15.663,15.677,15.611,15.615,630.50
2025-11-16 07:00:00,15.619,15.661,15.613,15.614,698.81
2025-11-16 07:15:00,15.617,15.639,15.608,15.629,481.01
2025-11-16 07:30:00,15.629,15.666,15.627,15.649,5386.03
2025-11-16 07:45:00,15.664,15.739,15.664,15.739,7804.88
2025-11-16 08:00:00,15.742,15.758,15.67,15.67,12021.57
2025-11-16 08:15:00,15.677,15.683,15.639,15.647,9911.33
2025-11-16 08:30:00,15.65,15.659,15.624,15.657,9602.19
2025-11-16 08:45:00,15.66,15.699,15.632,15.687,8785.38
2025-11-16 09:00:00,15.68,15.683,15.63,15.683,12118.37
2025-11-16 09:15:00,15.674,15.722,15.65,15.715,10244.71
2025-11-16 09:30:00,15.713,15.744,15.7,15.743,12193.90
2025-11-16 09:45:00,15.736,15.843,15.724,15.843,17363.39
2025-11-16 10:00:00,15.831,15.848,15.81,15.832,5234.15
2025-11-16 10:15:00,15.828,15.856,15.801,15.818,10243.36
2025-11-16 10:30:00,15.818,15.84,15.805,15.822,9293.71
2025-11-16 10:45:00,15.822,15.831,15.79,15.796,3148.47
2025-11-16 11:00:00,15.799,15.813,15.642,15.65,9185.12
2025-11-16 11:15:00,15.684,15.684,15.497,15.518,9181.42
2025-11-16 11:30:00,15.492,15.524,15.431,15.435,2903.11
2025-11-16 11:45:00,15.466,15.488,15.418,15.439,6442.62
2025-11-16 12:00:00,15.447,15.518,15.428,15.486,2995.80
2025-11-16 12:15:00,15.474,15.55,15.474,15.55,1313.65
2025-11-16 12:30:00,15.545,15.555,15.408,15.512,1744.82
2025-11-16 12:45:00,15.523,15.56,15.48,15.49,952.78
2025-11-16 13:00:00,15.486,15.507,15.417,15.49,2784.91
2025-11-16 13:15:00,15.492,15.511,15.39,15.39,2308.96
2025-11-16 13:30:00,15.382,15.424,15.355,15.379,1929.16
2025-11-16 13:45:00,15.353,15.364,15.26,15.295,5137.65
2025-11-16 14:00:00,15.292,15.32,15.25,15.268,1862.32
2025-11-16 14:15:00,15.264,15.315,15.228,15.314,567.29
2025-11-16 14:30:00,15.317,15.441,15.31,15.429,1695.53
2025-11-16 14:45:00,15.442,15.457,15.425,15.432,358.93
2025-11-16 15:00:00,15.433,15.433,15.34,15.347,3053.53
2025-11-16 15:15:00,15.326,15.392,15.304,15.357,1168.54
2025-11-16 15:30:00,15.333,15.334,15.281,15.285,330.22
2025-11-16 15:45:00,15.285,15.296,15.058,15.08,27316.61
2025-11-16 16:00:00,15.08,15.195,15.019,15.064,13230.55
2025-11-16 16:15:00,15.056,15.073,14.962,14.997,12591.73
2025-11-16 16:30:00,14.995,15.044,14.927,14.983,6896.40
2025-11-16 16:45:00,14.972,14.997,14.832,14.876,13655.25
2025-11-16 17:00:00,14.872,14.901,14.791,14.818,16129.25
2025-11-16 17:15:00,14.814,14.906,14.75,14.807,22537.86
2025-11-16 17:30:00,14.805,14.833,14.691,14.7,9712.72
2025-11-16 17:45:00,14.702,14.798,14.612,14.774,25869.87
2025-11-16 18:00:00,14.766,15.09,14.742,15.059,9489.29
2025-11-16 18:15:00,15.091,15.095,14.92,14.959,19336.89
2025-11-16 18:30:00,14.959,14.959,14.761,14.773,9392.58
2025-11-16 18:45:00,14.779,14.815,14.71,14.791,5356.04
2025-11-16 19:00:00,14.791,14.99,14.78,14.99,5795.41
2025-11-16 19:15:00,15.0,15.019,14.896,14.951,111332.58
2025-11-16 19:30:00,14.943,15.031,14.919,14.964,46326.58
2025-11-16 19:45:00,14.975,15.05,14.923,14.934,65204.52
2025-11-16 20:00:00,14.937,15.048,14.905,15.008,8404.69
2025-11-16 20:15:00,14.996,15.08,14.933,15.059,8623.35
2025-11-16 20:30:00,15.053,15.059,14.939,14.958,10484.23
2025-11-16 20:45:00,14.959,14.964,14.912,14.914,6723.97
2025-11-16 21:00:00,14.905,14.915,14.792,14.809,10933.84
2025-11-16 21:15:00,14.822,14.83,14.749,14.764,9108.22
2025-11-16 21:30:00,14.759,14.879,14.757,14.85,56354.73
2025-11-16 21:45:00,14.841,14.919,14.837,14.886,157305.95
2025-11-16 22:00:00,14.891,15.016,14.776,14.949,146316.66
2025-11-16 22:15:00,14.95,14.992,14.865,14.946,19216.90
2025-11-16 22:30:00,14.95,14.95,14.815,14.824,8620.70
2025-11-16 22:45:00,14.819,15.067,14.808,15.012,12348.43
2025-11-16 23:00:00,15.015,15.033,14.733,15.005,26815.24
2025-11-16 23:15:00,15.005,15.185,14.959,15.155,9331.82
2025-11-16 23:30:00,15.155,15.261,15.128,15.209,7263.57
2025-11-16 23:45:00,15.208,15.232,15.144,15.144,6600.68
2025-11-17 00:00:00,15.144,15.174,15.09,15.106,7535.34
2025-11-17 00:15:00,15.104,15.251,14.986,15.244,14874.09
2025-11-17 00:30:00,15.253,15.359,15.212,15.273,6672.26
2025-11-17 00:45:00,15.272,15.292,15.233,15.261,9412.39
2025-11-17 01:00:00,15.266,15.294,15.19,15.223,11525.31
2025-11-17 01:15:00,15.223,15.237,15.147,15.219,4090.08
2025-11-17 01:30:00,15.219,15.226,15.15,15.171,1704.39
2025-11-17 01:45:00,15.179,15.194,15.097,15.114,4014.74
2025-11-17 02:00:00,15.115,15.279,15.079,15.268,7898.50
2025-11-17 02:15:00,15.269,15.357,15.241,15.333,10652.84
2025-11-17 02:30:00,15.348,15.399,15.335,15.382,2679.50
2025-11-17 02:45:00,15.383,15.518,15.383,15.498,7382.24
2025-11-17 03:00:00,15.509,15.629,15.508,15.629,7074.33
2025-11-17 03:15:00,15.643,15.686,15.52,15.521,47016.89
2025-11-17 03:30:00,15.523,15.533,15.486,15.518,14834.54
2025-11-17 03:45:00,15.508,15.553,15.492,15.552,7763.23
2025-11-17 04:00:00,15.557,15.661,15.557,15.63,8141.08
2025-11-17 04:15:00,15.629,15.7,15.584,15.692,11247.02
2025-11-17 04:30:00,15.666,15.678,15.62,15.676,6777.36
2025-11-17 04:45:00,15.678,15.682,15.568,15.569,2550.63
2025-11-17 05:00:00,15.575,15.597,15.546,15.566,19965.87
2025-11-17 05:15:00,15.569,15.613,15.527,15.613,19351.96
2025-11-17 05:30:00,15.618,15.629,15.553,15.595,8261.75
2025-11-17 05:45:00,15.584,15.621,15.584,15.602,2137.19
2025-11-17 06:00:00,15.606,15.672,15.579,15.583,22718.82
2025-11-17 06:15:00,15.588,15.66,15.574,15.634,20468.01
2025-11-17 06:30:00,15.64,15.645,15.595,15.616,20749.97
2025-11-17 06:45:00,15.608,15.755,15.605,15.746,16000.73
2025-11-17 07:00:00,15.753,15.771,15.683,15.731,21853.52
2025-11-17 07:15:00,15.721,15.784,15.701,15.711,18724.54
2025-11-17 07:30:00,15.706,15.721,15.685,15.692,2960.32
2025-11-17 07:45:00,15.703,15.714,15.636,15.65,2493.62
2025-11-17 08:00:00,15.651,15.661,15.599,15.63,4927.05
2025-11-17 08:15:00,15.626,15.685,15.606,15.656,2647.63
2025-11-17 08:30:00,15.655,15.659,15.617,15.623,4575.09
2025-11-17 08:45:00,15.625,15.653,15.613,15.638,8182.37
2025-11-17 09:00:00,15.65,15.655,15.606,15.647,5277.43
2025-11-17 09:15:00,15.639,15.731,15.639,15.7,8197.36
2025-11-17 09:30:00,15.704,15.731,15.633,15.65,23293.00
2025-11-17 09:45:00,15.646,15.661,15.642,15.659,717.73
2025-11-17 10:00:00,15.665,15.714,15.647,15.709,2382.53
2025-11-17 10:15:00,15.714,15.719,15.659,15.662,7862.04
2025-11-17 10:30:00,15.663,15.686,15.641,15.659,5225.28
2025-11-17 10:45:00,15.658,15.679,15.648,15.666,3169.03
2025-11-17 11:00:00,15.661,15.666,15.634,15.662,395.77
2025-11-17 11:15:00,15.664,15.685,15.648,15.663,188.60
2025-11-17 11:30:00,15.663,15.726,15.639,15.639,659.36
2025-11-17 11:45:00,15.632,15.646,15.607,15.621,3342.86
2025-11-17 12:00:00,15.622,15.627,15.551,15.555,17843.10
2025-11-17 12:15:00,15.562,15.592,15.55,15.592,4928.47
2025-11-17 12:30:00,15.578,15.621,15.571,15.608,879.07
2025-11-17 12:45:00,15.61,15.65,15.592,15.64,581.52
2025-11-17 13:00:00,15.648,15.667,15.444,15.466,14719.31
2025-11-17 13:15:00,15.465,15.486,15.377,15.4,5560.71
2025-11-17 13:30:00,15.4,15.43,15.253,15.253,4825.88
2025-11-17 13:45:00,15.257,15.29,15.122,15.194,20300.42
2025-11-17 14:00:00,15.202,15.272,15.131,15.202,5213.85
2025-11-17 14:15:00,15.215,15.322,15.178,15.208,8623.35
2025-11-17 14:30:00,15.206,15.807,15.174,15.596,107112.31
2025-11-17 14:45:00,15.603,15.793,15.5,15.545,16484.32
2025-11-17 15:00:00,15.566,15.652,15.34,15.368,8849.19
2025-11-17 15:15:00,15.379,15.503,15.196,15.453,8160.89
2025-11-17 15:30:00,15.455,15.473,15.196,15.287,17648.24
2025-11-17 15:45:00,15.28,15.346,15.201,15.253,9858.67
2025-11-17 16:00:00,15.255,15.258,15.025,15.036,15023.05
2025-11-17 16:15:00,15.034,15.19,14.957,15.188,11628.95
2025-11-17 16:30:00,15.166,15.241,15.1,15.153,6149.14
2025-11-17 16:45:00,15.143,15.337,15.102,15.337,6674.95
2025-11-17 17:00:00,15.327,15.38,15.278,15.328,31595.14
2025-11-17 17:15:00,15.316,15.317,15.109,15.109,7531.21
2025-11-17 17:30:00,15.117,15.118,14.827,14.859,9766.04
2025-11-17 17:45:00,14.839,14.853,14.697,14.75,92517.91
2025-11-17 18:00:00,14.754,14.857,14.664,14.719,29589.41
2025-11-17 18:15:00,14.723,14.753,14.594,14.611,11627.42
2025-11-17 18:30:00,14.599,14.649,14.5,14.649,24349.09
2025-11-17 18:45:00,14.642,14.808,14.557,14.598,7481.98
2025-11-17 19:00:00,14.595,14.644,14.518,14.532,10716.42
2025-11-17 19:15:00,14.536,14.561,14.463,14.555,14781.30
2025-11-17 19:30:00,14.527,14.609,14.403,14.461,18711.46
2025-11-17 19:45:00,14.427,14.437,14.341,14.38,25276.49
2025-11-17 20:00:00,14.371,14.436,14.284,14.368,30180.17
2025-11-17 20:15:00,14.367,14.481,14.355,14.426,10858.23
2025-11-17 20:30:00,14.436,14.453,14.26,14.283,11940.88
2025-11-17 20:45:00,14.277,14.457,14.276,14.375,9478.22
2025-11-17 21:00:00,14.379,14.478,14.363,14.405,7179.65
2025-11-17 21:15:00,14.433,14.433,14.306,14.36,4789.21
2025-11-17 21:30:00,14.31,14.413,14.31,14.358,1541.81
2025-11-17 21:45:00,14.347,14.433,14.296,14.433,6520.59
2025-11-17 22:00:00,14.45,14.568,14.4,14.557,2401.12
2025-11-17 22:15:00,14.55,14.651,14.54,14.62,6323.51
2025-11-17 22:30:00,14.614,14.711,14.606,14.65,9287.28
2025-11-17 22:45:00,14.658,14.658,14.544,14.55,5213.66
2025-11-17 23:00:00,14.55,14.578,14.496,14.53,3776.72
2025-11-17 23:15:00,14.508,14.534,14.465,14.481,1140.72
2025-11-17 23:30:00,14.472,14.516,14.451,14.471,1579.72
2025-11-17 23:45:00,14.471,14.528,14.468,14.523,1286.89
2025-11-18 00:00:00,14.517,14.563,14.487,14.5,6512.09
2025-11-18 00:15:00,14.503,14.512,14.394,14.414,5128.83
2025-11-18 00:30:00,14.428,14.428,14.244,14.255,12796.66
2025-11-18 00:45:00,14.25,14.518,14.213,14.449,12509.49
2025-11-18 01:00:00,14.437,14.456,14.309,14.309,12360.23
2025-11-18 01:15:00,14.307,14.444,14.281,14.295,8220.74
2025-11-18 01:30:00,14.311,14.338,14.259,14.269,11243.14
2025-11-18 01:45:00,14.29,14.301,14.16,14.177,14822.90
2025-11-18 02:00:00,14.173,14.259,14.062,14.158,29481.68
2025-11-18 02:15:00,14.152,14.388,14.052,14.375,19028.45
2025-11-18 02:30:00,14.385,14.437,14.249,14.25,8072.57
2025-11-18 02:45:00,14.249,14.311,14.117,14.152,6497.49
2025-11-18 03:00:00,14.153,14.212,14.043,14.199,90346.28
2025-11-18 03:15:00,14.207,14.347,14.168,14.241,39058.82
2025-11-18 03:30:00,14.243,14.53,14.18,14.481,17604.03
2025-11-18 03:45:00,14.482,14.532,14.438,14.503,27967.82
2025-11-18 04:00:00,14.501,14.513,14.372,14.373,7756.47
2025-11-18 04:15:00,14.376,14.463,14.361,14.385,6397.04
2025-11-18 04:30:00,14.38,14.484,14.375,14.406,11972.85
2025-11-18 04:45:00,14.408,14.642,14.372,14.623,22078.97
2025-11-18 05:00:00,14.628,14.654,14.522,14.63,9595.82
2025-11-18 05:15:00,14.629,14.697,14.601,14.601,12342.31
2025-11-18 05:30:00,14.603,14.639,14.559,14.588,6502.74
2025-11-18 05:45:00,14.59,14.622,14.517,14.527,10295.20
2025-11-18 06:00:00,14.522,14.568,14.472,14.557,11261.40
2025-11-18 06:15:00,14.56,14.566,14.489,14.502,11328.93
2025-11-18 06:30:00,14.503,14.515,14.409,14.43,9683.35
2025-11-18 06:45:00,14.426,14.466,14.395,14.402,10785.15
2025-11-18 07:00:00,14.404,14.509,14.344,14.481,11560.30
2025-11-18 07:15:00,14.488,14.549,14.392,14.52,18109.29
2025-11-18 07:30:00,14.513,14.607,14.495,14.592,7729.67
2025-11-18 07:45:00,14.576,14.605,14.523,14.545,5138.30
2025-11-18 08:00:00,14.545,14.636,14.545,14.581,9506.04
2025-11-18 08:15:00,14.579,14.666,14.564,14.574,8034.21
2025-11-18 08:30:00,14.573,14.743,14.573,14.716,15590.90
2025-11-18 08:45:00,14.711,14.727,14.638,14.643,14136.32
2025-11-18 09:00:00,14.641,14.663,14.58,14.611,10518.68
2025-11-18 09:15:00,14.609,14.673,14.561,14.579,6253.39
2025-11-18 09:30:00,14.583,14.651,14.576,14.645,3838.43
2025-11-18 09:45:00,14.647,14.664,14.622,14.65,4611.19
2025-11-18 10:00:00,14.648,14.65,14.596,14.617,3461.56
2025-11-18 10:15:00,14.617,14.641,14.546,14.582,4561.82
2025-11-18 10:30:00,14.589,14.636,14.581,14.608,5480.67
2025-11-18 10:45:00,14.61,14.642,14.586,14.642,4615.14
2025-11-18 11:00:00,14.634,14.653,14.612,14.617,5299.11
2025-11-18 11:15:00,14.629,14.639,14.581,14.61,4765.59
2025-11-18 11:30:00,14.611,14.626,14.552,14.623,4377.54
2025-11-18 11:45:00,14.623,14.635,14.58,14.585,5112.51
2025-11-18 12:00:00,14.597,14.6,14.494,14.494,3928.35
2025-11-18 12:15:00,14.502,14.601,14.489,14.532,68545.53
2025-11-18 12:30:00,14.532,14.682,14.532,14.678,11663.16
2025-11-18 12:45:00,14.656,14.671,14.588,14.627,10884.96
2025-11-18 13:00:00,14.628,14.628,14.546,14.569,7763.12
2025-11-18 13:15:00,14.565,14.585,14.51,14.51,4509.54
2025-11-18 13:30:00,14.506,14.576,14.443,14.513,5225.83
2025-11-18 13:45:00,14.521,14.571,14.509,14.538,1953.98
2025-11-18 14:00:00,14.551,14.576,14.513,14.518,4056.07
2025-11-18 14:15:00,14.537,14.628,14.492,14.615,6580.50
2025-11-18 14:30:00,14.577,14.713,14.505,14.544,32585.76
2025-11-18 14:45:00,14.547,14.607,14.453,14.453,15710.53
2025-11-18 15:00:00,14.443,14.638,14.375,14.63,13691.63
2025-11-18 15:15:00,14.607,14.814,14.597,14.775,19831.52
2025-11-18 15:30:00,14.767,14.82,14.67,14.718,20050.49
2025-11-18 15:45:00,14.718,14.788,14.694,14.744,10398.28
2025-11-18 16:00:00,14.739,14.834,14.696,14.77,7536.13
2025-11-18 16:15:00,14.756,14.9,14.756,14.881,6644.71
2025-11-18 16:30:00,14.877,14.924,14.798,14.816,7523.19
2025-11-18 16:45:00,14.823,14.847,14.779,14.831,18059.42
2025-11-18 17:00:00,14.832,14.841,14.796,14.796,4420.40
2025-11-18 17:15:00,14.799,14.83,14.717,14.717,6268.07
2025-11-18 17:30:00,14.713,14.741,14.699,14.724,3464.01
2025-11-18 17:45:00,14.702,14.724,14.692,14.721,5409.41
2025-11-18 18:00:00,14.723,14.831,14.709,14.81,6173.04
2025-11-18 18:15:00,14.809,14.813,14.74,14.748,6135.37
2025-11-18 18:30:00,14.749,14.798,14.749,14.795,2829.94
2025-11-18 18:45:00,14.801,14.855,14.785,14.803,3612.76
2025-11-18 19:00:00,14.799,14.833,14.778,14.82,1075.43
2025-11-18 19:15:00,14.808,14.845,14.799,14.824,2650.25
2025-11-18 19:30:00,14.823,14.827,14.774,14.774,625.10
2025-11-18 19:45:00,14.764,14.764,14.705,14.738,3074.90
2025-11-18 20:00:00,14.73,14.771,14.729,14.745,1780.49
2025-11-18 20:15:00,14.747,14.79,14.747,14.79,1507.41
2025-11-18 20:30:00,14.786,14.786,14.729,14.74,934.00
2025-11-18 20:45:00,14.741,14.746,14.707,14.721,743.22
2025-11-18 21:00:00,14.706,14.706,14.64,14.689,3646.69
2025-11-18 21:15:00,14.687,14.691,14.66,14.66,929.13
2025-11-18 21:30:00,14.66,14.66,14.571,14.579,1450.41
2025-11-18 21:45:00,14.557,14.565,14.505,14.512,879.13
2025-11-18 22:00:00,14.508,14.642,14.507,14.642,13297.30
2025-11-18 22:15:00,14.625,14.683,14.616,14.683,5090.34
2025-11-18 22:30:00,14.674,14.704,14.655,14.701,2755.33
2025-11-18 22:45:00,14.697,14.697,14.655,14.674,3462.65
2025-11-18 23:00:00,14.675,14.677,14.568,14.586,4075.63
2025-11-18 23:15:00,14.582,14.6,14.573,14.592,1555.92
2025-11-18 23:30:00,14.591,14.61,14.575,14.583,2583.42
2025-11-18 23:45:00,14.586,14.608,14.552,14.6,2420.70
2025-11-19 00:00:00,14.593,14.594,14.476,14.499,4428.95
2025-11-19 00:15:00,14.502,14.502,14.403,14.492,3056.35
2025-11-19 00:30:00,14.483,14.572,14.45,14.559,2120.75
2025-11-19 00:45:00,14.558,14.626,14.557,14.585,1528.62
2025-11-19 01:00:00,14.585,14.585,14.503,14.51,3913.52
2025-11-19 01:15:00,14.512,14.664,14.493,14.629,1910.45
2025-11-19 01:30:00,14.628,14.628,14.562,14.562,2252.83
2025-11-19 01:45:00,14.581,14.584,14.5,14.54,1592.23
2025-11-19 02:00:00,14.553,14.657,14.522,14.654,4559.59
2025-11-19 02:15:00,14.65,14.661,14.556,14.591,1770.57
2025-11-19 02:30:00,14.577,14.656,14.577,14.601,1282.15
2025-11-19 02:45:00,14.609,14.694,14.609,14.64,1125.49
2025-11-19 03:00:00,14.631,14.665,14.596,14.619,6919.72
2025-11-19 03:15:00,14.591,14.594,14.503,14.525,2210.68
2025-11-19 03:30:00,14.526,14.526,14.427,14.467,1660.95
2025-11-19 03:45:00,14.463,14.474,14.415,14.439,4642.29
2025-11-19 04:00:00,14.434,14.441,14.368,14.424,2598.40
2025-11-19 04:15:00,14.435,14.469,14.394,14.41,3808.94
2025-11-19 04:30:00,14.407,14.409,14.318,14.344,2015.21
2025-11-19 04:45:00,14.348,14.377,14.33,14.339,1447.42
2025-11-19 05:00:00,14.333,14.349,14.248,14.265,4867.99
2025-11-19 05:15:00,14.259,14.28,14.208,14.216,3053.36
2025-11-19 05:30:00,14.215,14.22,13.949,13.949,27238.04
2025-11-19 05:45:00,13.95,14.041,13.945,14.026,18978.81
2025-11-19 06:00:00,14.034,14.107,13.997,14.086,9562.56
2025-11-19 06:15:00,14.119,14.136,14.086,14.136,8779.59
2025-11-19 06:30:00,14.143,14.207,14.14,14.191,1271.76
2025-11-19 06:45:00,14.191,14.213,14.153,14.184,2846.95
2025-11-19 07:00:00,14.184,14.252,14.166,14.235,5904.92
2025-11-19 07:15:00,14.23,14.275,14.217,14.244,5508.38
2025-11-19 07:30:00,14.239,14.351,14.223,14.351,1658.95
2025-11-19 07:45:00,14.351,14.385,14.338,14.354,14855.88
2025-11-19 08:00:00,14.354,14.372,14.336,14.357,9032.91
2025-11-19 08:15:00,14.363,14.456,14.325,14.456,8224.63
2025-11-19 08:30:00,14.446,14.476,14.414,14.423,6598.32
2025-11-19 08:45:00,14.42,14.426,14.344,14.381,31847.06
2025-11-19 09:00:00,14.383,14.383,14.264,14.32,14771.59
2025-11-19 09:15:00,14.32,14.325,14.251,14.274,14292.86
2025-11-19 09:30:00,14.275,14.333,14.275,14.314,9664.08
2025-11-19 09:45:00,14.311,14.353,14.262,14.337,12580.12
2025-11-19 10:00:00,14.336,14.596,14.321,14.48,13810.09
2025-11-19 10:15:00,14.486,14.517,14.441,14.506,6854.73
2025-11-19 10:30:00,14.508,14.508,14.47,14.476,3260.30
2025-11-19 10:45:00,14.447,14.467,14.409,14.454,3131.87
2025-11-19 11:00:00,14.442,14.497,14.439,14.497,1171.73
2025-11-19 11:15:00,14.499,14.526,14.454,14.454,933.26
2025-11-19 11:30:00,14.444,14.477,14.437,14.469,1214.87
2025-11-19 11:45:00,14.478,14.479,14.425,14.445,2236.61
2025-11-19 12:00:00,14.448,14.528,14.439,14.493,1723.70
2025-11-19 12:15:00,14.49,14.512,14.463,14.493,2009.54
2025-11-19 12:30:00,14.494,14.531,14.472,14.531,5050.86
2025-11-19 12:45:00,14.533,14.578,14.514,14.563,6289.76
2025-11-19 13:00:00,14.567,14.573,14.472,14.486,4120.04
2025-11-19 13:15:00,14.478,14.511,14.431,14.483,4369.01
2025-11-19 13:30:00,14.487,14.508,14.402,14.416,3528.74
2025-11-19 13:45:00,14.439,14.439,14.308,14.308,4044.86
2025-11-19 14:00:00,14.305,14.312,14.209,14.297,8387.59
2025-11-19 14:15:00,14.276,14.289,14.085,14.099,4915.79
2025-11-19 14:30:00,14.103,14.347,14.1,14.347,7861.29
2025-11-19 14:45:00,14.321,14.355,14.247,14.294,3745.86
2025-11-19 15:00:00,14.304,14.506,14.291,14.444,5991.17
2025-11-19 15:15:00,14.47,14.537,14.23,14.272,8206.48
2025-11-19 15:30:00,14.252,14.252,14.161,14.202,9360.75
2025-11-19 15:45:00,14.172,14.172,14.032,14.066,8980.20
2025-11-19 16:00:00,14.057,14.153,14.049,14.09,9093.72
2025-11-19 16:15:00,14.097,14.105,13.97,13.986,11255.05
2025-11-19 16:30:00,13.991,14.029,13.915,13.973,4637.28
2025-11-19 16:45:00,13.96,13.983,13.875,13.903,5489.07
2025-11-19 17:00:00,13.914,13.967,13.805,13.864,12760.50
2025-11-19 17:15:00,13.856,13.971,13.844,13.967,14300.59
2025-11-19 17:30:00,13.961,13.961,13.77,13.885,20213.67
2025-11-19 17:45:00,13.89,13.973,13.834,13.935,14539.12
2025-11-19 18:00:00,13.933,13.985,13.84,13.965,13385.33
2025-11-19 18:15:00,13.966,13.966,13.698,13.755,23345.89
2025-11-19 18:30:00,13.756,13.844,13.733,13.754,7506.09
2025-11-19 18:45:00,13.782,13.835,13.738,13.835,3338.56
2025-11-19 19:00:00,13.845,13.891,13.79,13.832,7487.86
2025-11-19 19:15:00,13.832,13.851,13.774,13.809,5718.25
2025-11-19 19:30:00,13.814,13.816,13.753,13.798,5389.72
2025-11-19 19:45:00,13.796,13.825,13.765,13.775,6447.38
2025-11-19 20:00:00,13.779,13.797,13.744,13.78,2605.77
2025-11-19 20:15:00,13.789,13.907,13.765,13.901,3049.53
2025-11-19 20:30:00,13.909,14.013,13.866,13.95,13171.97
2025-11-19 20:45:00,13.945,14.078,13.916,14.047,11485.47
2025-11-19 21:00:00,14.043,14.16,14.018,14.062,6169.97
2025-11-19 21:15:00,14.07,14.316,14.058,14.162,45245.49
2025-11-19 21:30:00,14.184,14.299,14.183,14.29,6392.24
2025-11-19 21:45:00,14.3,14.3,14.242,14.275,3953.37
2025-11-19 22:00:00,14.27,14.276,14.205,14.241,830.59
2025-11-19 22:15:00,14.227,14.258,14.149,14.256,14971.99
2025-11-19 22:30:00,14.255,14.256,14.221,14.233,3735.94
2025-11-19 22:45:00,14.227,14.252,14.218,14.236,286.96
2025-11-19 23:00:00,14.241,14.352,14.239,14.306,4247.88
2025-11-19 23:15:00,14.316,14.316,14.261,14.289,6537.74
2025-11-19 23:30:00,14.291,14.299,14.256,14.259,989.39
2025-11-19 23:45:00,14.262,14.294,14.262,14.293,1371.91
2025-11-20 00:00:00,14.294,14.297,14.23,14.276,3838.46
2025-11-20 00:15:00,14.275,14.308,14.271,14.291,2613.39
2025-11-20 00:30:00,14.291,14.333,14.283,14.305,1365.98
2025-11-20 00:45:00,14.305,14.305,14.244,14.259,3495.10
2025-11-20 01:00:00,14.263,14.319,14.253,14.294,3658.98
2025-11-20 01:15:00,14.289,14.309,14.27,14.283,1546.31
2025-11-20 01:30:00,14.289,14.345,14.284,14.345,1177.35
2025-11-20 01:45:00,14.346,14.352,14.329,14.343,2096.68
2025-11-20 02:00:00,14.343,14.408,14.335,14.381,3585.60
2025-11-20 02:15:00,14.373,14.382,14.306,14.314,1250.93
2025-11-20 02:30:00,14.322,14.357,14.322,14.335,882.25
2025-11-20 02:45:00,14.341,14.367,14.326,14.361,749.39
2025-11-20 03:00:00,14.364,14.369,14.348,14.361,825.65
2025-11-20 03:15:00,14.36,14.386,14.328,14.332,2806.56
2025-11-20 03:30:00,14.332,14.363,14.329,14.349,1332.22
2025-11-20 03:45:00,14.352,14.358,14.336,14.352,1064.40
2025-11-20 04:00:00,14.35,14.355,14.323,14.347,3404.95
2025-11-20 04:15:00,14.342,14.342,14.309,14.323,2271.04
2025-11-20 04:30:00,14.317,14.335,14.295,14.315,770.52
2025-11-20 04:45:00,14.316,14.438,14.316,14.438,3992.38
2025-11-20 05:00:00,14.428,14.45,14.376,14.38,2319.03
2025-11-20 05:15:00,14.368,14.369,14.314,14.314,3987.28
2025-11-20 05:30:00,14.311,14.317,14.288,14.31,1085.63
2025-11-20 05:45:00,14.304,14.325,14.301,14.303,1221.76
2025-11-20 06:00:00,14.305,14.321,14.284,14.303,568.32
2025-11-20 06:15:00,14.288,14.293,14.252,14.257,1793.42
2025-11-20 06:30:00,14.258,14.272,14.241,14.242,770.89
2025-11-20 06:45:00,14.256,14.286,14.239,14.281,392.05
2025-11-20 07:00:00,14.275,14.32,14.261,14.301,565.38
2025-11-20 07:15:00,14.32,14.334,14.3,14.334,1754.41
2025-11-20 07:30:00,14.334,14.384,14.334,14.352,3942.29
2025-11-20 07:45:00,14.357,14.382,14.352,14.362,149.49
2025-11-20 08:00:00,14.369,14.383,14.343,14.35,3538.19
2025-11-20 08:15:00,14.35,14.378,14.335,14.369,913.63
2025-11-20 08:30:00,14.359,14.377,14.348,14.354,1747.98
2025-11-20 08:45:00,14.363,14.369,14.336,14.346,1942.47
2025-11-20 09:00:00,14.347,14.35,14.319,14.331,3385.42
2025-11-20 09:15:00,14.321,14.321,14.272,14.272,2890.22
2025-11-20 09:30:00,14.271,14.308,14.268,14.289,6789.93
2025-11-20 09:45:00,14.288,14.288,14.242,14.276,1884.24
2025-11-20 10:00:00,14.272,14.276,14.228,14.268,1131.10
2025-11-20 10:15:00,14.263,14.312,14.248,14.312,1304.67
2025-11-20 10:30:00,14.322,14.326,14.258,14.263,1255.41
2025-11-20 10:45:00,14.271,14.291,14.265,14.29,1293.05
2025-11-20 11:00:00,14.29,14.301,14.263,14.299,923.61
2025-11-20 11:15:00,14.299,14.307,14.269,14.27,438.47
2025-11-20 11:30:00,14.271,14.339,14.271,14.339,23371.84
2025-11-20 11:45:00,14.336,14.469,14.336,14.422,173415.70
2025-11-20 12:00:00,14.422,14.506,14.349,14.351,199569.51
2025-11-20 12:15:00,14.349,14.401,14.348,14.374,72330.12
2025-11-20 12:30:00,14.377,14.419,14.37,14.381,4466.96
2025-11-20 12:45:00,14.382,14.47,14.376,14.447,10635.66
2025-11-20 13:00:00,14.449,14.467,14.406,14.455,16591.02
2025-11-20 13:15:00,14.453,14.461,14.398,14.437,11334.49
2025-11-20 13:30:00,14.443,14.529,14.391,14.418,34624.88
2025-11-20 13:45:00,14.397,14.459,14.387,14.407,4424.49
2025-11-20 14:00:00,14.408,14.408,14.28,14.319,16102.23
2025-11-20 14:15:00,14.314,14.48,14.307,14.447,4919.26
2025-11-20 14:30:00,14.454,14.481,14.404,14.419,5000.12
2025-11-20 14:45:00,14.412,14.46,14.392,14.45,4563.14
2025-11-20 15:00:00,14.444,14.447,14.302,14.339,6074.03
2025-11-20 15:15:00,14.334,14.404,14.302,14.392,7052.31
2025-11-20 15:30:00,14.376,14.389,14.322,14.364,1682.61
2025-11-20 15:45:00,14.355,14.356,14.222,14.225,5675.57
2025-11-20 16:00:00,14.229,14.244,13.921,13.956,46112.81
2025-11-20 16:15:00,13.954,14.001,13.796,13.886,53460.61
2025-11-20 16:30:00,13.871,13.9,13.729,13.735,98211.48
2025-11-20 16:45:00,13.741,13.784,13.645,13.677,30887.98
2025-11-20 17:00:00,13.699,13.754,13.506,13.571,32567.82
2025-11-20 17:15:00,13.559,13.749,13.501,13.696,220737.64
2025-11-20 17:30:00,13.693,13.843,13.684,13.732,114095.17
2025-11-20 17:45:00,13.738,13.775,13.671,13.748,18204.01
2025-11-20 18:00:00,13.736,13.873,13.685,13.873,17103.29
2025-11-20 18:15:00,13.877,13.879,13.747,13.75,13083.16
2025-11-20 18:30:00,13.748,13.755,13.664,13.699,8423.56
2025-11-20 18:45:00,13.699,13.708,13.597,13.618,8516.06
2025-11-20 19:00:00,13.614,13.618,13.525,13.581,24760.71
2025-11-20 19:15:00,13.571,13.771,13.562,13.725,10174.36
2025-11-20 19:30:00,13.723,13.725,13.641,13.712,10269.29
2025-11-20 19:45:00,13.714,13.805,13.681,13.771,6830.00
2025-11-20 20:00:00,13.774,13.774,13.649,13.661,5677.52
2025-11-20 20:15:00,13.661,13.87,13.649,13.867,17123.74
2025-11-20 20:30:00,13.877,13.901,13.797,13.838,8924.60
2025-11-20 20:45:00,13.834,13.869,13.784,13.795,9686.44
2025-11-20 21:00:00,13.799,13.841,13.766,13.796,5425.26
2025-11-20 21:15:00,13.792,13.957,13.785,13.886,15150.43
2025-11-20 21:30:00,13.891,13.948,13.884,13.932,3481.79
2025-11-20 21:45:00,13.934,13.954,13.889,13.906,2197.23
2025-11-20 22:00:00,13.9,13.986,13.877,13.965,8747.85
2025-11-20 22:15:00,13.971,13.994,13.948,13.983,2059.27
2025-11-20 22:30:00,13.962,14.001,13.918,13.959,1504.59
2025-11-20 22:45:00,13.959,13.989,13.949,13.963,1943.64
2025-11-20 23:00:00,13.963,13.967,13.908,13.939,3935.05
2025-11-20 23:15:00,13.941,13.957,13.909,13.925,2772.45
2025-11-20 23:30:00,13.922,13.969,13.874,13.925,93144.97
2025-11-20 23:45:00,13.922,13.935,13.805,13.823,8647.98
2025-11-21 00:00:00,13.822,13.946,13.81,13.946,10205.76
2025-11-21 00:15:00,13.939,13.981,13.917,13.932,2720.81
2025-11-21 00:30:00,13.929,13.981,13.908,13.932,5310.19
2025-11-21 00:45:00,13.933,13.969,13.926,13.951,4540.04
2025-11-21 01:00:00,13.955,13.975,13.928,13.959,11733.75
2025-11-21 01:15:00,13.962,14.008,13.918,13.974,6601.65
2025-11-21 01:30:00,13.965,13.973,13.93,13.952,5315.45
2025-11-21 01:45:00,13.957,13.971,13.932,13.957,3152.45
2025-11-21 02:00:00,13.949,13.962,13.883,13.883,9698.05
2025-11-21 02:15:00,13.887,13.983,13.851,13.938,22780.77
2025-11-21 02:30:00,13.923,13.957,13.869,13.869,8931.48
2025-11-21 02:45:00,13.881,13.922,13.7,13.738,14979.41
2025-11-21 03:00:00,13.718,13.877,13.718,13.799,12431.50
2025-11-21 03:15:00,13.803,13.819,13.734,13.777,4557.56
2025-11-21 03:30:00,13.766,13.833,13.746,13.814,3328.49
2025-11-21 03:45:00,13.822,13.822,13.788,13.788,3278.84
2025-11-21 04:00:00,13.78,13.791,13.677,13.744,3923.69
2025-11-21 04:15:00,13.735,13.765,13.71,13.752,1921.93
2025-11-21 04:30:00,13.737,13.742,13.574,13.712,6960.62
2025-11-21 04:45:00,13.712,13.757,13.665,13.733,25674.61
2025-11-21 05:00:00,13.731,13.791,13.723,13.76,2102.20
2025-11-21 05:15:00,13.758,13.78,13.745,13.762,6159.27
2025-11-21 05:30:00,13.757,13.783,13.655,13.689,3727.32
2025-11-21 05:45:00,13.684,13.718,13.662,13.687,3132.57
2025-11-21 06:00:00,13.679,13.716,13.629,13.704,3146.97
2025-11-21 06:15:00,13.727,13.727,13.645,13.654,1709.80
2025-11-21 06:30:00,13.653,13.748,13.637,13.748,3155.18
2025-11-21 06:45:00,13.736,13.78,13.695,13.695,2557.15
2025-11-21 07:00:00,13.699,13.752,13.666,13.689,3395.12
2025-11-21 07:15:00,13.681,13.681,13.545,13.554,11201.36
2025-11-21 07:30:00,13.549,13.562,12.359,13.22,263498.02
2025-11-21 07:45:00,13.22,13.255,13.113,13.185,46252.87
2025-11-21 08:00:00,13.175,13.395,13.095,13.297,27128.44
2025-11-21 08:15:00,13.303,13.391,13.279,13.291,20477.03
2025-11-21 08:30:00,13.291,13.367,13.254,13.271,13884.80
2025-11-21 08:45:00,13.268,13.363,13.262,13.325,5493.26
2025-11-21 09:00:00,13.329,13.42,13.328,13.349,5084.61
2025-11-21 09:15:00,13.35,13.353,13.203,13.217,11501.30
2025-11-21 09:30:00,13.216,13.216,13.083,13.102,16646.24
2025-11-21 09:45:00,13.098,13.117,12.987,13.005,14858.43
2025-11-21 10:00:00,13.003,13.104,12.942,13.032,22781.51
2025-11-21 10:15:00,13.026,13.097,12.98,12.994,8671.00
2025-11-21 10:30:00,12.998,13.095,12.998,13.01,8767.74
2025-11-21 10:45:00,13.016,13.03,12.971,12.987,12361.70
2025-11-21 11:00:00,12.987,13.134,12.967,13.1,6666.63
2025-11-21 11:15:00,13.102,13.112,13.047,13.059,1570.13
2025-11-21 11:30:00,13.06,13.101,12.944,12.965,4226.95
2025-11-21 11:45:00,12.945,12.951,12.865,12.923,23008.55
2025-11-21 12:00:00,12.923,12.951,12.839,12.889,10340.14
2025-11-21 12:15:00,12.899,12.899,12.639,12.668,38743.08
2025-11-21 12:30:00,12.683,13.166,12.683,13.145,85838.53
2025-11-21 12:45:00,13.146,13.21,13.11,13.131,19297.04
2025-11-21 13:00:00,13.13,13.202,13.083,13.138,6450.92
2025-11-21 13:15:00,13.146,13.244,13.065,13.065,6188.85
2025-11-21 13:30:00,13.077,13.184,13.077,13.17,3008.00
2025-11-21 13:45:00,13.167,13.198,13.146,13.152,17435.30
2025-11-21 14:00:00,13.142,13.162,13.098,13.1,8352.69
2025-11-21 14:15:00,13.085,13.136,13.047,13.12,4120.24
2025-11-21 14:30:00,13.115,13.317,13.115,13.235,25530.79
2025-11-21 14:45:00,13.251,13.31,13.193,13.262,10124.91
2025-11-21 15:00:00,13.234,13.25,13.143,13.175,8080.41
2025-11-21 15:15:00,13.168,13.208,13.096,13.117,21663.04
2025-11-21 15:30:00,13.117,13.138,13.001,13.073,27888.67
2025-11-21 15:45:00,13.074,13.094,12.959,12.999,4944.75
2025-11-21 16:00:00,13.001,13.017,12.839,12.908,27691.45
2025-11-21 16:15:00,12.921,13.039,12.857,13.039,19121.77
2025-11-21 16:30:00,13.038,13.149,12.991,13.084,6126.17
2025-11-21 16:45:00,13.079,13.325,13.058,13.318,36023.85
2025-11-21 17:00:00,13.304,13.387,13.268,13.376,14565.59
2025-11-21 17:15:00,13.382,13.433,13.346,13.368,12175.39
2025-11-21 17:30:00,13.408,13.464,13.359,13.359,9221.32
2025-11-21 17:45:00,13.362,13.397,13.308,13.325,11706.35
2025-11-21 18:00:00,13.327,13.338,13.218,13.218,12543.59
2025-11-21 18:15:00,13.227,13.324,13.212,13.313,8442.54
2025-11-21 18:30:00,13.298,13.356,13.298,13.341,2471.90
2025-11-21 18:45:00,13.33,13.397,13.303,13.332,20663.65
2025-11-21 19:00:00,13.327,13.336,13.257,13.28,1794.23
2025-11-21 19:15:00,13.278,13.353,13.269,13.334,1543.25
2025-11-21 19:30:00,13.334,13.335,13.263,13.277,768.38
2025-11-21 19:45:00,13.275,13.292,13.248,13.285,2824.03
2025-11-21 20:00:00,13.296,13.302,13.231,13.262,2918.64
2025-11-21 20:15:00,13.267,13.321,13.222,13.254,42612.75
2025-11-21 20:30:00,13.249,13.308,13.219,13.287,6948.91
2025-11-21 20:45:00,13.292,13.313,13.262,13.285,1170.54
2025-11-21 21:00:00,13.284,13.31,13.265,13.31,2120.62
2025-11-21 21:15:00,13.307,13.374,13.282,13.37,3421.36
2025-11-21 21:30:00,13.357,13.357,13.262,13.321,1096.96
2025-11-21 21:45:00,13.318,13.358,13.308,13.335,2567.11
2025-11-21 22:00:00,13.337,13.362,13.319,13.33,2111.94
2025-11-21 22:15:00,13.328,13.334,13.242,13.275,4271.93
2025-11-21 22:30:00,13.258,13.293,13.226,13.243,5162.71
2025-11-21 22:45:00,13.248,13.292,13.189,13.214,3881.98
2025-11-21 23:00:00,13.216,13.247,13.202,13.244,11996.95
2025-11-21 23:15:00,13.255,13.331,13.255,13.326,7544.05
2025-11-21 23:30:00,13.327,13.338,13.284,13.328,1751.33
2025-11-21 23:45:00,13.332,13.34,13.304,13.309,365.41
2025-11-22 00:00:00,13.292,13.332,13.281,13.313,2650.44
2025-11-22 00:15:00,13.31,13.314,13.251,13.256,2824.00
2025-11-22 00:30:00,13.268,13.304,13.268,13.298,1362.41
2025-11-22 00:45:00,13.296,13.299,13.263,13.291,157.26
2025-11-22 01:00:00,13.297,13.3,13.265,13.286,1203.81
2025-11-22 01:15:00,13.291,13.299,13.267,13.283,2557.94
2025-11-22 01:30:00,13.28,13.313,13.271,13.271,910.04
2025-11-22 01:45:00,13.275,13.311,13.275,13.304,1523.31
2025-11-22 02:00:00,13.305,13.314,13.264,13.276,2645.83
2025-11-22 02:15:00,13.27,13.287,13.257,13.282,1738.44
2025-11-22 02:30:00,13.282,13.282,13.26,13.274,890.84
2025-11-22 02:45:00,13.279,13.301,13.27,13.289,743.01
2025-11-22 03:00:00,13.288,13.306,13.265,13.28,4263.82
2025-11-22 03:15:00,13.279,13.302,13.261,13.282,2682.45
2025-11-22 03:30:00,13.277,13.295,13.261,13.276,1434.28
2025-11-22 03:45:00,13.28,13.293,13.262,13.283,99.87
2025-11-22 04:00:00,13.285,13.289,13.217,13.244,3117.18
2025-11-22 04:15:00,13.238,13.287,13.223,13.259,5805.31
2025-11-22 04:30:00,13.262,13.286,13.237,13.249,2611.70
2025-11-22 04:45:00,13.259,13.302,13.259,13.29,1922.68
2025-11-22 05:00:00,13.286,13.305,13.26,13.26,1127.72
2025-11-22 05:15:00,13.258,13.258,13.229,13.246,1016.90
2025-11-22 05:30:00,13.249,13.268,13.229,13.248,768.24
2025-11-22 05:45:00,13.258,13.296,13.245,13.273,129.34
2025-11-22 06:00:00,13.272,13.296,13.246,13.279,2074.54
2025-11-22 06:15:00,13.273,13.309,13.268,13.284,4541.51
2025-11-22 06:30:00,13.292,13.328,13.287,13.304,2019.58
2025-11-22 06:45:00,13.302,13.328,13.299,13.322,1320.59
2025-11-22 07:00:00,13.317,13.317,13.268,13.284,465.34
2025-11-22 07:15:00,13.282,13.295,13.268,13.29,331.75
2025-11-22 07:30:00,13.287,13.3,13.261,13.285,1695.11
2025-11-22 07:45:00,13.288,13.302,13.273,13.292,1414.57
2025-11-22 08:00:00,13.292,13.292,13.263,13.27,1794.37
2025-11-22 08:15:00,13.274,13.277,13.232,13.238,2823.86
2025-11-22 08:30:00,13.24,13.246,13.162,13.224,6745.12
2025-11-22 08:45:00,13.231,13.291,13.23,13.266,6865.43
2025-11-22 09:00:00,13.268,13.297,13.266,13.285,1273.31
2025-11-22 09:15:00,13.274,13.29,13.248,13.263,28103.35
2025-11-22 09:30:00,13.268,13.34,13.267,13.283,2238.79
2025-11-22 09:45:00,13.279,13.305,13.256,13.256,2359.33
2025-11-22 10:00:00,13.263,13.3,13.26,13.281,1709.08
2025-11-22 10:15:00,13.28,13.284,13.238,13.256,6459.70
2025-11-22 10:30:00,13.262,13.272,13.245,13.264,1146.58
2025-11-22 10:45:00,13.272,13.279,13.244,13.265,3351.33
2025-11-22 11:00:00,13.267,13.312,13.242,13.293,2833.32
2025-11-22 11:15:00,13.29,13.304,13.258,13.294,765.93
2025-11-22 11:30:00,13.292,13.297,13.276,13.279,649.88
2025-11-22 11:45:00,13.28,13.293,13.264,13.267,494.39
2025-11-22 12:00:00,13.27,13.27,13.176,13.187,2210.39
2025-11-22 12:15:00,13.198,13.212,13.185,13.191,1188.40
2025-11-22 12:30:00,13.189,13.204,13.169,13.171,6458.33
2025-11-22 12:45:00,13.175,13.192,13.137,13.159,2067.41
2025-11-22 13:00:00,13.159,13.159,13.068,13.129,8181.78
2025-11-22 13:15:00,13.132,13.141,13.076,13.091,4725.36
2025-11-22 13:30:00,13.09,13.096,13.022,13.055,6183.41
2025-11-22 13:45:00,13.058,13.121,13.054,13.111,5083.70
2025-11-22 14:00:00,13.109,13.196,13.109,13.189,3552.49
2025-11-22 14:15:00,13.194,13.258,13.173,13.249,3360.21
2025-11-22 14:30:00,13.246,13.277,13.225,13.232,1813.60
2025-11-22 14:45:00,13.229,13.262,13.208,13.235,3205.52
2025-11-22 15:00:00,13.237,13.249,13.206,13.217,1168.00
2025-11-22 15:15:00,13.217,13.253,13.212,13.23,1619.17
2025-11-22 15:30:00,13.23,13.244,13.138,13.138,899.29
2025-11-22 15:45:00,13.139,13.196,13.117,13.191,7794.23
2025-11-22 16:00:00,13.182,13.269,13.169,13.251,3974.77
2025-11-22 16:15:00,13.253,13.257,13.221,13.237,7567.22
2025-11-22 16:30:00,13.232,13.275,13.232,13.274,4626.86
2025-11-22 16:45:00,13.277,13.277,13.247,13.256,1726.17
2025-11-22 17:00:00,13.257,13.257,13.216,13.24,3227.37
2025-11-22 17:15:00,13.24,13.252,13.228,13.244,821.74
2025-11-22 17:30:00,13.246,13.246,13.221,13.233,276.05
2025-11-22 17:45:00,13.231,13.248,13.219,13.242,733.04
2025-11-22 18:00:00,13.243,13.253,13.22,13.24,1635.13
2025-11-22 18:15:00,13.239,13.249,13.229,13.243,236.95
2025-11-22 18:30:00,13.244,13.252,13.219,13.252,8337.31
2025-11-22 18:45:00,13.252,13.266,13.235,13.245,1074.56
2025-11-22 19:00:00,13.244,13.268,13.235,13.249,7418.37
2025-11-22 19:15:00,13.252,13.256,13.222,13.24,4491.24
2025-11-22 19:30:00,13.24,13.25,13.215,13.225,2824.02
2025-11-22 19:45:00,13.228,13.25,13.225,13.229,2675.84
2025-11-22 20:00:00,13.233,13.263,13.224,13.26,3601.24
2025-11-22 20:15:00,13.253,13.26,13.226,13.244,2150.01
2025-11-22 20:30:00,13.242,13.242,13.193,13.205,5780.50
2025-11-22 20:45:00,13.208,13.239,13.195,13.233,4003.68
2025-11-22 21:00:00,13.227,13.251,13.219,13.233,1131.51
2025-11-22 21:15:00,13.232,13.247,13.228,13.239,446.77
2025-11-22 21:30:00,13.237,13.255,13.224,13.252,6968.68
2025-11-22 21:45:00,13.25,13.256,13.234,13.249,11306.87
2025-11-22 22:00:00,13.257,13.263,13.206,13.246,9404.99
2025-11-22 22:15:00,13.243,13.278,13.22,13.229,9878.48
2025-11-22 22:30:00,13.224,13.249,13.22,13.246,5147.32
2025-11-22 22:45:00,13.253,13.391,13.248,13.333,17289.07
2025-11-22 23:00:00,13.306,13.317,13.254,13.275,4930.06
2025-11-22 23:15:00,13.278,13.278,13.221,13.222,943.50
2025-11-22 23:30:00,13.222,13.263,13.214,13.24,1159.60
2025-11-22 23:45:00,13.231,13.243,13.225,13.237,5246.30
2025-11-23 00:00:00,13.236,13.257,13.221,13.249,1886.32
2025-11-23 00:15:00,13.248,13.265,13.226,13.229,4455.66
2025-11-23 00:30:00,13.228,13.24,13.212,13.236,1626.95
2025-11-23 00:45:00,13.237,13.244,13.217,13.233,994.71
2025-11-23 01:00:00,13.246,13.272,13.239,13.267,1509.57
2025-11-23 01:15:00,13.256,13.282,13.247,13.26,3591.44
2025-11-23 01:30:00,13.255,13.32,13.254,13.316,2386.86
2025-11-23 01:45:00,13.317,13.326,13.289,13.302,1787.17
2025-11-23 02:00:00,13.3,13.322,13.279,13.313,752.22
2025-11-23 02:15:00,13.315,13.368,13.313,13.358,1282.50
2025-11-23 02:30:00,13.362,13.39,13.342,13.374,245.30
2025-11-23 02:45:00,13.371,13.385,13.355,13.356,1027.94
2025-11-23 03:00:00,13.357,13.362,13.325,13.331,5129.68
2025-11-23 03:15:00,13.33,13.33,13.303,13.313,1489.29
2025-11-23 03:30:00,13.313,13.346,13.308,13.344,760.87
2025-11-23 03:45:00,13.352,13.358,13.342,13.357,438.23
2025-11-23 04:00:00,13.351,13.415,13.351,13.41,750.35
2025-11-23 04:15:00,13.411,13.445,13.372,13.374,1723.38
2025-11-23 04:30:00,13.373,13.391,13.357,13.36,3152.98
2025-11-23 04:45:00,13.364,13.386,13.362,13.374,1218.10
2025-11-23 05:00:00,13.373,13.374,13.342,13.362,9792.17
2025-11-23 05:15:00,13.357,13.372,13.348,13.35,421.61
2025-11-23 05:30:00,13.35,13.35,13.327,13.337,979.69
2025-11-23 05:45:00,13.336,13.372,13.336,13.372,581.19
2025-11-23 06:00:00,13.371,13.397,13.37,13.371,480.89
2025-11-23 06:15:00,13.37,13.381,13.342,13.35,293.92
2025-11-23 06:30:00,13.35,13.352,13.335,13.349,723.99
2025-11-23 06:45:00,13.349,13.36,13.338,13.339,1688.42
2025-11-23 07:00:00,13.339,13.348,13.289,13.329,5613.48
2025-11-23 07:15:00,13.332,13.332,13.237,13.249,7465.40
2025-11-23 07:30:00,13.256,13.304,13.249,13.302,2183.69
2025-11-23 07:45:00,13.297,13.314,13.285,13.296,2315.78
2025-11-23 08:00:00,13.299,13.319,13.284,13.284,4336.22
2025-11-23 08:15:00,13.285,13.296,13.274,13.285,2859.90
2025-11-23 08:30:00,13.287,13.292,13.273,13.274,1469.53
2025-11-23 08:45:00,13.273,13.336,13.273,13.333,10332.00
2025-11-23 09:00:00,13.331,13.338,13.319,13.323,3703.63
2025-11-23 09:15:00,13.324,13.339,13.319,13.328,4018.09
2025-11-23 09:30:00,13.33,13.372,13.321,13.367,1561.82
2025-11-23 09:45:00,13.361,13.364,13.322,13.322,772.13
2025-11-23 10:00:00,13.322,13.324,13.281,13.307,2507.29
2025-11-23 10:15:00,13.306,13.308,13.276,13.28,1577.91
2025-11-23 10:30:00,13.273,13.311,13.272,13.31,1601.92
2025-11-23 10:45:00,13.309,13.312,13.281,13.283,3586.87
2025-11-23 11:00:00,13.284,13.284,13.239,13.245,1681.60
2025-11-23 11:15:00,13.249,13.274,13.228,13.259,903.76
2025-11-23 11:30:00,13.26,13.299,13.26,13.291,876.27
2025-11-23 11:45:00,13.294,13.308,13.276,13.291,1220.44
2025-11-23 12:00:00,13.29,13.335,13.285,13.331,2150.17
2025-11-23 12:15:00,13.332,13.372,13.329,13.372,2627.39
2025-11-23 12:30:00,13.371,13.378,13.321,13.339,2863.29
2025-11-23 12:45:00,13.341,13.341,13.306,13.319,2027.42
2025-11-23 13:00:00,13.323,13.355,13.297,13.302,15330.60
2025-11-23 13:15:00,13.305,13.335,13.303,13.332,2088.67
2025-11-23 13:30:00,13.333,13.337,13.314,13.333,2294.98
2025-11-23 13:45:00,13.334,13.359,13.323,13.357,1813.82
2025-11-23 14:00:00,13.359,13.423,13.338,13.346,2825.07
2025-11-23 14:15:00,13.343,13.358,13.321,13.324,15376.39
2025-11-23 14:30:00,13.322,13.333,13.301,13.314,2664.62
2025-11-23 14:45:00,13.31,13.329,13.275,13.284,12432.92
2025-11-23 15:00:00,13.287,13.323,13.268,13.319,2592.13
2025-11-23 15:15:00,13.319,13.347,13.306,13.313,2239.97
2025-11-23 15:30:00,13.316,13.399,13.304,13.388,5152.32
2025-11-23 15:45:00,13.389,13.43,13.376,13.415,18455.40
2025-11-23 16:00:00,13.415,13.439,13.375,13.381,9243.22
2025-11-23 16:15:00,13.38,13.38,13.335,13.349,2281.93
2025-11-23 16:30:00,13.344,13.411,13.342,13.407,1463.09
2025-11-23 16:45:00,13.411,13.411,13.325,13.325,2493.27
2025-11-23 17:00:00,13.33,13.344,13.295,13.316,4000.55
2025-11-23 17:15:00,13.31,13.339,13.272,13.337,4101.48
2025-11-23 17:30:00,13.336,13.343,13.304,13.335,2650.71
2025-11-23 17:45:00,13.335,13.335,13.276,13.291,19573.92
2025-11-23 18:00:00,13.294,13.33,13.293,13.314,1854.06
2025-11-23 18:15:00,13.31,13.365,13.31,13.341,5491.12
2025-11-23 18:30:00,13.338,13.386,13.338,13.361,5073.04
2025-11-23 18:45:00,13.36,13.36,13.327,13.34,5675.99
2025-11-23 19:00:00,13.34,13.365,13.334,13.362,1361.24
2025-11-23 19:15:00,13.362,13.404,13.362,13.403,3794.65
2025-11-23 19:30:00,13.387,13.42,13.385,13.413,3350.97
2025-11-23 19:45:00,13.413,13.417,13.374,13.376,1619.47
2025-11-23 20:00:00,13.378,13.392,13.362,13.388,5365.54
2025-11-23 20:15:00,13.387,13.404,13.371,13.397,1452.52
2025-11-23 20:30:00,13.397,13.401,13.369,13.396,1562.67
2025-11-23 20:45:00,13.393,13.403,13.377,13.384,433.67
2025-11-23 21:00:00,13.381,13.386,13.34,13.356,2139.68
2025-11-23 21:15:00,13.351,13.405,13.351,13.402,1219.51
2025-11-23 21:30:00,13.402,13.414,13.384,13.408,1656.66
2025-11-23 21:45:00,13.391,13.464,13.391,13.455,5063.77
2025-11-23 22:00:00,13.458,13.461,13.377,13.385,2078.67
2025-11-23 22:15:00,13.382,13.432,13.375,13.425,833.10
2025-11-23 22:30:00,13.415,13.415,13.383,13.387,6786.29
2025-11-23 22:45:00,13.399,13.415,13.396,13.413,1857.70
2025-11-23 23:00:00,13.415,13.424,13.316,13.321,2003.63
2025-11-23 23:15:00,13.327,13.33,13.274,13.305,1842.19
2025-11-23 23:30:00,13.296,13.311,13.281,13.296,989.17
2025-11-23 23:45:00,13.293,13.3,13.273,13.273,1686.49
2025-11-24 00:00:00,13.272,13.273,13.17,13.187,19899.59
2025-11-24 00:15:00,13.186,13.249,13.154,13.227,15352.78
2025-11-24 00:30:00,13.231,13.257,13.206,13.232,13166.12
2025-11-24 00:45:00,13.23,13.283,13.217,13.226,772.69
2025-11-24 01:00:00,13.22,13.245,13.207,13.217,4715.02
2025-11-24 01:15:00,13.217,13.232,13.2,13.225,2781.01
2025-11-24 01:30:00,13.223,13.224,13.181,13.191,3449.25
2025-11-24 01:45:00,13.193,13.289,13.184,13.284,6294.14
2025-11-24 02:00:00,13.287,13.448,13.28,13.437,7052.89
2025-11-24 02:15:00,13.432,13.503,13.421,13.433,2422.02
2025-11-24 02:30:00,13.44,13.452,13.373,13.39,7895.47
2025-11-24 02:45:00,13.39,13.41,13.361,13.409,976.41
2025-11-24 03:00:00,13.412,13.424,13.379,13.384,1245.02
2025-11-24 03:15:00,13.387,13.49,13.386,13.47,675.55
2025-11-24 03:30:00,13.476,13.495,13.446,13.456,884.85
2025-11-24 03:45:00,13.471,13.472,13.446,13.463,1136.53
2025-11-24 04:00:00,13.462,13.484,13.452,13.459,551.76
2025-11-24 04:15:00,13.434,13.434,13.296,13.326,7862.40
2025-11-24 04:30:00,13.322,13.38,13.322,13.38,982.51
2025-11-24 04:45:00,13.376,13.38,13.337,13.343,2963.22
2025-11-24 05:00:00,13.34,13.514,13.333,13.509,2359.15
2025-11-24 05:15:00,13.52,13.599,13.504,13.576,6624.88
2025-11-24 05:30:00,13.579,13.58,13.515,13.526,2021.84
2025-11-24 05:45:00,13.531,13.534,13.496,13.515,1093.63
2025-11-24 06:00:00,13.515,13.52,13.406,13.418,1893.25
2025-11-24 06:15:00,13.43,13.472,13.429,13.455,318.25
2025-11-24 06:30:00,13.453,13.468,13.424,13.443,922.47
2025-11-24 06:45:00,13.443,13.5,13.413,13.5,3004.92
2025-11-24 07:00:00,13.494,13.494,13.435,13.456,3245.81
2025-11-24 07:15:00,13.463,13.482,13.436,13.452,1605.87
2025-11-24 07:30:00,13.445,13.508,13.445,13.5,2579.83
2025-11-24 07:45:00,13.499,13.503,13.445,13.455,1308.14
2025-11-24 08:00:00,13.447,13.456,13.409,13.456,2959.80
2025-11-24 08:15:00,13.455,13.468,13.426,13.427,3335.90
2025-11-24 08:30:00,13.426,13.434,13.415,13.428,814.15
2025-11-24 08:45:00,13.427,13.459,13.411,13.45,28383.55
2025-11-24 09:00:00,13.448,13.45,13.369,13.386,21622.60
2025-11-24 09:15:00,13.379,13.38,13.275,13.294,3565.23
2025-11-24 09:30:00,13.293,13.34,13.292,13.305,2214.27
2025-11-24 09:45:00,13.299,13.327,13.293,13.312,769.80
2025-11-24 10:00:00,13.313,13.37,13.302,13.306,2361.81
2025-11-24 10:15:00,13.308,13.323,13.306,13.314,3552.03
2025-11-24 10:30:00,13.313,13.338,13.283,13.307,1575.71
2025-11-24 10:45:00,13.305,13.328,13.301,13.319,1525.28
2025-11-24 11:00:00,13.321,13.349,13.292,13.349,895.99
2025-11-24 11:15:00,13.356,13.372,13.349,13.363,434.55
2025-11-24 11:30:00,13.373,13.404,13.37,13.401,29083.59
2025-11-24 11:45:00,13.414,13.415,13.392,13.402,765.89
2025-11-24 12:00:00,13.394,13.394,13.344,13.344,1272.21
2025-11-24 12:15:00,13.346,13.368,13.344,13.368,590.29
2025-11-24 12:30:00,13.38,13.38,13.327,13.329,2822.91
2025-11-24 12:45:00,13.325,13.35,13.306,13.326,1592.41
2025-11-24 13:00:00,13.328,13.409,13.322,13.385,1896.26
2025-11-24 13:15:00,13.382,13.406,13.371,13.406,1720.04
2025-11-24 13:30:00,13.395,13.439,13.387,13.439,1715.12
2025-11-24 13:45:00,13.437,13.443,13.391,13.394,3188.61
2025-11-24 14:00:00,13.392,13.392,13.353,13.368,2016.75
2025-11-24 14:15:00,13.366,13.373,13.333,13.333,1146.76
2025-11-24 14:30:00,13.334,13.515,13.313,13.336,12075.69
2025-11-24 14:45:00,13.328,13.426,13.264,13.426,6733.19
2025-11-24 15:00:00,13.442,13.474,13.403,13.444,10283.39
2025-11-24 15:15:00,13.45,13.458,13.378,13.417,966.92
2025-11-24 15:30:00,13.401,13.546,13.396,13.542,10022.85
2025-11-24 15:45:00,13.54,13.583,13.491,13.509,13500.31
2025-11-24 16:00:00,13.512,13.585,13.512,13.535,5681.15
2025-11-24 16:15:00,13.545,13.616,13.542,13.582,5133.58
2025-11-24 16:30:00,13.595,13.638,13.57,13.624,2022.96
2025-11-24 16:45:00,13.611,13.661,13.577,13.596,5226.80
2025-11-24 17:00:00,13.596,13.615,13.573,13.573,9628.13
2025-11-24 17:15:00,13.572,13.77,13.567,13.758,15345.37
2025-11-24 17:30:00,13.759,13.846,13.749,13.819,6760.89
2025-11-24 17:45:00,13.817,13.913,13.81,13.898,5695.34
2025-11-24 18:00:00,13.899,13.93,13.853,13.906,9552.59
2025-11-24 18:15:00,13.899,13.91,13.871,13.885,4389.71
2025-11-24 18:30:00,13.871,13.941,13.86,13.918,8142.46
2025-11-24 18:45:00,13.927,13.97,13.921,13.932,1899.22
2025-11-24 19:00:00,13.936,14.0,13.925,13.94,10060.79
2025-11-24 19:15:00,13.937,13.959,13.904,13.937,4709.37
2025-11-24 19:30:00,13.938,13.945,13.889,13.904,5701.71
2025-11-24 19:45:00,13.906,13.926,13.887,13.916,2006.71
2025-11-24 20:00:00,13.92,14.003,13.903,13.975,3153.26
2025-11-24 20:15:00,13.977,14.006,13.966,14.003,2489.72
2025-11-24 20:30:00,14.006,14.044,13.996,14.018,1131.51
2025-11-24 20:45:00,14.035,14.044,14.001,14.008,445.48
2025-11-24 21:00:00,14.001,14.002,13.973,13.995,6858.82
2025-11-24 21:15:00,13.994,13.994,13.974,13.983,1235.46
2025-11-24 21:30:00,13.99,14.004,13.934,13.934,1237.59
2025-11-24 21:45:00,13.924,13.925,13.897,13.917,1030.04
2025-11-24 22:00:00,13.91,13.967,13.907,13.924,879.98
2025-11-24 22:15:00,13.934,13.934,13.892,13.907,2095.43
2025-11-24 22:30:00,13.916,13.928,13.908,13.908,842.83
2025-11-24 22:45:00,13.907,13.921,13.891,13.92,101.19
2025-11-24 23:00:00,13.926,13.934,13.896,13.922,1140.32
2025-11-24 23:15:00,13.92,13.935,13.916,13.926,1026.93
2025-11-24 23:30:00,13.928,13.928,13.904,13.921,948.67
2025-11-24 23:45:00,13.92,13.92,13.888,13.894,3896.96
2025-11-25 00:00:00,13.894,13.934,13.877,13.893,3086.64
2025-11-25 00:15:00,13.888,13.907,13.88,13.89,1153.86
2025-11-25 00:30:00,13.888,13.94,13.882,13.918,716.14
2025-11-25 00:45:00,13.916,13.944,13.896,13.902,700.54
2025-11-25 01:00:00,13.906,13.934,13.89,13.927,814.40
2025-11-25 01:15:00,13.924,13.931,13.899,13.906,591.64
2025-11-25 01:30:00,13.9,13.916,13.885,13.898,1268.68
2025-11-25 01:45:00,13.899,13.903,13.867,13.87,1030.44
2025-11-25 02:00:00,13.871,13.901,13.839,13.877,2906.33
2025-11-25 02:15:00,13.876,13.888,13.863,13.872,1567.27
2025-11-25 02:30:00,13.865,13.912,13.863,13.91,1204.73
2025-11-25 02:45:00,13.902,13.94,13.902,13.93,1052.21
2025-11-25 03:00:00,13.929,13.946,13.896,13.901,675.08
2025-11-25 03:15:00,13.902,13.926,13.89,13.926,877.26
2025-11-25 03:30:00,13.925,13.925,13.874,13.884,1081.44
2025-11-25 03:45:00,13.884,13.903,13.873,13.903,685.75
2025-11-25 04:00:00,13.898,13.929,13.895,13.924,1831.45
2025-11-25 04:15:00,13.924,13.924,13.868,13.895,1274.71
2025-11-25 04:30:00,13.898,13.926,13.895,13.901,741.54
2025-11-25 04:45:00,13.9,13.941,13.9,13.923,215.84
2025-11-25 05:00:00,13.919,13.926,13.894,13.901,1045.42
2025-11-25 05:15:00,13.901,13.922,13.883,13.898,2611.86
2025-11-25 05:30:00,13.895,13.926,13.895,13.926,1488.83
2025-11-25 05:45:00,13.92,13.925,13.907,13.913,554.35
2025-11-25 06:00:00,13.912,13.913,13.896,13.899,806.99
2025-11-25 06:15:00,13.901,13.914,13.884,13.888,1340.61
2025-11-25 06:30:00,13.887,13.903,13.878,13.887,248.49
2025-11-25 06:45:00,13.893,13.934,13.824,13.929,8825.84
2025-11-25 07:00:00,13.937,13.94,13.89,13.918,5450.66
2025-11-25 07:15:00,13.908,13.912,13.881,13.895,888.89
2025-11-25 07:30:00,13.899,13.909,13.876,13.882,1389.75
2025-11-25 07:45:00,13.883,13.89,13.866,13.879,1618.82
2025-11-25 08:00:00,13.882,13.912,13.88,13.894,2468.65
2025-11-25 08:15:00,13.894,13.934,13.894,13.923,949.09
2025-11-25 08:30:00,13.921,13.925,13.885,13.903,2272.56
2025-11-25 08:45:00,13.904,13.908,13.851,13.867,4294.74
2025-11-25 09:00:00,13.875,13.885,13.86,13.868,4604.87
2025-11-25 09:15:00,13.87,13.881,13.789,13.791,8802.85
2025-11-25 09:30:00,13.793,13.84,13.772,13.84,4361.25
2025-11-25 09:45:00,13.838,13.934,13.827,13.911,23252.58
2025-11-25 10:00:00,13.916,13.933,13.877,13.888,12902.45
2025-11-25 10:15:00,13.89,13.928,13.867,13.918,4986.08
2025-11-25 10:30:00,13.912,13.937,13.901,13.921,7652.61
2025-11-25 10:45:00,13.92,13.934,13.905,13.919,6913.13
2025-11-25 11:00:00,13.918,13.921,13.889,13.906,8934.03
2025-11-25 11:15:00,13.906,13.911,13.874,13.901,2843.85
2025-11-25 11:30:00,13.901,13.917,13.89,13.904,3010.59
2025-11-25 11:45:00,13.902,13.902,13.884,13.898,308.36
2025-11-25 12:00:00,13.903,13.936,13.889,13.931,1705.37
2025-11-25 12:15:00,13.914,13.938,13.892,13.923,2734.90
2025-11-25 12:30:00,13.923,13.937,13.897,13.922,520.19
2025-11-25 12:45:00,13.918,13.926,13.897,13.926,794.13
2025-11-25 13:00:00,13.919,13.923,13.898,13.916,1878.85
2025-11-25 13:15:00,13.917,13.929,13.903,13.919,3310.81
2025-11-25 13:30:00,13.926,13.93,13.859,13.863,9205.27
2025-11-25 13:45:00,13.866,13.904,13.863,13.887,10315.94
2025-11-25 14:00:00,13.887,13.926,13.876,13.899,7633.18
2025-11-25 14:15:00,13.898,13.939,13.898,13.929,40720.09
2025-11-25 14:30:00,13.93,13.94,13.81,13.829,7905.27
2025-11-25 14:45:00,13.827,13.827,13.696,13.816,6415.68
2025-11-25 15:00:00,13.793,13.839,13.715,13.782,4134.93
2025-11-25 15:15:00,13.784,13.813,13.755,13.813,1523.53
2025-11-25 15:30:00,13.809,13.91,13.809,13.91,8487.77
2025-11-25 15:45:00,13.92,13.943,13.885,13.909,1517.21
2025-11-25 16:00:00,13.912,13.926,13.896,13.909,2419.65
2025-11-25 16:15:00,13.906,13.996,13.906,13.949,5545.80
2025-11-25 16:30:00,13.971,13.971,13.912,13.932,1590.74
2025-11-25 16:45:00,13.926,13.95,13.916,13.95,1895.07
2025-11-25 17:00:00,13.956,13.987,13.93,13.97,3222.85
2025-11-25 17:15:00,13.972,13.972,13.924,13.939,2035.38
2025-11-25 17:30:00,13.936,13.968,13.917,13.944,5821.29
2025-11-25 17:45:00,13.944,13.964,13.925,13.932,1127.29
2025-11-25 18:00:00,13.932,13.969,13.929,13.963,1197.87
2025-11-25 18:15:00,13.964,13.975,13.952,13.966,1703.62
2025-11-25 18:30:00,13.968,13.975,13.951,13.955,1225.52
2025-11-25 18:45:00,13.955,13.977,13.938,13.938,1671.69
2025-11-25 19:00:00,13.946,13.957,13.899,13.939,5276.36
2025-11-25 19:15:00,13.942,13.942,13.897,13.921,32088.83
2025-11-25 19:30:00,13.919,13.959,13.914,13.948,650.69
2025-11-25 19:45:00,13.945,13.998,13.941,13.998,518.95
2025-11-25 20:00:00,14.004,14.028,13.982,14.008,3146.57
2025-11-25 20:15:00,14.006,14.111,13.998,14.055,5683.23
2025-11-25 20:30:00,14.048,14.114,14.048,14.113,793.72
2025-11-25 20:45:00,14.111,14.111,14.086,14.093,1020.25
2025-11-25 21:00:00,14.087,14.092,14.058,14.065,3728.14
2025-11-25 21:15:00,14.067,14.13,14.066,14.127,1717.28
2025-11-25 21:30:00,14.128,14.141,14.075,14.085,3134.86
2025-11-25 21:45:00,14.083,14.094,14.033,14.046,3102.67
2025-11-25 22:00:00,14.041,14.043,13.988,14.0,2066.72
2025-11-25 22:15:00,14.005,14.062,14.005,14.056,3737.68
2025-11-25 22:30:00,14.06,14.101,14.049,14.083,594.11
2025-11-25 22:45:00,14.083,14.153,14.067,14.129,2258.99
2025-11-25 23:00:00,14.127,14.309,14.118,14.303,13080.12
2025-11-25 23:15:00,14.288,14.374,14.287,14.296,4454.33
2025-11-25 23:30:00,14.297,14.297,14.221,14.231,3828.66
2025-11-25 23:45:00,14.23,14.23,14.152,14.176,5143.84
2025-11-26 00:00:00,14.186,14.219,14.186,14.2,8140.61
2025-11-26 00:15:00,14.2,14.292,14.195,14.275,2218.14
2025-11-26 00:30:00,14.276,14.279,14.222,14.257,8936.49
2025-11-26 00:45:00,14.271,14.313,14.27,14.296,1905.69
2025-11-26 01:00:00,14.296,14.336,14.211,14.228,3362.08
2025-11-26 01:15:00,14.223,14.234,14.171,14.187,957.13
2025-11-26 01:30:00,14.184,14.275,14.177,14.259,370.29
2025-11-26 01:45:00,14.259,14.259,14.192,14.231,1041.28
2025-11-26 02:00:00,14.23,14.238,14.213,14.233,2483.75
2025-11-26 02:15:00,14.23,14.247,14.167,14.183,2262.23
2025-11-26 02:30:00,14.182,14.192,14.154,14.172,1065.38
2025-11-26 02:45:00,14.173,14.173,14.13,14.137,1449.58
2025-11-26 03:00:00,14.132,14.136,14.112,14.13,1589.92
2025-11-26 03:15:00,14.132,14.156,14.117,14.138,1430.43
2025-11-26 03:30:00,14.137,14.137,14.036,14.04,2158.33
2025-11-26 03:45:00,14.035,14.054,14.015,14.028,2344.66
2025-11-26 04:00:00,14.028,14.032,14.007,14.022,4192.38
2025-11-26 04:15:00,14.022,14.049,14.009,14.032,2723.35
2025-11-26 04:30:00,14.032,14.038,14.014,14.017,2810.26
2025-11-26 04:45:00,14.017,14.027,14.003,14.004,1534.28
2025-11-26 05:00:00,14.003,14.028,13.992,14.003,2381.41
2025-11-26 05:15:00,14.003,14.052,13.997,14.006,2774.01
2025-11-26 05:30:00,14.006,14.049,14.006,14.041,2115.28
2025-11-26 05:45:00,14.04,14.053,14.016,14.02,1742.76
2025-11-26 06:00:00,14.02,14.048,14.016,14.034,2341.26
2025-11-26 06:15:00,14.03,14.03,13.999,14.005,1547.63
2025-11-26 06:30:00,14.005,14.052,14.003,14.046,1693.61
2025-11-26 06:45:00,14.046,14.082,14.025,14.059,2363.48
2025-11-26 07:00:00,14.059,14.066,14.032,14.058,2091.17
2025-11-26 07:15:00,14.058,14.079,14.041,14.054,1898.64
2025-11-26 07:30:00,14.054,14.064,14.025,14.038,1346.26
2025-11-26 07:45:00,14.038,14.087,14.03,14.087,2054.62
2025-11-26 08:00:00,14.085,14.089,14.058,14.058,2636.03
2025-11-26 08:15:00,14.06,14.07,14.027,14.028,1601.38
2025-11-26 08:30:00,14.032,14.041,14.013,14.029,2107.59
2025-11-26 08:45:00,14.028,14.042,13.994,13.998,1380.85
2025-11-26 09:00:00,13.998,14.009,13.963,13.981,4714.18
2025-11-26 09:15:00,13.981,14.006,13.968,13.984,3678.83
2025-11-26 09:30:00,13.981,14.014,13.979,13.997,4062.21
2025-11-26 09:45:00,13.996,14.001,13.982,13.997,3760.80
2025-11-26 10:00:00,13.997,14.036,13.995,14.008,1491.28
2025-11-26 10:15:00,14.007,14.009,13.981,14.001,2928.75
2025-11-26 10:30:00,14.0,14.01,13.979,14.008,1689.69
2025-11-26 10:45:00,14.008,14.023,13.996,14.016,10530.19
2025-11-26 11:00:00,14.017,14.066,13.998,14.006,6057.12
2025-11-26 11:15:00,14.007,14.009,13.985,13.986,882.60
2025-11-26 11:30:00,13.985,14.008,13.982,14.0,1335.58
2025-11-26 11:45:00,13.999,14.018,13.982,13.997,1819.72
2025-11-26 12:00:00,13.997,14.008,13.938,13.96,4970.58
2025-11-26 12:15:00,13.953,13.965,13.906,13.927,1978.27
2025-11-26 12:30:00,13.928,13.95,13.915,13.949,1445.61
2025-11-26 12:45:00,13.938,13.946,13.924,13.924,749.95
2025-11-26 13:00:00,13.922,13.96,13.918,13.947,1570.93
2025-11-26 13:15:00,13.942,13.967,13.937,13.953,1264.29
2025-11-26 13:30:00,13.952,13.993,13.925,13.966,5357.60
2025-11-26 13:45:00,13.966,13.987,13.943,13.967,3802.97
2025-11-26 14:00:00,13.967,13.97,13.924,13.958,3786.45
2025-11-26 14:15:00,13.954,13.962,13.929,13.946,2666.63
2025-11-26 14:30:00,13.946,13.99,13.912,13.942,10400.05
2025-11-26 14:45:00,13.952,13.993,13.904,13.932,6221.39
2025-11-26 15:00:00,13.932,13.961,13.918,13.922,3700.70
2025-11-26 15:15:00,13.927,13.968,13.919,13.968,2152.30
2025-11-26 15:30:00,13.957,13.968,13.923,13.923,3508.88
2025-11-26 15:45:00,13.918,13.955,13.912,13.955,1661.87
2025-11-26 16:00:00,13.958,14.043,13.948,14.039,11421.01
2025-11-26 16:15:00,14.037,14.131,14.037,14.096,12859.10
2025-11-26 16:30:00,14.095,14.134,14.084,14.093,4458.56
2025-11-26 16:45:00,14.089,14.119,14.084,14.107,2429.77
2025-11-26 17:00:00,14.103,14.114,14.089,14.096,1526.75
2025-11-26 17:15:00,14.094,14.25,14.089,14.238,14033.30
2025-11-26 17:30:00,14.237,14.391,14.208,14.386,15602.19
2025-11-26 17:45:00,14.392,14.455,14.367,14.404,7879.88
2025-11-26 18:00:00,14.4,14.51,14.394,14.508,13929.26
2025-11-26 18:15:00,14.506,14.572,14.504,14.534,7702.21
2025-11-26 18:30:00,14.537,14.582,14.482,14.519,11834.82
2025-11-26 18:45:00,14.518,14.586,14.497,14.586,3305.25
2025-11-26 19:00:00,14.587,14.608,14.515,14.518,6919.34
2025-11-26 19:15:00,14.519,14.564,14.478,14.5,2775.19
2025-11-26 19:30:00,14.501,14.551,14.497,14.537,34322.37
2025-11-26 19:45:00,14.535,14.554,14.51,14.545,21470.81
2025-11-26 20:00:00,14.545,14.621,14.512,14.602,22629.15
2025-11-26 20:15:00,14.604,14.672,14.597,14.657,14895.29
2025-11-26 20:30:00,14.651,14.68,14.624,14.636,4489.04
2025-11-26 20:45:00,14.645,14.676,14.643,14.661,3255.26
2025-11-26 21:00:00,14.662,14.675,14.635,14.654,2365.59
2025-11-26 21:15:00,14.657,14.685,14.639,14.678,1664.84
2025-11-26 21:30:00,14.67,14.687,14.656,14.672,2147.88
2025-11-26 21:45:00,14.673,14.75,14.652,14.666,5186.10
2025-11-26 22:00:00,14.67,14.712,14.637,14.687,2673.00
2025-11-26 22:15:00,14.677,14.735,14.67,14.684,1879.84
2025-11-26 22:30:00,14.687,14.698,14.666,14.666,571.22
2025-11-26 22:45:00,14.668,14.711,14.668,14.702,1440.87
2025-11-26 23:00:00,14.703,14.842,14.703,14.837,5446.49
2025-11-26 23:15:00,14.832,14.849,14.814,14.838,2921.56
2025-11-26 23:30:00,14.841,14.907,14.818,14.892,4018.53
2025-11-26 23:45:00,14.893,14.952,14.892,14.952,2482.66
2025-11-27 00:00:00,14.956,14.998,14.895,14.955,10710.28
2025-11-27 00:15:00,14.955,14.992,14.933,14.969,10816.06
2025-11-27 00:30:00,14.961,14.961,14.897,14.928,28579.77
2025-11-27 00:45:00,14.93,14.998,14.912,14.933,82069.42
2025-11-27 01:00:00,14.932,14.979,14.904,14.959,82599.20
2025-11-27 01:15:00,14.957,14.957,14.914,14.935,47746.55
2025-11-27 01:30:00,14.934,14.962,14.918,14.923,55198.21
2025-11-27 01:45:00,14.933,14.998,14.921,14.969,11781.56
2025-11-27 02:00:00,14.969,14.969,14.915,14.925,64624.23
2025-11-27 02:15:00,14.933,15.007,14.911,14.973,6391.62
2025-11-27 02:30:00,14.971,14.982,14.917,14.924,62393.96
2025-11-27 02:45:00,14.933,14.939,14.892,14.915,90128.03
2025-11-27 03:00:00,14.915,14.951,14.9,14.908,122669.44
2025-11-27 03:15:00,14.908,14.922,14.898,14.915,85404.18
2025-11-27 03:30:00,14.911,14.92,14.898,14.905,102456.55
2025-11-27 03:45:00,14.905,14.91,14.895,14.9,68691.66
2025-11-27 04:00:00,14.9,14.935,14.896,14.934,117943.75
2025-11-27 04:15:00,14.935,14.935,14.888,14.893,71859.38
2025-11-27 04:30:00,14.892,14.895,14.891,14.895,115703.98
2025-11-27 04:45:00,14.895,14.895,14.884,14.892,56586.86
2025-11-27 05:00:00,14.893,14.908,14.88,14.88,111471.28
2025-11-27 05:15:00,14.88,14.927,14.88,14.911,41399.72
2025-11-27 05:30:00,14.91,14.936,14.882,14.89,62052.07
2025-11-27 05:45:00,14.889,14.91,14.85,14.909,113946.56
2025-11-27 06:00:00,14.918,14.941,14.889,14.926,7917.84
2025-11-27 06:15:00,14.93,14.956,14.922,14.934,17107.79
2025-11-27 06:30:00,14.934,14.956,14.902,14.912,16934.38
2025-11-27 06:45:00,14.912,14.921,14.898,14.915,16112.71
2025-11-27 07:00:00,14.92,14.931,14.898,14.91,19926.40
2025-11-27 07:15:00,14.91,14.944,14.897,14.94,8048.31
2025-11-27 07:30:00,14.938,14.954,14.925,14.935,2942.16
2025-11-27 07:45:00,14.936,14.953,14.926,14.938,11707.46
2025-11-27 08:00:00,14.937,14.938,14.872,14.886,162420.79
2025-11-27 08:15:00,14.889,14.917,14.849,14.917,45944.82
2025-11-27 08:30:00,14.916,14.934,14.899,14.925,12108.94
2025-11-27 08:45:00,14.925,14.934,14.925,14.933,20762.08
2025-11-27 09:00:00,14.933,14.933,14.91,14.918,11779.32
2025-11-27 09:15:00,14.92,14.953,14.92,14.934,20616.68
2025-11-27 09:30:00,14.94,14.961,14.934,14.934,7366.80
2025-11-27 09:45:00,14.934,14.941,14.911,14.915,22925.32
2025-11-27 10:00:00,14.911,14.923,14.903,14.916,3331.07
2025-11-27 10:15:00,14.923,14.937,14.921,14.933,1456.41
2025-11-27 10:30:00,14.923,14.945,14.907,14.943,2214.25
2025-11-27 10:45:00,14.943,14.956,14.943,14.951,1396.07
2025-11-27 11:00:00,14.947,14.953,14.926,14.935,3562.48
2025-11-27 11:15:00,14.935,14.939,14.91,14.915,682.09
2025-11-27 11:30:00,14.918,14.937,14.909,14.935,2842.59
2025-11-27 11:45:00,14.931,14.938,14.919,14.922,12861.24
2025-11-27 12:00:00,14.921,14.942,14.897,14.94,52204.72
2025-11-27 12:15:00,14.938,14.938,14.9,14.931,4578.09
2025-11-27 12:30:00,14.932,14.938,14.917,14.922,3259.56
2025-11-27 12:45:00,14.917,14.93,14.905,14.926,1387.51
2025-11-27 13:00:00,14.925,14.969,14.894,14.945,43848.49
2025-11-27 13:15:00,14.947,14.953,14.913,14.944,5515.59
2025-11-27 13:30:00,14.94,14.952,14.924,14.943,30998.57
2025-11-27 13:45:00,14.95,14.963,14.936,14.952,4845.63
2025-11-27 14:00:00,14.947,14.953,14.931,14.944,2328.50
2025-11-27 14:15:00,14.939,14.958,14.919,14.955,1667.99
2025-11-27 14:30:00,14.955,14.956,14.9,14.936,3558.63
2025-11-27 14:45:00,14.938,14.942,14.917,14.938,5123.40
2025-11-27 15:00:00,14.938,14.957,14.916,14.931,3959.49
2025-11-27 15:15:00,14.931,14.964,14.931,14.939,1603.91
2025-11-27 15:30:00,14.939,14.953,14.918,14.931,8703.42
2025-11-27 15:45:00,14.931,14.96,14.93,14.952,8434.88
2025-11-27 16:00:00,14.954,15.062,14.937,15.061,7894.02
2025-11-27 16:15:00,15.061,15.15,15.05,15.108,7885.72
2025-11-27 16:30:00,15.114,15.122,15.086,15.092,2652.94
2025-11-27 16:45:00,15.089,15.124,15.082,15.107,11112.20
2025-11-27 17:00:00,15.107,15.14,15.1,15.118,14103.74
2025-11-27 17:15:00,15.118,15.145,15.11,15.12,33622.78
2025-11-27 17:30:00,15.118,15.12,15.084,15.092,7043.12
2025-11-27 17:45:00,15.093,15.114,15.084,15.1,10422.54
2025-11-27 18:00:00,15.101,15.106,15.084,15.091,2750.41
2025-11-27 18:15:00,15.091,15.106,15.082,15.096,3390.34
2025-11-27 18:30:00,15.096,15.119,15.082,15.098,3340.41
2025-11-27 18:45:00,15.094,15.148,15.094,15.148,17542.69
2025-11-27 19:00:00,15.142,15.144,15.112,15.113,9690.62
2025-11-27 19:15:00,15.112,15.112,15.095,15.099,1927.41
2025-11-27 19:30:00,15.099,15.099,15.03,15.049,4771.69
2025-11-27 19:45:00,15.047,15.05,14.996,15.023,8847.14
2025-11-27 20:00:00,15.023,15.042,15.007,15.037,2257.20
2025-11-27 20:15:00,15.034,15.037,15.0,15.005,2086.10
2025-11-27 20:30:00,15.008,15.039,15.003,15.023,1791.24
2025-11-27 20:45:00,15.023,15.039,15.021,15.026,579.77
2025-11-27 21:00:00,15.025,15.029,15.004,15.027,1773.27
2025-11-27 21:15:00,15.026,15.059,15.026,15.059,990.35
2025-11-27 21:30:00,15.058,15.059,15.041,15.045,2523.75
2025-11-27 21:45:00,15.046,15.053,15.023,15.033,6133.88
2025-11-27 22:00:00,15.032,15.055,15.025,15.045,789.17
2025-11-27 22:15:00,15.045,15.051,15.029,15.042,1716.03
2025-11-27 22:30:00,15.044,15.046,14.972,14.98,1727.01
2025-11-27 22:45:00,14.987,15.042,14.976,15.022,1836.91
2025-11-27 23:00:00,15.022,15.037,15.003,15.022,1803.65
2025-11-27 23:15:00,15.035,15.042,15.0,15.005,2818.07
2025-11-27 23:30:00,15.005,15.022,14.992,15.022,1045.15
2025-11-27 23:45:00,15.022,15.03,15.003,15.006,2190.99
2025-11-28 00:00:00,15.012,15.036,15.006,15.011,4618.81
2025-11-28 00:15:00,15.012,15.048,15.003,15.036,2725.96
2025-11-28 00:30:00,15.035,15.047,15.007,15.007,1220.12
2025-11-28 00:45:00,15.007,15.028,15.005,15.027,1670.12
2025-11-28 01:00:00,15.027,15.035,15.0,15.012,2904.64
2025-11-28 01:15:00,15.002,15.027,15.002,15.008,5154.53
2025-11-28 01:30:00,15.009,15.022,14.998,15.011,4220.06
2025-11-28 01:45:00,15.021,15.021,14.997,15.004,884.27
2025-11-28 02:00:00,15.002,15.035,14.993,15.035,1668.98
2025-11-28 02:15:00,15.039,15.053,14.999,15.003,15176.15
2025-11-28 02:30:00,15.005,15.021,14.999,15.017,11475.54
2025-11-28 02:45:00,15.018,15.055,15.016,15.032,6018.16
2025-11-28 03:00:00,15.032,15.039,15.008,15.022,2694.87
2025-11-28 03:15:00,15.017,15.02,15.007,15.009,7614.70
2025-11-28 03:30:00,15.009,15.036,15.005,15.019,383.17
2025-11-28 03:45:00,15.029,15.04,15.029,15.035,815.32
2025-11-28 04:00:00,15.036,15.048,15.018,15.039,853.43
2025-11-28 04:15:00,15.039,15.046,15.019,15.029,624.95
2025-11-28 04:30:00,15.03,15.051,15.008,15.015,594.59
2025-11-28 04:45:00,15.012,15.027,15.005,15.005,1142.78
2025-11-28 05:00:00,15.01,15.077,14.998,15.04,1986.43
2025-11-28 05:15:00,15.045,15.051,15.03,15.043,489.17
2025-11-28 05:30:00,15.043,15.044,15.018,15.019,218.83
2025-11-28 05:45:00,15.019,15.042,15.019,15.032,1723.12
2025-11-28 06:00:00,15.031,15.031,15.005,15.005,116.73
2025-11-28 06:15:00,15.005,15.014,15.001,15.004,425.34
2025-11-28 06:30:00,15.009,15.033,14.988,15.033,3310.45
2025-11-28 06:45:00,15.03,15.043,15.024,15.035,852.01
2025-11-28 07:00:00,15.035,15.046,15.034,15.045,643.37
2025-11-28 07:15:00,15.045,15.045,15.024,15.034,1416.35
2025-11-28 07:30:00,15.034,15.038,15.007,15.009,1065.88
2025-11-28 07:45:00,15.013,15.013,14.997,14.997,2229.89
2025-11-28 08:00:00,15.003,15.052,15.002,15.046,3396.58
2025-11-28 08:15:00,15.045,15.071,15.035,15.036,4280.49
2025-11-28 08:30:00,15.036,15.047,15.017,15.022,1247.91
2025-11-28 08:45:00,15.024,15.112,15.022,15.076,44075.70
2025-11-28 09:00:00,15.078,15.085,15.051,15.059,7171.69
2025-11-28 09:15:00,15.053,15.059,15.039,15.045,15170.54
2025-11-28 09:30:00,15.046,15.046,15.02,15.039,3173.05
2025-11-28 09:45:00,15.041,15.041,15.027,15.04,4140.63
2025-11-28 10:00:00,15.038,15.038,15.02,15.025,4863.90
2025-11-28 10:15:00,15.025,15.025,15.004,15.015,5151.10
2025-11-28 10:30:00,15.015,15.04,15.012,15.035,4238.86
2025-11-28 10:45:00,15.037,15.05,15.026,15.044,1922.48
2025-11-28 11:00:00,15.044,15.044,14.913,14.919,6273.51
2025-11-28 11:15:00,14.923,15.025,14.766,14.996,32226.40
2025-11-28 11:30:00,14.995,15.011,14.981,15.006,6231.55
2025-11-28 11:45:00,15.004,15.02,14.991,15.013,1894.81
2025-11-28 12:00:00,15.012,15.045,15.009,15.023,2781.29
2025-11-28 12:15:00,15.019,15.026,14.992,15.0,703.73
2025-11-28 12:30:00,14.999,15.039,14.994,15.029,27989.34
2025-11-28 12:45:00,15.021,15.026,15.001,15.002,1197.37
2025-11-28 13:00:00,15.001,15.022,14.987,15.022,1027.89
2025-11-28 13:15:00,15.026,15.034,15.015,15.034,800.18
2025-11-28 13:30:00,15.032,15.066,15.02,15.028,2522.01
2025-11-28 13:45:00,15.033,15.096,15.033,15.063,6232.66
2025-11-28 14:00:00,15.063,15.089,15.055,15.06,4434.46
2025-11-28 14:15:00,15.063,15.167,15.057,15.142,4762.60
2025-11-28 14:30:00,15.144,15.16,15.05,15.057,8537.16
2025-11-28 14:45:00,15.057,15.1,15.042,15.096,1340.78
2025-11-28 15:00:00,15.103,15.113,15.065,15.087,4666.01
2025-11-28 15:15:00,15.092,15.214,15.085,15.195,5838.81
2025-11-28 15:30:00,15.198,15.261,15.186,15.192,19575.59
2025-11-28 15:45:00,15.193,15.193,15.069,15.087,6882.71
2025-11-28 16:00:00,15.093,15.093,14.972,14.982,16683.00
2025-11-28 16:15:00,14.982,15.003,14.837,14.853,13284.97
2025-11-28 16:30:00,14.847,14.894,14.826,14.854,7290.30
2025-11-28 16:45:00,14.855,14.877,14.811,14.819,14726.35
2025-11-28 17:00:00,14.834,14.865,14.816,14.829,3289.41
2025-11-28 17:15:00,14.817,14.852,14.795,14.83,15175.20
2025-11-28 17:30:00,14.827,14.842,14.812,14.833,4507.47
2025-11-28 17:45:00,14.84,14.87,14.82,14.82,3510.31
2025-11-28 18:00:00,14.839,14.886,14.812,14.864,6089.14
2025-11-28 18:15:00,14.864,14.865,14.823,14.831,2230.77
2025-11-28 18:30:00,14.833,14.856,14.826,14.846,2566.63
2025-11-28 18:45:00,14.845,14.854,14.833,14.849,3065.52
2025-11-28 19:00:00,14.853,14.872,14.837,14.871,2496.62
2025-11-28 19:15:00,14.861,14.874,14.845,14.845,3452.14
2025-11-28 19:30:00,14.841,14.873,14.835,14.842,1032.20
2025-11-28 19:45:00,14.841,14.872,14.835,14.869,2266.12
2025-11-28 20:00:00,14.867,14.867,14.822,14.843,1351.68
2025-11-28 20:15:00,14.84,14.87,14.834,14.862,1469.58
2025-11-28 20:30:00,14.862,14.874,14.84,14.84,1898.81
2025-11-28 20:45:00,14.84,14.867,14.836,14.861,676.60
2025-11-28 21:00:00,14.855,14.865,14.844,14.846,856.12
2025-11-28 21:15:00,14.844,14.844,14.783,14.839,2081.73
2025-11-28 21:30:00,14.838,14.846,14.825,14.843,1443.90
2025-11-28 21:45:00,14.842,14.842,14.821,14.822,1633.42
2025-11-28 22:00:00,14.822,14.873,14.815,14.844,3160.61
2025-11-28 22:15:00,14.84,14.854,14.815,14.838,6006.72
2025-11-28 22:30:00,14.839,14.868,14.839,14.856,1205.82
2025-11-28 22:45:00,14.858,14.876,14.843,14.843,2215.72
2025-11-28 23:00:00,14.844,14.866,14.835,14.839,6887.18
2025-11-28 23:15:00,14.841,14.845,14.836,14.841,2925.65
2025-11-28 23:30:00,14.841,14.856,14.835,14.835,5354.49
2025-11-28 23:45:00,14.838,14.852,14.831,14.836,3297.35
2025-11-29 00:00:00,14.836,14.859,14.832,14.858,4793.38
2025-11-29 00:15:00,14.858,14.863,14.847,14.851,2690.94
2025-11-29 00:30:00,14.856,14.858,14.841,14.846,1617.05
2025-11-29 00:45:00,14.846,14.869,14.846,14.869,1052.92
2025-11-29 01:00:00,14.867,14.875,14.862,14.873,1585.91
2025-11-29 01:15:00,14.867,14.868,14.841,14.844,518.35
2025-11-29 01:30:00,14.845,14.847,14.834,14.845,314.15
2025-11-29 01:45:00,14.844,14.847,14.84,14.84,634.71
2025-11-29 02:00:00,14.841,14.846,14.838,14.844,1908.51
2025-11-29 02:15:00,14.844,14.847,14.833,14.833,1033.39
2025-11-29 02:30:00,14.829,14.852,14.812,14.835,732.26
2025-11-29 02:45:00,14.833,14.862,14.832,14.862,524.42
2025-11-29 03:00:00,14.863,14.872,14.853,14.858,3822.14
2025-11-29 03:15:00,14.858,14.863,14.837,14.837,7361.51
2025-11-29 03:30:00,14.839,14.852,14.821,14.847,676.09
2025-11-29 03:45:00,14.847,14.849,14.84,14.842,562.82
2025-11-29 04:00:00,14.842,14.852,14.836,14.844,728.58
2025-11-29 04:15:00,14.844,14.861,14.841,14.861,537.37
2025-11-29 04:30:00,14.861,14.866,14.857,14.863,498.13
2025-11-29 04:45:00,14.863,14.901,14.863,14.893,782.49
2025-11-29 05:00:00,14.885,14.889,14.84,14.842,6076.90
2025-11-29 05:15:00,14.84,14.844,14.833,14.841,299.13
2025-11-29 05:30:00,14.841,14.858,14.834,14.841,1132.80
2025-11-29 05:45:00,14.841,14.842,14.831,14.838,716.44
2025-11-29 06:00:00,14.843,14.864,14.84,14.863,481.31
2025-11-29 06:15:00,14.863,14.865,14.797,14.824,1198.29
2025-11-29 06:30:00,14.822,14.825,14.767,14.789,2017.78
2025-11-29 06:45:00,14.789,14.792,14.772,14.772,729.22
2025-11-29 07:00:00,14.77,14.777,14.701,14.722,10083.45
2025-11-29 07:15:00,14.722,14.742,14.707,14.707,3072.80
2025-11-29 07:30:00,14.708,14.717,14.657,14.671,5887.70
2025-11-29 07:45:00,14.669,14.678,14.655,14.666,1981.02
2025-11-29 08:00:00,14.667,14.688,14.628,14.688,3766.82
2025-11-29 08:15:00,14.688,14.707,14.68,14.68,4031.81
2025-11-29 08:30:00,14.681,14.7,14.674,14.692,3578.44
2025-11-29 08:45:00,14.695,14.709,14.695,14.707,3838.30
2025-11-29 09:00:00,14.716,14.737,14.711,14.722,1468.79
2025-11-29 09:15:00,14.724,14.724,14.7,14.715,2416.91
2025-11-29 09:30:00,14.716,14.716,14.701,14.707,1136.49
2025-11-29 09:45:00,14.713,14.751,14.713,14.751,1108.76
2025-11-29 10:00:00,14.752,14.776,14.75,14.757,1378.90
2025-11-29 10:15:00,14.763,14.795,14.718,14.793,2321.53
2025-11-29 10:30:00,14.793,14.822,14.788,14.812,1046.16
2025-11-29 10:45:00,14.812,14.845,14.812,14.838,1324.81
2025-11-29 11:00:00,14.839,14.847,14.813,14.835,1500.85
2025-11-29 11:15:00,14.832,14.845,14.829,14.843,1752.55
2025-11-29 11:30:00,14.842,14.882,14.838,14.877,968.44
2025-11-29 11:45:00,14.871,14.882,14.865,14.87,735.72
2025-11-29 12:00:00,14.868,14.876,14.853,14.863,2722.02
2025-11-29 12:15:00,14.854,14.861,14.843,14.848,862.82
2025-11-29 12:30:00,14.85,14.858,14.846,14.858,618.81
2025-11-29 12:45:00,14.86,14.868,14.842,14.842,572.04
2025-11-29 13:00:00,14.842,14.869,14.839,14.856,1331.40
2025-11-29 13:15:00,14.855,14.868,14.843,14.868,1454.80
2025-11-29 13:30:00,14.87,14.874,14.839,14.853,1664.77
2025-11-29 13:45:00,14.855,14.859,14.835,14.836,1422.03
2025-11-29 14:00:00,14.837,14.839,14.771,14.774,1840.82
2025-11-29 14:15:00,14.776,14.781,14.756,14.778,893.76
2025-11-29 14:30:00,14.78,14.788,14.755,14.767,1192.35
2025-11-29 14:45:00,14.766,14.775,14.74,14.74,1593.09
2025-11-29 15:00:00,14.739,14.759,14.739,14.759,1206.90
2025-11-29 15:15:00,14.76,14.837,14.76,14.805,10538.55
2025-11-29 15:30:00,14.805,14.815,14.793,14.8,187.38
2025-11-29 15:45:00,14.803,14.847,14.803,14.847,8917.29
2025-11-29 16:00:00,14.852,14.856,14.817,14.819,5499.16
2025-11-29 16:15:00,14.818,14.844,14.782,14.782,1482.26
2025-11-29 16:30:00,14.783,14.806,14.775,14.804,2983.90
2025-11-29 16:45:00,14.8,14.814,14.786,14.802,512.78
2025-11-29 17:00:00,14.806,14.815,14.745,14.756,2047.66
2025-11-29 17:15:00,14.756,14.767,14.746,14.75,832.43
2025-11-29 17:30:00,14.751,14.751,14.677,14.719,9347.46
2025-11-29 17:45:00,14.718,14.725,14.663,14.676,915.43
2025-11-29 18:00:00,14.672,14.678,14.555,14.576,11552.40
2025-11-29 18:15:00,14.582,14.592,14.468,14.476,18317.05
2025-11-29 18:30:00,14.469,14.563,14.451,14.541,3290.71
2025-11-29 18:45:00,14.519,14.525,14.5,14.512,1066.21
2025-11-29 19:00:00,14.511,14.511,14.471,14.502,1929.86
2025-11-29 19:15:00,14.491,14.492,14.467,14.485,1178.87
2025-11-29 19:30:00,14.484,14.486,14.354,14.412,4769.28
2025-11-29 19:45:00,14.407,14.454,14.401,14.425,583.74
2025-11-29 20:00:00,14.443,14.443,14.275,14.285,3722.73
2025-11-29 20:15:00,14.298,14.31,14.262,14.264,10234.50
2025-11-29 20:30:00,14.268,14.329,14.253,14.306,2387.27
2025-11-29 20:45:00,14.316,14.364,14.301,14.354,328.21
2025-11-29 21:00:00,14.35,14.35,14.31,14.334,3851.55
2025-11-29 21:15:00,14.32,14.377,14.292,14.369,14567.46
2025-11-29 21:30:00,14.357,14.357,14.318,14.318,1056.55
2025-11-29 21:45:00,14.32,14.347,14.314,14.347,287.16
2025-11-29 22:00:00,14.338,14.357,14.301,14.301,581.96
2025-11-29 22:15:00,14.307,14.316,14.272,14.314,2969.18
2025-11-29 22:30:00,14.311,14.392,14.305,14.372,591.65
2025-11-29 22:45:00,14.377,14.383,14.362,14.366,644.98
2025-11-29 23:00:00,14.363,14.372,14.313,14.313,2549.18
2025-11-29 23:15:00,14.303,14.303,14.261,14.261,6638.41
2025-11-29 23:30:00,14.264,14.273,14.17,14.24,10579.56
2025-11-29 23:45:00,14.235,14.256,14.219,14.239,25209.10
2025-11-30 00:00:00,14.239,14.26,14.233,14.255,4602.90
2025-11-30 00:15:00,14.25,14.255,14.224,14.231,661.39
2025-11-30 00:30:00,14.232,14.235,14.193,14.216,828.45
2025-11-30 00:45:00,14.213,14.22,14.206,14.206,169.99
2025-11-30 01:00:00,14.208,14.313,14.203,14.292,4366.21
2025-11-30 01:15:00,14.295,14.31,14.257,14.274,121.92
2025-11-30 01:30:00,14.275,14.281,14.267,14.267,151.17
2025-11-30 01:45:00,14.268,14.28,14.265,14.272,1581.31
2025-11-30 02:00:00,14.279,14.321,14.279,14.295,628.13
2025-11-30 02:15:00,14.288,14.288,14.266,14.27,369.05
2025-11-30 02:30:00,14.27,14.275,14.233,14.233,1863.37
2025-11-30 02:45:00,14.226,14.24,14.222,14.232,369.07
2025-11-30 03:00:00,14.236,14.248,14.156,14.164,3090.33
2025-11-30 03:15:00,14.167,14.19,14.125,14.149,3152.40
2025-11-30 03:30:00,14.152,14.19,14.144,14.19,429.98
2025-11-30 03:45:00,14.204,14.213,14.189,14.2,278.65
2025-11-30 04:00:00,14.209,14.211,14.182,14.197,1454.61
2025-11-30 04:15:00,14.197,14.2,14.16,14.16,1512.42
2025-11-30 04:30:00,14.157,14.157,14.138,14.139,274.15
2025-11-30 04:45:00,14.135,14.15,14.128,14.15,696.69
2025-11-30 05:00:00,14.147,14.147,14.085,14.105,5661.64
2025-11-30 05:15:00,14.096,14.109,14.038,14.057,2144.12
2025-11-30 05:30:00,14.056,14.065,14.023,14.038,2330.93
2025-11-30 05:45:00,14.029,14.056,14.018,14.026,6244.99
2025-11-30 06:00:00,14.026,14.038,13.988,13.988,1213.75
2025-11-30 06:15:00,13.986,14.024,13.972,14.015,5622.59
2025-11-30 06:30:00,14.022,14.055,14.003,14.004,1389.16
2025-11-30 06:45:00,14.003,14.083,13.986,14.077,4929.57
2025-11-30 07:00:00,14.08,14.111,14.061,14.107,4326.25
2025-11-30 07:15:00,14.105,14.115,14.071,14.104,2147.07
2025-11-30 07:30:00,14.102,14.129,14.102,14.116,1179.14
2025-11-30 07:45:00,14.112,14.14,14.103,14.127,2411.52
2025-11-30 08:00:00,14.128,14.128,14.084,14.103,2326.88
2025-11-30 08:15:00,14.101,14.138,14.065,14.081,2753.46
2025-11-30 08:30:00,14.074,14.118,14.037,14.115,2630.83
2025-11-30 08:45:00,14.115,14.177,14.099,14.16,2887.32
2025-11-30 09:00:00,14.165,14.212,14.153,14.191,7395.79
2025-11-30 09:15:00,14.187,14.206,14.153,14.172,12189.28
2025-11-30 09:30:00,14.162,14.162,14.141,14.148,2014.34
2025-11-30 09:45:00,14.152,14.158,14.122,14.133,2896.82
2025-11-30 10:00:00,14.133,14.138,14.084,14.085,3327.72
2025-11-30 10:15:00,14.086,14.124,14.068,14.123,4436.61
2025-11-30 10:30:00,14.123,14.123,14.098,14.113,753.85
2025-11-30 10:45:00,14.11,14.113,14.074,14.077,1797.74
2025-11-30 11:00:00,14.082,14.111,14.07,14.086,3704.19
2025-11-30 11:15:00,14.086,14.087,14.034,14.058,988.04
2025-11-30 11:30:00,14.06,14.074,14.058,14.062,2006.07
2025-11-30 11:45:00,14.063,14.072,14.048,14.058,810.26
2025-11-30 12:00:00,14.052,14.119,14.038,14.119,3291.44
2025-11-30 12:15:00,14.116,14.154,14.116,14.149,2974.09
2025-11-30 12:30:00,14.144,14.183,14.118,14.182,6922.80
2025-11-30 12:45:00,14.182,14.21,14.16,14.174,3970.81
2025-11-30 13:00:00,14.174,14.21,14.173,14.203,4204.89
2025-11-30 13:15:00,14.203,14.292,14.201,14.276,7146.31
2025-11-30 13:30:00,14.275,14.287,14.249,14.256,5208.82
2025-11-30 13:45:00,14.253,14.275,14.226,14.256,7156.44
2025-11-30 14:00:00,14.265,14.268,14.241,14.25,5024.46
2025-11-30 14:15:00,14.253,14.255,14.206,14.211,6798.17
2025-11-30 14:30:00,14.212,14.226,14.1,14.107,11257.18
2025-11-30 14:45:00,14.11,14.148,14.099,14.148,6957.84
2025-11-30 15:00:00,14.147,14.149,14.076,14.12,16801.90
2025-11-30 15:15:00,14.117,14.184,14.113,14.174,2927.34
2025-11-30 15:30:00,14.173,14.177,14.135,14.144,2610.64
2025-11-30 15:45:00,14.139,14.158,14.134,14.157,1063.33
2025-11-30 16:00:00,14.162,14.202,14.159,14.202,4601.99
2025-11-30 16:15:00,14.205,14.267,14.185,14.26,756.74
2025-11-30 16:30:00,14.262,14.262,14.212,14.233,1683.82
2025-11-30 16:45:00,14.237,14.275,14.237,14.254,635.26
2025-11-30 17:00:00,14.256,14.258,14.145,14.145,6629.80
2025-11-30 17:15:00,14.152,14.188,14.142,14.162,5631.52
2025-11-30 17:30:00,14.163,14.221,14.153,14.216,1626.16
2025-11-30 17:45:00,14.216,14.228,14.201,14.206,353.05
2025-11-30 18:00:00,14.206,14.207,14.104,14.104,2338.32
2025-11-30 18:15:00,14.103,14.118,13.986,13.991,6214.78
2025-11-30 18:30:00,13.991,13.991,13.821,13.856,34353.30
2025-11-30 18:45:00,13.85,13.968,13.841,13.947,11414.30
2025-11-30 19:00:00,13.941,13.995,13.937,13.984,3644.22
2025-11-30 19:15:00,13.994,14.006,13.979,13.995,895.77
2025-11-30 19:30:00,13.998,14.0,13.964,13.977,894.78
2025-11-30 19:45:00,13.993,14.017,13.991,13.992,744.42
2025-11-30 20:00:00,13.985,14.019,13.966,13.971,12492.46
2025-11-30 20:15:00,13.973,13.98,13.949,13.96,1288.29
2025-11-30 20:30:00,13.966,13.967,13.935,13.963,2733.94
2025-11-30 20:45:00,13.964,13.982,13.957,13.963,3027.47
2025-11-30 21:00:00,13.964,13.972,13.915,13.918,8958.63
2025-11-30 21:15:00,13.918,13.926,13.857,13.879,3512.88
2025-11-30 21:30:00,13.874,13.879,13.842,13.848,2128.53
2025-11-30 21:45:00,13.847,13.85,13.754,13.817,4692.50
2025-11-30 22:00:00,13.836,13.902,13.812,13.871,2668.50
2025-11-30 22:15:00,13.87,13.898,13.858,13.874,718.92
2025-11-30 22:30:00,13.865,13.9,13.831,13.897,974.78
2025-11-30 22:45:00,13.885,13.92,13.846,13.92,1083.40
2025-11-30 23:00:00,13.91,13.91,13.833,13.858,1113.59
2025-11-30 23:15:00,13.86,13.882,13.822,13.825,1915.16
2025-11-30 23:30:00,13.824,13.824,13.776,13.815,6994.03
2025-11-30 23:45:00,13.827,13.836,13.659,13.701,5677.49
2025-12-01 00:00:00,13.702,13.722,13.399,13.448,73224.82
2025-12-01 00:15:00,13.448,13.466,13.296,13.348,39073.88
2025-12-01 00:30:00,13.345,13.365,13.205,13.25,17758.28
2025-12-01 00:45:00,13.264,13.271,13.094,13.113,4752.04
2025-12-01 01:00:00,13.11,13.239,13.073,13.173,7214.96
2025-12-01 01:15:00,13.18,13.225,13.116,13.132,2039.96
2025-12-01 01:30:00,13.115,13.144,13.076,13.117,8832.34
2025-12-01 01:45:00,13.126,13.156,13.108,13.108,1392.03
2025-12-01 02:00:00,13.104,13.188,13.084,13.167,2057.54
2025-12-01 02:15:00,13.165,13.171,13.151,13.151,807.77
2025-12-01 02:30:00,13.134,13.168,13.089,13.158,1987.71
2025-12-01 02:45:00,13.158,13.158,13.107,13.119,4796.40
2025-12-01 03:00:00,13.119,13.121,13.015,13.034,6141.75
2025-12-01 03:15:00,13.033,13.051,12.977,12.991,2338.98
2025-12-01 03:30:00,12.983,12.989,12.937,12.98,1580.94
2025-12-01 03:45:00,12.992,13.003,12.947,12.947,2507.61
2025-12-01 04:00:00,12.95,12.956,12.91,12.938,4922.64
2025-12-01 04:15:00,12.916,12.935,12.865,12.874,5560.70
2025-12-01 04:30:00,12.875,12.975,12.875,12.945,19986.79
2025-12-01 04:45:00,12.948,12.95,12.909,12.909,2283.71
2025-12-01 05:00:00,12.917,12.956,12.915,12.936,1047.72
2025-12-01 05:15:00,12.92,12.94,12.906,12.934,3769.92
2025-12-01 05:30:00,12.932,12.932,12.881,12.895,2973.90
2025-12-01 05:45:00,12.894,12.923,12.893,12.899,449.94
2025-12-01 06:00:00,12.901,12.949,12.9,12.949,1963.27
2025-12-01 06:15:00,12.94,12.949,12.927,12.937,1619.72
2025-12-01 06:30:00,12.944,12.997,12.928,12.997,460.48
2025-12-01 06:45:00,12.997,13.014,12.945,12.945,3196.44
2025-12-01 07:00:00,12.947,12.978,12.94,12.978,1450.27
2025-12-01 07:15:00,12.975,13.022,12.974,13.006,1726.13
2025-12-01 07:30:00,13.002,13.049,12.985,13.04,5562.46
2025-12-01 07:45:00,13.038,13.082,13.038,13.064,1180.03
2025-12-01 08:00:00,13.065,13.075,13.019,13.043,3659.58
2025-12-01 08:15:00,13.033,13.033,13.006,13.02,4806.36
2025-12-01 08:30:00,13.019,13.044,12.998,13.044,13440.93
2025-12-01 08:45:00,13.033,13.056,13.031,13.056,1200.07
2025-12-01 09:00:00,13.052,13.096,13.039,13.042,2695.51
2025-12-01 09:15:00,13.048,13.063,13.023,13.042,1889.31
2025-12-01 09:30:00,13.035,13.039,13.015,13.023,472.01
2025-12-01 09:45:00,13.019,13.024,12.976,12.998,2355.64
2025-12-01 10:00:00,12.998,13.018,12.996,13.0,2359.26
2025-12-01 10:15:00,12.994,13.0,12.971,12.974,204.90
2025-12-01 10:30:00,12.973,13.001,12.963,12.968,1410.75
2025-12-01 10:45:00,12.973,12.975,12.96,12.972,233.75
2025-12-01 11:00:00,12.973,12.994,12.936,12.951,3182.63
2025-12-01 11:15:00,12.952,13.006,12.952,12.987,1915.44
2025-12-01 11:30:00,12.98,12.98,12.945,12.947,894.86
2025-12-01 11:45:00,12.945,12.967,12.93,12.938,4927.41
2025-12-01 12:00:00,12.933,12.936,12.889,12.903,6771.65
2025-12-01 12:15:00,12.906,12.922,12.897,12.901,3060.49
2025-12-01 12:30:00,12.902,12.906,12.845,12.859,6564.72
2025-12-01 12:45:00,12.861,12.941,12.761,12.912,9685.37
2025-12-01 13:00:00,12.901,12.964,12.773,12.807,9971.84
2025-12-01 13:15:00,12.817,12.829,12.78,12.795,2444.73
2025-12-01 13:30:00,12.792,12.799,12.742,12.774,6401.14
2025-12-01 13:45:00,12.768,12.818,12.76,12.81,3194.28
2025-12-01 14:00:00,12.811,12.863,12.799,12.842,9912.12
2025-12-01 14:15:00,12.842,12.845,12.795,12.837,14461.73
2025-12-01 14:30:00,12.83,12.947,12.799,12.855,17183.58
2025-12-01 14:45:00,12.857,12.903,12.842,12.864,7032.59
2025-12-01 15:00:00,12.864,12.876,12.789,12.79,7217.87
2025-12-01 15:15:00,12.791,12.831,12.751,12.765,4481.37
2025-12-01 15:30:00,12.766,12.766,12.65,12.65,28739.80
2025-12-01 15:45:00,12.649,12.756,12.609,12.691,16642.78
2025-12-01 16:00:00,12.693,12.703,12.569,12.598,9435.09
2025-12-01 16:15:00,12.593,12.604,12.546,12.569,5580.14
2025-12-01 16:30:00,12.575,12.714,12.572,12.704,10195.13
2025-12-01 16:45:00,12.696,12.714,12.61,12.615,1925.91
2025-12-01 17:00:00,12.619,12.702,12.614,12.634,6501.27
2025-12-01 17:15:00,12.634,12.702,12.608,12.701,4576.51
2025-12-01 17:30:00,12.677,12.695,12.618,12.695,1810.04
2025-12-01 17:45:00,12.71,12.733,12.68,12.682,1800.16
2025-12-01 18:00:00,12.688,12.754,12.675,12.754,6367.72
2025-12-01 18:15:00,12.747,12.763,12.687,12.689,5115.34
2025-12-01 18:30:00,12.698,12.7,12.615,12.618,1840.73
2025-12-01 18:45:00,12.625,12.722,12.623,12.708,14113.42
2025-12-01 19:00:00,12.706,12.706,12.631,12.677,4729.87
2025-12-01 19:15:00,12.68,12.696,12.631,12.643,8042.80
2025-12-01 19:30:00,12.636,12.675,12.613,12.63,8989.65
2025-12-01 19:45:00,12.635,12.657,12.613,12.613,1117.47
2025-12-01 20:00:00,12.607,12.747,12.604,12.687,7192.85
2025-12-01 20:15:00,12.687,12.687,12.598,12.598,2214.82
2025-12-01 20:30:00,12.598,12.667,12.586,12.667,3208.11
2025-12-01 20:45:00,12.672,12.673,12.627,12.639,1249.25
2025-12-01 21:00:00,12.64,12.711,12.632,12.679,3475.42
2025-12-01 21:15:00,12.683,12.786,12.677,12.74,4469.27
2025-12-01 21:30:00,12.743,12.795,12.742,12.794,13119.51
2025-12-01 21:45:00,12.799,12.82,12.751,12.785,3210.22
2025-12-01 22:00:00,12.788,12.842,12.779,12.782,1350.52
2025-12-01 22:15:00,12.796,12.805,12.752,12.762,2191.34
2025-12-01 22:30:00,12.77,12.785,12.748,12.78,1310.05
2025-12-01 22:45:00,12.782,12.822,12.782,12.784,297.14
2025-12-01 23:00:00,12.781,12.823,12.759,12.759,2747.77
2025-12-01 23:15:00,12.765,12.831,12.765,12.829,1829.07
2025-12-01 23:30:00,12.837,12.849,12.795,12.802,2822.56
2025-12-01 23:45:00,12.806,12.806,12.743,12.746,3048.79
2025-12-02 00:00:00,12.744,12.765,12.714,12.738,8514.43
2025-12-02 00:15:00,12.745,12.758,12.701,12.727,3802.04
2025-12-02 00:30:00,12.729,12.77,12.719,12.73,6811.06
2025-12-02 00:45:00,12.734,12.794,12.726,12.782,6082.61
2025-12-02 01:00:00,12.781,12.997,12.764,12.876,17301.52
2025-12-02 01:15:00,12.88,12.886,12.83,12.836,814.45
2025-12-02 01:30:00,12.836,12.876,12.836,12.857,2142.58
2025-12-02 01:45:00,12.86,12.86,12.83,12.839,794.35
2025-12-02 02:00:00,12.838,12.895,12.828,12.893,1530.15
2025-12-02 02:15:00,12.9,12.938,12.898,12.905,478.86
2025-12-02 02:30:00,12.901,12.929,12.872,12.929,274.99
2025-12-02 02:45:00,12.933,12.94,12.908,12.914,222.51
2025-12-02 03:00:00,12.919,12.943,12.884,12.943,1683.11
2025-12-02 03:15:00,12.94,12.94,12.827,12.832,593.66
2025-12-02 03:30:00,12.831,12.938,12.811,12.938,710.01
2025-12-02 03:45:00,12.934,12.954,12.903,12.94,3158.85
2025-12-02 04:00:00,12.942,12.987,12.942,12.955,4358.71
2025-12-02 04:15:00,12.951,12.955,12.908,12.908,6778.53
2025-12-02 04:30:00,12.905,12.937,12.889,12.937,3635.14
2025-12-02 04:45:00,12.936,12.938,12.891,12.891,790.96
2025-12-02 05:00:00,12.908,12.908,12.863,12.872,963.41
2025-12-02 05:15:00,12.868,12.905,12.856,12.9,831.00
2025-12-02 05:30:00,12.901,12.904,12.876,12.904,3944.53
2025-12-02 05:45:00,12.906,12.938,12.899,12.929,6825.04
2025-12-02 06:00:00,12.934,12.943,12.91,12.943,3287.24
2025-12-02 06:15:00,12.937,12.956,12.92,12.927,1873.63
2025-12-02 06:30:00,12.932,12.983,12.927,12.98,15605.24
2025-12-02 06:45:00,12.979,13.007,12.967,12.997,862.49
2025-12-02 07:00:00,12.994,13.003,12.97,12.991,6094.31
2025-12-02 07:15:00,12.982,12.993,12.97,12.975,1214.81
2025-12-02 07:30:00,12.977,13.022,12.961,13.003,1642.30
2025-12-02 07:45:00,13.004,13.031,13.0,13.015,1897.66
2025-12-02 08:00:00,13.021,13.025,12.972,12.996,5535.81
2025-12-02 08:15:00,12.994,12.999,12.888,12.916,83207.88
2025-12-02 08:30:00,12.907,13.04,12.902,12.977,11449.06
2025-12-02 08:45:00,12.995,13.055,12.908,12.913,13915.58
2025-12-02 09:00:00,12.92,13.009,12.897,12.969,4823.98
2025-12-02 09:15:00,12.968,13.001,12.947,13.0,2685.28
2025-12-02 09:30:00,13.001,13.021,12.956,12.968,2593.80
2025-12-02 09:45:00,12.966,12.988,12.955,12.96,5446.38
2025-12-02 10:00:00,12.955,13.019,12.953,13.016,7055.45
2025-12-02 10:15:00,13.016,13.029,13.007,13.024,3051.57
2025-12-02 10:30:00,13.015,13.078,13.014,13.046,6624.91
2025-12-02 10:45:00,13.057,13.114,13.05,13.083,4681.63
2025-12-02 11:00:00,13.084,13.091,12.994,13.001,5715.91
2025-12-02 11:15:00,12.993,13.052,12.965,13.049,17295.53
2025-12-02 11:30:00,13.052,13.053,12.872,12.907,15625.08
2025-12-02 11:45:00,12.916,12.918,12.863,12.896,45722.84
2025-12-02 12:00:00,12.903,12.934,12.899,12.913,17502.92
2025-12-02 12:15:00,12.912,12.928,12.907,12.925,211.04
2025-12-02 12:30:00,12.923,12.93,12.836,12.888,4819.03
2025-12-02 12:45:00,12.886,12.904,12.883,12.901,3064.16
2025-12-02 13:00:00,12.9,12.95,12.883,12.935,8841.41
2025-12-02 13:15:00,12.94,12.993,12.94,12.967,8348.80
2025-12-02 13:30:00,12.967,13.025,12.957,13.008,5203.08
2025-12-02 13:45:00,13.007,13.02,12.99,13.004,13419.99
2025-12-02 14:00:00,13.005,13.099,12.995,13.084,6430.51
2025-12-02 14:15:00,13.085,13.177,13.073,13.133,26146.27
2025-12-02 14:30:00,13.133,13.2,13.107,13.191,7028.97
2025-12-02 14:45:00,13.194,13.265,13.194,13.25,15929.97
2025-12-02 15:00:00,13.256,13.495,13.256,13.452,19946.36
2025-12-02 15:15:00,13.462,13.575,13.444,13.444,23719.56
2025-12-02 15:30:00,13.47,13.699,13.453,13.647,12518.53
2025-12-02 15:45:00,13.645,13.711,13.64,13.672,11559.69
2025-12-02 16:00:00,13.674,13.738,13.657,13.67,8427.83
2025-12-02 16:15:00,13.657,13.677,13.548,13.587,20824.67
2025-12-02 16:30:00,13.59,13.635,13.572,13.576,2037.49
2025-12-02 16:45:00,13.569,13.633,13.565,13.583,7351.78
2025-12-02 17:00:00,13.583,13.609,13.537,13.574,7204.42
2025-12-02 17:15:00,13.574,13.696,13.574,13.684,2587.33
2025-12-02 17:30:00,13.685,13.699,13.655,13.656,1541.97
2025-12-02 17:45:00,13.662,13.665,13.584,13.584,487.78
2025-12-02 18:00:00,13.581,13.652,13.581,13.636,2782.04
2025-12-02 18:15:00,13.653,13.706,13.649,13.662,1947.74
2025-12-02 18:30:00,13.659,13.699,13.653,13.67,949.29
2025-12-02 18:45:00,13.673,13.678,13.636,13.651,756.00
2025-12-02 19:00:00,13.652,13.672,13.647,13.652,2766.71
2025-12-02 19:15:00,13.647,13.647,13.622,13.641,2313.08
2025-12-02 19:30:00,13.64,13.696,13.633,13.661,5391.06
2025-12-02 19:45:00,13.661,13.662,13.628,13.64,352.21
2025-12-02 20:00:00,13.645,13.682,13.624,13.677,3987.73
2025-12-02 20:15:00,13.679,13.679,13.617,13.617,4661.99
2025-12-02 20:30:00,13.612,13.631,13.563,13.6,12591.98
2025-12-02 20:45:00,13.605,13.643,13.594,13.639,896.69
2025-12-02 21:00:00,13.645,13.66,13.609,13.654,799.98
2025-12-02 21:15:00,13.658,13.662,13.616,13.643,2120.20
2025-12-02 21:30:00,13.637,13.657,13.624,13.648,1053.59
2025-12-02 21:45:00,13.644,13.67,13.634,13.655,517.08
2025-12-02 22:00:00,13.654,13.713,13.649,13.694,1405.16
2025-12-02 22:15:00,13.694,13.706,13.674,13.696,198.46
2025-12-02 22:30:00,13.698,13.755,13.684,13.701,1624.23
2025-12-02 22:45:00,13.707,13.727,13.701,13.726,207.78
2025-12-02 23:00:00,13.725,13.725,13.69,13.704,870.39
2025-12-02 23:15:00,13.696,13.707,13.663,13.665,536.04
2025-12-02 23:30:00,13.666,13.671,13.645,13.664,1082.17
2025-12-02 23:45:00,13.665,13.665,13.617,13.617,2782.86
2025-12-03 00:00:00,13.62,13.663,13.619,13.635,3036.44
2025-12-03 00:15:00,13.633,13.644,13.576,13.589,1550.33
2025-12-03 00:30:00,13.576,13.628,13.576,13.628,1083.49
2025-12-03 00:45:00,13.638,13.67,13.626,13.645,4594.68
2025-12-03 01:00:00,13.648,13.687,13.625,13.682,1796.15
2025-12-03 01:15:00,13.678,13.7,13.668,13.698,1169.41
2025-12-03 01:30:00,13.693,13.719,13.692,13.694,1293.65
2025-12-03 01:45:00,13.691,13.752,13.681,13.694,2342.45
2025-12-03 02:00:00,13.697,13.818,13.695,13.818,4921.07
2025-12-03 02:15:00,13.817,13.839,13.786,13.839,2518.71
2025-12-03 02:30:00,13.829,13.83,13.769,13.769,1241.39
2025-12-03 02:45:00,13.763,13.784,13.753,13.784,5909.68
2025-12-03 03:00:00,13.778,13.826,13.771,13.783,919.31
2025-12-03 03:15:00,13.781,13.825,13.773,13.822,4061.22
2025-12-03 03:30:00,13.82,13.825,13.802,13.823,1212.83
2025-12-03 03:45:00,13.815,13.818,13.799,13.818,425.62
2025-12-03 04:00:00,13.808,13.867,13.795,13.843,4199.63
2025-12-03 04:15:00,13.838,13.924,13.837,13.863,3589.33
2025-12-03 04:30:00,13.854,13.874,13.842,13.869,3369.04
2025-12-03 04:45:00,13.868,13.921,13.865,13.906,8854.96
2025-12-03 05:00:00,13.91,13.991,13.907,13.979,7678.99
2025-12-03 05:15:00,13.96,13.977,13.931,13.969,1762.78
2025-12-03 05:30:00,13.97,14.049,13.956,14.029,5965.59
2025-12-03 05:45:00,14.026,14.05,14.026,14.045,1041.53
2025-12-03 06:00:00,14.043,14.192,14.043,14.188,10410.49
2025-12-03 06:15:00,14.186,14.347,14.181,14.226,7861.32
2025-12-03 06:30:00,14.227,14.233,14.134,14.134,1104.68
2025-12-03 06:45:00,14.137,14.137,14.065,14.108,931.39
2025-12-03 07:00:00,14.111,14.133,14.075,14.113,2485.42
2025-12-03 07:15:00,14.116,14.152,14.103,14.12,2439.92
2025-12-03 07:30:00,14.115,14.128,14.098,14.124,2347.98
2025-12-03 07:45:00,14.116,14.136,14.109,14.122,1984.04
2025-12-03 08:00:00,14.119,14.173,14.119,14.168,2777.55
2025-12-03 08:15:00,14.16,14.16,14.072,14.072,483.81
2025-12-03 08:30:00,14.08,14.097,14.047,14.094,4404.38
2025-12-03 08:45:00,14.094,14.147,14.094,14.131,1333.46
2025-12-03 09:00:00,14.148,14.148,14.067,14.099,3513.07
2025-12-03 09:15:00,14.092,14.092,14.054,14.054,1126.55
2025-12-03 09:30:00,14.057,14.057,14.003,14.029,1894.97
2025-12-03 09:45:00,14.042,14.088,14.038,14.088,1035.45
2025-12-03 10:00:00,14.082,14.082,14.045,14.06,2031.53
2025-12-03 10:15:00,14.065,14.116,14.053,14.101,2784.57
2025-12-03 10:30:00,14.1,14.1,14.042,14.056,476.45
2025-12-03 10:45:00,14.053,14.073,14.032,14.032,531.39
2025-12-03 11:00:00,14.033,14.048,14.011,14.014,795.99
2025-12-03 11:15:00,14.019,14.066,14.001,14.066,854.86
2025-12-03 11:30:00,14.054,14.067,14.028,14.028,471.76
2025-12-03 11:45:00,14.038,14.069,14.038,14.059,476.83
2025-12-03 12:00:00,14.062,14.083,14.045,14.059,1640.49
2025-12-03 12:15:00,14.052,14.079,14.046,14.051,622.88
2025-12-03 12:30:00,14.057,14.066,14.038,14.06,204.66
2025-12-03 12:45:00,14.06,14.103,14.043,14.103,1125.64
2025-12-03 13:00:00,14.096,14.185,14.096,14.156,5261.34
2025-12-03 13:15:00,14.153,14.188,14.133,14.166,5057.40
2025-12-03 13:30:00,14.15,14.215,14.145,14.206,9133.48
2025-12-03 13:45:00,14.21,14.22,14.165,14.181,5042.02
2025-12-03 14:00:00,14.181,14.184,13.877,14.01,30163.31
2025-12-03 14:15:00,14.019,14.059,14.004,14.059,6043.51
2025-12-03 14:30:00,14.058,14.28,13.98,14.232,21746.28
2025-12-03 14:45:00,14.234,14.234,14.099,14.114,11979.24
2025-12-03 15:00:00,14.101,14.203,14.101,14.134,4240.85
2025-12-03 15:15:00,14.149,14.161,14.056,14.135,2306.51
2025-12-03 15:30:00,14.133,14.202,14.125,14.157,1450.57
2025-12-03 15:45:00,14.161,14.18,14.144,14.162,1462.85
2025-12-03 16:00:00,14.164,14.19,14.067,14.09,3061.96
2025-12-03 16:15:00,14.089,14.145,14.086,14.143,2213.24
2025-12-03 16:30:00,14.146,14.315,14.146,14.302,6079.74
2025-12-03 16:45:00,14.303,14.33,14.26,14.282,15902.43
2025-12-03 17:00:00,14.276,14.404,14.275,14.394,16356.92
2025-12-03 17:15:00,14.394,14.396,14.288,14.341,8108.52
2025-12-03 17:30:00,14.352,14.426,14.339,14.405,6404.39
2025-12-03 17:45:00,14.394,14.43,14.342,14.386,15878.44
2025-12-03 18:00:00,14.383,14.494,14.383,14.473,2648.73
2025-12-03 18:15:00,14.474,14.493,14.417,14.449,7712.72
2025-12-03 18:30:00,14.451,14.464,14.409,14.452,2241.09
2025-12-03 18:45:00,14.445,14.462,14.341,14.373,2488.94
2025-12-03 19:00:00,14.368,14.414,14.354,14.378,3444.45
2025-12-03 19:15:00,14.379,14.407,14.364,14.405,1310.78
2025-12-03 19:30:00,14.401,14.425,14.373,14.409,1657.55
2025-12-03 19:45:00,14.403,14.492,14.403,14.488,1226.36
2025-12-03 20:00:00,14.492,14.504,14.42,14.431,3083.20
2025-12-03 20:15:00,14.432,14.453,14.409,14.43,392.22
2025-12-03 20:30:00,14.42,14.448,14.411,14.427,469.27
2025-12-03 20:45:00,14.436,14.518,14.42,14.448,3078.15
2025-12-03 21:00:00,14.451,14.526,14.426,14.513,2503.45
2025-12-03 21:15:00,14.508,14.64,14.506,14.636,7138.59
2025-12-03 21:30:00,14.643,14.783,14.643,14.774,14764.42
2025-12-03 21:45:00,14.773,14.909,14.766,14.905,17688.03
2025-12-03 22:00:00,14.899,15.078,14.799,14.878,16844.84
2025-12-03 22:15:00,14.871,14.899,14.792,14.817,3861.42
2025-12-03 22:30:00,14.823,14.87,14.741,14.813,4389.32
2025-12-03 22:45:00,14.819,14.887,14.816,14.849,2677.78
2025-12-03 23:00:00,14.855,14.897,14.845,14.856,3035.40
2025-12-03 23:15:00,14.86,14.896,14.8,14.8,2543.18
2025-12-03 23:30:00,14.794,14.805,14.78,14.805,1614.48
2025-12-03 23:45:00,14.799,14.828,14.761,14.78,3259.03
2025-12-04 00:00:00,14.78,14.869,14.773,14.789,5737.29
2025-12-04 00:15:00,14.785,14.81,14.764,14.774,4995.48
2025-12-04 00:30:00,14.764,14.794,14.719,14.792,4588.05
2025-12-04 00:45:00,14.784,14.822,14.759,14.801,621.85
2025-12-04 01:00:00,14.806,14.852,14.751,14.852,5530.57
2025-12-04 01:15:00,14.858,14.858,14.735,14.755,1218.51
2025-12-04 01:30:00,14.749,14.819,14.743,14.809,2769.52
2025-12-04 01:45:00,14.808,14.808,14.665,14.684,3647.96
2025-12-04 02:00:00,14.707,14.74,14.697,14.73,1281.68
2025-12-04 02:15:00,14.741,14.763,14.71,14.729,3700.35
2025-12-04 02:30:00,14.734,14.739,14.698,14.732,8929.90
2025-12-04 02:45:00,14.733,14.749,14.721,14.737,1885.13
2025-12-04 03:00:00,14.737,14.743,14.692,14.721,1970.59
2025-12-04 03:15:00,14.715,14.742,14.711,14.727,319.80
2025-12-04 03:30:00,14.723,14.728,14.704,14.704,595.89
2025-12-04 03:45:00,14.723,14.731,14.706,14.714,252.87
2025-12-04 04:00:00,14.715,14.729,14.698,14.718,1317.16
2025-12-04 04:15:00,14.717,14.734,14.706,14.716,385.16
2025-12-04 04:30:00,14.708,14.721,14.69,14.721,942.03
2025-12-04 04:45:00,14.72,14.734,14.701,14.725,1590.57
2025-12-04 05:00:00,14.726,14.73,14.698,14.72,1623.54
2025-12-04 05:15:00,14.721,14.745,14.708,14.743,2589.65
2025-12-04 05:30:00,14.736,14.746,14.704,14.706,816.27
2025-12-04 05:45:00,14.708,14.74,14.703,14.737,1510.62
2025-12-04 06:00:00,14.735,14.737,14.706,14.735,735.62
2025-12-04 06:15:00,14.728,14.749,14.716,14.729,1156.12
2025-12-04 06:30:00,14.732,14.75,14.727,14.73,474.78
2025-12-04 06:45:00,14.732,14.736,14.709,14.709,1791.90
2025-12-04 07:00:00,14.706,14.718,14.675,14.714,4783.82
2025-12-04 07:15:00,14.708,14.742,14.703,14.722,2158.66
2025-12-04 07:30:00,14.72,14.745,14.709,14.725,2033.39
2025-12-04 07:45:00,14.725,14.727,14.709,14.712,666.56
2025-12-04 08:00:00,14.712,14.746,14.706,14.715,3979.17
2025-12-04 08:15:00,14.72,14.742,14.72,14.724,912.19
2025-12-04 08:30:00,14.722,14.747,14.713,14.743,1850.32
2025-12-04 08:45:00,14.746,14.746,14.705,14.714,4568.38
2025-12-04 09:00:00,14.718,14.748,14.709,14.723,3484.91
2025-12-04 09:15:00,14.724,14.732,14.714,14.73,5403.35
2025-12-04 09:30:00,14.731,14.784,14.728,14.752,55113.55
2025-12-04 09:45:00,14.752,14.759,14.736,14.738,1651.60
2025-12-04 10:00:00,14.738,14.752,14.721,14.743,2231.66
2025-12-04 10:15:00,14.729,14.737,14.711,14.722,2680.60
2025-12-04 10:30:00,14.718,14.732,14.713,14.727,1103.70
2025-12-04 10:45:00,14.73,14.737,14.716,14.732,671.00
2025-12-04 11:00:00,14.731,14.745,14.696,14.696,6220.92
2025-12-04 11:15:00,14.706,14.734,14.706,14.725,7592.60
2025-12-04 11:30:00,14.725,14.733,14.701,14.725,2439.24
2025-12-04 11:45:00,14.729,14.749,14.726,14.741,1414.71
2025-12-04 12:00:00,14.739,14.752,14.722,14.722,1789.99
2025-12-04 12:15:00,14.724,14.734,14.694,14.718,7300.45
2025-12-04 12:30:00,14.715,14.752,14.712,14.739,3377.17
2025-12-04 12:45:00,14.738,14.741,14.72,14.727,605.32
2025-12-04 13:00:00,14.729,14.745,14.7,14.714,1613.67
2025-12-04 13:15:00,14.713,14.75,14.713,14.727,1680.90
2025-12-04 13:30:00,14.726,14.735,14.711,14.714,1157.06
2025-12-04 13:45:00,14.712,14.725,14.703,14.725,6360.88
2025-12-04 14:00:00,14.722,14.75,14.721,14.744,14541.57
2025-12-04 14:15:00,14.74,14.762,14.736,14.752,7356.35
2025-12-04 14:30:00,14.738,14.744,14.707,14.73,2786.51
2025-12-04 14:45:00,14.734,14.737,14.641,14.648,5528.44
2025-12-04 15:00:00,14.661,14.753,14.661,14.741,7943.59
2025-12-04 15:15:00,14.739,14.744,14.691,14.725,5137.53
2025-12-04 15:30:00,14.725,14.851,14.715,14.781,13820.11
2025-12-04 15:45:00,14.777,14.789,14.717,14.742,6096.85
2025-12-04 16:00:00,14.745,14.756,14.689,14.733,7208.80
2025-12-04 16:15:00,14.733,14.763,14.715,14.733,6730.08
2025-12-04 16:30:00,14.733,14.733,14.703,14.707,4718.51
2025-12-04 16:45:00,14.722,14.736,14.704,14.727,1969.16
2025-12-04 17:00:00,14.721,14.731,14.698,14.717,18652.78
2025-12-04 17:15:00,14.721,14.723,14.703,14.705,4541.74
2025-12-04 17:30:00,14.698,14.698,14.51,14.529,23163.23
2025-12-04 17:45:00,14.535,14.572,14.495,14.565,1363.78
2025-12-04 18:00:00,14.569,14.569,14.51,14.537,3552.75
2025-12-04 18:15:00,14.534,14.543,14.503,14.531,4470.55
2025-12-04 18:30:00,14.523,14.538,14.46,14.466,20632.04
2025-12-04 18:45:00,14.475,14.485,14.452,14.471,41519.05
2025-12-04 19:00:00,14.472,14.476,14.294,14.305,42258.72
2025-12-04 19:15:00,14.312,14.329,14.189,14.29,23311.62
2025-12-04 19:30:00,14.292,14.42,14.282,14.41,8102.21
2025-12-04 19:45:00,14.414,14.458,14.4,14.42,10354.30
2025-12-04 20:00:00,14.416,14.45,14.35,14.399,8884.00
2025-12-04 20:15:00,14.386,14.41,14.367,14.388,2892.44
2025-12-04 20:30:00,14.386,14.441,14.386,14.437,907.72
2025-12-04 20:45:00,14.433,14.489,14.433,14.466,1794.85
2025-12-04 21:00:00,14.467,14.492,14.456,14.463,12426.07
2025-12-04 21:15:00,14.475,14.475,14.441,14.441,118.97
2025-12-04 21:30:00,14.443,14.469,14.434,14.451,1113.50
2025-12-04 21:45:00,14.445,14.45,14.374,14.378,313.45
2025-12-04 22:00:00,14.382,14.442,14.381,14.429,2601.16
2025-12-04 22:15:00,14.426,14.439,14.419,14.427,1024.23
2025-12-04 22:30:00,14.427,14.462,14.427,14.447,917.37
2025-12-04 22:45:00,14.45,14.462,14.437,14.437,293.32
2025-12-04 23:00:00,14.43,14.472,14.412,14.418,1565.19
2025-12-04 23:15:00,14.427,14.427,14.406,14.406,2514.81
2025-12-04 23:30:00,14.407,14.432,14.379,14.382,8047.22
2025-12-04 23:45:00,14.39,14.398,14.374,14.382,3368.38
2025-12-05 00:00:00,14.387,14.426,14.381,14.381,3673.26
2025-12-05 00:15:00,14.381,14.468,14.38,14.432,3825.50
2025-12-05 00:30:00,14.429,14.46,14.428,14.455,2600.84
2025-12-05 00:45:00,14.452,14.47,14.431,14.447,417.65
2025-12-05 01:00:00,14.445,14.465,14.435,14.435,2404.77
2025-12-05 01:15:00,14.438,14.497,14.438,14.478,900.20
2025-12-05 01:30:00,14.462,14.475,14.456,14.461,389.49
2025-12-05 01:45:00,14.463,14.484,14.458,14.46,786.14
2025-12-05 02:00:00,14.463,14.463,14.429,14.448,492.39
2025-12-05 02:15:00,14.46,14.493,14.46,14.486,653.87
2025-12-05 02:30:00,14.492,14.511,14.486,14.5,429.21
2025-12-05 02:45:00,14.491,14.492,14.47,14.478,249.42
2025-12-05 03:00:00,14.481,14.506,14.475,14.49,3398.21
2025-12-05 03:15:00,14.491,14.491,14.457,14.457,3864.67
2025-12-05 03:30:00,14.46,14.467,14.438,14.438,551.19
2025-12-05 03:45:00,14.439,14.462,14.42,14.439,1658.13
2025-12-05 04:00:00,14.436,14.467,14.436,14.463,558.95
2025-12-05 04:15:00,14.455,14.461,14.425,14.429,384.27
2025-12-05 04:30:00,14.423,14.423,14.372,14.372,1347.10
2025-12-05 04:45:00,14.37,14.417,14.357,14.403,401.32
2025-12-05 05:00:00,14.405,14.428,14.394,14.413,692.87
2025-12-05 05:15:00,14.409,14.416,14.358,14.369,284.47
2025-12-05 05:30:00,14.361,14.363,14.345,14.358,1268.51
2025-12-05 05:45:00,14.358,14.358,14.345,14.349,637.79
2025-12-05 06:00:00,14.348,14.4,14.348,14.388,2417.05
2025-12-05 06:15:00,14.379,14.379,14.32,14.357,1480.77
2025-12-05 06:30:00,14.362,14.385,14.348,14.352,483.22
2025-12-05 06:45:00,14.349,14.373,14.339,14.359,754.33
2025-12-05 07:00:00,14.357,14.414,14.335,14.385,2065.85
2025-12-05 07:15:00,14.382,14.405,14.378,14.405,315.10
2025-12-05 07:30:00,14.398,14.405,14.354,14.357,83.29
2025-12-05 07:45:00,14.356,14.369,14.35,14.36,292.44
2025-12-05 08:00:00,14.359,14.359,14.239,14.239,5354.36
2025-12-05 08:15:00,14.245,14.263,14.226,14.257,1496.38
2025-12-05 08:30:00,14.257,14.267,14.158,14.194,1388.54
2025-12-05 08:45:00,14.189,14.203,14.189,14.198,3103.46
2025-12-05 09:00:00,14.197,14.197,14.129,14.135,3152.99
2025-12-05 09:15:00,14.137,14.137,14.008,14.019,5850.55
2025-12-05 09:30:00,14.004,14.017,13.95,13.966,4458.20
2025-12-05 09:45:00,13.968,13.968,13.944,13.951,4767.55
2025-12-05 10:00:00,13.951,14.01,13.933,13.977,1885.74
2025-12-05 10:15:00,13.974,13.982,13.941,13.951,1358.20
2025-12-05 10:30:00,13.949,13.982,13.941,13.974,1027.41
2025-12-05 10:45:00,13.969,13.978,13.944,13.955,516.80
2025-12-05 11:00:00,13.957,13.981,13.921,13.934,4111.54
2025-12-05 11:15:00,13.932,13.932,13.826,13.846,2962.26
2025-12-05 11:30:00,13.84,13.844,13.753,13.785,5138.09
2025-12-05 11:45:00,13.796,13.85,13.787,13.793,3674.71
2025-12-05 12:00:00,13.794,13.794,13.713,13.713,3468.59
2025-12-05 12:15:00,13.716,13.746,13.701,13.722,4306.02
2025-12-05 12:30:00,13.719,13.724,13.68,13.697,5360.36
2025-12-05 12:45:00,13.704,13.742,13.639,13.733,7892.44
2025-12-05 13:00:00,13.722,13.76,13.671,13.717,2747.50
2025-12-05 13:15:00,13.716,13.749,13.693,13.727,863.16
2025-12-05 13:30:00,13.724,13.744,13.635,13.649,4284.46
2025-12-05 13:45:00,13.647,13.742,13.617,13.678,17419.15
2025-12-05 14:00:00,13.676,13.705,13.666,13.677,11424.23
2025-12-05 14:15:00,13.676,13.676,13.626,13.641,7510.06
2025-12-05 14:30:00,13.639,13.694,13.611,13.64,9138.96
2025-12-05 14:45:00,13.64,13.684,13.57,13.613,9253.67
2025-12-05 15:00:00,13.622,13.856,13.62,13.751,55195.90
2025-12-05 15:15:00,13.752,13.752,13.675,13.739,5320.26
2025-12-05 15:30:00,13.753,13.831,13.753,13.768,4517.57
2025-12-05 15:45:00,13.77,13.771,13.633,13.669,5628.61
2025-12-05 16:00:00,13.669,13.669,13.463,13.519,27965.04
2025-12-05 16:15:00,13.519,13.602,13.468,13.556,6458.33
2025-12-05 16:30:00,13.544,13.55,13.3,13.356,29901.98
2025-12-05 16:45:00,13.36,13.48,13.337,13.448,16487.98
2025-12-05 17:00:00,13.435,13.474,13.377,13.382,8843.05
2025-12-05 17:15:00,13.378,13.426,13.333,13.343,5258.42
2025-12-05 17:30:00,13.343,13.386,13.287,13.327,7107.24
2025-12-05 17:45:00,13.327,13.443,13.31,13.41,4580.22
2025-12-05 18:00:00,13.404,13.508,13.378,13.464,7453.77
2025-12-05 18:15:00,13.464,13.476,13.356,13.371,4257.03
2025-12-05 18:30:00,13.367,13.402,13.307,13.312,2781.68
2025-12-05 18:45:00,13.328,13.347,13.247,13.247,14066.10
2025-12-05 19:00:00,13.251,13.311,13.182,13.31,15638.88
2025-12-05 19:15:00,13.311,13.405,13.298,13.38,5041.65
2025-12-05 19:30:00,13.372,13.422,13.361,13.394,4515.14
2025-12-05 19:45:00,13.392,13.444,13.379,13.403,1795.77
2025-12-05 20:00:00,13.406,13.413,13.345,13.382,2361.80
2025-12-05 20:15:00,13.382,13.384,13.353,13.353,4030.80
2025-12-05 20:30:00,13.353,13.353,13.314,13.321,2059.95
2025-12-05 20:45:00,13.313,13.343,13.295,13.326,4377.31
2025-12-05 21:00:00,13.325,13.367,13.318,13.345,629.92
2025-12-05 21:15:00,13.348,13.356,13.32,13.321,1663.97
2025-12-05 21:30:00,13.322,13.347,13.295,13.295,873.32
2025-12-05 21:45:00,13.305,13.311,13.262,13.27,3860.09
2025-12-05 22:00:00,13.278,13.278,13.195,13.211,7388.84
2025-12-05 22:15:00,13.216,13.265,13.216,13.23,3494.95
2025-12-05 22:30:00,13.231,13.258,13.186,13.257,1033.61
2025-12-05 22:45:00,13.259,13.306,13.231,13.231,590.23
2025-12-05 23:00:00,13.237,13.237,13.15,13.183,3239.79
2025-12-05 23:15:00,13.198,13.199,13.106,13.164,9044.54
2025-12-05 23:30:00,13.149,13.234,13.139,13.221,2262.75
2025-12-05 23:45:00,13.222,13.231,13.198,13.198,2254.20
2025-12-06 00:00:00,13.204,13.206,13.159,13.186,3998.59
2025-12-06 00:15:00,13.183,13.183,13.139,13.162,1644.56
2025-12-06 00:30:00,13.157,13.241,13.156,13.241,1318.04
2025-12-06 00:45:00,13.241,13.255,13.215,13.255,11430.05
2025-12-06 01:00:00,13.253,13.291,13.253,13.279,4131.62
2025-12-06 01:15:00,13.282,13.359,13.282,13.331,7176.28
2025-12-06 01:30:00,13.328,13.328,13.298,13.311,6890.18
2025-12-06 01:45:00,13.318,13.381,13.31,13.381,1567.12
2025-12-06 02:00:00,13.374,13.378,13.265,13.267,8446.51
2025-12-06 02:15:00,13.268,13.283,13.244,13.257,459.43
2025-12-06 02:30:00,13.252,13.296,13.244,13.272,1800.09
2025-12-06 02:45:00,13.268,13.288,13.253,13.288,650.33
2025-12-06 03:00:00,13.305,13.359,13.289,13.337,1508.63
2025-12-06 03:15:00,13.347,13.347,13.296,13.31,408.17
2025-12-06 03:30:00,13.306,13.334,13.304,13.332,183.29
2025-12-06 03:45:00,13.332,13.338,13.309,13.31,1632.49
2025-12-06 04:00:00,13.313,13.316,13.271,13.278,2459.16
2025-12-06 04:15:00,13.276,13.278,13.256,13.26,245.70
2025-12-06 04:30:00,13.264,13.275,13.252,13.257,221.43
2025-12-06 04:45:00,13.257,13.294,13.257,13.275,568.97
2025-12-06 05:00:00,13.276,13.303,13.276,13.302,660.56
2025-12-06 05:15:00,13.31,13.31,13.281,13.281,102.92
2025-12-06 05:30:00,13.294,13.294,13.272,13.292,1195.29
2025-12-06 05:45:00,13.29,13.306,13.282,13.299,878.82
2025-12-06 06:00:00,13.295,13.295,13.268,13.273,1338.81
2025-12-06 06:15:00,13.27,13.286,13.255,13.286,1060.44
2025-12-06 06:30:00,13.281,13.282,13.237,13.238,221.24
2025-12-06 06:45:00,13.23,13.246,13.224,13.234,896.22
2025-12-06 07:00:00,13.239,13.253,13.232,13.253,205.53
2025-12-06 07:15:00,13.25,13.262,13.22,13.221,349.85
2025-12-06 07:30:00,13.212,13.239,13.194,13.233,270.85
2025-12-06 07:45:00,13.242,13.248,13.213,13.227,672.87
2025-12-06 08:00:00,13.225,13.225,13.2,13.204,3412.12
2025-12-06 08:15:00,13.203,13.22,13.163,13.163,5947.52
2025-12-06 08:30:00,13.165,13.19,13.157,13.189,5447.48
2025-12-06 08:45:00,13.191,13.193,13.159,13.166,1685.80
2025-12-06 09:00:00,13.164,13.218,13.164,13.218,1875.98
2025-12-06 09:15:00,13.218,13.249,13.207,13.249,5144.85
2025-12-06 09:30:00,13.24,13.272,13.226,13.258,1836.33
2025-12-06 09:45:00,13.263,13.278,13.26,13.269,894.87
2025-12-06 10:00:00,13.262,13.289,13.252,13.283,1990.97
2025-12-06 10:15:00,13.293,13.308,13.272,13.273,1012.78
2025-12-06 10:30:00,13.267,13.277,13.257,13.268,228.64
2025-12-06 10:45:00,13.257,13.257,13.19,13.19,944.64
2025-12-06 11:00:00,13.188,13.208,13.172,13.203,1019.67
2025-12-06 11:15:00,13.201,13.224,13.195,13.209,173.38
2025-12-06 11:30:00,13.205,13.225,13.199,13.224,601.34
2025-12-06 11:45:00,13.214,13.229,13.21,13.213,273.13
2025-12-06 12:00:00,13.213,13.222,13.195,13.203,768.24
2025-12-06 12:15:00,13.201,13.224,13.201,13.204,306.44
2025-12-06 12:30:00,13.205,13.217,13.195,13.204,237.43
2025-12-06 12:45:00,13.206,13.208,13.181,13.181,190.91
2025-12-06 13:00:00,13.18,13.188,13.158,13.183,5707.13
2025-12-06 13:15:00,13.184,13.19,13.166,13.172,9388.90
2025-12-06 13:30:00,13.171,13.215,13.171,13.198,6552.76
2025-12-06 13:45:00,13.193,13.203,13.187,13.187,981.47
2025-12-06 14:00:00,13.187,13.193,13.165,13.191,1461.21
2025-12-06 14:15:00,13.213,13.316,13.213,13.221,3698.22
2025-12-06 14:30:00,13.22,13.267,13.22,13.258,3016.84
2025-12-06 14:45:00,13.269,13.312,13.269,13.299,5723.45
2025-12-06 15:00:00,13.309,13.312,13.274,13.298,6902.03
2025-12-06 15:15:00,13.296,13.296,13.209,13.219,5802.72
2025-12-06 15:30:00,13.236,13.314,13.204,13.314,4432.49
2025-12-06 15:45:00,13.315,13.338,13.306,13.306,2412.48
2025-12-06 16:00:00,13.308,13.422,13.294,13.419,4650.57
2025-12-06 16:15:00,13.403,13.406,13.365,13.389,939.59
2025-12-06 16:30:00,13.394,13.419,13.366,13.386,3370.32
2025-12-06 16:45:00,13.379,13.381,13.339,13.354,2999.62
2025-12-06 17:00:00,13.355,13.399,13.353,13.374,3252.58
2025-12-06 17:15:00,13.378,13.423,13.365,13.42,2669.99
2025-12-06 17:30:00,13.414,13.415,13.329,13.329,1609.13
2025-12-06 17:45:00,13.331,13.366,13.316,13.365,385.92
2025-12-06 18:00:00,13.367,13.405,13.35,13.405,987.44
2025-12-06 18:15:00,13.406,13.468,13.395,13.449,18406.06
2025-12-06 18:30:00,13.437,13.456,13.431,13.442,702.55
2025-12-06 18:45:00,13.434,13.458,13.423,13.423,1086.35
2025-12-06 19:00:00,13.426,13.445,13.314,13.337,18851.33
2025-12-06 19:15:00,13.335,13.36,13.326,13.35,1418.51
2025-12-06 19:30:00,13.354,13.354,13.271,13.293,1624.40
2025-12-06 19:45:00,13.294,13.307,13.288,13.298,1518.40
2025-12-06 20:00:00,13.302,13.326,13.288,13.304,808.66
2025-12-06 20:15:00,13.303,13.344,13.299,13.344,1259.43
2025-12-06 20:30:00,13.331,13.367,13.323,13.367,473.62
2025-12-06 20:45:00,13.365,13.387,13.365,13.384,6482.61
2025-12-06 21:00:00,13.376,13.421,13.355,13.375,4416.58
2025-12-06 21:15:00,13.359,13.39,13.354,13.357,433.22
2025-12-06 21:30:00,13.35,13.454,13.35,13.412,2432.10
2025-12-06 21:45:00,13.414,13.426,13.405,13.418,1012.34
2025-12-06 22:00:00,13.407,13.417,13.359,13.403,8587.10
2025-12-06 22:15:00,13.391,13.431,13.384,13.408,19696.48
2025-12-06 22:30:00,13.397,13.406,13.389,13.397,2803.45
2025-12-06 22:45:00,13.402,13.402,13.36,13.365,745.03
2025-12-06 23:00:00,13.368,13.376,13.33,13.342,2215.65
2025-12-06 23:15:00,13.344,13.35,13.3,13.314,1192.21
2025-12-06 23:30:00,13.313,13.355,13.309,13.351,4486.33
2025-12-06 23:45:00,13.345,13.404,13.341,13.393,4319.51
2025-12-07 00:00:00,13.393,13.445,13.392,13.432,7285.47
2025-12-07 00:15:00,13.437,13.441,13.413,13.425,3897.25
2025-12-07 00:30:00,13.422,13.503,13.42,13.483,4474.27
2025-12-07 00:45:00,13.483,13.492,13.443,13.47,1877.60
2025-12-07 01:00:00,13.468,13.483,13.442,13.483,1829.33
2025-12-07 01:15:00,13.476,13.488,13.456,13.465,1607.84
2025-12-07 01:30:00,13.468,13.484,13.458,13.481,1371.79
2025-12-07 01:45:00,13.479,13.501,13.453,13.453,1889.82
2025-12-07 02:00:00,13.451,13.467,13.447,13.464,1128.70
2025-12-07 02:15:00,13.467,13.495,13.465,13.485,1108.65
2025-12-07 02:30:00,13.476,13.505,13.472,13.505,1256.03
2025-12-07 02:45:00,13.503,13.541,13.498,13.536,9387.30
2025-12-07 03:00:00,13.536,13.536,13.499,13.505,11813.02
2025-12-07 03:15:00,13.503,13.503,13.475,13.478,11705.66
2025-12-07 03:30:00,13.475,13.485,13.442,13.478,2346.02
2025-12-07 03:45:00,13.477,13.491,13.475,13.489,137.90
2025-12-07 04:00:00,13.492,13.506,13.486,13.5,379.97
2025-12-07 04:15:00,13.496,13.497,13.453,13.453,594.00
2025-12-07 04:30:00,13.451,13.451,13.41,13.418,705.63
2025-12-07 04:45:00,13.418,13.423,13.403,13.405,770.65
2025-12-07 05:00:00,13.405,13.411,13.385,13.406,1248.73
2025-12-07 05:15:00,13.404,13.423,13.386,13.415,1463.79
2025-12-07 05:30:00,13.416,13.468,13.415,13.468,236.81
2025-12-07 05:45:00,13.468,13.478,13.455,13.459,184.27
2025-12-07 06:00:00,13.458,13.488,13.45,13.475,142.72
2025-12-07 06:15:00,13.476,13.502,13.465,13.487,145.38
2025-12-07 06:30:00,13.493,13.493,13.475,13.484,3747.68
2025-12-07 06:45:00,13.487,13.487,13.46,13.481,1311.64
2025-12-07 07:00:00,13.482,13.483,13.399,13.416,699.14
2025-12-07 07:15:00,13.414,13.415,13.388,13.391,1610.06
2025-12-07 07:30:00,13.388,13.388,13.363,13.37,751.69
2025-12-07 07:45:00,13.359,13.415,13.358,13.392,260.65
2025-12-07 08:00:00,13.394,13.394,13.346,13.352,1212.89
2025-12-07 08:15:00,13.35,13.375,13.346,13.367,805.65
2025-12-07 08:30:00,13.366,13.418,13.363,13.416,1176.66
2025-12-07 08:45:00,13.414,13.417,13.375,13.377,164.86
2025-12-07 09:00:00,13.376,13.397,13.36,13.373,3261.62
2025-12-07 09:15:00,13.378,13.39,13.325,13.339,5993.51
2025-12-07 09:30:00,13.348,13.356,13.327,13.329,1045.53
2025-12-07 09:45:00,13.329,13.333,13.312,13.323,2048.15
2025-12-07 10:00:00,13.322,13.344,13.317,13.344,1309.39
2025-12-07 10:15:00,13.354,13.357,13.336,13.338,1352.33
2025-12-07 10:30:00,13.339,13.38,13.308,13.379,1304.31
2025-12-07 10:45:00,13.38,13.396,13.35,13.35,723.06
2025-12-07 11:00:00,13.351,13.351,13.325,13.332,2773.43
2025-12-07 11:15:00,13.334,13.352,13.334,13.336,904.80
2025-12-07 11:30:00,13.34,13.366,13.34,13.357,2050.15
2025-12-07 11:45:00,13.356,13.356,13.329,13.34,116.62
2025-12-07 12:00:00,13.339,13.38,13.327,13.374,676.28
2025-12-07 12:15:00,13.369,13.387,13.336,13.347,402.73
2025-12-07 12:30:00,13.348,13.363,13.342,13.355,629.88
2025-12-07 12:45:00,13.355,13.434,13.355,13.411,784.85
2025-12-07 13:00:00,13.418,13.431,13.374,13.388,3814.92
2025-12-07 13:15:00,13.39,13.395,13.285,13.347,2414.45
2025-12-07 13:30:00,13.347,13.35,13.307,13.318,438.53
2025-12-07 13:45:00,13.322,13.34,13.315,13.327,232.24
2025-12-07 14:00:00,13.321,13.328,13.266,13.266,5006.50
2025-12-07 14:15:00,13.273,13.275,12.95,13.092,52470.96
2025-12-07 14:30:00,13.068,13.11,13.012,13.06,11298.75
2025-12-07 14:45:00,13.053,13.072,12.984,13.016,1597.57
2025-12-07 15:00:00,13.002,13.17,12.982,13.124,3514.48
2025-12-07 15:15:00,13.129,13.14,13.084,13.087,5371.78
2025-12-07 15:30:00,13.097,13.2,13.091,13.16,3275.11
2025-12-07 15:45:00,13.161,13.422,13.16,13.407,6149.40
2025-12-07 16:00:00,13.406,13.406,13.351,13.369,6640.40
2025-12-07 16:15:00,13.348,13.377,13.33,13.341,2513.44
2025-12-07 16:30:00,13.343,13.348,13.297,13.319,1220.05
2025-12-07 16:45:00,13.313,13.439,13.303,13.439,1131.32
2025-12-07 17:00:00,13.44,13.444,13.347,13.379,2141.77
2025-12-07 17:15:00,13.387,13.589,13.387,13.571,15707.17
2025-12-07 17:30:00,13.581,13.704,13.581,13.651,8029.83
2025-12-07 17:45:00,13.656,13.695,13.632,13.656,5153.76
2025-12-07 18:00:00,13.654,13.79,13.654,13.737,10250.45
2025-12-07 18:15:00,13.741,13.834,13.718,13.828,11522.06
2025-12-07 18:30:00,13.841,13.843,13.758,13.774,4507.32
2025-12-07 18:45:00,13.784,13.787,13.732,13.764,1026.69
2025-12-07 19:00:00,13.769,13.79,13.719,13.752,2328.56
2025-12-07 19:15:00,13.755,13.755,13.713,13.718,552.72
2025-12-07 19:30:00,13.716,13.775,13.716,13.775,4298.45
2025-12-07 19:45:00,13.778,13.78,13.729,13.745,886.45
2025-12-07 20:00:00,13.757,13.767,13.725,13.74,885.39
2025-12-07 20:15:00,13.741,13.779,13.732,13.768,1063.07
2025-12-07 20:30:00,13.769,13.787,13.748,13.787,189.77
2025-12-07 20:45:00,13.795,13.809,13.778,13.803,1179.09
2025-12-07 21:00:00,13.789,13.791,13.769,13.779,553.64
2025-12-07 21:15:00,13.774,13.774,13.707,13.709,2072.17
2025-12-07 21:30:00,13.71,13.731,13.61,13.611,7146.89
2025-12-07 21:45:00,13.617,13.617,13.473,13.531,3319.99
2025-12-07 22:00:00,13.509,13.509,13.261,13.365,19326.34
2025-12-07 22:15:00,13.363,13.397,13.319,13.375,2260.56
2025-12-07 22:30:00,13.371,13.469,13.366,13.433,1260.70
2025-12-07 22:45:00,13.447,13.466,13.299,13.367,2677.37
2025-12-07 23:00:00,13.364,13.391,13.318,13.352,2207.81
2025-12-07 23:15:00,13.369,13.417,13.351,13.417,3558.15
2025-12-07 23:30:00,13.41,13.419,13.355,13.368,2257.46
2025-12-07 23:45:00,13.37,13.485,13.37,13.483,6023.79
2025-12-08 00:00:00,13.474,13.474,13.407,13.409,10676.37
2025-12-08 00:15:00,13.407,13.426,13.377,13.406,6155.02
2025-12-08 00:30:00,13.409,13.47,13.392,13.409,1726.62
2025-12-08 00:45:00,13.408,13.408,13.371,13.371,531.61
2025-12-08 01:00:00,13.371,13.481,13.367,13.467,4915.86
2025-12-08 01:15:00,13.463,13.562,13.43,13.545,2147.13
2025-12-08 01:30:00,13.545,13.645,13.545,13.612,5815.31
2025-12-08 01:45:00,13.609,13.61,13.518,13.523,1896.92
2025-12-08 02:00:00,13.524,13.527,13.485,13.491,6409.26
2025-12-08 02:15:00,13.488,13.51,13.486,13.502,118.61
2025-12-08 02:30:00,13.503,13.523,13.476,13.503,762.76
2025-12-08 02:45:00,13.517,13.57,13.506,13.56,269.38
2025-12-08 03:00:00,13.569,13.585,13.535,13.537,1167.91
2025-12-08 03:15:00,13.532,13.593,13.53,13.58,421.51
2025-12-08 03:30:00,13.575,13.575,13.514,13.521,345.19
2025-12-08 03:45:00,13.516,13.539,13.514,13.536,321.93
2025-12-08 04:00:00,13.529,13.565,13.528,13.545,875.49
2025-12-08 04:15:00,13.542,13.598,13.542,13.578,352.08
2025-12-08 04:30:00,13.594,13.663,13.594,13.63,470.35
2025-12-08 04:45:00,13.63,13.64,13.614,13.638,279.45
2025-12-08 05:00:00,13.642,13.643,13.574,13.591,1908.61
2025-12-08 05:15:00,13.597,13.641,13.587,13.641,270.90
2025-12-08 05:30:00,13.644,13.689,13.644,13.66,212.70
2025-12-08 05:45:00,13.663,13.702,13.653,13.697,319.74
2025-12-08 06:00:00,13.698,13.705,13.673,13.698,331.88
2025-12-08 06:15:00,13.699,13.711,13.676,13.681,1158.57
2025-12-08 06:30:00,13.685,13.7,13.68,13.697,103.18
2025-12-08 06:45:00,13.703,13.72,13.683,13.683,259.36
2025-12-08 07:00:00,13.675,13.696,13.641,13.65,820.53
2025-12-08 07:15:00,13.644,13.701,13.642,13.701,494.52
2025-12-08 07:30:00,13.699,13.714,13.686,13.689,742.27
2025-12-08 07:45:00,13.685,13.688,13.663,13.677,322.44
2025-12-08 08:00:00,13.68,13.693,13.657,13.693,1765.83
2025-12-08 08:15:00,13.696,13.732,13.696,13.703,2002.06
2025-12-08 08:30:00,13.702,13.714,13.695,13.708,610.05
2025-12-08 08:45:00,13.714,13.75,13.697,13.743,3011.75
2025-12-08 09:00:00,13.74,13.904,13.739,13.833,12221.09
2025-12-08 09:15:00,13.827,13.838,13.809,13.828,8507.56
2025-12-08 09:30:00,13.832,13.836,13.813,13.816,3965.52
2025-12-08 09:45:00,13.805,13.805,13.766,13.774,7032.99
2025-12-08 10:00:00,13.776,13.816,13.776,13.795,7322.50
2025-12-08 10:15:00,13.791,13.792,13.767,13.777,5968.12
2025-12-08 10:30:00,13.778,13.805,13.765,13.796,925.54
2025-12-08 10:45:00,13.796,13.807,13.789,13.806,1315.20
2025-12-08 11:00:00,13.809,13.822,13.797,13.812,618.19
2025-12-08 11:15:00,13.819,13.819,13.78,13.78,538.00
2025-12-08 11:30:00,13.774,13.774,13.719,13.728,1276.02
2025-12-08 11:45:00,13.726,13.738,13.695,13.735,737.81
2025-12-08 12:00:00,13.738,13.74,13.693,13.695,1589.35
2025-12-08 12:15:00,13.705,13.705,13.681,13.691,276.44
2025-12-08 12:30:00,13.695,13.701,13.668,13.669,1322.93
2025-12-08 12:45:00,13.68,13.737,13.673,13.732,2062.41
2025-12-08 13:00:00,13.727,13.815,13.719,13.772,1539.04
2025-12-08 13:15:00,13.762,13.768,13.71,13.721,1186.25
2025-12-08 13:30:00,13.728,13.728,13.694,13.723,1167.25
2025-12-08 13:45:00,13.731,13.762,13.718,13.724,483.34
2025-12-08 14:00:00,13.728,13.752,13.714,13.752,266.32
2025-12-08 14:15:00,13.748,13.748,13.687,13.72,761.09
2025-12-08 14:30:00,13.713,13.809,13.644,13.79,9714.69
2025-12-08 14:45:00,13.773,13.803,13.7,13.7,8889.49
2025-12-08 15:00:00,13.704,13.735,13.583,13.621,16587.74
2025-12-08 15:15:00,13.593,13.66,13.522,13.567,13149.42
2025-12-08 15:30:00,13.562,13.616,13.506,13.527,6012.04
2025-12-08 15:45:00,13.532,13.607,13.53,13.578,2050.97
2025-12-08 16:00:00,13.567,13.576,13.518,13.548,6448.57
2025-12-08 16:15:00,13.539,13.668,13.538,13.653,6481.93
2025-12-08 16:30:00,13.654,13.71,13.649,13.685,9025.52
2025-12-08 16:45:00,13.679,13.682,13.607,13.626,3949.28
2025-12-08 17:00:00,13.631,13.71,13.603,13.687,4095.35
2025-12-08 17:15:00,13.677,13.704,13.63,13.637,1799.25
2025-12-08 17:30:00,13.634,13.663,13.581,13.601,1239.36
2025-12-08 17:45:00,13.587,13.697,13.568,13.672,1371.60
2025-12-08 18:00:00,13.677,13.71,13.659,13.678,1553.65
2025-12-08 18:15:00,13.675,13.706,13.597,13.598,2846.01
2025-12-08 18:30:00,13.59,13.635,13.582,13.635,2575.05
2025-12-08 18:45:00,13.644,13.664,13.48,13.51,2849.57
2025-12-08 19:00:00,13.531,13.581,13.526,13.535,3468.10
2025-12-08 19:15:00,13.541,13.564,13.525,13.552,1732.02
2025-12-08 19:30:00,13.544,13.594,13.543,13.57,710.33
2025-12-08 19:45:00,13.568,13.617,13.53,13.547,1108.44
2025-12-08 20:00:00,13.546,13.593,13.542,13.578,4013.88
2025-12-08 20:15:00,13.57,13.607,13.57,13.581,720.20
2025-12-08 20:30:00,13.578,13.604,13.567,13.598,1780.56
2025-12-08 20:45:00,13.601,13.654,13.585,13.632,1190.07
2025-12-08 21:00:00,13.636,13.673,13.601,13.606,5331.87
2025-12-08 21:15:00,13.6,13.665,13.6,13.664,493.85
2025-12-08 21:30:00,13.679,13.724,13.676,13.701,3291.83
2025-12-08 21:45:00,13.702,13.744,13.694,13.731,368.09
2025-12-08 22:00:00,13.739,13.745,13.699,13.705,15741.81
2025-12-08 22:15:00,13.713,13.714,13.696,13.704,856.97
2025-12-08 22:30:00,13.697,13.71,13.636,13.637,5037.37
2025-12-08 22:45:00,13.635,13.682,13.635,13.676,434.93
2025-12-08 23:00:00,13.677,13.696,13.651,13.651,163.55
2025-12-08 23:15:00,13.654,13.655,13.605,13.615,4165.61
2025-12-08 23:30:00,13.624,13.644,13.619,13.628,1455.48
2025-12-08 23:45:00,13.624,13.642,13.624,13.636,1520.58
2025-12-09 00:00:00,13.637,13.651,13.63,13.651,3610.35
2025-12-09 00:15:00,13.648,13.726,13.648,13.672,1923.48
2025-12-09 00:30:00,13.664,13.664,13.603,13.609,398.00
2025-12-09 00:45:00,13.621,13.627,13.603,13.614,1266.54
2025-12-09 01:00:00,13.61,13.625,13.567,13.591,1916.15
2025-12-09 01:15:00,13.591,13.619,13.563,13.563,2704.77
2025-12-09 01:30:00,13.559,13.59,13.549,13.561,978.81
2025-12-09 01:45:00,13.568,13.568,13.523,13.555,851.68
2025-12-09 02:00:00,13.554,13.608,13.55,13.578,1815.72
2025-12-09 02:15:00,13.576,13.619,13.569,13.619,287.34
2025-12-09 02:30:00,13.613,13.62,13.589,13.606,808.37
2025-12-09 02:45:00,13.607,13.629,13.581,13.583,440.60
2025-12-09 03:00:00,13.578,13.606,13.562,13.57,580.64
2025-12-09 03:15:00,13.57,13.579,13.517,13.567,1446.76
2025-12-09 03:30:00,13.564,13.679,13.564,13.672,1375.27
2025-12-09 03:45:00,13.675,13.73,13.674,13.722,860.08
2025-12-09 04:00:00,13.728,13.742,13.716,13.726,2825.99
2025-12-09 04:15:00,13.724,13.762,13.724,13.749,1531.06
2025-12-09 04:30:00,13.752,13.753,13.656,13.656,619.47
2025-12-09 04:45:00,13.658,13.67,13.629,13.653,470.74
2025-12-09 05:00:00,13.653,13.66,13.596,13.607,564.80
2025-12-09 05:15:00,13.607,13.615,13.578,13.602,1135.05
2025-12-09 05:30:00,13.602,13.678,13.602,13.639,762.95
2025-12-09 05:45:00,13.642,13.653,13.569,13.572,2601.73
2025-12-09 06:00:00,13.572,13.6,13.57,13.577,1612.07
2025-12-09 06:15:00,13.579,13.579,13.552,13.552,773.97
2025-12-09 06:30:00,13.558,13.562,13.533,13.562,944.38
2025-12-09 06:45:00,13.568,13.614,13.557,13.608,542.94
2025-12-09 07:00:00,13.614,13.629,13.601,13.611,953.08
2025-12-09 07:15:00,13.607,13.69,13.607,13.69,506.33
2025-12-09 07:30:00,13.69,13.709,13.679,13.707,165.95
2025-12-09 07:45:00,13.701,13.724,13.69,13.721,636.06
2025-12-09 08:00:00,13.72,13.762,13.715,13.721,2734.17
2025-12-09 08:15:00,13.726,13.734,13.69,13.69,2402.23
2025-12-09 08:30:00,13.691,13.707,13.68,13.692,471.85
2025-12-09 08:45:00,13.692,13.713,13.685,13.687,1672.83
2025-12-09 09:00:00,13.689,13.691,13.654,13.668,4542.79
2025-12-09 09:15:00,13.67,13.673,13.642,13.651,508.53
2025-12-09 09:30:00,13.646,13.65,13.575,13.576,4206.39
2025-12-09 09:45:00,13.58,13.581,13.566,13.576,1514.76
2025-12-09 10:00:00,13.576,13.6,13.556,13.558,3376.37
2025-12-09 10:15:00,13.561,13.595,13.558,13.591,1479.51
2025-12-09 10:30:00,13.586,13.618,13.516,13.554,2798.01
2025-12-09 10:45:00,13.548,13.564,13.526,13.556,2859.34
2025-12-09 11:00:00,13.565,13.565,13.527,13.527,531.13
2025-12-09 11:15:00,13.535,13.535,13.491,13.525,3262.59
2025-12-09 11:30:00,13.52,13.542,13.509,13.54,2738.21
2025-12-09 11:45:00,13.548,13.594,13.548,13.589,1535.41
2025-12-09 12:00:00,13.584,13.601,13.565,13.577,6541.39
2025-12-09 12:15:00,13.581,13.672,13.579,13.634,5571.33
2025-12-09 12:30:00,13.634,13.65,13.625,13.647,163.64
2025-12-09 12:45:00,13.642,13.66,13.637,13.652,1824.14
2025-12-09 13:00:00,13.65,13.659,13.636,13.636,3662.60
2025-12-09 13:15:00,13.648,13.706,13.638,13.679,8842.36
2025-12-09 13:30:00,13.692,13.708,13.593,13.593,3205.07
2025-12-09 13:45:00,13.602,13.63,13.581,13.623,1904.03
2025-12-09 14:00:00,13.629,13.66,13.608,13.625,1717.92
2025-12-09 14:15:00,13.619,13.637,13.547,13.569,283.79
2025-12-09 14:30:00,13.569,13.637,13.548,13.584,6993.89
2025-12-09 14:45:00,13.591,13.61,13.579,13.6,5137.30
2025-12-09 15:00:00,13.613,13.822,13.593,13.696,31649.59
2025-12-09 15:15:00,13.699,13.866,13.691,13.824,6432.14
2025-12-09 15:30:00,13.815,14.066,13.802,14.059,14678.85
2025-12-09 15:45:00,14.068,14.166,14.025,14.124,24794.60
2025-12-09 16:00:00,14.14,14.403,14.14,14.376,22853.02
2025-12-09 16:15:00,14.369,14.439,14.328,14.416,19926.61
2025-12-09 16:30:00,14.441,14.626,14.412,14.623,84801.63
2025-12-09 16:45:00,14.602,14.661,14.574,14.608,95348.72
2025-12-09 17:00:00,14.612,14.72,14.612,14.72,21974.24
2025-12-09 17:15:00,14.712,14.717,14.517,14.574,10964.38
2025-12-09 17:30:00,14.587,14.603,14.521,14.55,10475.54
2025-12-09 17:45:00,14.551,14.584,14.538,14.576,5838.17
2025-12-09 18:00:00,14.588,14.65,14.549,14.644,4437.96
2025-12-09 18:15:00,14.654,14.656,14.598,14.624,6266.78
2025-12-09 18:30:00,14.626,14.626,14.59,14.61,3995.26
2025-12-09 18:45:00,14.598,14.634,14.594,14.622,3412.87
2025-12-09 19:00:00,14.625,14.63,14.597,14.622,5189.48
2025-12-09 19:15:00,14.609,14.627,14.601,14.621,1214.67
2025-12-09 19:30:00,14.628,14.632,14.573,14.583,2422.58
2025-12-09 19:45:00,14.585,14.631,14.575,14.618,15753.69
2025-12-09 20:00:00,14.614,14.638,14.594,14.619,2946.09
2025-12-09 20:15:00,14.629,14.629,14.557,14.591,3979.31
2025-12-09 20:30:00,14.593,14.625,14.56,14.596,2959.66
2025-12-09 20:45:00,14.605,14.62,14.575,14.595,8926.25
2025-12-09 21:00:00,14.6,14.628,14.57,14.581,19638.19
2025-12-09 21:15:00,14.591,14.625,14.586,14.605,2289.90
2025-12-09 21:30:00,14.603,14.612,14.582,14.583,1282.76
2025-12-09 21:45:00,14.586,14.602,14.469,14.589,26734.57
2025-12-09 22:00:00,14.604,14.661,14.56,14.593,58970.81
2025-12-09 22:15:00,14.585,14.611,14.574,14.574,849.00
2025-12-09 22:30:00,14.592,14.637,14.59,14.621,872.05
2025-12-09 22:45:00,14.622,14.631,14.597,14.598,1604.35
2025-12-09 23:00:00,14.598,14.625,14.583,14.593,1765.64
2025-12-09 23:15:00,14.597,14.62,14.588,14.615,894.66
2025-12-09 23:30:00,14.613,14.629,14.61,14.623,544.06
2025-12-09 23:45:00,14.613,14.621,14.591,14.604,1950.76
2025-12-10 00:00:00,14.601,14.636,14.599,14.608,3541.92
2025-12-10 00:15:00,14.591,14.624,14.573,14.608,5304.38
2025-12-10 00:30:00,14.611,14.617,14.573,14.584,4348.56
2025-12-10 00:45:00,14.585,14.594,14.565,14.57,3456.36
2025-12-10 01:00:00,14.584,14.598,14.559,14.565,1065.06
2025-12-10 01:15:00,14.574,14.609,14.574,14.584,1495.21
2025-12-10 01:30:00,14.584,14.591,14.558,14.58,1781.94
2025-12-10 01:45:00,14.578,14.614,14.578,14.608,140.98
2025-12-10 02:00:00,14.606,14.618,14.581,14.615,1007.11
2025-12-10 02:15:00,14.618,14.621,14.591,14.614,1508.36
2025-12-10 02:30:00,14.61,14.61,14.571,14.588,4146.93
2025-12-10 02:45:00,14.589,14.613,14.577,14.608,593.20
2025-12-10 03:00:00,14.612,14.619,14.596,14.6,850.39
2025-12-10 03:15:00,14.595,14.601,14.577,14.601,449.96
2025-12-10 03:30:00,14.597,14.616,14.597,14.611,548.97
2025-12-10 03:45:00,14.601,14.614,14.593,14.613,1314.76
2025-12-10 04:00:00,14.611,14.616,14.587,14.605,1731.76
2025-12-10 04:15:00,14.607,14.619,14.589,14.599,670.96
2025-12-10 04:30:00,14.596,14.623,14.595,14.61,618.16
2025-12-10 04:45:00,14.61,14.617,14.581,14.587,800.01
2025-12-10 05:00:00,14.589,14.596,14.561,14.579,1034.12
2025-12-10 05:15:00,14.578,14.6,14.576,14.586,754.99
2025-12-10 05:30:00,14.587,14.594,14.57,14.59,3016.73
2025-12-10 05:45:00,14.589,14.597,14.573,14.58,1582.60
2025-12-10 06:00:00,14.581,14.611,14.549,14.602,1415.50
2025-12-10 06:15:00,14.601,14.609,14.572,14.599,436.55
2025-12-10 06:30:00,14.598,14.606,14.59,14.605,559.22
2025-12-10 06:45:00,14.599,14.611,14.587,14.598,412.78
2025-12-10 07:00:00,14.595,14.598,14.578,14.591,618.59
2025-12-10 07:15:00,14.59,14.592,14.573,14.58,1686.69
2025-12-10 07:30:00,14.581,14.585,14.562,14.581,4592.52
2025-12-10 07:45:00,14.58,14.611,14.58,14.61,552.80
2025-12-10 08:00:00,14.607,14.629,14.598,14.613,22808.66
2025-12-10 08:15:00,14.613,14.613,14.587,14.59,1764.65
2025-12-10 08:30:00,14.59,14.596,14.578,14.585,6643.94
2025-12-10 08:45:00,14.588,14.592,14.57,14.577,1697.08
2025-12-10 09:00:00,14.581,14.593,14.567,14.591,1883.53
2025-12-10 09:15:00,14.593,14.597,14.574,14.581,4727.24
2025-12-10 09:30:00,14.579,14.609,14.579,14.609,513.11
2025-12-10 09:45:00,14.608,14.634,14.597,14.628,2096.61
2025-12-10 10:00:00,14.628,14.658,14.591,14.6,3017.16
2025-12-10 10:15:00,14.594,14.594,14.553,14.561,22233.09
2025-12-10 10:30:00,14.553,14.553,14.371,14.393,29337.21
2025-12-10 10:45:00,14.388,14.403,14.333,14.335,8057.04
2025-12-10 11:00:00,14.333,14.347,14.309,14.331,2654.28
2025-12-10 11:15:00,14.332,14.335,14.301,14.31,1746.53
2025-12-10 11:30:00,14.3,14.304,14.174,14.18,12734.78
2025-12-10 11:45:00,14.185,14.264,14.155,14.25,4878.63
2025-12-10 12:00:00,14.251,14.27,14.213,14.214,12935.12
2025-12-10 12:15:00,14.211,14.218,14.151,14.172,2286.53
2025-12-10 12:30:00,14.174,14.207,14.165,14.189,2760.28
2025-12-10 12:45:00,14.189,14.232,14.136,14.223,2041.69
2025-12-10 13:00:00,14.218,14.255,14.209,14.255,1898.48
2025-12-10 13:15:00,14.254,14.317,14.223,14.3,4224.80
2025-12-10 13:30:00,14.297,14.303,14.268,14.286,2119.38
2025-12-10 13:45:00,14.296,14.311,14.274,14.295,2826.12
2025-12-10 14:00:00,14.293,14.298,14.252,14.252,2288.67
2025-12-10 14:15:00,14.263,14.263,14.238,14.248,6005.96
2025-12-10 14:30:00,14.247,14.276,14.205,14.218,10804.95
2025-12-10 14:45:00,14.223,14.23,14.171,14.226,6579.40
2025-12-10 15:00:00,14.217,14.314,14.204,14.286,5714.61
2025-12-10 15:15:00,14.279,14.292,14.237,14.258,4835.29
2025-12-10 15:30:00,14.266,14.275,14.208,14.247,7399.93
2025-12-10 15:45:00,14.235,14.256,14.202,14.239,1842.80
2025-12-10 16:00:00,14.238,14.274,14.197,14.273,2712.22
2025-12-10 16:15:00,14.267,14.365,14.259,14.346,4229.13
2025-12-10 16:30:00,14.344,14.344,14.298,14.321,1519.28
2025-12-10 16:45:00,14.324,14.358,14.297,14.303,538.70
2025-12-10 17:00:00,14.304,14.317,14.265,14.289,2717.26
2025-12-10 17:15:00,14.287,14.382,14.275,14.349,2597.76
2025-12-10 17:30:00,14.341,14.353,14.313,14.342,1313.64
2025-12-10 17:45:00,14.339,14.357,14.321,14.341,2230.02
2025-12-10 18:00:00,14.344,14.4,14.31,14.385,4912.57
2025-12-10 18:15:00,14.382,14.392,14.311,14.347,7980.24
2025-12-10 18:30:00,14.342,14.589,14.34,14.479,21033.85
2025-12-10 18:45:00,14.489,14.54,14.4,14.47,6093.43
2025-12-10 19:00:00,14.459,14.665,14.327,14.548,68159.23
2025-12-10 19:15:00,14.549,14.601,14.429,14.441,14206.65
2025-12-10 19:30:00,14.463,14.621,14.441,14.468,29061.82
2025-12-10 19:45:00,14.464,14.563,14.444,14.546,14753.22
2025-12-10 20:00:00,14.555,14.749,14.511,14.749,20683.35
2025-12-10 20:15:00,14.755,14.82,14.51,14.629,38198.02
2025-12-10 20:30:00,14.617,14.638,14.58,14.614,11745.27
2025-12-10 20:45:00,14.605,14.612,14.406,14.416,7040.91
2025-12-10 21:00:00,14.419,14.466,14.308,14.36,4926.17
2025-12-10 21:15:00,14.364,14.388,14.334,14.334,9742.31
2025-12-10 21:30:00,14.331,14.355,14.264,14.319,2727.91
2025-12-10 21:45:00,14.318,14.349,14.257,14.273,1446.15
2025-12-10 22:00:00,14.257,14.326,14.203,14.22,4056.34
2025-12-10 22:15:00,14.218,14.236,14.082,14.185,4439.82
2025-12-10 22:30:00,14.181,14.272,14.177,14.249,3144.16
2025-12-10 22:45:00,14.245,14.281,14.211,14.259,2921.46
2025-12-10 23:00:00,14.26,14.283,14.196,14.226,1127.70
2025-12-10 23:15:00,14.226,14.233,14.183,14.183,732.79
2025-12-10 23:30:00,14.181,14.181,14.138,14.163,2315.24
2025-12-10 23:45:00,14.147,14.159,14.098,14.107,2135.07
2025-12-11 00:00:00,14.106,14.106,14.036,14.039,6841.57
2025-12-11 00:15:00,14.037,14.044,13.978,13.987,5104.52
2025-12-11 00:30:00,13.98,13.981,13.828,13.839,5706.69
2025-12-11 00:45:00,13.856,13.873,13.76,13.799,5853.12
2025-12-11 01:00:00,13.802,13.802,13.689,13.696,3432.36
2025-12-11 01:15:00,13.693,13.7,13.618,13.689,12626.79
2025-12-11 01:30:00,13.7,13.727,13.672,13.672,2485.63
2025-12-11 01:45:00,13.661,13.67,13.585,13.587,1136.40
2025-12-11 02:00:00,13.591,13.591,13.443,13.451,10972.81
2025-12-11 02:15:00,13.451,13.484,13.41,13.447,11534.98
2025-12-11 02:30:00,13.436,13.486,13.413,13.45,4028.11
2025-12-11 02:45:00,13.452,13.457,13.411,13.424,4981.19
2025-12-11 03:00:00,13.427,13.427,13.279,13.31,10511.14
2025-12-11 03:15:00,13.293,13.413,13.286,13.322,4240.71
2025-12-11 03:30:00,13.312,13.312,13.27,13.302,1106.46
2025-12-11 03:45:00,13.298,13.346,13.29,13.296,952.89
2025-12-11 04:00:00,13.296,13.316,13.23,13.29,5604.62
2025-12-11 04:15:00,13.283,13.286,13.246,13.275,2747.31
2025-12-11 04:30:00,13.271,13.331,13.271,13.311,1118.12
2025-12-11 04:45:00,13.314,13.414,13.314,13.392,1318.42
2025-12-11 05:00:00,13.389,13.392,13.367,13.371,3150.52
2025-12-11 05:15:00,13.375,13.437,13.375,13.419,4385.68
2025-12-11 05:30:00,13.419,13.428,13.374,13.393,4264.08
2025-12-11 05:45:00,13.398,13.427,13.387,13.417,7749.80
2025-12-11 06:00:00,13.416,13.416,13.387,13.394,1911.24
2025-12-11 06:15:00,13.395,13.397,13.346,13.36,4442.77
2025-12-11 06:30:00,13.372,13.472,13.372,13.443,2067.99
2025-12-11 06:45:00,13.442,13.456,13.429,13.443,5043.12
2025-12-11 07:00:00,13.441,13.441,13.404,13.415,4615.65
2025-12-11 07:15:00,13.417,13.43,13.378,13.38,4515.65
2025-12-11 07:30:00,13.379,13.407,13.363,13.363,1044.98
2025-12-11 07:45:00,13.363,13.391,13.347,13.366,2431.18
2025-12-11 08:00:00,13.377,13.38,13.309,13.321,5023.13
2025-12-11 08:15:00,13.322,13.361,13.305,13.345,4364.02
2025-12-11 08:30:00,13.337,13.338,13.289,13.32,3565.07
2025-12-11 08:45:00,13.32,13.362,13.315,13.35,4900.37
2025-12-11 09:00:00,13.353,13.388,13.34,13.361,5568.48
2025-12-11 09:15:00,13.362,13.401,13.348,13.372,6179.49
2025-12-11 09:30:00,13.373,13.407,13.372,13.381,2576.91
2025-12-11 09:45:00,13.368,13.379,13.338,13.341,930.31
2025-12-11 10:00:00,13.347,13.36,13.327,13.33,799.52
2025-12-11 10:15:00,13.329,13.329,13.265,13.277,4780.01
2025-12-11 10:30:00,13.28,13.28,13.248,13.248,1581.52
2025-12-11 10:45:00,13.25,13.286,13.25,13.278,1917.53
2025-12-11 11:00:00,13.278,13.278,13.236,13.264,1818.40
2025-12-11 11:15:00,13.266,13.282,13.248,13.271,2258.42
2025-12-11 11:30:00,13.27,13.296,13.263,13.296,1318.86
2025-12-11 11:45:00,13.294,13.327,13.292,13.327,1424.03
2025-12-11 12:00:00,13.311,13.318,13.279,13.293,3759.20
2025-12-11 12:15:00,13.302,13.326,13.273,13.323,2637.66
2025-12-11 12:30:00,13.316,13.353,13.3,13.314,15705.83
2025-12-11 12:45:00,13.324,13.344,13.28,13.28,894.97
2025-12-11 13:00:00,13.28,13.31,13.28,13.292,2126.44
2025-12-11 13:15:00,13.287,13.329,13.261,13.329,889.00
2025-12-11 13:30:00,13.324,13.346,13.297,13.318,8634.99
2025-12-11 13:45:00,13.316,13.343,13.297,13.333,8992.35
2025-12-11 14:00:00,13.337,13.337,13.291,13.297,17976.93
2025-12-11 14:15:00,13.29,13.3,13.24,13.24,17591.81
2025-12-11 14:30:00,13.239,13.268,13.112,13.222,10596.22
2025-12-11 14:45:00,13.223,13.224,13.045,13.111,18592.82
2025-12-11 15:00:00,13.103,13.157,13.031,13.048,16763.80
2025-12-11 15:15:00,13.042,13.207,13.033,13.122,6829.10
2025-12-11 15:30:00,13.112,13.117,13.042,13.061,6361.15
2025-12-11 15:45:00,13.057,13.097,12.918,12.995,23737.98
2025-12-11 16:00:00,12.993,13.015,12.874,12.894,36984.81
2025-12-11 16:15:00,12.895,12.959,12.881,12.952,6726.05
2025-12-11 16:30:00,12.948,13.085,12.936,13.069,16937.55
2025-12-11 16:45:00,13.076,13.118,13.015,13.024,7324.68
2025-12-11 17:00:00,13.023,13.073,13.003,13.031,5923.48
2025-12-11 17:15:00,13.021,13.144,13.021,13.093,8150.36
2025-12-11 17:30:00,13.088,13.156,13.08,13.087,2184.44
2025-12-11 17:45:00,13.09,13.126,13.054,13.069,2471.97
2025-12-11 18:00:00,13.067,13.159,13.044,13.134,6478.38
2025-12-11 18:15:00,13.141,13.197,13.135,13.156,2231.64
2025-12-11 18:30:00,13.154,13.293,13.142,13.28,7833.55
2025-12-11 18:45:00,13.281,13.323,13.158,13.213,2750.50
2025-12-11 19:00:00,13.211,13.271,13.185,13.231,2100.12
2025-12-11 19:15:00,13.23,13.31,13.222,13.285,3469.94
2025-12-11 19:30:00,13.282,13.366,13.274,13.322,2092.32
2025-12-11 19:45:00,13.322,13.373,13.237,13.245,3139.96
2025-12-11 20:00:00,13.242,13.334,13.242,13.317,1100.43
2025-12-11 20:15:00,13.317,13.327,13.229,13.246,3787.90
2025-12-11 20:30:00,13.248,13.341,13.248,13.321,4581.83
2025-12-11 20:45:00,13.323,13.363,13.284,13.357,3153.48
2025-12-11 21:00:00,13.377,13.443,13.334,13.395,5254.50
2025-12-11 21:15:00,13.404,13.573,13.404,13.531,10173.49
2025-12-11 21:30:00,13.542,13.605,13.487,13.553,16708.24
2025-12-11 21:45:00,13.565,13.579,13.496,13.503,2994.89
2025-12-11 22:00:00,13.512,13.565,13.502,13.538,5920.01
2025-12-11 22:15:00,13.541,13.545,13.379,13.406,2233.24
2025-12-11 22:30:00,13.415,13.476,13.384,13.419,2740.70
2025-12-11 22:45:00,13.418,13.429,13.368,13.425,1523.21
2025-12-11 23:00:00,13.418,13.459,13.372,13.372,5778.82
2025-12-11 23:15:00,13.37,13.408,13.37,13.39,1688.56
2025-12-11 23:30:00,13.39,13.469,13.382,13.46,923.81
2025-12-11 23:45:00,13.464,13.47,13.404,13.404,1446.59
2025-12-12 00:00:00,13.409,13.465,13.403,13.448,2978.52
2025-12-12 00:15:00,13.449,13.534,13.449,13.481,3641.36
2025-12-12 00:30:00,13.487,13.507,13.474,13.478,758.26
2025-12-12 00:45:00,13.477,13.486,13.323,13.323,4247.83
2025-12-12 01:00:00,13.334,13.452,13.334,13.444,4735.20
2025-12-12 01:15:00,13.444,13.553,13.444,13.534,2685.85
2025-12-12 01:30:00,13.53,13.553,13.506,13.515,477.73
2025-12-12 01:45:00,13.522,13.538,13.506,13.536,1427.19
2025-12-12 02:00:00,13.531,13.649,13.516,13.635,3631.68
2025-12-12 02:15:00,13.638,13.644,13.601,13.62,742.10
2025-12-12 02:30:00,13.619,13.666,13.617,13.655,843.37
2025-12-12 02:45:00,13.664,13.703,13.649,13.692,826.75
2025-12-12 03:00:00,13.688,13.735,13.664,13.674,3620.84
2025-12-12 03:15:00,13.669,13.671,13.598,13.605,1936.86
2025-12-12 03:30:00,13.608,13.65,13.589,13.65,3301.97
2025-12-12 03:45:00,13.652,13.661,13.598,13.598,1047.32
2025-12-12 04:00:00,13.589,13.603,13.576,13.576,3325.13
2025-12-12 04:15:00,13.579,13.584,13.547,13.553,1454.84
2025-12-12 04:30:00,13.558,13.571,13.55,13.57,2214.81
2025-12-12 04:45:00,13.572,13.59,13.567,13.587,433.05
2025-12-12 05:00:00,13.593,13.636,13.584,13.584,1044.57
2025-12-12 05:15:00,13.581,13.597,13.549,13.557,1149.53
2025-12-12 05:30:00,13.56,13.647,13.547,13.647,1137.95
2025-12-12 05:45:00,13.657,13.694,13.656,13.69,915.40
2025-12-12 06:00:00,13.691,13.78,13.691,13.774,2856.45
2025-12-12 06:15:00,13.766,13.782,13.746,13.772,2420.76
2025-12-12 06:30:00,13.769,13.771,13.743,13.759,1635.20
2025-12-12 06:45:00,13.753,13.753,13.733,13.741,1160.42
2025-12-12 07:00:00,13.738,13.776,13.72,13.764,1436.11
2025-12-12 07:15:00,13.758,13.779,13.75,13.75,1381.67
2025-12-12 07:30:00,13.742,13.76,13.671,13.701,1417.91
2025-12-12 07:45:00,13.698,13.698,13.647,13.647,863.82
2025-12-12 08:00:00,13.65,13.653,13.608,13.611,1926.50
2025-12-12 08:15:00,13.612,13.617,13.553,13.556,2540.90
2025-12-12 08:30:00,13.556,13.556,13.508,13.531,1831.75
2025-12-12 08:45:00,13.532,13.554,13.521,13.534,1370.25
2025-12-12 09:00:00,13.543,13.57,13.539,13.57,1082.17
2025-12-12 09:15:00,13.571,13.589,13.482,13.482,4845.06
2025-12-12 09:30:00,13.487,13.53,13.487,13.509,8350.12
2025-12-12 09:45:00,13.508,13.634,13.502,13.626,1614.60
2025-12-12 10:00:00,13.625,13.67,13.609,13.652,1459.16
2025-12-12 10:15:00,13.647,13.648,13.608,13.62,2712.68
2025-12-12 10:30:00,13.62,13.62,13.575,13.582,317.38
2025-12-12 10:45:00,13.589,13.61,13.582,13.584,829.55
2025-12-12 11:00:00,13.59,13.59,13.552,13.552,897.82
2025-12-12 11:15:00,13.548,13.552,13.52,13.531,2678.13
2025-12-12 11:30:00,13.529,13.554,13.529,13.542,565.63
2025-12-12 11:45:00,13.539,13.556,13.538,13.55,372.69
2025-12-12 12:00:00,13.554,13.554,13.52,13.528,2067.60
2025-12-12 12:15:00,13.525,13.527,13.502,13.512,280.85
2025-12-12 12:30:00,13.527,13.549,13.511,13.548,2068.73
2025-12-12 12:45:00,13.541,13.596,13.536,13.592,1027.36
2025-12-12 13:00:00,13.575,13.614,13.567,13.61,1170.08
2025-12-12 13:15:00,13.617,13.645,13.588,13.588,1606.00
2025-12-12 13:30:00,13.59,13.616,13.578,13.581,5172.97
2025-12-12 13:45:00,13.583,13.616,13.582,13.608,800.41
2025-12-12 14:00:00,13.62,13.62,13.561,13.572,505.68
2025-12-12 14:15:00,13.569,13.603,13.45,13.467,3160.41
2025-12-12 14:30:00,13.447,13.571,13.447,13.521,7957.86
2025-12-12 14:45:00,13.528,13.554,13.477,13.516,1993.47
2025-12-12 15:00:00,13.488,13.488,13.381,13.401,5495.82
2025-12-12 15:15:00,13.387,13.406,13.196,13.21,17346.79
2025-12-12 15:30:00,13.203,13.245,13.064,13.128,45996.84
2025-12-12 15:45:00,13.126,13.152,12.808,12.892,24774.30
2025-12-12 16:00:00,12.887,12.966,12.86,12.925,24308.70
2025-12-12 16:15:00,12.907,12.98,12.805,12.975,19945.56
2025-12-12 16:30:00,12.971,12.971,12.798,12.85,20188.93
2025-12-12 16:45:00,12.818,12.94,12.811,12.915,8370.88
2025-12-12 17:00:00,12.916,13.042,12.914,13.021,10886.48
2025-12-12 17:15:00,13.02,13.075,12.947,12.947,8764.48
2025-12-12 17:30:00,12.949,13.023,12.944,13.007,2437.10
2025-12-12 17:45:00,13.018,13.047,12.972,12.977,772.14
2025-12-12 18:00:00,12.973,13.083,12.968,13.056,4909.31
2025-12-12 18:15:00,13.067,13.135,13.048,13.125,5371.88
2025-12-12 18:30:00,13.121,13.189,13.121,13.167,1531.36
2025-12-12 18:45:00,13.16,13.195,13.112,13.115,6255.64
2025-12-12 19:00:00,13.117,13.131,13.053,13.074,13962.86
2025-12-12 19:15:00,13.07,13.106,13.061,13.08,1337.31
2025-12-12 19:30:00,13.083,13.09,13.039,13.039,3113.95
2025-12-12 19:45:00,13.04,13.073,13.017,13.067,2369.00
2025-12-12 20:00:00,13.063,13.063,13.022,13.038,2582.00
2025-12-12 20:15:00,13.042,13.087,13.026,13.026,2129.68
2025-12-12 20:30:00,13.036,13.05,13.026,13.042,523.54
2025-12-12 20:45:00,13.04,13.084,13.038,13.06,2655.86
2025-12-12 21:00:00,13.066,13.109,13.058,13.095,1281.66
2025-12-12 21:15:00,13.096,13.096,13.061,13.072,549.98
2025-12-12 21:30:00,13.082,13.107,13.08,13.107,843.69
2025-12-12 21:45:00,13.108,13.116,13.066,13.066,282.20
2025-12-12 22:00:00,13.061,13.133,13.056,13.11,745.06
2025-12-12 22:15:00,13.114,13.118,13.096,13.111,374.38
2025-12-12 22:30:00,13.109,13.136,13.1,13.121,672.57
2025-12-12 22:45:00,13.122,13.122,13.095,13.115,829.31
2025-12-12 23:00:00,13.117,13.161,13.117,13.139,563.62
2025-12-12 23:15:00,13.142,13.144,13.121,13.123,498.22
2025-12-12 23:30:00,13.117,13.122,13.106,13.113,295.03
2025-12-12 23:45:00,13.098,13.118,13.097,13.098,2009.15
2025-12-13 00:00:00,13.102,13.175,13.102,13.156,3480.96
2025-12-13 00:15:00,13.164,13.182,13.144,13.144,1451.17
2025-12-13 00:30:00,13.144,13.151,13.118,13.119,387.10
2025-12-13 00:45:00,13.107,13.116,13.097,13.11,1460.93
2025-12-13 01:00:00,13.118,13.134,13.116,13.124,927.68
2025-12-13 01:15:00,13.123,13.138,13.123,13.131,499.62
2025-12-13 01:30:00,13.128,13.128,13.088,13.109,2930.77
2025-12-13 01:45:00,13.103,13.129,13.096,13.129,722.47
2025-12-13 02:00:00,13.133,13.178,13.133,13.161,1751.42
2025-12-13 02:15:00,13.162,13.19,13.162,13.186,948.22
2025-12-13 02:30:00,13.185,13.186,13.167,13.179,506.44
2025-12-13 02:45:00,13.177,13.184,13.166,13.178,1528.77
2025-12-13 03:00:00,13.176,13.209,13.176,13.206,519.25
2025-12-13 03:15:00,13.21,13.243,13.206,13.211,4845.27
2025-12-13 03:30:00,13.204,13.228,13.195,13.203,7732.20
2025-12-13 03:45:00,13.206,13.215,13.203,13.207,1995.19
2025-12-13 04:00:00,13.209,13.221,13.193,13.208,712.81
2025-12-13 04:15:00,13.209,13.247,13.206,13.227,1119.53
2025-12-13 04:30:00,13.225,13.226,13.206,13.217,367.21
2025-12-13 04:45:00,13.216,13.235,13.216,13.231,508.91
2025-12-13 05:00:00,13.229,13.272,13.229,13.261,783.36
2025-12-13 05:15:00,13.262,13.27,13.255,13.268,675.33
2025-12-13 05:30:00,13.266,13.269,13.244,13.256,268.71
2025-12-13 05:45:00,13.257,13.297,13.252,13.291,671.22
2025-12-13 06:00:00,13.292,13.309,13.285,13.306,2479.21
2025-12-13 06:15:00,13.301,13.331,13.3,13.308,1455.88
2025-12-13 06:30:00,13.319,13.448,13.313,13.316,7811.02
2025-12-13 06:45:00,13.322,13.348,13.267,13.34,2507.49
2025-12-13 07:00:00,13.339,13.352,13.313,13.321,940.12
2025-12-13 07:15:00,13.319,13.344,13.319,13.333,1258.04
2025-12-13 07:30:00,13.332,13.339,13.316,13.318,226.68
2025-12-13 07:45:00,13.314,13.318,13.304,13.317,1414.08
2025-12-13 08:00:00,13.327,13.368,13.327,13.362,1557.51
2025-12-13 08:15:00,13.363,13.46,13.363,13.429,4417.88
2025-12-13 08:30:00,13.43,13.436,13.395,13.402,1114.25
2025-12-13 08:45:00,13.405,13.425,13.39,13.39,628.26
2025-12-13 09:00:00,13.386,13.408,13.385,13.399,2575.07
2025-12-13 09:15:00,13.399,13.407,13.365,13.37,2740.92
2025-12-13 09:30:00,13.372,13.397,13.359,13.384,973.41
2025-12-13 09:45:00,13.385,13.389,13.372,13.372,577.76
2025-12-13 10:00:00,13.375,13.382,13.35,13.35,1427.74
2025-12-13 10:15:00,13.355,13.421,13.355,13.417,2116.26
2025-12-13 10:30:00,13.417,13.455,13.417,13.449,4761.87
2025-12-13 10:45:00,13.439,13.454,13.431,13.432,1062.92
2025-12-13 11:00:00,13.447,13.448,13.418,13.418,1202.78
2025-12-13 11:15:00,13.419,13.425,13.386,13.392,1650.83
2025-12-13 11:30:00,13.392,13.403,13.387,13.391,686.65
2025-12-13 11:45:00,13.394,13.398,13.368,13.374,223.89
2025-12-13 12:00:00,13.379,13.397,13.369,13.37,404.77
2025-12-13 12:15:00,13.369,13.371,13.333,13.334,595.31
2025-12-13 12:30:00,13.32,13.334,13.25,13.25,1825.41
2025-12-13 12:45:00,13.247,13.267,13.236,13.256,3111.71
2025-12-13 13:00:00,13.26,13.29,13.26,13.268,2057.19
2025-12-13 13:15:00,13.269,13.283,13.244,13.244,930.49
2025-12-13 13:30:00,13.235,13.268,13.232,13.258,367.22
2025-12-13 13:45:00,13.262,13.282,13.248,13.28,224.48
2025-12-13 14:00:00,13.287,13.287,13.239,13.268,1046.64
2025-12-13 14:15:00,13.256,13.269,13.217,13.23,918.78
2025-12-13 14:30:00,13.241,13.275,13.241,13.275,1160.97
2025-12-13 14:45:00,13.273,13.313,13.272,13.3,7188.28
2025-12-13 15:00:00,13.298,13.38,13.292,13.352,9499.18
2025-12-13 15:15:00,13.348,13.368,13.342,13.363,636.81
2025-12-13 15:30:00,13.363,13.392,13.359,13.359,3050.02
2025-12-13 15:45:00,13.357,13.363,13.334,13.363,741.75
2025-12-13 16:00:00,13.362,13.413,13.362,13.392,593.90
2025-12-13 16:15:00,13.392,13.395,13.354,13.362,2582.32
2025-12-13 16:30:00,13.359,13.36,13.329,13.329,1350.15
2025-12-13 16:45:00,13.34,13.37,13.34,13.367,2599.31
2025-12-13 17:00:00,13.368,13.373,13.338,13.36,1328.25
2025-12-13 17:15:00,13.36,13.362,13.322,13.337,982.65
2025-12-13 17:30:00,13.329,13.341,13.317,13.341,2189.63
2025-12-13 17:45:00,13.342,13.352,13.331,13.352,284.21
2025-12-13 18:00:00,13.356,13.371,13.339,13.351,721.86
2025-12-13 18:15:00,13.37,13.389,13.352,13.383,449.72
2025-12-13 18:30:00,13.379,13.385,13.369,13.385,867.66
2025-12-13 18:45:00,13.382,13.4,13.358,13.371,334.09
2025-12-13 19:00:00,13.374,13.374,13.359,13.372,1173.88
2025-12-13 19:15:00,13.375,13.382,13.348,13.348,790.27
2025-12-13 19:30:00,13.351,13.393,13.347,13.393,797.02
2025-12-13 19:45:00,13.391,13.398,13.379,13.383,459.31
2025-12-13 20:00:00,13.387,13.393,13.367,13.371,1086.82
2025-12-13 20:15:00,13.375,13.395,13.365,13.375,647.77
2025-12-13 20:30:00,13.374,13.39,13.367,13.367,797.84
2025-12-13 20:45:00,13.368,13.377,13.327,13.328,756.55
2025-12-13 21:00:00,13.329,13.334,13.293,13.298,585.32
2025-12-13 21:15:00,13.302,13.31,13.278,13.29,389.59
2025-12-13 21:30:00,13.283,13.3,13.235,13.294,1570.91
2025-12-13 21:45:00,13.287,13.32,13.275,13.32,3017.15
2025-12-13 22:00:00,13.317,13.327,13.242,13.26,2235.50
2025-12-13 22:15:00,13.262,13.275,13.262,13.268,938.48
2025-12-13 22:30:00,13.268,13.298,13.256,13.294,862.68
2025-12-13 22:45:00,13.295,13.322,13.271,13.317,1890.85
2025-12-13 23:00:00,13.322,13.356,13.298,13.347,1189.33
2025-12-13 23:15:00,13.337,13.35,13.333,13.348,299.60
2025-12-13 23:30:00,13.349,13.359,13.34,13.359,543.13
2025-12-13 23:45:00,13.359,13.383,13.359,13.379,793.53
2025-12-14 00:00:00,13.366,13.372,13.328,13.353,1827.59
2025-12-14 00:15:00,13.355,13.364,13.347,13.357,1229.34
2025-12-14 00:30:00,13.355,13.379,13.338,13.351,303.43
2025-12-14 00:45:00,13.345,13.365,13.343,13.354,355.29
2025-12-14 01:00:00,13.353,13.378,13.346,13.375,1663.32
2025-12-14 01:15:00,13.377,13.387,13.36,13.371,473.95
2025-12-14 01:30:00,13.37,13.373,13.324,13.334,918.90
2025-12-14 01:45:00,13.336,13.336,13.314,13.315,696.85
2025-12-14 02:00:00,13.314,13.354,13.309,13.335,2952.13
2025-12-14 02:15:00,13.335,13.379,13.325,13.379,1844.86
2025-12-14 02:30:00,13.381,13.382,13.344,13.347,2061.00
2025-12-14 02:45:00,13.351,13.359,13.343,13.352,2590.02
2025-12-14 03:00:00,13.354,13.365,13.335,13.335,3434.85
2025-12-14 03:15:00,13.336,13.336,13.323,13.333,1932.81
2025-12-14 03:30:00,13.325,13.325,13.303,13.314,3221.00
2025-12-14 03:45:00,13.313,13.313,13.29,13.293,2047.50
2025-12-14 04:00:00,13.293,13.307,13.291,13.304,2295.06
2025-12-14 04:15:00,13.301,13.311,13.295,13.305,2058.42
2025-12-14 04:30:00,13.305,13.31,13.26,13.261,3492.81
2025-12-14 04:45:00,13.268,13.268,13.254,13.262,663.82
2025-12-14 05:00:00,13.255,13.26,13.221,13.24,2422.99
2025-12-14 05:15:00,13.237,13.243,13.224,13.224,945.50
2025-12-14 05:30:00,13.225,13.228,13.19,13.227,3139.80
2025-12-14 05:45:00,13.221,13.239,13.221,13.224,186.48
2025-12-14 06:00:00,13.223,13.223,13.204,13.213,1761.25
2025-12-14 06:15:00,13.209,13.235,13.195,13.195,209.03
2025-12-14 06:30:00,13.189,13.219,13.177,13.216,623.73
2025-12-14 06:45:00,13.217,13.218,13.195,13.2,974.87
2025-12-14 07:00:00,13.198,13.215,13.191,13.215,3047.33
2025-12-14 07:15:00,13.212,13.216,13.201,13.21,427.01
2025-12-14 07:30:00,13.209,13.22,13.198,13.206,615.78
2025-12-14 07:45:00,13.204,13.241,13.204,13.236,839.04
2025-12-14 08:00:00,13.237,13.275,13.236,13.255,3359.64
2025-12-14 08:15:00,13.252,13.252,13.228,13.232,118.93
2025-12-14 08:30:00,13.226,13.23,13.191,13.192,322.99
2025-12-14 08:45:00,13.192,13.193,13.17,13.17,1448.23
2025-12-14 09:00:00,13.169,13.173,13.148,13.148,1047.19
2025-12-14 09:15:00,13.147,13.167,13.144,13.151,2937.10
2025-12-14 09:30:00,13.146,13.171,13.141,13.158,1899.80
2025-12-14 09:45:00,13.151,13.16,13.145,13.156,2293.24
2025-12-14 10:00:00,13.153,13.169,13.089,13.109,3491.01
2025-12-14 10:15:00,13.113,13.176,13.107,13.16,2979.82
2025-12-14 10:30:00,13.158,13.163,13.129,13.155,439.37
2025-12-14 10:45:00,13.16,13.168,13.141,13.142,569.75
2025-12-14 11:00:00,13.143,13.155,13.113,13.12,3141.84
2025-12-14 11:15:00,13.131,13.131,13.087,13.09,948.39
2025-12-14 11:30:00,13.082,13.107,12.975,12.99,7065.73
2025-12-14 11:45:00,12.984,13.069,12.955,13.052,6313.51
2025-12-14 12:00:00,13.053,13.074,13.006,13.041,4324.43
2025-12-14 12:15:00,13.038,13.078,13.038,13.045,1158.33
2025-12-14 12:30:00,13.045,13.107,13.045,13.096,3667.00
2025-12-14 12:45:00,13.114,13.126,13.09,13.104,5789.81
2025-12-14 13:00:00,13.102,13.102,13.05,13.064,696.89
2025-12-14 13:15:00,13.066,13.084,12.986,13.005,1768.27
2025-12-14 13:30:00,12.997,13.026,12.997,13.012,522.68
2025-12-14 13:45:00,13.011,13.045,13.001,13.044,4829.42
2025-12-14 14:00:00,13.055,13.076,13.034,13.055,583.54
2025-12-14 14:15:00,13.043,13.071,13.031,13.036,1157.74
2025-12-14 14:30:00,13.035,13.036,12.974,12.984,1784.69
2025-12-14 14:45:00,12.992,13.027,12.979,13.012,1763.55
2025-12-14 15:00:00,13.009,13.022,12.974,12.997,637.33
2025-12-14 15:15:00,12.994,13.027,12.978,12.999,2200.87
2025-12-14 15:30:00,13.001,13.053,12.982,13.053,543.79
2025-12-14 15:45:00,13.044,13.044,13.015,13.016,1253.74
2025-12-14 16:00:00,13.016,13.023,12.988,13.018,2570.42
2025-12-14 16:15:00,13.015,13.109,13.0,13.065,2598.40
2025-12-14 16:30:00,13.072,13.083,12.988,12.988,1943.85
2025-12-14 16:45:00,13.0,13.03,12.989,13.03,1352.45
2025-12-14 17:00:00,13.025,13.043,12.909,12.951,5927.59
2025-12-14 17:15:00,12.944,12.98,12.917,12.933,2524.14
2025-12-14 17:30:00,12.924,12.952,12.9,12.947,2980.25
2025-12-14 17:45:00,12.944,12.967,12.926,12.944,1534.65
2025-12-14 18:00:00,12.937,12.989,12.917,12.982,4732.29
2025-12-14 18:15:00,12.98,13.008,12.946,12.953,1321.42
2025-12-14 18:30:00,12.952,12.999,12.952,12.973,800.29
2025-12-14 18:45:00,12.975,13.03,12.951,13.02,1660.20
2025-12-14 19:00:00,13.021,13.023,12.963,12.98,1938.50
2025-12-14 19:15:00,12.975,12.981,12.95,12.981,585.88
2025-12-14 19:30:00,12.984,12.987,12.931,12.939,953.74
2025-12-14 19:45:00,12.936,12.972,12.936,12.968,778.31
2025-12-14 20:00:00,12.966,13.012,12.891,13.012,3721.94
2025-12-14 20:15:00,13.006,13.011,12.969,12.969,1133.41
2025-12-14 20:30:00,12.962,12.98,12.961,12.975,492.61
2025-12-14 20:45:00,12.976,12.981,12.922,12.922,962.75
2025-12-14 21:00:00,12.923,12.932,12.899,12.919,2645.25
2025-12-14 21:15:00,12.92,12.959,12.92,12.931,794.90
2025-12-14 21:30:00,12.925,12.932,12.899,12.906,459.41
2025-12-14 21:45:00,12.901,12.901,12.828,12.865,4678.84
2025-12-14 22:00:00,12.864,12.928,12.863,12.903,579.82
2025-12-14 22:15:00,12.908,12.918,12.878,12.887,824.70
2025-12-14 22:30:00,12.886,12.886,12.813,12.862,1872.16
2025-12-14 22:45:00,12.845,12.906,12.844,12.904,664.43
2025-12-14 23:00:00,12.906,12.95,12.865,12.872,3034.59
2025-12-14 23:15:00,12.875,12.913,12.875,12.886,2024.00
2025-12-14 23:30:00,12.89,12.897,12.725,12.884,11030.17
2025-12-14 23:45:00,12.879,12.896,12.851,12.861,2055.11
2025-12-15 00:00:00,12.864,12.942,12.852,12.854,3822.33
2025-12-15 00:15:00,12.858,12.966,12.85,12.937,2366.40
2025-12-15 00:30:00,12.948,12.965,12.863,12.878,602.21
2025-12-15 00:45:00,12.875,12.952,12.875,12.949,765.15
2025-12-15 01:00:00,12.949,12.982,12.932,12.979,1191.99
2025-12-15 01:15:00,12.974,12.979,12.947,12.966,1138.82
2025-12-15 01:30:00,12.97,13.135,12.957,13.047,9117.67
2025-12-15 01:45:00,13.053,13.111,13.045,13.107,1532.61
2025-12-15 02:00:00,13.108,13.189,13.099,13.137,3620.79
2025-12-15 02:15:00,13.133,13.263,13.131,13.201,7403.60
2025-12-15 02:30:00,13.202,13.214,13.125,13.125,2536.39
2025-12-15 02:45:00,13.126,13.128,13.088,13.096,651.62
2025-12-15 03:00:00,13.101,13.101,13.059,13.07,1129.14
2025-12-15 03:15:00,13.082,13.138,13.081,13.105,872.28
2025-12-15 03:30:00,13.11,13.11,13.076,13.078,1269.97
2025-12-15 03:45:00,13.084,13.084,13.072,13.072,224.26
2025-12-15 04:00:00,13.086,13.158,13.086,13.145,1809.06
2025-12-15 04:15:00,13.135,13.142,13.081,13.086,295.90
2025-12-15 04:30:00,13.094,13.151,13.092,13.151,2269.83
2025-12-15 04:45:00,13.154,13.181,13.145,13.164,604.83
2025-12-15 05:00:00,13.165,13.197,13.159,13.193,813.51
2025-12-15 05:15:00,13.188,13.239,13.188,13.239,720.93
2025-12-15 05:30:00,13.23,13.234,13.199,13.205,429.06
2025-12-15 05:45:00,13.205,13.214,13.194,13.208,338.17
2025-12-15 06:00:00,13.224,13.224,13.166,13.176,982.80
2025-12-15 06:15:00,13.174,13.218,13.174,13.204,310.71
2025-12-15 06:30:00,13.2,13.207,13.181,13.201,229.26
2025-12-15 06:45:00,13.212,13.316,13.203,13.264,4429.06
2025-12-15 07:00:00,13.266,13.318,13.173,13.173,4375.89
2025-12-15 07:15:00,13.163,13.195,13.148,13.181,2001.33
2025-12-15 07:30:00,13.204,13.204,13.157,13.163,142.86
2025-12-15 07:45:00,13.164,13.189,13.157,13.189,394.01
2025-12-15 08:00:00,13.189,13.217,13.172,13.187,1660.13
2025-12-15 08:15:00,13.178,13.236,13.176,13.216,1621.46
2025-12-15 08:30:00,13.211,13.214,13.193,13.214,593.09
2025-12-15 08:45:00,13.217,13.217,13.197,13.197,731.99
2025-12-15 09:00:00,13.198,13.229,13.188,13.217,2159.25
2025-12-15 09:15:00,13.216,13.229,13.204,13.204,1258.71
2025-12-15 09:30:00,13.208,13.209,13.192,13.204,363.03
2025-12-15 09:45:00,13.204,13.243,13.195,13.223,814.20
2025-12-15 10:00:00,13.223,13.24,13.208,13.217,1115.20
2025-12-15 10:15:00,13.225,13.288,13.211,13.275,1058.02
2025-12-15 10:30:00,13.291,13.353,13.261,13.274,3443.43
2025-12-15 10:45:00,13.271,13.306,13.258,13.289,2882.80
2025-12-15 11:00:00,13.287,13.291,13.269,13.269,1122.47
2025-12-15 11:15:00,13.273,13.283,13.266,13.266,621.99
2025-12-15 11:30:00,13.272,13.284,13.204,13.208,2502.75
2025-12-15 11:45:00,13.213,13.218,13.197,13.212,604.55
2025-12-15 12:00:00,13.214,13.214,13.169,13.174,557.78
2025-12-15 12:15:00,13.18,13.197,13.161,13.172,3219.97
2025-12-15 12:30:00,13.17,13.208,13.168,13.201,5018.78
2025-12-15 12:45:00,13.192,13.201,13.187,13.194,466.25
2025-12-15 13:00:00,13.187,13.193,13.106,13.136,3383.82
2025-12-15 13:15:00,13.141,13.141,13.094,13.1,1139.31
2025-12-15 13:30:00,13.097,13.129,13.076,13.114,3564.07
2025-12-15 13:45:00,13.113,13.132,13.094,13.099,1938.92
2025-12-15 14:00:00,13.089,13.159,13.088,13.159,3256.26
2025-12-15 14:15:00,13.158,13.193,13.102,13.132,13397.29
2025-12-15 14:30:00,13.127,13.188,13.069,13.099,15965.83
2025-12-15 14:45:00,13.093,13.108,12.769,12.86,29186.06
2025-12-15 15:00:00,12.859,12.859,12.668,12.713,37970.28
2025-12-15 15:15:00,12.709,12.713,12.482,12.541,50116.66
2025-12-15 15:30:00,12.528,12.585,12.413,12.512,29546.33
2025-12-15 15:45:00,12.52,12.544,12.432,12.494,58722.72
2025-12-15 16:00:00,12.487,12.523,12.408,12.49,122944.18
2025-12-15 16:15:00,12.496,12.524,12.49,12.508,36846.90
2025-12-15 16:30:00,12.506,12.511,12.369,12.429,80098.90
2025-12-15 16:45:00,12.413,12.46,12.376,12.421,27013.97
2025-12-15 17:00:00,12.416,12.432,12.377,12.377,6924.18
2025-12-15 17:15:00,12.373,12.414,12.343,12.388,6603.40
2025-12-15 17:30:00,12.386,12.392,12.317,12.347,8995.12
2025-12-15 17:45:00,12.356,12.366,12.289,12.307,4568.84
2025-12-15 18:00:00,12.295,12.357,12.288,12.342,6946.58
2025-12-15 18:15:00,12.335,12.352,12.283,12.305,4710.58
2025-12-15 18:30:00,12.304,12.304,12.197,12.264,29865.42
2025-12-15 18:45:00,12.265,12.378,12.262,12.378,28675.22
2025-12-15 19:00:00,12.379,12.471,12.363,12.363,26528.13
2025-12-15 19:15:00,12.367,12.447,12.367,12.413,5223.72
2025-12-15 19:30:00,12.414,12.44,12.41,12.425,3068.91
2025-12-15 19:45:00,12.411,12.412,12.364,12.386,2839.16
2025-12-15 20:00:00,12.386,12.386,12.284,12.294,4715.63
2025-12-15 20:15:00,12.285,12.298,12.246,12.283,4678.14
2025-12-15 20:30:00,12.294,12.373,12.281,12.33,5028.33
2025-12-15 20:45:00,12.33,12.331,12.294,12.307,9014.75
2025-12-15 21:00:00,12.309,12.317,12.283,12.286,4533.88
2025-12-15 21:15:00,12.28,12.343,12.28,12.336,1365.58
2025-12-15 21:30:00,12.341,12.355,12.32,12.333,1449.41
2025-12-15 21:45:00,12.331,12.352,12.324,12.345,388.83
2025-12-15 22:00:00,12.34,12.341,12.324,12.326,1280.41
2025-12-15 22:15:00,12.33,12.335,12.312,12.335,529.26
2025-12-15 22:30:00,12.336,12.347,12.313,12.315,1917.44
2025-12-15 22:45:00,12.315,12.355,12.315,12.343,17297.89
2025-12-15 23:00:00,12.353,12.367,12.337,12.363,4427.95
2025-12-15 23:15:00,12.358,12.358,12.337,12.342,571.16
2025-12-15 23:30:00,12.346,12.367,12.343,12.361,351.45
2025-12-15 23:45:00,12.354,12.356,12.322,12.337,4482.33
2025-12-16 00:00:00,12.336,12.352,12.267,12.279,4669.22
2025-12-16 00:15:00,12.278,12.317,12.257,12.312,3059.19
2025-12-16 00:30:00,12.312,12.312,12.258,12.271,695.05
2025-12-16 00:45:00,12.268,12.268,12.192,12.198,4658.84
2025-12-16 01:00:00,12.196,12.269,12.165,12.262,6728.74
2025-12-16 01:15:00,12.258,12.271,12.226,12.231,6018.60
2025-12-16 01:30:00,12.235,12.291,12.232,12.271,6050.46
2025-12-16 01:45:00,12.269,12.303,12.267,12.278,421.29
2025-12-16 02:00:00,12.277,12.277,12.215,12.262,1500.22
2025-12-16 02:15:00,12.261,12.335,12.237,12.331,1020.25
2025-12-16 02:30:00,12.325,12.326,12.255,12.275,1270.60
2025-12-16 02:45:00,12.274,12.292,12.239,12.259,2163.10
2025-12-16 03:00:00,12.26,12.279,12.227,12.236,976.03
2025-12-16 03:15:00,12.241,12.271,12.239,12.254,432.29
2025-12-16 03:30:00,12.251,12.256,12.186,12.241,4118.37
2025-12-16 03:45:00,12.245,12.264,12.243,12.261,245.62
2025-12-16 04:00:00,12.265,12.274,12.242,12.246,1250.57
2025-12-16 04:15:00,12.24,12.244,12.201,12.204,958.38
2025-12-16 04:30:00,12.2,12.2,12.137,12.143,4122.80
2025-12-16 04:45:00,12.139,12.2,12.054,12.2,27989.08
2025-12-16 05:00:00,12.197,12.221,12.184,12.203,2917.38
2025-12-16 05:15:00,12.2,12.221,12.177,12.192,1802.25
2025-12-16 05:30:00,12.186,12.226,12.18,12.219,596.54
2025-12-16 05:45:00,12.228,12.242,12.199,12.201,1009.42
2025-12-16 06:00:00,12.201,12.249,12.197,12.241,283.59
2025-12-16 06:15:00,12.249,12.266,12.232,12.258,1827.97
2025-12-16 06:30:00,12.256,12.282,12.252,12.271,168.41
2025-12-16 06:45:00,12.271,12.325,12.27,12.319,565.87
2025-12-16 07:00:00,12.323,12.331,12.29,12.29,2421.81
2025-12-16 07:15:00,12.259,12.259,12.216,12.218,722.32
2025-12-16 07:30:00,12.214,12.238,12.165,12.167,1409.28
2025-12-16 07:45:00,12.175,12.21,12.173,12.19,1758.39
2025-12-16 08:00:00,12.193,12.237,12.187,12.223,5233.59
2025-12-16 08:15:00,12.212,12.225,12.191,12.225,2742.73
2025-12-16 08:30:00,12.214,12.218,12.177,12.208,2341.47
2025-12-16 08:45:00,12.209,12.231,12.151,12.168,2190.44
2025-12-16 09:00:00,12.171,12.171,12.158,12.163,1372.81
2025-12-16 09:15:00,12.16,12.167,12.137,12.149,1167.85
2025-12-16 09:30:00,12.153,12.18,12.147,12.177,823.73
2025-12-16 09:45:00,12.185,12.185,12.155,12.165,1024.61
2025-12-16 10:00:00,12.168,12.179,12.152,12.179,1209.21
2025-12-16 10:15:00,12.18,12.203,12.166,12.178,5670.22
2025-12-16 10:30:00,12.179,12.371,12.173,12.355,7902.33
2025-12-16 10:45:00,12.358,12.389,12.3,12.32,9411.67
2025-12-16 11:00:00,12.321,12.328,12.294,12.313,9245.80
2025-12-16 11:15:00,12.319,12.35,12.31,12.35,819.58
2025-12-16 11:30:00,12.352,12.363,12.329,12.342,1366.25
2025-12-16 11:45:00,12.344,12.361,12.338,12.354,1899.79
2025-12-16 12:00:00,12.35,12.361,12.331,12.34,2479.59
2025-12-16 12:15:00,12.339,12.35,12.305,12.305,1234.37
2025-12-16 12:30:00,12.306,12.309,12.246,12.268,6544.85
2025-12-16 12:45:00,12.279,12.304,12.234,12.237,7555.16
2025-12-16 13:00:00,12.237,12.237,12.205,12.229,7853.34
2025-12-16 13:15:00,12.23,12.333,12.226,12.325,5952.32
2025-12-16 13:30:00,12.309,12.394,11.953,12.062,91556.25
2025-12-16 13:45:00,12.065,12.118,11.993,11.993,7893.22
2025-12-16 14:00:00,11.99,12.137,11.917,12.116,30157.27
2025-12-16 14:15:00,12.1,12.18,12.09,12.148,6075.93
2025-12-16 14:30:00,12.156,12.231,12.079,12.1,17993.78
2025-12-16 14:45:00,12.096,12.259,12.053,12.162,11375.58
2025-12-16 15:00:00,12.182,12.191,12.105,12.158,5750.20
2025-12-16 15:15:00,12.147,12.161,12.084,12.152,6460.59
2025-12-16 15:30:00,12.143,12.208,12.136,12.208,2700.14
2025-12-16 15:45:00,12.206,12.366,12.206,12.352,18972.85
2025-12-16 16:00:00,12.35,12.367,12.264,12.275,17411.87
2025-12-16 16:15:00,12.269,12.345,12.255,12.324,3205.95
2025-12-16 16:30:00,12.314,12.319,12.256,12.266,1134.10
2025-12-16 16:45:00,12.27,12.328,12.269,12.283,1326.15
2025-12-16 17:00:00,12.286,12.335,12.285,12.323,1356.69
2025-12-16 17:15:00,12.329,12.334,12.222,12.239,2337.06
2025-12-16 17:30:00,12.235,12.276,12.182,12.189,1300.43
2025-12-16 17:45:00,12.187,12.191,12.164,12.167,2117.93
2025-12-16 18:00:00,12.168,12.21,12.136,12.206,4562.54
2025-12-16 18:15:00,12.204,12.208,12.153,12.159,454.19
2025-12-16 18:30:00,12.174,12.281,12.174,12.279,5977.38
2025-12-16 18:45:00,12.285,12.345,12.285,12.302,2653.10
2025-12-16 19:00:00,12.307,12.315,12.203,12.205,5045.29
2025-12-16 19:15:00,12.2,12.231,12.189,12.219,985.35
2025-12-16 19:30:00,12.224,12.289,12.224,12.27,1338.28
2025-12-16 19:45:00,12.273,12.332,12.268,12.277,1257.34
2025-12-16 20:00:00,12.278,12.311,12.27,12.289,2226.11
2025-12-16 20:15:00,12.286,12.336,12.277,12.316,1248.24
2025-12-16 20:30:00,12.315,12.37,12.307,12.351,1996.55
2025-12-16 20:45:00,12.348,12.361,12.296,12.309,2443.02
2025-12-16 21:00:00,12.307,12.311,12.263,12.296,2125.28
2025-12-16 21:15:00,12.298,12.315,12.276,12.29,865.04
2025-12-16 21:30:00,12.295,12.344,12.295,12.338,385.86
2025-12-16 21:45:00,12.34,12.343,12.306,12.32,316.49
2025-12-16 22:00:00,12.319,12.354,12.284,12.303,1396.66
2025-12-16 22:15:00,12.305,12.339,12.304,12.314,945.92
2025-12-16 22:30:00,12.324,12.335,12.31,12.335,475.23
2025-12-16 22:45:00,12.326,12.326,12.306,12.308,186.54
2025-12-16 23:00:00,12.31,12.357,12.297,12.322,3026.79
2025-12-16 23:15:00,12.321,12.342,12.309,12.32,808.69
2025-12-16 23:30:00,12.32,12.344,12.316,12.344,1065.69
2025-12-16 23:45:00,12.347,12.348,12.306,12.334,4374.68
2025-12-17 00:00:00,12.337,12.342,12.299,12.306,8664.48
2025-12-17 00:15:00,12.309,12.339,12.303,12.328,3626.55
2025-12-17 00:30:00,12.328,12.328,12.294,12.303,902.66
2025-12-17 00:45:00,12.309,12.32,12.299,12.311,1938.25
2025-12-17 01:00:00,12.316,12.334,12.313,12.315,1417.37
2025-12-17 01:15:00,12.316,12.384,12.316,12.342,2804.92
2025-12-17 01:30:00,12.343,12.355,12.318,12.321,752.13
2025-12-17 01:45:00,12.322,12.328,12.302,12.316,1369.49
2025-12-17 02:00:00,12.327,12.351,12.307,12.307,1315.98
2025-12-17 02:15:00,12.309,12.319,12.289,12.3,314.85
2025-12-17 02:30:00,12.296,12.333,12.275,12.333,1231.41
2025-12-17 02:45:00,12.337,12.36,12.328,12.331,1042.15
2025-12-17 03:00:00,12.333,12.369,12.319,12.32,1151.93
2025-12-17 03:15:00,12.322,12.338,12.322,12.322,804.99
2025-12-17 03:30:00,12.317,12.32,12.29,12.306,128.07
2025-12-17 03:45:00,12.309,12.312,12.288,12.296,81.20
2025-12-17 04:00:00,12.3,12.31,12.287,12.29,297.64
2025-12-17 04:15:00,12.277,12.277,12.208,12.212,2453.90
2025-12-17 04:30:00,12.207,12.207,12.176,12.199,2452.28
2025-12-17 04:45:00,12.206,12.206,12.17,12.187,1978.13
2025-12-17 05:00:00,12.19,12.19,12.114,12.165,5864.30
2025-12-17 05:15:00,12.168,12.17,12.067,12.103,8412.06
2025-12-17 05:30:00,12.091,12.128,12.083,12.126,2905.75
2025-12-17 05:45:00,12.128,12.185,12.128,12.168,964.62
2025-12-17 06:00:00,12.173,12.245,12.169,12.238,550.70
2025-12-17 06:15:00,12.245,12.245,12.218,12.237,465.19
2025-12-17 06:30:00,12.236,12.239,12.196,12.199,1016.88
2025-12-17 06:45:00,12.198,12.203,12.187,12.203,572.06
2025-12-17 07:00:00,12.205,12.244,12.201,12.209,369.45
2025-12-17 07:15:00,12.208,12.221,12.186,12.186,589.24
2025-12-17 07:30:00,12.184,12.255,12.178,12.2,940.12
2025-12-17 07:45:00,12.206,12.232,12.2,12.216,480.82
2025-12-17 08:00:00,12.208,12.208,12.175,12.187,1535.20
2025-12-17 08:15:00,12.188,12.19,12.135,12.154,608.49
2025-12-17 08:30:00,12.147,12.16,12.134,12.146,1092.75
2025-12-17 08:45:00,12.143,12.154,12.121,12.122,1129.87
2025-12-17 09:00:00,12.124,12.126,12.098,12.111,2165.31
2025-12-17 09:15:00,12.114,12.126,12.08,12.084,4816.26
2025-12-17 09:30:00,12.085,12.105,12.075,12.104,1823.10
2025-12-17 09:45:00,12.106,12.106,12.087,12.087,1596.76
2025-12-17 10:00:00,12.082,12.11,12.045,12.109,2193.44
2025-12-17 10:15:00,12.088,12.099,12.076,12.076,1165.01
2025-12-17 10:30:00,12.076,12.116,12.063,12.107,1995.81
2025-12-17 10:45:00,12.105,12.119,12.073,12.084,1696.77
2025-12-17 11:00:00,12.082,12.131,12.074,12.127,2138.20
2025-12-17 11:15:00,12.129,12.133,12.108,12.13,203.78
2025-12-17 11:30:00,12.128,12.166,12.128,12.166,360.57
2025-12-17 11:45:00,12.161,12.178,12.139,12.165,1203.74
2025-12-17 12:00:00,12.168,12.192,12.166,12.18,1123.88
2025-12-17 12:15:00,12.159,12.165,12.134,12.148,1489.74
2025-12-17 12:30:00,12.146,12.169,12.128,12.128,2007.00
2025-12-17 12:45:00,12.128,12.18,12.118,12.169,3213.94
2025-12-17 13:00:00,12.168,12.214,12.157,12.159,2313.49
2025-12-17 13:15:00,12.164,12.175,12.142,12.172,702.32
2025-12-17 13:30:00,12.17,12.229,12.162,12.226,715.13
2025-12-17 13:45:00,12.23,12.301,12.221,12.284,4582.17
2025-12-17 14:00:00,12.295,12.308,12.253,12.263,2403.19
2025-12-17 14:15:00,12.265,12.308,12.265,12.267,3063.35
2025-12-17 14:30:00,12.271,12.293,12.179,12.2,13286.89
2025-12-17 14:45:00,12.216,12.476,12.076,12.47,56263.10
2025-12-17 15:00:00,12.471,12.649,12.466,12.546,65569.90
2025-12-17 15:15:00,12.553,12.605,12.471,12.51,13518.89
2025-12-17 15:30:00,12.502,12.534,12.338,12.365,22769.69
2025-12-17 15:45:00,12.365,12.367,12.116,12.148,26551.28
2025-12-17 16:00:00,12.143,12.228,12.069,12.069,7430.67
2025-12-17 16:15:00,12.063,12.063,11.855,11.889,65580.77
2025-12-17 16:30:00,11.888,11.955,11.828,11.896,16113.68
2025-12-17 16:45:00,11.893,11.977,11.886,11.965,6314.89
2025-12-17 17:00:00,11.991,12.022,11.888,11.95,8861.02
2025-12-17 17:15:00,11.945,12.047,11.927,12.021,3688.53
2025-12-17 17:30:00,12.002,12.03,11.913,11.913,2593.53
2025-12-17 17:45:00,11.913,11.943,11.884,11.893,11907.04
2025-12-17 18:00:00,11.892,11.98,11.892,11.952,5422.53
2025-12-17 18:15:00,11.941,11.976,11.915,11.935,1111.79
2025-12-17 18:30:00,11.945,11.95,11.797,11.835,8897.09
2025-12-17 18:45:00,11.844,11.863,11.766,11.782,5053.64
2025-12-17 19:00:00,11.788,11.798,11.69,11.727,20269.58
2025-12-17 19:15:00,11.724,11.807,11.719,11.767,3389.76
2025-12-17 19:30:00,11.779,11.822,11.742,11.792,2316.22
2025-12-17 19:45:00,11.787,11.872,11.787,11.871,1394.08
2025-12-17 20:00:00,11.874,11.874,11.818,11.823,5362.34
2025-12-17 20:15:00,11.822,11.968,11.822,11.963,6990.93
2025-12-17 20:30:00,11.972,11.974,11.891,11.927,1261.76
2025-12-17 20:45:00,11.92,11.92,11.852,11.878,1801.44
2025-12-17 21:00:00,11.882,11.917,11.88,11.903,2993.50
2025-12-17 21:15:00,11.9,11.9,11.843,11.852,7971.64
2025-12-17 21:30:00,11.857,11.869,11.814,11.846,873.01
2025-12-17 21:45:00,11.84,11.84,11.809,11.819,1566.15
2025-12-17 22:00:00,11.82,11.856,11.777,11.833,2475.09
2025-12-17 22:15:00,11.832,11.89,11.8,11.861,2680.66
2025-12-17 22:30:00,11.869,11.876,11.839,11.853,2450.91
2025-12-17 22:45:00,11.841,11.887,11.833,11.87,358.48
2025-12-17 23:00:00,11.872,11.872,11.814,11.822,1011.64
2025-12-17 23:15:00,11.814,11.822,11.799,11.815,668.82
2025-12-17 23:30:00,11.82,11.851,11.818,11.845,905.25
2025-12-17 23:45:00,11.846,11.851,11.829,11.846,2252.92
2025-12-18 00:00:00,11.857,11.868,11.81,11.832,2464.12
2025-12-18 00:15:00,11.831,11.851,11.811,11.833,2533.75
2025-12-18 00:30:00,11.836,11.84,11.805,11.805,641.64
2025-12-18 00:45:00,11.81,11.826,11.805,11.807,789.69
2025-12-18 01:00:00,11.808,11.808,11.724,11.737,1971.19
2025-12-18 01:15:00,11.745,11.763,11.715,11.736,1463.54
2025-12-18 01:30:00,11.733,11.762,11.729,11.751,447.02
2025-12-18 01:45:00,11.75,11.761,11.714,11.735,1282.53
2025-12-18 02:00:00,11.736,11.83,11.714,11.821,3492.62
2025-12-18 02:15:00,11.809,11.878,11.793,11.822,1919.88
2025-12-18 02:30:00,11.817,11.857,11.817,11.845,1532.48
2025-12-18 02:45:00,11.863,11.873,11.831,11.834,136.73
2025-12-18 03:00:00,11.827,11.827,11.767,11.767,1631.78
2025-12-18 03:15:00,11.765,11.765,11.7,11.7,1440.71
2025-12-18 03:30:00,11.694,11.735,11.682,11.717,3732.64
2025-12-18 03:45:00,11.714,11.731,11.711,11.728,578.89
2025-12-18 04:00:00,11.726,11.789,11.724,11.732,1003.16
2025-12-18 04:15:00,11.734,11.757,11.725,11.745,425.28
2025-12-18 04:30:00,11.745,11.776,11.745,11.773,885.63
2025-12-18 04:45:00,11.766,11.766,11.739,11.754,383.78
2025-12-18 05:00:00,11.753,11.756,11.691,11.691,1597.63
2025-12-18 05:15:00,11.693,11.693,11.649,11.665,2185.86
2025-12-18 05:30:00,11.655,11.721,11.645,11.695,4263.77
2025-12-18 05:45:00,11.695,11.7,11.657,11.664,3223.52
2025-12-18 06:00:00,11.664,11.727,11.658,11.726,9457.26
2025-12-18 06:15:00,11.726,11.736,11.714,11.714,4783.11
2025-12-18 06:30:00,11.715,11.745,11.712,11.719,3463.10
2025-12-18 06:45:00,11.717,11.722,11.694,11.717,577.05
2025-12-18 07:00:00,11.728,11.758,11.704,11.758,704.63
2025-12-18 07:15:00,11.76,11.781,11.753,11.781,395.87
2025-12-18 07:30:00,11.78,11.783,11.722,11.728,2568.60
2025-12-18 07:45:00,11.727,11.751,11.721,11.748,3864.86
2025-12-18 08:00:00,11.751,11.776,11.734,11.761,5397.90
2025-12-18 08:15:00,11.762,11.797,11.741,11.765,6494.14
2025-12-18 08:30:00,11.766,11.775,11.733,11.752,1585.15
2025-12-18 08:45:00,11.742,11.752,11.718,11.733,1084.01
2025-12-18 09:00:00,11.732,11.743,11.673,11.673,2842.50
2025-12-18 09:15:00,11.681,11.7,11.67,11.691,2834.78
2025-12-18 09:30:00,11.693,11.762,11.684,11.762,4335.25
2025-12-18 09:45:00,11.76,11.77,11.721,11.728,737.69
2025-12-18 10:00:00,11.729,11.753,11.707,11.74,3297.28
2025-12-18 10:15:00,11.739,11.769,11.732,11.759,10302.14
2025-12-18 10:30:00,11.759,11.776,11.753,11.756,1449.18
2025-12-18 10:45:00,11.768,11.768,11.743,11.753,1473.65
2025-12-18 11:00:00,11.755,11.755,11.69,11.69,1422.81
2025-12-18 11:15:00,11.689,11.705,11.677,11.701,9120.86
2025-12-18 11:30:00,11.701,11.721,11.699,11.708,492.77
2025-12-18 11:45:00,11.709,11.736,11.707,11.719,1820.72
2025-12-18 12:00:00,11.723,11.729,11.693,11.693,1939.26
2025-12-18 12:15:00,11.689,11.712,11.688,11.697,1664.99
2025-12-18 12:30:00,11.7,11.809,11.7,11.8,2901.06
2025-12-18 12:45:00,11.802,11.81,11.738,11.755,984.65
2025-12-18 13:00:00,11.757,11.949,11.756,11.921,10563.04
2025-12-18 13:15:00,11.93,11.938,11.859,11.872,5072.23
2025-12-18 13:30:00,11.88,12.11,11.88,12.087,46034.49
2025-12-18 13:45:00,12.087,12.202,12.061,12.166,14766.11
2025-12-18 14:00:00,12.168,12.299,12.035,12.057,30798.47
2025-12-18 14:15:00,12.065,12.237,12.06,12.183,12021.13
2025-12-18 14:30:00,12.186,12.279,12.034,12.058,17358.96
2025-12-18 14:45:00,12.075,12.143,12.05,12.131,8275.91
2025-12-18 15:00:00,12.128,12.175,12.021,12.043,7998.92
2025-12-18 15:15:00,12.043,12.19,12.015,12.19,6547.04
2025-12-18 15:30:00,12.197,12.294,12.162,12.265,14870.91
2025-12-18 15:45:00,12.256,12.267,12.155,12.181,7154.14
2025-12-18 16:00:00,12.185,12.19,12.121,12.133,5515.93
2025-12-18 16:15:00,12.111,12.128,12.042,12.077,5438.64
2025-12-18 16:30:00,12.08,12.109,12.05,12.107,3297.48
2025-12-18 16:45:00,12.114,12.148,12.095,12.116,3178.49
2025-12-18 17:00:00,12.111,12.111,11.692,11.714,25063.30
2025-12-18 17:15:00,11.71,11.71,11.405,11.536,90090.48
2025-12-18 17:30:00,11.531,11.656,11.466,11.652,23904.52
2025-12-18 17:45:00,11.651,11.678,11.59,11.647,13897.75
2025-12-18 18:00:00,11.646,11.769,11.599,11.733,16337.19
2025-12-18 18:15:00,11.732,11.747,11.624,11.625,6950.31
2025-12-18 18:30:00,11.625,11.66,11.608,11.635,1537.09
2025-12-18 18:45:00,11.621,11.622,11.501,11.531,32790.99
2025-12-18 19:00:00,11.53,11.561,11.448,11.486,57257.71
2025-12-18 19:15:00,11.494,11.543,11.445,11.522,7253.92
2025-12-18 19:30:00,11.517,11.563,11.339,11.353,21453.68
2025-12-18 19:45:00,11.35,11.38,11.272,11.293,24232.27
2025-12-18 20:00:00,11.293,11.42,11.292,11.384,15229.76
2025-12-18 20:15:00,11.387,11.446,11.368,11.387,8151.02
2025-12-18 20:30:00,11.389,11.4,11.361,11.384,10723.16
2025-12-18 20:45:00,11.383,11.406,11.354,11.358,5252.53
2025-12-18 21:00:00,11.35,11.475,11.35,11.45,7836.95
2025-12-18 21:15:00,11.441,11.523,11.423,11.523,6694.19
2025-12-18 21:30:00,11.517,11.557,11.453,11.472,5900.97
2025-12-18 21:45:00,11.463,11.539,11.463,11.539,4003.61
2025-12-18 22:00:00,11.543,11.572,11.519,11.522,4646.71
2025-12-18 22:15:00,11.526,11.526,11.468,11.492,2207.57
2025-12-18 22:30:00,11.5,11.524,11.476,11.476,5919.30
2025-12-18 22:45:00,11.47,11.484,11.463,11.463,1233.30
2025-12-18 23:00:00,11.468,11.469,11.432,11.455,3724.44
2025-12-18 23:15:00,11.461,11.461,11.421,11.426,1015.59
2025-12-18 23:30:00,11.434,11.459,11.425,11.425,2374.47
2025-12-18 23:45:00,11.428,11.438,11.418,11.438,4099.19
2025-12-19 00:00:00,11.435,11.467,11.422,11.444,2483.62
2025-12-19 00:15:00,11.448,11.458,11.379,11.379,3494.67
2025-12-19 00:30:00,11.388,11.388,11.329,11.332,3437.24
2025-12-19 00:45:00,11.338,11.393,11.328,11.39,3218.39
2025-12-19 01:00:00,11.39,11.39,11.325,11.343,3828.15
2025-12-19 01:15:00,11.346,11.374,11.3,11.3,1445.50
2025-12-19 01:30:00,11.307,11.339,11.292,11.316,1613.05
2025-12-19 01:45:00,11.32,11.343,11.272,11.32,2384.13
2025-12-19 02:00:00,11.318,11.319,11.265,11.289,4068.81
2025-12-19 02:15:00,11.298,11.357,11.29,11.354,2257.57
2025-12-19 02:30:00,11.35,11.36,11.305,11.321,2238.86
2025-12-19 02:45:00,11.35,11.383,11.35,11.353,962.09
2025-12-19 03:00:00,11.352,11.574,11.35,11.545,30261.70
2025-12-19 03:15:00,11.555,11.742,11.475,11.727,17389.47
2025-12-19 03:30:00,11.74,11.81,11.656,11.717,14127.37
2025-12-19 03:45:00,11.743,11.801,11.709,11.728,6301.10
2025-12-19 04:00:00,11.737,11.791,11.736,11.785,20913.06
2025-12-19 04:15:00,11.794,11.794,11.723,11.725,7582.05
2025-12-19 04:30:00,11.735,11.751,11.663,11.663,6567.81
2025-12-19 04:45:00,11.681,11.685,11.657,11.683,10430.16
2025-12-19 05:00:00,11.673,11.674,11.611,11.642,4382.34
2025-12-19 05:15:00,11.656,11.665,11.617,11.617,8192.51
2025-12-19 05:30:00,11.617,11.666,11.609,11.653,2151.66
2025-12-19 05:45:00,11.656,11.709,11.645,11.686,1787.12
2025-12-19 06:00:00,11.694,11.694,11.661,11.67,3249.03
2025-12-19 06:15:00,11.665,11.683,11.649,11.675,904.92
2025-12-19 06:30:00,11.666,11.762,11.649,11.762,3122.84
2025-12-19 06:45:00,11.727,11.776,11.691,11.768,4331.32
2025-12-19 07:00:00,11.8,12.079,11.799,11.961,13575.62
2025-12-19 07:15:00,11.975,11.975,11.878,11.91,14176.72
2025-12-19 07:30:00,11.907,11.917,11.881,11.916,3325.17
2025-12-19 07:45:00,11.914,11.923,11.894,11.923,2688.75
2025-12-19 08:00:00,11.928,11.979,11.921,11.965,14112.75
2025-12-19 08:15:00,11.975,12.016,11.892,11.894,4391.05
2025-12-19 08:30:00,11.888,11.949,11.883,11.944,1752.20
2025-12-19 08:45:00,11.949,11.982,11.949,11.963,627.28
2025-12-19 09:00:00,11.959,11.965,11.913,11.925,1639.90
2025-12-19 09:15:00,11.924,11.947,11.918,11.945,754.53
2025-12-19 09:30:00,11.926,11.934,11.917,11.928,1901.60
2025-12-19 09:45:00,11.93,11.957,11.925,11.953,10410.06
2025-12-19 10:00:00,11.953,11.98,11.929,11.973,4767.02
2025-12-19 10:15:00,11.973,11.977,11.926,11.926,404.32
2025-12-19 10:30:00,11.931,11.94,11.92,11.923,383.75
2025-12-19 10:45:00,11.931,11.948,11.925,11.938,293.98
2025-12-19 11:00:00,11.938,11.982,11.927,11.982,3063.83
2025-12-19 11:15:00,11.967,11.999,11.955,11.997,528.99
2025-12-19 11:30:00,12.025,12.026,11.98,12.011,3716.42
2025-12-19 11:45:00,12.014,12.015,11.982,11.982,1154.05
2025-12-19 12:00:00,11.983,12.002,11.939,12.001,4589.95
2025-12-19 12:15:00,12.004,12.015,11.981,11.981,1849.42
2025-12-19 12:30:00,11.979,11.983,11.963,11.981,439.95
2025-12-19 12:45:00,11.985,11.999,11.967,11.979,179.83
2025-12-19 13:00:00,11.981,11.996,11.968,11.991,2376.55
2025-12-19 13:15:00,11.988,12.021,11.981,11.988,6715.57
2025-12-19 13:30:00,11.989,12.022,11.943,11.999,5457.94
2025-12-19 13:45:00,12.002,12.022,11.998,12.017,1355.43
2025-12-19 14:00:00,12.025,12.065,12.003,12.05,1356.62
2025-12-19 14:15:00,12.053,12.124,12.009,12.042,6079.87
2025-12-19 14:30:00,12.048,12.195,12.008,12.196,14043.26
2025-12-19 14:45:00,12.2,12.245,12.096,12.151,13972.91
2025-12-19 15:00:00,12.151,12.206,12.113,12.206,3626.43
2025-12-19 15:15:00,12.209,12.396,12.149,12.174,41554.73
2025-12-19 15:30:00,12.174,12.225,12.124,12.172,17733.53
2025-12-19 15:45:00,12.178,12.181,12.133,12.178,5567.32
2025-12-19 16:00:00,12.181,12.34,12.174,12.334,16673.94
2025-12-19 16:15:00,12.327,12.353,12.324,12.343,6240.89
2025-12-19 16:30:00,12.332,12.453,12.329,12.353,16607.71
2025-12-19 16:45:00,12.353,12.353,12.298,12.3,2286.22
2025-12-19 17:00:00,12.312,12.372,12.3,12.352,10412.95
2025-12-19 17:15:00,12.351,12.371,12.292,12.293,13039.61
2025-12-19 17:30:00,12.291,12.291,12.192,12.205,5572.28
2025-12-19 17:45:00,12.183,12.218,12.073,12.077,5424.54
2025-12-19 18:00:00,12.079,12.113,12.066,12.113,3420.01
2025-12-19 18:15:00,12.118,12.198,12.117,12.17,7334.18
2025-12-19 18:30:00,12.175,12.178,12.108,12.119,2073.72
2025-12-19 18:45:00,12.121,12.194,12.102,12.174,6826.27
2025-12-19 19:00:00,12.184,12.237,12.184,12.237,17331.91
2025-12-19 19:15:00,12.238,12.325,12.238,12.295,21387.04
2025-12-19 19:30:00,12.295,12.362,12.293,12.352,1391.53
2025-12-19 19:45:00,12.348,12.359,12.316,12.326,2826.80
2025-12-19 20:00:00,12.328,12.346,12.299,12.32,2937.55
2025-12-19 20:15:00,12.324,12.38,12.317,12.334,899.83
2025-12-19 20:30:00,12.338,12.375,12.322,12.343,1266.73
2025-12-19 20:45:00,12.342,12.366,12.33,12.356,1448.22
2025-12-19 21:00:00,12.349,12.349,12.313,12.321,2791.07
2025-12-19 21:15:00,12.322,12.331,12.298,12.305,2252.95
2025-12-19 21:30:00,12.305,12.324,12.289,12.289,734.36
2025-12-19 21:45:00,12.291,12.295,12.251,12.258,1925.28
2025-12-19 22:00:00,12.256,12.326,12.256,12.282,2855.18
2025-12-19 22:15:00,12.293,12.321,12.293,12.313,897.63
2025-12-19 22:30:00,12.317,12.323,12.302,12.306,1668.78
2025-12-19 22:45:00,12.308,12.316,12.289,12.293,885.26
2025-12-19 23:00:00,12.293,12.308,12.269,12.27,1704.48
2025-12-19 23:15:00,12.268,12.282,12.265,12.28,2211.94
2025-12-19 23:30:00,12.278,12.278,12.241,12.257,1561.99
2025-12-19 23:45:00,12.253,12.26,12.238,12.249,2268.33
2025-12-20 00:00:00,12.249,12.264,12.237,12.255,1232.49
2025-12-20 00:15:00,12.26,12.263,12.247,12.255,4211.99
2025-12-20 00:30:00,12.253,12.253,12.214,12.222,6247.29
2025-12-20 00:45:00,12.225,12.23,12.206,12.217,12085.38
2025-12-20 01:00:00,12.216,12.219,12.194,12.216,4850.17
2025-12-20 01:15:00,12.218,12.237,12.199,12.215,2628.80
2025-12-20 01:30:00,12.216,12.221,12.207,12.208,304.04
2025-12-20 01:45:00,12.212,12.222,12.204,12.205,1285.86
2025-12-20 02:00:00,12.209,12.209,12.193,12.198,1935.10
2025-12-20 02:15:00,12.199,12.217,12.195,12.208,864.54
2025-12-20 02:30:00,12.203,12.257,12.202,12.257,2679.37
2025-12-20 02:45:00,12.25,12.25,12.21,12.21,2257.12
2025-12-20 03:00:00,12.222,12.225,12.205,12.207,882.94
2025-12-20 03:15:00,12.206,12.241,12.206,12.233,3408.85
2025-12-20 03:30:00,12.235,12.28,12.235,12.275,2672.55
2025-12-20 03:45:00,12.274,12.274,12.247,12.247,765.58
2025-12-20 04:00:00,12.251,12.255,12.195,12.198,1838.65
2025-12-20 04:15:00,12.198,12.211,12.191,12.206,847.61
2025-12-20 04:30:00,12.204,12.224,12.204,12.222,538.32
2025-12-20 04:45:00,12.22,12.235,12.207,12.215,995.48
2025-12-20 05:00:00,12.224,12.24,12.216,12.237,446.85
2025-12-20 05:15:00,12.238,12.254,12.227,12.247,950.97
2025-12-20 05:30:00,12.245,12.272,12.239,12.263,1550.32
2025-12-20 05:45:00,12.26,12.269,12.24,12.24,5020.98
2025-12-20 06:00:00,12.24,12.265,12.237,12.259,224.35
2025-12-20 06:15:00,12.257,12.26,12.248,12.25,566.34
2025-12-20 06:30:00,12.25,12.261,12.246,12.25,394.75
2025-12-20 06:45:00,12.256,12.269,12.248,12.269,91.89
2025-12-20 07:00:00,12.273,12.292,12.249,12.256,569.38
2025-12-20 07:15:00,12.262,12.28,12.235,12.28,957.17
2025-12-20 07:30:00,12.285,12.337,12.282,12.318,593.76
2025-12-20 07:45:00,12.317,12.331,12.315,12.329,2942.59
2025-12-20 08:00:00,12.328,12.351,12.328,12.343,571.73
2025-12-20 08:15:00,12.347,12.371,12.345,12.352,3963.12
2025-12-20 08:30:00,12.357,12.364,12.335,12.339,2869.56
2025-12-20 08:45:00,12.335,12.344,12.323,12.326,305.11
2025-12-20 09:00:00,12.327,12.356,12.324,12.341,2336.04
2025-12-20 09:15:00,12.342,12.354,12.34,12.347,907.32
2025-12-20 09:30:00,12.357,12.361,12.346,12.355,810.65
2025-12-20 09:45:00,12.361,12.361,12.326,12.328,501.43
2025-12-20 10:00:00,12.329,12.333,12.31,12.31,2817.94
2025-12-20 10:15:00,12.307,12.309,12.278,12.278,1432.91
2025-12-20 10:30:00,12.28,12.281,12.252,12.271,357.59
2025-12-20 10:45:00,12.271,12.271,12.25,12.253,456.13
2025-12-20 11:00:00,12.254,12.257,12.239,12.257,380.80
2025-12-20 11:15:00,12.258,12.297,12.254,12.294,1425.88
2025-12-20 11:30:00,12.294,12.294,12.278,12.29,945.83
2025-12-20 11:45:00,12.295,12.307,12.289,12.306,480.97
2025-12-20 12:00:00,12.301,12.305,12.286,12.288,2145.25
2025-12-20 12:15:00,12.287,12.287,12.273,12.276,773.45
2025-12-20 12:30:00,12.276,12.277,12.266,12.269,208.70
2025-12-20 12:45:00,12.271,12.281,12.27,12.273,791.43
2025-12-20 13:00:00,12.27,12.295,12.24,12.24,2088.01
2025-12-20 13:15:00,12.24,12.241,12.198,12.216,1348.61
2025-12-20 13:30:00,12.21,12.236,12.207,12.235,674.94
2025-12-20 13:45:00,12.239,12.249,12.239,12.241,158.32
2025-12-20 14:00:00,12.237,12.238,12.164,12.174,7100.85
2025-12-20 14:15:00,12.174,12.188,12.174,12.182,565.92
2025-12-20 14:30:00,12.188,12.225,12.183,12.225,656.83
2025-12-20 14:45:00,12.23,12.272,12.224,12.266,3218.33
2025-12-20 15:00:00,12.264,12.275,12.249,12.257,581.68
2025-12-20 15:15:00,12.255,12.26,12.211,12.24,693.80
2025-12-20 15:30:00,12.244,12.27,12.244,12.254,904.95
2025-12-20 15:45:00,12.252,12.271,12.252,12.267,136.94
2025-12-20 16:00:00,12.27,12.294,12.27,12.282,2422.09
2025-12-20 16:15:00,12.277,12.291,12.274,12.28,878.76
2025-12-20 16:30:00,12.282,12.288,12.262,12.272,811.57
2025-12-20 16:45:00,12.273,12.291,12.273,12.291,1047.62
2025-12-20 17:00:00,12.291,12.306,12.26,12.275,3568.19
2025-12-20 17:15:00,12.279,12.289,12.274,12.275,1770.42
2025-12-20 17:30:00,12.275,12.277,12.257,12.258,1052.53
2025-12-20 17:45:00,12.257,12.261,12.25,12.255,787.76
2025-12-20 18:00:00,12.256,12.264,12.231,12.233,2095.53
2025-12-20 18:15:00,12.239,12.253,12.237,12.248,1236.00
2025-12-20 18:30:00,12.253,12.26,12.238,12.244,263.59
2025-12-20 18:45:00,12.243,12.275,12.236,12.26,1513.61
2025-12-20 19:00:00,12.261,12.275,12.247,12.273,1001.91
2025-12-20 19:15:00,12.266,12.266,12.247,12.257,1994.02
2025-12-20 19:30:00,12.252,12.255,12.243,12.248,45.29
2025-12-20 19:45:00,12.248,12.263,12.246,12.257,799.08
2025-12-20 20:00:00,12.258,12.258,12.247,12.253,7086.53
2025-12-20 20:15:00,12.251,12.263,12.249,12.255,16361.70
2025-12-20 20:30:00,12.253,12.277,12.251,12.258,2066.68
2025-12-20 20:45:00,12.262,12.272,12.258,12.271,2083.36
2025-12-20 21:00:00,12.276,12.276,12.248,12.249,2779.41
2025-12-20 21:15:00,12.251,12.269,12.243,12.248,2022.29
2025-12-20 21:30:00,12.252,12.26,12.241,12.242,856.79
2025-12-20 21:45:00,12.242,12.242,12.209,12.209,3693.50
2025-12-20 22:00:00,12.21,12.21,12.177,12.189,2035.25
2025-12-20 22:15:00,12.186,12.186,12.139,12.17,2754.98
2025-12-20 22:30:00,12.171,12.178,12.159,12.178,1106.68
2025-12-20 22:45:00,12.167,12.186,12.157,12.158,442.89
2025-12-20 23:00:00,12.154,12.196,12.122,12.195,4742.27
2025-12-20 23:15:00,12.196,12.218,12.172,12.18,766.00
2025-12-20 23:30:00,12.176,12.209,12.176,12.193,1035.71
2025-12-20 23:45:00,12.197,12.213,12.191,12.202,1526.32
2025-12-21 00:00:00,12.203,12.216,12.196,12.198,2642.49
2025-12-21 00:15:00,12.197,12.22,12.197,12.212,577.05
2025-12-21 00:30:00,12.21,12.215,12.191,12.207,289.36
2025-12-21 00:45:00,12.208,12.242,12.204,12.242,564.62
2025-12-21 01:00:00,12.242,12.246,12.215,12.217,1291.54
2025-12-21 01:15:00,12.217,12.219,12.201,12.201,8617.20
2025-12-21 01:30:00,12.192,12.198,12.142,12.144,2384.98
2025-12-21 01:45:00,12.142,12.167,12.142,12.146,8832.72
2025-12-21 02:00:00,12.145,12.177,12.139,12.149,5253.33
2025-12-21 02:15:00,12.145,12.147,12.086,12.123,4214.29
2025-12-21 02:30:00,12.117,12.12,12.087,12.106,1653.75
2025-12-21 02:45:00,12.104,12.125,12.104,12.117,664.94
2025-12-21 03:00:00,12.116,12.163,12.11,12.162,4831.40
2025-12-21 03:15:00,12.159,12.21,12.159,12.193,7948.42
2025-12-21 03:30:00,12.194,12.204,12.177,12.186,4749.94
2025-12-21 03:45:00,12.189,12.19,12.179,12.181,1026.70
2025-12-21 04:00:00,12.181,12.192,12.171,12.18,1199.92
2025-12-21 04:15:00,12.178,12.182,12.167,12.173,269.96
2025-12-21 04:30:00,12.172,12.172,12.156,12.156,212.52
2025-12-21 04:45:00,12.158,12.169,12.155,12.157,979.07
2025-12-21 05:00:00,12.158,12.17,12.15,12.17,2601.57
2025-12-21 05:15:00,12.175,12.176,12.156,12.156,799.39
2025-12-21 05:30:00,12.156,12.158,12.134,12.139,1808.95
2025-12-21 05:45:00,12.142,12.146,12.133,12.137,2976.09
2025-12-21 06:00:00,12.136,12.15,12.128,12.144,2248.31
2025-12-21 06:15:00,12.147,12.156,12.124,12.126,503.77
2025-12-21 06:30:00,12.133,12.137,12.129,12.13,76.98
2025-12-21 06:45:00,12.139,12.146,12.128,12.128,399.41
2025-12-21 07:00:00,12.126,12.13,12.11,12.118,2890.69
2025-12-21 07:15:00,12.116,12.13,12.112,12.124,1068.21
2025-12-21 07:30:00,12.124,12.124,12.111,12.117,1242.67
2025-12-21 07:45:00,12.113,12.122,12.109,12.116,349.89
2025-12-21 08:00:00,12.12,12.124,12.101,12.11,1082.74
2025-12-21 08:15:00,12.107,12.135,12.096,12.135,1148.04
2025-12-21 08:30:00,12.131,12.232,12.131,12.207,4888.26
2025-12-21 08:45:00,12.218,12.219,12.188,12.209,1283.72
2025-12-21 09:00:00,12.211,12.292,12.211,12.282,5191.21
2025-12-21 09:15:00,12.28,12.305,12.256,12.256,3075.01
2025-12-21 09:30:00,12.256,12.326,12.256,12.278,1410.31
2025-12-21 09:45:00,12.28,12.307,12.247,12.266,2833.75
2025-12-21 10:00:00,12.277,12.292,12.245,12.245,1877.42
2025-12-21 10:15:00,12.252,12.269,12.234,12.242,836.48
2025-12-21 10:30:00,12.239,12.243,12.212,12.221,997.29
2025-12-21 10:45:00,12.221,12.221,12.19,12.215,1581.80
2025-12-21 11:00:00,12.217,12.233,12.213,12.216,1072.82
2025-12-21 11:15:00,12.216,12.277,12.216,12.243,2353.25
2025-12-21 11:30:00,12.245,12.255,12.235,12.238,1272.90
2025-12-21 11:45:00,12.234,12.241,12.23,12.237,352.17
2025-12-21 12:00:00,12.237,12.256,12.229,12.248,751.43
2025-12-21 12:15:00,12.252,12.272,12.252,12.269,639.12
2025-12-21 12:30:00,12.27,12.282,12.205,12.213,1150.46
2025-12-21 12:45:00,12.2,12.228,12.2,12.226,743.17
2025-12-21 13:00:00,12.233,12.233,12.098,12.13,10374.15
2025-12-21 13:15:00,12.121,12.123,12.066,12.068,2327.40
2025-12-21 13:30:00,12.069,12.084,11.999,12.02,14150.17
2025-12-21 13:45:00,12.02,12.028,11.966,11.98,4916.45
2025-12-21 14:00:00,11.972,12.054,11.947,11.999,17522.02
2025-12-21 14:15:00,12.005,12.042,12.005,12.032,5715.73
2025-12-21 14:30:00,12.026,12.047,12.004,12.038,2698.05
2025-12-21 14:45:00,12.036,12.05,12.029,12.049,624.40
2025-12-21 15:00:00,12.053,12.059,12.022,12.044,3410.69
2025-12-21 15:15:00,12.037,12.046,12.013,12.028,653.82
2025-12-21 15:30:00,12.028,12.051,12.01,12.02,125.33
2025-12-21 15:45:00,12.02,12.1,12.019,12.092,3391.36
2025-12-21 16:00:00,12.088,12.099,12.059,12.059,3514.81
2025-12-21 16:15:00,12.059,12.148,12.055,12.125,3340.16
2025-12-21 16:30:00,12.129,12.138,12.107,12.11,1173.67
2025-12-21 16:45:00,12.11,12.125,12.1,12.124,1381.57
2025-12-21 17:00:00,12.132,12.165,12.11,12.165,6719.00
2025-12-21 17:15:00,12.16,12.169,12.12,12.127,5204.76
2025-12-21 17:30:00,12.121,12.136,12.106,12.108,756.51
2025-12-21 17:45:00,12.11,12.11,12.08,12.084,254.86
2025-12-21 18:00:00,12.085,12.088,11.998,12.008,5811.22
2025-12-21 18:15:00,12.006,12.037,12.003,12.037,1318.05
2025-12-21 18:30:00,12.033,12.062,12.033,12.056,1898.31
2025-12-21 18:45:00,12.061,12.076,12.05,12.072,1465.65
2025-12-21 19:00:00,12.08,12.115,12.075,12.095,3386.21
2025-12-21 19:15:00,12.096,12.1,12.086,12.087,501.17
2025-12-21 19:30:00,12.084,12.101,12.048,12.1,1429.07
2025-12-21 19:45:00,12.102,12.133,12.093,12.121,2270.22
2025-12-21 20:00:00,12.117,12.117,12.08,12.08,2115.17
2025-12-21 20:15:00,12.089,12.089,12.064,12.071,428.10
2025-12-21 20:30:00,12.074,12.086,12.07,12.07,441.93
2025-12-21 20:45:00,12.069,12.071,12.051,12.057,2005.99
2025-12-21 21:00:00,12.058,12.058,12.036,12.04,2844.22
2025-12-21 21:15:00,12.038,12.057,12.038,12.04,729.49
2025-12-21 21:30:00,12.032,12.05,12.01,12.01,1800.65
2025-12-21 21:45:00,12.005,12.009,11.978,11.989,1369.90
2025-12-21 22:00:00,11.988,12.042,11.982,12.042,2873.03
2025-12-21 22:15:00,12.042,12.06,12.012,12.029,2424.65
2025-12-21 22:30:00,12.036,12.055,12.025,12.055,522.25
2025-12-21 22:45:00,12.055,12.122,12.054,12.122,28027.65
2025-12-21 23:00:00,12.125,12.239,12.125,12.162,10158.50
2025-12-21 23:15:00,12.162,12.191,12.134,12.134,3243.32
2025-12-21 23:30:00,12.117,12.13,12.091,12.114,433.57
2025-12-21 23:45:00,12.12,12.161,12.119,12.139,3055.11
2025-12-22 00:00:00,12.14,12.332,12.14,12.31,15449.76
2025-12-22 00:15:00,12.341,12.407,12.235,12.303,17899.95
2025-12-22 00:30:00,12.31,12.327,12.254,12.296,9030.98
2025-12-22 00:45:00,12.28,12.311,12.227,12.227,2128.54
2025-12-22 01:00:00,12.222,12.258,12.214,12.238,9467.38
2025-12-22 01:15:00,12.25,12.289,12.243,12.266,2874.43
2025-12-22 01:30:00,12.273,12.304,12.266,12.271,509.18
2025-12-22 01:45:00,12.28,12.284,12.167,12.18,11788.08
2025-12-22 02:00:00,12.18,12.18,12.001,12.075,18448.13
2025-12-22 02:15:00,12.068,12.089,12.042,12.067,11014.24
2025-12-22 02:30:00,12.06,12.095,12.057,12.072,1500.40
2025-12-22 02:45:00,12.081,12.103,12.081,12.092,1169.83
2025-12-22 03:00:00,12.095,12.146,12.062,12.104,4120.37
2025-12-22 03:15:00,12.107,12.177,12.107,12.177,924.99
2025-12-22 03:30:00,12.185,12.21,12.148,12.18,2126.45
2025-12-22 03:45:00,12.18,12.198,12.166,12.192,624.28
2025-12-22 04:00:00,12.197,12.23,12.192,12.215,1580.77
2025-12-22 04:15:00,12.21,12.245,12.207,12.245,2225.08
2025-12-22 04:30:00,12.248,12.261,12.206,12.244,3057.26
2025-12-22 04:45:00,12.244,12.248,12.211,12.217,424.81
2025-12-22 05:00:00,12.232,12.232,12.189,12.21,1867.19
2025-12-22 05:15:00,12.207,12.211,12.17,12.17,940.42
2025-12-22 05:30:00,12.17,12.2,12.164,12.187,565.59
2025-12-22 05:45:00,12.183,12.205,12.177,12.177,1657.07
2025-12-22 06:00:00,12.174,12.174,12.137,12.143,594.59
2025-12-22 06:15:00,12.143,12.187,12.142,12.156,926.66
2025-12-22 06:30:00,12.158,12.176,12.152,12.176,469.43
2025-12-22 06:45:00,12.165,12.169,12.151,12.154,734.50
2025-12-22 07:00:00,12.135,12.187,12.124,12.182,3371.28
2025-12-22 07:15:00,12.184,12.19,12.17,12.175,2645.54
2025-12-22 07:30:00,12.176,12.196,12.176,12.195,33847.25
2025-12-22 07:45:00,12.192,12.192,12.166,12.186,10328.06
2025-12-22 08:00:00,12.188,12.215,12.16,12.168,4636.49
2025-12-22 08:15:00,12.179,12.311,12.174,12.3,6863.18
2025-12-22 08:30:00,12.3,12.325,12.269,12.276,5034.72
2025-12-22 08:45:00,12.279,12.28,12.194,12.207,5321.92
2025-12-22 09:00:00,12.21,12.215,12.185,12.186,6860.17
2025-12-22 09:15:00,12.186,12.23,12.185,12.219,1150.36
2025-12-22 09:30:00,12.21,12.239,12.2,12.21,2980.78
2025-12-22 09:45:00,12.204,12.243,12.196,12.235,2487.08
2025-12-22 10:00:00,12.252,12.256,12.215,12.24,2598.79
2025-12-22 10:15:00,12.244,12.273,12.244,12.26,1677.82
2025-12-22 10:30:00,12.26,12.274,12.256,12.27,1194.24
2025-12-22 10:45:00,12.268,12.284,12.257,12.278,1462.96
2025-12-22 11:00:00,12.281,12.29,12.275,12.282,1037.55
2025-12-22 11:15:00,12.282,12.282,12.248,12.269,509.95
2025-12-22 11:30:00,12.272,12.33,12.267,12.31,1285.96
2025-12-22 11:45:00,12.311,12.368,12.3,12.356,6508.12
2025-12-22 12:00:00,12.352,12.397,12.339,12.345,4253.55
2025-12-22 12:15:00,12.35,12.369,12.345,12.367,1224.79
2025-12-22 12:30:00,12.367,12.437,12.345,12.373,4253.92
2025-12-22 12:45:00,12.363,12.366,12.345,12.364,711.75
2025-12-22 13:00:00,12.368,12.376,12.332,12.349,2126.15
2025-12-22 13:15:00,12.346,12.363,12.337,12.349,581.30
2025-12-22 13:30:00,12.35,12.35,12.325,12.331,1361.20
2025-12-22 13:45:00,12.332,12.371,12.331,12.367,1339.31
2025-12-22 14:00:00,12.373,12.393,12.363,12.386,13209.90
2025-12-22 14:15:00,12.388,12.406,12.352,12.357,651.84
2025-12-22 14:30:00,12.346,12.397,12.305,12.349,7773.68
2025-12-22 14:45:00,12.336,12.406,12.336,12.363,2687.23
2025-12-22 15:00:00,12.365,12.436,12.34,12.34,29599.76
2025-12-22 15:15:00,12.348,12.37,12.284,12.347,23031.65
2025-12-22 15:30:00,12.338,12.339,12.277,12.325,3837.47
2025-12-22 15:45:00,12.323,12.388,12.315,12.365,3632.20
2025-12-22 16:00:00,12.372,12.392,12.354,12.383,6736.07
2025-12-22 16:15:00,12.385,12.404,12.374,12.398,3219.91
2025-12-22 16:30:00,12.386,12.386,12.345,12.352,2008.58
2025-12-22 16:45:00,12.344,12.371,12.344,12.362,698.27
2025-12-22 17:00:00,12.365,12.366,12.314,12.336,6581.98
2025-12-22 17:15:00,12.334,12.367,12.33,12.364,5363.85
2025-12-22 17:30:00,12.363,12.368,12.34,12.34,6756.23
2025-12-22 17:45:00,12.34,12.375,12.333,12.373,5928.05
2025-12-22 18:00:00,12.374,12.39,12.366,12.379,3436.38
2025-12-22 18:15:00,12.379,12.395,12.376,12.388,8415.71
2025-12-22 18:30:00,12.391,12.391,12.376,12.385,835.64
2025-12-22 18:45:00,12.378,12.379,12.33,12.342,3233.03
2025-12-22 19:00:00,12.341,12.341,12.216,12.263,23713.47
2025-12-22 19:15:00,12.261,12.295,12.22,12.233,1463.95
2025-12-22 19:30:00,12.225,12.234,12.174,12.203,6104.81
2025-12-22 19:45:00,12.2,12.202,12.117,12.139,6106.78
2025-12-22 20:00:00,12.136,12.181,12.114,12.16,4134.87
2025-12-22 20:15:00,12.152,12.157,12.083,12.086,5186.32
2025-12-22 20:30:00,12.088,12.144,12.074,12.144,2537.48
2025-12-22 20:45:00,12.139,12.18,12.139,12.164,2749.59
2025-12-22 21:00:00,12.164,12.22,12.161,12.206,1164.57
2025-12-22 21:15:00,12.207,12.254,12.203,12.245,1822.66
2025-12-22 21:30:00,12.249,12.348,12.249,12.336,10208.96
2025-12-22 21:45:00,12.336,12.34,12.314,12.324,7351.35
2025-12-22 22:00:00,12.32,12.343,12.276,12.335,6736.12
2025-12-22 22:15:00,12.314,12.35,12.296,12.326,6728.08
2025-12-22 22:30:00,12.327,12.343,12.323,12.336,1193.11
2025-12-22 22:45:00,12.333,12.398,12.333,12.397,8883.37
2025-12-22 23:00:00,12.396,12.42,12.34,12.38,11356.50
2025-12-22 23:15:00,12.368,12.427,12.363,12.423,3601.05
2025-12-22 23:30:00,12.429,12.435,12.37,12.387,2353.34
2025-12-22 23:45:00,12.385,12.406,12.371,12.404,2875.95
2025-12-23 00:00:00,12.414,12.425,12.386,12.396,7532.98
2025-12-23 00:15:00,12.399,12.428,12.395,12.404,4668.65
2025-12-23 00:30:00,12.404,12.546,12.393,12.447,14002.47
2025-12-23 00:45:00,12.457,12.475,12.45,12.462,3777.56
2025-12-23 01:00:00,12.468,12.498,12.425,12.434,3583.63
2025-12-23 01:15:00,12.429,12.516,12.429,12.503,5012.28
2025-12-23 01:30:00,12.492,12.52,12.445,12.448,9952.30
2025-12-23 01:45:00,12.435,12.472,12.435,12.445,11855.42
2025-12-23 02:00:00,12.448,12.488,12.42,12.471,2123.05
2025-12-23 02:15:00,12.474,12.49,12.467,12.475,1203.46
2025-12-23 02:30:00,12.484,12.492,12.401,12.409,5440.57
2025-12-23 02:45:00,12.41,12.416,12.385,12.388,1184.83
2025-12-23 03:00:00,12.388,12.388,12.326,12.362,12597.32
2025-12-23 03:15:00,12.363,12.39,12.357,12.375,4607.42
2025-12-23 03:30:00,12.372,12.413,12.371,12.411,503.39
2025-12-23 03:45:00,12.425,12.426,12.406,12.406,2943.53
2025-12-23 04:00:00,12.401,12.42,12.378,12.409,2707.93
2025-12-23 04:15:00,12.405,12.405,12.385,12.389,1303.71
2025-12-23 04:30:00,12.385,12.387,12.344,12.356,2835.89
2025-12-23 04:45:00,12.356,12.356,12.323,12.327,7008.36
2025-12-23 05:00:00,12.328,12.343,12.319,12.329,439.85
2025-12-23 05:15:00,12.318,12.339,12.318,12.334,792.16
2025-12-23 05:30:00,12.329,12.329,12.25,12.298,55632.90
2025-12-23 05:45:00,12.294,12.304,12.279,12.296,1441.98
2025-12-23 06:00:00,12.294,12.294,12.243,12.26,4004.37
2025-12-23 06:15:00,12.252,12.259,12.15,12.162,10250.26
2025-12-23 06:30:00,12.155,12.165,12.118,12.164,2271.59
2025-12-23 06:45:00,12.162,12.211,12.154,12.188,2719.88
2025-12-23 07:00:00,12.187,12.194,12.155,12.157,1914.41
2025-12-23 07:15:00,12.16,12.205,12.153,12.2,605.53
2025-12-23 07:30:00,12.195,12.198,12.169,12.194,139.05
2025-12-23 07:45:00,12.193,12.204,12.178,12.186,735.33
2025-12-23 08:00:00,12.185,12.276,12.177,12.251,3646.32
2025-12-23 08:15:00,12.25,12.273,12.249,12.249,3128.14
2025-12-23 08:30:00,12.248,12.256,12.228,12.232,819.72
2025-12-23 08:45:00,12.23,12.23,12.173,12.181,745.15
2025-12-23 09:00:00,12.18,12.223,12.177,12.202,3088.31
2025-12-23 09:15:00,12.199,12.206,12.155,12.183,7115.05
2025-12-23 09:30:00,12.189,12.189,12.152,12.174,3957.35
2025-12-23 09:45:00,12.177,12.189,12.173,12.187,2366.21
2025-12-23 10:00:00,12.182,12.218,12.181,12.196,5461.48
2025-12-23 10:15:00,12.194,12.237,12.192,12.221,311.96
2025-12-23 10:30:00,12.221,12.221,12.2,12.212,994.87
2025-12-23 10:45:00,12.209,12.248,12.209,12.226,608.62
2025-12-23 11:00:00,12.224,12.243,12.213,12.232,3996.50
2025-12-23 11:15:00,12.234,12.291,12.231,12.274,10292.41
2025-12-23 11:30:00,12.284,12.321,12.277,12.305,4335.15
2025-12-23 11:45:00,12.303,12.305,12.278,12.287,983.68
2025-12-23 12:00:00,12.282,12.282,12.212,12.234,1555.47
2025-12-23 12:15:00,12.227,12.228,12.168,12.168,3002.64
2025-12-23 12:30:00,12.164,12.189,12.153,12.181,2287.85
2025-12-23 12:45:00,12.18,12.196,12.168,12.168,1227.34
2025-12-23 13:00:00,12.165,12.183,12.162,12.177,1020.43
2025-12-23 13:15:00,12.173,12.195,12.162,12.195,795.35
2025-12-23 13:30:00,12.19,12.212,12.014,12.12,20359.30
2025-12-23 13:45:00,12.106,12.106,12.049,12.068,7823.59
2025-12-23 14:00:00,12.061,12.1,12.048,12.07,19544.14
2025-12-23 14:15:00,12.07,12.07,12.012,12.03,9235.81
2025-12-23 14:30:00,12.026,12.081,11.976,12.004,17914.92
2025-12-23 14:45:00,12.003,12.017,11.831,11.929,37360.13
2025-12-23 15:00:00,11.926,11.969,11.88,11.901,16979.74
2025-12-23 15:15:00,11.932,11.986,11.928,11.928,3329.46
2025-12-23 15:30:00,11.954,11.96,11.924,11.933,2086.54
2025-12-23 15:45:00,11.921,11.949,11.91,11.941,1035.55
2025-12-23 16:00:00,11.94,12.046,11.907,11.992,20997.21
2025-12-23 16:15:00,12.004,12.058,12.002,12.018,16036.15
2025-12-23 16:30:00,12.021,12.028,11.989,12.014,1383.87
2025-12-23 16:45:00,12.015,12.064,12.015,12.042,1649.85
2025-12-23 17:00:00,12.041,12.1,12.026,12.03,13085.69
2025-12-23 17:15:00,12.027,12.061,12.027,12.036,1206.80
2025-12-23 17:30:00,12.025,12.039,12.014,12.039,1563.56
2025-12-23 17:45:00,12.037,12.037,11.954,11.965,6375.55
2025-12-23 18:00:00,11.965,12.035,11.964,12.018,4287.20
2025-12-23 18:15:00,12.021,12.074,12.018,12.064,2070.07
2025-12-23 18:30:00,12.069,12.158,12.064,12.154,1808.47
2025-12-23 18:45:00,12.155,12.155,12.131,12.138,1683.39
2025-12-23 19:00:00,12.143,12.18,12.127,12.135,6215.69
2025-12-23 19:15:00,12.136,12.144,12.086,12.086,3048.40
2025-12-23 19:30:00,12.086,12.112,12.082,12.107,728.12
2025-12-23 19:45:00,12.107,12.11,12.091,12.109,807.02
2025-12-23 20:00:00,12.112,12.121,12.077,12.1,4361.35
2025-12-23 20:15:00,12.099,12.163,12.093,12.147,7948.40
2025-12-23 20:30:00,12.15,12.311,12.143,12.288,14585.69
2025-12-23 20:45:00,12.296,12.302,12.239,12.256,5704.80
2025-12-23 21:00:00,12.265,12.324,12.219,12.231,7847.07
2025-12-23 21:15:00,12.231,12.273,12.231,12.262,1691.50
2025-12-23 21:30:00,12.274,12.279,12.25,12.251,944.13
2025-12-23 21:45:00,12.26,12.26,12.22,12.235,1099.57
2025-12-23 22:00:00,12.238,12.287,12.182,12.192,6560.48
2025-12-23 22:15:00,12.197,12.241,12.196,12.212,758.89
2025-12-23 22:30:00,12.193,12.202,12.165,12.202,12873.45
2025-12-23 22:45:00,12.195,12.195,12.164,12.173,213.41
2025-12-23 23:00:00,12.176,12.176,12.123,12.134,1012.62
2025-12-23 23:15:00,12.122,12.144,12.117,12.142,797.68
2025-12-23 23:30:00,12.161,12.191,12.161,12.191,1250.90
2025-12-23 23:45:00,12.187,12.189,12.177,12.178,365.24
2025-12-24 00:00:00,12.176,12.201,12.127,12.133,5892.26
2025-12-24 00:15:00,12.132,12.154,12.127,12.145,10964.90
2025-12-24 00:30:00,12.141,12.172,12.128,12.162,5707.06
2025-12-24 00:45:00,12.165,12.187,12.15,12.177,2408.89
2025-12-24 01:00:00,12.18,12.212,12.178,12.186,2269.76
2025-12-24 01:15:00,12.188,12.192,12.176,12.18,573.82
2025-12-24 01:30:00,12.18,12.224,12.158,12.158,3689.79
2025-12-24 01:45:00,12.157,12.174,12.147,12.15,3043.36
2025-12-24 02:00:00,12.146,12.147,12.074,12.087,1696.32
2025-12-24 02:15:00,12.08,12.087,12.071,12.074,756.35
2025-12-24 02:30:00,12.076,12.076,11.974,12.002,5497.18
2025-12-24 02:45:00,11.994,12.02,11.989,11.994,2242.43
2025-12-24 03:00:00,11.994,11.994,11.959,11.974,1876.79
2025-12-24 03:15:00,11.97,12.024,11.963,12.012,3932.15
2025-12-24 03:30:00,12.011,12.045,12.006,12.043,1351.44
2025-12-24 03:45:00,12.045,12.078,12.045,12.056,395.75
2025-12-24 04:00:00,12.065,12.128,12.053,12.116,2093.79
2025-12-24 04:15:00,12.117,12.117,12.055,12.055,1413.88
2025-12-24 04:30:00,12.05,12.05,12.023,12.027,544.29
2025-12-24 04:45:00,12.026,12.032,12.001,12.009,300.52
2025-12-24 05:00:00,12.007,12.045,12.004,12.031,1353.06
2025-12-24 05:15:00,12.023,12.051,12.013,12.016,1159.99
2025-12-24 05:30:00,12.014,12.018,11.976,11.987,1293.45
2025-12-24 05:45:00,11.988,11.988,11.96,11.97,893.35
2025-12-24 06:00:00,11.972,11.972,11.93,11.933,2231.90
2025-12-24 06:15:00,11.931,11.99,11.929,11.988,538.79
2025-12-24 06:30:00,11.975,11.993,11.968,11.992,713.81
2025-12-24 06:45:00,11.996,12.006,11.983,11.986,2098.90
2025-12-24 07:00:00,11.991,12.009,11.988,11.988,1154.24
2025-12-24 07:15:00,11.99,11.99,11.976,11.981,611.61
2025-12-24 07:30:00,11.981,12.017,11.981,11.999,913.48
2025-12-24 07:45:00,12.002,12.02,11.974,11.974,412.76
2025-12-24 08:00:00,11.97,12.011,11.957,11.999,3182.72
2025-12-24 08:15:00,11.995,12.053,11.993,12.035,6975.69
2025-12-24 08:30:00,12.034,12.038,12.003,12.036,451.58
2025-12-24 08:45:00,12.028,12.037,11.985,11.985,1091.50
2025-12-24 09:00:00,11.993,12.047,11.993,12.023,1433.10
2025-12-24 09:15:00,12.02,12.025,12.003,12.014,3189.47
2025-12-24 09:30:00,12.012,12.024,12.004,12.02,1010.81
2025-12-24 09:45:00,12.017,12.037,12.007,12.011,3804.20
2025-12-24 10:00:00,12.01,12.061,12.005,12.061,1407.55
2025-12-24 10:15:00,12.068,12.1,12.059,12.075,1227.80
2025-12-24 10:30:00,12.076,12.085,12.069,12.07,894.91
2025-12-24 10:45:00,12.07,12.073,12.06,12.063,841.31
2025-12-24 11:00:00,12.063,12.098,12.062,12.086,928.55
2025-12-24 11:15:00,12.085,12.109,12.079,12.109,1695.46
2025-12-24 11:30:00,12.111,12.122,12.104,12.12,815.07
2025-12-24 11:45:00,12.122,12.126,12.085,12.095,1302.02
2025-12-24 12:00:00,12.097,12.097,12.076,12.093,3926.63
2025-12-24 12:15:00,12.092,12.127,12.091,12.116,5643.03
2025-12-24 12:30:00,12.112,12.123,12.102,12.112,820.41
2025-12-24 12:45:00,12.108,12.135,12.098,12.131,1308.89
2025-12-24 13:00:00,12.13,12.133,12.106,12.106,1818.80
2025-12-24 13:15:00,12.105,12.11,12.083,12.084,1415.20
2025-12-24 13:30:00,12.084,12.091,12.037,12.049,2272.99
2025-12-24 13:45:00,12.056,12.06,12.045,12.049,906.29
2025-12-24 14:00:00,12.056,12.083,12.056,12.074,1187.33
2025-12-24 14:15:00,12.072,12.072,12.019,12.024,4518.63
2025-12-24 14:30:00,12.024,12.033,11.882,12.014,15243.32
2025-12-24 14:45:00,12.006,12.047,11.963,11.966,5939.24
2025-12-24 15:00:00,11.977,12.014,11.927,11.94,14225.07
2025-12-24 15:15:00,11.939,11.951,11.903,11.94,2276.04
2025-12-24 15:30:00,11.959,12.03,11.959,12.021,7596.04
2025-12-24 15:45:00,12.012,12.019,11.978,11.995,1972.70
2025-12-24 16:00:00,12.006,12.022,11.978,12.0,3496.76
2025-12-24 16:15:00,11.997,12.016,11.935,11.944,2987.89
2025-12-24 16:30:00,11.949,12.076,11.949,12.02,8289.98
2025-12-24 16:45:00,12.025,12.026,11.965,11.965,2390.87
2025-12-24 17:00:00,11.97,12.009,11.96,11.989,1788.32
2025-12-24 17:15:00,11.977,11.997,11.977,11.985,1250.47
2025-12-24 17:30:00,11.983,12.006,11.952,11.953,1765.97
2025-12-24 17:45:00,11.956,11.967,11.915,11.918,2080.21
2025-12-24 18:00:00,11.916,11.928,11.9,11.921,2017.09
2025-12-24 18:15:00,11.926,12.007,11.926,11.996,1437.53
2025-12-24 18:30:00,11.995,11.995,11.964,11.986,789.23
2025-12-24 18:45:00,11.98,11.988,11.97,11.974,504.64
2025-12-24 19:00:00,11.974,11.985,11.966,11.967,519.66
2025-12-24 19:15:00,11.965,12.005,11.965,12.005,2466.32
2025-12-24 19:30:00,12.002,12.031,11.992,12.025,14003.45
2025-12-24 19:45:00,12.028,12.045,12.024,12.026,20839.77
2025-12-24 20:00:00,12.028,12.06,12.016,12.043,7631.69
2025-12-24 20:15:00,12.045,12.061,12.027,12.027,3948.53
2025-12-24 20:30:00,12.028,12.049,12.027,12.042,4422.02
2025-12-24 20:45:00,12.041,12.053,12.033,12.038,3007.51
2025-12-24 21:00:00,12.04,12.056,12.034,12.043,793.91
2025-12-24 21:15:00,12.046,12.052,12.031,12.046,752.29
2025-12-24 21:30:00,12.046,12.067,12.043,12.062,1327.14
2025-12-24 21:45:00,12.067,12.072,12.046,12.072,1708.44
2025-12-24 22:00:00,12.065,12.098,12.058,12.085,647.18
2025-12-24 22:15:00,12.1,12.108,12.078,12.083,13663.45
2025-12-24 22:30:00,12.081,12.136,12.077,12.117,1579.44
2025-12-24 22:45:00,12.128,12.128,12.111,12.118,637.24
2025-12-24 23:00:00,12.121,12.122,12.092,12.101,3658.54
2025-12-24 23:15:00,12.103,12.148,12.094,12.108,2019.93
2025-12-24 23:30:00,12.099,12.123,12.096,12.099,811.10
2025-12-24 23:45:00,12.108,12.118,12.098,12.099,1606.31
2025-12-25 00:00:00,12.101,12.102,12.063,12.087,2260.71
2025-12-25 00:15:00,12.099,12.1,12.07,12.07,374.35
2025-12-25 00:30:00,12.064,12.102,12.062,12.075,1457.47
2025-12-25 00:45:00,12.079,12.086,12.056,12.064,6662.03
2025-12-25 01:00:00,12.063,12.084,12.063,12.08,2485.24
2025-12-25 01:15:00,12.083,12.086,12.069,12.077,798.14
2025-12-25 01:30:00,12.077,12.081,12.049,12.081,928.29
2025-12-25 01:45:00,12.082,12.104,12.082,12.098,2512.15
2025-12-25 02:00:00,12.099,12.118,12.073,12.118,1913.17
2025-12-25 02:15:00,12.12,12.133,12.12,12.128,310.91
2025-12-25 02:30:00,12.132,12.157,12.115,12.157,2759.91
2025-12-25 02:45:00,12.163,12.186,12.162,12.186,1561.42
2025-12-25 03:00:00,12.184,12.218,12.184,12.204,3871.92
2025-12-25 03:15:00,12.198,12.198,12.176,12.193,3259.00
2025-12-25 03:30:00,12.193,12.193,12.143,12.143,1414.15
2025-12-25 03:45:00,12.142,12.153,12.13,12.153,1704.48
2025-12-25 04:00:00,12.154,12.164,12.149,12.149,2094.47
2025-12-25 04:15:00,12.16,12.187,12.16,12.161,1583.89
2025-12-25 04:30:00,12.162,12.189,12.162,12.185,966.09
2025-12-25 04:45:00,12.19,12.204,12.178,12.191,438.99
2025-12-25 05:00:00,12.189,12.194,12.16,12.161,555.55
2025-12-25 05:15:00,12.166,12.173,12.151,12.161,481.28
2025-12-25 05:30:00,12.165,12.174,12.149,12.158,2878.72
2025-12-25 05:45:00,12.159,12.18,12.158,12.17,721.54
2025-12-25 06:00:00,12.172,12.183,12.168,12.17,1000.94
2025-12-25 06:15:00,12.18,12.205,12.179,12.205,228.63
2025-12-25 06:30:00,12.205,12.206,12.169,12.193,2210.84
2025-12-25 06:45:00,12.194,12.203,12.189,12.195,146.99
2025-12-25 07:00:00,12.201,12.203,12.187,12.192,104.77
2025-12-25 07:15:00,12.193,12.198,12.187,12.198,780.50
2025-12-25 07:30:00,12.2,12.204,12.188,12.189,197.65
2025-12-25 07:45:00,12.199,12.255,12.199,12.247,2230.86
2025-12-25 08:00:00,12.248,12.348,12.248,12.268,6415.68
2025-12-25 08:15:00,12.272,12.275,12.194,12.211,1670.54
2025-12-25 08:30:00,12.218,12.234,12.216,12.23,3190.82
2025-12-25 08:45:00,12.23,12.259,12.222,12.257,1729.40
2025-12-25 09:00:00,12.258,12.296,12.241,12.259,4954.07
2025-12-25 09:15:00,12.259,12.279,12.241,12.252,4443.16
2025-12-25 09:30:00,12.262,12.262,12.233,12.242,7962.29
2025-12-25 09:45:00,12.241,12.27,12.241,12.269,942.48
2025-12-25 10:00:00,12.272,12.275,12.221,12.221,4015.51
2025-12-25 10:15:00,12.22,12.237,12.206,12.213,2265.50
2025-12-25 10:30:00,12.211,12.211,12.106,12.126,2128.46
2025-12-25 10:45:00,12.124,12.136,12.119,12.133,1402.43
2025-12-25 11:00:00,12.131,12.17,12.127,12.16,1594.68
2025-12-25 11:15:00,12.161,12.197,12.158,12.194,748.67
2025-12-25 11:30:00,12.195,12.203,12.156,12.162,4956.46
2025-12-25 11:45:00,12.169,12.17,12.15,12.153,227.55
2025-12-25 12:00:00,12.144,12.179,12.144,12.158,13196.60
2025-12-25 12:15:00,12.159,12.186,12.159,12.181,550.40
2025-12-25 12:30:00,12.181,12.181,12.165,12.172,449.23
2025-12-25 12:45:00,12.172,12.188,12.167,12.188,549.57
2025-12-25 13:00:00,12.19,12.239,12.187,12.239,3184.06
2025-12-25 13:15:00,12.242,12.249,12.19,12.204,1000.08
2025-12-25 13:30:00,12.203,12.254,12.195,12.242,581.51
2025-12-25 13:45:00,12.232,12.26,12.23,12.24,589.07
2025-12-25 14:00:00,12.241,12.255,12.228,12.228,586.32
2025-12-25 14:15:00,12.229,12.231,12.147,12.15,803.40
2025-12-25 14:30:00,12.152,12.181,12.152,12.179,156.41
2025-12-25 14:45:00,12.173,12.213,12.173,12.213,257.34
2025-12-25 15:00:00,12.213,12.214,12.187,12.197,635.17
2025-12-25 15:15:00,12.191,12.289,12.186,12.246,1914.41
2025-12-25 15:30:00,12.246,12.374,12.231,12.353,7793.79
2025-12-25 15:45:00,12.352,12.399,12.329,12.349,4086.38
2025-12-25 16:00:00,12.359,12.386,12.343,12.386,4975.68
2025-12-25 16:15:00,12.387,12.422,12.387,12.403,2690.97
2025-12-25 16:30:00,12.406,12.449,12.397,12.419,1984.72
2025-12-25 16:45:00,12.419,12.424,12.356,12.401,5396.49
2025-12-25 17:00:00,12.404,12.407,12.37,12.395,6271.21
2025-12-25 17:15:00,12.393,12.422,12.384,12.395,1842.13
2025-12-25 17:30:00,12.399,12.412,12.392,12.408,756.54
2025-12-25 17:45:00,12.403,12.422,12.397,12.4,737.01
2025-12-25 18:00:00,12.399,12.447,12.398,12.446,1229.91
2025-12-25 18:15:00,12.442,12.481,12.431,12.454,2236.90
2025-12-25 18:30:00,12.458,12.544,12.44,12.496,8133.43
2025-12-25 18:45:00,12.494,12.497,12.476,12.478,1825.23
2025-12-25 19:00:00,12.48,12.492,12.474,12.491,1571.62
2025-12-25 19:15:00,12.489,12.491,12.448,12.458,2067.92
2025-12-25 19:30:00,12.456,12.467,12.428,12.457,724.44
2025-12-25 19:45:00,12.455,12.485,12.446,12.472,910.76
2025-12-25 20:00:00,12.477,12.49,12.455,12.49,182.36
2025-12-25 20:15:00,12.492,12.494,12.425,12.429,3062.02
2025-12-25 20:30:00,12.426,12.432,12.405,12.414,1261.52
2025-12-25 20:45:00,12.422,12.441,12.419,12.431,2077.95
2025-12-25 21:00:00,12.435,12.435,12.405,12.434,393.12
2025-12-25 21:15:00,12.432,12.441,12.419,12.425,399.06
2025-12-25 21:30:00,12.424,12.425,12.415,12.417,298.74
2025-12-25 21:45:00,12.418,12.423,12.411,12.418,107.34
2025-12-25 22:00:00,12.417,12.428,12.39,12.395,1043.20
2025-12-25 22:15:00,12.383,12.403,12.383,12.393,748.05
2025-12-25 22:30:00,12.39,12.391,12.348,12.357,1053.38
2025-12-25 22:45:00,12.347,12.347,12.233,12.309,15106.15
2025-12-25 23:00:00,12.303,12.321,12.276,12.301,3051.06
2025-12-25 23:15:00,12.293,12.304,12.276,12.285,1512.34
2025-12-25 23:30:00,12.281,12.281,12.092,12.099,11735.29
2025-12-25 23:45:00,12.091,12.11,12.044,12.075,7538.60
2025-12-26 00:00:00,12.074,12.105,12.036,12.06,14937.64
2025-12-26 00:15:00,12.052,12.115,12.023,12.045,3404.92
2025-12-26 00:30:00,12.051,12.076,12.022,12.049,1819.50
2025-12-26 00:45:00,12.05,12.108,12.049,12.107,3966.75
2025-12-26 01:00:00,12.11,12.216,12.104,12.207,6705.44
2025-12-26 01:15:00,12.221,12.267,12.194,12.263,10656.02
2025-12-26 01:30:00,12.262,12.319,12.261,12.302,3642.70
2025-12-26 01:45:00,12.308,12.337,12.308,12.327,6188.47
2025-12-26 02:00:00,12.331,12.457,12.33,12.457,32667.34
2025-12-26 02:15:00,12.463,12.569,12.462,12.542,16751.28
2025-12-26 02:30:00,12.546,12.617,12.496,12.515,15298.96
2025-12-26 02:45:00,12.514,12.542,12.5,12.52,6595.75
2025-12-26 03:00:00,12.521,12.537,12.49,12.52,3890.21
2025-12-26 03:15:00,12.522,12.522,12.456,12.499,3510.54
2025-12-26 03:30:00,12.505,12.522,12.484,12.522,5849.54
2025-12-26 03:45:00,12.518,12.539,12.518,12.527,866.60
2025-12-26 04:00:00,12.53,12.534,12.501,12.532,12408.81
2025-12-26 04:15:00,12.533,12.548,12.518,12.541,16145.44
2025-12-26 04:30:00,12.544,12.575,12.527,12.569,5143.82
2025-12-26 04:45:00,12.563,12.574,12.512,12.513,3843.93
2025-12-26 05:00:00,12.514,12.519,12.478,12.478,1814.26
2025-12-26 05:15:00,12.476,12.504,12.471,12.504,263.69
2025-12-26 05:30:00,12.502,12.516,12.475,12.506,727.64
2025-12-26 05:45:00,12.503,12.517,12.492,12.512,357.99
2025-12-26 06:00:00,12.511,12.515,12.501,12.509,920.64
2025-12-26 06:15:00,12.514,12.514,12.486,12.497,416.38
2025-12-26 06:30:00,12.503,12.504,12.485,12.495,2460.82
2025-12-26 06:45:00,12.49,12.495,12.463,12.488,1765.76
2025-12-26 07:00:00,12.486,12.495,12.474,12.493,769.56
2025-12-26 07:15:00,12.494,12.517,12.483,12.501,2363.36
2025-12-26 07:30:00,12.49,12.491,12.428,12.431,3495.75
2025-12-26 07:45:00,12.431,12.433,12.392,12.409,1326.57
2025-12-26 08:00:00,12.412,12.435,12.403,12.43,2156.18
2025-12-26 08:15:00,12.433,12.447,12.426,12.426,3004.08
2025-12-26 08:30:00,12.425,12.435,12.42,12.425,401.49
2025-12-26 08:45:00,12.425,12.456,12.412,12.452,2022.79
2025-12-26 09:00:00,12.455,12.455,12.431,12.432,1182.24
2025-12-26 09:15:00,12.433,12.447,12.428,12.441,1668.94
2025-12-26 09:30:00,12.442,12.457,12.442,12.457,182.37
2025-12-26 09:45:00,12.461,12.498,12.459,12.494,956.02
2025-12-26 10:00:00,12.497,12.497,12.467,12.476,984.97
2025-12-26 10:15:00,12.476,12.494,12.47,12.494,534.62
2025-12-26 10:30:00,12.486,12.488,12.473,12.476,646.38
2025-12-26 10:45:00,12.476,12.495,12.475,12.479,1808.58
2025-12-26 11:00:00,12.48,12.486,12.472,12.472,1235.18
2025-12-26 11:15:00,12.471,12.472,12.455,12.466,3011.68
2025-12-26 11:30:00,12.466,12.468,12.448,12.448,6538.29
2025-12-26 11:45:00,12.452,12.466,12.447,12.455,1993.20
2025-12-26 12:00:00,12.456,12.47,12.453,12.463,456.99
2025-12-26 12:15:00,12.461,12.465,12.448,12.46,547.89
2025-12-26 12:30:00,12.454,12.462,12.436,12.459,1425.71
2025-12-26 12:45:00,12.461,12.461,12.448,12.453,126.97
2025-12-26 13:00:00,12.453,12.47,12.44,12.47,1315.07
2025-12-26 13:15:00,12.469,12.473,12.452,12.46,2180.73
2025-12-26 13:30:00,12.461,12.484,12.452,12.475,1868.00
2025-12-26 13:45:00,12.474,12.496,12.474,12.476,3190.48
2025-12-26 14:00:00,12.476,12.479,12.447,12.462,4103.06
2025-12-26 14:15:00,12.464,12.471,12.444,12.453,4782.58
2025-12-26 14:30:00,12.443,12.451,12.38,12.401,4492.61
2025-12-26 14:45:00,12.388,12.392,12.257,12.287,21981.46
2025-12-26 15:00:00,12.282,12.282,12.158,12.162,35938.22
2025-12-26 15:15:00,12.151,12.21,12.133,12.187,8223.59
2025-12-26 15:30:00,12.19,12.235,12.188,12.215,6514.74
2025-12-26 15:45:00,12.22,12.241,12.208,12.23,1906.60
2025-12-26 16:00:00,12.229,12.257,12.216,12.223,3773.13
2025-12-26 16:15:00,12.222,12.276,12.222,12.258,2120.46
2025-12-26 16:30:00,12.259,12.286,12.249,12.276,528.66
2025-12-26 16:45:00,12.267,12.277,12.195,12.199,2316.29
2025-12-26 17:00:00,12.198,12.202,12.16,12.197,6771.64
2025-12-26 17:15:00,12.198,12.273,12.182,12.266,2457.03
2025-12-26 17:30:00,12.265,12.315,12.265,12.315,3618.52
2025-12-26 17:45:00,12.312,12.317,12.291,12.3,1422.75
2025-12-26 18:00:00,12.306,12.323,12.3,12.316,3645.67
2025-12-26 18:15:00,12.316,12.321,12.305,12.308,504.97
2025-12-26 18:30:00,12.308,12.353,12.308,12.332,16046.65
2025-12-26 18:45:00,12.329,12.339,12.316,12.338,330.54
2025-12-26 19:00:00,12.336,12.354,12.335,12.338,3030.38
2025-12-26 19:15:00,12.334,12.353,12.324,12.353,1514.31
2025-12-26 19:30:00,12.351,12.383,12.351,12.373,3533.21
2025-12-26 19:45:00,12.374,12.377,12.365,12.373,3349.54
2025-12-26 20:00:00,12.373,12.375,12.354,12.366,3558.39
2025-12-26 20:15:00,12.369,12.37,12.355,12.362,2798.68
2025-12-26 20:30:00,12.364,12.372,12.354,12.37,577.59
2025-12-26 20:45:00,12.376,12.393,12.361,12.364,1705.24
2025-12-26 21:00:00,12.369,12.369,12.345,12.359,907.07
2025-12-26 21:15:00,12.363,12.365,12.354,12.36,627.29
2025-12-26 21:30:00,12.36,12.373,12.347,12.371,3104.00
2025-12-26 21:45:00,12.373,12.384,12.35,12.352,10682.39
2025-12-26 22:00:00,12.35,12.365,12.314,12.323,2333.90
2025-12-26 22:15:00,12.332,12.353,12.325,12.331,1200.68
2025-12-26 22:30:00,12.338,12.352,12.32,12.339,442.32
2025-12-26 22:45:00,12.339,12.353,12.328,12.353,937.29
2025-12-26 23:00:00,12.346,12.351,12.336,12.35,249.89
2025-12-26 23:15:00,12.345,12.359,12.336,12.343,133.98
2025-12-26 23:30:00,12.34,12.34,12.33,12.335,129.76
2025-12-26 23:45:00,12.331,12.354,12.331,12.342,396.55
2025-12-27 00:00:00,12.34,12.38,12.338,12.375,1670.47
2025-12-27 00:15:00,12.376,12.389,12.372,12.377,999.95
2025-12-27 00:30:00,12.375,12.39,12.372,12.389,921.09
2025-12-27 00:45:00,12.39,12.391,12.37,12.37,1168.91
2025-12-27 01:00:00,12.372,12.374,12.334,12.334,1654.53
2025-12-27 01:15:00,12.34,12.35,12.336,12.343,2299.08
2025-12-27 01:30:00,12.352,12.356,12.343,12.349,4430.70
2025-12-27 01:45:00,12.342,12.363,12.338,12.361,3968.60
2025-12-27 02:00:00,12.36,12.369,12.344,12.353,2888.86
2025-12-27 02:15:00,12.354,12.357,12.341,12.348,435.31
2025-12-27 02:30:00,12.349,12.351,12.34,12.349,1190.80
2025-12-27 02:45:00,12.347,12.359,12.347,12.349,3395.60
2025-12-27 03:00:00,12.35,12.351,12.33,12.335,1329.62
2025-12-27 03:15:00,12.334,12.374,12.334,12.368,2543.94
2025-12-27 03:30:00,12.379,12.405,12.379,12.405,528.81
2025-12-27 03:45:00,12.405,12.418,12.401,12.418,250.73
2025-12-27 04:00:00,12.419,12.419,12.4,12.412,779.27
2025-12-27 04:15:00,12.412,12.412,12.387,12.388,1079.44
2025-12-27 04:30:00,12.385,12.401,12.381,12.392,142.80
2025-12-27 04:45:00,12.392,12.399,12.389,12.392,140.09
2025-12-27 05:00:00,12.4,12.408,12.395,12.406,1140.03
2025-12-27 05:15:00,12.405,12.408,12.394,12.405,495.48
2025-12-27 05:30:00,12.405,12.438,12.405,12.425,940.18
2025-12-27 05:45:00,12.429,12.441,12.429,12.438,85.76
2025-12-27 06:00:00,12.438,12.439,12.43,12.432,463.10
2025-12-27 06:15:00,12.429,12.43,12.413,12.414,283.81
2025-12-27 06:30:00,12.409,12.416,12.399,12.399,705.36
2025-12-27 06:45:00,12.4,12.415,12.4,12.411,75.15
2025-12-27 07:00:00,12.411,12.439,12.411,12.439,1280.64
2025-12-27 07:15:00,12.437,12.461,12.431,12.451,1556.76
2025-12-27 07:30:00,12.451,12.456,12.446,12.446,270.55
2025-12-27 07:45:00,12.446,12.467,12.446,12.452,1459.53
2025-12-27 08:00:00,12.453,12.464,12.439,12.44,6289.38
2025-12-27 08:15:00,12.442,12.485,12.441,12.478,1837.01
2025-12-27 08:30:00,12.481,12.49,12.472,12.473,3528.01
2025-12-27 08:45:00,12.473,12.473,12.457,12.462,1843.87
2025-12-27 09:00:00,12.461,12.466,12.453,12.466,804.51
2025-12-27 09:15:00,12.468,12.473,12.451,12.455,3177.47
2025-12-27 09:30:00,12.458,12.462,12.434,12.442,2690.61
2025-12-27 09:45:00,12.44,12.44,12.42,12.426,3107.77
2025-12-27 10:00:00,12.427,12.442,12.424,12.424,2229.59
2025-12-27 10:15:00,12.424,12.434,12.423,12.423,886.36
2025-12-27 10:30:00,12.421,12.434,12.392,12.411,1128.10
2025-12-27 10:45:00,12.409,12.446,12.409,12.446,5996.03
2025-12-27 11:00:00,12.447,12.461,12.436,12.442,909.73
2025-12-27 11:15:00,12.442,12.46,12.442,12.456,1031.42
2025-12-27 11:30:00,12.463,12.466,12.458,12.465,2220.49
2025-12-27 11:45:00,12.465,12.473,12.457,12.464,959.38
2025-12-27 12:00:00,12.474,12.482,12.459,12.459,1075.77
2025-12-27 12:15:00,12.462,12.481,12.461,12.476,4125.49
2025-12-27 12:30:00,12.476,12.49,12.475,12.49,4310.90
2025-12-27 12:45:00,12.491,12.493,12.478,12.485,50.75
2025-12-27 13:00:00,12.485,12.485,12.471,12.481,90.23
2025-12-27 13:15:00,12.479,12.486,12.449,12.452,1876.39
2025-12-27 13:30:00,12.453,12.478,12.442,12.478,1981.92
2025-12-27 13:45:00,12.481,12.484,12.469,12.48,125.79
2025-12-27 14:00:00,12.481,12.492,12.479,12.481,1366.28
2025-12-27 14:15:00,12.483,12.535,12.479,12.514,3245.43
2025-12-27 14:30:00,12.512,12.53,12.503,12.509,7251.02
2025-12-27 14:45:00,12.508,12.519,12.501,12.512,1167.30
2025-12-27 15:00:00,12.516,12.532,12.505,12.524,1114.04
2025-12-27 15:15:00,12.524,12.527,12.502,12.526,396.16
2025-12-27 15:30:00,12.528,12.553,12.517,12.54,1384.19
2025-12-27 15:45:00,12.536,12.573,12.529,12.555,1006.37
2025-12-27 16:00:00,12.56,12.583,12.56,12.583,3513.41
2025-12-27 16:15:00,12.576,12.591,12.556,12.556,2004.14
2025-12-27 16:30:00,12.565,12.588,12.565,12.588,3420.88
2025-12-27 16:45:00,12.588,12.6,12.566,12.57,2430.81
2025-12-27 17:00:00,12.569,12.571,12.542,12.55,997.27
2025-12-27 17:15:00,12.561,12.571,12.555,12.567,1056.01
2025-12-27 17:30:00,12.569,12.576,12.562,12.568,657.95
2025-12-27 17:45:00,12.572,12.582,12.569,12.574,3474.05
2025-12-27 18:00:00,12.574,12.574,12.53,12.53,2525.35
2025-12-27 18:15:00,12.535,12.54,12.526,12.529,1574.37
2025-12-27 18:30:00,12.53,12.535,12.508,12.525,1082.00
2025-12-27 18:45:00,12.529,12.534,12.514,12.524,627.65
2025-12-27 19:00:00,12.532,12.547,12.53,12.531,679.49
2025-12-27 19:15:00,12.532,12.532,12.522,12.526,94.46
2025-12-27 19:30:00,12.527,12.528,12.508,12.509,1566.01
2025-12-27 19:45:00,12.514,12.531,12.514,12.531,193.75
2025-12-27 20:00:00,12.532,12.557,12.525,12.547,1560.11
2025-12-27 20:15:00,12.555,12.563,12.537,12.539,652.66
2025-12-27 20:30:00,12.541,12.546,12.533,12.538,364.20
2025-12-27 20:45:00,12.54,12.552,12.54,12.544,560.53
2025-12-27 21:00:00,12.544,12.639,12.542,12.633,2931.15
2025-12-27 21:15:00,12.64,12.698,12.593,12.596,3904.18
2025-12-27 21:30:00,12.599,12.614,12.591,12.592,622.71
2025-12-27 21:45:00,12.593,12.604,12.59,12.599,766.20
2025-12-27 22:00:00,12.599,12.632,12.592,12.62,2128.17
2025-12-27 22:15:00,12.652,12.653,12.604,12.604,1115.10
2025-12-27 22:30:00,12.603,12.604,12.547,12.558,870.88
2025-12-27 22:45:00,12.555,12.589,12.542,12.572,973.84
2025-12-27 23:00:00,12.574,12.598,12.565,12.591,1158.10
2025-12-27 23:15:00,12.603,12.627,12.603,12.624,677.75
2025-12-27 23:30:00,12.624,12.624,12.615,12.617,741.50
2025-12-27 23:45:00,12.617,12.784,12.617,12.695,13521.31
2025-12-28 00:00:00,12.696,12.741,12.696,12.716,4096.98
2025-12-28 00:15:00,12.714,12.724,12.711,12.717,1821.56
2025-12-28 00:30:00,12.719,12.743,12.716,12.742,682.33
2025-12-28 00:45:00,12.742,12.754,12.736,12.746,1421.66
2025-12-28 01:00:00,12.749,12.781,12.748,12.778,3058.23
2025-12-28 01:15:00,12.78,12.78,12.735,12.756,1513.71
2025-12-28 01:30:00,12.744,12.77,12.744,12.763,756.27
2025-12-28 01:45:00,12.763,12.77,12.751,12.761,72.70
2025-12-28 02:00:00,12.761,12.78,12.761,12.78,2621.71
2025-12-28 02:15:00,12.784,12.899,12.784,12.826,21201.63
2025-12-28 02:30:00,12.826,12.854,12.826,12.853,2367.85
2025-12-28 02:45:00,12.845,12.846,12.786,12.786,2724.78
2025-12-28 03:00:00,12.789,12.807,12.753,12.807,986.68
2025-12-28 03:15:00,12.807,12.821,12.772,12.79,2127.68
2025-12-28 03:30:00,12.791,12.8,12.772,12.773,1596.51
2025-12-28 03:45:00,12.777,12.79,12.772,12.78,349.91
2025-12-28 04:00:00,12.783,12.804,12.782,12.803,261.70
2025-12-28 04:15:00,12.805,12.846,12.803,12.821,1295.59
2025-12-28 04:30:00,12.822,12.825,12.797,12.799,717.56
2025-12-28 04:45:00,12.799,12.803,12.788,12.794,424.03
2025-12-28 05:00:00,12.79,12.805,12.788,12.795,598.95
2025-12-28 05:15:00,12.795,12.809,12.794,12.805,246.69
2025-12-28 05:30:00,12.8,12.823,12.8,12.81,1016.58
2025-12-28 05:45:00,12.812,12.817,12.798,12.803,591.69
2025-12-28 06:00:00,12.803,12.823,12.803,12.82,620.72
2025-12-28 06:15:00,12.822,12.839,12.813,12.83,1081.25
2025-12-28 06:30:00,12.83,12.842,12.817,12.829,1224.02
2025-12-28 06:45:00,12.83,12.84,12.817,12.835,2297.77
2025-12-28 07:00:00,12.83,12.844,12.825,12.844,2835.83
2025-12-28 07:15:00,12.837,12.837,12.794,12.8,1591.17
2025-12-28 07:30:00,12.797,12.799,12.768,12.768,977.94
2025-12-28 07:45:00,12.769,12.797,12.769,12.794,441.13
2025-12-28 08:00:00,12.794,12.831,12.794,12.831,2585.69
2025-12-28 08:15:00,12.832,12.84,12.826,12.831,1962.99
2025-12-28 08:30:00,12.832,12.85,12.823,12.826,2068.67
2025-12-28 08:45:00,12.828,12.831,12.813,12.815,1087.55
2025-12-28 09:00:00,12.813,12.813,12.803,12.808,2624.55
2025-12-28 09:15:00,12.808,12.81,12.801,12.808,1009.17
2025-12-28 09:30:00,12.804,12.805,12.741,12.757,2353.45
2025-12-28 09:45:00,12.763,12.763,12.75,12.756,459.62
2025-12-28 10:00:00,12.757,12.781,12.753,12.772,534.06
2025-12-28 10:15:00,12.773,12.773,12.756,12.767,411.89
2025-12-28 10:30:00,12.769,12.774,12.758,12.758,442.51
2025-12-28 10:45:00,12.762,12.764,12.748,12.75,1631.54
2025-12-28 11:00:00,12.752,12.759,12.746,12.75,750.54
2025-12-28 11:15:00,12.75,12.756,12.72,12.723,1729.34
2025-12-28 11:30:00,12.722,12.724,12.674,12.677,3526.64
2025-12-28 11:45:00,12.677,12.71,12.671,12.693,3590.46
2025-12-28 12:00:00,12.693,12.693,12.65,12.669,24965.02
2025-12-28 12:15:00,12.663,12.663,12.654,12.663,180.83
2025-12-28 12:30:00,12.668,12.673,12.62,12.62,747.07
2025-12-28 12:45:00,12.625,12.669,12.577,12.669,11925.54
2025-12-28 13:00:00,12.668,12.69,12.656,12.656,1927.95
2025-12-28 13:15:00,12.656,12.682,12.651,12.655,1881.56
2025-12-28 13:30:00,12.655,12.677,12.655,12.664,820.63
2025-12-28 13:45:00,12.663,12.671,12.656,12.67,766.57
2025-12-28 14:00:00,12.661,12.713,12.652,12.705,23700.23
2025-12-28 14:15:00,12.705,12.748,12.697,12.744,1430.30
2025-12-28 14:30:00,12.739,12.762,12.73,12.749,703.32
2025-12-28 14:45:00,12.755,12.761,12.738,12.742,1103.30
2025-12-28 15:00:00,12.742,12.759,12.737,12.746,2986.35
2025-12-28 15:15:00,12.748,12.762,12.743,12.748,787.80
2025-12-28 15:30:00,12.752,12.752,12.71,12.729,1187.35
2025-12-28 15:45:00,12.732,12.75,12.725,12.731,405.33
2025-12-28 16:00:00,12.737,12.753,12.73,12.73,2358.75
2025-12-28 16:15:00,12.74,12.746,12.689,12.696,29591.14
2025-12-28 16:30:00,12.694,12.705,12.684,12.684,2353.90
2025-12-28 16:45:00,12.688,12.701,12.684,12.687,2031.24
2025-12-28 17:00:00,12.688,12.713,12.688,12.709,554.05
2025-12-28 17:15:00,12.711,12.721,12.697,12.699,1328.18
2025-12-28 17:30:00,12.694,12.696,12.68,12.689,1641.26
2025-12-28 17:45:00,12.689,12.689,12.669,12.677,2038.30
2025-12-28 18:00:00,12.678,12.68,12.659,12.664,3409.12
2025-12-28 18:15:00,12.661,12.663,12.575,12.618,10186.61
2025-12-28 18:30:00,12.613,12.625,12.612,12.617,2935.20
2025-12-28 18:45:00,12.614,12.616,12.589,12.591,6440.74
2025-12-28 19:00:00,12.588,12.64,12.57,12.622,4367.68
2025-12-28 19:15:00,12.626,12.632,12.589,12.589,236.37
2025-12-28 19:30:00,12.585,12.595,12.574,12.574,593.53
2025-12-28 19:45:00,12.578,12.595,12.577,12.584,508.35
2025-12-28 20:00:00,12.579,12.579,12.525,12.552,3955.46
2025-12-28 20:15:00,12.552,12.567,12.552,12.553,966.02
2025-12-28 20:30:00,12.553,12.562,12.552,12.554,291.10
2025-12-28 20:45:00,12.553,12.571,12.547,12.547,343.03
2025-12-28 21:00:00,12.548,12.558,12.533,12.539,1516.45
2025-12-28 21:15:00,12.541,12.552,12.528,12.537,1066.23
2025-12-28 21:30:00,12.536,12.557,12.529,12.554,1647.57
2025-12-28 21:45:00,12.556,12.567,12.556,12.564,496.98
2025-12-28 22:00:00,12.565,12.567,12.549,12.566,4542.40
2025-12-28 22:15:00,12.56,12.585,12.557,12.582,950.37
2025-12-28 22:30:00,12.573,12.592,12.566,12.592,513.16
2025-12-28 22:45:00,12.588,12.641,12.583,12.626,1496.90
2025-12-28 23:00:00,12.627,12.648,12.581,12.581,2143.92
2025-12-28 23:15:00,12.579,12.611,12.579,12.59,296.28
2025-12-28 23:30:00,12.585,12.621,12.579,12.618,1426.40
2025-12-28 23:45:00,12.617,12.65,12.617,12.634,1658.10
2025-12-29 00:00:00,12.64,12.645,12.624,12.627,3496.74
2025-12-29 00:15:00,12.628,12.696,12.626,12.687,3912.85
2025-12-29 00:30:00,12.687,12.735,12.687,12.723,4805.15
2025-12-29 00:45:00,12.728,12.76,12.72,12.736,449.45
2025-12-29 01:00:00,12.736,12.747,12.67,12.67,1542.65
2025-12-29 01:15:00,12.666,12.688,12.632,12.681,1647.26
2025-12-29 01:30:00,12.683,12.831,12.666,12.77,4192.93
2025-12-29 01:45:00,12.768,12.798,12.768,12.775,18035.24
2025-12-29 02:00:00,12.782,12.957,12.781,12.897,11091.75
2025-12-29 02:15:00,12.913,12.918,12.848,12.866,3401.83
2025-12-29 02:30:00,12.87,12.877,12.833,12.836,1108.50
2025-12-29 02:45:00,12.847,12.873,12.843,12.866,920.96
2025-12-29 03:00:00,12.873,12.906,12.864,12.906,1968.39
2025-12-29 03:15:00,12.909,12.919,12.883,12.901,1617.98
2025-12-29 03:30:00,12.9,13.11,12.899,13.066,17720.90
2025-12-29 03:45:00,13.079,13.091,13.051,13.091,5003.08
2025-12-29 04:00:00,13.095,13.196,13.093,13.134,24920.81
2025-12-29 04:15:00,13.137,13.145,13.085,13.094,2617.85
2025-12-29 04:30:00,13.084,13.146,13.084,13.107,23738.16
2025-12-29 04:45:00,13.098,13.1,13.057,13.084,4536.52
2025-12-29 05:00:00,13.087,13.113,13.071,13.113,5362.80
2025-12-29 05:15:00,13.107,13.108,13.094,13.108,816.43
2025-12-29 05:30:00,13.107,13.119,13.08,13.095,4852.83
2025-12-29 05:45:00,13.097,13.097,13.026,13.045,1962.66
2025-12-29 06:00:00,13.049,13.074,13.022,13.074,1619.60
2025-12-29 06:15:00,13.063,13.1,13.063,13.074,537.68
2025-12-29 06:30:00,13.078,13.087,13.057,13.074,2312.37
2025-12-29 06:45:00,13.065,13.067,13.027,13.039,1461.11
2025-12-29 07:00:00,13.039,13.057,12.951,12.977,9878.34
2025-12-29 07:15:00,12.983,12.983,12.92,12.92,1568.89
2025-12-29 07:30:00,12.922,12.997,12.922,12.977,4000.50
2025-12-29 07:45:00,12.999,13.03,12.999,13.013,2560.77
2025-12-29 08:00:00,13.016,13.046,12.961,12.967,19156.59
2025-12-29 08:15:00,12.977,12.983,12.948,12.952,6821.04
2025-12-29 08:30:00,12.952,12.972,12.912,12.927,2326.44
2025-12-29 08:45:00,12.92,12.938,12.893,12.899,1171.50
2025-12-29 09:00:00,12.902,12.906,12.862,12.891,3266.41
2025-12-29 09:15:00,12.883,12.889,12.857,12.871,4196.84
2025-12-29 09:30:00,12.873,12.875,12.705,12.724,8690.54
2025-12-29 09:45:00,12.707,12.72,12.663,12.705,13346.58
2025-12-29 10:00:00,12.714,12.769,12.701,12.744,11174.94
2025-12-29 10:15:00,12.736,12.755,12.722,12.754,17763.15
2025-12-29 10:30:00,12.741,12.753,12.733,12.742,1744.31
2025-12-29 10:45:00,12.752,12.766,12.718,12.738,2206.89
2025-12-29 11:00:00,12.734,12.742,12.716,12.739,1832.45
2025-12-29 11:15:00,12.729,12.737,12.717,12.727,674.34
2025-12-29 11:30:00,12.715,12.731,12.712,12.719,581.77
2025-12-29 11:45:00,12.718,12.741,12.712,12.719,1583.06
2025-12-29 12:00:00,12.716,12.724,12.55,12.574,12084.34
2025-12-29 12:15:00,12.55,12.578,12.454,12.567,15157.86
2025-12-29 12:30:00,12.553,12.593,12.552,12.573,6904.50
2025-12-29 12:45:00,12.571,12.598,12.566,12.596,763.14
2025-12-29 13:00:00,12.595,12.605,12.568,12.568,2238.87
2025-12-29 13:15:00,12.574,12.59,12.568,12.57,654.75
2025-12-29 13:30:00,12.572,12.573,12.561,12.568,1587.82
2025-12-29 13:45:00,12.566,12.571,12.54,12.564,8762.20
2025-12-29 14:00:00,12.567,12.579,12.544,12.564,1906.85
2025-12-29 14:15:00,12.572,12.58,12.532,12.576,13034.97
2025-12-29 14:30:00,12.567,12.692,12.559,12.659,16593.25
2025-12-29 14:45:00,12.665,12.674,12.564,12.586,4930.53
2025-12-29 15:00:00,12.59,12.648,12.571,12.641,23102.42
2025-12-29 15:15:00,12.652,12.686,12.629,12.67,6086.45
2025-12-29 15:30:00,12.664,12.719,12.65,12.716,2198.08
2025-12-29 15:45:00,12.715,12.733,12.67,12.692,1321.33
2025-12-29 16:00:00,12.691,12.707,12.679,12.695,1660.01
2025-12-29 16:15:00,12.683,12.683,12.586,12.602,1757.04
2025-12-29 16:30:00,12.602,12.625,12.6,12.606,1451.85
2025-12-29 16:45:00,12.608,12.634,12.608,12.611,532.07
2025-12-29 17:00:00,12.61,12.631,12.604,12.615,674.26
2025-12-29 17:15:00,12.607,12.619,12.573,12.576,2044.74
2025-12-29 17:30:00,12.59,12.598,12.58,12.592,1017.34
2025-12-29 17:45:00,12.595,12.653,12.595,12.636,1379.61
2025-12-29 18:00:00,12.64,12.655,12.601,12.617,7031.67
2025-12-29 18:15:00,12.619,12.642,12.603,12.604,6275.47
2025-12-29 18:30:00,12.611,12.628,12.577,12.581,2056.30
2025-12-29 18:45:00,12.578,12.579,12.533,12.536,605.03
2025-12-29 19:00:00,12.535,12.581,12.516,12.562,4060.06
2025-12-29 19:15:00,12.567,12.57,12.539,12.544,2615.06
2025-12-29 19:30:00,12.541,12.542,12.481,12.495,19297.58
2025-12-29 19:45:00,12.493,12.517,12.492,12.493,3051.44
2025-12-29 20:00:00,12.492,12.515,12.477,12.495,5897.71
2025-12-29 20:15:00,12.51,12.522,12.467,12.467,1380.38
2025-12-29 20:30:00,12.472,12.477,12.335,12.401,8944.43
2025-12-29 20:45:00,12.401,12.423,12.395,12.414,6086.64
2025-12-29 21:00:00,12.412,12.453,12.411,12.445,2200.78
2025-12-29 21:15:00,12.444,12.444,12.412,12.412,940.21
2025-12-29 21:30:00,12.413,12.458,12.409,12.458,2523.25
2025-12-29 21:45:00,12.441,12.442,12.432,12.436,1039.69
2025-12-29 22:00:00,12.428,12.428,12.368,12.381,2520.42
2025-12-29 22:15:00,12.381,12.412,12.38,12.396,2660.60
2025-12-29 22:30:00,12.393,12.439,12.387,12.439,401.35
2025-12-29 22:45:00,12.439,12.443,12.424,12.433,66.93
2025-12-29 23:00:00,12.428,12.428,12.397,12.41,1187.69
2025-12-29 23:15:00,12.408,12.411,12.384,12.384,303.85
2025-12-29 23:30:00,12.386,12.398,12.356,12.356,358.25
2025-12-29 23:45:00,12.358,12.371,12.35,12.37,4714.02
2025-12-30 00:00:00,12.362,12.39,12.356,12.38,3068.64
2025-12-30 00:15:00,12.38,12.392,12.375,12.375,1024.25
2025-12-30 00:30:00,12.372,12.38,12.352,12.38,1712.48
2025-12-30 00:45:00,12.384,12.386,12.374,12.377,408.61
2025-12-30 01:00:00,12.378,12.386,12.363,12.374,5297.50
2025-12-30 01:15:00,12.367,12.376,12.357,12.357,1192.12
2025-12-30 01:30:00,12.358,12.377,12.35,12.376,1182.99
2025-12-30 01:45:00,12.384,12.413,12.373,12.373,1244.36
2025-12-30 02:00:00,12.375,12.378,12.364,12.37,1540.69
2025-12-30 02:15:00,12.368,12.382,12.361,12.363,1722.81
2025-12-30 02:30:00,12.364,12.378,12.346,12.37,2074.96
2025-12-30 02:45:00,12.358,12.365,12.346,12.365,3128.14
2025-12-30 03:00:00,12.366,12.366,12.331,12.343,1738.24
2025-12-30 03:15:00,12.336,12.406,12.319,12.39,4679.22
2025-12-30 03:30:00,12.389,12.389,12.377,12.38,618.61
2025-12-30 03:45:00,12.378,12.417,12.376,12.397,1264.05
2025-12-30 04:00:00,12.397,12.409,12.381,12.387,1055.90
2025-12-30 04:15:00,12.389,12.43,12.388,12.416,1278.38
2025-12-30 04:30:00,12.418,12.423,12.409,12.418,931.99
2025-12-30 04:45:00,12.419,12.419,12.39,12.391,1692.82
2025-12-30 05:00:00,12.387,12.401,12.382,12.401,625.44
2025-12-30 05:15:00,12.401,12.401,12.368,12.376,1179.06
2025-12-30 05:30:00,12.376,12.376,12.356,12.374,2180.93
2025-12-30 05:45:00,12.372,12.388,12.369,12.379,331.91
2025-12-30 06:00:00,12.379,12.406,12.379,12.406,754.65
2025-12-30 06:15:00,12.407,12.414,12.401,12.407,207.54
2025-12-30 06:30:00,12.408,12.444,12.403,12.444,3730.56
2025-12-30 06:45:00,12.441,12.441,12.424,12.43,938.01
2025-12-30 07:00:00,12.427,12.435,12.418,12.435,3229.76
2025-12-30 07:15:00,12.432,12.451,12.418,12.421,2044.66
2025-12-30 07:30:00,12.412,12.435,12.412,12.426,332.85
2025-12-30 07:45:00,12.425,12.427,12.42,12.42,280.92
2025-12-30 08:00:00,12.421,12.535,12.421,12.508,8189.09
2025-12-30 08:15:00,12.514,12.546,12.47,12.499,3206.44
2025-12-30 08:30:00,12.499,12.532,12.499,12.529,3854.63
2025-12-30 08:45:00,12.515,12.526,12.505,12.517,8326.54
2025-12-30 09:00:00,12.518,12.529,12.498,12.503,11279.21
2025-12-30 09:15:00,12.503,12.505,12.48,12.491,1061.65
2025-12-30 09:30:00,12.489,12.495,12.478,12.495,656.45
2025-12-30 09:45:00,12.497,12.534,12.497,12.521,2693.66
2025-12-30 10:00:00,12.52,12.531,12.51,12.512,1615.98
2025-12-30 10:15:00,12.511,12.522,12.504,12.512,841.84
2025-12-30 10:30:00,12.503,12.519,12.491,12.519,1258.13
2025-12-30 10:45:00,12.518,12.518,12.48,12.481,455.81
2025-12-30 11:00:00,12.477,12.492,12.477,12.485,1887.60
2025-12-30 11:15:00,12.483,12.492,12.478,12.483,2681.31
2025-12-30 11:30:00,12.482,12.5,12.477,12.485,545.84
2025-12-30 11:45:00,12.491,12.509,12.486,12.498,723.17
2025-12-30 12:00:00,12.504,12.532,12.504,12.526,628.20
2025-12-30 12:15:00,12.526,12.532,12.512,12.524,1318.50
2025-12-30 12:30:00,12.525,12.532,12.501,12.505,98.39
2025-12-30 12:45:00,12.497,12.501,12.49,12.49,229.40
2025-12-30 13:00:00,12.49,12.525,12.49,12.513,4953.61
2025-12-30 13:15:00,12.515,12.539,12.512,12.525,2136.86
2025-12-30 13:30:00,12.527,12.533,12.498,12.524,5510.99
2025-12-30 13:45:00,12.526,12.532,12.517,12.518,2012.51
2025-12-30 14:00:00,12.52,12.521,12.437,12.495,9142.96
2025-12-30 14:15:00,12.492,12.539,12.484,12.486,5551.78
2025-12-30 14:30:00,12.486,12.519,12.462,12.499,6355.90
2025-12-30 14:45:00,12.507,12.595,12.487,12.562,6466.09
2025-12-30 15:00:00,12.562,12.58,12.48,12.501,7853.93
2025-12-30 15:15:00,12.506,12.534,12.488,12.518,2205.61
2025-12-30 15:30:00,12.519,12.555,12.513,12.555,2187.27
2025-12-30 15:45:00,12.557,12.592,12.547,12.586,1874.81
2025-12-30 16:00:00,12.589,12.598,12.554,12.563,3167.75
2025-12-30 16:15:00,12.563,12.638,12.563,12.617,3866.06
2025-12-30 16:30:00,12.625,12.625,12.565,12.565,1493.43
2025-12-30 16:45:00,12.568,12.568,12.535,12.565,5658.84
2025-12-30 17:00:00,12.561,12.613,12.558,12.599,1898.40
2025-12-30 17:15:00,12.602,12.604,12.574,12.582,5654.98
2025-12-30 17:30:00,12.588,12.596,12.57,12.575,2355.96
2025-12-30 17:45:00,12.57,12.57,12.521,12.561,2927.65
2025-12-30 18:00:00,12.556,12.569,12.544,12.553,963.60
2025-12-30 18:15:00,12.557,12.563,12.531,12.546,1032.52
2025-12-30 18:30:00,12.535,12.546,12.526,12.534,938.00
2025-12-30 18:45:00,12.524,12.538,12.513,12.529,3797.22
2025-12-30 19:00:00,12.523,12.523,12.451,12.471,3048.47
2025-12-30 19:15:00,12.468,12.511,12.463,12.505,5664.73
2025-12-30 19:30:00,12.513,12.517,12.5,12.505,2907.32
2025-12-30 19:45:00,12.504,12.511,12.495,12.5,1513.06
2025-12-30 20:00:00,12.499,12.499,12.453,12.462,2614.28
2025-12-30 20:15:00,12.463,12.483,12.459,12.465,463.47
2025-12-30 20:30:00,12.463,12.494,12.461,12.479,1238.97
2025-12-30 20:45:00,12.473,12.493,12.47,12.476,609.08
2025-12-30 21:00:00,12.477,12.498,12.468,12.482,1789.51
2025-12-30 21:15:00,12.487,12.514,12.487,12.507,621.94
2025-12-30 21:30:00,12.503,12.522,12.483,12.49,8464.42
2025-12-30 21:45:00,12.492,12.515,12.491,12.515,1612.01
2025-12-30 22:00:00,12.523,12.549,12.52,12.548,942.58
2025-12-30 22:15:00,12.553,12.573,12.553,12.563,1757.14
2025-12-30 22:30:00,12.561,12.578,12.551,12.56,3621.94
2025-12-30 22:45:00,12.567,12.572,12.557,12.565,4356.76
2025-12-30 23:00:00,12.564,12.571,12.553,12.566,4105.00
2025-12-30 23:15:00,12.561,12.575,12.555,12.561,435.35
2025-12-30 23:30:00,12.562,12.566,12.55,12.558,839.10
2025-12-30 23:45:00,12.559,12.579,12.555,12.579,119.85
2025-12-31 00:00:00,12.575,12.577,12.524,12.529,2101.56
2025-12-31 00:15:00,12.527,12.532,12.509,12.532,1569.41
2025-12-31 00:30:00,12.532,12.532,12.514,12.53,786.18
2025-12-31 00:45:00,12.529,12.54,12.516,12.54,7888.03
2025-12-31 01:00:00,12.536,12.581,12.531,12.571,2197.20
2025-12-31 01:15:00,12.578,12.649,12.568,12.635,3636.90
2025-12-31 01:30:00,12.64,12.712,12.64,12.657,6232.92
2025-12-31 01:45:00,12.657,12.669,12.639,12.653,1808.70
2025-12-31 02:00:00,12.655,12.66,12.632,12.659,1496.76
2025-12-31 02:15:00,12.656,12.658,12.636,12.639,1288.83
2025-12-31 02:30:00,12.641,12.649,12.61,12.62,1574.12
2025-12-31 02:45:00,12.621,12.653,12.614,12.627,1062.54
2025-12-31 03:00:00,12.625,12.647,12.62,12.62,891.38
2025-12-31 03:15:00,12.613,12.613,12.584,12.599,2048.98
2025-12-31 03:30:00,12.598,12.598,12.58,12.589,1402.51
2025-12-31 03:45:00,12.591,12.597,12.581,12.593,632.64
2025-12-31 04:00:00,12.596,12.628,12.591,12.601,2276.42
2025-12-31 04:15:00,12.598,12.61,12.588,12.592,1512.56
2025-12-31 04:30:00,12.596,12.608,12.592,12.593,821.72
2025-12-31 04:45:00,12.592,12.593,12.585,12.589,1486.87
2025-12-31 05:00:00,12.591,12.608,12.589,12.596,941.40
2025-12-31 05:15:00,12.597,12.607,12.586,12.606,2383.16
2025-12-31 05:30:00,12.592,12.597,12.558,12.572,1479.42
2025-12-31 05:45:00,12.572,12.572,12.548,12.552,1259.16
2025-12-31 06:00:00,12.551,12.571,12.546,12.56,1525.08
2025-12-31 06:15:00,12.559,12.561,12.546,12.557,709.81
2025-12-31 06:30:00,12.56,12.567,12.55,12.556,328.43
2025-12-31 06:45:00,12.556,12.562,12.553,12.558,533.20
2025-12-31 07:00:00,12.556,12.557,12.523,12.54,2229.81
2025-12-31 07:15:00,12.537,12.542,12.52,12.531,1421.01
2025-12-31 07:30:00,12.53,12.545,12.529,12.542,405.08
2025-12-31 07:45:00,12.541,12.546,12.533,12.543,399.80
2025-12-31 08:00:00,12.541,12.566,12.541,12.557,1749.37
2025-12-31 08:15:00,12.557,12.564,12.542,12.546,2139.14
2025-12-31 08:30:00,12.546,12.546,12.486,12.493,2800.27
2025-12-31 08:45:00,12.489,12.49,12.475,12.477,898.83
2025-12-31 09:00:00,12.474,12.492,12.474,12.483,3813.91
2025-12-31 09:15:00,12.485,12.492,12.473,12.473,1597.84
2025-12-31 09:30:00,12.472,12.501,12.47,12.491,3976.42
2025-12-31 09:45:00,12.491,12.51,12.491,12.503,1274.22
2025-12-31 10:00:00,12.501,12.513,12.494,12.513,1892.17
2025-12-31 10:15:00,12.51,12.512,12.49,12.5,1239.70
2025-12-31 10:30:00,12.502,12.502,12.486,12.49,708.08
2025-12-31 10:45:00,12.49,12.5,12.485,12.493,638.38
2025-12-31 11:00:00,12.495,12.547,12.488,12.544,3760.37
2025-12-31 11:15:00,12.538,12.547,12.526,12.545,1962.66
2025-12-31 11:30:00,12.542,12.569,12.534,12.569,1162.27
2025-12-31 11:45:00,12.569,12.571,12.557,12.571,676.71
2025-12-31 12:00:00,12.57,12.589,12.557,12.577,76635.44
2025-12-31 12:15:00,12.578,12.578,12.551,12.557,2599.19
2025-12-31 12:30:00,12.561,12.569,12.531,12.531,3099.51
2025-12-31 12:45:00,12.531,12.55,12.528,12.549,8604.00
2025-12-31 13:00:00,12.55,12.56,12.535,12.555,4295.86
2025-12-31 13:15:00,12.555,12.568,12.552,12.553,3849.11
2025-12-31 13:30:00,12.549,12.56,12.543,12.549,1165.26
2025-12-31 13:45:00,12.548,12.592,12.543,12.58,5723.47
2025-12-31 14:00:00,12.575,12.67,12.575,12.625,17399.82
2025-12-31 14:15:00,12.625,12.629,12.583,12.605,7286.14
2025-12-31 14:30:00,12.6,12.616,12.559,12.561,8313.45
2025-12-31 14:45:00,12.556,12.562,12.527,12.534,5201.65
2025-12-31 15:00:00,12.544,12.546,12.444,12.493,10962.40
2025-12-31 15:15:00,12.488,12.492,12.46,12.481,4559.63
2025-12-31 15:30:00,12.474,12.479,12.435,12.469,5951.49
2025-12-31 15:45:00,12.469,12.486,12.459,12.467,1634.95
2025-12-31 16:00:00,12.468,12.47,12.431,12.451,5689.27
2025-12-31 16:15:00,12.443,12.465,12.425,12.434,3823.94
2025-12-31 16:30:00,12.435,12.435,12.208,12.315,24743.69
2025-12-31 16:45:00,12.314,12.334,12.288,12.319,9044.96
2025-12-31 17:00:00,12.32,12.341,12.302,12.322,5095.28
2025-12-31 17:15:00,12.315,12.361,12.31,12.329,8290.71
2025-12-31 17:30:00,12.331,12.344,12.317,12.329,4505.98
2025-12-31 17:45:00,12.322,12.34,12.32,12.332,6975.86
2025-12-31 18:00:00,12.332,12.384,12.316,12.349,8843.98
2025-12-31 18:15:00,12.341,12.358,12.337,12.346,2803.97
2025-12-31 18:30:00,12.343,12.369,12.339,12.369,2096.41
2025-12-31 18:45:00,12.37,12.37,12.33,12.332,1245.29
2025-12-31 19:00:00,12.333,12.353,12.332,12.347,5730.78
2025-12-31 19:15:00,12.347,12.353,12.324,12.342,8067.91
2025-12-31 19:30:00,12.341,12.349,12.324,12.331,3542.33
2025-12-31 19:45:00,12.331,12.334,12.31,12.313,2354.27
2025-12-31 20:00:00,12.313,12.314,12.259,12.266,3746.71
2025-12-31 20:15:00,12.27,12.299,12.263,12.277,3824.65
2025-12-31 20:30:00,12.275,12.303,12.267,12.3,895.34
2025-12-31 20:45:00,12.31,12.369,12.31,12.35,745.04
2025-12-31 21:00:00,12.348,12.361,12.339,12.353,2740.92
2025-12-31 21:15:00,12.352,12.368,12.352,12.355,783.38
2025-12-31 21:30:00,12.356,12.385,12.356,12.37,868.16
2025-12-31 21:45:00,12.375,12.375,12.344,12.348,854.29
2025-12-31 22:00:00,12.348,12.359,12.332,12.334,1762.33
2025-12-31 22:15:00,12.339,12.374,12.328,12.373,3187.81
2025-12-31 22:30:00,12.369,12.369,12.343,12.346,4108.84
2025-12-31 22:45:00,12.342,12.344,12.337,12.342,171.69
2025-12-31 23:00:00,12.346,12.354,12.33,12.346,1517.01
2025-12-31 23:15:00,12.341,12.344,12.332,12.343,3434.01
2025-12-31 23:30:00,12.343,12.344,12.329,12.33,4443.67
2025-12-31 23:45:00,12.325,12.326,12.308,12.308,3891.46
2026-01-01 00:00:00,12.312,12.339,12.31,12.323,2819.13
2026-01-01 00:15:00,12.33,12.35,12.33,12.35,1328.38
2026-01-01 00:30:00,12.352,12.363,12.335,12.335,4904.03
2026-01-01 00:45:00,12.335,12.351,12.33,12.335,393.05
2026-01-01 01:00:00,12.331,12.37,12.328,12.364,2401.88
2026-01-01 01:15:00,12.366,12.367,12.318,12.318,1784.49
2026-01-01 01:30:00,12.319,12.325,12.312,12.324,2114.97
2026-01-01 01:45:00,12.321,12.33,12.321,12.325,457.99
2026-01-01 02:00:00,12.327,12.339,12.318,12.321,1491.84
2026-01-01 02:15:00,12.321,12.332,12.313,12.318,744.80
2026-01-01 02:30:00,12.321,12.34,12.316,12.316,1061.40
2026-01-01 02:45:00,12.318,12.325,12.313,12.313,736.98
2026-01-01 03:00:00,12.313,12.317,12.306,12.317,1718.17
2026-01-01 03:15:00,12.313,12.327,12.298,12.3,238.55
2026-01-01 03:30:00,12.299,12.305,12.292,12.298,360.49
2026-01-01 03:45:00,12.294,12.296,12.273,12.277,361.40
2026-01-01 04:00:00,12.281,12.281,12.249,12.249,1875.73
2026-01-01 04:15:00,12.252,12.252,12.226,12.242,9071.57
2026-01-01 04:30:00,12.245,12.251,12.233,12.237,4075.44
2026-01-01 04:45:00,12.241,12.245,12.229,12.235,1110.93
2026-01-01 05:00:00,12.236,12.287,12.235,12.274,3462.10
2026-01-01 05:15:00,12.278,12.283,12.272,12.276,6514.27
2026-01-01 05:30:00,12.276,12.291,12.262,12.264,3424.49
2026-01-01 05:45:00,12.263,12.268,12.258,12.259,457.26
2026-01-01 06:00:00,12.26,12.268,12.25,12.26,518.21
2026-01-01 06:15:00,12.263,12.274,12.262,12.274,2508.59
2026-01-01 06:30:00,12.272,12.283,12.267,12.272,484.97
2026-01-01 06:45:00,12.275,12.275,12.262,12.263,290.13
2026-01-01 07:00:00,12.267,12.28,12.267,12.272,131.28
2026-01-01 07:15:00,12.274,12.274,12.255,12.255,524.21
2026-01-01 07:30:00,12.257,12.286,12.249,12.275,7284.62
2026-01-01 07:45:00,12.276,12.283,12.271,12.273,191.10
2026-01-01 08:00:00,12.271,12.283,12.266,12.278,1422.85
2026-01-01 08:15:00,12.278,12.28,12.27,12.277,1907.14
2026-01-01 08:30:00,12.276,12.28,12.266,12.269,254.75
2026-01-01 08:45:00,12.267,12.313,12.267,12.309,5252.34
2026-01-01 09:00:00,12.311,12.341,12.311,12.339,1550.11
2026-01-01 09:15:00,12.339,12.36,12.337,12.345,5817.53
2026-01-01 09:30:00,12.344,12.352,12.34,12.344,4847.67
2026-01-01 09:45:00,12.342,12.345,12.324,12.338,627.14
2026-01-01 10:00:00,12.339,12.349,12.336,12.347,1584.61
2026-01-01 10:15:00,12.345,12.345,12.329,12.333,467.44
2026-01-01 10:30:00,12.339,12.344,12.331,12.337,491.83
2026-01-01 10:45:00,12.336,12.342,12.329,12.34,1045.51
2026-01-01 11:00:00,12.34,12.365,12.338,12.358,3341.39
2026-01-01 11:15:00,12.357,12.377,12.351,12.355,6634.68
2026-01-01 11:30:00,12.358,12.364,12.354,12.361,236.27
2026-01-01 11:45:00,12.365,12.377,12.365,12.374,259.06
2026-01-01 12:00:00,12.372,12.384,12.372,12.378,4285.99
2026-01-01 12:15:00,12.371,12.371,12.336,12.341,2761.40
2026-01-01 12:30:00,12.342,12.358,12.337,12.35,1439.17
2026-01-01 12:45:00,12.357,12.362,12.35,12.35,2270.32
2026-01-01 13:00:00,12.344,12.376,12.343,12.372,3150.69
2026-01-01 13:15:00,12.37,12.386,12.368,12.374,16755.86
2026-01-01 13:30:00,12.374,12.381,12.369,12.376,13337.70
2026-01-01 13:45:00,12.379,12.417,12.376,12.404,3727.03
2026-01-01 14:00:00,12.416,12.43,12.402,12.428,5308.08
2026-01-01 14:15:00,12.427,12.427,12.397,12.402,570.32
2026-01-01 14:30:00,12.402,12.408,12.394,12.398,756.61
2026-01-01 14:45:00,12.407,12.436,12.406,12.421,2303.21
2026-01-01 15:00:00,12.426,12.436,12.414,12.417,3932.79
2026-01-01 15:15:00,12.424,12.472,12.424,12.445,6963.82
2026-01-01 15:30:00,12.465,12.555,12.462,12.495,11982.99
2026-01-01 15:45:00,12.507,12.542,12.479,12.523,10636.76
2026-01-01 16:00:00,12.525,12.552,12.515,12.524,12759.94
2026-01-01 16:15:00,12.526,12.545,12.495,12.538,14428.89
2026-01-01 16:30:00,12.542,12.598,12.542,12.558,15937.82
2026-01-01 16:45:00,12.556,12.57,12.556,12.57,320.47
2026-01-01 17:00:00,12.572,12.619,12.572,12.604,7675.11
2026-01-01 17:15:00,12.615,12.621,12.586,12.613,6032.43
2026-01-01 17:30:00,12.613,12.696,12.613,12.646,25945.19
2026-01-01 17:45:00,12.654,12.693,12.654,12.683,16325.22
2026-01-01 18:00:00,12.692,12.766,12.692,12.76,35271.52
2026-01-01 18:15:00,12.756,12.853,12.749,12.809,15022.47
2026-01-01 18:30:00,12.822,12.978,12.82,12.904,28296.14
2026-01-01 18:45:00,12.922,12.945,12.913,12.941,54072.74
2026-01-01 19:00:00,12.948,13.136,12.948,13.07,44497.38
2026-01-01 19:15:00,13.078,13.143,13.078,13.12,12472.40
2026-01-01 19:30:00,13.123,13.511,13.054,13.346,80411.27
2026-01-01 19:45:00,13.36,13.565,13.329,13.531,38116.92
2026-01-01 20:00:00,13.552,13.653,13.503,13.63,25409.12
2026-01-01 20:15:00,13.629,13.687,13.583,13.592,16084.54
2026-01-01 20:30:00,13.609,13.609,13.469,13.477,20152.18
2026-01-01 20:45:00,13.483,13.565,13.427,13.435,18546.01
2026-01-01 21:00:00,13.437,13.517,13.4,13.517,9337.26
2026-01-01 21:15:00,13.523,13.576,13.521,13.557,3744.59
2026-01-01 21:30:00,13.556,13.556,13.49,13.519,10878.37
2026-01-01 21:45:00,13.514,13.571,13.514,13.566,2425.68
2026-01-01 22:00:00,13.569,13.627,13.552,13.575,4653.23
2026-01-01 22:15:00,13.59,13.614,13.529,13.578,3507.92
2026-01-01 22:30:00,13.566,13.586,13.51,13.541,17936.84
2026-01-01 22:45:00,13.541,13.652,13.54,13.652,9561.57
2026-01-01 23:00:00,13.652,13.687,13.573,13.599,16882.11
2026-01-01 23:15:00,13.6,13.636,13.598,13.598,3052.07
2026-01-01 23:30:00,13.596,13.65,13.576,13.595,3607.46
2026-01-01 23:45:00,13.598,13.603,13.548,13.582,2806.85
2026-01-02 00:00:00,13.587,13.677,13.587,13.619,16832.30
2026-01-02 00:15:00,13.624,13.624,13.548,13.565,5414.47
2026-01-02 00:30:00,13.561,13.579,13.522,13.522,1199.09
2026-01-02 00:45:00,13.522,13.629,13.515,13.629,10032.59
2026-01-02 01:00:00,13.63,13.639,13.524,13.524,6486.16
2026-01-02 01:15:00,13.515,13.583,13.515,13.567,3784.28
2026-01-02 01:30:00,13.567,13.567,13.527,13.565,2527.59
2026-01-02 01:45:00,13.566,13.611,13.548,13.608,5928.75
2026-01-02 02:00:00,13.607,13.66,13.549,13.631,7813.98
2026-01-02 02:15:00,13.635,13.689,13.608,13.642,5660.14
2026-01-02 02:30:00,13.635,13.804,13.635,13.765,34085.39
2026-01-02 02:45:00,13.768,13.848,13.731,13.746,11249.46
2026-01-02 03:00:00,13.753,13.762,13.685,13.733,2131.41
2026-01-02 03:15:00,13.727,13.738,13.661,13.671,957.58
2026-01-02 03:30:00,13.679,13.768,13.678,13.756,7671.01
2026-01-02 03:45:00,13.77,13.812,13.714,13.731,1988.58
2026-01-02 04:00:00,13.733,13.741,13.681,13.685,2110.83
2026-01-02 04:15:00,13.676,13.681,13.586,13.59,1324.66
2026-01-02 04:30:00,13.599,13.612,13.575,13.587,8187.82
2026-01-02 04:45:00,13.575,13.599,13.558,13.559,767.87
2026-01-02 05:00:00,13.56,13.586,13.557,13.565,1370.30
2026-01-02 05:15:00,13.547,13.592,13.531,13.531,974.37
2026-01-02 05:30:00,13.528,13.592,13.52,13.592,1936.29
2026-01-02 05:45:00,13.617,13.641,13.601,13.601,4615.93
2026-01-02 06:00:00,13.608,13.615,13.552,13.552,2245.72
2026-01-02 06:15:00,13.551,13.559,13.53,13.543,2030.19
2026-01-02 06:30:00,13.541,13.58,13.54,13.56,6652.71
2026-01-02 06:45:00,13.572,13.572,13.52,13.526,1841.43
2026-01-02 07:00:00,13.524,13.546,13.494,13.515,2371.17
2026-01-02 07:15:00,13.511,13.529,13.455,13.466,2781.58
2026-01-02 07:30:00,13.47,13.47,13.429,13.429,1424.01
2026-01-02 07:45:00,13.432,13.438,13.38,13.384,17278.18
2026-01-02 08:00:00,13.393,13.471,13.388,13.47,4716.30
2026-01-02 08:15:00,13.47,13.478,13.396,13.413,9102.79
2026-01-02 08:30:00,13.412,13.428,13.391,13.391,1524.54
2026-01-02 08:45:00,13.397,13.444,13.39,13.441,5320.85
2026-01-02 09:00:00,13.448,13.491,13.417,13.457,10291.02
2026-01-02 09:15:00,13.458,13.492,13.435,13.48,15455.29
2026-01-02 09:30:00,13.48,13.538,13.473,13.538,7809.06
2026-01-02 09:45:00,13.548,13.58,13.493,13.531,15511.95
2026-01-02 10:00:00,13.547,13.555,13.521,13.533,10877.56
2026-01-02 10:15:00,13.536,13.551,13.5,13.519,3242.45
2026-01-02 10:30:00,13.516,13.552,13.515,13.517,5355.44
2026-01-02 10:45:00,13.519,13.568,13.519,13.544,1693.15
2026-01-02 11:00:00,13.546,13.546,13.456,13.46,2271.96
2026-01-02 11:15:00,13.462,13.465,13.432,13.437,1736.21
2026-01-02 11:30:00,13.442,13.467,13.398,13.408,4000.03
2026-01-02 11:45:00,13.409,13.409,13.323,13.385,7785.77
2026-01-02 12:00:00,13.39,13.405,13.357,13.398,4145.16
2026-01-02 12:15:00,13.4,13.414,13.376,13.384,1452.77
2026-01-02 12:30:00,13.384,13.467,13.37,13.435,8666.30
2026-01-02 12:45:00,13.437,13.437,13.416,13.417,659.34
2026-01-02 13:00:00,13.416,13.416,13.362,13.38,3410.05
2026-01-02 13:15:00,13.387,13.425,13.373,13.423,8405.39
2026-01-02 13:30:00,13.426,13.432,13.379,13.402,8927.89
2026-01-02 13:45:00,13.396,13.418,13.385,13.386,9375.57
2026-01-02 14:00:00,13.389,13.396,13.323,13.343,13096.17
2026-01-02 14:15:00,13.34,13.355,13.249,13.293,15172.03
2026-01-02 14:30:00,13.288,13.293,13.082,13.259,55350.80
2026-01-02 14:45:00,13.259,13.436,13.235,13.285,24615.60
2026-01-02 15:00:00,13.285,13.335,13.193,13.203,9307.02
2026-01-02 15:15:00,13.215,13.243,13.105,13.184,6928.39
2026-01-02 15:30:00,13.172,13.289,13.172,13.263,6647.63
2026-01-02 15:45:00,13.274,13.304,13.23,13.278,3930.04
2026-01-02 16:00:00,13.287,13.328,13.277,13.315,4777.77
2026-01-02 16:15:00,13.331,13.438,13.326,13.423,10921.64
2026-01-02 16:30:00,13.427,13.517,13.391,13.391,23864.73
2026-01-02 16:45:00,13.412,13.492,13.38,13.492,6408.63
2026-01-02 17:00:00,13.492,13.586,13.492,13.574,6792.07
2026-01-02 17:15:00,13.577,13.612,13.551,13.575,6366.37
2026-01-02 17:30:00,13.563,13.635,13.548,13.596,15016.02
2026-01-02 17:45:00,13.6,13.621,13.535,13.591,2016.77
2026-01-02 18:00:00,13.597,13.641,13.575,13.586,4010.33
2026-01-02 18:15:00,13.583,13.596,13.565,13.582,2264.09
2026-01-02 18:30:00,13.579,13.579,13.529,13.562,2069.96
2026-01-02 18:45:00,13.562,13.569,13.494,13.549,3568.11
2026-01-02 19:00:00,13.546,13.598,13.538,13.573,1911.46
2026-01-02 19:15:00,13.583,13.663,13.583,13.615,6111.99
2026-01-02 19:30:00,13.627,13.652,13.619,13.652,2015.65
2026-01-02 19:45:00,13.642,13.662,13.637,13.639,731.32
2026-01-02 20:00:00,13.647,13.68,13.617,13.643,3356.95
2026-01-02 20:15:00,13.628,13.634,13.592,13.606,1225.20
2026-01-02 20:30:00,13.607,13.618,13.589,13.608,1213.92
2026-01-02 20:45:00,13.607,13.616,13.557,13.616,2550.02
2026-01-02 21:00:00,13.611,13.653,13.601,13.645,1559.36
2026-01-02 21:15:00,13.641,13.675,13.621,13.67,6676.65
2026-01-02 21:30:00,13.671,13.731,13.665,13.731,4396.63
2026-01-02 21:45:00,13.728,13.856,13.71,13.856,9596.11
2026-01-02 22:00:00,13.868,13.973,13.857,13.925,11323.27
2026-01-02 22:15:00,13.92,13.948,13.889,13.901,1250.67
2026-01-02 22:30:00,13.882,13.914,13.79,13.821,5931.97
2026-01-02 22:45:00,13.821,13.876,13.821,13.831,1691.48
2026-01-02 23:00:00,13.831,13.831,13.787,13.791,1138.09
2026-01-02 23:15:00,13.804,13.822,13.75,13.756,1470.07
2026-01-02 23:30:00,13.767,13.782,13.757,13.774,2077.05
2026-01-02 23:45:00,13.77,13.803,13.757,13.803,1309.98
2026-01-03 00:00:00,13.809,13.979,13.799,13.95,13549.92
2026-01-03 00:15:00,13.95,13.95,13.891,13.93,5315.38
2026-01-03 00:30:00,13.927,13.939,13.867,13.939,2199.24
2026-01-03 00:45:00,13.935,13.995,13.895,13.895,4445.91
2026-01-03 01:00:00,13.89,13.941,13.874,13.891,4618.96
2026-01-03 01:15:00,13.903,13.903,13.816,13.817,2240.94
2026-01-03 01:30:00,13.819,13.867,13.808,13.842,3453.38
2026-01-03 01:45:00,13.852,13.86,13.841,13.849,723.41
2026-01-03 02:00:00,13.843,13.858,13.786,13.858,1484.30
2026-01-03 02:15:00,13.834,13.92,13.827,13.901,2799.28
2026-01-03 02:30:00,13.897,13.971,13.89,13.96,3518.99
2026-01-03 02:45:00,13.964,13.977,13.923,13.923,847.74
2026-01-03 03:00:00,13.924,13.992,13.906,13.945,1948.41
2026-01-03 03:15:00,13.947,13.992,13.944,13.977,1023.21
2026-01-03 03:30:00,13.976,14.24,13.976,14.239,226415.20
2026-01-03 03:45:00,14.235,14.278,14.178,14.253,38479.02
2026-01-03 04:00:00,14.254,14.262,14.115,14.122,15539.99
2026-01-03 04:15:00,14.125,14.131,14.079,14.087,3542.29
2026-01-03 04:30:00,14.077,14.11,14.067,14.068,1856.68
2026-01-03 04:45:00,14.074,14.133,14.074,14.102,2191.41
2026-01-03 05:00:00,14.113,14.13,14.096,14.116,1352.52
2026-01-03 05:15:00,14.114,14.12,14.047,14.055,1355.15
2026-01-03 05:30:00,14.038,14.038,13.972,13.986,6701.85
2026-01-03 05:45:00,13.988,13.992,13.948,13.986,4996.88
2026-01-03 06:00:00,13.987,14.061,13.977,14.061,1752.02
2026-01-03 06:15:00,14.072,14.091,14.051,14.054,1792.78
2026-01-03 06:30:00,14.045,14.049,13.949,13.949,2140.99
2026-01-03 06:45:00,13.955,13.959,13.823,13.893,203486.20
2026-01-03 07:00:00,13.884,13.897,13.816,13.821,4888.37
2026-01-03 07:15:00,13.823,13.823,13.688,13.71,15667.04
2026-01-03 07:30:00,13.716,13.79,13.672,13.761,6273.12
2026-01-03 07:45:00,13.764,13.772,13.704,13.726,5975.64
2026-01-03 08:00:00,13.724,13.798,13.71,13.775,6491.35
2026-01-03 08:15:00,13.763,13.827,13.725,13.801,3430.68
2026-01-03 08:30:00,13.801,13.855,13.789,13.846,2104.94
2026-01-03 08:45:00,13.872,13.872,13.831,13.831,810.22
2026-01-03 09:00:00,13.832,13.844,13.8,13.803,1780.78
2026-01-03 09:15:00,13.808,13.88,13.797,13.878,2448.61
2026-01-03 09:30:00,13.872,14.006,13.864,13.98,20949.74
2026-01-03 09:45:00,13.97,13.994,13.935,13.949,7238.75
2026-01-03 10:00:00,13.949,13.962,13.909,13.91,2449.43
2026-01-03 10:15:00,13.911,13.928,13.905,13.915,1137.10
2026-01-03 10:30:00,13.932,13.994,13.908,13.991,1206.07
2026-01-03 10:45:00,13.996,14.006,13.959,13.967,896.43
2026-01-03 11:00:00,13.964,13.985,13.946,13.981,1130.01
2026-01-03 11:15:00,13.978,13.985,13.949,13.959,603.89
2026-01-03 11:30:00,13.957,13.958,13.92,13.95,1433.75
2026-01-03 11:45:00,13.957,13.989,13.953,13.983,4170.12
2026-01-03 12:00:00,13.98,14.0,13.958,13.986,1669.89
2026-01-03 12:15:00,13.988,14.134,13.988,14.111,3889.73
2026-01-03 12:30:00,14.108,14.168,14.091,14.158,6584.62
2026-01-03 12:45:00,14.168,14.382,14.15,14.156,24499.76
2026-01-03 13:00:00,14.148,14.152,14.073,14.089,8672.19
2026-01-03 13:15:00,14.095,14.13,14.051,14.064,2150.19
2026-01-03 13:30:00,14.062,14.105,14.03,14.044,18064.12
2026-01-03 13:45:00,14.043,14.067,14.022,14.055,4729.51
2026-01-03 14:00:00,14.061,14.096,13.986,14.034,29319.75
2026-01-03 14:15:00,14.037,14.038,13.986,14.018,2860.28
2026-01-03 14:30:00,14.017,14.028,13.981,13.99,2621.83
2026-01-03 14:45:00,13.988,13.999,13.959,13.978,812.08
2026-01-03 15:00:00,13.977,13.977,13.913,13.922,1127.24
2026-01-03 15:15:00,13.919,13.938,13.916,13.936,333.79
2026-01-03 15:30:00,13.934,13.934,13.827,13.859,6142.71
2026-01-03 15:45:00,13.858,13.911,13.858,13.861,1133.51
2026-01-03 16:00:00,13.865,13.885,13.8,13.851,8685.01
2026-01-03 16:15:00,13.843,13.902,13.843,13.896,2234.04
2026-01-03 16:30:00,13.903,13.937,13.887,13.92,1138.62
2026-01-03 16:45:00,13.929,13.964,13.903,13.905,1389.43
2026-01-03 17:00:00,13.902,13.916,13.894,13.901,845.20
2026-01-03 17:15:00,13.899,13.951,13.899,13.924,1039.48
2026-01-03 17:30:00,13.919,13.958,13.91,13.935,677.83
2026-01-03 17:45:00,13.932,13.934,13.89,13.89,357.54
2026-01-03 18:00:00,13.892,13.892,13.852,13.876,1411.69
2026-01-03 18:15:00,13.87,13.92,13.866,13.919,2279.00
2026-01-03 18:30:00,13.916,13.923,13.892,13.897,597.33
2026-01-03 18:45:00,13.897,13.901,13.878,13.879,449.83
2026-01-03 19:00:00,13.879,13.879,13.839,13.843,2204.82
2026-01-03 19:15:00,13.848,13.863,13.848,13.862,1542.12
2026-01-03 19:30:00,13.86,13.861,13.848,13.853,733.55
2026-01-03 19:45:00,13.852,13.857,13.825,13.857,550.12
2026-01-03 20:00:00,13.858,13.858,13.801,13.813,3470.67
2026-01-03 20:15:00,13.813,13.842,13.81,13.837,321.02
2026-01-03 20:30:00,13.837,13.912,13.837,13.901,864.08
2026-01-03 20:45:00,13.903,13.911,13.882,13.884,5505.32
2026-01-03 21:00:00,13.884,13.889,13.861,13.887,2009.33
2026-01-03 21:15:00,13.886,13.913,13.884,13.913,605.72
2026-01-03 21:30:00,13.91,13.957,13.891,13.902,540.45
2026-01-03 21:45:00,13.899,13.912,13.892,13.908,425.64
2026-01-03 22:00:00,13.907,13.914,13.884,13.901,941.38
2026-01-03 22:15:00,13.902,13.953,13.902,13.922,566.14
2026-01-03 22:30:00,13.923,13.997,13.919,13.961,6618.89
2026-01-03 22:45:00,13.959,13.97,13.938,13.97,324.74
2026-01-03 23:00:00,13.973,13.981,13.936,13.955,327.71
2026-01-03 23:15:00,13.954,14.013,13.954,14.008,5686.96
2026-01-03 23:30:00,14.005,14.007,13.993,14.004,2324.48
2026-01-03 23:45:00,14.006,14.027,13.975,13.98,36999.38
2026-01-04 00:00:00,13.977,14.08,13.958,14.02,123698.90
2026-01-04 00:15:00,14.02,14.03,13.96,13.991,31805.13
2026-01-04 00:30:00,13.986,14.045,13.969,13.992,34991.35
2026-01-04 00:45:00,13.985,14.024,13.975,14.003,43958.07
2026-01-04 01:00:00,14.002,14.01,13.972,13.981,22081.68
2026-01-04 01:15:00,13.991,13.991,13.929,13.935,18780.11
2026-01-04 01:30:00,13.931,13.937,13.878,13.91,20855.82
2026-01-04 01:45:00,13.924,13.947,13.906,13.947,3350.21
2026-01-04 02:00:00,13.948,13.95,13.92,13.923,1615.37
2026-01-04 02:15:00,13.924,13.977,13.924,13.966,887.65
2026-01-04 02:30:00,13.969,13.978,13.927,13.929,2186.86
2026-01-04 02:45:00,13.927,13.939,13.896,13.914,2111.73
2026-01-04 03:00:00,13.919,14.03,13.919,14.018,4888.83
2026-01-04 03:15:00,14.024,14.024,13.971,13.971,1805.93
2026-01-04 03:30:00,13.98,14.002,13.961,14.002,1560.10
2026-01-04 03:45:00,14.012,14.028,13.999,14.001,16054.07
2026-01-04 04:00:00,13.998,14.044,13.996,14.038,974.89
2026-01-04 04:15:00,14.033,14.04,14.019,14.021,1359.79
2026-01-04 04:30:00,14.02,14.058,14.02,14.028,1019.12
2026-01-04 04:45:00,14.03,14.036,13.982,13.987,1132.74
2026-01-04 05:00:00,13.99,14.009,13.983,13.999,740.46
2026-01-04 05:15:00,13.993,13.999,13.979,13.979,3511.57
2026-01-04 05:30:00,13.977,13.98,13.947,13.969,20801.74
2026-01-04 05:45:00,13.968,14.024,13.968,14.024,670.41
2026-01-04 06:00:00,14.03,14.072,14.017,14.072,1678.10
2026-01-04 06:15:00,14.077,14.114,14.071,14.077,6398.56
2026-01-04 06:30:00,14.074,14.087,13.966,13.966,9528.91
2026-01-04 06:45:00,13.982,14.003,13.945,13.996,2535.30
2026-01-04 07:00:00,14.001,14.072,13.994,14.067,992.99
2026-01-04 07:15:00,14.071,14.074,14.021,14.043,1577.11
2026-01-04 07:30:00,14.046,14.091,14.015,14.088,522.09
2026-01-04 07:45:00,14.082,14.09,14.035,14.035,662.00
2026-01-04 08:00:00,14.033,14.039,13.971,14.012,5166.06
2026-01-04 08:15:00,14.012,14.033,13.973,13.978,1160.26
2026-01-04 08:30:00,13.987,14.023,13.987,14.024,3163.24
2026-01-04 08:45:00,14.03,14.033,13.998,14.026,447.26
2026-01-04 09:00:00,14.026,14.036,13.979,14.002,4408.78
2026-01-04 09:15:00,14.003,14.043,13.987,14.0,2227.00
2026-01-04 09:30:00,14.01,14.076,14.01,14.046,6145.60
2026-01-04 09:45:00,14.044,14.087,14.033,14.06,39319.86
2026-01-04 10:00:00,14.06,14.085,14.032,14.048,21098.49
2026-01-04 10:15:00,14.045,14.048,14.015,14.02,2608.14
2026-01-04 10:30:00,14.022,14.037,14.012,14.024,4498.64
2026-01-04 10:45:00,14.026,14.033,14.005,14.015,1488.35
2026-01-04 11:00:00,14.014,14.045,14.001,14.017,3482.72
2026-01-04 11:15:00,14.011,14.033,14.011,14.028,7663.96
2026-01-04 11:30:00,14.033,14.062,14.026,14.062,3488.05
2026-01-04 11:45:00,14.063,14.084,14.041,14.067,5680.07
2026-01-04 12:00:00,14.064,14.068,14.042,14.068,2094.83
2026-01-04 12:15:00,14.068,14.139,14.058,14.124,6652.96
2026-01-04 12:30:00,14.12,14.16,14.042,14.046,7490.72
2026-01-04 12:45:00,14.043,14.073,14.043,14.052,2023.55
2026-01-04 13:00:00,14.042,14.119,14.039,14.096,3526.02
2026-01-04 13:15:00,14.085,14.088,14.024,14.059,3169.01
2026-01-04 13:30:00,14.051,14.107,14.032,14.107,6006.95
2026-01-04 13:45:00,14.104,14.21,14.095,14.184,7710.90
2026-01-04 14:00:00,14.191,14.191,14.124,14.153,4244.69
2026-01-04 14:15:00,14.156,14.157,14.085,14.086,2308.59
2026-01-04 14:30:00,14.083,14.095,14.011,14.064,5059.65
2026-01-04 14:45:00,14.062,14.105,14.045,14.103,971.43
2026-01-04 15:00:00,14.107,14.136,14.107,14.131,511.73
2026-01-04 15:15:00,14.13,14.142,14.117,14.12,626.45
2026-01-04 15:30:00,14.115,14.138,14.089,14.107,1259.26
2026-01-04 15:45:00,14.109,14.189,14.06,14.179,7247.22
2026-01-04 16:00:00,14.177,14.231,14.162,14.168,8093.77
2026-01-04 16:15:00,14.168,14.27,14.163,14.215,5593.49
2026-01-04 16:30:00,14.215,14.264,14.199,14.223,5213.47
2026-01-04 16:45:00,14.228,14.246,14.222,14.233,2987.88
2026-01-04 17:00:00,14.236,14.289,14.224,14.251,4827.61
2026-01-04 17:15:00,14.243,14.251,14.189,14.189,3948.29
2026-01-04 17:30:00,14.187,14.228,14.178,14.213,2573.74
2026-01-04 17:45:00,14.215,14.247,14.199,14.199,2856.80
2026-01-04 18:00:00,14.203,14.209,14.126,14.13,10801.17
2026-01-04 18:15:00,14.136,14.152,14.089,14.104,5461.25
2026-01-04 18:30:00,14.105,14.114,14.044,14.114,2576.85
2026-01-04 18:45:00,14.126,14.155,14.103,14.153,2236.33
2026-01-04 19:00:00,14.15,14.15,13.997,14.02,25093.85
2026-01-04 19:15:00,14.025,14.082,14.022,14.08,4115.47
2026-01-04 19:30:00,14.079,14.11,14.074,14.076,2087.46
2026-01-04 19:45:00,14.077,14.142,14.074,14.13,5210.89
2026-01-04 20:00:00,14.129,14.167,14.113,14.157,5046.68
2026-01-04 20:15:00,14.157,14.2,14.152,14.199,1406.23
2026-01-04 20:30:00,14.196,14.221,14.176,14.189,1466.99
2026-01-04 20:45:00,14.19,14.19,14.16,14.174,1028.83
2026-01-04 21:00:00,14.172,14.432,14.135,14.346,17489.11
2026-01-04 21:15:00,14.345,14.489,14.326,14.409,23560.51
2026-01-04 21:30:00,14.419,14.419,14.288,14.303,11611.48
2026-01-04 21:45:00,14.299,14.386,14.29,14.379,867.34
2026-01-04 22:00:00,14.389,14.464,14.317,14.317,4020.92
2026-01-04 22:15:00,14.309,14.315,14.246,14.293,3682.00
2026-01-04 22:30:00,14.294,14.31,14.237,14.259,744.35
2026-01-04 22:45:00,14.24,14.275,14.238,14.275,646.16
2026-01-04 23:00:00,14.272,14.37,14.272,14.299,1337.11
2026-01-04 23:15:00,14.307,14.351,14.285,14.286,3333.49
2026-01-04 23:30:00,14.295,14.295,14.265,14.275,966.16
2026-01-04 23:45:00,14.266,14.268,14.208,14.24,3304.94
2026-01-05 00:00:00,14.235,14.334,14.222,14.255,7116.26
2026-01-05 00:15:00,14.261,14.312,14.215,14.258,2369.37
2026-01-05 00:30:00,14.246,14.247,14.205,14.242,1865.62
2026-01-05 00:45:00,14.248,14.342,14.235,14.294,1743.42
2026-01-05 01:00:00,14.302,14.426,14.262,14.388,4825.66
2026-01-05 01:15:00,14.396,14.396,14.339,14.379,2271.72
2026-01-05 01:30:00,14.368,14.488,14.364,14.467,4199.25
2026-01-05 01:45:00,14.478,14.514,14.432,14.439,12471.77
2026-01-05 02:00:00,14.44,14.498,14.376,14.404,9650.47
2026-01-05 02:15:00,14.415,14.436,14.309,14.309,5476.10
2026-01-05 02:30:00,14.313,14.36,14.304,14.349,3680.59
2026-01-05 02:45:00,14.361,14.417,14.361,14.403,593.34
2026-01-05 03:00:00,14.406,14.42,14.344,14.358,3042.26
2026-01-05 03:15:00,14.356,14.369,14.327,14.35,934.50
2026-01-05 03:30:00,14.348,14.476,14.348,14.433,3118.06
2026-01-05 03:45:00,14.444,14.445,14.382,14.382,4082.54
2026-01-05 04:00:00,14.385,14.403,14.264,14.264,3289.33
2026-01-05 04:15:00,14.267,14.291,14.168,14.168,22709.13
2026-01-05 04:30:00,14.168,14.173,14.106,14.121,10172.90
2026-01-05 04:45:00,14.124,14.183,14.122,14.165,6781.55
2026-01-05 05:00:00,14.166,14.167,14.12,14.141,8139.12
2026-01-05 05:15:00,14.137,14.219,14.137,14.203,1814.71
2026-01-05 05:30:00,14.195,14.223,14.181,14.19,2622.04
2026-01-05 05:45:00,14.189,14.194,14.114,14.124,1029.70
2026-01-05 06:00:00,14.107,14.145,14.101,14.142,1002.64
2026-01-05 06:15:00,14.137,14.188,14.106,14.106,1877.13
2026-01-05 06:30:00,14.101,14.19,14.074,14.18,2585.43
2026-01-05 06:45:00,14.178,14.26,14.167,14.26,547.43
2026-01-05 07:00:00,14.263,14.284,14.197,14.263,16456.51
2026-01-05 07:15:00,14.271,14.321,14.271,14.284,1541.07
2026-01-05 07:30:00,14.283,14.286,14.259,14.277,1888.53
2026-01-05 07:45:00,14.288,14.304,14.254,14.269,1685.71
2026-01-05 08:00:00,14.268,14.322,14.254,14.298,2340.25
2026-01-05 08:15:00,14.303,14.359,14.293,14.333,2372.51
2026-01-05 08:30:00,14.332,14.337,14.245,14.274,1343.78
2026-01-05 08:45:00,14.275,14.287,14.233,14.236,220.03
2026-01-05 09:00:00,14.223,14.23,14.139,14.146,4382.38
2026-01-05 09:15:00,14.149,14.19,14.145,14.169,3033.47
2026-01-05 09:30:00,14.172,14.222,14.152,14.214,1311.55
2026-01-05 09:45:00,14.213,14.239,14.158,14.158,663.13
2026-01-05 10:00:00,14.172,14.346,14.172,14.335,2175.71
2026-01-05 10:15:00,14.335,14.335,14.254,14.254,960.14
2026-01-05 10:30:00,14.255,14.255,14.168,14.204,1650.39
2026-01-05 10:45:00,14.206,14.244,14.206,14.21,7183.39
2026-01-05 11:00:00,14.211,14.211,14.141,14.146,1233.11
2026-01-05 11:15:00,14.144,14.195,14.127,14.144,2468.86
2026-01-05 11:30:00,14.159,14.168,14.127,14.154,687.31
2026-01-05 11:45:00,14.154,14.21,14.154,14.195,262.20
2026-01-05 12:00:00,14.194,14.199,14.163,14.179,3349.99
2026-01-05 12:15:00,14.181,14.182,14.102,14.115,284.12
2026-01-05 12:30:00,14.113,14.143,14.105,14.119,1668.42
2026-01-05 12:45:00,14.119,14.157,14.119,14.152,786.76
2026-01-05 13:00:00,14.153,14.183,14.14,14.163,553.71
2026-01-05 13:15:00,14.164,14.211,14.14,14.14,16995.94
2026-01-05 13:30:00,14.135,14.135,14.023,14.038,5300.88
2026-01-05 13:45:00,14.045,14.083,14.033,14.078,644.54
2026-01-05 14:00:00,14.081,14.113,14.057,14.082,2090.55
2026-01-05 14:15:00,14.077,14.089,14.033,14.086,946.12
2026-01-05 14:30:00,14.083,14.227,14.039,14.209,8247.22
2026-01-05 14:45:00,14.206,14.25,14.128,14.181,11193.62
2026-01-05 15:00:00,14.183,14.212,14.08,14.087,6270.65
2026-01-05 15:15:00,14.103,14.163,14.072,14.105,2231.41
2026-01-05 15:30:00,14.089,14.276,14.078,14.224,5341.84
2026-01-05 15:45:00,14.227,14.241,14.136,14.172,3809.95
2026-01-05 16:00:00,14.178,14.181,14.108,14.129,4926.37
2026-01-05 16:15:00,14.126,14.126,14.032,14.103,2550.36
2026-01-05 16:30:00,14.092,14.14,14.06,14.11,11960.55
2026-01-05 16:45:00,14.1,14.149,14.063,14.12,18880.76
2026-01-05 17:00:00,14.123,14.145,14.087,14.121,4519.53
2026-01-05 17:15:00,14.118,14.128,13.912,13.973,9511.84
2026-01-05 17:30:00,13.973,14.084,13.97,14.077,4979.69
2026-01-05 17:45:00,14.11,14.223,14.086,14.202,7648.33
2026-01-05 18:00:00,14.199,14.217,14.159,14.217,3053.51
2026-01-05 18:15:00,14.227,14.233,14.145,14.22,3776.12
2026-01-05 18:30:00,14.208,14.267,14.18,14.229,1400.31
2026-01-05 18:45:00,14.237,14.292,14.226,14.288,3995.36
2026-01-05 19:00:00,14.275,14.287,14.241,14.284,3159.26
2026-01-05 19:15:00,14.287,14.307,14.236,14.292,1631.64
2026-01-05 19:30:00,14.287,14.341,14.25,14.261,5521.82
2026-01-05 19:45:00,14.242,14.287,14.24,14.267,1411.63
2026-01-05 20:00:00,14.267,14.394,14.251,14.392,5695.03
2026-01-05 20:15:00,14.391,14.463,14.354,14.441,10459.22
2026-01-05 20:30:00,14.44,14.44,14.349,14.403,3151.62
2026-01-05 20:45:00,14.41,14.425,14.376,14.422,4910.86
2026-01-05 21:00:00,14.415,14.461,14.401,14.43,2116.79
2026-01-05 21:15:00,14.431,14.489,14.378,14.382,3096.38
2026-01-05 21:30:00,14.387,14.461,14.387,14.451,20988.60
2026-01-05 21:45:00,14.456,14.511,14.445,14.466,1546.47
2026-01-05 22:00:00,14.467,14.579,14.442,14.578,7550.71
2026-01-05 22:15:00,14.564,14.708,14.563,14.582,23236.90
2026-01-05 22:30:00,14.579,14.615,14.568,14.613,8127.11
2026-01-05 22:45:00,14.614,14.615,14.512,14.555,15377.53
2026-01-05 23:00:00,14.558,14.558,14.508,14.534,4000.16
2026-01-05 23:15:00,14.55,14.576,14.511,14.512,1315.71
2026-01-05 23:30:00,14.513,14.515,14.454,14.459,17327.02
2026-01-05 23:45:00,14.46,14.474,14.446,14.446,2551.27
2026-01-06 00:00:00,14.446,14.477,14.398,14.399,8095.81
2026-01-06 00:15:00,14.399,14.412,14.379,14.397,9777.57
2026-01-06 00:30:00,14.404,14.404,14.336,14.352,4677.52
2026-01-06 00:45:00,14.353,14.496,14.345,14.486,5420.79
2026-01-06 01:00:00,14.483,14.589,14.483,14.548,22603.10
2026-01-06 01:15:00,14.554,14.739,14.551,14.729,7157.78
2026-01-06 01:30:00,14.725,14.726,14.543,14.546,6661.19
2026-01-06 01:45:00,14.545,14.545,14.381,14.401,26299.01
2026-01-06 02:00:00,14.397,14.436,14.374,14.397,3109.94
2026-01-06 02:15:00,14.395,14.415,14.367,14.386,1664.44
2026-01-06 02:30:00,14.382,14.39,14.329,14.34,1666.57
2026-01-06 02:45:00,14.349,14.352,14.24,14.286,11526.77
2026-01-06 03:00:00,14.285,14.359,14.28,14.358,1789.08
2026-01-06 03:15:00,14.359,14.378,14.338,14.376,1431.91
2026-01-06 03:30:00,14.38,14.461,14.365,14.434,7463.34
2026-01-06 03:45:00,14.45,14.453,14.39,14.422,5680.74
2026-01-06 04:00:00,14.419,14.451,14.407,14.443,6334.99
2026-01-06 04:15:00,14.452,14.494,14.426,14.445,6354.64
2026-01-06 04:30:00,14.449,14.501,14.449,14.466,597.17
2026-01-06 04:45:00,14.469,14.476,14.432,14.432,849.68
2026-01-06 05:00:00,14.432,14.452,14.393,14.412,777.81
2026-01-06 05:15:00,14.412,14.459,14.391,14.406,4215.63
2026-01-06 05:30:00,14.415,14.456,14.409,14.412,982.94
2026-01-06 05:45:00,14.402,14.404,14.331,14.359,72981.29
2026-01-06 06:00:00,14.359,14.403,14.34,14.372,2309.08
2026-01-06 06:15:00,14.372,14.379,14.299,14.379,2176.98
2026-01-06 06:30:00,14.391,14.535,14.388,14.527,3114.07
2026-01-06 06:45:00,14.519,14.55,14.487,14.491,3635.21
2026-01-06 07:00:00,14.49,14.49,14.41,14.41,1479.50
2026-01-06 07:15:00,14.414,14.42,14.321,14.321,2890.93
2026-01-06 07:30:00,14.332,14.335,14.269,14.305,1697.59
2026-01-06 07:45:00,14.312,14.312,14.23,14.268,1329.70
2026-01-06 08:00:00,14.269,14.326,14.254,14.282,5134.08
2026-01-06 08:15:00,14.292,14.304,14.247,14.275,1522.30
2026-01-06 08:30:00,14.263,14.279,14.243,14.251,918.93
2026-01-06 08:45:00,14.251,14.276,14.239,14.26,9259.53
2026-01-06 09:00:00,14.258,14.362,14.252,14.351,32282.42
2026-01-06 09:15:00,14.353,14.44,14.353,14.381,26416.41
2026-01-06 09:30:00,14.384,14.408,14.381,14.395,1569.06
2026-01-06 09:45:00,14.388,14.406,14.377,14.383,834.08
2026-01-06 10:00:00,14.385,14.47,14.376,14.448,1183.04
2026-01-06 10:15:00,14.464,14.478,14.404,14.453,1195.20
2026-01-06 10:30:00,14.433,14.478,14.433,14.465,531.00
2026-01-06 10:45:00,14.459,14.481,14.446,14.447,1117.88
2026-01-06 11:00:00,14.449,14.492,14.428,14.478,3048.94
2026-01-06 11:15:00,14.478,14.514,14.457,14.508,1343.29
2026-01-06 11:30:00,14.499,14.504,14.48,14.491,3011.32
2026-01-06 11:45:00,14.49,14.522,14.485,14.522,876.11
2026-01-06 12:00:00,14.523,14.605,14.493,14.605,14233.16
2026-01-06 12:15:00,14.604,14.634,14.588,14.61,3610.57
2026-01-06 12:30:00,14.604,14.632,14.589,14.605,2557.81
2026-01-06 12:45:00,14.61,14.634,14.598,14.63,9679.38
2026-01-06 13:00:00,14.629,14.653,14.598,14.64,11122.87
2026-01-06 13:15:00,14.632,14.689,14.605,14.669,1816.22
2026-01-06 13:30:00,14.666,14.683,14.602,14.625,11510.21
2026-01-06 13:45:00,14.626,14.627,14.558,14.587,23485.05
2026-01-06 14:00:00,14.587,14.784,14.585,14.743,12882.29
2026-01-06 14:15:00,14.751,14.811,14.728,14.809,30519.38
2026-01-06 14:30:00,14.808,14.815,14.706,14.706,8315.12
2026-01-06 14:45:00,14.697,14.736,14.568,14.634,39494.40
2026-01-06 15:00:00,14.636,14.649,14.537,14.593,3907.72
2026-01-06 15:15:00,14.599,14.692,14.599,14.644,13781.47
2026-01-06 15:30:00,14.648,14.648,14.41,14.465,24029.55
2026-01-06 15:45:00,14.456,14.528,14.446,14.528,3027.91
2026-01-06 16:00:00,14.528,14.595,14.441,14.492,11282.72
2026-01-06 16:15:00,14.509,14.523,14.425,14.453,10684.56
2026-01-06 16:30:00,14.451,14.488,14.419,14.478,7229.77
2026-01-06 16:45:00,14.472,14.53,14.444,14.494,7545.92
2026-01-06 17:00:00,14.493,14.526,14.466,14.48,3345.57
2026-01-06 17:15:00,14.481,14.498,14.465,14.485,1241.37
2026-01-06 17:30:00,14.483,14.524,14.447,14.474,7704.92
2026-01-06 17:45:00,14.474,14.476,14.29,14.34,15760.56
2026-01-06 18:00:00,14.339,14.535,14.27,14.472,26569.59
2026-01-06 18:15:00,14.469,14.514,14.452,14.479,2173.62
2026-01-06 18:30:00,14.475,14.51,14.466,14.491,3166.30
2026-01-06 18:45:00,14.49,14.516,14.473,14.49,9531.73
2026-01-06 19:00:00,14.49,14.517,14.475,14.5,4426.34
2026-01-06 19:15:00,14.499,14.511,14.478,14.484,1226.34
2026-01-06 19:30:00,14.488,14.508,14.47,14.47,488.29
2026-01-06 19:45:00,14.478,14.491,14.471,14.471,498.43
2026-01-06 20:00:00,14.49,14.543,14.478,14.5,1259.71
2026-01-06 20:15:00,14.497,14.527,14.494,14.52,398.55
2026-01-06 20:30:00,14.519,14.527,14.511,14.515,935.13
2026-01-06 20:45:00,14.51,14.513,14.456,14.483,1818.96
2026-01-06 21:00:00,14.483,14.549,14.455,14.52,3452.48
2026-01-06 21:15:00,14.518,14.75,14.513,14.62,24754.14
2026-01-06 21:30:00,14.627,14.667,14.59,14.615,4813.99
2026-01-06 21:45:00,14.617,14.62,14.518,14.546,2534.55
2026-01-06 22:00:00,14.552,14.593,14.495,14.505,1775.40
2026-01-06 22:15:00,14.513,14.526,14.488,14.517,2410.98
2026-01-06 22:30:00,14.526,14.526,14.494,14.506,1130.96
2026-01-06 22:45:00,14.503,14.534,14.503,14.517,420.49
2026-01-06 23:00:00,14.518,14.609,14.518,14.606,15188.66
2026-01-06 23:15:00,14.613,14.622,14.582,14.616,14909.69
2026-01-06 23:30:00,14.617,14.622,14.59,14.594,14616.99
2026-01-06 23:45:00,14.596,14.611,14.591,14.601,3978.80
2026-01-07 00:00:00,14.596,14.596,14.519,14.523,22810.83
2026-01-07 00:15:00,14.508,14.525,14.487,14.496,1580.76
2026-01-07 00:30:00,14.498,14.51,14.485,14.492,836.76
2026-01-07 00:45:00,14.492,14.51,14.461,14.461,10935.62
2026-01-07 01:00:00,14.467,14.511,14.467,14.492,1775.22
2026-01-07 01:15:00,14.491,14.513,14.472,14.492,2001.33
2026-01-07 01:30:00,14.486,14.501,14.472,14.485,2163.59
2026-01-07 01:45:00,14.486,14.494,14.385,14.462,5515.45
2026-01-07 02:00:00,14.459,14.506,14.459,14.477,709.15
2026-01-07 02:15:00,14.491,14.497,14.47,14.475,552.14
2026-01-07 02:30:00,14.472,14.502,14.464,14.476,1351.69
2026-01-07 02:45:00,14.482,14.509,14.474,14.492,741.38
2026-01-07 03:00:00,14.492,14.506,14.481,14.498,843.86
2026-01-07 03:15:00,14.496,14.516,14.479,14.491,955.71
2026-01-07 03:30:00,14.491,14.494,14.467,14.471,657.55
2026-01-07 03:45:00,14.472,14.476,14.465,14.469,809.60
2026-01-07 04:00:00,14.469,14.493,14.42,14.455,1887.56
2026-01-07 04:15:00,14.453,14.465,14.452,14.459,495.60
2026-01-07 04:30:00,14.459,14.485,14.451,14.485,657.46
2026-01-07 04:45:00,14.485,14.492,14.463,14.463,693.13
2026-01-07 05:00:00,14.461,14.473,14.457,14.473,634.09
2026-01-07 05:15:00,14.471,14.48,14.454,14.456,469.65
2026-01-07 05:30:00,14.458,14.491,14.458,14.468,1383.62
2026-01-07 05:45:00,14.462,14.463,14.449,14.454,1955.91
2026-01-07 06:00:00,14.453,14.492,14.442,14.463,1467.09
2026-01-07 06:15:00,14.463,14.484,14.46,14.479,552.61
2026-01-07 06:30:00,14.48,14.503,14.457,14.459,3265.88
2026-01-07 06:45:00,14.459,14.47,14.457,14.46,1258.74
2026-01-07 07:00:00,14.46,14.497,14.459,14.491,3415.36
2026-01-07 07:15:00,14.491,14.513,14.491,14.513,1422.11
2026-01-07 07:30:00,14.513,14.526,14.497,14.497,723.22
2026-01-07 07:45:00,14.496,14.504,14.474,14.504,1383.23
2026-01-07 08:00:00,14.515,14.528,14.502,14.506,3867.73
2026-01-07 08:15:00,14.506,14.523,14.484,14.505,1196.99
2026-01-07 08:30:00,14.504,14.523,14.495,14.506,15153.98
2026-01-07 08:45:00,14.513,14.543,14.497,14.497,1998.30
2026-01-07 09:00:00,14.497,14.503,14.465,14.475,2175.23
2026-01-07 09:15:00,14.473,14.486,14.455,14.468,3629.51
2026-01-07 09:30:00,14.466,14.475,14.422,14.461,9273.16
2026-01-07 09:45:00,14.46,14.466,14.438,14.449,3824.68
2026-01-07 10:00:00,14.445,14.483,14.437,14.478,2078.64
2026-01-07 10:15:00,14.478,14.482,14.447,14.451,1854.95
2026-01-07 10:30:00,14.454,14.501,14.454,14.479,2099.72
2026-01-07 10:45:00,14.479,14.494,14.474,14.487,1236.83
2026-01-07 11:00:00,14.477,14.519,14.47,14.505,2291.36
2026-01-07 11:15:00,14.504,14.518,14.5,14.507,1153.25
2026-01-07 11:30:00,14.507,14.52,14.497,14.506,1375.08
2026-01-07 11:45:00,14.506,14.506,14.48,14.485,540.68
2026-01-07 12:00:00,14.486,14.49,14.475,14.477,1104.83
2026-01-07 12:15:00,14.476,14.496,14.474,14.484,995.25
2026-01-07 12:30:00,14.483,14.493,14.471,14.471,4952.51
2026-01-07 12:45:00,14.472,14.476,14.365,14.372,1882.47
2026-01-07 13:00:00,14.38,14.406,14.306,14.315,3833.09
2026-01-07 13:15:00,14.319,14.423,14.319,14.404,6472.41
2026-01-07 13:30:00,14.404,14.411,14.376,14.382,3464.37
2026-01-07 13:45:00,14.379,14.381,14.345,14.351,2584.85
2026-01-07 14:00:00,14.351,14.351,14.189,14.198,23554.64
2026-01-07 14:15:00,14.205,14.217,14.164,14.167,2648.89
2026-01-07 14:30:00,14.155,14.27,14.091,14.227,18284.54
2026-01-07 14:45:00,14.226,14.288,14.222,14.235,5419.71
2026-01-07 15:00:00,14.243,14.248,14.105,14.11,9276.79
2026-01-07 15:15:00,14.112,14.112,13.949,14.0,12543.97
2026-01-07 15:30:00,14.0,14.064,13.973,13.979,5121.40
2026-01-07 15:45:00,13.982,14.024,13.962,14.008,3994.56
2026-01-07 16:00:00,14.001,14.022,13.97,13.986,5765.26
2026-01-07 16:15:00,13.984,14.041,13.981,14.011,3255.60
2026-01-07 16:30:00,14.021,14.024,13.873,13.974,7557.08
2026-01-07 16:45:00,13.975,14.026,13.958,13.973,3930.41
2026-01-07 17:00:00,13.979,14.049,13.965,14.031,3681.49
2026-01-07 17:15:00,14.04,14.13,14.034,14.125,4321.45
2026-01-07 17:30:00,14.134,14.141,14.058,14.077,4745.00
2026-01-07 17:45:00,14.083,14.086,14.023,14.042,1467.62
2026-01-07 18:00:00,14.039,14.076,14.026,14.074,2925.57
2026-01-07 18:15:00,14.065,14.077,13.99,14.077,6941.84
2026-01-07 18:30:00,14.085,14.122,14.08,14.08,1187.14
2026-01-07 18:45:00,14.078,14.106,14.034,14.063,3612.08
2026-01-07 19:00:00,14.062,14.093,14.02,14.02,2519.80
2026-01-07 19:15:00,14.02,14.048,13.99,14.016,3709.33
2026-01-07 19:30:00,14.025,14.097,14.015,14.087,4428.04
2026-01-07 19:45:00,14.098,14.135,14.093,14.11,2778.69
2026-01-07 20:00:00,14.106,14.129,14.05,14.05,1792.71
2026-01-07 20:15:00,14.043,14.065,14.017,14.02,2574.59
2026-01-07 20:30:00,14.027,14.094,14.027,14.062,298.61
2026-01-07 20:45:00,14.063,14.091,14.055,14.067,411.05
2026-01-07 21:00:00,14.066,14.089,14.052,14.08,2242.97
2026-01-07 21:15:00,14.077,14.092,14.064,14.082,1183.42
2026-01-07 21:30:00,14.085,14.093,14.057,14.064,998.42
2026-01-07 21:45:00,14.065,14.066,14.04,14.046,505.45
2026-01-07 22:00:00,14.04,14.04,13.994,14.022,6627.79
2026-01-07 22:15:00,14.03,14.078,14.023,14.07,9197.20
2026-01-07 22:30:00,14.073,14.135,14.072,14.078,6769.17
2026-01-07 22:45:00,14.08,14.082,14.032,14.058,97.75
2026-01-07 23:00:00,14.057,14.075,14.013,14.075,830.72
2026-01-07 23:15:00,14.09,14.178,14.09,14.155,3325.17
2026-01-07 23:30:00,14.153,14.171,14.104,14.105,961.85
2026-01-07 23:45:00,14.104,14.125,14.097,14.116,2253.56
2026-01-08 00:00:00,14.117,14.144,14.09,14.09,3264.02
2026-01-08 00:15:00,14.083,14.093,14.057,14.058,485.25
2026-01-08 00:30:00,14.06,14.086,14.05,14.086,796.48
2026-01-08 00:45:00,14.091,14.161,14.091,14.139,597.80
2026-01-08 01:00:00,14.145,14.164,14.139,14.15,636.75
2026-01-08 01:15:00,14.148,14.189,14.112,14.176,1451.95
2026-01-08 01:30:00,14.172,14.182,14.135,14.148,1876.06
2026-01-08 01:45:00,14.14,14.205,14.138,14.205,574.19
2026-01-08 02:00:00,14.191,14.242,14.179,14.214,2630.85
2026-01-08 02:15:00,14.21,14.23,14.117,14.15,4069.30
2026-01-08 02:30:00,14.153,14.159,14.097,14.11,3590.91
2026-01-08 02:45:00,14.12,14.125,14.088,14.121,755.88
2026-01-08 03:00:00,14.124,14.2,14.124,14.175,152.98
2026-01-08 03:15:00,14.172,14.184,14.108,14.11,664.63
2026-01-08 03:30:00,14.116,14.13,13.997,13.997,1566.04
2026-01-08 03:45:00,14.045,14.057,14.007,14.021,2291.71
2026-01-08 04:00:00,14.025,14.046,13.992,14.007,1849.36
2026-01-08 04:15:00,14.008,14.114,14.003,14.109,1554.98
2026-01-08 04:30:00,14.113,14.13,14.099,14.106,759.63
2026-01-08 04:45:00,14.118,14.118,14.076,14.079,493.43
2026-01-08 05:00:00,14.086,14.124,14.076,14.094,1704.02
2026-01-08 05:15:00,14.097,14.104,14.072,14.075,177.74
2026-01-08 05:30:00,14.076,14.107,14.044,14.045,2740.93
2026-01-08 05:45:00,14.051,14.053,14.01,14.023,146.55
2026-01-08 06:00:00,14.026,14.037,13.947,13.953,11108.40
2026-01-08 06:15:00,13.954,13.965,13.896,13.919,3194.80
2026-01-08 06:30:00,13.922,13.974,13.922,13.948,812.07
2026-01-08 06:45:00,13.949,13.951,13.758,13.78,6765.67
2026-01-08 07:00:00,13.785,13.812,13.667,13.805,15921.70
2026-01-08 07:15:00,13.796,13.873,13.794,13.873,1461.98
2026-01-08 07:30:00,13.877,13.922,13.872,13.908,5212.37
2026-01-08 07:45:00,13.905,13.913,13.892,13.898,135.71
2026-01-08 08:00:00,13.897,13.924,13.897,13.904,2420.19
2026-01-08 08:15:00,13.909,13.958,13.889,13.95,2175.37
2026-01-08 08:30:00,13.95,13.965,13.887,13.898,2851.15
2026-01-08 08:45:00,13.893,13.897,13.829,13.84,1709.43
2026-01-08 09:00:00,13.853,13.901,13.848,13.874,4591.31
2026-01-08 09:15:00,13.86,13.863,13.799,13.803,23059.51
2026-01-08 09:30:00,13.793,13.798,13.768,13.789,32300.95
2026-01-08 09:45:00,13.79,13.819,13.74,13.753,2218.45
2026-01-08 10:00:00,13.751,13.768,13.677,13.766,5514.91
2026-01-08 10:15:00,13.753,13.842,13.745,13.842,1559.21
2026-01-08 10:30:00,13.846,13.865,13.828,13.833,1317.89
2026-01-08 10:45:00,13.841,13.931,13.841,13.915,2507.76
2026-01-08 11:00:00,13.918,13.918,13.823,13.827,1378.63
2026-01-08 11:15:00,13.839,13.841,13.764,13.813,13478.41
2026-01-08 11:30:00,13.818,13.841,13.782,13.838,2717.11
2026-01-08 11:45:00,13.816,13.902,13.816,13.887,4661.71
2026-01-08 12:00:00,13.881,13.883,13.789,13.789,1738.15
2026-01-08 12:15:00,13.79,13.818,13.784,13.815,1459.79
2026-01-08 12:30:00,13.813,13.825,13.759,13.805,1383.94
2026-01-08 12:45:00,13.798,13.8,13.757,13.786,1678.06
2026-01-08 13:00:00,13.792,13.812,13.791,13.791,361.21
2026-01-08 13:15:00,13.79,13.813,13.766,13.813,691.15
2026-01-08 13:30:00,13.811,13.823,13.744,13.747,6230.13
2026-01-08 13:45:00,13.75,13.756,13.718,13.75,890.41
2026-01-08 14:00:00,13.75,13.751,13.679,13.739,4788.06
2026-01-08 14:15:00,13.736,13.737,13.614,13.68,7827.83
2026-01-08 14:30:00,13.676,13.727,13.633,13.647,7008.14
2026-01-08 14:45:00,13.62,13.767,13.583,13.73,12429.71
2026-01-08 15:00:00,13.722,13.816,13.669,13.77,10344.90
2026-01-08 15:15:00,13.779,13.864,13.771,13.857,3261.34
2026-01-08 15:30:00,13.846,13.919,13.809,13.87,8930.65
2026-01-08 15:45:00,13.859,13.944,13.831,13.941,5626.07
2026-01-08 16:00:00,13.932,13.966,13.896,13.916,12637.95
2026-01-08 16:15:00,13.913,13.913,13.87,13.889,11514.26
2026-01-08 16:30:00,13.878,13.931,13.825,13.91,1634.67
2026-01-08 16:45:00,13.922,13.987,13.904,13.97,1028.93
2026-01-08 17:00:00,13.977,14.02,13.97,13.994,3685.54
2026-01-08 17:15:00,13.992,13.995,13.909,13.909,2122.91
2026-01-08 17:30:00,13.912,13.973,13.912,13.969,1708.15
2026-01-08 17:45:00,13.968,14.036,13.964,14.021,1580.55
2026-01-08 18:00:00,14.029,14.032,13.964,13.967,1929.72
2026-01-08 18:15:00,13.958,13.983,13.945,13.983,2727.93
2026-01-08 18:30:00,13.981,13.998,13.907,13.93,958.19
2026-01-08 18:45:00,13.925,13.932,13.878,13.89,679.06
2026-01-08 19:00:00,13.9,13.938,13.881,13.909,8075.85
2026-01-08 19:15:00,13.896,13.896,13.84,13.861,874.14
2026-01-08 19:30:00,13.87,13.93,13.87,13.896,173.54
2026-01-08 19:45:00,13.893,13.897,13.828,13.846,1641.44
2026-01-08 20:00:00,13.852,13.852,13.735,13.77,11861.99
2026-01-08 20:15:00,13.766,13.774,13.736,13.749,940.80
2026-01-08 20:30:00,13.76,13.825,13.76,13.816,3356.91
2026-01-08 20:45:00,13.818,13.853,13.804,13.838,3259.12
2026-01-08 21:00:00,13.838,13.89,13.837,13.879,3671.54
2026-01-08 21:15:00,13.881,13.883,13.845,13.852,604.71
2026-01-08 21:30:00,13.866,13.941,13.859,13.931,1382.26
2026-01-08 21:45:00,13.932,13.967,13.924,13.95,59.52
2026-01-08 22:00:00,13.949,13.985,13.947,13.973,4527.50
2026-01-08 22:15:00,13.972,13.972,13.94,13.945,6383.89
2026-01-08 22:30:00,13.941,13.941,13.875,13.902,921.85
2026-01-08 22:45:00,13.9,13.936,13.9,13.927,2897.49
2026-01-08 23:00:00,13.932,13.95,13.921,13.924,805.07
2026-01-08 23:15:00,13.924,13.94,13.914,13.919,98.24
2026-01-08 23:30:00,13.92,13.922,13.878,13.895,3852.33
2026-01-08 23:45:00,13.894,13.904,13.882,13.882,142.61
2026-01-09 00:00:00,13.881,13.903,13.879,13.903,1765.77
2026-01-09 00:15:00,13.902,13.926,13.89,13.899,1209.73
2026-01-09 00:30:00,13.902,13.945,13.902,13.943,898.33
2026-01-09 00:45:00,13.942,13.942,13.921,13.93,172.00
2026-01-09 01:00:00,13.931,13.951,13.929,13.948,478.34
2026-01-09 01:15:00,13.953,14.023,13.88,14.018,4862.67
2026-01-09 01:30:00,14.017,14.044,13.851,13.877,7473.11
2026-01-09 01:45:00,13.881,13.906,13.868,13.903,8622.81
2026-01-09 02:00:00,13.903,14.004,13.881,14.003,10826.97
2026-01-09 02:15:00,14.003,14.016,13.99,13.99,633.35
2026-01-09 02:30:00,13.986,13.993,13.951,13.956,732.41
2026-01-09 02:45:00,13.961,13.961,13.89,13.896,497.39
2026-01-09 03:00:00,13.897,13.936,13.88,13.932,587.77
2026-01-09 03:15:00,13.934,13.955,13.877,13.883,644.89
2026-01-09 03:30:00,13.883,13.941,13.879,13.93,678.12
2026-01-09 03:45:00,13.929,13.98,13.929,13.973,1297.64
2026-01-09 04:00:00,13.977,13.994,13.962,13.962,999.90
2026-01-09 04:15:00,13.969,13.996,13.969,13.988,1071.70
2026-01-09 04:30:00,13.988,13.999,13.939,13.941,1370.80
2026-01-09 04:45:00,13.941,13.951,13.937,13.939,749.36
2026-01-09 05:00:00,13.94,13.969,13.927,13.933,1206.63
2026-01-09 05:15:00,13.937,13.942,13.908,13.927,496.26
2026-01-09 05:30:00,13.928,13.957,13.909,13.937,505.18
2026-01-09 05:45:00,13.936,13.993,13.936,13.993,366.53
2026-01-09 06:00:00,13.996,13.996,13.967,13.982,578.43
2026-01-09 06:15:00,13.979,13.99,13.962,13.964,128.72
2026-01-09 06:30:00,13.96,14.009,13.958,14.009,655.44
2026-01-09 06:45:00,14.005,14.026,14.004,14.013,150.12
2026-01-09 07:00:00,14.007,14.01,13.98,13.991,402.00
2026-01-09 07:15:00,13.984,13.997,13.979,13.988,153.80
2026-01-09 07:30:00,13.984,13.988,13.96,13.969,9706.89
2026-01-09 07:45:00,13.96,13.966,13.926,13.926,72.49
2026-01-09 08:00:00,13.927,13.945,13.859,13.879,11123.35
2026-01-09 08:15:00,13.874,13.917,13.873,13.875,4175.62
2026-01-09 08:30:00,13.886,13.887,13.783,13.783,1961.56
2026-01-09 08:45:00,13.788,13.789,13.632,13.709,9124.53
2026-01-09 09:00:00,13.713,13.805,13.705,13.793,4809.20
2026-01-09 09:15:00,13.791,13.841,13.784,13.833,6445.32
2026-01-09 09:30:00,13.829,13.832,13.813,13.819,963.10
2026-01-09 09:45:00,13.812,13.812,13.766,13.774,920.97
2026-01-09 10:00:00,13.776,13.801,13.754,13.794,1648.13
2026-01-09 10:15:00,13.786,13.791,13.767,13.767,445.44
2026-01-09 10:30:00,13.762,13.796,13.755,13.79,236.08
2026-01-09 10:45:00,13.785,13.803,13.78,13.791,705.23
2026-01-09 11:00:00,13.792,13.805,13.771,13.783,2629.83
2026-01-09 11:15:00,13.792,13.819,13.784,13.799,431.02
2026-01-09 11:30:00,13.8,13.825,13.777,13.792,319.68
2026-01-09 11:45:00,13.787,13.801,13.758,13.765,1298.48
2026-01-09 12:00:00,13.766,13.781,13.729,13.729,797.63
2026-01-09 12:15:00,13.72,13.725,13.703,13.715,491.23
2026-01-09 12:30:00,13.722,13.734,13.697,13.699,3323.48
2026-01-09 12:45:00,13.707,13.728,13.705,13.713,6776.79
2026-01-09 13:00:00,13.713,13.796,13.713,13.796,11509.19
2026-01-09 13:15:00,13.8,13.825,13.781,13.797,4837.47
2026-01-09 13:30:00,13.796,13.881,13.76,13.803,13364.98
2026-01-09 13:45:00,13.806,13.85,13.784,13.83,729.23
2026-01-09 14:00:00,13.831,13.831,13.721,13.733,1414.22
2026-01-09 14:15:00,13.739,13.773,13.732,13.773,2433.69
2026-01-09 14:30:00,13.775,13.792,13.68,13.691,40355.66
2026-01-09 14:45:00,13.692,13.707,13.642,13.685,14280.57
2026-01-09 15:00:00,13.686,13.714,13.611,13.702,7565.43
2026-01-09 15:15:00,13.71,14.078,13.698,14.043,16927.82
2026-01-09 15:30:00,14.046,14.168,13.973,13.973,35217.74
2026-01-09 15:45:00,13.979,14.029,13.896,13.962,6750.36
2026-01-09 16:00:00,13.974,14.175,13.969,14.175,11281.90
2026-01-09 16:15:00,14.177,14.211,14.093,14.093,4873.99
2026-01-09 16:30:00,14.1,14.163,14.1,14.101,3374.37
2026-01-09 16:45:00,14.115,14.178,14.109,14.157,755.11
2026-01-09 17:00:00,14.16,14.18,14.042,14.052,2127.04
2026-01-09 17:15:00,14.063,14.063,13.936,13.981,2254.03
2026-01-09 17:30:00,13.961,14.0,13.925,13.945,1219.32
2026-01-09 17:45:00,13.933,14.048,13.933,14.015,1336.91
2026-01-09 18:00:00,14.012,14.028,13.96,13.966,1688.74
2026-01-09 18:15:00,13.962,13.962,13.793,13.805,2997.57
2026-01-09 18:30:00,13.807,13.852,13.733,13.845,6539.37
2026-01-09 18:45:00,13.834,13.877,13.823,13.86,651.79
2026-01-09 19:00:00,13.862,13.862,13.769,13.769,3212.50
2026-01-09 19:15:00,13.766,13.766,13.707,13.729,2493.39
2026-01-09 19:30:00,13.731,13.744,13.691,13.737,2714.63
2026-01-09 19:45:00,13.728,13.795,13.725,13.749,624.62
2026-01-09 20:00:00,13.739,13.771,13.72,13.755,3582.64
2026-01-09 20:15:00,13.761,13.794,13.744,13.759,1516.90
2026-01-09 20:30:00,13.753,13.812,13.738,13.742,673.09
2026-01-09 20:45:00,13.744,13.781,13.744,13.76,481.38
2026-01-09 21:00:00,13.764,13.792,13.73,13.761,1256.37
2026-01-09 21:15:00,13.759,13.834,13.749,13.821,1896.51
2026-01-09 21:30:00,13.821,13.848,13.8,13.806,717.99
2026-01-09 21:45:00,13.813,13.838,13.81,13.833,599.03
2026-01-09 22:00:00,13.832,13.836,13.783,13.786,3579.54
2026-01-09 22:15:00,13.785,13.812,13.776,13.812,286.48
2026-01-09 22:30:00,13.805,13.84,13.805,13.808,248.78
2026-01-09 22:45:00,13.803,13.826,13.803,13.826,113.45
2026-01-09 23:00:00,13.822,13.823,13.799,13.815,1237.56
2026-01-09 23:15:00,13.807,13.819,13.795,13.811,68.18
2026-01-09 23:30:00,13.809,13.819,13.792,13.8,803.31
2026-01-09 23:45:00,13.8,13.802,13.776,13.784,348.30
2026-01-10 00:00:00,13.785,13.79,13.758,13.758,44002.67
2026-01-10 00:15:00,13.752,13.765,13.741,13.765,472.07
2026-01-10 00:30:00,13.765,13.773,13.737,13.738,261.66
2026-01-10 00:45:00,13.735,13.735,13.718,13.727,5246.90
2026-01-10 01:00:00,13.727,13.749,13.708,13.73,1728.62
2026-01-10 01:15:00,13.735,13.756,13.731,13.744,587.37
2026-01-10 01:30:00,13.746,13.775,13.746,13.764,97.34
2026-01-10 01:45:00,13.773,13.783,13.754,13.772,1652.93
2026-01-10 02:00:00,13.775,13.799,13.77,13.794,1092.85
2026-01-10 02:15:00,13.786,13.786,13.762,13.778,280.82
2026-01-10 02:30:00,13.767,13.77,13.713,13.715,3947.89
2026-01-10 02:45:00,13.716,13.728,13.692,13.71,2407.48
2026-01-10 03:00:00,13.712,13.712,13.65,13.669,2328.15
2026-01-10 03:15:00,13.658,13.689,13.658,13.688,2168.78
2026-01-10 03:30:00,13.687,13.689,13.656,13.667,1825.78
2026-01-10 03:45:00,13.672,13.699,13.672,13.696,110.36
2026-01-10 04:00:00,13.688,13.688,13.639,13.641,8999.49
2026-01-10 04:15:00,13.647,13.657,13.644,13.646,306.29
2026-01-10 04:30:00,13.657,13.661,13.641,13.658,177.97
2026-01-10 04:45:00,13.652,13.669,13.642,13.644,2704.85
2026-01-10 05:00:00,13.65,13.679,13.637,13.672,3763.61
2026-01-10 05:15:00,13.671,13.68,13.659,13.659,6767.83
2026-01-10 05:30:00,13.666,13.709,13.658,13.696,2627.82
2026-01-10 05:45:00,13.694,13.708,13.672,13.672,1290.06
2026-01-10 06:00:00,13.678,13.7,13.678,13.695,315.92
2026-01-10 06:15:00,13.695,13.695,13.653,13.694,226.75
2026-01-10 06:30:00,13.693,13.706,13.688,13.706,1053.57
2026-01-10 06:45:00,13.708,13.734,13.708,13.71,78.08
2026-01-10 07:00:00,13.714,13.809,13.71,13.809,1314.19
2026-01-10 07:15:00,13.807,13.811,13.796,13.807,173.11
2026-01-10 07:30:00,13.803,13.824,13.799,13.813,824.80
2026-01-10 07:45:00,13.814,13.825,13.805,13.806,74.48
2026-01-10 08:00:00,13.805,13.82,13.785,13.806,2709.63
2026-01-10 08:15:00,13.805,13.805,13.774,13.774,1716.81
2026-01-10 08:30:00,13.775,13.775,13.751,13.758,272.97
2026-01-10 08:45:00,13.76,13.782,13.751,13.782,851.20
2026-01-10 09:00:00,13.781,13.817,13.781,13.805,2270.12
2026-01-10 09:15:00,13.804,13.814,13.803,13.808,2020.24
2026-01-10 09:30:00,13.808,13.821,13.795,13.804,1221.89
2026-01-10 09:45:00,13.808,13.843,13.8,13.842,1391.55
2026-01-10 10:00:00,13.84,13.846,13.811,13.832,1452.35
2026-01-10 10:15:00,13.829,13.833,13.809,13.813,1565.99
2026-01-10 10:30:00,13.815,13.85,13.81,13.837,2180.15
2026-01-10 10:45:00,13.837,13.855,13.832,13.837,920.70
2026-01-10 11:00:00,13.842,13.842,13.819,13.83,2706.34
2026-01-10 11:15:00,13.829,13.835,13.823,13.831,462.03
2026-01-10 11:30:00,13.837,13.849,13.829,13.846,708.65
2026-01-10 11:45:00,13.839,13.854,13.826,13.851,792.30
2026-01-10 12:00:00,13.854,13.866,13.847,13.863,949.16
2026-01-10 12:15:00,13.862,13.866,13.852,13.853,752.54
2026-01-10 12:30:00,13.855,13.858,13.837,13.838,1584.58
2026-01-10 12:45:00,13.84,13.865,13.825,13.862,1455.95
2026-01-10 13:00:00,13.862,13.867,13.824,13.824,2279.24
2026-01-10 13:15:00,13.825,13.845,13.816,13.834,2199.92
2026-01-10 13:30:00,13.827,13.862,13.823,13.86,759.04
2026-01-10 13:45:00,13.87,13.87,13.849,13.857,558.49
2026-01-10 14:00:00,13.86,13.86,13.813,13.833,1427.73
2026-01-10 14:15:00,13.833,13.849,13.828,13.842,718.51
2026-01-10 14:30:00,13.84,13.843,13.823,13.823,441.88
2026-01-10 14:45:00,13.822,13.828,13.802,13.812,1581.28
2026-01-10 15:00:00,13.812,13.828,13.8,13.808,2588.44
2026-01-10 15:15:00,13.811,13.813,13.791,13.796,871.22
2026-01-10 15:30:00,13.798,13.82,13.796,13.819,831.68
2026-01-10 15:45:00,13.813,13.833,13.801,13.833,106.07
2026-01-10 16:00:00,13.822,13.839,13.807,13.815,3180.11
2026-01-10 16:15:00,13.817,13.831,13.799,13.826,2001.29
2026-01-10 16:30:00,13.823,13.862,13.82,13.862,1001.10
2026-01-10 16:45:00,13.866,13.866,13.849,13.858,740.65
2026-01-10 17:00:00,13.86,13.907,13.86,13.904,2618.29
2026-01-10 17:15:00,13.92,13.935,13.918,13.929,1240.62
2026-01-10 17:30:00,13.93,13.933,13.87,13.887,25362.62
2026-01-10 17:45:00,13.886,13.886,13.847,13.85,1067.42
2026-01-10 18:00:00,13.849,13.852,13.821,13.832,1222.54
2026-01-10 18:15:00,13.834,13.869,13.817,13.869,825.22
2026-01-10 18:30:00,13.865,13.87,13.847,13.847,1186.67
2026-01-10 18:45:00,13.845,13.845,13.831,13.835,390.03
2026-01-10 19:00:00,13.84,13.84,13.826,13.838,844.20
2026-01-10 19:15:00,13.832,13.842,13.829,13.838,445.05
2026-01-10 19:30:00,13.837,13.854,13.831,13.846,70.44
2026-01-10 19:45:00,13.848,13.856,13.835,13.856,56.81
2026-01-10 20:00:00,13.856,13.881,13.856,13.875,2413.20
2026-01-10 20:15:00,13.869,13.87,13.85,13.852,2309.84
2026-01-10 20:30:00,13.853,13.863,13.835,13.835,2658.63
2026-01-10 20:45:00,13.832,13.833,13.809,13.829,775.29
2026-01-10 21:00:00,13.828,13.835,13.807,13.815,590.74
2026-01-10 21:15:00,13.816,13.819,13.799,13.8,649.41
2026-01-10 21:30:00,13.801,13.807,13.764,13.775,1013.89
2026-01-10 21:45:00,13.778,13.778,13.754,13.754,416.24
2026-01-10 22:00:00,13.755,13.755,13.721,13.727,2682.96
2026-01-10 22:15:00,13.724,13.733,13.7,13.723,711.90
2026-01-10 22:30:00,13.724,13.754,13.724,13.75,358.54
2026-01-10 22:45:00,13.75,13.75,13.678,13.681,3606.69
2026-01-10 23:00:00,13.684,13.718,13.681,13.706,1022.38
2026-01-10 23:15:00,13.708,13.737,13.706,13.733,1174.46
2026-01-10 23:30:00,13.73,13.743,13.716,13.742,1888.23
2026-01-10 23:45:00,13.736,13.746,13.721,13.727,887.80
2026-01-11 00:00:00,13.728,13.729,13.689,13.71,2691.62
2026-01-11 00:15:00,13.705,13.716,13.689,13.711,435.46
2026-01-11 00:30:00,13.708,13.71,13.673,13.676,555.13
2026-01-11 00:45:00,13.676,13.721,13.676,13.712,1432.81
2026-01-11 01:00:00,13.712,13.719,13.697,13.715,2017.50
2026-01-11 01:15:00,13.719,13.723,13.693,13.708,790.29
2026-01-11 01:30:00,13.708,13.714,13.682,13.714,387.55
2026-01-11 01:45:00,13.715,13.715,13.704,13.71,843.85
2026-01-11 02:00:00,13.712,13.714,13.686,13.713,897.76
2026-01-11 02:15:00,13.712,13.724,13.696,13.709,3986.82
2026-01-11 02:30:00,13.709,13.709,13.69,13.701,186.50
2026-01-11 02:45:00,13.7,13.707,13.687,13.688,135.17
2026-01-11 03:00:00,13.688,13.697,13.683,13.692,2126.14
2026-01-11 03:15:00,13.695,13.74,13.695,13.701,207.08
2026-01-11 03:30:00,13.703,13.717,13.701,13.714,330.20
2026-01-11 03:45:00,13.715,13.729,13.715,13.716,62.62
2026-01-11 04:00:00,13.712,13.733,13.707,13.722,315.75
2026-01-11 04:15:00,13.724,13.725,13.706,13.71,333.01
2026-01-11 04:30:00,13.713,13.754,13.713,13.743,75.16
2026-01-11 04:45:00,13.742,13.764,13.742,13.763,337.74
2026-01-11 05:00:00,13.759,13.773,13.751,13.772,304.61
2026-01-11 05:15:00,13.767,13.769,13.747,13.748,65.98
2026-01-11 05:30:00,13.75,13.766,13.75,13.763,167.53
2026-01-11 05:45:00,13.767,13.795,13.767,13.795,379.93
2026-01-11 06:00:00,13.793,13.802,13.775,13.793,116.74
2026-01-11 06:15:00,13.795,13.797,13.747,13.752,282.51
2026-01-11 06:30:00,13.749,13.761,13.744,13.761,44.23
2026-01-11 06:45:00,13.767,13.821,13.765,13.818,606.28
2026-01-11 07:00:00,13.818,13.824,13.796,13.802,79.03
2026-01-11 07:15:00,13.802,13.81,13.783,13.801,188.31
2026-01-11 07:30:00,13.802,13.817,13.793,13.804,1251.33
2026-01-11 07:45:00,13.804,13.812,13.798,13.807,821.00
2026-01-11 08:00:00,13.813,13.813,13.765,13.785,1778.85
2026-01-11 08:15:00,13.785,13.794,13.773,13.776,781.08
2026-01-11 08:30:00,13.777,13.798,13.763,13.776,1982.18
2026-01-11 08:45:00,13.775,13.82,13.763,13.798,1857.41
2026-01-11 09:00:00,13.796,13.812,13.787,13.79,1831.93
2026-01-11 09:15:00,13.792,13.833,13.792,13.817,2676.17
2026-01-11 09:30:00,13.82,13.832,13.797,13.8,1722.11
2026-01-11 09:45:00,13.799,13.816,13.795,13.799,1358.36
2026-01-11 10:00:00,13.798,13.806,13.759,13.802,2998.62
2026-01-11 10:15:00,13.801,13.801,13.784,13.793,1847.92
2026-01-11 10:30:00,13.787,13.802,13.776,13.779,1195.68
2026-01-11 10:45:00,13.779,13.799,13.779,13.796,869.57
2026-01-11 11:00:00,13.798,13.812,13.778,13.802,6503.85
2026-01-11 11:15:00,13.804,13.822,13.802,13.807,636.10
2026-01-11 11:30:00,13.811,13.822,13.799,13.804,385.24
2026-01-11 11:45:00,13.807,13.814,13.789,13.801,790.14
2026-01-11 12:00:00,13.81,13.826,13.794,13.825,828.70
2026-01-11 12:15:00,13.836,13.847,13.817,13.832,763.64
2026-01-11 12:30:00,13.828,13.847,13.818,13.843,240.70
2026-01-11 12:45:00,13.856,13.875,13.85,13.856,843.97
2026-01-11 13:00:00,13.861,13.863,13.848,13.855,1767.95
2026-01-11 13:15:00,13.858,13.862,13.823,13.825,376.04
2026-01-11 13:30:00,13.82,13.827,13.806,13.808,113.98
2026-01-11 13:45:00,13.815,13.839,13.813,13.819,303.21
2026-01-11 14:00:00,13.82,13.855,13.817,13.855,320.72
2026-01-11 14:15:00,13.859,13.872,13.844,13.872,797.76
2026-01-11 14:30:00,13.855,13.865,13.84,13.861,1213.16
2026-01-11 14:45:00,13.872,13.972,13.86,13.958,2381.08
2026-01-11 15:00:00,13.958,13.972,13.877,13.877,5031.68
2026-01-11 15:15:00,13.886,13.907,13.88,13.884,1531.43
2026-01-11 15:30:00,13.884,13.907,13.848,13.85,626.03
2026-01-11 15:45:00,13.853,13.853,13.742,13.79,6481.03
2026-01-11 16:00:00,13.801,13.831,13.788,13.79,1372.88
2026-01-11 16:15:00,13.79,13.907,13.784,13.874,2595.75
2026-01-11 16:30:00,13.889,13.977,13.889,13.937,5361.20
2026-01-11 16:45:00,13.941,13.943,13.888,13.927,8229.25
2026-01-11 17:00:00,13.943,13.953,13.919,13.924,4000.50
2026-01-11 17:15:00,13.925,13.925,13.893,13.901,2023.28
2026-01-11 17:30:00,13.905,13.911,13.856,13.889,1713.54
2026-01-11 17:45:00,13.898,13.937,13.885,13.931,963.14
2026-01-11 18:00:00,13.939,13.94,13.89,13.892,670.41
2026-01-11 18:15:00,13.891,13.898,13.876,13.889,524.36
2026-01-11 18:30:00,13.889,13.893,13.856,13.874,2979.91
2026-01-11 18:45:00,13.88,13.915,13.865,13.895,292.11
2026-01-11 19:00:00,13.898,13.911,13.837,13.89,1436.11
2026-01-11 19:15:00,13.88,13.894,13.873,13.888,353.33
2026-01-11 19:30:00,13.886,13.895,13.858,13.858,639.36
2026-01-11 19:45:00,13.853,13.853,13.827,13.836,195.02
2026-01-11 20:00:00,13.829,13.829,13.696,13.713,7220.47
2026-01-11 20:15:00,13.701,13.702,13.628,13.669,8568.83
2026-01-11 20:30:00,13.664,13.71,13.649,13.692,10466.79
2026-01-11 20:45:00,13.698,13.734,13.698,13.725,667.17
2026-01-11 21:00:00,13.72,13.72,13.647,13.678,1869.76
2026-01-11 21:15:00,13.678,13.69,13.664,13.678,578.14
2026-01-11 21:30:00,13.683,13.711,13.674,13.692,2689.36
2026-01-11 21:45:00,13.689,13.754,13.687,13.749,1982.96
2026-01-11 22:00:00,13.742,13.742,13.612,13.645,9911.61
2026-01-11 22:15:00,13.652,13.682,13.627,13.665,911.78
2026-01-11 22:30:00,13.667,13.673,13.613,13.653,1675.82
2026-01-11 22:45:00,13.651,13.651,13.61,13.61,377.61
2026-01-11 23:00:00,13.606,13.628,13.478,13.628,10433.84
2026-01-11 23:15:00,13.64,13.714,13.636,13.661,2519.02
2026-01-11 23:30:00,13.638,13.664,13.625,13.664,1943.30
2026-01-11 23:45:00,13.68,13.696,13.671,13.685,1060.21
2026-01-12 00:00:00,13.692,13.704,13.64,13.663,5233.79
2026-01-12 00:15:00,13.67,13.761,13.657,13.761,4137.06
2026-01-12 00:30:00,13.764,13.786,13.639,13.645,4952.46
2026-01-12 00:45:00,13.65,13.761,13.596,13.761,1700.23
2026-01-12 01:00:00,13.764,13.883,13.752,13.855,12352.83
2026-01-12 01:15:00,13.835,13.893,13.834,13.881,2836.53
2026-01-12 01:30:00,13.889,13.901,13.785,13.846,4569.60
2026-01-12 01:45:00,13.832,13.866,13.832,13.836,447.69
2026-01-12 02:00:00,13.843,13.937,13.842,13.937,3606.65
2026-01-12 02:15:00,13.949,14.015,13.942,13.975,8125.73
2026-01-12 02:30:00,13.98,14.021,13.956,14.0,2999.05
2026-01-12 02:45:00,14.002,14.077,14.002,14.059,1988.78
2026-01-12 03:00:00,14.059,14.146,14.047,14.136,4957.03
2026-01-12 03:15:00,14.147,14.213,14.147,14.182,3440.96
2026-01-12 03:30:00,14.187,14.202,14.008,14.01,3752.07
2026-01-12 03:45:00,14.003,14.014,13.975,13.976,987.05
2026-01-12 04:00:00,13.986,14.026,13.963,14.026,2303.82
2026-01-12 04:15:00,14.03,14.04,13.985,13.988,335.37
2026-01-12 04:30:00,13.991,14.034,13.983,14.015,832.52
2026-01-12 04:45:00,14.015,14.043,14.015,14.023,596.51
2026-01-12 05:00:00,14.021,14.043,13.995,14.017,1312.15
2026-01-12 05:15:00,14.011,14.046,14.005,14.04,163.74
2026-01-12 05:30:00,14.04,14.04,13.976,13.976,572.84
2026-01-12 05:45:00,13.977,13.991,13.964,13.987,878.81
2026-01-12 06:00:00,13.989,14.029,13.972,14.023,4502.25
2026-01-12 06:15:00,14.026,14.026,13.957,13.965,538.12
2026-01-12 06:30:00,13.965,13.967,13.924,13.946,2532.55
2026-01-12 06:45:00,13.95,13.951,13.917,13.936,1732.24
2026-01-12 07:00:00,13.93,13.957,13.913,13.919,2322.63
2026-01-12 07:15:00,13.91,13.926,13.876,13.893,1614.56
2026-01-12 07:30:00,13.89,13.89,13.771,13.777,6494.89
2026-01-12 07:45:00,13.781,13.781,13.724,13.726,2004.07
2026-01-12 08:00:00,13.729,13.796,13.72,13.757,4467.08
2026-01-12 08:15:00,13.752,13.791,13.733,13.75,1836.58
2026-01-12 08:30:00,13.744,13.744,13.533,13.547,11297.64
2026-01-12 08:45:00,13.534,13.614,13.493,13.602,7099.23
2026-01-12 09:00:00,13.601,13.646,13.558,13.644,5856.35
2026-01-12 09:15:00,13.65,13.653,13.603,13.616,4729.09
2026-01-12 09:30:00,13.616,13.65,13.603,13.622,12209.20
2026-01-12 09:45:00,13.623,13.635,13.596,13.604,899.81
2026-01-12 10:00:00,13.608,13.637,13.584,13.62,3500.07
2026-01-12 10:15:00,13.602,13.628,13.582,13.592,2436.96
2026-01-12 10:30:00,13.592,13.615,13.586,13.59,1119.47
2026-01-12 10:45:00,13.586,13.593,13.557,13.57,1227.98
2026-01-12 11:00:00,13.574,13.629,13.57,13.627,2182.11
2026-01-12 11:15:00,13.622,13.639,13.602,13.633,4545.84
2026-01-12 11:30:00,13.631,13.662,13.622,13.626,715.85
2026-01-12 11:45:00,13.635,13.647,13.624,13.646,1308.71
2026-01-12 12:00:00,13.641,13.644,13.616,13.639,1504.08
2026-01-12 12:15:00,13.635,13.684,13.635,13.642,9748.74
2026-01-12 12:30:00,13.641,13.653,13.615,13.622,989.22
2026-01-12 12:45:00,13.62,13.659,13.616,13.621,11833.39
2026-01-12 13:00:00,13.626,13.653,13.57,13.574,8102.27
2026-01-12 13:15:00,13.583,13.61,13.575,13.594,5730.32
2026-01-12 13:30:00,13.589,13.618,13.559,13.562,2088.70
2026-01-12 13:45:00,13.564,13.58,13.508,13.557,15757.72
2026-01-12 14:00:00,13.557,13.59,13.552,13.576,1133.59
2026-01-12 14:15:00,13.583,13.585,13.381,13.446,12274.60
2026-01-12 14:30:00,13.442,13.637,13.441,13.586,14856.80
2026-01-12 14:45:00,13.587,13.656,13.554,13.623,5636.06
2026-01-12 15:00:00,13.625,13.627,13.582,13.606,5703.77
2026-01-12 15:15:00,13.625,13.764,13.621,13.754,7356.08
2026-01-12 15:30:00,13.764,13.85,13.737,13.838,5551.02
2026-01-12 15:45:00,13.829,13.9,13.811,13.863,12327.03
2026-01-12 16:00:00,13.864,13.911,13.848,13.878,22330.19
2026-01-12 16:15:00,13.88,13.957,13.83,13.957,8782.58
2026-01-12 16:30:00,13.959,13.984,13.86,13.86,7540.92
2026-01-12 16:45:00,13.851,13.883,13.842,13.853,1913.09
2026-01-12 17:00:00,13.862,13.904,13.814,13.83,8934.12
2026-01-12 17:15:00,13.832,13.847,13.759,13.772,659.66
2026-01-12 17:30:00,13.765,13.765,13.64,13.717,18769.97
2026-01-12 17:45:00,13.703,13.741,13.702,13.716,1311.52
2026-01-12 18:00:00,13.719,13.786,13.711,13.761,2943.33
2026-01-12 18:15:00,13.753,13.79,13.745,13.79,1550.69
2026-01-12 18:30:00,13.791,13.791,13.653,13.672,2217.14
2026-01-12 18:45:00,13.665,13.691,13.651,13.677,3809.77
2026-01-12 19:00:00,13.67,13.689,13.617,13.665,4240.60
2026-01-12 19:15:00,13.673,13.715,13.673,13.697,2550.17
2026-01-12 19:30:00,13.702,13.725,13.688,13.688,5549.24
2026-01-12 19:45:00,13.685,13.721,13.674,13.709,2268.92
2026-01-12 20:00:00,13.71,13.765,13.688,13.728,6661.38
2026-01-12 20:15:00,13.727,13.727,13.671,13.676,844.06
2026-01-12 20:30:00,13.68,13.68,13.621,13.623,1357.68
2026-01-12 20:45:00,13.622,13.65,13.611,13.626,52621.06
2026-01-12 21:00:00,13.624,13.628,13.566,13.616,3638.33
2026-01-12 21:15:00,13.613,13.616,13.57,13.577,3870.09
2026-01-12 21:30:00,13.577,13.58,13.541,13.547,1244.87
2026-01-12 21:45:00,13.546,13.551,13.463,13.531,3430.38
2026-01-12 22:00:00,13.523,13.58,13.523,13.563,1042.52
2026-01-12 22:15:00,13.557,13.559,13.53,13.533,840.78
2026-01-12 22:30:00,13.537,13.572,13.528,13.567,1456.84
2026-01-12 22:45:00,13.559,13.559,13.514,13.531,50278.92
2026-01-12 23:00:00,13.534,13.54,13.478,13.502,3741.38
2026-01-12 23:15:00,13.506,13.528,13.498,13.523,1360.74
2026-01-12 23:30:00,13.522,13.537,13.494,13.51,752.89
2026-01-12 23:45:00,13.504,13.512,13.495,13.509,537.78
2026-01-13 00:00:00,13.507,13.526,13.485,13.499,3692.79
2026-01-13 00:15:00,13.494,13.54,13.494,13.524,7423.96
2026-01-13 00:30:00,13.524,13.537,13.483,13.502,1694.32
2026-01-13 00:45:00,13.502,13.534,13.497,13.532,894.65
2026-01-13 01:00:00,13.53,13.595,13.53,13.583,9959.04
2026-01-13 01:15:00,13.581,13.595,13.531,13.543,1146.05
2026-01-13 01:30:00,13.544,13.544,13.463,13.474,500.00
2026-01-13 01:45:00,13.479,13.514,13.473,13.514,973.41
2026-01-13 02:00:00,13.518,13.602,13.516,13.557,2747.68
2026-01-13 02:15:00,13.563,13.579,13.545,13.559,500.73
2026-01-13 02:30:00,13.557,13.563,13.528,13.528,167.35
2026-01-13 02:45:00,13.53,13.551,13.516,13.516,501.74
2026-01-13 03:00:00,13.514,13.543,13.506,13.543,2113.95
2026-01-13 03:15:00,13.552,13.6,13.552,13.575,4038.62
2026-01-13 03:30:00,13.57,13.57,13.529,13.566,289.39
2026-01-13 03:45:00,13.561,13.582,13.547,13.574,628.87
2026-01-13 04:00:00,13.578,13.663,13.578,13.663,1031.79
2026-01-13 04:15:00,13.662,13.667,13.616,13.634,462.11
2026-01-13 04:30:00,13.631,13.631,13.602,13.631,287.43
2026-01-13 04:45:00,13.62,13.669,13.608,13.667,986.81
2026-01-13 05:00:00,13.673,13.737,13.673,13.737,3208.57
2026-01-13 05:15:00,13.732,13.822,13.719,13.798,3352.37
2026-01-13 05:30:00,13.803,13.803,13.726,13.743,1388.53
2026-01-13 05:45:00,13.74,13.769,13.716,13.716,1816.29
2026-01-13 06:00:00,13.725,13.74,13.695,13.714,2487.97
2026-01-13 06:15:00,13.718,13.73,13.7,13.7,746.82
2026-01-13 06:30:00,13.693,13.722,13.69,13.694,910.44
2026-01-13 06:45:00,13.698,13.77,13.698,13.74,1221.79
2026-01-13 07:00:00,13.745,13.745,13.717,13.728,1491.47
2026-01-13 07:15:00,13.72,13.72,13.689,13.693,648.50
2026-01-13 07:30:00,13.69,13.706,13.682,13.697,3103.68
2026-01-13 07:45:00,13.71,13.71,13.69,13.707,395.53
2026-01-13 08:00:00,13.707,13.782,13.704,13.752,2268.33
2026-01-13 08:15:00,13.75,13.76,13.73,13.73,1470.92
2026-01-13 08:30:00,13.73,13.761,13.715,13.761,748.05
2026-01-13 08:45:00,13.766,13.833,13.764,13.793,2480.76
2026-01-13 09:00:00,13.789,13.823,13.789,13.815,1799.44
2026-01-13 09:15:00,13.82,13.855,13.791,13.846,4076.33
2026-01-13 09:30:00,13.845,13.853,13.772,13.793,2740.31
2026-01-13 09:45:00,13.794,13.822,13.789,13.798,1960.27
2026-01-13 10:00:00,13.801,13.84,13.798,13.802,3130.52
2026-01-13 10:15:00,13.801,13.804,13.78,13.785,1514.53
2026-01-13 10:30:00,13.787,13.791,13.755,13.764,906.87
2026-01-13 10:45:00,13.764,13.793,13.761,13.791,1696.54
2026-01-13 11:00:00,13.796,13.796,13.753,13.757,727.84
2026-01-13 11:15:00,13.756,13.777,13.744,13.777,855.79
2026-01-13 11:30:00,13.779,13.791,13.758,13.771,1585.94
2026-01-13 11:45:00,13.767,13.781,13.756,13.758,3365.08
2026-01-13 12:00:00,13.764,13.777,13.722,13.722,3651.78
2026-01-13 12:15:00,13.72,13.765,13.716,13.757,1868.02
2026-01-13 12:30:00,13.756,13.772,13.756,13.771,1433.22
2026-01-13 12:45:00,13.769,13.814,13.76,13.806,1189.57
2026-01-13 13:00:00,13.805,13.817,13.789,13.801,3203.77
2026-01-13 13:15:00,13.798,13.824,13.79,13.824,780.44
2026-01-13 13:30:00,13.826,13.927,13.826,13.883,32584.08
2026-01-13 13:45:00,13.883,13.893,13.849,13.869,5080.05
2026-01-13 14:00:00,13.87,13.876,13.834,13.875,5550.25
2026-01-13 14:15:00,13.876,13.973,13.876,13.965,5233.91
2026-01-13 14:30:00,13.978,14.085,13.976,14.06,12580.83
2026-01-13 14:45:00,14.071,14.088,13.973,13.973,18420.39
2026-01-13 15:00:00,13.971,14.043,13.906,14.043,3691.71
2026-01-13 15:15:00,14.039,14.083,13.97,14.083,4651.72
2026-01-13 15:30:00,14.089,14.359,14.089,14.32,18407.35
2026-01-13 15:45:00,14.322,14.363,14.245,14.36,9192.65
2026-01-13 16:00:00,14.365,14.553,14.365,14.527,17394.92
2026-01-13 16:15:00,14.521,14.562,14.466,14.511,19834.53
2026-01-13 16:30:00,14.513,14.609,14.488,14.514,13208.48
2026-01-13 16:45:00,14.534,14.542,14.472,14.493,11027.96
2026-01-13 17:00:00,14.492,14.54,14.492,14.516,4599.12
2026-01-13 17:15:00,14.537,14.544,14.464,14.525,15047.79
2026-01-13 17:30:00,14.521,14.542,14.483,14.523,4277.06
2026-01-13 17:45:00,14.522,14.545,14.495,14.525,1745.29
2026-01-13 18:00:00,14.523,14.551,14.496,14.534,5701.88
2026-01-13 18:15:00,14.533,14.539,14.48,14.482,1501.35
2026-01-13 18:30:00,14.486,14.502,14.474,14.495,1154.63
2026-01-13 18:45:00,14.5,14.533,14.474,14.488,1440.12
2026-01-13 19:00:00,14.483,14.508,14.477,14.482,1282.91
2026-01-13 19:15:00,14.481,14.512,14.481,14.507,1002.16
2026-01-13 19:30:00,14.507,14.519,14.485,14.491,2199.66
2026-01-13 19:45:00,14.492,14.518,14.492,14.512,1656.60
2026-01-13 20:00:00,14.515,14.554,14.508,14.517,6975.34
2026-01-13 20:15:00,14.52,14.527,14.5,14.507,5579.76
2026-01-13 20:30:00,14.508,14.508,14.467,14.482,3161.95
2026-01-13 20:45:00,14.495,14.498,14.472,14.489,844.67
2026-01-13 21:00:00,14.492,14.508,14.483,14.504,4126.53
2026-01-13 21:15:00,14.51,14.53,14.493,14.516,1729.07
2026-01-13 21:30:00,14.514,14.518,14.486,14.49,793.28
2026-01-13 21:45:00,14.499,14.527,14.497,14.514,2694.50
2026-01-13 22:00:00,14.519,14.839,14.504,14.711,80048.52
2026-01-13 22:15:00,14.705,14.766,14.648,14.723,13124.76
2026-01-13 22:30:00,14.723,14.795,14.715,14.758,12943.21
2026-01-13 22:45:00,14.766,14.798,14.731,14.759,8523.55
2026-01-13 23:00:00,14.77,14.826,14.77,14.799,8924.56
2026-01-13 23:15:00,14.813,14.813,14.718,14.731,5669.72
2026-01-13 23:30:00,14.728,14.752,14.695,14.714,2549.76
2026-01-13 23:45:00,14.704,14.764,14.704,14.744,3391.26
2026-01-14 00:00:00,14.754,14.798,14.742,14.755,3613.20
2026-01-14 00:15:00,14.755,14.769,14.743,14.746,3506.63
2026-01-14 00:30:00,14.739,14.747,14.719,14.738,1222.69
2026-01-14 00:45:00,14.726,14.764,14.726,14.75,809.13
2026-01-14 01:00:00,14.752,14.792,14.731,14.781,10782.23
2026-01-14 01:15:00,14.78,14.78,14.745,14.763,1564.35
2026-01-14 01:30:00,14.756,14.78,14.725,14.737,436.43
2026-01-14 01:45:00,14.737,14.764,14.737,14.759,2417.27
2026-01-14 02:00:00,14.756,14.773,14.73,14.761,2528.73
2026-01-14 02:15:00,14.754,14.778,14.747,14.759,245.07
2026-01-14 02:30:00,14.755,14.755,14.73,14.732,2995.31
2026-01-14 02:45:00,14.739,14.743,14.705,14.73,2090.98
2026-01-14 03:00:00,14.724,14.753,14.709,14.753,1174.36
2026-01-14 03:15:00,14.746,14.753,14.72,14.723,764.25
2026-01-14 03:30:00,14.722,14.753,14.722,14.743,2542.97
2026-01-14 03:45:00,14.744,14.761,14.743,14.761,4444.99
2026-01-14 04:00:00,14.76,14.77,14.707,14.711,7785.87
2026-01-14 04:15:00,14.717,14.735,14.715,14.726,1296.69
2026-01-14 04:30:00,14.718,14.731,14.708,14.709,314.21
2026-01-14 04:45:00,14.719,14.727,14.712,14.712,319.89
2026-01-14 05:00:00,14.712,14.734,14.712,14.734,2308.11
2026-01-14 05:15:00,14.732,14.741,14.711,14.72,514.89
2026-01-14 05:30:00,14.716,14.73,14.691,14.71,8561.35
2026-01-14 05:45:00,14.695,14.731,14.673,14.695,1272.39
2026-01-14 06:00:00,14.701,14.726,14.69,14.72,1874.60
2026-01-14 06:15:00,14.721,14.722,14.672,14.681,263.49
2026-01-14 06:30:00,14.679,14.691,14.666,14.683,2519.00
2026-01-14 06:45:00,14.685,14.705,14.682,14.702,450.37
2026-01-14 07:00:00,14.704,14.732,14.696,14.696,2515.12
2026-01-14 07:15:00,14.693,14.709,14.681,14.681,598.90
2026-01-14 07:30:00,14.671,14.7,14.671,14.686,542.92
2026-01-14 07:45:00,14.688,14.708,14.679,14.683,758.04
2026-01-14 08:00:00,14.686,14.724,14.682,14.724,1518.00
2026-01-14 08:15:00,14.726,14.744,14.714,14.728,3095.23
2026-01-14 08:30:00,14.71,14.711,14.68,14.691,4250.65
2026-01-14 08:45:00,14.693,14.7,14.684,14.687,5988.72
2026-01-14 09:00:00,14.69,14.712,14.685,14.711,2035.21
2026-01-14 09:15:00,14.711,14.716,14.698,14.707,5839.31
2026-01-14 09:30:00,14.707,14.729,14.697,14.697,8297.15
2026-01-14 09:45:00,14.7,14.734,14.698,14.716,5406.13
2026-01-14 10:00:00,14.716,14.716,14.685,14.698,1766.97
2026-01-14 10:15:00,14.693,14.694,14.607,14.621,8216.88
2026-01-14 10:30:00,14.619,14.629,14.577,14.608,3356.73
2026-01-14 10:45:00,14.611,14.62,14.597,14.599,1151.47
2026-01-14 11:00:00,14.596,14.599,14.548,14.548,4056.28
2026-01-14 11:15:00,14.546,14.593,14.522,14.59,2074.83
2026-01-14 11:30:00,14.577,14.588,14.538,14.547,2663.31
2026-01-14 11:45:00,14.547,14.555,14.495,14.517,2168.32
2026-01-14 12:00:00,14.51,14.55,14.491,14.547,10351.66
2026-01-14 12:15:00,14.552,14.557,14.523,14.533,790.70
2026-01-14 12:30:00,14.534,14.538,14.512,14.526,3375.77
2026-01-14 12:45:00,14.529,14.544,14.526,14.534,956.13
2026-01-14 13:00:00,14.535,14.535,14.501,14.507,2790.22
2026-01-14 13:15:00,14.513,14.57,14.513,14.551,7601.49
2026-01-14 13:30:00,14.556,14.562,14.477,14.486,4388.00
2026-01-14 13:45:00,14.483,14.483,14.412,14.434,3137.51
2026-01-14 14:00:00,14.431,14.531,14.427,14.512,1319.19
2026-01-14 14:15:00,14.51,14.552,14.502,14.53,8002.37
2026-01-14 14:30:00,14.533,14.577,14.5,14.559,5677.74
2026-01-14 14:45:00,14.576,14.684,14.572,14.604,7489.18
2026-01-14 15:00:00,14.608,14.7,14.541,14.7,15661.79
2026-01-14 15:15:00,14.692,14.737,14.678,14.702,10537.51
2026-01-14 15:30:00,14.683,14.741,14.668,14.689,4774.66
2026-01-14 15:45:00,14.691,14.769,14.681,14.761,5940.48
2026-01-14 16:00:00,14.761,14.947,14.761,14.919,32232.69
2026-01-14 16:15:00,14.92,14.936,14.845,14.865,6574.20
2026-01-14 16:30:00,14.872,14.942,14.833,14.863,15372.73
2026-01-14 16:45:00,14.854,14.887,14.814,14.841,6003.41
2026-01-14 17:00:00,14.839,14.86,14.801,14.851,9231.03
2026-01-14 17:15:00,14.848,14.85,14.769,14.77,7875.18
2026-01-14 17:30:00,14.762,14.762,14.638,14.69,7909.55
2026-01-14 17:45:00,14.68,14.707,14.603,14.622,4467.10
2026-01-14 18:00:00,14.622,14.651,14.587,14.597,3228.07
2026-01-14 18:15:00,14.592,14.624,14.535,14.624,8722.05
2026-01-14 18:30:00,14.624,14.634,14.428,14.428,8661.97
2026-01-14 18:45:00,14.415,14.56,14.41,14.546,8204.99
2026-01-14 19:00:00,14.537,14.603,14.52,14.564,2438.12
2026-01-14 19:15:00,14.575,14.711,14.57,14.694,8242.88
2026-01-14 19:30:00,14.715,14.734,14.63,14.66,3207.95
2026-01-14 19:45:00,14.665,14.679,14.633,14.633,4244.69
2026-01-14 20:00:00,14.634,14.73,14.617,14.703,8047.77
2026-01-14 20:15:00,14.677,14.682,14.628,14.643,3644.08
2026-01-14 20:30:00,14.655,14.688,14.65,14.655,1530.94
2026-01-14 20:45:00,14.649,14.678,14.627,14.676,5383.37
2026-01-14 21:00:00,14.677,14.697,14.659,14.659,1944.07
2026-01-14 21:15:00,14.661,14.684,14.645,14.669,961.59
2026-01-14 21:30:00,14.664,14.676,14.615,14.621,2688.49
2026-01-14 21:45:00,14.62,14.651,14.604,14.631,1944.27
2026-01-14 22:00:00,14.651,14.657,14.628,14.657,6351.84
2026-01-14 22:15:00,14.645,14.664,14.636,14.643,2441.78
2026-01-14 22:30:00,14.643,14.649,14.576,14.585,5881.84
2026-01-14 22:45:00,14.587,14.617,14.557,14.578,2017.49
2026-01-14 23:00:00,14.577,14.625,14.577,14.62,2076.29
2026-01-14 23:15:00,14.623,14.661,14.598,14.598,2919.89
2026-01-14 23:30:00,14.595,14.6,14.573,14.597,247.23
2026-01-14 23:45:00,14.602,14.627,14.601,14.604,1427.74
2026-01-15 00:00:00,14.606,14.611,14.565,14.611,3013.78
2026-01-15 00:15:00,14.619,14.62,14.566,14.566,1397.43
2026-01-15 00:30:00,14.575,14.577,14.518,14.546,1462.62
2026-01-15 00:45:00,14.544,14.544,14.485,14.509,2024.64
2026-01-15 01:00:00,14.518,14.588,14.518,14.54,1633.23
2026-01-15 01:15:00,14.534,14.541,14.481,14.489,1316.88
2026-01-15 01:30:00,14.486,14.506,14.438,14.471,2070.40
2026-01-15 01:45:00,14.471,14.485,14.444,14.456,84.21
2026-01-15 02:00:00,14.461,14.483,14.431,14.431,1329.12
2026-01-15 02:15:00,14.437,14.482,14.431,14.442,707.19
2026-01-15 02:30:00,14.453,14.463,14.352,14.388,9875.30
2026-01-15 02:45:00,14.381,14.381,14.301,14.327,4594.85
2026-01-15 03:00:00,14.332,14.343,14.305,14.332,1123.11
2026-01-15 03:15:00,14.327,14.344,14.173,14.178,5397.27
2026-01-15 03:30:00,14.176,14.205,14.117,14.15,5523.68
2026-01-15 03:45:00,14.138,14.164,14.122,14.147,2787.11
2026-01-15 04:00:00,14.141,14.21,14.126,14.209,3093.96
2026-01-15 04:15:00,14.212,14.26,14.2,14.242,920.39
2026-01-15 04:30:00,14.237,14.276,14.231,14.267,654.98
2026-01-15 04:45:00,14.266,14.278,14.218,14.236,2930.73
2026-01-15 05:00:00,14.238,14.284,14.233,14.273,3648.80
2026-01-15 05:15:00,14.27,14.27,14.239,14.249,809.35
2026-01-15 05:30:00,14.25,14.255,14.228,14.252,5926.71
2026-01-15 05:45:00,14.256,14.257,14.228,14.257,485.27
2026-01-15 06:00:00,14.25,14.266,14.24,14.25,557.56
2026-01-15 06:15:00,14.251,14.281,14.244,14.263,2317.50
2026-01-15 06:30:00,14.256,14.258,14.191,14.191,727.10
2026-01-15 06:45:00,14.18,14.193,14.17,14.193,1978.12
2026-01-15 07:00:00,14.178,14.218,14.177,14.208,681.83
2026-01-15 07:15:00,14.207,14.276,14.206,14.274,3097.27
2026-01-15 07:30:00,14.274,14.341,14.274,14.335,1842.36
2026-01-15 07:45:00,14.337,14.372,14.329,14.334,4411.25
2026-01-15 08:00:00,14.347,14.366,14.329,14.348,2752.59
2026-01-15 08:15:00,14.352,14.378,14.332,14.334,1867.86
2026-01-15 08:30:00,14.329,14.37,14.327,14.37,419.04
2026-01-15 08:45:00,14.365,14.419,14.361,14.415,505.14
2026-01-15 09:00:00,14.416,14.42,14.361,14.361,1002.31
2026-01-15 09:15:00,14.361,14.431,14.347,14.424,4739.08
2026-01-15 09:30:00,14.414,14.455,14.356,14.429,58287.00
2026-01-15 09:45:00,14.446,14.466,14.414,14.437,448.05
2026-01-15 10:00:00,14.441,14.443,14.395,14.395,16665.98
2026-01-15 10:15:00,14.393,14.404,14.357,14.367,2215.78
2026-01-15 10:30:00,14.362,14.384,14.355,14.375,477.06
2026-01-15 10:45:00,14.377,14.381,14.361,14.374,1000.75
2026-01-15 11:00:00,14.377,14.397,14.373,14.382,725.89
2026-01-15 11:15:00,14.382,14.382,14.357,14.38,374.65
2026-01-15 11:30:00,14.379,14.388,14.31,14.314,464.11
2026-01-15 11:45:00,14.314,14.319,14.294,14.3,3688.81
2026-01-15 12:00:00,14.298,14.331,14.295,14.321,533.40
2026-01-15 12:15:00,14.322,14.325,14.3,14.307,396.49
2026-01-15 12:30:00,14.303,14.335,14.3,14.329,233.38
2026-01-15 12:45:00,14.34,14.375,14.328,14.375,701.66
2026-01-15 13:00:00,14.369,14.373,14.348,14.353,4518.67
2026-01-15 13:15:00,14.354,14.409,14.353,14.397,1931.83
2026-01-15 13:30:00,14.386,14.386,14.313,14.338,1486.92
2026-01-15 13:45:00,14.343,14.408,14.343,14.363,2490.26
2026-01-15 14:00:00,14.359,14.408,14.359,14.379,2555.58
2026-01-15 14:15:00,14.379,14.379,14.293,14.3,4327.22
2026-01-15 14:30:00,14.293,14.325,14.179,14.181,9429.79
2026-01-15 14:45:00,14.191,14.245,14.086,14.175,57003.82
2026-01-15 15:00:00,14.171,14.231,14.139,14.183,4719.36
2026-01-15 15:15:00,14.176,14.211,14.059,14.069,6415.88
2026-01-15 15:30:00,14.065,14.095,13.973,14.003,17832.95
2026-01-15 15:45:00,14.006,14.044,13.806,14.044,37097.22
2026-01-15 16:00:00,14.044,14.054,13.939,13.959,9917.80
2026-01-15 16:15:00,13.942,13.973,13.913,13.918,3536.91
2026-01-15 16:30:00,13.918,14.024,13.914,14.0,16683.21
2026-01-15 16:45:00,14.002,14.041,13.996,14.014,10074.60
2026-01-15 17:00:00,14.01,14.035,13.937,13.937,4862.53
2026-01-15 17:15:00,13.939,14.003,13.921,14.003,2745.14
2026-01-15 17:30:00,14.01,14.065,14.002,14.05,1614.43
2026-01-15 17:45:00,14.047,14.064,13.89,13.893,2998.68
2026-01-15 18:00:00,13.907,13.934,13.785,13.801,7316.37
2026-01-15 18:15:00,13.822,13.846,13.795,13.846,6809.77
2026-01-15 18:30:00,13.833,13.846,13.712,13.786,7218.57
2026-01-15 18:45:00,13.788,13.793,13.728,13.737,2717.67
2026-01-15 19:00:00,13.74,13.74,13.636,13.671,16973.09
2026-01-15 19:15:00,13.663,13.711,13.646,13.651,1117.40
2026-01-15 19:30:00,13.648,13.712,13.632,13.67,3132.89
2026-01-15 19:45:00,13.68,13.759,13.68,13.738,2492.20
2026-01-15 20:00:00,13.734,13.753,13.713,13.717,2117.88
2026-01-15 20:15:00,13.716,13.716,13.657,13.664,3349.80
2026-01-15 20:30:00,13.668,13.712,13.668,13.672,1393.02
2026-01-15 20:45:00,13.675,13.68,13.624,13.667,1318.84
2026-01-15 21:00:00,13.668,13.737,13.668,13.725,4702.16
2026-01-15 21:15:00,13.726,13.745,13.71,13.711,486.99
2026-01-15 21:30:00,13.708,13.713,13.697,13.703,174.82
2026-01-15 21:45:00,13.706,13.727,13.702,13.724,3703.56
2026-01-15 22:00:00,13.724,13.747,13.701,13.714,7382.79
2026-01-15 22:15:00,13.712,13.776,13.711,13.775,1695.31
2026-01-15 22:30:00,13.778,13.819,13.774,13.788,1806.08
2026-01-15 22:45:00,13.785,13.802,13.772,13.784,475.64
2026-01-15 23:00:00,13.785,13.786,13.757,13.782,1570.72
2026-01-15 23:15:00,13.773,13.816,13.773,13.799,2780.53
2026-01-15 23:30:00,13.799,13.803,13.784,13.794,167.08
2026-01-15 23:45:00,13.8,13.826,13.798,13.82,2938.13
2026-01-16 00:00:00,13.818,13.818,13.767,13.776,5371.50
2026-01-16 00:15:00,13.777,13.806,13.774,13.794,11786.67
2026-01-16 00:30:00,13.797,13.847,13.793,13.838,930.32
2026-01-16 00:45:00,13.841,13.848,13.809,13.809,1382.18
2026-01-16 01:00:00,13.811,13.811,13.754,13.76,2112.18
2026-01-16 01:15:00,13.764,13.78,13.741,13.747,366.26
2026-01-16 01:30:00,13.758,13.797,13.746,13.755,866.03
2026-01-16 01:45:00,13.75,13.764,13.744,13.757,568.22
2026-01-16 02:00:00,13.757,13.757,13.706,13.731,1535.54
2026-01-16 02:15:00,13.723,13.811,13.709,13.811,3738.71
2026-01-16 02:30:00,13.816,13.816,13.792,13.808,219.47
2026-01-16 02:45:00,13.806,13.842,13.803,13.827,487.55
2026-01-16 03:00:00,13.836,13.851,13.827,13.84,6650.64
2026-01-16 03:15:00,13.837,13.837,13.796,13.798,312.62
2026-01-16 03:30:00,13.785,13.785,13.754,13.76,1273.93
2026-01-16 03:45:00,13.761,13.761,13.738,13.741,1065.45
2026-01-16 04:00:00,13.741,13.769,13.735,13.769,1428.71
2026-01-16 04:15:00,13.769,13.781,13.748,13.748,664.13
2026-01-16 04:30:00,13.756,13.757,13.721,13.736,2656.97
2026-01-16 04:45:00,13.737,13.744,13.678,13.722,1534.86
2026-01-16 05:00:00,13.716,13.763,13.716,13.746,1354.27
2026-01-16 05:15:00,13.746,13.756,13.734,13.743,917.97
2026-01-16 05:30:00,13.74,13.794,13.74,13.788,901.35
2026-01-16 05:45:00,13.792,13.825,13.786,13.796,803.23
2026-01-16 06:00:00,13.796,13.815,13.788,13.798,899.88
2026-01-16 06:15:00,13.799,13.822,13.789,13.815,1370.83
2026-01-16 06:30:00,13.81,13.829,13.81,13.827,330.76
2026-01-16 06:45:00,13.827,13.829,13.811,13.822,621.36
2026-01-16 07:00:00,13.817,13.822,13.795,13.822,1675.13
2026-01-16 07:15:00,13.813,13.817,13.781,13.782,810.90
2026-01-16 07:30:00,13.778,13.789,13.768,13.778,582.48
2026-01-16 07:45:00,13.778,13.807,13.778,13.807,1346.36
2026-01-16 08:00:00,13.808,13.84,13.805,13.834,1772.26
2026-01-16 08:15:00,13.834,13.841,13.822,13.841,5035.50
2026-01-16 08:30:00,13.841,13.856,13.832,13.842,1128.83
2026-01-16 08:45:00,13.836,13.836,13.804,13.809,16602.31
2026-01-16 09:00:00,13.811,13.815,13.8,13.807,3119.59
2026-01-16 09:15:00,13.804,13.804,13.785,13.795,5480.12
2026-01-16 09:30:00,13.796,13.796,13.776,13.784,1232.63
2026-01-16 09:45:00,13.784,13.787,13.773,13.775,1668.75
2026-01-16 10:00:00,13.774,13.779,13.746,13.759,2420.40
2026-01-16 10:15:00,13.761,13.763,13.74,13.749,3951.67
2026-01-16 10:30:00,13.749,13.749,13.735,13.744,1720.50
2026-01-16 10:45:00,13.748,13.758,13.734,13.743,1765.78
2026-01-16 11:00:00,13.743,13.766,13.727,13.727,1155.32
2026-01-16 11:15:00,13.725,13.781,13.724,13.772,546.47
2026-01-16 11:30:00,13.769,13.786,13.765,13.766,721.23
2026-01-16 11:45:00,13.759,13.793,13.759,13.786,508.25
2026-01-16 12:00:00,13.787,13.798,13.775,13.778,1352.93
2026-01-16 12:15:00,13.777,13.797,13.767,13.793,404.36
2026-01-16 12:30:00,13.79,13.795,13.767,13.784,395.96
2026-01-16 12:45:00,13.785,13.792,13.777,13.788,436.40
2026-01-16 13:00:00,13.789,13.79,13.772,13.781,1369.85
2026-01-16 13:15:00,13.785,13.785,13.76,13.775,3180.19
2026-01-16 13:30:00,13.773,13.784,13.711,13.746,3253.01
2026-01-16 13:45:00,13.746,13.759,13.742,13.75,6550.21
2026-01-16 14:00:00,13.752,13.784,13.75,13.75,3768.79
2026-01-16 14:15:00,13.749,13.785,13.737,13.785,3656.70
2026-01-16 14:30:00,13.788,13.796,13.748,13.77,35397.29
2026-01-16 14:45:00,13.759,13.801,13.738,13.754,1783.52
2026-01-16 15:00:00,13.745,13.794,13.729,13.765,2590.05
2026-01-16 15:15:00,13.771,13.772,13.619,13.628,17442.40
2026-01-16 15:30:00,13.617,13.617,13.47,13.474,25497.63
2026-01-16 15:45:00,13.484,13.491,13.327,13.408,18268.92
2026-01-16 16:00:00,13.402,13.402,13.208,13.243,18419.90
2026-01-16 16:15:00,13.236,13.37,13.188,13.366,12203.34
2026-01-16 16:30:00,13.343,13.386,13.275,13.379,5838.66
2026-01-16 16:45:00,13.37,13.424,13.341,13.352,5645.76
2026-01-16 17:00:00,13.367,13.388,13.298,13.298,2861.92
2026-01-16 17:15:00,13.298,13.355,13.29,13.336,3098.32
2026-01-16 17:30:00,13.336,13.405,13.335,13.405,1853.76
2026-01-16 17:45:00,13.404,13.411,13.335,13.407,919.00
2026-01-16 18:00:00,13.399,13.417,13.379,13.392,2613.99
2026-01-16 18:15:00,13.39,13.445,13.39,13.427,1727.23
2026-01-16 18:30:00,13.432,13.445,13.407,13.43,1292.78
2026-01-16 18:45:00,13.423,13.434,13.36,13.361,1176.24
2026-01-16 19:00:00,13.36,13.36,13.307,13.31,1632.69
2026-01-16 19:15:00,13.318,13.35,13.305,13.331,734.61
2026-01-16 19:30:00,13.331,13.418,13.331,13.392,2097.07
2026-01-16 19:45:00,13.391,13.407,13.386,13.399,149.69
2026-01-16 20:00:00,13.398,13.398,13.29,13.381,5528.20
2026-01-16 20:15:00,13.377,13.501,13.377,13.501,1352.52
2026-01-16 20:30:00,13.51,13.55,13.51,13.548,2580.93
2026-01-16 20:45:00,13.561,13.587,13.547,13.581,9113.16
2026-01-16 21:00:00,13.582,13.623,13.579,13.612,2215.68
2026-01-16 21:15:00,13.601,13.621,13.579,13.62,391.94
2026-01-16 21:30:00,13.625,13.657,13.619,13.627,3503.42
2026-01-16 21:45:00,13.632,13.637,13.581,13.581,761.36
2026-01-16 22:00:00,13.577,13.624,13.552,13.598,4984.88
2026-01-16 22:15:00,13.596,13.626,13.591,13.607,699.60
2026-01-16 22:30:00,13.611,13.616,13.574,13.598,112.40
2026-01-16 22:45:00,13.602,13.616,13.588,13.588,2758.23
2026-01-16 23:00:00,13.598,13.612,13.59,13.606,2914.30
2026-01-16 23:15:00,13.609,13.625,13.598,13.617,249.62
2026-01-16 23:30:00,13.607,13.607,13.577,13.577,1142.55
2026-01-16 23:45:00,13.582,13.585,13.574,13.577,1455.58
2026-01-17 00:00:00,13.576,13.58,13.556,13.572,2006.66
2026-01-17 00:15:00,13.575,13.596,13.575,13.582,2014.75
2026-01-17 00:30:00,13.575,13.586,13.556,13.586,517.93
2026-01-17 00:45:00,13.574,13.592,13.566,13.589,340.15
2026-01-17 01:00:00,13.588,13.627,13.581,13.608,1208.48
2026-01-17 01:15:00,13.608,13.621,13.597,13.597,362.97
2026-01-17 01:30:00,13.602,13.602,13.577,13.59,655.58
2026-01-17 01:45:00,13.587,13.599,13.579,13.592,1098.70
2026-01-17 02:00:00,13.598,13.598,13.55,13.55,903.90
2026-01-17 02:15:00,13.55,13.563,13.545,13.56,2828.09
2026-01-17 02:30:00,13.556,13.56,13.541,13.546,1184.07
2026-01-17 02:45:00,13.552,13.569,13.549,13.565,1913.11
2026-01-17 03:00:00,13.567,13.567,13.54,13.557,355.21
2026-01-17 03:15:00,13.556,13.578,13.554,13.557,214.18
2026-01-17 03:30:00,13.557,13.574,13.536,13.57,2588.10
2026-01-17 03:45:00,13.578,13.578,13.563,13.564,1836.19
2026-01-17 04:00:00,13.559,13.57,13.538,13.551,1104.51
2026-01-17 04:15:00,13.546,13.557,13.537,13.557,85.62
2026-01-17 04:30:00,13.557,13.558,13.537,13.545,283.27
2026-01-17 04:45:00,13.549,13.575,13.549,13.559,344.92
2026-01-17 05:00:00,13.569,13.573,13.558,13.561,711.43
2026-01-17 05:15:00,13.556,13.581,13.554,13.581,876.90
2026-01-17 05:30:00,13.582,13.597,13.569,13.597,63.52
2026-01-17 05:45:00,13.593,13.601,13.578,13.578,788.91
2026-01-17 06:00:00,13.577,13.584,13.567,13.582,891.55
2026-01-17 06:15:00,13.577,13.578,13.561,13.561,698.64
2026-01-17 06:30:00,13.563,13.573,13.555,13.558,115.35
2026-01-17 06:45:00,13.556,13.559,13.546,13.553,325.10
2026-01-17 07:00:00,13.551,13.551,13.527,13.537,1051.92
2026-01-17 07:15:00,13.536,13.588,13.536,13.586,278.82
2026-01-17 07:30:00,13.59,13.591,13.576,13.578,154.09
2026-01-17 07:45:00,13.579,13.6,13.573,13.6,39.39
2026-01-17 08:00:00,13.597,13.627,13.596,13.619,1883.65
2026-01-17 08:15:00,13.619,13.647,13.616,13.645,3368.98
2026-01-17 08:30:00,13.645,13.686,13.636,13.658,2097.36
2026-01-17 08:45:00,13.655,13.688,13.653,13.681,168.33
2026-01-17 09:00:00,13.684,13.706,13.656,13.656,5470.85
2026-01-17 09:15:00,13.66,13.681,13.65,13.675,5657.20
2026-01-17 09:30:00,13.677,13.682,13.655,13.671,2444.74
2026-01-17 09:45:00,13.671,13.675,13.653,13.657,2394.16
2026-01-17 10:00:00,13.66,13.677,13.643,13.673,1763.30
2026-01-17 10:15:00,13.673,13.71,13.673,13.702,3527.43
2026-01-17 10:30:00,13.703,13.703,13.639,13.639,1432.94
2026-01-17 10:45:00,13.638,13.651,13.628,13.648,1798.65
2026-01-17 11:00:00,13.646,13.646,13.615,13.639,2884.92
2026-01-17 11:15:00,13.637,13.658,13.634,13.658,1723.41
2026-01-17 11:30:00,13.658,13.66,13.63,13.63,298.37
2026-01-17 11:45:00,13.622,13.65,13.613,13.642,11819.34
2026-01-17 12:00:00,13.64,13.677,13.636,13.677,388.12
2026-01-17 12:15:00,13.678,13.704,13.677,13.702,174.99
2026-01-17 12:30:00,13.697,13.705,13.692,13.702,969.83
2026-01-17 12:45:00,13.693,13.694,13.68,13.687,8245.64
2026-01-17 13:00:00,13.688,13.709,13.679,13.705,2029.91
2026-01-17 13:15:00,13.697,13.716,13.689,13.706,238.44
2026-01-17 13:30:00,13.706,13.768,13.706,13.759,1314.17
2026-01-17 13:45:00,13.761,13.781,13.76,13.762,1548.69
2026-01-17 14:00:00,13.76,13.776,13.739,13.776,589.70
2026-01-17 14:15:00,13.773,13.78,13.759,13.778,1694.73
2026-01-17 14:30:00,13.773,13.955,13.772,13.869,10067.96
2026-01-17 14:45:00,13.865,13.901,13.857,13.896,9126.84
2026-01-17 15:00:00,13.901,13.924,13.869,13.881,25988.32
2026-01-17 15:15:00,13.882,13.889,13.834,13.84,3117.31
2026-01-17 15:30:00,13.838,13.898,13.838,13.875,2930.97
2026-01-17 15:45:00,13.881,13.889,13.85,13.889,2866.37
2026-01-17 16:00:00,13.889,13.898,13.868,13.89,2748.69
2026-01-17 16:15:00,13.886,13.886,13.792,13.82,1998.81
2026-01-17 16:30:00,13.822,13.822,13.749,13.783,1994.41
2026-01-17 16:45:00,13.782,13.799,13.764,13.798,1072.88
2026-01-17 17:00:00,13.798,13.825,13.788,13.81,1695.52
2026-01-17 17:15:00,13.807,13.811,13.779,13.782,655.97
2026-01-17 17:30:00,13.781,13.792,13.756,13.775,594.95
2026-01-17 17:45:00,13.787,13.792,13.76,13.788,1264.86
2026-01-17 18:00:00,13.792,13.805,13.762,13.802,2418.78
2026-01-17 18:15:00,13.799,13.82,13.799,13.804,302.51
2026-01-17 18:30:00,13.804,13.828,13.804,13.828,2517.74
2026-01-17 18:45:00,13.826,13.831,13.824,13.827,282.84
2026-01-17 19:00:00,13.827,13.831,13.821,13.822,562.86
2026-01-17 19:15:00,13.819,13.824,13.809,13.823,1165.51
2026-01-17 19:30:00,13.822,13.83,13.808,13.828,271.22
2026-01-17 19:45:00,13.816,13.824,13.796,13.819,815.95
2026-01-17 20:00:00,13.82,13.839,13.799,13.832,385.08
2026-01-17 20:15:00,13.837,13.856,13.83,13.83,1580.97
2026-01-17 20:30:00,13.827,13.83,13.805,13.806,195.50
2026-01-17 20:45:00,13.813,13.822,13.808,13.81,245.53
2026-01-17 21:00:00,13.808,13.809,13.766,13.766,1541.90
2026-01-17 21:15:00,13.776,13.797,13.763,13.796,919.27
2026-01-17 21:30:00,13.796,13.804,13.779,13.802,867.78
2026-01-17 21:45:00,13.801,13.812,13.794,13.805,629.00
2026-01-17 22:00:00,13.806,13.81,13.782,13.786,581.82
2026-01-17 22:15:00,13.785,13.793,13.76,13.769,407.17
2026-01-17 22:30:00,13.751,13.77,13.717,13.738,5042.88
2026-01-17 22:45:00,13.736,13.758,13.719,13.746,1248.32
2026-01-17 23:00:00,13.743,13.768,13.743,13.76,450.97
2026-01-17 23:15:00,13.758,13.761,13.713,13.72,228.42
2026-01-17 23:30:00,13.716,13.738,13.713,13.713,1024.24
2026-01-17 23:45:00,13.725,13.735,13.713,13.734,1927.34
2026-01-18 00:00:00,13.733,13.789,13.732,13.783,2068.30
2026-01-18 00:15:00,13.782,13.802,13.781,13.8,4743.25
2026-01-18 00:30:00,13.806,13.816,13.761,13.77,1039.30
2026-01-18 00:45:00,13.778,13.783,13.758,13.765,1702.83
2026-01-18 01:00:00,13.773,13.784,13.703,13.72,2677.49
2026-01-18 01:15:00,13.721,13.75,13.707,13.734,4563.52
2026-01-18 01:30:00,13.738,13.74,13.653,13.678,4447.71
2026-01-18 01:45:00,13.673,13.688,13.669,13.68,1708.24
2026-01-18 02:00:00,13.684,13.722,13.682,13.699,1672.03
2026-01-18 02:15:00,13.699,13.716,13.665,13.668,2109.59
2026-01-18 02:30:00,13.665,13.672,13.638,13.661,2110.92
2026-01-18 02:45:00,13.661,13.672,13.62,13.665,1569.27
2026-01-18 03:00:00,13.666,13.68,13.656,13.679,1927.85
2026-01-18 03:15:00,13.68,13.692,13.664,13.692,113.26
2026-01-18 03:30:00,13.681,13.704,13.681,13.683,253.81
2026-01-18 03:45:00,13.68,13.688,13.663,13.666,144.22
2026-01-18 04:00:00,13.665,13.667,13.639,13.641,1662.75
2026-01-18 04:15:00,13.641,13.653,13.632,13.641,2034.08
2026-01-18 04:30:00,13.645,13.653,13.631,13.652,1595.12
2026-01-18 04:45:00,13.647,13.661,13.647,13.656,3178.73
2026-01-18 05:00:00,13.651,13.655,13.634,13.646,596.67
2026-01-18 05:15:00,13.644,13.665,13.644,13.664,1608.65
2026-01-18 05:30:00,13.659,13.66,13.642,13.66,319.30
2026-01-18 05:45:00,13.665,13.671,13.651,13.669,1261.47
2026-01-18 06:00:00,13.669,13.693,13.66,13.683,1654.36
2026-01-18 06:15:00,13.679,13.68,13.66,13.66,47.78
2026-01-18 06:30:00,13.659,13.659,13.642,13.651,304.55
2026-01-18 06:45:00,13.642,13.653,13.634,13.635,2091.38
2026-01-18 07:00:00,13.631,13.633,13.565,13.573,10008.25
2026-01-18 07:15:00,13.574,13.618,13.573,13.618,874.15
2026-01-18 07:30:00,13.611,13.632,13.585,13.632,1581.94
2026-01-18 07:45:00,13.628,13.642,13.611,13.616,2342.51
2026-01-18 08:00:00,13.616,13.626,13.604,13.616,1548.77
2026-01-18 08:15:00,13.615,13.639,13.604,13.628,785.80
2026-01-18 08:30:00,13.623,13.637,13.615,13.628,459.95
2026-01-18 08:45:00,13.628,13.638,13.614,13.624,711.53
2026-01-18 09:00:00,13.623,13.638,13.614,13.615,695.89
2026-01-18 09:15:00,13.613,13.634,13.611,13.622,5913.66
2026-01-18 09:30:00,13.622,13.646,13.622,13.633,2508.25
2026-01-18 09:45:00,13.636,13.644,13.631,13.644,302.09
2026-01-18 10:00:00,13.638,13.641,13.595,13.601,2502.65
2026-01-18 10:15:00,13.602,13.613,13.591,13.597,675.06
2026-01-18 10:30:00,13.593,13.6,13.577,13.592,1957.38
2026-01-18 10:45:00,13.592,13.599,13.584,13.584,192.77
2026-01-18 11:00:00,13.588,13.588,13.566,13.574,558.24
2026-01-18 11:15:00,13.574,13.582,13.572,13.574,835.36
2026-01-18 11:30:00,13.573,13.599,13.573,13.598,456.63
2026-01-18 11:45:00,13.584,13.598,13.571,13.575,107.39
2026-01-18 12:00:00,13.574,13.575,13.555,13.573,803.46
2026-01-18 12:15:00,13.574,13.596,13.565,13.592,60.68
2026-01-18 12:30:00,13.588,13.593,13.575,13.593,731.45
2026-01-18 12:45:00,13.59,13.591,13.536,13.545,411.15
2026-01-18 13:00:00,13.539,13.55,13.51,13.533,3249.59
2026-01-18 13:15:00,13.534,13.546,13.514,13.523,363.12
2026-01-18 13:30:00,13.528,13.561,13.517,13.561,2271.68
2026-01-18 13:45:00,13.565,13.575,13.544,13.544,246.69
2026-01-18 14:00:00,13.548,13.557,13.524,13.557,862.13
2026-01-18 14:15:00,13.584,13.616,13.577,13.577,2154.78
2026-01-18 14:30:00,13.593,13.604,13.551,13.551,2763.09
2026-01-18 14:45:00,13.55,13.565,13.488,13.5,11667.70
2026-01-18 15:00:00,13.5,13.515,13.472,13.494,3615.86
2026-01-18 15:15:00,13.493,13.545,13.493,13.54,799.06
2026-01-18 15:30:00,13.534,13.55,13.525,13.542,1123.29
2026-01-18 15:45:00,13.547,13.563,13.534,13.563,532.63
2026-01-18 16:00:00,13.561,13.607,13.536,13.601,3212.45
2026-01-18 16:15:00,13.603,13.611,13.576,13.58,1207.45
2026-01-18 16:30:00,13.583,13.614,13.569,13.614,769.21
2026-01-18 16:45:00,13.616,13.616,13.586,13.587,551.40
2026-01-18 17:00:00,13.587,13.611,13.563,13.563,1515.44
2026-01-18 17:15:00,13.561,13.587,13.561,13.574,834.77
2026-01-18 17:30:00,13.574,13.584,13.542,13.549,1062.85
2026-01-18 17:45:00,13.549,13.584,13.547,13.577,2708.86
2026-01-18 18:00:00,13.576,13.582,13.551,13.562,1223.70
2026-01-18 18:15:00,13.567,13.662,13.555,13.655,2272.17
2026-01-18 18:30:00,13.656,13.714,13.63,13.683,9183.11
2026-01-18 18:45:00,13.692,13.727,13.685,13.691,1705.55
2026-01-18 19:00:00,13.693,13.717,13.685,13.694,1153.46
2026-01-18 19:15:00,13.688,13.692,13.66,13.677,638.17
2026-01-18 19:30:00,13.673,13.673,13.644,13.649,1161.63
2026-01-18 19:45:00,13.641,13.657,13.614,13.657,1038.40
2026-01-18 20:00:00,13.65,13.664,13.637,13.646,379.84
2026-01-18 20:15:00,13.659,13.711,13.657,13.711,379.32
2026-01-18 20:30:00,13.709,13.716,13.68,13.697,797.08
2026-01-18 20:45:00,13.698,13.701,13.677,13.689,78.44
2026-01-18 21:00:00,13.7,13.705,13.678,13.7,985.37
2026-01-18 21:15:00,13.699,13.712,13.69,13.692,468.61
2026-01-18 21:30:00,13.698,13.703,13.672,13.701,455.59
2026-01-18 21:45:00,13.707,13.728,13.688,13.7,347.91
2026-01-18 22:00:00,13.702,13.755,13.698,13.743,1442.43
2026-01-18 22:15:00,13.745,13.746,13.711,13.711,572.48
2026-01-18 22:30:00,13.716,13.745,13.707,13.74,603.11
2026-01-18 22:45:00,13.74,13.747,13.736,13.737,1135.63
2026-01-18 23:00:00,13.735,13.736,13.553,13.576,13088.61
2026-01-18 23:15:00,13.568,13.594,13.337,13.349,27670.68
2026-01-18 23:30:00,13.332,13.382,13.22,13.251,8990.13
2026-01-18 23:45:00,13.237,13.237,12.945,12.975,44331.26
2026-01-19 00:00:00,12.973,12.973,12.098,12.551,199767.68
2026-01-19 00:15:00,12.526,12.63,12.468,12.534,73719.42
2026-01-19 00:30:00,12.531,12.604,12.442,12.585,22237.21
2026-01-19 00:45:00,12.578,12.578,12.525,12.555,4253.62
2026-01-19 01:00:00,12.557,12.666,12.501,12.64,11743.07
2026-01-19 01:15:00,12.641,12.682,12.583,12.611,5188.76
2026-01-19 01:30:00,12.596,12.645,12.565,12.565,3157.93
2026-01-19 01:45:00,12.553,12.602,12.533,12.599,4421.94
2026-01-19 02:00:00,12.599,12.693,12.583,12.674,6271.19
2026-01-19 02:15:00,12.652,12.748,12.652,12.688,2376.60
2026-01-19 02:30:00,12.682,12.727,12.677,12.701,587.61
2026-01-19 02:45:00,12.688,12.694,12.657,12.683,192.82
2026-01-19 03:00:00,12.673,12.685,12.646,12.646,671.81
2026-01-19 03:15:00,12.649,12.673,12.63,12.657,1469.18
2026-01-19 03:30:00,12.658,12.685,12.642,12.676,364.00
2026-01-19 03:45:00,12.679,12.724,12.679,12.707,545.60
2026-01-19 04:00:00,12.705,12.728,12.674,12.686,8890.76
2026-01-19 04:15:00,12.671,12.671,12.629,12.646,512.24
2026-01-19 04:30:00,12.654,12.662,12.636,12.64,1043.69
2026-01-19 04:45:00,12.637,12.637,12.615,12.625,351.69
2026-01-19 05:00:00,12.617,12.636,12.597,12.597,2410.58
2026-01-19 05:15:00,12.591,12.614,12.582,12.614,1681.17
2026-01-19 05:30:00,12.614,12.675,12.614,12.625,3589.91
2026-01-19 05:45:00,12.622,12.637,12.603,12.61,3656.32
2026-01-19 06:00:00,12.609,12.609,12.582,12.603,865.20
2026-01-19 06:15:00,12.603,12.616,12.579,12.601,1520.33
2026-01-19 06:30:00,12.606,12.618,12.546,12.571,1693.64
2026-01-19 06:45:00,12.569,12.601,12.568,12.589,1409.83
2026-01-19 07:00:00,12.603,12.614,12.6,12.612,2312.61
2026-01-19 07:15:00,12.614,12.625,12.603,12.609,3034.04
2026-01-19 07:30:00,12.611,12.621,12.608,12.611,720.22
2026-01-19 07:45:00,12.625,12.644,12.606,12.632,831.61
2026-01-19 08:00:00,12.635,12.663,12.615,12.648,3574.02
2026-01-19 08:15:00,12.639,12.81,12.639,12.773,7479.85
2026-01-19 08:30:00,12.765,12.806,12.741,12.746,7248.82
2026-01-19 08:45:00,12.745,12.823,12.745,12.794,18220.75
2026-01-19 09:00:00,12.792,12.798,12.77,12.775,4261.22
2026-01-19 09:15:00,12.775,12.804,12.775,12.786,18693.83
2026-01-19 09:30:00,12.793,12.804,12.783,12.795,1295.21
2026-01-19 09:45:00,12.786,12.803,12.782,12.788,7726.18
2026-01-19 10:00:00,12.793,12.793,12.737,12.749,2282.01
2026-01-19 10:15:00,12.754,12.764,12.735,12.744,2824.70
2026-01-19 10:30:00,12.748,12.751,12.733,12.741,712.66
2026-01-19 10:45:00,12.742,12.751,12.722,12.737,2424.74
2026-01-19 11:00:00,12.74,12.74,12.703,12.719,1070.31
2026-01-19 11:15:00,12.722,12.737,12.706,12.719,1221.98
2026-01-19 11:30:00,12.707,12.743,12.697,12.728,946.04
2026-01-19 11:45:00,12.712,12.727,12.683,12.7,494.56
2026-01-19 12:00:00,12.697,12.698,12.658,12.668,1752.19
2026-01-19 12:15:00,12.668,12.699,12.661,12.673,361.35
2026-01-19 12:30:00,12.669,12.726,12.669,12.703,2062.81
2026-01-19 12:45:00,12.7,12.721,12.685,12.694,337.20
2026-01-19 13:00:00,12.69,12.71,12.662,12.694,1528.75
2026-01-19 13:15:00,12.707,12.707,12.678,12.688,1941.72
2026-01-19 13:30:00,12.688,12.727,12.687,12.727,558.28
2026-01-19 13:45:00,12.739,12.741,12.703,12.703,435.30
2026-01-19 14:00:00,12.711,12.732,12.7,12.727,1150.40
2026-01-19 14:15:00,12.722,12.758,12.716,12.722,352.63
2026-01-19 14:30:00,12.728,12.75,12.709,12.741,1709.54
2026-01-19 14:45:00,12.738,12.769,12.728,12.746,3783.66
2026-01-19 15:00:00,12.747,12.789,12.737,12.762,2642.86
2026-01-19 15:15:00,12.753,12.754,12.666,12.683,2716.61
2026-01-19 15:30:00,12.684,12.712,12.671,12.694,2003.92
2026-01-19 15:45:00,12.688,12.721,12.686,12.718,1746.62
2026-01-19 16:00:00,12.715,12.739,12.693,12.726,3586.61
2026-01-19 16:15:00,12.725,12.746,12.72,12.733,902.21
2026-01-19 16:30:00,12.722,12.741,12.717,12.726,1430.47
2026-01-19 16:45:00,12.735,12.753,12.699,12.735,2488.19
2026-01-19 17:00:00,12.74,12.75,12.682,12.737,3417.90
2026-01-19 17:15:00,12.733,12.747,12.694,12.694,4630.97
2026-01-19 17:30:00,12.693,12.693,12.612,12.628,4646.73
2026-01-19 17:45:00,12.622,12.687,12.622,12.68,3614.81
2026-01-19 18:00:00,12.676,12.721,12.676,12.721,1692.02
2026-01-19 18:15:00,12.72,12.755,12.7,12.704,450.73
2026-01-19 18:30:00,12.706,12.741,12.697,12.731,1188.07
2026-01-19 18:45:00,12.735,12.742,12.726,12.737,227.45
2026-01-19 19:00:00,12.742,12.771,12.742,12.771,3786.95
2026-01-19 19:15:00,12.772,12.845,12.766,12.807,3495.66
2026-01-19 19:30:00,12.8,12.824,12.8,12.819,883.76
2026-01-19 19:45:00,12.815,12.817,12.798,12.807,1695.78
2026-01-19 20:00:00,12.814,12.827,12.793,12.799,1299.12
2026-01-19 20:15:00,12.802,12.829,12.795,12.825,1411.28
2026-01-19 20:30:00,12.825,12.825,12.788,12.804,1304.97
2026-01-19 20:45:00,12.803,12.803,12.78,12.792,1141.37
2026-01-19 21:00:00,12.811,12.811,12.771,12.779,1484.01
2026-01-19 21:15:00,12.778,12.79,12.777,12.789,417.12
2026-01-19 21:30:00,12.792,12.793,12.77,12.787,9743.22
2026-01-19 21:45:00,12.791,12.791,12.774,12.774,473.96
2026-01-19 22:00:00,12.771,12.771,12.681,12.71,10275.86
2026-01-19 22:15:00,12.712,12.747,12.712,12.728,1312.56
2026-01-19 22:30:00,12.73,12.73,12.668,12.678,945.28
2026-01-19 22:45:00,12.68,12.69,12.643,12.644,4385.51
2026-01-19 23:00:00,12.648,12.69,12.626,12.676,3839.33
2026-01-19 23:15:00,12.675,12.7,12.645,12.7,1369.54
2026-01-19 23:30:00,12.704,12.771,12.704,12.754,4381.72
2026-01-19 23:45:00,12.753,12.753,12.719,12.728,729.51
2026-01-20 00:00:00,12.728,12.729,12.694,12.696,2869.85
2026-01-20 00:15:00,12.693,12.699,12.659,12.674,2549.11
2026-01-20 00:30:00,12.678,12.699,12.659,12.696,1160.33
2026-01-20 00:45:00,12.699,12.699,12.649,12.657,303.51
2026-01-20 01:00:00,12.656,12.678,12.625,12.67,1814.76
2026-01-20 01:15:00,12.67,12.735,12.67,12.731,1762.30
2026-01-20 01:30:00,12.721,12.73,12.673,12.676,2504.89
2026-01-20 01:45:00,12.684,12.7,12.678,12.678,841.50
2026-01-20 02:00:00,12.677,12.678,12.62,12.628,2444.56
2026-01-20 02:15:00,12.624,12.65,12.624,12.64,854.62
2026-01-20 02:30:00,12.656,12.695,12.649,12.688,1190.49
2026-01-20 02:45:00,12.685,12.72,12.685,12.694,5615.99
2026-01-20 03:00:00,12.706,12.707,12.68,12.693,751.00
2026-01-20 03:15:00,12.695,12.699,12.667,12.681,827.06
2026-01-20 03:30:00,12.678,12.701,12.658,12.701,835.05
2026-01-20 03:45:00,12.696,12.722,12.69,12.692,157.66
2026-01-20 04:00:00,12.692,12.718,12.686,12.694,1247.74
2026-01-20 04:15:00,12.689,12.706,12.683,12.706,1179.16
2026-01-20 04:30:00,12.707,12.736,12.693,12.709,1021.25
2026-01-20 04:45:00,12.713,12.731,12.673,12.683,1712.79
2026-01-20 05:00:00,12.676,12.705,12.622,12.637,6148.24
2026-01-20 05:15:00,12.631,12.693,12.623,12.689,1799.92
2026-01-20 05:30:00,12.682,12.704,12.674,12.687,568.33
2026-01-20 05:45:00,12.688,12.751,12.688,12.736,6907.69
2026-01-20 06:00:00,12.73,12.73,12.657,12.657,1409.22
2026-01-20 06:15:00,12.642,12.648,12.525,12.648,11837.97
2026-01-20 06:30:00,12.628,12.638,12.565,12.63,7473.82
2026-01-20 06:45:00,12.621,12.621,12.575,12.579,3052.74
2026-01-20 07:00:00,12.581,12.634,12.569,12.629,5834.28
2026-01-20 07:15:00,12.616,12.638,12.605,12.616,3370.38
2026-01-20 07:30:00,12.61,12.63,12.598,12.61,2082.49
2026-01-20 07:45:00,12.59,12.592,12.544,12.547,2346.83
2026-01-20 08:00:00,12.545,12.558,12.444,12.49,14312.33
2026-01-20 08:15:00,12.49,12.544,12.476,12.528,9123.45
2026-01-20 08:30:00,12.527,12.528,12.392,12.415,7468.61
2026-01-20 08:45:00,12.412,12.474,12.396,12.474,4793.10
2026-01-20 09:00:00,12.472,12.521,12.452,12.521,6724.75
2026-01-20 09:15:00,12.521,12.521,12.488,12.501,1336.44
2026-01-20 09:30:00,12.502,12.569,12.477,12.516,9173.08
2026-01-20 09:45:00,12.516,12.547,12.508,12.545,1206.98
2026-01-20 10:00:00,12.544,12.631,12.538,12.631,2859.08
2026-01-20 10:15:00,12.632,12.636,12.527,12.536,2267.05
2026-01-20 10:30:00,12.532,12.545,12.509,12.516,1239.35
2026-01-20 10:45:00,12.517,12.523,12.485,12.485,2214.70
2026-01-20 11:00:00,12.477,12.497,12.473,12.473,1405.65
2026-01-20 11:15:00,12.468,12.52,12.462,12.517,2997.31
2026-01-20 11:30:00,12.509,12.52,12.466,12.478,1150.40
2026-01-20 11:45:00,12.483,12.484,12.444,12.452,1441.97
2026-01-20 12:00:00,12.452,12.472,12.441,12.458,845.75
2026-01-20 12:15:00,12.459,12.472,12.444,12.469,1459.32
2026-01-20 12:30:00,12.469,12.47,12.452,12.467,2305.21
2026-01-20 12:45:00,12.464,12.477,12.455,12.455,386.49
2026-01-20 13:00:00,12.455,12.455,12.368,12.381,11249.66
2026-01-20 13:15:00,12.377,12.39,12.363,12.371,5983.90
2026-01-20 13:30:00,12.379,12.391,12.329,12.381,1610.47
2026-01-20 13:45:00,12.373,12.373,12.325,12.33,1698.94
2026-01-20 14:00:00,12.327,12.402,12.327,12.4,3742.85
2026-01-20 14:15:00,12.4,12.4,12.35,12.387,3305.75
2026-01-20 14:30:00,12.384,12.537,12.366,12.518,15757.81
2026-01-20 14:45:00,12.518,12.518,12.402,12.451,10723.35
2026-01-20 15:00:00,12.453,12.465,12.301,12.4,28131.99
2026-01-20 15:15:00,12.404,12.449,12.381,12.418,4040.96
2026-01-20 15:30:00,12.418,12.422,12.365,12.365,3067.13
2026-01-20 15:45:00,12.335,12.385,12.333,12.385,2435.71
2026-01-20 16:00:00,12.392,12.415,12.348,12.397,3202.85
2026-01-20 16:15:00,12.398,12.422,12.306,12.318,2896.40
2026-01-20 16:30:00,12.323,12.323,12.186,12.19,4202.39
2026-01-20 16:45:00,12.192,12.215,12.129,12.204,9160.22
2026-01-20 17:00:00,12.2,12.3,12.191,12.273,5038.13
2026-01-20 17:15:00,12.274,12.276,12.172,12.177,2096.26
2026-01-20 17:30:00,12.18,12.192,12.115,12.133,9243.44
2026-01-20 17:45:00,12.13,12.16,12.062,12.134,26019.76
2026-01-20 18:00:00,12.139,12.174,12.134,12.171,13591.99
2026-01-20 18:15:00,12.168,12.17,12.108,12.146,10619.69
2026-01-20 18:30:00,12.125,12.142,12.091,12.116,3081.71
2026-01-20 18:45:00,12.109,12.131,12.092,12.124,3321.14
2026-01-20 19:00:00,12.135,12.183,12.132,12.144,2824.57
2026-01-20 19:15:00,12.15,12.17,12.132,12.132,1108.19
2026-01-20 19:30:00,12.129,12.151,12.1,12.135,3783.95
2026-01-20 19:45:00,12.13,12.18,12.128,12.174,583.13
2026-01-20 20:00:00,12.169,12.182,12.136,12.164,2451.82
2026-01-20 20:15:00,12.17,12.254,12.17,12.247,3954.26
2026-01-20 20:30:00,12.241,12.245,12.22,12.229,960.51
2026-01-20 20:45:00,12.233,12.273,12.233,12.256,4582.22
2026-01-20 21:00:00,12.26,12.27,12.241,12.25,2709.89
2026-01-20 21:15:00,12.24,12.24,12.2,12.2,1119.17
2026-01-20 21:30:00,12.192,12.207,12.173,12.207,995.33
2026-01-20 21:45:00,12.209,12.209,12.175,12.191,2514.33
2026-01-20 22:00:00,12.184,12.205,12.182,12.202,8250.88
2026-01-20 22:15:00,12.208,12.225,12.149,12.163,20256.50
2026-01-20 22:30:00,12.176,12.176,11.972,12.127,41744.63
2026-01-20 22:45:00,12.145,12.154,12.126,12.13,2275.56
2026-01-20 23:00:00,12.139,12.144,12.1,12.12,2233.11
2026-01-20 23:15:00,12.129,12.129,12.063,12.091,1208.97
2026-01-20 23:30:00,12.092,12.132,12.092,12.125,901.00
2026-01-20 23:45:00,12.126,12.127,12.073,12.082,621.50
2026-01-21 00:00:00,12.085,12.12,12.064,12.09,4359.52
2026-01-21 00:15:00,12.095,12.119,12.052,12.118,2537.82
2026-01-21 00:30:00,12.116,12.203,12.11,12.175,1918.96
2026-01-21 00:45:00,12.181,12.25,12.181,12.249,3479.51
2026-01-21 01:00:00,12.245,12.289,12.238,12.285,2573.46
2026-01-21 01:15:00,12.288,12.293,12.256,12.279,2526.14
2026-01-21 01:30:00,12.283,12.292,12.261,12.264,2316.94
2026-01-21 01:45:00,12.261,12.277,12.252,12.261,1061.53
2026-01-21 02:00:00,12.263,12.32,12.263,12.318,5845.75
2026-01-21 02:15:00,12.321,12.321,12.285,12.285,666.19
2026-01-21 02:30:00,12.288,12.288,12.238,12.277,3014.14
2026-01-21 02:45:00,12.275,12.302,12.272,12.294,619.30
2026-01-21 03:00:00,12.296,12.317,12.287,12.3,904.45
2026-01-21 03:15:00,12.31,12.32,12.307,12.313,1454.10
2026-01-21 03:30:00,12.31,12.337,12.292,12.332,1229.39
2026-01-21 03:45:00,12.32,12.32,12.287,12.293,292.01
2026-01-21 04:00:00,12.291,12.304,12.258,12.261,2831.90
2026-01-21 04:15:00,12.26,12.28,12.251,12.28,866.68
2026-01-21 04:30:00,12.28,12.281,12.26,12.279,179.17
2026-01-21 04:45:00,12.285,12.285,12.259,12.263,237.45
2026-01-21 05:00:00,12.258,12.314,12.257,12.314,995.30
2026-01-21 05:15:00,12.321,12.323,12.288,12.292,386.97
2026-01-21 05:30:00,12.296,12.333,12.29,12.332,706.10
2026-01-21 05:45:00,12.337,12.375,12.337,12.353,3580.01
2026-01-21 06:00:00,12.357,12.357,12.326,12.337,2166.54
2026-01-21 06:15:00,12.326,12.35,12.32,12.326,4790.35
2026-01-21 06:30:00,12.324,12.326,12.277,12.277,518.68
2026-01-21 06:45:00,12.273,12.273,12.235,12.245,1090.04
2026-01-21 07:00:00,12.244,12.277,12.224,12.251,1693.27
2026-01-21 07:15:00,12.257,12.29,12.257,12.29,316.33
2026-01-21 07:30:00,12.282,12.282,12.215,12.233,616.72
2026-01-21 07:45:00,12.229,12.23,12.214,12.225,1053.88
2026-01-21 08:00:00,12.226,12.247,12.213,12.217,4709.17
2026-01-21 08:15:00,12.217,12.24,12.215,12.217,551.00
2026-01-21 08:30:00,12.218,12.224,12.13,12.15,7831.16
2026-01-21 08:45:00,12.151,12.207,12.149,12.2,3900.50
2026-01-21 09:00:00,12.208,12.22,12.182,12.204,2467.21
2026-01-21 09:15:00,12.204,12.226,12.202,12.226,1735.52
2026-01-21 09:30:00,12.217,12.239,12.214,12.229,1031.16
2026-01-21 09:45:00,12.234,12.238,12.199,12.212,2609.36
2026-01-21 10:00:00,12.214,12.27,12.208,12.247,2271.39
2026-01-21 10:15:00,12.246,12.246,12.218,12.219,477.82
2026-01-21 10:30:00,12.217,12.231,12.2,12.216,1015.81
2026-01-21 10:45:00,12.207,12.215,12.177,12.179,215.96
2026-01-21 11:00:00,12.178,12.198,12.174,12.198,1203.64
2026-01-21 11:15:00,12.198,12.219,12.195,12.209,273.97
2026-01-21 11:30:00,12.211,12.22,12.194,12.202,1131.65
2026-01-21 11:45:00,12.203,12.204,12.094,12.095,7018.93
2026-01-21 12:00:00,12.104,12.112,11.986,12.012,6502.64
2026-01-21 12:15:00,12.014,12.018,11.955,11.98,3875.44
2026-01-21 12:30:00,11.976,12.065,11.966,12.065,3218.32
2026-01-21 12:45:00,12.067,12.092,12.055,12.08,797.80
2026-01-21 13:00:00,12.08,12.121,12.075,12.107,1866.10
2026-01-21 13:15:00,12.107,12.112,12.068,12.074,4879.03
2026-01-21 13:30:00,12.055,12.087,12.03,12.034,3158.41
2026-01-21 13:45:00,12.033,12.045,12.002,12.022,1576.24
2026-01-21 14:00:00,12.017,12.265,12.009,12.255,27461.56
2026-01-21 14:15:00,12.245,12.298,12.216,12.259,7069.54
2026-01-21 14:30:00,12.245,12.337,12.24,12.252,23234.19
2026-01-21 14:45:00,12.259,12.315,12.234,12.289,4852.24
2026-01-21 15:00:00,12.288,12.324,12.26,12.324,4832.11
2026-01-21 15:15:00,12.328,12.407,12.298,12.316,19403.03
2026-01-21 15:30:00,12.317,12.347,12.282,12.343,7110.32
2026-01-21 15:45:00,12.349,12.391,12.336,12.386,3264.45
2026-01-21 16:00:00,12.391,12.406,12.315,12.315,4229.05
2026-01-21 16:15:00,12.303,12.309,12.18,12.227,7344.62
2026-01-21 16:30:00,12.233,12.233,11.903,11.901,16235.52
2026-01-21 16:45:00,11.931,12.049,11.878,11.896,15839.12
2026-01-21 17:00:00,11.897,12.021,11.879,11.886,29144.37
2026-01-21 17:15:00,11.883,11.99,11.875,11.958,8449.32
2026-01-21 17:30:00,11.948,11.997,11.884,11.959,12053.30
2026-01-21 17:45:00,11.948,12.014,11.945,12.013,15154.95
2026-01-21 18:00:00,12.009,12.106,11.973,12.089,3302.17
2026-01-21 18:15:00,12.084,12.087,12.016,12.034,2481.26
2026-01-21 18:30:00,12.038,12.09,12.031,12.07,2131.46
2026-01-21 18:45:00,12.066,12.16,12.063,12.118,2289.75
2026-01-21 19:00:00,12.12,12.149,12.087,12.111,1014.94
2026-01-21 19:15:00,12.117,12.337,12.102,12.334,33221.65
2026-01-21 19:30:00,12.333,12.521,12.303,12.508,24691.53
2026-01-21 19:45:00,12.512,12.6,12.504,12.582,11082.77
2026-01-21 20:00:00,12.592,12.617,12.487,12.51,62172.63
2026-01-21 20:15:00,12.506,12.509,12.415,12.432,10185.23
2026-01-21 20:30:00,12.425,12.459,12.405,12.451,4942.22
2026-01-21 20:45:00,12.452,12.533,12.452,12.523,7628.98
2026-01-21 21:00:00,12.53,12.544,12.497,12.522,4965.96
2026-01-21 21:15:00,12.517,12.596,12.509,12.553,12157.19
2026-01-21 21:30:00,12.553,12.678,12.553,12.674,7804.67
2026-01-21 21:45:00,12.68,12.716,12.598,12.615,3218.49
2026-01-21 22:00:00,12.615,12.693,12.607,12.623,3006.06
2026-01-21 22:15:00,12.623,12.623,12.526,12.543,1995.04
2026-01-21 22:30:00,12.54,12.546,12.484,12.511,4349.41
2026-01-21 22:45:00,12.524,12.532,12.501,12.502,2163.51
2026-01-21 23:00:00,12.499,12.531,12.486,12.513,3695.08
2026-01-21 23:15:00,12.512,12.512,12.447,12.484,982.40
2026-01-21 23:30:00,12.483,12.505,12.415,12.421,864.09
2026-01-21 23:45:00,12.422,12.429,12.374,12.403,3648.39
2026-01-22 00:00:00,12.407,12.476,12.407,12.476,2261.41
2026-01-22 00:15:00,12.475,12.494,12.451,12.487,2424.40
2026-01-22 00:30:00,12.473,12.502,12.473,12.491,552.24
2026-01-22 00:45:00,12.49,12.502,12.477,12.477,510.10
2026-01-22 01:00:00,12.473,12.506,12.465,12.494,1775.74
2026-01-22 01:15:00,12.501,12.56,12.501,12.558,265.14
2026-01-22 01:30:00,12.554,12.559,12.535,12.546,289.42
2026-01-22 01:45:00,12.545,12.587,12.545,12.578,5209.88
2026-01-22 02:00:00,12.577,12.591,12.564,12.583,1624.86
2026-01-22 02:15:00,12.588,12.613,12.585,12.585,555.22
2026-01-22 02:30:00,12.588,12.588,12.548,12.577,3301.04
2026-01-22 02:45:00,12.568,12.579,12.518,12.534,239.21
2026-01-22 03:00:00,12.544,12.576,12.544,12.574,409.77
2026-01-22 03:15:00,12.571,12.571,12.501,12.515,51598.65
2026-01-22 03:30:00,12.5,12.5,12.437,12.472,2760.72
2026-01-22 03:45:00,12.463,12.485,12.463,12.483,1660.34
2026-01-22 04:00:00,12.477,12.508,12.471,12.481,2043.73
2026-01-22 04:15:00,12.486,12.496,12.477,12.495,466.70
2026-01-22 04:30:00,12.488,12.507,12.483,12.504,750.44
2026-01-22 04:45:00,12.505,12.52,12.498,12.507,280.37
2026-01-22 05:00:00,12.5,12.539,12.498,12.539,1269.09
2026-01-22 05:15:00,12.539,12.547,12.506,12.511,280.13
2026-01-22 05:30:00,12.513,12.528,12.502,12.521,952.75
2026-01-22 05:45:00,12.51,12.514,12.475,12.489,489.63
2026-01-22 06:00:00,12.493,12.513,12.46,12.473,950.77
2026-01-22 06:15:00,12.476,12.489,12.437,12.451,926.95
2026-01-22 06:30:00,12.446,12.491,12.446,12.484,1098.17
2026-01-22 06:45:00,12.484,12.498,12.472,12.482,2329.66
2026-01-22 07:00:00,12.485,12.495,12.455,12.455,601.34
2026-01-22 07:15:00,12.446,12.446,12.412,12.427,593.47
2026-01-22 07:30:00,12.427,12.454,12.416,12.453,343.71
2026-01-22 07:45:00,12.442,12.449,12.42,12.423,2081.48
2026-01-22 08:00:00,12.423,12.454,12.38,12.399,3394.57
2026-01-22 08:15:00,12.395,12.413,12.374,12.385,1629.34
2026-01-22 08:30:00,12.379,12.388,12.363,12.377,790.89
2026-01-22 08:45:00,12.375,12.442,12.375,12.442,2412.85
2026-01-22 09:00:00,12.44,12.472,12.425,12.47,2952.78
2026-01-22 09:15:00,12.47,12.481,12.443,12.448,7364.43
2026-01-22 09:30:00,12.452,12.491,12.443,12.489,30174.08
2026-01-22 09:45:00,12.488,12.489,12.476,12.48,2020.10
2026-01-22 10:00:00,12.482,12.482,12.464,12.464,37513.74
2026-01-22 10:15:00,12.464,12.467,12.449,12.449,12577.43
2026-01-22 10:30:00,12.447,12.456,12.442,12.455,1314.46
2026-01-22 10:45:00,12.452,12.455,12.438,12.455,404.88
2026-01-22 11:00:00,12.449,12.449,12.412,12.412,1117.47
2026-01-22 11:15:00,12.409,12.424,12.375,12.387,2078.54
2026-01-22 11:30:00,12.388,12.398,12.373,12.39,406.86
2026-01-22 11:45:00,12.383,12.383,12.344,12.344,5284.18
2026-01-22 12:00:00,12.343,12.343,12.318,12.33,6829.23
2026-01-22 12:15:00,12.327,12.337,12.298,12.317,2329.93
2026-01-22 12:30:00,12.314,12.329,12.293,12.305,2613.23
2026-01-22 12:45:00,12.293,12.305,12.293,12.298,837.84
2026-01-22 13:00:00,12.297,12.306,12.284,12.303,1340.97
2026-01-22 13:15:00,12.319,12.347,12.305,12.347,542.71
2026-01-22 13:30:00,12.337,12.387,12.268,12.283,7566.29
2026-01-22 13:45:00,12.277,12.295,12.239,12.266,2292.86
2026-01-22 14:00:00,12.265,12.308,12.247,12.307,3087.56
2026-01-22 14:15:00,12.307,12.312,12.219,12.239,19727.03
2026-01-22 14:30:00,12.238,12.281,12.177,12.219,16119.98
2026-01-22 14:45:00,12.211,12.211,12.125,12.153,14408.04
2026-01-22 15:00:00,12.142,12.192,12.122,12.174,7277.32
2026-01-22 15:15:00,12.18,12.196,12.032,12.049,5457.69
2026-01-22 15:30:00,12.049,12.172,12.03,12.171,9118.87
2026-01-22 15:45:00,12.17,12.236,12.145,12.156,2352.77
2026-01-22 16:00:00,12.155,12.203,12.121,12.126,7324.31
2026-01-22 16:15:00,12.123,12.198,12.112,12.162,2827.76
2026-01-22 16:30:00,12.167,12.192,12.144,12.192,1611.85
2026-01-22 16:45:00,12.19,12.251,12.19,12.224,4630.04
2026-01-22 17:00:00,12.22,12.233,12.204,12.205,1366.96
2026-01-22 17:15:00,12.206,12.208,12.129,12.144,21111.16
2026-01-22 17:30:00,12.146,12.154,12.119,12.141,1454.13
2026-01-22 17:45:00,12.151,12.211,12.149,12.186,3545.47
2026-01-22 18:00:00,12.178,12.182,12.138,12.152,1690.41
2026-01-22 18:15:00,12.146,12.19,12.121,12.121,50604.51
2026-01-22 18:30:00,12.13,12.171,12.125,12.145,2574.28
2026-01-22 18:45:00,12.146,12.154,12.089,12.102,3025.54
2026-01-22 19:00:00,12.106,12.147,12.07,12.139,1131.19
2026-01-22 19:15:00,12.126,12.149,12.106,12.123,2323.24
2026-01-22 19:30:00,12.122,12.187,12.122,12.174,2174.26
2026-01-22 19:45:00,12.163,12.183,12.136,12.157,1866.70
2026-01-22 20:00:00,12.158,12.177,12.135,12.177,2147.39
2026-01-22 20:15:00,12.182,12.189,12.106,12.116,716.26
2026-01-22 20:30:00,12.109,12.128,12.08,12.085,11731.43
2026-01-22 20:45:00,12.093,12.127,12.086,12.108,1517.45
2026-01-22 21:00:00,12.12,12.149,12.107,12.136,1624.81
2026-01-22 21:15:00,12.136,12.17,12.132,12.163,827.46
2026-01-22 21:30:00,12.161,12.162,12.139,12.141,919.01
2026-01-22 21:45:00,12.136,12.158,12.125,12.143,576.77
2026-01-22 22:00:00,12.143,12.195,12.128,12.169,1212.31
2026-01-22 22:15:00,12.178,12.183,12.151,12.167,619.39
2026-01-22 22:30:00,12.164,12.178,12.143,12.176,2676.71
2026-01-22 22:45:00,12.177,12.182,12.158,12.161,595.75
2026-01-22 23:00:00,12.153,12.153,12.115,12.15,1325.66
2026-01-22 23:15:00,12.151,12.176,12.14,12.16,48.54
2026-01-22 23:30:00,12.167,12.182,12.161,12.169,54.73
2026-01-22 23:45:00,12.168,12.19,12.166,12.183,10936.18
2026-01-23 00:00:00,12.187,12.203,12.168,12.194,2654.32
2026-01-23 00:15:00,12.201,12.213,12.184,12.197,1987.14
2026-01-23 00:30:00,12.19,12.193,12.163,12.19,1243.61
2026-01-23 00:45:00,12.188,12.207,12.183,12.199,811.00
2026-01-23 01:00:00,12.202,12.222,12.202,12.214,1476.04
2026-01-23 01:15:00,12.215,12.241,12.215,12.231,858.69
2026-01-23 01:30:00,12.242,12.268,12.236,12.261,9850.30
2026-01-23 01:45:00,12.26,12.288,12.255,12.282,1599.14
2026-01-23 02:00:00,12.286,12.288,12.257,12.265,2328.90
2026-01-23 02:15:00,12.272,12.272,12.234,12.235,1047.60
2026-01-23 02:30:00,12.236,12.248,12.236,12.237,43.95
2026-01-23 02:45:00,12.242,12.242,12.205,12.205,1114.33
2026-01-23 03:00:00,12.204,12.224,12.197,12.224,5627.60
2026-01-23 03:15:00,12.224,12.271,12.224,12.265,204.47
2026-01-23 03:30:00,12.266,12.266,12.235,12.251,388.25
2026-01-23 03:45:00,12.247,12.249,12.242,12.248,65.20
2026-01-23 04:00:00,12.251,12.347,12.244,12.326,5263.63
2026-01-23 04:15:00,12.329,12.329,12.299,12.326,1924.21
2026-01-23 04:30:00,12.313,12.332,12.303,12.331,821.50
2026-01-23 04:45:00,12.334,12.357,12.334,12.352,819.13
2026-01-23 05:00:00,12.356,12.358,12.331,12.331,348.09
2026-01-23 05:15:00,12.325,12.325,12.284,12.293,275.86
2026-01-23 05:30:00,12.297,12.3,12.287,12.287,476.59
2026-01-23 05:45:00,12.283,12.283,12.25,12.28,62.87
2026-01-23 06:00:00,12.28,12.311,12.275,12.311,1602.82
2026-01-23 06:15:00,12.305,12.315,12.239,12.244,646.26
2026-01-23 06:30:00,12.245,12.294,12.236,12.289,725.83
2026-01-23 06:45:00,12.284,12.287,12.234,12.234,244.26
2026-01-23 07:00:00,12.236,12.247,12.201,12.204,1285.28
2026-01-23 07:15:00,12.207,12.214,12.132,12.146,8504.59
2026-01-23 07:30:00,12.139,12.139,12.12,12.132,824.87
2026-01-23 07:45:00,12.13,12.13,12.099,12.124,795.95
2026-01-23 08:00:00,12.123,12.128,12.108,12.122,2685.12
2026-01-23 08:15:00,12.114,12.123,12.1,12.11,1459.86
2026-01-23 08:30:00,12.109,12.116,12.041,12.076,7229.40
2026-01-23 08:45:00,12.078,12.091,12.039,12.058,1051.04
2026-01-23 09:00:00,12.055,12.135,12.054,12.134,1742.72
2026-01-23 09:15:00,12.138,12.176,12.086,12.118,5807.97
2026-01-23 09:30:00,12.124,12.153,12.103,12.138,1774.05
2026-01-23 09:45:00,12.134,12.147,12.124,12.138,1650.44
2026-01-23 10:00:00,12.136,12.163,12.12,12.163,2758.76
2026-01-23 10:15:00,12.151,12.16,12.143,12.143,410.27
2026-01-23 10:30:00,12.138,12.154,12.124,12.152,537.97
2026-01-23 10:45:00,12.157,12.157,12.144,12.144,174.92
2026-01-23 11:00:00,12.144,12.192,12.144,12.191,1258.56
2026-01-23 11:15:00,12.185,12.188,12.174,12.18,248.32
2026-01-23 11:30:00,12.178,12.199,12.178,12.189,370.70
2026-01-23 11:45:00,12.188,12.195,12.184,12.19,675.36
2026-01-23 12:00:00,12.19,12.2,12.174,12.174,688.50
2026-01-23 12:15:00,12.168,12.189,12.165,12.18,364.43
2026-01-23 12:30:00,12.179,12.184,12.154,12.184,403.39
2026-01-23 12:45:00,12.186,12.196,12.182,12.185,250.30
2026-01-23 13:00:00,12.18,12.186,12.176,12.185,588.57
2026-01-23 13:15:00,12.185,12.199,12.179,12.181,1329.87
2026-01-23 13:30:00,12.174,12.194,12.174,12.193,1293.03
2026-01-23 13:45:00,12.198,12.219,12.185,12.193,9732.07
2026-01-23 14:00:00,12.193,12.206,12.174,12.204,11157.83
2026-01-23 14:15:00,12.2,12.207,12.187,12.204,548.29
2026-01-23 14:30:00,12.194,12.204,12.013,12.049,18289.46
2026-01-23 14:45:00,12.06,12.068,11.986,12.053,6717.40
2026-01-23 15:00:00,12.06,12.109,12.045,12.056,3763.46
2026-01-23 15:15:00,12.051,12.144,12.006,12.135,2339.49
2026-01-23 15:30:00,12.143,12.183,12.133,12.146,4596.50
2026-01-23 15:45:00,12.145,12.254,12.145,12.222,12388.33
2026-01-23 16:00:00,12.225,12.249,12.209,12.242,6538.89
2026-01-23 16:15:00,12.235,12.235,12.184,12.184,723.93
2026-01-23 16:30:00,12.194,12.326,12.165,12.314,6207.53
2026-01-23 16:45:00,12.314,12.349,12.277,12.282,1690.68
2026-01-23 17:00:00,12.276,12.276,12.23,12.262,1281.91
2026-01-23 17:15:00,12.255,12.431,12.255,12.431,5987.94
2026-01-23 17:30:00,12.437,12.486,12.397,12.402,10056.37
2026-01-23 17:45:00,12.406,12.43,12.364,12.365,705.45
2026-01-23 18:00:00,12.364,12.424,12.337,12.374,5315.94
2026-01-23 18:15:00,12.378,12.406,12.359,12.379,1169.50
2026-01-23 18:30:00,12.38,12.412,12.366,12.368,935.21
2026-01-23 18:45:00,12.364,12.366,12.315,12.334,973.06
2026-01-23 19:00:00,12.334,12.334,12.271,12.274,1221.59
2026-01-23 19:15:00,12.273,12.273,12.17,12.194,3538.81
2026-01-23 19:30:00,12.166,12.186,12.128,12.171,4109.18
2026-01-23 19:45:00,12.171,12.176,12.129,12.157,606.06
2026-01-23 20:00:00,12.164,12.185,12.14,12.18,1498.14
2026-01-23 20:15:00,12.174,12.175,12.129,12.136,9491.38
2026-01-23 20:30:00,12.125,12.125,12.029,12.057,5012.31
2026-01-23 20:45:00,12.055,12.101,12.023,12.091,50963.35
2026-01-23 21:00:00,12.071,12.139,12.07,12.125,2015.02
2026-01-23 21:15:00,12.125,12.143,12.098,12.133,1538.41
2026-01-23 21:30:00,12.129,12.129,12.095,12.105,1253.86
2026-01-23 21:45:00,12.109,12.122,12.099,12.102,563.65
2026-01-23 22:00:00,12.097,12.155,12.097,12.136,1265.01
2026-01-23 22:15:00,12.127,12.168,12.125,12.16,2426.82
2026-01-23 22:30:00,12.16,12.184,12.14,12.14,34671.16
2026-01-23 22:45:00,12.14,12.166,12.13,12.159,17345.23
2026-01-23 23:00:00,12.155,12.155,12.124,12.143,1432.80
2026-01-23 23:15:00,12.134,12.145,12.124,12.13,311.43
2026-01-23 23:30:00,12.129,12.138,12.113,12.113,889.61
2026-01-23 23:45:00,12.114,12.126,12.11,12.122,818.15
2026-01-24 00:00:00,12.12,12.149,12.114,12.116,7557.91
2026-01-24 00:15:00,12.115,12.136,12.114,12.122,1519.41
2026-01-24 00:30:00,12.118,12.148,12.114,12.114,417.25
2026-01-24 00:45:00,12.115,12.128,12.108,12.114,160.88
2026-01-24 01:00:00,12.11,12.123,12.097,12.1,627.13
2026-01-24 01:15:00,12.098,12.126,12.098,12.124,185.27
2026-01-24 01:30:00,12.124,12.124,12.102,12.121,185.40
2026-01-24 01:45:00,12.119,12.124,12.111,12.122,622.06
2026-01-24 02:00:00,12.129,12.137,12.119,12.127,1502.14
2026-01-24 02:15:00,12.124,12.135,12.119,12.126,285.81
2026-01-24 02:30:00,12.124,12.143,12.124,12.128,216.72
2026-01-24 02:45:00,12.129,12.138,12.119,12.138,947.06
2026-01-24 03:00:00,12.136,12.157,12.124,12.15,466.84
2026-01-24 03:15:00,12.155,12.163,12.127,12.163,632.85
2026-01-24 03:30:00,12.164,12.164,12.141,12.152,531.64
2026-01-24 03:45:00,12.146,12.152,12.125,12.149,365.46
2026-01-24 04:00:00,12.149,12.173,12.139,12.169,1267.39
2026-01-24 04:15:00,12.175,12.175,12.154,12.156,65.44
2026-01-24 04:30:00,12.159,12.164,12.152,12.161,876.41
2026-01-24 04:45:00,12.159,12.167,12.153,12.157,466.78
2026-01-24 05:00:00,12.163,12.163,12.132,12.137,1512.85
2026-01-24 05:15:00,12.138,12.154,12.134,12.148,494.24
2026-01-24 05:30:00,12.144,12.15,12.128,12.134,218.82
2026-01-24 05:45:00,12.134,12.15,12.13,12.15,43.69
2026-01-24 06:00:00,12.152,12.155,12.131,12.155,92.57
2026-01-24 06:15:00,12.147,12.149,12.138,12.138,99.14
2026-01-24 06:30:00,12.146,12.15,12.136,12.149,126.05
2026-01-24 06:45:00,12.145,12.147,12.135,12.138,38.13
2026-01-24 07:00:00,12.134,12.135,12.123,12.124,603.63
2026-01-24 07:15:00,12.124,12.124,12.1,12.104,1210.52
2026-01-24 07:30:00,12.104,12.115,12.103,12.114,282.80
2026-01-24 07:45:00,12.114,12.128,12.111,12.111,855.85
2026-01-24 08:00:00,12.111,12.118,12.101,12.108,1104.11
2026-01-24 08:15:00,12.108,12.108,12.1,12.107,921.96
2026-01-24 08:30:00,12.108,12.128,12.108,12.127,538.21
2026-01-24 08:45:00,12.124,12.127,12.118,12.124,232.09
2026-01-24 09:00:00,12.125,12.125,12.097,12.097,3219.18
2026-01-24 09:15:00,12.104,12.104,12.081,12.098,3580.44
2026-01-24 09:30:00,12.096,12.102,12.095,12.098,3102.88
2026-01-24 09:45:00,12.098,12.098,12.084,12.085,3016.16
2026-01-24 10:00:00,12.085,12.091,12.079,12.082,613.16
2026-01-24 10:15:00,12.078,12.082,12.056,12.071,1864.78
2026-01-24 10:30:00,12.067,12.085,12.067,12.078,1870.33
2026-01-24 10:45:00,12.078,12.09,12.078,12.087,266.93
2026-01-24 11:00:00,12.083,12.1,12.083,12.1,8594.61
2026-01-24 11:15:00,12.1,12.119,12.098,12.105,387.42
2026-01-24 11:30:00,12.106,12.113,12.101,12.104,1297.91
2026-01-24 11:45:00,12.103,12.114,12.101,12.11,45.75
2026-01-24 12:00:00,12.113,12.115,12.099,12.104,252.20
2026-01-24 12:15:00,12.104,12.123,12.1,12.123,718.95
2026-01-24 12:30:00,12.123,12.135,12.117,12.118,477.52
2026-01-24 12:45:00,12.125,12.125,12.108,12.115,1035.91
2026-01-24 13:00:00,12.115,12.122,12.103,12.115,928.56
2026-01-24 13:15:00,12.116,12.116,12.109,12.11,364.55
2026-01-24 13:30:00,12.11,12.11,12.098,12.099,832.14
2026-01-24 13:45:00,12.111,12.117,12.065,12.065,1090.05
2026-01-24 14:00:00,12.06,12.08,12.046,12.079,1043.63
2026-01-24 14:15:00,12.071,12.077,12.061,12.069,1097.71
2026-01-24 14:30:00,12.075,12.09,12.069,12.08,204.48
2026-01-24 14:45:00,12.079,12.085,12.064,12.067,2097.05
2026-01-24 15:00:00,12.069,12.101,12.069,12.101,2690.96
2026-01-24 15:15:00,12.097,12.098,12.067,12.069,2383.73
2026-01-24 15:30:00,12.062,12.071,12.034,12.037,3400.23
2026-01-24 15:45:00,12.037,12.053,12.013,12.024,6313.53
2026-01-24 16:00:00,12.025,12.036,12.006,12.014,3949.29
2026-01-24 16:15:00,12.013,12.02,11.967,12.019,6126.91
2026-01-24 16:30:00,12.018,12.022,12.003,12.012,510.55
2026-01-24 16:45:00,12.012,12.062,12.011,12.04,4315.90
2026-01-24 17:00:00,12.041,12.044,12.01,12.032,2539.20
2026-01-24 17:15:00,12.031,12.039,12.031,12.036,1983.95
2026-01-24 17:30:00,12.034,12.044,12.024,12.028,955.66
2026-01-24 17:45:00,12.028,12.038,12.026,12.037,1441.22
2026-01-24 18:00:00,12.041,12.048,12.037,12.04,700.09
2026-01-24 18:15:00,12.041,12.048,12.027,12.033,305.65
2026-01-24 18:30:00,12.035,12.048,12.028,12.034,2285.54
2026-01-24 18:45:00,12.035,12.041,12.031,12.034,1536.79
2026-01-24 19:00:00,12.035,12.041,12.016,12.016,3903.49
2026-01-24 19:15:00,12.015,12.021,12.007,12.021,495.80
2026-01-24 19:30:00,12.02,12.035,12.02,12.035,1065.02
2026-01-24 19:45:00,12.035,12.043,12.026,12.031,174.28
2026-01-24 20:00:00,12.032,12.05,12.028,12.045,1160.93
2026-01-24 20:15:00,12.049,12.074,12.049,12.064,2132.37
2026-01-24 20:30:00,12.066,12.079,12.066,12.074,363.08
2026-01-24 20:45:00,12.079,12.079,12.064,12.074,641.46
2026-01-24 21:00:00,12.077,12.084,12.058,12.065,1361.75
2026-01-24 21:15:00,12.067,12.08,12.065,12.079,2573.18
2026-01-24 21:30:00,12.074,12.074,12.058,12.074,897.54
2026-01-24 21:45:00,12.061,12.066,12.061,12.065,192.13
2026-01-24 22:00:00,12.069,12.111,12.063,12.103,1949.14
2026-01-24 22:15:00,12.099,12.109,12.095,12.095,1470.68
2026-01-24 22:30:00,12.096,12.096,12.078,12.081,190.48
2026-01-24 22:45:00,12.081,12.1,12.081,12.096,500.45
2026-01-24 23:00:00,12.101,12.104,12.073,12.084,673.16
2026-01-24 23:15:00,12.08,12.085,12.067,12.072,300.19
2026-01-24 23:30:00,12.07,12.073,12.055,12.059,261.05
2026-01-24 23:45:00,12.051,12.065,12.035,12.038,2243.52
2026-01-25 00:00:00,12.044,12.057,12.039,12.045,2607.79
2026-01-25 00:15:00,12.045,12.055,12.026,12.033,2245.94
2026-01-25 00:30:00,12.026,12.048,12.026,12.04,732.96
2026-01-25 00:45:00,12.04,12.06,12.031,12.056,544.10
2026-01-25 01:00:00,12.056,12.07,12.051,12.053,970.03
2026-01-25 01:15:00,12.05,12.053,12.032,12.034,3614.58
2026-01-25 01:30:00,12.03,12.03,11.993,11.996,1494.83
2026-01-25 01:45:00,11.993,12.004,11.984,11.993,1474.86
2026-01-25 02:00:00,11.994,12.015,11.994,12.008,673.05
2026-01-25 02:15:00,12.007,12.019,12.007,12.007,59.07
2026-01-25 02:30:00,12.007,12.018,11.992,11.992,325.10
2026-01-25 02:45:00,11.983,11.998,11.975,11.99,333.26
2026-01-25 03:00:00,11.997,12.009,11.986,12.0,1367.55
2026-01-25 03:15:00,11.991,11.991,11.934,11.938,5207.30
2026-01-25 03:30:00,11.932,11.933,11.874,11.912,10010.23
2026-01-25 03:45:00,11.905,11.938,11.894,11.928,25997.51
2026-01-25 04:00:00,11.923,11.957,11.911,11.935,1080.68
2026-01-25 04:15:00,11.936,11.959,11.928,11.958,634.91
2026-01-25 04:30:00,11.962,11.986,11.96,11.961,246.13
2026-01-25 04:45:00,11.962,11.963,11.953,11.953,435.45
2026-01-25 05:00:00,11.948,11.956,11.945,11.949,480.72
2026-01-25 05:15:00,11.957,11.967,11.952,11.967,680.36
2026-01-25 05:30:00,11.964,11.967,11.949,11.958,341.42
2026-01-25 05:45:00,11.963,11.987,11.963,11.984,535.00
2026-01-25 06:00:00,11.98,11.98,11.924,11.926,611.16
2026-01-25 06:15:00,11.927,11.947,11.922,11.936,413.84
2026-01-25 06:30:00,11.944,11.961,11.938,11.952,2376.22
2026-01-25 06:45:00,11.956,11.956,11.932,11.932,370.65
2026-01-25 07:00:00,11.933,11.933,11.886,11.889,716.49
2026-01-25 07:15:00,11.894,11.918,11.882,11.914,404.40
2026-01-25 07:30:00,11.904,11.928,11.904,11.926,185.12
2026-01-25 07:45:00,11.925,11.928,11.917,11.924,2943.24
2026-01-25 08:00:00,11.927,11.937,11.924,11.935,1041.41
2026-01-25 08:15:00,11.941,11.942,11.925,11.93,1719.42
2026-01-25 08:30:00,11.93,11.932,11.831,11.87,6307.54
2026-01-25 08:45:00,11.868,11.885,11.846,11.878,1154.57
2026-01-25 09:00:00,11.878,11.896,11.87,11.892,1308.81
2026-01-25 09:15:00,11.892,11.913,11.888,11.909,9147.17
2026-01-25 09:30:00,11.91,11.965,11.908,11.965,3790.72
2026-01-25 09:45:00,11.965,11.98,11.952,11.952,1058.44
2026-01-25 10:00:00,11.96,11.973,11.952,11.969,1300.70
2026-01-25 10:15:00,11.972,12.043,11.972,12.039,3056.66
2026-01-25 10:30:00,12.044,12.049,12.024,12.049,1945.34
2026-01-25 10:45:00,12.049,12.06,11.964,11.989,6263.16
2026-01-25 11:00:00,11.978,11.978,11.957,11.962,1167.77
2026-01-25 11:15:00,11.965,11.984,11.965,11.984,1221.02
2026-01-25 11:30:00,11.987,11.995,11.961,11.963,427.56
2026-01-25 11:45:00,11.954,11.958,11.937,11.951,4501.39
2026-01-25 12:00:00,11.947,11.947,11.905,11.917,7648.46
2026-01-25 12:15:00,11.916,11.921,11.867,11.896,3959.93
2026-01-25 12:30:00,11.889,11.908,11.879,11.907,3400.51
2026-01-25 12:45:00,11.9,11.932,11.9,11.932,311.11
2026-01-25 13:00:00,11.933,11.954,11.92,11.928,2057.98
2026-01-25 13:15:00,11.928,11.942,11.909,11.909,595.02
2026-01-25 13:30:00,11.911,11.935,11.897,11.927,4171.58
2026-01-25 13:45:00,11.927,11.963,11.927,11.961,790.69
2026-01-25 14:00:00,11.959,11.96,11.912,11.915,532.12
2026-01-25 14:15:00,11.911,11.918,11.812,11.861,4116.15
2026-01-25 14:30:00,11.857,11.873,11.841,11.85,1840.08
2026-01-25 14:45:00,11.849,11.873,11.834,11.873,1561.57
2026-01-25 15:00:00,11.865,11.883,11.858,11.877,1352.37
2026-01-25 15:15:00,11.872,11.897,11.851,11.897,450.35
2026-01-25 15:30:00,11.887,11.888,11.851,11.852,473.41
2026-01-25 15:45:00,11.851,11.851,11.821,11.846,870.29
2026-01-25 16:00:00,11.844,11.844,11.647,11.684,35831.84
2026-01-25 16:15:00,11.674,11.677,11.57,11.645,22536.17
2026-01-25 16:30:00,11.635,11.655,11.581,11.616,3275.79
2026-01-25 16:45:00,11.618,11.671,11.595,11.67,2345.93
2026-01-25 17:00:00,11.665,11.684,11.62,11.622,7209.13
2026-01-25 17:15:00,11.617,11.629,11.574,11.605,5062.80
2026-01-25 17:30:00,11.603,11.646,11.598,11.646,1724.58
2026-01-25 17:45:00,11.653,11.653,11.617,11.617,29136.61
2026-01-25 18:00:00,11.62,11.627,11.495,11.578,35516.03
2026-01-25 18:15:00,11.588,11.612,11.532,11.541,12109.43
2026-01-25 18:30:00,11.539,11.548,11.458,11.48,15319.48
2026-01-25 18:45:00,11.491,11.539,11.483,11.536,13828.08
2026-01-25 19:00:00,11.535,11.548,11.501,11.501,2841.69
2026-01-25 19:15:00,11.5,11.5,11.36,11.367,21775.35
2026-01-25 19:30:00,11.372,11.426,11.354,11.396,11372.83
2026-01-25 19:45:00,11.377,11.377,11.227,11.301,17191.57
2026-01-25 20:00:00,11.304,11.38,11.299,11.308,5562.80
2026-01-25 20:15:00,11.304,11.338,11.294,11.318,10030.99
2026-01-25 20:30:00,11.302,11.302,11.25,11.286,5273.24
2026-01-25 20:45:00,11.29,11.352,11.284,11.346,4370.83
2026-01-25 21:00:00,11.344,11.414,11.34,11.407,7431.54
2026-01-25 21:15:00,11.405,11.448,11.394,11.406,914.90
2026-01-25 21:30:00,11.412,11.427,11.361,11.39,2318.91
2026-01-25 21:45:00,11.396,11.43,11.396,11.414,1387.67
2026-01-25 22:00:00,11.411,11.416,11.385,11.404,508.63
2026-01-25 22:15:00,11.404,11.404,11.343,11.363,489.38
2026-01-25 22:30:00,11.355,11.403,11.332,11.398,1561.05
2026-01-25 22:45:00,11.399,11.399,11.341,11.381,1138.90
2026-01-25 23:00:00,11.385,11.434,11.334,11.429,6207.03
2026-01-25 23:15:00,11.421,11.48,11.416,11.449,5763.14
2026-01-25 23:30:00,11.457,11.47,11.428,11.454,10544.73
2026-01-25 23:45:00,11.465,11.507,11.465,11.488,1847.25
2026-01-26 00:00:00,11.488,11.523,11.46,11.523,6462.10
2026-01-26 00:15:00,11.518,11.551,11.504,11.517,6875.81
2026-01-26 00:30:00,11.514,11.515,11.468,11.472,5935.51
2026-01-26 00:45:00,11.475,11.569,11.467,11.561,3221.55
2026-01-26 01:00:00,11.568,11.699,11.566,11.677,4746.71
2026-01-26 01:15:00,11.673,11.711,11.664,11.679,2164.33
2026-01-26 01:30:00,11.679,11.712,11.676,11.695,2413.15
2026-01-26 01:45:00,11.704,11.74,11.69,11.709,8284.03
2026-01-26 02:00:00,11.709,11.711,11.608,11.616,5550.84
2026-01-26 02:15:00,11.62,11.666,11.606,11.666,1811.51
2026-01-26 02:30:00,11.651,11.67,11.621,11.621,374.95
2026-01-26 02:45:00,11.617,11.639,11.604,11.613,749.74
2026-01-26 03:00:00,11.613,11.641,11.6,11.6,473.79
2026-01-26 03:15:00,11.596,11.612,11.562,11.562,1596.51
2026-01-26 03:30:00,11.566,11.566,11.522,11.528,25951.68
2026-01-26 03:45:00,11.533,11.533,11.495,11.523,2398.85
2026-01-26 04:00:00,11.534,11.557,11.523,11.557,1700.13
2026-01-26 04:15:00,11.554,11.645,11.551,11.625,3038.77
2026-01-26 04:30:00,11.634,11.64,11.586,11.586,1955.39
2026-01-26 04:45:00,11.584,11.601,11.577,11.587,692.45
2026-01-26 05:00:00,11.597,11.597,11.571,11.585,1885.98
2026-01-26 05:15:00,11.592,11.606,11.586,11.605,1380.98
2026-01-26 05:30:00,11.604,11.609,11.581,11.6,662.63
2026-01-26 05:45:00,11.591,11.616,11.591,11.607,548.36
2026-01-26 06:00:00,11.598,11.599,11.571,11.577,480.68
2026-01-26 06:15:00,11.576,11.615,11.576,11.613,582.22
2026-01-26 06:30:00,11.618,11.634,11.596,11.634,649.77
2026-01-26 06:45:00,11.646,11.681,11.646,11.662,352.08
2026-01-26 07:00:00,11.675,11.676,11.64,11.675,979.68
2026-01-26 07:15:00,11.674,11.7,11.646,11.646,1051.69
2026-01-26 07:30:00,11.653,11.668,11.631,11.657,1118.18
2026-01-26 07:45:00,11.662,11.693,11.653,11.68,694.10
2026-01-26 08:00:00,11.683,11.689,11.666,11.666,1331.04
2026-01-26 08:15:00,11.674,11.772,11.664,11.729,2177.69
2026-01-26 08:30:00,11.731,11.738,11.699,11.702,1458.91
2026-01-26 08:45:00,11.695,11.702,11.683,11.688,191.40
2026-01-26 09:00:00,11.688,11.688,11.626,11.626,2417.56
2026-01-26 09:15:00,11.627,11.637,11.616,11.616,3191.23
2026-01-26 09:30:00,11.621,11.641,11.601,11.641,1857.47
2026-01-26 09:45:00,11.635,11.639,11.6,11.604,705.26
2026-01-26 10:00:00,11.604,11.653,11.601,11.647,35949.95
2026-01-26 10:15:00,11.647,11.66,11.638,11.66,1910.19
2026-01-26 10:30:00,11.66,11.664,11.642,11.645,537.96
2026-01-26 10:45:00,11.644,11.655,11.644,11.649,523.33
2026-01-26 11:00:00,11.654,11.687,11.65,11.687,1397.82
2026-01-26 11:15:00,11.688,11.688,11.662,11.668,413.27
2026-01-26 11:30:00,11.665,11.666,11.655,11.655,1302.64
2026-01-26 11:45:00,11.655,11.662,11.644,11.652,3033.58
2026-01-26 12:00:00,11.653,11.689,11.653,11.678,4645.73
2026-01-26 12:15:00,11.685,11.692,11.664,11.664,1106.15
2026-01-26 12:30:00,11.665,11.665,11.646,11.65,323.96
2026-01-26 12:45:00,11.644,11.658,11.644,11.656,1019.90
2026-01-26 13:00:00,11.658,11.701,11.658,11.696,1296.21
2026-01-26 13:15:00,11.702,11.723,11.694,11.71,557.70
2026-01-26 13:30:00,11.71,11.73,11.704,11.71,1732.84
2026-01-26 13:45:00,11.713,11.722,11.698,11.712,1969.82
2026-01-26 14:00:00,11.713,11.724,11.654,11.657,4950.85
2026-01-26 14:15:00,11.657,11.68,11.655,11.658,1335.63
2026-01-26 14:30:00,11.659,11.811,11.633,11.757,13075.93
2026-01-26 14:45:00,11.77,11.795,11.736,11.788,4464.75
2026-01-26 15:00:00,11.788,11.902,11.769,11.888,11270.19
2026-01-26 15:15:00,11.894,11.906,11.844,11.85,8991.84
2026-01-26 15:30:00,11.844,11.863,11.698,11.712,10776.65
2026-01-26 15:45:00,11.716,11.767,11.704,11.743,5248.35
2026-01-26 16:00:00,11.75,11.795,11.721,11.743,3653.55
2026-01-26 16:15:00,11.736,11.781,11.682,11.736,4467.27
2026-01-26 16:30:00,11.739,11.764,11.688,11.69,892.88
2026-01-26 16:45:00,11.696,11.787,11.687,11.747,2662.98
2026-01-26 17:00:00,11.743,11.771,11.695,11.712,2234.49
2026-01-26 17:15:00,11.714,11.726,11.646,11.666,7899.53
2026-01-26 17:30:00,11.648,11.697,11.613,11.691,6511.30
2026-01-26 17:45:00,11.694,11.717,11.679,11.697,1179.62
2026-01-26 18:00:00,11.699,11.731,11.687,11.709,1715.29
2026-01-26 18:15:00,11.707,11.752,11.689,11.746,3261.66
2026-01-26 18:30:00,11.754,11.801,11.715,11.715,3001.12
2026-01-26 18:45:00,11.718,11.764,11.718,11.764,1632.10
2026-01-26 19:00:00,11.772,11.797,11.753,11.76,57379.32
2026-01-26 19:15:00,11.767,11.77,11.725,11.725,2897.94
2026-01-26 19:30:00,11.722,11.745,11.72,11.734,2481.68
2026-01-26 19:45:00,11.73,11.739,11.685,11.693,1423.17
2026-01-26 20:00:00,11.693,11.715,11.683,11.686,2000.76
2026-01-26 20:15:00,11.686,11.714,11.662,11.696,1745.68
2026-01-26 20:30:00,11.697,11.701,11.657,11.657,2183.82
2026-01-26 20:45:00,11.665,11.665,11.621,11.644,1450.06
2026-01-26 21:00:00,11.646,11.665,11.627,11.665,4754.65
2026-01-26 21:15:00,11.67,11.678,11.652,11.678,597.44
2026-01-26 21:30:00,11.682,11.787,11.682,11.766,7665.01
2026-01-26 21:45:00,11.77,11.78,11.747,11.753,5076.15
2026-01-26 22:00:00,11.755,11.776,11.745,11.745,2718.69
2026-01-26 22:15:00,11.75,11.756,11.718,11.727,670.89
2026-01-26 22:30:00,11.725,11.764,11.719,11.742,631.50
2026-01-26 22:45:00,11.74,11.762,11.739,11.746,1157.73
2026-01-26 23:00:00,11.731,11.731,11.701,11.715,2797.47
2026-01-26 23:15:00,11.715,11.742,11.709,11.742,1545.17
2026-01-26 23:30:00,11.741,11.772,11.741,11.742,1323.88
2026-01-26 23:45:00,11.741,11.744,11.714,11.714,2191.42
2026-01-27 00:00:00,11.713,11.715,11.687,11.69,3683.03
2026-01-27 00:15:00,11.69,11.73,11.69,11.719,2413.87
2026-01-27 00:30:00,11.708,11.715,11.696,11.71,619.83
2026-01-27 00:45:00,11.708,11.732,11.703,11.719,963.17
2026-01-27 01:00:00,11.719,11.719,11.686,11.694,1547.73
2026-01-27 01:15:00,11.695,11.747,11.691,11.747,1166.17
2026-01-27 01:30:00,11.738,11.77,11.736,11.766,467.56
2026-01-27 01:45:00,11.765,11.801,11.758,11.763,2648.04
2026-01-27 02:00:00,11.765,11.829,11.765,11.81,1769.46
2026-01-27 02:15:00,11.807,11.807,11.778,11.787,231.80
2026-01-27 02:30:00,11.786,11.835,11.778,11.812,992.23
2026-01-27 02:45:00,11.812,11.841,11.812,11.832,1058.70
2026-01-27 03:00:00,11.832,11.833,11.766,11.768,819.21
2026-01-27 03:15:00,11.771,11.781,11.764,11.778,323.60
2026-01-27 03:30:00,11.777,11.805,11.771,11.791,233.25
2026-01-27 03:45:00,11.794,11.794,11.773,11.776,338.79
2026-01-27 04:00:00,11.775,11.832,11.774,11.809,1469.88
2026-01-27 04:15:00,11.816,11.816,11.785,11.792,323.76
2026-01-27 04:30:00,11.796,11.796,11.771,11.771,1137.63
2026-01-27 04:45:00,11.773,11.778,11.754,11.76,268.30
2026-01-27 05:00:00,11.764,11.78,11.762,11.776,509.44
2026-01-27 05:15:00,11.767,11.767,11.744,11.759,564.67
2026-01-27 05:30:00,11.761,11.761,11.747,11.757,88.74
2026-01-27 05:45:00,11.755,11.761,11.746,11.757,194.34
2026-01-27 06:00:00,11.754,11.766,11.753,11.761,399.61
2026-01-27 06:15:00,11.76,11.762,11.745,11.745,306.28
2026-01-27 06:30:00,11.74,11.742,11.721,11.721,12767.69
2026-01-27 06:45:00,11.718,11.725,11.717,11.723,532.31
2026-01-27 07:00:00,11.725,11.749,11.723,11.747,424.04
2026-01-27 07:15:00,11.748,11.768,11.738,11.768,434.76
2026-01-27 07:30:00,11.772,11.802,11.772,11.791,1816.83
2026-01-27 07:45:00,11.788,11.788,11.736,11.747,49956.16
2026-01-27 08:00:00,11.747,11.778,11.747,11.757,4598.46
2026-01-27 08:15:00,11.768,11.768,11.752,11.76,973.01
2026-01-27 08:30:00,11.765,11.771,11.751,11.765,1662.48
2026-01-27 08:45:00,11.761,11.766,11.744,11.753,1658.70
2026-01-27 09:00:00,11.748,11.748,11.707,11.708,1873.90
2026-01-27 09:15:00,11.708,11.708,11.676,11.691,3459.80
2026-01-27 09:30:00,11.692,11.715,11.689,11.711,2973.49
2026-01-27 09:45:00,11.711,11.711,11.684,11.685,2835.93
2026-01-27 10:00:00,11.683,11.715,11.681,11.711,4779.09
2026-01-27 10:15:00,11.715,11.72,11.704,11.705,596.44
2026-01-27 10:30:00,11.697,11.697,11.671,11.68,1389.15
2026-01-27 10:45:00,11.683,11.684,11.66,11.668,23526.29
2026-01-27 11:00:00,11.667,11.669,11.646,11.658,2059.16
2026-01-27 11:15:00,11.662,11.675,11.661,11.661,966.85
2026-01-27 11:30:00,11.663,11.688,11.662,11.687,1089.69
2026-01-27 11:45:00,11.688,11.688,11.673,11.675,1141.00
2026-01-27 12:00:00,11.671,11.685,11.669,11.685,1372.75
2026-01-27 12:15:00,11.685,11.693,11.683,11.688,716.96
2026-01-27 12:30:00,11.684,11.693,11.665,11.665,922.94
2026-01-27 12:45:00,11.665,11.684,11.665,11.684,783.62
2026-01-27 13:00:00,11.685,11.685,11.666,11.667,740.49
2026-01-27 13:15:00,11.666,11.667,11.616,11.623,909.39
2026-01-27 13:30:00,11.61,11.663,11.604,11.653,764.89
2026-01-27 13:45:00,11.642,11.642,11.608,11.622,1076.66
2026-01-27 14:00:00,11.622,11.682,11.619,11.682,1387.79
2026-01-27 14:15:00,11.691,11.738,11.691,11.691,2517.31
2026-01-27 14:30:00,11.691,11.703,11.606,11.614,3010.69
2026-01-27 14:45:00,11.615,11.637,11.589,11.614,4462.70
2026-01-27 15:00:00,11.618,11.696,11.598,11.657,6463.51
2026-01-27 15:15:00,11.656,11.664,11.593,11.593,3265.80
2026-01-27 15:30:00,11.593,11.629,11.581,11.616,7232.02
2026-01-27 15:45:00,11.624,11.72,11.624,11.709,1068.38
2026-01-27 16:00:00,11.711,11.865,11.704,11.842,12357.47
2026-01-27 16:15:00,11.85,11.902,11.797,11.802,6446.01
2026-01-27 16:30:00,11.818,11.938,11.817,11.93,8468.54
2026-01-27 16:45:00,11.932,11.944,11.871,11.889,3656.49
2026-01-27 17:00:00,11.895,11.911,11.727,11.727,6564.68
2026-01-27 17:15:00,11.72,11.72,11.616,11.681,4898.21
2026-01-27 17:30:00,11.676,11.707,11.572,11.589,1388.62
2026-01-27 17:45:00,11.584,11.622,11.574,11.622,2567.98
2026-01-27 18:00:00,11.624,11.692,11.607,11.655,3111.01
2026-01-27 18:15:00,11.667,11.677,11.644,11.669,901.87
2026-01-27 18:30:00,11.68,11.726,11.679,11.711,52334.74
2026-01-27 18:45:00,11.712,11.878,11.712,11.835,5332.71
2026-01-27 19:00:00,11.832,11.844,11.798,11.844,6646.46
2026-01-27 19:15:00,11.843,11.856,11.814,11.829,3627.69
2026-01-27 19:30:00,11.83,11.883,11.807,11.88,458.96
2026-01-27 19:45:00,11.871,11.888,11.842,11.843,221.00
2026-01-27 20:00:00,11.848,11.908,11.845,11.905,5159.24
2026-01-27 20:15:00,11.91,12.015,11.902,12.003,5568.82
2026-01-27 20:30:00,12.011,12.027,11.96,11.963,3579.42
2026-01-27 20:45:00,11.97,12.132,11.97,12.086,13791.31
2026-01-27 21:00:00,12.075,12.098,12.057,12.083,2188.72
2026-01-27 21:15:00,12.084,12.106,12.049,12.061,1226.84
2026-01-27 21:30:00,12.065,12.069,12.017,12.028,7474.93
2026-01-27 21:45:00,12.033,12.049,12.013,12.026,225.70
2026-01-27 22:00:00,12.031,12.093,12.031,12.088,1910.74
2026-01-27 22:15:00,12.09,12.106,12.053,12.058,764.88
2026-01-27 22:30:00,12.058,12.134,12.058,12.115,1004.14
2026-01-27 22:45:00,12.111,12.113,12.084,12.09,1162.71
2026-01-27 23:00:00,12.094,12.11,12.077,12.106,3284.99
2026-01-27 23:15:00,12.111,12.127,12.099,12.124,352.88
2026-01-27 23:30:00,12.136,12.156,12.121,12.137,1749.97
2026-01-27 23:45:00,12.14,12.193,12.124,12.124,1615.29
2026-01-28 00:00:00,12.129,12.162,12.128,12.15,7162.76
2026-01-28 00:15:00,12.151,12.159,12.134,12.14,2216.95
2026-01-28 00:30:00,12.133,12.136,12.059,12.086,52668.81
2026-01-28 00:45:00,12.09,12.137,12.076,12.137,906.25
2026-01-28 01:00:00,12.127,12.16,12.099,12.1,1776.79
2026-01-28 01:15:00,12.101,12.121,12.081,12.089,864.96
2026-01-28 01:30:00,12.099,12.104,12.068,12.092,5222.93
2026-01-28 01:45:00,12.092,12.12,12.089,12.108,1801.81
2026-01-28 02:00:00,12.105,12.11,12.029,12.033,4070.89
2026-01-28 02:15:00,12.03,12.065,12.023,12.057,2120.71
2026-01-28 02:30:00,12.055,12.077,12.03,12.039,1374.77
2026-01-28 02:45:00,12.042,12.067,12.02,12.065,3283.35
2026-01-28 03:00:00,12.064,12.09,12.055,12.061,2563.40
2026-01-28 03:15:00,12.061,12.063,12.043,12.055,786.70
2026-01-28 03:30:00,12.052,12.079,12.038,12.053,612.51
2026-01-28 03:45:00,12.06,12.065,12.046,12.057,809.49
2026-01-28 04:00:00,12.056,12.072,12.031,12.039,1271.73
2026-01-28 04:15:00,12.04,12.04,12.014,12.016,312.22
2026-01-28 04:30:00,12.029,12.039,12.015,12.015,652.38
2026-01-28 04:45:00,12.019,12.042,12.015,12.039,638.82
2026-01-28 05:00:00,12.05,12.08,12.037,12.039,873.63
2026-01-28 05:15:00,12.03,12.049,12.03,12.039,3857.94
2026-01-28 05:30:00,12.04,12.1,12.04,12.085,314.04
2026-01-28 05:45:00,12.071,12.088,12.071,12.084,1121.78
2026-01-28 06:00:00,12.104,12.137,12.104,12.125,805.11
2026-01-28 06:15:00,12.125,12.13,12.092,12.095,640.28
2026-01-28 06:30:00,12.107,12.119,12.073,12.075,1068.68
2026-01-28 06:45:00,12.073,12.148,12.069,12.142,2093.31
2026-01-28 07:00:00,12.138,12.14,12.108,12.108,634.30
2026-01-28 07:15:00,12.106,12.106,12.086,12.1,267.55
2026-01-28 07:30:00,12.096,12.096,12.069,12.086,166.62
2026-01-28 07:45:00,12.088,12.092,12.063,12.071,534.45
2026-01-28 08:00:00,12.074,12.086,12.067,12.086,1984.76
2026-01-28 08:15:00,12.086,12.09,12.052,12.053,3516.84
2026-01-28 08:30:00,12.053,12.056,12.02,12.042,920.20
2026-01-28 08:45:00,12.035,12.058,12.025,12.045,564.50
2026-01-28 09:00:00,12.048,12.058,12.038,12.038,2350.38
2026-01-28 09:15:00,12.035,12.042,12.027,12.039,1935.42
2026-01-28 09:30:00,12.039,12.147,12.038,12.134,3880.18
2026-01-28 09:45:00,12.136,12.146,12.115,12.142,884.42
2026-01-28 10:00:00,12.163,12.174,12.139,12.174,1741.22
2026-01-28 10:15:00,12.182,12.218,12.134,12.137,3162.93
2026-01-28 10:30:00,12.138,12.169,12.138,12.169,2587.70
2026-01-28 10:45:00,12.162,12.167,12.148,12.161,3919.58
2026-01-28 11:00:00,12.162,12.179,12.146,12.148,331.83
2026-01-28 11:15:00,12.154,12.164,12.142,12.152,321.43
2026-01-28 11:30:00,12.147,12.155,12.118,12.155,1631.95
2026-01-28 11:45:00,12.159,12.243,12.155,12.226,2021.24
2026-01-28 12:00:00,12.234,12.277,12.21,12.21,3637.18
2026-01-28 12:15:00,12.21,12.21,12.157,12.165,1870.63
2026-01-28 12:30:00,12.171,12.171,12.131,12.131,5082.59
2026-01-28 12:45:00,12.141,12.156,12.116,12.152,1603.05
2026-01-28 13:00:00,12.15,12.215,12.145,12.19,4165.60
2026-01-28 13:15:00,12.184,12.206,12.169,12.188,154.01
2026-01-28 13:30:00,12.201,12.228,12.169,12.198,847.24
2026-01-28 13:45:00,12.174,12.182,12.143,12.149,1471.37
2026-01-28 14:00:00,12.147,12.153,12.107,12.112,639.97
2026-01-28 14:15:00,12.115,12.115,12.053,12.081,1160.71
2026-01-28 14:30:00,12.076,12.128,12.073,12.097,4282.61
2026-01-28 14:45:00,12.089,12.102,12.05,12.074,3572.75
2026-01-28 15:00:00,12.074,12.106,11.972,11.978,6041.08
2026-01-28 15:15:00,11.998,12.023,11.942,12.002,4501.63
2026-01-28 15:30:00,12.001,12.036,11.997,12.035,1845.22
2026-01-28 15:45:00,12.041,12.041,11.995,12.003,2004.87
2026-01-28 16:00:00,12.004,12.007,11.947,11.954,3262.27
2026-01-28 16:15:00,11.954,12.03,11.954,12.03,2631.39
2026-01-28 16:30:00,12.03,12.041,11.966,11.981,6377.16
2026-01-28 16:45:00,11.988,12.032,11.986,12.008,2148.66
2026-01-28 17:00:00,12.008,12.036,12.001,12.02,1581.08
2026-01-28 17:15:00,12.025,12.028,11.977,11.99,2458.78
2026-01-28 17:30:00,11.982,12.032,11.918,12.018,4371.83
2026-01-28 17:45:00,12.023,12.129,12.021,12.079,2306.84
2026-01-28 18:00:00,12.074,12.074,11.992,12.035,2672.07
2026-01-28 18:15:00,12.026,12.059,12.011,12.018,779.28
2026-01-28 18:30:00,12.014,12.031,11.998,12.016,751.04
2026-01-28 18:45:00,12.009,12.03,11.989,12.029,1590.82
2026-01-28 19:00:00,12.024,12.068,11.987,12.011,3800.15
2026-01-28 19:15:00,12.019,12.045,12.014,12.045,1485.90
2026-01-28 19:30:00,12.011,12.044,11.973,11.973,1582.79
2026-01-28 19:45:00,11.984,12.082,11.984,12.057,436.81
2026-01-28 20:00:00,12.048,12.09,12.044,12.083,7311.33
2026-01-28 20:15:00,12.082,12.178,12.076,12.15,2446.06
2026-01-28 20:30:00,12.135,12.136,12.041,12.048,879.68
2026-01-28 20:45:00,12.05,12.06,12.019,12.046,956.24
2026-01-28 21:00:00,12.042,12.063,11.963,12.043,31624.46
2026-01-28 21:15:00,12.034,12.068,12.034,12.04,375.72
2026-01-28 21:30:00,12.033,12.068,12.001,12.068,10152.99
2026-01-28 21:45:00,12.06,12.096,12.047,12.069,16382.36
2026-01-28 22:00:00,12.07,12.076,12.049,12.057,740.20
2026-01-28 22:15:00,12.053,12.071,12.021,12.071,857.32
2026-01-28 22:30:00,12.073,12.101,12.068,12.089,323.25
2026-01-28 22:45:00,12.087,12.118,12.087,12.118,3665.53
2026-01-28 23:00:00,12.124,12.147,12.09,12.105,8143.89
2026-01-28 23:15:00,12.098,12.128,12.076,12.081,3457.34
2026-01-28 23:30:00,12.093,12.093,12.062,12.066,194.59
2026-01-28 23:45:00,12.075,12.081,12.061,12.069,292.99
2026-01-29 00:00:00,12.07,12.085,12.03,12.03,2257.59
2026-01-29 00:15:00,12.019,12.034,12.004,12.004,2668.75
2026-01-29 00:30:00,12.006,12.021,11.956,11.956,6825.67
2026-01-29 00:45:00,11.957,12.01,11.95,12.009,1986.97
2026-01-29 01:00:00,12.01,12.037,12.006,12.029,1339.57
2026-01-29 01:15:00,12.013,12.013,11.903,11.98,2648.29
2026-01-29 01:30:00,11.965,11.974,11.942,11.96,854.30
2026-01-29 01:45:00,11.959,11.968,11.914,11.919,349.23
2026-01-29 02:00:00,11.917,11.973,11.911,11.955,1832.08
2026-01-29 02:15:00,11.966,11.966,11.924,11.946,925.99
2026-01-29 02:30:00,11.935,11.935,11.782,11.82,39377.07
2026-01-29 02:45:00,11.806,11.806,11.736,11.782,5997.06
2026-01-29 03:00:00,11.783,11.859,11.758,11.842,4291.64
2026-01-29 03:15:00,11.835,11.837,11.778,11.781,1043.45
2026-01-29 03:30:00,11.774,11.788,11.765,11.783,149.70
2026-01-29 03:45:00,11.798,11.8,11.774,11.783,2045.52
2026-01-29 04:00:00,11.772,11.781,11.695,11.695,2234.35
2026-01-29 04:15:00,11.706,11.736,11.682,11.736,2152.72
2026-01-29 04:30:00,11.746,11.768,11.738,11.768,807.20
2026-01-29 04:45:00,11.765,11.798,11.765,11.787,625.83
2026-01-29 05:00:00,11.783,11.813,11.776,11.792,7204.76
2026-01-29 05:15:00,11.795,11.825,11.795,11.808,899.83
2026-01-29 05:30:00,11.805,11.819,11.785,11.788,775.18
2026-01-29 05:45:00,11.788,11.801,11.778,11.787,1192.10
2026-01-29 06:00:00,11.786,11.805,11.781,11.783,830.73
2026-01-29 06:15:00,11.79,11.822,11.79,11.811,1387.40
2026-01-29 06:30:00,11.82,11.835,11.801,11.826,8742.02
2026-01-29 06:45:00,11.82,11.828,11.796,11.828,414.12
2026-01-29 07:00:00,11.821,11.855,11.821,11.83,4698.59
2026-01-29 07:15:00,11.825,11.843,11.806,11.806,128.00
2026-01-29 07:30:00,11.806,11.824,11.806,11.815,395.92
2026-01-29 07:45:00,11.815,11.829,11.783,11.783,2062.38
2026-01-29 08:00:00,11.781,11.781,11.738,11.738,2153.55
2026-01-29 08:15:00,11.742,11.807,11.731,11.804,558.46
2026-01-29 08:30:00,11.804,11.804,11.747,11.758,1242.14
2026-01-29 08:45:00,11.757,11.768,11.733,11.744,1656.26
2026-01-29 09:00:00,11.74,11.767,11.737,11.738,699.72
2026-01-29 09:15:00,11.739,11.741,11.725,11.725,1306.30
2026-01-29 09:30:00,11.722,11.752,11.722,11.737,3265.28
2026-01-29 09:45:00,11.735,11.738,11.725,11.727,131.31
2026-01-29 10:00:00,11.72,11.729,11.709,11.723,1465.02
2026-01-29 10:15:00,11.721,11.728,11.716,11.717,416.77
2026-01-29 10:30:00,11.712,11.712,11.7,11.702,1048.05
2026-01-29 10:45:00,11.7,11.709,11.693,11.708,1576.47
2026-01-29 11:00:00,11.696,11.696,11.669,11.685,1261.98
2026-01-29 11:15:00,11.686,11.687,11.633,11.64,655.75
2026-01-29 11:30:00,11.636,11.656,11.633,11.649,1055.04
2026-01-29 11:45:00,11.649,11.672,11.64,11.66,2681.07
2026-01-29 12:00:00,11.645,11.655,11.637,11.637,1035.47
2026-01-29 12:15:00,11.636,11.655,11.627,11.628,3668.16
2026-01-29 12:30:00,11.622,11.635,11.529,11.562,10001.88
2026-01-29 12:45:00,11.555,11.564,11.523,11.545,2934.12
2026-01-29 13:00:00,11.54,11.57,11.532,11.554,1243.36
2026-01-29 13:15:00,11.556,11.564,11.539,11.561,1360.60
2026-01-29 13:30:00,11.553,11.575,11.539,11.539,6521.60
2026-01-29 13:45:00,11.541,11.585,11.54,11.585,14355.37
2026-01-29 14:00:00,11.591,11.6,11.57,11.57,1789.48
2026-01-29 14:15:00,11.573,11.596,11.534,11.534,1627.83
2026-01-29 14:30:00,11.525,11.567,11.484,11.494,23850.79
2026-01-29 14:45:00,11.484,11.486,11.158,11.162,35691.48
2026-01-29 15:00:00,11.168,11.168,10.908,10.95,96962.51
2026-01-29 15:15:00,10.95,11.029,10.919,11.003,23362.05
2026-01-29 15:30:00,11.001,11.03,10.875,10.895,30714.43
2026-01-29 15:45:00,10.893,11.045,10.862,10.988,13220.41
2026-01-29 16:00:00,10.98,10.98,10.93,10.967,11751.27
2026-01-29 16:15:00,10.987,10.995,10.946,10.952,10952.92
2026-01-29 16:30:00,10.947,10.994,10.947,10.989,3934.38
2026-01-29 16:45:00,10.987,11.014,10.981,11.014,5067.66
2026-01-29 17:00:00,11.008,11.105,11.008,11.094,5487.16
2026-01-29 17:15:00,11.095,11.157,11.055,11.055,6275.02
2026-01-29 17:30:00,11.064,11.096,11.016,11.026,3418.84
2026-01-29 17:45:00,11.028,11.036,10.994,11.002,1418.15
2026-01-29 18:00:00,10.997,11.027,10.988,11.008,2936.05
2026-01-29 18:15:00,11.001,11.008,10.884,10.923,22731.97
2026-01-29 18:30:00,10.923,10.958,10.87,10.928,16707.96
2026-01-29 18:45:00,10.934,10.934,10.79,10.805,13712.61
2026-01-29 19:00:00,10.806,10.856,10.804,10.85,3099.80
2026-01-29 19:15:00,10.853,10.905,10.853,10.905,5342.40
2026-01-29 19:30:00,10.912,11.005,10.912,10.994,9509.18
2026-01-29 19:45:00,11.005,11.014,10.977,10.977,7144.89
2026-01-29 20:00:00,10.963,10.991,10.962,10.963,19071.25
2026-01-29 20:15:00,10.963,11.013,10.963,10.99,1790.68
2026-01-29 20:30:00,10.991,11.002,10.975,10.991,1981.06
2026-01-29 20:45:00,10.982,11.04,10.982,11.028,2299.29
2026-01-29 21:00:00,11.029,11.056,11.029,11.043,2846.70
2026-01-29 21:15:00,11.039,11.042,11.014,11.026,1027.24
2026-01-29 21:30:00,11.03,11.037,11.01,11.033,1849.04
2026-01-29 21:45:00,11.032,11.064,11.021,11.033,2174.39
2026-01-29 22:00:00,11.031,11.048,10.999,10.999,1132.42
2026-01-29 22:15:00,11.0,11.022,10.994,11.022,2220.81
2026-01-29 22:30:00,11.023,11.026,11.015,11.024,517.85
2026-01-29 22:45:00,11.017,11.032,11.016,11.021,1251.49
2026-01-29 23:00:00,11.019,11.028,10.995,11.008,681.51
2026-01-29 23:15:00,11.006,11.03,11.003,11.012,759.86
2026-01-29 23:30:00,11.023,11.04,11.019,11.039,963.10
2026-01-29 23:45:00,11.041,11.041,11.026,11.038,517.27
2026-01-30 00:00:00,11.036,11.058,11.035,11.05,5568.90
2026-01-30 00:15:00,11.04,11.051,11.026,11.037,1990.32
2026-01-30 00:30:00,11.037,11.077,11.024,11.062,470.28
2026-01-30 00:45:00,11.061,11.072,11.051,11.06,393.40
2026-01-30 01:00:00,11.057,11.072,11.038,11.07,1377.81
2026-01-30 01:15:00,11.069,11.083,11.022,11.058,6235.45
2026-01-30 01:30:00,11.048,11.076,10.707,10.82,59364.48
2026-01-30 01:45:00,10.821,10.974,10.805,10.949,90240.93
2026-01-30 02:00:00,10.953,10.962,10.895,10.904,5683.91
2026-01-30 02:15:00,10.902,10.909,10.763,10.799,5630.00
2026-01-30 02:30:00,10.796,10.938,10.769,10.92,8739.48
2026-01-30 02:45:00,10.938,10.946,10.878,10.906,1439.26
2026-01-30 03:00:00,10.914,10.968,10.892,10.968,2327.78
2026-01-30 03:15:00,10.952,10.953,10.911,10.924,2055.67
2026-01-30 03:30:00,10.925,10.935,10.912,10.917,226.33
2026-01-30 03:45:00,10.918,10.925,10.902,10.919,515.64
2026-01-30 04:00:00,10.919,10.971,10.919,10.942,1826.35
2026-01-30 04:15:00,10.945,11.009,10.941,10.988,5426.90
2026-01-30 04:30:00,10.985,10.992,10.956,10.97,235.80
2026-01-30 04:45:00,10.977,10.992,10.964,10.967,1805.74
2026-01-30 05:00:00,10.969,10.979,10.956,10.956,1505.78
2026-01-30 05:15:00,10.965,10.983,10.948,10.983,557.27
2026-01-30 05:30:00,10.973,10.973,10.943,10.948,1863.85
2026-01-30 05:45:00,10.947,10.962,10.945,10.95,1124.25
2026-01-30 06:00:00,10.946,10.946,10.898,10.9,474.16
2026-01-30 06:15:00,10.897,10.9,10.795,10.8,1734.47
2026-01-30 06:30:00,10.802,10.815,10.762,10.775,1846.73
2026-01-30 06:45:00,10.759,10.819,10.725,10.784,3304.82
2026-01-30 07:00:00,10.788,10.966,10.788,10.966,3828.94
2026-01-30 07:15:00,10.963,10.981,10.925,10.93,1504.36
2026-01-30 07:30:00,10.926,10.926,10.884,10.91,5295.22
2026-01-30 07:45:00,10.907,10.964,10.906,10.954,7281.55
2026-01-30 08:00:00,10.946,10.957,10.921,10.95,5154.69
2026-01-30 08:15:00,10.953,10.964,10.924,10.924,4355.38
2026-01-30 08:30:00,10.923,10.923,10.849,10.889,3748.51
2026-01-30 08:45:00,10.888,10.907,10.873,10.878,2126.90
2026-01-30 09:00:00,10.883,10.914,10.877,10.878,1884.20
2026-01-30 09:15:00,10.876,10.884,10.81,10.819,2315.52
2026-01-30 09:30:00,10.831,10.887,10.828,10.879,2678.24
2026-01-30 09:45:00,10.876,10.876,10.801,10.847,3966.00
2026-01-30 10:00:00,10.846,10.864,10.818,10.852,2768.85
2026-01-30 10:15:00,10.854,10.902,10.836,10.889,3231.27
2026-01-30 10:30:00,10.887,10.9,10.85,10.858,767.38
2026-01-30 10:45:00,10.863,10.927,10.861,10.927,849.25
2026-01-30 11:00:00,10.926,10.947,10.919,10.938,1146.48
2026-01-30 11:15:00,10.942,10.945,10.922,10.929,410.46
2026-01-30 11:30:00,10.925,10.971,10.921,10.952,658.59
2026-01-30 11:45:00,10.954,11.043,10.915,11.0,3060.49
2026-01-30 12:00:00,11.007,11.016,10.952,10.968,2549.94
2026-01-30 12:15:00,10.965,10.975,10.931,10.954,563.72
2026-01-30 12:30:00,10.96,10.967,10.942,10.951,368.15
2026-01-30 12:45:00,10.945,10.962,10.934,10.951,1632.63
2026-01-30 13:00:00,10.954,10.963,10.888,10.91,2015.77
2026-01-30 13:15:00,10.905,10.917,10.89,10.909,1309.99
2026-01-30 13:30:00,10.912,10.944,10.83,10.895,22704.63
2026-01-30 13:45:00,10.877,10.88,10.847,10.871,948.38
2026-01-30 14:00:00,10.881,10.957,10.881,10.933,6457.87
2026-01-30 14:15:00,10.93,10.939,10.914,10.916,5413.49
2026-01-30 14:30:00,10.928,11.005,10.887,10.989,8206.87
2026-01-30 14:45:00,10.995,11.006,10.908,10.941,8810.47
2026-01-30 15:00:00,10.948,11.002,10.937,10.943,4646.54
2026-01-30 15:15:00,10.948,10.972,10.851,10.851,2971.82
2026-01-30 15:30:00,10.85,10.964,10.801,10.948,5661.43
2026-01-30 15:45:00,10.939,10.955,10.914,10.935,1751.48
2026-01-30 16:00:00,10.924,10.96,10.895,10.96,4243.93
2026-01-30 16:15:00,10.953,10.976,10.866,10.952,4383.38
2026-01-30 16:30:00,10.941,11.002,10.93,10.983,2356.72
2026-01-30 16:45:00,10.963,10.964,10.936,10.941,347.99
2026-01-30 17:00:00,10.95,10.95,10.87,10.895,9427.64
2026-01-30 17:15:00,10.885,10.997,10.885,10.979,6460.21
2026-01-30 17:30:00,10.976,10.98,10.937,10.95,3284.60
2026-01-30 17:45:00,10.954,10.961,10.922,10.922,3587.35
2026-01-30 18:00:00,10.927,10.956,10.865,10.875,4674.67
2026-01-30 18:15:00,10.88,10.88,10.63,10.782,23008.54
2026-01-30 18:30:00,10.789,10.918,10.745,10.918,11697.87
2026-01-30 18:45:00,10.927,11.029,10.899,11.002,10971.21
2026-01-30 19:00:00,10.998,11.041,10.988,11.01,11411.17
2026-01-30 19:15:00,11.017,11.036,11.011,11.034,2382.25
2026-01-30 19:30:00,11.018,11.031,10.978,10.995,852.42
2026-01-30 19:45:00,10.993,11.031,10.99,11.0,358.68
2026-01-30 20:00:00,10.993,10.994,10.908,10.934,4219.60
2026-01-30 20:15:00,10.938,10.968,10.867,10.91,7089.28
2026-01-30 20:30:00,10.907,10.945,10.818,10.897,62985.66
2026-01-30 20:45:00,10.901,10.901,10.84,10.855,1798.61
2026-01-30 21:00:00,10.858,10.871,10.818,10.855,8457.45
2026-01-30 21:15:00,10.861,10.938,10.859,10.89,1805.65
2026-01-30 21:30:00,10.883,10.918,10.85,10.865,596.01
2026-01-30 21:45:00,10.872,10.929,10.867,10.925,1295.38
2026-01-30 22:00:00,10.913,10.925,10.877,10.877,1188.61
2026-01-30 22:15:00,10.876,10.876,10.84,10.846,516.28
2026-01-30 22:30:00,10.852,10.901,10.852,10.885,348.76
2026-01-30 22:45:00,10.884,10.9,10.878,10.889,1587.88
2026-01-30 23:00:00,10.89,10.891,10.86,10.871,1036.80
2026-01-30 23:15:00,10.871,10.882,10.835,10.847,774.23
2026-01-30 23:30:00,10.851,10.89,10.84,10.89,145.21
2026-01-30 23:45:00,10.892,10.898,10.867,10.872,3673.35
2026-01-31 00:00:00,10.872,10.877,10.859,10.867,839.20
2026-01-31 00:15:00,10.865,10.868,10.851,10.854,924.37
2026-01-31 00:30:00,10.853,10.867,10.839,10.856,434.17
2026-01-31 00:45:00,10.852,10.861,10.838,10.851,796.54
2026-01-31 01:00:00,10.852,10.886,10.852,10.88,1980.29
2026-01-31 01:15:00,10.883,10.89,10.866,10.88,661.73
2026-01-31 01:30:00,10.867,10.867,10.83,10.859,400.93
2026-01-31 01:45:00,10.861,10.874,10.85,10.865,1350.40
2026-01-31 02:00:00,10.869,10.869,10.835,10.848,1540.45
2026-01-31 02:15:00,10.843,10.843,10.81,10.825,1123.77
2026-01-31 02:30:00,10.826,10.878,10.811,10.866,1253.06
2026-01-31 02:45:00,10.865,10.877,10.85,10.85,329.63
2026-01-31 03:00:00,10.856,10.865,10.848,10.86,1112.94
2026-01-31 03:15:00,10.862,10.871,10.848,10.858,222.27
2026-01-31 03:30:00,10.857,10.861,10.846,10.858,227.64
2026-01-31 03:45:00,10.85,10.853,10.83,10.834,169.19
2026-01-31 04:00:00,10.829,10.858,10.829,10.845,430.76
2026-01-31 04:15:00,10.847,10.863,10.841,10.863,163.72
2026-01-31 04:30:00,10.86,10.86,10.833,10.833,179.47
2026-01-31 04:45:00,10.827,10.827,10.81,10.815,189.98
2026-01-31 05:00:00,10.814,10.818,10.776,10.787,2439.93
2026-01-31 05:15:00,10.789,10.816,10.778,10.803,211.92
2026-01-31 05:30:00,10.81,10.819,10.798,10.81,309.41
2026-01-31 05:45:00,10.801,10.818,10.799,10.806,204.70
2026-01-31 06:00:00,10.805,10.817,10.787,10.788,850.22
2026-01-31 06:15:00,10.789,10.793,10.68,10.695,53205.11
2026-01-31 06:30:00,10.694,10.718,10.691,10.703,3246.67
2026-01-31 06:45:00,10.706,10.726,10.701,10.724,2317.52
2026-01-31 07:00:00,10.723,10.731,10.706,10.707,1738.40
2026-01-31 07:15:00,10.708,10.713,10.694,10.698,1573.96
2026-01-31 07:30:00,10.697,10.697,10.575,10.602,9163.03
2026-01-31 07:45:00,10.603,10.647,10.603,10.647,1924.75
2026-01-31 08:00:00,10.653,10.669,10.613,10.628,27363.07
2026-01-31 08:15:00,10.61,10.613,10.515,10.552,26338.66
2026-01-31 08:30:00,10.538,10.559,10.42,10.476,18696.65
2026-01-31 08:45:00,10.477,10.574,10.467,10.565,13090.48
2026-01-31 09:00:00,10.569,10.603,10.555,10.594,10153.03
2026-01-31 09:15:00,10.596,10.6,10.554,10.566,6018.53
2026-01-31 09:30:00,10.576,10.649,10.576,10.617,4136.85
2026-01-31 09:45:00,10.614,10.614,10.583,10.596,1776.96
2026-01-31 10:00:00,10.599,10.599,10.56,10.564,2194.52
2026-01-31 10:15:00,10.569,10.593,10.566,10.593,512.34
2026-01-31 10:30:00,10.598,10.629,10.598,10.629,1663.18
2026-01-31 10:45:00,10.621,10.634,10.615,10.617,441.66
2026-01-31 11:00:00,10.609,10.609,10.568,10.572,1538.99
2026-01-31 11:15:00,10.572,10.629,10.572,10.627,3185.28
2026-01-31 11:30:00,10.622,10.627,10.595,10.595,541.70
2026-01-31 11:45:00,10.589,10.59,10.561,10.585,918.20
2026-01-31 12:00:00,10.584,10.592,10.539,10.55,1916.17
2026-01-31 12:15:00,10.551,10.596,10.551,10.593,1683.90
2026-01-31 12:30:00,10.593,10.593,10.562,10.58,263.18
2026-01-31 12:45:00,10.583,10.583,10.539,10.546,994.36
2026-01-31 13:00:00,10.542,10.565,10.526,10.538,429.90
2026-01-31 13:15:00,10.539,10.549,10.521,10.525,148.32
2026-01-31 13:30:00,10.527,10.529,10.447,10.463,2332.55
2026-01-31 13:45:00,10.461,10.471,10.451,10.468,2579.27
2026-01-31 14:00:00,10.47,10.486,10.353,10.388,20608.50
2026-01-31 14:15:00,10.391,10.4,9.9836,10.11,84117.50
2026-01-31 14:30:00,10.1,10.139,9.9968,10.024,60328.73
2026-01-31 14:45:00,10.027,10.152,9.9936,10.118,14855.62
2026-01-31 15:00:00,10.113,10.202,10.101,10.162,7942.29
2026-01-31 15:15:00,10.154,10.185,10.125,10.171,2963.33
2026-01-31 15:30:00,10.167,10.225,10.167,10.195,57902.01
2026-01-31 15:45:00,10.211,10.215,10.139,10.16,17191.12
2026-01-31 16:00:00,10.162,10.178,10.118,10.149,14160.47
2026-01-31 16:15:00,10.149,10.287,10.095,10.181,24564.12
2026-01-31 16:30:00,10.178,10.206,10.155,10.168,11118.73
2026-01-31 16:45:00,10.159,10.159,10.023,10.068,65112.30
2026-01-31 17:00:00,10.068,10.102,9.5439,9.7878,195614.31
2026-01-31 17:15:00,9.779,9.8637,9.7582,9.795,32178.56
2026-01-31 17:30:00,9.7938,9.8426,9.6791,9.769,35872.19
2026-01-31 17:45:00,9.766,9.8089,9.6984,9.7695,5419.02
2026-01-31 18:00:00,9.7752,9.841,9.767,9.788,8893.12
2026-01-31 18:15:00,9.7942,9.7942,9.7025,9.7847,13843.67
2026-01-31 18:30:00,9.7897,9.8004,9.176,9.525,137689.81
2026-01-31 18:45:00,9.536,9.8035,9.536,9.7688,92909.17
2026-01-31 19:00:00,9.7772,9.8941,9.7763,9.889,27288.47
2026-01-31 19:15:00,9.8857,9.9462,9.8272,9.8664,17213.16
2026-01-31 19:30:00,9.8654,9.8813,9.7722,9.8088,14110.11
2026-01-31 19:45:00,9.804,9.889,9.804,9.8324,4834.93
2026-01-31 20:00:00,9.8311,9.8699,9.7855,9.787,9463.90
2026-01-31 20:15:00,9.7865,9.9115,9.7704,9.7704,7547.33
2026-01-31 20:30:00,9.756,9.8502,9.7295,9.8457,5413.13
2026-01-31 20:45:00,9.856,9.881,9.822,9.874,5799.19
2026-01-31 21:00:00,9.8703,9.919,9.8281,9.8525,3545.02
2026-01-31 21:15:00,9.8638,9.919,9.833,9.9169,1334.50
2026-01-31 21:30:00,9.9072,9.9572,9.8645,9.9372,5924.10
2026-01-31 21:45:00,9.942,9.995,9.935,9.9673,1551.69
2026-01-31 22:00:00,9.9722,9.9839,9.9213,9.924,2792.00
2026-01-31 22:15:00,9.9266,9.9591,9.9185,9.9591,1058.95
2026-01-31 22:30:00,9.962,9.9718,9.8922,9.9047,1244.21
2026-01-31 22:45:00,9.9054,9.9669,9.9054,9.9655,2004.86
2026-01-31 23:00:00,9.9631,9.9972,9.9516,9.9894,4855.16
2026-01-31 23:15:00,9.9918,10.167,9.9706,10.111,7827.92
2026-01-31 23:30:00,10.126,10.15,10.093,10.097,3075.05
2026-01-31 23:45:00,10.095,10.115,10.07,10.11,2371.99
2026-02-01 00:00:00,10.112,10.174,10.11,10.171,7479.23
2026-02-01 00:15:00,10.174,10.19,10.155,10.172,3972.70
2026-02-01 00:30:00,10.165,10.172,10.144,10.152,952.74
2026-02-01 00:45:00,10.161,10.198,10.158,10.178,1407.64
2026-02-01 01:00:00,10.177,10.179,10.111,10.138,2746.27
2026-02-01 01:15:00,10.132,10.172,10.096,10.165,5712.75
2026-02-01 01:30:00,10.16,10.165,10.12,10.128,621.75
2026-02-01 01:45:00,10.131,10.169,10.127,10.164,876.55
2026-02-01 02:00:00,10.166,10.217,10.158,10.212,7547.08
2026-02-01 02:15:00,10.206,10.209,10.143,10.16,883.80
2026-02-01 02:30:00,10.164,10.208,10.164,10.199,780.42
2026-02-01 02:45:00,10.197,10.213,10.195,10.209,1741.08
2026-02-01 03:00:00,10.204,10.216,10.188,10.194,1369.58
2026-02-01 03:15:00,10.202,10.202,10.183,10.194,1570.50
2026-02-01 03:30:00,10.193,10.201,10.181,10.191,4856.03
2026-02-01 03:45:00,10.191,10.209,10.191,10.205,3979.38
2026-02-01 04:00:00,10.206,10.238,10.197,10.228,769.40
2026-02-01 04:15:00,10.222,10.23,10.201,10.207,5346.65
2026-02-01 04:30:00,10.211,10.222,10.198,10.213,2485.13
2026-02-01 04:45:00,10.218,10.221,10.206,10.206,1218.97
2026-02-01 05:00:00,10.208,10.214,10.18,10.19,3338.97
2026-02-01 05:15:00,10.192,10.224,10.179,10.222,2989.80
2026-02-01 05:30:00,10.223,10.223,10.16,10.16,1138.34
2026-02-01 05:45:00,10.172,10.174,10.16,10.166,1027.05
2026-02-01 06:00:00,10.17,10.213,10.17,10.213,182.42
2026-02-01 06:15:00,10.21,10.22,10.191,10.191,193.11
2026-02-01 06:30:00,10.199,10.203,10.144,10.17,481.05
2026-02-01 06:45:00,10.16,10.178,10.157,10.171,1084.20
2026-02-01 07:00:00,10.171,10.178,10.135,10.158,2511.51
2026-02-01 07:15:00,10.15,10.162,10.133,10.15,341.22
2026-02-01 07:30:00,10.15,10.251,10.143,10.233,1060.27
2026-02-01 07:45:00,10.22,10.226,10.176,10.177,444.83
2026-02-01 08:00:00,10.184,10.189,10.152,10.152,1675.78
2026-02-01 08:15:00,10.151,10.154,10.13,10.143,1424.18
2026-02-01 08:30:00,10.145,10.208,10.14,10.191,3196.89
2026-02-01 08:45:00,10.192,10.192,10.15,10.16,5556.77
2026-02-01 09:00:00,10.159,10.173,10.146,10.152,3286.82
2026-02-01 09:15:00,10.148,10.148,10.122,10.126,3277.26
2026-02-01 09:30:00,10.127,10.187,10.127,10.184,2203.88
2026-02-01 09:45:00,10.183,10.198,10.17,10.193,621.38
2026-02-01 10:00:00,10.191,10.201,10.171,10.196,1723.92
2026-02-01 10:15:00,10.185,10.185,10.165,10.17,510.71
2026-02-01 10:30:00,10.167,10.171,10.056,10.056,1686.22
2026-02-01 10:45:00,10.062,10.071,10.015,10.023,1030.77
2026-02-01 11:00:00,10.03,10.075,10.03,10.075,953.41
2026-02-01 11:15:00,10.069,10.074,10.054,10.054,810.76
2026-02-01 11:30:00,10.059,10.158,10.059,10.141,1949.70
2026-02-01 11:45:00,10.144,10.144,10.118,10.123,568.88
2026-02-01 12:00:00,10.125,10.125,10.093,10.099,1934.42
2026-02-01 12:15:00,10.089,10.089,10.025,10.047,2565.14
2026-02-01 12:30:00,10.048,10.101,10.048,10.064,1619.38
2026-02-01 12:45:00,10.064,10.075,10.028,10.059,2883.48
2026-02-01 13:00:00,10.061,10.141,10.061,10.138,3207.19
2026-02-01 13:15:00,10.135,10.14,10.099,10.107,1786.84
2026-02-01 13:30:00,10.109,10.11,10.08,10.093,479.99
2026-02-01 13:45:00,10.097,10.102,10.039,10.064,570.47
2026-02-01 14:00:00,10.051,10.084,10.034,10.038,734.89
2026-02-01 14:15:00,10.038,10.041,9.9499,9.9612,5787.35
2026-02-01 14:30:00,9.972,9.9992,9.8783,9.969,10773.51
2026-02-01 14:45:00,9.9719,10.096,9.9595,10.026,5161.29
2026-02-01 15:00:00,10.03,10.03,9.9153,9.9233,3209.38
2026-02-01 15:15:00,9.9196,9.9216,9.7813,9.7912,8239.11
2026-02-01 15:30:00,9.7941,9.8336,9.7261,9.7902,12837.75
2026-02-01 15:45:00,9.8081,9.9177,9.7885,9.8515,9081.91
2026-02-01 16:00:00,9.8536,9.8989,9.8,9.8609,16181.36
2026-02-01 16:15:00,9.858,9.9231,9.7541,9.8783,11294.59
2026-02-01 16:30:00,9.8811,9.8996,9.7963,9.8033,2636.18
2026-02-01 16:45:00,9.8187,9.8766,9.7973,9.8565,1114.29
2026-02-01 17:00:00,9.8616,9.8898,9.8392,9.8849,4087.88
2026-02-01 17:15:00,9.8836,9.8836,9.7891,9.8403,918.94
2026-02-01 17:30:00,9.8409,9.856,9.7944,9.8317,2398.24
2026-02-01 17:45:00,9.8298,9.8947,9.8073,9.8913,2904.81
2026-02-01 18:00:00,9.9011,10.056,9.9,10.048,9915.74
2026-02-01 18:15:00,10.047,10.081,9.9845,10.018,7306.54
2026-02-01 18:30:00,10.014,10.017,9.9697,9.9697,811.73
2026-02-01 18:45:00,9.966,9.9844,9.9384,9.9819,1161.09
2026-02-01 19:00:00,10.004,10.004,9.9364,9.947,1472.26
2026-02-01 19:15:00,9.947,9.9594,9.9094,9.9431,1607.89
2026-02-01 19:30:00,9.9421,9.965,9.9164,9.9202,2348.09
2026-02-01 19:45:00,9.909,9.9105,9.8292,9.8781,1980.26
2026-02-01 20:00:00,9.8538,9.9008,9.847,9.8617,11710.52
2026-02-01 20:15:00,9.8602,9.9065,9.8043,9.8062,1308.11
2026-02-01 20:30:00,9.8221,10.019,9.8221,9.9625,5199.73
2026-02-01 20:45:00,9.9712,9.9712,9.9131,9.9264,737.54
2026-02-01 21:00:00,9.9272,9.9275,9.8425,9.884,2555.07
2026-02-01 21:15:00,9.882,9.8951,9.858,9.8886,2053.40
2026-02-01 21:30:00,9.8992,9.9342,9.8726,9.9,7080.51
2026-02-01 21:45:00,9.8879,9.8932,9.8269,9.8447,2261.01
2026-02-01 22:00:00,9.8715,10.03,9.8543,10.001,16340.15
2026-02-01 22:15:00,9.9966,10.001,9.8951,9.949,2815.47
2026-02-01 22:30:00,9.958,10.031,9.958,9.9952,6013.56
2026-02-01 22:45:00,10.001,10.011,9.9604,9.9724,1405.73
2026-02-01 23:00:00,9.9737,9.9737,9.675,9.8713,64129.27
2026-02-01 23:15:00,9.8788,9.9483,9.7944,9.9453,23095.46
2026-02-01 23:30:00,9.9326,10.063,9.9009,9.9859,9736.99
2026-02-01 23:45:00,9.9798,9.9798,9.8925,9.8953,6270.72
2026-02-02 00:00:00,9.9091,10.004,9.8346,9.9732,18478.47
2026-02-02 00:15:00,9.9701,10.067,9.9701,10.046,7549.39
2026-02-02 00:30:00,10.052,10.08,10.028,10.05,6035.54
2026-02-02 00:45:00,10.061,10.068,10.0,10.013,837.53
2026-02-02 01:00:00,10.017,10.083,9.9074,9.9152,15513.26
2026-02-02 01:15:00,9.9139,10.122,9.879,10.115,30553.43
2026-02-02 01:30:00,10.111,10.111,10.047,10.086,2649.03
2026-02-02 01:45:00,10.087,10.09,10.041,10.06,9093.18
2026-02-02 02:00:00,10.058,10.066,9.987,10.004,3649.63
2026-02-02 02:15:00,10.007,10.073,10.003,10.028,4239.77
2026-02-02 02:30:00,10.022,10.031,9.9497,9.9679,3684.63
2026-02-02 02:45:00,9.962,9.9635,9.9149,9.9275,1723.59
2026-02-02 03:00:00,9.9269,9.9311,9.7895,9.7928,3677.41
2026-02-02 03:15:00,9.7917,9.7954,9.5737,9.6101,35146.54
2026-02-02 03:30:00,9.6141,9.6555,9.5257,9.5668,22010.83
2026-02-02 03:45:00,9.5815,9.8774,9.5796,9.8345,33983.10
2026-02-02 04:00:00,9.8641,9.8656,9.7156,9.728,6792.40
2026-02-02 04:15:00,9.7246,9.9711,9.7243,9.9711,10693.99
2026-02-02 04:30:00,9.9742,9.9914,9.9047,9.9047,3558.61
2026-02-02 04:45:00,9.891,9.891,9.8245,9.8251,5811.92
2026-02-02 05:00:00,9.8231,9.8271,9.7146,9.7248,5912.39
2026-02-02 05:15:00,9.7314,9.7314,9.6059,9.6231,23086.56
2026-02-02 05:30:00,9.6231,9.6824,9.5885,9.6457,13233.77
2026-02-02 05:45:00,9.6393,9.7154,9.6223,9.6824,8725.47
2026-02-02 06:00:00,9.6662,9.6975,9.5704,9.6646,11204.78
2026-02-02 06:15:00,9.6605,9.7614,9.6515,9.6844,9062.55
2026-02-02 06:30:00,9.6976,9.9216,9.5322,9.8114,56638.50
2026-02-02 06:45:00,9.8224,9.8784,9.7549,9.8008,23498.09
2026-02-02 07:00:00,9.8131,9.8987,9.7945,9.8176,20251.80
2026-02-02 07:15:00,9.826,9.8747,9.804,9.8174,1337.39
2026-02-02 07:30:00,9.829,9.9,9.8246,9.8711,54542.92
2026-02-02 07:45:00,9.8813,9.9358,9.8673,9.879,2370.42
2026-02-02 08:00:00,9.879,9.9564,9.879,9.9383,6703.95
2026-02-02 08:15:00,9.9322,9.9646,9.906,9.906,6720.99
2026-02-02 08:30:00,9.9205,9.9695,9.9121,9.9486,4546.32
2026-02-02 08:45:00,9.9363,9.958,9.9296,9.9315,2119.86
2026-02-02 09:00:00,9.9344,9.939,9.8688,9.87,6199.00
2026-02-02 09:15:00,9.8824,9.9927,9.867,9.9927,7630.91
2026-02-02 09:30:00,9.9904,10.039,9.9479,9.968,8431.13
2026-02-02 09:45:00,9.9764,10.059,9.9764,9.9993,8704.42
2026-02-02 10:00:00,10.008,10.034,10.004,10.012,4418.67
2026-02-02 10:15:00,10.012,10.016,9.9619,9.9786,7699.52
2026-02-02 10:30:00,9.9815,10.009,9.9536,9.9577,810.17
2026-02-02 10:45:00,9.9667,9.9738,9.9589,9.9682,248.18
2026-02-02 11:00:00,9.97,10.011,9.97,10.009,1616.33
2026-02-02 11:15:00,10.006,10.006,9.9871,10.0,294.87
2026-02-02 11:30:00,9.9999,10.029,9.9999,10.007,1317.56
2026-02-02 11:45:00,10.01,10.031,9.9693,9.9715,3940.97
2026-02-02 12:00:00,9.9822,10.021,9.9817,10.021,4507.57
2026-02-02 12:15:00,10.017,10.08,10.013,10.047,3658.59
2026-02-02 12:30:00,10.047,10.055,10.032,10.037,1383.11
2026-02-02 12:45:00,10.037,10.079,10.027,10.065,571.81
2026-02-02 13:00:00,10.063,10.063,10.03,10.051,1865.81
2026-02-02 13:15:00,10.052,10.098,10.04,10.072,2470.38
2026-02-02 13:30:00,10.069,10.098,10.053,10.088,2257.82
2026-02-02 13:45:00,10.094,10.133,10.076,10.115,2266.73
2026-02-02 14:00:00,10.113,10.116,10.028,10.049,4061.76
2026-02-02 14:15:00,10.051,10.107,10.031,10.088,9692.14
2026-02-02 14:30:00,10.083,10.232,10.083,10.177,34803.81
2026-02-02 14:45:00,10.178,10.208,10.128,10.145,4408.69
2026-02-02 15:00:00,10.134,10.224,10.124,10.224,9842.32
2026-02-02 15:15:00,10.213,10.276,10.189,10.231,54594.83
2026-02-02 15:30:00,10.221,10.308,10.214,10.261,11272.08
2026-02-02 15:45:00,10.264,10.275,10.213,10.23,2578.31
2026-02-02 16:00:00,10.235,10.25,10.212,10.235,12654.59
2026-02-02 16:15:00,10.232,10.265,10.215,10.265,4616.93
2026-02-02 16:30:00,10.254,10.257,10.21,10.222,2564.85
2026-02-02 16:45:00,10.208,10.213,10.176,10.185,872.34
2026-02-02 17:00:00,10.185,10.219,10.184,10.201,2106.39
2026-02-02 17:15:00,10.197,10.212,10.167,10.167,2526.26
2026-02-02 17:30:00,10.179,10.193,10.136,10.15,18077.26
2026-02-02 17:45:00,10.149,10.168,10.131,10.157,9897.72
2026-02-02 18:00:00,10.154,10.156,10.135,10.142,4393.35
2026-02-02 18:15:00,10.143,10.149,10.13,10.135,1276.72
2026-02-02 18:30:00,10.137,10.207,10.137,10.17,2741.97
2026-02-02 18:45:00,10.17,10.18,10.156,10.163,466.57
2026-02-02 19:00:00,10.161,10.171,10.148,10.167,1323.94
2026-02-02 19:15:00,10.159,10.161,10.143,10.156,616.23
2026-02-02 19:30:00,10.155,10.155,10.128,10.135,559.04
2026-02-02 19:45:00,10.145,10.145,10.117,10.131,1207.62
2026-02-02 20:00:00,10.119,10.147,10.094,10.122,3361.20
2026-02-02 20:15:00,10.126,10.143,10.123,10.124,899.99
2026-02-02 20:30:00,10.119,10.119,10.084,10.087,565.75
2026-02-02 20:45:00,10.087,10.11,10.068,10.098,1198.62
2026-02-02 21:00:00,10.097,10.16,10.095,10.144,2634.32
2026-02-02 21:15:00,10.143,10.152,10.124,10.127,274.76
2026-02-02 21:30:00,10.129,10.16,10.129,10.137,1975.83
2026-02-02 21:45:00,10.144,10.158,10.141,10.144,381.69
2026-02-02 22:00:00,10.144,10.18,10.144,10.165,914.55
2026-02-02 22:15:00,10.165,10.165,10.141,10.154,285.23
2026-02-02 22:30:00,10.152,10.177,10.152,10.167,489.73
2026-02-02 22:45:00,10.168,10.175,10.154,10.167,2653.21
2026-02-02 23:00:00,10.171,10.171,10.147,10.155,10551.93
2026-02-02 23:15:00,10.153,10.157,10.128,10.13,517.51
2026-02-02 23:30:00,10.126,10.166,10.126,10.157,621.48
2026-02-02 23:45:00,10.155,10.157,10.133,10.138,243.13
2026-02-03 00:00:00,10.138,10.146,10.075,10.098,4833.60
2026-02-03 00:15:00,10.095,10.123,10.094,10.121,3531.13
2026-02-03 00:30:00,10.118,10.118,10.091,10.111,209.04
2026-02-03 00:45:00,10.116,10.136,10.099,10.136,457.03
2026-02-03 01:00:00,10.131,10.134,10.093,10.107,1028.98
2026-02-03 01:15:00,10.111,10.111,10.067,10.103,460.85
2026-02-03 01:30:00,10.098,10.098,10.075,10.094,1222.00
2026-02-03 01:45:00,10.098,10.13,10.092,10.124,19856.75
2026-02-03 02:00:00,10.119,10.122,10.032,10.047,3105.09
2026-02-03 02:15:00,10.038,10.076,10.038,10.048,653.40
2026-02-03 02:30:00,10.039,10.055,10.012,10.03,7224.77
2026-02-03 02:45:00,10.022,10.022,9.9689,9.9689,1417.34
2026-02-03 03:00:00,9.968,9.9935,9.9384,9.9848,3340.36
2026-02-03 03:15:00,9.9846,10.025,9.954,10.025,657.14
2026-02-03 03:30:00,10.028,10.097,10.026,10.097,589.62
2026-02-03 03:45:00,10.089,10.145,10.081,10.121,2012.44
2026-02-03 04:00:00,10.129,10.144,10.096,10.144,2208.20
2026-02-03 04:15:00,10.146,10.146,10.108,10.108,1026.53
2026-02-03 04:30:00,10.108,10.196,10.108,10.195,2855.29
2026-02-03 04:45:00,10.19,10.19,10.157,10.158,1068.92
2026-02-03 05:00:00,10.158,10.159,10.097,10.097,788.82
2026-02-03 05:15:00,10.096,10.112,10.087,10.104,476.88
2026-02-03 05:30:00,10.107,10.108,10.097,10.107,1191.45
2026-02-03 05:45:00,10.104,10.114,10.076,10.076,77.16
2026-02-03 06:00:00,10.079,10.092,10.037,10.051,1007.93
2026-02-03 06:15:00,10.049,10.121,10.043,10.12,595.13
2026-02-03 06:30:00,10.106,10.117,10.091,10.103,251.17
2026-02-03 06:45:00,10.096,10.128,10.095,10.118,118.33
2026-02-03 07:00:00,10.115,10.155,10.093,10.127,819.09
2026-02-03 07:15:00,10.135,10.135,10.113,10.124,305.36
2026-02-03 07:30:00,10.125,10.167,10.125,10.15,771.36
2026-02-03 07:45:00,10.151,10.154,10.135,10.136,147.34
2026-02-03 08:00:00,10.14,10.146,10.093,10.093,2925.67
2026-02-03 08:15:00,10.096,10.164,10.094,10.155,3984.55
2026-02-03 08:30:00,10.15,10.16,10.13,10.154,2077.21
2026-02-03 08:45:00,10.153,10.153,10.094,10.099,22506.44
2026-02-03 09:00:00,10.103,10.122,10.025,10.025,11056.24
2026-02-03 09:15:00,10.029,10.041,9.9711,9.9711,7074.83
2026-02-03 09:30:00,9.9716,10.046,9.9693,10.041,7483.20
2026-02-03 09:45:00,10.043,10.057,10.03,10.041,22439.30
2026-02-03 10:00:00,10.057,10.09,10.037,10.076,3059.38
2026-02-03 10:15:00,10.079,10.079,10.051,10.069,491.03
2026-02-03 10:30:00,10.062,10.062,10.026,10.027,1462.80
2026-02-03 10:45:00,10.033,10.051,10.032,10.048,837.39
2026-02-03 11:00:00,10.052,10.067,10.046,10.049,1566.49
2026-02-03 11:15:00,10.046,10.068,10.04,10.063,271.60
2026-02-03 11:30:00,10.062,10.084,10.052,10.077,2863.99
2026-02-03 11:45:00,10.091,10.107,10.07,10.07,109.67
2026-02-03 12:00:00,10.074,10.127,10.048,10.109,3733.21
2026-02-03 12:15:00,10.107,10.148,10.098,10.143,2269.62
2026-02-03 12:30:00,10.148,10.15,10.132,10.143,502.85
2026-02-03 12:45:00,10.14,10.159,10.139,10.141,1819.51
2026-02-03 13:00:00,10.137,10.159,10.127,10.144,687.87
2026-02-03 13:15:00,10.142,10.151,10.123,10.151,1339.77
2026-02-03 13:30:00,10.151,10.16,10.132,10.135,972.45
2026-02-03 13:45:00,10.138,10.159,10.132,10.141,5708.62
2026-02-03 14:00:00,10.142,10.153,10.13,10.14,11757.74
2026-02-03 14:15:00,10.138,10.153,10.103,10.141,14172.39
2026-02-03 14:30:00,10.138,10.148,10.002,10.028,24639.58
2026-02-03 14:45:00,10.025,10.059,9.9262,9.9325,24470.89
2026-02-03 15:00:00,9.9251,10.009,9.9066,9.9188,22701.58
2026-02-03 15:15:00,9.921,10.126,9.9079,10.075,43011.26
2026-02-03 15:30:00,10.078,10.148,10.027,10.033,17990.31
2026-02-03 15:45:00,10.026,10.162,10.019,10.15,15765.30
2026-02-03 16:00:00,10.146,10.147,10.048,10.052,15652.92
2026-02-03 16:15:00,10.054,10.055,9.9522,9.9617,13467.17
2026-02-03 16:30:00,9.9522,9.9827,9.9168,9.9565,18785.25
2026-02-03 16:45:00,9.9583,9.9737,9.9257,9.9432,18848.49
2026-02-03 17:00:00,9.9497,9.9521,9.8435,9.8448,17088.40
2026-02-03 17:15:00,9.8496,9.9073,9.8433,9.8998,17853.77
2026-02-03 17:30:00,9.8936,9.8945,9.7746,9.7817,18494.38
2026-02-03 17:45:00,9.7808,9.8437,9.7428,9.7447,17623.60
2026-02-03 18:00:00,9.749,9.7924,9.7083,9.7083,28431.51
2026-02-03 18:15:00,9.711,9.7158,9.5889,9.6011,65325.26
2026-02-03 18:30:00,9.602,9.6601,9.5822,9.5966,23523.06
2026-02-03 18:45:00,9.5935,9.607,9.5329,9.5572,21827.25
2026-02-03 19:00:00,9.5589,9.8579,9.5369,9.8533,89900.42
2026-02-03 19:15:00,9.8514,9.9343,9.8287,9.886,41570.64
2026-02-03 19:30:00,9.8988,10.008,9.8988,9.9309,27633.44
2026-02-03 19:45:00,9.9339,9.9726,9.8963,9.9649,10281.13
2026-02-03 20:00:00,9.9619,9.9621,9.848,9.8643,11216.88
2026-02-03 20:15:00,9.8712,10.087,9.86,10.071,22315.81
2026-02-03 20:30:00,10.074,10.328,10.072,10.193,80543.72
2026-02-03 20:45:00,10.191,10.26,10.167,10.201,11468.86
2026-02-03 21:00:00,10.208,10.259,10.198,10.215,13048.82
2026-02-03 21:15:00,10.216,10.222,10.147,10.154,3091.69
2026-02-03 21:30:00,10.153,10.172,10.113,10.122,784.11
2026-02-03 21:45:00,10.126,10.131,10.072,10.091,40218.02
2026-02-03 22:00:00,10.092,10.092,10.005,10.031,5808.53
2026-02-03 22:15:00,10.011,10.056,9.9768,10.03,5159.54
2026-02-03 22:30:00,10.045,10.054,10.017,10.022,625.68
2026-02-03 22:45:00,10.013,10.015,9.9337,9.9638,3108.68
2026-02-03 23:00:00,9.9699,9.9711,9.8933,9.955,3581.75
2026-02-03 23:15:00,9.969,9.9749,9.9205,9.9324,1655.35
2026-02-03 23:30:00,9.93,9.9819,9.9189,9.9247,83366.65
2026-02-03 23:45:00,9.9362,9.9365,9.8758,9.9191,3774.77
2026-02-04 00:00:00,9.9223,9.9223,9.8855,9.887,8955.63
2026-02-04 00:15:00,9.897,9.9622,9.897,9.9622,2873.43
2026-02-04 00:30:00,9.9637,10.013,9.9481,9.9916,12775.52
2026-02-04 00:45:00,9.9935,10.036,9.9809,9.9816,57038.05
2026-02-04 01:00:00,9.9842,10.122,9.9842,10.114,10517.83
2026-02-04 01:15:00,10.108,10.114,10.079,10.079,1355.18
2026-02-04 01:30:00,10.073,10.117,10.072,10.095,50861.66
2026-02-04 01:45:00,10.079,10.08,10.041,10.056,1802.58
2026-02-04 02:00:00,10.054,10.081,10.048,10.053,4616.80
2026-02-04 02:15:00,10.059,10.081,10.017,10.024,2838.49
2026-02-04 02:30:00,10.019,10.022,9.9629,9.9932,54363.22
2026-02-04 02:45:00,10.005,10.007,9.9707,10.004,465.00
2026-02-04 03:00:00,10.005,10.106,9.9966,10.082,2598.31
2026-02-04 03:15:00,10.086,10.097,10.049,10.053,1291.18
2026-02-04 03:30:00,10.053,10.129,10.052,10.088,4250.80
2026-02-04 03:45:00,10.093,10.114,10.087,10.101,1179.04
2026-02-04 04:00:00,10.099,10.127,10.081,10.12,2349.37
2026-02-04 04:15:00,10.124,10.124,10.091,10.094,1559.35
2026-02-04 04:30:00,10.096,10.108,10.089,10.101,313.51
2026-02-04 04:45:00,10.09,10.103,10.086,10.098,1683.25
2026-02-04 05:00:00,10.098,10.112,10.094,10.105,277.53
2026-02-04 05:15:00,10.108,10.108,10.074,10.091,657.66
2026-02-04 05:30:00,10.084,10.087,10.059,10.06,1902.42
2026-02-04 05:45:00,10.061,10.076,10.014,10.038,2827.20
2026-02-04 06:00:00,10.042,10.12,10.023,10.112,53849.78
2026-02-04 06:15:00,10.113,10.113,10.071,10.079,4834.11
2026-02-04 06:30:00,10.082,10.134,10.069,10.129,1783.74
2026-02-04 06:45:00,10.13,10.151,10.12,10.129,33255.73
2026-02-04 07:00:00,10.125,10.132,10.075,10.132,3791.57
2026-02-04 07:15:00,10.13,10.134,10.097,10.118,3897.29
2026-02-04 07:30:00,10.115,10.147,10.105,10.134,9136.10
2026-02-04 07:45:00,10.136,10.152,10.108,10.142,1988.12
2026-02-04 08:00:00,10.142,10.148,10.107,10.124,4847.52
2026-02-04 08:15:00,10.124,10.146,10.087,10.093,4685.44
2026-02-04 08:30:00,10.091,10.143,10.083,10.143,4177.59
2026-02-04 08:45:00,10.14,10.158,10.133,10.138,3911.70
2026-02-04 09:00:00,10.138,10.142,10.095,10.096,6872.26
2026-02-04 09:15:00,10.101,10.102,10.07,10.079,2770.55
2026-02-04 09:30:00,10.081,10.093,10.049,10.065,3516.80
2026-02-04 09:45:00,10.062,10.087,10.062,10.067,903.55
2026-02-04 10:00:00,10.068,10.078,10.036,10.041,4135.99
2026-02-04 10:15:00,10.043,10.063,10.039,10.047,696.48
2026-02-04 10:30:00,10.046,10.059,10.026,10.036,1362.43
2026-02-04 10:45:00,10.038,10.043,10.029,10.035,1312.18
2026-02-04 11:00:00,10.034,10.038,9.9259,9.9419,16272.13
2026-02-04 11:15:00,9.9397,10.005,9.931,9.9867,8466.37
2026-02-04 11:30:00,9.9867,10.058,9.9735,10.008,3202.68
2026-02-04 11:45:00,10.005,10.027,10.005,10.023,267.40
2026-02-04 12:00:00,10.021,10.027,10.008,10.016,1109.32
2026-02-04 12:15:00,10.012,10.032,9.9691,9.9753,1277.95
2026-02-04 12:30:00,9.968,10.001,9.968,9.992,5718.63
2026-02-04 12:45:00,9.9943,10.012,9.9847,10.008,3704.80
2026-02-04 13:00:00,10.007,10.016,9.9916,10.003,3719.66
2026-02-04 13:15:00,10.001,10.006,9.9585,9.9726,4618.87
2026-02-04 13:30:00,9.9726,9.984,9.9213,9.93,6493.66
2026-02-04 13:45:00,9.9281,9.9437,9.8633,9.8668,10528.94
2026-02-04 14:00:00,9.8637,9.9135,9.8552,9.8907,7350.91
2026-02-04 14:15:00,9.8879,9.895,9.8516,9.872,11472.29
2026-02-04 14:30:00,9.8696,9.9271,9.7703,9.8519,57268.39
2026-02-04 14:45:00,9.8507,9.913,9.7185,9.7282,19058.07
2026-02-04 15:00:00,9.7273,9.8523,9.6862,9.8174,64550.93
2026-02-04 15:15:00,9.8124,9.8561,9.7547,9.7851,21508.85
2026-02-04 15:30:00,9.7876,9.7949,9.6218,9.724,32227.41
2026-02-04 15:45:00,9.724,9.7358,9.67,9.7229,6253.38
2026-02-04 16:00:00,9.7181,9.7661,9.6644,9.7194,32333.75
2026-02-04 16:15:00,9.722,9.7248,9.6175,9.7159,29524.80
2026-02-04 16:30:00,9.7103,9.7155,9.5797,9.6019,35473.55
2026-02-04 16:45:00,9.5943,9.72,9.5943,9.6983,37512.16
2026-02-04 17:00:00,9.6916,9.7497,9.6257,9.723,20046.69
2026-02-04 17:15:00,9.7271,9.7752,9.602,9.6058,17329.52
2026-02-04 17:30:00,9.5957,9.6788,9.5713,9.6588,35655.24
2026-02-04 17:45:00,9.6566,9.7112,9.6155,9.704,5810.82
2026-02-04 18:00:00,9.697,9.697,9.5998,9.6162,27026.18
2026-02-04 18:15:00,9.621,9.7632,9.5725,9.7195,42882.18
2026-02-04 18:30:00,9.7195,9.8859,9.681,9.868,93289.49
2026-02-04 18:45:00,9.8691,9.8713,9.7636,9.7647,6157.31
2026-02-04 19:00:00,9.7656,9.8432,9.7604,9.7863,13208.98
2026-02-04 19:15:00,9.7919,9.817,9.7035,9.7361,30864.37
2026-02-04 19:30:00,9.7345,9.8384,9.7249,9.8358,3113.46
2026-02-04 19:45:00,9.8303,9.9492,9.8303,9.9293,19836.32
2026-02-04 20:00:00,9.9305,9.955,9.8446,9.8511,25406.04
2026-02-04 20:15:00,9.8508,9.8974,9.8508,9.866,1155.40
2026-02-04 20:30:00,9.8564,9.8688,9.8362,9.839,396.95
2026-02-04 20:45:00,9.8474,9.849,9.821,9.838,1245.67
2026-02-04 21:00:00,9.8367,9.8636,9.7766,9.8038,4044.51
2026-02-04 21:15:00,9.803,9.803,9.7355,9.7519,7624.38
2026-02-04 21:30:00,9.7531,9.773,9.667,9.6811,4382.78
2026-02-04 21:45:00,9.6855,9.7239,9.6213,9.7167,30989.85
2026-02-04 22:00:00,9.7216,9.7216,9.5448,9.6007,11148.53
2026-02-04 22:15:00,9.6238,9.8441,9.6238,9.8348,5167.09
2026-02-04 22:30:00,9.8335,9.8441,9.6659,9.6801,56221.02
2026-02-04 22:45:00,9.679,9.7269,9.617,9.6385,6211.85
2026-02-04 23:00:00,9.636,9.6679,9.6216,9.657,13580.07
2026-02-04 23:15:00,9.6593,9.7696,9.6458,9.7402,25654.07
2026-02-04 23:30:00,9.748,9.7767,9.724,9.7454,4426.63
2026-02-04 23:45:00,9.7453,9.7621,9.7057,9.709,18488.38
2026-02-05 00:00:00,9.7104,9.7163,9.6744,9.6744,7074.84
2026-02-05 00:15:00,9.677,9.7534,9.6734,9.7534,3816.52
2026-02-05 00:30:00,9.7445,9.7445,9.6666,9.727,2157.76
2026-02-05 00:45:00,9.7196,9.765,9.7152,9.7297,93914.83
2026-02-05 01:00:00,9.7331,9.8286,9.7301,9.804,57844.91
2026-02-05 01:15:00,9.7884,9.8349,9.6492,9.8152,19540.89
2026-02-05 01:30:00,9.8139,9.8448,9.7137,9.7688,13166.09
2026-02-05 01:45:00,9.7677,9.7722,9.7291,9.7399,4273.19
2026-02-05 02:00:00,9.7384,9.7517,9.6828,9.6828,4344.14
2026-02-05 02:15:00,9.6888,9.7456,9.6528,9.7361,7884.49
2026-02-05 02:30:00,9.7375,9.821,9.7367,9.788,10631.93
2026-02-05 02:45:00,9.7746,9.7746,9.638,9.6525,8212.97
2026-02-05 03:00:00,9.6534,9.7113,9.6265,9.6544,6989.17
2026-02-05 03:15:00,9.6581,9.7076,9.5978,9.6504,6512.23
2026-02-05 03:30:00,9.6465,9.6465,9.6037,9.6182,27878.10
2026-02-05 03:45:00,9.6166,9.6225,9.597,9.6179,2472.44
2026-02-05 04:00:00,9.618,9.6572,9.5491,9.552,16931.91
2026-02-05 04:15:00,9.5793,9.6293,9.5438,9.5789,12075.59
2026-02-05 04:30:00,9.5653,9.6343,9.5371,9.6284,10641.74
2026-02-05 04:45:00,9.6246,9.6273,9.5628,9.578,3379.14
2026-02-05 05:00:00,9.5793,9.612,9.5528,9.612,1018.03
2026-02-05 05:15:00,9.5928,9.6004,9.47,9.516,13115.85
2026-02-05 05:30:00,9.5056,9.6696,9.4866,9.6475,18103.27
2026-02-05 05:45:00,9.6412,9.6456,9.5572,9.5646,4002.18
2026-02-05 06:00:00,9.563,9.5675,9.4694,9.5048,4693.39
2026-02-05 06:15:00,9.5075,9.5321,9.465,9.4745,2351.33
2026-02-05 06:30:00,9.4856,9.5355,9.4856,9.5159,2754.84
2026-02-05 06:45:00,9.5186,9.5311,9.4535,9.488,2648.94
2026-02-05 07:00:00,9.483,9.6096,9.483,9.5261,10029.12
2026-02-05 07:15:00,9.5226,9.5885,9.5125,9.5721,1219.78
2026-02-05 07:30:00,9.5681,9.5895,9.5201,9.543,2436.02
2026-02-05 07:45:00,9.5427,9.5505,9.4816,9.4927,1345.29
2026-02-05 08:00:00,9.5046,9.5366,9.5045,9.5196,8033.05
2026-02-05 08:15:00,9.5225,9.5825,9.5082,9.5735,4674.41
2026-02-05 08:30:00,9.5737,9.6236,9.5737,9.5986,14647.36
2026-02-05 08:45:00,9.5927,9.6106,9.5577,9.5577,839.29
2026-02-05 09:00:00,9.5706,9.6629,9.5623,9.642,32385.36
2026-02-05 09:15:00,9.642,9.6661,9.603,9.61,3987.13
2026-02-05 09:30:00,9.6088,9.6144,9.5546,9.555,4494.98
2026-02-05 09:45:00,9.5574,9.5752,9.5543,9.5617,1534.59
2026-02-05 10:00:00,9.564,9.5683,9.4889,9.518,4519.41
2026-02-05 10:15:00,9.5179,9.5571,9.5129,9.5274,2097.91
2026-02-05 10:30:00,9.5295,9.537,9.472,9.4753,1233.46
2026-02-05 10:45:00,9.4787,9.4787,9.323,9.3579,26403.19
2026-02-05 11:00:00,9.3522,9.3875,9.3062,9.3099,4472.10
2026-02-05 11:15:00,9.3099,9.3404,9.184,9.1907,34668.93
2026-02-05 11:30:00,9.1973,9.3628,9.1884,9.3407,11960.34
2026-02-05 11:45:00,9.3276,9.3319,9.2419,9.2573,6398.51
2026-02-05 12:00:00,9.2608,9.305,9.2435,9.2486,6557.57
2026-02-05 12:15:00,9.2476,9.2648,9.1471,9.2371,32912.71
2026-02-05 12:30:00,9.2284,9.271,9.1956,9.213,16140.43
2026-02-05 12:45:00,9.2192,9.2813,9.1938,9.2454,6329.46
2026-02-05 13:00:00,9.247,9.316,9.234,9.2584,60218.88
2026-02-05 13:15:00,9.2587,9.2708,9.2039,9.213,3820.61
2026-02-05 13:30:00,9.2288,9.2805,9.2157,9.2484,25367.78
2026-02-05 13:45:00,9.2477,9.2631,9.2116,9.2224,4790.56
2026-02-05 14:00:00,9.2267,9.3359,9.2267,9.2656,31383.97
2026-02-05 14:15:00,9.2632,9.3263,9.2311,9.321,4642.03
2026-02-05 14:30:00,9.3186,9.439,9.2905,9.39,60478.50
2026-02-05 14:45:00,9.3739,9.4064,9.1767,9.182,95545.93
2026-02-05 15:00:00,9.1864,9.2101,8.8757,8.8953,185618.00
2026-02-05 15:15:00,8.9026,9.0092,8.7526,8.7827,281904.27
2026-02-05 15:30:00,8.7776,8.96,8.7141,8.9458,232812.20
2026-02-05 15:45:00,8.9488,9.0263,8.847,8.8649,85747.43
2026-02-05 16:00:00,8.8671,8.9037,8.8057,8.8354,62919.72
2026-02-05 16:15:00,8.8265,9.0334,8.8141,9.001,46087.99
2026-02-05 16:30:00,9.0251,9.0601,8.9212,8.9242,49722.71
2026-02-05 16:45:00,8.918,9.0805,8.8618,8.9943,87348.65
2026-02-05 17:00:00,8.996,9.029,8.8215,8.8432,32074.28
2026-02-05 17:15:00,8.842,8.969,8.7255,8.9581,140547.37
2026-02-05 17:30:00,8.9568,8.9866,8.8022,8.91,308275.63
2026-02-05 17:45:00,8.9138,8.9519,8.824,8.829,35567.85
2026-02-05 18:00:00,8.8343,8.904,8.8271,8.874,37652.79
2026-02-05 18:15:00,8.875,8.89,8.7533,8.8116,119433.98
2026-02-05 18:30:00,8.8106,8.8245,8.726,8.7605,33111.91
2026-02-05 18:45:00,8.758,8.9226,8.7318,8.9011,45197.55
2026-02-05 19:00:00,8.9032,8.9032,8.766,8.805,202825.64
2026-02-05 19:15:00,8.796,8.8386,8.7384,8.7737,16870.63
2026-02-05 19:30:00,8.7707,8.8128,8.745,8.745,15914.78
2026-02-05 19:45:00,8.7472,8.75,8.673,8.6924,34393.56
2026-02-05 20:00:00,8.6909,8.7578,8.6597,8.6597,14603.34
2026-02-05 20:15:00,8.659,8.6624,8.3176,8.3921,99170.66
2026-02-05 20:30:00,8.3961,8.5692,8.337,8.496,73600.26
2026-02-05 20:45:00,8.4799,8.4967,8.278,8.3735,43321.50
2026-02-05 21:00:00,8.3675,8.5656,8.3498,8.3554,66386.26
2026-02-05 21:15:00,8.3508,8.5128,8.2644,8.4766,39395.22
2026-02-05 21:30:00,8.4825,8.5134,8.3535,8.3711,23525.25
2026-02-05 21:45:00,8.3762,8.4223,8.304,8.3676,12422.55
2026-02-05 22:00:00,8.3626,8.4621,8.296,8.3998,23411.43
2026-02-05 22:15:00,8.397,8.4943,8.2555,8.456,51307.13
2026-02-05 22:30:00,8.4787,8.5802,8.3874,8.4411,37479.64
2026-02-05 22:45:00,8.46,8.5023,8.3762,8.3881,4682.71
2026-02-05 23:00:00,8.3903,8.5647,8.3861,8.529,8943.02
2026-02-05 23:15:00,8.5241,8.533,8.4177,8.449,3710.57
2026-02-05 23:30:00,8.456,8.4876,8.3235,8.3371,13881.85
2026-02-05 23:45:00,8.3337,8.3655,8.2579,8.3031,10291.71
2026-02-06 00:00:00,8.3079,8.3443,7.7414,7.8137,253198.82
2026-02-06 00:15:00,7.7755,8.0024,7.5015,7.8589,280029.67
2026-02-06 00:30:00,7.853,8.2821,7.8393,8.2,173888.89
2026-02-06 00:45:00,8.2,9.0751,8.1515,8.223,195646.51
2026-02-06 01:00:00,8.2288,8.3778,8.194,8.302,79841.32
2026-02-06 01:15:00,8.3012,8.3703,8.281,8.2813,18311.07
2026-02-06 01:30:00,8.2979,8.3765,8.2729,8.3476,6168.30
2026-02-06 01:45:00,8.3513,8.4755,8.34,8.4513,69443.70
2026-02-06 02:00:00,8.4536,8.5163,8.3434,8.3598,10589.20
2026-02-06 02:15:00,8.3557,8.3742,8.2543,8.3006,9597.04
2026-02-06 02:30:00,8.3004,8.4037,8.2864,8.374,8562.96
2026-02-06 02:45:00,8.369,8.3749,8.277,8.303,8339.43
2026-02-06 03:00:00,8.31,8.342,8.2496,8.2506,2867.53
2026-02-06 03:15:00,8.2569,8.3052,8.235,8.2818,3781.23
2026-02-06 03:30:00,8.2819,8.3256,8.259,8.2654,1385.50
2026-02-06 03:45:00,8.2741,8.2741,8.1983,8.261,3903.99
2026-02-06 04:00:00,8.266,8.3006,8.2362,8.286,2744.50
2026-02-06 04:15:00,8.2894,8.3962,8.2856,8.37,3560.46
2026-02-06 04:30:00,8.357,8.3746,8.304,8.3087,3784.79
2026-02-06 04:45:00,8.329,8.3891,8.329,8.3675,3930.92
2026-02-06 05:00:00,8.3673,8.4736,8.3579,8.4695,2925.06
2026-02-06 05:15:00,8.4616,8.4616,8.3935,8.4259,2400.52
2026-02-06 05:30:00,8.418,8.5157,8.416,8.511,3454.37
2026-02-06 05:45:00,8.5102,8.6238,8.4872,8.601,7428.30
2026-02-06 06:00:00,8.5988,8.6426,8.5738,8.5825,6858.97
2026-02-06 06:15:00,8.5757,8.5813,8.5049,8.5218,23964.60
2026-02-06 06:30:00,8.5181,8.5275,8.4272,8.4443,7463.66
2026-02-06 06:45:00,8.451,8.4659,8.409,8.4176,7139.70
2026-02-06 07:00:00,8.4184,8.4209,8.3366,8.3811,6372.26
2026-02-06 07:15:00,8.3597,8.3921,8.3376,8.3921,2094.60
2026-02-06 07:30:00,8.4003,8.4795,8.4003,8.4472,2683.66
2026-02-06 07:45:00,8.448,8.4602,8.397,8.4147,4522.83
2026-02-06 08:00:00,8.4161,8.4682,8.3925,8.4335,4861.33
2026-02-06 08:15:00,8.436,8.437,8.3692,8.3808,6324.94
2026-02-06 08:30:00,8.368,8.4055,8.3294,8.3535,4119.26
2026-02-06 08:45:00,8.358,8.4097,8.3568,8.3841,989.33
2026-02-06 09:00:00,8.3808,8.4249,8.3781,8.4119,4695.06
2026-02-06 09:15:00,8.4083,8.4954,8.3862,8.4954,10076.06
2026-02-06 09:30:00,8.4995,8.5982,8.4995,8.5646,5441.32
2026-02-06 09:45:00,8.5674,8.6301,8.554,8.6,2202.58
2026-02-06 10:00:00,8.6009,8.6282,8.5834,8.6131,13633.06
2026-02-06 10:15:00,8.6235,8.6963,8.6227,8.6557,4149.35
2026-02-06 10:30:00,8.653,8.6842,8.653,8.6842,686.72
2026-02-06 10:45:00,8.6828,8.6864,8.6457,8.6828,1587.30
2026-02-06 11:00:00,8.6775,8.694,8.6608,8.694,2609.20
2026-02-06 11:15:00,8.6832,8.71,8.6701,8.6824,3200.06
2026-02-06 11:30:00,8.6825,8.732,8.6825,8.7012,5109.61
2026-02-06 11:45:00,8.6922,8.7282,8.6725,8.7052,632.83
2026-02-06 12:00:00,8.7013,8.704,8.6393,8.6632,4928.31
2026-02-06 12:15:00,8.6519,8.7006,8.6447,8.695,4878.47
2026-02-06 12:30:00,8.6882,8.7009,8.6726,8.684,1281.48
2026-02-06 12:45:00,8.6884,8.7136,8.679,8.7136,3945.42
2026-02-06 13:00:00,8.7065,8.7831,8.6987,8.7831,8837.00
2026-02-06 13:15:00,8.7751,8.8299,8.7407,8.7635,7487.99
2026-02-06 13:30:00,8.7691,8.8314,8.7515,8.8139,4857.97
2026-02-06 13:45:00,8.8098,8.8414,8.7982,8.7982,1591.83
2026-02-06 14:00:00,8.7956,8.8011,8.7432,8.7703,9940.58
2026-02-06 14:15:00,8.7643,8.786,8.7325,8.784,4109.67
2026-02-06 14:30:00,8.784,8.9779,8.782,8.9521,173688.47
2026-02-06 14:45:00,8.9556,9.0199,8.912,8.9703,16069.11
2026-02-06 15:00:00,8.9725,8.9888,8.8923,8.8923,48161.66
2026-02-06 15:15:00,8.893,8.979,8.8889,8.9493,19443.77
2026-02-06 15:30:00,8.952,9.0398,8.9484,9.0288,10676.27
2026-02-06 15:45:00,9.034,9.0597,9.0051,9.0314,4834.08
2026-02-06 16:00:00,9.0312,9.141,9.0013,9.1359,30742.72
2026-02-06 16:15:00,9.1347,9.2346,9.115,9.211,18209.19
2026-02-06 16:30:00,9.2092,9.268,9.1963,9.255,14015.41
2026-02-06 16:45:00,9.2429,9.3132,9.2279,9.2517,9837.68
2026-02-06 17:00:00,9.2525,9.3071,9.2213,9.2719,8483.56
2026-02-06 17:15:00,9.2723,9.4003,9.2685,9.386,23933.87
2026-02-06 17:30:00,9.3949,9.4652,9.338,9.416,19728.13
2026-02-06 17:45:00,9.4141,9.4434,9.3217,9.346,7385.36
2026-02-06 18:00:00,9.341,9.3542,9.1492,9.1951,18250.52
2026-02-06 18:15:00,9.207,9.213,9.1295,9.1696,6481.25
2026-02-06 18:30:00,9.1722,9.262,9.1504,9.2487,8316.23
2026-02-06 18:45:00,9.2453,9.274,9.209,9.2268,32036.14
2026-02-06 19:00:00,9.2329,9.2533,9.1816,9.192,31822.83
2026-02-06 19:15:00,9.1903,9.2356,9.1583,9.2065,1984.34
2026-02-06 19:30:00,9.1947,9.2328,9.1909,9.2244,3935.73
2026-02-06 19:45:00,9.225,9.2645,9.2184,9.2513,3804.90
2026-02-06 20:00:00,9.2414,9.2569,9.1681,9.1819,4743.43
2026-02-06 20:15:00,9.1738,9.1932,9.142,9.192,14503.72
2026-02-06 20:30:00,9.1838,9.2938,9.1788,9.2134,17499.66
2026-02-06 20:45:00,9.2155,9.2246,9.1518,9.1615,3036.21
2026-02-06 21:00:00,9.164,9.183,9.1142,9.1538,4792.85
2026-02-06 21:15:00,9.152,9.2143,9.1433,9.1969,2730.06
2026-02-06 21:30:00,9.1975,9.1975,9.1548,9.1653,1663.92
2026-02-06 21:45:00,9.1686,9.1893,9.1656,9.1843,816.24
2026-02-06 22:00:00,9.1864,9.2414,9.1864,9.2046,2678.15
2026-02-06 22:15:00,9.2015,9.2441,9.192,9.2441,1205.21
2026-02-06 22:30:00,9.2517,9.3186,9.2386,9.2766,4223.44
2026-02-06 22:45:00,9.2633,9.3213,9.2633,9.3009,1730.07
2026-02-06 23:00:00,9.3128,9.3705,9.287,9.2873,3533.11
2026-02-06 23:15:00,9.2814,9.2814,9.2277,9.2521,1804.80
2026-02-06 23:30:00,9.2539,9.3003,9.2535,9.28,1121.10
2026-02-06 23:45:00,9.272,9.2889,9.2579,9.2708,1967.78
2026-02-07 00:00:00,9.272,9.272,9.2111,9.2379,5279.86
2026-02-07 00:15:00,9.2355,9.24,9.1791,9.1791,3016.67
2026-02-07 00:30:00,9.1796,9.1809,9.1486,9.1486,2954.99
2026-02-07 00:45:00,9.1445,9.2368,9.1445,9.1964,1055.39
2026-02-07 01:00:00,9.1923,9.2016,9.1266,9.1322,3058.15
2026-02-07 01:15:00,9.1327,9.1968,9.1279,9.1923,5043.80
2026-02-07 01:30:00,9.184,9.2322,9.1744,9.2026,813.12
2026-02-07 01:45:00,9.2044,9.2592,9.2015,9.245,1250.84
2026-02-07 02:00:00,9.2283,9.2466,9.2131,9.2215,2556.55
2026-02-07 02:15:00,9.2169,9.254,9.2032,9.2481,2227.69
2026-02-07 02:30:00,9.2424,9.2441,9.2154,9.2304,1070.88
2026-02-07 02:45:00,9.1987,9.2205,9.189,9.2205,2485.13
2026-02-07 03:00:00,9.2176,9.3085,9.2081,9.2833,3109.04
2026-02-07 03:15:00,9.2838,9.3108,9.2669,9.3015,2185.43
2026-02-07 03:30:00,9.2802,9.3058,9.2695,9.2952,738.11
2026-02-07 03:45:00,9.2921,9.2971,9.2708,9.2814,5488.12
2026-02-07 04:00:00,9.284,9.3456,9.279,9.3302,1021.49
2026-02-07 04:15:00,9.3136,9.3643,9.2799,9.2815,3645.40
2026-02-07 04:30:00,9.2859,9.3102,9.2357,9.2441,2307.30
2026-02-07 04:45:00,9.2537,9.2537,9.2358,9.2482,347.42
2026-02-07 05:00:00,9.2558,9.2842,9.2535,9.2757,1316.63
2026-02-07 05:15:00,9.2757,9.3184,9.2614,9.2716,4571.76
2026-02-07 05:30:00,9.26,9.2886,9.2532,9.2724,1829.57
2026-02-07 05:45:00,9.2727,9.2727,9.2316,9.2574,4186.32
2026-02-07 06:00:00,9.2593,9.3106,9.2548,9.2819,1483.28
2026-02-07 06:15:00,9.2799,9.326,9.2429,9.3134,2477.13
2026-02-07 06:30:00,9.307,9.323,9.2667,9.2667,442.93
2026-02-07 06:45:00,9.2671,9.2671,9.1091,9.1091,5272.41
2026-02-07 07:00:00,9.1299,9.1441,8.9827,8.9855,14603.28
2026-02-07 07:15:00,8.9832,9.0265,8.9039,9.0216,15815.44
2026-02-07 07:30:00,9.022,9.099,8.963,9.0711,14301.56
2026-02-07 07:45:00,9.0508,9.0508,8.9929,8.9992,597.64
2026-02-07 08:00:00,8.9917,9.0381,8.962,9.0279,3020.03
2026-02-07 08:15:00,9.0366,9.0557,8.9961,9.0325,2410.44
2026-02-07 08:30:00,9.0322,9.0744,9.0244,9.0441,1349.52
2026-02-07 08:45:00,9.0373,9.0728,9.0372,9.0652,2236.72
2026-02-07 09:00:00,9.0554,9.0905,9.0444,9.0905,2653.34
2026-02-07 09:15:00,9.0804,9.0804,9.0389,9.0389,426.72
2026-02-07 09:30:00,9.0406,9.0411,8.9896,9.0032,3423.75
2026-02-07 09:45:00,8.9986,9.0045,8.982,8.9991,694.57
2026-02-07 10:00:00,9.0003,9.0301,8.982,8.9856,2190.29
2026-02-07 10:15:00,8.985,8.9889,8.9712,8.9727,1812.45
2026-02-07 10:30:00,8.9785,8.9787,8.9357,8.9646,3463.90
2026-02-07 10:45:00,8.9558,8.9806,8.9467,8.9778,1129.95
2026-02-07 11:00:00,8.9717,8.9852,8.9601,8.962,1583.38
2026-02-07 11:15:00,8.959,8.9804,8.9503,8.9589,3118.67
2026-02-07 11:30:00,8.9599,8.9737,8.9484,8.9568,2171.12
2026-02-07 11:45:00,8.9551,8.9851,8.9551,8.9851,861.61
2026-02-07 12:00:00,8.974,9.1313,8.974,9.114,6303.32
2026-02-07 12:15:00,9.1105,9.2566,9.1077,9.1807,8013.28
2026-02-07 12:30:00,9.1718,9.2326,9.1413,9.157,6132.59
2026-02-07 12:45:00,9.1466,9.1729,9.1404,9.1646,391.57
2026-02-07 13:00:00,9.1705,9.1863,9.1109,9.1109,2614.99
2026-02-07 13:15:00,9.1131,9.1348,9.1131,9.1218,1302.59
2026-02-07 13:30:00,9.1196,9.1261,9.0692,9.0804,3529.99
2026-02-07 13:45:00,9.0874,9.12,9.0828,9.12,824.54
2026-02-07 14:00:00,9.12,9.1398,9.1104,9.1164,3658.94
2026-02-07 14:15:00,9.1156,9.1482,9.111,9.134,835.47
2026-02-07 14:30:00,9.1329,9.1378,9.0519,9.0881,4074.09
2026-02-07 14:45:00,9.0956,9.0962,9.035,9.0466,1278.28
2026-02-07 15:00:00,9.0497,9.1185,9.0402,9.1185,1266.95
2026-02-07 15:15:00,9.1179,9.1709,9.0927,9.1507,594.04
2026-02-07 15:30:00,9.1536,9.2073,9.1504,9.1613,4695.88
2026-02-07 15:45:00,9.1634,9.176,9.1441,9.1692,2195.77
2026-02-07 16:00:00,9.1757,9.3559,9.1493,9.2895,295887.43
2026-02-07 16:15:00,9.3026,9.3787,9.19,9.2325,61078.35
2026-02-07 16:30:00,9.2382,9.2514,9.2016,9.2269,4757.53
2026-02-07 16:45:00,9.2269,9.2269,9.1905,9.2148,2510.06
2026-02-07 17:00:00,9.2083,9.218,9.1536,9.1599,2022.32
2026-02-07 17:15:00,9.1601,9.2306,9.1601,9.228,54557.37
2026-02-07 17:30:00,9.2293,9.272,9.2032,9.2554,2112.78
2026-02-07 17:45:00,9.255,9.2591,9.2253,9.236,1106.33
2026-02-07 18:00:00,9.2411,9.2664,9.2388,9.2449,1955.91
2026-02-07 18:15:00,9.2438,9.3339,9.2438,9.3035,908.66
2026-02-07 18:30:00,9.32,9.3742,9.3136,9.3487,1114.63
2026-02-07 18:45:00,9.3458,9.3675,9.328,9.328,791.61
2026-02-07 19:00:00,9.3228,9.3228,9.2712,9.282,2551.17
2026-02-07 19:15:00,9.2767,9.2925,9.273,9.2734,820.54
2026-02-07 19:30:00,9.2661,9.267,9.2397,9.2553,2396.80
2026-02-07 19:45:00,9.2524,9.2679,9.2445,9.2543,736.49
2026-02-07 20:00:00,9.2588,9.2729,9.2403,9.2525,2937.27
2026-02-07 20:15:00,9.2518,9.2669,9.2403,9.2631,732.63
2026-02-07 20:30:00,9.264,9.286,9.2521,9.2712,521.54
2026-02-07 20:45:00,9.2746,9.3204,9.273,9.3145,3332.80
2026-02-07 21:00:00,9.3173,9.3211,9.2757,9.2808,785.65
2026-02-07 21:15:00,9.2796,9.288,9.2647,9.2802,859.36
2026-02-07 21:30:00,9.2767,9.288,9.2521,9.2521,332.19
2026-02-07 21:45:00,9.25,9.2582,9.24,9.2535,471.13
2026-02-07 22:00:00,9.2531,9.2929,9.2531,9.2739,525.23
2026-02-07 22:15:00,9.2767,9.2767,9.2446,9.2742,832.55
2026-02-07 22:30:00,9.279,9.279,9.2428,9.252,726.75
2026-02-07 22:45:00,9.2521,9.2571,9.2365,9.2448,453.24
2026-02-07 23:00:00,9.2512,9.2518,9.1918,9.2168,1342.26
2026-02-07 23:15:00,9.214,9.2256,9.1761,9.201,1220.93
2026-02-07 23:30:00,9.2057,9.2204,9.1996,9.2176,390.42
2026-02-07 23:45:00,9.2232,9.2402,9.2192,9.2223,196.34
2026-02-08 00:00:00,9.2253,9.2315,9.2076,9.2202,3508.41
2026-02-08 00:15:00,9.2207,9.2207,9.1884,9.1917,3185.12
2026-02-08 00:30:00,9.1918,9.2106,9.1792,9.1832,1204.90
2026-02-08 00:45:00,9.183,9.209,9.1777,9.1972,1342.46
2026-02-08 01:00:00,9.198,9.2508,9.1959,9.2508,1178.64
2026-02-08 01:15:00,9.2508,9.2508,9.1927,9.1946,873.82
2026-02-08 01:30:00,9.1897,9.2141,9.1897,9.1956,683.64
2026-02-08 01:45:00,9.1965,9.2115,9.1875,9.2079,159.43
2026-02-08 02:00:00,9.2096,9.2243,9.1955,9.22,1488.12
2026-02-08 02:15:00,9.2132,9.2449,9.2044,9.2064,780.95
2026-02-08 02:30:00,9.2071,9.2148,9.1725,9.1803,809.10
2026-02-08 02:45:00,9.1827,9.1908,9.1539,9.1721,51412.70
2026-02-08 03:00:00,9.1728,9.1875,9.1544,9.1622,1908.72
2026-02-08 03:15:00,9.1622,9.1809,9.1501,9.1698,1705.35
2026-02-08 03:30:00,9.1632,9.1801,9.1536,9.159,448.81
2026-02-08 03:45:00,9.1557,9.1641,9.1184,9.128,1891.22
2026-02-08 04:00:00,9.1257,9.1451,9.114,9.114,1009.53
2026-02-08 04:15:00,9.1137,9.145,9.0967,9.1386,3018.57
2026-02-08 04:30:00,9.1404,9.1438,9.1171,9.125,1060.34
2026-02-08 04:45:00,9.1259,9.1362,9.1224,9.1362,192.64
2026-02-08 05:00:00,9.154,9.1729,9.1431,9.1721,1273.32
2026-02-08 05:15:00,9.1706,9.1706,9.142,9.1504,423.62
2026-02-08 05:30:00,9.1431,9.1431,9.1257,9.1257,96.55
2026-02-08 05:45:00,9.1209,9.1325,9.1154,9.1253,495.83
2026-02-08 06:00:00,9.1275,9.1364,9.1082,9.1364,302.49
2026-02-08 06:15:00,9.1418,9.1418,9.1274,9.1354,3334.61
2026-02-08 06:30:00,9.1318,9.1347,9.1148,9.1196,416.49
2026-02-08 06:45:00,9.123,9.1267,9.106,9.1136,854.46
2026-02-08 07:00:00,9.1211,9.1289,9.0932,9.1216,819.33
2026-02-08 07:15:00,9.1145,9.1173,9.0769,9.1059,637.44
2026-02-08 07:30:00,9.1,9.1358,9.0996,9.1023,2454.34
2026-02-08 07:45:00,9.11,9.1436,9.11,9.1436,56.80
2026-02-08 08:00:00,9.1419,9.1683,9.1343,9.142,894.43
2026-02-08 08:15:00,9.1399,9.2184,9.1227,9.2082,6734.96
2026-02-08 08:30:00,9.1962,9.2824,9.1905,9.2358,2065.54
2026-02-08 08:45:00,9.2265,9.2699,9.2185,9.26,830.74
2026-02-08 09:00:00,9.2667,9.2667,9.2085,9.2131,3903.73
2026-02-08 09:15:00,9.2112,9.2225,9.2031,9.2162,1402.26
2026-02-08 09:30:00,9.2156,9.2225,9.1575,9.1575,1998.44
2026-02-08 09:45:00,9.1578,9.1828,9.1575,9.1808,576.81
2026-02-08 10:00:00,9.1744,9.2199,9.1744,9.1981,1442.06
2026-02-08 10:15:00,9.1981,9.2064,9.103,9.1211,1238.32
2026-02-08 10:30:00,9.1182,9.1461,9.1128,9.1384,337.28
2026-02-08 10:45:00,9.1341,9.1544,9.1341,9.1421,349.95
2026-02-08 11:00:00,9.139,9.1942,9.1379,9.1942,1307.71
2026-02-08 11:15:00,9.2007,9.2372,9.1918,9.211,910.81
2026-02-08 11:30:00,9.211,9.2734,9.2076,9.245,3266.13
2026-02-08 11:45:00,9.2417,9.2658,9.2337,9.2632,2360.14
2026-02-08 12:00:00,9.2685,9.2733,9.2211,9.2253,1679.23
2026-02-08 12:15:00,9.2272,9.245,9.217,9.2426,205.41
2026-02-08 12:30:00,9.2378,9.2418,9.2057,9.218,718.62
2026-02-08 12:45:00,9.21,9.2499,9.2073,9.2479,708.69
2026-02-08 13:00:00,9.2454,9.2601,9.2044,9.2178,1795.37
2026-02-08 13:15:00,9.2174,9.2777,9.2136,9.2667,687.47
2026-02-08 13:30:00,9.2642,9.2684,9.234,9.2346,2105.69
2026-02-08 13:45:00,9.2443,9.2618,9.2406,9.2617,2131.62
2026-02-08 14:00:00,9.2712,9.2848,9.2531,9.2611,650.52
2026-02-08 14:15:00,9.2579,9.2635,9.2276,9.2437,621.26
2026-02-08 14:30:00,9.2505,9.2609,9.2347,9.2403,126.83
2026-02-08 14:45:00,9.2454,9.2611,9.243,9.2503,646.80
2026-02-08 15:00:00,9.2524,9.2729,9.2468,9.2468,692.33
2026-02-08 15:15:00,9.2472,9.2496,9.1457,9.1678,2622.25
2026-02-08 15:30:00,9.1585,9.1914,9.1585,9.19,772.25
2026-02-08 15:45:00,9.1818,9.1818,9.1495,9.166,414.62
2026-02-08 16:00:00,9.1712,9.1899,9.1647,9.1745,4104.28
2026-02-08 16:15:00,9.1805,9.1985,9.1771,9.1789,137.26
2026-02-08 16:30:00,9.1789,9.1793,9.0978,9.103,1871.99
2026-02-08 16:45:00,9.1018,9.1018,8.9974,9.0361,7006.78
2026-02-08 17:00:00,9.034,9.085,9.034,9.078,2305.48
2026-02-08 17:15:00,9.084,9.1151,9.0663,9.0768,968.84
2026-02-08 17:30:00,9.0823,9.1068,9.0821,9.103,1699.66
2026-02-08 17:45:00,9.0999,9.1005,9.0823,9.0921,1051.20
2026-02-08 18:00:00,9.0976,9.13,9.0976,9.1183,530.91
2026-02-08 18:15:00,9.1205,9.1398,9.1073,9.1192,4422.28
2026-02-08 18:30:00,9.1194,9.218,9.1194,9.179,4015.89
2026-02-08 18:45:00,9.1811,9.1984,9.1535,9.1643,1473.84
2026-02-08 19:00:00,9.1541,9.1777,9.1512,9.1591,1003.51
2026-02-08 19:15:00,9.1649,9.1822,9.1649,9.172,3107.53
2026-02-08 19:30:00,9.1703,9.1914,9.1681,9.1857,854.74
2026-02-08 19:45:00,9.1896,9.2148,9.1801,9.2063,2262.64
2026-02-08 20:00:00,9.2105,9.2131,9.148,9.148,1738.64
2026-02-08 20:15:00,9.146,9.1647,9.1351,9.1423,2537.70
2026-02-08 20:30:00,9.14,9.1503,9.1331,9.1375,9324.18
2026-02-08 20:45:00,9.1412,9.1412,9.0891,9.0944,553.24
2026-02-08 21:00:00,9.0931,9.1212,9.0852,9.1128,2898.71
2026-02-08 21:15:00,9.1106,9.1171,9.1021,9.1032,1111.30
2026-02-08 21:30:00,9.102,9.102,9.0238,9.03,2988.97
2026-02-08 21:45:00,9.0395,9.055,9.0075,9.055,1596.80
2026-02-08 22:00:00,9.047,9.0681,9.0354,9.0453,1066.55
2026-02-08 22:15:00,9.0439,9.0701,9.0439,9.0573,647.36
2026-02-08 22:30:00,9.046,9.061,9.0373,9.059,1907.50
2026-02-08 22:45:00,9.0513,9.0866,9.051,9.0787,478.74
2026-02-08 23:00:00,9.0924,9.256,9.0924,9.1286,16440.60
2026-02-08 23:15:00,9.1335,9.1392,9.0409,9.0697,3107.72
2026-02-08 23:30:00,9.0622,9.0628,9.0049,9.0583,4891.30
2026-02-08 23:45:00,9.0681,9.1238,9.0672,9.0672,1480.72
2026-02-09 00:00:00,9.0767,9.1223,9.069,9.1206,3278.95
2026-02-09 00:15:00,9.1206,9.128,9.0693,9.0693,5288.56
2026-02-09 00:30:00,9.0739,9.0952,9.0453,9.0618,571.42
2026-02-09 00:45:00,9.0515,9.1022,9.0497,9.1022,1559.87
2026-02-09 01:00:00,9.0946,9.1224,9.0755,9.0808,2194.07
2026-02-09 01:15:00,9.0775,9.1638,9.0742,9.1369,2774.95
2026-02-09 01:30:00,9.1345,9.1359,9.0312,9.0529,2961.38
2026-02-09 01:45:00,9.0465,9.0947,9.0353,9.078,3138.18
2026-02-09 02:00:00,9.0773,9.0935,9.059,9.0704,1527.19
2026-02-09 02:15:00,9.0678,9.0829,9.0622,9.0626,41.78
2026-02-09 02:30:00,9.0888,9.1678,9.0759,9.1525,1423.74
2026-02-09 02:45:00,9.1638,9.1638,9.1117,9.1166,1405.93
2026-02-09 03:00:00,9.1205,9.1313,9.11,9.1122,903.92
2026-02-09 03:15:00,9.1137,9.141,9.1112,9.1305,1308.21
2026-02-09 03:30:00,9.1338,9.1987,9.1338,9.1809,998.77
2026-02-09 03:45:00,9.1866,9.1903,9.1617,9.1766,2282.48
2026-02-09 04:00:00,9.1819,9.1819,9.1298,9.1298,524.89
2026-02-09 04:15:00,9.1307,9.1501,9.1307,9.1415,221.93
2026-02-09 04:30:00,9.1307,9.1307,9.0946,9.1011,313.32
2026-02-09 04:45:00,9.1095,9.1228,9.1072,9.1226,159.60
2026-02-09 05:00:00,9.1202,9.1202,9.0979,9.0979,545.43
2026-02-09 05:15:00,9.1015,9.1209,9.0955,9.1182,1573.48
2026-02-09 05:30:00,9.1249,9.1428,9.1135,9.121,1411.87
2026-02-09 05:45:00,9.1172,9.1332,9.1095,9.124,352.20
2026-02-09 06:00:00,9.1224,9.1224,9.073,9.0884,962.60
2026-02-09 06:15:00,9.0936,9.0936,9.0268,9.0394,3058.72
2026-02-09 06:30:00,9.0357,9.0621,9.0248,9.0592,413.14
2026-02-09 06:45:00,9.0529,9.0668,9.05,9.0578,135.10
2026-02-09 07:00:00,9.052,9.0732,9.0424,9.0693,345.14
2026-02-09 07:15:00,9.0756,9.0779,9.0548,9.062,587.04
2026-02-09 07:30:00,9.0586,9.0665,9.0263,9.0263,1882.69
2026-02-09 07:45:00,9.033,9.036,9.0205,9.0277,834.84
2026-02-09 08:00:00,9.0277,9.0343,9.0153,9.0154,3839.56
2026-02-09 08:15:00,9.0162,9.0169,8.9395,8.9403,5593.76
2026-02-09 08:30:00,8.9383,8.9383,8.8565,8.926,5126.74
2026-02-09 08:45:00,8.9209,8.9439,8.917,8.917,2693.77
2026-02-09 09:00:00,8.918,8.934,8.9127,8.9193,3278.36
2026-02-09 09:15:00,8.9081,8.9124,8.8833,8.9,2067.37
2026-02-09 09:30:00,8.8914,8.9032,8.85,8.862,4029.59
2026-02-09 09:45:00,8.8608,8.8784,8.8522,8.8709,2611.57
2026-02-09 10:00:00,8.8689,8.8909,8.8567,8.876,1922.59
2026-02-09 10:15:00,8.8608,8.8608,8.7746,8.7798,3406.84
2026-02-09 10:30:00,8.7786,8.7786,8.721,8.7301,3886.09
2026-02-09 10:45:00,8.7284,8.7662,8.7211,8.7556,1875.37
2026-02-09 11:00:00,8.7563,8.8056,8.7563,8.7687,2105.68
2026-02-09 11:15:00,8.7727,8.8014,8.76,8.7886,3235.48
2026-02-09 11:30:00,8.8011,8.8075,8.7701,8.781,2451.87
2026-02-09 11:45:00,8.7775,8.7824,8.7613,8.7824,669.11
2026-02-09 12:00:00,8.7855,8.8244,8.7767,8.8221,3165.07
2026-02-09 12:15:00,8.8275,8.8275,8.8105,8.8122,1691.13
2026-02-09 12:30:00,8.8146,8.8579,8.8026,8.8496,811.49
2026-02-09 12:45:00,8.8463,8.8487,8.8202,8.8295,7954.30
2026-02-09 13:00:00,8.8286,8.8669,8.817,8.8586,2710.95
2026-02-09 13:15:00,8.8586,8.8586,8.8328,8.8464,279.93
2026-02-09 13:30:00,8.8402,8.8402,8.8062,8.8233,553.45
2026-02-09 13:45:00,8.819,8.8258,8.7712,8.7712,4890.69
2026-02-09 14:00:00,8.7695,8.791,8.7451,8.7645,5081.19
2026-02-09 14:15:00,8.7695,8.7967,8.7461,8.7881,3930.03
2026-02-09 14:30:00,8.7854,8.9261,8.7569,8.8801,19589.56
2026-02-09 14:45:00,8.8699,8.9373,8.8699,8.9073,4775.21
2026-02-09 15:00:00,8.9133,8.9955,8.9133,8.9299,7195.13
2026-02-09 15:15:00,8.9311,8.9566,8.866,8.875,3392.51
2026-02-09 15:30:00,8.8867,8.9954,8.8808,8.9929,1624.13
2026-02-09 15:45:00,8.9882,8.997,8.9574,8.9898,6267.85
2026-02-09 16:00:00,8.996,8.9969,8.916,8.9251,2439.61
2026-02-09 16:15:00,8.9244,8.9891,8.9236,8.984,2101.18
2026-02-09 16:30:00,8.9752,9.0745,8.9512,9.067,6654.55
2026-02-09 16:45:00,9.0653,9.1495,9.0594,9.0636,7257.58
2026-02-09 17:00:00,9.0636,9.0942,9.009,9.009,3744.15
2026-02-09 17:15:00,9.0166,9.0335,9.0024,9.0175,318.40
2026-02-09 17:30:00,9.0207,9.1803,9.0187,9.1653,10451.57
2026-02-09 17:45:00,9.1663,9.1771,9.1242,9.1328,2693.78
2026-02-09 18:00:00,9.1345,9.1848,9.1217,9.1234,2867.39
2026-02-09 18:15:00,9.1258,9.1258,9.0522,9.0781,13830.88
2026-02-09 18:30:00,9.08,9.1077,9.0615,9.0978,1726.23
2026-02-09 18:45:00,9.0953,9.1182,9.0734,9.0864,1087.00
2026-02-09 19:00:00,9.0871,9.0941,9.0671,9.0848,941.33
2026-02-09 19:15:00,9.082,9.0937,9.0698,9.0855,2421.90
2026-02-09 19:30:00,9.0872,9.1272,9.0872,9.1093,1573.44
2026-02-09 19:45:00,9.1139,9.1263,9.0914,9.113,423.34
2026-02-09 20:00:00,9.1123,9.1404,9.0832,9.1163,28937.48
2026-02-09 20:15:00,9.0889,9.0917,9.0474,9.0579,4910.60
2026-02-09 20:30:00,9.052,9.0939,9.0424,9.0916,1296.08
2026-02-09 20:45:00,9.092,9.098,9.078,9.0934,2190.41
2026-02-09 21:00:00,9.0934,9.0934,9.0599,9.0599,647.06
2026-02-09 21:15:00,9.0653,9.0679,9.0511,9.0603,1394.17
2026-02-09 21:30:00,9.0541,9.0541,8.987,9.0061,3300.88
2026-02-09 21:45:00,9.0011,9.0925,8.9881,9.0743,4668.98
2026-02-09 22:00:00,9.0784,9.1128,9.0651,9.1053,4911.86
2026-02-09 22:15:00,9.1033,9.1133,9.0741,9.0793,1621.46
2026-02-09 22:30:00,9.082,9.0864,9.0713,9.0823,302.03
2026-02-09 22:45:00,9.0814,9.0861,9.0643,9.0771,767.46
2026-02-09 23:00:00,9.082,9.106,9.074,9.0966,944.69
2026-02-09 23:15:00,9.0894,9.0894,9.052,9.0564,601.72
2026-02-09 23:30:00,9.0545,9.0796,9.0545,9.0756,210.16
2026-02-09 23:45:00,9.063,9.0677,9.0419,9.0488,361.98
2026-02-10 00:00:00,9.048,9.0643,9.0319,9.0451,1463.41
2026-02-10 00:15:00,9.0552,9.0552,9.0181,9.0266,4424.83
2026-02-10 00:30:00,9.0263,9.0358,9.0101,9.0131,417.62
2026-02-10 00:45:00,9.0121,9.0266,9.0098,9.0175,1413.05
2026-02-10 01:00:00,9.0122,9.043,9.0042,9.0387,2747.15
2026-02-10 01:15:00,9.0349,9.0935,9.0328,9.0882,81261.79
2026-02-10 01:30:00,9.0881,9.113,9.073,9.0986,71651.29
2026-02-10 01:45:00,9.1,9.1132,9.0901,9.0912,34414.42
2026-02-10 02:00:00,9.0927,9.0927,9.0697,9.0704,2489.50
2026-02-10 02:15:00,9.072,9.08,9.0514,9.0516,1824.22
2026-02-10 02:30:00,9.0473,9.0532,9.0164,9.0164,2804.77
2026-02-10 02:45:00,9.0126,9.0362,9.0104,9.0242,1715.16
2026-02-10 03:00:00,9.0258,9.0316,8.98,8.9916,26806.47
2026-02-10 03:15:00,8.9937,8.9991,8.927,8.9293,9670.79
2026-02-10 03:30:00,8.9142,8.9154,8.8678,8.9017,4646.77
2026-02-10 03:45:00,8.903,8.9088,8.8947,8.9023,106642.99
2026-02-10 04:00:00,8.899,8.9574,8.8958,8.9485,25733.48
2026-02-10 04:15:00,8.9535,8.9605,8.9296,8.9493,556.76
2026-02-10 04:30:00,8.9478,8.9559,8.9293,8.9329,1438.54
2026-02-10 04:45:00,8.9428,8.9774,8.9419,8.962,2081.76
2026-02-10 05:00:00,8.962,8.983,8.961,8.983,3485.66
2026-02-10 05:15:00,8.979,8.979,8.9321,8.933,1427.68
2026-02-10 05:30:00,8.9303,8.9555,8.9035,8.9035,6211.42
2026-02-10 05:45:00,8.9102,8.9103,8.8727,8.8954,821.05
2026-02-10 06:00:00,8.8956,8.9101,8.872,8.8727,3582.21
2026-02-10 06:15:00,8.8753,8.882,8.834,8.8504,1895.76
2026-02-10 06:30:00,8.848,8.8686,8.8227,8.8281,2319.06
2026-02-10 06:45:00,8.8219,8.8236,8.7414,8.773,16175.90
2026-02-10 07:00:00,8.772,8.8425,8.7689,8.8226,2661.86
2026-02-10 07:15:00,8.8179,8.8193,8.7967,8.8176,496.37
2026-02-10 07:30:00,8.8208,8.831,8.8119,8.8177,451.81
2026-02-10 07:45:00,8.8178,8.8293,8.8095,8.824,1987.53
2026-02-10 08:00:00,8.8234,8.8315,8.8119,8.8119,4065.76
2026-02-10 08:15:00,8.8087,8.8482,8.7959,8.8429,1193.62
2026-02-10 08:30:00,8.8403,8.8557,8.8221,8.837,1401.76
2026-02-10 08:45:00,8.8495,8.864,8.8484,8.858,653.03
2026-02-10 09:00:00,8.8582,8.9038,8.8533,8.8735,3045.43
2026-02-10 09:15:00,8.8808,8.8871,8.8699,8.8756,2991.23
2026-02-10 09:30:00,8.8705,8.8786,8.8607,8.8721,3165.93
2026-02-10 09:45:00,8.8832,8.8832,8.8368,8.8587,8195.70
2026-02-10 10:00:00,8.8599,8.8691,8.8389,8.8467,1274.04
2026-02-10 10:15:00,8.8361,8.8585,8.8269,8.8492,1421.63
2026-02-10 10:30:00,8.8475,8.8475,8.8212,8.8262,840.40
2026-02-10 10:45:00,8.832,8.8335,8.8203,8.8203,304.90
2026-02-10 11:00:00,8.8174,8.8309,8.8129,8.8215,2994.93
2026-02-10 11:15:00,8.8129,8.8297,8.8129,8.8291,703.07
2026-02-10 11:30:00,8.8275,8.8435,8.798,8.798,2888.69
2026-02-10 11:45:00,8.8068,8.8115,8.7767,8.7824,3350.61
2026-02-10 12:00:00,8.7855,8.8226,8.7855,8.8007,1362.80
2026-02-10 12:15:00,8.8014,8.8089,8.7912,8.8053,1999.06
2026-02-10 12:30:00,8.8032,8.8091,8.7691,8.7712,2727.62
2026-02-10 12:45:00,8.769,8.7738,8.7659,8.7683,776.15
2026-02-10 13:00:00,8.769,8.7784,8.753,8.7695,4731.92
2026-02-10 13:15:00,8.769,8.7843,8.7594,8.7698,634.58
2026-02-10 13:30:00,8.7707,8.82,8.7651,8.8071,9906.48
2026-02-10 13:45:00,8.8076,8.8111,8.78,8.8023,6927.63
2026-02-10 14:00:00,8.8036,8.8078,8.784,8.806,8272.87
2026-02-10 14:15:00,8.804,8.8671,8.804,8.8321,9983.49
2026-02-10 14:30:00,8.8285,8.8688,8.7061,8.7647,60423.77
2026-02-10 14:45:00,8.7605,8.7824,8.7106,8.7696,23757.16
2026-02-10 15:00:00,8.7591,8.8276,8.7375,8.7662,22721.74
2026-02-10 15:15:00,8.7543,8.8257,8.7506,8.804,3549.12
2026-02-10 15:30:00,8.8064,8.8371,8.7966,8.8046,1868.98
2026-02-10 15:45:00,8.7962,8.8081,8.7661,8.7756,3243.65
2026-02-10 16:00:00,8.7798,8.8399,8.7337,8.8367,14597.54
2026-02-10 16:15:00,8.8336,8.8435,8.7728,8.784,2788.73
2026-02-10 16:30:00,8.7689,8.8176,8.763,8.7987,2329.69
2026-02-10 16:45:00,8.805,8.8051,8.7611,8.7763,1683.02
2026-02-10 17:00:00,8.7767,8.7803,8.7489,8.7587,1710.64
2026-02-10 17:15:00,8.7627,8.8247,8.7579,8.8067,2496.50
2026-02-10 17:30:00,8.8,8.842,8.7996,8.8205,4655.12
2026-02-10 17:45:00,8.821,8.8327,8.801,8.8184,2020.17
2026-02-10 18:00:00,8.8206,8.8235,8.7789,8.7861,3316.22
2026-02-10 18:15:00,8.785,8.803,8.7111,8.7291,6091.71
2026-02-10 18:30:00,8.7277,8.735,8.6913,8.7193,6363.62
2026-02-10 18:45:00,8.7224,8.7242,8.6687,8.7121,2466.90
2026-02-10 19:00:00,8.7094,8.7191,8.69,8.7102,5625.45
2026-02-10 19:15:00,8.7095,8.7141,8.6824,8.6981,1431.85
2026-02-10 19:30:00,8.7029,8.7566,8.7011,8.7421,1902.92
2026-02-10 19:45:00,8.7439,8.7522,8.7144,8.7221,816.20
2026-02-10 20:00:00,8.7222,8.7302,8.699,8.699,1191.07
2026-02-10 20:15:00,8.7012,8.723,8.7012,8.712,608.88
2026-02-10 20:30:00,8.7121,8.7289,8.7009,8.7289,287.06
2026-02-10 20:45:00,8.7279,8.7313,8.7,8.712,4914.89
2026-02-10 21:00:00,8.7023,8.7265,8.7023,8.716,3388.53
2026-02-10 21:15:00,8.7138,8.7232,8.6879,8.6879,2185.00
2026-02-10 21:30:00,8.6826,8.6873,8.658,8.667,5257.99
2026-02-10 21:45:00,8.6652,8.6908,8.6621,8.6847,2158.39
2026-02-10 22:00:00,8.6851,8.7032,8.684,8.7032,438.49
2026-02-10 22:15:00,8.6965,8.7337,8.6965,8.7321,2907.66
2026-02-10 22:30:00,8.7299,8.752,8.7299,8.7376,1087.54
2026-02-10 22:45:00,8.7376,8.7438,8.7165,8.7176,5391.62
2026-02-10 23:00:00,8.7215,8.7269,8.6996,8.7126,2373.24
2026-02-10 23:15:00,8.7042,8.7247,8.699,8.7162,15507.88
2026-02-10 23:30:00,8.7168,8.747,8.7168,8.747,886.80
2026-02-10 23:45:00,8.743,8.7505,8.7362,8.7432,299.28
2026-02-11 00:00:00,8.7499,8.7552,8.7261,8.7271,8347.76
2026-02-11 00:15:00,8.7271,8.7631,8.7271,8.7626,5944.95
2026-02-11 00:30:00,8.7582,8.7703,8.748,8.7509,1894.31
2026-02-11 00:45:00,8.7514,8.7683,8.744,8.7642,1523.55
2026-02-11 01:00:00,8.7602,8.7753,8.7518,8.7583,1222.74
2026-02-11 01:15:00,8.7606,8.7706,8.7433,8.7487,618.80
2026-02-11 01:30:00,8.7462,8.7759,8.7462,8.7759,3136.62
2026-02-11 01:45:00,8.7743,8.7795,8.7616,8.7709,736.96
2026-02-11 02:00:00,8.7717,8.8003,8.7717,8.7813,2465.04
2026-02-11 02:15:00,8.7812,8.8682,8.7812,8.8677,6246.60
2026-02-11 02:30:00,8.8673,8.8818,8.8617,8.875,2116.55
2026-02-11 02:45:00,8.8723,8.8723,8.8458,8.8458,2705.19
2026-02-11 03:00:00,8.8489,8.8531,8.8323,8.8323,1650.21
2026-02-11 03:15:00,8.8247,8.8424,8.7818,8.8355,4358.12
2026-02-11 03:30:00,8.8268,8.9581,8.8263,8.9001,5373.07
2026-02-11 03:45:00,8.9001,8.9004,8.8635,8.8645,224.91
2026-02-11 04:00:00,8.8663,8.8822,8.8208,8.8274,1901.51
2026-02-11 04:15:00,8.8206,8.83,8.777,8.7885,4422.83
2026-02-11 04:30:00,8.7922,8.7922,8.7262,8.7467,3481.67
2026-02-11 04:45:00,8.7463,8.7617,8.7103,8.7301,10451.21
2026-02-11 05:00:00,8.7334,8.7616,8.7306,8.7306,2656.80
2026-02-11 05:15:00,8.732,8.7461,8.7074,8.7123,9788.73
2026-02-11 05:30:00,8.715,8.715,8.6706,8.6739,1066.93
2026-02-11 05:45:00,8.6736,8.6895,8.6639,8.6724,1517.61
2026-02-11 06:00:00,8.67,8.686,8.5901,8.6038,13222.23
2026-02-11 06:15:00,8.5917,8.647,8.5624,8.6443,17650.77
2026-02-11 06:30:00,8.6407,8.6407,8.6072,8.6072,2363.57
2026-02-11 06:45:00,8.607,8.607,8.5463,8.5584,2678.28
2026-02-11 07:00:00,8.5627,8.6,8.5584,8.5655,3165.11
2026-02-11 07:15:00,8.5746,8.5894,8.5544,8.5766,10905.85
2026-02-11 07:30:00,8.5754,8.6126,8.5687,8.5939,4914.60
2026-02-11 07:45:00,8.5901,8.6058,8.5764,8.5774,2950.09
2026-02-11 08:00:00,8.5787,8.5836,8.5403,8.5609,11614.35
2026-02-11 08:15:00,8.5565,8.5586,8.539,8.5402,2101.81
2026-02-11 08:30:00,8.5396,8.568,8.529,8.5553,5015.09
2026-02-11 08:45:00,8.5545,8.5566,8.534,8.547,939.35
2026-02-11 09:00:00,8.5496,8.5627,8.5337,8.5446,2048.60
2026-02-11 09:15:00,8.5465,8.5531,8.527,8.5531,2989.91
2026-02-11 09:30:00,8.5533,8.5615,8.5184,8.5184,1633.37
2026-02-11 09:45:00,8.5233,8.5284,8.5168,8.5232,1732.24
2026-02-11 10:00:00,8.5239,8.5605,8.499,8.5188,127244.01
2026-02-11 10:15:00,8.5148,8.5342,8.5041,8.5287,12051.72
2026-02-11 10:30:00,8.5288,8.5291,8.4774,8.5177,82189.83
2026-02-11 10:45:00,8.5127,8.534,8.5009,8.5213,52408.89
2026-02-11 11:00:00,8.5212,8.5556,8.52,8.5315,11158.85
2026-02-11 11:15:00,8.5314,8.5887,8.5178,8.5815,8578.06
2026-02-11 11:30:00,8.581,8.5845,8.5606,8.5621,1203.68
2026-02-11 11:45:00,8.562,8.5936,8.56,8.5844,927.80
2026-02-11 12:00:00,8.5854,8.6086,8.5598,8.581,17133.63
2026-02-11 12:15:00,8.5845,8.6157,8.5797,8.5992,4390.68
2026-02-11 12:30:00,8.5972,8.6074,8.5801,8.5855,5119.57
2026-02-11 12:45:00,8.5857,8.5892,8.573,8.5844,2890.42
2026-02-11 13:00:00,8.5851,8.6004,8.5712,8.5836,3195.48
2026-02-11 13:15:00,8.5818,8.5956,8.5592,8.5788,3859.16
2026-02-11 13:30:00,8.5792,8.6755,8.5791,8.6112,38193.74
2026-02-11 13:45:00,8.61,8.657,8.5834,8.657,4309.23
2026-02-11 14:00:00,8.6595,8.8861,8.6568,8.8504,30888.93
2026-02-11 14:15:00,8.853,8.8568,8.743,8.7462,8790.63
2026-02-11 14:30:00,8.7465,8.7854,8.6115,8.6447,16192.26
2026-02-11 14:45:00,8.6416,8.6568,8.5334,8.5449,20037.21
2026-02-11 15:00:00,8.5474,8.583,8.434,8.4878,17882.86
2026-02-11 15:15:00,8.4881,8.5426,8.4571,8.4863,34704.83
2026-02-11 15:30:00,8.487,8.5497,8.4761,8.5414,16928.41
2026-02-11 15:45:00,8.5458,8.5458,8.4535,8.5135,9847.59
2026-02-11 16:00:00,8.5154,8.64,8.5011,8.6291,6822.71
2026-02-11 16:15:00,8.637,8.6662,8.5716,8.5789,2202.58
2026-02-11 16:30:00,8.5764,8.5905,8.5055,8.5206,4168.94
2026-02-11 16:45:00,8.5179,8.574,8.4835,8.5477,4168.90
2026-02-11 17:00:00,8.5489,8.5672,8.5215,8.5505,6593.00
2026-02-11 17:15:00,8.5526,8.6583,8.5517,8.6578,13292.16
2026-02-11 17:30:00,8.6613,8.6738,8.6338,8.6432,2580.86
2026-02-11 17:45:00,8.6387,8.6668,8.6137,8.6292,3046.70
2026-02-11 18:00:00,8.6277,8.6373,8.5793,8.6058,6369.17
2026-02-11 18:15:00,8.6093,8.7222,8.6093,8.7048,10327.28
2026-02-11 18:30:00,8.7051,8.7165,8.6725,8.6926,2185.71
2026-02-11 18:45:00,8.702,8.7407,8.6958,8.7078,4695.68
2026-02-11 19:00:00,8.7084,8.7558,8.7024,8.739,6813.12
2026-02-11 19:15:00,8.7384,8.7528,8.7061,8.7061,3036.19
2026-02-11 19:30:00,8.7055,8.7387,8.6823,8.7345,1489.45
2026-02-11 19:45:00,8.7411,8.7423,8.6933,8.698,3575.78
2026-02-11 20:00:00,8.6976,8.6985,8.6603,8.6984,2986.21
2026-02-11 20:15:00,8.697,8.7073,8.64,8.64,752.69
2026-02-11 20:30:00,8.6311,8.662,8.6311,8.6602,2754.24
2026-02-11 20:45:00,8.6602,8.7096,8.6505,8.694,2314.98
2026-02-11 21:00:00,8.6933,8.7174,8.6759,8.71,1145.13
2026-02-11 21:15:00,8.7104,8.7912,8.6965,8.7824,6082.51
2026-02-11 21:30:00,8.7849,8.8,8.7434,8.7507,5613.83
2026-02-11 21:45:00,8.756,8.7614,8.7452,8.7452,1183.58
2026-02-11 22:00:00,8.7445,8.7535,8.7228,8.736,1671.95
2026-02-11 22:15:00,8.7384,8.7428,8.6995,8.7106,2876.26
2026-02-11 22:30:00,8.7114,8.7176,8.6927,8.704,1578.12
2026-02-11 22:45:00,8.6935,8.7028,8.6593,8.6784,3805.86
2026-02-11 23:00:00,8.6679,8.6941,8.6396,8.65,949.04
2026-02-11 23:15:00,8.65,8.6539,8.5892,8.6102,5556.90
2026-02-11 23:30:00,8.6092,8.6402,8.5915,8.6399,4733.55
2026-02-11 23:45:00,8.6414,8.6488,8.6238,8.6355,11712.05
2026-02-12 00:00:00,8.6335,8.697,8.6335,8.696,13185.09
2026-02-12 00:15:00,8.6933,8.7136,8.684,8.7024,5946.34
2026-02-12 00:30:00,8.6989,8.7492,8.6904,8.7348,2372.08
2026-02-12 00:45:00,8.7383,8.747,8.7132,8.7201,1185.80
2026-02-12 01:00:00,8.7216,8.7452,8.7216,8.7378,2913.88
2026-02-12 01:15:00,8.7366,8.773,8.7285,8.7585,4656.32
2026-02-12 01:30:00,8.7626,8.7876,8.7545,8.7588,1083.21
2026-02-12 01:45:00,8.7531,8.7536,8.7351,8.7351,391.16
2026-02-12 02:00:00,8.7321,8.745,8.7056,8.7056,5577.23
2026-02-12 02:15:00,8.7068,8.7169,8.6955,8.7116,2808.36
2026-02-12 02:30:00,8.7118,8.7675,8.7116,8.7593,3226.97
2026-02-12 02:45:00,8.7593,8.7593,8.723,8.723,2256.24
2026-02-12 03:00:00,8.7219,8.748,8.7114,8.7372,1403.45
2026-02-12 03:15:00,8.7424,8.7424,8.7099,8.7234,295.65
2026-02-12 03:30:00,8.7215,8.7445,8.7186,8.7445,454.68
2026-02-12 03:45:00,8.7405,8.756,8.736,8.7542,1940.27
2026-02-12 04:00:00,8.753,8.7578,8.7421,8.7524,2645.95
2026-02-12 04:15:00,8.7489,8.7529,8.727,8.7314,3544.44
2026-02-12 04:30:00,8.7339,8.7698,8.7195,8.7654,1198.49
2026-02-12 04:45:00,8.761,8.7652,8.7369,8.7374,288.36
2026-02-12 05:00:00,8.7366,8.7545,8.7019,8.7019,3783.67
2026-02-12 05:15:00,8.7028,8.7299,8.6831,8.7242,1125.45
2026-02-12 05:30:00,8.7197,8.7722,8.7197,8.7691,954.17
2026-02-12 05:45:00,8.7689,8.7828,8.7606,8.7738,1394.29
2026-02-12 06:00:00,8.7793,8.814,8.7786,8.8073,393.63
2026-02-12 06:15:00,8.8083,8.8407,8.7987,8.8354,1594.36
2026-02-12 06:30:00,8.8418,8.8418,8.825,8.8278,1063.43
2026-02-12 06:45:00,8.828,8.8376,8.8043,8.8075,5326.43
2026-02-12 07:00:00,8.8116,8.818,8.7789,8.7916,2769.18
2026-02-12 07:15:00,8.7916,8.8355,8.7821,8.8267,2331.98
2026-02-12 07:30:00,8.8169,8.8201,8.8074,8.8088,386.79
2026-02-12 07:45:00,8.8055,8.8186,8.8027,8.816,1537.16
2026-02-12 08:00:00,8.82,8.8331,8.8075,8.83,4640.35
2026-02-12 08:15:00,8.832,8.832,8.7886,8.7926,3607.15
2026-02-12 08:30:00,8.7885,8.8028,8.782,8.793,2255.82
2026-02-12 08:45:00,8.7906,8.8168,8.7904,8.8028,379.05
2026-02-12 09:00:00,8.8038,8.8199,8.7912,8.8117,7448.90
2026-02-12 09:15:00,8.8146,8.84,8.8146,8.8381,2478.71
2026-02-12 09:30:00,8.8392,8.88,8.8385,8.8656,6586.91
2026-02-12 09:45:00,8.8674,8.8967,8.8599,8.8878,5231.52
2026-02-12 10:00:00,8.88,8.9,8.88,8.8879,7040.46
2026-02-12 10:15:00,8.8869,8.8869,8.8665,8.8818,2637.68
2026-02-12 10:30:00,8.8819,8.9142,8.8819,8.8947,2538.31
2026-02-12 10:45:00,8.8908,8.9544,8.8908,8.9543,14601.34
2026-02-12 11:00:00,8.9543,8.9746,8.9169,8.929,5589.13
2026-02-12 11:15:00,8.931,8.9595,8.928,8.9537,1896.48
2026-02-12 11:30:00,8.9531,8.965,8.9218,8.9293,3221.86
2026-02-12 11:45:00,8.9317,8.9384,8.9088,8.9193,2920.39
2026-02-12 12:00:00,8.9182,8.9225,8.8719,8.889,1920.33
2026-02-12 12:15:00,8.8813,8.8858,8.8645,8.8733,360.00
2026-02-12 12:30:00,8.8736,8.8744,8.8432,8.8482,1874.86
2026-02-12 12:45:00,8.8457,8.8604,8.8262,8.8456,1266.37
2026-02-12 13:00:00,8.8406,8.8526,8.823,8.8483,2006.59
2026-02-12 13:15:00,8.8464,8.8553,8.8126,8.8255,1650.89
2026-02-12 13:30:00,8.822,8.8871,8.822,8.8871,6692.86
2026-02-12 13:45:00,8.8867,8.9411,8.876,8.9408,42935.32
2026-02-12 14:00:00,8.9408,8.9422,8.8872,8.9153,12806.04
2026-02-12 14:15:00,8.9144,8.9572,8.9001,8.9453,11458.29
2026-02-12 14:30:00,8.9408,8.9726,8.924,8.9256,17530.14
2026-02-12 14:45:00,8.9265,8.9594,8.912,8.9179,11955.23
2026-02-12 15:00:00,8.9264,8.9492,8.8418,8.8772,18434.86
2026-02-12 15:15:00,8.8839,8.9475,8.8723,8.9397,9519.91
2026-02-12 15:30:00,8.9393,8.9541,8.8243,8.8395,9706.14
2026-02-12 15:45:00,8.834,8.8664,8.7974,8.7981,5295.14
2026-02-12 16:00:00,8.8029,8.8144,8.6885,8.6966,16407.22
2026-02-12 16:15:00,8.6879,8.72,8.6384,8.6515,33124.17
2026-02-12 16:30:00,8.655,8.7506,8.6228,8.7352,15139.01
2026-02-12 16:45:00,8.7449,8.7471,8.6377,8.6701,4171.99
2026-02-12 17:00:00,8.6706,8.7205,8.6526,8.6893,10794.05
2026-02-12 17:15:00,8.6825,8.7456,8.6531,8.7156,2220.63
2026-02-12 17:30:00,8.7169,8.7543,8.6968,8.724,3527.78
2026-02-12 17:45:00,8.7146,8.7146,8.6663,8.6682,2335.81
2026-02-12 18:00:00,8.6735,8.7233,8.6702,8.709,1666.63
2026-02-12 18:15:00,8.7147,8.7148,8.654,8.6651,2483.07
2026-02-12 18:30:00,8.661,8.715,8.6499,8.708,1998.76
2026-02-12 18:45:00,8.7183,8.757,8.7144,8.7304,1586.68
2026-02-12 19:00:00,8.7329,8.76,8.7052,8.7343,4335.88
2026-02-12 19:15:00,8.7455,8.8375,8.7435,8.824,5214.56
2026-02-12 19:30:00,8.8281,8.8612,8.8106,8.817,8004.89
2026-02-12 19:45:00,8.8235,8.8297,8.7662,8.7662,4932.78
2026-02-12 20:00:00,8.7688,8.783,8.7241,8.743,3117.95
2026-02-12 20:15:00,8.7427,8.7705,8.7343,8.7464,4661.86
2026-02-12 20:30:00,8.7445,8.7602,8.726,8.7514,4399.20
2026-02-12 20:45:00,8.7494,8.7494,8.6896,8.7014,2238.63
2026-02-12 21:00:00,8.7066,8.7422,8.7066,8.7337,527.63
2026-02-12 21:15:00,8.7345,8.7566,8.7199,8.7304,2226.28
2026-02-12 21:30:00,8.7328,8.7653,8.7262,8.7473,1426.86
2026-02-12 21:45:00,8.7437,8.751,8.7367,8.7412,588.88
2026-02-12 22:00:00,8.7429,8.7439,8.7229,8.7332,2332.59
2026-02-12 22:15:00,8.7332,8.7679,8.7116,8.7599,3035.08
2026-02-12 22:30:00,8.76,8.7984,8.7577,8.7946,2097.46
2026-02-12 22:45:00,8.7974,8.8374,8.7974,8.834,4262.83
2026-02-12 23:00:00,8.8339,8.8708,8.8236,8.8554,6808.23
2026-02-12 23:15:00,8.8555,8.8975,8.85,8.8859,4877.07
2026-02-12 23:30:00,8.8837,8.8926,8.876,8.888,1366.88
2026-02-12 23:45:00,8.8892,8.9094,8.8815,8.9053,1395.14
2026-02-13 00:00:00,8.9052,8.9324,8.894,8.9118,5871.31
2026-02-13 00:15:00,8.9096,8.9096,8.8781,8.8923,7149.62
2026-02-13 00:30:00,8.8903,8.8904,8.84,8.84,1263.56
2026-02-13 00:45:00,8.836,8.8613,8.8272,8.8574,807.63
2026-02-13 01:00:00,8.8529,8.91,8.8529,8.9077,1126.83
2026-02-13 01:15:00,8.9114,8.9133,8.8544,8.8705,2907.47
2026-02-13 01:30:00,8.8711,8.8935,8.8711,8.8802,1980.31
2026-02-13 01:45:00,8.8781,8.8962,8.856,8.8673,587.24
2026-02-13 02:00:00,8.8719,8.8794,8.858,8.858,1598.03
2026-02-13 02:15:00,8.855,8.8651,8.8407,8.8525,2698.62
2026-02-13 02:30:00,8.849,8.8535,8.8244,8.8408,4965.83
2026-02-13 02:45:00,8.8385,8.8837,8.8374,8.8682,2980.38
2026-02-13 03:00:00,8.8626,8.8683,8.822,8.8224,1337.13
2026-02-13 03:15:00,8.8228,8.8601,8.8202,8.86,1885.75
2026-02-13 03:30:00,8.86,8.8984,8.86,8.866,660.74
2026-02-13 03:45:00,8.8632,8.8632,8.8514,8.8516,1007.95
2026-02-13 04:00:00,8.86,8.8622,8.828,8.828,2362.73
2026-02-13 04:15:00,8.8344,8.8531,8.8238,8.8383,666.84
2026-02-13 04:30:00,8.8375,8.8443,8.828,8.828,244.41
2026-02-13 04:45:00,8.8242,8.8332,8.8026,8.8039,2214.49
2026-02-13 05:00:00,8.8091,8.8129,8.778,8.7812,1742.01
2026-02-13 05:15:00,8.7839,8.8,8.7792,8.7945,1312.82
2026-02-13 05:30:00,8.8032,8.8324,8.8032,8.8248,568.18
2026-02-13 05:45:00,8.8245,8.836,8.7901,8.7901,4506.90
2026-02-13 06:00:00,8.7905,8.8044,8.7883,8.791,3577.06
2026-02-13 06:15:00,8.7891,8.801,8.7413,8.7424,2793.60
2026-02-13 06:30:00,8.7443,8.7606,8.7368,8.7598,1757.49
2026-02-13 06:45:00,8.7606,8.8137,8.7546,8.808,1576.53
2026-02-13 07:00:00,8.8087,8.8543,8.8049,8.8503,6047.84
2026-02-13 07:15:00,8.8476,8.8728,8.8451,8.8692,129548.19
2026-02-13 07:30:00,8.8664,8.8673,8.8232,8.8232,8883.52
2026-02-13 07:45:00,8.8175,8.8424,8.814,8.8361,3859.21
2026-02-13 08:00:00,8.834,8.8486,8.8172,8.8293,4013.68
2026-02-13 08:15:00,8.8276,8.8619,8.8227,8.8473,5388.69
2026-02-13 08:30:00,8.8424,8.8821,8.8405,8.8743,2772.13
2026-02-13 08:45:00,8.8764,8.9181,8.8745,8.8963,3190.08
2026-02-13 09:00:00,8.9039,8.9064,8.85,8.8563,8663.86
2026-02-13 09:15:00,8.8544,8.8849,8.8544,8.8814,6408.44
2026-02-13 09:30:00,8.8796,8.8913,8.8701,8.8701,9294.72
2026-02-13 09:45:00,8.8755,8.8895,8.8754,8.881,2905.78
2026-02-13 10:00:00,8.8828,8.8884,8.8669,8.8851,5719.30
2026-02-13 10:15:00,8.884,8.913,8.8831,8.895,2346.73
2026-02-13 10:30:00,8.8965,8.913,8.8866,8.8997,2996.52
2026-02-13 10:45:00,8.9036,8.9036,8.8868,8.8923,4351.65
2026-02-13 11:00:00,8.8923,8.8962,8.874,8.8777,5877.59
2026-02-13 11:15:00,8.8784,8.8895,8.8728,8.8806,2882.76
2026-02-13 11:30:00,8.8787,8.8817,8.85,8.8721,9782.08
2026-02-13 11:45:00,8.8704,8.8801,8.8633,8.8756,1890.60
2026-02-13 12:00:00,8.8756,8.8756,8.8293,8.8388,11510.81
2026-02-13 12:15:00,8.8389,8.8611,8.8355,8.8564,2446.40
2026-02-13 12:30:00,8.8584,8.8645,8.8497,8.8497,181.17
2026-02-13 12:45:00,8.8556,8.87,8.8516,8.8535,2079.29
2026-02-13 13:00:00,8.8562,8.8757,8.8475,8.8656,3528.64
2026-02-13 13:15:00,8.8654,8.9275,8.8628,8.9152,11843.10
2026-02-13 13:30:00,8.9164,8.9547,8.8931,8.9101,24488.27
2026-02-13 13:45:00,8.904,8.9416,8.897,8.9283,5800.39
2026-02-13 14:00:00,8.9271,8.9343,8.8794,8.8851,9246.98
2026-02-13 14:15:00,8.8851,8.9321,8.8851,8.9261,5963.48
2026-02-13 14:30:00,8.9348,9.0194,8.9182,8.9711,19720.06
2026-02-13 14:45:00,8.9756,9.0386,8.9728,8.9913,16695.88
2026-02-13 15:00:00,8.9929,9.1314,8.9929,9.1086,30585.93
2026-02-13 15:15:00,9.1087,9.1952,9.089,9.1869,30281.19
2026-02-13 15:30:00,9.1932,9.2198,9.1395,9.1395,20798.85
2026-02-13 15:45:00,9.1441,9.1464,9.086,9.111,5899.17
2026-02-13 16:00:00,9.1083,9.1708,9.0992,9.1653,16697.06
2026-02-13 16:15:00,9.17,9.2152,9.156,9.2032,59339.02
2026-02-13 16:30:00,9.214,9.2555,9.2022,9.2271,7684.23
2026-02-13 16:45:00,9.2244,9.2265,9.1919,9.1956,11384.48
2026-02-13 17:00:00,9.1955,9.1993,9.1475,9.1799,10234.59
2026-02-13 17:15:00,9.1777,9.21,9.1761,9.191,3507.35
2026-02-13 17:30:00,9.189,9.1978,9.1836,9.1869,2835.04
2026-02-13 17:45:00,9.185,9.1955,9.1681,9.1705,4456.29
2026-02-13 18:00:00,9.17,9.1707,9.1361,9.144,2588.63
2026-02-13 18:15:00,9.1381,9.1786,9.1356,9.1567,4328.68
2026-02-13 18:30:00,9.1566,9.1987,9.1566,9.1939,1242.72
2026-02-13 18:45:00,9.1943,9.206,9.1819,9.1827,831.89
2026-02-13 19:00:00,9.1833,9.2075,9.1785,9.1985,1151.51
2026-02-13 19:15:00,9.1987,9.2051,9.1758,9.1782,3135.60
2026-02-13 19:30:00,9.1746,9.1884,9.1729,9.1788,826.66
2026-02-13 19:45:00,9.1787,9.2035,9.1784,9.1896,467.01
2026-02-13 20:00:00,9.1876,9.1912,9.165,9.165,5003.30
2026-02-13 20:15:00,9.1692,9.1877,9.1604,9.174,3223.13
2026-02-13 20:30:00,9.1752,9.1938,9.1712,9.1913,784.53
2026-02-13 20:45:00,9.1885,9.219,9.1885,9.2135,2458.90
2026-02-13 21:00:00,9.2085,9.2435,9.2085,9.2398,926.21
2026-02-13 21:15:00,9.2385,9.2442,9.2197,9.2251,3050.82
2026-02-13 21:30:00,9.2223,9.2242,9.2085,9.22,2043.24
2026-02-13 21:45:00,9.2241,9.2287,9.2088,9.2268,876.98
2026-02-13 22:00:00,9.2251,9.2509,9.2096,9.21,2340.84
2026-02-13 22:15:00,9.21,9.2207,9.2085,9.215,3088.96
2026-02-13 22:30:00,9.2123,9.216,9.185,9.2034,1007.25
2026-02-13 22:45:00,9.1995,9.204,9.1846,9.1968,285.41
2026-02-13 23:00:00,9.1989,9.1989,9.1718,9.1732,8166.82
2026-02-13 23:15:00,9.174,9.1816,9.1645,9.1715,1388.54
2026-02-13 23:30:00,9.1682,9.1712,9.1423,9.147,753.72
2026-02-13 23:45:00,9.1504,9.1584,9.1452,9.1497,1745.38
2026-02-14 00:00:00,9.1445,9.1614,9.1276,9.1402,8517.45
2026-02-14 00:15:00,9.1366,9.1556,9.1352,9.15,2203.40
2026-02-14 00:30:00,9.1569,9.1908,9.1569,9.1888,2064.33
2026-02-14 00:45:00,9.1869,9.2134,9.1857,9.194,7652.55
2026-02-14 01:00:00,9.19,9.19,9.1671,9.1868,1587.41
2026-02-14 01:15:00,9.1907,9.1996,9.176,9.185,1522.59
2026-02-14 01:30:00,9.1677,9.1845,9.1637,9.1696,1211.68
2026-02-14 01:45:00,9.172,9.181,9.172,9.1795,992.50
2026-02-14 02:00:00,9.1807,9.1923,9.169,9.1912,4430.98
2026-02-14 02:15:00,9.1902,9.1911,9.172,9.1729,1391.54
2026-02-14 02:30:00,9.1726,9.1886,9.1711,9.1828,1379.98
2026-02-14 02:45:00,9.191,9.1955,9.1856,9.1906,701.11
2026-02-14 03:00:00,9.1828,9.2003,9.1828,9.1989,3821.92
2026-02-14 03:15:00,9.1987,9.206,9.1822,9.2034,1232.74
2026-02-14 03:30:00,9.2018,9.2248,9.2018,9.2094,292.55
2026-02-14 03:45:00,9.2094,9.2146,9.1972,9.2146,3419.19
2026-02-14 04:00:00,9.2079,9.2079,9.1929,9.197,481.24
2026-02-14 04:15:00,9.1932,9.199,9.1879,9.1964,735.55
2026-02-14 04:30:00,9.1978,9.1985,9.1842,9.1907,212.81
2026-02-14 04:45:00,9.1893,9.192,9.1776,9.1776,769.54
2026-02-14 05:00:00,9.1679,9.168,9.1492,9.168,1450.22
2026-02-14 05:15:00,9.1742,9.1908,9.1742,9.1845,556.90
2026-02-14 05:30:00,9.178,9.1824,9.1705,9.1778,1577.92
2026-02-14 05:45:00,9.179,9.1868,9.1648,9.1666,2183.03
2026-02-14 06:00:00,9.1657,9.1728,9.1396,9.1464,3690.84
2026-02-14 06:15:00,9.1458,9.1591,9.1452,9.1557,5609.24
2026-02-14 06:30:00,9.1567,9.1718,9.1495,9.1657,3204.40
2026-02-14 06:45:00,9.1654,9.1825,9.1587,9.1825,3797.40
2026-02-14 07:00:00,9.1809,9.2138,9.1789,9.2134,4026.01
2026-02-14 07:15:00,9.2126,9.2178,9.1989,9.2037,4293.18
2026-02-14 07:30:00,9.2013,9.2067,9.1865,9.201,2718.42
2026-02-14 07:45:00,9.1981,9.2128,9.1883,9.2006,4417.44
2026-02-14 08:00:00,9.1993,9.248,9.1977,9.235,10353.63
2026-02-14 08:15:00,9.2358,9.2455,9.2272,9.2394,3743.16
2026-02-14 08:30:00,9.2391,9.2856,9.2371,9.2807,10096.80
2026-02-14 08:45:00,9.2801,9.285,9.2547,9.2708,12061.90
2026-02-14 09:00:00,9.2675,9.2731,9.2409,9.2434,7689.37
2026-02-14 09:15:00,9.2436,9.2629,9.2391,9.2496,6515.96
2026-02-14 09:30:00,9.2492,9.2611,9.2436,9.2552,6255.08
2026-02-14 09:45:00,9.2555,9.2647,9.2538,9.2599,4488.07
2026-02-14 10:00:00,9.2566,9.2566,9.2284,9.2423,5276.20
2026-02-14 10:15:00,9.24,9.2536,9.2321,9.2415,3854.25
2026-02-14 10:30:00,9.2402,9.2483,9.2343,9.2452,5801.70
2026-02-14 10:45:00,9.2453,9.2548,9.2397,9.2547,5259.47
2026-02-14 11:00:00,9.2517,9.3208,9.2517,9.3053,6783.83
2026-02-14 11:15:00,9.3057,9.3658,9.2985,9.352,4050.53
2026-02-14 11:30:00,9.3502,9.357,9.3278,9.3464,5477.82
2026-02-14 11:45:00,9.3462,9.3909,9.3447,9.3809,5234.19
2026-02-14 12:00:00,9.383,9.39,9.374,9.381,2152.99
2026-02-14 12:15:00,9.3923,9.3995,9.3783,9.3897,3275.66
2026-02-14 12:30:00,9.3873,9.3896,9.3412,9.3476,3962.62
2026-02-14 12:45:00,9.349,9.3531,9.3079,9.3118,4139.99
2026-02-14 13:00:00,9.3092,9.3096,9.2711,9.291,3814.06
2026-02-14 13:15:00,9.2929,9.2984,9.2566,9.2646,4799.83
2026-02-14 13:30:00,9.2662,9.3078,9.2604,9.2843,5355.24
2026-02-14 13:45:00,9.2849,9.3103,9.2826,9.2877,9114.13
2026-02-14 14:00:00,9.293,9.3183,9.2886,9.3157,1231.91
2026-02-14 14:15:00,9.3189,9.3324,9.3064,9.3161,754.94
2026-02-14 14:30:00,9.3198,9.3572,9.3188,9.334,360.15
2026-02-14 14:45:00,9.3363,9.3855,9.3327,9.3781,886.84
2026-02-14 15:00:00,9.369,9.3736,9.3371,9.3371,2599.59
2026-02-14 15:15:00,9.336,9.3763,9.3344,9.3565,1042.89
2026-02-14 15:30:00,9.3672,9.3753,9.357,9.3733,1023.53
2026-02-14 15:45:00,9.3756,9.3862,9.3613,9.3854,1818.92
2026-02-14 16:00:00,9.3879,9.3879,9.3696,9.3714,2210.42
2026-02-14 16:15:00,9.3653,9.3756,9.344,9.3655,1575.22
2026-02-14 16:30:00,9.3654,9.4339,9.3462,9.4278,4460.54
2026-02-14 16:45:00,9.428,9.462,9.4128,9.4401,1765.92
2026-02-14 17:00:00,9.4363,9.4495,9.4195,9.4408,3249.48
2026-02-14 17:15:00,9.444,9.493,9.4428,9.49,4367.90
2026-02-14 17:30:00,9.493,9.499,9.4565,9.4831,14676.84
2026-02-14 17:45:00,9.486,9.4891,9.4669,9.4761,1075.24
2026-02-14 18:00:00,9.4716,9.4836,9.4657,9.4817,1333.46
2026-02-14 18:15:00,9.4776,9.5088,9.4758,9.4934,3573.36
2026-02-14 18:30:00,9.4905,9.5387,9.488,9.537,7835.36
2026-02-14 18:45:00,9.5285,9.5662,9.5285,9.5659,5281.43
2026-02-14 19:00:00,9.5675,9.5871,9.5226,9.5305,3428.60
2026-02-14 19:15:00,9.526,9.568,9.499,9.5595,7517.17
2026-02-14 19:30:00,9.5624,9.5926,9.5544,9.5793,1837.19
2026-02-14 19:45:00,9.5795,9.6366,9.5776,9.636,5045.87
2026-02-14 20:00:00,9.6374,9.655,9.5762,9.5831,3120.32
2026-02-14 20:15:00,9.5802,9.5944,9.5443,9.5773,2044.92
2026-02-14 20:30:00,9.5667,9.5771,9.5414,9.5771,6376.91
2026-02-14 20:45:00,9.5694,9.6,9.5694,9.5975,6822.69
2026-02-14 21:00:00,9.5975,9.6401,9.5964,9.6342,3908.16
2026-02-14 21:15:00,9.6364,9.6535,9.6155,9.619,1459.83
2026-02-14 21:30:00,9.6237,9.6237,9.5624,9.6064,1974.07
2026-02-14 21:45:00,9.607,9.6493,9.6019,9.6493,558.10
2026-02-14 22:00:00,9.6385,9.7178,9.6385,9.7145,10538.07
2026-02-14 22:15:00,9.7145,9.7182,9.6652,9.6679,3838.83
2026-02-14 22:30:00,9.6713,9.6924,9.666,9.6719,362.09
2026-02-14 22:45:00,9.674,9.6901,9.6428,9.6428,4728.05
2026-02-14 23:00:00,9.641,9.6414,9.6063,9.6159,1365.96
2026-02-14 23:15:00,9.615,9.6408,9.5808,9.5902,835.91
2026-02-14 23:30:00,9.5877,9.603,9.5737,9.585,1898.19
2026-02-14 23:45:00,9.5844,9.597,9.5825,9.596,88.70
2026-02-15 00:00:00,9.5951,9.6258,9.5697,9.5718,7097.73
2026-02-15 00:15:00,9.5773,9.6006,9.5684,9.5739,5666.25
2026-02-15 00:30:00,9.5675,9.5807,9.5494,9.5536,3123.87
2026-02-15 00:45:00,9.5526,9.5806,9.5364,9.5781,2475.35
2026-02-15 01:00:00,9.576,9.6385,9.576,9.6086,2138.72
2026-02-15 01:15:00,9.6067,9.6083,9.5197,9.5333,9030.84
2026-02-15 01:30:00,9.5394,9.5652,9.5242,9.536,2170.88
2026-02-15 01:45:00,9.5395,9.5753,9.534,9.5753,1266.08
2026-02-15 02:00:00,9.57,9.6263,9.5448,9.553,2948.13
2026-02-15 02:15:00,9.553,9.5651,9.5272,9.5464,2528.71
2026-02-15 02:30:00,9.5397,9.5641,9.4971,9.5411,3397.82
2026-02-15 02:45:00,9.5424,9.572,9.5346,9.5554,2415.07
2026-02-15 03:00:00,9.5534,9.594,9.5514,9.5637,1876.68
2026-02-15 03:15:00,9.561,9.5879,9.5574,9.5574,1297.40
2026-02-15 03:30:00,9.5493,9.556,9.4779,9.4994,7405.56
2026-02-15 03:45:00,9.5082,9.598,9.5082,9.5955,2563.63
2026-02-15 04:00:00,9.6001,9.695,9.6001,9.6938,3272.60
2026-02-15 04:15:00,9.69,9.7118,9.5851,9.592,64590.95
2026-02-15 04:30:00,9.6,9.6428,9.5999,9.6338,2032.29
2026-02-15 04:45:00,9.6339,9.6738,9.6,9.6175,99989.11
2026-02-15 05:00:00,9.6175,9.6514,9.6173,9.6483,7067.81
2026-02-15 05:15:00,9.6472,9.6761,9.6426,9.6716,634.64
2026-02-15 05:30:00,9.6628,9.6932,9.6581,9.6932,549.63
2026-02-15 05:45:00,9.6961,9.7145,9.6801,9.6834,416.78
2026-02-15 06:00:00,9.6862,9.692,9.6609,9.668,1152.01
2026-02-15 06:15:00,9.66,9.6944,9.6569,9.6797,1205.25
2026-02-15 06:30:00,9.6701,9.6903,9.65,9.65,434.24
2026-02-15 06:45:00,9.6419,9.6473,9.6106,9.6338,739.18
2026-02-15 07:00:00,9.6366,9.6808,9.6358,9.6769,1586.36
2026-02-15 07:15:00,9.675,9.7,9.675,9.68,986.96
2026-02-15 07:30:00,9.6718,9.7479,9.6718,9.6726,10017.70
2026-02-15 07:45:00,9.6727,9.6967,9.6603,9.6967,2586.60
2026-02-15 08:00:00,9.6996,9.7045,9.6661,9.6709,4059.21
2026-02-15 08:15:00,9.6732,9.6964,9.6229,9.6267,8942.67
2026-02-15 08:30:00,9.6298,9.6353,9.528,9.5559,4528.31
2026-02-15 08:45:00,9.5441,9.5833,9.5441,9.5833,1798.79
2026-02-15 09:00:00,9.5792,9.6455,9.5696,9.6351,4373.87
2026-02-15 09:15:00,9.6342,9.6406,9.6095,9.6181,2641.00
2026-02-15 09:30:00,9.6176,9.6271,9.5862,9.6031,1903.96
2026-02-15 09:45:00,9.6032,9.6049,9.57,9.5877,4987.71
2026-02-15 10:00:00,9.5865,9.5949,9.5366,9.5452,3971.57
2026-02-15 10:15:00,9.5422,9.5526,9.5148,9.5412,1267.32
2026-02-15 10:30:00,9.5398,9.5467,9.5089,9.5435,629.49
2026-02-15 10:45:00,9.543,9.5634,9.5413,9.5505,549.91
2026-02-15 11:00:00,9.5528,9.5672,9.5495,9.5495,925.28
2026-02-15 11:15:00,9.5489,9.558,9.5215,9.5332,5973.14
2026-02-15 11:30:00,9.5304,9.5383,9.5219,9.5263,1200.07
2026-02-15 11:45:00,9.53,9.5373,9.5221,9.5281,178.17
2026-02-15 12:00:00,9.538,9.538,9.4864,9.5027,2226.97
2026-02-15 12:15:00,9.501,9.54,9.4919,9.5282,5179.58
2026-02-15 12:30:00,9.5185,9.5264,9.473,9.4898,5133.77
2026-02-15 12:45:00,9.4862,9.4896,9.3258,9.3268,11628.20
2026-02-15 13:00:00,9.3347,9.4012,9.3347,9.4004,3991.61
2026-02-15 13:15:00,9.405,9.4108,9.36,9.36,1877.01
2026-02-15 13:30:00,9.3555,9.3678,9.3162,9.3215,2452.49
2026-02-15 13:45:00,9.3192,9.3386,9.2774,9.2972,3927.98
2026-02-15 14:00:00,9.2902,9.3392,9.2902,9.3174,3577.99
2026-02-15 14:15:00,9.3203,9.3323,9.3145,9.3224,1056.60
2026-02-15 14:30:00,9.3323,9.3673,9.3305,9.3655,1344.53
2026-02-15 14:45:00,9.3629,9.3714,9.3614,9.3675,692.86
2026-02-15 15:00:00,9.3699,9.3959,9.3665,9.3959,760.85
2026-02-15 15:15:00,9.3908,9.3908,9.3614,9.3614,903.49
2026-02-15 15:30:00,9.3677,9.378,9.3585,9.3681,274.80
2026-02-15 15:45:00,9.38,9.3927,9.3697,9.3823,1515.24
2026-02-15 16:00:00,9.3802,9.3802,9.321,9.3539,4009.73
2026-02-15 16:15:00,9.3451,9.3642,9.336,9.3598,3845.58
2026-02-15 16:30:00,9.3625,9.3635,9.3357,9.346,2074.78
2026-02-15 16:45:00,9.3419,9.363,9.3419,9.362,790.96
2026-02-15 17:00:00,9.362,9.3747,9.3568,9.366,2081.88
2026-02-15 17:15:00,9.365,9.365,9.3179,9.3217,866.73
2026-02-15 17:30:00,9.3295,9.3392,9.301,9.3067,4683.27
2026-02-15 17:45:00,9.2972,9.2972,9.19,9.2523,25858.65
2026-02-15 18:00:00,9.2408,9.2732,9.2141,9.2555,4304.03
2026-02-15 18:15:00,9.2498,9.2687,9.234,9.2349,1444.39
2026-02-15 18:30:00,9.2281,9.229,9.1935,9.2207,5052.50
2026-02-15 18:45:00,9.2235,9.2235,9.1742,9.1898,2479.50
2026-02-15 19:00:00,9.1903,9.1987,9.1361,9.169,8446.13
2026-02-15 19:15:00,9.1644,9.2301,9.1616,9.2273,1980.30
2026-02-15 19:30:00,9.2136,9.2136,9.1512,9.166,1215.96
2026-02-15 19:45:00,9.1665,9.1877,9.1622,9.178,567.19
2026-02-15 20:00:00,9.1809,9.1896,9.146,9.1896,2609.80
2026-02-15 20:15:00,9.1842,9.1979,9.1612,9.1951,897.51
2026-02-15 20:30:00,9.2013,9.2304,9.2008,9.2199,1406.76
2026-02-15 20:45:00,9.214,9.2226,9.1975,9.2157,288.91
2026-02-15 21:00:00,9.2167,9.2497,9.2167,9.2418,1135.05
2026-02-15 21:15:00,9.2396,9.2526,9.2296,9.2427,682.33
2026-02-15 21:30:00,9.2491,9.2817,9.2392,9.2392,4886.00
2026-02-15 21:45:00,9.2388,9.2517,9.2286,9.2434,1312.90
2026-02-15 22:00:00,9.2389,9.2657,9.2239,9.2488,2639.12
2026-02-15 22:15:00,9.2518,9.2794,9.2464,9.2714,560.15
2026-02-15 22:30:00,9.2704,9.2997,9.2673,9.2829,1343.54
2026-02-15 22:45:00,9.2832,9.294,9.2712,9.2819,4613.91
2026-02-15 23:00:00,9.2793,9.2802,9.2037,9.2157,938.43
2026-02-15 23:15:00,9.2178,9.2415,9.2085,9.2371,1186.54
2026-02-15 23:30:00,9.2466,9.2723,9.2466,9.2593,1071.43
2026-02-15 23:45:00,9.2627,9.29,9.2627,9.2838,681.96
2026-02-16 00:00:00,9.2816,9.3373,9.2694,9.3162,12570.90
2026-02-16 00:15:00,9.3156,9.3336,9.2762,9.2796,4672.75
2026-02-16 00:30:00,9.2762,9.3028,9.261,9.261,1119.01
2026-02-16 00:45:00,9.26,9.294,9.2528,9.2777,598.58
2026-02-16 01:00:00,9.2825,9.3344,9.2812,9.2966,1066.48
2026-02-16 01:15:00,9.2941,9.3022,9.2364,9.2464,1153.29
2026-02-16 01:30:00,9.2566,9.2619,9.2087,9.2284,897.18
2026-02-16 01:45:00,9.2348,9.2466,9.2267,9.2454,366.63
2026-02-16 02:00:00,9.2443,9.2662,9.2272,9.2544,807.13
2026-02-16 02:15:00,9.257,9.2589,9.2159,9.2159,467.01
2026-02-16 02:30:00,9.2182,9.2352,9.2103,9.2283,314.85
2026-02-16 02:45:00,9.2272,9.2307,9.2058,9.2114,286.40
2026-02-16 03:00:00,9.218,9.2332,9.2132,9.2258,1193.01
2026-02-16 03:15:00,9.2256,9.2356,9.212,9.214,508.66
2026-02-16 03:30:00,9.219,9.2253,9.2112,9.2252,464.04
2026-02-16 03:45:00,9.2247,9.2409,9.2185,9.2409,473.35
2026-02-16 04:00:00,9.2347,9.273,9.2325,9.2649,906.06
2026-02-16 04:15:00,9.2719,9.2979,9.2647,9.2887,305.26
2026-02-16 04:30:00,9.2936,9.2936,9.2676,9.2687,654.55
2026-02-16 04:45:00,9.2652,9.3111,9.2586,9.3111,304.28
2026-02-16 05:00:00,9.3166,9.3273,9.2417,9.2417,1306.58
2026-02-16 05:15:00,9.2411,9.2414,9.197,9.2039,1427.62
2026-02-16 05:30:00,9.206,9.2155,9.1816,9.1932,1317.57
2026-02-16 05:45:00,9.1946,9.2106,9.1946,9.2023,595.06
2026-02-16 06:00:00,9.2006,9.2269,9.2006,9.2138,440.19
2026-02-16 06:15:00,9.208,9.2214,9.1945,9.2181,284.99
2026-02-16 06:30:00,9.2155,9.27,9.2155,9.2685,849.73
2026-02-16 06:45:00,9.2669,9.2699,9.2472,9.2601,306.13
2026-02-16 07:00:00,9.2532,9.274,9.2412,9.274,862.36
2026-02-16 07:15:00,9.2768,9.2962,9.2623,9.273,555.06
2026-02-16 07:30:00,9.2594,9.274,9.2364,9.2403,509.63
2026-02-16 07:45:00,9.2449,9.2631,9.2437,9.2549,464.77
2026-02-16 08:00:00,9.2566,9.2847,9.2566,9.27,1442.50
2026-02-16 08:15:00,9.2675,9.2989,9.2625,9.2935,2968.08
2026-02-16 08:30:00,9.2955,9.2975,9.2719,9.2719,2697.78
2026-02-16 08:45:00,9.2771,9.2925,9.2739,9.2814,1466.72
2026-02-16 09:00:00,9.2745,9.3283,9.2745,9.3035,9706.76
2026-02-16 09:15:00,9.3032,9.315,9.2933,9.3136,4569.73
2026-02-16 09:30:00,9.2994,9.3411,9.2979,9.3305,6672.15
2026-02-16 09:45:00,9.331,9.3385,9.3203,9.3225,2915.76
2026-02-16 10:00:00,9.3162,9.3221,9.3013,9.3022,2819.76
2026-02-16 10:15:00,9.3026,9.3026,9.2684,9.2803,1641.72
2026-02-16 10:30:00,9.2811,9.29,9.2691,9.2769,1371.45
2026-02-16 10:45:00,9.2788,9.2857,9.2611,9.266,413.18
2026-02-16 11:00:00,9.268,9.2835,9.2009,9.2208,3996.40
2026-02-16 11:15:00,9.2087,9.239,9.1732,9.2385,9038.69
2026-02-16 11:30:00,9.2323,9.2389,9.2245,9.2296,871.10
2026-02-16 11:45:00,9.231,9.2847,9.231,9.273,1336.37
2026-02-16 12:00:00,9.2671,9.2832,9.2636,9.2759,1278.93
2026-02-16 12:15:00,9.2782,9.3568,9.2601,9.3459,48002.95
2026-02-16 12:30:00,9.3432,9.3492,9.3199,9.3368,5415.54
2026-02-16 12:45:00,9.3391,9.38,9.3289,9.3657,3070.40
2026-02-16 13:00:00,9.3682,9.4141,9.342,9.3436,3851.19
2026-02-16 13:15:00,9.3421,9.364,9.235,9.264,2393.70
2026-02-16 13:30:00,9.257,9.279,9.2142,9.2495,1318.25
2026-02-16 13:45:00,9.2472,9.2472,9.1896,9.2064,1292.36
2026-02-16 14:00:00,9.206,9.2384,9.2004,9.2231,2826.20
2026-02-16 14:15:00,9.2184,9.2405,9.1661,9.1761,2174.61
2026-02-16 14:30:00,9.1716,9.2439,9.1691,9.2304,8450.27
2026-02-16 14:45:00,9.2297,9.2626,9.2086,9.2177,4734.78
2026-02-16 15:00:00,9.2178,9.2569,9.2048,9.2091,5160.23
2026-02-16 15:15:00,9.2018,9.2157,9.1894,9.2019,2873.46
2026-02-16 15:30:00,9.19,9.19,9.0474,9.0891,11395.31
2026-02-16 15:45:00,9.0837,9.1006,9.0709,9.0811,4461.78
2026-02-16 16:00:00,9.0808,9.1361,9.0603,9.1023,14572.89
2026-02-16 16:15:00,9.1044,9.1285,9.0753,9.118,5980.80
2026-02-16 16:30:00,9.1252,9.1258,9.0779,9.1258,3854.79
2026-02-16 16:45:00,9.1185,9.1379,9.1185,9.1352,2364.42
2026-02-16 17:00:00,9.134,9.1523,9.114,9.1281,3354.92
2026-02-16 17:15:00,9.1364,9.1664,9.1096,9.1627,1868.66
2026-02-16 17:30:00,9.1603,9.177,9.1503,9.1701,7041.75
2026-02-16 17:45:00,9.172,9.172,9.1444,9.1504,772.41
2026-02-16 18:00:00,9.1502,9.1733,9.1501,9.1616,3440.96
2026-02-16 18:15:00,9.1616,9.1728,9.142,9.1434,4416.77
2026-02-16 18:30:00,9.1431,9.1487,9.1323,9.1385,1220.57
2026-02-16 18:45:00,9.1363,9.1465,9.1233,9.1233,1347.55
2026-02-16 19:00:00,9.1256,9.141,9.1252,9.1376,2499.99
2026-02-16 19:15:00,9.1416,9.1461,9.1149,9.1389,1385.95
2026-02-16 19:30:00,9.1418,9.162,9.134,9.1532,2562.60
2026-02-16 19:45:00,9.1551,9.1551,9.1407,9.1407,442.08
2026-02-16 20:00:00,9.1412,9.1413,9.112,9.1218,1873.30
2026-02-16 20:15:00,9.1171,9.1674,9.117,9.1674,1739.06
2026-02-16 20:30:00,9.17,9.1861,9.1641,9.1762,4026.82
2026-02-16 20:45:00,9.1754,9.2149,9.1711,9.2001,2481.63
2026-02-16 21:00:00,9.2054,9.218,9.1797,9.218,5116.74
2026-02-16 21:15:00,9.23,9.2424,9.2146,9.2208,2314.20
2026-02-16 21:30:00,9.2232,9.2358,9.216,9.23,2838.63
2026-02-16 21:45:00,9.2274,9.2785,9.2233,9.275,5665.77
2026-02-16 22:00:00,9.272,9.306,9.265,9.2672,5449.14
2026-02-16 22:15:00,9.2676,9.2782,9.2564,9.2772,2449.99
2026-02-16 22:30:00,9.273,9.2863,9.254,9.2861,5954.94
2026-02-16 22:45:00,9.2773,9.2773,9.2529,9.263,1586.09
2026-02-16 23:00:00,9.2632,9.2712,9.2542,9.2658,7300.55
2026-02-16 23:15:00,9.2658,9.2761,9.2546,9.2568,3174.68
2026-02-16 23:30:00,9.2578,9.262,9.2489,9.2489,3365.31
2026-02-16 23:45:00,9.2569,9.2739,9.2569,9.2618,2149.33
2026-02-17 00:00:00,9.2618,9.2685,9.25,9.2625,3139.28
2026-02-17 00:15:00,9.2645,9.2687,9.25,9.2648,2749.37
2026-02-17 00:30:00,9.2631,9.2646,9.2381,9.2451,1907.60
2026-02-17 00:45:00,9.2474,9.272,9.238,9.2443,1132.14
2026-02-17 01:00:00,9.2449,9.273,9.2373,9.2544,2154.86
2026-02-17 01:15:00,9.2533,9.2576,9.2456,9.2483,1684.33
2026-02-17 01:30:00,9.2454,9.2584,9.2417,9.2458,1076.96
2026-02-17 01:45:00,9.2451,9.2483,9.2196,9.224,897.39
2026-02-17 02:00:00,9.2229,9.2852,9.1819,9.2666,2981.01
2026-02-17 02:15:00,9.2753,9.2785,9.2657,9.2768,1080.12
2026-02-17 02:30:00,9.2787,9.2861,9.2652,9.277,201.17
2026-02-17 02:45:00,9.2864,9.2943,9.2768,9.2773,703.72
2026-02-17 03:00:00,9.2764,9.277,9.24,9.2495,2891.72
2026-02-17 03:15:00,9.252,9.2564,9.2358,9.244,385.33
2026-02-17 03:30:00,9.2326,9.2395,9.2264,9.2331,190.48
2026-02-17 03:45:00,9.2344,9.236,9.219,9.219,2966.85
2026-02-17 04:00:00,9.22,9.22,9.1965,9.2146,2612.74
2026-02-17 04:15:00,9.2151,9.244,9.2017,9.239,470.37
2026-02-17 04:30:00,9.2362,9.2362,9.1875,9.231,699.03
2026-02-17 04:45:00,9.2322,9.2433,9.2203,9.2267,233.50
2026-02-17 05:00:00,9.2301,9.2301,9.2078,9.2078,1521.39
2026-02-17 05:15:00,9.2097,9.2116,9.1614,9.1681,1588.46
2026-02-17 05:30:00,9.1662,9.1731,9.1299,9.1709,871.31
2026-02-17 05:45:00,9.1673,9.1756,9.1586,9.1615,560.60
2026-02-17 06:00:00,9.162,9.1916,9.1619,9.1724,447.13
2026-02-17 06:15:00,9.1776,9.2007,9.1719,9.1955,286.49
2026-02-17 06:30:00,9.1871,9.204,9.187,9.2036,753.65
2026-02-17 06:45:00,9.1941,9.2064,9.192,9.1985,100.78
2026-02-17 07:00:00,9.1935,9.1955,9.1773,9.1834,925.27
2026-02-17 07:15:00,9.1761,9.1832,9.1683,9.1711,1041.84
2026-02-17 07:30:00,9.1721,9.206,9.1672,9.206,782.31
2026-02-17 07:45:00,9.1989,9.2154,9.1911,9.1911,453.79
2026-02-17 08:00:00,9.2019,9.213,9.2002,9.2002,3719.90
2026-02-17 08:15:00,9.2002,9.2038,9.1841,9.1858,2749.79
2026-02-17 08:30:00,9.1844,9.1942,9.154,9.1644,1603.89
2026-02-17 08:45:00,9.1681,9.171,9.1494,9.1542,1889.52
2026-02-17 09:00:00,9.1524,9.1646,9.1288,9.1317,1857.11
2026-02-17 09:15:00,9.1298,9.1375,9.1189,9.1276,1489.96
2026-02-17 09:30:00,9.1231,9.1272,9.106,9.1163,2447.64
2026-02-17 09:45:00,9.1268,9.132,9.1167,9.1284,870.35
2026-02-17 10:00:00,9.1245,9.1286,9.1026,9.1026,1702.57
2026-02-17 10:15:00,9.1019,9.1019,9.053,9.0635,3184.20
2026-02-17 10:30:00,9.0593,9.0797,9.0593,9.0701,3703.64
2026-02-17 10:45:00,9.0736,9.0795,9.0669,9.0795,3089.71
2026-02-17 11:00:00,9.0797,9.109,9.0692,9.109,2523.97
2026-02-17 11:15:00,9.1052,9.1229,9.0945,9.1113,1198.24
2026-02-17 11:30:00,9.1113,9.1161,9.0978,9.107,1457.08
2026-02-17 11:45:00,9.103,9.1133,9.0939,9.1061,1815.16
2026-02-17 12:00:00,9.1067,9.1369,9.1021,9.1204,1831.41
2026-02-17 12:15:00,9.1167,9.1408,9.1156,9.14,1177.07
2026-02-17 12:30:00,9.1324,9.1783,9.1316,9.162,1424.17
2026-02-17 12:45:00,9.164,9.164,9.1305,9.1398,2126.39
2026-02-17 13:00:00,9.1414,9.1955,9.1236,9.193,2958.08
2026-02-17 13:15:00,9.1902,9.2216,9.1735,9.1849,1447.49
2026-02-17 13:30:00,9.1853,9.1853,9.161,9.169,885.55
2026-02-17 13:45:00,9.165,9.2204,9.165,9.1984,1961.54
2026-02-17 14:00:00,9.1926,9.2224,9.1776,9.2011,4752.36
2026-02-17 14:15:00,9.2,9.2064,9.1895,9.1923,3564.30
2026-02-17 14:30:00,9.1979,9.2198,9.0605,9.08,7247.21
2026-02-17 14:45:00,9.0751,9.0751,9.01,9.0419,10615.66
2026-02-17 15:00:00,9.034,9.0936,9.0254,9.0592,6781.28
2026-02-17 15:15:00,9.0648,9.1028,9.0333,9.0344,532.73
2026-02-17 15:30:00,9.0506,9.0675,9.0006,9.0117,5471.26
2026-02-17 15:45:00,9.0189,9.084,9.0184,9.0766,2074.67
2026-02-17 16:00:00,9.0795,9.1835,9.0743,9.1754,3810.61
2026-02-17 16:15:00,9.1692,9.2148,9.1454,9.1454,3952.60
2026-02-17 16:30:00,9.1464,9.289,9.1464,9.2115,2577.18
2026-02-17 16:45:00,9.2087,9.2099,9.148,9.1488,3794.23
2026-02-17 17:00:00,9.1398,9.1638,9.0596,9.0889,2830.11
2026-02-17 17:15:00,9.0886,9.132,9.0879,9.132,1845.74
2026-02-17 17:30:00,9.1327,9.1327,9.0575,9.0575,3622.26
2026-02-17 17:45:00,9.0538,9.086,9.0375,9.0754,1293.63
2026-02-17 18:00:00,9.0734,9.1092,9.0653,9.1027,5691.49
2026-02-17 18:15:00,9.0955,9.1936,9.0761,9.1936,58347.93
2026-02-17 18:30:00,9.1941,9.243,9.1651,9.2233,4562.66
2026-02-17 18:45:00,9.2171,9.2509,9.2171,9.2262,5146.40
2026-02-17 19:00:00,9.2287,9.245,9.2178,9.2433,12161.94
2026-02-17 19:15:00,9.2391,9.2439,9.1955,9.1988,9007.77
2026-02-17 19:30:00,9.1955,9.2019,9.1723,9.1952,2161.79
2026-02-17 19:45:00,9.2025,9.213,9.1722,9.176,387.35
2026-02-17 20:00:00,9.1757,9.1859,9.1566,9.1648,1746.33
2026-02-17 20:15:00,9.1653,9.174,9.1392,9.166,981.63
2026-02-17 20:30:00,9.163,9.1818,9.1304,9.1818,590.40
2026-02-17 20:45:00,9.1748,9.1785,9.157,9.1581,2486.07
2026-02-17 21:00:00,9.1608,9.1855,9.152,9.1815,7794.80
2026-02-17 21:15:00,9.1832,9.1858,9.144,9.1479,1979.32
2026-02-17 21:30:00,9.1519,9.1575,9.1374,9.1575,1216.60
2026-02-17 21:45:00,9.1595,9.17,9.153,9.1682,316.81
2026-02-17 22:00:00,9.1685,9.1712,9.154,9.164,875.91
2026-02-17 22:15:00,9.1582,9.1724,9.152,9.1649,650.81
2026-02-17 22:30:00,9.1689,9.1931,9.1689,9.1838,844.97
2026-02-17 22:45:00,9.1838,9.1838,9.152,9.1602,320.03
2026-02-17 23:00:00,9.1561,9.1686,9.1387,9.144,1609.30
2026-02-17 23:15:00,9.1473,9.1596,9.1409,9.142,1571.67
2026-02-17 23:30:00,9.141,9.1451,9.127,9.1441,500.26
2026-02-17 23:45:00,9.1465,9.1479,9.1316,9.1383,2030.83
2026-02-18 00:00:00,9.137,9.1466,9.13,9.135,4154.65
2026-02-18 00:15:00,9.1338,9.1441,9.12,9.1252,1376.90
2026-02-18 00:30:00,9.1201,9.1428,9.1201,9.1272,915.22
2026-02-18 00:45:00,9.12,9.12,9.104,9.1063,828.38
2026-02-18 01:00:00,9.1082,9.1145,9.0785,9.0937,12761.18
2026-02-18 01:15:00,9.0951,9.1077,9.0893,9.0931,363.61
2026-02-18 01:30:00,9.092,9.092,9.0672,9.089,121.32
2026-02-18 01:45:00,9.0923,9.1039,9.083,9.1003,2269.23
2026-02-18 02:00:00,9.1001,9.1629,9.1,9.1398,1213.29
2026-02-18 02:15:00,9.1473,9.1508,9.1212,9.1212,3821.48
2026-02-18 02:30:00,9.1191,9.1439,9.1162,9.1335,995.84
2026-02-18 02:45:00,9.1335,9.1343,9.107,9.107,229.73
2026-02-18 03:00:00,9.112,9.1199,9.0939,9.1012,1223.35
2026-02-18 03:15:00,9.1048,9.124,9.1048,9.1205,470.63
2026-02-18 03:30:00,9.119,9.1294,9.1113,9.1192,2836.10
2026-02-18 03:45:00,9.1166,9.1185,9.105,9.105,1653.05
2026-02-18 04:00:00,9.106,9.1096,9.092,9.097,3229.69
2026-02-18 04:15:00,9.098,9.112,9.082,9.0842,236.53
2026-02-18 04:30:00,9.0848,9.0909,9.0701,9.0714,1043.38
2026-02-18 04:45:00,9.07,9.0832,9.0678,9.0717,297.54
2026-02-18 05:00:00,9.0699,9.075,9.049,9.0594,1551.43
2026-02-18 05:15:00,9.0693,9.0786,9.061,9.063,1148.81
2026-02-18 05:30:00,9.054,9.0546,9.0398,9.051,360.20
2026-02-18 05:45:00,9.0452,9.066,9.0319,9.032,1066.55
2026-02-18 06:00:00,9.034,9.0599,9.033,9.0544,2136.78
2026-02-18 06:15:00,9.0527,9.0652,9.0456,9.0636,531.34
2026-02-18 06:30:00,9.0632,9.08,9.06,9.0755,256.71
2026-02-18 06:45:00,9.079,9.086,9.0554,9.056,332.36
2026-02-18 07:00:00,9.056,9.072,9.0543,9.059,1359.47
2026-02-18 07:15:00,9.0583,9.0701,9.0508,9.0701,224.18
2026-02-18 07:30:00,9.072,9.1158,9.0712,9.114,499.65
2026-02-18 07:45:00,9.1122,9.1442,9.11,9.1242,3025.88
2026-02-18 08:00:00,9.1256,9.1545,9.1256,9.1343,2606.12
2026-02-18 08:15:00,9.135,9.2038,9.135,9.1783,2443.22
2026-02-18 08:30:00,9.1786,9.1896,9.1512,9.1548,1089.61
2026-02-18 08:45:00,9.1464,9.1492,9.1313,9.1357,468.44
2026-02-18 09:00:00,9.133,9.1413,9.1214,9.1334,1917.19
2026-02-18 09:15:00,9.126,9.1311,9.12,9.124,2503.83
2026-02-18 09:30:00,9.1225,9.1396,9.1225,9.1309,1653.47
2026-02-18 09:45:00,9.1309,9.1352,9.111,9.1144,823.98
2026-02-18 10:00:00,9.1167,9.1453,9.1104,9.1411,1207.53
2026-02-18 10:15:00,9.1403,9.1403,9.1136,9.12,297.33
2026-02-18 10:30:00,9.1185,9.1185,9.0865,9.0865,1398.13
2026-02-18 10:45:00,9.0833,9.0932,9.0825,9.0862,859.51
2026-02-18 11:00:00,9.0874,9.0986,9.0035,9.0416,1756.97
2026-02-18 11:15:00,9.0462,9.0549,9.044,9.054,934.74
2026-02-18 11:30:00,9.0507,9.0576,9.042,9.0543,527.81
2026-02-18 11:45:00,9.06,9.0646,9.03,9.0355,140.32
2026-02-18 12:00:00,9.0372,9.0658,9.035,9.0486,1724.80
2026-02-18 12:15:00,9.0455,9.054,9.0383,9.0513,590.16
2026-02-18 12:30:00,9.0528,9.0528,9.0153,9.0518,1951.42
2026-02-18 12:45:00,9.051,9.0642,9.0411,9.0411,39735.87
2026-02-18 13:00:00,9.0471,9.054,9.0319,9.0508,9245.13
2026-02-18 13:15:00,9.0538,9.0572,9.0358,9.0542,1171.83
2026-02-18 13:30:00,9.0499,9.0506,9.0111,9.016,3466.76
2026-02-18 13:45:00,9.0165,9.02,8.9656,8.9885,2893.59
2026-02-18 14:00:00,8.9876,8.998,8.979,8.9956,2408.56
2026-02-18 14:15:00,8.9924,8.9986,8.9745,8.9765,840.42
2026-02-18 14:30:00,8.971,9.0217,8.9596,8.9911,13135.20
2026-02-18 14:45:00,8.9943,9.0206,8.9389,9.0156,4106.85
2026-02-18 15:00:00,9.0123,9.072,9.0123,9.06,3670.06
2026-02-18 15:15:00,9.0597,9.073,9.0496,9.058,4713.30
2026-02-18 15:30:00,9.06,9.197,9.057,9.1668,5298.87
2026-02-18 15:45:00,9.1644,9.1708,9.1097,9.114,3341.14
2026-02-18 16:00:00,9.1105,9.116,9.0197,9.0324,4850.43
2026-02-18 16:15:00,9.032,9.0574,9.0216,9.046,1878.15
2026-02-18 16:30:00,9.046,9.0518,9.0125,9.0416,2788.19
2026-02-18 16:45:00,9.036,9.0361,9.0124,9.029,370.81
2026-02-18 17:00:00,9.0293,9.1053,9.0293,9.0648,1605.86
2026-02-18 17:15:00,9.0657,9.073,9.0312,9.0395,886.82
2026-02-18 17:30:00,9.03,9.0432,9.021,9.022,692.80
2026-02-18 17:45:00,9.025,9.0328,9.013,9.0135,2240.76
2026-02-18 18:00:00,9.0174,9.0251,8.9988,9.0005,1530.64
2026-02-18 18:15:00,9.0045,9.0125,8.9091,8.962,7901.01
2026-02-18 18:30:00,8.9583,8.977,8.9062,8.9074,1938.02
2026-02-18 18:45:00,8.917,8.943,8.9071,8.917,2767.52
2026-02-18 19:00:00,8.9168,8.9514,8.9141,8.921,2449.31
2026-02-18 19:15:00,8.9206,8.9262,8.8962,8.8962,2784.64
2026-02-18 19:30:00,8.9051,8.9051,8.8169,8.8586,14113.64
2026-02-18 19:45:00,8.8585,8.8794,8.8395,8.8794,2737.62
2026-02-18 20:00:00,8.8793,8.8864,8.8623,8.8733,1742.63
2026-02-18 20:15:00,8.8706,8.8712,8.8553,8.8573,528.34
2026-02-18 20:30:00,8.8576,8.9004,8.8565,8.9,1121.95
2026-02-18 20:45:00,8.8926,8.9125,8.8638,8.8662,1360.54
2026-02-18 21:00:00,8.8692,8.8801,8.8453,8.8596,5335.55
2026-02-18 21:15:00,8.8548,8.8935,8.8548,8.8935,618.74
2026-02-18 21:30:00,8.8975,8.9004,8.8789,8.884,7191.67
2026-02-18 21:45:00,8.886,8.886,8.846,8.8484,3026.13
2026-02-18 22:00:00,8.8494,8.8512,8.7976,8.8165,2620.56
2026-02-18 22:15:00,8.8174,8.8307,8.8071,8.8161,278.81
2026-02-18 22:30:00,8.8194,8.8585,8.8189,8.8454,313.07
2026-02-18 22:45:00,8.8446,8.8594,8.839,8.8531,1607.83
2026-02-18 23:00:00,8.844,8.8484,8.832,8.8418,1007.89
2026-02-18 23:15:00,8.8403,8.845,8.8322,8.8337,1334.88
2026-02-18 23:30:00,8.8363,8.8531,8.8363,8.853,2712.07
2026-02-18 23:45:00,8.8398,8.8571,8.8391,8.8504,2355.38
2026-02-19 00:00:00,8.8494,8.8626,8.8401,8.8435,2863.32
2026-02-19 00:15:00,8.848,8.861,8.8365,8.8444,1377.23
2026-02-19 00:30:00,8.8477,8.8628,8.8398,8.8626,989.35
2026-02-19 00:45:00,8.8599,8.8619,8.8295,8.835,2148.65
2026-02-19 01:00:00,8.836,8.894,8.836,8.8744,3530.44
2026-02-19 01:15:00,8.8712,8.876,8.8441,8.86,1771.19
2026-02-19 01:30:00,8.8616,8.8851,8.8511,8.8851,663.54
2026-02-19 01:45:00,8.89,8.9055,8.8842,8.905,668.52
2026-02-19 02:00:00,8.9064,8.913,8.8983,8.9031,1304.29
2026-02-19 02:15:00,8.9009,8.9155,8.9006,8.9132,190.14
2026-02-19 02:30:00,8.9159,8.9159,8.8644,8.8698,563.46
2026-02-19 02:45:00,8.8712,8.8961,8.87,8.8906,695.97
2026-02-19 03:00:00,8.888,8.9051,8.8845,8.8913,1028.81
2026-02-19 03:15:00,8.8893,8.9174,8.8893,8.9174,95.55
2026-02-19 03:30:00,8.9198,8.9198,8.8914,8.9009,743.14
2026-02-19 03:45:00,8.8999,8.9094,8.888,8.9067,681.47
2026-02-19 04:00:00,8.9076,8.9332,8.907,8.9176,1648.36
2026-02-19 04:15:00,8.9171,8.9204,8.9022,8.9052,151.59
2026-02-19 04:30:00,8.9045,8.918,8.9024,8.9024,235.62
2026-02-19 04:45:00,8.9011,8.906,8.8936,8.8936,972.96
2026-02-19 05:00:00,8.8923,8.8979,8.8763,8.8806,1474.90
2026-02-19 05:15:00,8.8806,8.8897,8.8352,8.845,3479.70
2026-02-19 05:30:00,8.8452,8.862,8.8377,8.8568,1265.99
2026-02-19 05:45:00,8.8507,8.8704,8.847,8.8675,2751.68
2026-02-19 06:00:00,8.868,8.8997,8.868,8.8924,262.98
2026-02-19 06:15:00,8.8936,8.9202,8.889,8.919,359.26
2026-02-19 06:30:00,8.9208,8.926,8.8956,8.8973,454.97
2026-02-19 06:45:00,8.8928,8.9128,8.8928,8.904,199.31
2026-02-19 07:00:00,8.906,8.906,8.8808,8.8986,471.25
2026-02-19 07:15:00,8.8935,8.908,8.8926,8.908,152.33
2026-02-19 07:30:00,8.9074,8.92,8.8901,8.8955,828.04
2026-02-19 07:45:00,8.8956,8.9078,8.8872,8.8967,2493.82
2026-02-19 08:00:00,8.8999,8.9004,8.87,8.8731,4151.30
2026-02-19 08:15:00,8.8704,8.8803,8.8405,8.8448,1091.99
2026-02-19 08:30:00,8.844,8.844,8.8045,8.815,6434.97
2026-02-19 08:45:00,8.815,8.8267,8.8085,8.8267,12801.94
2026-02-19 09:00:00,8.8267,8.8352,8.817,8.8247,14902.28
2026-02-19 09:15:00,8.8263,8.8686,8.8192,8.8581,10585.50
2026-02-19 09:30:00,8.8571,8.8606,8.8412,8.8606,3344.47
2026-02-19 09:45:00,8.862,8.862,8.8195,8.8247,5354.03
2026-02-19 10:00:00,8.8268,8.8312,8.8023,8.8248,14353.06
2026-02-19 10:15:00,8.822,8.8489,8.822,8.8378,3219.01
2026-02-19 10:30:00,8.8342,8.848,8.8273,8.8442,2482.47
2026-02-19 10:45:00,8.8365,8.8475,8.8168,8.8238,558.95
2026-02-19 11:00:00,8.824,8.8284,8.8172,8.828,2603.40
2026-02-19 11:15:00,8.8283,8.8351,8.8155,8.8155,6434.87
2026-02-19 11:30:00,8.8167,8.8194,8.7983,8.8071,7769.64
2026-02-19 11:45:00,8.8045,8.8053,8.7819,8.7895,9382.43
2026-02-19 12:00:00,8.7887,8.7983,8.778,8.7919,3114.68
2026-02-19 12:15:00,8.794,8.8088,8.7853,8.8088,2829.85
2026-02-19 12:30:00,8.8108,8.8148,8.794,8.8003,251.74
2026-02-19 12:45:00,8.7977,8.8046,8.7873,8.7879,1256.42
2026-02-19 13:00:00,8.7879,8.7922,8.7384,8.7703,5796.02
2026-02-19 13:15:00,8.7734,8.7756,8.7457,8.7457,1567.00
2026-02-19 13:30:00,8.7468,8.7625,8.6681,8.6821,7295.12
2026-02-19 13:45:00,8.6818,8.7125,8.66,8.7003,3507.71
2026-02-19 14:00:00,8.6996,8.718,8.6856,8.7144,4767.33
2026-02-19 14:15:00,8.7152,8.7398,8.6908,8.7323,2328.72
2026-02-19 14:30:00,8.7299,8.7714,8.6954,8.7668,2314.32
2026-02-19 14:45:00,8.7521,8.8,8.7402,8.7753,871.07
2026-02-19 15:00:00,8.7809,8.8093,8.7579,8.7836,2313.92
2026-02-19 15:15:00,8.787,8.8431,8.787,8.8094,15357.43
2026-02-19 15:30:00,8.8065,8.849,8.7966,8.8417,455.99
2026-02-19 15:45:00,8.847,8.856,8.8029,8.8172,3890.98
2026-02-19 16:00:00,8.8134,8.8173,8.7352,8.7722,5687.06
2026-02-19 16:15:00,8.7815,8.8164,8.7788,8.7788,1383.22
2026-02-19 16:30:00,8.7897,8.9021,8.7897,8.8712,3532.00
2026-02-19 16:45:00,8.8772,8.8772,8.8235,8.8392,2270.34
2026-02-19 17:00:00,8.8376,8.8826,8.8261,8.8784,6682.65
2026-02-19 17:15:00,8.8663,8.9364,8.8477,8.8515,6281.92
2026-02-19 17:30:00,8.852,8.8536,8.82,8.829,930.67
2026-02-19 17:45:00,8.8306,8.833,8.7716,8.8002,1315.64
2026-02-19 18:00:00,8.797,8.8449,8.7889,8.8388,1690.93
2026-02-19 18:15:00,8.8285,8.8845,8.8137,8.8818,3660.83
2026-02-19 18:30:00,8.882,8.9007,8.8556,8.8922,1241.66
2026-02-19 18:45:00,8.8934,8.9089,8.872,8.8838,994.80
2026-02-19 19:00:00,8.8885,8.91,8.873,8.881,1678.92
2026-02-19 19:15:00,8.8749,8.8862,8.86,8.86,267.16
2026-02-19 19:30:00,8.8574,8.8627,8.828,8.85,747.12
2026-02-19 19:45:00,8.848,8.8937,8.839,8.8805,3798.85
2026-02-19 20:00:00,8.8828,8.9057,8.872,8.8872,2584.90
2026-02-19 20:15:00,8.872,8.8843,8.8664,8.8792,3024.22
2026-02-19 20:30:00,8.8844,8.893,8.8693,8.879,689.07
2026-02-19 20:45:00,8.8833,8.9248,8.8833,8.892,2368.57
2026-02-19 21:00:00,8.8939,8.901,8.8851,8.8921,1670.50
2026-02-19 21:15:00,8.8898,8.901,8.8898,8.8978,361.91
2026-02-19 21:30:00,8.903,8.913,8.894,8.9038,1238.30
2026-02-19 21:45:00,8.9034,8.911,8.89,8.89,522.12
2026-02-19 22:00:00,8.8921,8.9018,8.882,8.896,4148.90
2026-02-19 22:15:00,8.9,8.9,8.874,8.874,21381.86
2026-02-19 22:30:00,8.87,8.8719,8.856,8.8719,9583.94
2026-02-19 22:45:00,8.872,8.8973,8.8643,8.8973,985.91
2026-02-19 23:00:00,8.9071,8.916,8.89,8.8987,527.56
2026-02-19 23:15:00,8.9006,8.905,8.8951,8.9019,459.39
2026-02-19 23:30:00,8.9028,8.9154,8.8977,8.9064,797.02
2026-02-19 23:45:00,8.9022,8.9053,8.8939,8.9013,605.95
2026-02-20 00:00:00,8.8989,8.9129,8.8895,8.9129,2911.64
2026-02-20 00:15:00,8.9128,8.968,8.912,8.9605,5290.95
2026-02-20 00:30:00,8.9612,8.9644,8.93,8.9312,1726.57
2026-02-20 00:45:00,8.932,8.946,8.932,8.9381,262.73
2026-02-20 01:00:00,8.9382,8.946,8.9323,8.9438,877.04
2026-02-20 01:15:00,8.9409,8.9409,8.9153,8.9227,628.48
2026-02-20 01:30:00,8.92,8.9362,8.9191,8.935,1156.78
2026-02-20 01:45:00,8.9325,8.9343,8.9122,8.9286,605.62
2026-02-20 02:00:00,8.9313,8.9485,8.926,8.9334,188.39
2026-02-20 02:15:00,8.9333,8.935,8.92,8.9222,721.46
2026-02-20 02:30:00,8.9233,8.9445,8.9233,8.941,483.02
2026-02-20 02:45:00,8.9424,8.9444,8.9259,8.9286,422.34
2026-02-20 03:00:00,8.9271,8.936,8.926,8.9269,346.82
2026-02-20 03:15:00,8.9265,8.9611,8.9243,8.95,875.08
2026-02-20 03:30:00,8.9505,8.9546,8.9349,8.937,391.07
2026-02-20 03:45:00,8.9384,8.9436,8.9384,8.9392,274.07
2026-02-20 04:00:00,8.9424,8.9429,8.9277,8.9367,944.56
2026-02-20 04:15:00,8.9397,8.9459,8.8795,8.8973,2526.38
2026-02-20 04:30:00,8.8903,8.9362,8.8899,8.936,817.59
2026-02-20 04:45:00,8.9342,8.9355,8.911,8.9162,366.81
2026-02-20 05:00:00,8.923,8.9262,8.9094,8.9153,1164.23
2026-02-20 05:15:00,8.9158,8.9363,8.906,8.9326,568.77
2026-02-20 05:30:00,8.935,9.008,8.935,9.008,2632.10
2026-02-20 05:45:00,9.01,9.035,8.997,8.9998,1673.70
2026-02-20 06:00:00,9.002,9.0189,8.9956,9.0124,1830.43
2026-02-20 06:15:00,9.0123,9.0143,8.999,9.0023,572.53
2026-02-20 06:30:00,8.9959,9.0289,8.9902,9.0216,2096.01
2026-02-20 06:45:00,9.0262,9.08,9.0228,9.0794,1049.11
2026-02-20 07:00:00,9.089,9.1513,9.089,9.1465,2289.82
2026-02-20 07:15:00,9.1475,9.18,9.1442,9.1665,4765.48
2026-02-20 07:30:00,9.1702,9.2909,9.1702,9.2069,17797.68
2026-02-20 07:45:00,9.2053,9.246,9.1629,9.1938,4076.03
2026-02-20 08:00:00,9.1984,9.25,9.1967,9.2336,4188.81
2026-02-20 08:15:00,9.2334,9.2661,9.2301,9.2502,5885.86
2026-02-20 08:30:00,9.2502,9.259,9.2379,9.241,7730.03
2026-02-20 08:45:00,9.2452,9.2724,9.225,9.2266,7325.56
2026-02-20 09:00:00,9.222,9.3113,9.222,9.3111,13170.72
2026-02-20 09:15:00,9.3106,9.3327,9.2364,9.2364,15698.00
2026-02-20 09:30:00,9.2364,9.2718,9.2319,9.2704,14928.09
2026-02-20 09:45:00,9.2693,9.291,9.2686,9.2866,4162.85
2026-02-20 10:00:00,9.286,9.3395,9.2856,9.3306,4541.50
2026-02-20 10:15:00,9.3308,9.3625,9.3108,9.321,6732.95
2026-02-20 10:30:00,9.324,9.335,9.2559,9.2559,38064.01
2026-02-20 10:45:00,9.2558,9.2558,9.2256,9.2309,6490.29
2026-02-20 11:00:00,9.2345,9.2379,9.1581,9.1704,36433.09
2026-02-20 11:15:00,9.1698,9.1734,9.142,9.1593,5713.35
2026-02-20 11:30:00,9.1625,9.1625,9.1062,9.1062,5608.01
2026-02-20 11:45:00,9.1045,9.1319,9.1035,9.1156,6367.22
2026-02-20 12:00:00,9.1152,9.1278,9.1129,9.1208,1856.01
2026-02-20 12:15:00,9.1208,9.1281,9.0851,9.1,3129.34
2026-02-20 12:30:00,9.1,9.1092,9.0919,9.1006,1360.33
2026-02-20 12:45:00,9.098,9.1278,9.098,9.0993,3197.03
2026-02-20 13:00:00,9.1014,9.1259,9.0698,9.1086,5577.18
2026-02-20 13:15:00,9.1084,9.1164,9.0438,9.0659,8687.09
2026-02-20 13:30:00,9.0648,9.0648,8.9316,8.9566,10867.11
2026-02-20 13:45:00,8.9504,9.0033,8.945,8.9824,5659.73
2026-02-20 14:00:00,8.9745,9.0187,8.9745,9.0068,5606.78
2026-02-20 14:15:00,9.0111,9.024,8.9826,9.0051,6736.79
2026-02-20 14:30:00,9.0048,9.0638,8.988,9.0437,5819.87
2026-02-20 14:45:00,9.0338,9.0492,9.0132,9.0251,7753.11
2026-02-20 15:00:00,9.0286,9.19,9.0286,9.0582,36062.60
2026-02-20 15:15:00,9.0717,9.163,9.0397,9.1571,6456.02
2026-02-20 15:30:00,9.159,9.1679,9.0746,9.1013,7743.22
2026-02-20 15:45:00,9.104,9.1752,9.0986,9.1697,2001.41
2026-02-20 16:00:00,9.177,9.2277,9.1698,9.1857,17161.01
2026-02-20 16:15:00,9.1868,9.2456,9.1471,9.1471,3197.40
2026-02-20 16:30:00,9.1357,9.1404,9.1028,9.1231,1826.39
2026-02-20 16:45:00,9.113,9.1715,9.108,9.1636,1233.29
2026-02-20 17:00:00,9.1583,9.1583,9.0255,9.0255,6887.75
2026-02-20 17:15:00,9.0246,9.0357,9.0034,9.0238,4120.58
2026-02-20 17:30:00,9.0288,9.0867,9.0158,9.0797,1896.17
2026-02-20 17:45:00,9.0744,9.1536,9.0719,9.1536,5143.51
2026-02-20 18:00:00,9.1548,9.16,9.1133,9.123,3353.77
2026-02-20 18:15:00,9.1203,9.1334,9.0937,9.126,1868.90
2026-02-20 18:30:00,9.1243,9.1749,9.095,9.1355,5674.72
2026-02-20 18:45:00,9.1434,9.1633,9.1245,9.14,880.55
2026-02-20 19:00:00,9.1426,9.1508,9.105,9.1101,2207.00
2026-02-20 19:15:00,9.1096,9.1301,9.104,9.1129,1512.69
2026-02-20 19:30:00,9.1175,9.1565,9.1175,9.1319,39359.46
2026-02-20 19:45:00,9.1326,9.1545,9.1181,9.1522,38701.85
2026-02-20 20:00:00,9.1545,9.1605,9.1388,9.1561,1328.92
2026-02-20 20:15:00,9.1564,9.1564,9.1152,9.1155,3758.23
2026-02-20 20:30:00,9.1179,9.14,9.095,9.1393,1023.93
2026-02-20 20:45:00,9.1393,9.1429,9.124,9.1271,204.15
2026-02-20 21:00:00,9.1368,9.1537,9.1285,9.1411,1772.35
2026-02-20 21:15:00,9.1395,9.1426,9.1175,9.1182,380.60
2026-02-20 21:30:00,9.1156,9.1514,9.1149,9.1488,2500.22
2026-02-20 21:45:00,9.1488,9.1592,9.1411,9.1517,957.27
2026-02-20 22:00:00,9.154,9.1556,9.1272,9.1305,388.91
2026-02-20 22:15:00,9.1371,9.1648,9.1202,9.1644,589.05
2026-02-20 22:30:00,9.1513,9.1723,9.1374,9.1403,4946.81
2026-02-20 22:45:00,9.1427,9.1566,9.1386,9.1405,3610.72
2026-02-20 23:00:00,9.1502,9.1632,9.1457,9.1457,662.25
2026-02-20 23:15:00,9.142,9.16,9.1368,9.1566,201.44
2026-02-20 23:30:00,9.1598,9.166,9.149,9.1522,661.63
2026-02-20 23:45:00,9.1593,9.1772,9.1477,9.1707,1643.97
2026-02-21 00:00:00,9.171,9.1774,9.16,9.1643,2395.05
2026-02-21 00:15:00,9.1661,9.1724,9.157,9.1571,3284.48
2026-02-21 00:30:00,9.156,9.156,9.13,9.1305,4397.30
2026-02-21 00:45:00,9.1301,9.1374,9.12,9.1372,89.53
2026-02-21 01:00:00,9.1395,9.1415,9.1299,9.13,2258.79
2026-02-21 01:15:00,9.1311,9.1321,9.125,9.1263,591.99
2026-02-21 01:30:00,9.125,9.1499,9.1221,9.146,427.79
2026-02-21 01:45:00,9.1484,9.1559,9.1476,9.1557,207.90
2026-02-21 02:00:00,9.1566,9.1688,9.1497,9.1682,546.50
2026-02-21 02:15:00,9.1636,9.1899,9.162,9.1899,377.58
2026-02-21 02:30:00,9.19,9.2001,9.1843,9.1872,697.30
2026-02-21 02:45:00,9.191,9.1946,9.181,9.191,371.64
2026-02-21 03:00:00,9.1901,9.1901,9.1474,9.1559,1042.86
2026-02-21 03:15:00,9.1522,9.1712,9.1522,9.171,99.80
2026-02-21 03:30:00,9.1752,9.1753,9.1421,9.1453,928.36
2026-02-21 03:45:00,9.1473,9.1638,9.1434,9.1634,322.19
2026-02-21 04:00:00,9.1622,9.1622,9.1515,9.1576,2439.53
2026-02-21 04:15:00,9.1594,9.1693,9.1513,9.1693,97.13
2026-02-21 04:30:00,9.1697,9.1739,9.1651,9.1658,403.51
2026-02-21 04:45:00,9.1674,9.1799,9.1614,9.1791,1846.34
2026-02-21 05:00:00,9.18,9.2055,9.18,9.1978,16974.38
2026-02-21 05:15:00,9.198,9.2103,9.1915,9.1977,927.55
2026-02-21 05:30:00,9.1992,9.2085,9.1928,9.2085,190.54
2026-02-21 05:45:00,9.2062,9.2091,9.1983,9.2047,558.28
2026-02-21 06:00:00,9.2069,9.209,9.1908,9.1956,369.88
2026-02-21 06:15:00,9.1968,9.1968,9.18,9.1831,61.92
2026-02-21 06:30:00,9.1819,9.1819,9.1434,9.1493,231.08
2026-02-21 06:45:00,9.1431,9.1549,9.1362,9.1549,308.17
2026-02-21 07:00:00,9.1526,9.1612,9.1405,9.159,907.55
2026-02-21 07:15:00,9.159,9.1633,9.1466,9.1495,1182.37
2026-02-21 07:30:00,9.1524,9.1684,9.146,9.1562,408.62
2026-02-21 07:45:00,9.1556,9.1586,9.1525,9.1545,4099.21
2026-02-21 08:00:00,9.1554,9.1653,9.1518,9.1525,4042.67
2026-02-21 08:15:00,9.1518,9.1639,9.1471,9.148,1621.33
2026-02-21 08:30:00,9.1465,9.1632,9.1437,9.1576,937.14
2026-02-21 08:45:00,9.1616,9.218,9.151,9.2116,943.41
2026-02-21 09:00:00,9.2107,9.2107,9.1956,9.2021,1531.18
2026-02-21 09:15:00,9.2024,9.255,9.2024,9.2404,4641.66
2026-02-21 09:30:00,9.2448,9.251,9.24,9.2499,1613.48
2026-02-21 09:45:00,9.2492,9.255,9.2316,9.2372,234.99
2026-02-21 10:00:00,9.2385,9.2585,9.2352,9.2556,3252.55
2026-02-21 10:15:00,9.2582,9.2752,9.2558,9.2625,871.71
2026-02-21 10:30:00,9.2659,9.2846,9.2655,9.2773,1682.52
2026-02-21 10:45:00,9.2596,9.2708,9.2553,9.2617,81.36
2026-02-21 11:00:00,9.262,9.2767,9.2537,9.2695,3045.46
2026-02-21 11:15:00,9.2694,9.2946,9.2691,9.2856,678.93
2026-02-21 11:30:00,9.2847,9.2885,9.2782,9.279,1144.86
2026-02-21 11:45:00,9.2783,9.2807,9.2728,9.2738,622.94
2026-02-21 12:00:00,9.2849,9.2893,9.2658,9.2706,1567.91
2026-02-21 12:15:00,9.271,9.2771,9.2641,9.2676,1132.69
2026-02-21 12:30:00,9.2691,9.2736,9.2559,9.2601,788.04
2026-02-21 12:45:00,9.2673,9.2882,9.2637,9.286,765.65
2026-02-21 13:00:00,9.2829,9.2998,9.2829,9.2912,1557.70
2026-02-21 13:15:00,9.2912,9.3398,9.2793,9.3398,3138.52
2026-02-21 13:30:00,9.3398,9.3398,9.3102,9.3149,1092.44
2026-02-21 13:45:00,9.3149,9.3528,9.3147,9.3514,879.98
2026-02-21 14:00:00,9.3496,9.3883,9.3326,9.3845,3594.77
2026-02-21 14:15:00,9.3748,9.448,9.3639,9.4185,8553.04
2026-02-21 14:30:00,9.4218,9.4319,9.398,9.416,3858.35
2026-02-21 14:45:00,9.413,9.417,9.3435,9.3516,4207.80
2026-02-21 15:00:00,9.3608,9.3702,9.3369,9.3429,3355.22
2026-02-21 15:15:00,9.3442,9.3564,9.2894,9.2932,3739.85
2026-02-21 15:30:00,9.2913,9.2961,9.262,9.2921,7302.82
2026-02-21 15:45:00,9.2901,9.2948,9.2784,9.2784,1022.68
2026-02-21 16:00:00,9.283,9.2878,9.2319,9.2409,2003.09
2026-02-21 16:15:00,9.2401,9.2467,9.1976,9.2206,4392.85
2026-02-21 16:30:00,9.2206,9.242,9.2105,9.2346,1352.88
2026-02-21 16:45:00,9.236,9.2371,9.223,9.223,329.38
2026-02-21 17:00:00,9.2231,9.232,9.2134,9.2244,2634.70
2026-02-21 17:15:00,9.2223,9.2333,9.2133,9.2296,156.70
2026-02-21 17:30:00,9.2322,9.2709,9.2306,9.2705,1413.38
2026-02-21 17:45:00,9.2636,9.2748,9.2616,9.2616,217.25
2026-02-21 18:00:00,9.2681,9.2888,9.2681,9.2843,624.16
2026-02-21 18:15:00,9.2837,9.2955,9.2748,9.2755,2548.60
2026-02-21 18:30:00,9.2726,9.2824,9.2672,9.2788,230.83
2026-02-21 18:45:00,9.2829,9.3028,9.2829,9.2988,1044.90
2026-02-21 19:00:00,9.3038,9.3039,9.2911,9.3013,875.30
2026-02-21 19:15:00,9.3,9.3027,9.2888,9.2922,337.63
2026-02-21 19:30:00,9.2912,9.2927,9.2734,9.2734,357.71
2026-02-21 19:45:00,9.272,9.2746,9.2535,9.2632,571.60
2026-02-21 20:00:00,9.2624,9.265,9.246,9.246,770.55
2026-02-21 20:15:00,9.2496,9.2722,9.2496,9.2703,1417.25
2026-02-21 20:30:00,9.2701,9.2706,9.2085,9.2085,2004.87
2026-02-21 20:45:00,9.2025,9.2037,9.1381,9.1494,71998.31
2026-02-21 21:00:00,9.1481,9.1783,9.1481,9.1783,2860.39
2026-02-21 21:15:00,9.1775,9.1962,9.1775,9.1927,2472.45
2026-02-21 21:30:00,9.1899,9.1944,9.1803,9.1824,1992.72
2026-02-21 21:45:00,9.182,9.1926,9.18,9.1916,911.42
2026-02-21 22:00:00,9.1904,9.1905,9.166,9.1747,1843.11
2026-02-21 22:15:00,9.1747,9.186,9.1713,9.1828,1782.96
2026-02-21 22:30:00,9.181,9.1821,9.1631,9.1722,1156.95
2026-02-21 22:45:00,9.1717,9.175,9.1559,9.1596,1929.06
2026-02-21 23:00:00,9.1575,9.1625,9.1017,9.1096,4587.44
2026-02-21 23:15:00,9.106,9.1246,9.106,9.1207,2690.88
2026-02-21 23:30:00,9.1203,9.1315,9.1166,9.125,47557.47
2026-02-21 23:45:00,9.125,9.126,9.1096,9.1164,35716.56
2026-02-22 00:00:00,9.1132,9.1132,9.064,9.0814,11489.47
2026-02-22 00:15:00,9.078,9.086,9.042,9.0532,2824.39
2026-02-22 00:30:00,9.0505,9.0575,9.0241,9.027,3122.94
2026-02-22 00:45:00,9.0238,9.0591,9.0228,9.0591,1528.13
2026-02-22 01:00:00,9.059,9.0597,9.0502,9.0556,2034.28
2026-02-22 01:15:00,9.0553,9.0648,9.0455,9.0542,1147.11
2026-02-22 01:30:00,9.0558,9.0566,9.0436,9.0532,15753.09
2026-02-22 01:45:00,9.0493,9.094,9.0481,9.0748,13152.11
2026-02-22 02:00:00,9.0766,9.0984,9.0711,9.082,4282.83
2026-02-22 02:15:00,9.0867,9.0882,9.0582,9.0609,27744.62
2026-02-22 02:30:00,9.0552,9.0644,9.035,9.0461,2244.23
2026-02-22 02:45:00,9.0447,9.05,9.028,9.0306,1347.86
2026-02-22 03:00:00,9.0296,9.0474,9.0262,9.0457,1194.46
2026-02-22 03:15:00,9.0495,9.0495,9.0081,9.0266,1584.63
2026-02-22 03:30:00,9.0272,9.0348,9.0237,9.0313,764.55
2026-02-22 03:45:00,9.0285,9.0564,9.0285,9.047,2084.59
2026-02-22 04:00:00,9.0426,9.0592,9.0347,9.0517,1735.14
2026-02-22 04:15:00,9.052,9.052,9.0345,9.0384,774.61
2026-02-22 04:30:00,9.0387,9.0503,9.0365,9.0405,510.76
2026-02-22 04:45:00,9.0398,9.044,9.0368,9.038,442.52
2026-02-22 05:00:00,9.0369,9.0416,8.9908,8.9949,3303.63
2026-02-22 05:15:00,8.9973,9.0114,8.9905,9.0063,518.28
2026-02-22 05:30:00,9.0084,9.0084,8.9959,9.0032,1851.58
2026-02-22 05:45:00,9.0004,9.004,8.9947,9.0036,269.20
2026-02-22 06:00:00,9.0036,9.0036,8.9545,8.9676,1463.59
2026-02-22 06:15:00,8.969,9.001,8.9641,8.9901,2269.83
2026-02-22 06:30:00,8.989,9.003,8.9884,9.0012,689.79
2026-02-22 06:45:00,9.0017,9.0105,8.998,9.0036,412.55
2026-02-22 07:00:00,9.0033,9.0123,8.9952,9.0123,2074.38
2026-02-22 07:15:00,9.0154,9.0154,9.0026,9.015,149.50
2026-02-22 07:30:00,9.0094,9.0244,9.009,9.0206,57.64
2026-02-22 07:45:00,9.0223,9.0249,9.0099,9.0099,183.31
2026-02-22 08:00:00,9.0095,9.0162,9.004,9.0155,2185.68
2026-02-22 08:15:00,9.017,9.017,8.9876,8.9924,1204.20
2026-02-22 08:30:00,8.9884,8.9969,8.981,8.9904,1414.06
2026-02-22 08:45:00,8.9912,8.9912,8.9773,8.9802,123.60
2026-02-22 09:00:00,8.98,8.986,8.9685,8.9803,2955.04
2026-02-22 09:15:00,8.9811,8.9903,8.9756,8.9756,8299.13
2026-02-22 09:30:00,8.9758,8.9862,8.9744,8.9797,4908.81
2026-02-22 09:45:00,8.9814,8.9908,8.9798,8.9881,1012.46
2026-02-22 10:00:00,8.9868,9.0575,8.9862,9.051,3279.67
2026-02-22 10:15:00,9.0494,9.0494,9.028,9.0307,996.10
2026-02-22 10:30:00,9.0225,9.03,9.0225,9.0278,375.30
2026-02-22 10:45:00,9.0285,9.0285,9.0176,9.0212,932.66
2026-02-22 11:00:00,9.0213,9.0285,9.0201,9.0216,2569.81
2026-02-22 11:15:00,9.0201,9.0231,9.0088,9.0088,2262.46
2026-02-22 11:30:00,9.0055,9.0159,8.9969,9.0016,1152.60
2026-02-22 11:45:00,9.0012,9.0091,8.9966,9.0019,659.06
2026-02-22 12:00:00,9.0,9.005,8.9467,8.9495,3532.31
2026-02-22 12:15:00,8.9524,8.9606,8.9417,8.9606,907.49
2026-02-22 12:30:00,8.9607,8.9607,8.905,8.9337,4246.91
2026-02-22 12:45:00,8.928,8.934,8.9202,8.9285,583.34
2026-02-22 13:00:00,8.9272,8.9307,8.9046,8.9089,1597.13
2026-02-22 13:15:00,8.9095,8.9197,8.8828,8.908,1073.43
2026-02-22 13:30:00,8.901,8.913,8.8698,8.8733,9487.02
2026-02-22 13:45:00,8.8781,8.8982,8.8773,8.8981,1309.60
2026-02-22 14:00:00,8.8985,8.9,8.8765,8.891,1397.48
2026-02-22 14:15:00,8.8854,8.8862,8.8616,8.8668,223.34
2026-02-22 14:30:00,8.867,8.8849,8.8667,8.8667,2854.21
2026-02-22 14:45:00,8.8634,8.8697,8.8326,8.8611,4764.34
2026-02-22 15:00:00,8.8583,8.87,8.8458,8.8536,5113.63
2026-02-22 15:15:00,8.8525,8.8525,8.8135,8.8407,1737.94
2026-02-22 15:30:00,8.8359,8.8847,8.8333,8.8847,1141.59
2026-02-22 15:45:00,8.892,8.8965,8.8807,8.8812,1101.17
2026-02-22 16:00:00,8.8736,8.8792,8.8468,8.8567,3065.89
2026-02-22 16:15:00,8.8561,8.8679,8.8498,8.8618,563.69
2026-02-22 16:30:00,8.8557,8.8614,8.8488,8.8579,6178.03
2026-02-22 16:45:00,8.861,8.8714,8.8575,8.8712,8842.58
2026-02-22 17:00:00,8.8723,8.8764,8.8438,8.8438,2608.39
2026-02-22 17:15:00,8.8344,8.8488,8.8344,8.8487,1206.21
2026-02-22 17:30:00,8.8454,8.8454,8.7952,8.8038,1465.86
2026-02-22 17:45:00,8.8059,8.8225,8.796,8.8051,12242.00
2026-02-22 18:00:00,8.807,8.8203,8.798,8.8159,4665.99
2026-02-22 18:15:00,8.8185,8.829,8.8066,8.8096,1196.29
2026-02-22 18:30:00,8.8158,8.8189,8.8062,8.8104,262.76
2026-02-22 18:45:00,8.8105,8.8199,8.8104,8.8109,928.19
2026-02-22 19:00:00,8.8134,8.8243,8.8019,8.8056,3871.44
2026-02-22 19:15:00,8.802,8.816,8.7977,8.7977,655.73
2026-02-22 19:30:00,8.7964,8.821,8.7949,8.818,3072.97
2026-02-22 19:45:00,8.8186,8.8196,8.814,8.814,728.41
2026-02-22 20:00:00,8.8148,8.8154,8.7948,8.7951,2485.27
2026-02-22 20:15:00,8.7952,8.8164,8.7941,8.81,1023.50
2026-02-22 20:30:00,8.8097,8.8097,8.7987,8.8046,3889.33
2026-02-22 20:45:00,8.8056,8.81,8.7877,8.7904,287.37
2026-02-22 21:00:00,8.7942,8.8074,8.7942,8.8017,1230.41
2026-02-22 21:15:00,8.8034,8.8059,8.7864,8.7875,1479.70
2026-02-22 21:30:00,8.7874,8.8183,8.7874,8.8183,2953.61
2026-02-22 21:45:00,8.8182,8.8293,8.8163,8.8164,1598.04
2026-02-22 22:00:00,8.8182,8.8228,8.815,8.816,796.41
2026-02-22 22:15:00,8.817,8.8534,8.817,8.8372,13693.50
2026-02-22 22:30:00,8.8371,8.861,8.835,8.8599,14584.64
2026-02-22 22:45:00,8.8537,8.8625,8.8524,8.8625,415.09
2026-02-22 23:00:00,8.8586,8.864,8.8449,8.8458,2091.40
2026-02-22 23:15:00,8.8429,8.8471,8.8261,8.8435,1229.11
2026-02-22 23:30:00,8.8501,8.8554,8.847,8.8478,712.12
2026-02-22 23:45:00,8.8486,8.8839,8.8486,8.8767,1695.59
2026-02-23 00:00:00,8.8753,8.8878,8.8711,8.8849,1877.18
2026-02-23 00:15:00,8.8844,8.8863,8.8386,8.8455,27060.17
2026-02-23 00:30:00,8.8468,8.8468,8.817,8.8299,2128.19
2026-02-23 00:45:00,8.8294,8.836,8.7777,8.778,4320.06
2026-02-23 01:00:00,8.7806,8.7806,8.4685,8.5173,79117.06
2026-02-23 01:15:00,8.5063,8.5063,8.3912,8.4358,17801.70
2026-02-23 01:30:00,8.4245,8.4772,8.3992,8.4373,5840.69
2026-02-23 01:45:00,8.4394,8.4496,8.3408,8.3555,47999.49
2026-02-23 02:00:00,8.3571,8.4,8.3253,8.3864,33735.47
2026-02-23 02:15:00,8.388,8.4125,8.3748,8.4,2060.81
2026-02-23 02:30:00,8.4053,8.424,8.3909,8.4153,1101.55
2026-02-23 02:45:00,8.4181,8.4181,8.4018,8.4088,4165.90
2026-02-23 03:00:00,8.4099,8.4528,8.4058,8.4294,2064.82
2026-02-23 03:15:00,8.4298,8.43,8.361,8.3684,1214.37
2026-02-23 03:30:00,8.371,8.4181,8.371,8.4181,66240.70
2026-02-23 03:45:00,8.4206,8.433,8.4161,8.42,30022.36
2026-02-23 04:00:00,8.4201,8.422,8.3803,8.4016,48258.04
2026-02-23 04:15:00,8.3996,8.4009,8.3622,8.3622,14857.04
2026-02-23 04:30:00,8.3608,8.3683,8.3291,8.351,18120.57
2026-02-23 04:45:00,8.3512,8.3639,8.3479,8.356,14505.69
2026-02-23 05:00:00,8.3568,8.4109,8.353,8.3969,10589.60
2026-02-23 05:15:00,8.3983,8.4291,8.3888,8.4038,6488.30
2026-02-23 05:30:00,8.4038,8.4384,8.4038,8.4335,7079.40
2026-02-23 05:45:00,8.4333,8.4389,8.4105,8.422,1833.08
2026-02-23 06:00:00,8.422,8.5311,8.4195,8.527,2979.98
2026-02-23 06:15:00,8.5245,8.538,8.4935,8.4972,6297.31
2026-02-23 06:30:00,8.4986,8.5478,8.4962,8.5312,6270.23
2026-02-23 06:45:00,8.5324,8.571,8.5311,8.565,5455.03
2026-02-23 07:00:00,8.565,8.578,8.55,8.5704,7505.21
2026-02-23 07:15:00,8.5696,8.5711,8.547,8.5486,7499.83
2026-02-23 07:30:00,8.5482,8.6049,8.5415,8.5803,11607.86
2026-02-23 07:45:00,8.5795,8.5858,8.5532,8.5551,6240.82
2026-02-23 08:00:00,8.5551,8.5551,8.526,8.5384,7536.41
2026-02-23 08:15:00,8.5411,8.5464,8.5087,8.517,10434.59
2026-02-23 08:30:00,8.5172,8.5229,8.506,8.512,11506.01
2026-02-23 08:45:00,8.5121,8.5142,8.4981,8.506,4989.84
2026-02-23 09:00:00,8.511,8.5724,8.511,8.5582,15569.15
2026-02-23 09:15:00,8.5578,8.5826,8.5456,8.5771,9791.48
2026-02-23 09:30:00,8.5772,8.6913,8.5755,8.672,16696.63
2026-02-23 09:45:00,8.6732,8.7156,8.6732,8.6913,10148.94
2026-02-23 10:00:00,8.6921,8.7247,8.67,8.6706,14393.18
2026-02-23 10:15:00,8.6745,8.708,8.6666,8.6881,5860.03
2026-02-23 10:30:00,8.6881,8.6913,8.6671,8.6871,6530.17
2026-02-23 10:45:00,8.6854,8.6893,8.665,8.6751,11867.21
2026-02-23 11:00:00,8.6799,8.6847,8.6685,8.6836,6155.48
2026-02-23 11:15:00,8.6836,8.7134,8.681,8.681,5292.21
2026-02-23 11:30:00,8.6827,8.6827,8.655,8.6585,4757.84
2026-02-23 11:45:00,8.6609,8.663,8.633,8.6493,5515.33
2026-02-23 12:00:00,8.6479,8.6732,8.6479,8.6732,4204.26
2026-02-23 12:15:00,8.6741,8.6764,8.6604,8.6692,1191.10
2026-02-23 12:30:00,8.6685,8.7682,8.65,8.7542,9759.76
2026-02-23 12:45:00,8.7569,8.7752,8.723,8.7326,2769.80
2026-02-23 13:00:00,8.7352,8.741,8.723,8.724,6324.09
2026-02-23 13:15:00,8.7274,8.7276,8.7,8.714,6328.21
2026-02-23 13:30:00,8.7157,8.7391,8.6974,8.7278,20888.26
2026-02-23 13:45:00,8.7259,8.7312,8.6797,8.6842,6195.55
2026-02-23 14:00:00,8.6894,8.6972,8.68,8.6868,6389.12
2026-02-23 14:15:00,8.6872,8.6872,8.6154,8.6222,2253.75
2026-02-23 14:30:00,8.6181,8.664,8.5805,8.6379,6547.69
2026-02-23 14:45:00,8.6354,8.6722,8.6103,8.633,3592.83
2026-02-23 15:00:00,8.6352,8.6511,8.588,8.6019,6478.32
2026-02-23 15:15:00,8.601,8.6402,8.5816,8.586,2799.92
2026-02-23 15:30:00,8.5848,8.6128,8.5813,8.596,2396.19
2026-02-23 15:45:00,8.594,8.6072,8.549,8.5652,3529.42
2026-02-23 16:00:00,8.5587,8.5617,8.515,8.5169,9325.81
2026-02-23 16:15:00,8.5251,8.6103,8.5245,8.6017,8185.01
2026-02-23 16:30:00,8.6027,8.6076,8.5631,8.5864,3718.29
2026-02-23 16:45:00,8.5807,8.5827,8.5417,8.5497,2102.10
2026-02-23 17:00:00,8.5541,8.567,8.4936,8.495,4141.23
2026-02-23 17:15:00,8.497,8.511,8.409,8.409,9033.54
2026-02-23 17:30:00,8.4054,8.4263,8.3616,8.3891,10652.92
2026-02-23 17:45:00,8.3891,8.4321,8.3283,8.4286,15241.11
2026-02-23 18:00:00,8.4331,8.4633,8.4104,8.4384,9291.16
2026-02-23 18:15:00,8.4359,8.4639,8.4091,8.4421,3811.21
2026-02-23 18:30:00,8.447,8.5014,8.431,8.4691,3721.98
2026-02-23 18:45:00,8.4688,8.4688,8.4024,8.4105,2022.91
2026-02-23 19:00:00,8.4118,8.4344,8.4093,8.423,4379.26
2026-02-23 19:15:00,8.4229,8.4253,8.379,8.3854,2683.69
2026-02-23 19:30:00,8.383,8.4019,8.3616,8.3847,3680.88
2026-02-23 19:45:00,8.3871,8.3993,8.361,8.361,2828.53
2026-02-23 20:00:00,8.3628,8.3698,8.285,8.285,5586.95
2026-02-23 20:15:00,8.2812,8.3136,8.266,8.293,5197.36
2026-02-23 20:30:00,8.2957,8.3314,8.294,8.3237,3650.57
2026-02-23 20:45:00,8.3277,8.3492,8.3098,8.339,5614.18
2026-02-23 21:00:00,8.3399,8.369,8.3361,8.3634,6529.73
2026-02-23 21:15:00,8.3588,8.3855,8.3496,8.3855,4100.39
2026-02-23 21:30:00,8.3854,8.411,8.355,8.387,1805.85
2026-02-23 21:45:00,8.3854,8.4126,8.3854,8.3966,12071.23
2026-02-23 22:00:00,8.3976,8.4241,8.3933,8.4241,2575.38
2026-02-23 22:15:00,8.4236,8.439,8.4227,8.4291,1444.12
2026-02-23 22:30:00,8.425,8.441,8.4148,8.4225,1215.63
2026-02-23 22:45:00,8.4276,8.428,8.3986,8.4059,1046.57
2026-02-23 23:00:00,8.4058,8.4324,8.405,8.4234,932.88
2026-02-23 23:15:00,8.419,8.422,8.3803,8.3821,1279.96
2026-02-23 23:30:00,8.3821,8.3927,8.3541,8.3546,2042.85
2026-02-23 23:45:00,8.3588,8.368,8.354,8.3604,484.80
2026-02-24 00:00:00,8.3685,8.3912,8.3636,8.385,3639.85
2026-02-24 00:15:00,8.3902,8.4003,8.3825,8.394,2817.52
2026-02-24 00:30:00,8.3957,8.4309,8.3887,8.4227,1752.08
2026-02-24 00:45:00,8.4209,8.4296,8.407,8.4113,2223.32
2026-02-24 01:00:00,8.4121,8.4121,8.3186,8.323,4526.36
2026-02-24 01:15:00,8.3262,8.4073,8.2161,8.3924,21989.51
2026-02-24 01:30:00,8.3934,8.4334,8.3576,8.382,5407.86
2026-02-24 01:45:00,8.3758,8.389,8.3455,8.3659,2677.65
2026-02-24 02:00:00,8.366,8.3932,8.3466,8.3755,5918.49
2026-02-24 02:15:00,8.3757,8.388,8.3484,8.3865,2654.66
2026-02-24 02:30:00,8.3865,8.4159,8.3589,8.3646,2768.34
2026-02-24 02:45:00,8.364,8.3851,8.3564,8.3802,6624.55
2026-02-24 03:00:00,8.3793,8.3793,8.302,8.3222,7555.04
2026-02-24 03:15:00,8.3201,8.3281,8.2946,8.2994,3817.55
2026-02-24 03:30:00,8.2967,8.304,8.2843,8.2881,4169.37
2026-02-24 03:45:00,8.2912,8.31,8.2701,8.2977,2871.67
2026-02-24 04:00:00,8.2995,8.3097,8.2564,8.2564,4417.90
2026-02-24 04:15:00,8.258,8.3117,8.2366,8.2956,8511.67
2026-02-24 04:30:00,8.2914,8.2914,8.2546,8.2771,4478.79
2026-02-24 04:45:00,8.276,8.2827,8.2569,8.2652,4160.13
2026-02-24 05:00:00,8.2638,8.3033,8.253,8.2968,7949.15
2026-02-24 05:15:00,8.2957,8.2957,8.2032,8.2084,5530.26
2026-02-24 05:30:00,8.2083,8.2494,8.204,8.2361,3073.41
2026-02-24 05:45:00,8.2325,8.254,8.23,8.246,3901.54
2026-02-24 06:00:00,8.246,8.2594,8.2204,8.241,3316.08
2026-02-24 06:15:00,8.2432,8.2653,8.2412,8.2564,2941.35
2026-02-24 06:30:00,8.2524,8.2738,8.2479,8.2657,2812.38
2026-02-24 06:45:00,8.2628,8.2644,8.2259,8.2316,869.08
2026-02-24 07:00:00,8.2316,8.2657,8.2163,8.2649,2761.51
2026-02-24 07:15:00,8.2696,8.2696,8.2418,8.2602,1934.31
2026-02-24 07:30:00,8.2591,8.2681,8.2392,8.2396,473.48
2026-02-24 07:45:00,8.2452,8.2494,8.2301,8.2457,726.47
2026-02-24 08:00:00,8.2479,8.2579,8.2226,8.2491,3499.56
2026-02-24 08:15:00,8.2528,8.2886,8.2416,8.2886,3540.89
2026-02-24 08:30:00,8.2932,8.3175,8.2877,8.3073,1063.90
2026-02-24 08:45:00,8.3097,8.3154,8.2974,8.3051,1191.67
2026-02-24 09:00:00,8.3013,8.303,8.2811,8.2909,6404.58
2026-02-24 09:15:00,8.294,8.294,8.2545,8.2571,2939.39
2026-02-24 09:30:00,8.255,8.2704,8.2258,8.2669,1851.77
2026-02-24 09:45:00,8.2669,8.2887,8.2575,8.274,8160.07
2026-02-24 10:00:00,8.2781,8.2801,8.2628,8.2696,1208.79
2026-02-24 10:15:00,8.2683,8.2891,8.2601,8.2718,1620.41
2026-02-24 10:30:00,8.2721,8.2784,8.2561,8.2684,1181.44
2026-02-24 10:45:00,8.2692,8.2838,8.257,8.2731,3265.22
2026-02-24 11:00:00,8.2721,8.2802,8.2543,8.258,1373.28
2026-02-24 11:15:00,8.2578,8.3237,8.2552,8.3088,6089.73
2026-02-24 11:30:00,8.3091,8.3091,8.2856,8.3054,1799.98
2026-02-24 11:45:00,8.2935,8.3102,8.2923,8.3078,842.79
2026-02-24 12:00:00,8.3124,8.3353,8.2962,8.3339,1924.55
2026-02-24 12:15:00,8.3401,8.3503,8.3293,8.3503,737.20
2026-02-24 12:30:00,8.354,8.3548,8.3,8.3108,1898.33
2026-02-24 12:45:00,8.309,8.3156,8.2952,8.2952,2993.58
2026-02-24 13:00:00,8.2984,8.3064,8.2844,8.293,776.46
2026-02-24 13:15:00,8.2946,8.2949,8.2465,8.251,2269.25
2026-02-24 13:30:00,8.2483,8.2716,8.196,8.2613,5040.83
2026-02-24 13:45:00,8.2625,8.2756,8.24,8.2563,1943.02
2026-02-24 14:00:00,8.2443,8.2655,8.2254,8.2307,4962.65
2026-02-24 14:15:00,8.2392,8.2395,8.2047,8.222,4959.16
2026-02-24 14:30:00,8.2175,8.2926,8.171,8.2896,17469.89
2026-02-24 14:45:00,8.2926,8.3737,8.2884,8.3124,48723.75
2026-02-24 15:00:00,8.3205,8.342,8.298,8.3402,1909.05
2026-02-24 15:15:00,8.3377,8.3601,8.3192,8.3351,4264.27
2026-02-24 15:30:00,8.3495,8.3495,8.2971,8.3124,2074.24
2026-02-24 15:45:00,8.3031,8.325,8.3023,8.325,3593.73
2026-02-24 16:00:00,8.322,8.4117,8.322,8.3982,24283.11
2026-02-24 16:15:00,8.3933,8.4024,8.3563,8.3591,12724.78
2026-02-24 16:30:00,8.3599,8.379,8.3195,8.3647,9150.22
2026-02-24 16:45:00,8.3562,8.3883,8.3185,8.3872,1102.27
2026-02-24 17:00:00,8.3892,8.4019,8.3792,8.3851,4112.36
2026-02-24 17:15:00,8.3831,8.3877,8.3616,8.372,2433.20
2026-02-24 17:30:00,8.3714,8.3748,8.3551,8.3631,1065.55
2026-02-24 17:45:00,8.3632,8.3847,8.3598,8.3834,3124.44
2026-02-24 18:00:00,8.3788,8.4381,8.3437,8.3437,4726.31
2026-02-24 18:15:00,8.342,8.3934,8.342,8.3833,1119.28
2026-02-24 18:30:00,8.3817,8.4056,8.3817,8.3939,1344.54
2026-02-24 18:45:00,8.3955,8.4065,8.3885,8.3967,315.10
2026-02-24 19:00:00,8.3939,8.4118,8.3378,8.3378,2508.86
2026-02-24 19:15:00,8.3396,8.3466,8.3235,8.3293,1629.24
2026-02-24 19:30:00,8.3287,8.3562,8.3287,8.3527,901.75
2026-02-24 19:45:00,8.3532,8.3617,8.3444,8.3453,1690.45
2026-02-24 20:00:00,8.3452,8.3668,8.3368,8.3479,6083.30
2026-02-24 20:15:00,8.3543,8.368,8.3528,8.356,2022.65
2026-02-24 20:30:00,8.3572,8.3764,8.3479,8.3654,5773.23
2026-02-24 20:45:00,8.364,8.364,8.3436,8.3508,1425.78
2026-02-24 21:00:00,8.3516,8.3516,8.3001,8.3227,5199.95
2026-02-24 21:15:00,8.3204,8.3204,8.2817,8.2886,5718.11
2026-02-24 21:30:00,8.2989,8.3052,8.288,8.2962,2170.96
2026-02-24 21:45:00,8.305,8.3094,8.29,8.3049,252.14
2026-02-24 22:00:00,8.301,8.3441,8.2964,8.3421,1327.42
2026-02-24 22:15:00,8.3379,8.3379,8.313,8.3224,398.95
2026-02-24 22:30:00,8.3182,8.3228,8.3009,8.304,243.97
2026-02-24 22:45:00,8.3037,8.3158,8.2852,8.3117,6284.66
2026-02-24 23:00:00,8.3072,8.3121,8.2504,8.2785,4833.83
2026-02-24 23:15:00,8.2785,8.2953,8.2732,8.2953,888.29
2026-02-24 23:30:00,8.2968,8.3132,8.2941,8.2999,362.31
2026-02-24 23:45:00,8.2989,8.3003,8.279,8.28,613.11
2026-02-25 00:00:00,8.2795,8.2833,8.26,8.26,9108.34
2026-02-25 00:15:00,8.2591,8.2921,8.2591,8.2845,2378.60
2026-02-25 00:30:00,8.289,8.3201,8.289,8.3201,5234.21
2026-02-25 00:45:00,8.3225,8.3275,8.3084,8.3197,235.32
2026-02-25 01:00:00,8.3195,8.5779,8.3161,8.549,37986.50
2026-02-25 01:15:00,8.554,8.7006,8.5264,8.6351,28894.72
2026-02-25 01:30:00,8.6266,8.669,8.6101,8.6102,5376.72
2026-02-25 01:45:00,8.6112,8.6373,8.6014,8.6201,2013.65
2026-02-25 02:00:00,8.6141,8.6846,8.6104,8.6759,7919.44
2026-02-25 02:15:00,8.6769,8.6834,8.656,8.6775,1969.49
2026-02-25 02:30:00,8.694,8.7109,8.647,8.6547,5618.93
2026-02-25 02:45:00,8.6547,8.6685,8.6202,8.624,3802.91
2026-02-25 03:00:00,8.6239,8.637,8.596,8.6008,4711.97
2026-02-25 03:15:00,8.6029,8.6029,8.5346,8.5457,30800.38
2026-02-25 03:30:00,8.5391,8.5536,8.5136,8.5243,2471.75
2026-02-25 03:45:00,8.5195,8.5374,8.5052,8.5073,931.77
2026-02-25 04:00:00,8.515,8.5285,8.4566,8.5104,3350.26
2026-02-25 04:15:00,8.5145,8.531,8.4895,8.5272,4788.79
2026-02-25 04:30:00,8.5289,8.5693,8.5267,8.5617,7123.55
2026-02-25 04:45:00,8.5596,8.5648,8.5275,8.532,8611.74
2026-02-25 05:00:00,8.5302,8.532,8.5128,8.5316,2463.78
2026-02-25 05:15:00,8.5209,8.5261,8.471,8.4767,1324.29
2026-02-25 05:30:00,8.4785,8.4792,8.4139,8.4428,3303.51
2026-02-25 05:45:00,8.4417,8.4706,8.4384,8.4679,988.78
2026-02-25 06:00:00,8.4737,8.5245,8.4703,8.5165,1715.91
2026-02-25 06:15:00,8.5035,8.523,8.4797,8.5182,653.99
2026-02-25 06:30:00,8.5068,8.5358,8.5068,8.5269,4941.12
2026-02-25 06:45:00,8.5251,8.5251,8.4898,8.5008,471.22
2026-02-25 07:00:00,8.5047,8.5656,8.5045,8.5578,1507.09
2026-02-25 07:15:00,8.544,8.558,8.5383,8.5497,645.31
2026-02-25 07:30:00,8.5586,8.5792,8.541,8.5496,2486.20
2026-02-25 07:45:00,8.548,8.5747,8.5412,8.5718,2361.17
2026-02-25 08:00:00,8.5704,8.574,8.5396,8.5482,2640.97
2026-02-25 08:15:00,8.5475,8.5947,8.5421,8.584,3737.86
2026-02-25 08:30:00,8.5838,8.609,8.5716,8.6037,2967.99
2026-02-25 08:45:00,8.6045,8.629,8.5996,8.6243,1566.66
2026-02-25 09:00:00,8.6226,8.6803,8.6206,8.6694,6722.46
2026-02-25 09:15:00,8.6712,8.697,8.6524,8.6808,3419.93
2026-02-25 09:30:00,8.6947,8.695,8.6713,8.6727,3449.35
2026-02-25 09:45:00,8.681,8.7455,8.681,8.7334,1299.16
2026-02-25 10:00:00,8.7384,8.7924,8.7384,8.7745,8269.10
2026-02-25 10:15:00,8.7708,8.7873,8.761,8.767,1207.96
2026-02-25 10:30:00,8.768,8.788,8.7608,8.7838,6789.11
2026-02-25 10:45:00,8.7846,8.8313,8.7746,8.7995,7340.78
2026-02-25 11:00:00,8.8064,8.8126,8.7673,8.8065,3997.43
2026-02-25 11:15:00,8.808,8.9493,8.8024,8.9153,7777.34
2026-02-25 11:30:00,8.909,8.949,8.9034,8.9463,2354.99
2026-02-25 11:45:00,8.9518,8.9806,8.9404,8.9761,5649.87
2026-02-25 12:00:00,8.9731,9.0515,8.9577,9.0418,9100.18
2026-02-25 12:15:00,9.0424,9.173,9.0192,9.146,12231.48
2026-02-25 12:30:00,9.1598,9.2461,9.1488,9.203,18414.31
2026-02-25 12:45:00,9.2121,9.335,9.2051,9.3065,15025.23
2026-02-25 13:00:00,9.3118,9.4357,9.3118,9.4217,51585.51
2026-02-25 13:15:00,9.4233,9.5075,9.4205,9.485,18205.05
2026-02-25 13:30:00,9.4854,9.495,9.3964,9.4025,25844.15
2026-02-25 13:45:00,9.4059,9.471,9.3762,9.3911,40718.34
2026-02-25 14:00:00,9.3993,9.4231,9.3322,9.37,54438.42
2026-02-25 14:15:00,9.376,9.4173,9.3648,9.4121,41734.44
2026-02-25 14:30:00,9.4128,9.4494,9.3886,9.4262,20160.75
2026-02-25 14:45:00,9.4236,9.4955,9.4236,9.4818,7741.53
2026-02-25 15:00:00,9.4822,9.5042,9.4606,9.4934,10844.91
2026-02-25 15:15:00,9.494,9.5085,9.4676,9.4772,6511.78
2026-02-25 15:30:00,9.4784,9.5462,9.461,9.5398,42505.48
2026-02-25 15:45:00,9.5442,9.5949,9.5054,9.5307,25661.88
2026-02-25 16:00:00,9.5326,9.6328,9.5326,9.6169,11908.51
2026-02-25 16:15:00,9.6169,9.6645,9.611,9.6645,4516.80
2026-02-25 16:30:00,9.6567,9.7018,9.645,9.6867,8966.85
2026-02-25 16:45:00,9.692,9.8142,9.692,9.7902,33923.58
2026-02-25 17:00:00,9.8,9.8192,9.6882,9.7264,20280.92
2026-02-25 17:15:00,9.7206,9.7597,9.6512,9.6608,6198.70
2026-02-25 17:30:00,9.6602,9.6701,9.6197,9.658,6815.41
2026-02-25 17:45:00,9.6599,9.6949,9.6557,9.6724,3817.31
2026-02-25 18:00:00,9.6699,9.6897,9.5792,9.644,72344.99
2026-02-25 18:15:00,9.6438,9.7332,9.6418,9.7208,43037.59
2026-02-25 18:30:00,9.722,9.7613,9.6828,9.755,13118.66
2026-02-25 18:45:00,9.7575,9.7697,9.7274,9.7354,29200.21
2026-02-25 19:00:00,9.738,9.7398,9.6329,9.6651,31470.81
2026-02-25 19:15:00,9.6652,9.7294,9.6562,9.7115,61047.83
2026-02-25 19:30:00,9.7046,9.7272,9.6937,9.7063,3277.73
2026-02-25 19:45:00,9.7134,9.7776,9.703,9.7503,3050.25
2026-02-25 20:00:00,9.752,9.788,9.6852,9.6852,44911.01
2026-02-25 20:15:00,9.684,9.688,9.6491,9.652,5131.29
2026-02-25 20:30:00,9.651,9.7032,9.6481,9.691,6152.99
2026-02-25 20:45:00,9.6924,9.7335,9.6855,9.6863,2868.26
2026-02-25 21:00:00,9.6891,9.7011,9.6731,9.6731,3480.25
2026-02-25 21:15:00,9.6709,9.6906,9.6588,9.6588,17679.59
2026-02-25 21:30:00,9.6559,9.8277,9.6399,9.7333,23049.97
2026-02-25 21:45:00,9.7244,9.7536,9.6877,9.707,2335.90
2026-02-25 22:00:00,9.7113,9.7448,9.7044,9.7383,1183.74
2026-02-25 22:15:00,9.7426,9.7437,9.669,9.6706,1116.18
2026-02-25 22:30:00,9.668,9.6775,9.5765,9.6075,4800.11
2026-02-25 22:45:00,9.6101,9.6112,9.5388,9.5884,8723.82
2026-02-25 23:00:00,9.59,9.6483,9.5556,9.6285,2532.66
2026-02-25 23:15:00,9.6238,9.6258,9.5407,9.5476,2236.07
2026-02-25 23:30:00,9.5517,9.5517,9.4174,9.4273,11291.97
2026-02-25 23:45:00,9.4299,9.5175,9.4272,9.5175,7071.95
2026-02-26 00:00:00,9.5155,9.6087,9.4792,9.6025,36851.77
2026-02-26 00:15:00,9.6081,9.6298,9.5823,9.5861,34347.15
2026-02-26 00:30:00,9.5834,9.5899,9.4821,9.5298,3025.85
2026-02-26 00:45:00,9.5295,9.5316,9.4997,9.5255,584.08
2026-02-26 01:00:00,9.5226,9.572,9.5043,9.5625,1144.90
2026-02-26 01:15:00,9.5568,9.5634,9.5219,9.5226,5979.47
2026-02-26 01:30:00,9.5184,9.5634,9.504,9.523,6074.09
2026-02-26 01:45:00,9.505,9.5378,9.5008,9.5016,8108.61
2026-02-26 02:00:00,9.5037,9.5038,9.4293,9.4413,7741.77
2026-02-26 02:15:00,9.4594,9.509,9.4512,9.4518,3512.43
2026-02-26 02:30:00,9.462,9.4992,9.4548,9.4986,28556.72
2026-02-26 02:45:00,9.4964,9.5136,9.4633,9.4793,59551.22
2026-02-26 03:00:00,9.4738,9.4933,9.4485,9.4533,3738.95
2026-02-26 03:15:00,9.4508,9.4516,9.4284,9.436,871.10
2026-02-26 03:30:00,9.435,9.4703,9.4324,9.468,869.68
2026-02-26 03:45:00,9.4632,9.4799,9.4516,9.4516,1127.88
2026-02-26 04:00:00,9.4505,9.5216,9.4406,9.475,3490.94
2026-02-26 04:15:00,9.4909,9.508,9.4622,9.4895,1496.43
2026-02-26 04:30:00,9.4912,9.5618,9.4912,9.5228,2694.95
2026-02-26 04:45:00,9.52,9.528,9.5049,9.5049,855.34
2026-02-26 05:00:00,9.5025,9.5047,9.4256,9.4417,4108.89
2026-02-26 05:15:00,9.4293,9.4537,9.413,9.4358,1866.72
2026-02-26 05:30:00,9.4302,9.4543,9.4075,9.4317,2062.45
2026-02-26 05:45:00,9.4317,9.45,9.4226,9.4297,2743.31
2026-02-26 06:00:00,9.4319,9.4544,9.4082,9.4353,1227.50
2026-02-26 06:15:00,9.43,9.4475,9.4283,9.4283,778.06
2026-02-26 06:30:00,9.4263,9.4263,9.4,9.4009,3620.38
2026-02-26 06:45:00,9.4019,9.4447,9.3466,9.3588,6246.03
2026-02-26 07:00:00,9.3629,9.3879,9.3629,9.3743,2153.82
2026-02-26 07:15:00,9.3735,9.3843,9.3629,9.3696,526.99
2026-02-26 07:30:00,9.368,9.3705,9.3394,9.3453,937.80
2026-02-26 07:45:00,9.3289,9.3445,9.3184,9.3273,1815.82
2026-02-26 08:00:00,9.32,9.3355,9.3188,9.3339,2343.37
2026-02-26 08:15:00,9.3355,9.3718,9.3286,9.3467,2754.77
2026-02-26 08:30:00,9.3471,9.3684,9.3168,9.3193,5651.54
2026-02-26 08:45:00,9.3233,9.3449,9.3163,9.3249,10312.87
2026-02-26 09:00:00,9.325,9.402,9.3206,9.3868,13160.36
2026-02-26 09:15:00,9.3838,9.3849,9.3252,9.3444,10176.15
2026-02-26 09:30:00,9.3427,9.3844,9.3371,9.3631,9733.70
2026-02-26 09:45:00,9.3625,9.3896,9.3429,9.3747,12793.32
2026-02-26 10:00:00,9.3811,9.396,9.3629,9.3663,4808.79
2026-02-26 10:15:00,9.3671,9.3708,9.3511,9.3526,1868.68
2026-02-26 10:30:00,9.3541,9.361,9.3319,9.3365,801.28
2026-02-26 10:45:00,9.3387,9.3387,9.2804,9.2962,4085.39
2026-02-26 11:00:00,9.2964,9.3034,9.2907,9.2917,3352.72
2026-02-26 11:15:00,9.2891,9.2891,9.2415,9.2516,3377.54
2026-02-26 11:30:00,9.2502,9.2605,9.2502,9.2503,910.92
2026-02-26 11:45:00,9.2511,9.253,9.2369,9.2375,3454.76
2026-02-26 12:00:00,9.2381,9.2634,9.2372,9.258,3282.74
2026-02-26 12:15:00,9.2562,9.2973,9.2562,9.2973,820.30
2026-02-26 12:30:00,9.3,9.3559,9.2933,9.3424,1791.00
2026-02-26 12:45:00,9.336,9.3583,9.3246,9.3501,5960.30
2026-02-26 13:00:00,9.3513,9.3663,9.3219,9.3219,6024.55
2026-02-26 13:15:00,9.3254,9.3483,9.3163,9.3398,4632.22
2026-02-26 13:30:00,9.3373,9.3409,9.3253,9.3394,1820.00
2026-02-26 13:45:00,9.3385,9.3711,9.3181,9.3286,3148.22
2026-02-26 14:00:00,9.3304,9.3792,9.3176,9.3543,1174.92
2026-02-26 14:15:00,9.338,9.3669,9.3145,9.3525,3005.27
2026-02-26 14:30:00,9.3503,9.384,9.3072,9.3485,43836.17
2026-02-26 14:45:00,9.3315,9.3333,9.2736,9.3197,5971.53
2026-02-26 15:00:00,9.328,9.3288,9.28,9.2974,4745.00
2026-02-26 15:15:00,9.2748,9.2762,9.211,9.2395,5723.18
2026-02-26 15:30:00,9.2362,9.3334,9.215,9.3287,4979.81
2026-02-26 15:45:00,9.3234,9.3499,9.2768,9.2996,3700.78
2026-02-26 16:00:00,9.3024,9.3119,9.243,9.2483,5710.09
2026-02-26 16:15:00,9.2523,9.3197,9.2485,9.2977,1928.73
2026-02-26 16:30:00,9.2948,9.295,9.1902,9.2154,2335.38
2026-02-26 16:45:00,9.2102,9.2152,9.096,9.1124,13016.41
2026-02-26 17:00:00,9.1124,9.1845,9.1073,9.1341,3554.00
2026-02-26 17:15:00,9.134,9.1787,9.1303,9.1425,4109.85
2026-02-26 17:30:00,9.1435,9.1641,9.114,9.1156,1830.39
2026-02-26 17:45:00,9.1165,9.121,9.091,9.1142,1350.75
2026-02-26 18:00:00,9.1142,9.1314,9.0892,9.1205,3604.27
2026-02-26 18:15:00,9.1196,9.1608,9.1184,9.1391,2626.40
2026-02-26 18:30:00,9.1495,9.2244,9.1486,9.2011,3043.96
2026-02-26 18:45:00,9.1999,9.2221,9.1952,9.2141,527.29
2026-02-26 19:00:00,9.2142,9.33,9.2142,9.2827,7043.14
2026-02-26 19:15:00,9.2824,9.3045,9.27,9.2912,1212.67
2026-02-26 19:30:00,9.291,9.3152,9.2642,9.277,1971.57
2026-02-26 19:45:00,9.2822,9.3074,9.2813,9.3014,3397.78
2026-02-26 20:00:00,9.3014,9.3335,9.2832,9.2832,2246.31
2026-02-26 20:15:00,9.2868,9.3077,9.2713,9.2732,1010.49
2026-02-26 20:30:00,9.2756,9.2756,9.2393,9.2481,708.70
2026-02-26 20:45:00,9.2443,9.2524,9.232,9.246,1604.11
2026-02-26 21:00:00,9.2433,9.2584,9.2322,9.2584,1068.87
2026-02-26 21:15:00,9.256,9.2669,9.2458,9.264,2926.87
2026-02-26 21:30:00,9.2682,9.2682,9.244,9.2508,953.03
2026-02-26 21:45:00,9.2448,9.2544,9.2316,9.2414,479.45
2026-02-26 22:00:00,9.2415,9.281,9.239,9.273,2628.61
2026-02-26 22:15:00,9.2756,9.2784,9.26,9.2715,812.30
2026-02-26 22:30:00,9.2666,9.3166,9.2666,9.3164,4946.64
2026-02-26 22:45:00,9.3154,9.3244,9.3051,9.3244,497.02
2026-02-26 23:00:00,9.3228,9.3248,9.3024,9.3204,635.89
2026-02-26 23:15:00,9.322,9.3286,9.3079,9.3257,988.36
2026-02-26 23:30:00,9.3204,9.3214,9.296,9.296,655.59
2026-02-26 23:45:00,9.3028,9.306,9.2923,9.302,581.72
2026-02-27 00:00:00,9.3042,9.3115,9.281,9.2884,561.66
2026-02-27 00:15:00,9.2876,9.3022,9.2812,9.2898,2169.79
2026-02-27 00:30:00,9.2902,9.2902,9.255,9.2638,1662.27
2026-02-27 00:45:00,9.2563,9.2777,9.2507,9.2762,1663.41
2026-02-27 01:00:00,9.281,9.2815,9.2459,9.2587,2122.25
2026-02-27 01:15:00,9.2603,9.2908,9.2603,9.2695,1337.14
2026-02-27 01:30:00,9.2673,9.2922,9.2597,9.2829,1879.32
2026-02-27 01:45:00,9.2777,9.3066,9.2773,9.3038,30668.07
2026-02-27 02:00:00,9.3025,9.3373,9.2998,9.3214,2866.71
2026-02-27 02:15:00,9.3128,9.3428,9.3,9.3235,36401.35
2026-02-27 02:30:00,9.3257,9.373,9.3257,9.3574,18582.63
2026-02-27 02:45:00,9.3549,9.3785,9.3474,9.3474,796.17
2026-02-27 03:00:00,9.3472,9.3489,9.3296,9.3417,3812.50
2026-02-27 03:15:00,9.3491,9.3491,9.321,9.3274,110.85
2026-02-27 03:30:00,9.3273,9.376,9.3216,9.3677,515.22
2026-02-27 03:45:00,9.3625,9.429,9.3625,9.4068,5709.71
2026-02-27 04:00:00,9.4096,9.4608,9.4096,9.4573,5994.78
2026-02-27 04:15:00,9.4575,9.4809,9.4475,9.4541,922.31
2026-02-27 04:30:00,9.4521,9.4552,9.3948,9.396,1567.65
2026-02-27 04:45:00,9.3956,9.4203,9.3919,9.3998,2926.49
2026-02-27 05:00:00,9.4006,9.4187,9.3992,9.4087,1407.83
2026-02-27 05:15:00,9.4063,9.4143,9.381,9.4039,6569.81
2026-02-27 05:30:00,9.402,9.4256,9.402,9.4224,1503.10
2026-02-27 05:45:00,9.4158,9.4198,9.4082,9.4198,558.79
2026-02-27 06:00:00,9.4112,9.4362,9.4089,9.4327,7282.24
2026-02-27 06:15:00,9.4276,9.4416,9.3671,9.3904,8549.90
2026-02-27 06:30:00,9.3934,9.4056,9.3756,9.4029,1066.57
2026-02-27 06:45:00,9.4045,9.4256,9.403,9.4094,1939.77
2026-02-27 07:00:00,9.4149,9.4154,9.3828,9.4025,783.03
2026-02-27 07:15:00,9.3976,9.3993,9.3711,9.3711,632.93
2026-02-27 07:30:00,9.3796,9.3808,9.3446,9.359,1610.21
2026-02-27 07:45:00,9.3591,9.392,9.359,9.382,1342.15
2026-02-27 08:00:00,9.3835,9.425,9.3835,9.4085,7691.23
2026-02-27 08:15:00,9.4062,9.4143,9.3905,9.3988,1022.81
2026-02-27 08:30:00,9.4034,9.4199,9.363,9.3816,5187.23
2026-02-27 08:45:00,9.3809,9.3913,9.3688,9.3779,845.51
2026-02-27 09:00:00,9.3766,9.3859,9.3699,9.3758,1863.08
2026-02-27 09:15:00,9.3765,9.39,9.346,9.3635,14260.41
2026-02-27 09:30:00,9.3634,9.3732,9.296,9.296,3680.59
2026-02-27 09:45:00,9.28,9.288,9.251,9.2725,19494.42
2026-02-27 10:00:00,9.2664,9.2755,9.1956,9.1965,3963.36
2026-02-27 10:15:00,9.1945,9.226,9.1888,9.1917,12157.87
2026-02-27 10:30:00,9.2027,9.2208,9.1959,9.2069,739.02
2026-02-27 10:45:00,9.2057,9.2057,9.0774,9.1011,14687.00
2026-02-27 11:00:00,9.0972,9.125,9.089,9.1087,13984.76
2026-02-27 11:15:00,9.1019,9.1225,9.0672,9.0921,5776.97
2026-02-27 11:30:00,9.0977,9.0977,8.9907,9.0048,15961.94
2026-02-27 11:45:00,9.0069,9.0357,8.9899,9.0253,3216.54
2026-02-27 12:00:00,9.018,9.026,8.9978,9.0215,3652.79
2026-02-27 12:15:00,9.0281,9.052,9.0128,9.026,3115.40
2026-02-27 12:30:00,9.0254,9.0456,9.0104,9.0176,8105.99
2026-02-27 12:45:00,9.0194,9.0207,8.996,9.0168,6037.38
2026-02-27 13:00:00,9.0125,9.0485,9.006,9.0281,10423.43
2026-02-27 13:15:00,9.0352,9.0395,9.008,9.0121,4554.17
2026-02-27 13:30:00,9.011,9.011,8.9229,8.9741,15160.07
2026-02-27 13:45:00,8.9723,9.0168,8.9658,8.9995,4725.72
2026-02-27 14:00:00,8.9972,9.0039,8.9753,8.9859,5151.43
2026-02-27 14:15:00,8.9856,8.9856,8.952,8.96,4762.50
2026-02-27 14:30:00,8.9634,8.9968,8.9513,8.9644,4472.43
2026-02-27 14:45:00,8.96,8.9669,8.936,8.9552,3860.20
2026-02-27 15:00:00,8.9519,9.0208,8.9511,8.991,3865.77
2026-02-27 15:15:00,8.9924,9.009,8.9645,9.0012,37727.38
2026-02-27 15:30:00,9.0036,9.0087,8.9785,8.992,39232.94
2026-02-27 15:45:00,8.9937,9.0176,8.9892,9.012,1862.33
2026-02-27 16:00:00,9.01,9.01,8.9575,8.9835,5623.66
2026-02-27 16:15:00,8.9795,9.0098,8.9781,8.9879,4190.72
2026-02-27 16:30:00,8.9836,8.9919,8.9234,8.9301,8071.60
2026-02-27 16:45:00,8.935,8.9412,8.8956,8.9062,3420.61
2026-02-27 17:00:00,8.9088,8.9405,8.8963,8.9026,11402.89
2026-02-27 17:15:00,8.9096,8.9167,8.8744,8.8807,3784.77
2026-02-27 17:30:00,8.8795,8.9105,8.8597,8.8995,5518.43
2026-02-27 17:45:00,8.9,8.9553,8.8948,8.9523,2513.35
2026-02-27 18:00:00,8.9463,8.9663,8.9412,8.9428,5952.20
2026-02-27 18:15:00,8.9406,8.9571,8.9354,8.9571,3005.28
2026-02-27 18:30:00,8.9635,8.9828,8.9568,8.971,3548.79
2026-02-27 18:45:00,8.97,8.971,8.9293,8.9357,4141.22
2026-02-27 19:00:00,8.9316,8.9484,8.9046,8.9218,5494.21
2026-02-27 19:15:00,8.9221,8.9488,8.9102,8.9417,5358.83
2026-02-27 19:30:00,8.939,8.9426,8.8486,8.8524,86650.14
2026-02-27 19:45:00,8.8542,8.8999,8.8542,8.8918,59773.84
2026-02-27 20:00:00,8.8905,8.9013,8.88,8.901,6294.24
2026-02-27 20:15:00,8.9029,8.9049,8.8849,8.8849,2309.96
2026-02-27 20:30:00,8.886,8.896,8.883,8.896,1343.91
2026-02-27 20:45:00,8.8904,8.9127,8.8888,8.8932,933.79
2026-02-27 21:00:00,8.8982,8.9384,8.8964,8.927,1519.20
2026-02-27 21:15:00,8.9298,8.9325,8.9054,8.9055,2318.40
2026-02-27 21:30:00,8.9071,8.9071,8.885,8.8966,2198.73
2026-02-27 21:45:00,8.8932,8.8962,8.8684,8.8838,6100.48
2026-02-27 22:00:00,8.888,8.8999,8.8758,8.8787,3545.79
2026-02-27 22:15:00,8.883,8.8915,8.855,8.8615,1442.44
2026-02-27 22:30:00,8.8505,8.879,8.7788,8.8741,7678.45
2026-02-27 22:45:00,8.872,8.8865,8.8713,8.8865,614.08
2026-02-27 23:00:00,8.884,8.9195,8.884,8.9079,1463.97
2026-02-27 23:15:00,8.9055,8.9435,8.899,8.9301,1487.74
2026-02-27 23:30:00,8.9391,8.9621,8.9389,8.9532,1923.90
2026-02-27 23:45:00,8.9476,8.9614,8.9476,8.9478,622.57
2026-02-28 00:00:00,8.9456,8.9702,8.9428,8.9657,6804.70
2026-02-28 00:15:00,8.9655,8.9703,8.942,8.9511,1509.14
2026-02-28 00:30:00,8.9492,8.9682,8.9479,8.9665,353.39
2026-02-28 00:45:00,8.962,8.962,8.941,8.9546,2874.32
2026-02-28 01:00:00,8.9589,8.965,8.929,8.9304,1274.08
2026-02-28 01:15:00,8.9304,8.9408,8.914,8.914,3878.84
2026-02-28 01:30:00,8.91,8.9126,8.8932,8.9081,4790.01
2026-02-28 01:45:00,8.9104,8.9246,8.9086,8.911,620.11
2026-02-28 02:00:00,8.9061,8.9196,8.9061,8.9118,1200.59
2026-02-28 02:15:00,8.9099,8.9276,8.9099,8.925,700.34
2026-02-28 02:30:00,8.9267,8.9343,8.9223,8.928,363.53
2026-02-28 02:45:00,8.9288,8.9324,8.9218,8.9289,124.63
2026-02-28 03:00:00,8.9288,8.9288,8.9055,8.9122,1441.65
2026-02-28 03:15:00,8.9123,8.9209,8.9021,8.9021,727.60
2026-02-28 03:30:00,8.9024,8.9024,8.8728,8.882,4655.23
2026-02-28 03:45:00,8.8788,8.894,8.877,8.882,12368.66
2026-02-28 04:00:00,8.8805,8.8822,8.8614,8.8708,2398.65
2026-02-28 04:15:00,8.8699,8.8921,8.8664,8.8719,5319.87
2026-02-28 04:30:00,8.8578,8.8782,8.8404,8.8715,2276.81
2026-02-28 04:45:00,8.8731,8.886,8.8731,8.886,669.94
2026-02-28 05:00:00,8.8851,8.9007,8.8821,8.8963,2771.49
2026-02-28 05:15:00,8.8939,8.8939,8.8738,8.874,1635.49
2026-02-28 05:30:00,8.8711,8.8711,8.854,8.8656,3398.37
2026-02-28 05:45:00,8.8637,8.8798,8.859,8.8787,3795.83
2026-02-28 06:00:00,8.8772,8.8772,8.8319,8.836,3724.82
2026-02-28 06:15:00,8.837,8.8503,8.696,8.7244,38629.39
2026-02-28 06:30:00,8.7167,8.7333,8.5662,8.6589,62673.43
2026-02-28 06:45:00,8.6599,8.6604,8.5169,8.5396,27452.66
2026-02-28 07:00:00,8.528,8.6363,8.4881,8.6183,17050.10
2026-02-28 07:15:00,8.6218,8.6405,8.548,8.5549,4058.79
2026-02-28 07:30:00,8.5537,8.7289,8.5537,8.7064,7383.33
2026-02-28 07:45:00,8.7006,8.7006,8.619,8.6215,3868.28
2026-02-28 08:00:00,8.6136,8.621,8.5536,8.5552,4844.64
2026-02-28 08:15:00,8.5458,8.5659,8.5068,8.5221,4741.75
2026-02-28 08:30:00,8.5247,8.537,8.4989,8.5011,7414.77
2026-02-28 08:45:00,8.502,8.5092,8.4721,8.4781,4566.52
2026-02-28 09:00:00,8.4769,8.4991,8.4264,8.4798,9291.90
2026-02-28 09:15:00,8.4781,8.4986,8.4587,8.4885,7765.43
2026-02-28 09:30:00,8.4836,8.4863,8.439,8.446,4222.00
2026-02-28 09:45:00,8.4461,8.4781,8.4308,8.4773,3593.47
2026-02-28 10:00:00,8.4756,8.4756,8.4301,8.4627,15965.66
2026-02-28 10:15:00,8.4574,8.5083,8.4572,8.4995,7913.05
2026-02-28 10:30:00,8.4972,8.548,8.4972,8.5266,3053.69
2026-02-28 10:45:00,8.5163,8.5224,8.4934,8.5003,787.49
2026-02-28 11:00:00,8.505,8.5431,8.4992,8.5148,3179.28
2026-02-28 11:15:00,8.5168,8.5463,8.5065,8.5385,4262.77
2026-02-28 11:30:00,8.5526,8.5552,8.5141,8.5198,16023.16
2026-02-28 11:45:00,8.5197,8.5252,8.468,8.468,822.69
2026-02-28 12:00:00,8.4669,8.4948,8.4624,8.4821,4336.21
2026-02-28 12:15:00,8.4851,8.5057,8.4742,8.4868,2177.00
2026-02-28 12:30:00,8.4922,8.5044,8.4888,8.4936,1963.50
2026-02-28 12:45:00,8.4934,8.5115,8.4859,8.5052,3171.38
2026-02-28 13:00:00,8.5069,8.5462,8.5067,8.5462,1377.61
2026-02-28 13:15:00,8.5535,8.5674,8.52,8.5204,3559.05
2026-02-28 13:30:00,8.5194,8.5292,8.483,8.5153,3236.37
2026-02-28 13:45:00,8.5216,8.6929,8.5216,8.6874,37345.73
2026-02-28 14:00:00,8.6944,8.734,8.6413,8.659,6172.42
2026-02-28 14:15:00,8.6541,8.6832,8.6208,8.664,121857.43
2026-02-28 14:30:00,8.6639,8.7015,8.6293,8.6754,9229.11
2026-02-28 14:45:00,8.6741,8.6852,8.5833,8.5992,7940.42
2026-02-28 15:00:00,8.5995,8.6201,8.5504,8.5504,9710.56
2026-02-28 15:15:00,8.5492,8.6514,8.5488,8.6368,8727.28
2026-02-28 15:30:00,8.6301,8.6538,8.6123,8.635,3806.50
2026-02-28 15:45:00,8.6347,8.6389,8.6202,8.6241,4200.06
2026-02-28 16:00:00,8.6246,8.6515,8.6069,8.6464,7121.83
2026-02-28 16:15:00,8.6464,8.6476,8.6105,8.641,6020.33
2026-02-28 16:30:00,8.6414,8.6753,8.6181,8.6717,6037.66
2026-02-28 16:45:00,8.6757,8.683,8.6448,8.6747,4470.02
2026-02-28 17:00:00,8.6736,8.6775,8.6395,8.6471,5864.29
2026-02-28 17:15:00,8.6489,8.6953,8.6352,8.6953,47960.12
2026-02-28 17:30:00,8.6889,8.7103,8.6406,8.6488,118187.11
2026-02-28 17:45:00,8.6497,8.7454,8.6334,8.7363,8374.89
2026-02-28 18:00:00,8.7302,8.7448,8.7165,8.7274,11402.19
2026-02-28 18:15:00,8.7288,8.744,8.7216,8.7377,4304.43
2026-02-28 18:30:00,8.7354,8.8567,8.7354,8.8405,36600.05
2026-02-28 18:45:00,8.8441,8.9579,8.8441,8.8984,6668.83
2026-02-28 19:00:00,8.8975,8.9021,8.8235,8.845,8376.25
2026-02-28 19:15:00,8.8475,8.8662,8.8399,8.8591,7038.75
2026-02-28 19:30:00,8.8524,8.9883,8.8524,8.9366,8238.27
2026-02-28 19:45:00,8.9373,8.9567,8.9096,8.9296,3693.87
2026-02-28 20:00:00,8.9283,9.0225,8.9162,9.0012,115193.45
2026-02-28 20:15:00,9.0019,9.1208,8.9999,9.0864,7256.61
2026-02-28 20:30:00,9.0833,9.1196,9.0621,9.1052,6481.91
2026-02-28 20:45:00,9.1211,9.1665,9.1211,9.1469,4502.29
2026-02-28 21:00:00,9.1457,9.1841,9.0894,9.1465,9784.35
2026-02-28 21:15:00,9.1472,9.1592,9.1194,9.1194,5030.93
2026-02-28 21:30:00,9.1177,9.176,9.106,9.1271,30844.12
2026-02-28 21:45:00,9.141,9.1656,9.1197,9.125,3490.78
2026-02-28 22:00:00,9.1239,9.1576,9.1239,9.1389,4027.69
2026-02-28 22:15:00,9.135,9.2108,9.134,9.1917,25395.10
2026-02-28 22:30:00,9.193,9.268,9.1861,9.1951,4539.27
2026-02-28 22:45:00,9.192,9.2209,9.1787,9.2037,4309.13
2026-02-28 23:00:00,9.2069,9.2088,9.17,9.1722,2025.43
2026-02-28 23:15:00,9.1785,9.18,9.1399,9.141,46647.57
2026-02-28 23:30:00,9.141,9.1508,9.1218,9.132,5673.21
2026-02-28 23:45:00,9.1474,9.1749,9.1445,9.1596,3625.40
2026-03-01 00:00:00,9.1629,9.2142,9.1629,9.1964,13298.57
2026-03-01 00:15:00,9.1924,9.2077,9.1808,9.1846,6423.85
2026-03-01 00:30:00,9.1845,9.1928,9.1496,9.1658,5687.95
2026-03-01 00:45:00,9.167,9.1745,9.1312,9.1381,4496.05
2026-03-01 01:00:00,9.135,9.1354,9.059,9.0699,10291.15
2026-03-01 01:15:00,9.0713,9.132,9.066,9.1239,777.64
2026-03-01 01:30:00,9.1239,9.2002,9.1034,9.1867,45492.61
2026-03-01 01:45:00,9.1868,9.3384,9.1868,9.2659,52436.11
2026-03-01 02:00:00,9.2688,9.4052,9.2688,9.3887,67996.88
2026-03-01 02:15:00,9.3906,9.4251,9.3501,9.3755,13558.85
2026-03-01 02:30:00,9.3755,9.3839,9.3441,9.3821,4781.10
2026-03-01 02:45:00,9.3812,9.3919,9.3498,9.3529,12213.87
2026-03-01 03:00:00,9.3517,9.3816,9.3156,9.32,17550.24
2026-03-01 03:15:00,9.314,9.3195,9.2778,9.2913,4818.73
2026-03-01 03:30:00,9.2876,9.2882,9.265,9.2789,2794.63
2026-03-01 03:45:00,9.279,9.2856,9.2401,9.2631,7239.19
2026-03-01 04:00:00,9.2631,9.2873,9.2421,9.2421,2400.57
2026-03-01 04:15:00,9.2413,9.2545,9.1859,9.2317,32031.99
2026-03-01 04:30:00,9.228,9.268,9.2252,9.2658,3220.20
2026-03-01 04:45:00,9.2649,9.2666,9.2585,9.2646,1492.54
2026-03-01 05:00:00,9.2672,9.299,9.2592,9.266,2437.13
2026-03-01 05:15:00,9.2674,9.2982,9.2674,9.29,380.82
2026-03-01 05:30:00,9.2864,9.2945,9.2801,9.2826,287.72
2026-03-01 05:45:00,9.2849,9.2916,9.2652,9.2652,2998.05
2026-03-01 06:00:00,9.2636,9.267,9.188,9.211,10123.16
2026-03-01 06:15:00,9.208,9.2519,9.208,9.23,1420.05
2026-03-01 06:30:00,9.2253,9.2253,9.17,9.187,2721.04
2026-03-01 06:45:00,9.184,9.1989,9.1626,9.186,1086.04
2026-03-01 07:00:00,9.1806,9.2032,9.158,9.2008,3287.22
2026-03-01 07:15:00,9.1971,9.2154,9.1876,9.1944,939.04
2026-03-01 07:30:00,9.19,9.2257,9.178,9.219,527.85
2026-03-01 07:45:00,9.216,9.231,9.2149,9.2149,165.74
2026-03-01 08:00:00,9.2216,9.2509,9.1969,9.246,2192.29
2026-03-01 08:15:00,9.252,9.252,9.211,9.2314,7294.45
2026-03-01 08:30:00,9.2304,9.241,9.2214,9.2214,2545.75
2026-03-01 08:45:00,9.2167,9.2225,9.1267,9.1411,3888.59
2026-03-01 09:00:00,9.1385,9.1766,9.1035,9.1651,3586.66
2026-03-01 09:15:00,9.171,9.2247,9.171,9.1912,4680.17
2026-03-01 09:30:00,9.1875,9.192,9.1405,9.1447,2014.09
2026-03-01 09:45:00,9.141,9.152,9.133,9.1398,1729.12
2026-03-01 10:00:00,9.1361,9.1475,9.1001,9.1412,3991.45
2026-03-01 10:15:00,9.1325,9.1413,9.1201,9.1336,830.52
2026-03-01 10:30:00,9.1346,9.186,9.1346,9.1537,5943.98
2026-03-01 10:45:00,9.1548,9.168,9.1479,9.1616,455.09
2026-03-01 11:00:00,9.162,9.174,9.1515,9.1536,683.36
2026-03-01 11:15:00,9.1542,9.1733,9.1515,9.1618,4152.85
2026-03-01 11:30:00,9.1594,9.1641,9.1168,9.1168,1701.68
2026-03-01 11:45:00,9.12,9.1307,9.111,9.1221,284.33
2026-03-01 12:00:00,9.1191,9.1407,9.1162,9.123,1021.38
2026-03-01 12:15:00,9.1226,9.1356,9.111,9.1136,833.60
2026-03-01 12:30:00,9.1119,9.1212,9.0781,9.1023,2279.02
2026-03-01 12:45:00,9.1016,9.1016,9.0599,9.0723,50611.65
2026-03-01 13:00:00,9.072,9.0847,9.0514,9.068,2175.99
2026-03-01 13:15:00,9.0689,9.0761,9.0295,9.0517,10506.01
2026-03-01 13:30:00,9.052,9.0568,9.0371,9.0423,9068.12
2026-03-01 13:45:00,9.043,9.208,9.0392,9.1621,55922.04
2026-03-01 14:00:00,9.164,9.225,9.1462,9.1945,13866.53
2026-03-01 14:15:00,9.2,9.2036,9.1403,9.1572,2763.70
2026-03-01 14:30:00,9.1554,9.182,9.1129,9.1296,2927.43
2026-03-01 14:45:00,9.1262,9.1541,9.124,9.1391,2842.60
2026-03-01 15:00:00,9.1368,9.1629,9.1313,9.155,1210.97
2026-03-01 15:15:00,9.167,9.1908,9.1531,9.1627,4500.09
2026-03-01 15:30:00,9.1669,9.198,9.1669,9.1842,830.71
2026-03-01 15:45:00,9.1804,9.1866,9.1323,9.1323,1312.46
2026-03-01 16:00:00,9.132,9.1629,9.1015,9.1367,6058.69
2026-03-01 16:15:00,9.1363,9.1602,9.1126,9.1422,1901.35
2026-03-01 16:30:00,9.1445,9.151,9.126,9.126,1271.98
2026-03-01 16:45:00,9.126,9.126,8.9661,9.0161,7599.48
2026-03-01 17:00:00,9.0181,9.0316,8.9908,9.0146,6447.44
2026-03-01 17:15:00,9.0182,9.0182,8.945,9.0,7487.62
2026-03-01 17:30:00,9.0004,9.0373,8.9959,9.0287,6069.23
2026-03-01 17:45:00,9.0215,9.0398,9.0025,9.0106,2310.28
2026-03-01 18:00:00,9.0096,9.1012,9.0026,9.0661,4500.07
2026-03-01 18:15:00,9.0673,9.0883,9.0537,9.0602,5198.53
2026-03-01 18:30:00,9.0614,9.069,9.045,9.058,5526.12
2026-03-01 18:45:00,9.0612,9.0633,9.0308,9.0336,659.16
2026-03-01 19:00:00,9.0327,9.0333,8.9867,8.9867,2595.97
2026-03-01 19:15:00,8.9883,8.992,8.9692,8.9762,973.96
2026-03-01 19:30:00,8.9729,8.997,8.945,8.9502,8304.32
2026-03-01 19:45:00,8.9485,8.9632,8.9364,8.9455,4124.30
2026-03-01 20:00:00,8.9467,8.9527,8.8809,8.8809,21841.35
2026-03-01 20:15:00,8.8854,8.9054,8.8737,8.8737,8507.16
2026-03-01 20:30:00,8.8786,8.8839,8.837,8.844,3397.64
2026-03-01 20:45:00,8.8529,8.8781,8.8475,8.8681,6382.77
2026-03-01 21:00:00,8.8647,8.8804,8.8639,8.8726,2550.93
2026-03-01 21:15:00,8.8723,8.9279,8.8704,8.923,10234.39
2026-03-01 21:30:00,8.9243,8.9362,8.9149,8.9331,6414.83
2026-03-01 21:45:00,8.94,8.9482,8.9307,8.9408,2313.43
2026-03-01 22:00:00,8.9392,9.0674,8.9342,9.014,19667.06
2026-03-01 22:15:00,9.0108,9.0381,8.9809,8.9855,43579.25
2026-03-01 22:30:00,8.9919,9.0078,8.9432,8.9924,5410.14
2026-03-01 22:45:00,8.9936,8.9936,8.9562,8.9593,2027.91
2026-03-01 23:00:00,8.9576,9.061,8.9497,9.0316,9268.04
2026-03-01 23:15:00,9.0264,9.0401,9.0,9.001,54035.33
2026-03-01 23:30:00,9.0069,9.0432,9.0069,9.041,661.05
2026-03-01 23:45:00,9.0371,9.052,9.0206,9.029,5359.43
2026-03-02 00:00:00,9.0312,9.0559,9.022,9.039,6382.52
2026-03-02 00:15:00,9.0278,9.0322,9.0061,9.0133,5730.83
2026-03-02 00:30:00,9.0123,9.0927,9.0123,9.0927,1368.59
2026-03-02 00:45:00,9.0943,9.1428,9.074,9.0908,25218.42
2026-03-02 01:00:00,9.096,9.1936,9.086,9.1712,9800.35
2026-03-02 01:15:00,9.1776,9.1832,9.09,9.0951,52592.11
2026-03-02 01:30:00,9.1061,9.1291,9.105,9.1096,19825.05
2026-03-02 01:45:00,9.1059,9.1164,9.0851,9.1061,3344.18
2026-03-02 02:00:00,9.1096,9.1197,9.0222,9.0485,8297.44
2026-03-02 02:15:00,9.0538,9.065,9.033,9.0565,6201.85
2026-03-02 02:30:00,9.0568,9.0933,9.0481,9.0599,7113.72
2026-03-02 02:45:00,9.0579,9.0714,9.0325,9.054,11926.64
2026-03-02 03:00:00,9.057,9.1011,9.0359,9.0899,7055.26
2026-03-02 03:15:00,9.085,9.1302,9.084,9.1302,10376.88
2026-03-02 03:30:00,9.1271,9.1424,9.11,9.1224,12222.73
2026-03-02 03:45:00,9.1223,9.154,9.1196,9.1243,7577.65
2026-03-02 04:00:00,9.1286,9.1324,9.1169,9.1289,5275.01
2026-03-02 04:15:00,9.1266,9.133,9.103,9.133,3861.27
2026-03-02 04:30:00,9.134,9.14,9.113,9.116,1706.20
2026-03-02 04:45:00,9.1134,9.1134,9.0857,9.0888,1903.85
2026-03-02 05:00:00,9.1013,9.1013,9.0542,9.066,2970.16
2026-03-02 05:15:00,9.0675,9.0792,9.0575,9.0712,1288.40
2026-03-02 05:30:00,9.075,9.1128,9.073,9.1066,809.72
2026-03-02 05:45:00,9.107,9.1078,9.058,9.062,882.24
2026-03-02 06:00:00,9.065,9.065,9.0264,9.032,1421.10
2026-03-02 06:15:00,9.033,9.033,8.9408,8.9702,3703.12
2026-03-02 06:30:00,8.9689,8.9793,8.958,8.966,9005.34
2026-03-02 06:45:00,8.968,8.968,8.9385,8.9543,7514.22
2026-03-02 07:00:00,8.9556,8.9556,8.8823,8.9,10601.46
2026-03-02 07:15:00,8.8999,8.9367,8.8888,8.9245,1934.68
2026-03-02 07:30:00,8.9197,8.9446,8.9157,8.9396,3112.13
2026-03-02 07:45:00,8.9409,8.9412,8.928,8.9292,468.80
2026-03-02 08:00:00,8.9303,8.9303,8.8713,8.916,5076.58
2026-03-02 08:15:00,8.9209,8.924,8.8618,8.8697,4057.92
2026-03-02 08:30:00,8.8697,8.923,8.8697,8.9227,3385.93
2026-03-02 08:45:00,8.9215,8.9803,8.9161,8.9707,4262.45
2026-03-02 09:00:00,8.9675,9.011,8.9628,9.0035,4744.43
2026-03-02 09:15:00,9.0027,9.0256,8.9862,8.9862,4936.25
2026-03-02 09:30:00,8.9848,9.0073,8.9833,8.9919,3121.77
2026-03-02 09:45:00,8.989,8.989,8.9614,8.9614,965.53
2026-03-02 10:00:00,8.9609,8.9692,8.927,8.9274,2476.29
2026-03-02 10:15:00,8.9434,8.9515,8.9365,8.9464,1126.46
2026-03-02 10:30:00,8.953,8.9639,8.9377,8.9409,605.96
2026-03-02 10:45:00,8.9485,8.9562,8.9374,8.9562,349.34
2026-03-02 11:00:00,8.9578,8.961,8.9291,8.948,2205.76
2026-03-02 11:15:00,8.941,8.9695,8.9323,8.9519,1872.11
2026-03-02 11:30:00,8.9436,8.9776,8.9436,8.9753,1401.63
2026-03-02 11:45:00,8.9776,8.9989,8.966,8.9701,4753.87
2026-03-02 12:00:00,8.972,8.9792,8.9628,8.9749,3466.57
2026-03-02 12:15:00,8.9762,8.977,8.941,8.947,1651.13
2026-03-02 12:30:00,8.9511,8.9573,8.9399,8.9449,3130.73
2026-03-02 12:45:00,8.9433,8.9578,8.9416,8.9489,1045.75
2026-03-02 13:00:00,8.95,8.9518,8.9222,8.9255,2037.00
2026-03-02 13:15:00,8.9276,8.9705,8.923,8.923,2851.52
2026-03-02 13:30:00,8.923,8.9562,8.9146,8.9293,2475.13
2026-03-02 13:45:00,8.9294,8.9294,8.8996,8.9096,7949.12
2026-03-02 14:00:00,8.9069,8.932,8.8968,8.9219,2045.69
2026-03-02 14:15:00,8.9275,8.946,8.9062,8.9263,2082.25
2026-03-02 14:30:00,8.9299,9.0766,8.9242,9.0649,6618.99
2026-03-02 14:45:00,9.067,9.1507,9.0524,9.1384,9764.86
2026-03-02 15:00:00,9.14,9.3221,9.13,9.319,8831.06
2026-03-02 15:15:00,9.323,9.3808,9.3049,9.3279,18796.69
2026-03-02 15:30:00,9.3279,9.387,9.2569,9.387,4174.16
2026-03-02 15:45:00,9.3906,9.398,9.2743,9.311,6356.47
2026-03-02 16:00:00,9.3174,9.448,9.315,9.4408,26795.41
2026-03-02 16:15:00,9.442,9.4723,9.3846,9.392,25259.56
2026-03-02 16:30:00,9.3897,9.4493,9.3252,9.4459,11710.95
2026-03-02 16:45:00,9.4312,9.4722,9.3669,9.3669,85705.39
2026-03-02 17:00:00,9.3716,9.3735,9.3202,9.3335,10838.98
2026-03-02 17:15:00,9.3313,9.351,9.2784,9.2986,9451.77
2026-03-02 17:30:00,9.2944,9.3212,9.198,9.2066,14339.79
2026-03-02 17:45:00,9.2046,9.2834,9.196,9.2738,12875.65
2026-03-02 18:00:00,9.2729,9.2907,9.201,9.2907,9640.20
2026-03-02 18:15:00,9.285,9.2857,9.2673,9.2709,45459.51
2026-03-02 18:30:00,9.273,9.2858,9.2416,9.2552,13862.72
2026-03-02 18:45:00,9.2661,9.2903,9.2252,9.2307,4650.99
2026-03-02 19:00:00,9.2304,9.2394,9.1849,9.2077,5208.07
2026-03-02 19:15:00,9.206,9.243,9.1998,9.2137,3929.51
2026-03-02 19:30:00,9.2144,9.243,9.1994,9.2172,1437.24
2026-03-02 19:45:00,9.2164,9.2463,9.216,9.2338,4323.80
2026-03-02 20:00:00,9.2372,9.2825,9.189,9.2032,7904.56
2026-03-02 20:15:00,9.2024,9.2303,9.1982,9.222,1501.56
2026-03-02 20:30:00,9.2155,9.2322,9.2091,9.2317,183.41
2026-03-02 20:45:00,9.2329,9.2588,9.2225,9.2225,916.51
2026-03-02 21:00:00,9.2227,9.2229,9.1717,9.2044,1894.49
2026-03-02 21:15:00,9.1967,9.2106,9.1701,9.2084,1085.38
2026-03-02 21:30:00,9.2084,9.2235,9.2002,9.2134,1368.15
2026-03-02 21:45:00,9.219,9.226,9.2095,9.2115,612.47
2026-03-02 22:00:00,9.2168,9.2529,9.2158,9.2199,2036.14
2026-03-02 22:15:00,9.235,9.2662,9.2179,9.2645,3160.60
2026-03-02 22:30:00,9.2617,9.2853,9.2602,9.2682,9017.25
2026-03-02 22:45:00,9.2679,9.2702,9.2511,9.2596,4329.18
2026-03-02 23:00:00,9.2598,9.2668,9.2209,9.2333,1055.19
2026-03-02 23:15:00,9.2182,9.2218,9.1874,9.1874,2792.66
2026-03-02 23:30:00,9.1805,9.1862,9.148,9.1513,6438.62
2026-03-02 23:45:00,9.151,9.171,9.1509,9.1605,2386.06
