timestamp,open,high,low,close,volume
2025-04-27 08:15:00+00:00,0.0987,0.1004,0.0968,0.0972,20927660.0
2025-04-27 08:30:00+00:00,0.0973,0.1017,0.0969,0.1015,9084363.0
2025-04-27 08:45:00+00:00,0.1015,0.1047,0.101,0.1038,27322666.0
2025-04-27 09:00:00+00:00,0.1038,0.1054,0.1018,0.1034,18302047.0
2025-04-27 09:15:00+00:00,0.1034,0.115,0.1023,0.1142,49264067.0
2025-04-27 09:30:00+00:00,0.1141,0.1214,0.1136,0.1197,87390084.0
2025-04-27 09:45:00+00:00,0.1197,0.1231,0.1174,0.1225,89692859.0
2025-04-27 10:00:00+00:00,0.1225,0.1265,0.12,0.1247,94230160.0
2025-04-27 10:15:00+00:00,0.1247,0.128,0.1205,0.1231,82495093.0
2025-04-27 10:30:00+00:00,0.1232,0.126,0.1214,0.1236,43206485.0
2025-04-27 10:45:00+00:00,0.1235,0.1285,0.1227,0.1272,59002057.0
2025-04-27 11:00:00+00:00,0.1272,0.1391,0.1266,0.1358,139260015.0
2025-04-27 11:15:00+00:00,0.1358,0.138,0.1321,0.1329,87126865.0
2025-04-27 11:30:00+00:00,0.133,0.1334,0.1242,0.1255,118728158.0
2025-04-27 11:45:00+00:00,0.1255,0.1289,0.1227,0.1289,59483055.0
2025-04-27 12:00:00+00:00,0.1288,0.1308,0.1234,0.1257,73429475.0
2025-04-27 12:15:00+00:00,0.1256,0.1274,0.1232,0.1263,38535171.0
2025-04-27 12:30:00+00:00,0.1262,0.1283,0.1246,0.1275,41285638.0
2025-04-27 12:45:00+00:00,0.1274,0.1303,0.1257,0.1274,53609989.0
2025-04-27 13:00:00+00:00,0.1274,0.132,0.1272,0.1316,52078563.0
2025-04-27 13:15:00+00:00,0.1315,0.1354,0.1301,0.1342,86408123.0
2025-04-27 13:30:00+00:00,0.1341,0.1362,0.1313,0.1332,83054420.0
2025-04-27 13:45:00+00:00,0.1332,0.134,0.1294,0.1316,52164202.0
2025-04-27 14:00:00+00:00,0.1315,0.1316,0.1266,0.1279,69413542.0
2025-04-27 14:15:00+00:00,0.1279,0.1303,0.1271,0.1275,46153552.0
2025-04-27 14:30:00+00:00,0.1276,0.1286,0.125,0.1268,45059974.0
2025-04-27 14:45:00+00:00,0.1269,0.1278,0.1251,0.126,36117640.0
2025-04-27 15:00:00+00:00,0.126,0.1332,0.1242,0.1295,88707611.0
2025-04-27 15:15:00+00:00,0.1296,0.1346,0.1292,0.1318,68204557.0
2025-04-27 15:30:00+00:00,0.1318,0.1327,0.1294,0.1296,39946558.0
2025-04-27 15:45:00+00:00,0.1296,0.1305,0.1281,0.1289,38247200.0
2025-04-27 16:00:00+00:00,0.1288,0.1331,0.1276,0.1303,50017514.0
2025-04-27 16:15:00+00:00,0.1302,0.1379,0.1296,0.137,82002522.0
2025-04-27 16:30:00+00:00,0.137,0.1374,0.1335,0.1357,64986213.0
2025-04-27 16:45:00+00:00,0.1357,0.1429,0.1327,0.1343,120961137.0
2025-04-27 17:00:00+00:00,0.1344,0.137,0.1336,0.1363,54960547.0
2025-04-27 17:15:00+00:00,0.1363,0.1409,0.1358,0.1381,63230680.0
2025-04-27 17:30:00+00:00,0.1381,0.139,0.1343,0.1353,51731573.0
2025-04-27 17:45:00+00:00,0.1352,0.1365,0.1333,0.1347,28249789.0
2025-04-27 18:00:00+00:00,0.1347,0.1364,0.1325,0.1328,33222634.0
2025-04-27 18:15:00+00:00,0.1327,0.1344,0.1323,0.1338,21273527.0
2025-04-27 18:30:00+00:00,0.1338,0.1363,0.1327,0.1334,35587733.0
2025-04-27 18:45:00+00:00,0.1335,0.1354,0.1315,0.1334,31848318.0
2025-04-27 19:00:00+00:00,0.1334,0.1343,0.1249,0.1268,72831661.0
2025-04-27 19:15:00+00:00,0.1268,0.13,0.1254,0.1276,37800467.0
2025-04-27 19:30:00+00:00,0.1276,0.1305,0.1272,0.1304,23095763.0
2025-04-27 19:45:00+00:00,0.1304,0.1318,0.129,0.1315,27037192.0
2025-04-27 20:00:00+00:00,0.1316,0.1345,0.1309,0.1316,32452398.0
2025-04-27 20:15:00+00:00,0.1316,0.134,0.1315,0.1323,15855736.0
2025-04-27 20:30:00+00:00,0.1323,0.1347,0.1315,0.1318,20083424.0
2025-04-27 20:45:00+00:00,0.1319,0.1339,0.1315,0.1326,12430102.0
2025-04-27 21:00:00+00:00,0.1325,0.1348,0.1318,0.1321,19750030.0
2025-04-27 21:15:00+00:00,0.1321,0.1333,0.1311,0.132,14478782.0
2025-04-27 21:30:00+00:00,0.1319,0.1321,0.1288,0.1298,25412570.0
2025-04-27 21:45:00+00:00,0.1299,0.1318,0.1292,0.1315,9996886.0
2025-04-27 22:00:00+00:00,0.1316,0.1343,0.1303,0.1334,21325732.0
2025-04-27 22:15:00+00:00,0.1334,0.1355,0.1325,0.1329,20987218.0
2025-04-27 22:30:00+00:00,0.133,0.1361,0.1327,0.1357,19170437.0
2025-04-27 22:45:00+00:00,0.1358,0.1358,0.1332,0.1346,16665319.0
2025-04-27 23:00:00+00:00,0.1345,0.1355,0.1326,0.1333,16576028.0
2025-04-27 23:15:00+00:00,0.1332,0.1334,0.1311,0.1316,17547188.0
2025-04-27 23:30:00+00:00,0.1317,0.1332,0.1309,0.1322,17615942.0
2025-04-27 23:45:00+00:00,0.1321,0.1387,0.132,0.1366,36682306.0
2025-04-28 00:00:00+00:00,0.1366,0.1394,0.1347,0.1361,53838384.0
2025-04-28 00:15:00+00:00,0.1362,0.1368,0.1333,0.1344,29802937.0
2025-04-28 00:30:00+00:00,0.1343,0.1398,0.1337,0.1371,41597609.0
2025-04-28 00:45:00+00:00,0.1371,0.1417,0.1358,0.1393,70656622.0
2025-04-28 01:00:00+00:00,0.1393,0.1456,0.1373,0.1448,86921389.0
2025-04-28 01:15:00+00:00,0.1447,0.1453,0.1241,0.1294,162600056.0
2025-04-28 01:30:00+00:00,0.1295,0.1296,0.1142,0.118,153620644.0
2025-04-28 01:45:00+00:00,0.118,0.1185,0.1134,0.1161,64556879.0
2025-04-28 02:00:00+00:00,0.116,0.1213,0.1131,0.12,84595418.0
2025-04-28 02:15:00+00:00,0.1201,0.1228,0.1196,0.1224,45319406.0
2025-04-28 02:30:00+00:00,0.1224,0.1243,0.1217,0.1229,41728751.0
2025-04-28 02:45:00+00:00,0.1228,0.123,0.1195,0.1209,27066315.0
2025-04-28 03:00:00+00:00,0.1209,0.1232,0.1203,0.1225,21515201.0
2025-04-28 03:15:00+00:00,0.1224,0.1245,0.1223,0.1234,19036584.0
2025-04-28 03:30:00+00:00,0.1235,0.1269,0.1231,0.1245,31945974.0
2025-04-28 03:45:00+00:00,0.1244,0.1286,0.1237,0.1266,38146369.0
2025-04-28 04:00:00+00:00,0.1265,0.1278,0.1238,0.1239,26035025.0
2025-04-28 04:15:00+00:00,0.124,0.126,0.1233,0.1257,25621447.0
2025-04-28 04:30:00+00:00,0.1257,0.1265,0.1241,0.1254,20235198.0
2025-04-28 04:45:00+00:00,0.1253,0.1272,0.1248,0.1248,15570896.0
2025-04-28 05:00:00+00:00,0.1248,0.1262,0.1234,0.1239,17505515.0
2025-04-28 05:15:00+00:00,0.124,0.1241,0.1207,0.1223,30053292.0
2025-04-28 05:30:00+00:00,0.1223,0.1233,0.1209,0.1209,12451375.0
2025-04-28 05:45:00+00:00,0.121,0.1222,0.1208,0.1215,11617459.0
2025-04-28 06:00:00+00:00,0.1216,0.1239,0.1214,0.1237,13289252.0
2025-04-28 06:15:00+00:00,0.1237,0.124,0.1215,0.1215,9304109.0
2025-04-28 06:30:00+00:00,0.1214,0.1224,0.121,0.1218,13210060.0
2025-04-28 06:45:00+00:00,0.1217,0.1223,0.1201,0.1215,17511362.0
2025-04-28 07:00:00+00:00,0.1215,0.1232,0.1211,0.1216,11906509.0
2025-04-28 07:15:00+00:00,0.1216,0.1228,0.1214,0.1221,6651304.0
2025-04-28 07:30:00+00:00,0.1221,0.1245,0.122,0.1239,11442436.0
2025-04-28 07:45:00+00:00,0.1238,0.1239,0.121,0.1214,11832345.0
2025-04-28 08:00:00+00:00,0.1215,0.1223,0.1197,0.1211,27659713.0
2025-04-28 08:15:00+00:00,0.121,0.1221,0.1181,0.1215,37021831.0
2025-04-28 08:30:00+00:00,0.1215,0.1242,0.121,0.1223,16860374.0
2025-04-28 08:45:00+00:00,0.1224,0.1238,0.1222,0.1234,6995901.0
2025-04-28 09:00:00+00:00,0.1234,0.124,0.1226,0.1234,7075042.0
2025-04-28 09:15:00+00:00,0.1235,0.1245,0.1232,0.1236,6863342.0
2025-04-28 09:30:00+00:00,0.1237,0.1241,0.1228,0.1232,9075319.0
2025-04-28 09:45:00+00:00,0.1232,0.1236,0.1218,0.1229,7303187.0
2025-04-28 10:00:00+00:00,0.1229,0.1233,0.1213,0.1223,13508638.0
2025-04-28 10:15:00+00:00,0.1223,0.1233,0.1213,0.1229,7563305.0
2025-04-28 10:30:00+00:00,0.1229,0.1258,0.1228,0.1252,14362629.0
2025-04-28 10:45:00+00:00,0.1251,0.1254,0.1228,0.123,11103487.0
2025-04-28 11:00:00+00:00,0.123,0.1234,0.12,0.1203,18119984.0
2025-04-28 11:15:00+00:00,0.1204,0.1211,0.1191,0.1199,11654827.0
2025-04-28 11:30:00+00:00,0.12,0.1204,0.1196,0.1202,7015119.0
2025-04-28 11:45:00+00:00,0.1201,0.1208,0.1198,0.1204,4859437.0
2025-04-28 12:00:00+00:00,0.1204,0.121,0.1188,0.1208,8848265.0
2025-04-28 12:15:00+00:00,0.1207,0.1222,0.1206,0.1217,6696910.0
2025-04-28 12:30:00+00:00,0.1218,0.1221,0.1207,0.121,7402513.0
2025-04-28 12:45:00+00:00,0.121,0.1218,0.1206,0.1211,3487223.0
2025-04-28 13:00:00+00:00,0.1212,0.122,0.121,0.1215,5071522.0
2025-04-28 13:15:00+00:00,0.1216,0.1226,0.1212,0.1215,5220047.0
2025-04-28 13:30:00+00:00,0.1216,0.1226,0.1211,0.122,6102997.0
2025-04-28 13:45:00+00:00,0.1219,0.1229,0.1197,0.1205,11277721.0
2025-04-28 14:00:00+00:00,0.1205,0.1216,0.1198,0.1207,8301507.0
2025-04-28 14:15:00+00:00,0.1208,0.1209,0.1158,0.1167,24737248.0
2025-04-28 14:30:00+00:00,0.1167,0.1173,0.1127,0.1161,36075189.0
2025-04-28 14:45:00+00:00,0.1161,0.117,0.1148,0.1164,8491275.0
2025-04-28 15:00:00+00:00,0.1164,0.1167,0.1137,0.1148,16870179.0
2025-04-28 15:15:00+00:00,0.1148,0.1151,0.1116,0.1128,19257554.0
2025-04-28 15:30:00+00:00,0.1128,0.113,0.1116,0.1128,7914598.0
2025-04-28 15:45:00+00:00,0.1127,0.1129,0.1117,0.1123,7441032.0
2025-04-28 16:00:00+00:00,0.1123,0.1127,0.1115,0.1123,6648900.0
2025-04-28 16:15:00+00:00,0.1123,0.1141,0.1122,0.1133,10243050.0
2025-04-28 16:30:00+00:00,0.1134,0.1154,0.113,0.1152,6788101.0
2025-04-28 16:45:00+00:00,0.1151,0.1157,0.1144,0.1146,5468240.0
2025-04-28 17:00:00+00:00,0.1145,0.1159,0.1141,0.1149,6443511.0
2025-04-28 17:15:00+00:00,0.1149,0.1158,0.1146,0.1149,5628037.0
2025-04-28 17:30:00+00:00,0.1149,0.1159,0.1147,0.1156,3474588.0
2025-04-28 17:45:00+00:00,0.1156,0.1164,0.1154,0.1157,4010894.0
2025-04-28 18:00:00+00:00,0.1156,0.1158,0.1145,0.1147,4727010.0
2025-04-28 18:15:00+00:00,0.1147,0.1156,0.1146,0.1154,2213687.0
2025-04-28 18:30:00+00:00,0.1155,0.1161,0.1149,0.1156,2654572.0
2025-04-28 18:45:00+00:00,0.1156,0.1176,0.1156,0.1169,10488329.0
2025-04-28 19:00:00+00:00,0.1168,0.1181,0.1168,0.117,4844460.0
2025-04-28 19:15:00+00:00,0.1169,0.1186,0.1168,0.1184,3862317.0
2025-04-28 19:30:00+00:00,0.1184,0.1189,0.1172,0.1177,3946995.0
2025-04-28 19:45:00+00:00,0.1177,0.1182,0.1174,0.1176,2304361.0
2025-04-28 20:00:00+00:00,0.1177,0.1182,0.1172,0.1173,3623644.0
2025-04-28 20:15:00+00:00,0.1172,0.1184,0.1172,0.1182,1865096.0
2025-04-28 20:30:00+00:00,0.1183,0.1201,0.1181,0.1195,6794107.0
2025-04-28 20:45:00+00:00,0.1196,0.1197,0.1183,0.1191,3439410.0
2025-04-28 21:00:00+00:00,0.1192,0.1199,0.1184,0.1185,3203098.0
2025-04-28 21:15:00+00:00,0.1184,0.1208,0.1182,0.1197,6051934.0
2025-04-28 21:30:00+00:00,0.1197,0.1215,0.1195,0.1206,4095707.0
2025-04-28 21:45:00+00:00,0.1206,0.1219,0.1205,0.1215,1616041.0
2025-04-28 22:00:00+00:00,0.1215,0.1224,0.1209,0.1218,2619961.0
2025-04-28 22:15:00+00:00,0.1217,0.1232,0.1213,0.1227,2946452.0
2025-04-28 22:30:00+00:00,0.1227,0.1254,0.1225,0.1245,8729185.0
2025-04-28 22:45:00+00:00,0.1246,0.1258,0.1244,0.1253,4761811.0
2025-04-28 23:00:00+00:00,0.1253,0.1274,0.1246,0.1272,6908153.0
2025-04-28 23:15:00+00:00,0.1272,0.1274,0.1259,0.1264,5775124.0
2025-04-28 23:30:00+00:00,0.1264,0.1276,0.1258,0.1265,4860492.0
2025-04-28 23:45:00+00:00,0.1266,0.1269,0.1257,0.1261,3588958.0
2025-04-29 00:00:00+00:00,0.1262,0.1265,0.1237,0.125,14495051.0
2025-04-29 00:15:00+00:00,0.125,0.1268,0.123,0.1263,6689932.0
2025-04-29 00:30:00+00:00,0.1262,0.1291,0.1259,0.1264,11849301.0
2025-04-29 00:45:00+00:00,0.1265,0.1273,0.1247,0.125,5936914.0
2025-04-29 01:00:00+00:00,0.125,0.1269,0.1248,0.1258,5206691.0
2025-04-29 01:15:00+00:00,0.1259,0.1272,0.1254,0.1271,7470495.0
2025-04-29 01:30:00+00:00,0.1271,0.1284,0.1256,0.1263,5647033.0
2025-04-29 01:45:00+00:00,0.1263,0.1271,0.1253,0.1261,3549010.0
2025-04-29 02:00:00+00:00,0.1262,0.1279,0.1258,0.1275,5103574.0
2025-04-29 02:15:00+00:00,0.1275,0.1277,0.126,0.1262,3627315.0
2025-04-29 02:30:00+00:00,0.1263,0.1276,0.1258,0.1268,3518486.0
2025-04-29 02:45:00+00:00,0.1269,0.1281,0.1262,0.1267,5710317.0
2025-04-29 03:00:00+00:00,0.1267,0.1273,0.1263,0.1265,4789027.0
2025-04-29 03:15:00+00:00,0.1266,0.1279,0.1263,0.1277,3090668.0
2025-04-29 03:30:00+00:00,0.1278,0.1283,0.1265,0.1274,3674080.0
2025-04-29 03:45:00+00:00,0.1274,0.128,0.1266,0.1274,3274629.0
2025-04-29 04:00:00+00:00,0.1275,0.1277,0.1258,0.1258,3703801.0
2025-04-29 04:15:00+00:00,0.1258,0.1273,0.1258,0.1269,2393734.0
2025-04-29 04:30:00+00:00,0.1269,0.1274,0.1264,0.1268,2387187.0
2025-04-29 04:45:00+00:00,0.1268,0.1271,0.1257,0.1269,3422252.0
2025-04-29 05:00:00+00:00,0.1268,0.1273,0.1265,0.1265,2643055.0
2025-04-29 05:15:00+00:00,0.1266,0.1275,0.1264,0.127,1941516.0
2025-04-29 05:30:00+00:00,0.127,0.127,0.1252,0.1266,5043533.0
2025-04-29 05:45:00+00:00,0.1266,0.1268,0.125,0.1252,3017569.0
2025-04-29 06:00:00+00:00,0.1253,0.127,0.1245,0.1261,7045001.0
2025-04-29 06:15:00+00:00,0.126,0.127,0.1256,0.1257,3456362.0
2025-04-29 06:30:00+00:00,0.1258,0.128,0.1256,0.1273,6131469.0
2025-04-29 06:45:00+00:00,0.1272,0.129,0.1266,0.1276,4488615.0
2025-04-29 07:00:00+00:00,0.1276,0.1277,0.1263,0.1266,3770703.0
2025-04-29 07:15:00+00:00,0.1265,0.1279,0.126,0.1272,4413007.0
2025-04-29 07:30:00+00:00,0.1271,0.1282,0.1261,0.1272,3532516.0
2025-04-29 07:45:00+00:00,0.1273,0.1276,0.1266,0.1268,1709185.0
2025-04-29 08:00:00+00:00,0.1269,0.1279,0.1262,0.1264,3610992.0
2025-04-29 08:15:00+00:00,0.1264,0.1298,0.126,0.127,10821926.0
2025-04-29 08:30:00+00:00,0.1269,0.1282,0.1261,0.1276,5983429.0
2025-04-29 08:45:00+00:00,0.1276,0.1296,0.1275,0.128,5119174.0
2025-04-29 09:00:00+00:00,0.128,0.1281,0.1259,0.1262,4870157.0
2025-04-29 09:15:00+00:00,0.1261,0.1271,0.1261,0.1264,3070591.0
2025-04-29 09:30:00+00:00,0.1264,0.1269,0.1251,0.1265,3692011.0
2025-04-29 09:45:00+00:00,0.1265,0.1277,0.1261,0.1277,3098829.0
2025-04-29 10:00:00+00:00,0.1276,0.1287,0.1273,0.1286,4898565.0
2025-04-29 10:15:00+00:00,0.1285,0.1285,0.125,0.1268,9403362.0
2025-04-29 10:30:00+00:00,0.1268,0.1271,0.1256,0.1261,3158473.0
2025-04-29 10:45:00+00:00,0.1262,0.1273,0.1258,0.1268,2781843.0
2025-04-29 11:00:00+00:00,0.1268,0.1271,0.1248,0.1251,3953469.0
2025-04-29 11:15:00+00:00,0.1251,0.1258,0.1243,0.1257,2700079.0
2025-04-29 11:30:00+00:00,0.1257,0.1259,0.1242,0.1251,2607323.0
2025-04-29 11:45:00+00:00,0.1252,0.1256,0.1248,0.1249,1813519.0
2025-04-29 12:00:00+00:00,0.125,0.1258,0.1239,0.1243,5145719.0
2025-04-29 12:15:00+00:00,0.1243,0.1261,0.1241,0.1258,3420796.0
2025-04-29 12:30:00+00:00,0.1259,0.1273,0.1258,0.1264,4372202.0
2025-04-29 12:45:00+00:00,0.1265,0.1279,0.1263,0.1274,3595450.0
2025-04-29 13:00:00+00:00,0.1275,0.1294,0.1272,0.1293,6437452.0
2025-04-29 13:15:00+00:00,0.1293,0.1321,0.1287,0.1307,14988711.0
2025-04-29 13:30:00+00:00,0.1308,0.131,0.1259,0.127,10878329.0
2025-04-29 13:45:00+00:00,0.1271,0.1272,0.1249,0.1256,6537219.0
2025-04-29 14:00:00+00:00,0.1256,0.1267,0.1246,0.1248,4517778.0
2025-04-29 14:15:00+00:00,0.1247,0.1248,0.1207,0.1218,15880175.0
2025-04-29 14:30:00+00:00,0.1219,0.1239,0.1215,0.1236,3931896.0
2025-04-29 14:45:00+00:00,0.1236,0.1254,0.123,0.1243,4961213.0
2025-04-29 15:00:00+00:00,0.1243,0.1258,0.1243,0.1257,3025606.0
2025-04-29 15:15:00+00:00,0.1257,0.1257,0.1238,0.125,2917583.0
2025-04-29 15:30:00+00:00,0.1249,0.1257,0.1247,0.1248,2101513.0
2025-04-29 15:45:00+00:00,0.1249,0.1252,0.1238,0.1251,2147028.0
2025-04-29 16:00:00+00:00,0.1251,0.1312,0.1242,0.1294,13969457.0
2025-04-29 16:15:00+00:00,0.1293,0.1377,0.1292,0.1362,28642389.0
2025-04-29 16:30:00+00:00,0.1362,0.1369,0.1313,0.1327,21562762.0
2025-04-29 16:45:00+00:00,0.1326,0.133,0.1285,0.1304,12984829.0
2025-04-29 17:00:00+00:00,0.1303,0.1306,0.1275,0.1276,9695789.0
2025-04-29 17:15:00+00:00,0.1276,0.1285,0.1264,0.1271,4920376.0
2025-04-29 17:30:00+00:00,0.127,0.1271,0.1252,0.1261,4771156.0
2025-04-29 17:45:00+00:00,0.1261,0.1275,0.1261,0.1269,3526926.0
2025-04-29 18:00:00+00:00,0.1269,0.1309,0.1263,0.1306,7677201.0
2025-04-29 18:15:00+00:00,0.1305,0.1329,0.1295,0.1302,11592303.0
2025-04-29 18:30:00+00:00,0.1302,0.1328,0.1299,0.1311,6391270.0
2025-04-29 18:45:00+00:00,0.131,0.1335,0.1301,0.1319,5943037.0
2025-04-29 19:00:00+00:00,0.1318,0.1334,0.1308,0.1318,3673047.0
2025-04-29 19:15:00+00:00,0.1317,0.1317,0.1299,0.1315,4211957.0
2025-04-29 19:30:00+00:00,0.1314,0.1316,0.1296,0.1299,3444054.0
2025-04-29 19:45:00+00:00,0.1299,0.1309,0.1282,0.1303,7369061.0
2025-04-29 20:00:00+00:00,0.1303,0.132,0.1302,0.1314,4338176.0
2025-04-29 20:15:00+00:00,0.1314,0.1327,0.1307,0.1319,3261249.0
2025-04-29 20:30:00+00:00,0.1319,0.1342,0.1313,0.1321,6571118.0
2025-04-29 20:45:00+00:00,0.1321,0.1344,0.132,0.1336,4689266.0
2025-04-29 21:00:00+00:00,0.1336,0.1352,0.1333,0.1342,7090759.0
2025-04-29 21:15:00+00:00,0.1342,0.135,0.1336,0.1339,5519094.0
2025-04-29 21:30:00+00:00,0.1339,0.1353,0.1333,0.1336,6090315.0
2025-04-29 21:45:00+00:00,0.1337,0.1361,0.1336,0.1356,5669508.0
2025-04-29 22:00:00+00:00,0.1356,0.137,0.135,0.1366,4792546.0
2025-04-29 22:15:00+00:00,0.1365,0.1381,0.135,0.1366,7666383.0
2025-04-29 22:30:00+00:00,0.1366,0.1377,0.1345,0.1348,8700357.0
2025-04-29 22:45:00+00:00,0.1348,0.1353,0.1337,0.1349,4497399.0
2025-04-29 23:00:00+00:00,0.1348,0.135,0.1313,0.1325,10097608.0
2025-04-29 23:15:00+00:00,0.1326,0.136,0.1324,0.1358,9016701.0
2025-04-29 23:30:00+00:00,0.1358,0.138,0.1354,0.1379,6948774.0
2025-04-29 23:45:00+00:00,0.1378,0.1409,0.137,0.1408,9732792.0
2025-04-30 00:00:00+00:00,0.1407,0.1526,0.1398,0.1494,43472860.0
2025-04-30 00:15:00+00:00,0.1495,0.1533,0.1453,0.1453,25391304.0
2025-04-30 00:30:00+00:00,0.1454,0.1481,0.1432,0.1472,10669764.0
2025-04-30 00:45:00+00:00,0.1473,0.1493,0.1426,0.1435,11917604.0
2025-04-30 01:00:00+00:00,0.1435,0.1441,0.1391,0.1402,15276519.0
2025-04-30 01:15:00+00:00,0.1401,0.1401,0.1368,0.1382,9524366.0
2025-04-30 01:30:00+00:00,0.1381,0.1402,0.137,0.1374,6471095.0
2025-04-30 01:45:00+00:00,0.1375,0.1421,0.1373,0.142,6924520.0
2025-04-30 02:00:00+00:00,0.142,0.1422,0.1371,0.1372,7798768.0
2025-04-30 02:15:00+00:00,0.1371,0.1418,0.1366,0.1417,6165784.0
2025-04-30 02:30:00+00:00,0.1416,0.1448,0.1392,0.1423,10601947.0
2025-04-30 02:45:00+00:00,0.1423,0.1431,0.1411,0.1422,3747170.0
2025-04-30 03:00:00+00:00,0.1423,0.1429,0.1371,0.138,8300233.0
2025-04-30 03:15:00+00:00,0.1381,0.1395,0.1367,0.1367,5201400.0
2025-04-30 03:30:00+00:00,0.1368,0.1389,0.1365,0.1388,5357027.0
2025-04-30 03:45:00+00:00,0.1388,0.1388,0.1365,0.1376,2613049.0
2025-04-30 04:00:00+00:00,0.1376,0.1412,0.1374,0.141,5204314.0
2025-04-30 04:15:00+00:00,0.1409,0.142,0.1392,0.1398,5035712.0
2025-04-30 04:30:00+00:00,0.1398,0.1398,0.1373,0.1375,3207329.0
2025-04-30 04:45:00+00:00,0.1374,0.1383,0.1359,0.1363,4745871.0
2025-04-30 05:00:00+00:00,0.1363,0.1366,0.1308,0.1312,13654969.0
2025-04-30 05:15:00+00:00,0.1313,0.1347,0.1309,0.133,6129258.0
2025-04-30 05:30:00+00:00,0.1331,0.1349,0.1323,0.1347,3086034.0
2025-04-30 05:45:00+00:00,0.1347,0.1355,0.1332,0.1354,2692850.0
2025-04-30 06:00:00+00:00,0.1353,0.1363,0.134,0.1359,4511956.0
2025-04-30 06:15:00+00:00,0.1359,0.1379,0.1359,0.1364,4994014.0
2025-04-30 06:30:00+00:00,0.1365,0.1366,0.1341,0.135,3066385.0
2025-04-30 06:45:00+00:00,0.1351,0.1372,0.134,0.137,3041770.0
2025-04-30 07:00:00+00:00,0.137,0.1382,0.136,0.1381,3323889.0
2025-04-30 07:15:00+00:00,0.1381,0.1384,0.136,0.1378,1582436.0
2025-04-30 07:30:00+00:00,0.1377,0.139,0.1368,0.1389,3364143.0
2025-04-30 07:45:00+00:00,0.1388,0.1391,0.1372,0.1386,3926821.0
2025-04-30 08:00:00+00:00,0.1385,0.14,0.1373,0.1388,3994160.0
2025-04-30 08:15:00+00:00,0.1389,0.1402,0.138,0.1384,2642488.0
2025-04-30 08:30:00+00:00,0.1383,0.1441,0.1377,0.1431,15554444.0
2025-04-30 08:45:00+00:00,0.1431,0.1443,0.1407,0.1418,10778353.0
2025-04-30 09:00:00+00:00,0.1419,0.1464,0.1418,0.1431,11245973.0
2025-04-30 09:15:00+00:00,0.1431,0.1462,0.1431,0.1458,4578545.0
2025-04-30 09:30:00+00:00,0.1458,0.1509,0.1451,0.1464,22507127.0
2025-04-30 09:45:00+00:00,0.1463,0.149,0.1442,0.1461,12731361.0
2025-04-30 10:00:00+00:00,0.1461,0.1463,0.1388,0.1403,12455085.0
2025-04-30 10:15:00+00:00,0.1402,0.1414,0.1385,0.1398,6843230.0
2025-04-30 10:30:00+00:00,0.1398,0.1421,0.1383,0.1416,4866474.0
2025-04-30 10:45:00+00:00,0.1415,0.1426,0.1402,0.1414,4647925.0
2025-04-30 11:00:00+00:00,0.1415,0.1426,0.1405,0.1406,3375531.0
2025-04-30 11:15:00+00:00,0.1406,0.1409,0.1379,0.1386,4961706.0
2025-04-30 11:30:00+00:00,0.1387,0.1398,0.1382,0.1396,2492378.0
2025-04-30 11:45:00+00:00,0.1396,0.1397,0.138,0.1384,2247632.0
2025-04-30 12:00:00+00:00,0.1385,0.14,0.138,0.1399,2944254.0
2025-04-30 12:15:00+00:00,0.1398,0.1412,0.1387,0.1408,3473884.0
2025-04-30 12:30:00+00:00,0.1408,0.1418,0.1364,0.1379,11631285.0
2025-04-30 12:45:00+00:00,0.138,0.1391,0.1373,0.1382,4247914.0
2025-04-30 13:00:00+00:00,0.1383,0.1391,0.1363,0.137,5639682.0
2025-04-30 13:15:00+00:00,0.1371,0.1392,0.137,0.1388,3580025.0
2025-04-30 13:30:00+00:00,0.1388,0.1395,0.1373,0.1382,4291312.0
2025-04-30 13:45:00+00:00,0.1381,0.1393,0.1373,0.1382,5368713.0
2025-04-30 14:00:00+00:00,0.1381,0.1393,0.1372,0.1389,5982936.0
2025-04-30 14:15:00+00:00,0.1388,0.1428,0.1383,0.1399,9817250.0
2025-04-30 14:30:00+00:00,0.14,0.1412,0.1339,0.1364,13022019.0
2025-04-30 14:45:00+00:00,0.1364,0.1375,0.1354,0.1368,4563736.0
2025-04-30 15:00:00+00:00,0.1367,0.1383,0.1353,0.1374,5535536.0
2025-04-30 15:15:00+00:00,0.1375,0.1397,0.1373,0.1389,4893225.0
2025-04-30 15:30:00+00:00,0.1389,0.141,0.1381,0.1392,4201265.0
2025-04-30 15:45:00+00:00,0.1391,0.1417,0.1391,0.1395,4888587.0
2025-04-30 16:00:00+00:00,0.1396,0.1441,0.1396,0.1424,5763612.0
2025-04-30 16:15:00+00:00,0.1424,0.1449,0.142,0.144,9665321.0
2025-04-30 16:30:00+00:00,0.1441,0.1503,0.1435,0.1474,15349722.0
2025-04-30 16:45:00+00:00,0.1474,0.1505,0.1454,0.1471,11427540.0
2025-04-30 17:00:00+00:00,0.1472,0.1483,0.1436,0.1462,10884647.0
2025-04-30 17:15:00+00:00,0.1462,0.1462,0.143,0.1451,4447825.0
2025-04-30 17:30:00+00:00,0.1452,0.148,0.145,0.146,5133344.0
2025-04-30 17:45:00+00:00,0.1459,0.1459,0.1437,0.1446,5605902.0
2025-04-30 18:00:00+00:00,0.1446,0.1457,0.1423,0.1452,7178919.0
2025-04-30 18:15:00+00:00,0.1452,0.1461,0.1442,0.1444,1934196.0
2025-04-30 18:30:00+00:00,0.1444,0.145,0.1436,0.1447,2619407.0
2025-04-30 18:45:00+00:00,0.1446,0.145,0.1423,0.1424,5134664.0
2025-04-30 19:00:00+00:00,0.1424,0.1429,0.1409,0.1417,3788473.0
2025-04-30 19:15:00+00:00,0.1417,0.142,0.1404,0.1416,3008399.0
2025-04-30 19:30:00+00:00,0.1417,0.1438,0.1412,0.1437,1948864.0
2025-04-30 19:45:00+00:00,0.1438,0.1459,0.1437,0.1444,4007176.0
2025-04-30 20:00:00+00:00,0.1444,0.1448,0.1419,0.1432,4032318.0
2025-04-30 20:15:00+00:00,0.1433,0.1444,0.1424,0.1424,2178824.0
2025-04-30 20:30:00+00:00,0.1423,0.143,0.1412,0.1415,1272128.0
2025-04-30 20:45:00+00:00,0.1415,0.1418,0.141,0.1411,1005282.0
2025-04-30 21:00:00+00:00,0.1411,0.1413,0.1402,0.1408,2143369.0
2025-04-30 21:15:00+00:00,0.1408,0.1423,0.1408,0.1421,972591.0
2025-04-30 21:30:00+00:00,0.1421,0.1433,0.1412,0.1413,1002128.0
2025-04-30 21:45:00+00:00,0.1412,0.1413,0.1389,0.1395,2090517.0
2025-04-30 22:00:00+00:00,0.1395,0.1404,0.1385,0.1402,2152332.0
2025-04-30 22:15:00+00:00,0.1402,0.1403,0.1386,0.1387,1451151.0
2025-04-30 22:30:00+00:00,0.1387,0.1391,0.1361,0.1375,5411338.0
2025-04-30 22:45:00+00:00,0.1375,0.1383,0.1366,0.1378,1293755.0
2025-04-30 23:00:00+00:00,0.1378,0.139,0.1369,0.139,1715073.0
2025-04-30 23:15:00+00:00,0.139,0.1392,0.1379,0.1383,1489329.0
2025-04-30 23:30:00+00:00,0.1383,0.1388,0.1377,0.1379,911549.0
2025-04-30 23:45:00+00:00,0.1379,0.139,0.1377,0.1388,1111990.0
2025-05-01 00:00:00+00:00,0.1388,0.1408,0.1376,0.1397,4220600.0
2025-05-01 00:15:00+00:00,0.1398,0.1408,0.1389,0.1402,1908713.0
2025-05-01 00:30:00+00:00,0.1402,0.1406,0.1352,0.1361,6675084.0
2025-05-01 00:45:00+00:00,0.1361,0.1375,0.136,0.137,2847383.0
2025-05-01 01:00:00+00:00,0.137,0.1377,0.1355,0.137,4301975.0
2025-05-01 01:15:00+00:00,0.1371,0.138,0.1353,0.1357,3945336.0
2025-05-01 01:30:00+00:00,0.1356,0.1365,0.1342,0.1352,3517512.0
2025-05-01 01:45:00+00:00,0.1351,0.1367,0.1348,0.1366,2201199.0
2025-05-01 02:00:00+00:00,0.1366,0.1381,0.1361,0.1378,3028831.0
2025-05-01 02:15:00+00:00,0.1378,0.1389,0.1369,0.1388,3305802.0
2025-05-01 02:30:00+00:00,0.1388,0.1394,0.1373,0.1373,1693418.0
2025-05-01 02:45:00+00:00,0.1373,0.1377,0.1353,0.1358,3657086.0
2025-05-01 03:00:00+00:00,0.1358,0.1394,0.1358,0.1389,4730895.0
2025-05-01 03:15:00+00:00,0.1389,0.1395,0.1378,0.138,2484259.0
2025-05-01 03:30:00+00:00,0.138,0.138,0.1335,0.1347,7459204.0
2025-05-01 03:45:00+00:00,0.1347,0.135,0.1323,0.1348,7180403.0
2025-05-01 04:00:00+00:00,0.1347,0.1359,0.1332,0.1347,3344096.0
2025-05-01 04:15:00+00:00,0.1348,0.1351,0.1335,0.1344,3862667.0
2025-05-01 04:30:00+00:00,0.1344,0.1365,0.1344,0.1362,3260284.0
2025-05-01 04:45:00+00:00,0.1363,0.1369,0.1353,0.136,2788307.0
2025-05-01 05:00:00+00:00,0.136,0.1365,0.1349,0.136,1912112.0
2025-05-01 05:15:00+00:00,0.1359,0.1369,0.1353,0.1368,1881010.0
2025-05-01 05:30:00+00:00,0.1367,0.1369,0.1355,0.1362,3041099.0
2025-05-01 05:45:00+00:00,0.1362,0.137,0.1355,0.1363,1445186.0
2025-05-01 06:00:00+00:00,0.1362,0.1368,0.1336,0.1349,3045107.0
2025-05-01 06:15:00+00:00,0.1348,0.137,0.1348,0.1369,1635925.0
2025-05-01 06:30:00+00:00,0.1369,0.1372,0.1361,0.1362,1060756.0
2025-05-01 06:45:00+00:00,0.1361,0.1373,0.1358,0.1358,1619973.0
2025-05-01 07:00:00+00:00,0.1358,0.1363,0.1349,0.1358,1893979.0
2025-05-01 07:15:00+00:00,0.1358,0.1365,0.1355,0.1358,1000065.0
2025-05-01 07:30:00+00:00,0.1357,0.1363,0.135,0.1357,736809.0
2025-05-01 07:45:00+00:00,0.1358,0.1374,0.1358,0.1371,1448168.0
2025-05-01 08:00:00+00:00,0.1371,0.1377,0.1368,0.1371,1031066.0
2025-05-01 08:15:00+00:00,0.1371,0.1378,0.1368,0.1374,815318.0
2025-05-01 08:30:00+00:00,0.1374,0.1395,0.1374,0.1395,2105873.0
2025-05-01 08:45:00+00:00,0.1394,0.1395,0.1372,0.1381,2458043.0
2025-05-01 09:00:00+00:00,0.1381,0.1381,0.137,0.1377,861739.0
2025-05-01 09:15:00+00:00,0.1376,0.1379,0.1369,0.1375,829426.0
2025-05-01 09:30:00+00:00,0.1375,0.1385,0.1374,0.1376,1360046.0
2025-05-01 09:45:00+00:00,0.1377,0.1379,0.1368,0.1378,1185725.0
2025-05-01 10:00:00+00:00,0.1379,0.139,0.1372,0.1383,1231391.0
2025-05-01 10:15:00+00:00,0.1383,0.1387,0.1377,0.1381,1916317.0
2025-05-01 10:30:00+00:00,0.138,0.138,0.1368,0.1371,1435534.0
2025-05-01 10:45:00+00:00,0.137,0.1371,0.1362,0.1365,1094746.0
2025-05-01 11:00:00+00:00,0.1365,0.137,0.1359,0.1361,1209565.0
2025-05-01 11:15:00+00:00,0.1361,0.1365,0.1347,0.1349,1169828.0
2025-05-01 11:30:00+00:00,0.1349,0.1356,0.1348,0.1356,1464059.0
2025-05-01 11:45:00+00:00,0.1355,0.136,0.1349,0.1351,722081.0
2025-05-01 12:00:00+00:00,0.1351,0.1378,0.135,0.1365,3372261.0
2025-05-01 12:15:00+00:00,0.1365,0.1365,0.135,0.1356,2016456.0
2025-05-01 12:30:00+00:00,0.1355,0.1373,0.1351,0.1365,3013834.0
2025-05-01 12:45:00+00:00,0.1365,0.1372,0.1356,0.1372,847411.0
2025-05-01 13:00:00+00:00,0.1372,0.1378,0.1367,0.1372,1309543.0
2025-05-01 13:15:00+00:00,0.1371,0.1371,0.1355,0.1364,1780855.0
2025-05-01 13:30:00+00:00,0.1363,0.1365,0.1348,0.1354,2261112.0
2025-05-01 13:45:00+00:00,0.1355,0.1371,0.1349,0.136,2071765.0
2025-05-01 14:00:00+00:00,0.1361,0.1385,0.1361,0.1382,3529834.0
2025-05-01 14:15:00+00:00,0.1382,0.1396,0.1374,0.1388,2986887.0
2025-05-01 14:30:00+00:00,0.1387,0.1392,0.138,0.1391,1105197.0
2025-05-01 14:45:00+00:00,0.1392,0.1406,0.139,0.14,2867338.0
2025-05-01 15:00:00+00:00,0.1401,0.1424,0.1392,0.1423,3513527.0
2025-05-01 15:15:00+00:00,0.1423,0.1437,0.1413,0.143,4999775.0
2025-05-01 15:30:00+00:00,0.143,0.1471,0.1427,0.1466,5555166.0
2025-05-01 15:45:00+00:00,0.1465,0.1479,0.1439,0.144,7307300.0
2025-05-01 16:00:00+00:00,0.1441,0.1494,0.144,0.1449,8011283.0
2025-05-01 16:15:00+00:00,0.1449,0.1451,0.1406,0.1422,6714140.0
2025-05-01 16:30:00+00:00,0.1422,0.1452,0.142,0.1446,3349992.0
2025-05-01 16:45:00+00:00,0.1445,0.1473,0.1443,0.1469,4325472.0
2025-05-01 17:00:00+00:00,0.147,0.1501,0.1467,0.1481,4522118.0
2025-05-01 17:15:00+00:00,0.1481,0.1505,0.1481,0.1496,3920412.0
2025-05-01 17:30:00+00:00,0.1496,0.1496,0.1455,0.1466,4805887.0
2025-05-01 17:45:00+00:00,0.1466,0.1488,0.1463,0.1481,2490060.0
2025-05-01 18:00:00+00:00,0.148,0.1499,0.1473,0.1492,2360156.0
2025-05-01 18:15:00+00:00,0.1491,0.1503,0.1483,0.1492,2447807.0
2025-05-01 18:30:00+00:00,0.1492,0.1521,0.1484,0.1517,4932551.0
2025-05-01 18:45:00+00:00,0.1517,0.1532,0.1504,0.1525,3461711.0
2025-05-01 19:00:00+00:00,0.1525,0.1648,0.1522,0.1633,24119660.0
2025-05-01 19:15:00+00:00,0.1633,0.1727,0.1631,0.1695,28063820.0
2025-05-01 19:30:00+00:00,0.1694,0.1728,0.1646,0.1655,22830017.0
2025-05-01 19:45:00+00:00,0.1655,0.1719,0.1646,0.1708,16398994.0
2025-05-01 20:00:00+00:00,0.1706,0.1932,0.1705,0.1842,54626237.0
2025-05-01 20:15:00+00:00,0.1841,0.1878,0.1817,0.184,23476510.0
2025-05-01 20:30:00+00:00,0.184,0.1848,0.1789,0.1832,21045462.0
2025-05-01 20:45:00+00:00,0.1832,0.1839,0.1793,0.1835,17704359.0
2025-05-01 21:00:00+00:00,0.1835,0.1876,0.1826,0.1833,20460641.0
2025-05-01 21:15:00+00:00,0.1832,0.188,0.1823,0.1857,15022639.0
2025-05-01 21:30:00+00:00,0.1857,0.1898,0.1828,0.1833,19701463.0
2025-05-01 21:45:00+00:00,0.1834,0.1839,0.1761,0.1767,22481790.0
2025-05-01 22:00:00+00:00,0.1768,0.1772,0.1651,0.1686,40270425.0
2025-05-01 22:15:00+00:00,0.1686,0.1696,0.1615,0.1661,28430053.0
2025-05-01 22:30:00+00:00,0.1661,0.1686,0.1628,0.1637,17910873.0
2025-05-01 22:45:00+00:00,0.1637,0.1645,0.1605,0.1613,12529871.0
2025-05-01 23:00:00+00:00,0.1615,0.1615,0.1454,0.1474,51008383.0
2025-05-01 23:15:00+00:00,0.1474,0.1474,0.1313,0.1355,54441783.0
2025-05-01 23:30:00+00:00,0.1355,0.1365,0.123,0.1349,49545916.0
2025-05-01 23:45:00+00:00,0.135,0.1388,0.1289,0.1303,26401917.0
2025-05-02 00:00:00+00:00,0.1303,0.134,0.1275,0.134,23494351.0
2025-05-02 00:15:00+00:00,0.1341,0.1376,0.1329,0.1364,16782126.0
2025-05-02 00:30:00+00:00,0.1364,0.1373,0.1347,0.1365,9884778.0
2025-05-02 00:45:00+00:00,0.1364,0.1387,0.1358,0.1367,9010140.0
2025-05-02 01:00:00+00:00,0.1367,0.1407,0.1363,0.1372,10537675.0
2025-05-02 01:15:00+00:00,0.1372,0.1393,0.1353,0.1373,8175012.0
2025-05-02 01:30:00+00:00,0.1373,0.1373,0.135,0.1354,5796473.0
2025-05-02 01:45:00+00:00,0.1355,0.1363,0.1334,0.1338,5845102.0
2025-05-02 02:00:00+00:00,0.1339,0.135,0.1317,0.132,6174982.0
2025-05-02 02:15:00+00:00,0.132,0.1329,0.1305,0.1314,6295712.0
2025-05-02 02:30:00+00:00,0.1314,0.1338,0.1309,0.1337,5157661.0
2025-05-02 02:45:00+00:00,0.1336,0.1351,0.1329,0.1333,4913003.0
2025-05-02 03:00:00+00:00,0.1333,0.1368,0.1318,0.1362,5659757.0
2025-05-02 03:15:00+00:00,0.1363,0.1368,0.1332,0.1358,7042732.0
2025-05-02 03:30:00+00:00,0.1358,0.1383,0.1345,0.1358,5597358.0
2025-05-02 03:45:00+00:00,0.1357,0.1369,0.1351,0.1359,2451307.0
2025-05-02 04:00:00+00:00,0.1358,0.1365,0.1343,0.1347,3337764.0
2025-05-02 04:15:00+00:00,0.1348,0.1357,0.1302,0.1313,7311014.0
2025-05-02 04:30:00+00:00,0.1314,0.1324,0.1296,0.1309,6939579.0
2025-05-02 04:45:00+00:00,0.1308,0.1315,0.1299,0.131,2558773.0
2025-05-02 05:00:00+00:00,0.131,0.1319,0.1299,0.1318,2955843.0
2025-05-02 05:15:00+00:00,0.1318,0.1345,0.1318,0.1342,4948309.0
2025-05-02 05:30:00+00:00,0.1343,0.1353,0.1331,0.1336,4915471.0
2025-05-02 05:45:00+00:00,0.1335,0.1355,0.1332,0.1352,2992798.0
2025-05-02 06:00:00+00:00,0.1352,0.1367,0.1348,0.1355,3317477.0
2025-05-02 06:15:00+00:00,0.1355,0.1362,0.135,0.1353,2064146.0
2025-05-02 06:30:00+00:00,0.1354,0.1357,0.1344,0.1354,2078562.0
2025-05-02 06:45:00+00:00,0.1353,0.1439,0.1353,0.1395,35389012.0
2025-05-02 07:00:00+00:00,0.1395,0.1401,0.1368,0.1376,7738590.0
2025-05-02 07:15:00+00:00,0.1375,0.1382,0.1357,0.1359,3838280.0
2025-05-02 07:30:00+00:00,0.1358,0.1361,0.1343,0.1354,3704929.0
2025-05-02 07:45:00+00:00,0.1353,0.1363,0.1345,0.1353,2976340.0
2025-05-02 08:00:00+00:00,0.1353,0.1363,0.1343,0.1361,2736474.0
2025-05-02 08:15:00+00:00,0.1361,0.1363,0.1343,0.1358,3470694.0
2025-05-02 08:30:00+00:00,0.1357,0.1362,0.1343,0.1348,3221113.0
2025-05-02 08:45:00+00:00,0.1348,0.1353,0.1336,0.1341,2946980.0
2025-05-02 09:00:00+00:00,0.1341,0.136,0.1338,0.1351,2599778.0
2025-05-02 09:15:00+00:00,0.1351,0.1358,0.1345,0.135,1241648.0
2025-05-02 09:30:00+00:00,0.1351,0.1353,0.1342,0.1347,1465731.0
2025-05-02 09:45:00+00:00,0.1347,0.1352,0.1342,0.1351,1252567.0
2025-05-02 10:00:00+00:00,0.1352,0.1353,0.1344,0.135,1121579.0
2025-05-02 10:15:00+00:00,0.135,0.1352,0.1335,0.1341,1508286.0
2025-05-02 10:30:00+00:00,0.1342,0.1345,0.1332,0.1339,1905667.0
2025-05-02 10:45:00+00:00,0.1339,0.1343,0.1331,0.1337,1854936.0
2025-05-02 11:00:00+00:00,0.1337,0.1343,0.133,0.1336,1632340.0
2025-05-02 11:15:00+00:00,0.1336,0.1346,0.1335,0.1342,1415628.0
2025-05-02 11:30:00+00:00,0.1341,0.1341,0.133,0.1334,1497427.0
2025-05-02 11:45:00+00:00,0.1334,0.1334,0.1325,0.133,1480842.0
2025-05-02 12:00:00+00:00,0.133,0.1336,0.1326,0.1336,1424216.0
2025-05-02 12:15:00+00:00,0.1336,0.1339,0.1326,0.1332,936762.0
2025-05-02 12:30:00+00:00,0.1332,0.1339,0.1325,0.1332,1731876.0
2025-05-02 12:45:00+00:00,0.1332,0.1347,0.1332,0.1347,1634918.0
2025-05-02 13:00:00+00:00,0.1347,0.1351,0.1331,0.1332,2368670.0
2025-05-02 13:15:00+00:00,0.1333,0.1341,0.1332,0.1341,844186.0
2025-05-02 13:30:00+00:00,0.1341,0.1346,0.1334,0.1343,1608810.0
2025-05-02 13:45:00+00:00,0.1344,0.1345,0.1331,0.1337,1098566.0
2025-05-02 14:00:00+00:00,0.1337,0.1345,0.1336,0.1342,2581975.0
2025-05-02 14:15:00+00:00,0.1343,0.1353,0.1339,0.1353,1479760.0
2025-05-02 14:30:00+00:00,0.1352,0.1365,0.1347,0.1351,2739009.0
2025-05-02 14:45:00+00:00,0.1352,0.1365,0.1348,0.136,1952623.0
2025-05-02 15:00:00+00:00,0.1361,0.1363,0.134,0.1341,4027614.0
2025-05-02 15:15:00+00:00,0.134,0.1345,0.1333,0.1339,1833871.0
2025-05-02 15:30:00+00:00,0.1339,0.1342,0.1332,0.1339,1878168.0
2025-05-02 15:45:00+00:00,0.134,0.1349,0.1339,0.1344,1289736.0
2025-05-02 16:00:00+00:00,0.1344,0.135,0.1331,0.135,3563297.0
2025-05-02 16:15:00+00:00,0.1349,0.1357,0.1344,0.1345,2258824.0
2025-05-02 16:30:00+00:00,0.1345,0.1366,0.1345,0.1365,1611508.0
2025-05-02 16:45:00+00:00,0.1365,0.1368,0.1351,0.1366,1994238.0
2025-05-02 17:00:00+00:00,0.1366,0.1369,0.1349,0.1366,3475216.0
2025-05-02 17:15:00+00:00,0.1366,0.1377,0.1361,0.1363,4294046.0
2025-05-02 17:30:00+00:00,0.1363,0.1366,0.135,0.1365,2411123.0
2025-05-02 17:45:00+00:00,0.1365,0.1386,0.1364,0.1374,3717719.0
2025-05-02 18:00:00+00:00,0.1373,0.1374,0.1363,0.1369,2819526.0
2025-05-02 18:15:00+00:00,0.1368,0.1371,0.1354,0.1357,1605456.0
2025-05-02 18:30:00+00:00,0.1356,0.1365,0.1355,0.1364,1060729.0
2025-05-02 18:45:00+00:00,0.1364,0.1374,0.1362,0.1366,1445398.0
2025-05-02 19:00:00+00:00,0.1366,0.1392,0.1362,0.1386,3242630.0
2025-05-02 19:15:00+00:00,0.1386,0.1423,0.1383,0.1407,8734777.0
2025-05-02 19:30:00+00:00,0.1407,0.1441,0.1404,0.144,6042324.0
2025-05-02 19:45:00+00:00,0.1439,0.1473,0.1423,0.1453,13893565.0
2025-05-02 20:00:00+00:00,0.1453,0.1479,0.1445,0.1453,8336269.0
2025-05-02 20:15:00+00:00,0.1452,0.1453,0.1388,0.1403,15777834.0
2025-05-02 20:30:00+00:00,0.1404,0.1425,0.14,0.1411,4853094.0
2025-05-02 20:45:00+00:00,0.1411,0.1413,0.1387,0.1397,4258555.0
2025-05-02 21:00:00+00:00,0.1398,0.1404,0.1387,0.139,3164012.0
2025-05-02 21:15:00+00:00,0.1389,0.1402,0.1388,0.1399,1842290.0
2025-05-02 21:30:00+00:00,0.1398,0.1409,0.1387,0.1387,2350236.0
2025-05-02 21:45:00+00:00,0.1389,0.1406,0.1383,0.1401,2469329.0
2025-05-02 22:00:00+00:00,0.1402,0.1423,0.1391,0.1411,3356771.0
2025-05-02 22:15:00+00:00,0.1411,0.1429,0.1405,0.1419,5823470.0
2025-05-02 22:30:00+00:00,0.1419,0.143,0.1407,0.1414,5884933.0
2025-05-02 22:45:00+00:00,0.1414,0.1416,0.1394,0.1399,3217739.0
2025-05-02 23:00:00+00:00,0.1398,0.1399,0.1384,0.1389,2773560.0
2025-05-02 23:15:00+00:00,0.1388,0.1392,0.1371,0.1384,4861180.0
2025-05-02 23:30:00+00:00,0.1385,0.1415,0.1384,0.1407,3639431.0
2025-05-02 23:45:00+00:00,0.1407,0.1407,0.1384,0.1388,5132644.0
2025-05-03 00:00:00+00:00,0.1387,0.1406,0.1377,0.1397,6468805.0
2025-05-03 00:15:00+00:00,0.1396,0.1405,0.1381,0.1395,2755762.0
2025-05-03 00:30:00+00:00,0.1395,0.1416,0.1386,0.1395,3511457.0
2025-05-03 00:45:00+00:00,0.1394,0.141,0.1389,0.141,2579633.0
2025-05-03 01:00:00+00:00,0.141,0.1429,0.141,0.1425,3747888.0
2025-05-03 01:15:00+00:00,0.1426,0.1439,0.1416,0.1428,3931870.0
2025-05-03 01:30:00+00:00,0.1429,0.143,0.1413,0.1416,3053941.0
2025-05-03 01:45:00+00:00,0.1416,0.1442,0.1413,0.1437,2888432.0
2025-05-03 02:00:00+00:00,0.1437,0.1451,0.1433,0.1434,3387026.0
2025-05-03 02:15:00+00:00,0.1435,0.1436,0.1417,0.1428,2553212.0
2025-05-03 02:30:00+00:00,0.1429,0.1436,0.1418,0.1423,1494809.0
2025-05-03 02:45:00+00:00,0.1422,0.1453,0.141,0.1443,6304475.0
2025-05-03 03:00:00+00:00,0.1443,0.1476,0.1431,0.1471,6968149.0
2025-05-03 03:15:00+00:00,0.147,0.1488,0.1446,0.145,7630806.0
2025-05-03 03:30:00+00:00,0.1451,0.1455,0.1421,0.1431,5493428.0
2025-05-03 03:45:00+00:00,0.1433,0.1452,0.1427,0.143,5117513.0
2025-05-03 04:00:00+00:00,0.1429,0.144,0.1417,0.143,3387893.0
2025-05-03 04:15:00+00:00,0.1429,0.1446,0.1407,0.1411,4514050.0
2025-05-03 04:30:00+00:00,0.1411,0.1415,0.139,0.1395,4719091.0
2025-05-03 04:45:00+00:00,0.1396,0.1406,0.1379,0.1382,6398249.0
2025-05-03 05:00:00+00:00,0.1383,0.1389,0.1376,0.138,3547343.0
2025-05-03 05:15:00+00:00,0.138,0.1386,0.1374,0.138,1937252.0
2025-05-03 05:30:00+00:00,0.1381,0.1389,0.1375,0.1385,2776422.0
2025-05-03 05:45:00+00:00,0.1386,0.139,0.1373,0.138,2221939.0
2025-05-03 06:00:00+00:00,0.1381,0.1387,0.1371,0.1372,3160416.0
2025-05-03 06:15:00+00:00,0.1372,0.1401,0.1361,0.1397,4856936.0
2025-05-03 06:30:00+00:00,0.1398,0.1401,0.1388,0.1399,2893596.0
2025-05-03 06:45:00+00:00,0.1398,0.1399,0.1389,0.1394,1699861.0
2025-05-03 07:00:00+00:00,0.1393,0.1418,0.1382,0.1417,3600634.0
2025-05-03 07:15:00+00:00,0.1417,0.1434,0.1416,0.1425,4925412.0
2025-05-03 07:30:00+00:00,0.1425,0.1459,0.1425,0.1453,12275886.0
2025-05-03 07:45:00+00:00,0.1452,0.1466,0.1444,0.1457,8139256.0
2025-05-03 08:00:00+00:00,0.1457,0.1593,0.1456,0.1553,54881879.0
2025-05-03 08:15:00+00:00,0.1552,0.156,0.1482,0.1501,29046716.0
2025-05-03 08:30:00+00:00,0.15,0.1514,0.1481,0.1493,9472401.0
2025-05-03 08:45:00+00:00,0.1494,0.1508,0.1442,0.1458,12987621.0
2025-05-03 09:00:00+00:00,0.1458,0.1465,0.1404,0.1412,16343826.0
2025-05-03 09:15:00+00:00,0.1411,0.1437,0.1411,0.1415,9015841.0
2025-05-03 09:30:00+00:00,0.1415,0.1474,0.1412,0.1437,15901201.0
2025-05-03 09:45:00+00:00,0.1435,0.1471,0.1429,0.146,7455053.0
2025-05-03 10:00:00+00:00,0.1459,0.1503,0.145,0.1494,12393778.0
2025-05-03 10:15:00+00:00,0.1494,0.1507,0.1469,0.1484,11754682.0
2025-05-03 10:30:00+00:00,0.1483,0.1483,0.1453,0.1468,7906134.0
2025-05-03 10:45:00+00:00,0.1469,0.1485,0.1458,0.1484,4798171.0
2025-05-03 11:00:00+00:00,0.1483,0.1504,0.1478,0.1496,6465433.0
2025-05-03 11:15:00+00:00,0.1494,0.1517,0.1487,0.15,9327406.0
2025-05-03 11:30:00+00:00,0.15,0.15,0.1471,0.1486,8956528.0
2025-05-03 11:45:00+00:00,0.1485,0.1501,0.1472,0.1493,5730163.0
2025-05-03 12:00:00+00:00,0.1493,0.1494,0.1434,0.1447,13280901.0
2025-05-03 12:15:00+00:00,0.1447,0.1469,0.1439,0.1458,5061475.0
2025-05-03 12:30:00+00:00,0.1458,0.1463,0.1439,0.1455,3484359.0
2025-05-03 12:45:00+00:00,0.1455,0.147,0.1443,0.1449,2870212.0
2025-05-03 13:00:00+00:00,0.1449,0.1474,0.144,0.1458,4003836.0
2025-05-03 13:15:00+00:00,0.1458,0.1497,0.1455,0.1479,8510120.0
2025-05-03 13:30:00+00:00,0.1479,0.1507,0.1476,0.1493,7432509.0
2025-05-03 13:45:00+00:00,0.1493,0.15,0.1469,0.1477,8289318.0
2025-05-03 14:00:00+00:00,0.1478,0.1487,0.146,0.1465,6355370.0
2025-05-03 14:15:00+00:00,0.1464,0.1465,0.1434,0.1446,8333334.0
2025-05-03 14:30:00+00:00,0.1446,0.1454,0.1427,0.1441,8864434.0
2025-05-03 14:45:00+00:00,0.144,0.1483,0.1432,0.1455,13004540.0
2025-05-03 15:00:00+00:00,0.1455,0.1493,0.145,0.146,12033816.0
2025-05-03 15:15:00+00:00,0.146,0.1495,0.1458,0.147,10869489.0
2025-05-03 15:30:00+00:00,0.1469,0.156,0.1468,0.1536,30222492.0
2025-05-03 15:45:00+00:00,0.1536,0.154,0.1476,0.1501,24935246.0
2025-05-03 16:00:00+00:00,0.1501,0.1536,0.1495,0.1527,22597080.0
2025-05-03 16:15:00+00:00,0.1528,0.1537,0.1455,0.1472,25851514.0
2025-05-03 16:30:00+00:00,0.1473,0.1492,0.1419,0.1459,42394373.0
2025-05-03 16:45:00+00:00,0.1459,0.1491,0.1459,0.1481,8264716.0
2025-05-03 17:00:00+00:00,0.148,0.1494,0.145,0.1458,10010820.0
2025-05-03 17:15:00+00:00,0.1457,0.1457,0.1426,0.1429,9213759.0
2025-05-03 17:30:00+00:00,0.1429,0.1441,0.1409,0.144,11246488.0
2025-05-03 17:45:00+00:00,0.144,0.1468,0.1439,0.1464,9603487.0
2025-05-03 18:00:00+00:00,0.1464,0.1474,0.1447,0.1472,5658547.0
2025-05-03 18:15:00+00:00,0.1472,0.1474,0.1441,0.1443,3469094.0
2025-05-03 18:30:00+00:00,0.1442,0.1449,0.1429,0.1447,5291278.0
2025-05-03 18:45:00+00:00,0.1448,0.1464,0.1447,0.1454,2971475.0
2025-05-03 19:00:00+00:00,0.1454,0.1461,0.1445,0.1457,2938136.0
2025-05-03 19:15:00+00:00,0.1457,0.1472,0.1454,0.1465,2561765.0
2025-05-03 19:30:00+00:00,0.1465,0.1476,0.1457,0.1466,3057080.0
2025-05-03 19:45:00+00:00,0.1467,0.1475,0.1465,0.1468,2516043.0
2025-05-03 20:00:00+00:00,0.1468,0.1469,0.1423,0.1426,5977966.0
2025-05-03 20:15:00+00:00,0.1426,0.1428,0.1417,0.1422,4103310.0
2025-05-03 20:30:00+00:00,0.1422,0.1453,0.1421,0.1432,4851122.0
2025-05-03 20:45:00+00:00,0.1432,0.1465,0.1419,0.1465,7949610.0
2025-05-03 21:00:00+00:00,0.1465,0.1478,0.1438,0.1453,6368378.0
2025-05-03 21:15:00+00:00,0.1453,0.1469,0.1444,0.1464,2768791.0
2025-05-03 21:30:00+00:00,0.1464,0.1472,0.1448,0.1455,2083756.0
2025-05-03 21:45:00+00:00,0.1454,0.1462,0.1439,0.1443,1735184.0
2025-05-03 22:00:00+00:00,0.1443,0.1462,0.1435,0.1454,4488881.0
2025-05-03 22:15:00+00:00,0.1455,0.1464,0.1447,0.1453,2191650.0
2025-05-03 22:30:00+00:00,0.1453,0.1477,0.1451,0.1471,2056769.0
2025-05-03 22:45:00+00:00,0.1471,0.1479,0.1463,0.1473,2412679.0
2025-05-03 23:00:00+00:00,0.1473,0.1496,0.147,0.1489,4786540.0
2025-05-03 23:15:00+00:00,0.1489,0.153,0.1489,0.15,11399427.0
2025-05-03 23:30:00+00:00,0.1499,0.1508,0.1489,0.1503,4776145.0
2025-05-03 23:45:00+00:00,0.1502,0.1507,0.1463,0.1487,11118012.0
2025-05-04 00:00:00+00:00,0.1487,0.1532,0.1481,0.1515,14357350.0
2025-05-04 00:15:00+00:00,0.1514,0.1537,0.1482,0.1492,12896002.0
2025-05-04 00:30:00+00:00,0.1492,0.151,0.1485,0.1505,3916175.0
2025-05-04 00:45:00+00:00,0.1506,0.1512,0.1481,0.1489,5750893.0
2025-05-04 01:00:00+00:00,0.1488,0.1513,0.1482,0.1496,6142017.0
2025-05-04 01:15:00+00:00,0.1496,0.1507,0.149,0.15,2758983.0
2025-05-04 01:30:00+00:00,0.15,0.1509,0.1495,0.15,3377487.0
2025-05-04 01:45:00+00:00,0.15,0.1508,0.1491,0.1507,3166768.0
2025-05-04 02:00:00+00:00,0.1508,0.1524,0.1492,0.1522,3248601.0
2025-05-04 02:15:00+00:00,0.1522,0.1525,0.1504,0.151,3057729.0
2025-05-04 02:30:00+00:00,0.1509,0.1516,0.1494,0.1496,3249450.0
2025-05-04 02:45:00+00:00,0.1496,0.1533,0.1496,0.1518,10572216.0
2025-05-04 03:00:00+00:00,0.1518,0.1518,0.1491,0.1495,5927526.0
2025-05-04 03:15:00+00:00,0.1495,0.1498,0.148,0.1496,3909086.0
2025-05-04 03:30:00+00:00,0.1495,0.1496,0.1482,0.149,2483627.0
2025-05-04 03:45:00+00:00,0.1491,0.1503,0.1489,0.1497,2280091.0
2025-05-04 04:00:00+00:00,0.1497,0.1514,0.1488,0.1504,5228066.0
2025-05-04 04:15:00+00:00,0.1505,0.1509,0.1492,0.1498,2676918.0
2025-05-04 04:30:00+00:00,0.1498,0.1508,0.1494,0.1506,2844408.0
2025-05-04 04:45:00+00:00,0.1505,0.1518,0.1499,0.151,4134121.0
2025-05-04 05:00:00+00:00,0.1511,0.155,0.1508,0.1522,16505106.0
2025-05-04 05:15:00+00:00,0.1521,0.1523,0.1479,0.15,12313475.0
2025-05-04 05:30:00+00:00,0.1499,0.1502,0.1481,0.1484,6449620.0
2025-05-04 05:45:00+00:00,0.1484,0.1485,0.1337,0.1372,50139307.0
2025-05-04 06:00:00+00:00,0.1371,0.1383,0.1331,0.1369,21708704.0
2025-05-04 06:15:00+00:00,0.1369,0.1398,0.1369,0.139,13483595.0
2025-05-04 06:30:00+00:00,0.139,0.1417,0.1385,0.1416,10506346.0
2025-05-04 06:45:00+00:00,0.1415,0.1416,0.1374,0.1386,10457259.0
2025-05-04 07:00:00+00:00,0.1385,0.1394,0.1363,0.1381,9716253.0
2025-05-04 07:15:00+00:00,0.1381,0.1394,0.1363,0.1371,6365520.0
2025-05-04 07:30:00+00:00,0.137,0.1376,0.1344,0.1349,6341900.0
2025-05-04 07:45:00+00:00,0.1348,0.1366,0.1334,0.1359,10381894.0
2025-05-04 08:00:00+00:00,0.1359,0.136,0.1279,0.1335,32011200.0
2025-05-04 08:15:00+00:00,0.1334,0.1412,0.1334,0.141,16332191.0
2025-05-04 08:30:00+00:00,0.1409,0.1456,0.1359,0.1381,43645328.0
2025-05-04 08:45:00+00:00,0.1381,0.1434,0.1374,0.1429,21799798.0
2025-05-04 09:00:00+00:00,0.1429,0.1517,0.142,0.149,33090207.0
2025-05-04 09:15:00+00:00,0.149,0.1498,0.1473,0.1498,12288991.0
2025-09-07 15:15:00+00:00,0.06245,0.06264,0.06243,0.0626,206197.0
2025-09-07 15:30:00+00:00,0.06259,0.06259,0.06249,0.06256,78786.0
2025-09-07 15:45:00+00:00,0.06255,0.06261,0.06241,0.06258,250444.0
2025-09-07 16:00:00+00:00,0.06259,0.06491,0.06259,0.06491,7702497.0
2025-09-07 16:15:00+00:00,0.0649,0.0735,0.06405,0.07317,77270419.0
2025-09-07 16:30:00+00:00,0.0731,0.0748,0.06885,0.06915,92459501.0
2025-09-07 16:45:00+00:00,0.06909,0.07197,0.06862,0.07196,37198448.0
2025-09-07 17:00:00+00:00,0.07188,0.07416,0.07017,0.07024,63437591.0
2025-09-07 17:15:00+00:00,0.07029,0.0712,0.06866,0.06893,31708918.0
2025-09-07 17:30:00+00:00,0.06886,0.06902,0.06766,0.06799,21198845.0
2025-09-07 17:45:00+00:00,0.06803,0.06866,0.06669,0.06719,20239392.0
2025-09-07 18:00:00+00:00,0.06719,0.06765,0.06684,0.06728,9922901.0
2025-09-07 18:15:00+00:00,0.06726,0.06793,0.06666,0.0674,7239572.0
2025-09-07 18:30:00+00:00,0.06746,0.06796,0.06679,0.06778,6088182.0
2025-09-07 18:45:00+00:00,0.06777,0.0688,0.06697,0.06711,9982159.0
2025-09-07 19:00:00+00:00,0.06708,0.06714,0.06565,0.066,12840878.0
2025-09-07 19:15:00+00:00,0.06601,0.06649,0.0657,0.06576,5742294.0
2025-09-07 19:30:00+00:00,0.06576,0.06619,0.06553,0.06597,4606909.0
2025-09-07 19:45:00+00:00,0.06596,0.0663,0.06565,0.06594,2684989.0
2025-09-07 20:00:00+00:00,0.06593,0.06645,0.06556,0.06571,4152878.0
2025-09-07 20:15:00+00:00,0.06571,0.06593,0.06542,0.06571,2393463.0
2025-09-07 20:30:00+00:00,0.0657,0.06577,0.06528,0.06545,2569798.0
2025-09-07 20:45:00+00:00,0.06544,0.06607,0.06536,0.06607,2682708.0
2025-09-07 21:00:00+00:00,0.06605,0.06638,0.06572,0.06638,3718122.0
2025-09-07 21:15:00+00:00,0.06637,0.06644,0.0655,0.0655,2989350.0
2025-09-07 21:30:00+00:00,0.06552,0.06565,0.06514,0.06524,2114730.0
2025-09-07 21:45:00+00:00,0.06523,0.06544,0.06502,0.06527,2527671.0
2025-09-07 22:00:00+00:00,0.06527,0.06544,0.06509,0.06528,1830355.0
2025-09-07 22:15:00+00:00,0.06528,0.06571,0.06525,0.06544,2272168.0
2025-09-07 22:30:00+00:00,0.06544,0.0658,0.0653,0.06577,1351128.0
2025-09-07 22:45:00+00:00,0.06575,0.06626,0.06562,0.06612,2202256.0
2025-09-07 23:00:00+00:00,0.06611,0.06721,0.06586,0.06643,6048804.0
2025-09-07 23:15:00+00:00,0.06644,0.06664,0.06631,0.06637,1947676.0
2025-09-07 23:30:00+00:00,0.06639,0.06642,0.0659,0.0659,1834975.0
2025-09-07 23:45:00+00:00,0.06591,0.06605,0.06552,0.06561,1805277.0
2025-09-08 00:00:00+00:00,0.0656,0.06581,0.06532,0.06547,2664324.0
2025-09-08 00:15:00+00:00,0.06546,0.06561,0.06518,0.06553,1428168.0
2025-09-08 00:30:00+00:00,0.06554,0.06612,0.06552,0.06608,1411724.0
2025-09-08 00:45:00+00:00,0.06608,0.06616,0.06575,0.06605,1651768.0
2025-09-08 01:00:00+00:00,0.06604,0.06605,0.06556,0.06579,1527046.0
2025-09-08 01:15:00+00:00,0.06579,0.06655,0.06563,0.06648,2038767.0
2025-09-08 01:30:00+00:00,0.06647,0.06688,0.06621,0.06664,2377652.0
2025-09-08 01:45:00+00:00,0.06664,0.06796,0.06663,0.06779,5220648.0
2025-09-08 02:00:00+00:00,0.06779,0.06833,0.06679,0.0672,8299467.0
2025-09-08 02:15:00+00:00,0.06721,0.0675,0.06706,0.06732,2793686.0
2025-09-08 02:30:00+00:00,0.06731,0.0677,0.06708,0.06743,2904357.0
2025-09-08 02:45:00+00:00,0.06743,0.06815,0.06743,0.06793,2593953.0
2025-09-08 03:00:00+00:00,0.06796,0.06852,0.06758,0.06774,5713018.0
2025-09-08 03:15:00+00:00,0.06775,0.06843,0.06761,0.06811,2660476.0
2025-09-08 03:30:00+00:00,0.0681,0.06872,0.06755,0.06786,5275783.0
2025-09-08 03:45:00+00:00,0.06785,0.06817,0.06755,0.0677,3871116.0
2025-09-08 04:00:00+00:00,0.0677,0.06782,0.06682,0.06682,4031638.0
2025-09-08 04:15:00+00:00,0.06683,0.06759,0.06668,0.06748,3696790.0
2025-09-08 04:30:00+00:00,0.06746,0.06883,0.06746,0.06819,5155952.0
2025-09-08 04:45:00+00:00,0.0682,0.06861,0.06731,0.06733,5196769.0
2025-09-08 05:00:00+00:00,0.06733,0.06753,0.067,0.06704,2269442.0
2025-09-08 05:15:00+00:00,0.06705,0.06708,0.0666,0.06669,2119795.0
2025-09-08 05:30:00+00:00,0.06669,0.0669,0.06621,0.06675,1912034.0
2025-09-08 05:45:00+00:00,0.06674,0.06764,0.06674,0.06749,1816455.0
2025-09-08 06:00:00+00:00,0.06748,0.06854,0.0667,0.06849,5208065.0
2025-09-08 06:15:00+00:00,0.06849,0.06931,0.06726,0.06803,10881757.0
2025-09-08 06:30:00+00:00,0.06805,0.06815,0.06769,0.06796,2900512.0
2025-09-08 06:45:00+00:00,0.06793,0.06855,0.06781,0.06802,2652759.0
2025-09-08 07:00:00+00:00,0.06798,0.06824,0.06745,0.06774,2563156.0
2025-09-08 07:15:00+00:00,0.06773,0.06833,0.06749,0.06757,2876007.0
2025-09-08 07:30:00+00:00,0.06757,0.06785,0.06682,0.06773,4837021.0
2025-09-08 07:45:00+00:00,0.06771,0.0683,0.0675,0.06773,4592560.0
2025-09-08 08:00:00+00:00,0.0677,0.06806,0.06729,0.06734,3189778.0
2025-09-08 08:15:00+00:00,0.06734,0.0675,0.067,0.06747,2518438.0
2025-09-08 08:30:00+00:00,0.06746,0.06799,0.0674,0.06782,3275755.0
2025-09-08 08:45:00+00:00,0.06777,0.0685,0.06775,0.06813,3962883.0
2025-09-08 09:00:00+00:00,0.06811,0.06825,0.06758,0.06785,2945902.0
2025-09-08 09:15:00+00:00,0.06785,0.068,0.06753,0.06774,2321405.0
2025-09-08 09:30:00+00:00,0.06774,0.06774,0.06701,0.06709,2342327.0
2025-09-08 09:45:00+00:00,0.06708,0.06756,0.06703,0.06728,2086536.0
2025-09-08 10:00:00+00:00,0.06724,0.06737,0.06701,0.06703,2237118.0
2025-09-08 10:15:00+00:00,0.06701,0.06732,0.06698,0.06731,1829982.0
2025-09-08 10:30:00+00:00,0.06729,0.06838,0.06725,0.06807,3867018.0
2025-09-08 10:45:00+00:00,0.06807,0.06848,0.06743,0.06768,5204953.0
2025-09-08 11:00:00+00:00,0.06769,0.06853,0.06727,0.06837,4634411.0
2025-09-08 11:15:00+00:00,0.06837,0.06845,0.06782,0.0682,4143378.0
2025-09-08 11:30:00+00:00,0.06819,0.06879,0.06775,0.06824,5230093.0
2025-09-08 11:45:00+00:00,0.06823,0.0685,0.06778,0.06793,3306749.0
2025-09-08 12:00:00+00:00,0.06793,0.06831,0.06766,0.06783,3013759.0
2025-09-08 12:15:00+00:00,0.06784,0.06912,0.06752,0.06899,5501487.0
2025-09-08 12:30:00+00:00,0.06899,0.06946,0.06852,0.06877,6020720.0
2025-09-08 12:45:00+00:00,0.06881,0.06882,0.06779,0.06812,5327103.0
2025-09-08 13:00:00+00:00,0.06813,0.06828,0.0677,0.06815,3299232.0
2025-09-08 13:15:00+00:00,0.06815,0.06858,0.06788,0.06816,3642647.0
2025-09-08 13:30:00+00:00,0.06813,0.06851,0.06752,0.06832,4998336.0
2025-09-08 13:45:00+00:00,0.06826,0.06879,0.06784,0.06791,3880515.0
2025-09-08 14:00:00+00:00,0.06791,0.06927,0.06756,0.0691,7781629.0
2025-09-08 14:15:00+00:00,0.06913,0.06965,0.06879,0.06889,5267892.0
2025-09-08 14:30:00+00:00,0.0689,0.06961,0.06881,0.06946,4409775.0
2025-09-08 14:45:00+00:00,0.06948,0.06962,0.0688,0.06912,3139753.0
2025-09-08 15:00:00+00:00,0.06913,0.0693,0.06814,0.06875,4246800.0
2025-09-08 15:15:00+00:00,0.06875,0.06903,0.06868,0.06889,1843888.0
2025-09-08 15:30:00+00:00,0.06889,0.0692,0.06849,0.06887,1778403.0
2025-09-08 15:45:00+00:00,0.06887,0.06887,0.0679,0.06859,3595131.0
2025-09-08 16:00:00+00:00,0.06859,0.06889,0.06812,0.06815,2258927.0
2025-09-08 16:15:00+00:00,0.06815,0.06884,0.06815,0.06854,1575655.0
2025-09-08 16:30:00+00:00,0.06856,0.06861,0.06789,0.0682,2425121.0
2025-09-08 16:45:00+00:00,0.06823,0.06825,0.06795,0.06806,1090879.0
2025-09-08 17:00:00+00:00,0.06802,0.06814,0.06769,0.06796,2446551.0
2025-09-08 17:15:00+00:00,0.06796,0.06873,0.06784,0.06854,2012421.0
2025-09-08 17:30:00+00:00,0.06855,0.06856,0.06813,0.06831,856547.0
2025-09-08 17:45:00+00:00,0.06828,0.06839,0.06798,0.06805,1251814.0
2025-09-08 18:00:00+00:00,0.06805,0.06864,0.06805,0.0684,1396229.0
2025-09-08 18:15:00+00:00,0.0684,0.06901,0.06811,0.06889,1750958.0
2025-09-08 18:30:00+00:00,0.06888,0.0689,0.06847,0.06864,1582044.0
2025-09-08 18:45:00+00:00,0.06864,0.06894,0.06847,0.06887,629703.0
2025-09-08 19:00:00+00:00,0.06888,0.06897,0.06818,0.06821,1281174.0
2025-09-08 19:15:00+00:00,0.06821,0.06825,0.06777,0.06795,1838796.0
2025-09-08 19:30:00+00:00,0.06796,0.06803,0.06748,0.06776,2778055.0
2025-09-08 19:45:00+00:00,0.06777,0.06794,0.06758,0.06782,2003411.0
2025-09-08 20:00:00+00:00,0.06783,0.06801,0.0678,0.06796,791408.0
2025-09-08 20:15:00+00:00,0.06795,0.06795,0.06729,0.06777,2371250.0
2025-09-08 20:30:00+00:00,0.06777,0.06804,0.06775,0.06788,563579.0
2025-09-08 20:45:00+00:00,0.0679,0.0682,0.06787,0.0682,351968.0
2025-09-08 21:00:00+00:00,0.06819,0.0692,0.06812,0.06851,4566526.0
2025-09-08 21:15:00+00:00,0.06851,0.069,0.06851,0.06897,952724.0
2025-09-08 21:30:00+00:00,0.06897,0.06936,0.06879,0.06895,2328730.0
2025-09-08 21:45:00+00:00,0.06895,0.06902,0.06851,0.06897,2124975.0
2025-09-08 22:00:00+00:00,0.06897,0.06906,0.06861,0.06885,1396199.0
2025-09-08 22:15:00+00:00,0.06886,0.06889,0.06861,0.06863,657176.0
2025-09-08 22:30:00+00:00,0.06864,0.06866,0.06834,0.06858,1067454.0
2025-09-08 22:45:00+00:00,0.0686,0.06906,0.0686,0.06873,1747422.0
2025-09-08 23:00:00+00:00,0.06873,0.06888,0.06866,0.06885,438914.0
2025-09-08 23:15:00+00:00,0.06885,0.06895,0.06837,0.06849,3004254.0
2025-09-08 23:30:00+00:00,0.06848,0.06868,0.06836,0.06853,473548.0
2025-09-08 23:45:00+00:00,0.06856,0.0687,0.06844,0.06851,952737.0
2025-09-09 00:00:00+00:00,0.06852,0.06855,0.06828,0.06848,1484794.0
2025-09-09 00:15:00+00:00,0.06849,0.06867,0.06811,0.06833,1208579.0
2025-09-09 00:30:00+00:00,0.06834,0.06837,0.06801,0.06836,1073161.0
2025-09-09 00:45:00+00:00,0.06838,0.06866,0.06822,0.06856,1153769.0
2025-09-09 01:00:00+00:00,0.06855,0.06895,0.06852,0.0689,740297.0
2025-09-09 01:15:00+00:00,0.0689,0.06891,0.06859,0.06881,999788.0
2025-09-09 01:30:00+00:00,0.06886,0.06923,0.06848,0.06903,1620591.0
2025-09-09 01:45:00+00:00,0.06902,0.06917,0.0688,0.0688,963271.0
2025-09-09 02:00:00+00:00,0.06882,0.06901,0.06816,0.06839,2530718.0
2025-09-09 02:15:00+00:00,0.0684,0.06903,0.0682,0.06886,1495206.0
2025-09-09 02:30:00+00:00,0.06888,0.06999,0.06887,0.06954,5816627.0
2025-09-09 02:45:00+00:00,0.06954,0.06954,0.06771,0.06799,5061997.0
2025-09-09 03:00:00+00:00,0.06799,0.0685,0.06779,0.06801,1810302.0
2025-09-09 03:15:00+00:00,0.068,0.06809,0.06674,0.06775,9335061.0
2025-09-09 03:30:00+00:00,0.06779,0.06792,0.06754,0.0679,1498577.0
2025-09-09 03:45:00+00:00,0.0679,0.0683,0.06783,0.06821,1216349.0
2025-09-09 04:00:00+00:00,0.06821,0.06855,0.06801,0.06833,916593.0
2025-09-09 04:15:00+00:00,0.06836,0.0687,0.06819,0.06851,1211599.0
2025-09-09 04:30:00+00:00,0.06851,0.06865,0.06841,0.06848,705216.0
2025-09-09 04:45:00+00:00,0.06849,0.06875,0.06837,0.06865,673739.0
2025-09-09 05:00:00+00:00,0.06863,0.06863,0.06802,0.06838,1731893.0
2025-09-09 05:15:00+00:00,0.06837,0.06846,0.06823,0.06839,822395.0
2025-09-09 05:30:00+00:00,0.06839,0.06862,0.06837,0.06848,837940.0
2025-09-09 05:45:00+00:00,0.06848,0.06866,0.06836,0.06857,908615.0
2025-09-09 06:00:00+00:00,0.06859,0.0691,0.06854,0.06896,1271943.0
2025-09-09 06:15:00+00:00,0.06896,0.06919,0.06891,0.06905,590874.0
2025-09-09 06:30:00+00:00,0.06908,0.06927,0.06886,0.06915,792512.0
2025-09-09 06:45:00+00:00,0.06915,0.06931,0.06904,0.0691,1038351.0
2025-09-09 07:00:00+00:00,0.06911,0.06929,0.06901,0.06914,1420821.0
2025-09-09 07:15:00+00:00,0.06915,0.06928,0.0689,0.06915,1465715.0
2025-09-09 07:30:00+00:00,0.06915,0.06919,0.06866,0.06889,1823386.0
2025-09-09 07:45:00+00:00,0.06889,0.06894,0.06873,0.06889,664029.0
2025-09-09 08:00:00+00:00,0.06889,0.06911,0.06874,0.06898,824578.0
2025-09-09 08:15:00+00:00,0.06898,0.06901,0.06849,0.06871,1169729.0
2025-09-09 08:30:00+00:00,0.06871,0.06887,0.06862,0.06865,390257.0
2025-09-09 08:45:00+00:00,0.06866,0.06867,0.06831,0.06847,1292429.0
2025-09-09 09:00:00+00:00,0.06847,0.06877,0.06836,0.06873,688456.0
2025-09-09 09:15:00+00:00,0.06875,0.06893,0.06875,0.06883,394999.0
2025-09-09 09:30:00+00:00,0.06883,0.06894,0.06868,0.06868,590395.0
2025-09-09 09:45:00+00:00,0.06869,0.06877,0.0686,0.06874,323174.0
2025-09-09 10:00:00+00:00,0.06875,0.06896,0.06844,0.06846,885287.0
2025-09-09 10:15:00+00:00,0.06847,0.0685,0.06797,0.06802,1394401.0
2025-09-09 10:30:00+00:00,0.06803,0.06836,0.06795,0.06805,1248067.0
2025-09-09 10:45:00+00:00,0.06805,0.06813,0.06783,0.06813,963663.0
2025-09-09 11:00:00+00:00,0.06811,0.06822,0.06787,0.06816,1150912.0
2025-09-09 11:15:00+00:00,0.06816,0.06822,0.068,0.06809,603684.0
2025-09-09 11:30:00+00:00,0.06809,0.06809,0.06738,0.06753,2022395.0
2025-09-09 11:45:00+00:00,0.06753,0.06771,0.06753,0.06756,544661.0
2025-09-09 12:00:00+00:00,0.06758,0.06765,0.06729,0.06744,1588375.0
2025-09-09 12:15:00+00:00,0.06745,0.06773,0.06744,0.06758,955385.0
2025-09-09 12:30:00+00:00,0.06758,0.06761,0.0666,0.06667,2651524.0
2025-09-09 12:45:00+00:00,0.06667,0.06698,0.06667,0.06689,899281.0
2025-09-09 13:00:00+00:00,0.06688,0.06706,0.06656,0.06678,1203079.0
2025-09-09 13:15:00+00:00,0.06681,0.06681,0.06635,0.06667,1068531.0
2025-09-09 13:30:00+00:00,0.06666,0.06669,0.06596,0.06625,2518519.0
2025-09-09 13:45:00+00:00,0.06626,0.06638,0.06614,0.06634,776716.0
2025-09-09 14:00:00+00:00,0.06636,0.06644,0.06548,0.06625,2944014.0
2025-09-09 14:15:00+00:00,0.06625,0.06631,0.06601,0.06618,1093046.0
2025-09-09 14:30:00+00:00,0.06617,0.0662,0.06463,0.06559,5404378.0
2025-09-09 14:45:00+00:00,0.06557,0.06589,0.06538,0.06555,1403713.0
2025-09-09 15:00:00+00:00,0.06555,0.06568,0.06523,0.06536,1606270.0
2025-09-09 15:15:00+00:00,0.06539,0.06556,0.06503,0.06541,1652247.0
2025-09-09 15:30:00+00:00,0.06541,0.06544,0.0646,0.06483,1765050.0
2025-09-09 15:45:00+00:00,0.06483,0.06531,0.06481,0.06514,1323064.0
2025-09-09 16:00:00+00:00,0.06515,0.0654,0.06505,0.0654,1367555.0
2025-09-09 16:15:00+00:00,0.06539,0.06554,0.06471,0.06479,1665980.0
2025-09-09 16:30:00+00:00,0.06479,0.06527,0.0647,0.06509,1606430.0
2025-09-09 16:45:00+00:00,0.06509,0.06527,0.06504,0.06526,894533.0
2025-09-09 17:00:00+00:00,0.06524,0.0657,0.06521,0.06563,680584.0
2025-09-09 17:15:00+00:00,0.06564,0.0657,0.0652,0.06526,524382.0
2025-09-09 17:30:00+00:00,0.06526,0.06539,0.06515,0.06539,480607.0
2025-09-09 17:45:00+00:00,0.06537,0.06557,0.06515,0.06551,602497.0
2025-09-09 18:00:00+00:00,0.06552,0.06583,0.06533,0.06583,1202053.0
2025-09-09 18:15:00+00:00,0.06584,0.06619,0.0658,0.066,2380313.0
2025-09-09 18:30:00+00:00,0.06601,0.06636,0.06582,0.06631,1259630.0
2025-09-09 18:45:00+00:00,0.06635,0.06653,0.06626,0.06637,1251678.0
2025-09-09 19:00:00+00:00,0.06639,0.06651,0.06624,0.06639,1434216.0
2025-09-09 19:15:00+00:00,0.06641,0.0665,0.06623,0.06645,660081.0
2025-09-09 19:30:00+00:00,0.06646,0.06647,0.06578,0.06593,1229987.0
2025-09-09 19:45:00+00:00,0.06592,0.06602,0.06543,0.06575,2910027.0
2025-09-09 20:00:00+00:00,0.06575,0.06587,0.06514,0.06527,2738383.0
2025-09-09 20:15:00+00:00,0.06527,0.06567,0.06523,0.0654,1969185.0
2025-09-09 20:30:00+00:00,0.06543,0.06566,0.06543,0.06552,472712.0
2025-09-09 20:45:00+00:00,0.06552,0.0658,0.06545,0.06572,952484.0
2025-09-09 21:00:00+00:00,0.06574,0.06596,0.06551,0.06583,1246634.0
2025-09-09 21:15:00+00:00,0.06584,0.06587,0.06566,0.06571,490429.0
2025-09-09 21:30:00+00:00,0.06571,0.0658,0.06566,0.06571,146236.0
2025-09-09 21:45:00+00:00,0.06571,0.06592,0.06564,0.06569,259086.0
2025-09-09 22:00:00+00:00,0.06569,0.06576,0.06551,0.06575,440185.0
2025-09-09 22:15:00+00:00,0.06576,0.06578,0.06552,0.06567,884255.0
2025-09-09 22:30:00+00:00,0.06566,0.0657,0.06559,0.06564,212729.0
2025-09-09 22:45:00+00:00,0.06564,0.06575,0.06537,0.06573,804418.0
2025-09-09 23:00:00+00:00,0.06574,0.06591,0.06567,0.06571,421464.0
2025-09-09 23:15:00+00:00,0.06572,0.06573,0.06526,0.06542,1860106.0
2025-09-09 23:30:00+00:00,0.06542,0.06566,0.06542,0.06566,324829.0
2025-09-09 23:45:00+00:00,0.06566,0.06568,0.06556,0.06562,144674.0
2025-09-10 00:00:00+00:00,0.06563,0.06595,0.06563,0.06592,855482.0
2025-09-10 00:15:00+00:00,0.0659,0.0659,0.06509,0.06529,1851272.0
2025-09-10 00:30:00+00:00,0.06529,0.0657,0.06517,0.06567,544317.0
2025-09-10 00:45:00+00:00,0.06565,0.06568,0.06508,0.06523,634762.0
2025-09-10 01:00:00+00:00,0.0652,0.06542,0.06517,0.06542,365131.0
2025-09-10 01:15:00+00:00,0.06541,0.0657,0.06541,0.06552,571382.0
2025-09-10 01:30:00+00:00,0.06552,0.06587,0.06552,0.06581,553725.0
2025-09-10 01:45:00+00:00,0.06581,0.06594,0.06545,0.06578,569916.0
2025-09-10 02:00:00+00:00,0.0658,0.06623,0.0658,0.0661,672539.0
2025-09-10 02:15:00+00:00,0.0661,0.0667,0.06591,0.06638,1072307.0
2025-09-10 02:30:00+00:00,0.06636,0.06646,0.06622,0.06634,675508.0
2025-09-10 02:45:00+00:00,0.06634,0.06638,0.0661,0.06616,354832.0
2025-09-10 03:00:00+00:00,0.06617,0.06663,0.06614,0.06638,1840169.0
2025-09-10 03:15:00+00:00,0.0664,0.06689,0.06552,0.06554,2109744.0
2025-09-10 03:30:00+00:00,0.06555,0.06618,0.06552,0.06595,3148454.0
2025-09-10 03:45:00+00:00,0.06596,0.06608,0.0657,0.06607,998284.0
2025-09-10 04:00:00+00:00,0.06606,0.06606,0.06585,0.06594,519990.0
2025-09-10 04:15:00+00:00,0.06595,0.06611,0.06588,0.06589,557105.0
2025-09-10 04:30:00+00:00,0.06589,0.06615,0.06569,0.06571,1256222.0
2025-09-10 04:45:00+00:00,0.06572,0.06605,0.06562,0.06604,430478.0
2025-09-10 05:00:00+00:00,0.06601,0.06601,0.0657,0.06583,433513.0
2025-09-10 05:15:00+00:00,0.06583,0.06611,0.06572,0.06611,920722.0
2025-09-10 05:30:00+00:00,0.0661,0.06625,0.066,0.06613,923409.0
2025-09-10 05:45:00+00:00,0.06615,0.06631,0.06583,0.06611,928262.0
2025-09-10 06:00:00+00:00,0.0661,0.06647,0.06584,0.06607,1008089.0
2025-09-10 06:15:00+00:00,0.06607,0.06641,0.06603,0.06626,1387991.0
2025-09-10 06:30:00+00:00,0.06625,0.0665,0.06613,0.06641,677403.0
2025-09-10 06:45:00+00:00,0.06639,0.06645,0.06626,0.06633,350452.0
2025-09-10 07:00:00+00:00,0.06634,0.06653,0.06632,0.06648,328471.0
2025-09-10 07:15:00+00:00,0.06648,0.06659,0.06634,0.06651,486866.0
2025-09-10 07:30:00+00:00,0.06651,0.0666,0.06645,0.06646,646699.0
2025-09-10 07:45:00+00:00,0.06648,0.06648,0.06611,0.06644,475947.0
2025-09-10 08:00:00+00:00,0.06646,0.06677,0.06642,0.06671,908774.0
2025-09-10 08:15:00+00:00,0.06669,0.06694,0.06661,0.06694,632495.0
2025-09-10 08:30:00+00:00,0.06691,0.06717,0.06687,0.06702,804349.0
2025-09-10 08:45:00+00:00,0.06702,0.06713,0.06686,0.06712,959945.0
2025-09-10 09:00:00+00:00,0.06712,0.06737,0.06683,0.06694,1298442.0
2025-09-10 09:15:00+00:00,0.06694,0.06724,0.06688,0.06713,1047077.0
2025-09-10 09:30:00+00:00,0.06712,0.06737,0.06711,0.06732,524211.0
2025-09-10 09:45:00+00:00,0.06735,0.06798,0.06733,0.06756,2061094.0
2025-09-10 10:00:00+00:00,0.06755,0.06814,0.06741,0.06805,1399620.0
2025-09-10 10:15:00+00:00,0.06803,0.06803,0.06738,0.06744,1381957.0
2025-09-10 10:30:00+00:00,0.06743,0.06771,0.06732,0.06735,1411807.0
2025-09-10 10:45:00+00:00,0.06733,0.0677,0.06705,0.06705,1897086.0
2025-09-10 11:00:00+00:00,0.06705,0.06728,0.06693,0.06721,1032022.0
2025-09-10 11:15:00+00:00,0.06721,0.06773,0.06721,0.06766,800643.0
2025-09-10 11:30:00+00:00,0.06766,0.06775,0.06745,0.06751,810689.0
2025-09-10 11:45:00+00:00,0.06753,0.06755,0.06731,0.06737,515328.0
2025-09-10 12:00:00+00:00,0.06738,0.06747,0.06723,0.06734,815005.0
2025-09-10 12:15:00+00:00,0.06736,0.06757,0.06736,0.06749,417700.0
2025-09-10 12:30:00+00:00,0.0675,0.06816,0.0675,0.06773,1893893.0
2025-09-10 12:45:00+00:00,0.0677,0.06801,0.06762,0.06798,669600.0
2025-09-10 13:00:00+00:00,0.06798,0.06833,0.06789,0.06825,877558.0
2025-09-10 13:15:00+00:00,0.06826,0.06831,0.06788,0.06804,877387.0
2025-09-10 13:30:00+00:00,0.06803,0.06803,0.06762,0.06794,583649.0
2025-09-10 13:45:00+00:00,0.06795,0.06862,0.06795,0.0682,1530151.0
2025-09-10 14:00:00+00:00,0.06823,0.06859,0.06822,0.06858,1178268.0
2025-09-10 14:15:00+00:00,0.06858,0.06962,0.06858,0.06868,5441169.0
2025-09-10 14:30:00+00:00,0.06867,0.06887,0.0685,0.06871,1308169.0
2025-09-10 14:45:00+00:00,0.06873,0.06875,0.06838,0.06847,721825.0
2025-09-10 15:00:00+00:00,0.06847,0.06896,0.06819,0.0688,1672963.0
2025-09-10 15:15:00+00:00,0.06879,0.06889,0.06836,0.0684,1510830.0
2025-09-10 15:30:00+00:00,0.06841,0.06883,0.06786,0.06876,2747142.0
2025-09-10 15:45:00+00:00,0.06876,0.06881,0.06833,0.06838,479076.0
2025-09-10 16:00:00+00:00,0.06839,0.06842,0.06738,0.06752,3239477.0
2025-09-10 16:15:00+00:00,0.06753,0.06808,0.06753,0.06786,1524828.0
2025-09-10 16:30:00+00:00,0.06785,0.06819,0.06778,0.068,803692.0
2025-09-10 16:45:00+00:00,0.06798,0.06804,0.06761,0.06777,1747062.0
2025-09-10 17:00:00+00:00,0.06777,0.06803,0.06777,0.06785,754573.0
2025-09-10 17:15:00+00:00,0.06784,0.06794,0.06708,0.06723,1578381.0
2025-09-10 17:30:00+00:00,0.06724,0.06742,0.0671,0.06731,1291953.0
2025-09-10 17:45:00+00:00,0.06732,0.06756,0.06726,0.06756,374225.0
2025-09-10 18:00:00+00:00,0.06753,0.06757,0.06733,0.06751,828406.0
2025-09-10 18:15:00+00:00,0.06748,0.0675,0.06723,0.06734,518936.0
2025-09-10 18:30:00+00:00,0.06733,0.06759,0.06726,0.06736,291542.0
2025-09-10 18:45:00+00:00,0.06735,0.06759,0.06726,0.06748,271278.0
2025-09-10 19:00:00+00:00,0.06749,0.06758,0.0668,0.06694,1080838.0
2025-09-10 19:15:00+00:00,0.06694,0.06699,0.06653,0.06663,940388.0
2025-09-10 19:30:00+00:00,0.06666,0.0668,0.06622,0.06664,1521692.0
2025-09-10 19:45:00+00:00,0.06664,0.06678,0.06649,0.06667,505126.0
2025-09-10 20:00:00+00:00,0.06666,0.06718,0.06654,0.06702,1476632.0
2025-09-10 20:15:00+00:00,0.06702,0.06716,0.06694,0.06712,336984.0
2025-09-10 20:30:00+00:00,0.06711,0.06713,0.06692,0.06694,265521.0
2025-09-10 20:45:00+00:00,0.06693,0.06701,0.06688,0.06699,158905.0
2025-09-10 21:00:00+00:00,0.06699,0.06726,0.06695,0.06705,314244.0
2025-09-10 21:15:00+00:00,0.06704,0.06715,0.067,0.06714,235342.0
2025-09-10 21:30:00+00:00,0.06714,0.06721,0.06707,0.06721,145457.0
2025-09-10 21:45:00+00:00,0.0672,0.06739,0.06716,0.06737,347848.0
2025-09-10 22:00:00+00:00,0.06735,0.06743,0.06727,0.06736,271592.0
2025-09-10 22:15:00+00:00,0.06737,0.06738,0.06721,0.06728,122935.0
2025-09-10 22:30:00+00:00,0.06728,0.0674,0.06719,0.06738,335513.0
2025-09-10 22:45:00+00:00,0.06738,0.06752,0.06732,0.06747,502184.0
2025-09-10 23:00:00+00:00,0.06747,0.06759,0.06746,0.06747,525521.0
2025-09-10 23:15:00+00:00,0.06746,0.06761,0.06745,0.06749,283316.0
2025-09-10 23:30:00+00:00,0.06747,0.06756,0.06742,0.06745,245893.0
2025-09-10 23:45:00+00:00,0.06745,0.06757,0.06724,0.06731,372886.0
2025-09-11 00:00:00+00:00,0.06731,0.06786,0.0673,0.06777,604545.0
2025-09-11 00:15:00+00:00,0.06778,0.06788,0.06767,0.06774,527561.0
2025-09-11 00:30:00+00:00,0.06774,0.06778,0.06762,0.06775,317618.0
2025-09-11 00:45:00+00:00,0.06776,0.06802,0.06774,0.06784,354020.0
2025-09-11 01:00:00+00:00,0.06784,0.06791,0.06773,0.06789,338432.0
2025-09-11 01:15:00+00:00,0.06789,0.06827,0.06782,0.068,1208716.0
2025-09-11 01:30:00+00:00,0.068,0.06811,0.06775,0.06797,1035826.0
2025-09-11 01:45:00+00:00,0.06794,0.06819,0.06786,0.06818,240002.0
2025-09-11 02:00:00+00:00,0.06817,0.0683,0.06807,0.06816,446508.0
2025-09-11 02:15:00+00:00,0.06817,0.06817,0.0678,0.068,638689.0
2025-09-11 02:30:00+00:00,0.06799,0.06818,0.06784,0.06808,302591.0
2025-09-11 02:45:00+00:00,0.06807,0.06827,0.06779,0.06779,534755.0
2025-09-11 03:00:00+00:00,0.06779,0.06805,0.06779,0.06803,561094.0
2025-09-11 03:15:00+00:00,0.06801,0.06813,0.06791,0.06791,256257.0
2025-09-11 03:30:00+00:00,0.06792,0.06802,0.0678,0.06786,775624.0
2025-09-11 03:45:00+00:00,0.06786,0.06816,0.06786,0.06806,2061954.0
2025-09-11 04:00:00+00:00,0.06807,0.06818,0.06791,0.06801,1153959.0
2025-09-11 04:15:00+00:00,0.06802,0.06817,0.06795,0.06795,313674.0
2025-09-11 04:30:00+00:00,0.06794,0.06798,0.06762,0.06787,933126.0
2025-09-11 04:45:00+00:00,0.06786,0.06791,0.06777,0.06786,145120.0
2025-09-11 05:00:00+00:00,0.06787,0.06787,0.06741,0.06741,380306.0
2025-09-11 05:15:00+00:00,0.06742,0.06754,0.06741,0.06749,631018.0
2025-09-11 05:30:00+00:00,0.06749,0.06755,0.06726,0.0675,627825.0
2025-09-11 05:45:00+00:00,0.0675,0.06756,0.06733,0.06749,357661.0
2025-09-11 06:00:00+00:00,0.06748,0.0675,0.06722,0.06724,614930.0
2025-09-11 06:15:00+00:00,0.06724,0.06759,0.06724,0.06754,301424.0
2025-09-11 06:30:00+00:00,0.06754,0.06819,0.06754,0.06809,1772714.0
2025-09-11 06:45:00+00:00,0.0681,0.06811,0.06789,0.06805,423448.0
2025-09-11 07:00:00+00:00,0.06805,0.06805,0.06751,0.06778,1052190.0
2025-09-11 07:15:00+00:00,0.06774,0.06812,0.06773,0.06795,687235.0
2025-09-11 07:30:00+00:00,0.06797,0.06799,0.06763,0.0678,306831.0
2025-09-11 07:45:00+00:00,0.06778,0.06785,0.06765,0.06779,264661.0
2025-09-11 08:00:00+00:00,0.06777,0.06781,0.06761,0.06774,232282.0
2025-09-11 08:15:00+00:00,0.06773,0.06775,0.06751,0.06762,262249.0
2025-09-11 08:30:00+00:00,0.06759,0.06768,0.0675,0.06755,455200.0
2025-09-11 08:45:00+00:00,0.06755,0.06769,0.0675,0.06764,462908.0
2025-09-11 09:00:00+00:00,0.06764,0.06765,0.06738,0.06739,744133.0
2025-09-11 09:15:00+00:00,0.06738,0.06757,0.06731,0.06756,361420.0
2025-09-11 09:30:00+00:00,0.06756,0.06756,0.0673,0.06743,337860.0
2025-09-11 09:45:00+00:00,0.06742,0.06747,0.06734,0.0674,107560.0
2025-09-11 10:00:00+00:00,0.06737,0.06738,0.06684,0.06724,1052637.0
2025-09-11 10:15:00+00:00,0.06724,0.06727,0.06671,0.06685,1153612.0
2025-09-11 10:30:00+00:00,0.06684,0.06703,0.06678,0.06696,503289.0
2025-09-11 10:45:00+00:00,0.06696,0.06706,0.06687,0.06705,481006.0
2025-09-11 11:00:00+00:00,0.06703,0.06706,0.06684,0.06696,420206.0
2025-09-11 11:15:00+00:00,0.06695,0.06701,0.06679,0.06682,330432.0
2025-09-11 11:30:00+00:00,0.06682,0.06689,0.06657,0.06661,782925.0
2025-09-11 11:45:00+00:00,0.06662,0.06663,0.06607,0.06617,1514458.0
2025-09-11 12:00:00+00:00,0.0662,0.06659,0.06598,0.06643,1391918.0
2025-09-11 12:15:00+00:00,0.06642,0.06674,0.06635,0.06674,863051.0
2025-09-11 12:30:00+00:00,0.06674,0.06679,0.06512,0.06623,3871062.0
2025-09-11 12:45:00+00:00,0.06627,0.06674,0.06616,0.06648,1021603.0
2025-09-11 13:00:00+00:00,0.06648,0.06652,0.06574,0.06588,1533366.0
2025-09-11 13:15:00+00:00,0.06583,0.06618,0.06577,0.06607,447878.0
2025-09-11 13:30:00+00:00,0.0661,0.06643,0.06596,0.06596,591480.0
2025-09-11 13:45:00+00:00,0.06599,0.06608,0.0657,0.06604,979110.0
2025-09-11 14:00:00+00:00,0.06603,0.06631,0.0656,0.06571,611082.0
2025-09-11 14:15:00+00:00,0.06571,0.06574,0.06533,0.06561,779049.0
2025-09-11 14:30:00+00:00,0.06561,0.06596,0.06559,0.06586,285524.0
2025-09-11 14:45:00+00:00,0.06586,0.0659,0.06572,0.06578,209119.0
2025-09-11 15:00:00+00:00,0.06578,0.06606,0.0656,0.06572,897285.0
2025-09-11 15:15:00+00:00,0.06572,0.06609,0.06572,0.06578,977720.0
2025-09-11 15:30:00+00:00,0.06578,0.06611,0.06575,0.06605,926478.0
2025-09-11 15:45:00+00:00,0.06604,0.06609,0.06575,0.06598,533085.0
2025-09-11 16:00:00+00:00,0.06598,0.06672,0.06598,0.06619,1727240.0
2025-09-11 16:15:00+00:00,0.06619,0.06632,0.06583,0.06599,821339.0
2025-09-11 16:30:00+00:00,0.06598,0.06617,0.06576,0.06614,543125.0
2025-09-11 16:45:00+00:00,0.06612,0.06612,0.06585,0.0659,332178.0
2025-09-11 17:00:00+00:00,0.06593,0.06615,0.06575,0.06613,432902.0
2025-09-11 17:15:00+00:00,0.06614,0.06618,0.06591,0.06591,150333.0
2025-09-11 17:30:00+00:00,0.06592,0.06619,0.06588,0.06611,334813.0
2025-09-11 17:45:00+00:00,0.06612,0.06628,0.06607,0.06624,463916.0
2025-09-11 18:00:00+00:00,0.06623,0.06638,0.06615,0.06629,435111.0
2025-09-11 18:15:00+00:00,0.06629,0.06634,0.06608,0.06634,440731.0
2025-09-11 18:30:00+00:00,0.06634,0.06634,0.06607,0.0663,207404.0
2025-09-11 18:45:00+00:00,0.0663,0.06632,0.06617,0.06625,102438.0
2025-09-11 19:00:00+00:00,0.06625,0.06636,0.06613,0.06617,261754.0
2025-09-11 19:15:00+00:00,0.06617,0.0664,0.06615,0.06634,237623.0
2025-09-11 19:30:00+00:00,0.06634,0.0665,0.06634,0.0665,196595.0
2025-09-11 19:45:00+00:00,0.0665,0.0666,0.06641,0.06648,167165.0
2025-09-11 20:00:00+00:00,0.06648,0.0666,0.06644,0.06644,225262.0
2025-09-11 20:15:00+00:00,0.06645,0.06656,0.06644,0.06653,186992.0
2025-09-11 20:30:00+00:00,0.06651,0.06655,0.06638,0.06642,258129.0
2025-09-11 20:45:00+00:00,0.06642,0.06655,0.06642,0.06652,190426.0
2025-09-11 21:00:00+00:00,0.06652,0.06687,0.0665,0.06679,348260.0
2025-09-11 21:15:00+00:00,0.06678,0.06678,0.06655,0.06661,378980.0
2025-09-11 21:30:00+00:00,0.06662,0.06681,0.06661,0.06674,177161.0
2025-09-11 21:45:00+00:00,0.06675,0.06704,0.06668,0.06698,473321.0
2025-09-11 22:00:00+00:00,0.06696,0.06697,0.06673,0.06677,500579.0
2025-09-11 22:15:00+00:00,0.06678,0.06697,0.06674,0.06696,380268.0
2025-09-11 22:30:00+00:00,0.06696,0.06696,0.0668,0.06685,320822.0
2025-09-11 22:45:00+00:00,0.06686,0.06695,0.06685,0.06685,133743.0
2025-09-11 23:00:00+00:00,0.06684,0.06704,0.06683,0.06702,331050.0
2025-09-11 23:15:00+00:00,0.06703,0.06724,0.067,0.06718,380044.0
2025-09-11 23:30:00+00:00,0.06716,0.06718,0.06704,0.06711,250555.0
2025-09-11 23:45:00+00:00,0.06712,0.06722,0.067,0.06706,655666.0
2025-09-12 00:00:00+00:00,0.06708,0.06722,0.06669,0.06677,1084474.0
2025-09-12 00:15:00+00:00,0.06677,0.06708,0.0667,0.067,456456.0
2025-09-12 00:30:00+00:00,0.06699,0.06748,0.06699,0.06737,412619.0
2025-09-12 00:45:00+00:00,0.06738,0.06758,0.06725,0.06736,770686.0
2025-09-12 01:00:00+00:00,0.06735,0.06741,0.06728,0.06734,298568.0
2025-09-12 01:15:00+00:00,0.06733,0.06755,0.06726,0.06734,572851.0
2025-09-12 01:30:00+00:00,0.06735,0.06735,0.06707,0.0672,570012.0
2025-09-12 01:45:00+00:00,0.0672,0.0672,0.067,0.06703,178759.0
2025-09-12 02:00:00+00:00,0.06704,0.0672,0.06702,0.06713,201409.0
2025-09-12 02:15:00+00:00,0.06713,0.06729,0.06711,0.06722,114938.0
2025-09-12 02:30:00+00:00,0.06722,0.06747,0.06721,0.06729,370416.0
2025-09-12 02:45:00+00:00,0.0673,0.06732,0.06715,0.06726,143757.0
2025-09-12 03:00:00+00:00,0.06724,0.06729,0.06715,0.06716,215887.0
2025-09-12 03:15:00+00:00,0.06715,0.06721,0.06705,0.06711,524214.0
2025-09-12 03:30:00+00:00,0.06711,0.06711,0.0669,0.06702,296650.0
2025-09-12 03:45:00+00:00,0.06703,0.06724,0.067,0.06724,103525.0
2025-09-12 04:00:00+00:00,0.06723,0.06724,0.06704,0.06712,312350.0
2025-09-12 04:15:00+00:00,0.06713,0.06739,0.06711,0.06734,371203.0
2025-09-12 04:30:00+00:00,0.06735,0.06742,0.06727,0.06735,461610.0
2025-09-12 04:45:00+00:00,0.06736,0.06743,0.06734,0.0674,125341.0
2025-09-12 05:00:00+00:00,0.0674,0.0674,0.06712,0.06722,471727.0
2025-09-12 05:15:00+00:00,0.06722,0.06744,0.06722,0.06731,243495.0
2025-09-12 05:30:00+00:00,0.06731,0.06755,0.06721,0.06749,446591.0
2025-09-12 05:45:00+00:00,0.06749,0.06772,0.06742,0.06765,456570.0
2025-09-12 06:00:00+00:00,0.06765,0.06775,0.06748,0.06753,519967.0
2025-09-12 06:15:00+00:00,0.06753,0.06756,0.06732,0.06733,390780.0
2025-09-12 06:30:00+00:00,0.06735,0.06742,0.06717,0.06722,362892.0
2025-09-12 06:45:00+00:00,0.06723,0.06729,0.06711,0.06719,491028.0
2025-09-12 07:00:00+00:00,0.06719,0.0675,0.06717,0.06747,315311.0
2025-09-12 07:15:00+00:00,0.06746,0.06759,0.06736,0.06739,541371.0
2025-09-12 07:30:00+00:00,0.0674,0.06741,0.06684,0.06708,1311471.0
2025-09-12 07:45:00+00:00,0.06706,0.06717,0.06699,0.06712,427177.0
2025-09-12 08:00:00+00:00,0.06712,0.06716,0.0668,0.06689,773667.0
2025-09-12 08:15:00+00:00,0.06688,0.06705,0.06667,0.06685,878524.0
2025-09-12 08:30:00+00:00,0.06686,0.06691,0.06675,0.06687,260738.0
2025-09-12 08:45:00+00:00,0.06688,0.06698,0.06685,0.06691,249993.0
2025-09-12 09:00:00+00:00,0.06693,0.06707,0.06684,0.06706,700943.0
2025-09-12 09:15:00+00:00,0.06704,0.06706,0.06673,0.06682,160565.0
2025-09-12 09:30:00+00:00,0.06681,0.06692,0.06668,0.06668,291724.0
2025-09-12 09:45:00+00:00,0.0667,0.06679,0.06636,0.06655,415092.0
2025-09-12 10:00:00+00:00,0.06655,0.06655,0.06626,0.0664,640962.0
2025-09-12 10:15:00+00:00,0.0664,0.0666,0.06631,0.06649,509619.0
2025-09-12 10:30:00+00:00,0.06648,0.06688,0.06648,0.06675,379187.0
2025-09-12 10:45:00+00:00,0.06676,0.06714,0.06668,0.06697,636889.0
2025-09-12 11:00:00+00:00,0.06696,0.06731,0.06679,0.06725,761123.0
2025-09-12 11:15:00+00:00,0.06724,0.06761,0.06721,0.06744,1073470.0
2025-09-12 11:30:00+00:00,0.06743,0.06756,0.06711,0.06712,852862.0
2025-09-12 11:45:00+00:00,0.06712,0.06714,0.06664,0.06675,473556.0
2025-09-12 12:00:00+00:00,0.06675,0.06682,0.06639,0.06657,889660.0
2025-09-12 12:15:00+00:00,0.06658,0.06717,0.06657,0.06706,617964.0
2025-09-12 12:30:00+00:00,0.06709,0.06715,0.0669,0.06713,579314.0
2025-09-12 12:45:00+00:00,0.06712,0.06743,0.06706,0.06743,346729.0
2025-09-12 13:00:00+00:00,0.06742,0.06794,0.06729,0.06775,2065942.0
2025-09-12 13:15:00+00:00,0.06774,0.0683,0.06764,0.06771,1205824.0
2025-09-12 13:30:00+00:00,0.06772,0.06785,0.06748,0.06772,1381527.0
2025-09-12 13:45:00+00:00,0.06772,0.06788,0.06754,0.06777,592183.0
2025-09-12 14:00:00+00:00,0.06774,0.068,0.06762,0.06772,761316.0
2025-09-12 14:15:00+00:00,0.06773,0.06804,0.0676,0.06772,865236.0
2025-09-12 14:30:00+00:00,0.06772,0.06777,0.0671,0.06717,944317.0
2025-09-12 14:45:00+00:00,0.06719,0.06752,0.06719,0.06745,537072.0
2025-09-12 15:00:00+00:00,0.06746,0.06752,0.06704,0.06708,543581.0
2025-09-12 15:15:00+00:00,0.06708,0.06717,0.06684,0.06705,1152959.0
2025-09-12 15:30:00+00:00,0.06705,0.0673,0.06701,0.06721,639799.0
2025-09-12 15:45:00+00:00,0.06722,0.06744,0.06722,0.06735,159951.0
2025-09-12 16:00:00+00:00,0.06737,0.06767,0.06735,0.06767,457005.0
2025-09-12 16:15:00+00:00,0.06767,0.06771,0.06754,0.06764,323368.0
2025-09-12 16:30:00+00:00,0.06765,0.06777,0.06735,0.06747,678443.0
2025-09-12 16:45:00+00:00,0.06746,0.06778,0.06743,0.06776,242899.0
2025-09-12 17:00:00+00:00,0.06778,0.06786,0.06762,0.06774,483779.0
2025-09-12 17:15:00+00:00,0.06771,0.06795,0.06756,0.06787,448856.0
2025-09-12 17:30:00+00:00,0.0679,0.06797,0.06777,0.06777,1228755.0
2025-09-12 17:45:00+00:00,0.0678,0.06801,0.06777,0.06801,746919.0
2025-09-12 18:00:00+00:00,0.06801,0.06834,0.06799,0.06808,1523992.0
2025-09-12 18:15:00+00:00,0.06808,0.06809,0.06789,0.06804,773458.0
2025-09-12 18:30:00+00:00,0.06804,0.06835,0.06804,0.06823,504795.0
2025-09-12 18:45:00+00:00,0.06822,0.06822,0.06801,0.06817,447729.0
2025-09-12 19:00:00+00:00,0.06817,0.06833,0.06811,0.06812,370391.0
2025-09-12 19:15:00+00:00,0.06813,0.06831,0.06805,0.06827,392944.0
2025-09-12 19:30:00+00:00,0.06827,0.06834,0.06817,0.06828,322234.0
2025-09-12 19:45:00+00:00,0.06832,0.06864,0.06832,0.06853,732348.0
2025-09-12 20:00:00+00:00,0.06852,0.06865,0.06827,0.06838,948373.0
2025-09-12 20:15:00+00:00,0.06838,0.06838,0.06804,0.06823,448084.0
2025-09-12 20:30:00+00:00,0.06824,0.06843,0.06821,0.06835,364286.0
2025-09-12 20:45:00+00:00,0.06833,0.06855,0.06833,0.06848,300590.0
2025-09-12 21:00:00+00:00,0.06848,0.06853,0.06815,0.06835,608001.0
2025-09-12 21:15:00+00:00,0.06835,0.06846,0.06831,0.06837,215424.0
2025-09-12 21:30:00+00:00,0.06836,0.06842,0.06815,0.06827,658584.0
2025-09-12 21:45:00+00:00,0.06826,0.06839,0.06826,0.06836,76508.0
2025-09-12 22:00:00+00:00,0.06839,0.06874,0.06838,0.06866,497266.0
2025-09-12 22:15:00+00:00,0.06867,0.06903,0.06866,0.06896,732626.0
2025-09-12 22:30:00+00:00,0.06894,0.069,0.06876,0.06876,603536.0
2025-09-12 22:45:00+00:00,0.06875,0.06883,0.06851,0.06877,1270224.0
2025-09-12 23:00:00+00:00,0.06875,0.06892,0.06846,0.06867,1678473.0
2025-09-12 23:15:00+00:00,0.06865,0.06881,0.06849,0.0688,628418.0
2025-09-12 23:30:00+00:00,0.06879,0.06887,0.06858,0.06869,591255.0
2025-09-12 23:45:00+00:00,0.06867,0.06884,0.06867,0.06883,190676.0
2025-09-13 00:00:00+00:00,0.06882,0.06889,0.06835,0.06863,1503585.0
2025-09-13 00:15:00+00:00,0.06862,0.06874,0.06846,0.0685,378951.0
2025-09-13 00:30:00+00:00,0.06851,0.06889,0.0685,0.06889,630839.0
2025-09-13 00:45:00+00:00,0.06888,0.06897,0.06877,0.0689,411044.0
2025-09-13 01:00:00+00:00,0.06894,0.06918,0.06893,0.06905,450129.0
2025-09-13 01:15:00+00:00,0.06904,0.06923,0.06902,0.06913,302709.0
2025-09-13 01:30:00+00:00,0.06912,0.06919,0.06878,0.06887,511934.0
2025-09-13 01:45:00+00:00,0.06887,0.06889,0.06857,0.06871,799795.0
2025-09-13 02:00:00+00:00,0.0687,0.06903,0.0686,0.06901,556045.0
2025-09-13 02:15:00+00:00,0.06899,0.06899,0.06884,0.06897,220803.0
2025-09-13 02:30:00+00:00,0.06897,0.0692,0.06895,0.06917,550148.0
2025-09-13 02:45:00+00:00,0.06916,0.0693,0.06899,0.06903,233410.0
2025-09-13 03:00:00+00:00,0.06902,0.06922,0.06882,0.069,684683.0
2025-09-13 03:15:00+00:00,0.06899,0.06917,0.06886,0.06917,521702.0
2025-09-13 03:30:00+00:00,0.06917,0.06917,0.06884,0.06903,651293.0
2025-09-13 03:45:00+00:00,0.06903,0.06914,0.06897,0.06904,204910.0
2025-09-13 04:00:00+00:00,0.06905,0.06915,0.06893,0.06909,643299.0
2025-09-13 04:15:00+00:00,0.0691,0.06914,0.06876,0.06899,580381.0
2025-09-13 04:30:00+00:00,0.06898,0.06903,0.06876,0.06879,743016.0
2025-09-13 04:45:00+00:00,0.06881,0.06897,0.0686,0.0687,436795.0
2025-09-13 05:00:00+00:00,0.0687,0.06896,0.06864,0.06868,629070.0
2025-09-13 05:15:00+00:00,0.06866,0.06887,0.06841,0.06879,683890.0
2025-09-13 05:30:00+00:00,0.06878,0.06881,0.06863,0.06875,470065.0
2025-09-13 05:45:00+00:00,0.06877,0.06882,0.0686,0.06879,264728.0
2025-09-13 06:00:00+00:00,0.0688,0.06896,0.06874,0.06877,272861.0
2025-09-13 06:15:00+00:00,0.06876,0.06882,0.06858,0.06868,262956.0
2025-09-13 06:30:00+00:00,0.06868,0.06885,0.06847,0.06861,538067.0
2025-09-13 06:45:00+00:00,0.0686,0.06868,0.06826,0.06868,1066235.0
2025-09-13 07:00:00+00:00,0.06869,0.0688,0.06858,0.06866,559695.0
2025-09-13 07:15:00+00:00,0.06867,0.0687,0.06852,0.06862,402715.0
2025-09-13 07:30:00+00:00,0.0686,0.06873,0.06855,0.06873,553188.0
2025-09-13 07:45:00+00:00,0.0687,0.06874,0.0685,0.0686,349407.0
2025-09-13 08:00:00+00:00,0.0686,0.06885,0.06857,0.06881,420756.0
2025-09-13 08:15:00+00:00,0.06881,0.06905,0.0688,0.0689,524107.0
2025-09-13 08:30:00+00:00,0.0689,0.06919,0.06889,0.06914,524407.0
2025-09-13 08:45:00+00:00,0.06914,0.06996,0.06908,0.06966,2448378.0
2025-09-13 09:00:00+00:00,0.06966,0.06966,0.06928,0.06945,1161485.0
2025-09-13 09:15:00+00:00,0.06945,0.06969,0.06938,0.06968,462292.0
2025-09-13 09:30:00+00:00,0.06967,0.07025,0.06965,0.06976,1851963.0
2025-09-13 09:45:00+00:00,0.06976,0.06986,0.0696,0.06985,396840.0
2025-09-13 10:00:00+00:00,0.06983,0.06993,0.06961,0.06985,599421.0
2025-09-13 10:15:00+00:00,0.06985,0.0703,0.06985,0.07022,1068217.0
2025-09-13 10:30:00+00:00,0.07018,0.07046,0.06985,0.07029,1413629.0
2025-09-13 10:45:00+00:00,0.07029,0.07031,0.06998,0.07009,983294.0
2025-09-13 11:00:00+00:00,0.0701,0.07026,0.06973,0.06979,1170245.0
2025-09-13 11:15:00+00:00,0.06981,0.0707,0.06969,0.07045,1522811.0
2025-09-13 11:30:00+00:00,0.07043,0.07058,0.07034,0.07046,848281.0
2025-09-13 11:45:00+00:00,0.07047,0.07066,0.07001,0.07008,1923995.0
2025-09-13 12:00:00+00:00,0.0701,0.07047,0.0699,0.07028,2410230.0
2025-09-13 12:15:00+00:00,0.07033,0.07043,0.0701,0.07022,1262243.0
2025-09-13 12:30:00+00:00,0.07021,0.07021,0.06995,0.07012,378047.0
2025-09-13 12:45:00+00:00,0.07012,0.07048,0.07012,0.07042,461641.0
2025-09-13 13:00:00+00:00,0.07039,0.07041,0.06994,0.07015,503277.0
2025-09-13 13:15:00+00:00,0.07014,0.07052,0.06994,0.07044,614059.0
2025-09-13 13:30:00+00:00,0.07043,0.07054,0.07003,0.07051,796733.0
2025-09-13 13:45:00+00:00,0.07049,0.0707,0.06857,0.07018,3899564.0
2025-09-13 14:00:00+00:00,0.07018,0.07018,0.06936,0.06961,2137298.0
2025-09-13 14:15:00+00:00,0.06955,0.07015,0.06954,0.06998,842465.0
2025-09-13 14:30:00+00:00,0.06997,0.07003,0.06968,0.06986,675511.0
2025-09-13 14:45:00+00:00,0.06985,0.0702,0.06975,0.06994,512736.0
2025-09-13 15:00:00+00:00,0.06994,0.07036,0.06994,0.07025,575833.0
2025-09-13 15:15:00+00:00,0.07023,0.07031,0.06958,0.06978,843092.0
2025-09-13 15:30:00+00:00,0.06982,0.06984,0.0692,0.06953,1374529.0
2025-09-13 15:45:00+00:00,0.06953,0.06967,0.06934,0.06954,398924.0
2025-09-13 16:00:00+00:00,0.06955,0.06985,0.06934,0.0695,796591.0
2025-09-13 16:15:00+00:00,0.06952,0.06955,0.06918,0.06926,847682.0
2025-09-13 16:30:00+00:00,0.06924,0.06949,0.06889,0.06924,1358569.0
2025-09-13 16:45:00+00:00,0.06924,0.06928,0.06876,0.06901,704667.0
2025-09-13 17:00:00+00:00,0.06901,0.0692,0.06809,0.06815,1468626.0
2025-09-13 17:15:00+00:00,0.06819,0.06905,0.06808,0.06892,822723.0
2025-09-13 17:30:00+00:00,0.06891,0.0693,0.06888,0.06914,417206.0
2025-09-13 17:45:00+00:00,0.06912,0.06945,0.06912,0.06938,251877.0
2025-09-13 18:00:00+00:00,0.06937,0.06937,0.06899,0.06918,700978.0
2025-09-13 18:15:00+00:00,0.06918,0.06927,0.06896,0.06923,184480.0
2025-09-13 18:30:00+00:00,0.06923,0.06929,0.0688,0.06904,619629.0
2025-09-13 18:45:00+00:00,0.06904,0.06921,0.06899,0.06921,272619.0
2025-09-13 19:00:00+00:00,0.0692,0.06932,0.06908,0.06925,320969.0
2025-09-13 19:15:00+00:00,0.06923,0.06932,0.06907,0.06926,371851.0
2025-09-13 19:30:00+00:00,0.06925,0.06944,0.06925,0.06937,184652.0
2025-09-13 19:45:00+00:00,0.06938,0.06952,0.06938,0.06942,107916.0
2025-09-13 20:00:00+00:00,0.06941,0.06986,0.0694,0.06981,391201.0
2025-09-13 20:15:00+00:00,0.06981,0.06981,0.06967,0.06971,187911.0
2025-09-13 20:30:00+00:00,0.06972,0.06981,0.06953,0.06957,381593.0
2025-09-13 20:45:00+00:00,0.06957,0.06981,0.06957,0.06976,120331.0
2025-09-13 21:00:00+00:00,0.06977,0.06987,0.06968,0.0698,150333.0
2025-09-13 21:15:00+00:00,0.06979,0.07016,0.06975,0.07015,485084.0
2025-09-13 21:30:00+00:00,0.07014,0.0702,0.06981,0.07002,1381665.0
2025-09-13 21:45:00+00:00,0.07002,0.07002,0.0699,0.06994,155489.0
2025-09-13 22:00:00+00:00,0.06994,0.07008,0.06986,0.07006,146582.0
2025-09-13 22:15:00+00:00,0.07007,0.07007,0.06986,0.07002,224008.0
2025-09-13 22:30:00+00:00,0.07002,0.07014,0.06985,0.06995,275127.0
2025-09-13 22:45:00+00:00,0.06997,0.07057,0.06993,0.07056,505964.0
2025-09-13 23:00:00+00:00,0.07051,0.07099,0.0703,0.07036,1025763.0
2025-09-13 23:15:00+00:00,0.07037,0.07101,0.07028,0.07089,1086059.0
2025-09-13 23:30:00+00:00,0.07087,0.07102,0.0707,0.07089,646838.0
2025-09-13 23:45:00+00:00,0.07088,0.07191,0.07088,0.0716,2686211.0
2025-09-14 00:00:00+00:00,0.07159,0.07168,0.07099,0.071,1440076.0
2025-09-14 00:15:00+00:00,0.071,0.07132,0.07091,0.07104,989621.0
2025-09-14 00:30:00+00:00,0.07104,0.07129,0.07072,0.07101,701899.0
2025-09-14 00:45:00+00:00,0.07101,0.07386,0.0705,0.07317,11116668.0
2025-09-14 01:00:00+00:00,0.07315,0.07364,0.07228,0.0733,11829346.0
2025-09-14 01:15:00+00:00,0.07331,0.07374,0.0729,0.07292,6004721.0
2025-09-14 01:30:00+00:00,0.07292,0.07348,0.07269,0.07308,3011044.0
2025-09-14 01:45:00+00:00,0.07315,0.07449,0.07284,0.07346,6440051.0
2025-09-14 02:00:00+00:00,0.07345,0.07345,0.07229,0.0731,5444620.0
2025-09-14 02:15:00+00:00,0.07312,0.07326,0.07272,0.07306,1780384.0
2025-09-14 02:30:00+00:00,0.07306,0.07308,0.0725,0.07273,1289507.0
2025-09-14 02:45:00+00:00,0.07271,0.0732,0.07252,0.07268,2573459.0
2025-09-14 03:00:00+00:00,0.07272,0.07279,0.0724,0.07254,1098917.0
2025-09-14 03:15:00+00:00,0.07255,0.07315,0.07221,0.07297,1912699.0
2025-09-14 03:30:00+00:00,0.07296,0.07317,0.07241,0.07268,2668131.0
2025-09-14 03:45:00+00:00,0.07268,0.07321,0.07255,0.07316,1405907.0
2025-09-14 04:00:00+00:00,0.07315,0.07343,0.07233,0.07245,3182355.0
2025-09-14 04:15:00+00:00,0.07244,0.07252,0.07129,0.07217,7136571.0
2025-09-14 04:30:00+00:00,0.07216,0.07269,0.07203,0.07262,1366929.0
2025-09-14 04:45:00+00:00,0.07263,0.0729,0.0724,0.07268,1345541.0
2025-09-14 05:00:00+00:00,0.07272,0.07312,0.07262,0.0729,1344891.0
2025-09-14 05:15:00+00:00,0.07292,0.07307,0.07264,0.07286,876585.0
2025-09-14 05:30:00+00:00,0.07286,0.07293,0.07246,0.07259,719963.0
2025-09-14 05:45:00+00:00,0.0726,0.07273,0.07236,0.07253,700693.0
2025-09-14 06:00:00+00:00,0.07254,0.07255,0.07184,0.07208,1601960.0
2025-09-14 06:15:00+00:00,0.07208,0.07223,0.07153,0.07164,1389609.0
2025-09-14 06:30:00+00:00,0.07164,0.07167,0.07077,0.07108,3429961.0
2025-09-14 06:45:00+00:00,0.0711,0.07119,0.07063,0.07085,1966254.0
2025-09-14 07:00:00+00:00,0.07081,0.07308,0.07051,0.07286,8819730.0
2025-09-14 07:15:00+00:00,0.07289,0.07309,0.07215,0.07229,2110209.0
2025-09-14 07:30:00+00:00,0.07225,0.07327,0.07225,0.07305,4766100.0
2025-09-14 07:45:00+00:00,0.07299,0.07323,0.0728,0.07301,1421469.0
2025-09-14 08:00:00+00:00,0.07295,0.07319,0.07232,0.07252,3384878.0
2025-09-14 08:15:00+00:00,0.07255,0.07259,0.07223,0.07231,1706513.0
2025-09-14 08:30:00+00:00,0.07231,0.07303,0.07222,0.07249,1589144.0
2025-09-14 08:45:00+00:00,0.07254,0.07273,0.0722,0.07222,1203954.0
2025-09-14 09:00:00+00:00,0.07222,0.07222,0.07158,0.07181,2162763.0
2025-09-14 09:15:00+00:00,0.0718,0.07253,0.07162,0.0721,1274232.0
2025-09-14 09:30:00+00:00,0.07207,0.07244,0.07201,0.07225,752841.0
2025-09-14 09:45:00+00:00,0.07228,0.07242,0.072,0.07236,826893.0
2025-09-14 10:00:00+00:00,0.07235,0.07236,0.07203,0.07206,670195.0
2025-09-14 10:15:00+00:00,0.07207,0.0724,0.07204,0.07215,1062239.0
2025-09-14 10:30:00+00:00,0.07214,0.07237,0.07206,0.07209,511082.0
2025-09-14 10:45:00+00:00,0.07208,0.07244,0.07203,0.0722,1002364.0
2025-09-14 11:00:00+00:00,0.07217,0.0723,0.07171,0.07199,1331679.0
2025-09-14 11:15:00+00:00,0.07197,0.07197,0.0707,0.07071,3386239.0
2025-09-14 11:30:00+00:00,0.07076,0.07091,0.07,0.07044,4637575.0
2025-09-14 11:45:00+00:00,0.07045,0.07087,0.06936,0.06977,3379529.0
2025-09-14 12:00:00+00:00,0.06983,0.07034,0.06983,0.07019,2326673.0
2025-09-14 12:15:00+00:00,0.07019,0.07055,0.07017,0.07037,955212.0
2025-09-14 12:30:00+00:00,0.07037,0.07042,0.06941,0.06964,2180422.0
2025-09-14 12:45:00+00:00,0.06966,0.07019,0.06951,0.07007,1322683.0
2025-09-14 13:00:00+00:00,0.07007,0.07047,0.06985,0.07043,1077167.0
2025-09-14 13:15:00+00:00,0.07044,0.07053,0.07005,0.07012,1662010.0
2025-09-14 13:30:00+00:00,0.07013,0.07046,0.06992,0.0701,1548690.0
2025-09-14 13:45:00+00:00,0.07007,0.07007,0.06908,0.06945,2270888.0
2025-09-14 14:00:00+00:00,0.06948,0.07013,0.06948,0.06995,1894196.0
2025-09-14 14:15:00+00:00,0.06995,0.06996,0.06933,0.06967,967652.0
2025-09-14 14:30:00+00:00,0.06967,0.06986,0.06921,0.06924,1438939.0
2025-09-14 14:45:00+00:00,0.06928,0.06945,0.06861,0.06936,3540093.0
2025-09-14 15:00:00+00:00,0.06935,0.06943,0.06848,0.06895,2344022.0
2025-09-14 15:15:00+00:00,0.06897,0.06942,0.06891,0.06926,1330567.0
2025-09-14 15:30:00+00:00,0.06922,0.06985,0.06897,0.06956,1693020.0
2025-09-14 15:45:00+00:00,0.06957,0.06983,0.06952,0.06978,935553.0
2025-09-14 16:00:00+00:00,0.06978,0.07081,0.06969,0.0707,2210449.0
2025-09-14 16:15:00+00:00,0.0707,0.07129,0.07064,0.07129,2567092.0
2025-10-08 03:00:00+00:00,0.06148,0.0615,0.06105,0.06113,586530.0
2025-10-08 03:15:00+00:00,0.06113,0.06124,0.05978,0.0602,2869251.0
2025-10-08 03:30:00+00:00,0.06018,0.06364,0.05988,0.06152,19362041.0
2025-10-08 03:45:00+00:00,0.06153,0.06565,0.06096,0.0617,37868022.0
2025-10-08 04:00:00+00:00,0.0617,0.071,0.06122,0.06891,68159264.0
2025-10-08 04:15:00+00:00,0.0689,0.0694,0.06596,0.06816,15295174.0
2025-10-08 04:30:00+00:00,0.06812,0.0689,0.06729,0.0682,6982333.0
2025-10-08 04:45:00+00:00,0.06819,0.06962,0.06807,0.069,7342419.0
2025-10-08 05:00:00+00:00,0.069,0.06995,0.06732,0.06748,11753391.0
2025-10-08 05:15:00+00:00,0.06747,0.06905,0.0672,0.0679,8317991.0
2025-10-08 05:30:00+00:00,0.06791,0.06857,0.06665,0.06726,6937894.0
2025-10-08 05:45:00+00:00,0.06728,0.07095,0.06714,0.06906,26023017.0
2025-10-08 06:00:00+00:00,0.06905,0.0696,0.06768,0.06916,9268916.0
2025-10-08 06:15:00+00:00,0.0692,0.06939,0.06835,0.06901,5399489.0
2025-10-08 06:30:00+00:00,0.06896,0.06896,0.06779,0.06794,3490249.0
2025-10-08 06:45:00+00:00,0.06795,0.06881,0.06779,0.06802,3657695.0
2025-10-08 07:00:00+00:00,0.06801,0.06894,0.06734,0.06788,6242068.0
2025-10-08 07:15:00+00:00,0.0679,0.06805,0.0671,0.06764,6825763.0
2025-10-08 07:30:00+00:00,0.06768,0.06776,0.06678,0.06717,5188680.0
2025-10-08 07:45:00+00:00,0.06717,0.06821,0.06709,0.06817,3924463.0
2025-10-08 08:00:00+00:00,0.06819,0.06881,0.06704,0.06717,9537236.0
2025-10-08 08:15:00+00:00,0.06716,0.06732,0.0645,0.06539,13307290.0
2025-10-08 08:30:00+00:00,0.06543,0.06629,0.06519,0.06583,6613507.0
2025-10-08 08:45:00+00:00,0.06583,0.06598,0.06535,0.06583,2986923.0
2025-10-08 09:00:00+00:00,0.06584,0.06596,0.06507,0.06569,6585097.0
2025-10-08 09:15:00+00:00,0.06571,0.06575,0.06416,0.06467,5582258.0
2025-10-08 09:30:00+00:00,0.06465,0.06591,0.06417,0.0657,6107858.0
2025-10-08 09:45:00+00:00,0.06569,0.06569,0.0652,0.06528,1399070.0
2025-10-08 10:00:00+00:00,0.06533,0.06594,0.06529,0.06569,2264915.0
2025-10-08 10:15:00+00:00,0.0657,0.06582,0.06531,0.06566,1417764.0
2025-10-08 10:30:00+00:00,0.0657,0.06598,0.06562,0.06583,1128314.0
2025-10-08 10:45:00+00:00,0.06581,0.06583,0.06536,0.06556,1509836.0
2025-10-08 11:00:00+00:00,0.06552,0.06594,0.06528,0.06554,3260391.0
2025-10-08 11:15:00+00:00,0.06554,0.06557,0.06485,0.06521,2448784.0
2025-10-08 11:30:00+00:00,0.06521,0.06566,0.0651,0.06518,2070707.0
2025-10-08 11:45:00+00:00,0.06518,0.0662,0.0651,0.0655,6267295.0
2025-10-08 12:00:00+00:00,0.06549,0.06566,0.06504,0.06544,1934892.0
2025-10-08 12:15:00+00:00,0.06545,0.06572,0.06497,0.0655,3199071.0
2025-10-08 12:30:00+00:00,0.06558,0.06558,0.06499,0.06527,1044470.0
2025-10-08 12:45:00+00:00,0.06527,0.06542,0.06512,0.06527,1405167.0
2025-10-08 13:00:00+00:00,0.06527,0.06571,0.06505,0.06567,1945606.0
2025-10-08 13:15:00+00:00,0.06564,0.06582,0.06523,0.06534,1334307.0
2025-10-08 13:30:00+00:00,0.06535,0.06561,0.06365,0.0644,9890520.0
2025-10-08 13:45:00+00:00,0.06436,0.06457,0.06381,0.06447,2263462.0
2025-10-08 14:00:00+00:00,0.06447,0.06512,0.06445,0.06467,3115673.0
2025-10-08 14:15:00+00:00,0.06467,0.06496,0.06449,0.06472,1053255.0
2025-10-08 14:30:00+00:00,0.06472,0.06691,0.0647,0.06678,9300524.0
2025-10-08 14:45:00+00:00,0.06674,0.0672,0.06592,0.06637,5476612.0
2025-10-08 15:00:00+00:00,0.06641,0.06773,0.06636,0.06763,9797160.0
2025-10-08 15:15:00+00:00,0.06763,0.06859,0.06705,0.06753,8443502.0
2025-10-08 15:30:00+00:00,0.06755,0.07045,0.06705,0.07012,14393382.0
2025-10-08 15:45:00+00:00,0.07009,0.0713,0.06859,0.07086,14147746.0
2025-10-08 16:00:00+00:00,0.07079,0.075,0.07037,0.0739,47573806.0
2025-10-08 16:15:00+00:00,0.07394,0.07394,0.07042,0.07122,26269982.0
2025-10-08 16:30:00+00:00,0.07117,0.07218,0.07032,0.07077,11507529.0
2025-10-08 16:45:00+00:00,0.07078,0.07278,0.07078,0.07222,7175146.0
2025-10-08 17:00:00+00:00,0.07219,0.07499,0.07149,0.07341,16169860.0
2025-10-08 17:15:00+00:00,0.07339,0.07404,0.07113,0.07132,10301806.0
2025-10-08 17:30:00+00:00,0.07134,0.07169,0.07048,0.0711,8667609.0
2025-10-08 17:45:00+00:00,0.07112,0.07211,0.07094,0.07142,5955504.0
2025-10-08 18:00:00+00:00,0.07141,0.07157,0.07057,0.07062,4423792.0
2025-10-08 18:15:00+00:00,0.07064,0.07121,0.06953,0.06982,8363629.0
2025-10-08 18:30:00+00:00,0.0698,0.07033,0.06958,0.06996,7495966.0
2025-10-08 18:45:00+00:00,0.07,0.07055,0.06961,0.07021,4261667.0
2025-10-08 19:00:00+00:00,0.07025,0.0719,0.06957,0.07086,10594224.0
2025-10-08 19:15:00+00:00,0.07087,0.07134,0.07039,0.07043,4356540.0
2025-10-08 19:30:00+00:00,0.07047,0.07102,0.07011,0.07089,2583652.0
2025-10-08 19:45:00+00:00,0.07089,0.07151,0.07043,0.07054,3513992.0
2025-10-08 20:00:00+00:00,0.07055,0.07149,0.07039,0.07106,5553201.0
2025-10-08 20:15:00+00:00,0.07111,0.07116,0.07064,0.07095,1091836.0
2025-10-08 20:30:00+00:00,0.07095,0.07096,0.0696,0.06982,2764293.0
2025-10-08 20:45:00+00:00,0.06981,0.07012,0.06957,0.06967,2079796.0
2025-10-08 21:00:00+00:00,0.06971,0.07075,0.06944,0.07035,2974330.0
2025-10-08 21:15:00+00:00,0.07034,0.07081,0.07026,0.07061,1773560.0
2025-10-08 21:30:00+00:00,0.07059,0.07068,0.07026,0.07052,1004744.0
2025-10-08 21:45:00+00:00,0.07049,0.07053,0.06963,0.07008,1636170.0
2025-10-08 22:00:00+00:00,0.07008,0.07062,0.07004,0.07032,1250374.0
2025-10-08 22:15:00+00:00,0.07033,0.07074,0.06982,0.0701,2342744.0
2025-10-08 22:30:00+00:00,0.07012,0.07042,0.07008,0.07019,965731.0
2025-10-08 22:45:00+00:00,0.07021,0.07026,0.06974,0.06995,1039750.0
2025-10-08 23:00:00+00:00,0.06996,0.07019,0.06918,0.0693,2866159.0
2025-10-08 23:15:00+00:00,0.06933,0.0696,0.06879,0.06955,3849593.0
2025-10-08 23:30:00+00:00,0.06957,0.06997,0.06941,0.06985,1068875.0
2025-10-08 23:45:00+00:00,0.06986,0.07002,0.06943,0.06976,1154418.0
2025-10-09 00:00:00+00:00,0.06975,0.06983,0.0691,0.06964,2118723.0
2025-10-09 00:15:00+00:00,0.06967,0.07009,0.06913,0.06931,2338552.0
2025-10-09 00:30:00+00:00,0.06928,0.06971,0.06889,0.06953,1644378.0
2025-10-09 00:45:00+00:00,0.06955,0.07,0.06938,0.0695,779902.0
2025-10-09 01:00:00+00:00,0.06949,0.06962,0.06882,0.06915,1490636.0
2025-10-09 01:15:00+00:00,0.06915,0.06942,0.0688,0.069,1603919.0
2025-10-09 01:30:00+00:00,0.06902,0.06954,0.06893,0.0692,1993391.0
2025-10-09 01:45:00+00:00,0.06919,0.0695,0.06903,0.0691,1400119.0
2025-10-09 02:00:00+00:00,0.0691,0.06923,0.06852,0.06886,2955929.0
2025-10-09 02:15:00+00:00,0.06886,0.06897,0.06801,0.06813,4989482.0
2025-10-09 02:30:00+00:00,0.06818,0.06827,0.06701,0.06722,6779192.0
2025-10-09 02:45:00+00:00,0.06723,0.06747,0.06637,0.06651,4689539.0
2025-10-09 03:00:00+00:00,0.06654,0.06758,0.06654,0.06733,3228714.0
2025-10-09 03:15:00+00:00,0.06733,0.06766,0.06674,0.06763,2394482.0
2025-10-09 03:30:00+00:00,0.06763,0.0682,0.06746,0.06796,3219660.0
2025-10-09 03:45:00+00:00,0.06796,0.06824,0.06781,0.06824,1263498.0
2025-10-09 04:00:00+00:00,0.0682,0.06837,0.06757,0.06762,2588080.0
2025-10-09 04:15:00+00:00,0.06763,0.06808,0.06736,0.06795,2796406.0
2025-10-09 04:30:00+00:00,0.06796,0.06806,0.06704,0.06729,2634428.0
2025-10-09 04:45:00+00:00,0.0673,0.06764,0.06726,0.06754,709208.0
2025-10-09 05:00:00+00:00,0.06753,0.0676,0.06683,0.06696,1085810.0
2025-10-09 05:15:00+00:00,0.06697,0.06708,0.06653,0.06679,2398069.0
2025-10-09 05:30:00+00:00,0.06679,0.06722,0.06679,0.06706,1545876.0
2025-10-09 05:45:00+00:00,0.06705,0.06715,0.06597,0.0662,4976306.0
2025-10-09 06:00:00+00:00,0.06621,0.0663,0.06528,0.06545,4575763.0
2025-10-09 06:15:00+00:00,0.06545,0.06617,0.06542,0.06599,2111586.0
2025-10-09 06:30:00+00:00,0.06597,0.06624,0.06566,0.06575,1459696.0
2025-10-09 06:45:00+00:00,0.06574,0.0659,0.0652,0.06532,1418149.0
2025-10-09 07:00:00+00:00,0.06531,0.06568,0.06502,0.06555,2009050.0
2025-10-09 07:15:00+00:00,0.06556,0.06597,0.06531,0.06551,1644399.0
2025-10-09 07:30:00+00:00,0.06551,0.06572,0.0653,0.06565,1223097.0
2025-10-09 07:45:00+00:00,0.06572,0.06624,0.06518,0.06543,1716295.0
2025-10-09 08:00:00+00:00,0.0654,0.06566,0.06512,0.06525,2159452.0
2025-10-09 08:15:00+00:00,0.06528,0.06543,0.06418,0.06425,6027082.0
2025-10-09 08:30:00+00:00,0.0643,0.06457,0.0635,0.0639,4985448.0
2025-10-09 08:45:00+00:00,0.06392,0.06397,0.0627,0.0632,4658571.0
2025-10-09 09:00:00+00:00,0.06321,0.06345,0.06294,0.06321,3460881.0
2025-10-09 09:15:00+00:00,0.0632,0.06346,0.06237,0.06284,2718225.0
2025-10-09 09:30:00+00:00,0.06283,0.06332,0.06262,0.06307,2006541.0
2025-10-09 09:45:00+00:00,0.06307,0.06366,0.06299,0.06341,2156012.0
2025-10-09 10:00:00+00:00,0.06339,0.06381,0.06297,0.06353,3592846.0
2025-10-09 10:15:00+00:00,0.06352,0.06363,0.0627,0.06299,1006676.0
2025-10-09 10:30:00+00:00,0.06299,0.06447,0.06297,0.06401,4453662.0
2025-10-09 10:45:00+00:00,0.06399,0.06418,0.0636,0.06393,2028583.0
2025-10-09 11:00:00+00:00,0.06391,0.06413,0.0638,0.064,1601403.0
2025-10-09 11:15:00+00:00,0.06396,0.06441,0.06391,0.0643,1332352.0
2025-10-09 11:30:00+00:00,0.06428,0.06439,0.06393,0.06421,1498462.0
2025-10-09 11:45:00+00:00,0.06426,0.06581,0.06398,0.06498,3973238.0
2025-10-09 12:00:00+00:00,0.06498,0.0653,0.06461,0.06503,3241969.0
2025-10-09 12:15:00+00:00,0.06503,0.06529,0.06466,0.06478,1389018.0
2025-10-09 12:30:00+00:00,0.06479,0.06528,0.06465,0.06508,2352998.0
2025-10-09 12:45:00+00:00,0.06508,0.06531,0.0647,0.06497,1918283.0
2025-10-09 13:00:00+00:00,0.06496,0.06509,0.06403,0.06423,2820380.0
2025-10-09 13:15:00+00:00,0.06423,0.0658,0.06407,0.06541,3635811.0
2025-10-09 13:30:00+00:00,0.0654,0.06542,0.06452,0.06477,2625269.0
2025-10-09 13:45:00+00:00,0.06481,0.06494,0.06404,0.06414,1915130.0
2025-10-09 14:00:00+00:00,0.06414,0.06442,0.06381,0.06435,2848192.0
2025-10-09 14:15:00+00:00,0.06434,0.06453,0.06356,0.06362,1917038.0
2025-10-09 14:30:00+00:00,0.06361,0.06362,0.06282,0.06299,3134253.0
2025-10-09 14:45:00+00:00,0.06299,0.06367,0.06276,0.0635,1969461.0
2025-10-09 15:00:00+00:00,0.0635,0.06483,0.06348,0.06465,2670252.0
2025-10-09 15:15:00+00:00,0.06469,0.06605,0.06459,0.06471,3558547.0
2025-10-09 15:30:00+00:00,0.06476,0.06494,0.06431,0.06434,1605601.0
2025-10-09 15:45:00+00:00,0.06436,0.06499,0.06436,0.06485,1141679.0
2025-10-09 16:00:00+00:00,0.06485,0.06516,0.06446,0.06474,1963988.0
2025-10-09 16:15:00+00:00,0.06472,0.06608,0.06452,0.06594,2402767.0
2025-10-09 16:30:00+00:00,0.06593,0.06662,0.06547,0.06586,4389228.0
2025-10-09 16:45:00+00:00,0.06587,0.06594,0.0651,0.06533,1468162.0
2025-10-09 17:00:00+00:00,0.06531,0.06612,0.06529,0.06578,1853048.0
2025-10-09 17:15:00+00:00,0.06581,0.06609,0.06558,0.06566,1424541.0
2025-10-09 17:30:00+00:00,0.06567,0.06618,0.06558,0.06578,935901.0
2025-10-09 17:45:00+00:00,0.06577,0.06677,0.06564,0.06671,1489919.0
2025-10-09 18:00:00+00:00,0.06671,0.06708,0.06639,0.06665,1502532.0
2025-10-09 18:15:00+00:00,0.06663,0.06688,0.06536,0.06592,3921970.0
2025-10-09 18:30:00+00:00,0.06591,0.06591,0.06548,0.0656,1315426.0
2025-10-09 18:45:00+00:00,0.0656,0.06562,0.06512,0.06517,1304654.0
2025-10-09 19:00:00+00:00,0.06517,0.06535,0.06491,0.06512,1209481.0
2025-10-09 19:15:00+00:00,0.06512,0.06542,0.06487,0.06536,897579.0
2025-10-09 19:30:00+00:00,0.06537,0.06548,0.06488,0.06505,795701.0
2025-10-09 19:45:00+00:00,0.06504,0.06506,0.06475,0.06485,770281.0
2025-10-09 20:00:00+00:00,0.06492,0.06519,0.06458,0.06462,881749.0
2025-10-09 20:15:00+00:00,0.0646,0.06494,0.06454,0.06481,553711.0
2025-10-09 20:30:00+00:00,0.06479,0.065,0.06478,0.06497,410272.0
2025-10-09 20:45:00+00:00,0.06498,0.06506,0.0645,0.06469,614753.0
2025-10-09 21:00:00+00:00,0.06469,0.06494,0.06454,0.06493,576727.0
2025-10-09 21:15:00+00:00,0.06494,0.06503,0.06463,0.06463,338414.0
2025-10-09 21:30:00+00:00,0.06468,0.06479,0.06451,0.06476,263472.0
2025-10-09 21:45:00+00:00,0.06479,0.06493,0.06476,0.06486,165183.0
2025-10-09 22:00:00+00:00,0.06483,0.06505,0.06477,0.06494,611171.0
2025-10-09 22:15:00+00:00,0.06495,0.06536,0.06491,0.06519,846535.0
2025-10-09 22:30:00+00:00,0.0652,0.06534,0.06498,0.06533,677166.0
2025-10-09 22:45:00+00:00,0.06534,0.06547,0.06518,0.06522,349927.0
2025-10-09 23:00:00+00:00,0.06522,0.06522,0.06501,0.06521,623651.0
2025-10-09 23:15:00+00:00,0.06521,0.06605,0.06512,0.06598,1543141.0
2025-10-09 23:30:00+00:00,0.06598,0.06654,0.06594,0.06638,1806942.0
2025-10-09 23:45:00+00:00,0.06637,0.06649,0.06601,0.06629,2100173.0
2025-10-10 00:00:00+00:00,0.06628,0.06677,0.06598,0.06651,1352977.0
2025-10-10 00:15:00+00:00,0.06651,0.0668,0.06633,0.06679,1030173.0
2025-10-10 00:30:00+00:00,0.06677,0.0676,0.06647,0.06729,1356703.0
2025-10-10 00:45:00+00:00,0.06726,0.06726,0.0668,0.06686,1029142.0
2025-10-10 01:00:00+00:00,0.06686,0.06713,0.06672,0.06708,1019164.0
2025-10-10 01:15:00+00:00,0.06707,0.06708,0.06636,0.06654,1096381.0
2025-10-10 01:30:00+00:00,0.06655,0.06659,0.06604,0.06637,810137.0
2025-10-10 01:45:00+00:00,0.06637,0.06753,0.06628,0.06717,2037988.0
2025-10-10 02:00:00+00:00,0.06716,0.06742,0.06665,0.06712,1997341.0
2025-10-10 02:15:00+00:00,0.06709,0.06722,0.06657,0.06666,997127.0
2025-10-10 02:30:00+00:00,0.06665,0.06684,0.06637,0.0665,1194706.0
2025-10-10 02:45:00+00:00,0.06651,0.06652,0.06569,0.06581,2370046.0
2025-10-10 03:00:00+00:00,0.06581,0.06585,0.06507,0.06541,2215615.0
2025-10-10 03:15:00+00:00,0.06541,0.06605,0.06534,0.06604,1147284.0
2025-10-10 03:30:00+00:00,0.06606,0.06643,0.06606,0.06633,1257410.0
2025-10-10 03:45:00+00:00,0.06636,0.06649,0.06569,0.06577,1463472.0
2025-10-10 04:00:00+00:00,0.06576,0.06775,0.06562,0.06761,3055640.0
2025-10-10 04:15:00+00:00,0.06761,0.06761,0.06671,0.06674,1208208.0
2025-10-10 04:30:00+00:00,0.06675,0.06688,0.06651,0.06666,867062.0
2025-10-10 04:45:00+00:00,0.06664,0.06686,0.06643,0.0668,563751.0
2025-10-10 05:00:00+00:00,0.06679,0.06683,0.06609,0.06647,1099344.0
2025-10-10 05:15:00+00:00,0.06645,0.06693,0.06645,0.06686,473595.0
2025-10-10 05:30:00+00:00,0.06686,0.06688,0.06434,0.06552,8626598.0
2025-10-10 05:45:00+00:00,0.06551,0.06569,0.06495,0.06542,2988299.0
2025-10-10 06:00:00+00:00,0.06541,0.06567,0.06531,0.06531,1438656.0
2025-10-10 06:15:00+00:00,0.06532,0.06542,0.06483,0.06485,1727873.0
2025-10-10 06:30:00+00:00,0.06484,0.06563,0.0648,0.06522,1671418.0
2025-10-10 06:45:00+00:00,0.06521,0.06567,0.06519,0.06547,1268653.0
2025-10-10 07:00:00+00:00,0.06547,0.06577,0.06511,0.06556,1886462.0
2025-10-10 07:15:00+00:00,0.06556,0.06556,0.06463,0.06479,1220756.0
2025-10-10 07:30:00+00:00,0.06478,0.06482,0.06443,0.06472,808261.0
2025-10-10 07:45:00+00:00,0.06471,0.06472,0.06427,0.06439,1089232.0
2025-10-10 08:00:00+00:00,0.06439,0.06466,0.06432,0.06455,815786.0
2025-10-10 08:15:00+00:00,0.06454,0.0649,0.06454,0.06486,463833.0
2025-10-10 08:30:00+00:00,0.06486,0.06487,0.06427,0.06441,570873.0
2025-10-10 08:45:00+00:00,0.06441,0.06487,0.0644,0.06478,251009.0
2025-10-10 09:00:00+00:00,0.06481,0.06492,0.06334,0.06379,4148117.0
2025-10-10 09:15:00+00:00,0.06379,0.06433,0.06351,0.06426,1546183.0
2025-10-10 09:30:00+00:00,0.06426,0.06426,0.06366,0.06372,760604.0
2025-10-10 09:45:00+00:00,0.06374,0.06384,0.06354,0.06367,1155778.0
2025-10-10 10:00:00+00:00,0.06366,0.06394,0.06347,0.06394,1147307.0
2025-10-10 10:15:00+00:00,0.0639,0.06413,0.06371,0.06387,838366.0
2025-10-10 10:30:00+00:00,0.06386,0.06411,0.06372,0.06393,1151371.0
2025-10-10 10:45:00+00:00,0.06393,0.06393,0.06331,0.06365,1534209.0
2025-10-10 11:00:00+00:00,0.06362,0.0639,0.06361,0.0637,890231.0
2025-10-10 11:15:00+00:00,0.06367,0.06394,0.06367,0.0639,571468.0
2025-10-10 11:30:00+00:00,0.06391,0.06436,0.06391,0.06426,921957.0
2025-10-10 11:45:00+00:00,0.06426,0.06434,0.06418,0.06434,319457.0
2025-10-10 12:00:00+00:00,0.06431,0.06474,0.06428,0.06451,1626572.0
2025-10-10 12:15:00+00:00,0.0645,0.06472,0.06417,0.06462,1051034.0
2025-10-10 12:30:00+00:00,0.06462,0.0651,0.0644,0.06454,1619774.0
2025-10-10 12:45:00+00:00,0.06457,0.0647,0.06446,0.06464,429106.0
2025-10-10 13:00:00+00:00,0.06462,0.06475,0.06421,0.06456,1013803.0
2025-10-10 13:15:00+00:00,0.06455,0.06481,0.064,0.06411,1920354.0
2025-10-10 13:30:00+00:00,0.06413,0.0644,0.0639,0.06421,1640084.0
2025-10-10 13:45:00+00:00,0.0642,0.06424,0.06339,0.06397,1519155.0
2025-10-10 14:00:00+00:00,0.06397,0.06447,0.06381,0.06394,1480013.0
2025-10-10 14:15:00+00:00,0.06396,0.06432,0.06351,0.06403,1768630.0
2025-10-10 14:30:00+00:00,0.06403,0.06417,0.06356,0.06369,1162512.0
2025-10-10 14:45:00+00:00,0.06368,0.06382,0.06283,0.0631,1827716.0
2025-10-10 15:00:00+00:00,0.06309,0.06322,0.06181,0.06217,5358884.0
2025-10-10 15:15:00+00:00,0.06216,0.06226,0.05978,0.06088,8088854.0
2025-10-10 15:30:00+00:00,0.06086,0.06089,0.0592,0.06049,7813926.0
2025-10-10 15:45:00+00:00,0.06054,0.06054,0.05937,0.05958,3191104.0
2025-10-10 16:00:00+00:00,0.05957,0.06012,0.0594,0.05977,2618300.0
2025-10-10 16:15:00+00:00,0.05976,0.06008,0.05911,0.05971,2474581.0
2025-10-10 16:30:00+00:00,0.05966,0.06062,0.05966,0.06008,1464758.0
2025-10-10 16:45:00+00:00,0.06007,0.0603,0.05967,0.05997,1096086.0
2025-10-10 17:00:00+00:00,0.05997,0.06008,0.05967,0.05972,1600291.0
2025-10-10 17:15:00+00:00,0.05973,0.06003,0.05964,0.06,609983.0
2025-10-10 17:30:00+00:00,0.06,0.06001,0.05905,0.0592,1669022.0
2025-10-10 17:45:00+00:00,0.05918,0.05946,0.05874,0.05896,3439253.0
2025-10-10 18:00:00+00:00,0.05898,0.0592,0.05888,0.05915,949401.0
2025-10-10 18:15:00+00:00,0.05914,0.05936,0.05897,0.05904,646668.0
2025-10-10 18:30:00+00:00,0.05903,0.05922,0.05892,0.05903,765372.0
2025-10-10 18:45:00+00:00,0.05903,0.05934,0.05877,0.05883,866318.0
2025-10-10 19:00:00+00:00,0.05883,0.05904,0.0585,0.05877,1550806.0
2025-10-10 19:15:00+00:00,0.05874,0.05893,0.05757,0.05761,2263428.0
2025-10-10 19:30:00+00:00,0.05772,0.05846,0.05763,0.05829,2886763.0
2025-10-10 19:45:00+00:00,0.0583,0.05852,0.05802,0.0583,1229152.0
2025-10-10 20:00:00+00:00,0.05829,0.05857,0.05821,0.05845,1137171.0
2025-10-10 20:15:00+00:00,0.05845,0.05872,0.05844,0.05864,749886.0
2025-10-10 20:30:00+00:00,0.05862,0.05879,0.05842,0.05864,664763.0
2025-10-10 20:45:00+00:00,0.05865,0.05872,0.05193,0.0536,11876392.0
2025-10-10 21:00:00+00:00,0.05383,0.05464,0.04668,0.04749,16724002.0
2025-10-10 21:15:00+00:00,0.04766,0.04804,0.017,0.03364,45547915.0
2025-10-10 21:30:00+00:00,0.03395,0.03659,0.02373,0.03262,27048985.0
2025-10-10 21:45:00+00:00,0.03262,0.04456,0.0314,0.04234,23433972.0
2025-10-10 22:00:00+00:00,0.04234,0.04327,0.0367,0.03841,26798113.0
2025-10-10 22:15:00+00:00,0.03788,0.0398,0.03461,0.0359,20329521.0
2025-10-10 22:30:00+00:00,0.03592,0.03806,0.03479,0.03689,19475623.0
2025-10-10 22:45:00+00:00,0.03697,0.03994,0.03625,0.03809,9217443.0
2025-10-10 23:00:00+00:00,0.0384,0.04037,0.03762,0.0397,7442081.0
2025-10-10 23:15:00+00:00,0.0397,0.04112,0.03832,0.04001,6377039.0
2025-10-10 23:30:00+00:00,0.04001,0.04141,0.039,0.04109,2865123.0
2025-10-10 23:45:00+00:00,0.0411,0.04121,0.03901,0.0394,3056689.0
2025-10-11 00:00:00+00:00,0.03947,0.04065,0.03851,0.04011,3298190.0
2025-10-11 00:15:00+00:00,0.04012,0.04102,0.03858,0.04075,3796652.0
2025-10-11 00:30:00+00:00,0.04075,0.04101,0.0397,0.04024,3269739.0
2025-10-11 00:45:00+00:00,0.04025,0.04133,0.03923,0.04,2979924.0
2025-10-11 01:00:00+00:00,0.04003,0.04075,0.03907,0.03949,5086728.0
2025-10-11 01:15:00+00:00,0.03949,0.03971,0.03817,0.03852,4291521.0
2025-10-11 01:30:00+00:00,0.0385,0.0392,0.03832,0.03864,3205016.0
2025-10-11 01:45:00+00:00,0.03858,0.03939,0.03858,0.03861,1238850.0
2025-10-11 02:00:00+00:00,0.03861,0.0397,0.03857,0.03953,2205923.0
2025-10-11 02:15:00+00:00,0.03953,0.04006,0.03909,0.03973,2943831.0
2025-10-11 02:30:00+00:00,0.03974,0.04092,0.03973,0.04082,4736681.0
2025-10-11 02:45:00+00:00,0.04083,0.04091,0.04027,0.0405,2632061.0
2025-10-11 03:00:00+00:00,0.04053,0.04072,0.0395,0.03974,2470200.0
2025-10-11 03:15:00+00:00,0.03972,0.04,0.03953,0.03985,4436672.0
2025-10-11 03:30:00+00:00,0.03985,0.0399,0.03918,0.03954,3197155.0
2025-10-11 03:45:00+00:00,0.03954,0.04047,0.0395,0.04017,3659356.0
2025-10-11 04:00:00+00:00,0.0402,0.04044,0.03972,0.03988,2362590.0
2025-10-11 04:15:00+00:00,0.03988,0.04036,0.0398,0.04022,1409049.0
2025-10-11 04:30:00+00:00,0.04022,0.04028,0.03983,0.04024,1477293.0
2025-10-11 04:45:00+00:00,0.04025,0.04085,0.04009,0.04077,1307330.0
2025-10-11 05:00:00+00:00,0.04078,0.04129,0.04057,0.04122,3274771.0
2025-10-11 05:15:00+00:00,0.0412,0.04144,0.04042,0.04049,2435937.0
2025-10-11 05:30:00+00:00,0.04045,0.04083,0.04024,0.04066,1987879.0
2025-10-11 05:45:00+00:00,0.0407,0.04105,0.04052,0.0408,1033227.0
2025-10-11 06:00:00+00:00,0.04077,0.04099,0.04036,0.04083,1371816.0
2025-10-11 06:15:00+00:00,0.04084,0.04113,0.04056,0.041,769122.0
2025-10-11 06:30:00+00:00,0.04104,0.04136,0.04085,0.04092,1388719.0
2025-10-11 06:45:00+00:00,0.04095,0.04111,0.04017,0.04056,1882077.0
2025-10-11 07:00:00+00:00,0.04054,0.04085,0.0402,0.04075,2188857.0
2025-10-11 07:15:00+00:00,0.04074,0.04135,0.04056,0.04103,1798439.0
2025-10-11 07:30:00+00:00,0.04104,0.04128,0.04081,0.04107,1428680.0
2025-10-11 07:45:00+00:00,0.0411,0.04126,0.04064,0.04089,934607.0
2025-10-11 08:00:00+00:00,0.04086,0.04103,0.0406,0.04065,924014.0
2025-10-11 08:15:00+00:00,0.04067,0.04152,0.04067,0.04124,1539651.0
2025-10-11 08:30:00+00:00,0.04125,0.04183,0.04082,0.04171,2581536.0
2025-10-11 08:45:00+00:00,0.04172,0.04221,0.04163,0.04196,1293225.0
2025-10-11 09:00:00+00:00,0.04194,0.04239,0.04189,0.04215,1593086.0
2025-10-11 09:15:00+00:00,0.04215,0.04243,0.0418,0.04222,985697.0
2025-10-11 09:30:00+00:00,0.04223,0.04223,0.04162,0.04181,894279.0
2025-10-11 09:45:00+00:00,0.04179,0.04217,0.04169,0.04199,897204.0
2025-10-11 10:00:00+00:00,0.04198,0.04239,0.04197,0.04233,1091953.0
2025-10-11 10:15:00+00:00,0.04238,0.04278,0.04216,0.04278,870366.0
2025-10-11 10:30:00+00:00,0.04277,0.04303,0.04218,0.04235,1901214.0
2025-10-11 10:45:00+00:00,0.04235,0.04269,0.04229,0.04265,1007601.0
2025-10-11 11:00:00+00:00,0.04272,0.04289,0.0422,0.04248,1358195.0
2025-10-11 11:15:00+00:00,0.04248,0.04281,0.04193,0.04274,2000150.0
2025-10-11 11:30:00+00:00,0.04277,0.04303,0.04252,0.04271,1133445.0
2025-10-11 11:45:00+00:00,0.0427,0.04315,0.04264,0.04294,1005243.0
2025-10-11 12:00:00+00:00,0.04293,0.04302,0.04264,0.0429,1405594.0
2025-10-11 12:15:00+00:00,0.04289,0.04313,0.04267,0.04311,1091625.0
2025-10-11 12:30:00+00:00,0.04309,0.04314,0.0421,0.04254,2130875.0
2025-10-11 12:45:00+00:00,0.04253,0.04257,0.04174,0.04222,1226279.0
2025-10-11 13:00:00+00:00,0.04221,0.04241,0.04181,0.04216,1450293.0
2025-10-11 13:15:00+00:00,0.04221,0.04222,0.0418,0.04199,1251535.0
2025-10-11 13:30:00+00:00,0.04204,0.04216,0.04135,0.04207,1491380.0
2025-10-11 13:45:00+00:00,0.04203,0.04258,0.04195,0.04233,887265.0
2025-10-11 14:00:00+00:00,0.04235,0.04244,0.04187,0.04194,1143984.0
2025-10-11 14:15:00+00:00,0.04195,0.04215,0.04171,0.04196,1078650.0
2025-10-11 14:30:00+00:00,0.04194,0.04228,0.0417,0.04197,788194.0
2025-10-11 14:45:00+00:00,0.04198,0.04255,0.04187,0.04217,1973557.0
2025-10-11 15:00:00+00:00,0.04216,0.04272,0.04214,0.04252,1681710.0
2025-10-11 15:15:00+00:00,0.04252,0.04269,0.04225,0.04236,1564249.0
2025-10-11 15:30:00+00:00,0.04235,0.04254,0.04207,0.04213,1717854.0
2025-10-11 15:45:00+00:00,0.04208,0.04248,0.04203,0.04225,724170.0
2025-10-11 16:00:00+00:00,0.04226,0.04254,0.04203,0.04246,1296030.0
2025-10-11 16:15:00+00:00,0.04245,0.04264,0.04225,0.04237,1196455.0
2025-10-11 16:30:00+00:00,0.04241,0.04244,0.04172,0.04186,2060796.0
2025-10-11 16:45:00+00:00,0.04186,0.04223,0.04177,0.04214,766887.0
2025-10-11 17:00:00+00:00,0.04213,0.0425,0.04209,0.04246,890210.0
2025-10-11 17:15:00+00:00,0.04246,0.04253,0.04221,0.04245,639186.0
2025-10-11 17:30:00+00:00,0.04248,0.04272,0.04236,0.04253,1385954.0
2025-10-11 17:45:00+00:00,0.04253,0.04257,0.04234,0.04254,427010.0
2025-10-11 18:00:00+00:00,0.04254,0.04255,0.04228,0.04228,521384.0
2025-10-11 18:15:00+00:00,0.0423,0.04244,0.04211,0.04213,565767.0
2025-10-11 18:30:00+00:00,0.04214,0.04226,0.04178,0.04186,1853420.0
2025-10-11 18:45:00+00:00,0.04186,0.04195,0.04172,0.04179,858193.0
2025-10-11 19:00:00+00:00,0.04178,0.04184,0.0412,0.04138,1386167.0
2025-10-11 19:15:00+00:00,0.04134,0.04138,0.04053,0.04075,3919530.0
2025-10-11 19:30:00+00:00,0.04079,0.0409,0.04033,0.04045,2559981.0
2025-10-11 19:45:00+00:00,0.04046,0.04062,0.03986,0.04021,2204896.0
2025-10-11 20:00:00+00:00,0.04016,0.04044,0.03978,0.03995,1949853.0
2025-10-11 20:15:00+00:00,0.03997,0.04029,0.03937,0.03971,2593160.0
2025-10-11 20:30:00+00:00,0.03975,0.03975,0.03926,0.03934,1710313.0
2025-10-11 20:45:00+00:00,0.03931,0.03988,0.03889,0.03922,1762458.0
2025-10-11 21:00:00+00:00,0.03919,0.03922,0.03832,0.0388,2469294.0
2025-10-11 21:15:00+00:00,0.03883,0.04007,0.0388,0.03967,2625354.0
2025-10-11 21:30:00+00:00,0.03969,0.03975,0.03922,0.03963,1551320.0
2025-10-11 21:45:00+00:00,0.03964,0.04003,0.03964,0.03971,730404.0
2025-10-11 22:00:00+00:00,0.03971,0.03991,0.03955,0.03972,1137575.0
2025-10-11 22:15:00+00:00,0.03975,0.03998,0.03963,0.03987,2959871.0
2025-10-11 22:30:00+00:00,0.03986,0.04025,0.03976,0.03979,1616521.0
2025-10-11 22:45:00+00:00,0.03978,0.04027,0.03978,0.04012,2112532.0
2025-10-11 23:00:00+00:00,0.0401,0.04029,0.03996,0.04012,1688520.0
2025-10-11 23:15:00+00:00,0.04011,0.04039,0.04006,0.04035,902027.0
2025-10-11 23:30:00+00:00,0.04037,0.04049,0.04025,0.0403,929719.0
2025-10-11 23:45:00+00:00,0.04031,0.04036,0.04016,0.0402,961118.0
2025-10-12 00:00:00+00:00,0.0402,0.0403,0.03985,0.04012,1815300.0
2025-10-12 00:15:00+00:00,0.04012,0.04066,0.04012,0.04024,1262179.0
2025-10-12 00:30:00+00:00,0.04024,0.04098,0.04024,0.04054,1540474.0
2025-10-12 00:45:00+00:00,0.04055,0.04062,0.0399,0.04013,915801.0
2025-10-12 01:00:00+00:00,0.04012,0.04032,0.03996,0.04022,933991.0
2025-10-12 01:15:00+00:00,0.0402,0.0405,0.03986,0.03994,553390.0
2025-10-12 01:30:00+00:00,0.03991,0.04006,0.03971,0.03998,959135.0
2025-10-12 01:45:00+00:00,0.04,0.04023,0.03975,0.03996,943469.0
2025-10-12 02:00:00+00:00,0.03995,0.04007,0.03959,0.03998,1403356.0
2025-10-12 02:15:00+00:00,0.03996,0.04042,0.03985,0.04025,1044778.0
2025-10-12 02:30:00+00:00,0.04025,0.04041,0.03987,0.04009,1252492.0
2025-10-12 02:45:00+00:00,0.04011,0.04019,0.03956,0.03993,864474.0
2025-10-12 03:00:00+00:00,0.03991,0.04046,0.03971,0.04024,1530199.0
2025-10-12 03:15:00+00:00,0.04026,0.04047,0.03998,0.04024,775888.0
2025-10-12 03:30:00+00:00,0.04024,0.04075,0.04023,0.04038,2626576.0
2025-10-12 03:45:00+00:00,0.04036,0.04045,0.04001,0.04001,1022141.0
2025-10-12 04:00:00+00:00,0.04001,0.04041,0.03997,0.04035,1123567.0
2025-10-12 04:15:00+00:00,0.04034,0.04067,0.04034,0.04054,960709.0
2025-10-12 04:30:00+00:00,0.04054,0.0407,0.0404,0.04055,1188197.0
2025-10-12 04:45:00+00:00,0.04055,0.04072,0.04044,0.04061,792898.0
2025-10-12 05:00:00+00:00,0.04058,0.0406,0.04029,0.04052,706643.0
2025-10-12 05:15:00+00:00,0.0405,0.0407,0.04049,0.04059,483604.0
2025-10-12 05:30:00+00:00,0.04059,0.04063,0.04046,0.04053,467858.0
2025-10-12 05:45:00+00:00,0.04053,0.04065,0.04041,0.04041,524381.0
2025-10-12 06:00:00+00:00,0.04041,0.04092,0.04041,0.04079,853093.0
2025-10-12 06:15:00+00:00,0.04079,0.0411,0.04071,0.0409,494801.0
2025-10-12 06:30:00+00:00,0.04091,0.04095,0.04075,0.04095,654649.0
2025-10-12 06:45:00+00:00,0.04096,0.04116,0.04075,0.04086,1149848.0
2025-10-12 07:00:00+00:00,0.04088,0.04106,0.04083,0.04095,1211717.0
2025-10-12 07:15:00+00:00,0.04094,0.04106,0.04073,0.04073,529770.0
2025-10-12 07:30:00+00:00,0.04071,0.04101,0.04057,0.04101,529965.0
2025-10-12 07:45:00+00:00,0.04098,0.04109,0.0408,0.04093,456424.0
2025-10-12 08:00:00+00:00,0.04092,0.04116,0.04091,0.041,720947.0
2025-10-12 08:15:00+00:00,0.041,0.04109,0.04092,0.04098,542332.0
2025-10-12 08:30:00+00:00,0.04096,0.04096,0.04077,0.04087,640480.0
2025-10-12 08:45:00+00:00,0.04085,0.04091,0.0406,0.04064,457932.0
2025-10-12 09:00:00+00:00,0.04065,0.04065,0.04024,0.04053,1115237.0
2025-10-12 09:15:00+00:00,0.0405,0.0408,0.04048,0.04072,634757.0
2025-10-12 09:30:00+00:00,0.04073,0.04081,0.0406,0.04081,412359.0
2025-10-12 09:45:00+00:00,0.0408,0.04127,0.04067,0.04124,588332.0
2025-10-12 10:00:00+00:00,0.04124,0.04142,0.04097,0.04117,1090698.0
2025-10-12 10:15:00+00:00,0.04114,0.04127,0.04095,0.04116,561793.0
2025-10-12 10:30:00+00:00,0.04118,0.04119,0.04092,0.04094,718402.0
2025-10-12 10:45:00+00:00,0.04093,0.04113,0.04087,0.04102,589010.0
2025-10-12 11:00:00+00:00,0.04103,0.04134,0.04102,0.04118,794590.0
2025-10-12 11:15:00+00:00,0.04115,0.04119,0.04092,0.04112,346096.0
2025-10-12 11:30:00+00:00,0.04109,0.04133,0.04098,0.04112,809507.0
2025-10-12 11:45:00+00:00,0.0411,0.0412,0.04104,0.04116,284221.0
2025-10-12 12:00:00+00:00,0.04116,0.04183,0.04116,0.04175,944338.0
2025-10-12 12:15:00+00:00,0.04174,0.04192,0.04156,0.04186,865256.0
2025-10-12 12:30:00+00:00,0.04188,0.04196,0.04153,0.04173,694933.0
2025-10-12 12:45:00+00:00,0.04173,0.04173,0.04133,0.04148,1057105.0
2025-10-12 13:00:00+00:00,0.0415,0.04163,0.04141,0.04149,745447.0
2025-10-12 13:15:00+00:00,0.04146,0.04166,0.04097,0.04125,925428.0
2025-10-12 13:30:00+00:00,0.04127,0.04127,0.04072,0.04105,1276060.0
2025-10-12 13:45:00+00:00,0.04104,0.04106,0.0406,0.04081,673953.0
2025-10-12 14:00:00+00:00,0.04078,0.0412,0.0407,0.04115,924449.0
2025-10-12 14:15:00+00:00,0.04116,0.04138,0.04106,0.0412,1267473.0
2025-10-12 14:30:00+00:00,0.04118,0.04135,0.04084,0.04113,1005834.0
2025-10-12 14:45:00+00:00,0.04112,0.0428,0.04111,0.04222,4497251.0
2025-10-12 15:00:00+00:00,0.04224,0.04308,0.0422,0.04302,3313355.0
2025-10-12 15:15:00+00:00,0.04299,0.04347,0.04279,0.04313,1601824.0
2025-10-12 15:30:00+00:00,0.04313,0.04313,0.04254,0.04275,2107042.0
2025-10-12 15:45:00+00:00,0.04274,0.04325,0.04273,0.04307,1122488.0
2025-10-12 16:00:00+00:00,0.04309,0.04402,0.04293,0.04333,5450218.0
2025-10-12 16:15:00+00:00,0.04332,0.04364,0.04326,0.04354,1104039.0
2025-10-12 16:30:00+00:00,0.04355,0.04377,0.04319,0.04376,1324525.0
2025-10-12 16:45:00+00:00,0.04379,0.04407,0.04332,0.04355,1711189.0
2025-10-12 17:00:00+00:00,0.04354,0.04405,0.04344,0.04399,881158.0
2025-10-12 17:15:00+00:00,0.04397,0.04421,0.04385,0.04401,787020.0
2025-10-12 17:30:00+00:00,0.04406,0.04432,0.04393,0.04424,1482615.0
2025-10-12 17:45:00+00:00,0.04421,0.04445,0.04372,0.04435,1506814.0
2025-10-12 18:00:00+00:00,0.04433,0.04435,0.04378,0.04386,1384405.0
2025-10-12 18:15:00+00:00,0.04388,0.04409,0.04382,0.04407,730810.0
2025-10-12 18:30:00+00:00,0.04402,0.04414,0.04364,0.04367,3147355.0
2025-10-12 18:45:00+00:00,0.04365,0.04387,0.0435,0.04383,605585.0
2025-10-12 19:00:00+00:00,0.04382,0.04431,0.04378,0.04429,731260.0
2025-10-12 19:15:00+00:00,0.04428,0.0444,0.04414,0.04424,699738.0
2025-10-12 19:30:00+00:00,0.04423,0.04433,0.04411,0.04418,655155.0
2025-10-12 19:45:00+00:00,0.04419,0.04437,0.04415,0.04434,243506.0
2025-10-12 20:00:00+00:00,0.04435,0.04458,0.04423,0.04441,1035248.0
2025-10-12 20:15:00+00:00,0.04439,0.04457,0.04427,0.04457,600644.0
2025-10-12 20:30:00+00:00,0.04456,0.04471,0.04442,0.04456,533981.0
2025-10-12 20:45:00+00:00,0.04455,0.04498,0.04431,0.04445,945237.0
2025-10-12 21:00:00+00:00,0.04445,0.04486,0.0443,0.04464,842961.0
2025-10-12 21:15:00+00:00,0.04463,0.04467,0.04396,0.04415,1007825.0
2025-10-12 21:30:00+00:00,0.04414,0.04421,0.04364,0.04394,531537.0
2025-10-12 21:45:00+00:00,0.04394,0.04425,0.04394,0.04425,234560.0
2025-10-12 22:00:00+00:00,0.04425,0.04454,0.04385,0.04411,1179266.0
2025-10-12 22:15:00+00:00,0.04409,0.04432,0.04374,0.0439,1052837.0
2025-10-12 22:30:00+00:00,0.04389,0.0442,0.04373,0.04391,990848.0
2025-10-12 22:45:00+00:00,0.04388,0.04407,0.04373,0.0439,519901.0
2025-10-12 23:00:00+00:00,0.04392,0.04413,0.04368,0.044,1289288.0
2025-10-12 23:15:00+00:00,0.04404,0.04407,0.04367,0.04398,710244.0
2025-10-12 23:30:00+00:00,0.04401,0.04423,0.0439,0.044,516563.0
2025-10-12 23:45:00+00:00,0.04401,0.04425,0.04393,0.04412,468604.0
2025-10-13 00:00:00+00:00,0.04411,0.04411,0.04368,0.04379,845339.0
2025-10-13 00:15:00+00:00,0.04379,0.04435,0.04369,0.04375,1286019.0
2025-10-13 00:30:00+00:00,0.04375,0.04379,0.04314,0.04326,1210359.0
2025-10-13 00:45:00+00:00,0.04326,0.04367,0.0431,0.04352,1096387.0
2025-10-13 01:00:00+00:00,0.04348,0.0437,0.04319,0.04354,1267171.0
2025-10-13 01:15:00+00:00,0.04353,0.04393,0.04348,0.04374,781841.0
2025-10-13 01:30:00+00:00,0.04374,0.04431,0.04374,0.04405,873929.0
2025-10-13 01:45:00+00:00,0.04402,0.04431,0.04396,0.04425,287183.0
2025-10-13 02:00:00+00:00,0.04426,0.0444,0.0438,0.04413,753808.0
2025-10-13 02:15:00+00:00,0.0441,0.04427,0.04389,0.04403,461127.0
2025-10-13 02:30:00+00:00,0.04399,0.04411,0.04379,0.04395,625215.0
2025-10-13 02:45:00+00:00,0.04394,0.04424,0.04387,0.04415,244719.0
2025-10-13 03:00:00+00:00,0.04414,0.04447,0.0441,0.04428,846331.0
2025-10-13 03:15:00+00:00,0.04421,0.04434,0.04379,0.04392,988689.0
2025-10-13 03:30:00+00:00,0.04393,0.04407,0.0437,0.04383,970471.0
2025-10-13 03:45:00+00:00,0.0438,0.04383,0.04358,0.04366,336929.0
2025-10-13 04:00:00+00:00,0.04364,0.04392,0.04364,0.04373,734568.0
2025-10-13 04:15:00+00:00,0.04378,0.04393,0.04356,0.04372,464287.0
2025-10-13 04:30:00+00:00,0.04373,0.04408,0.04371,0.0439,475029.0
2025-10-13 04:45:00+00:00,0.04387,0.04434,0.0438,0.04423,482896.0
2025-10-13 05:00:00+00:00,0.04422,0.04433,0.04383,0.04399,471937.0
2025-10-13 05:15:00+00:00,0.04397,0.04414,0.04381,0.04397,513369.0
2025-10-13 05:30:00+00:00,0.04395,0.04402,0.04379,0.0438,326441.0
2025-10-13 05:45:00+00:00,0.04379,0.04406,0.04375,0.04391,393878.0
2025-10-13 06:00:00+00:00,0.04397,0.04431,0.04365,0.04417,697964.0
2025-10-13 06:15:00+00:00,0.04414,0.04434,0.044,0.04432,291694.0
2025-10-13 06:30:00+00:00,0.04434,0.04461,0.04409,0.04427,1011724.0
2025-10-13 06:45:00+00:00,0.0442,0.04454,0.04395,0.04435,788703.0
2025-10-13 07:00:00+00:00,0.04435,0.04476,0.04428,0.04447,1194118.0
2025-10-13 07:15:00+00:00,0.04443,0.04479,0.04437,0.04469,544572.0
2025-10-13 07:30:00+00:00,0.0447,0.04487,0.04448,0.04461,416358.0
2025-10-13 07:45:00+00:00,0.04457,0.04457,0.044,0.04415,820797.0
2025-10-13 08:00:00+00:00,0.04416,0.04443,0.04406,0.04428,880139.0
2025-10-13 08:15:00+00:00,0.04427,0.04456,0.04427,0.04448,642248.0
2025-10-13 08:30:00+00:00,0.0445,0.04496,0.0444,0.04473,1500790.0
2025-10-13 08:45:00+00:00,0.04475,0.045,0.04455,0.04489,804386.0
2025-10-13 09:00:00+00:00,0.04484,0.04517,0.04452,0.04461,1872247.0
2025-10-13 09:15:00+00:00,0.04462,0.04484,0.04438,0.04456,1069653.0
2025-10-13 09:30:00+00:00,0.0446,0.04494,0.04459,0.04478,771270.0
2025-10-13 09:45:00+00:00,0.04482,0.04505,0.04461,0.04496,865253.0
2025-10-13 10:00:00+00:00,0.04494,0.04503,0.04464,0.04473,683742.0
2025-10-13 10:15:00+00:00,0.04472,0.04473,0.0443,0.04439,1068953.0
2025-10-13 10:30:00+00:00,0.04438,0.0446,0.04406,0.04455,815747.0
2025-10-13 10:45:00+00:00,0.04452,0.04475,0.04446,0.0446,662329.0
2025-10-13 11:00:00+00:00,0.04459,0.0446,0.04358,0.04428,3115816.0
2025-10-13 11:15:00+00:00,0.04427,0.04438,0.04284,0.04284,2133801.0
2025-10-13 11:30:00+00:00,0.04283,0.04399,0.04282,0.04384,1806088.0
2025-10-13 11:45:00+00:00,0.04382,0.04403,0.04361,0.04374,945235.0
2025-10-13 12:00:00+00:00,0.0437,0.04448,0.04331,0.0442,1514495.0
2025-10-13 12:15:00+00:00,0.04416,0.04418,0.04369,0.04401,918588.0
2025-10-13 12:30:00+00:00,0.04399,0.04451,0.04391,0.04417,1119648.0
2025-10-13 12:45:00+00:00,0.04417,0.04434,0.04361,0.04378,902578.0
2025-10-13 13:00:00+00:00,0.0438,0.04411,0.04362,0.04373,1244362.0
2025-10-13 13:15:00+00:00,0.04371,0.04414,0.04358,0.04372,957321.0
2025-10-13 13:30:00+00:00,0.04376,0.04528,0.04369,0.04448,4471625.0
2025-10-13 13:45:00+00:00,0.04451,0.04484,0.04378,0.04452,3132097.0
2025-10-13 14:00:00+00:00,0.04454,0.04469,0.04423,0.04445,2251591.0
2025-10-13 14:15:00+00:00,0.04445,0.0445,0.04365,0.04397,1679505.0
2025-10-13 14:30:00+00:00,0.04395,0.04476,0.04344,0.04436,2237022.0
2025-10-13 14:45:00+00:00,0.0444,0.04448,0.04361,0.04389,1390195.0
2025-10-13 15:00:00+00:00,0.0439,0.04461,0.04388,0.04437,1388465.0
2025-10-13 15:15:00+00:00,0.04435,0.04488,0.04428,0.04436,915571.0
2025-10-13 15:30:00+00:00,0.04439,0.04476,0.04412,0.04414,692271.0
2025-10-13 15:45:00+00:00,0.04419,0.04466,0.04419,0.04446,762417.0
2025-10-13 16:00:00+00:00,0.04448,0.04478,0.04438,0.04455,1028794.0
2025-10-13 16:15:00+00:00,0.0445,0.04474,0.04408,0.04438,1421140.0
2025-10-13 16:30:00+00:00,0.04442,0.04456,0.044,0.0441,1474550.0
2025-10-13 16:45:00+00:00,0.0441,0.04466,0.04392,0.04432,2405690.0
2025-10-13 17:00:00+00:00,0.04432,0.04504,0.04426,0.04436,2677116.0
2025-10-13 17:15:00+00:00,0.04438,0.04468,0.04417,0.04447,1223405.0
2025-10-13 17:30:00+00:00,0.04448,0.04476,0.04426,0.04434,1177487.0
2025-10-13 17:45:00+00:00,0.04437,0.04529,0.04417,0.04529,1076276.0
2025-10-13 18:00:00+00:00,0.04527,0.04535,0.04479,0.04486,1345659.0
2025-10-13 18:15:00+00:00,0.04485,0.04536,0.0448,0.04521,811837.0
2025-10-13 18:30:00+00:00,0.04526,0.04553,0.04496,0.04517,1365109.0
2025-10-13 18:45:00+00:00,0.04517,0.04522,0.04476,0.04494,512638.0
2025-10-13 19:00:00+00:00,0.04495,0.04535,0.04493,0.04521,872201.0
2025-10-13 19:15:00+00:00,0.04519,0.04554,0.04508,0.04537,1606160.0
2025-10-13 19:30:00+00:00,0.04536,0.04581,0.04532,0.04575,1417544.0
2025-10-13 19:45:00+00:00,0.04576,0.04578,0.04528,0.04564,916702.0
2025-10-13 20:00:00+00:00,0.04565,0.04583,0.04555,0.04565,648529.0
2025-10-13 20:15:00+00:00,0.04558,0.04568,0.04548,0.04562,401090.0
2025-10-13 20:30:00+00:00,0.04559,0.04599,0.0454,0.04578,1098931.0
2025-10-13 20:45:00+00:00,0.04577,0.04604,0.04574,0.04603,570835.0
2025-10-13 21:00:00+00:00,0.04601,0.04606,0.04572,0.0458,460774.0
2025-10-13 21:15:00+00:00,0.04576,0.04605,0.04556,0.0456,475183.0
2025-10-13 21:30:00+00:00,0.04561,0.04574,0.0455,0.04554,484151.0
2025-10-13 21:45:00+00:00,0.04559,0.04564,0.04539,0.04551,338584.0
2025-10-13 22:00:00+00:00,0.04548,0.04581,0.04548,0.0458,571218.0
2025-10-13 22:15:00+00:00,0.04579,0.04605,0.04562,0.04565,812887.0
2025-10-13 22:30:00+00:00,0.04564,0.04581,0.04552,0.04563,493371.0
2025-10-13 22:45:00+00:00,0.04562,0.04581,0.04549,0.04561,525184.0
2025-10-13 23:00:00+00:00,0.04562,0.04585,0.04546,0.04578,909876.0
2025-10-13 23:15:00+00:00,0.04581,0.0459,0.0457,0.04577,425664.0
2025-10-13 23:30:00+00:00,0.04578,0.04589,0.04552,0.04575,532544.0
2025-10-13 23:45:00+00:00,0.04576,0.0459,0.04568,0.04581,573501.0
2025-10-14 00:00:00+00:00,0.04585,0.04612,0.04569,0.04586,1159940.0
2025-10-14 00:15:00+00:00,0.04582,0.04607,0.04563,0.04575,744685.0
2025-10-14 00:30:00+00:00,0.04575,0.04595,0.04551,0.04571,916173.0
2025-10-14 00:45:00+00:00,0.04571,0.04571,0.04532,0.0456,482569.0
2025-10-14 01:00:00+00:00,0.04558,0.04565,0.04528,0.04542,917827.0
2025-10-14 01:15:00+00:00,0.04542,0.04565,0.04534,0.04543,537093.0
2025-10-14 01:30:00+00:00,0.04544,0.04555,0.04522,0.04541,552073.0
2025-10-14 01:45:00+00:00,0.0454,0.04551,0.04506,0.04517,698826.0
2025-10-14 02:00:00+00:00,0.04518,0.0452,0.04465,0.04471,1002390.0
2025-10-14 02:15:00+00:00,0.04469,0.04486,0.04449,0.04472,1020968.0
2025-10-14 02:30:00+00:00,0.04472,0.04501,0.04464,0.04467,703239.0
2025-10-14 02:45:00+00:00,0.04471,0.04484,0.04442,0.04448,747146.0
2025-10-14 03:00:00+00:00,0.04442,0.04447,0.04402,0.0441,1712174.0
2025-10-14 03:15:00+00:00,0.04412,0.04434,0.04381,0.04392,930118.0
2025-10-14 03:30:00+00:00,0.04392,0.04431,0.04387,0.04424,689494.0
2025-10-14 03:45:00+00:00,0.04421,0.04446,0.04397,0.04401,492981.0
2025-10-14 04:00:00+00:00,0.04401,0.04422,0.04362,0.04391,551470.0
2025-10-14 04:15:00+00:00,0.04389,0.04433,0.04387,0.04417,460056.0
2025-10-14 04:30:00+00:00,0.04419,0.04419,0.04388,0.0439,820929.0
2025-10-14 04:45:00+00:00,0.04394,0.04406,0.04355,0.04384,1356816.0
2025-10-14 05:00:00+00:00,0.04379,0.04424,0.04368,0.04409,753006.0
2025-10-14 05:15:00+00:00,0.0441,0.04423,0.04366,0.04367,663472.0
2025-10-14 05:30:00+00:00,0.04369,0.0438,0.04296,0.04317,2772125.0
2025-10-14 05:45:00+00:00,0.04317,0.04348,0.04304,0.04328,1075980.0
2025-10-14 06:00:00+00:00,0.04327,0.04365,0.04325,0.04327,1087836.0
2025-10-14 06:15:00+00:00,0.04327,0.04328,0.04277,0.04279,1117049.0
2025-10-14 06:30:00+00:00,0.04284,0.04298,0.04198,0.04204,3814906.0
2025-10-14 06:45:00+00:00,0.04205,0.04244,0.04107,0.04221,4226774.0
2025-10-14 07:00:00+00:00,0.04221,0.04265,0.04199,0.04228,1956762.0
2025-10-14 07:15:00+00:00,0.0423,0.04275,0.04212,0.04243,941527.0
2025-10-14 07:30:00+00:00,0.04242,0.04243,0.04164,0.04198,1285524.0
2025-10-14 07:45:00+00:00,0.04198,0.04215,0.04175,0.04194,1053965.0
2025-10-14 08:00:00+00:00,0.04193,0.04204,0.04151,0.04197,1278575.0
2025-10-14 08:15:00+00:00,0.04197,0.04209,0.04147,0.04207,625794.0
2025-10-14 08:30:00+00:00,0.04207,0.04239,0.04179,0.04229,784251.0
2025-10-14 08:45:00+00:00,0.04225,0.04232,0.04187,0.04193,372916.0
2025-10-14 09:00:00+00:00,0.04189,0.04221,0.04189,0.04194,860069.0
2025-10-14 09:15:00+00:00,0.04192,0.04226,0.04191,0.04209,678554.0
2025-10-14 09:30:00+00:00,0.04207,0.04234,0.04205,0.04217,429700.0
2025-10-14 09:45:00+00:00,0.04215,0.04223,0.0419,0.04212,394944.0
2025-10-14 10:00:00+00:00,0.04207,0.0421,0.04153,0.04168,632966.0
2025-10-14 10:15:00+00:00,0.04166,0.04167,0.04124,0.04149,765202.0
2025-10-14 10:30:00+00:00,0.04149,0.04178,0.04089,0.04149,1783795.0
2025-10-14 10:45:00+00:00,0.04145,0.04184,0.04129,0.0418,343247.0
2025-10-14 11:00:00+00:00,0.0418,0.0424,0.04175,0.04228,1789342.0
2025-10-14 11:15:00+00:00,0.04231,0.04234,0.04209,0.04221,626242.0
2025-10-14 11:30:00+00:00,0.0422,0.04257,0.04209,0.04215,1051805.0
2025-10-14 11:45:00+00:00,0.04215,0.0423,0.04197,0.04207,584600.0
2025-10-14 12:00:00+00:00,0.04208,0.0421,0.04183,0.04202,893877.0
2025-10-14 12:15:00+00:00,0.04201,0.04202,0.04159,0.04173,398156.0
2025-10-14 12:30:00+00:00,0.04171,0.04178,0.04139,0.04151,991210.0
2025-10-14 12:45:00+00:00,0.04153,0.04163,0.04106,0.04136,1306032.0
2025-10-14 13:00:00+00:00,0.04133,0.0416,0.04128,0.04155,1246601.0
2025-10-14 13:15:00+00:00,0.04154,0.0419,0.04133,0.04188,629543.0
2025-10-14 13:30:00+00:00,0.04184,0.04207,0.04108,0.04169,1623179.0
2025-10-14 13:45:00+00:00,0.04169,0.04232,0.04157,0.04207,1470923.0
2025-10-14 14:00:00+00:00,0.04207,0.04255,0.04183,0.04255,927414.0
2025-10-14 14:15:00+00:00,0.04254,0.04298,0.04236,0.0424,1381643.0
2025-10-14 14:30:00+00:00,0.04239,0.04272,0.04199,0.04261,950000.0
2025-10-14 14:45:00+00:00,0.04259,0.04287,0.04227,0.04229,616977.0
2025-10-14 15:00:00+00:00,0.04228,0.04263,0.0422,0.04234,2938348.0
2025-10-14 15:15:00+00:00,0.04234,0.04257,0.04215,0.04246,839005.0
2025-10-14 15:30:00+00:00,0.04245,0.04284,0.04235,0.04274,1382171.0
2025-10-14 15:45:00+00:00,0.04273,0.04335,0.04265,0.04333,1191464.0
2025-10-14 16:00:00+00:00,0.04332,0.04349,0.04304,0.04332,2242531.0
2025-10-14 16:15:00+00:00,0.04336,0.04404,0.04325,0.04354,1616862.0
2025-10-14 16:30:00+00:00,0.04354,0.04363,0.04316,0.04343,1039868.0
2025-10-14 16:45:00+00:00,0.04345,0.0437,0.04308,0.04325,728553.0
2025-10-14 17:00:00+00:00,0.04324,0.0437,0.04272,0.0436,1936180.0
2025-10-14 17:15:00+00:00,0.04358,0.04379,0.04345,0.04355,658271.0
2025-10-14 17:30:00+00:00,0.04353,0.04366,0.04327,0.04355,947746.0
2025-10-14 17:45:00+00:00,0.0436,0.04374,0.04337,0.04342,256509.0
2025-10-14 18:00:00+00:00,0.04343,0.04378,0.04339,0.04375,871957.0
2025-10-14 18:15:00+00:00,0.04374,0.04385,0.04347,0.04349,433541.0
2025-10-14 18:30:00+00:00,0.0435,0.04367,0.04326,0.04335,384373.0
2025-10-14 18:45:00+00:00,0.04333,0.04363,0.0433,0.04344,359775.0
2025-10-14 19:00:00+00:00,0.04344,0.04359,0.04333,0.04357,355552.0
2025-10-14 19:15:00+00:00,0.04356,0.04365,0.04344,0.04351,290183.0
2025-10-14 19:30:00+00:00,0.04349,0.04352,0.04236,0.04246,1304174.0
2025-10-14 19:45:00+00:00,0.04251,0.04319,0.04241,0.04297,742436.0
2025-10-14 20:00:00+00:00,0.04295,0.04322,0.04274,0.04286,395982.0
2025-10-14 20:15:00+00:00,0.04284,0.04331,0.04282,0.04323,2577546.0
2025-10-14 20:30:00+00:00,0.04323,0.04335,0.04314,0.04331,396955.0
2025-10-14 20:45:00+00:00,0.04333,0.04336,0.04327,0.04331,126177.0
2025-10-14 21:00:00+00:00,0.04332,0.04335,0.04294,0.04296,234076.0
2025-10-14 21:15:00+00:00,0.04296,0.04322,0.04294,0.04315,258250.0
2025-10-14 21:30:00+00:00,0.04315,0.04329,0.04307,0.04319,247720.0
2025-10-14 21:45:00+00:00,0.04318,0.04344,0.04311,0.0434,694877.0
2025-10-14 22:00:00+00:00,0.0434,0.04354,0.04321,0.04345,1107328.0
2025-10-14 22:15:00+00:00,0.04344,0.04348,0.0432,0.04323,304530.0
2025-10-14 22:30:00+00:00,0.04323,0.04341,0.04314,0.04329,686580.0
2025-10-14 22:45:00+00:00,0.04327,0.04332,0.04298,0.04322,500983.0
2025-10-14 23:00:00+00:00,0.04321,0.0435,0.04317,0.04343,1006068.0
2025-10-14 23:15:00+00:00,0.04343,0.04349,0.04331,0.04341,433045.0
2025-10-14 23:30:00+00:00,0.04342,0.04352,0.0433,0.04331,412381.0
2025-10-14 23:45:00+00:00,0.0433,0.04347,0.04328,0.04334,363694.0
2025-10-15 00:00:00+00:00,0.04334,0.04347,0.04315,0.04321,634607.0
2025-10-15 00:15:00+00:00,0.04323,0.04334,0.04298,0.04316,876624.0
2025-10-15 00:30:00+00:00,0.04314,0.04334,0.04301,0.04323,585966.0
2025-10-15 00:45:00+00:00,0.04324,0.04338,0.04318,0.04335,388970.0
2025-10-15 01:00:00+00:00,0.04334,0.04339,0.04277,0.04304,1055489.0
2025-10-15 01:15:00+00:00,0.04304,0.04317,0.04282,0.04284,496657.0
2025-10-15 01:30:00+00:00,0.04282,0.04303,0.04273,0.04285,1538884.0
2025-10-15 01:45:00+00:00,0.04287,0.04319,0.04283,0.04311,523260.0
2025-10-15 02:00:00+00:00,0.04313,0.04344,0.04304,0.04335,857903.0
2025-10-15 02:15:00+00:00,0.04337,0.04364,0.04323,0.04362,812488.0
2025-10-15 02:30:00+00:00,0.04359,0.04359,0.04335,0.04341,516424.0
2025-10-15 02:45:00+00:00,0.04341,0.04353,0.04331,0.04334,1002724.0
2025-10-15 03:00:00+00:00,0.04333,0.04343,0.04297,0.04307,781420.0
2025-10-15 03:15:00+00:00,0.04304,0.04317,0.04288,0.04317,569227.0
2025-10-15 03:30:00+00:00,0.04314,0.04317,0.04291,0.04298,389864.0
2025-10-15 03:45:00+00:00,0.04299,0.0431,0.04278,0.04308,268148.0
2025-10-15 04:00:00+00:00,0.04308,0.04313,0.04282,0.04309,671200.0
