timestamp,open,high,low,close,volume
2025-04-17 14:00:00+00:00,0.06631,0.06769,0.063,0.06471,19123237.0
2025-04-17 14:15:00+00:00,0.06471,0.06524,0.06342,0.06396,7694291.0
2025-04-17 14:30:00+00:00,0.06397,0.06442,0.06278,0.06404,8335810.0
2025-04-17 14:45:00+00:00,0.06403,0.06412,0.06202,0.06218,7617808.0
2025-04-17 15:00:00+00:00,0.06219,0.0729,0.06214,0.07191,52680322.0
2025-04-17 15:15:00+00:00,0.07191,0.07334,0.071,0.07301,35606086.0
2025-04-17 15:30:00+00:00,0.07304,0.07422,0.06922,0.07208,50158149.0
2025-04-17 15:45:00+00:00,0.07205,0.0725,0.07055,0.07129,12658050.0
2025-04-17 16:00:00+00:00,0.07129,0.0735,0.07113,0.07171,19131182.0
2025-04-17 16:15:00+00:00,0.07171,0.072,0.07048,0.07104,10633018.0
2025-04-17 16:30:00+00:00,0.07103,0.0728,0.07082,0.07216,8286478.0
2025-04-17 16:45:00+00:00,0.07213,0.07282,0.07151,0.07223,6219375.0
2025-04-17 17:00:00+00:00,0.07223,0.07334,0.07175,0.07226,9420944.0
2025-04-17 17:15:00+00:00,0.07226,0.07236,0.07159,0.07168,4835874.0
2025-04-17 17:30:00+00:00,0.0717,0.073,0.07121,0.07228,7015256.0
2025-04-17 17:45:00+00:00,0.07228,0.07483,0.07209,0.07369,12237374.0
2025-04-17 18:00:00+00:00,0.07366,0.07517,0.07251,0.07394,19286664.0
2025-04-17 18:15:00+00:00,0.07394,0.07411,0.0688,0.07032,26801543.0
2025-04-17 18:30:00+00:00,0.07033,0.07038,0.0677,0.06821,16765745.0
2025-04-17 18:45:00+00:00,0.0682,0.07046,0.067,0.06935,14380341.0
2025-04-17 19:00:00+00:00,0.06934,0.07099,0.0688,0.06905,9645328.0
2025-04-17 19:15:00+00:00,0.06906,0.06997,0.06789,0.0693,10184670.0
2025-04-17 19:30:00+00:00,0.06929,0.06991,0.06841,0.06935,5629996.0
2025-04-17 19:45:00+00:00,0.06937,0.07,0.06917,0.06964,3760288.0
2025-04-17 20:00:00+00:00,0.06963,0.07149,0.06962,0.0699,10289534.0
2025-04-17 20:15:00+00:00,0.06986,0.07047,0.06871,0.06891,8241377.0
2025-04-17 20:30:00+00:00,0.06887,0.06929,0.06815,0.06899,6276100.0
2025-04-17 20:45:00+00:00,0.06898,0.06978,0.06851,0.06942,3396450.0
2025-04-17 21:00:00+00:00,0.06941,0.07066,0.06933,0.06991,7135407.0
2025-04-17 21:15:00+00:00,0.06988,0.07049,0.06958,0.06984,3954575.0
2025-04-17 21:30:00+00:00,0.06983,0.0701,0.06875,0.06881,5210132.0
2025-04-17 21:45:00+00:00,0.06887,0.06947,0.06864,0.06875,2537574.0
2025-04-17 22:00:00+00:00,0.06875,0.06975,0.06739,0.0686,5427464.0
2025-04-17 22:15:00+00:00,0.06854,0.0687,0.06768,0.06799,3760021.0
2025-04-17 22:30:00+00:00,0.06802,0.06854,0.06751,0.0677,2683645.0
2025-04-17 22:45:00+00:00,0.06771,0.06869,0.06763,0.06814,2547892.0
2025-04-17 23:00:00+00:00,0.06818,0.06968,0.06805,0.06931,6587318.0
2025-04-17 23:15:00+00:00,0.06927,0.06933,0.06844,0.06857,1814053.0
2025-04-17 23:30:00+00:00,0.06856,0.06878,0.06769,0.06841,2226146.0
2025-04-17 23:45:00+00:00,0.06841,0.06893,0.06766,0.06886,2571891.0
2025-04-18 00:00:00+00:00,0.06884,0.07086,0.06873,0.0688,6987296.0
2025-04-18 00:15:00+00:00,0.0688,0.06998,0.06812,0.06841,3760052.0
2025-04-18 00:30:00+00:00,0.06839,0.06872,0.06782,0.06795,3111943.0
2025-04-18 00:45:00+00:00,0.06796,0.06823,0.06706,0.06755,3454909.0
2025-04-18 01:00:00+00:00,0.06757,0.06875,0.06756,0.06861,2694909.0
2025-04-18 01:15:00+00:00,0.06862,0.06933,0.06714,0.06781,4107746.0
2025-04-18 01:30:00+00:00,0.06781,0.068,0.06678,0.06698,4070898.0
2025-04-18 01:45:00+00:00,0.06699,0.06709,0.06597,0.06615,4223249.0
2025-04-18 02:00:00+00:00,0.06615,0.06711,0.06602,0.06626,3703525.0
2025-04-18 02:15:00+00:00,0.06626,0.06637,0.06564,0.06614,4043207.0
2025-04-18 02:30:00+00:00,0.06612,0.06693,0.06597,0.06676,1973944.0
2025-04-18 02:45:00+00:00,0.06684,0.06693,0.06615,0.06641,1763478.0
2025-04-18 03:00:00+00:00,0.0664,0.06689,0.06614,0.06662,3314150.0
2025-04-18 03:15:00+00:00,0.06662,0.06897,0.06657,0.06817,9028071.0
2025-04-18 03:30:00+00:00,0.06818,0.06873,0.06707,0.06715,3042110.0
2025-04-18 03:45:00+00:00,0.06718,0.06789,0.06718,0.06735,2399183.0
2025-04-18 04:00:00+00:00,0.06736,0.06739,0.06543,0.06678,7616843.0
2025-04-18 04:15:00+00:00,0.06677,0.06706,0.06573,0.06591,3316300.0
2025-04-18 04:30:00+00:00,0.06588,0.06599,0.06398,0.06451,8428908.0
2025-04-18 04:45:00+00:00,0.06447,0.06452,0.06225,0.06358,7597214.0
2025-04-18 05:00:00+00:00,0.0636,0.06363,0.06086,0.06142,14562316.0
2025-04-18 05:15:00+00:00,0.06142,0.0615,0.05959,0.05985,7836068.0
2025-04-18 05:30:00+00:00,0.05989,0.06,0.05858,0.05977,9071774.0
2025-04-18 05:45:00+00:00,0.05975,0.05998,0.05934,0.05989,4170000.0
2025-04-18 06:00:00+00:00,0.05986,0.06273,0.0598,0.0625,14742128.0
2025-04-18 06:15:00+00:00,0.06241,0.072,0.06238,0.06984,40360878.0
2025-04-18 06:30:00+00:00,0.06983,0.0776,0.0696,0.07282,74971190.0
2025-04-18 06:45:00+00:00,0.07285,0.07569,0.0715,0.07463,41840728.0
2025-04-18 07:00:00+00:00,0.07459,0.07525,0.07208,0.07453,27072601.0
2025-04-18 07:15:00+00:00,0.07448,0.07476,0.07323,0.07409,13090927.0
2025-04-18 07:30:00+00:00,0.0741,0.07579,0.07392,0.07409,15979443.0
2025-04-18 07:45:00+00:00,0.07406,0.07482,0.07305,0.07436,13938167.0
2025-04-18 08:00:00+00:00,0.07434,0.0745,0.07224,0.07327,14035082.0
2025-04-18 08:15:00+00:00,0.0733,0.07603,0.0733,0.07568,23103096.0
2025-04-18 08:30:00+00:00,0.07565,0.082,0.07495,0.07952,55698163.0
2025-04-18 08:45:00+00:00,0.07949,0.0819,0.07862,0.08085,27752748.0
2025-04-18 09:00:00+00:00,0.08086,0.08333,0.08016,0.08087,53907317.0
2025-04-18 09:15:00+00:00,0.08086,0.08203,0.07916,0.07962,28654755.0
2025-04-18 09:30:00+00:00,0.07965,0.08076,0.07882,0.07953,19268191.0
2025-04-18 09:45:00+00:00,0.0795,0.08033,0.07861,0.08014,13453055.0
2025-04-18 10:00:00+00:00,0.08017,0.08025,0.07879,0.07985,14586466.0
2025-04-18 10:15:00+00:00,0.07984,0.08,0.07745,0.07869,24045943.0
2025-04-18 10:30:00+00:00,0.07873,0.07965,0.07755,0.07844,20737554.0
2025-04-18 10:45:00+00:00,0.07847,0.07915,0.07782,0.07912,15238420.0
2025-04-18 11:00:00+00:00,0.07911,0.07911,0.0776,0.0783,14669473.0
2025-04-18 11:15:00+00:00,0.07828,0.07874,0.0768,0.07796,17922355.0
2025-04-18 11:30:00+00:00,0.078,0.07844,0.07715,0.07798,16546437.0
2025-04-18 11:45:00+00:00,0.07796,0.08,0.07742,0.07926,20929541.0
2025-04-18 12:00:00+00:00,0.07927,0.08044,0.07874,0.08003,21515387.0
2025-04-18 12:15:00+00:00,0.08003,0.08057,0.0782,0.0789,22711910.0
2025-04-18 12:30:00+00:00,0.07892,0.08028,0.0781,0.07985,14114933.0
2025-04-18 12:45:00+00:00,0.07986,0.08007,0.07868,0.07919,7138655.0
2025-04-18 13:00:00+00:00,0.0792,0.07925,0.0777,0.07819,11127446.0
2025-04-18 13:15:00+00:00,0.07819,0.07924,0.0777,0.07875,9684265.0
2025-04-18 13:30:00+00:00,0.07878,0.07923,0.07818,0.07825,6837376.0
2025-04-18 13:45:00+00:00,0.07821,0.07903,0.0773,0.07838,10543433.0
2025-04-18 14:00:00+00:00,0.07835,0.07963,0.07817,0.0789,7959279.0
2025-04-18 14:15:00+00:00,0.07891,0.07973,0.07846,0.07875,8920875.0
2025-04-18 14:30:00+00:00,0.07875,0.0794,0.0783,0.07868,8666664.0
2025-04-18 14:45:00+00:00,0.07868,0.07908,0.07811,0.07863,6326498.0
2025-04-18 15:00:00+00:00,0.07864,0.07944,0.0778,0.07897,10241181.0
2025-04-18 15:15:00+00:00,0.07901,0.07988,0.079,0.07955,9698360.0
2025-04-18 15:30:00+00:00,0.07957,0.07992,0.07894,0.07918,7703871.0
2025-04-18 15:45:00+00:00,0.07922,0.07947,0.07834,0.07922,6220416.0
2025-04-18 16:00:00+00:00,0.07921,0.07968,0.0785,0.0787,8398427.0
2025-04-18 16:15:00+00:00,0.07867,0.07948,0.07855,0.07922,5287860.0
2025-04-18 16:30:00+00:00,0.07922,0.088,0.07912,0.08579,87246532.0
2025-04-18 16:45:00+00:00,0.08579,0.089,0.08522,0.08694,45617088.0
2025-04-18 17:00:00+00:00,0.08695,0.08817,0.08621,0.08729,21839080.0
2025-04-18 17:15:00+00:00,0.08729,0.08776,0.08506,0.08634,22837871.0
2025-04-18 17:30:00+00:00,0.08633,0.08746,0.0855,0.0861,14113800.0
2025-04-18 17:45:00+00:00,0.08607,0.08623,0.08427,0.08475,19021543.0
2025-04-18 18:00:00+00:00,0.08475,0.08517,0.084,0.08435,13280366.0
2025-04-18 18:15:00+00:00,0.08436,0.08935,0.08435,0.08824,29228874.0
2025-04-18 18:30:00+00:00,0.08825,0.08888,0.08743,0.08752,17704901.0
2025-04-18 18:45:00+00:00,0.08758,0.09512,0.08723,0.09093,45061355.0
2025-04-18 19:00:00+00:00,0.09091,0.09182,0.08808,0.08894,20641790.0
2025-04-18 19:15:00+00:00,0.08887,0.08936,0.08726,0.08757,11184579.0
2025-04-18 19:30:00+00:00,0.08759,0.0882,0.086,0.08696,9465865.0
2025-04-18 19:45:00+00:00,0.08695,0.08769,0.08607,0.08693,6552932.0
2025-04-18 20:00:00+00:00,0.08692,0.08758,0.08575,0.08711,6837399.0
2025-04-18 20:15:00+00:00,0.08706,0.08897,0.0864,0.08645,7942876.0
2025-04-18 20:30:00+00:00,0.08652,0.08807,0.08644,0.08772,6780526.0
2025-04-18 20:45:00+00:00,0.08772,0.08871,0.0864,0.08703,8034128.0
2025-04-18 21:00:00+00:00,0.087,0.08783,0.08655,0.08685,5042336.0
2025-04-18 21:15:00+00:00,0.08685,0.08814,0.08685,0.08789,3681596.0
2025-04-18 21:30:00+00:00,0.08783,0.09031,0.08771,0.08836,10083524.0
2025-04-18 21:45:00+00:00,0.08836,0.08892,0.08743,0.08845,5200656.0
2025-04-18 22:00:00+00:00,0.08844,0.08852,0.08674,0.0873,6855124.0
2025-04-18 22:15:00+00:00,0.08727,0.08731,0.0859,0.08661,3943761.0
2025-04-18 22:30:00+00:00,0.08662,0.08734,0.08629,0.08691,3184414.0
2025-04-18 22:45:00+00:00,0.08688,0.08826,0.08655,0.08694,4629289.0
2025-04-18 23:00:00+00:00,0.08692,0.08817,0.08656,0.08766,5559479.0
2025-04-18 23:15:00+00:00,0.08765,0.08785,0.08713,0.08765,2320094.0
2025-04-18 23:30:00+00:00,0.08765,0.08769,0.0867,0.08754,2624845.0
2025-04-18 23:45:00+00:00,0.08754,0.08769,0.08628,0.08659,3649770.0
2025-04-19 00:00:00+00:00,0.08658,0.08854,0.08563,0.08817,8571950.0
2025-04-19 00:15:00+00:00,0.08812,0.08812,0.08503,0.0858,8786411.0
2025-04-19 00:30:00+00:00,0.08584,0.08759,0.08583,0.08728,6462467.0
2025-04-19 00:45:00+00:00,0.08728,0.08861,0.08605,0.08717,11025921.0
2025-04-19 01:00:00+00:00,0.0872,0.0881,0.08614,0.08726,6911075.0
2025-04-19 01:15:00+00:00,0.08727,0.09197,0.0868,0.08718,17472965.0
2025-04-19 01:30:00+00:00,0.08722,0.08884,0.08669,0.08766,6551518.0
2025-04-19 01:45:00+00:00,0.08765,0.08973,0.08745,0.08836,8285941.0
2025-04-19 02:00:00+00:00,0.08834,0.08913,0.0874,0.08749,6543789.0
2025-04-19 02:15:00+00:00,0.08752,0.08812,0.08555,0.08613,8949919.0
2025-04-19 02:30:00+00:00,0.08615,0.08669,0.0855,0.08582,5587898.0
2025-04-19 02:45:00+00:00,0.08582,0.08639,0.08463,0.08491,7649558.0
2025-04-19 03:00:00+00:00,0.08491,0.0875,0.08455,0.08701,7689094.0
2025-04-19 03:15:00+00:00,0.08703,0.08797,0.0866,0.08682,4927606.0
2025-04-19 03:30:00+00:00,0.08687,0.08696,0.08592,0.08594,5150829.0
2025-04-19 03:45:00+00:00,0.08596,0.08602,0.0845,0.08463,5084416.0
2025-04-19 04:00:00+00:00,0.08469,0.08542,0.08174,0.08404,19631967.0
2025-04-19 04:15:00+00:00,0.08403,0.086,0.08403,0.08553,6870860.0
2025-04-19 04:30:00+00:00,0.08552,0.089,0.08549,0.08639,18193415.0
2025-04-19 04:45:00+00:00,0.08639,0.08743,0.08611,0.08685,6303102.0
2025-04-19 05:00:00+00:00,0.08687,0.08689,0.08469,0.08482,5990231.0
2025-04-19 05:15:00+00:00,0.08486,0.08687,0.08287,0.08411,12013559.0
2025-04-19 05:30:00+00:00,0.08416,0.08515,0.08373,0.08515,5537287.0
2025-04-19 05:45:00+00:00,0.08508,0.08558,0.0836,0.08377,3943421.0
2025-04-19 06:00:00+00:00,0.08377,0.08473,0.082,0.08282,15248106.0
2025-04-19 06:15:00+00:00,0.08278,0.0836,0.08048,0.0812,13697044.0
2025-04-19 06:30:00+00:00,0.08121,0.08144,0.07978,0.08121,10138543.0
2025-04-19 06:45:00+00:00,0.0812,0.08238,0.08091,0.08165,6464976.0
2025-04-19 07:00:00+00:00,0.08164,0.08302,0.08141,0.08151,7961403.0
2025-04-19 07:15:00+00:00,0.08148,0.08148,0.08001,0.0813,10206887.0
2025-04-19 07:30:00+00:00,0.08125,0.08133,0.08026,0.08073,4385007.0
2025-04-19 07:45:00+00:00,0.08072,0.08345,0.08034,0.08242,5971648.0
2025-04-19 08:00:00+00:00,0.08234,0.0835,0.08103,0.08154,8808434.0
2025-04-19 08:15:00+00:00,0.08156,0.08181,0.0809,0.08162,2447483.0
2025-04-19 08:30:00+00:00,0.08161,0.08195,0.08056,0.08191,3144037.0
2025-04-19 08:45:00+00:00,0.08191,0.0828,0.08163,0.082,3053913.0
2025-04-19 09:00:00+00:00,0.08199,0.0851,0.08146,0.08202,9023354.0
2025-04-19 09:15:00+00:00,0.08203,0.08373,0.08203,0.08291,3107626.0
2025-04-19 09:30:00+00:00,0.08291,0.08413,0.08227,0.08307,3500679.0
2025-04-19 09:45:00+00:00,0.08306,0.08546,0.08303,0.0849,7857299.0
2025-04-19 10:00:00+00:00,0.08489,0.08888,0.08448,0.08729,19910217.0
2025-04-19 10:15:00+00:00,0.08729,0.08773,0.08554,0.0858,6243027.0
2025-04-19 10:30:00+00:00,0.08583,0.08655,0.08486,0.08614,4484749.0
2025-04-19 10:45:00+00:00,0.08612,0.08644,0.0854,0.08554,2313172.0
2025-04-19 11:00:00+00:00,0.08554,0.08641,0.0849,0.08624,3362832.0
2025-04-19 11:15:00+00:00,0.0862,0.08729,0.08585,0.08669,4333506.0
2025-04-19 11:30:00+00:00,0.08668,0.08791,0.08612,0.08722,5766547.0
2025-04-19 11:45:00+00:00,0.08723,0.08781,0.0863,0.08686,4898841.0
2025-04-19 12:00:00+00:00,0.08687,0.08753,0.08604,0.08623,3870055.0
2025-04-19 12:15:00+00:00,0.08622,0.08679,0.0858,0.08619,4070920.0
2025-04-19 12:30:00+00:00,0.08619,0.08629,0.08539,0.08614,2448245.0
2025-04-19 12:45:00+00:00,0.08612,0.08685,0.08549,0.08599,3473270.0
2025-04-19 13:00:00+00:00,0.08599,0.08636,0.08524,0.08576,3302600.0
2025-04-19 13:15:00+00:00,0.08576,0.08595,0.08369,0.08456,7751865.0
2025-04-19 13:30:00+00:00,0.08454,0.0858,0.08439,0.08566,2681163.0
2025-04-19 13:45:00+00:00,0.08565,0.08654,0.08519,0.08561,3219670.0
2025-04-19 14:00:00+00:00,0.08561,0.08628,0.085,0.08608,2928158.0
2025-04-19 14:15:00+00:00,0.08609,0.0869,0.0853,0.08627,4237216.0
2025-04-19 14:30:00+00:00,0.08629,0.08687,0.08453,0.085,6098223.0
2025-04-19 14:45:00+00:00,0.08499,0.087,0.08477,0.08632,9111107.0
2025-04-19 15:00:00+00:00,0.08626,0.08737,0.0857,0.08653,6500272.0
2025-04-19 15:15:00+00:00,0.08653,0.08691,0.08596,0.08631,5179669.0
2025-04-19 15:30:00+00:00,0.0863,0.08724,0.08458,0.08486,7833298.0
2025-04-19 15:45:00+00:00,0.08486,0.08495,0.08309,0.08433,8328242.0
2025-04-19 16:00:00+00:00,0.08431,0.08433,0.08257,0.08319,5518770.0
2025-04-19 16:15:00+00:00,0.08319,0.08373,0.08156,0.08181,7000233.0
2025-04-19 16:30:00+00:00,0.08181,0.08232,0.08106,0.08163,4238316.0
2025-04-19 16:45:00+00:00,0.08159,0.08287,0.08131,0.08193,5069889.0
2025-04-19 17:00:00+00:00,0.08192,0.08232,0.08059,0.08124,6957344.0
2025-04-19 17:15:00+00:00,0.08121,0.0819,0.08014,0.0807,6622176.0
2025-04-19 17:30:00+00:00,0.0807,0.08271,0.08056,0.0817,5820977.0
2025-04-19 17:45:00+00:00,0.08174,0.08375,0.08163,0.08364,4293774.0
2025-04-19 18:00:00+00:00,0.08364,0.08369,0.0818,0.08186,4100745.0
2025-04-19 18:15:00+00:00,0.08185,0.08242,0.08089,0.08212,4367832.0
2025-04-19 18:30:00+00:00,0.08212,0.08234,0.08171,0.0818,1591153.0
2025-04-19 18:45:00+00:00,0.08183,0.08311,0.08159,0.08275,3044546.0
2025-04-19 19:00:00+00:00,0.08279,0.08279,0.0807,0.08112,4219542.0
2025-04-19 19:15:00+00:00,0.08111,0.08149,0.07909,0.08,7636264.0
2025-04-19 19:30:00+00:00,0.08001,0.08188,0.07992,0.0803,4304949.0
2025-04-19 19:45:00+00:00,0.08033,0.08064,0.07964,0.08013,3152440.0
2025-04-19 20:00:00+00:00,0.08017,0.0815,0.07959,0.08028,4495013.0
2025-04-19 20:15:00+00:00,0.08025,0.08081,0.07942,0.07984,3418750.0
2025-04-19 20:30:00+00:00,0.07982,0.0821,0.07907,0.08113,5204883.0
2025-04-19 20:45:00+00:00,0.08113,0.08137,0.08,0.08037,3354328.0
2025-04-19 21:00:00+00:00,0.08035,0.08438,0.08024,0.08252,9206540.0
2025-04-19 21:15:00+00:00,0.08255,0.08307,0.08168,0.08232,3404705.0
2025-04-19 21:30:00+00:00,0.08232,0.08396,0.0816,0.08293,4013453.0
2025-04-19 21:45:00+00:00,0.08294,0.08318,0.0823,0.08304,1437471.0
2025-04-19 22:00:00+00:00,0.08305,0.08329,0.08177,0.08259,2443660.0
2025-04-19 22:15:00+00:00,0.08259,0.0853,0.0822,0.08476,3464366.0
2025-04-19 22:30:00+00:00,0.08475,0.08502,0.08277,0.0833,2081408.0
2025-04-19 22:45:00+00:00,0.08331,0.08379,0.08221,0.08373,2303837.0
2025-04-19 23:00:00+00:00,0.08374,0.08591,0.08358,0.08481,3431086.0
2025-04-19 23:15:00+00:00,0.0849,0.08559,0.08341,0.08349,2628868.0
2025-04-19 23:30:00+00:00,0.08353,0.08489,0.08343,0.08429,1663964.0
2025-04-19 23:45:00+00:00,0.08429,0.08776,0.08419,0.08495,5184019.0
2025-04-20 00:00:00+00:00,0.08496,0.08594,0.08396,0.08512,4375700.0
2025-04-20 00:15:00+00:00,0.08512,0.087,0.08505,0.0868,4202851.0
2025-04-20 00:30:00+00:00,0.08679,0.08679,0.08555,0.08566,2468488.0
2025-04-20 00:45:00+00:00,0.08567,0.0861,0.08431,0.08596,3181592.0
2025-04-20 01:00:00+00:00,0.08595,0.08775,0.08472,0.08714,6657789.0
2025-04-20 01:15:00+00:00,0.08712,0.08887,0.08524,0.08757,8039037.0
2025-04-20 01:30:00+00:00,0.08757,0.08888,0.08679,0.08679,5067009.0
2025-04-20 01:45:00+00:00,0.08678,0.08736,0.08644,0.08701,2567144.0
2025-04-20 02:00:00+00:00,0.08702,0.08766,0.08571,0.08712,3416553.0
2025-04-20 02:15:00+00:00,0.08719,0.08859,0.08648,0.0881,3701732.0
2025-04-20 02:30:00+00:00,0.08812,0.08873,0.08669,0.08761,4208941.0
2025-04-20 02:45:00+00:00,0.08758,0.08882,0.08663,0.08824,4072438.0
2025-04-20 03:00:00+00:00,0.08824,0.08826,0.0867,0.08725,2926134.0
2025-04-20 03:15:00+00:00,0.08726,0.08877,0.08654,0.08844,3873837.0
2025-04-20 03:30:00+00:00,0.08845,0.08888,0.087,0.08822,4535041.0
2025-04-20 03:45:00+00:00,0.08824,0.089,0.08768,0.089,3844433.0
2025-04-20 04:00:00+00:00,0.08896,0.09188,0.08857,0.08921,12390553.0
2025-04-20 04:15:00+00:00,0.08923,0.1114,0.08848,0.10434,41895201.0
2025-04-20 04:30:00+00:00,0.10437,0.10638,0.10081,0.10157,17725471.0
2025-04-20 04:45:00+00:00,0.10168,0.10434,0.09602,0.09857,12380399.0
2025-04-20 05:00:00+00:00,0.09858,0.09921,0.09567,0.09704,7327002.0
2025-04-20 05:15:00+00:00,0.09704,0.09738,0.0934,0.09468,6581187.0
2025-04-20 05:30:00+00:00,0.09468,0.09566,0.09153,0.09378,8630798.0
2025-04-20 05:45:00+00:00,0.09375,0.09675,0.09371,0.09571,6212434.0
2025-04-20 06:00:00+00:00,0.09569,0.09657,0.09379,0.09597,6284049.0
2025-04-20 06:15:00+00:00,0.09594,0.0973,0.09462,0.09462,4384309.0
2025-04-20 06:30:00+00:00,0.09473,0.09726,0.09451,0.09575,4252870.0
2025-04-20 06:45:00+00:00,0.09577,0.09577,0.0934,0.09384,3771583.0
2025-04-20 07:00:00+00:00,0.09384,0.09476,0.092,0.09376,5526617.0
2025-04-20 07:15:00+00:00,0.09374,0.09553,0.09333,0.09479,3932660.0
2025-04-20 07:30:00+00:00,0.09481,0.09514,0.09223,0.09297,3454564.0
2025-04-20 07:45:00+00:00,0.09299,0.0946,0.0923,0.09322,3528494.0
2025-04-20 08:00:00+00:00,0.09323,0.09688,0.09253,0.09454,6758212.0
2025-04-20 08:15:00+00:00,0.09453,0.09688,0.09382,0.09465,6152395.0
2025-04-20 08:30:00+00:00,0.09464,0.09609,0.09343,0.09452,5132308.0
2025-04-20 08:45:00+00:00,0.09451,0.09637,0.09404,0.09557,4021101.0
2025-04-20 09:00:00+00:00,0.09562,0.09649,0.0933,0.09343,5706787.0
2025-04-20 09:15:00+00:00,0.09341,0.0951,0.09075,0.09167,6423677.0
2025-04-20 09:30:00+00:00,0.09177,0.09371,0.09145,0.09267,3462673.0
2025-04-20 09:45:00+00:00,0.09267,0.09301,0.08992,0.09148,3826497.0
2025-04-20 10:00:00+00:00,0.0915,0.0918,0.08985,0.09079,4635529.0
2025-04-20 10:15:00+00:00,0.09081,0.09234,0.08951,0.09128,4586942.0
2025-04-20 10:30:00+00:00,0.09128,0.09257,0.09093,0.0916,2533920.0
2025-04-20 10:45:00+00:00,0.09157,0.09487,0.09129,0.09313,3828988.0
2025-04-20 11:00:00+00:00,0.09311,0.09334,0.0911,0.09244,4385233.0
2025-04-20 11:15:00+00:00,0.09243,0.09382,0.09188,0.09261,2916230.0
2025-04-20 11:30:00+00:00,0.09263,0.09476,0.09261,0.09336,5449132.0
2025-04-20 11:45:00+00:00,0.09338,0.09381,0.09234,0.09309,2336811.0
2025-04-20 12:00:00+00:00,0.09311,0.09358,0.0913,0.09209,3451553.0
2025-04-20 12:15:00+00:00,0.09208,0.09364,0.09175,0.09276,4175103.0
2025-04-20 12:30:00+00:00,0.09281,0.09622,0.09267,0.09524,5978099.0
2025-04-20 12:45:00+00:00,0.09529,0.09814,0.09463,0.09741,8202874.0
2025-04-20 13:00:00+00:00,0.09735,0.1029,0.09705,0.09933,13766091.0
2025-04-20 13:15:00+00:00,0.09935,0.10242,0.09812,0.10211,7050407.0
2025-04-20 13:30:00+00:00,0.10198,0.10243,0.09469,0.09769,14538513.0
2025-04-20 13:45:00+00:00,0.09762,0.09931,0.09707,0.09924,6178417.0
2025-04-20 14:00:00+00:00,0.09917,0.10113,0.09827,0.10047,7152485.0
2025-04-20 14:15:00+00:00,0.10048,0.10168,0.099,0.09997,6966735.0
2025-04-20 14:30:00+00:00,0.09995,0.10041,0.0983,0.09954,4214543.0
2025-04-20 14:45:00+00:00,0.09952,0.09975,0.09751,0.09852,4632014.0
2025-04-20 15:00:00+00:00,0.09854,0.09894,0.09664,0.09778,4395441.0
2025-04-20 15:15:00+00:00,0.09779,0.0999,0.09726,0.09926,4164758.0
2025-04-20 15:30:00+00:00,0.09926,0.10005,0.09898,0.09993,2718345.0
2025-04-20 15:45:00+00:00,0.09993,0.10031,0.09868,0.09923,3002915.0
2025-04-20 16:00:00+00:00,0.0992,0.09922,0.09395,0.0958,5540410.0
2025-04-20 16:15:00+00:00,0.0958,0.09951,0.09512,0.0981,6378585.0
2025-04-20 16:30:00+00:00,0.0981,0.102,0.0981,0.10054,6373526.0
2025-04-20 16:45:00+00:00,0.10058,0.1009,0.09812,0.09841,4421291.0
2025-04-20 17:00:00+00:00,0.09841,0.10117,0.09821,0.10019,3098177.0
2025-04-20 17:15:00+00:00,0.1002,0.10103,0.09987,0.1005,2557114.0
2025-04-20 17:30:00+00:00,0.10049,0.10116,0.09782,0.09805,4104667.0
2025-04-20 17:45:00+00:00,0.09808,0.10099,0.09725,0.10054,3921094.0
2025-04-20 18:00:00+00:00,0.10053,0.10274,0.10043,0.10237,4399799.0
2025-04-20 18:15:00+00:00,0.10235,0.10417,0.10104,0.10381,6396361.0
2025-04-20 18:30:00+00:00,0.10383,0.10688,0.09977,0.1029,24604064.0
2025-04-20 18:45:00+00:00,0.1029,0.10306,0.10043,0.10146,4485721.0
2025-04-20 19:00:00+00:00,0.10142,0.1022,0.10004,0.1004,2986902.0
2025-04-20 19:15:00+00:00,0.10036,0.10084,0.09747,0.09765,6103409.0
2025-04-20 19:30:00+00:00,0.09765,0.09859,0.09711,0.09776,2237599.0
2025-04-20 19:45:00+00:00,0.09776,0.0986,0.09731,0.09752,2279116.0
2025-04-20 20:00:00+00:00,0.09752,0.09821,0.09611,0.0976,2805630.0
2025-04-20 20:15:00+00:00,0.09757,0.09845,0.09704,0.0975,1809724.0
2025-04-20 20:30:00+00:00,0.09751,0.10049,0.09714,0.0994,4517404.0
2025-04-20 20:45:00+00:00,0.09944,0.10429,0.09944,0.10372,9072921.0
2025-04-20 21:00:00+00:00,0.10372,0.10471,0.1019,0.10348,6211041.0
2025-04-20 21:15:00+00:00,0.10354,0.10668,0.10308,0.10597,6588688.0
2025-04-20 21:30:00+00:00,0.10593,0.1068,0.10351,0.10509,6050929.0
2025-04-20 21:45:00+00:00,0.10508,0.10564,0.10414,0.10506,2715615.0
2025-04-20 22:00:00+00:00,0.10505,0.1088,0.10477,0.10837,9669732.0
2025-04-20 22:15:00+00:00,0.10828,0.10998,0.10701,0.1072,8269069.0
2025-04-20 22:30:00+00:00,0.10716,0.10872,0.10545,0.10611,5935635.0
2025-04-20 22:45:00+00:00,0.1061,0.1073,0.10462,0.10714,3397063.0
2025-04-20 23:00:00+00:00,0.10709,0.10858,0.10431,0.1056,6195374.0
2025-04-20 23:15:00+00:00,0.10561,0.10794,0.10553,0.10712,5154124.0
2025-04-20 23:30:00+00:00,0.10712,0.10879,0.10693,0.10742,3395859.0
2025-04-20 23:45:00+00:00,0.10742,0.10743,0.10557,0.10664,3780608.0
2025-04-21 00:00:00+00:00,0.10662,0.10918,0.10518,0.10675,8677041.0
2025-04-21 00:15:00+00:00,0.10675,0.10746,0.10412,0.1071,6196325.0
2025-04-21 00:30:00+00:00,0.10712,0.10753,0.10525,0.10546,4435548.0
2025-04-21 00:45:00+00:00,0.10545,0.10617,0.10483,0.10548,2783461.0
2025-04-21 01:00:00+00:00,0.1055,0.10689,0.1053,0.10661,2862558.0
2025-04-21 01:15:00+00:00,0.10654,0.10998,0.10626,0.10834,7996053.0
2025-04-21 01:30:00+00:00,0.10835,0.10845,0.097,0.09924,20449923.0
2025-04-21 01:45:00+00:00,0.09924,0.10013,0.09649,0.09734,10739893.0
2025-04-21 02:00:00+00:00,0.09734,0.09936,0.09544,0.09894,12180024.0
2025-04-21 02:15:00+00:00,0.09892,0.0994,0.09717,0.09772,5002235.0
2025-04-21 02:30:00+00:00,0.09773,0.10219,0.09742,0.10142,6779809.0
2025-04-21 02:45:00+00:00,0.10142,0.10295,0.09981,0.10029,5588684.0
2025-04-21 03:00:00+00:00,0.10029,0.10177,0.09946,0.10067,3148464.0
2025-04-21 03:15:00+00:00,0.10074,0.10076,0.09902,0.09924,2060494.0
2025-04-21 03:30:00+00:00,0.09927,0.09963,0.09848,0.09912,2537352.0
2025-04-21 03:45:00+00:00,0.09913,0.10158,0.09875,0.10107,3175397.0
2025-04-21 04:00:00+00:00,0.10111,0.1025,0.09885,0.1,4096313.0
2025-04-21 04:15:00+00:00,0.10002,0.10042,0.09896,0.09954,2174229.0
2025-04-21 04:30:00+00:00,0.09953,0.1025,0.09916,0.10096,3198644.0
2025-04-21 04:45:00+00:00,0.10094,0.10364,0.10085,0.10326,4923935.0
2025-04-21 05:00:00+00:00,0.10326,0.106,0.1026,0.10498,5012244.0
2025-04-21 05:15:00+00:00,0.10504,0.10691,0.10379,0.10406,6976329.0
2025-04-21 05:30:00+00:00,0.10406,0.10638,0.10349,0.10578,6346674.0
2025-04-21 05:45:00+00:00,0.10579,0.10626,0.10435,0.10542,4561370.0
2025-04-21 06:00:00+00:00,0.10545,0.11193,0.10286,0.10365,29290396.0
2025-04-21 06:15:00+00:00,0.10365,0.10719,0.10045,0.10205,11625382.0
2025-04-21 06:30:00+00:00,0.10199,0.10474,0.10153,0.1035,4145483.0
2025-04-21 06:45:00+00:00,0.10351,0.1045,0.10176,0.10203,3229242.0
2025-04-21 07:00:00+00:00,0.10203,0.10363,0.1003,0.10147,7288333.0
2025-04-21 07:15:00+00:00,0.1013,0.10211,0.10016,0.10179,6922110.0
2025-04-21 07:30:00+00:00,0.10179,0.10216,0.10104,0.10119,1646159.0
2025-04-21 07:45:00+00:00,0.10119,0.10306,0.10074,0.10116,4061645.0
2025-04-21 08:00:00+00:00,0.10114,0.10132,0.09788,0.0988,9287909.0
2025-04-21 08:15:00+00:00,0.09881,0.1,0.0975,0.09892,4947766.0
2025-04-21 08:30:00+00:00,0.09892,0.0996,0.09799,0.09799,2350610.0
2025-04-21 08:45:00+00:00,0.09801,0.09855,0.09767,0.09828,1864367.0
2025-04-21 09:00:00+00:00,0.09828,0.09868,0.09594,0.09694,4087679.0
2025-04-21 09:15:00+00:00,0.09692,0.09761,0.09617,0.09733,2650659.0
2025-04-21 09:30:00+00:00,0.09728,0.09948,0.09698,0.09893,4222071.0
2025-04-21 09:45:00+00:00,0.09893,0.0991,0.09694,0.09715,2546951.0
2025-04-21 10:00:00+00:00,0.09713,0.09925,0.09666,0.09911,2302870.0
2025-04-21 10:15:00+00:00,0.09916,0.09983,0.09786,0.09839,3065716.0
2025-04-21 10:30:00+00:00,0.09841,0.10483,0.09822,0.10246,8322614.0
2025-04-21 10:45:00+00:00,0.10248,0.10357,0.10153,0.10273,4173006.0
2025-04-21 11:00:00+00:00,0.10273,0.1032,0.10148,0.10191,3557686.0
2025-04-21 11:15:00+00:00,0.10195,0.10428,0.10136,0.10272,4467166.0
2025-04-21 11:30:00+00:00,0.10272,0.10368,0.10244,0.10305,2280212.0
2025-04-21 11:45:00+00:00,0.10298,0.10318,0.10135,0.10167,2028990.0
2025-04-21 12:00:00+00:00,0.10167,0.10288,0.10128,0.10137,3039589.0
2025-04-21 12:15:00+00:00,0.10137,0.10349,0.10119,0.1031,2035618.0
2025-04-21 12:30:00+00:00,0.1031,0.10382,0.10087,0.1021,2723228.0
2025-04-21 12:45:00+00:00,0.1021,0.1024,0.10142,0.10189,1173646.0
2025-04-21 13:00:00+00:00,0.1019,0.10296,0.1015,0.10214,1537153.0
2025-04-21 13:15:00+00:00,0.10217,0.10238,0.101,0.10177,1651450.0
2025-04-21 13:30:00+00:00,0.10176,0.10352,0.10176,0.10312,2592211.0
2025-04-21 13:45:00+00:00,0.10315,0.10369,0.10193,0.10231,2543567.0
2025-04-21 14:00:00+00:00,0.1024,0.10262,0.10123,0.10246,2030609.0
2025-04-21 14:15:00+00:00,0.10239,0.10252,0.10121,0.10229,1957617.0
2025-04-21 14:30:00+00:00,0.1023,0.10239,0.0996,0.10094,4663906.0
2025-04-21 14:45:00+00:00,0.10092,0.10266,0.10016,0.10248,2959780.0
2025-04-21 15:00:00+00:00,0.10248,0.10295,0.10104,0.10224,1600639.0
2025-04-21 15:15:00+00:00,0.10224,0.10568,0.10186,0.10483,3351261.0
2025-04-21 15:30:00+00:00,0.10482,0.1059,0.10339,0.10473,3775336.0
2025-04-21 15:45:00+00:00,0.10479,0.107,0.10479,0.106,4298997.0
2025-04-21 16:00:00+00:00,0.10602,0.10703,0.10531,0.10668,2254517.0
2025-04-21 16:15:00+00:00,0.10662,0.10697,0.10471,0.10583,2563963.0
2025-04-21 16:30:00+00:00,0.10588,0.1067,0.1045,0.10582,2657699.0
2025-04-21 16:45:00+00:00,0.10583,0.10626,0.1021,0.10388,3484865.0
2025-04-21 17:00:00+00:00,0.1039,0.10799,0.10312,0.10489,7336193.0
2025-04-21 17:15:00+00:00,0.10492,0.10566,0.10432,0.10516,1921570.0
2025-04-21 17:30:00+00:00,0.10515,0.10559,0.1045,0.10499,948410.0
2025-04-21 17:45:00+00:00,0.10497,0.10737,0.10461,0.10546,2830421.0
2025-04-21 18:00:00+00:00,0.10555,0.10595,0.10487,0.1056,1107297.0
2025-04-21 18:15:00+00:00,0.1056,0.10595,0.10493,0.10528,842598.0
2025-04-21 18:30:00+00:00,0.10527,0.10627,0.1045,0.10533,1196864.0
2025-04-21 18:45:00+00:00,0.10532,0.10569,0.10457,0.10493,1024699.0
2025-04-21 19:00:00+00:00,0.10495,0.10649,0.10464,0.10557,2194404.0
2025-04-21 19:15:00+00:00,0.10558,0.10605,0.10503,0.10598,658476.0
2025-04-21 19:30:00+00:00,0.10596,0.10611,0.1039,0.10462,1905086.0
2025-04-21 19:45:00+00:00,0.10462,0.10462,0.10228,0.10292,2521483.0
2025-04-21 20:00:00+00:00,0.10297,0.10298,0.10063,0.10151,2912673.0
2025-04-21 20:15:00+00:00,0.10151,0.10236,0.10033,0.10183,2827392.0
2025-04-21 20:30:00+00:00,0.10189,0.10258,0.10128,0.10209,1317740.0
2025-04-21 20:45:00+00:00,0.10209,0.10282,0.10151,0.10261,1559643.0
2025-04-21 21:00:00+00:00,0.10261,0.10262,0.10035,0.10097,1498415.0
2025-04-21 21:15:00+00:00,0.10098,0.10099,0.10033,0.10085,643174.0
2025-04-21 21:30:00+00:00,0.10076,0.1011,0.10012,0.10054,787451.0
2025-04-21 21:45:00+00:00,0.10055,0.10132,0.09991,0.1001,694606.0
2025-04-21 22:00:00+00:00,0.1001,0.1012,0.09985,0.1012,732374.0
2025-04-21 22:15:00+00:00,0.1012,0.10144,0.1008,0.1008,901586.0
2025-04-21 22:30:00+00:00,0.1008,0.1008,0.1001,0.10024,582805.0
2025-04-21 22:45:00+00:00,0.10025,0.10042,0.09983,0.10002,642291.0
2025-04-21 23:00:00+00:00,0.1,0.10136,0.0998,0.10116,1358528.0
2025-04-21 23:15:00+00:00,0.10117,0.10166,0.10086,0.10119,811286.0
2025-04-21 23:30:00+00:00,0.10121,0.10134,0.09997,0.10021,674667.0
2025-04-21 23:45:00+00:00,0.10023,0.10048,0.09992,0.1003,784354.0
2025-04-22 00:00:00+00:00,0.10029,0.10176,0.09876,0.10095,2945773.0
2025-04-22 00:15:00+00:00,0.10076,0.10119,0.09992,0.10013,869849.0
2025-04-22 00:30:00+00:00,0.10012,0.10086,0.09861,0.10013,2241601.0
2025-04-22 00:45:00+00:00,0.10011,0.10015,0.0987,0.09908,1360618.0
2025-04-22 01:00:00+00:00,0.09908,0.0997,0.09836,0.09893,1242344.0
2025-04-22 01:15:00+00:00,0.09889,0.09995,0.09864,0.09918,1129045.0
2025-04-22 01:30:00+00:00,0.0992,0.09941,0.0985,0.09877,703022.0
2025-04-22 01:45:00+00:00,0.09879,0.09971,0.09839,0.09854,1038930.0
2025-04-22 02:00:00+00:00,0.09851,0.09873,0.09723,0.09778,1678162.0
2025-04-22 02:15:00+00:00,0.09776,0.09866,0.0974,0.09835,1086190.0
2025-04-22 02:30:00+00:00,0.09846,0.0999,0.09845,0.09918,1877131.0
2025-04-22 02:45:00+00:00,0.09919,0.09984,0.09911,0.09914,585969.0
2025-04-22 03:00:00+00:00,0.0991,0.09952,0.09823,0.09834,1189317.0
2025-04-22 03:15:00+00:00,0.09841,0.09876,0.09639,0.09684,2001033.0
2025-04-22 03:30:00+00:00,0.09686,0.09691,0.093,0.09443,4789399.0
2025-04-22 03:45:00+00:00,0.09453,0.09466,0.09309,0.09356,2634862.0
2025-04-22 04:00:00+00:00,0.09354,0.09522,0.09144,0.09163,5930217.0
2025-04-22 04:15:00+00:00,0.09162,0.09373,0.09143,0.09367,2707377.0
2025-04-22 04:30:00+00:00,0.09367,0.09372,0.0925,0.09282,1554983.0
2025-04-22 04:45:00+00:00,0.09279,0.0933,0.09254,0.09267,1189884.0
2025-04-22 05:00:00+00:00,0.09267,0.09286,0.09211,0.0925,1129356.0
2025-04-22 05:15:00+00:00,0.0925,0.093,0.09189,0.09211,1144275.0
2025-04-22 05:30:00+00:00,0.09209,0.09291,0.09177,0.09254,1451166.0
2025-04-22 05:45:00+00:00,0.09254,0.09526,0.09254,0.09287,4301169.0
2025-04-22 06:00:00+00:00,0.09285,0.09288,0.09022,0.09039,3782796.0
2025-04-22 06:15:00+00:00,0.09039,0.09057,0.08905,0.08907,3279614.0
2025-04-22 06:30:00+00:00,0.08913,0.09042,0.08868,0.09042,3117899.0
2025-04-22 06:45:00+00:00,0.09033,0.09037,0.08927,0.09026,1166570.0
2025-04-22 07:00:00+00:00,0.09024,0.09282,0.08955,0.09158,3639246.0
2025-04-22 07:15:00+00:00,0.09163,0.09413,0.09103,0.09305,4038572.0
2025-04-22 07:30:00+00:00,0.09304,0.09494,0.09214,0.09282,4541994.0
2025-04-22 07:45:00+00:00,0.09281,0.09285,0.09175,0.0924,1735421.0
2025-04-22 08:00:00+00:00,0.09233,0.09292,0.0909,0.09211,2575503.0
2025-04-22 08:15:00+00:00,0.09211,0.09269,0.0919,0.09209,678433.0
2025-04-22 08:30:00+00:00,0.09212,0.09613,0.09209,0.09435,4806092.0
2025-04-22 08:45:00+00:00,0.09438,0.09732,0.09438,0.09664,2457669.0
2025-04-22 09:00:00+00:00,0.09665,0.09764,0.0951,0.09552,2283801.0
2025-04-22 09:15:00+00:00,0.09553,0.0962,0.09526,0.09527,685810.0
2025-04-22 09:30:00+00:00,0.09528,0.09672,0.0946,0.09608,1503069.0
2025-04-22 09:45:00+00:00,0.09607,0.09678,0.09551,0.09597,645351.0
2025-04-22 10:00:00+00:00,0.09599,0.0964,0.09514,0.09546,1164358.0
2025-04-22 10:15:00+00:00,0.09546,0.09605,0.09482,0.09553,1134460.0
2025-04-22 10:30:00+00:00,0.09554,0.09622,0.095,0.09546,617024.0
2025-04-22 10:45:00+00:00,0.09543,0.09564,0.09414,0.09427,1508853.0
2025-04-22 11:00:00+00:00,0.09428,0.0947,0.09332,0.09415,1281943.0
2025-04-22 11:15:00+00:00,0.09419,0.09426,0.0935,0.09375,911321.0
2025-04-22 11:30:00+00:00,0.09373,0.0946,0.09358,0.09437,1010944.0
2025-04-22 11:45:00+00:00,0.0944,0.09475,0.09354,0.09376,806489.0
2025-04-22 12:00:00+00:00,0.09377,0.09455,0.09373,0.09431,821609.0
2025-04-22 12:15:00+00:00,0.0943,0.09436,0.09329,0.09336,875824.0
2025-04-22 12:30:00+00:00,0.09343,0.09359,0.09282,0.09315,667041.0
2025-04-22 12:45:00+00:00,0.09315,0.094,0.09297,0.09356,783932.0
2025-04-22 13:00:00+00:00,0.0936,0.09467,0.09356,0.09395,892061.0
2025-04-22 13:15:00+00:00,0.09395,0.09447,0.09352,0.09382,710581.0
2025-04-22 13:30:00+00:00,0.09379,0.09402,0.09266,0.09394,1909597.0
2025-04-22 13:45:00+00:00,0.09396,0.09422,0.09341,0.09422,884120.0
2025-04-22 14:00:00+00:00,0.09424,0.09648,0.09422,0.09632,3062068.0
2025-04-22 14:15:00+00:00,0.09631,0.09733,0.09604,0.09694,3052848.0
2025-04-22 14:30:00+00:00,0.09693,0.09781,0.09597,0.09642,1551096.0
2025-04-22 14:45:00+00:00,0.09642,0.09672,0.09584,0.09601,1110897.0
2025-04-22 15:00:00+00:00,0.09603,0.09874,0.0958,0.09842,2045407.0
2025-04-22 15:15:00+00:00,0.09842,0.09952,0.0962,0.09674,2944902.0
2025-04-22 15:30:00+00:00,0.09675,0.09709,0.0948,0.09588,2067522.0
2025-04-22 15:45:00+00:00,0.09585,0.09668,0.09501,0.09535,1325889.0
2025-04-22 16:00:00+00:00,0.09534,0.09649,0.09507,0.09572,781594.0
2025-04-22 16:15:00+00:00,0.09573,0.0965,0.09528,0.09632,705580.0
2025-04-22 16:30:00+00:00,0.09633,0.09708,0.09605,0.09707,717088.0
2025-04-22 16:45:00+00:00,0.09703,0.09741,0.09644,0.09704,943073.0
2025-04-22 17:00:00+00:00,0.09704,0.09809,0.09605,0.09623,1613909.0
2025-04-22 17:15:00+00:00,0.09618,0.09742,0.0946,0.09703,2823785.0
2025-04-22 17:30:00+00:00,0.09704,0.09713,0.0956,0.09566,1178980.0
2025-04-22 17:45:00+00:00,0.09565,0.09789,0.09558,0.09738,1040062.0
2025-04-22 18:00:00+00:00,0.09742,0.09805,0.09694,0.09739,1297226.0
2025-04-22 18:15:00+00:00,0.09745,0.09778,0.09717,0.09736,666727.0
2025-04-22 18:30:00+00:00,0.09741,0.09847,0.09731,0.09812,670897.0
2025-04-22 18:45:00+00:00,0.09813,0.09895,0.09812,0.09895,863270.0
2025-04-22 19:00:00+00:00,0.09893,0.0997,0.09877,0.09908,1181142.0
2025-04-22 19:15:00+00:00,0.09911,0.09913,0.09795,0.09824,1235029.0
2025-04-22 19:30:00+00:00,0.09822,0.09822,0.09711,0.09721,756025.0
2025-04-22 19:45:00+00:00,0.09721,0.09759,0.09712,0.09718,274091.0
2025-04-22 20:00:00+00:00,0.0972,0.09759,0.097,0.09706,342490.0
2025-04-22 20:15:00+00:00,0.09707,0.09729,0.09671,0.09686,305279.0
2025-04-22 20:30:00+00:00,0.09687,0.09774,0.09674,0.09738,615541.0
2025-04-22 20:45:00+00:00,0.09738,0.09775,0.09705,0.09757,415101.0
2025-04-22 21:00:00+00:00,0.09758,0.09819,0.09756,0.09767,444794.0
2025-04-22 21:15:00+00:00,0.09769,0.0989,0.09765,0.09873,745769.0
2025-04-22 21:30:00+00:00,0.09874,0.09922,0.09845,0.09859,522379.0
2025-04-22 21:45:00+00:00,0.0986,0.09974,0.09788,0.09801,1534583.0
2025-04-22 22:00:00+00:00,0.09808,0.09912,0.09789,0.09865,1090515.0
2025-04-22 22:15:00+00:00,0.0987,0.09905,0.09832,0.09887,581423.0
2025-04-22 22:30:00+00:00,0.09885,0.09928,0.09859,0.09925,470023.0
2025-04-22 22:45:00+00:00,0.09925,0.1061,0.09925,0.10358,5858753.0
2025-04-22 23:00:00+00:00,0.10364,0.10529,0.1032,0.10502,1236098.0
2025-04-22 23:15:00+00:00,0.10502,0.10522,0.1033,0.10383,962538.0
2025-04-22 23:30:00+00:00,0.10383,0.10393,0.1025,0.10273,903612.0
2025-04-22 23:45:00+00:00,0.1027,0.1032,0.1024,0.10293,434766.0
2025-04-23 00:00:00+00:00,0.10294,0.10542,0.10289,0.10478,1534261.0
2025-04-23 00:15:00+00:00,0.10482,0.10482,0.10382,0.10431,839956.0
2025-04-23 00:30:00+00:00,0.10431,0.10469,0.10357,0.10406,769946.0
2025-04-23 00:45:00+00:00,0.10406,0.10406,0.09983,0.10098,2630520.0
2025-04-23 01:00:00+00:00,0.10101,0.1015,0.10051,0.10067,903880.0
2025-04-23 01:15:00+00:00,0.10072,0.10086,0.09991,0.10058,1122924.0
2025-04-23 01:30:00+00:00,0.1006,0.10128,0.09932,0.10004,2106672.0
2025-04-23 01:45:00+00:00,0.10006,0.10149,0.09962,0.10117,1080465.0
2025-04-23 02:00:00+00:00,0.10121,0.10161,0.0996,0.1001,886113.0
2025-04-23 02:15:00+00:00,0.10009,0.10029,0.09967,0.10015,462440.0
2025-04-23 02:30:00+00:00,0.10015,0.1002,0.09935,0.0998,852069.0
2025-04-23 02:45:00+00:00,0.09978,0.10027,0.09822,0.09904,2653745.0
2025-04-23 03:00:00+00:00,0.09901,0.09913,0.09848,0.09855,573739.0
2025-04-23 03:15:00+00:00,0.09855,0.09908,0.09843,0.09864,411472.0
2025-04-23 03:30:00+00:00,0.09866,0.1004,0.09838,0.10035,906914.0
2025-04-23 03:45:00+00:00,0.10035,0.10306,0.09995,0.10306,2876689.0
2025-04-23 04:00:00+00:00,0.10305,0.10417,0.10213,0.1034,1359139.0
2025-04-23 04:15:00+00:00,0.1034,0.1044,0.10296,0.10336,1340596.0
2025-04-23 04:30:00+00:00,0.10337,0.1046,0.10161,0.10181,2245074.0
2025-04-23 04:45:00+00:00,0.10176,0.1037,0.10159,0.103,1585782.0
2025-04-23 05:00:00+00:00,0.10297,0.10297,0.10131,0.10145,974856.0
2025-04-23 05:15:00+00:00,0.10143,0.10193,0.10108,0.10187,601081.0
2025-04-23 05:30:00+00:00,0.1018,0.10266,0.10141,0.10236,558763.0
2025-04-23 05:45:00+00:00,0.10233,0.10274,0.10207,0.1025,456709.0
2025-04-23 06:00:00+00:00,0.10249,0.1039,0.10248,0.10347,978762.0
2025-04-23 06:15:00+00:00,0.10349,0.10365,0.10229,0.10288,895724.0
2025-04-23 06:30:00+00:00,0.10288,0.10298,0.10146,0.10152,1176532.0
2025-04-23 06:45:00+00:00,0.10155,0.10165,0.09989,0.10008,1689983.0
2025-04-23 07:00:00+00:00,0.10012,0.1011,0.09946,0.09998,1362538.0
2025-04-23 07:15:00+00:00,0.09998,0.10048,0.09981,0.10026,478744.0
2025-04-23 07:30:00+00:00,0.10031,0.10043,0.09951,0.09954,789860.0
2025-04-23 07:45:00+00:00,0.09955,0.0998,0.09902,0.0998,562063.0
2025-04-23 08:00:00+00:00,0.09975,0.10003,0.09809,0.09883,1661449.0
2025-04-23 08:15:00+00:00,0.09885,0.09885,0.0969,0.097,1745494.0
2025-04-23 08:30:00+00:00,0.0971,0.0976,0.09689,0.09698,783653.0
2025-04-23 08:45:00+00:00,0.09704,0.09781,0.09626,0.09742,1683834.0
2025-04-23 09:00:00+00:00,0.09746,0.1004,0.09738,0.09983,2401615.0
2025-04-23 09:15:00+00:00,0.09981,0.10103,0.09915,0.0992,1209912.0
2025-04-23 09:30:00+00:00,0.09921,0.10009,0.09903,0.09938,635491.0
2025-04-23 09:45:00+00:00,0.09938,0.10018,0.09857,0.09857,924618.0
2025-04-23 10:00:00+00:00,0.0986,0.099,0.09718,0.09751,1340048.0
2025-04-23 10:15:00+00:00,0.09751,0.09804,0.09668,0.09724,1869401.0
2025-04-23 10:30:00+00:00,0.09719,0.09724,0.0948,0.09602,2731769.0
2025-04-23 10:45:00+00:00,0.096,0.09726,0.09579,0.09634,1079978.0
2025-04-23 11:00:00+00:00,0.09625,0.09761,0.09602,0.09722,1188842.0
2025-04-23 11:15:00+00:00,0.09721,0.09721,0.095,0.09556,1562251.0
2025-04-23 11:30:00+00:00,0.09558,0.09592,0.095,0.09529,888589.0
2025-04-23 11:45:00+00:00,0.09528,0.09545,0.09452,0.09489,1418957.0
2025-04-23 12:00:00+00:00,0.09491,0.09516,0.09358,0.0937,1379687.0
2025-04-23 12:15:00+00:00,0.0937,0.09412,0.092,0.09292,2341642.0
2025-04-23 12:30:00+00:00,0.09295,0.09397,0.0925,0.0925,984950.0
2025-04-23 12:45:00+00:00,0.09249,0.09539,0.09246,0.09448,2324160.0
2025-04-23 13:00:00+00:00,0.09452,0.09464,0.09336,0.09407,946980.0
2025-04-23 13:15:00+00:00,0.09407,0.09581,0.09399,0.09559,1499113.0
2025-04-23 13:30:00+00:00,0.09549,0.09686,0.09427,0.09564,2620566.0
2025-04-23 13:45:00+00:00,0.09564,0.0967,0.09461,0.09496,1782518.0
2025-04-23 14:00:00+00:00,0.09498,0.09671,0.09498,0.096,1489982.0
2025-04-23 14:15:00+00:00,0.096,0.0969,0.09564,0.09566,1041670.0
2025-04-23 14:30:00+00:00,0.09564,0.09566,0.09417,0.09483,1113818.0
2025-04-23 14:45:00+00:00,0.09483,0.09536,0.0945,0.09499,416114.0
2025-04-23 15:00:00+00:00,0.095,0.09542,0.0949,0.09524,912123.0
2025-04-23 15:15:00+00:00,0.09522,0.09522,0.09333,0.0938,1973393.0
2025-04-23 15:30:00+00:00,0.09385,0.09719,0.09371,0.09615,3058658.0
2025-04-23 15:45:00+00:00,0.09616,0.0984,0.09608,0.09714,3517403.0
2025-04-23 16:00:00+00:00,0.0972,0.09732,0.0956,0.09607,1128632.0
2025-04-23 16:15:00+00:00,0.09607,0.09688,0.09559,0.09582,1664629.0
2025-04-23 16:30:00+00:00,0.09573,0.09689,0.0955,0.09573,1219010.0
2025-04-23 16:45:00+00:00,0.09571,0.09657,0.0945,0.0964,1964698.0
2025-04-23 17:00:00+00:00,0.09638,0.09712,0.09535,0.09547,2014848.0
2025-04-23 17:15:00+00:00,0.09543,0.09692,0.09514,0.0967,943012.0
2025-04-23 17:30:00+00:00,0.09669,0.09715,0.09406,0.09477,1583327.0
2025-04-23 17:45:00+00:00,0.09481,0.09664,0.09468,0.09646,914015.0
2025-04-23 18:00:00+00:00,0.09647,0.09787,0.09588,0.09593,1966628.0
2025-04-23 18:15:00+00:00,0.09593,0.09711,0.0955,0.0956,1187840.0
2025-04-23 18:30:00+00:00,0.09557,0.09684,0.09532,0.09681,1189727.0
2025-04-23 18:45:00+00:00,0.09682,0.09689,0.0952,0.09667,1258079.0
2025-04-23 19:00:00+00:00,0.09665,0.09686,0.09516,0.09573,1385010.0
2025-04-23 19:15:00+00:00,0.09575,0.09701,0.09561,0.09642,1302635.0
2025-04-23 19:30:00+00:00,0.09642,0.0977,0.096,0.09621,1511605.0
2025-04-23 19:45:00+00:00,0.09621,0.09761,0.0958,0.09619,1846296.0
2025-04-23 20:00:00+00:00,0.09619,0.09864,0.09612,0.09847,2338771.0
2025-04-23 20:15:00+00:00,0.09848,0.10059,0.09848,0.09967,2938922.0
2025-04-23 20:30:00+00:00,0.09966,0.10019,0.09849,0.09866,2059892.0
2025-04-23 20:45:00+00:00,0.09865,0.09906,0.09795,0.09888,640593.0
2025-04-23 21:00:00+00:00,0.09888,0.09932,0.09821,0.09856,556386.0
2025-04-23 21:15:00+00:00,0.09857,0.09877,0.09847,0.09856,304804.0
2025-04-23 21:30:00+00:00,0.09857,0.09888,0.09841,0.09859,390418.0
2025-04-23 21:45:00+00:00,0.09862,0.10117,0.09861,0.10112,1600166.0
2025-04-23 22:00:00+00:00,0.10112,0.10213,0.10021,0.10136,2247193.0
2025-04-23 22:15:00+00:00,0.10138,0.10238,0.1004,0.10181,1335054.0
2025-04-23 22:30:00+00:00,0.10183,0.10294,0.10087,0.10097,1126007.0
2025-04-23 22:45:00+00:00,0.10097,0.1022,0.10089,0.10209,638629.0
2025-04-23 23:00:00+00:00,0.10212,0.1046,0.10212,0.10448,2105552.0
2025-04-23 23:15:00+00:00,0.10447,0.10455,0.10348,0.10381,805975.0
2025-04-23 23:30:00+00:00,0.10378,0.10433,0.10181,0.1021,1068932.0
2025-04-23 23:45:00+00:00,0.1021,0.10291,0.10125,0.10207,1005718.0
2025-04-24 00:00:00+00:00,0.10206,0.10245,0.10096,0.1014,1239050.0
2025-04-24 00:15:00+00:00,0.10147,0.10147,0.09938,0.1,1178693.0
2025-04-24 00:30:00+00:00,0.09999,0.10156,0.09998,0.10077,1104159.0
2025-04-24 00:45:00+00:00,0.10074,0.10246,0.10067,0.10154,771552.0
2025-04-24 01:00:00+00:00,0.10157,0.10185,0.09818,0.09868,1784663.0
2025-04-24 01:15:00+00:00,0.09869,0.1004,0.09822,0.10027,1038491.0
2025-04-24 01:30:00+00:00,0.10027,0.1011,0.09982,0.09989,624253.0
2025-04-24 01:45:00+00:00,0.09989,0.10008,0.0987,0.0991,958691.0
2025-04-24 02:00:00+00:00,0.0991,0.09964,0.09819,0.09846,1245102.0
2025-04-24 02:15:00+00:00,0.09844,0.101,0.09827,0.09996,1557888.0
2025-04-24 02:30:00+00:00,0.09993,0.10047,0.09921,0.09965,795342.0
2025-04-24 02:45:00+00:00,0.09965,0.10004,0.09875,0.09948,708119.0
2025-04-24 03:00:00+00:00,0.09954,0.10129,0.09944,0.09965,1284015.0
2025-04-24 03:15:00+00:00,0.09965,0.10053,0.09946,0.09987,1186028.0
2025-04-24 03:30:00+00:00,0.09987,0.10002,0.09731,0.09767,2013376.0
2025-04-24 03:45:00+00:00,0.09765,0.09926,0.09742,0.09792,1235725.0
2025-04-24 04:00:00+00:00,0.09791,0.09817,0.09707,0.09752,1563075.0
2025-04-24 04:15:00+00:00,0.09758,0.09898,0.097,0.0985,1199223.0
2025-04-24 04:30:00+00:00,0.09849,0.09882,0.0972,0.09767,969288.0
2025-04-24 04:45:00+00:00,0.09765,0.09823,0.09745,0.0977,675159.0
2025-04-24 05:00:00+00:00,0.09767,0.09891,0.0972,0.09728,1076945.0
2025-04-24 05:15:00+00:00,0.09724,0.09828,0.09592,0.09797,3890694.0
2025-04-24 05:30:00+00:00,0.09795,0.101,0.09701,0.10062,3832932.0
2025-04-24 05:45:00+00:00,0.10063,0.10076,0.0978,0.09956,3016551.0
2025-04-24 06:00:00+00:00,0.09949,0.09975,0.09744,0.09744,1458727.0
2025-04-24 06:15:00+00:00,0.09744,0.09817,0.09675,0.09701,2262006.0
2025-04-24 06:30:00+00:00,0.09697,0.09713,0.09631,0.0967,1683089.0
2025-04-24 06:45:00+00:00,0.09661,0.09819,0.09622,0.097,1554088.0
2025-04-24 07:00:00+00:00,0.097,0.09711,0.09472,0.09687,2967675.0
2025-04-24 07:15:00+00:00,0.09682,0.09745,0.09618,0.097,1340819.0
2025-04-24 07:30:00+00:00,0.09701,0.09815,0.09562,0.09563,1958885.0
2025-04-24 07:45:00+00:00,0.09561,0.09794,0.09557,0.09726,2287236.0
2025-04-24 08:00:00+00:00,0.09718,0.09731,0.09586,0.09717,2135828.0
2025-04-24 08:15:00+00:00,0.09716,0.09789,0.0965,0.09651,1728501.0
2025-04-24 08:30:00+00:00,0.09655,0.09681,0.09611,0.09625,955700.0
2025-04-24 08:45:00+00:00,0.09615,0.09626,0.09533,0.09542,833188.0
2025-04-24 09:00:00+00:00,0.09541,0.0957,0.09396,0.09543,1778140.0
2025-04-24 09:15:00+00:00,0.09541,0.0974,0.0953,0.09727,1883077.0
2025-04-24 09:30:00+00:00,0.09725,0.09772,0.09631,0.09678,826986.0
2025-04-24 09:45:00+00:00,0.09684,0.09871,0.09616,0.09753,1678755.0
2025-04-24 10:00:00+00:00,0.09758,0.09921,0.09663,0.09907,1506108.0
2025-04-24 10:15:00+00:00,0.09907,0.09942,0.09838,0.09851,691063.0
2025-04-24 10:30:00+00:00,0.09848,0.09876,0.0975,0.09828,670422.0
2025-04-24 10:45:00+00:00,0.09829,0.09929,0.09808,0.0987,911481.0
2025-04-24 11:00:00+00:00,0.09868,0.09903,0.09798,0.09855,591232.0
2025-04-24 11:15:00+00:00,0.09854,0.09943,0.09823,0.09882,677334.0
2025-04-24 11:30:00+00:00,0.09882,0.09884,0.09709,0.09719,1372477.0
2025-04-24 11:45:00+00:00,0.09719,0.098,0.09696,0.09758,483440.0
2025-04-24 12:00:00+00:00,0.09761,0.09823,0.09744,0.09748,521200.0
2025-04-24 12:15:00+00:00,0.09751,0.09751,0.09557,0.09608,2020446.0
2025-04-24 12:30:00+00:00,0.09612,0.09723,0.09576,0.09654,923418.0
2025-04-24 12:45:00+00:00,0.09658,0.09707,0.09577,0.09702,777974.0
2025-04-24 13:00:00+00:00,0.09702,0.09829,0.09617,0.09756,1506722.0
2025-04-24 13:15:00+00:00,0.09764,0.09797,0.09604,0.0964,1113295.0
2025-04-24 13:30:00+00:00,0.0964,0.09872,0.09631,0.09788,2124884.0
2025-04-24 13:45:00+00:00,0.09788,0.09818,0.09723,0.09768,994696.0
2025-04-24 14:00:00+00:00,0.09771,0.09875,0.0975,0.09792,901950.0
2025-04-24 14:15:00+00:00,0.09792,0.09911,0.09786,0.09911,865593.0
2025-04-24 14:30:00+00:00,0.09906,0.10031,0.09855,0.09899,1812273.0
2025-04-24 14:45:00+00:00,0.099,0.09937,0.09803,0.09927,1499900.0
2025-04-24 15:00:00+00:00,0.09923,0.09985,0.09813,0.09933,991041.0
2025-04-25 22:45:00+00:00,0.10563,0.10663,0.10514,0.10648,412306.0
2025-04-25 23:00:00+00:00,0.10652,0.10741,0.10638,0.10687,1006214.0
2025-04-25 23:15:00+00:00,0.10687,0.10769,0.10653,0.10655,1283077.0
2025-04-25 23:30:00+00:00,0.10655,0.10727,0.1053,0.1057,863365.0
2025-04-25 23:45:00+00:00,0.10569,0.11937,0.10567,0.1163,13794855.0
2025-04-26 00:00:00+00:00,0.11623,0.13695,0.11577,0.11982,35398884.0
2025-04-26 00:15:00+00:00,0.11982,0.12711,0.11982,0.12433,10129200.0
2025-04-26 00:30:00+00:00,0.12427,0.12726,0.11595,0.11964,15793170.0
2025-04-26 00:45:00+00:00,0.11976,0.12127,0.11714,0.11754,5677211.0
2025-04-26 01:00:00+00:00,0.11754,0.12036,0.11616,0.1184,5979338.0
2025-04-26 01:15:00+00:00,0.11826,0.11897,0.11621,0.11677,3073792.0
2025-04-26 01:30:00+00:00,0.11692,0.1196,0.11611,0.11936,2945175.0
2025-04-26 01:45:00+00:00,0.11936,0.12193,0.11866,0.12065,2188949.0
2025-04-26 02:00:00+00:00,0.12068,0.1227,0.12003,0.1215,2010695.0
2025-04-26 02:15:00+00:00,0.12143,0.12234,0.11843,0.1198,3340429.0
2025-04-26 02:30:00+00:00,0.11983,0.12264,0.1197,0.12153,2759293.0
2025-04-26 02:45:00+00:00,0.12153,0.12181,0.11825,0.11864,3957020.0
2025-04-26 03:00:00+00:00,0.11871,0.11874,0.11676,0.1174,2466750.0
2025-04-26 03:15:00+00:00,0.11744,0.11851,0.11621,0.11708,1980206.0
2025-04-26 03:30:00+00:00,0.11705,0.1187,0.116,0.11715,3091828.0
2025-04-26 03:45:00+00:00,0.11712,0.11765,0.1138,0.11456,4916678.0
2025-04-26 04:00:00+00:00,0.11457,0.11566,0.1136,0.1147,1663235.0
2025-04-26 04:15:00+00:00,0.11477,0.11539,0.11325,0.11364,1348597.0
2025-04-26 04:30:00+00:00,0.11365,0.11371,0.10901,0.11105,6019641.0
2025-04-26 04:45:00+00:00,0.11098,0.11143,0.10884,0.1103,2445045.0
2025-04-26 05:00:00+00:00,0.11026,0.11115,0.10916,0.11045,1903651.0
2025-04-26 05:15:00+00:00,0.11046,0.11223,0.11018,0.11197,1944015.0
2025-04-26 05:30:00+00:00,0.11192,0.11371,0.11187,0.11304,2175339.0
2025-04-26 05:45:00+00:00,0.11295,0.115,0.1127,0.11368,1448245.0
2025-04-26 06:00:00+00:00,0.11365,0.11367,0.11092,0.11181,2053653.0
2025-04-26 06:15:00+00:00,0.11178,0.11218,0.11073,0.11177,1204899.0
2025-04-26 06:30:00+00:00,0.11177,0.11333,0.11059,0.11288,1532228.0
2025-04-26 06:45:00+00:00,0.1128,0.11389,0.11203,0.11304,981802.0
2025-04-26 07:00:00+00:00,0.1131,0.11434,0.11078,0.11099,3780600.0
2025-04-26 07:15:00+00:00,0.11102,0.11151,0.1102,0.11129,1260020.0
2025-04-26 07:30:00+00:00,0.11121,0.11153,0.10949,0.11005,1426674.0
2025-04-26 07:45:00+00:00,0.11007,0.11076,0.10901,0.10916,1473268.0
2025-04-26 08:00:00+00:00,0.10921,0.11016,0.10813,0.10989,2341241.0
2025-04-26 08:15:00+00:00,0.10984,0.11034,0.1094,0.11015,1410339.0
2025-04-26 08:30:00+00:00,0.11016,0.11019,0.10654,0.10802,3637603.0
2025-04-26 08:45:00+00:00,0.10803,0.10822,0.10666,0.10706,2150684.0
2025-04-26 09:00:00+00:00,0.10709,0.10723,0.10424,0.1051,4362763.0
2025-04-26 09:15:00+00:00,0.10519,0.1053,0.10266,0.10338,3780006.0
2025-04-26 09:30:00+00:00,0.10336,0.10349,0.10055,0.1012,3820267.0
2025-04-26 09:45:00+00:00,0.10119,0.10197,0.10025,0.10154,2512674.0
2025-04-26 10:00:00+00:00,0.10152,0.10336,0.10092,0.1031,3201105.0
2025-04-26 10:15:00+00:00,0.10307,0.10537,0.10263,0.10432,2372797.0
2025-04-26 10:30:00+00:00,0.10433,0.10468,0.10334,0.1037,1054982.0
2025-04-26 10:45:00+00:00,0.10371,0.10434,0.10341,0.10415,601919.0
2025-04-26 11:00:00+00:00,0.10413,0.10453,0.10239,0.10413,1465869.0
2025-04-26 11:15:00+00:00,0.10416,0.10523,0.10348,0.1042,1701089.0
2025-04-26 11:30:00+00:00,0.10422,0.10526,0.10298,0.10355,1559899.0
2025-04-26 11:45:00+00:00,0.10357,0.10559,0.10304,0.10305,7701313.0
2025-04-26 12:00:00+00:00,0.10304,0.10418,0.10176,0.10323,6898576.0
2025-04-26 12:15:00+00:00,0.1032,0.1041,0.10306,0.10387,982300.0
2025-04-26 12:30:00+00:00,0.10397,0.10417,0.10311,0.10382,616783.0
2025-04-26 12:45:00+00:00,0.10382,0.10409,0.1031,0.10332,669236.0
2025-04-26 13:00:00+00:00,0.1033,0.104,0.09803,0.09984,5763901.0
2025-04-26 13:15:00+00:00,0.09976,0.10014,0.09208,0.0944,15341933.0
2025-04-26 13:30:00+00:00,0.09432,0.09499,0.0909,0.09474,7564996.0
2025-04-26 13:45:00+00:00,0.09474,0.09912,0.09468,0.09865,5812065.0
2025-04-26 14:00:00+00:00,0.09861,0.09907,0.09735,0.09775,1415191.0
2025-04-26 14:15:00+00:00,0.09775,0.09777,0.09651,0.09684,1072429.0
2025-04-26 14:30:00+00:00,0.09684,0.09868,0.09681,0.09811,910116.0
2025-04-26 14:45:00+00:00,0.09812,0.09822,0.09745,0.0979,641269.0
2025-04-26 15:00:00+00:00,0.09799,0.09828,0.09681,0.09711,949287.0
2025-04-26 15:15:00+00:00,0.09708,0.09767,0.09666,0.09704,580697.0
2025-04-26 15:30:00+00:00,0.09703,0.09727,0.09629,0.09655,775553.0
2025-04-26 15:45:00+00:00,0.09656,0.0969,0.09521,0.09633,1319510.0
2025-04-26 16:00:00+00:00,0.09633,0.09704,0.0952,0.09537,683916.0
2025-04-26 16:15:00+00:00,0.09547,0.09566,0.09423,0.09461,1098320.0
2025-04-26 16:30:00+00:00,0.0946,0.09489,0.09319,0.09434,1125079.0
2025-04-26 16:45:00+00:00,0.09431,0.09432,0.0931,0.09335,978522.0
2025-04-26 17:00:00+00:00,0.09339,0.09339,0.09238,0.09297,1189890.0
2025-04-26 17:15:00+00:00,0.09302,0.09367,0.09256,0.09296,906867.0
2025-04-26 17:30:00+00:00,0.09297,0.09539,0.09296,0.09485,2401450.0
2025-04-26 17:45:00+00:00,0.09477,0.09482,0.09386,0.09426,881971.0
2025-04-26 18:00:00+00:00,0.09427,0.09476,0.09311,0.09325,1137509.0
2025-04-26 18:15:00+00:00,0.09322,0.09378,0.09314,0.0934,421144.0
2025-04-26 18:30:00+00:00,0.09345,0.09375,0.09276,0.09302,906839.0
2025-04-26 18:45:00+00:00,0.09302,0.09423,0.09285,0.09315,1005222.0
2025-04-26 19:00:00+00:00,0.09316,0.09367,0.09287,0.09305,513015.0
2025-04-26 19:15:00+00:00,0.09302,0.0931,0.09049,0.092,3651473.0
2025-04-26 19:30:00+00:00,0.09201,0.09226,0.09155,0.0918,657748.0
2025-04-26 19:45:00+00:00,0.09184,0.09251,0.09176,0.09205,1030133.0
2025-04-26 20:00:00+00:00,0.09208,0.09245,0.0913,0.0917,1199737.0
2025-04-26 20:15:00+00:00,0.09169,0.09271,0.09169,0.092,817661.0
2025-04-26 20:30:00+00:00,0.092,0.09261,0.0914,0.09156,831855.0
2025-04-26 20:45:00+00:00,0.09163,0.09182,0.09113,0.0912,915721.0
2025-04-26 21:00:00+00:00,0.0912,0.09192,0.09066,0.091,1444649.0
2025-04-26 21:15:00+00:00,0.091,0.09127,0.09037,0.09053,923403.0
2025-04-26 21:30:00+00:00,0.09053,0.09144,0.09053,0.09093,736632.0
2025-04-26 21:45:00+00:00,0.09093,0.09185,0.09093,0.0917,931600.0
2025-04-26 22:00:00+00:00,0.09173,0.09302,0.0917,0.09272,1894267.0
2025-04-26 22:15:00+00:00,0.09276,0.09358,0.09203,0.09251,1226550.0
2025-04-26 22:30:00+00:00,0.09248,0.09259,0.09168,0.09211,1111449.0
2025-04-26 22:45:00+00:00,0.09211,0.09211,0.09101,0.09149,743845.0
2025-04-26 23:00:00+00:00,0.09147,0.09245,0.09117,0.09225,1263280.0
2025-04-26 23:15:00+00:00,0.09228,0.09325,0.09215,0.09284,1388478.0
2025-04-26 23:30:00+00:00,0.09284,0.09469,0.09253,0.09377,1941776.0
2025-04-26 23:45:00+00:00,0.09379,0.09384,0.09263,0.09333,1433289.0
2025-04-27 00:00:00+00:00,0.0933,0.09339,0.09107,0.0912,2404248.0
2025-04-27 00:15:00+00:00,0.09123,0.09208,0.09031,0.09135,1730308.0
2025-04-27 00:30:00+00:00,0.09136,0.09276,0.09108,0.09192,1965708.0
2025-04-27 00:45:00+00:00,0.09191,0.09289,0.09176,0.09239,808927.0
2025-04-27 01:00:00+00:00,0.09242,0.09271,0.08932,0.09093,3250006.0
2025-04-27 01:15:00+00:00,0.09093,0.091,0.087,0.08881,7508442.0
2025-04-27 01:30:00+00:00,0.0888,0.08908,0.08715,0.08854,4336724.0
2025-04-27 01:45:00+00:00,0.08849,0.08853,0.08604,0.08631,5789785.0
2025-04-27 02:00:00+00:00,0.08631,0.08774,0.08549,0.08755,3916041.0
2025-04-27 02:15:00+00:00,0.08759,0.08792,0.08635,0.08748,1813376.0
2025-04-27 02:30:00+00:00,0.0875,0.08808,0.08684,0.08729,1417230.0
2025-04-27 02:45:00+00:00,0.08729,0.08765,0.08702,0.08745,814114.0
2025-04-27 03:00:00+00:00,0.08741,0.08757,0.08587,0.08656,2212161.0
2025-04-27 03:15:00+00:00,0.08644,0.08694,0.08608,0.08657,904250.0
2025-04-27 03:30:00+00:00,0.08656,0.08934,0.08625,0.08823,3404309.0
2025-04-27 03:45:00+00:00,0.08814,0.08938,0.08795,0.08821,2359879.0
2025-04-27 04:00:00+00:00,0.08829,0.08853,0.08677,0.0874,2087826.0
2025-04-27 04:15:00+00:00,0.08735,0.08798,0.08718,0.08748,875226.0
2025-04-27 04:30:00+00:00,0.08742,0.08975,0.087,0.08862,4048384.0
2025-04-27 04:45:00+00:00,0.08864,0.0891,0.08639,0.08837,4926197.0
2025-04-27 05:00:00+00:00,0.08835,0.08894,0.08697,0.08794,3069472.0
2025-04-27 05:15:00+00:00,0.088,0.0883,0.08689,0.08734,1314404.0
2025-04-27 05:30:00+00:00,0.08734,0.08788,0.08701,0.08729,921562.0
2025-04-27 05:45:00+00:00,0.08736,0.08806,0.0869,0.08784,1229390.0
2025-04-27 06:00:00+00:00,0.08778,0.08815,0.08687,0.08693,1168313.0
2025-04-27 06:15:00+00:00,0.08693,0.08762,0.0869,0.08739,894336.0
2025-04-27 06:30:00+00:00,0.08742,0.08845,0.08669,0.08691,1447331.0
2025-04-27 06:45:00+00:00,0.08692,0.08696,0.08404,0.08472,6603009.0
2025-04-27 07:00:00+00:00,0.08475,0.08527,0.08373,0.08456,4366869.0
2025-04-27 07:15:00+00:00,0.08453,0.08578,0.08428,0.08532,3519182.0
2025-04-27 07:30:00+00:00,0.0852,0.08747,0.08503,0.08713,3985569.0
2025-04-27 07:45:00+00:00,0.08713,0.08713,0.08565,0.08567,1411419.0
2025-04-27 08:00:00+00:00,0.08569,0.08719,0.08505,0.08673,1694529.0
2025-04-27 08:15:00+00:00,0.08681,0.08756,0.08663,0.08747,1533580.0
2025-04-27 08:30:00+00:00,0.08743,0.0881,0.08693,0.08746,1477512.0
2025-04-27 08:45:00+00:00,0.08746,0.08748,0.08656,0.08674,1720689.0
2025-04-27 09:00:00+00:00,0.08674,0.08738,0.08616,0.08719,1600511.0
2025-04-27 09:15:00+00:00,0.08718,0.08797,0.08686,0.08742,1221359.0
2025-04-27 09:30:00+00:00,0.08739,0.09102,0.087,0.08982,7550021.0
2025-04-27 09:45:00+00:00,0.08981,0.08991,0.08862,0.08874,919188.0
2025-04-27 10:00:00+00:00,0.08882,0.08894,0.08753,0.088,1561918.0
2025-04-27 10:15:00+00:00,0.08799,0.08843,0.08694,0.08701,1692166.0
2025-04-27 10:30:00+00:00,0.08709,0.08758,0.08692,0.08727,1308502.0
2025-04-27 10:45:00+00:00,0.0873,0.08777,0.087,0.08724,764810.0
2025-04-27 11:00:00+00:00,0.08724,0.0873,0.08606,0.08721,2138757.0
2025-04-27 11:15:00+00:00,0.08724,0.08736,0.08652,0.0868,775723.0
2025-04-27 11:30:00+00:00,0.08679,0.08692,0.08633,0.08685,922126.0
2025-04-27 11:45:00+00:00,0.08679,0.08761,0.08659,0.08722,865197.0
2025-04-27 12:00:00+00:00,0.08721,0.09,0.08682,0.08928,3873792.0
2025-04-27 12:15:00+00:00,0.08927,0.09092,0.08889,0.08953,3157598.0
2025-04-27 12:30:00+00:00,0.08957,0.09002,0.08698,0.08828,4738611.0
2025-04-27 12:45:00+00:00,0.08827,0.08828,0.0875,0.08755,1083174.0
2025-04-27 13:00:00+00:00,0.08757,0.0883,0.08678,0.08807,1701735.0
2025-04-27 13:15:00+00:00,0.08808,0.08886,0.0869,0.08744,2103053.0
2025-04-27 13:30:00+00:00,0.08744,0.08843,0.08739,0.08796,611683.0
2025-04-27 13:45:00+00:00,0.08795,0.08849,0.08769,0.08832,569753.0
2025-04-27 14:00:00+00:00,0.08832,0.08921,0.0875,0.08916,1106236.0
2025-04-27 14:15:00+00:00,0.08922,0.08952,0.08814,0.08829,842986.0
2025-04-27 14:30:00+00:00,0.08833,0.0888,0.08585,0.0874,2343351.0
2025-04-27 14:45:00+00:00,0.0874,0.08767,0.08669,0.08688,761817.0
2025-04-27 15:00:00+00:00,0.08686,0.08692,0.0854,0.08573,2884391.0
2025-04-27 15:15:00+00:00,0.08582,0.08708,0.08582,0.08666,1176669.0
2025-04-27 15:30:00+00:00,0.08652,0.08844,0.08645,0.088,1434867.0
2025-04-27 15:45:00+00:00,0.08799,0.08819,0.08763,0.0877,497873.0
2025-04-27 16:00:00+00:00,0.0877,0.08845,0.0877,0.08808,755126.0
2025-04-27 16:15:00+00:00,0.08813,0.08836,0.08739,0.08789,417517.0
2025-04-27 16:30:00+00:00,0.08788,0.08894,0.08743,0.08882,766600.0
2025-04-27 16:45:00+00:00,0.08877,0.08877,0.08704,0.0873,564869.0
2025-04-27 17:00:00+00:00,0.08735,0.08805,0.08715,0.08769,544330.0
2025-04-27 17:15:00+00:00,0.08767,0.0884,0.08751,0.08837,385554.0
2025-04-27 17:30:00+00:00,0.08833,0.08833,0.08723,0.08788,369307.0
2025-04-27 17:45:00+00:00,0.08794,0.0885,0.08766,0.08826,189053.0
2025-04-27 18:00:00+00:00,0.08825,0.09299,0.08809,0.09123,7748578.0
2025-04-27 18:15:00+00:00,0.09125,0.09386,0.09117,0.09339,2578217.0
2025-04-27 18:30:00+00:00,0.09337,0.09747,0.09337,0.09723,8097287.0
2025-04-27 18:45:00+00:00,0.09724,0.09817,0.09584,0.09715,5222713.0
2025-04-27 19:00:00+00:00,0.09718,0.0976,0.09247,0.09633,6288585.0
2025-04-27 19:15:00+00:00,0.09624,0.09746,0.09568,0.09707,2390839.0
2025-04-27 19:30:00+00:00,0.09706,0.09725,0.09434,0.09613,2313203.0
2025-04-27 19:45:00+00:00,0.09614,0.0967,0.09435,0.09453,1384792.0
2025-04-27 20:00:00+00:00,0.09449,0.09631,0.09374,0.09534,1333649.0
2025-04-27 20:15:00+00:00,0.09534,0.09642,0.09517,0.09639,501221.0
2025-04-27 20:30:00+00:00,0.0964,0.09647,0.09465,0.09465,588779.0
2025-04-27 20:45:00+00:00,0.09466,0.09597,0.09461,0.09575,446560.0
2025-04-27 21:00:00+00:00,0.09575,0.09682,0.09472,0.09509,2269393.0
2025-04-27 21:15:00+00:00,0.09506,0.0952,0.09431,0.09465,767334.0
2025-04-27 21:30:00+00:00,0.09472,0.09664,0.09468,0.09658,710790.0
2025-04-27 21:45:00+00:00,0.0966,0.09717,0.09602,0.09712,546658.0
2025-04-27 22:00:00+00:00,0.09719,0.09756,0.09505,0.0955,1465862.0
2025-04-27 22:15:00+00:00,0.09553,0.09561,0.09461,0.09506,548353.0
2025-04-27 22:30:00+00:00,0.09506,0.09774,0.09422,0.09666,1476298.0
2025-04-27 22:45:00+00:00,0.09666,0.09735,0.09596,0.0964,651763.0
2025-04-27 23:00:00+00:00,0.09643,0.09705,0.09501,0.09583,938305.0
2025-04-27 23:15:00+00:00,0.09583,0.09652,0.09542,0.09648,305926.0
2025-04-27 23:30:00+00:00,0.09652,0.09832,0.09649,0.09656,1287501.0
2025-04-27 23:45:00+00:00,0.09657,0.09743,0.0961,0.09714,510557.0
2025-04-28 00:00:00+00:00,0.09713,0.09881,0.09678,0.09866,1943592.0
2025-04-28 00:15:00+00:00,0.09864,0.09886,0.09611,0.09738,1902284.0
2025-04-28 00:30:00+00:00,0.09749,0.09825,0.09628,0.09782,1311062.0
2025-04-28 00:45:00+00:00,0.09785,0.09976,0.09714,0.09884,1852457.0
2025-04-28 01:00:00+00:00,0.09884,0.09938,0.09738,0.09933,1143741.0
2025-04-28 01:15:00+00:00,0.09936,0.09998,0.09545,0.09564,3804283.0
2025-04-28 01:30:00+00:00,0.09571,0.09671,0.09457,0.09637,2138365.0
2025-04-28 01:45:00+00:00,0.0964,0.09792,0.0962,0.09732,1015850.0
2025-04-28 02:00:00+00:00,0.09733,0.0987,0.09724,0.09773,1265085.0
2025-04-28 02:15:00+00:00,0.09772,0.09896,0.09677,0.09874,936307.0
2025-04-28 02:30:00+00:00,0.09874,0.09911,0.09749,0.09809,1373795.0
2025-04-28 02:45:00+00:00,0.09811,0.09965,0.09759,0.09949,710632.0
2025-04-28 03:00:00+00:00,0.09941,0.1,0.09852,0.09959,1605112.0
2025-04-28 03:15:00+00:00,0.09958,0.09994,0.09819,0.09873,973813.0
2025-04-28 03:30:00+00:00,0.09873,0.10124,0.09837,0.10103,2364165.0
2025-04-28 03:45:00+00:00,0.10097,0.10127,0.09982,0.1,1231625.0
2025-04-28 04:00:00+00:00,0.10001,0.10014,0.09814,0.09896,1394126.0
2025-04-28 04:15:00+00:00,0.09896,0.10027,0.09849,0.1001,485393.0
2025-04-28 04:30:00+00:00,0.10009,0.10055,0.0986,0.09914,1591585.0
2025-04-28 04:45:00+00:00,0.09909,0.10005,0.09821,0.09996,733983.0
2025-04-28 05:00:00+00:00,0.09997,0.10065,0.09927,0.09961,911018.0
2025-04-28 05:15:00+00:00,0.09969,0.09978,0.09861,0.0997,589173.0
2025-04-28 05:30:00+00:00,0.09978,0.10003,0.09892,0.09926,321376.0
2025-04-28 05:45:00+00:00,0.09924,0.10011,0.09923,0.09961,438177.0
2025-04-28 06:00:00+00:00,0.09962,0.10537,0.09958,0.1027,6941776.0
2025-04-28 06:15:00+00:00,0.10282,0.10473,0.1,0.10081,4530338.0
2025-04-28 06:30:00+00:00,0.10081,0.10159,0.1002,0.10052,1108838.0
2025-04-28 06:45:00+00:00,0.10052,0.10061,0.09733,0.09853,4235391.0
2025-04-28 07:00:00+00:00,0.09858,0.09924,0.09788,0.09807,1317729.0
2025-04-28 07:15:00+00:00,0.0981,0.09895,0.09781,0.09828,803604.0
2025-04-28 07:30:00+00:00,0.09834,0.09887,0.09817,0.09851,597847.0
2025-04-28 07:45:00+00:00,0.09851,0.09851,0.09636,0.0972,1252934.0
2025-04-28 08:00:00+00:00,0.09721,0.09775,0.09565,0.09603,1603516.0
2025-04-28 08:15:00+00:00,0.09612,0.09717,0.09599,0.09663,963221.0
2025-04-28 08:30:00+00:00,0.09666,0.09784,0.09653,0.0975,732237.0
2025-04-28 08:45:00+00:00,0.09755,0.09926,0.09743,0.09826,1730516.0
2025-04-28 09:00:00+00:00,0.09827,0.09913,0.0978,0.09839,935894.0
2025-04-28 09:15:00+00:00,0.09838,0.0984,0.09784,0.09838,338760.0
2025-04-28 09:30:00+00:00,0.09839,0.09926,0.09821,0.0988,501950.0
2025-04-28 09:45:00+00:00,0.09876,0.09972,0.09876,0.09928,735742.0
2025-04-28 10:00:00+00:00,0.09931,0.09991,0.09888,0.09901,561409.0
2025-04-28 10:15:00+00:00,0.09899,0.09926,0.09696,0.09844,1524869.0
2025-04-28 10:30:00+00:00,0.09849,0.10065,0.0984,0.10056,979287.0
2025-04-28 10:45:00+00:00,0.10061,0.10125,0.10012,0.10038,1050015.0
2025-04-28 11:00:00+00:00,0.10042,0.10159,0.09879,0.09927,1060363.0
2025-04-28 11:15:00+00:00,0.09933,0.10043,0.09901,0.10008,858807.0
2025-04-28 11:30:00+00:00,0.1001,0.10095,0.09964,0.10008,1036253.0
2025-04-28 11:45:00+00:00,0.10006,0.10038,0.09968,0.10017,388261.0
2025-04-28 12:00:00+00:00,0.10021,0.1021,0.09992,0.10185,1272036.0
2025-04-28 12:15:00+00:00,0.10187,0.10555,0.10147,0.1025,4737848.0
2025-04-28 12:30:00+00:00,0.10245,0.10361,0.1016,0.10342,1905150.0
2025-04-28 12:45:00+00:00,0.1033,0.10458,0.10111,0.10355,4252906.0
2025-04-28 13:00:00+00:00,0.10359,0.1044,0.10192,0.10277,1495429.0
2025-04-28 13:15:00+00:00,0.10279,0.10329,0.10177,0.10222,744831.0
2025-04-28 13:30:00+00:00,0.10232,0.10347,0.10063,0.10267,1778013.0
2025-04-28 13:45:00+00:00,0.10266,0.10267,0.09963,0.10054,2475060.0
2025-04-28 14:00:00+00:00,0.10054,0.10218,0.10052,0.10168,809791.0
2025-04-28 14:15:00+00:00,0.10168,0.10228,0.10071,0.10138,633532.0
2025-04-28 14:30:00+00:00,0.10139,0.1033,0.1006,0.10193,1664451.0
2025-04-28 14:45:00+00:00,0.10188,0.10222,0.0994,0.10002,1761593.0
2025-04-28 15:00:00+00:00,0.10015,0.10102,0.09825,0.0996,2242142.0
2025-04-28 15:15:00+00:00,0.09954,0.10071,0.09952,0.09988,1024624.0
2025-04-28 15:30:00+00:00,0.09991,0.10022,0.09871,0.09919,1181822.0
2025-04-28 15:45:00+00:00,0.09921,0.09946,0.09771,0.09927,1270183.0
2025-04-28 16:00:00+00:00,0.09925,0.10083,0.09892,0.10048,914608.0
2025-04-28 16:15:00+00:00,0.10048,0.10176,0.09958,0.10091,1083803.0
2025-04-28 16:30:00+00:00,0.10089,0.10133,0.10022,0.10111,740679.0
2025-04-28 16:45:00+00:00,0.10108,0.10116,0.09978,0.10059,547501.0
2025-04-28 17:00:00+00:00,0.10059,0.10099,0.09927,0.09956,534875.0
2025-04-28 17:15:00+00:00,0.09953,0.10029,0.09939,0.09975,557509.0
2025-04-28 17:30:00+00:00,0.09971,0.10079,0.09911,0.10024,800144.0
2025-04-28 17:45:00+00:00,0.10024,0.10184,0.10023,0.10149,1200204.0
2025-04-28 18:00:00+00:00,0.10149,0.10189,0.101,0.10126,348389.0
2025-04-28 18:15:00+00:00,0.10128,0.10154,0.09956,0.09971,505297.0
2025-04-28 18:30:00+00:00,0.09969,0.10088,0.09925,0.10066,642122.0
2025-04-28 18:45:00+00:00,0.10065,0.11218,0.1003,0.11175,19713363.0
2025-04-28 19:00:00+00:00,0.11189,0.11293,0.1078,0.10956,10804437.0
2025-04-28 19:15:00+00:00,0.10951,0.10968,0.10624,0.10854,4297813.0
2025-04-28 19:30:00+00:00,0.10853,0.1088,0.1073,0.1078,1491551.0
2025-04-28 19:45:00+00:00,0.1078,0.10952,0.1077,0.1085,1057025.0
2025-04-28 20:00:00+00:00,0.10855,0.10972,0.10808,0.10887,1304745.0
2025-04-28 20:15:00+00:00,0.10885,0.10995,0.10781,0.10968,1043104.0
2025-04-28 20:30:00+00:00,0.10966,0.10999,0.10805,0.10836,1053026.0
2025-04-28 20:45:00+00:00,0.10841,0.10885,0.10745,0.10834,735734.0
2025-04-28 21:00:00+00:00,0.10834,0.10979,0.10774,0.10922,902483.0
2025-04-28 21:15:00+00:00,0.10922,0.10943,0.10687,0.108,1071739.0
2025-04-28 21:30:00+00:00,0.10798,0.10816,0.107,0.10713,647995.0
2025-04-28 21:45:00+00:00,0.10721,0.10999,0.10711,0.10948,874351.0
2025-04-28 22:00:00+00:00,0.10946,0.11192,0.10931,0.11048,1986125.0
2025-04-28 22:15:00+00:00,0.11058,0.11099,0.10847,0.1087,1543981.0
2025-04-28 22:30:00+00:00,0.10873,0.10891,0.10772,0.10858,1185924.0
2025-04-28 22:45:00+00:00,0.10857,0.11325,0.10857,0.11224,2906589.0
2025-04-28 23:00:00+00:00,0.11227,0.11352,0.1108,0.1109,1986289.0
2025-04-28 23:15:00+00:00,0.11089,0.11101,0.10937,0.10993,836094.0
2025-04-28 23:30:00+00:00,0.10998,0.11237,0.10925,0.11187,1054891.0
2025-04-28 23:45:00+00:00,0.11186,0.11322,0.1115,0.11237,1034098.0
2025-04-29 00:00:00+00:00,0.11235,0.11358,0.11117,0.11231,1405075.0
2025-04-29 00:15:00+00:00,0.11233,0.11301,0.11075,0.11223,857869.0
2025-04-29 00:30:00+00:00,0.11231,0.11448,0.11208,0.11293,824528.0
2025-04-29 00:45:00+00:00,0.11293,0.1134,0.10971,0.10985,1457813.0
2025-04-29 01:00:00+00:00,0.10989,0.11311,0.10915,0.11277,2406878.0
2025-04-29 01:15:00+00:00,0.11275,0.11288,0.11089,0.112,938616.0
2025-04-29 01:30:00+00:00,0.11199,0.11271,0.11079,0.11124,722568.0
2025-04-29 01:45:00+00:00,0.11125,0.11198,0.10981,0.11095,587083.0
2025-04-29 02:00:00+00:00,0.11093,0.11282,0.11093,0.11282,1121180.0
2025-04-29 02:15:00+00:00,0.11276,0.11311,0.1104,0.11052,785574.0
2025-04-29 02:30:00+00:00,0.11052,0.11105,0.109,0.10996,1335808.0
2025-04-29 02:45:00+00:00,0.11,0.11024,0.10855,0.10986,1109357.0
2025-04-29 03:00:00+00:00,0.10983,0.11084,0.1092,0.10955,771015.0
2025-04-29 03:15:00+00:00,0.10962,0.11226,0.10962,0.11214,684125.0
2025-04-29 03:30:00+00:00,0.11211,0.11434,0.11206,0.11327,1718961.0
2025-04-29 03:45:00+00:00,0.11336,0.11384,0.10996,0.11021,1898249.0
2025-04-29 04:00:00+00:00,0.11021,0.11088,0.10869,0.10929,1391024.0
2025-04-29 04:15:00+00:00,0.1093,0.10972,0.10776,0.10854,1283388.0
2025-04-29 04:30:00+00:00,0.10855,0.10955,0.10833,0.10934,567432.0
2025-04-29 04:45:00+00:00,0.10931,0.10956,0.10729,0.10812,1272191.0
2025-04-29 05:00:00+00:00,0.10812,0.10935,0.10747,0.10906,980730.0
2025-04-29 05:15:00+00:00,0.10908,0.1108,0.10844,0.11059,838294.0
2025-04-29 05:30:00+00:00,0.11062,0.11111,0.107,0.10706,2529146.0
2025-04-29 05:45:00+00:00,0.10718,0.10753,0.10514,0.10714,2016492.0
2025-04-29 06:00:00+00:00,0.1071,0.10804,0.1069,0.10776,708551.0
2025-04-29 06:15:00+00:00,0.10768,0.10773,0.10576,0.10653,1265717.0
2025-04-29 06:30:00+00:00,0.10651,0.1073,0.10231,0.10329,3152057.0
2025-04-29 06:45:00+00:00,0.10341,0.1049,0.10333,0.10439,1502543.0
2025-04-29 07:00:00+00:00,0.1044,0.10493,0.1037,0.10435,876758.0
2025-04-29 07:15:00+00:00,0.10436,0.10495,0.10404,0.10427,556913.0
2025-04-29 07:30:00+00:00,0.10428,0.10455,0.10353,0.10449,625328.0
2025-04-29 07:45:00+00:00,0.10445,0.10609,0.10398,0.10546,1324472.0
2025-04-29 08:00:00+00:00,0.1055,0.10671,0.1044,0.10494,2034191.0
2025-04-29 08:15:00+00:00,0.10496,0.10536,0.10447,0.1049,412397.0
2025-04-29 08:30:00+00:00,0.1049,0.10495,0.10329,0.10384,827191.0
2025-04-29 08:45:00+00:00,0.10377,0.10515,0.10375,0.10515,779845.0
2025-04-29 09:00:00+00:00,0.10514,0.10711,0.10452,0.1064,1136536.0
2025-04-29 09:15:00+00:00,0.10634,0.10634,0.10459,0.10476,741082.0
2025-04-29 09:30:00+00:00,0.10483,0.10494,0.10358,0.10422,730813.0
2025-04-29 09:45:00+00:00,0.10425,0.10511,0.10402,0.10458,399535.0
2025-04-29 10:00:00+00:00,0.10457,0.10457,0.10348,0.10364,800241.0
2025-04-29 10:15:00+00:00,0.10357,0.10367,0.102,0.10226,1646357.0
2025-04-29 10:30:00+00:00,0.10229,0.10259,0.10122,0.10237,2066840.0
2025-04-29 10:45:00+00:00,0.10235,0.1049,0.10209,0.10448,1788375.0
2025-04-29 11:00:00+00:00,0.10461,0.11044,0.10431,0.10645,8385385.0
2025-04-29 11:15:00+00:00,0.10644,0.10758,0.10573,0.10658,1726002.0
2025-04-29 11:30:00+00:00,0.10653,0.10697,0.10445,0.10617,1765640.0
2025-04-29 11:45:00+00:00,0.10623,0.107,0.10569,0.10668,454337.0
2025-04-29 12:00:00+00:00,0.1066,0.107,0.10615,0.10661,389865.0
2025-04-29 12:15:00+00:00,0.10662,0.1069,0.10582,0.10627,511822.0
2025-04-29 12:30:00+00:00,0.10633,0.10642,0.10306,0.10355,2850933.0
2025-04-29 12:45:00+00:00,0.10349,0.1044,0.10249,0.10384,1237072.0
2025-04-29 13:00:00+00:00,0.10388,0.10441,0.10249,0.10268,1011744.0
2025-04-29 13:15:00+00:00,0.1026,0.10309,0.10185,0.1029,783743.0
2025-04-29 13:30:00+00:00,0.1029,0.10307,0.1022,0.10263,272388.0
2025-04-29 13:45:00+00:00,0.10264,0.1038,0.10248,0.10322,826292.0
2025-04-29 14:00:00+00:00,0.10328,0.10385,0.10276,0.10315,419754.0
2025-04-29 14:15:00+00:00,0.10317,0.10328,0.09833,0.09991,3690262.0
2025-04-29 14:30:00+00:00,0.0999,0.10072,0.09775,0.09948,3310992.0
2025-04-29 14:45:00+00:00,0.09945,0.09988,0.09883,0.09945,723323.0
2025-04-29 15:00:00+00:00,0.09951,0.10047,0.0986,0.09892,790556.0
2025-04-29 15:15:00+00:00,0.09893,0.09927,0.0974,0.09758,3248327.0
2025-04-29 15:30:00+00:00,0.09758,0.10164,0.09734,0.09856,8368334.0
2025-04-29 15:45:00+00:00,0.09857,0.10107,0.09811,0.0999,2455954.0
2025-04-29 16:00:00+00:00,0.0999,0.10088,0.09953,0.10065,540730.0
2025-04-29 16:15:00+00:00,0.10065,0.10259,0.10049,0.10253,1475913.0
2025-04-29 16:30:00+00:00,0.10253,0.1034,0.10059,0.102,4103781.0
2025-04-29 16:45:00+00:00,0.102,0.10216,0.101,0.10133,391112.0
2025-04-29 17:00:00+00:00,0.10132,0.1031,0.10126,0.10271,2702840.0
2025-04-29 17:15:00+00:00,0.10274,0.10348,0.10034,0.10092,1396661.0
2025-04-29 17:30:00+00:00,0.10097,0.10114,0.09933,0.10049,2388469.0
2025-04-29 17:45:00+00:00,0.10057,0.10166,0.10033,0.10154,610340.0
2025-04-29 18:00:00+00:00,0.10159,0.10172,0.09988,0.10004,611949.0
2025-04-29 18:15:00+00:00,0.10008,0.10034,0.09973,0.09986,277106.0
2025-04-29 18:30:00+00:00,0.09991,0.10022,0.09938,0.09971,526691.0
2025-04-29 18:45:00+00:00,0.09972,0.10019,0.09968,0.09968,287507.0
2025-04-29 19:00:00+00:00,0.09974,0.10056,0.09933,0.0998,285664.0
2025-04-29 19:15:00+00:00,0.09977,0.10098,0.09972,0.10057,639024.0
2025-04-29 19:30:00+00:00,0.10057,0.10079,0.09976,0.10029,615504.0
2025-04-29 19:45:00+00:00,0.10033,0.10051,0.09858,0.0989,1181092.0
2025-04-29 20:00:00+00:00,0.09887,0.09984,0.09817,0.09835,1424500.0
2025-04-29 20:15:00+00:00,0.09838,0.09874,0.09808,0.09873,848259.0
2025-04-29 20:30:00+00:00,0.09867,0.09908,0.0982,0.09878,813846.0
2025-04-29 20:45:00+00:00,0.09871,0.0998,0.09781,0.09841,1709013.0
2025-04-29 21:00:00+00:00,0.09838,0.09856,0.09741,0.09775,425799.0
2025-04-29 21:15:00+00:00,0.09765,0.09832,0.09551,0.09685,4138618.0
2025-04-29 21:30:00+00:00,0.0968,0.09689,0.09482,0.09533,2869039.0
2025-04-29 21:45:00+00:00,0.09534,0.09643,0.09502,0.09628,819942.0
2025-04-29 22:00:00+00:00,0.09631,0.09631,0.09371,0.094,2827449.0
2025-04-29 22:15:00+00:00,0.09398,0.09414,0.09224,0.09271,2185912.0
2025-04-29 22:30:00+00:00,0.09274,0.093,0.09167,0.09181,1102895.0
2025-04-29 22:45:00+00:00,0.09182,0.09216,0.09099,0.0916,975094.0
2025-04-29 23:00:00+00:00,0.09155,0.09271,0.0911,0.09193,1154982.0
2025-04-29 23:15:00+00:00,0.09196,0.09338,0.09173,0.0933,799169.0
2025-04-29 23:30:00+00:00,0.0933,0.09448,0.0933,0.09385,798088.0
2025-04-29 23:45:00+00:00,0.0939,0.09441,0.09336,0.09337,704881.0
2025-04-30 00:00:00+00:00,0.0934,0.09511,0.09298,0.09485,1068996.0
2025-04-30 00:15:00+00:00,0.09491,0.09579,0.09411,0.09447,1123833.0
2025-04-30 00:30:00+00:00,0.09447,0.09568,0.09406,0.09522,2463006.0
2025-04-30 00:45:00+00:00,0.09525,0.096,0.09503,0.09538,1664408.0
2025-04-30 01:00:00+00:00,0.09532,0.09591,0.09224,0.09258,2295358.0
2025-04-30 01:15:00+00:00,0.09265,0.09395,0.09265,0.09391,825760.0
2025-04-30 01:30:00+00:00,0.09381,0.09412,0.09186,0.09293,1529771.0
2025-04-30 01:45:00+00:00,0.09307,0.09338,0.092,0.09298,695456.0
2025-04-30 02:00:00+00:00,0.09298,0.09317,0.09201,0.09258,768887.0
2025-04-30 02:15:00+00:00,0.09254,0.09371,0.09254,0.09309,719388.0
2025-04-30 02:30:00+00:00,0.09314,0.09381,0.09294,0.09337,691317.0
2025-04-30 02:45:00+00:00,0.09325,0.09399,0.09325,0.0936,343127.0
2025-04-30 03:00:00+00:00,0.0936,0.09362,0.09236,0.09271,828903.0
2025-04-30 03:15:00+00:00,0.09271,0.0933,0.09211,0.09247,749789.0
2025-04-30 03:30:00+00:00,0.09242,0.09432,0.09232,0.09402,586541.0
2025-04-30 03:45:00+00:00,0.094,0.09426,0.09358,0.09389,500873.0
2025-04-30 04:00:00+00:00,0.09384,0.09499,0.09379,0.09435,1090599.0
2025-04-30 04:15:00+00:00,0.09435,0.09483,0.09344,0.09354,871537.0
2025-04-30 04:30:00+00:00,0.09352,0.09373,0.09305,0.09356,387327.0
2025-04-30 04:45:00+00:00,0.0935,0.09375,0.09335,0.09369,232950.0
2025-04-30 05:00:00+00:00,0.09364,0.0938,0.09323,0.09327,291783.0
2025-04-30 05:15:00+00:00,0.09327,0.09374,0.09325,0.09336,327297.0
2025-04-30 05:30:00+00:00,0.09338,0.09358,0.09317,0.09339,323336.0
2025-04-30 05:45:00+00:00,0.09339,0.0939,0.09326,0.09379,161945.0
2025-04-30 06:00:00+00:00,0.09384,0.09456,0.09346,0.09434,320616.0
2025-04-30 06:15:00+00:00,0.09443,0.09462,0.0941,0.09441,244387.0
2025-04-30 06:30:00+00:00,0.0944,0.09579,0.0944,0.09542,909638.0
2025-04-30 06:45:00+00:00,0.09542,0.09728,0.09534,0.0962,1244493.0
2025-04-30 07:00:00+00:00,0.09617,0.0971,0.09607,0.09686,547230.0
2025-04-30 07:15:00+00:00,0.09663,0.09817,0.09651,0.09789,650073.0
2025-04-30 07:30:00+00:00,0.09793,0.09849,0.09762,0.09773,505123.0
2025-04-30 07:45:00+00:00,0.09773,0.09821,0.09611,0.09679,1662184.0
2025-04-30 08:00:00+00:00,0.09669,0.09867,0.09662,0.09842,487238.0
2025-04-30 08:15:00+00:00,0.09838,0.09929,0.09785,0.09858,761149.0
2025-04-30 08:30:00+00:00,0.09858,0.09868,0.0961,0.09655,622774.0
2025-04-30 08:45:00+00:00,0.09656,0.09741,0.09615,0.09715,357893.0
2025-04-30 09:00:00+00:00,0.0972,0.09776,0.09684,0.09765,198228.0
2025-04-30 09:15:00+00:00,0.09756,0.09889,0.09732,0.09861,646341.0
2025-04-30 09:30:00+00:00,0.09859,0.09959,0.09852,0.09859,874088.0
2025-04-30 09:45:00+00:00,0.09857,0.09912,0.0982,0.09837,341002.0
2025-04-30 10:00:00+00:00,0.09837,0.09865,0.09779,0.09789,498235.0
2025-04-30 10:15:00+00:00,0.09793,0.09798,0.09625,0.09688,812373.0
2025-04-30 10:30:00+00:00,0.09688,0.09736,0.0967,0.09728,210531.0
2025-04-30 10:45:00+00:00,0.09733,0.09746,0.097,0.09728,199045.0
2025-04-30 11:00:00+00:00,0.09728,0.09775,0.09705,0.09746,325311.0
2025-04-30 11:15:00+00:00,0.09745,0.09792,0.09721,0.09751,252875.0
2025-04-30 11:30:00+00:00,0.09755,0.09765,0.09705,0.09741,384205.0
2025-04-30 11:45:00+00:00,0.09747,0.0981,0.09728,0.09778,503813.0
2025-04-30 12:00:00+00:00,0.09774,0.09792,0.09706,0.09725,246881.0
2025-04-30 12:15:00+00:00,0.09727,0.09727,0.095,0.09581,1677777.0
2025-04-30 12:30:00+00:00,0.0958,0.09594,0.09461,0.09501,1758360.0
2025-04-30 12:45:00+00:00,0.09492,0.0955,0.09316,0.09529,1960788.0
2025-04-30 13:00:00+00:00,0.09529,0.09549,0.09425,0.09464,1035996.0
2025-04-30 13:15:00+00:00,0.09458,0.09533,0.09417,0.09512,602916.0
2025-04-30 13:30:00+00:00,0.09509,0.09509,0.09187,0.09288,1730023.0
2025-04-30 13:45:00+00:00,0.09294,0.09348,0.09185,0.0921,1266754.0
2025-04-30 14:00:00+00:00,0.0921,0.09529,0.09193,0.09518,1496195.0
2025-04-30 14:15:00+00:00,0.09515,0.09684,0.09449,0.0962,1489397.0
2025-04-30 14:30:00+00:00,0.09618,0.09646,0.09491,0.09588,678432.0
2025-04-30 14:45:00+00:00,0.09584,0.09607,0.09538,0.09589,177308.0
2025-04-30 15:00:00+00:00,0.09589,0.09613,0.0944,0.09488,739183.0
2025-04-30 15:15:00+00:00,0.09488,0.09516,0.09417,0.09448,423696.0
2025-04-30 15:30:00+00:00,0.0945,0.09562,0.09436,0.09545,352104.0
2025-04-30 15:45:00+00:00,0.0955,0.09589,0.09509,0.09555,304658.0
2025-04-30 16:00:00+00:00,0.09549,0.09573,0.09446,0.09541,648591.0
2025-04-30 16:15:00+00:00,0.0954,0.09632,0.09536,0.09594,409220.0
2025-04-30 16:30:00+00:00,0.09592,0.09592,0.09535,0.0957,111665.0
2025-04-30 16:45:00+00:00,0.09573,0.09575,0.09525,0.09563,142370.0
2025-04-30 17:00:00+00:00,0.09568,0.09601,0.0951,0.0953,201777.0
2025-04-30 17:15:00+00:00,0.09531,0.0956,0.09524,0.09556,96951.0
2025-04-30 17:30:00+00:00,0.09559,0.09611,0.09519,0.09611,115238.0
2025-04-30 17:45:00+00:00,0.096,0.096,0.09538,0.09567,221254.0
2025-04-30 18:00:00+00:00,0.09563,0.09684,0.09563,0.09655,470230.0
2025-04-30 18:15:00+00:00,0.09658,0.09661,0.09531,0.09534,199976.0
2025-04-30 18:30:00+00:00,0.09529,0.09558,0.09502,0.09528,123780.0
2025-04-30 18:45:00+00:00,0.09526,0.09555,0.09516,0.09531,76652.0
2025-04-30 19:00:00+00:00,0.09527,0.09531,0.09426,0.09462,454348.0
2025-04-30 19:15:00+00:00,0.09462,0.09473,0.09401,0.09436,165631.0
2025-04-30 19:30:00+00:00,0.09436,0.09474,0.09402,0.09462,184211.0
2025-04-30 19:45:00+00:00,0.09461,0.09567,0.09461,0.09496,327392.0
2025-04-30 20:00:00+00:00,0.09502,0.09548,0.09472,0.09542,180652.0
2025-04-30 20:15:00+00:00,0.09541,0.09608,0.09537,0.096,277160.0
2025-04-30 20:30:00+00:00,0.09601,0.0962,0.09543,0.09565,172632.0
2025-04-30 20:45:00+00:00,0.09566,0.09603,0.09514,0.09522,111536.0
2025-04-30 21:00:00+00:00,0.09521,0.09543,0.09462,0.09481,352963.0
2025-04-30 21:15:00+00:00,0.09483,0.09545,0.09483,0.09545,94959.0
2025-04-30 21:30:00+00:00,0.09541,0.0955,0.09483,0.09492,190596.0
2025-04-30 21:45:00+00:00,0.09489,0.09523,0.09454,0.09459,57970.0
2025-04-30 22:00:00+00:00,0.09462,0.09539,0.09462,0.09534,91377.0
2025-04-30 22:15:00+00:00,0.09534,0.09534,0.09489,0.09518,132688.0
2025-04-30 22:30:00+00:00,0.09519,0.09532,0.09488,0.09509,103662.0
2025-04-30 22:45:00+00:00,0.09509,0.09532,0.09488,0.09507,292969.0
2025-04-30 23:00:00+00:00,0.09504,0.09554,0.09489,0.09553,228522.0
2025-04-30 23:15:00+00:00,0.09553,0.09565,0.09528,0.09528,126091.0
2025-04-30 23:30:00+00:00,0.09525,0.09529,0.0945,0.09513,146600.0
2025-04-30 23:45:00+00:00,0.09507,0.09557,0.0949,0.09525,181995.0
2025-05-01 00:00:00+00:00,0.09528,0.09561,0.09494,0.09539,231778.0
2025-05-01 00:15:00+00:00,0.09537,0.09537,0.09423,0.09437,198224.0
2025-05-01 00:30:00+00:00,0.09437,0.09448,0.0938,0.09424,697124.0
2025-05-01 00:45:00+00:00,0.09432,0.09467,0.09406,0.09416,143890.0
2025-05-01 01:00:00+00:00,0.09419,0.09611,0.09408,0.09454,2542846.0
2025-05-01 01:15:00+00:00,0.09458,0.09458,0.09372,0.09397,241530.0
2025-05-01 01:30:00+00:00,0.09396,0.09437,0.09352,0.09393,333606.0
2025-05-01 01:45:00+00:00,0.09394,0.09484,0.09369,0.09484,185817.0
2025-05-01 02:00:00+00:00,0.09484,0.09507,0.09405,0.09418,166293.0
2025-05-01 02:15:00+00:00,0.09412,0.09427,0.0939,0.09395,206062.0
2025-05-01 02:30:00+00:00,0.09399,0.09399,0.0932,0.0936,287048.0
2025-05-01 02:45:00+00:00,0.0936,0.09432,0.09331,0.09432,209266.0
2025-05-01 03:00:00+00:00,0.09429,0.0954,0.09415,0.09521,1095798.0
2025-05-01 03:15:00+00:00,0.09521,0.09537,0.09459,0.09475,495586.0
2025-05-01 03:30:00+00:00,0.09474,0.09474,0.09393,0.09424,130981.0
2025-05-01 03:45:00+00:00,0.09424,0.09424,0.09383,0.09386,168340.0
2025-05-01 04:00:00+00:00,0.09386,0.09426,0.09369,0.0941,212956.0
2025-05-01 04:15:00+00:00,0.09406,0.09415,0.09282,0.09305,621380.0
2025-05-01 04:30:00+00:00,0.09309,0.09328,0.0929,0.09319,147883.0
2025-05-01 04:45:00+00:00,0.09327,0.094,0.09286,0.09388,223527.0
2025-05-01 05:00:00+00:00,0.09382,0.09383,0.09313,0.09313,331842.0
2025-05-01 05:15:00+00:00,0.09312,0.09328,0.09226,0.09325,757418.0
2025-05-01 05:30:00+00:00,0.09323,0.09394,0.09264,0.0939,648367.0
2025-05-01 05:45:00+00:00,0.09388,0.0941,0.09313,0.09316,169488.0
2025-05-01 06:00:00+00:00,0.0932,0.09333,0.09205,0.09222,459870.0
2025-05-01 06:15:00+00:00,0.09214,0.0932,0.09195,0.09301,749176.0
2025-05-01 06:30:00+00:00,0.093,0.093,0.0925,0.0925,183195.0
2025-05-01 06:45:00+00:00,0.09249,0.09252,0.09204,0.09241,214905.0
2025-05-01 07:00:00+00:00,0.09236,0.09261,0.0921,0.09218,215375.0
2025-05-01 07:15:00+00:00,0.0922,0.09252,0.09202,0.09202,152579.0
2025-05-01 07:30:00+00:00,0.09201,0.09216,0.0918,0.09191,181107.0
2025-05-01 07:45:00+00:00,0.09188,0.09247,0.09163,0.09247,238971.0
2025-05-01 08:00:00+00:00,0.0924,0.09244,0.09163,0.09229,288551.0
2025-05-01 08:15:00+00:00,0.09225,0.09236,0.09188,0.09218,103829.0
2025-05-01 08:30:00+00:00,0.0922,0.09309,0.0922,0.09303,362752.0
2025-05-01 08:45:00+00:00,0.09308,0.09326,0.0926,0.09264,237799.0
2025-05-01 09:00:00+00:00,0.09268,0.09339,0.09268,0.09305,216502.0
2025-05-01 09:15:00+00:00,0.09305,0.09346,0.093,0.09329,278045.0
2025-05-01 09:30:00+00:00,0.09328,0.09448,0.09285,0.09434,803949.0
2025-05-01 09:45:00+00:00,0.09433,0.09447,0.09384,0.09438,534352.0
2025-05-01 10:00:00+00:00,0.09438,0.09514,0.0942,0.09508,265183.0
2025-05-01 10:15:00+00:00,0.09499,0.09684,0.09499,0.09631,1950484.0
2025-05-01 10:30:00+00:00,0.09632,0.09724,0.09531,0.09568,1101461.0
2025-05-01 10:45:00+00:00,0.0957,0.09668,0.09508,0.09658,357712.0
2025-05-01 11:00:00+00:00,0.09657,0.09678,0.09546,0.09562,417451.0
2025-05-01 11:15:00+00:00,0.09553,0.09568,0.09429,0.09449,543168.0
2025-05-01 11:30:00+00:00,0.09449,0.09539,0.0942,0.09518,245538.0
2025-05-01 11:45:00+00:00,0.09505,0.09582,0.09495,0.09577,181798.0
2025-05-01 12:00:00+00:00,0.09581,0.09594,0.09502,0.09577,123749.0
2025-05-01 12:15:00+00:00,0.09577,0.09627,0.09524,0.09627,452521.0
2025-05-01 12:30:00+00:00,0.09623,0.09675,0.09592,0.09624,517304.0
2025-05-01 12:45:00+00:00,0.09624,0.0964,0.09536,0.09555,480317.0
2025-05-01 13:00:00+00:00,0.09559,0.09598,0.09509,0.09598,683824.0
2025-05-01 13:15:00+00:00,0.09588,0.09705,0.09548,0.09576,927711.0
2025-05-01 13:30:00+00:00,0.09583,0.09584,0.09344,0.09387,1143182.0
2025-05-01 13:45:00+00:00,0.09377,0.09555,0.09333,0.09403,1380312.0
2025-05-01 14:00:00+00:00,0.09413,0.0947,0.09373,0.09456,290459.0
2025-05-01 14:15:00+00:00,0.09453,0.09586,0.09453,0.09579,257986.0
2025-05-01 14:30:00+00:00,0.09581,0.09615,0.0951,0.09558,429859.0
2025-05-01 14:45:00+00:00,0.09553,0.09593,0.09543,0.09567,83199.0
2025-05-01 15:00:00+00:00,0.0957,0.09582,0.09522,0.0958,235519.0
2025-05-01 15:15:00+00:00,0.0958,0.09592,0.0948,0.09498,317421.0
2025-05-01 15:30:00+00:00,0.09501,0.09537,0.09443,0.09531,258779.0
2025-05-01 15:45:00+00:00,0.09536,0.09558,0.09398,0.09416,504936.0
2025-05-01 16:00:00+00:00,0.09419,0.09507,0.09417,0.09439,336442.0
2025-05-01 16:15:00+00:00,0.09436,0.09436,0.09298,0.09371,587156.0
2025-05-01 16:30:00+00:00,0.09363,0.09394,0.09349,0.09388,151368.0
2025-05-01 16:45:00+00:00,0.09386,0.0939,0.09272,0.09355,638610.0
2025-05-01 17:00:00+00:00,0.09348,0.09408,0.09347,0.0936,152252.0
2025-05-01 17:15:00+00:00,0.09371,0.09407,0.0929,0.09323,300945.0
2025-05-01 17:30:00+00:00,0.0932,0.09361,0.0927,0.09313,262378.0
2025-05-01 17:45:00+00:00,0.09316,0.09387,0.0929,0.09353,306779.0
2025-05-01 18:00:00+00:00,0.09361,0.0941,0.09341,0.09344,173244.0
2025-05-01 18:15:00+00:00,0.09344,0.09345,0.09107,0.09195,1332919.0
2025-05-01 18:30:00+00:00,0.0919,0.0919,0.08778,0.0896,5557271.0
2025-05-01 18:45:00+00:00,0.08957,0.09084,0.089,0.09044,2825508.0
2025-05-01 19:00:00+00:00,0.0904,0.09135,0.08984,0.09006,2612466.0
2025-05-01 19:15:00+00:00,0.09006,0.09083,0.0899,0.09009,1289587.0
2025-05-01 19:30:00+00:00,0.09018,0.09039,0.08946,0.08987,994761.0
2025-05-01 19:45:00+00:00,0.0899,0.09072,0.08987,0.09056,322393.0
2025-05-01 20:00:00+00:00,0.09058,0.09089,0.09006,0.09065,314413.0
2025-05-01 20:15:00+00:00,0.09058,0.0918,0.09049,0.09062,1017761.0
2025-05-01 20:30:00+00:00,0.09065,0.09109,0.09031,0.09104,340402.0
2025-05-01 20:45:00+00:00,0.09109,0.09142,0.09031,0.09097,334932.0
2025-05-01 21:00:00+00:00,0.09095,0.09095,0.09004,0.09069,649750.0
2025-05-01 21:15:00+00:00,0.09062,0.09102,0.09058,0.09084,71471.0
2025-05-01 21:30:00+00:00,0.09082,0.09082,0.0894,0.09004,571696.0
2025-05-01 21:45:00+00:00,0.09007,0.09093,0.09005,0.09093,190102.0
2025-05-01 22:00:00+00:00,0.09088,0.091,0.09029,0.0908,168508.0
2025-05-01 22:15:00+00:00,0.09084,0.09104,0.09054,0.09083,131355.0
2025-05-01 22:30:00+00:00,0.09084,0.09094,0.09,0.09016,203352.0
2025-05-01 22:45:00+00:00,0.09012,0.09073,0.08998,0.09019,574043.0
2025-05-01 23:00:00+00:00,0.0902,0.09031,0.08942,0.0898,318469.0
2025-05-01 23:15:00+00:00,0.08988,0.09003,0.08737,0.08844,2590498.0
2025-05-01 23:30:00+00:00,0.08842,0.08862,0.08712,0.08847,1260983.0
2025-05-01 23:45:00+00:00,0.08852,0.08883,0.08801,0.08858,690876.0
2025-05-02 00:00:00+00:00,0.08859,0.08941,0.0882,0.08906,724645.0
2025-05-02 00:15:00+00:00,0.08913,0.08974,0.08908,0.08941,447238.0
2025-05-02 00:30:00+00:00,0.08945,0.09025,0.0894,0.08975,473679.0
2025-05-02 00:45:00+00:00,0.08972,0.09,0.08933,0.08984,322556.0
2025-05-02 01:00:00+00:00,0.08984,0.08998,0.0886,0.08919,830857.0
2025-05-02 01:15:00+00:00,0.08919,0.0894,0.08779,0.08788,420048.0
2025-05-02 01:30:00+00:00,0.08786,0.0884,0.08776,0.08832,366403.0
2025-05-02 01:45:00+00:00,0.08831,0.08831,0.0878,0.08803,447291.0
2025-05-02 02:00:00+00:00,0.088,0.088,0.08671,0.08671,689420.0
2025-05-02 02:15:00+00:00,0.08671,0.08777,0.0863,0.08755,907531.0
2025-05-02 02:30:00+00:00,0.08754,0.08839,0.08742,0.0883,468411.0
2025-05-02 02:45:00+00:00,0.08828,0.08865,0.088,0.08846,410511.0
2025-05-02 03:00:00+00:00,0.08846,0.08881,0.08799,0.08862,544705.0
2025-05-02 03:15:00+00:00,0.0886,0.0886,0.08721,0.08743,560737.0
2025-05-02 03:30:00+00:00,0.08741,0.08751,0.08699,0.08724,348615.0
2025-05-02 03:45:00+00:00,0.08727,0.08784,0.08703,0.0875,507950.0
2025-05-02 04:00:00+00:00,0.08755,0.08777,0.08687,0.08716,431898.0
2025-05-02 04:15:00+00:00,0.08711,0.0873,0.08675,0.08704,674840.0
2025-05-02 04:30:00+00:00,0.08701,0.08773,0.08678,0.0874,398558.0
2025-05-02 04:45:00+00:00,0.08739,0.08813,0.0873,0.08772,258195.0
2025-05-02 05:00:00+00:00,0.08773,0.08808,0.08738,0.08792,291761.0
2025-05-02 05:15:00+00:00,0.08793,0.08813,0.08715,0.08813,212266.0
2025-05-02 05:30:00+00:00,0.08811,0.08829,0.08759,0.08829,593970.0
2025-05-02 05:45:00+00:00,0.08828,0.08839,0.08765,0.08787,211219.0
2025-05-02 06:00:00+00:00,0.0879,0.08817,0.08756,0.08772,344360.0
2025-05-02 06:15:00+00:00,0.0877,0.08784,0.08714,0.08775,537245.0
2025-05-02 06:30:00+00:00,0.08776,0.08814,0.0866,0.08679,521908.0
2025-05-02 06:45:00+00:00,0.08675,0.08735,0.08635,0.08679,718157.0
2025-05-02 07:00:00+00:00,0.08679,0.08758,0.08652,0.08735,329548.0
2025-05-02 07:15:00+00:00,0.08737,0.08781,0.0872,0.08748,413038.0
2025-05-02 07:30:00+00:00,0.08744,0.08746,0.08676,0.08697,298653.0
2025-05-02 07:45:00+00:00,0.08692,0.0874,0.08677,0.08694,312250.0
2025-05-02 08:00:00+00:00,0.08688,0.08793,0.08655,0.08717,1332122.0
2025-05-02 08:15:00+00:00,0.08722,0.08749,0.08675,0.08731,350950.0
2025-05-02 08:30:00+00:00,0.08729,0.08814,0.08723,0.08754,341820.0
2025-05-02 08:45:00+00:00,0.08754,0.08796,0.08744,0.08763,234797.0
2025-05-02 09:00:00+00:00,0.08761,0.08814,0.08734,0.08804,297359.0
2025-05-02 09:15:00+00:00,0.08803,0.08807,0.0875,0.08763,189465.0
2025-05-02 09:30:00+00:00,0.08762,0.0879,0.08724,0.08733,319960.0
2025-05-02 09:45:00+00:00,0.08737,0.08778,0.08733,0.08751,215891.0
2025-05-02 10:00:00+00:00,0.0875,0.08871,0.0875,0.08827,558974.0
2025-05-02 10:15:00+00:00,0.0883,0.09163,0.08798,0.09087,7487409.0
2025-05-02 10:30:00+00:00,0.0909,0.09375,0.08915,0.09195,6262691.0
2025-05-02 10:45:00+00:00,0.092,0.09339,0.09054,0.09086,2190850.0
2025-05-02 11:00:00+00:00,0.09089,0.09094,0.08798,0.08908,4994902.0
2025-05-02 11:15:00+00:00,0.08908,0.08959,0.08881,0.08925,892050.0
2025-05-02 11:30:00+00:00,0.08924,0.08924,0.08709,0.08767,2902140.0
2025-05-02 11:45:00+00:00,0.08768,0.08797,0.08748,0.08758,573353.0
2025-05-02 12:00:00+00:00,0.08756,0.08793,0.0871,0.0871,748697.0
2025-05-02 12:15:00+00:00,0.0871,0.08728,0.08596,0.08694,2079545.0
2025-05-02 12:30:00+00:00,0.087,0.08859,0.087,0.08796,1400750.0
2025-05-02 12:45:00+00:00,0.08793,0.08889,0.08789,0.08806,1083880.0
2025-05-02 13:00:00+00:00,0.08817,0.0882,0.08754,0.08801,376280.0
2025-05-02 13:15:00+00:00,0.08801,0.08827,0.08759,0.08799,288135.0
2025-05-02 13:30:00+00:00,0.08807,0.08829,0.08735,0.08805,556604.0
2025-05-02 13:45:00+00:00,0.08813,0.08826,0.0874,0.08747,501417.0
2025-05-02 14:00:00+00:00,0.08739,0.08838,0.08735,0.08788,432991.0
2025-05-02 14:15:00+00:00,0.08786,0.08818,0.0878,0.08798,119936.0
2025-05-02 14:30:00+00:00,0.08793,0.0887,0.08775,0.08867,538213.0
2025-05-02 14:45:00+00:00,0.08867,0.08928,0.0884,0.08928,510770.0
2025-05-02 15:00:00+00:00,0.08924,0.09077,0.08876,0.09049,2285868.0
2025-05-02 15:15:00+00:00,0.0905,0.09107,0.08976,0.09041,1102723.0
2025-05-02 15:30:00+00:00,0.09038,0.09072,0.08979,0.08992,558659.0
2025-05-02 15:45:00+00:00,0.08991,0.09057,0.08991,0.09003,409997.0
2025-05-02 16:00:00+00:00,0.09007,0.09202,0.08983,0.09083,2176612.0
2025-05-02 16:15:00+00:00,0.09083,0.09102,0.08815,0.08893,3183684.0
2025-05-02 16:30:00+00:00,0.08899,0.08923,0.08805,0.08835,738827.0
2025-05-02 16:45:00+00:00,0.08833,0.08896,0.08827,0.08895,188786.0
2025-05-02 17:00:00+00:00,0.08894,0.089,0.08824,0.08882,703481.0
2025-05-02 17:15:00+00:00,0.08883,0.08962,0.08869,0.08951,473295.0
2025-05-02 17:30:00+00:00,0.08952,0.08972,0.08835,0.08839,540055.0
2025-05-02 17:45:00+00:00,0.08838,0.08893,0.0883,0.08891,161274.0
2025-05-02 18:00:00+00:00,0.08888,0.08976,0.08832,0.08904,1462730.0
2025-05-02 18:15:00+00:00,0.08902,0.09196,0.08895,0.09194,3526202.0
2025-05-02 18:30:00+00:00,0.09196,0.0979,0.09179,0.09605,11116415.0
2025-05-02 18:45:00+00:00,0.09597,0.09917,0.09552,0.09802,7621842.0
2025-05-02 19:00:00+00:00,0.09803,0.09987,0.09477,0.09496,11676316.0
2025-05-02 19:15:00+00:00,0.095,0.09545,0.09341,0.09482,4626133.0
2025-05-02 19:30:00+00:00,0.09479,0.09824,0.09439,0.09784,4525971.0
2025-05-02 19:45:00+00:00,0.09784,0.09863,0.09648,0.09787,2491373.0
2025-05-02 20:00:00+00:00,0.0979,0.09948,0.09713,0.09863,2362699.0
2025-05-02 20:15:00+00:00,0.0987,0.0992,0.09763,0.099,1907677.0
2025-05-02 20:30:00+00:00,0.099,0.09931,0.09523,0.09622,3447751.0
2025-05-02 20:45:00+00:00,0.09621,0.09627,0.095,0.09613,2055828.0
2025-05-02 21:00:00+00:00,0.09606,0.09859,0.09606,0.09833,1289560.0
2025-05-02 21:15:00+00:00,0.0983,0.09907,0.09787,0.09835,1095268.0
2025-05-02 21:30:00+00:00,0.09838,0.09903,0.0977,0.09854,1105403.0
2025-05-02 21:45:00+00:00,0.09858,0.09858,0.0977,0.09839,462708.0
2025-05-02 22:00:00+00:00,0.09837,0.09857,0.09713,0.09834,645675.0
2025-05-02 22:15:00+00:00,0.09832,0.10032,0.09815,0.0999,2093729.0
2025-05-02 22:30:00+00:00,0.09982,0.10357,0.09973,0.10297,4683938.0
2025-05-02 22:45:00+00:00,0.10305,0.10326,0.10166,0.10231,2376842.0
2025-05-02 23:00:00+00:00,0.10227,0.10388,0.09844,0.09918,4472800.0
2025-05-02 23:15:00+00:00,0.0993,0.10001,0.09826,0.09906,2262405.0
2025-05-02 23:30:00+00:00,0.09906,0.10119,0.09874,0.10081,1409759.0
2025-05-02 23:45:00+00:00,0.10082,0.10818,0.10082,0.10747,8703743.0
2025-07-20 16:00:00+00:00,0.07151,0.07176,0.07143,0.07172,322790.0
2025-07-20 16:15:00+00:00,0.07172,0.07179,0.07136,0.07152,237388.0
2025-07-20 16:30:00+00:00,0.07157,0.07178,0.07143,0.07171,277226.0
2025-07-20 16:45:00+00:00,0.07171,0.07181,0.07148,0.07149,144687.0
2025-07-20 17:00:00+00:00,0.07149,0.08452,0.07116,0.08201,47580465.0
2025-07-20 17:15:00+00:00,0.08187,0.08397,0.07977,0.08113,12589895.0
2025-07-20 17:30:00+00:00,0.08112,0.08173,0.0772,0.07733,7620963.0
2025-07-20 17:45:00+00:00,0.07732,0.08047,0.07403,0.07763,16181332.0
2025-07-20 18:00:00+00:00,0.0776,0.07824,0.07692,0.07717,2271957.0
2025-07-20 18:15:00+00:00,0.07716,0.078,0.07707,0.07751,1316933.0
2025-07-20 18:30:00+00:00,0.07751,0.07812,0.07723,0.07758,648977.0
2025-07-20 18:45:00+00:00,0.07752,0.07797,0.07735,0.07749,388035.0
2025-07-20 19:00:00+00:00,0.07749,0.07792,0.0771,0.07777,529290.0
2025-07-20 19:15:00+00:00,0.07773,0.078,0.07729,0.078,289831.0
2025-07-20 19:30:00+00:00,0.07794,0.07803,0.07685,0.07743,1064748.0
2025-07-20 19:45:00+00:00,0.07743,0.0775,0.07674,0.07692,361166.0
2025-07-20 20:00:00+00:00,0.07687,0.07693,0.07652,0.07665,488080.0
2025-07-20 20:15:00+00:00,0.07665,0.07707,0.07663,0.07692,305989.0
2025-07-20 20:30:00+00:00,0.0769,0.07744,0.0768,0.0771,443935.0
2025-07-20 20:45:00+00:00,0.0771,0.0774,0.07688,0.07691,191672.0
2025-07-20 21:00:00+00:00,0.07691,0.07692,0.07553,0.07582,641498.0
2025-07-20 21:15:00+00:00,0.07578,0.0764,0.07555,0.07632,507480.0
2025-07-20 21:30:00+00:00,0.07632,0.07685,0.07627,0.07677,201599.0
2025-07-20 21:45:00+00:00,0.07677,0.07743,0.07662,0.07734,378872.0
2025-07-20 22:00:00+00:00,0.07737,0.07738,0.07561,0.0759,768605.0
2025-07-20 22:15:00+00:00,0.07591,0.07607,0.07501,0.07572,723217.0
2025-07-20 22:30:00+00:00,0.07571,0.07601,0.0753,0.07553,519971.0
2025-07-20 22:45:00+00:00,0.07561,0.07561,0.07504,0.07523,225141.0
2025-07-20 23:00:00+00:00,0.07524,0.07524,0.07418,0.07466,532960.0
2025-07-20 23:15:00+00:00,0.07463,0.07475,0.07425,0.0744,371949.0
2025-07-20 23:30:00+00:00,0.07439,0.07527,0.07434,0.07527,208719.0
2025-07-20 23:45:00+00:00,0.07522,0.07591,0.07521,0.07545,837857.0
2025-07-21 00:00:00+00:00,0.07551,0.07596,0.07539,0.07548,396830.0
2025-07-21 00:15:00+00:00,0.07546,0.07649,0.07546,0.07613,738470.0
2025-07-21 00:30:00+00:00,0.07611,0.07642,0.07552,0.07623,796626.0
2025-07-21 00:45:00+00:00,0.07625,0.07673,0.07614,0.07652,415327.0
2025-07-21 01:00:00+00:00,0.07651,0.07653,0.07564,0.07571,491142.0
2025-07-21 01:15:00+00:00,0.07578,0.07608,0.07578,0.07593,139347.0
2025-07-21 01:30:00+00:00,0.07586,0.07606,0.07495,0.0758,494986.0
2025-07-21 01:45:00+00:00,0.07578,0.07582,0.07522,0.07559,301488.0
2025-07-21 02:00:00+00:00,0.0756,0.07592,0.07536,0.07577,254431.0
2025-07-21 02:15:00+00:00,0.0758,0.07611,0.07562,0.07611,251398.0
2025-07-21 02:30:00+00:00,0.07604,0.07632,0.07577,0.07609,172308.0
2025-07-21 02:45:00+00:00,0.07616,0.07661,0.07607,0.07643,210183.0
2025-07-21 03:00:00+00:00,0.07645,0.0768,0.07638,0.07654,183571.0
2025-07-21 03:15:00+00:00,0.0766,0.07841,0.07652,0.07747,914489.0
2025-07-21 03:30:00+00:00,0.07746,0.07755,0.07691,0.07708,285763.0
2025-07-21 03:45:00+00:00,0.07703,0.07752,0.07698,0.07735,246203.0
2025-07-21 04:00:00+00:00,0.07735,0.07735,0.07662,0.07671,193116.0
2025-07-21 04:15:00+00:00,0.07671,0.07671,0.07607,0.0765,615015.0
2025-07-21 04:30:00+00:00,0.07653,0.07689,0.07632,0.07666,297932.0
2025-07-21 04:45:00+00:00,0.07668,0.07674,0.07612,0.07631,598072.0
2025-07-21 05:00:00+00:00,0.07628,0.07632,0.07583,0.07607,329817.0
2025-07-21 05:15:00+00:00,0.0761,0.07663,0.07605,0.07634,178943.0
2025-07-21 05:30:00+00:00,0.07633,0.07697,0.07626,0.07644,326497.0
2025-07-21 05:45:00+00:00,0.07644,0.07806,0.07638,0.07733,846041.0
2025-07-21 06:00:00+00:00,0.07738,0.07798,0.0771,0.07723,563795.0
2025-07-21 06:15:00+00:00,0.07719,0.07772,0.07708,0.07755,231695.0
2025-07-21 06:30:00+00:00,0.07747,0.07766,0.07728,0.07744,300759.0
2025-07-21 06:45:00+00:00,0.07738,0.07772,0.07735,0.07754,357952.0
2025-07-21 07:00:00+00:00,0.07754,0.07816,0.07742,0.07789,425156.0
2025-07-21 07:15:00+00:00,0.07789,0.07817,0.07776,0.07809,177879.0
2025-07-21 07:30:00+00:00,0.07802,0.0785,0.07792,0.07842,417155.0
2025-07-21 07:45:00+00:00,0.07834,0.07847,0.07756,0.078,741303.0
2025-07-21 08:00:00+00:00,0.07811,0.07849,0.07795,0.07829,142029.0
2025-07-21 08:15:00+00:00,0.0784,0.07925,0.07829,0.07914,399314.0
2025-07-21 08:30:00+00:00,0.07902,0.07935,0.07851,0.07868,545323.0
2025-07-21 08:45:00+00:00,0.07869,0.07995,0.07863,0.07983,527107.0
2025-07-21 09:00:00+00:00,0.07983,0.08033,0.07944,0.07981,924908.0
2025-07-21 09:15:00+00:00,0.07976,0.08025,0.07962,0.08002,346183.0
2025-07-21 09:30:00+00:00,0.08002,0.0803,0.07935,0.07974,495234.0
2025-07-21 09:45:00+00:00,0.07973,0.08034,0.07944,0.08017,530986.0
2025-07-21 10:00:00+00:00,0.08017,0.08088,0.07992,0.08083,469023.0
2025-07-21 10:15:00+00:00,0.08079,0.08153,0.08056,0.08125,1027987.0
2025-07-21 10:30:00+00:00,0.0812,0.0814,0.07963,0.07993,920678.0
2025-07-21 10:45:00+00:00,0.07995,0.08027,0.07981,0.08004,295519.0
2025-07-21 11:00:00+00:00,0.0801,0.08033,0.0795,0.07987,578948.0
2025-07-21 11:15:00+00:00,0.07994,0.08171,0.07987,0.0816,664511.0
2025-07-21 11:30:00+00:00,0.08159,0.08357,0.08159,0.08313,1665728.0
2025-07-21 11:45:00+00:00,0.08316,0.08316,0.08171,0.08224,1677237.0
2025-07-21 12:00:00+00:00,0.08218,0.08221,0.08048,0.08133,1734306.0
2025-07-21 12:15:00+00:00,0.08127,0.08127,0.07942,0.08055,2797930.0
2025-07-21 12:30:00+00:00,0.08054,0.08067,0.07876,0.07897,1799238.0
2025-07-21 12:45:00+00:00,0.07893,0.07934,0.07852,0.07913,1120692.0
2025-07-21 13:00:00+00:00,0.07903,0.07999,0.0789,0.07945,1232034.0
2025-07-21 13:15:00+00:00,0.07946,0.07988,0.0791,0.07955,403831.0
2025-07-21 13:30:00+00:00,0.07951,0.07967,0.07858,0.07878,582929.0
2025-07-21 13:45:00+00:00,0.07878,0.07981,0.07878,0.07977,393763.0
2025-07-21 14:00:00+00:00,0.07979,0.07988,0.07763,0.07819,918665.0
2025-07-21 14:15:00+00:00,0.07821,0.07963,0.07804,0.079,597738.0
2025-07-21 14:30:00+00:00,0.079,0.07949,0.0701,0.07056,21630234.0
2025-07-21 14:45:00+00:00,0.07063,0.07335,0.06801,0.07126,22152470.0
2025-07-21 15:00:00+00:00,0.07124,0.07262,0.07057,0.07142,2263903.0
2025-07-21 15:15:00+00:00,0.07136,0.07239,0.0712,0.07133,1189004.0
2025-07-21 15:30:00+00:00,0.07129,0.07131,0.06654,0.06789,14832866.0
2025-07-21 15:45:00+00:00,0.06789,0.06819,0.0665,0.06664,2942585.0
2025-07-21 16:00:00+00:00,0.06669,0.06794,0.06549,0.06689,6350039.0
2025-07-21 16:15:00+00:00,0.06682,0.06778,0.06605,0.06704,3679338.0
2025-07-21 16:30:00+00:00,0.06701,0.0672,0.06156,0.0618,17676367.0
2025-07-21 16:45:00+00:00,0.06184,0.06344,0.06128,0.06259,4693782.0
2025-07-21 17:00:00+00:00,0.06254,0.06255,0.06151,0.06197,4024760.0
2025-07-21 17:15:00+00:00,0.06187,0.06196,0.06064,0.06167,6319426.0
2025-07-21 17:30:00+00:00,0.06167,0.064,0.06151,0.06282,5777923.0
2025-07-21 17:45:00+00:00,0.06282,0.06306,0.06171,0.06211,2121057.0
2025-07-21 18:00:00+00:00,0.06215,0.06327,0.06158,0.06327,2110932.0
2025-07-21 18:15:00+00:00,0.06327,0.06396,0.06261,0.06283,2006486.0
2025-07-21 18:30:00+00:00,0.06284,0.0633,0.06232,0.06296,1753088.0
2025-07-21 18:45:00+00:00,0.06296,0.06312,0.0622,0.06247,1040706.0
2025-07-21 19:00:00+00:00,0.06249,0.064,0.06196,0.06351,2696803.0
2025-07-21 19:15:00+00:00,0.06348,0.06348,0.0628,0.06289,1317020.0
2025-07-21 19:30:00+00:00,0.06295,0.06351,0.06288,0.06326,737755.0
2025-07-21 19:45:00+00:00,0.06326,0.06359,0.06301,0.06343,675788.0
2025-07-21 20:00:00+00:00,0.06344,0.06399,0.06302,0.06391,1175727.0
2025-07-21 20:15:00+00:00,0.06389,0.06449,0.06347,0.06368,2169151.0
2025-07-21 20:30:00+00:00,0.06371,0.06394,0.06318,0.0634,814049.0
2025-07-21 20:45:00+00:00,0.06338,0.06355,0.06226,0.06255,1348727.0
2025-07-21 21:00:00+00:00,0.06253,0.06385,0.06195,0.06332,2144356.0
2025-07-21 21:15:00+00:00,0.0633,0.06366,0.0632,0.06328,537336.0
2025-07-21 21:30:00+00:00,0.06327,0.06328,0.06253,0.06311,1018557.0
2025-07-21 21:45:00+00:00,0.06315,0.06323,0.06286,0.06306,385120.0
2025-07-21 22:00:00+00:00,0.06304,0.06339,0.06294,0.06317,629194.0
2025-07-21 22:15:00+00:00,0.06314,0.06329,0.06284,0.06317,343640.0
2025-07-21 22:30:00+00:00,0.06317,0.06378,0.06293,0.06367,832485.0
2025-07-21 22:45:00+00:00,0.06364,0.06368,0.06322,0.06345,228835.0
2025-07-21 23:00:00+00:00,0.06345,0.06351,0.06284,0.06339,524777.0
2025-07-21 23:15:00+00:00,0.06339,0.06375,0.06333,0.06356,585744.0
2025-07-21 23:30:00+00:00,0.06356,0.06394,0.06327,0.06342,810816.0
2025-07-21 23:45:00+00:00,0.06344,0.06394,0.06334,0.0636,674466.0
2025-07-22 00:00:00+00:00,0.06359,0.0636,0.0626,0.06303,948468.0
2025-07-22 00:15:00+00:00,0.06306,0.0639,0.06299,0.0637,774428.0
2025-07-22 00:30:00+00:00,0.0637,0.06373,0.06301,0.06342,460382.0
2025-07-22 00:45:00+00:00,0.06337,0.0639,0.06335,0.06384,347659.0
2025-07-22 01:00:00+00:00,0.06383,0.06385,0.06241,0.06252,1119030.0
2025-07-22 01:15:00+00:00,0.06253,0.06346,0.06216,0.06318,1016528.0
2025-07-22 01:30:00+00:00,0.0632,0.06405,0.06292,0.06395,791221.0
2025-07-22 01:45:00+00:00,0.06395,0.0642,0.06375,0.06414,832783.0
2025-07-22 02:00:00+00:00,0.06409,0.06439,0.06362,0.06377,1124774.0
2025-07-22 02:15:00+00:00,0.0638,0.06449,0.06337,0.06409,839871.0
2025-07-22 02:30:00+00:00,0.06408,0.06438,0.06363,0.06384,417351.0
2025-07-22 02:45:00+00:00,0.06378,0.0639,0.06285,0.06306,763526.0
2025-07-22 03:00:00+00:00,0.06305,0.0635,0.0627,0.06344,582572.0
2025-07-22 03:15:00+00:00,0.06335,0.06343,0.06297,0.06319,575754.0
2025-07-22 03:30:00+00:00,0.0632,0.06343,0.06265,0.0629,331697.0
2025-07-22 03:45:00+00:00,0.06283,0.0635,0.06256,0.06344,535401.0
2025-07-22 04:00:00+00:00,0.06342,0.06374,0.06289,0.06341,1025619.0
2025-07-22 04:15:00+00:00,0.06342,0.06359,0.06285,0.06311,587828.0
2025-07-22 04:30:00+00:00,0.06308,0.06354,0.06248,0.06292,1651068.0
2025-07-22 04:45:00+00:00,0.06292,0.06307,0.06232,0.06273,1115407.0
2025-07-22 05:00:00+00:00,0.06272,0.06364,0.06272,0.0636,659476.0
2025-07-22 05:15:00+00:00,0.06359,0.06384,0.06323,0.06356,952966.0
2025-07-22 05:30:00+00:00,0.0635,0.06366,0.06338,0.06348,709203.0
2025-07-22 05:45:00+00:00,0.0635,0.06351,0.06241,0.0629,1357207.0
2025-07-22 06:00:00+00:00,0.06298,0.06315,0.06258,0.06288,555347.0
2025-07-22 06:15:00+00:00,0.06288,0.06341,0.06274,0.06303,412784.0
2025-07-22 06:30:00+00:00,0.06311,0.06311,0.06262,0.06274,393517.0
2025-07-22 06:45:00+00:00,0.06274,0.06297,0.06249,0.06276,442659.0
2025-07-22 07:00:00+00:00,0.06279,0.06339,0.06273,0.06301,469252.0
2025-07-22 07:15:00+00:00,0.06303,0.06357,0.0627,0.06344,532032.0
2025-07-22 07:30:00+00:00,0.06342,0.06355,0.0631,0.0632,364840.0
2025-07-22 07:45:00+00:00,0.06317,0.06325,0.06264,0.06312,666501.0
2025-07-22 08:00:00+00:00,0.06308,0.06318,0.0623,0.0628,1185516.0
2025-07-22 08:15:00+00:00,0.06279,0.06296,0.06127,0.06143,2280957.0
2025-07-22 08:30:00+00:00,0.06147,0.06228,0.0613,0.06212,1048999.0
2025-07-22 08:45:00+00:00,0.06217,0.06222,0.06165,0.06191,1473503.0
2025-07-22 09:00:00+00:00,0.06193,0.06197,0.05955,0.06025,5588020.0
2025-07-22 09:15:00+00:00,0.06027,0.06067,0.06001,0.06046,1476132.0
2025-07-22 09:30:00+00:00,0.06052,0.06096,0.06046,0.06072,1510429.0
2025-07-22 09:45:00+00:00,0.06072,0.06124,0.06067,0.06075,1059773.0
2025-07-22 10:00:00+00:00,0.06076,0.06081,0.06027,0.06072,1129587.0
2025-07-22 10:15:00+00:00,0.06076,0.06129,0.06064,0.06077,1435741.0
2025-07-22 10:30:00+00:00,0.06077,0.06086,0.05962,0.06018,1808664.0
2025-07-22 10:45:00+00:00,0.06018,0.06061,0.06005,0.06039,922465.0
2025-07-22 11:00:00+00:00,0.0604,0.06082,0.06015,0.06045,1603027.0
2025-07-22 11:15:00+00:00,0.06045,0.06063,0.0601,0.06034,709566.0
2025-07-22 11:30:00+00:00,0.06034,0.0607,0.06,0.06059,1222127.0
2025-07-22 11:45:00+00:00,0.06056,0.06124,0.0605,0.06086,2424876.0
2025-07-22 12:00:00+00:00,0.06086,0.06115,0.06051,0.06087,871193.0
2025-07-22 12:15:00+00:00,0.06083,0.06114,0.06059,0.06063,719636.0
2025-07-22 12:30:00+00:00,0.06068,0.06068,0.06018,0.0604,581106.0
2025-07-22 12:45:00+00:00,0.06038,0.0606,0.06016,0.06035,601922.0
2025-07-22 13:00:00+00:00,0.06037,0.06059,0.06003,0.06011,1438657.0
2025-07-22 13:15:00+00:00,0.06011,0.06019,0.05964,0.05984,1868827.0
2025-07-22 13:30:00+00:00,0.05977,0.06058,0.05961,0.06035,1590773.0
2025-07-22 13:45:00+00:00,0.06035,0.06035,0.0596,0.05996,1349470.0
2025-07-22 14:00:00+00:00,0.05992,0.06064,0.05957,0.06043,2918676.0
2025-07-22 14:15:00+00:00,0.06044,0.06048,0.0599,0.06017,855492.0
2025-07-22 14:30:00+00:00,0.06015,0.06039,0.05902,0.05914,2818945.0
2025-07-22 14:45:00+00:00,0.05914,0.05936,0.05829,0.05926,3063734.0
2025-07-22 15:00:00+00:00,0.05926,0.05985,0.05897,0.05983,1614014.0
2025-07-22 15:15:00+00:00,0.05978,0.06025,0.05937,0.05988,1043330.0
2025-07-22 15:30:00+00:00,0.05987,0.06004,0.05951,0.05965,476077.0
2025-07-22 15:45:00+00:00,0.05968,0.05974,0.05934,0.05939,1074816.0
2025-07-22 16:00:00+00:00,0.05938,0.06021,0.0591,0.05972,1059890.0
2025-07-22 16:15:00+00:00,0.05977,0.06006,0.05961,0.06001,673150.0
2025-07-22 16:30:00+00:00,0.05998,0.06016,0.05911,0.05942,1436521.0
2025-07-22 16:45:00+00:00,0.05936,0.05984,0.05914,0.05969,788708.0
2025-07-22 17:00:00+00:00,0.05969,0.06,0.05907,0.0592,2005332.0
2025-07-22 17:15:00+00:00,0.05921,0.05922,0.05863,0.05875,849258.0
2025-07-22 17:30:00+00:00,0.05885,0.059,0.05859,0.05872,601674.0
2025-07-22 17:45:00+00:00,0.05874,0.05971,0.05868,0.05943,862470.0
2025-07-22 18:00:00+00:00,0.05938,0.05995,0.05935,0.05965,988788.0
2025-07-22 18:15:00+00:00,0.05963,0.05967,0.05939,0.05952,240984.0
2025-07-22 18:30:00+00:00,0.05955,0.05969,0.05938,0.05947,298928.0
2025-07-22 18:45:00+00:00,0.05948,0.0598,0.05904,0.05926,1476274.0
2025-07-22 19:00:00+00:00,0.05925,0.05933,0.0587,0.05907,634088.0
2025-07-22 19:15:00+00:00,0.05907,0.05942,0.05892,0.05934,451819.0
2025-07-22 19:30:00+00:00,0.05933,0.05956,0.05919,0.05931,421799.0
2025-07-22 19:45:00+00:00,0.05931,0.05931,0.0584,0.05854,649428.0
2025-07-22 20:00:00+00:00,0.05849,0.05928,0.0584,0.05917,533003.0
2025-07-22 20:15:00+00:00,0.05917,0.05955,0.05896,0.05943,163668.0
2025-07-22 20:30:00+00:00,0.05939,0.05954,0.05903,0.05903,318910.0
2025-07-22 20:45:00+00:00,0.05907,0.05917,0.05886,0.05914,209572.0
2025-07-22 21:00:00+00:00,0.05912,0.05925,0.05877,0.05884,328185.0
2025-07-22 21:15:00+00:00,0.05885,0.05887,0.05851,0.05868,373929.0
2025-07-22 21:30:00+00:00,0.05873,0.05891,0.05863,0.05877,59860.0
2025-07-22 21:45:00+00:00,0.05873,0.05904,0.05867,0.05903,169397.0
2025-07-22 22:00:00+00:00,0.05903,0.05918,0.05863,0.05872,489805.0
2025-07-22 22:15:00+00:00,0.0587,0.05894,0.05861,0.05883,196373.0
2025-07-22 22:30:00+00:00,0.05883,0.05884,0.05861,0.05879,276392.0
2025-07-22 22:45:00+00:00,0.05879,0.05879,0.05846,0.05862,218589.0
2025-07-22 23:00:00+00:00,0.05857,0.05868,0.05828,0.05864,488246.0
2025-07-22 23:15:00+00:00,0.05864,0.05916,0.05863,0.05907,358450.0
2025-07-22 23:30:00+00:00,0.05906,0.05919,0.05889,0.05896,287196.0
2025-07-22 23:45:00+00:00,0.05896,0.05912,0.05862,0.05905,273607.0
2025-07-23 00:00:00+00:00,0.05905,0.05914,0.05837,0.05898,824932.0
2025-07-23 00:15:00+00:00,0.05898,0.059,0.05833,0.05839,467591.0
2025-07-23 00:30:00+00:00,0.05839,0.05846,0.05741,0.05779,1813359.0
2025-07-23 00:45:00+00:00,0.05781,0.05787,0.05702,0.05724,1250393.0
2025-07-23 01:00:00+00:00,0.05724,0.05798,0.0569,0.05777,1251397.0
2025-07-23 01:15:00+00:00,0.05777,0.05781,0.05745,0.05762,464571.0
2025-07-23 01:30:00+00:00,0.05762,0.05798,0.05741,0.0575,502022.0
2025-07-23 01:45:00+00:00,0.05754,0.05757,0.05701,0.05724,364459.0
2025-07-23 02:00:00+00:00,0.05718,0.05871,0.05718,0.05837,2018893.0
2025-07-23 02:15:00+00:00,0.05837,0.0587,0.05834,0.05866,905414.0
2025-07-23 02:30:00+00:00,0.05864,0.05885,0.0581,0.05815,863357.0
2025-07-23 02:45:00+00:00,0.05818,0.05875,0.05818,0.05875,426183.0
2025-07-23 03:00:00+00:00,0.05868,0.05877,0.05778,0.05822,1325353.0
2025-07-23 03:15:00+00:00,0.05827,0.05827,0.05725,0.05781,866559.0
2025-07-23 03:30:00+00:00,0.05781,0.05841,0.05775,0.058,558026.0
2025-07-23 03:45:00+00:00,0.05801,0.05824,0.0577,0.0577,334067.0
2025-07-23 04:00:00+00:00,0.05774,0.05784,0.05726,0.05765,767398.0
2025-07-23 04:15:00+00:00,0.05769,0.05811,0.05732,0.05798,625225.0
2025-07-23 04:30:00+00:00,0.05797,0.05829,0.05748,0.05773,1084371.0
2025-07-23 04:45:00+00:00,0.05776,0.05816,0.05771,0.05802,674066.0
2025-07-23 05:00:00+00:00,0.05815,0.05818,0.05776,0.058,656188.0
2025-07-23 05:15:00+00:00,0.05799,0.05823,0.05771,0.05807,998701.0
2025-07-23 05:30:00+00:00,0.05806,0.05822,0.05788,0.0581,471102.0
2025-07-23 05:45:00+00:00,0.05809,0.05825,0.05776,0.05789,654574.0
2025-07-23 06:00:00+00:00,0.05794,0.0581,0.05754,0.0577,977451.0
2025-07-23 06:15:00+00:00,0.05764,0.05774,0.05687,0.05725,1044000.0
2025-07-23 06:30:00+00:00,0.05727,0.05784,0.05716,0.05753,758950.0
2025-07-23 06:45:00+00:00,0.05757,0.05793,0.05757,0.0578,286064.0
2025-07-23 07:00:00+00:00,0.0578,0.05808,0.05775,0.05799,544178.0
2025-07-23 07:15:00+00:00,0.05802,0.05834,0.05796,0.05826,629714.0
2025-07-23 07:30:00+00:00,0.05828,0.05862,0.05807,0.0581,623089.0
2025-07-23 07:45:00+00:00,0.0581,0.05828,0.0578,0.05797,701135.0
2025-07-23 08:00:00+00:00,0.05797,0.05799,0.05717,0.05758,1000561.0
2025-07-23 08:15:00+00:00,0.05758,0.0578,0.0571,0.0575,616980.0
2025-07-23 08:30:00+00:00,0.05744,0.05766,0.05702,0.05737,868041.0
2025-07-23 08:45:00+00:00,0.05735,0.05768,0.05732,0.05767,464057.0
2025-07-23 09:00:00+00:00,0.0576,0.05821,0.05752,0.05766,893982.0
2025-07-23 09:15:00+00:00,0.05766,0.05773,0.05733,0.05742,482318.0
2025-07-23 09:30:00+00:00,0.05747,0.0579,0.05728,0.05773,571628.0
2025-07-23 09:45:00+00:00,0.05776,0.05812,0.0577,0.0577,572475.0
2025-07-23 10:00:00+00:00,0.05769,0.05803,0.0575,0.05791,979848.0
2025-07-23 10:15:00+00:00,0.05783,0.05802,0.05763,0.058,666178.0
2025-07-23 10:30:00+00:00,0.05803,0.05834,0.05763,0.05813,916765.0
2025-07-23 10:45:00+00:00,0.05816,0.05839,0.05801,0.05837,287424.0
2025-07-23 11:00:00+00:00,0.0583,0.05877,0.05725,0.05738,2227185.0
2025-07-23 11:15:00+00:00,0.05738,0.058,0.05732,0.05791,428843.0
2025-07-23 11:30:00+00:00,0.05785,0.05822,0.0577,0.05817,490241.0
2025-07-23 11:45:00+00:00,0.05819,0.05873,0.05797,0.0587,246381.0
2025-07-23 12:00:00+00:00,0.05877,0.05894,0.05826,0.05833,1402671.0
2025-07-23 12:15:00+00:00,0.05831,0.05867,0.0581,0.05833,464436.0
2025-07-23 12:30:00+00:00,0.05838,0.05863,0.0578,0.05798,455679.0
2025-07-23 12:45:00+00:00,0.05798,0.0584,0.05765,0.05807,516982.0
2025-07-23 13:00:00+00:00,0.05805,0.0583,0.05772,0.05819,376751.0
2025-07-23 13:15:00+00:00,0.05819,0.05834,0.05762,0.05834,666859.0
2025-07-23 13:30:00+00:00,0.05832,0.05856,0.05725,0.05787,1033984.0
2025-07-23 13:45:00+00:00,0.05785,0.05832,0.05747,0.05815,1075872.0
2025-07-23 14:00:00+00:00,0.05815,0.05858,0.05791,0.05843,819008.0
2025-07-23 14:15:00+00:00,0.05841,0.05913,0.05841,0.05895,726360.0
2025-07-23 14:30:00+00:00,0.05894,0.05954,0.05888,0.05926,831570.0
2025-07-23 14:45:00+00:00,0.05929,0.05959,0.05903,0.05948,576726.0
2025-07-23 15:00:00+00:00,0.05954,0.05974,0.05887,0.05903,494788.0
2025-07-23 15:15:00+00:00,0.05901,0.05943,0.05878,0.05937,514218.0
2025-07-23 15:30:00+00:00,0.05938,0.05969,0.0593,0.05954,350422.0
2025-07-23 15:45:00+00:00,0.0595,0.05953,0.05906,0.05937,357113.0
2025-07-23 16:00:00+00:00,0.05935,0.05969,0.05922,0.05935,677280.0
2025-07-23 16:15:00+00:00,0.05936,0.05951,0.05886,0.05914,446114.0
2025-07-23 16:30:00+00:00,0.05916,0.0593,0.0587,0.05889,350588.0
2025-07-23 16:45:00+00:00,0.05892,0.05929,0.05874,0.05895,381314.0
2025-07-23 17:00:00+00:00,0.05897,0.05931,0.05771,0.05793,1033070.0
2025-07-23 17:15:00+00:00,0.05794,0.05839,0.05769,0.0578,866470.0
2025-07-23 17:30:00+00:00,0.0578,0.05816,0.05755,0.05791,610122.0
2025-07-23 17:45:00+00:00,0.05788,0.05867,0.05782,0.0585,549570.0
2025-07-23 18:00:00+00:00,0.05843,0.05899,0.05843,0.05879,345852.0
2025-07-23 18:15:00+00:00,0.05887,0.05925,0.05882,0.05905,671790.0
2025-07-23 18:30:00+00:00,0.05904,0.05912,0.05884,0.05886,196084.0
2025-07-23 18:45:00+00:00,0.05884,0.05941,0.0588,0.05939,247420.0
2025-07-23 19:00:00+00:00,0.05942,0.05947,0.05854,0.05864,741462.0
2025-07-23 19:15:00+00:00,0.05866,0.05869,0.05833,0.05842,198992.0
2025-07-23 19:30:00+00:00,0.05837,0.0584,0.05809,0.05819,170570.0
2025-07-23 19:45:00+00:00,0.05823,0.05866,0.05823,0.05832,252824.0
2025-07-23 20:00:00+00:00,0.05828,0.05873,0.05828,0.05858,264405.0
2025-07-23 20:15:00+00:00,0.05861,0.05865,0.0578,0.05809,377316.0
2025-07-23 20:30:00+00:00,0.05813,0.05813,0.05726,0.05746,614448.0
2025-07-23 20:45:00+00:00,0.05745,0.05761,0.05697,0.05735,1090101.0
2025-07-23 21:00:00+00:00,0.05735,0.05771,0.05728,0.0574,535856.0
2025-07-23 21:15:00+00:00,0.05741,0.05741,0.05465,0.05568,3313912.0
2025-07-23 21:30:00+00:00,0.05572,0.05659,0.05495,0.0565,1150178.0
2025-07-23 21:45:00+00:00,0.05653,0.05708,0.0565,0.05699,488391.0
2025-07-23 22:00:00+00:00,0.05704,0.05752,0.05701,0.05741,289543.0
2025-07-23 22:15:00+00:00,0.05741,0.05763,0.05728,0.05757,389880.0
2025-07-23 22:30:00+00:00,0.0576,0.0579,0.05748,0.05762,228192.0
2025-07-23 22:45:00+00:00,0.05762,0.05766,0.05695,0.05703,784523.0
2025-07-23 23:00:00+00:00,0.05703,0.05758,0.05701,0.05722,467593.0
2025-07-23 23:15:00+00:00,0.05722,0.05722,0.05645,0.05665,554064.0
2025-07-23 23:30:00+00:00,0.05665,0.05686,0.05645,0.05673,257664.0
2025-07-23 23:45:00+00:00,0.05676,0.05678,0.0561,0.05615,457916.0
2025-07-24 00:00:00+00:00,0.05621,0.05642,0.05575,0.05603,608697.0
2025-07-24 00:15:00+00:00,0.05603,0.05726,0.05594,0.05695,479905.0
2025-07-24 00:30:00+00:00,0.05695,0.05736,0.05687,0.05717,170446.0
2025-07-24 00:45:00+00:00,0.05717,0.05718,0.05696,0.0571,86253.0
2025-07-24 01:00:00+00:00,0.0571,0.05724,0.05629,0.05639,347228.0
2025-07-24 01:15:00+00:00,0.0564,0.05677,0.05625,0.05669,199457.0
2025-07-24 01:30:00+00:00,0.05669,0.05683,0.05636,0.05644,250187.0
2025-07-24 01:45:00+00:00,0.05644,0.05683,0.05639,0.05669,126006.0
2025-07-24 02:00:00+00:00,0.05669,0.05681,0.05633,0.05644,370091.0
2025-07-24 02:15:00+00:00,0.05644,0.05652,0.05606,0.05616,234272.0
2025-07-24 02:30:00+00:00,0.05616,0.05659,0.05616,0.05648,107107.0
2025-07-24 02:45:00+00:00,0.05652,0.05685,0.05634,0.05683,193281.0
2025-07-24 03:00:00+00:00,0.05685,0.05771,0.05685,0.05741,898209.0
2025-07-24 03:15:00+00:00,0.05741,0.05797,0.05727,0.05777,392450.0
2025-07-24 03:30:00+00:00,0.05777,0.05777,0.05701,0.05712,338149.0
2025-07-24 03:45:00+00:00,0.05712,0.0575,0.05643,0.05719,1008486.0
2025-07-24 04:00:00+00:00,0.05724,0.05751,0.05687,0.05731,365032.0
2025-07-24 04:15:00+00:00,0.05731,0.05732,0.05693,0.05693,99384.0
2025-07-24 04:30:00+00:00,0.05693,0.05703,0.05636,0.05637,188011.0
2025-07-24 04:45:00+00:00,0.05637,0.05659,0.05606,0.05614,289300.0
2025-07-24 05:00:00+00:00,0.05619,0.05619,0.05492,0.05512,1910560.0
2025-07-24 05:15:00+00:00,0.05512,0.05531,0.05471,0.05478,629889.0
2025-07-24 05:30:00+00:00,0.05478,0.05529,0.05451,0.05523,1115388.0
2025-07-24 05:45:00+00:00,0.05523,0.05531,0.05306,0.05358,1906398.0
2025-07-24 06:00:00+00:00,0.05359,0.05426,0.05359,0.05419,950491.0
2025-07-24 06:15:00+00:00,0.05419,0.05486,0.05383,0.05468,544746.0
2025-07-24 06:30:00+00:00,0.05468,0.05486,0.05424,0.0545,621973.0
2025-07-24 06:45:00+00:00,0.05451,0.05472,0.05417,0.05458,1049574.0
2025-07-24 07:00:00+00:00,0.05458,0.05536,0.05445,0.05517,557181.0
2025-07-24 07:15:00+00:00,0.05519,0.05572,0.05519,0.05526,853733.0
2025-07-24 07:30:00+00:00,0.05529,0.05554,0.05526,0.05542,125185.0
2025-07-24 07:45:00+00:00,0.05542,0.05615,0.05529,0.05589,345065.0
2025-07-24 08:00:00+00:00,0.05594,0.05672,0.05576,0.05663,291984.0
2025-07-24 08:15:00+00:00,0.05663,0.05672,0.05625,0.05633,322174.0
2025-07-24 08:30:00+00:00,0.05633,0.05694,0.05633,0.05685,316728.0
2025-07-24 08:45:00+00:00,0.05685,0.05751,0.05651,0.05681,1064571.0
2025-07-24 09:00:00+00:00,0.05686,0.05732,0.0566,0.05713,325098.0
2025-07-24 09:15:00+00:00,0.05713,0.05749,0.05686,0.05743,358942.0
2025-07-24 09:30:00+00:00,0.05743,0.05775,0.05723,0.05759,299403.0
2025-07-24 09:45:00+00:00,0.05759,0.05773,0.05739,0.05758,202700.0
2025-07-24 10:00:00+00:00,0.05758,0.05776,0.05738,0.0576,202715.0
2025-07-24 10:15:00+00:00,0.0576,0.05773,0.05743,0.05756,271968.0
2025-07-24 10:30:00+00:00,0.05756,0.058,0.05743,0.05792,287952.0
2025-07-24 10:45:00+00:00,0.05796,0.05801,0.05768,0.05776,427372.0
2025-07-24 11:00:00+00:00,0.05776,0.05833,0.05776,0.05807,285632.0
2025-07-24 11:15:00+00:00,0.05807,0.05842,0.05796,0.05831,304250.0
2025-07-24 11:30:00+00:00,0.05834,0.05847,0.05814,0.05828,344737.0
2025-07-24 11:45:00+00:00,0.05828,0.05842,0.05727,0.05744,417768.0
2025-07-24 12:00:00+00:00,0.05744,0.05781,0.05704,0.0573,578590.0
2025-07-24 12:15:00+00:00,0.0573,0.05759,0.05704,0.0573,448701.0
2025-07-24 12:30:00+00:00,0.05732,0.05754,0.05708,0.05754,232152.0
2025-07-24 12:45:00+00:00,0.05754,0.05795,0.05703,0.05717,444592.0
2025-07-24 13:00:00+00:00,0.05713,0.05722,0.0569,0.05716,245358.0
2025-07-24 13:15:00+00:00,0.05719,0.05724,0.05699,0.05721,216773.0
2025-07-24 13:30:00+00:00,0.05717,0.05761,0.05704,0.05743,310905.0
2025-07-24 13:45:00+00:00,0.0574,0.05764,0.05709,0.05715,203231.0
2025-07-24 14:00:00+00:00,0.05718,0.05797,0.05707,0.05771,830897.0
2025-07-24 14:15:00+00:00,0.05776,0.05832,0.05765,0.05817,704071.0
2025-07-24 14:30:00+00:00,0.05826,0.05855,0.05787,0.05845,981898.0
2025-07-24 14:45:00+00:00,0.05845,0.05869,0.0583,0.05852,554062.0
2025-07-24 15:00:00+00:00,0.05855,0.05859,0.05769,0.05794,647936.0
2025-07-24 15:15:00+00:00,0.05802,0.0581,0.05744,0.0578,337300.0
2025-07-24 15:30:00+00:00,0.05776,0.05781,0.05752,0.05761,188147.0
2025-07-24 15:45:00+00:00,0.05756,0.05791,0.05749,0.05791,252772.0
2025-07-24 16:00:00+00:00,0.05789,0.0591,0.05782,0.05883,1853837.0
2025-07-24 16:15:00+00:00,0.05881,0.05889,0.05799,0.05805,1142398.0
2025-07-24 16:30:00+00:00,0.05814,0.05836,0.05689,0.05744,1543934.0
2025-07-24 16:45:00+00:00,0.05741,0.05752,0.05707,0.05745,340478.0
2025-07-24 17:00:00+00:00,0.05742,0.05833,0.05729,0.05829,249123.0
2025-07-24 17:15:00+00:00,0.05829,0.05879,0.0581,0.05823,461493.0
2025-07-24 17:30:00+00:00,0.05824,0.05863,0.058,0.05825,226433.0
2025-07-24 17:45:00+00:00,0.05835,0.05858,0.05815,0.05815,216408.0
2025-07-24 18:00:00+00:00,0.05814,0.05841,0.05796,0.05824,322126.0
2025-07-24 18:15:00+00:00,0.05828,0.05834,0.05794,0.05802,179804.0
2025-07-24 18:30:00+00:00,0.05806,0.05806,0.05729,0.05733,348898.0
2025-07-24 18:45:00+00:00,0.05739,0.05763,0.05729,0.05763,161279.0
2025-07-24 19:00:00+00:00,0.0576,0.05786,0.05758,0.05766,199657.0
2025-07-24 19:15:00+00:00,0.05768,0.05769,0.05693,0.05717,341963.0
2025-07-24 19:30:00+00:00,0.05713,0.05744,0.0571,0.05722,165630.0
2025-07-24 19:45:00+00:00,0.05724,0.05741,0.05713,0.05726,154284.0
2025-07-24 20:00:00+00:00,0.05727,0.05759,0.05719,0.05754,165141.0
2025-07-24 20:15:00+00:00,0.0575,0.0575,0.05669,0.05686,407008.0
2025-07-24 20:30:00+00:00,0.05685,0.05713,0.05675,0.05685,57351.0
2025-07-24 20:45:00+00:00,0.05683,0.05738,0.05683,0.05738,235200.0
2025-07-24 21:00:00+00:00,0.05739,0.05777,0.05698,0.05721,597619.0
2025-07-24 21:15:00+00:00,0.05725,0.05725,0.05694,0.05704,75447.0
2025-07-24 21:30:00+00:00,0.05709,0.05736,0.05684,0.05733,150976.0
2025-07-24 21:45:00+00:00,0.05733,0.05748,0.0573,0.05738,99535.0
2025-07-24 22:00:00+00:00,0.05736,0.05743,0.05687,0.05687,64657.0
2025-07-24 22:15:00+00:00,0.05688,0.05718,0.05676,0.05713,151937.0
2025-07-24 22:30:00+00:00,0.05712,0.05758,0.05706,0.05755,63271.0
2025-07-24 22:45:00+00:00,0.05755,0.05758,0.05716,0.05728,201977.0
2025-07-24 23:00:00+00:00,0.0573,0.05736,0.05677,0.05677,91768.0
2025-07-24 23:15:00+00:00,0.05682,0.05688,0.05646,0.0566,103897.0
2025-07-24 23:30:00+00:00,0.05661,0.05684,0.05645,0.0565,312544.0
2025-07-24 23:45:00+00:00,0.05653,0.05678,0.05653,0.05669,78570.0
2025-07-25 00:00:00+00:00,0.05669,0.0567,0.05516,0.05633,1026671.0
2025-07-25 00:15:00+00:00,0.0563,0.05639,0.05581,0.05601,232882.0
2025-07-25 00:30:00+00:00,0.05598,0.05598,0.05532,0.0557,174825.0
2025-07-25 00:45:00+00:00,0.05579,0.05613,0.05549,0.05555,458928.0
2025-07-25 01:00:00+00:00,0.05552,0.05579,0.05537,0.05568,310257.0
2025-07-25 01:15:00+00:00,0.05561,0.05573,0.0548,0.05507,356248.0
2025-07-25 01:30:00+00:00,0.05512,0.05544,0.05492,0.05524,199760.0
2025-07-25 01:45:00+00:00,0.0552,0.05564,0.05496,0.05549,150577.0
2025-07-25 02:00:00+00:00,0.05549,0.05614,0.05527,0.0561,476539.0
2025-07-25 02:15:00+00:00,0.05605,0.05605,0.05569,0.05579,209556.0
2025-07-25 02:30:00+00:00,0.05582,0.0559,0.054,0.05463,893079.0
2025-07-25 02:45:00+00:00,0.05458,0.05485,0.05399,0.05421,454777.0
2025-07-25 03:00:00+00:00,0.05413,0.05446,0.05388,0.05402,761341.0
2025-07-25 03:15:00+00:00,0.05393,0.05426,0.0537,0.0538,431209.0
2025-07-25 03:30:00+00:00,0.05371,0.05371,0.05313,0.05348,380668.0
2025-07-25 03:45:00+00:00,0.05345,0.05372,0.0533,0.0535,244976.0
2025-07-25 04:00:00+00:00,0.05349,0.05372,0.053,0.05323,734837.0
2025-07-25 04:15:00+00:00,0.05318,0.05379,0.05272,0.05367,1310143.0
2025-07-25 04:30:00+00:00,0.05371,0.05494,0.05363,0.05429,863949.0
2025-07-25 04:45:00+00:00,0.05419,0.0545,0.05415,0.05447,407587.0
2025-07-25 05:00:00+00:00,0.05444,0.05499,0.05415,0.05434,908147.0
2025-07-25 05:15:00+00:00,0.05433,0.05442,0.05418,0.05437,657618.0
2025-07-25 05:30:00+00:00,0.05433,0.05454,0.05414,0.05446,247391.0
2025-07-25 05:45:00+00:00,0.05445,0.05452,0.05412,0.05436,133620.0
2025-07-25 06:00:00+00:00,0.0543,0.05446,0.05412,0.05446,162529.0
2025-07-25 06:15:00+00:00,0.05445,0.05471,0.0543,0.05463,236325.0
2025-07-25 06:30:00+00:00,0.05464,0.05493,0.05452,0.05493,210849.0
2025-07-25 06:45:00+00:00,0.05492,0.05583,0.05488,0.05582,744097.0
2025-07-25 07:00:00+00:00,0.05576,0.05598,0.05556,0.05577,510124.0
2025-07-25 07:15:00+00:00,0.05576,0.0561,0.05505,0.05505,312985.0
2025-07-25 07:30:00+00:00,0.05505,0.05521,0.05462,0.05463,412900.0
2025-07-25 07:45:00+00:00,0.05465,0.05519,0.05432,0.05504,390429.0
2025-07-25 08:00:00+00:00,0.05502,0.05521,0.05482,0.05517,337705.0
2025-07-25 08:15:00+00:00,0.05518,0.0556,0.05514,0.05546,168766.0
2025-07-25 08:30:00+00:00,0.05547,0.05548,0.05487,0.05487,227351.0
2025-07-25 08:45:00+00:00,0.05487,0.0551,0.05473,0.05483,162635.0
2025-07-25 09:00:00+00:00,0.05479,0.05486,0.05459,0.05475,188378.0
2025-07-25 09:15:00+00:00,0.05476,0.05501,0.05468,0.05501,117812.0
2025-07-25 09:30:00+00:00,0.05501,0.05555,0.05498,0.05531,195753.0
2025-07-25 09:45:00+00:00,0.0553,0.05542,0.05493,0.05526,361991.0
2025-07-25 10:00:00+00:00,0.05529,0.05589,0.05529,0.05584,141150.0
2025-07-25 10:15:00+00:00,0.05578,0.05581,0.05561,0.05562,253904.0
2025-07-25 10:30:00+00:00,0.05562,0.05601,0.05558,0.05588,420781.0
2025-07-25 10:45:00+00:00,0.05593,0.05597,0.05584,0.05588,93135.0
2025-07-25 11:00:00+00:00,0.05584,0.05609,0.05576,0.0559,226306.0
2025-07-25 11:15:00+00:00,0.0559,0.05607,0.05587,0.05594,113448.0
2025-07-25 11:30:00+00:00,0.05587,0.05587,0.05555,0.0556,170500.0
2025-07-25 11:45:00+00:00,0.0556,0.05581,0.0556,0.05572,83683.0
2025-07-25 12:00:00+00:00,0.05578,0.05586,0.05552,0.05559,204619.0
2025-07-25 12:15:00+00:00,0.05565,0.05568,0.05528,0.05549,136334.0
2025-07-25 12:30:00+00:00,0.05548,0.05594,0.05541,0.05576,137568.0
2025-07-25 12:45:00+00:00,0.05586,0.05586,0.05537,0.05547,112960.0
2025-07-25 13:00:00+00:00,0.05549,0.05557,0.05534,0.05555,47636.0
2025-07-25 13:15:00+00:00,0.0555,0.05562,0.05526,0.05526,217169.0
2025-07-25 13:30:00+00:00,0.05525,0.05559,0.05506,0.05515,280398.0
2025-07-25 13:45:00+00:00,0.05519,0.05564,0.05515,0.05562,82214.0
2025-07-25 14:00:00+00:00,0.05562,0.05583,0.05531,0.05531,119385.0
2025-07-25 14:15:00+00:00,0.05536,0.0554,0.05485,0.05497,250961.0
2025-07-25 14:30:00+00:00,0.05496,0.05504,0.05431,0.05438,470057.0
2025-07-25 14:45:00+00:00,0.05432,0.05462,0.05407,0.05423,184007.0
2025-07-25 15:00:00+00:00,0.05418,0.05471,0.05417,0.05471,211142.0
2025-07-25 15:15:00+00:00,0.05464,0.05496,0.05464,0.05475,141921.0
2025-07-25 15:30:00+00:00,0.0548,0.05485,0.05406,0.0542,175079.0
2025-07-25 15:45:00+00:00,0.05429,0.05467,0.05426,0.05454,111880.0
2025-07-25 16:00:00+00:00,0.05454,0.05528,0.05446,0.05528,479053.0
2025-07-25 16:15:00+00:00,0.05519,0.05536,0.05495,0.05509,508611.0
2025-07-25 16:30:00+00:00,0.0551,0.05578,0.05508,0.05575,775140.0
2025-07-25 16:45:00+00:00,0.05569,0.05615,0.05569,0.05615,698243.0
2025-07-25 17:00:00+00:00,0.05609,0.05615,0.05587,0.05587,270561.0
2025-07-25 17:15:00+00:00,0.05587,0.05589,0.0555,0.05556,113328.0
2025-07-25 17:30:00+00:00,0.05554,0.05559,0.05525,0.05539,176721.0
2025-07-25 17:45:00+00:00,0.05544,0.0555,0.05533,0.05533,69768.0
2025-07-25 18:00:00+00:00,0.05531,0.05537,0.055,0.05524,136786.0
2025-07-25 18:15:00+00:00,0.05523,0.05525,0.05487,0.05494,202286.0
2025-07-25 18:30:00+00:00,0.05495,0.05504,0.05447,0.055,406651.0
2025-07-25 18:45:00+00:00,0.05502,0.05505,0.05489,0.05501,74175.0
2025-07-25 19:00:00+00:00,0.05501,0.05518,0.05491,0.05504,94629.0
2025-07-25 19:15:00+00:00,0.05509,0.05516,0.05483,0.05486,127964.0
2025-07-25 19:30:00+00:00,0.05484,0.05509,0.05484,0.05499,47647.0
2025-07-25 19:45:00+00:00,0.05501,0.05504,0.05464,0.05467,79405.0
2025-07-25 20:00:00+00:00,0.05464,0.05504,0.05463,0.05489,128497.0
2025-07-25 20:15:00+00:00,0.05482,0.05504,0.05482,0.05503,57506.0
2025-07-25 20:30:00+00:00,0.05503,0.05547,0.05493,0.05536,143045.0
2025-07-25 20:45:00+00:00,0.05542,0.05558,0.05493,0.05493,328467.0
2025-07-25 21:00:00+00:00,0.05496,0.05541,0.05496,0.05526,183317.0
2025-07-25 21:15:00+00:00,0.05529,0.0554,0.05498,0.0553,210828.0
2025-07-25 21:30:00+00:00,0.05541,0.05568,0.05534,0.05546,130361.0
2025-07-25 21:45:00+00:00,0.05549,0.0556,0.05536,0.05539,217639.0
2025-07-25 22:00:00+00:00,0.05542,0.05543,0.05475,0.05475,470972.0
2025-07-25 22:15:00+00:00,0.05479,0.05479,0.05432,0.05461,641533.0
2025-07-25 22:30:00+00:00,0.05458,0.05462,0.0542,0.05445,508249.0
2025-07-25 22:45:00+00:00,0.05447,0.05457,0.0543,0.05445,436249.0
2025-07-25 23:00:00+00:00,0.05434,0.05461,0.05434,0.05455,64228.0
2025-07-25 23:15:00+00:00,0.05454,0.05464,0.05435,0.05463,282469.0
2025-07-25 23:30:00+00:00,0.05465,0.05465,0.0543,0.0544,186734.0
2025-07-25 23:45:00+00:00,0.05437,0.05484,0.05437,0.05475,164033.0
2025-07-26 00:00:00+00:00,0.05475,0.05568,0.05475,0.05511,843504.0
2025-07-26 00:15:00+00:00,0.05513,0.05538,0.05504,0.0552,217022.0
2025-07-26 00:30:00+00:00,0.05526,0.05548,0.05502,0.05519,143238.0
2025-07-26 00:45:00+00:00,0.05519,0.05546,0.05512,0.05542,251535.0
2025-07-26 01:00:00+00:00,0.05543,0.05548,0.05525,0.05531,151948.0
2025-07-26 01:15:00+00:00,0.05531,0.05531,0.05493,0.05494,200819.0
2025-07-26 01:30:00+00:00,0.05494,0.05503,0.05491,0.05497,116717.0
2025-07-26 01:45:00+00:00,0.05502,0.05507,0.05456,0.05467,225058.0
2025-07-26 02:00:00+00:00,0.05468,0.05497,0.05467,0.05493,153181.0
2025-07-26 02:15:00+00:00,0.05497,0.05525,0.05492,0.05525,126640.0
2025-07-26 02:30:00+00:00,0.05528,0.05538,0.05505,0.05505,251362.0
2025-07-26 02:45:00+00:00,0.05505,0.05553,0.05505,0.05548,125246.0
2025-07-26 03:00:00+00:00,0.05551,0.0557,0.05546,0.0555,164233.0
2025-07-26 03:15:00+00:00,0.05552,0.05594,0.05549,0.05565,871055.0
2025-07-26 03:30:00+00:00,0.05568,0.0558,0.05561,0.05578,190521.0
2025-07-26 03:45:00+00:00,0.05578,0.05606,0.05572,0.05583,401025.0
2025-07-26 04:00:00+00:00,0.05584,0.05594,0.05572,0.05588,307011.0
2025-07-26 04:15:00+00:00,0.05588,0.05616,0.05585,0.05597,332079.0
2025-07-26 04:30:00+00:00,0.05593,0.0568,0.05589,0.05655,797529.0
2025-07-26 04:45:00+00:00,0.05657,0.05675,0.05593,0.05608,610607.0
2025-07-26 05:00:00+00:00,0.05605,0.05608,0.05558,0.05568,393173.0
2025-07-26 05:15:00+00:00,0.05561,0.05571,0.05518,0.05525,454506.0
2025-07-26 05:30:00+00:00,0.05523,0.05532,0.05505,0.05521,313178.0
2025-07-26 05:45:00+00:00,0.05521,0.05534,0.05466,0.05488,652365.0
2025-07-26 06:00:00+00:00,0.05493,0.05527,0.05484,0.05527,160353.0
2025-07-26 06:15:00+00:00,0.05528,0.0555,0.05519,0.0553,302314.0
2025-07-26 06:30:00+00:00,0.0553,0.05548,0.05529,0.05538,81494.0
2025-07-26 06:45:00+00:00,0.05541,0.05541,0.05504,0.05523,271688.0
2025-07-26 07:00:00+00:00,0.05524,0.05558,0.05523,0.05537,232547.0
2025-07-26 07:15:00+00:00,0.05542,0.05556,0.05534,0.0554,128576.0
2025-07-26 07:30:00+00:00,0.05545,0.05561,0.05539,0.05548,174921.0
2025-07-26 07:45:00+00:00,0.05553,0.05556,0.05533,0.05547,147153.0
2025-07-26 08:00:00+00:00,0.05546,0.05555,0.05535,0.05539,115694.0
2025-07-26 08:15:00+00:00,0.05542,0.05545,0.05519,0.05531,115474.0
2025-07-26 08:30:00+00:00,0.05536,0.05546,0.05501,0.05533,218169.0
2025-07-26 08:45:00+00:00,0.05537,0.05568,0.05533,0.05564,168057.0
2025-07-26 09:00:00+00:00,0.05561,0.05566,0.05545,0.05555,295438.0
2025-07-26 09:15:00+00:00,0.05555,0.05566,0.0555,0.05556,95605.0
2025-07-26 09:30:00+00:00,0.0556,0.056,0.0556,0.05592,395797.0
2025-07-26 09:45:00+00:00,0.05596,0.05597,0.05573,0.05582,136969.0
2025-07-26 10:00:00+00:00,0.05583,0.05606,0.05561,0.05588,379094.0
2025-07-26 10:15:00+00:00,0.05587,0.05642,0.05581,0.05622,484696.0
2025-07-26 10:30:00+00:00,0.05622,0.0563,0.0561,0.05627,289795.0
2025-07-26 10:45:00+00:00,0.05627,0.05628,0.05611,0.0562,130298.0
2025-07-26 11:00:00+00:00,0.05618,0.05649,0.05608,0.05636,401068.0
2025-07-26 11:15:00+00:00,0.05639,0.0566,0.05639,0.05644,329787.0
2025-07-26 11:30:00+00:00,0.05651,0.05664,0.05621,0.05621,212598.0
2025-07-26 11:45:00+00:00,0.05634,0.05653,0.0563,0.05651,148082.0
2025-07-26 12:00:00+00:00,0.05653,0.05669,0.05626,0.05629,261453.0
2025-07-26 12:15:00+00:00,0.05629,0.05665,0.05617,0.05656,199935.0
2025-07-26 12:30:00+00:00,0.05657,0.05681,0.05644,0.05681,146453.0
2025-07-26 12:45:00+00:00,0.05668,0.05687,0.05634,0.05652,416147.0
2025-07-26 13:00:00+00:00,0.05656,0.05676,0.05655,0.05676,183846.0
2025-07-26 13:15:00+00:00,0.05676,0.05681,0.05649,0.05655,238335.0
2025-07-26 13:30:00+00:00,0.05666,0.05681,0.05654,0.05668,85055.0
2025-07-26 13:45:00+00:00,0.05672,0.05675,0.05644,0.05662,163866.0
2025-07-26 14:00:00+00:00,0.05661,0.05683,0.05651,0.05677,214030.0
2025-07-26 14:15:00+00:00,0.05682,0.05692,0.05669,0.05681,239254.0
2025-07-26 14:30:00+00:00,0.05683,0.05684,0.05606,0.0564,476503.0
2025-07-26 14:45:00+00:00,0.05641,0.05675,0.05637,0.0564,330245.0
2025-07-26 15:00:00+00:00,0.05645,0.05648,0.05604,0.05613,380320.0
2025-07-26 15:15:00+00:00,0.05611,0.05618,0.05594,0.05616,289549.0
2025-07-26 15:30:00+00:00,0.05613,0.05618,0.056,0.056,220574.0
2025-07-26 15:45:00+00:00,0.05601,0.05617,0.05588,0.05605,211946.0
2025-07-26 16:00:00+00:00,0.05612,0.05636,0.05611,0.05617,124219.0
2025-07-26 16:15:00+00:00,0.05617,0.05626,0.05609,0.05609,98252.0
2025-07-26 16:30:00+00:00,0.05608,0.05617,0.05607,0.05612,36238.0
2025-07-26 16:45:00+00:00,0.05614,0.05616,0.05609,0.05611,57049.0
2025-07-26 17:00:00+00:00,0.05613,0.05651,0.05592,0.05631,557582.0
2025-07-26 17:15:00+00:00,0.05631,0.05632,0.05609,0.05616,84006.0
2025-07-26 17:30:00+00:00,0.05614,0.05617,0.05606,0.05611,40934.0
2025-07-26 17:45:00+00:00,0.05615,0.05638,0.0559,0.05619,195561.0
2025-07-26 18:00:00+00:00,0.0562,0.05627,0.05608,0.05614,116004.0
2025-07-26 18:15:00+00:00,0.05613,0.05618,0.05562,0.05567,362904.0
2025-07-26 18:30:00+00:00,0.05567,0.05629,0.05556,0.05595,1163983.0
2025-07-26 18:45:00+00:00,0.05594,0.05606,0.0555,0.05561,605443.0
2025-07-26 19:00:00+00:00,0.05557,0.05603,0.05551,0.05595,326824.0
2025-07-26 19:15:00+00:00,0.05596,0.05596,0.05565,0.05572,68091.0
2025-07-26 19:30:00+00:00,0.05572,0.05581,0.05571,0.05576,83197.0
2025-07-26 19:45:00+00:00,0.05572,0.05584,0.05522,0.05547,592995.0
2025-07-26 20:00:00+00:00,0.05547,0.05547,0.05522,0.05531,289098.0
2025-07-26 20:15:00+00:00,0.05533,0.05533,0.05495,0.05517,360006.0
2025-07-26 20:30:00+00:00,0.05517,0.05536,0.05513,0.05513,193560.0
2025-07-26 20:45:00+00:00,0.05513,0.05516,0.05489,0.05505,216702.0
2025-07-26 21:00:00+00:00,0.05503,0.0551,0.05482,0.05485,96472.0
2025-07-26 21:15:00+00:00,0.05487,0.05508,0.05477,0.05477,86685.0
2025-07-26 21:30:00+00:00,0.05477,0.055,0.05463,0.05467,351514.0
2025-07-26 21:45:00+00:00,0.05472,0.05486,0.05467,0.05475,91183.0
2025-07-26 22:00:00+00:00,0.05475,0.05499,0.05475,0.05494,73309.0
2025-07-26 22:15:00+00:00,0.05495,0.05506,0.05486,0.05486,159292.0
2025-07-26 22:30:00+00:00,0.05486,0.05499,0.05468,0.05473,176347.0
2025-07-26 22:45:00+00:00,0.05473,0.0548,0.0545,0.0546,121180.0
2025-07-26 23:00:00+00:00,0.0546,0.05464,0.05434,0.05442,389737.0
2025-07-26 23:15:00+00:00,0.05442,0.05442,0.05357,0.05373,942890.0
2025-07-26 23:30:00+00:00,0.05373,0.05377,0.05275,0.053,1251615.0
2025-07-26 23:45:00+00:00,0.05303,0.05346,0.05295,0.0532,619973.0
2025-07-27 00:00:00+00:00,0.05319,0.05354,0.05284,0.05295,768917.0
2025-07-27 00:15:00+00:00,0.05295,0.05342,0.05253,0.05282,719606.0
2025-07-27 00:30:00+00:00,0.05282,0.05308,0.05252,0.05274,404506.0
2025-07-27 00:45:00+00:00,0.05268,0.05269,0.05184,0.05219,1998784.0
2025-07-27 01:00:00+00:00,0.05224,0.05235,0.05153,0.05219,882455.0
2025-07-27 01:15:00+00:00,0.05219,0.05236,0.05205,0.05223,209974.0
2025-07-27 01:30:00+00:00,0.0523,0.05238,0.05196,0.05204,239555.0
2025-07-27 01:45:00+00:00,0.05204,0.05224,0.052,0.05205,313993.0
2025-07-27 02:00:00+00:00,0.05207,0.05253,0.05204,0.05247,459156.0
2025-07-27 02:15:00+00:00,0.05249,0.0525,0.05205,0.05207,208727.0
2025-07-27 02:30:00+00:00,0.05207,0.05277,0.05205,0.05261,456195.0
2025-07-27 02:45:00+00:00,0.05261,0.05309,0.0523,0.05305,463545.0
2025-07-27 03:00:00+00:00,0.05309,0.05319,0.05253,0.05255,408886.0
2025-07-27 03:15:00+00:00,0.05255,0.05262,0.05211,0.05211,249531.0
2025-07-27 03:30:00+00:00,0.05212,0.05215,0.05116,0.05118,1451970.0
2025-07-27 03:45:00+00:00,0.05118,0.05165,0.05118,0.0515,612935.0
2025-07-27 04:00:00+00:00,0.05148,0.0519,0.05133,0.05167,520565.0
2025-07-27 04:15:00+00:00,0.0517,0.05233,0.05153,0.05198,507947.0
2025-07-27 04:30:00+00:00,0.05201,0.05224,0.05182,0.05216,369155.0
2025-07-27 04:45:00+00:00,0.05217,0.05256,0.05191,0.05229,1069004.0
2025-07-27 05:00:00+00:00,0.05229,0.05275,0.05218,0.05255,616265.0
2025-07-27 05:15:00+00:00,0.05251,0.053,0.05251,0.05285,229005.0
2025-07-27 05:30:00+00:00,0.05285,0.05292,0.05269,0.05288,258456.0
2025-07-27 05:45:00+00:00,0.05289,0.05313,0.05266,0.05313,251578.0
2025-07-27 06:00:00+00:00,0.05311,0.05345,0.0525,0.05265,428669.0
2025-07-27 06:15:00+00:00,0.05268,0.05274,0.05238,0.05253,225912.0
2025-07-27 06:30:00+00:00,0.05253,0.05329,0.05252,0.05311,619154.0
2025-07-27 06:45:00+00:00,0.05315,0.05363,0.05315,0.05361,362296.0
2025-07-27 07:00:00+00:00,0.05354,0.05397,0.05346,0.05379,340039.0
2025-07-27 07:15:00+00:00,0.05383,0.05418,0.05375,0.05384,559638.0
2025-07-27 07:30:00+00:00,0.0538,0.05395,0.0535,0.05354,308986.0
2025-07-27 07:45:00+00:00,0.05359,0.05384,0.05342,0.05384,198892.0
2025-07-27 08:00:00+00:00,0.05385,0.05414,0.05377,0.05389,91688.0
2025-07-27 08:15:00+00:00,0.05389,0.05419,0.05368,0.05392,163853.0
2025-07-27 08:30:00+00:00,0.05394,0.054,0.05364,0.05368,204234.0
2025-07-27 08:45:00+00:00,0.05374,0.0541,0.05374,0.0541,252197.0
2025-07-27 09:00:00+00:00,0.0541,0.05419,0.0537,0.05396,161751.0
2025-07-27 09:15:00+00:00,0.05396,0.05411,0.05384,0.05395,192035.0
2025-07-27 09:30:00+00:00,0.05393,0.05439,0.05378,0.0538,378595.0
2025-07-27 09:45:00+00:00,0.0538,0.05386,0.05289,0.05334,1471200.0
2025-07-27 10:00:00+00:00,0.05334,0.05392,0.05314,0.05377,843806.0
2025-07-27 10:15:00+00:00,0.05387,0.05419,0.05348,0.05386,594743.0
2025-07-27 10:30:00+00:00,0.0539,0.05428,0.05387,0.05413,267958.0
2025-07-27 10:45:00+00:00,0.0542,0.05474,0.0541,0.05441,581265.0
2025-07-27 11:00:00+00:00,0.05445,0.05447,0.05377,0.05391,261752.0
2025-07-27 11:15:00+00:00,0.05393,0.05412,0.05377,0.05385,334970.0
2025-07-27 11:30:00+00:00,0.05385,0.05395,0.05372,0.05382,189513.0
2025-07-27 11:45:00+00:00,0.05382,0.05435,0.05364,0.05411,712501.0
2025-07-27 12:00:00+00:00,0.05412,0.0542,0.05392,0.05417,248894.0
2025-07-27 12:15:00+00:00,0.05413,0.05493,0.05411,0.05416,793828.0
2025-07-27 12:30:00+00:00,0.05421,0.05423,0.05363,0.0537,459582.0
2025-07-27 12:45:00+00:00,0.0537,0.05447,0.05364,0.05438,433828.0
2025-07-27 13:00:00+00:00,0.05433,0.05457,0.05412,0.05412,403090.0
2025-07-27 13:15:00+00:00,0.05417,0.05421,0.05389,0.05397,73981.0
2025-07-27 13:30:00+00:00,0.05397,0.05422,0.05385,0.05412,237715.0
2025-07-27 13:45:00+00:00,0.05414,0.05422,0.05406,0.05416,109514.0
2025-07-27 14:00:00+00:00,0.05416,0.05434,0.05404,0.05404,105054.0
2025-07-27 14:15:00+00:00,0.05404,0.05423,0.05374,0.05374,227905.0
2025-07-27 14:30:00+00:00,0.05374,0.0539,0.05346,0.05346,425466.0
2025-07-27 14:45:00+00:00,0.05346,0.05369,0.0533,0.05356,337731.0
2025-07-27 15:00:00+00:00,0.05356,0.05403,0.05346,0.05385,743850.0
2025-07-27 15:15:00+00:00,0.05379,0.05419,0.05369,0.05405,407761.0
2025-07-27 15:30:00+00:00,0.05405,0.05476,0.05403,0.05469,484900.0
2025-07-27 15:45:00+00:00,0.05472,0.05487,0.05459,0.05471,494440.0
2025-07-27 16:00:00+00:00,0.05473,0.05479,0.05442,0.05446,287648.0
2025-07-27 16:15:00+00:00,0.05452,0.05469,0.05436,0.05461,592260.0
2025-07-27 16:30:00+00:00,0.05466,0.05479,0.05443,0.05454,277879.0
2025-07-27 16:45:00+00:00,0.05456,0.05467,0.05424,0.05429,273286.0
2025-07-27 17:00:00+00:00,0.05432,0.05435,0.05408,0.05413,313533.0
2025-07-30 15:00:00+00:00,0.05868,0.05964,0.05722,0.05762,12234738.0
2025-07-30 15:15:00+00:00,0.0576,0.05857,0.05703,0.0584,6258896.0
2025-07-30 15:30:00+00:00,0.05835,0.05836,0.05758,0.05822,5112984.0
2025-07-30 15:45:00+00:00,0.05819,0.05915,0.058,0.05856,8622949.0
2025-07-30 16:00:00+00:00,0.05858,0.065,0.05765,0.065,28533514.0
2025-07-30 16:15:00+00:00,0.065,0.06545,0.05606,0.05674,63962571.0
2025-07-30 16:30:00+00:00,0.05677,0.05737,0.05575,0.05625,15290828.0
2025-07-30 16:45:00+00:00,0.05626,0.06,0.05612,0.05913,13536023.0
2025-07-30 17:00:00+00:00,0.0592,0.06084,0.05868,0.05981,18015491.0
2025-07-30 17:15:00+00:00,0.05984,0.05989,0.05849,0.05854,6189425.0
2025-07-30 17:30:00+00:00,0.05855,0.05888,0.05836,0.05842,1649149.0
2025-07-30 17:45:00+00:00,0.0584,0.05885,0.0575,0.05885,3722330.0
2025-07-30 18:00:00+00:00,0.05885,0.05903,0.05811,0.05811,2406784.0
2025-07-30 18:15:00+00:00,0.05814,0.05838,0.05768,0.05786,1130494.0
2025-07-30 18:30:00+00:00,0.05788,0.05802,0.0572,0.05729,1726312.0
2025-07-30 18:45:00+00:00,0.05733,0.05768,0.05685,0.05712,3724489.0
2025-07-30 19:00:00+00:00,0.05712,0.05769,0.05664,0.05769,3721481.0
2025-07-30 19:15:00+00:00,0.05767,0.05883,0.05741,0.05869,2095755.0
2025-07-30 19:30:00+00:00,0.05869,0.05932,0.05842,0.05921,1449130.0
2025-07-30 19:45:00+00:00,0.05918,0.05951,0.05868,0.05908,2120525.0
2025-07-30 20:00:00+00:00,0.05908,0.06162,0.05908,0.06034,6903788.0
2025-07-30 20:15:00+00:00,0.06035,0.06238,0.06033,0.06212,5128517.0
2025-07-30 20:30:00+00:00,0.06214,0.063,0.06164,0.06231,3814677.0
2025-07-30 20:45:00+00:00,0.06235,0.06252,0.06075,0.06165,3800121.0
2025-07-30 21:00:00+00:00,0.06164,0.06214,0.06092,0.06111,1845795.0
2025-07-30 21:15:00+00:00,0.06111,0.06148,0.06086,0.06124,774822.0
2025-07-30 21:30:00+00:00,0.06124,0.06138,0.05979,0.06007,4690211.0
2025-07-30 21:45:00+00:00,0.06006,0.06011,0.05937,0.05965,766845.0
2025-07-30 22:00:00+00:00,0.05964,0.05994,0.05856,0.05959,2174704.0
2025-07-30 22:15:00+00:00,0.05958,0.05961,0.05886,0.0591,1145921.0
2025-07-30 22:30:00+00:00,0.05905,0.05928,0.05857,0.05927,905134.0
2025-07-30 22:45:00+00:00,0.0592,0.05958,0.05794,0.05824,2200489.0
2025-07-30 23:00:00+00:00,0.05824,0.05861,0.05798,0.05832,910963.0
2025-07-30 23:15:00+00:00,0.05834,0.05918,0.05813,0.059,2289043.0
2025-07-30 23:30:00+00:00,0.05899,0.05924,0.05835,0.05872,1307946.0
2025-07-30 23:45:00+00:00,0.05869,0.05904,0.0586,0.05897,391313.0
2025-07-31 00:00:00+00:00,0.05894,0.05906,0.05838,0.05859,665278.0
2025-07-31 00:15:00+00:00,0.05861,0.05915,0.05852,0.05894,420196.0
2025-07-31 00:30:00+00:00,0.05897,0.0592,0.05886,0.05908,323842.0
2025-07-31 00:45:00+00:00,0.05909,0.05912,0.05843,0.05871,729849.0
2025-07-31 01:00:00+00:00,0.05873,0.0591,0.05812,0.0588,1006393.0
2025-07-31 01:15:00+00:00,0.05881,0.05942,0.05877,0.05907,790417.0
2025-07-31 01:30:00+00:00,0.05909,0.05921,0.05891,0.05912,460646.0
2025-07-31 01:45:00+00:00,0.05915,0.05924,0.0589,0.05905,323050.0
2025-07-31 02:00:00+00:00,0.05905,0.05923,0.05887,0.05891,283577.0
2025-07-31 02:15:00+00:00,0.05891,0.05902,0.05857,0.05863,342527.0
2025-07-31 02:30:00+00:00,0.05866,0.05875,0.05847,0.05863,238148.0
2025-07-31 02:45:00+00:00,0.05865,0.05876,0.05843,0.05868,255331.0
2025-07-31 03:00:00+00:00,0.05868,0.0598,0.05858,0.05973,822211.0
2025-07-31 03:15:00+00:00,0.05979,0.0599,0.05946,0.05975,599002.0
2025-07-31 03:30:00+00:00,0.05975,0.06061,0.05966,0.05996,784382.0
2025-07-31 03:45:00+00:00,0.05994,0.06044,0.05977,0.05996,914695.0
2025-07-31 04:00:00+00:00,0.05999,0.06031,0.05989,0.06022,365195.0
2025-07-31 04:15:00+00:00,0.06022,0.06029,0.0599,0.06021,411622.0
2025-07-31 04:30:00+00:00,0.06022,0.06065,0.06022,0.06055,297552.0
2025-07-31 04:45:00+00:00,0.0606,0.06082,0.06031,0.0604,318549.0
2025-07-31 05:00:00+00:00,0.06039,0.06064,0.06035,0.06037,325874.0
2025-07-31 05:15:00+00:00,0.06037,0.06061,0.06024,0.06049,397981.0
2025-07-31 05:30:00+00:00,0.06049,0.06082,0.06015,0.06015,686959.0
2025-07-31 05:45:00+00:00,0.06016,0.06038,0.05941,0.06003,1942514.0
2025-07-31 06:00:00+00:00,0.06006,0.06015,0.05935,0.05967,630119.0
2025-07-31 06:15:00+00:00,0.05969,0.06018,0.05958,0.06018,496126.0
2025-07-31 06:30:00+00:00,0.06028,0.06039,0.06001,0.0603,294059.0
2025-07-31 06:45:00+00:00,0.06028,0.06091,0.06027,0.06087,583498.0
2025-07-31 07:00:00+00:00,0.06087,0.06123,0.0606,0.06087,661218.0
2025-07-31 07:15:00+00:00,0.06084,0.06116,0.06034,0.06103,760043.0
2025-07-31 07:30:00+00:00,0.06103,0.06145,0.06097,0.06136,353375.0
2025-07-31 07:45:00+00:00,0.0614,0.06173,0.06128,0.06161,303399.0
2025-07-31 08:00:00+00:00,0.06157,0.06321,0.06157,0.06284,3366896.0
2025-07-31 08:15:00+00:00,0.06286,0.06391,0.06271,0.0631,3261301.0
2025-07-31 08:30:00+00:00,0.0631,0.06342,0.06265,0.06287,1796937.0
2025-07-31 08:45:00+00:00,0.06285,0.06293,0.06214,0.06261,1497458.0
2025-07-31 09:00:00+00:00,0.06258,0.06264,0.06154,0.0618,1728986.0
2025-07-31 09:15:00+00:00,0.06175,0.06201,0.06107,0.06117,1314526.0
2025-07-31 09:30:00+00:00,0.06119,0.06153,0.06105,0.06142,640859.0
2025-07-31 09:45:00+00:00,0.06137,0.06193,0.06136,0.06158,588605.0
2025-07-31 10:00:00+00:00,0.06158,0.06166,0.06109,0.0612,844674.0
2025-07-31 10:15:00+00:00,0.06119,0.0622,0.0611,0.0622,707113.0
2025-07-31 10:30:00+00:00,0.06218,0.06416,0.0619,0.06393,4700181.0
2025-07-31 10:45:00+00:00,0.06388,0.06406,0.0626,0.06316,2597205.0
2025-07-31 11:00:00+00:00,0.06317,0.06364,0.06278,0.06308,1629356.0
2025-07-31 11:15:00+00:00,0.06307,0.06309,0.0624,0.06271,2217621.0
2025-07-31 11:30:00+00:00,0.0627,0.06287,0.06252,0.06252,195077.0
2025-07-31 11:45:00+00:00,0.0626,0.06352,0.06256,0.06299,1340498.0
2025-07-31 12:00:00+00:00,0.06299,0.06304,0.0621,0.0629,1463727.0
2025-07-31 12:15:00+00:00,0.0629,0.06309,0.06123,0.06149,2062094.0
2025-07-31 12:30:00+00:00,0.06148,0.06163,0.0607,0.06112,1890158.0
2025-07-31 12:45:00+00:00,0.06115,0.06133,0.06065,0.0611,1318471.0
2025-07-31 13:00:00+00:00,0.0611,0.06224,0.0608,0.06191,1674598.0
2025-07-31 13:15:00+00:00,0.06189,0.06288,0.06163,0.06282,3563557.0
2025-07-31 13:30:00+00:00,0.06282,0.06309,0.06199,0.06247,3375071.0
2025-07-31 13:45:00+00:00,0.06247,0.06381,0.06237,0.06334,2337842.0
2025-07-31 14:00:00+00:00,0.0634,0.06347,0.06061,0.06182,5701141.0
2025-07-31 14:15:00+00:00,0.06185,0.06189,0.06107,0.06144,1390177.0
2025-07-31 14:30:00+00:00,0.06139,0.06179,0.06126,0.06138,672928.0
2025-07-31 14:45:00+00:00,0.06138,0.06185,0.06115,0.06117,548919.0
2025-07-31 15:00:00+00:00,0.06119,0.06188,0.06084,0.06171,1254457.0
2025-07-31 15:15:00+00:00,0.0617,0.0617,0.06085,0.06156,694491.0
2025-07-31 15:30:00+00:00,0.06155,0.06172,0.06124,0.06124,343496.0
2025-07-31 15:45:00+00:00,0.06123,0.06133,0.0608,0.06124,547936.0
2025-07-31 16:00:00+00:00,0.06126,0.06225,0.06126,0.06144,861902.0
2025-07-31 16:15:00+00:00,0.06142,0.06237,0.06142,0.06233,358128.0
2025-07-31 16:30:00+00:00,0.06233,0.06316,0.06192,0.06284,1396810.0
2025-07-31 16:45:00+00:00,0.06287,0.06309,0.06256,0.06276,809885.0
2025-07-31 17:00:00+00:00,0.06277,0.0628,0.06188,0.06216,477140.0
2025-07-31 17:15:00+00:00,0.06216,0.06787,0.06183,0.06516,20573300.0
2025-07-31 17:30:00+00:00,0.06515,0.06545,0.0638,0.06418,7948731.0
2025-07-31 17:45:00+00:00,0.06416,0.0644,0.06278,0.06369,4287903.0
2025-07-31 18:00:00+00:00,0.06369,0.066,0.06351,0.06544,12910890.0
2025-07-31 18:15:00+00:00,0.06543,0.06594,0.06509,0.06567,5212362.0
2025-07-31 18:30:00+00:00,0.06573,0.06585,0.06452,0.0655,3972711.0
2025-07-31 18:45:00+00:00,0.06546,0.0658,0.06506,0.06544,2065276.0
2025-07-31 19:00:00+00:00,0.06546,0.06553,0.06485,0.06514,2830841.0
2025-07-31 19:15:00+00:00,0.06511,0.06568,0.06478,0.06541,1745367.0
2025-07-31 19:30:00+00:00,0.06536,0.06597,0.0652,0.06548,1678583.0
2025-07-31 19:45:00+00:00,0.06552,0.06552,0.06448,0.06523,2508969.0
2025-07-31 20:00:00+00:00,0.06518,0.06595,0.06405,0.06538,3191819.0
2025-07-31 20:15:00+00:00,0.0654,0.06633,0.06492,0.06522,2846468.0
2025-07-31 20:30:00+00:00,0.06523,0.06565,0.06486,0.06511,1096151.0
2025-07-31 20:45:00+00:00,0.0651,0.06569,0.06493,0.06555,1038560.0
2025-07-31 21:00:00+00:00,0.06546,0.06589,0.06526,0.06529,603976.0
2025-07-31 21:15:00+00:00,0.06525,0.06539,0.06447,0.06458,1255138.0
2025-07-31 21:30:00+00:00,0.06457,0.06563,0.06457,0.06533,1380868.0
2025-07-31 21:45:00+00:00,0.06536,0.0655,0.064,0.0654,1647085.0
2025-07-31 22:00:00+00:00,0.06543,0.06559,0.06483,0.06557,1204950.0
2025-07-31 22:15:00+00:00,0.06557,0.06585,0.06472,0.06509,2486022.0
2025-07-31 22:30:00+00:00,0.06506,0.06663,0.06469,0.06614,5141908.0
2025-07-31 22:45:00+00:00,0.06604,0.06625,0.06492,0.06538,4168845.0
2025-07-31 23:00:00+00:00,0.06535,0.0658,0.065,0.06539,1747042.0
2025-07-31 23:15:00+00:00,0.06542,0.06543,0.06418,0.06437,2097982.0
2025-07-31 23:30:00+00:00,0.06437,0.06485,0.06386,0.06429,3141471.0
2025-07-31 23:45:00+00:00,0.06429,0.06473,0.06342,0.06451,3962787.0
2025-08-01 00:00:00+00:00,0.06449,0.06473,0.06339,0.0642,2706118.0
2025-08-01 00:15:00+00:00,0.06419,0.06519,0.06415,0.065,3050680.0
2025-08-01 00:30:00+00:00,0.06498,0.06515,0.06359,0.06384,4137591.0
2025-08-01 00:45:00+00:00,0.06384,0.06466,0.06293,0.06434,4510384.0
2025-08-01 01:00:00+00:00,0.06432,0.06477,0.06369,0.06392,1507947.0
2025-08-01 01:15:00+00:00,0.06392,0.06461,0.06341,0.06365,1962005.0
2025-08-01 01:30:00+00:00,0.06365,0.06399,0.06303,0.0639,1956347.0
2025-08-01 01:45:00+00:00,0.06383,0.06393,0.06278,0.06309,1854872.0
2025-08-01 02:00:00+00:00,0.06309,0.06374,0.06284,0.06369,1506118.0
2025-08-01 02:15:00+00:00,0.06367,0.06776,0.06341,0.06665,13337312.0
2025-08-01 02:30:00+00:00,0.06665,0.06722,0.06604,0.06647,17342313.0
2025-08-01 02:45:00+00:00,0.06647,0.06763,0.06583,0.06667,17506857.0
2025-08-01 03:00:00+00:00,0.06659,0.06694,0.06605,0.06634,8227540.0
2025-08-01 03:15:00+00:00,0.06633,0.0672,0.06615,0.06679,8356700.0
2025-08-01 03:30:00+00:00,0.06679,0.06758,0.0666,0.06679,10393928.0
2025-08-01 03:45:00+00:00,0.0668,0.06733,0.06663,0.06681,4555607.0
2025-08-01 04:00:00+00:00,0.06684,0.067,0.06618,0.06643,10798536.0
2025-08-01 04:15:00+00:00,0.0664,0.06704,0.06581,0.06671,7940391.0
2025-08-01 04:30:00+00:00,0.06671,0.071,0.06633,0.0682,21283903.0
2025-08-01 04:45:00+00:00,0.06823,0.06859,0.06737,0.06833,13355523.0
2025-08-01 05:00:00+00:00,0.06828,0.06831,0.06662,0.06684,12002891.0
2025-08-01 05:15:00+00:00,0.06683,0.06789,0.06681,0.06737,8053563.0
2025-08-01 05:30:00+00:00,0.06737,0.06774,0.06671,0.06683,5985252.0
2025-08-01 05:45:00+00:00,0.06684,0.06742,0.06655,0.0672,6714566.0
2025-08-01 06:00:00+00:00,0.06722,0.06749,0.06677,0.0671,6271051.0
2025-08-01 06:15:00+00:00,0.06709,0.06745,0.06677,0.06712,4768720.0
2025-08-01 06:30:00+00:00,0.06709,0.06754,0.06603,0.06624,10181320.0
2025-08-01 06:45:00+00:00,0.06623,0.06751,0.0662,0.06742,6267822.0
2025-08-01 07:00:00+00:00,0.06741,0.0679,0.06724,0.06745,5199348.0
2025-08-01 07:15:00+00:00,0.06745,0.06772,0.067,0.06745,4673347.0
2025-08-01 07:30:00+00:00,0.06745,0.06774,0.06702,0.06761,3984063.0
2025-08-01 07:45:00+00:00,0.06758,0.06768,0.067,0.06733,4360220.0
2025-08-01 08:00:00+00:00,0.06732,0.06819,0.06671,0.06785,8998011.0
2025-08-01 08:15:00+00:00,0.0678,0.06914,0.06758,0.06857,12830127.0
2025-08-01 08:30:00+00:00,0.06856,0.0695,0.06842,0.06893,10426941.0
2025-08-01 08:45:00+00:00,0.0689,0.06904,0.068,0.0681,8016724.0
2025-08-01 09:00:00+00:00,0.06808,0.06848,0.06751,0.06755,6027415.0
2025-08-01 09:15:00+00:00,0.06756,0.06851,0.06737,0.06816,6786812.0
2025-08-01 09:30:00+00:00,0.06812,0.06842,0.06731,0.06743,7352240.0
2025-08-01 09:45:00+00:00,0.06742,0.0675,0.06681,0.06693,7767219.0
2025-08-01 10:00:00+00:00,0.06692,0.06758,0.06682,0.06727,4381438.0
2025-08-01 10:15:00+00:00,0.06727,0.06808,0.0671,0.06738,5526295.0
2025-08-01 10:30:00+00:00,0.06737,0.07,0.06718,0.06945,15795143.0
2025-08-01 10:45:00+00:00,0.06943,0.06962,0.06839,0.0686,9260322.0
2025-08-01 11:00:00+00:00,0.06861,0.069,0.06829,0.06892,5115804.0
2025-08-01 11:15:00+00:00,0.06891,0.06924,0.0684,0.06907,4912658.0
2025-08-01 11:30:00+00:00,0.06906,0.0691,0.0685,0.06898,4582464.0
2025-08-01 11:45:00+00:00,0.06897,0.06904,0.06828,0.06868,3647790.0
2025-08-01 12:00:00+00:00,0.0687,0.06898,0.06812,0.06853,4406235.0
2025-08-01 12:15:00+00:00,0.06857,0.06916,0.06838,0.0687,4628382.0
2025-08-01 12:30:00+00:00,0.06867,0.06976,0.0686,0.06907,7363374.0
2025-08-01 12:45:00+00:00,0.06913,0.06942,0.06751,0.06791,7852475.0
2025-08-01 13:00:00+00:00,0.06788,0.06919,0.06788,0.06879,4724093.0
2025-08-01 13:15:00+00:00,0.06883,0.06885,0.06785,0.0682,4555703.0
2025-08-01 13:30:00+00:00,0.0682,0.07084,0.0677,0.06875,20576835.0
2025-08-01 13:45:00+00:00,0.06875,0.06917,0.0677,0.06806,10676126.0
2025-08-01 14:00:00+00:00,0.06805,0.06972,0.06793,0.06917,12634062.0
2025-08-01 14:15:00+00:00,0.06917,0.06987,0.06885,0.06948,9832698.0
2025-08-01 14:30:00+00:00,0.06951,0.06965,0.06876,0.06917,5733867.0
2025-08-01 14:45:00+00:00,0.06917,0.06941,0.06821,0.06852,4753957.0
2025-08-01 15:00:00+00:00,0.06845,0.06903,0.06828,0.06869,4748578.0
2025-08-01 15:15:00+00:00,0.06872,0.0689,0.06806,0.06824,2987098.0
2025-08-01 15:30:00+00:00,0.0683,0.06983,0.06819,0.06943,4481882.0
2025-08-01 15:45:00+00:00,0.06942,0.06975,0.06915,0.06942,4363021.0
2025-08-01 16:00:00+00:00,0.06945,0.06995,0.06902,0.06961,5132438.0
2025-08-01 16:15:00+00:00,0.06961,0.0699,0.06903,0.06965,4315349.0
2025-08-01 16:30:00+00:00,0.06964,0.06971,0.06871,0.06903,3785610.0
2025-08-01 16:45:00+00:00,0.06902,0.06906,0.06787,0.06814,4264213.0
2025-08-01 17:00:00+00:00,0.06817,0.069,0.06755,0.06835,10264770.0
2025-08-01 17:15:00+00:00,0.06834,0.06912,0.06717,0.06856,7893722.0
2025-08-01 17:30:00+00:00,0.06859,0.06957,0.06858,0.06924,3494669.0
2025-08-01 17:45:00+00:00,0.06923,0.06947,0.06889,0.06922,1953785.0
2025-08-01 18:00:00+00:00,0.06926,0.06988,0.06917,0.0698,3223265.0
2025-08-01 18:15:00+00:00,0.06977,0.06983,0.06907,0.06921,2787419.0
2025-08-01 18:30:00+00:00,0.06921,0.06944,0.06832,0.06919,3546036.0
2025-08-01 18:45:00+00:00,0.06918,0.06963,0.0689,0.06908,2082045.0
2025-08-01 19:00:00+00:00,0.06907,0.06954,0.06889,0.06923,1721288.0
2025-08-01 19:15:00+00:00,0.06922,0.06942,0.069,0.06925,1275049.0
2025-08-01 19:30:00+00:00,0.06924,0.06971,0.06908,0.06945,2552239.0
2025-08-01 19:45:00+00:00,0.06946,0.06978,0.06914,0.0692,1563064.0
2025-08-01 20:00:00+00:00,0.06919,0.06964,0.06857,0.06881,3344594.0
2025-08-01 20:15:00+00:00,0.06882,0.06894,0.06799,0.06858,2820070.0
2025-08-01 20:30:00+00:00,0.06858,0.06931,0.06778,0.06909,3997366.0
2025-08-01 20:45:00+00:00,0.06909,0.06935,0.06868,0.06899,1462902.0
2025-08-01 21:00:00+00:00,0.06901,0.07099,0.06861,0.07043,4771611.0
2025-08-01 21:15:00+00:00,0.07042,0.07151,0.06997,0.07133,6411230.0
2025-08-01 21:30:00+00:00,0.07137,0.0717,0.07062,0.07106,4524285.0
2025-08-01 21:45:00+00:00,0.07105,0.07169,0.07071,0.07141,2325475.0
2025-08-01 22:00:00+00:00,0.0714,0.07169,0.06966,0.07081,9233759.0
2025-08-01 22:15:00+00:00,0.07079,0.07105,0.06959,0.06983,3316507.0
2025-08-01 22:30:00+00:00,0.06982,0.07008,0.06941,0.06987,3081947.0
2025-08-01 22:45:00+00:00,0.0699,0.07008,0.06948,0.06957,1735329.0
2025-08-01 23:00:00+00:00,0.06955,0.07074,0.06938,0.07002,2515234.0
2025-08-01 23:15:00+00:00,0.07002,0.07154,0.06996,0.07104,2712615.0
2025-08-01 23:30:00+00:00,0.07101,0.07127,0.07046,0.07066,2389074.0
2025-08-01 23:45:00+00:00,0.07066,0.07144,0.0701,0.07086,3300640.0
2025-08-02 00:00:00+00:00,0.07086,0.07148,0.07054,0.07064,1574523.0
2025-08-02 00:15:00+00:00,0.07064,0.07131,0.07058,0.07123,1812896.0
2025-08-02 00:30:00+00:00,0.07123,0.0714,0.07017,0.07105,3704500.0
2025-08-02 00:45:00+00:00,0.07102,0.07132,0.07078,0.07099,1612225.0
2025-08-02 01:00:00+00:00,0.07099,0.07132,0.07056,0.07081,1456973.0
2025-08-02 01:15:00+00:00,0.07081,0.0718,0.06986,0.07064,4459653.0
2025-08-02 01:30:00+00:00,0.07065,0.07076,0.07008,0.07051,1435029.0
2025-08-02 01:45:00+00:00,0.07048,0.07075,0.07009,0.07029,908850.0
2025-08-02 02:00:00+00:00,0.07028,0.07028,0.06934,0.07005,3143712.0
2025-08-02 02:15:00+00:00,0.07005,0.07019,0.0695,0.06975,2059697.0
2025-08-02 02:30:00+00:00,0.06972,0.0703,0.06958,0.06974,1781016.0
2025-08-02 02:45:00+00:00,0.06971,0.06988,0.069,0.06941,2064245.0
2025-08-02 03:00:00+00:00,0.0694,0.0695,0.069,0.06939,1193817.0
2025-08-02 03:15:00+00:00,0.06939,0.06944,0.06855,0.06884,1758103.0
2025-08-02 03:30:00+00:00,0.06887,0.06895,0.06838,0.06855,1114920.0
2025-08-02 03:45:00+00:00,0.06856,0.06862,0.06783,0.06846,2186231.0
2025-08-02 04:00:00+00:00,0.06846,0.06979,0.06837,0.0695,2036745.0
2025-08-02 04:15:00+00:00,0.06951,0.06983,0.06921,0.06952,1212635.0
2025-08-02 04:30:00+00:00,0.06954,0.06972,0.0692,0.06936,827679.0
2025-08-02 04:45:00+00:00,0.06938,0.06942,0.06854,0.06924,1484490.0
2025-08-02 05:00:00+00:00,0.0692,0.06983,0.06874,0.06895,1188969.0
2025-08-02 05:15:00+00:00,0.06894,0.06943,0.06881,0.06896,506507.0
2025-08-02 05:30:00+00:00,0.06897,0.06899,0.06853,0.06857,433484.0
2025-08-02 05:45:00+00:00,0.06862,0.06903,0.06819,0.06849,930629.0
2025-08-02 06:00:00+00:00,0.06848,0.06873,0.06784,0.06862,1978928.0
2025-08-02 06:15:00+00:00,0.06861,0.06877,0.06823,0.0684,738126.0
2025-08-02 06:30:00+00:00,0.06838,0.06842,0.06802,0.06829,1120659.0
2025-08-02 06:45:00+00:00,0.06832,0.06945,0.06823,0.06895,1629395.0
2025-08-02 07:00:00+00:00,0.06894,0.06929,0.0686,0.06919,1273627.0
2025-08-02 07:15:00+00:00,0.06915,0.0696,0.06898,0.06927,1188355.0
2025-08-02 07:30:00+00:00,0.06927,0.06974,0.0691,0.06972,1360198.0
2025-08-02 07:45:00+00:00,0.06973,0.07004,0.06939,0.0697,1464239.0
2025-08-02 08:00:00+00:00,0.06972,0.07084,0.06965,0.07038,2365566.0
2025-08-02 08:15:00+00:00,0.07042,0.0715,0.0703,0.07103,3291860.0
2025-08-02 08:30:00+00:00,0.07102,0.07134,0.0704,0.07058,2386941.0
2025-08-02 08:45:00+00:00,0.07058,0.0707,0.07008,0.07046,1354025.0
2025-08-02 09:00:00+00:00,0.07044,0.07084,0.06976,0.06978,2697910.0
2025-08-02 09:15:00+00:00,0.06983,0.07018,0.069,0.06952,2802373.0
2025-08-02 09:30:00+00:00,0.06954,0.06988,0.06878,0.06894,2746431.0
2025-08-02 09:45:00+00:00,0.06894,0.07068,0.06868,0.07035,4695789.0
2025-08-02 10:00:00+00:00,0.07038,0.07135,0.06994,0.07101,4745744.0
2025-08-02 10:15:00+00:00,0.07101,0.07156,0.07077,0.0713,2768553.0
2025-08-02 10:30:00+00:00,0.07129,0.07196,0.07082,0.0717,3582579.0
2025-08-02 10:45:00+00:00,0.07168,0.07182,0.07046,0.07143,3085305.0
2025-08-02 11:00:00+00:00,0.07141,0.07148,0.07086,0.07103,896611.0
2025-08-02 11:15:00+00:00,0.07101,0.07128,0.07084,0.07095,795043.0
2025-08-02 11:30:00+00:00,0.07098,0.07199,0.07075,0.07162,2133826.0
2025-08-02 11:45:00+00:00,0.07165,0.07191,0.07115,0.07128,1546778.0
2025-08-02 12:00:00+00:00,0.07129,0.07149,0.07087,0.071,1131336.0
2025-08-02 12:15:00+00:00,0.07103,0.07129,0.07073,0.07104,985369.0
2025-08-02 12:30:00+00:00,0.07104,0.07141,0.07085,0.07094,834947.0
2025-08-02 12:45:00+00:00,0.07095,0.0711,0.07066,0.07103,818488.0
2025-08-02 13:00:00+00:00,0.07104,0.07199,0.0708,0.0708,4486329.0
2025-08-02 13:15:00+00:00,0.0708,0.07108,0.07042,0.07077,1899823.0
2025-08-02 13:30:00+00:00,0.07078,0.0712,0.07069,0.07098,1237833.0
2025-08-02 13:45:00+00:00,0.07097,0.07107,0.07045,0.07072,1083906.0
2025-08-02 14:00:00+00:00,0.07073,0.07168,0.07073,0.07108,1495028.0
2025-08-02 14:15:00+00:00,0.07109,0.0713,0.07071,0.07119,1247015.0
2025-08-02 14:30:00+00:00,0.07119,0.07119,0.07044,0.07097,1731579.0
2025-08-02 14:45:00+00:00,0.07095,0.07096,0.07028,0.07039,1221351.0
2025-08-02 15:00:00+00:00,0.07042,0.0712,0.07015,0.07115,2168600.0
2025-08-02 15:15:00+00:00,0.07111,0.07164,0.07097,0.07104,1458093.0
2025-08-02 15:30:00+00:00,0.07108,0.07109,0.07055,0.07086,897114.0
2025-08-02 15:45:00+00:00,0.07085,0.07125,0.07023,0.07056,1457220.0
2025-08-02 16:00:00+00:00,0.07053,0.07158,0.0705,0.07118,2006421.0
2025-08-02 16:15:00+00:00,0.07123,0.0715,0.07084,0.07093,1572577.0
2025-08-02 16:30:00+00:00,0.07092,0.07118,0.0704,0.07097,1856993.0
2025-08-02 16:45:00+00:00,0.07098,0.07136,0.07054,0.07077,1923726.0
2025-08-02 17:00:00+00:00,0.07078,0.0713,0.07033,0.07095,2144997.0
2025-08-02 17:15:00+00:00,0.07104,0.07145,0.07088,0.0709,1148526.0
2025-08-02 17:30:00+00:00,0.07094,0.07099,0.0706,0.07063,584364.0
2025-08-02 17:45:00+00:00,0.07065,0.071,0.07052,0.07093,1220977.0
2025-08-02 18:00:00+00:00,0.07092,0.0713,0.07038,0.07048,2412667.0
2025-08-02 18:15:00+00:00,0.07046,0.07076,0.06964,0.07015,1402629.0
2025-08-02 18:30:00+00:00,0.07011,0.07086,0.07001,0.07065,1164513.0
2025-08-02 18:45:00+00:00,0.07064,0.07075,0.07013,0.07026,1259716.0
2025-08-02 19:00:00+00:00,0.07024,0.07034,0.06984,0.07034,1019734.0
2025-08-02 19:15:00+00:00,0.07032,0.07139,0.07031,0.07127,1556410.0
2025-08-02 19:30:00+00:00,0.07129,0.0717,0.07118,0.07139,1332692.0
2025-08-02 19:45:00+00:00,0.07142,0.07154,0.07053,0.07057,1077161.0
2025-08-02 20:00:00+00:00,0.0706,0.07114,0.07045,0.07087,1194757.0
2025-08-02 20:15:00+00:00,0.07088,0.07162,0.07078,0.07128,1559567.0
2025-08-02 20:30:00+00:00,0.07128,0.07146,0.07089,0.07121,1028842.0
2025-08-02 20:45:00+00:00,0.07125,0.07137,0.07087,0.07134,1028924.0
2025-08-02 21:00:00+00:00,0.07134,0.082,0.0688,0.06986,41379493.0
2025-08-02 21:15:00+00:00,0.06997,0.07187,0.06819,0.07133,15523193.0
2025-08-02 21:30:00+00:00,0.0713,0.07419,0.0713,0.07316,8411954.0
2025-08-02 21:45:00+00:00,0.07316,0.07324,0.07203,0.07316,3905084.0
2025-08-02 22:00:00+00:00,0.07316,0.07337,0.07215,0.07227,3180569.0
2025-08-02 22:15:00+00:00,0.0723,0.0728,0.07128,0.07179,3292334.0
2025-08-02 22:30:00+00:00,0.07174,0.07283,0.07172,0.07232,1892597.0
2025-08-02 22:45:00+00:00,0.07231,0.07256,0.07169,0.07175,1616411.0
2025-08-02 23:00:00+00:00,0.07175,0.0722,0.07137,0.07148,1304892.0
2025-08-02 23:15:00+00:00,0.07144,0.07165,0.07072,0.07072,2082721.0
2025-08-02 23:30:00+00:00,0.07076,0.07147,0.06996,0.07098,3241027.0
2025-08-02 23:45:00+00:00,0.07098,0.07155,0.07092,0.0711,973528.0
2025-08-03 00:00:00+00:00,0.07109,0.07154,0.07034,0.07039,1642742.0
2025-08-03 00:15:00+00:00,0.07039,0.0719,0.07035,0.07102,2385070.0
2025-08-03 00:30:00+00:00,0.07102,0.07179,0.07048,0.0717,1830267.0
2025-08-03 00:45:00+00:00,0.07171,0.0725,0.07132,0.07235,1767141.0
2025-08-03 01:00:00+00:00,0.07236,0.07249,0.07202,0.07208,774831.0
2025-08-03 01:15:00+00:00,0.07208,0.07211,0.07158,0.07208,653709.0
2025-08-03 01:30:00+00:00,0.07209,0.07248,0.07181,0.0722,1077825.0
2025-08-03 01:45:00+00:00,0.07222,0.07339,0.07164,0.0728,1999767.0
2025-08-03 02:00:00+00:00,0.07283,0.07478,0.07265,0.07428,4688129.0
2025-08-03 02:15:00+00:00,0.07429,0.07498,0.07348,0.07382,3170503.0
2025-08-03 02:30:00+00:00,0.07386,0.07405,0.07348,0.07385,1273867.0
2025-08-03 02:45:00+00:00,0.07384,0.07458,0.07372,0.07433,1073246.0
2025-08-03 03:00:00+00:00,0.07437,0.07547,0.07411,0.07477,3565481.0
2025-08-03 03:15:00+00:00,0.07478,0.07544,0.07463,0.07536,3583489.0
2025-08-03 03:30:00+00:00,0.07534,0.07699,0.07493,0.07632,6247785.0
2025-08-03 03:45:00+00:00,0.07637,0.07779,0.07627,0.07682,7901069.0
2025-08-03 04:00:00+00:00,0.07679,0.07824,0.07486,0.07509,16228048.0
2025-08-03 04:15:00+00:00,0.07509,0.07605,0.07507,0.07543,4316019.0
2025-08-03 04:30:00+00:00,0.07543,0.07592,0.0752,0.07541,3071377.0
2025-08-03 04:45:00+00:00,0.07538,0.07596,0.07472,0.07525,3621846.0
2025-08-03 05:00:00+00:00,0.07525,0.07597,0.07478,0.07556,3174620.0
2025-08-03 05:15:00+00:00,0.07556,0.07652,0.07556,0.07591,3144686.0
2025-08-03 05:30:00+00:00,0.07591,0.07597,0.07414,0.07419,3907358.0
2025-08-03 05:45:00+00:00,0.07418,0.07469,0.07385,0.07457,3072697.0
2025-08-03 06:00:00+00:00,0.07463,0.07484,0.07418,0.0743,1922924.0
2025-08-03 06:15:00+00:00,0.0743,0.07431,0.07292,0.07399,4831226.0
2025-08-03 06:30:00+00:00,0.07398,0.07455,0.07381,0.07435,1101281.0
2025-08-03 06:45:00+00:00,0.0743,0.07433,0.07387,0.07409,637961.0
2025-08-03 07:00:00+00:00,0.07403,0.0745,0.07388,0.07403,815807.0
2025-08-03 07:15:00+00:00,0.07402,0.07405,0.07279,0.07364,2216319.0
2025-08-03 07:30:00+00:00,0.07361,0.07432,0.07357,0.07424,840429.0
2025-08-03 07:45:00+00:00,0.0742,0.0754,0.07406,0.07469,2054394.0
2025-08-03 08:00:00+00:00,0.07472,0.07503,0.07375,0.07452,2123081.0
2025-08-03 08:15:00+00:00,0.07443,0.07464,0.0741,0.07419,1131082.0
2025-08-03 08:30:00+00:00,0.0742,0.07462,0.07386,0.07456,690182.0
2025-08-03 08:45:00+00:00,0.07456,0.07482,0.07355,0.07381,1623670.0
2025-08-03 09:00:00+00:00,0.07383,0.07453,0.07374,0.07393,1436739.0
2025-08-03 09:15:00+00:00,0.07393,0.07405,0.07313,0.07363,2056076.0
2025-08-03 09:30:00+00:00,0.07365,0.07371,0.07321,0.07356,679782.0
2025-08-03 09:45:00+00:00,0.07359,0.074,0.07287,0.074,1559928.0
2025-08-03 10:00:00+00:00,0.07396,0.07396,0.0734,0.07342,1035559.0
2025-08-03 10:15:00+00:00,0.07345,0.07357,0.07305,0.07335,941443.0
2025-08-03 10:30:00+00:00,0.0733,0.07332,0.07267,0.07297,1761863.0
2025-08-03 10:45:00+00:00,0.07301,0.074,0.07299,0.07383,1077691.0
2025-08-03 11:00:00+00:00,0.07379,0.07492,0.07333,0.07458,1923804.0
2025-08-03 11:15:00+00:00,0.07459,0.07523,0.07346,0.07515,2904298.0
2025-08-03 11:30:00+00:00,0.07517,0.07541,0.07484,0.07524,890707.0
2025-08-03 11:45:00+00:00,0.07521,0.07567,0.07494,0.07511,1122978.0
2025-08-03 12:00:00+00:00,0.07516,0.07558,0.07488,0.07523,1435358.0
2025-08-03 12:15:00+00:00,0.07523,0.07576,0.07523,0.07551,1922985.0
2025-08-03 12:30:00+00:00,0.07557,0.07578,0.0751,0.07561,1058332.0
2025-08-03 12:45:00+00:00,0.07554,0.0763,0.07551,0.07616,1325770.0
2025-08-03 13:00:00+00:00,0.07615,0.07653,0.07577,0.07642,1978166.0
2025-08-03 13:15:00+00:00,0.07644,0.07681,0.0759,0.07617,1523180.0
2025-08-03 13:30:00+00:00,0.07617,0.07621,0.07585,0.07593,807017.0
2025-08-03 13:45:00+00:00,0.07595,0.07633,0.07589,0.07626,1214114.0
2025-08-03 14:00:00+00:00,0.07622,0.07682,0.07564,0.07617,1964721.0
2025-08-03 14:15:00+00:00,0.07615,0.07618,0.07548,0.07571,1004680.0
2025-08-03 14:30:00+00:00,0.07571,0.07615,0.07556,0.07603,826544.0
2025-08-03 14:45:00+00:00,0.07602,0.07616,0.07562,0.0757,896960.0
2025-08-03 15:00:00+00:00,0.0757,0.07619,0.07556,0.07605,752241.0
2025-08-03 15:15:00+00:00,0.07604,0.07636,0.07571,0.0762,886619.0
2025-08-03 15:30:00+00:00,0.07618,0.0763,0.07548,0.07581,1767861.0
2025-08-03 15:45:00+00:00,0.07581,0.07595,0.07551,0.07567,935680.0
2025-08-03 16:00:00+00:00,0.07566,0.07664,0.07564,0.07633,1539854.0
2025-08-03 16:15:00+00:00,0.07633,0.07635,0.07575,0.07594,1617902.0
2025-08-03 16:30:00+00:00,0.076,0.07632,0.07588,0.07612,535846.0
2025-08-03 16:45:00+00:00,0.07612,0.07612,0.07558,0.07591,597475.0
2025-08-03 17:00:00+00:00,0.07593,0.07635,0.07561,0.07626,974054.0
2025-08-03 17:15:00+00:00,0.0763,0.07663,0.07616,0.0762,756873.0
2025-08-03 17:30:00+00:00,0.07614,0.07616,0.07563,0.07572,1124813.0
2025-08-03 17:45:00+00:00,0.07572,0.07599,0.07569,0.0758,287778.0
2025-08-03 18:00:00+00:00,0.07576,0.07594,0.07564,0.07573,676794.0
2025-08-03 18:15:00+00:00,0.07573,0.07667,0.07568,0.07654,1157413.0
2025-08-03 18:30:00+00:00,0.07653,0.07777,0.07631,0.07768,3803067.0
2025-08-03 18:45:00+00:00,0.07767,0.0787,0.07746,0.07761,2343268.0
2025-08-03 19:00:00+00:00,0.0776,0.07783,0.0766,0.0768,1577630.0
2025-08-03 19:15:00+00:00,0.07678,0.0772,0.07655,0.07658,950845.0
2025-08-03 19:30:00+00:00,0.07662,0.07668,0.07614,0.07623,535275.0
2025-08-03 19:45:00+00:00,0.07625,0.07645,0.07595,0.07599,346452.0
2025-08-03 20:00:00+00:00,0.07598,0.07621,0.0757,0.07584,613552.0
2025-08-03 20:15:00+00:00,0.07583,0.07748,0.07567,0.07674,1205056.0
2025-08-03 20:30:00+00:00,0.07673,0.07717,0.07643,0.07693,588437.0
2025-08-03 20:45:00+00:00,0.07691,0.07731,0.07671,0.07696,630116.0
2025-08-03 21:00:00+00:00,0.07692,0.07827,0.07669,0.07765,1548219.0
2025-08-03 21:15:00+00:00,0.07765,0.07784,0.07726,0.07753,805184.0
2025-08-03 21:30:00+00:00,0.07749,0.07753,0.0765,0.0767,429931.0
2025-08-03 21:45:00+00:00,0.07664,0.07668,0.07605,0.07619,456071.0
2025-08-03 22:00:00+00:00,0.07613,0.07741,0.0761,0.07644,1109588.0
2025-08-03 22:15:00+00:00,0.07639,0.07654,0.07612,0.07626,537433.0
2025-08-03 22:30:00+00:00,0.07625,0.07643,0.07586,0.07636,432793.0
2025-08-03 22:45:00+00:00,0.0764,0.07687,0.07612,0.07656,360657.0
2025-08-03 23:00:00+00:00,0.07649,0.07793,0.0763,0.07742,1355938.0
2025-08-03 23:15:00+00:00,0.07744,0.07756,0.07712,0.07731,437899.0
2025-08-03 23:30:00+00:00,0.07729,0.07874,0.07716,0.07726,1269487.0
2025-08-03 23:45:00+00:00,0.07725,0.07753,0.07714,0.07717,326952.0
2025-08-04 00:00:00+00:00,0.07719,0.07773,0.07663,0.07771,861580.0
2025-08-04 00:15:00+00:00,0.0777,0.07816,0.07715,0.07724,852360.0
2025-08-04 00:30:00+00:00,0.07722,0.07993,0.07717,0.07925,3166216.0
2025-08-04 00:45:00+00:00,0.07931,0.08158,0.07929,0.08113,3154325.0
2025-08-04 01:00:00+00:00,0.08113,0.0814,0.08027,0.08034,1917793.0
2025-08-04 01:15:00+00:00,0.08034,0.08116,0.0802,0.0805,1162918.0
2025-08-04 01:30:00+00:00,0.08053,0.08106,0.08019,0.08041,708075.0
2025-08-04 01:45:00+00:00,0.08029,0.08038,0.07797,0.07845,2306138.0
2025-08-04 02:00:00+00:00,0.07845,0.07927,0.07808,0.07881,1748821.0
2025-08-04 02:15:00+00:00,0.07879,0.0792,0.07821,0.07846,1275436.0
2025-08-04 02:30:00+00:00,0.07846,0.0787,0.07823,0.07864,720484.0
2025-08-04 02:45:00+00:00,0.07867,0.07875,0.078,0.07808,679354.0
2025-08-04 03:00:00+00:00,0.0781,0.07824,0.07759,0.07785,1824349.0
2025-08-04 03:15:00+00:00,0.07789,0.07797,0.07744,0.07763,891988.0
2025-08-04 03:30:00+00:00,0.07766,0.0777,0.07613,0.07645,3250509.0
2025-08-04 03:45:00+00:00,0.07646,0.07664,0.07286,0.07318,5564873.0
2025-08-04 04:00:00+00:00,0.07322,0.0742,0.06975,0.07011,22309977.0
2025-08-04 04:15:00+00:00,0.0701,0.07115,0.0695,0.07044,6204039.0
2025-08-04 04:30:00+00:00,0.0705,0.07264,0.07033,0.07249,5505529.0
2025-08-04 04:45:00+00:00,0.07255,0.07285,0.07178,0.07203,3534455.0
2025-08-04 05:00:00+00:00,0.07203,0.07221,0.07142,0.07184,1772458.0
2025-08-04 05:15:00+00:00,0.07185,0.07192,0.07084,0.07089,1799213.0
2025-08-04 05:30:00+00:00,0.07089,0.07097,0.0696,0.06965,3009198.0
2025-08-04 05:45:00+00:00,0.06964,0.07015,0.06816,0.0695,7098890.0
2025-08-04 06:00:00+00:00,0.0695,0.06952,0.06858,0.06883,3032792.0
2025-08-04 06:15:00+00:00,0.06883,0.07094,0.06879,0.06992,4024128.0
2025-08-04 06:30:00+00:00,0.0699,0.07009,0.06933,0.06983,1568494.0
2025-08-04 06:45:00+00:00,0.06983,0.06999,0.06952,0.06987,490149.0
2025-08-04 07:00:00+00:00,0.06988,0.06992,0.0688,0.06971,2463821.0
2025-08-04 07:15:00+00:00,0.06971,0.07029,0.06953,0.06984,1190309.0
2025-08-04 07:30:00+00:00,0.06984,0.07092,0.06978,0.07089,1464228.0
2025-08-04 07:45:00+00:00,0.07086,0.07119,0.07033,0.07051,1304880.0
2025-08-04 08:00:00+00:00,0.07054,0.07086,0.06974,0.07076,2028276.0
2025-08-04 08:15:00+00:00,0.07076,0.07187,0.07051,0.07105,2070625.0
2025-08-04 08:30:00+00:00,0.07105,0.0724,0.07056,0.0706,3114485.0
2025-08-04 08:45:00+00:00,0.0706,0.0708,0.06975,0.0699,2070424.0
2025-08-04 09:00:00+00:00,0.06981,0.07011,0.06909,0.06924,2056161.0
2025-08-04 09:15:00+00:00,0.0692,0.06953,0.06821,0.06859,3690818.0
2025-08-04 09:30:00+00:00,0.06855,0.0691,0.06822,0.06893,1511118.0
2025-08-04 09:45:00+00:00,0.06888,0.06894,0.06844,0.06861,956321.0
2025-08-04 10:00:00+00:00,0.06863,0.06915,0.06768,0.06851,3843667.0
2025-08-04 10:15:00+00:00,0.06857,0.06892,0.06783,0.06802,1595468.0
2025-08-04 10:30:00+00:00,0.068,0.068,0.06725,0.06773,2643243.0
2025-08-04 10:45:00+00:00,0.06772,0.06799,0.06731,0.06752,1384752.0
2025-08-04 11:00:00+00:00,0.06753,0.06859,0.06675,0.06837,4238376.0
2025-08-04 11:15:00+00:00,0.06837,0.069,0.0677,0.06847,2110078.0
2025-08-04 11:30:00+00:00,0.06847,0.06867,0.06823,0.06847,730585.0
2025-08-04 11:45:00+00:00,0.06847,0.06865,0.06805,0.06852,1011777.0
2025-08-04 12:00:00+00:00,0.06852,0.06854,0.06785,0.06791,893593.0
2025-08-04 12:15:00+00:00,0.0679,0.06796,0.06741,0.06752,1893590.0
2025-08-04 12:30:00+00:00,0.06748,0.0677,0.06704,0.06726,1011126.0
2025-08-04 12:45:00+00:00,0.06719,0.0678,0.06697,0.06759,1425930.0
2025-08-04 13:00:00+00:00,0.06761,0.0708,0.06751,0.06921,12918195.0
2025-08-04 13:15:00+00:00,0.06921,0.07088,0.06915,0.07084,3483119.0
2025-08-04 13:30:00+00:00,0.07083,0.0721,0.07037,0.07147,3911142.0
2025-08-04 13:45:00+00:00,0.07145,0.07183,0.07038,0.07126,2451851.0
2025-08-04 14:00:00+00:00,0.07136,0.07244,0.07121,0.0724,2308137.0
2025-08-04 14:15:00+00:00,0.07236,0.07488,0.07219,0.07458,4834042.0
2025-08-04 14:30:00+00:00,0.07459,0.07593,0.07421,0.07431,4206855.0
2025-08-04 14:45:00+00:00,0.07436,0.07589,0.07431,0.07561,1715581.0
2025-08-04 15:00:00+00:00,0.07561,0.07751,0.0756,0.07735,3780849.0
2025-08-04 15:15:00+00:00,0.07736,0.07979,0.07696,0.07916,5590098.0
2025-08-04 15:30:00+00:00,0.07916,0.07989,0.07862,0.07922,2836453.0
2025-08-04 15:45:00+00:00,0.0792,0.07997,0.07855,0.07895,2660737.0
2025-08-04 16:00:00+00:00,0.07902,0.08049,0.0789,0.07935,2417228.0
2025-08-04 16:15:00+00:00,0.07936,0.08,0.07866,0.07979,1762974.0
2025-08-04 16:30:00+00:00,0.07981,0.08181,0.07958,0.08179,2328693.0
2025-08-04 16:45:00+00:00,0.08179,0.09067,0.0817,0.0885,26722725.0
2025-08-04 17:00:00+00:00,0.08858,0.0916,0.08714,0.09121,13609383.0
2025-08-04 17:15:00+00:00,0.09123,0.09158,0.08722,0.08982,9158546.0
2025-08-04 17:30:00+00:00,0.08982,0.09229,0.0896,0.09181,7173568.0
2025-08-04 17:45:00+00:00,0.09178,0.09272,0.08519,0.08736,13038779.0
2025-08-04 18:00:00+00:00,0.08736,0.0882,0.08501,0.08546,4896426.0
2025-08-04 18:15:00+00:00,0.08546,0.0863,0.08448,0.08464,3535253.0
2025-08-04 18:30:00+00:00,0.08464,0.09012,0.08451,0.08976,7050525.0
2025-08-04 18:45:00+00:00,0.08969,0.08983,0.08668,0.08708,3697046.0
2025-08-04 19:00:00+00:00,0.08714,0.088,0.07387,0.07465,41029185.0
2025-08-04 19:15:00+00:00,0.07466,0.07567,0.06968,0.07116,21639593.0
2025-08-04 19:30:00+00:00,0.07117,0.07537,0.07001,0.07496,11987136.0
2025-08-04 19:45:00+00:00,0.07499,0.07543,0.07311,0.07348,4574432.0
2025-08-04 20:00:00+00:00,0.07347,0.07359,0.07225,0.07299,3294704.0
2025-08-04 20:15:00+00:00,0.07297,0.07375,0.07255,0.07325,1160250.0
2025-08-04 20:30:00+00:00,0.07327,0.07497,0.07283,0.07379,1926045.0
2025-08-04 20:45:00+00:00,0.07381,0.07393,0.073,0.0734,715480.0
2025-08-04 21:00:00+00:00,0.0734,0.0759,0.07323,0.07584,3211294.0
2025-08-04 21:15:00+00:00,0.0758,0.07709,0.07512,0.07587,3111305.0
2025-08-04 21:30:00+00:00,0.07586,0.0774,0.07489,0.07715,1581063.0
2025-08-04 21:45:00+00:00,0.07714,0.07733,0.07444,0.07486,3918536.0
2025-08-04 22:00:00+00:00,0.07488,0.07571,0.07471,0.07551,1604689.0
2025-08-04 22:15:00+00:00,0.07558,0.07608,0.07451,0.07591,1512779.0
2025-08-04 22:30:00+00:00,0.07586,0.07603,0.07525,0.07544,770884.0
2025-08-04 22:45:00+00:00,0.07549,0.07681,0.07524,0.07632,1300107.0
2025-08-04 23:00:00+00:00,0.07632,0.07642,0.07455,0.07465,1969710.0
2025-08-04 23:15:00+00:00,0.07461,0.07519,0.07421,0.07479,1234402.0
2025-08-04 23:30:00+00:00,0.07479,0.07578,0.07476,0.07557,651944.0
2025-08-04 23:45:00+00:00,0.07551,0.07699,0.07549,0.07627,1375230.0
2025-08-05 00:00:00+00:00,0.07628,0.07638,0.07499,0.07504,1012823.0
2025-08-05 00:15:00+00:00,0.07507,0.07517,0.07446,0.07465,999658.0
2025-08-05 00:30:00+00:00,0.07461,0.07522,0.07461,0.07489,428825.0
2025-08-05 00:45:00+00:00,0.07484,0.07497,0.07392,0.07455,766794.0
2025-08-05 01:00:00+00:00,0.0746,0.0757,0.07409,0.07474,1085561.0
2025-08-05 01:15:00+00:00,0.07478,0.07595,0.07438,0.07528,776996.0
2025-08-05 01:30:00+00:00,0.07537,0.07616,0.07493,0.0759,660123.0
2025-08-05 01:45:00+00:00,0.07591,0.07688,0.07567,0.07599,1176920.0
2025-08-05 02:00:00+00:00,0.07607,0.07632,0.07472,0.07505,1232667.0
2025-08-05 02:15:00+00:00,0.07503,0.07522,0.07444,0.07471,552736.0
2025-08-05 02:30:00+00:00,0.07473,0.07532,0.07436,0.07477,1238137.0
2025-08-05 02:45:00+00:00,0.07473,0.0755,0.07465,0.07465,354088.0
2025-08-05 03:00:00+00:00,0.07465,0.07531,0.07426,0.07517,568451.0
2025-08-05 03:15:00+00:00,0.07515,0.07553,0.07416,0.07478,2687268.0
2025-08-05 03:30:00+00:00,0.07484,0.07658,0.07473,0.07602,2125797.0
2025-08-05 03:45:00+00:00,0.07602,0.07666,0.0756,0.07595,2952802.0
2025-08-05 04:00:00+00:00,0.07603,0.0766,0.07543,0.07621,2180169.0
2025-08-05 04:15:00+00:00,0.07621,0.07697,0.07574,0.07633,1897331.0
2025-08-05 04:30:00+00:00,0.07631,0.07923,0.0763,0.07792,5547166.0
2025-08-05 04:45:00+00:00,0.07788,0.07808,0.07516,0.07563,3976734.0
2025-08-05 05:00:00+00:00,0.07566,0.07741,0.07559,0.07671,1863384.0
2025-08-05 05:15:00+00:00,0.07674,0.07701,0.07576,0.0759,989206.0
2025-08-05 05:30:00+00:00,0.07591,0.076,0.07407,0.0742,1881211.0
2025-08-05 05:45:00+00:00,0.07422,0.07494,0.07398,0.07436,2358199.0
2025-08-05 06:00:00+00:00,0.07435,0.07478,0.07137,0.07173,4301637.0
2025-08-05 06:15:00+00:00,0.07169,0.07429,0.07053,0.07414,4489058.0
2025-08-05 06:30:00+00:00,0.07411,0.07445,0.07314,0.07404,1185527.0
2025-08-05 06:45:00+00:00,0.07402,0.07468,0.07391,0.07435,1117803.0
2025-08-05 07:00:00+00:00,0.07435,0.0747,0.07374,0.07399,826755.0
2025-08-05 07:15:00+00:00,0.07401,0.07475,0.07396,0.07431,547769.0
2025-08-05 07:30:00+00:00,0.0743,0.07494,0.07412,0.07439,1300248.0
2025-08-05 07:45:00+00:00,0.07443,0.07524,0.07433,0.07513,661659.0
2025-08-05 08:00:00+00:00,0.07512,0.07574,0.07376,0.0738,1453613.0
2025-08-05 08:15:00+00:00,0.07382,0.07437,0.07374,0.07384,717614.0
2025-08-05 08:30:00+00:00,0.07384,0.0751,0.07332,0.07503,1414238.0
2025-08-05 08:45:00+00:00,0.07502,0.07518,0.07436,0.07446,1052522.0
2025-08-05 09:00:00+00:00,0.07453,0.07507,0.07412,0.07506,599961.0
2025-08-05 09:15:00+00:00,0.07502,0.07673,0.07489,0.07644,2191448.0
2025-08-05 09:30:00+00:00,0.07641,0.07694,0.07587,0.07639,1135240.0
2025-08-05 09:45:00+00:00,0.07638,0.07704,0.07584,0.07683,596724.0
2025-08-05 10:00:00+00:00,0.0768,0.07681,0.07527,0.07593,1616178.0
2025-08-05 10:15:00+00:00,0.07593,0.07825,0.07573,0.07688,2237013.0
2025-08-05 10:30:00+00:00,0.07685,0.07766,0.07646,0.07723,1591438.0
2025-08-05 10:45:00+00:00,0.07723,0.07796,0.07705,0.07743,1238322.0
2025-08-05 11:00:00+00:00,0.07738,0.07795,0.07692,0.07702,953587.0
2025-08-05 11:15:00+00:00,0.07699,0.07702,0.07571,0.076,1345347.0
2025-08-05 11:30:00+00:00,0.07595,0.07693,0.07591,0.07672,533416.0
2025-08-05 11:45:00+00:00,0.07672,0.07751,0.07659,0.07745,451740.0
2025-08-05 12:00:00+00:00,0.07741,0.07775,0.07613,0.07627,1075948.0
2025-08-05 12:15:00+00:00,0.07631,0.07633,0.0755,0.07563,1263695.0
2025-08-05 12:30:00+00:00,0.07561,0.07586,0.07496,0.075,998820.0
2025-08-05 12:45:00+00:00,0.07507,0.07608,0.07507,0.07517,799473.0
2025-08-05 13:00:00+00:00,0.07515,0.07515,0.07393,0.07437,1719642.0
2025-08-05 13:15:00+00:00,0.07432,0.07449,0.07372,0.0743,669795.0
2025-08-05 13:30:00+00:00,0.0743,0.07436,0.07394,0.07413,410423.0
2025-08-05 13:45:00+00:00,0.07406,0.07421,0.0734,0.0735,1042120.0
2025-08-05 14:00:00+00:00,0.07347,0.07353,0.07252,0.07298,1499399.0
2025-08-05 14:15:00+00:00,0.07296,0.07307,0.07231,0.07239,789190.0
2025-08-05 14:30:00+00:00,0.07237,0.07307,0.07226,0.07266,720453.0
2025-08-05 14:45:00+00:00,0.07266,0.07327,0.07254,0.07272,496409.0
2025-08-05 15:00:00+00:00,0.0727,0.07322,0.07237,0.07322,576469.0
2025-08-05 15:15:00+00:00,0.07319,0.07343,0.07257,0.07276,324718.0
2025-08-05 15:30:00+00:00,0.07274,0.07299,0.07169,0.07258,1125261.0
2025-08-05 15:45:00+00:00,0.07257,0.07349,0.07252,0.07342,1280851.0
2025-08-05 16:00:00+00:00,0.07343,0.07486,0.07242,0.07455,3381453.0
2025-08-05 16:15:00+00:00,0.07455,0.07555,0.07292,0.07374,4373500.0
2025-08-05 16:30:00+00:00,0.07373,0.07395,0.07159,0.0716,3555109.0
2025-08-05 16:45:00+00:00,0.07167,0.07443,0.07039,0.07232,7380495.0
2025-08-05 17:00:00+00:00,0.07228,0.07294,0.07167,0.0726,1336544.0
2025-08-05 17:15:00+00:00,0.07257,0.07331,0.07206,0.07317,806887.0
2025-08-05 17:30:00+00:00,0.07317,0.07392,0.07293,0.07378,879164.0
2025-08-05 17:45:00+00:00,0.07379,0.07456,0.07363,0.07431,976494.0
2025-08-05 18:00:00+00:00,0.07432,0.07487,0.07325,0.07339,1294906.0
2025-08-05 18:15:00+00:00,0.07336,0.07365,0.07296,0.07313,578475.0
2025-08-05 18:30:00+00:00,0.07316,0.07338,0.07301,0.07306,279843.0
2025-08-05 18:45:00+00:00,0.073,0.07346,0.07236,0.07332,796717.0
2025-08-05 19:00:00+00:00,0.07332,0.07349,0.07298,0.07309,419188.0
2025-08-05 19:15:00+00:00,0.07309,0.07309,0.07214,0.07248,468986.0
2025-08-05 19:30:00+00:00,0.07245,0.07288,0.07228,0.07256,178941.0
2025-08-05 19:45:00+00:00,0.07253,0.07292,0.07238,0.07246,256099.0
2025-08-05 20:00:00+00:00,0.07246,0.07282,0.07239,0.07267,397354.0
2025-08-05 20:15:00+00:00,0.07264,0.07268,0.07207,0.07218,455397.0
2025-08-05 20:30:00+00:00,0.07214,0.07217,0.0708,0.07143,978692.0
2025-08-05 20:45:00+00:00,0.07142,0.07175,0.07131,0.07166,372674.0
2025-08-05 21:00:00+00:00,0.0717,0.07193,0.07067,0.07117,602308.0
2025-08-05 21:15:00+00:00,0.07116,0.07121,0.07027,0.07071,416711.0
2025-08-05 21:30:00+00:00,0.0707,0.07109,0.07049,0.07074,436769.0
2025-08-05 21:45:00+00:00,0.07076,0.07079,0.06908,0.06951,2864809.0
2025-08-05 22:00:00+00:00,0.0695,0.07068,0.06917,0.0706,1155615.0
2025-08-05 22:15:00+00:00,0.07063,0.07084,0.07023,0.07023,368115.0
2025-08-05 22:30:00+00:00,0.07023,0.07023,0.06979,0.06981,598392.0
2025-08-05 22:45:00+00:00,0.06981,0.07028,0.06946,0.06971,489232.0
2025-08-05 23:00:00+00:00,0.06969,0.06999,0.06954,0.06988,365344.0
2025-08-05 23:15:00+00:00,0.06985,0.07022,0.06966,0.06999,625820.0
2025-08-05 23:30:00+00:00,0.06999,0.07019,0.06916,0.06958,1561018.0
2025-08-05 23:45:00+00:00,0.06958,0.06958,0.06861,0.0687,587066.0
2025-08-06 00:00:00+00:00,0.06872,0.06933,0.0686,0.06876,780497.0
2025-08-06 00:15:00+00:00,0.06876,0.06919,0.06829,0.06895,723505.0
2025-08-06 00:30:00+00:00,0.06894,0.07065,0.06893,0.06981,1284619.0
2025-08-06 00:45:00+00:00,0.06985,0.07002,0.06911,0.06949,625379.0
2025-08-06 01:00:00+00:00,0.06954,0.0701,0.06912,0.06912,833911.0
2025-08-06 01:15:00+00:00,0.06916,0.06944,0.06895,0.06911,199358.0
2025-08-06 01:30:00+00:00,0.06912,0.06951,0.06904,0.06911,240105.0
2025-08-06 01:45:00+00:00,0.06907,0.06907,0.0686,0.06888,516128.0
2025-08-06 02:00:00+00:00,0.06888,0.06928,0.06872,0.06919,423878.0
2025-08-06 02:15:00+00:00,0.06923,0.0696,0.06913,0.06946,206374.0
2025-08-06 02:30:00+00:00,0.06944,0.06974,0.06898,0.06956,679325.0
2025-08-06 02:45:00+00:00,0.06954,0.06962,0.06878,0.06897,335770.0
2025-08-06 03:00:00+00:00,0.06899,0.06913,0.06858,0.06901,439628.0
2025-08-06 03:15:00+00:00,0.06903,0.06953,0.069,0.06929,245896.0
2025-08-06 03:30:00+00:00,0.06932,0.07,0.06932,0.06985,230881.0
2025-08-06 03:45:00+00:00,0.0699,0.07059,0.06962,0.06963,473757.0
2025-08-06 04:00:00+00:00,0.06963,0.07037,0.06913,0.07,1172682.0
2025-08-06 04:15:00+00:00,0.06994,0.07003,0.06954,0.06972,268649.0
2025-08-06 04:30:00+00:00,0.06974,0.06976,0.06888,0.06903,796973.0
2025-08-06 04:45:00+00:00,0.06899,0.06909,0.06827,0.06871,672655.0
2025-08-06 05:00:00+00:00,0.06871,0.06919,0.06835,0.06909,604487.0
2025-08-06 05:15:00+00:00,0.06908,0.06925,0.06841,0.06887,572080.0
2025-08-06 05:30:00+00:00,0.06882,0.06951,0.06845,0.06885,950026.0
2025-08-06 05:45:00+00:00,0.06878,0.0691,0.06843,0.0689,345127.0
2025-08-06 06:00:00+00:00,0.06888,0.06895,0.06781,0.06805,692098.0
2025-08-06 06:15:00+00:00,0.06808,0.06837,0.06771,0.06821,446601.0
2025-08-06 06:30:00+00:00,0.06821,0.0685,0.06806,0.06807,469084.0
2025-08-06 06:45:00+00:00,0.06803,0.06819,0.0676,0.0677,403559.0
2025-08-06 07:00:00+00:00,0.06775,0.06856,0.06752,0.06848,1185095.0
2025-08-06 07:15:00+00:00,0.06846,0.06896,0.06818,0.06872,494079.0
2025-08-06 07:30:00+00:00,0.06869,0.06893,0.06806,0.06809,426165.0
2025-08-06 07:45:00+00:00,0.06811,0.0689,0.06758,0.06839,780070.0
2025-08-06 08:00:00+00:00,0.06839,0.06909,0.06779,0.06792,882045.0
2025-08-06 08:15:00+00:00,0.06794,0.06803,0.06746,0.06768,677857.0
2025-08-06 08:30:00+00:00,0.0677,0.06801,0.06747,0.06786,427683.0
2025-08-06 08:45:00+00:00,0.06786,0.06807,0.06776,0.068,309218.0
2025-08-06 09:00:00+00:00,0.06805,0.06805,0.06682,0.06762,964462.0
2025-08-06 09:15:00+00:00,0.06767,0.06956,0.06753,0.06954,1885435.0
2025-08-06 09:30:00+00:00,0.06952,0.07029,0.06821,0.06905,3069567.0
2025-08-06 09:45:00+00:00,0.06903,0.06934,0.06847,0.06922,521367.0
2025-08-06 10:00:00+00:00,0.06921,0.06921,0.06826,0.06843,790283.0
2025-08-06 10:15:00+00:00,0.06838,0.06864,0.0673,0.06829,2259556.0
2025-08-06 10:30:00+00:00,0.06828,0.06894,0.06825,0.06884,494538.0
2025-08-06 10:45:00+00:00,0.06887,0.06925,0.06876,0.06879,433268.0
2025-08-06 11:00:00+00:00,0.0688,0.06881,0.06827,0.06836,467704.0
2025-08-06 11:15:00+00:00,0.06838,0.06873,0.06834,0.06847,389162.0
2025-08-06 11:30:00+00:00,0.06847,0.06911,0.06824,0.06884,504406.0
2025-08-06 11:45:00+00:00,0.06882,0.06902,0.0686,0.06878,433514.0
2025-08-06 12:00:00+00:00,0.06875,0.06875,0.06822,0.06846,436627.0
2025-08-06 12:15:00+00:00,0.06844,0.07087,0.06828,0.07031,3137391.0
2025-08-06 12:30:00+00:00,0.07037,0.0714,0.07013,0.07115,2838208.0
2025-08-06 12:45:00+00:00,0.07111,0.07167,0.07007,0.07068,3140506.0
2025-08-06 13:00:00+00:00,0.07069,0.07075,0.0674,0.0704,5659950.0
2025-08-06 13:15:00+00:00,0.07033,0.07107,0.06993,0.07103,1456492.0
2025-08-06 13:30:00+00:00,0.07098,0.07128,0.06975,0.0701,1068582.0
2025-08-06 13:45:00+00:00,0.0701,0.07149,0.07009,0.0714,834303.0
2025-08-06 14:00:00+00:00,0.07138,0.07221,0.07124,0.07158,1257807.0
2025-08-06 14:15:00+00:00,0.07151,0.07177,0.07092,0.07124,640997.0
2025-08-06 14:30:00+00:00,0.07131,0.07183,0.07111,0.07128,451006.0
2025-08-06 14:45:00+00:00,0.07132,0.07171,0.07073,0.07154,610614.0
2025-08-06 15:00:00+00:00,0.07155,0.07172,0.07073,0.07074,670530.0
2025-08-06 15:15:00+00:00,0.07076,0.07214,0.07068,0.0714,1109283.0
2025-08-06 15:30:00+00:00,0.07141,0.0721,0.07063,0.07084,2346909.0
2025-08-06 15:45:00+00:00,0.07089,0.07116,0.07067,0.07091,420388.0
2025-08-06 16:00:00+00:00,0.07096,0.07154,0.07076,0.07119,875762.0
2025-08-22 17:45:00+00:00,0.0591,0.05933,0.05733,0.05827,7570514.0
2025-08-22 18:00:00+00:00,0.05827,0.05873,0.05569,0.05795,15042843.0
2025-08-22 18:15:00+00:00,0.05793,0.06442,0.05736,0.06269,30576558.0
2025-08-22 18:30:00+00:00,0.06274,0.06373,0.06083,0.0626,27625671.0
2025-08-22 18:45:00+00:00,0.06264,0.07416,0.0616,0.0722,103998350.0
2025-08-22 19:00:00+00:00,0.0722,0.07832,0.0722,0.07612,108545003.0
2025-08-22 19:15:00+00:00,0.07612,0.07922,0.07606,0.07809,84374515.0
2025-08-22 19:30:00+00:00,0.07804,0.07979,0.07645,0.07713,64375397.0
2025-08-22 19:45:00+00:00,0.07712,0.08213,0.07655,0.07956,68944775.0
2025-08-22 20:00:00+00:00,0.07956,0.083,0.0792,0.0812,69044483.0
2025-08-22 20:15:00+00:00,0.0812,0.08484,0.08054,0.08354,67895532.0
2025-08-22 20:30:00+00:00,0.08356,0.08739,0.08215,0.08568,87507094.0
2025-08-22 20:45:00+00:00,0.0857,0.08758,0.0833,0.08445,73148398.0
2025-08-22 21:00:00+00:00,0.08449,0.08935,0.08447,0.08741,81163144.0
2025-08-22 21:15:00+00:00,0.08742,0.09214,0.08668,0.09041,98330451.0
2025-08-22 21:30:00+00:00,0.09044,0.09277,0.08967,0.09124,68393351.0
2025-08-22 21:45:00+00:00,0.09128,0.09345,0.08848,0.08986,57934592.0
2025-08-22 22:00:00+00:00,0.08981,0.09479,0.08405,0.0909,109289146.0
2025-08-22 22:15:00+00:00,0.0909,0.09523,0.09014,0.09243,65360208.0
2025-08-22 22:30:00+00:00,0.09247,0.09349,0.08987,0.09241,43817214.0
2025-08-22 22:45:00+00:00,0.09245,0.09322,0.09,0.0908,32293497.0
2025-08-22 23:00:00+00:00,0.09079,0.093,0.08867,0.09088,42003078.0
2025-08-22 23:15:00+00:00,0.09088,0.09218,0.0893,0.09094,32875613.0
2025-08-22 23:30:00+00:00,0.09094,0.093,0.09045,0.09126,32160657.0
2025-08-22 23:45:00+00:00,0.09125,0.09144,0.08881,0.09043,24367902.0
2025-08-23 00:00:00+00:00,0.09046,0.0924,0.08923,0.0897,40986573.0
2025-08-23 00:15:00+00:00,0.08972,0.09516,0.08911,0.09051,56633762.0
2025-08-23 00:30:00+00:00,0.09051,0.09379,0.09019,0.09338,30665960.0
2025-08-23 00:45:00+00:00,0.09335,0.09365,0.0917,0.09279,25247304.0
2025-08-23 01:00:00+00:00,0.09279,0.0934,0.091,0.09164,30354004.0
2025-08-23 01:15:00+00:00,0.09163,0.09845,0.09022,0.09476,78299180.0
2025-08-23 01:30:00+00:00,0.09477,0.0962,0.09149,0.09323,52852390.0
2025-08-23 01:45:00+00:00,0.09319,0.0947,0.092,0.09345,27552033.0
2025-08-23 02:00:00+00:00,0.09349,0.094,0.09157,0.09214,31954315.0
2025-08-23 02:15:00+00:00,0.0922,0.09277,0.09101,0.09142,29847773.0
2025-08-23 02:30:00+00:00,0.09142,0.09281,0.088,0.09078,76915963.0
2025-08-23 02:45:00+00:00,0.09078,0.09727,0.09017,0.09399,66579326.0
2025-08-23 03:00:00+00:00,0.09397,0.0947,0.09251,0.09368,42916795.0
2025-08-23 03:15:00+00:00,0.09364,0.09567,0.09345,0.09561,32870091.0
2025-08-23 03:30:00+00:00,0.09561,0.09708,0.09381,0.09428,44541437.0
2025-08-23 03:45:00+00:00,0.09426,0.09549,0.0942,0.09469,23903558.0
2025-08-23 04:00:00+00:00,0.09467,0.1028,0.09466,0.10011,108110911.0
2025-08-23 04:15:00+00:00,0.10004,0.10467,0.0986,0.10319,67452645.0
2025-08-23 04:30:00+00:00,0.10316,0.105,0.10131,0.1037,77724341.0
2025-08-23 04:45:00+00:00,0.10374,0.11025,0.10309,0.10895,111514547.0
2025-08-23 05:00:00+00:00,0.10896,0.11439,0.10894,0.11053,120910632.0
2025-08-23 05:15:00+00:00,0.11049,0.11267,0.10415,0.10508,105987712.0
2025-08-23 05:30:00+00:00,0.10507,0.165,0.1045,0.14798,322916803.0
2025-08-23 05:45:00+00:00,0.14799,0.15562,0.137,0.14359,173051983.0
2025-08-23 06:00:00+00:00,0.14353,0.1539,0.141,0.15173,140603430.0
2025-08-23 06:15:00+00:00,0.15177,0.155,0.14668,0.1491,105134789.0
2025-08-23 06:30:00+00:00,0.14906,0.15097,0.10763,0.11339,421841987.0
2025-08-23 06:45:00+00:00,0.11339,0.1139,0.096,0.11126,330813889.0
2025-08-23 07:00:00+00:00,0.11123,0.11152,0.09725,0.09819,195995502.0
2025-08-23 07:15:00+00:00,0.09811,0.10444,0.09228,0.10236,214951507.0
2025-08-23 07:30:00+00:00,0.10236,0.1044,0.089,0.09188,211481466.0
2025-08-23 07:45:00+00:00,0.09188,0.0935,0.0769,0.07787,409941339.0
2025-08-23 08:00:00+00:00,0.07786,0.08,0.07055,0.07308,320653993.0
2025-08-23 08:15:00+00:00,0.07301,0.07493,0.06935,0.0726,167940143.0
2025-08-23 08:30:00+00:00,0.07254,0.07398,0.06454,0.06619,208540881.0
2025-08-23 08:45:00+00:00,0.06621,0.09264,0.06574,0.09096,436246822.0
2025-08-23 09:00:00+00:00,0.09099,0.11826,0.08918,0.11225,535198286.0
2025-08-23 09:15:00+00:00,0.1123,0.123,0.1041,0.11247,268490610.0
2025-08-23 09:30:00+00:00,0.11247,0.11814,0.1064,0.11544,152383372.0
2025-08-23 09:45:00+00:00,0.11553,0.12707,0.11141,0.11379,175722620.0
2025-08-23 10:00:00+00:00,0.11374,0.12191,0.11309,0.12021,99376226.0
2025-08-23 10:15:00+00:00,0.12021,0.12743,0.11719,0.12266,132029121.0
2025-08-23 10:30:00+00:00,0.12271,0.12352,0.11551,0.12063,86205463.0
2025-08-23 10:45:00+00:00,0.12066,0.12194,0.11522,0.11673,67391089.0
2025-08-23 11:00:00+00:00,0.11677,0.12264,0.11384,0.11922,87546586.0
2025-08-23 11:15:00+00:00,0.11923,0.12182,0.11664,0.11819,55592244.0
2025-08-23 11:30:00+00:00,0.11823,0.12528,0.11805,0.12481,68620059.0
2025-08-23 11:45:00+00:00,0.12481,0.12775,0.12146,0.1217,78826762.0
2025-08-23 12:00:00+00:00,0.12177,0.13947,0.11951,0.13129,148737576.0
2025-08-23 12:15:00+00:00,0.13134,0.13474,0.12562,0.13114,74462363.0
2025-08-23 12:30:00+00:00,0.13117,0.13427,0.11609,0.12211,134155678.0
2025-08-23 12:45:00+00:00,0.12211,0.1267,0.12111,0.12498,71004205.0
2025-08-23 13:00:00+00:00,0.12498,0.13269,0.124,0.13046,87998723.0
2025-08-23 13:15:00+00:00,0.13055,0.13459,0.12516,0.13152,79888346.0
2025-08-23 13:30:00+00:00,0.13151,0.13349,0.129,0.13153,50224960.0
2025-08-23 13:45:00+00:00,0.13156,0.1363,0.12851,0.1324,62878372.0
2025-08-23 14:00:00+00:00,0.1324,0.13675,0.1316,0.13188,60038868.0
2025-08-23 14:15:00+00:00,0.13189,0.13998,0.12915,0.1348,104612865.0
2025-08-23 14:30:00+00:00,0.13481,0.13746,0.1331,0.1346,42633918.0
2025-08-23 14:45:00+00:00,0.13459,0.13916,0.132,0.13849,60191910.0
2025-08-23 15:00:00+00:00,0.13857,0.143,0.13555,0.13703,93023408.0
2025-08-23 15:15:00+00:00,0.13703,0.1401,0.12465,0.13217,124782218.0
2025-08-23 15:30:00+00:00,0.13222,0.1375,0.12361,0.12409,108525753.0
2025-08-23 15:45:00+00:00,0.12411,0.12848,0.11231,0.11343,193846829.0
2025-08-23 16:00:00+00:00,0.11349,0.12264,0.10514,0.11132,295471751.0
2025-08-23 16:15:00+00:00,0.11134,0.11589,0.10621,0.11077,135963189.0
2025-08-23 16:30:00+00:00,0.11083,0.1144,0.1081,0.11171,80908254.0
2025-08-23 16:45:00+00:00,0.11169,0.11887,0.1065,0.11733,129446739.0
2025-08-23 17:00:00+00:00,0.11729,0.11854,0.11175,0.11411,74323205.0
2025-08-23 17:15:00+00:00,0.11411,0.11523,0.08327,0.08605,426628683.0
2025-08-23 17:30:00+00:00,0.0861,0.089,0.07609,0.08081,302030838.0
2025-08-23 17:45:00+00:00,0.08076,0.09172,0.07978,0.09086,168228297.0
2025-08-23 18:00:00+00:00,0.09089,0.09191,0.08064,0.08198,156291776.0
2025-08-23 18:15:00+00:00,0.08195,0.08609,0.07982,0.08242,100736356.0
2025-08-23 18:30:00+00:00,0.08244,0.08646,0.08185,0.08542,68610673.0
2025-08-23 18:45:00+00:00,0.08543,0.08564,0.08151,0.08216,51868495.0
2025-08-23 19:00:00+00:00,0.08221,0.08332,0.07922,0.08122,53855392.0
2025-08-23 19:15:00+00:00,0.08117,0.08515,0.08082,0.08366,46274149.0
2025-08-23 19:30:00+00:00,0.08366,0.08395,0.07977,0.08159,40699121.0
2025-08-23 19:45:00+00:00,0.08156,0.08156,0.07625,0.0788,63812132.0
2025-08-23 20:00:00+00:00,0.07877,0.08226,0.07875,0.08091,39627113.0
2025-08-23 20:15:00+00:00,0.08089,0.08339,0.07924,0.08143,43685691.0
2025-08-23 20:30:00+00:00,0.08143,0.08193,0.07943,0.08178,26223981.0
2025-08-23 20:45:00+00:00,0.08176,0.0825,0.07902,0.07985,28152574.0
2025-08-23 21:00:00+00:00,0.07986,0.08025,0.074,0.07855,103964494.0
2025-08-23 21:15:00+00:00,0.07857,0.08009,0.0778,0.0786,34801060.0
2025-08-23 21:30:00+00:00,0.0786,0.08069,0.07813,0.07907,27547427.0
2025-08-23 21:45:00+00:00,0.07906,0.08382,0.07776,0.08137,41756163.0
2025-08-23 22:00:00+00:00,0.08135,0.08258,0.07655,0.0783,38573055.0
2025-08-23 22:15:00+00:00,0.07832,0.07889,0.07613,0.07807,27177592.0
2025-08-23 22:30:00+00:00,0.07804,0.07878,0.07531,0.07622,25648799.0
2025-08-23 22:45:00+00:00,0.07621,0.07774,0.0752,0.07753,19626636.0
2025-08-23 23:00:00+00:00,0.07756,0.08071,0.07742,0.07901,38043024.0
2025-08-23 23:15:00+00:00,0.07899,0.07986,0.07668,0.07756,23898530.0
2025-08-23 23:30:00+00:00,0.07755,0.07783,0.07572,0.07618,16742745.0
2025-08-23 23:45:00+00:00,0.07617,0.0778,0.07541,0.0758,22004602.0
2025-08-24 00:00:00+00:00,0.07582,0.0766,0.07413,0.07635,29509292.0
2025-08-24 00:15:00+00:00,0.07635,0.07709,0.07502,0.07643,18803015.0
2025-08-24 00:30:00+00:00,0.0764,0.0795,0.07608,0.07918,35953134.0
2025-08-24 00:45:00+00:00,0.07915,0.08066,0.07801,0.07899,34797121.0
2025-08-24 01:00:00+00:00,0.079,0.07903,0.07644,0.07739,19669836.0
2025-08-24 01:15:00+00:00,0.07737,0.07742,0.07532,0.07582,23148394.0
2025-08-24 01:30:00+00:00,0.07584,0.07747,0.07455,0.07701,24671702.0
2025-08-24 01:45:00+00:00,0.07701,0.07798,0.07459,0.0751,24157742.0
2025-08-24 02:00:00+00:00,0.07511,0.07688,0.07305,0.0764,28778626.0
2025-08-24 02:15:00+00:00,0.0764,0.07937,0.07549,0.07805,33822036.0
2025-08-24 02:30:00+00:00,0.07805,0.07807,0.07447,0.07471,24000056.0
2025-08-24 02:45:00+00:00,0.07473,0.07719,0.0724,0.07713,37559058.0
2025-08-24 03:00:00+00:00,0.07715,0.07902,0.07504,0.07795,49041544.0
2025-08-24 03:15:00+00:00,0.07791,0.0788,0.07667,0.07697,21046038.0
2025-08-24 03:30:00+00:00,0.07694,0.07709,0.075,0.07525,24337866.0
2025-08-24 03:45:00+00:00,0.07527,0.07591,0.07371,0.07408,34739004.0
2025-08-24 04:00:00+00:00,0.07408,0.07571,0.07378,0.07427,24591142.0
2025-08-24 04:15:00+00:00,0.07427,0.0746,0.07271,0.0728,23755591.0
2025-08-24 04:30:00+00:00,0.07279,0.07385,0.07129,0.07177,47153464.0
2025-08-24 04:45:00+00:00,0.07179,0.0735,0.07046,0.07315,32413667.0
2025-08-24 05:00:00+00:00,0.07316,0.07343,0.07118,0.07204,30436546.0
2025-08-24 05:15:00+00:00,0.07206,0.07407,0.07195,0.07262,20815332.0
2025-08-24 05:30:00+00:00,0.0726,0.07349,0.07174,0.07336,19084261.0
2025-08-24 05:45:00+00:00,0.07338,0.07684,0.0731,0.07587,41101544.0
2025-08-24 06:00:00+00:00,0.07586,0.0765,0.07152,0.07203,47014674.0
2025-08-24 06:15:00+00:00,0.07204,0.07247,0.0706,0.07106,42567277.0
2025-08-24 06:30:00+00:00,0.07105,0.07156,0.07084,0.07142,16810960.0
2025-08-24 06:45:00+00:00,0.07142,0.07229,0.07058,0.07133,23143051.0
2025-08-24 07:00:00+00:00,0.07134,0.0715,0.06975,0.07044,32962414.0
2025-08-24 07:15:00+00:00,0.07047,0.07047,0.06763,0.06933,58925261.0
2025-08-24 07:30:00+00:00,0.06934,0.07049,0.06916,0.06955,17744509.0
2025-08-24 07:45:00+00:00,0.06958,0.07052,0.0694,0.06959,12600853.0
2025-08-24 08:00:00+00:00,0.06962,0.06998,0.06849,0.06889,23398417.0
2025-08-24 08:15:00+00:00,0.06886,0.06934,0.068,0.0685,15351517.0
2025-08-24 08:30:00+00:00,0.06851,0.07249,0.06812,0.07143,39538907.0
2025-08-24 08:45:00+00:00,0.07143,0.07265,0.07051,0.07186,30861389.0
2025-08-24 09:00:00+00:00,0.07186,0.0724,0.07003,0.07114,23982250.0
2025-08-24 09:15:00+00:00,0.07112,0.07245,0.06891,0.06959,31521528.0
2025-08-24 09:30:00+00:00,0.06959,0.06966,0.06811,0.06849,23028461.0
2025-08-24 09:45:00+00:00,0.06849,0.0688,0.06732,0.06801,28094271.0
2025-08-24 10:00:00+00:00,0.06803,0.07075,0.06657,0.06688,71513858.0
2025-08-24 10:15:00+00:00,0.0669,0.06822,0.0652,0.06789,44818187.0
2025-08-24 10:30:00+00:00,0.06788,0.06856,0.06733,0.06752,20765417.0
2025-08-24 10:45:00+00:00,0.06752,0.06758,0.06615,0.06662,24426665.0
2025-08-24 11:00:00+00:00,0.06662,0.0677,0.0662,0.06744,17294254.0
2025-08-24 11:15:00+00:00,0.06744,0.06913,0.06739,0.06839,31124843.0
2025-08-24 11:30:00+00:00,0.06843,0.0689,0.06758,0.06845,18345678.0
2025-08-24 11:45:00+00:00,0.06846,0.07007,0.06695,0.06766,24023544.0
2025-08-24 12:00:00+00:00,0.06765,0.06771,0.06636,0.067,19040304.0
2025-08-24 12:15:00+00:00,0.067,0.06913,0.06689,0.06829,28658458.0
2025-08-24 12:30:00+00:00,0.06827,0.06895,0.06769,0.06821,16053779.0
2025-08-24 12:45:00+00:00,0.06821,0.06823,0.06643,0.06691,23529561.0
2025-08-24 13:00:00+00:00,0.0669,0.06715,0.06504,0.06581,45819382.0
2025-08-24 13:15:00+00:00,0.0658,0.067,0.06561,0.06635,19024060.0
2025-08-24 13:30:00+00:00,0.06635,0.06736,0.06624,0.06668,16769492.0
2025-08-24 13:45:00+00:00,0.06666,0.06689,0.06518,0.06627,23053147.0
2025-08-24 14:00:00+00:00,0.06624,0.0666,0.06398,0.06501,35695105.0
2025-08-24 14:15:00+00:00,0.06504,0.06683,0.06488,0.06675,19037925.0
2025-08-24 14:30:00+00:00,0.06673,0.06764,0.0661,0.06738,26919350.0
2025-08-24 14:45:00+00:00,0.06738,0.0682,0.06644,0.06796,21999424.0
2025-08-24 15:00:00+00:00,0.06796,0.06796,0.06607,0.06628,19431114.0
2025-08-24 15:15:00+00:00,0.06628,0.06699,0.06526,0.06677,23767885.0
2025-08-24 15:30:00+00:00,0.06677,0.06709,0.06605,0.06646,11956967.0
2025-08-24 15:45:00+00:00,0.06649,0.06686,0.06597,0.06678,9564371.0
2025-08-24 16:00:00+00:00,0.06679,0.06698,0.0653,0.06565,20957287.0
2025-08-24 16:15:00+00:00,0.06566,0.06576,0.06325,0.06332,48524732.0
2025-08-24 16:30:00+00:00,0.06332,0.06412,0.062,0.06339,40657548.0
2025-08-24 16:45:00+00:00,0.06339,0.06346,0.06123,0.06187,34744471.0
2025-08-24 17:00:00+00:00,0.06188,0.06384,0.06176,0.06278,26010141.0
2025-08-24 17:15:00+00:00,0.06279,0.06342,0.06172,0.06329,16577202.0
2025-08-24 17:30:00+00:00,0.06329,0.06595,0.06324,0.06586,34423603.0
2025-08-24 17:45:00+00:00,0.06586,0.06632,0.06474,0.06582,27101867.0
2025-08-24 18:00:00+00:00,0.06582,0.0672,0.06566,0.06598,30737272.0
2025-08-24 18:15:00+00:00,0.06597,0.06754,0.06595,0.06694,20461648.0
2025-08-24 18:30:00+00:00,0.06692,0.06783,0.06664,0.06765,17445508.0
2025-08-24 18:45:00+00:00,0.06765,0.06788,0.06621,0.06668,14417211.0
2025-08-24 19:00:00+00:00,0.06668,0.0673,0.06622,0.06709,11520057.0
2025-08-24 19:15:00+00:00,0.06712,0.06756,0.06699,0.06725,8556939.0
2025-08-24 19:30:00+00:00,0.06727,0.06745,0.06432,0.06666,38043785.0
2025-08-24 19:45:00+00:00,0.06666,0.06673,0.06423,0.06511,19202248.0
2025-08-24 20:00:00+00:00,0.06511,0.06516,0.0635,0.06484,21479314.0
2025-08-24 20:15:00+00:00,0.06482,0.06539,0.06411,0.06509,12844166.0
2025-08-24 20:30:00+00:00,0.0651,0.06551,0.06439,0.06538,7878624.0
2025-08-24 20:45:00+00:00,0.06538,0.06555,0.06475,0.06501,7046545.0
2025-08-24 21:00:00+00:00,0.06502,0.06525,0.06388,0.06417,9661929.0
2025-08-24 21:15:00+00:00,0.0642,0.06455,0.06359,0.06375,6693040.0
2025-08-24 21:30:00+00:00,0.06373,0.064,0.06335,0.06363,9154417.0
2025-08-24 21:45:00+00:00,0.06362,0.06392,0.06301,0.06324,6819233.0
2025-08-24 22:00:00+00:00,0.06324,0.06376,0.0627,0.06291,10744909.0
2025-08-24 22:15:00+00:00,0.06291,0.06365,0.06278,0.06288,7612972.0
2025-08-24 22:30:00+00:00,0.06289,0.0635,0.06273,0.06344,6364525.0
2025-08-24 22:45:00+00:00,0.06343,0.06379,0.0632,0.06356,7079809.0
2025-08-24 23:00:00+00:00,0.06357,0.06438,0.06272,0.06285,12977821.0
2025-08-24 23:15:00+00:00,0.06286,0.06299,0.06131,0.06177,21219664.0
2025-08-24 23:30:00+00:00,0.06177,0.06211,0.06048,0.0613,21178664.0
2025-08-24 23:45:00+00:00,0.06129,0.06162,0.06056,0.06134,16772707.0
2025-08-25 00:00:00+00:00,0.06134,0.06305,0.06122,0.06182,17236776.0
2025-08-25 00:15:00+00:00,0.06179,0.06268,0.06171,0.06251,8015839.0
2025-08-25 00:30:00+00:00,0.06252,0.06254,0.06103,0.06174,16011826.0
2025-08-25 00:45:00+00:00,0.06171,0.06208,0.06073,0.06104,11012607.0
2025-08-25 01:00:00+00:00,0.06103,0.06156,0.06077,0.06137,8191169.0
2025-08-25 01:15:00+00:00,0.06138,0.06236,0.06135,0.06186,12003906.0
2025-08-25 01:30:00+00:00,0.06184,0.06208,0.06074,0.06089,10124672.0
2025-08-25 01:45:00+00:00,0.0609,0.06184,0.06073,0.06168,8118316.0
2025-08-25 02:00:00+00:00,0.06168,0.06261,0.06154,0.06209,9067816.0
2025-08-25 02:15:00+00:00,0.0621,0.06237,0.06158,0.06195,6869494.0
2025-08-25 02:30:00+00:00,0.06194,0.06215,0.06164,0.06209,5405519.0
2025-08-25 02:45:00+00:00,0.06211,0.06298,0.06167,0.06178,10756278.0
2025-08-25 03:00:00+00:00,0.06176,0.06194,0.06069,0.06096,20102963.0
2025-08-25 03:15:00+00:00,0.06097,0.06151,0.06051,0.0613,10824699.0
2025-08-25 03:30:00+00:00,0.06128,0.06134,0.06058,0.0607,10566217.0
2025-08-25 03:45:00+00:00,0.06071,0.06072,0.05833,0.05947,42920946.0
2025-08-25 04:00:00+00:00,0.05949,0.06005,0.05906,0.05938,14359503.0
2025-08-25 04:15:00+00:00,0.0594,0.06064,0.05938,0.06016,13874435.0
2025-08-25 04:30:00+00:00,0.06016,0.06187,0.05974,0.0616,18312397.0
2025-08-25 04:45:00+00:00,0.06162,0.06282,0.06159,0.06248,23486756.0
2025-08-25 05:00:00+00:00,0.06247,0.0629,0.06118,0.06125,16574783.0
2025-08-25 05:15:00+00:00,0.06125,0.06186,0.06098,0.06142,10958734.0
2025-08-25 05:30:00+00:00,0.06141,0.06145,0.06049,0.06109,10796103.0
2025-08-25 05:45:00+00:00,0.06111,0.06163,0.06078,0.0612,7076099.0
2025-08-25 06:00:00+00:00,0.06119,0.06144,0.05997,0.06052,15322513.0
2025-08-25 06:15:00+00:00,0.06052,0.0608,0.06021,0.06052,6374892.0
2025-08-25 06:30:00+00:00,0.06053,0.06119,0.06001,0.06091,7636010.0
2025-08-25 06:45:00+00:00,0.06091,0.06099,0.05922,0.05929,17129468.0
2025-08-25 07:00:00+00:00,0.0593,0.06024,0.0593,0.06005,12033820.0
2025-08-25 07:15:00+00:00,0.06005,0.06005,0.05845,0.05914,12617663.0
2025-08-25 07:30:00+00:00,0.05914,0.06034,0.0591,0.05946,11141508.0
2025-08-25 07:45:00+00:00,0.05947,0.05958,0.05883,0.0595,10959757.0
2025-08-25 08:00:00+00:00,0.05951,0.061,0.059,0.0601,21196952.0
2025-08-25 08:15:00+00:00,0.06009,0.06044,0.05881,0.05889,16000403.0
2025-08-25 08:30:00+00:00,0.05889,0.05987,0.0587,0.05917,11129368.0
2025-08-25 08:45:00+00:00,0.05915,0.06004,0.05909,0.06001,8938062.0
2025-08-25 09:00:00+00:00,0.06001,0.06073,0.05979,0.06056,8996146.0
2025-08-25 09:15:00+00:00,0.06056,0.06151,0.05983,0.0607,16644337.0
2025-08-25 09:30:00+00:00,0.06073,0.06133,0.06037,0.06084,9588029.0
2025-08-25 09:45:00+00:00,0.06083,0.06132,0.06037,0.0609,6577744.0
2025-08-25 10:00:00+00:00,0.06092,0.06135,0.05953,0.06056,14950727.0
2025-08-25 10:15:00+00:00,0.06057,0.06066,0.0599,0.0603,6833849.0
2025-08-25 10:30:00+00:00,0.06029,0.06036,0.05921,0.05961,10646608.0
2025-08-25 10:45:00+00:00,0.05963,0.0612,0.05963,0.06088,8281400.0
2025-08-25 11:00:00+00:00,0.06087,0.06115,0.0598,0.0601,8275690.0
2025-08-25 11:15:00+00:00,0.06009,0.06014,0.05952,0.05966,6234816.0
2025-08-25 11:30:00+00:00,0.05967,0.06073,0.0595,0.06071,7786302.0
2025-08-25 11:45:00+00:00,0.06072,0.06113,0.06001,0.06049,7608879.0
2025-08-25 12:00:00+00:00,0.0605,0.06134,0.06033,0.06076,12730962.0
2025-08-25 12:15:00+00:00,0.06075,0.06166,0.06075,0.06155,9901605.0
2025-08-25 12:30:00+00:00,0.06154,0.06154,0.06042,0.06059,9716608.0
2025-08-25 12:45:00+00:00,0.0606,0.06062,0.0598,0.06015,8992029.0
2025-08-25 13:00:00+00:00,0.06015,0.06089,0.05988,0.06015,5986874.0
2025-08-25 13:15:00+00:00,0.06014,0.0603,0.05944,0.05967,9961085.0
2025-08-25 13:30:00+00:00,0.05967,0.06077,0.05951,0.06059,11227060.0
2025-08-25 13:45:00+00:00,0.0606,0.06095,0.05981,0.06011,11452452.0
2025-08-25 14:00:00+00:00,0.06011,0.06064,0.0598,0.05995,9030548.0
2025-08-25 14:15:00+00:00,0.05995,0.0603,0.05909,0.05952,11975398.0
2025-08-25 14:30:00+00:00,0.05953,0.05954,0.05868,0.05887,12215221.0
2025-08-25 14:45:00+00:00,0.05882,0.05942,0.05849,0.05893,13007665.0
2025-08-25 15:00:00+00:00,0.05892,0.05924,0.05833,0.05893,11608890.0
2025-08-25 15:15:00+00:00,0.05895,0.05895,0.05725,0.05813,25493118.0
2025-08-25 15:30:00+00:00,0.05814,0.05927,0.05814,0.05876,11803867.0
2025-08-25 15:45:00+00:00,0.05877,0.05877,0.05766,0.05777,9543164.0
2025-08-25 16:00:00+00:00,0.05779,0.05879,0.05776,0.05814,8851952.0
2025-08-25 16:15:00+00:00,0.05814,0.05866,0.05789,0.05827,5184591.0
2025-08-25 16:30:00+00:00,0.05827,0.0583,0.05743,0.05759,6593435.0
2025-08-25 16:45:00+00:00,0.05758,0.05802,0.05742,0.05796,4895259.0
2025-08-25 17:00:00+00:00,0.05796,0.05815,0.0575,0.05796,7029480.0
2025-08-25 17:15:00+00:00,0.05796,0.05802,0.05714,0.05734,6686949.0
2025-08-25 17:30:00+00:00,0.05734,0.05775,0.05707,0.05769,6483072.0
2025-08-25 17:45:00+00:00,0.05771,0.05796,0.0575,0.05762,4630337.0
2025-08-25 18:00:00+00:00,0.05763,0.05856,0.05689,0.05845,13451426.0
2025-08-25 18:15:00+00:00,0.05845,0.06068,0.05845,0.06019,18129330.0
2025-08-25 18:30:00+00:00,0.06022,0.06089,0.05973,0.06001,14712277.0
2025-08-25 18:45:00+00:00,0.05999,0.06063,0.05997,0.06027,5929947.0
2025-08-25 19:00:00+00:00,0.06027,0.06029,0.05945,0.06003,8664480.0
2025-08-25 19:15:00+00:00,0.06003,0.06013,0.05931,0.0599,6264285.0
2025-08-25 19:30:00+00:00,0.05991,0.06044,0.05864,0.059,14247863.0
2025-08-25 19:45:00+00:00,0.05899,0.05908,0.05809,0.05861,9185651.0
2025-08-25 20:00:00+00:00,0.05861,0.05958,0.0585,0.0591,13265425.0
2025-08-25 20:15:00+00:00,0.0591,0.05963,0.0581,0.05821,13535380.0
2025-08-25 20:30:00+00:00,0.05821,0.05918,0.05779,0.05908,13692539.0
2025-08-25 20:45:00+00:00,0.05909,0.05941,0.05839,0.05842,8275716.0
2025-08-25 21:00:00+00:00,0.05842,0.05875,0.05814,0.05834,8261234.0
2025-08-25 21:15:00+00:00,0.05835,0.05881,0.0574,0.05762,7725387.0
2025-08-25 21:30:00+00:00,0.05762,0.05826,0.05612,0.05679,12513088.0
2025-08-25 21:45:00+00:00,0.05678,0.0573,0.05663,0.05716,6844267.0
2025-08-25 22:00:00+00:00,0.05716,0.05793,0.05716,0.0576,5914199.0
2025-08-25 22:15:00+00:00,0.05761,0.0577,0.05665,0.05706,5638678.0
2025-08-25 22:30:00+00:00,0.05706,0.05729,0.05691,0.05715,3288744.0
2025-08-25 22:45:00+00:00,0.05712,0.05793,0.05705,0.05766,3838660.0
2025-08-25 23:00:00+00:00,0.05767,0.05816,0.0572,0.05812,4897467.0
2025-08-25 23:15:00+00:00,0.05812,0.05893,0.05802,0.0586,7927823.0
2025-08-25 23:30:00+00:00,0.05861,0.05892,0.05844,0.05877,3661249.0
2025-08-25 23:45:00+00:00,0.05877,0.05948,0.05868,0.05898,6833438.0
2025-08-26 00:00:00+00:00,0.05899,0.05929,0.05844,0.0585,7360621.0
2025-08-26 00:15:00+00:00,0.05851,0.059,0.05825,0.05872,4108854.0
2025-08-26 00:30:00+00:00,0.05871,0.05896,0.05846,0.05867,2596146.0
2025-08-26 00:45:00+00:00,0.05869,0.05939,0.05854,0.05883,6154588.0
2025-08-26 01:00:00+00:00,0.05884,0.05975,0.05872,0.05884,5819602.0
2025-08-26 01:15:00+00:00,0.05886,0.05945,0.05867,0.05945,3466569.0
2025-08-26 01:30:00+00:00,0.05946,0.05953,0.0583,0.05892,4646661.0
2025-08-26 01:45:00+00:00,0.05893,0.05988,0.05893,0.05969,5835002.0
2025-08-26 02:00:00+00:00,0.0597,0.06011,0.05873,0.05924,9603021.0
2025-08-26 02:15:00+00:00,0.05923,0.05982,0.05901,0.05915,3436490.0
2025-08-26 02:30:00+00:00,0.05916,0.05928,0.0588,0.05909,2373328.0
2025-08-26 02:45:00+00:00,0.0591,0.05925,0.0587,0.05883,3489444.0
2025-08-26 03:00:00+00:00,0.05883,0.059,0.05851,0.05864,3127584.0
2025-08-26 03:15:00+00:00,0.05865,0.05888,0.05852,0.05863,1937132.0
2025-08-26 03:30:00+00:00,0.05864,0.05877,0.05798,0.05816,3915454.0
2025-08-26 03:45:00+00:00,0.05817,0.0585,0.05804,0.05831,2304440.0
2025-08-26 04:00:00+00:00,0.05828,0.05849,0.05783,0.0581,3779501.0
2025-08-26 04:15:00+00:00,0.05808,0.05827,0.05758,0.0577,2913953.0
2025-08-26 04:30:00+00:00,0.05772,0.05788,0.05725,0.05736,4283711.0
2025-08-26 04:45:00+00:00,0.05738,0.05772,0.05708,0.05715,6035358.0
2025-08-26 05:00:00+00:00,0.05717,0.05755,0.05706,0.05753,3659843.0
2025-08-26 05:15:00+00:00,0.05752,0.05826,0.05682,0.05763,10370430.0
2025-08-26 05:30:00+00:00,0.05763,0.05766,0.05677,0.05699,5528282.0
2025-08-26 05:45:00+00:00,0.05698,0.05754,0.05663,0.05704,5204002.0
2025-08-26 06:00:00+00:00,0.05704,0.05727,0.05687,0.05708,4351777.0
2025-08-26 06:15:00+00:00,0.05709,0.05736,0.05683,0.05698,3298902.0
2025-08-26 06:30:00+00:00,0.05698,0.0571,0.05659,0.05666,3554008.0
2025-08-26 06:45:00+00:00,0.05666,0.05679,0.0562,0.05657,5474064.0
2025-08-26 07:00:00+00:00,0.05657,0.05696,0.0562,0.05665,3017084.0
2025-08-26 07:15:00+00:00,0.05664,0.05694,0.05642,0.05646,2181300.0
2025-08-26 07:30:00+00:00,0.05644,0.05721,0.05642,0.05664,4561027.0
2025-08-26 07:45:00+00:00,0.05664,0.05725,0.0565,0.05699,4387161.0
2025-08-26 08:00:00+00:00,0.05699,0.05705,0.05654,0.05658,4052886.0
2025-08-26 08:15:00+00:00,0.0566,0.05682,0.05642,0.05645,3346478.0
2025-08-26 08:30:00+00:00,0.05643,0.05656,0.05591,0.05595,7513066.0
2025-08-26 08:45:00+00:00,0.05597,0.05664,0.05597,0.05645,3338426.0
2025-08-26 09:00:00+00:00,0.05645,0.05685,0.05625,0.05659,3626383.0
2025-08-26 09:15:00+00:00,0.05661,0.05703,0.05659,0.05669,3081855.0
2025-08-26 09:30:00+00:00,0.0567,0.05678,0.05616,0.05632,2738702.0
2025-08-26 09:45:00+00:00,0.05632,0.05661,0.05617,0.05643,2114654.0
2025-08-26 10:00:00+00:00,0.05641,0.05642,0.05606,0.05614,3488381.0
2025-08-26 10:15:00+00:00,0.05615,0.05656,0.056,0.05634,3847394.0
2025-08-26 10:30:00+00:00,0.05629,0.05666,0.05624,0.05645,3017642.0
2025-08-26 10:45:00+00:00,0.05646,0.05678,0.05637,0.05648,2409623.0
2025-08-26 11:00:00+00:00,0.05648,0.05664,0.056,0.0566,5662752.0
2025-08-26 11:15:00+00:00,0.0566,0.05662,0.056,0.05607,4738710.0
2025-08-26 11:30:00+00:00,0.05607,0.05636,0.05555,0.0561,6277821.0
2025-08-26 11:45:00+00:00,0.05611,0.05632,0.05563,0.05594,3960451.0
2025-08-26 12:00:00+00:00,0.05595,0.05614,0.05556,0.05571,4682937.0
2025-08-26 12:15:00+00:00,0.05572,0.05614,0.05555,0.05611,3415629.0
2025-08-26 12:30:00+00:00,0.0561,0.0573,0.05608,0.05704,10828307.0
2025-08-26 12:45:00+00:00,0.05704,0.0577,0.05658,0.05681,8565341.0
2025-08-26 13:00:00+00:00,0.05682,0.05693,0.05607,0.05619,5275090.0
2025-08-26 13:15:00+00:00,0.05619,0.05629,0.05587,0.05598,4888094.0
2025-08-26 13:30:00+00:00,0.05596,0.0567,0.05595,0.05616,4766988.0
2025-08-26 13:45:00+00:00,0.05616,0.05624,0.05568,0.0559,4753407.0
2025-08-26 14:00:00+00:00,0.05591,0.05626,0.05513,0.05531,10714907.0
2025-08-26 14:15:00+00:00,0.05528,0.05587,0.05512,0.05553,6501981.0
2025-08-26 14:30:00+00:00,0.05554,0.05588,0.0555,0.05574,3677072.0
2025-08-26 14:45:00+00:00,0.05575,0.0562,0.05561,0.05601,4822092.0
2025-08-26 15:00:00+00:00,0.05602,0.05613,0.05561,0.05589,6348290.0
2025-08-26 15:15:00+00:00,0.0559,0.05634,0.05582,0.05596,3150624.0
2025-08-26 15:30:00+00:00,0.05596,0.05602,0.05523,0.0554,7044345.0
2025-08-26 15:45:00+00:00,0.05541,0.05553,0.05516,0.05539,4724812.0
2025-08-26 16:00:00+00:00,0.0554,0.0557,0.05512,0.05528,5011214.0
2025-08-26 16:15:00+00:00,0.0553,0.05562,0.05504,0.05562,5239862.0
2025-08-26 16:30:00+00:00,0.05563,0.05601,0.0554,0.05551,4004430.0
2025-08-26 16:45:00+00:00,0.05552,0.05559,0.05504,0.05546,3006539.0
2025-08-26 17:00:00+00:00,0.05546,0.05587,0.05521,0.05573,4178798.0
2025-08-26 17:15:00+00:00,0.05573,0.05585,0.05549,0.05581,2134026.0
2025-08-26 17:30:00+00:00,0.05581,0.05586,0.05503,0.05506,3588531.0
2025-08-26 17:45:00+00:00,0.05506,0.05513,0.05456,0.05495,10802582.0
2025-08-26 18:00:00+00:00,0.05495,0.05532,0.05467,0.05489,4555578.0
2025-08-26 18:15:00+00:00,0.0549,0.05517,0.05463,0.05516,2728178.0
2025-08-26 18:30:00+00:00,0.05517,0.05567,0.05513,0.05557,3545487.0
2025-08-26 18:45:00+00:00,0.05558,0.05702,0.05554,0.05678,14771887.0
2025-08-26 19:00:00+00:00,0.05679,0.05686,0.0557,0.0559,8687655.0
2025-08-26 19:15:00+00:00,0.0559,0.05647,0.05581,0.05585,4047361.0
2025-08-26 19:30:00+00:00,0.05586,0.05742,0.05578,0.05687,7728436.0
2025-08-26 19:45:00+00:00,0.05689,0.05693,0.05618,0.0569,5988199.0
2025-08-26 20:00:00+00:00,0.0569,0.05703,0.0563,0.05677,5350860.0
2025-08-26 20:15:00+00:00,0.05677,0.0569,0.05652,0.05666,2088271.0
2025-08-26 20:30:00+00:00,0.05666,0.05675,0.05563,0.05584,6401738.0
2025-08-26 20:45:00+00:00,0.05585,0.05586,0.05525,0.05546,5142058.0
2025-08-26 21:00:00+00:00,0.05545,0.05677,0.05533,0.0567,9179013.0
2025-08-26 21:15:00+00:00,0.05668,0.05674,0.05613,0.05638,4690558.0
2025-08-26 21:30:00+00:00,0.0564,0.05643,0.05551,0.05561,4817624.0
2025-08-26 21:45:00+00:00,0.05562,0.05589,0.05546,0.05565,3226532.0
2025-08-26 22:00:00+00:00,0.05564,0.05585,0.05478,0.05485,7576966.0
2025-08-26 22:15:00+00:00,0.05485,0.05513,0.05453,0.05505,9569926.0
2025-08-26 22:30:00+00:00,0.05504,0.0554,0.05473,0.05495,14585486.0
2025-08-26 22:45:00+00:00,0.05495,0.05509,0.05464,0.05481,14364934.0
2025-08-26 23:00:00+00:00,0.05482,0.05559,0.05469,0.05532,13826524.0
2025-08-26 23:15:00+00:00,0.05532,0.05532,0.0548,0.05507,7500941.0
2025-08-26 23:30:00+00:00,0.05507,0.0561,0.05499,0.05581,14510809.0
2025-08-26 23:45:00+00:00,0.0558,0.05588,0.05505,0.05506,9304105.0
2025-08-27 00:00:00+00:00,0.05508,0.05521,0.05323,0.05382,29545984.0
2025-08-27 00:15:00+00:00,0.05383,0.05459,0.05366,0.05428,16830658.0
2025-08-27 00:30:00+00:00,0.05428,0.05479,0.05422,0.05444,9112736.0
2025-08-27 00:45:00+00:00,0.05444,0.0547,0.05416,0.05449,6668757.0
2025-08-27 01:00:00+00:00,0.05451,0.05452,0.05355,0.05368,10050013.0
2025-08-27 01:15:00+00:00,0.05368,0.05432,0.05349,0.05405,7419722.0
2025-08-27 01:30:00+00:00,0.05406,0.05434,0.05379,0.05422,5756641.0
2025-08-27 01:45:00+00:00,0.05422,0.05474,0.05408,0.05451,6789448.0
2025-08-27 02:00:00+00:00,0.05451,0.05489,0.0539,0.05472,8222387.0
2025-08-27 02:15:00+00:00,0.05472,0.05571,0.05462,0.05566,11169237.0
2025-08-27 02:30:00+00:00,0.05565,0.05588,0.05482,0.05514,10224850.0
2025-08-27 02:45:00+00:00,0.05515,0.05585,0.05515,0.05559,6330650.0
2025-08-27 03:00:00+00:00,0.05557,0.05615,0.05512,0.05585,11168845.0
2025-08-27 03:15:00+00:00,0.0559,0.05613,0.05537,0.05571,6474216.0
2025-08-27 03:30:00+00:00,0.05571,0.05599,0.05511,0.05547,5564302.0
2025-08-27 03:45:00+00:00,0.05547,0.05639,0.05515,0.05602,10384800.0
2025-08-27 04:00:00+00:00,0.05601,0.05626,0.05544,0.05621,7875650.0
2025-08-27 04:15:00+00:00,0.05618,0.05661,0.05567,0.05634,6563555.0
2025-08-27 04:30:00+00:00,0.05634,0.05649,0.0558,0.0562,5584735.0
2025-08-27 04:45:00+00:00,0.0562,0.05688,0.05602,0.05633,8589374.0
2025-08-27 05:00:00+00:00,0.05631,0.05663,0.05552,0.05586,8131381.0
2025-08-27 05:15:00+00:00,0.05585,0.05604,0.0554,0.05588,5559001.0
2025-08-27 05:30:00+00:00,0.05587,0.056,0.05551,0.05576,3337362.0
2025-08-27 05:45:00+00:00,0.05576,0.05586,0.05554,0.05568,2200940.0
2025-08-27 06:00:00+00:00,0.05568,0.05596,0.05512,0.05525,6145922.0
2025-08-27 06:15:00+00:00,0.05525,0.05535,0.0549,0.05507,4285924.0
2025-08-27 06:30:00+00:00,0.05507,0.0553,0.05485,0.05506,2498378.0
2025-08-27 06:45:00+00:00,0.05505,0.05524,0.05498,0.05521,2361292.0
2025-08-27 07:00:00+00:00,0.05521,0.05566,0.05475,0.05499,6620680.0
2025-08-27 07:15:00+00:00,0.05499,0.05519,0.05478,0.05497,3607442.0
2025-08-27 07:30:00+00:00,0.05498,0.05502,0.05421,0.05462,5053840.0
2025-08-27 07:45:00+00:00,0.05461,0.05496,0.05456,0.05479,2725235.0
2025-08-27 08:00:00+00:00,0.05481,0.05539,0.05469,0.05489,4347979.0
2025-08-27 08:15:00+00:00,0.05491,0.05515,0.05477,0.055,1845683.0
2025-08-27 08:30:00+00:00,0.05499,0.0554,0.05497,0.05532,1567728.0
2025-08-27 08:45:00+00:00,0.05528,0.05528,0.05478,0.05493,2096988.0
2025-08-27 09:00:00+00:00,0.05494,0.05509,0.05464,0.05479,2471822.0
2025-08-27 09:15:00+00:00,0.05478,0.05493,0.05433,0.05464,4432710.0
2025-08-27 09:30:00+00:00,0.05459,0.05589,0.05452,0.05578,7877573.0
2025-08-27 09:45:00+00:00,0.05574,0.05577,0.05514,0.05546,2754468.0
2025-08-27 10:00:00+00:00,0.05547,0.05547,0.05493,0.05509,2245164.0
2025-08-27 10:15:00+00:00,0.05509,0.05543,0.05505,0.0552,2156956.0
2025-08-27 10:30:00+00:00,0.0552,0.05619,0.05517,0.05594,4835451.0
2025-08-27 10:45:00+00:00,0.05594,0.05636,0.05588,0.05611,3994193.0
2025-08-27 11:00:00+00:00,0.05613,0.05646,0.05572,0.05587,4428913.0
2025-08-27 11:15:00+00:00,0.05585,0.05615,0.05527,0.0556,4371506.0
2025-08-27 11:30:00+00:00,0.0556,0.057,0.05558,0.05668,5299153.0
2025-08-27 11:45:00+00:00,0.05668,0.05673,0.05599,0.05607,3650339.0
2025-08-27 12:00:00+00:00,0.05607,0.05654,0.0558,0.05597,3837544.0
2025-08-27 12:15:00+00:00,0.05599,0.05663,0.05595,0.05658,4299594.0
2025-08-27 12:30:00+00:00,0.05658,0.05704,0.0555,0.05557,11340140.0
2025-08-27 12:45:00+00:00,0.05556,0.05586,0.05522,0.05575,4372649.0
2025-08-27 13:00:00+00:00,0.05575,0.0558,0.05507,0.05521,3998281.0
2025-08-27 13:15:00+00:00,0.0552,0.0565,0.05506,0.05618,6858700.0
2025-08-27 13:30:00+00:00,0.05616,0.05684,0.05561,0.05642,6859120.0
2025-08-27 13:45:00+00:00,0.05643,0.05661,0.0556,0.05564,5118650.0
2025-08-27 14:00:00+00:00,0.05565,0.05586,0.05531,0.05578,3846295.0
2025-08-27 14:15:00+00:00,0.05577,0.05616,0.05559,0.05584,2383594.0
2025-08-27 14:30:00+00:00,0.05585,0.05669,0.05585,0.05647,6841118.0
2025-08-27 14:45:00+00:00,0.05647,0.05671,0.05609,0.05654,7196946.0
2025-08-27 15:00:00+00:00,0.05656,0.05668,0.05565,0.05618,5956160.0
2025-08-27 15:15:00+00:00,0.05617,0.05622,0.05548,0.05588,3843940.0
2025-08-27 15:30:00+00:00,0.05589,0.05605,0.05492,0.05502,6972282.0
2025-08-27 15:45:00+00:00,0.05502,0.05525,0.05472,0.05514,4276282.0
2025-08-27 16:00:00+00:00,0.05513,0.05521,0.05178,0.05252,32940959.0
2025-08-27 16:15:00+00:00,0.05249,0.05348,0.05225,0.05305,16341201.0
2025-08-27 16:30:00+00:00,0.05305,0.05309,0.05247,0.05297,7301996.0
2025-08-27 16:45:00+00:00,0.05298,0.05392,0.05298,0.05339,4210321.0
2025-08-27 17:00:00+00:00,0.05337,0.05337,0.05273,0.0529,4610808.0
2025-08-27 17:15:00+00:00,0.05291,0.0544,0.05288,0.05407,10955784.0
2025-08-27 17:30:00+00:00,0.05408,0.05433,0.05361,0.05413,3880342.0
2025-08-27 17:45:00+00:00,0.05414,0.05421,0.05368,0.05401,2762478.0
2025-08-27 18:00:00+00:00,0.05398,0.05456,0.0538,0.05423,4359808.0
2025-08-27 18:15:00+00:00,0.0542,0.05453,0.05412,0.05422,2572964.0
2025-08-27 18:30:00+00:00,0.05421,0.0545,0.05413,0.05419,1638731.0
2025-08-27 18:45:00+00:00,0.05421,0.05434,0.0538,0.054,2608060.0
2025-08-27 19:00:00+00:00,0.054,0.05407,0.05306,0.05331,5436243.0
2025-08-27 19:15:00+00:00,0.05331,0.05375,0.05329,0.05357,2541574.0
2025-08-27 19:30:00+00:00,0.05359,0.0539,0.05345,0.05349,1204247.0
2025-08-27 19:45:00+00:00,0.05351,0.05361,0.05321,0.0534,1417548.0
2025-08-27 20:00:00+00:00,0.0534,0.054,0.05333,0.054,4194627.0
2025-08-27 20:15:00+00:00,0.05398,0.05473,0.0538,0.05456,9040984.0
2025-08-27 20:30:00+00:00,0.05454,0.05483,0.054,0.0541,3842591.0
2025-08-27 20:45:00+00:00,0.05409,0.05427,0.05376,0.05402,1570679.0
2025-08-27 21:00:00+00:00,0.05402,0.05441,0.05376,0.05395,2152077.0
2025-08-27 21:15:00+00:00,0.05395,0.05402,0.05355,0.05388,1823435.0
2025-08-27 21:30:00+00:00,0.05388,0.05392,0.05311,0.0533,2190059.0
2025-08-27 21:45:00+00:00,0.0533,0.05333,0.05301,0.05325,1421689.0
2025-08-27 22:00:00+00:00,0.05324,0.05332,0.05254,0.05266,4088736.0
2025-08-27 22:15:00+00:00,0.05267,0.05294,0.05257,0.05284,1955205.0
2025-08-27 22:30:00+00:00,0.05283,0.05327,0.05275,0.05319,1642634.0
2025-08-27 22:45:00+00:00,0.05319,0.05324,0.05287,0.0531,1097580.0
2025-08-27 23:00:00+00:00,0.0531,0.05352,0.05307,0.0532,2484667.0
2025-08-27 23:15:00+00:00,0.05319,0.05349,0.05293,0.05307,1961749.0
2025-08-27 23:30:00+00:00,0.05306,0.05316,0.05281,0.05298,1223724.0
2025-08-27 23:45:00+00:00,0.05297,0.05305,0.05271,0.0529,1071897.0
2025-08-28 00:00:00+00:00,0.05288,0.05304,0.05267,0.0528,1680059.0
2025-08-28 00:15:00+00:00,0.05279,0.05294,0.05264,0.05284,2163764.0
2025-08-28 00:30:00+00:00,0.05283,0.0529,0.05212,0.05284,2908679.0
2025-08-28 00:45:00+00:00,0.05288,0.05326,0.0524,0.05288,4341257.0
2025-08-28 01:00:00+00:00,0.05287,0.05321,0.05268,0.05295,2707092.0
2025-08-28 01:15:00+00:00,0.05294,0.05327,0.05293,0.05302,1537248.0
2025-08-28 01:30:00+00:00,0.05302,0.05345,0.0529,0.05339,1404934.0
2025-08-28 01:45:00+00:00,0.05339,0.05343,0.05307,0.05323,1376163.0
2025-08-28 02:00:00+00:00,0.05323,0.05344,0.05313,0.05329,1345850.0
2025-08-28 02:15:00+00:00,0.05331,0.05337,0.05295,0.05314,1494324.0
2025-08-28 02:30:00+00:00,0.05313,0.05325,0.053,0.05304,811066.0
2025-08-28 02:45:00+00:00,0.05302,0.05321,0.05279,0.05318,1271524.0
2025-08-28 03:00:00+00:00,0.05317,0.0535,0.05317,0.05325,1738580.0
2025-08-28 03:15:00+00:00,0.05324,0.05332,0.05306,0.05318,724599.0
2025-08-28 03:30:00+00:00,0.05319,0.05392,0.0531,0.0536,4311544.0
2025-08-28 03:45:00+00:00,0.05359,0.05383,0.05339,0.0535,1662708.0
2025-08-28 04:00:00+00:00,0.05351,0.0542,0.05347,0.05387,3535683.0
2025-08-28 04:15:00+00:00,0.05388,0.05414,0.05366,0.05401,1359706.0
2025-08-28 04:30:00+00:00,0.054,0.05433,0.0539,0.05416,1924606.0
2025-08-28 04:45:00+00:00,0.05416,0.05489,0.05416,0.05482,5284325.0
2025-08-28 05:00:00+00:00,0.05483,0.05582,0.05483,0.05563,7427528.0
2025-08-28 05:15:00+00:00,0.05563,0.0558,0.05519,0.0554,3102407.0
2025-08-28 05:30:00+00:00,0.05541,0.05545,0.0551,0.05516,2252851.0
2025-08-28 05:45:00+00:00,0.05517,0.05558,0.055,0.05532,2477806.0
2025-08-28 06:00:00+00:00,0.05534,0.05572,0.0553,0.05562,3221726.0
2025-08-28 06:15:00+00:00,0.05561,0.05561,0.05514,0.05557,2366122.0
2025-08-28 06:30:00+00:00,0.05558,0.05593,0.05534,0.05579,2515468.0
2025-08-28 06:45:00+00:00,0.05579,0.05592,0.05547,0.05562,1790301.0
2025-08-28 07:00:00+00:00,0.05561,0.0558,0.05525,0.05555,1841060.0
2025-08-28 07:15:00+00:00,0.05556,0.05596,0.0553,0.05591,1774557.0
2025-08-28 07:30:00+00:00,0.05591,0.05634,0.05571,0.05579,3248860.0
2025-08-28 07:45:00+00:00,0.0558,0.05629,0.05461,0.05517,7693682.0
2025-08-28 08:00:00+00:00,0.05517,0.0562,0.0551,0.05588,6321577.0
2025-08-28 08:15:00+00:00,0.05584,0.05618,0.05576,0.05601,2123416.0
2025-08-28 08:30:00+00:00,0.05601,0.05606,0.0557,0.05596,1426322.0
2025-08-28 08:45:00+00:00,0.05598,0.05611,0.05571,0.05598,1278162.0
2025-08-28 09:00:00+00:00,0.05597,0.0566,0.05592,0.05622,4468569.0
2025-08-28 09:15:00+00:00,0.05623,0.05633,0.05573,0.05591,1840700.0
2025-08-28 09:30:00+00:00,0.05593,0.05595,0.0556,0.05564,1028697.0
2025-08-28 09:45:00+00:00,0.05565,0.05648,0.0555,0.05615,4578723.0
2025-08-28 10:00:00+00:00,0.05617,0.05641,0.05582,0.05588,1804520.0
2025-08-28 10:15:00+00:00,0.05589,0.05609,0.05574,0.05592,1041060.0
2025-08-28 10:30:00+00:00,0.05592,0.0562,0.05573,0.05584,2024889.0
2025-08-28 10:45:00+00:00,0.05585,0.05635,0.0558,0.05609,2028492.0
2025-08-28 11:00:00+00:00,0.05609,0.0563,0.0556,0.05596,3296444.0
2025-08-28 11:15:00+00:00,0.05596,0.05606,0.05587,0.05601,745748.0
2025-08-28 11:30:00+00:00,0.05601,0.05615,0.0559,0.05607,689692.0
2025-08-28 11:45:00+00:00,0.05608,0.05637,0.05606,0.05623,1905252.0
2025-08-28 12:00:00+00:00,0.05622,0.05648,0.05592,0.05634,1284854.0
2025-08-28 12:15:00+00:00,0.05634,0.05698,0.05634,0.05687,2016192.0
2025-08-28 12:30:00+00:00,0.05688,0.05701,0.05647,0.05688,2998926.0
2025-08-28 12:45:00+00:00,0.05687,0.05758,0.05669,0.05683,5506576.0
2025-08-28 13:00:00+00:00,0.05684,0.05684,0.05631,0.05658,3072775.0
2025-08-28 13:15:00+00:00,0.05658,0.05697,0.0564,0.05675,2651528.0
2025-08-28 13:30:00+00:00,0.05674,0.05717,0.05657,0.05686,2575372.0
2025-08-28 13:45:00+00:00,0.05686,0.05725,0.05679,0.05682,2801134.0
2025-08-28 14:00:00+00:00,0.05683,0.05847,0.05655,0.05783,10210346.0
2025-08-28 14:15:00+00:00,0.05782,0.05888,0.05776,0.05867,9609138.0
2025-08-28 14:30:00+00:00,0.05867,0.05888,0.05815,0.05873,4771631.0
2025-08-28 14:45:00+00:00,0.05873,0.0588,0.05761,0.0578,6805401.0
2025-08-28 15:00:00+00:00,0.0578,0.05869,0.05777,0.0584,3629325.0
2025-08-28 15:15:00+00:00,0.0584,0.059,0.05828,0.05863,4504988.0
2025-08-28 15:30:00+00:00,0.05863,0.05886,0.0583,0.05873,3016476.0
2025-08-28 15:45:00+00:00,0.05874,0.05888,0.058,0.0582,3795518.0
2025-08-28 16:00:00+00:00,0.05822,0.05854,0.05751,0.05854,4534315.0
2025-08-28 16:15:00+00:00,0.05853,0.05957,0.05779,0.05857,11914556.0
2025-08-28 16:30:00+00:00,0.05856,0.0586,0.05738,0.05764,3069474.0
2025-08-28 16:45:00+00:00,0.05764,0.05769,0.0565,0.05685,5747922.0
2025-08-28 17:00:00+00:00,0.05682,0.05719,0.05667,0.05687,3226649.0
2025-08-28 17:15:00+00:00,0.05686,0.05687,0.05622,0.05663,3020606.0
2025-08-28 17:30:00+00:00,0.05663,0.05683,0.05637,0.05667,1088628.0
2025-08-28 17:45:00+00:00,0.05669,0.05669,0.0559,0.05615,2838291.0
2025-08-28 18:00:00+00:00,0.05613,0.05658,0.05613,0.05647,1845335.0
2025-08-28 18:15:00+00:00,0.05646,0.0565,0.05601,0.05601,1527096.0
2025-08-28 18:30:00+00:00,0.05601,0.0561,0.05572,0.05581,1877239.0
2025-08-28 18:45:00+00:00,0.05581,0.05604,0.05562,0.05572,748028.0
2025-08-28 19:00:00+00:00,0.05572,0.05623,0.05572,0.0561,2055969.0
2025-08-28 19:15:00+00:00,0.0561,0.05618,0.05577,0.0558,1504038.0
2025-08-28 19:30:00+00:00,0.0558,0.05586,0.05533,0.05568,2667482.0
2025-08-28 19:45:00+00:00,0.05566,0.0557,0.05535,0.05543,890984.0
2025-08-28 20:00:00+00:00,0.05543,0.05569,0.05538,0.05553,1703732.0
2025-08-28 20:15:00+00:00,0.05552,0.05578,0.05539,0.05555,894466.0
2025-08-28 20:30:00+00:00,0.05554,0.05554,0.05521,0.05537,1035709.0
2025-08-28 20:45:00+00:00,0.05537,0.05537,0.05503,0.05521,1032098.0
2025-08-28 21:00:00+00:00,0.05521,0.0556,0.05521,0.05559,1199329.0
2025-08-28 21:15:00+00:00,0.05559,0.0557,0.05541,0.05568,464985.0
2025-08-28 21:30:00+00:00,0.05568,0.05569,0.05553,0.05564,309091.0
2025-08-28 21:45:00+00:00,0.05564,0.05633,0.0556,0.05608,1420526.0
2025-08-28 22:00:00+00:00,0.05611,0.05718,0.05596,0.05708,3188995.0
2025-08-28 22:15:00+00:00,0.05708,0.05737,0.05688,0.05723,1645819.0
2025-08-28 22:30:00+00:00,0.05722,0.05761,0.05677,0.05694,1654339.0
2025-08-28 22:45:00+00:00,0.05692,0.05731,0.05681,0.05713,762556.0
2025-08-28 23:00:00+00:00,0.0571,0.0575,0.05681,0.05716,1478250.0
2025-08-28 23:15:00+00:00,0.05716,0.05732,0.05685,0.05726,819191.0
2025-08-28 23:30:00+00:00,0.05725,0.05726,0.05688,0.05688,1271854.0
2025-08-28 23:45:00+00:00,0.05691,0.05788,0.05667,0.05742,4233846.0
2025-08-29 00:00:00+00:00,0.05741,0.05762,0.0569,0.05696,4450751.0
2025-08-29 00:15:00+00:00,0.05696,0.05718,0.05646,0.05693,2976906.0
2025-08-29 00:30:00+00:00,0.05692,0.05695,0.05643,0.05659,984086.0
2025-08-29 00:45:00+00:00,0.0566,0.0569,0.05646,0.05659,957732.0
2025-08-29 01:00:00+00:00,0.05658,0.05687,0.05639,0.0568,1594264.0
2025-08-29 01:15:00+00:00,0.0568,0.05681,0.05624,0.05656,1835065.0
2025-08-29 01:30:00+00:00,0.05656,0.0568,0.05626,0.05642,1044023.0
2025-08-29 01:45:00+00:00,0.05642,0.05652,0.05607,0.05628,1360819.0
2025-08-29 02:00:00+00:00,0.05628,0.05668,0.05626,0.05662,820856.0
2025-08-29 02:15:00+00:00,0.05661,0.05703,0.05648,0.05691,649473.0
2025-08-29 02:30:00+00:00,0.05691,0.05702,0.05649,0.05664,796743.0
2025-08-29 02:45:00+00:00,0.05663,0.05725,0.0563,0.05667,2538834.0
2025-08-29 03:00:00+00:00,0.05667,0.05682,0.05628,0.05635,1238998.0
2025-08-29 03:15:00+00:00,0.05632,0.05649,0.05616,0.05636,653833.0
2025-08-29 03:30:00+00:00,0.05636,0.05642,0.05593,0.05639,702051.0
2025-08-29 03:45:00+00:00,0.05638,0.05639,0.05598,0.05601,640560.0
2025-08-29 04:00:00+00:00,0.05601,0.05644,0.05556,0.05604,3496502.0
2025-08-29 04:15:00+00:00,0.05604,0.05638,0.05603,0.05612,519532.0
2025-08-29 04:30:00+00:00,0.05613,0.0563,0.05583,0.05602,1240382.0
2025-08-29 04:45:00+00:00,0.05604,0.05607,0.05434,0.05558,7750020.0
2025-08-29 05:00:00+00:00,0.05557,0.0557,0.05534,0.05547,1359544.0
2025-08-29 05:15:00+00:00,0.05546,0.05558,0.05535,0.0554,947196.0
2025-08-29 05:30:00+00:00,0.05539,0.05546,0.0552,0.05525,899945.0
2025-08-29 05:45:00+00:00,0.05524,0.05534,0.05504,0.05512,767400.0
2025-08-29 06:00:00+00:00,0.05511,0.05534,0.05491,0.05507,1711470.0
2025-08-29 06:15:00+00:00,0.05507,0.05517,0.05499,0.05502,460508.0
2025-08-29 06:30:00+00:00,0.05503,0.05503,0.05364,0.05457,2267426.0
2025-08-29 06:45:00+00:00,0.05451,0.05473,0.05434,0.05471,1519462.0
2025-08-29 07:00:00+00:00,0.05471,0.05491,0.05364,0.05382,8179577.0
2025-08-29 07:15:00+00:00,0.05382,0.05422,0.05371,0.05396,6617528.0
2025-08-29 07:30:00+00:00,0.05396,0.05424,0.05346,0.05355,4059856.0
2025-08-29 07:45:00+00:00,0.05355,0.05372,0.0531,0.05337,2949634.0
2025-08-29 08:00:00+00:00,0.05335,0.0536,0.05308,0.05331,5117401.0
2025-08-29 08:15:00+00:00,0.05332,0.05355,0.05316,0.05323,2394146.0
2025-08-29 08:30:00+00:00,0.05323,0.05332,0.05284,0.05323,2037520.0
2025-08-29 08:45:00+00:00,0.05321,0.05328,0.05291,0.05303,1966677.0
2025-08-29 09:00:00+00:00,0.05302,0.05302,0.05141,0.05153,15811003.0
2025-08-29 09:15:00+00:00,0.05154,0.0522,0.05149,0.0518,4183771.0
2025-08-29 09:30:00+00:00,0.0518,0.05216,0.05165,0.05199,3032023.0
2025-08-29 09:45:00+00:00,0.05199,0.05237,0.05192,0.05227,2182824.0
2025-08-29 10:00:00+00:00,0.05227,0.0526,0.05217,0.05246,2635772.0
2025-08-29 10:15:00+00:00,0.05245,0.05283,0.05235,0.05278,1650435.0
2025-08-29 10:30:00+00:00,0.05277,0.05277,0.05254,0.05272,858526.0
2025-08-29 10:45:00+00:00,0.05272,0.05305,0.05269,0.05279,835234.0
2025-08-29 11:00:00+00:00,0.05279,0.05343,0.0527,0.05308,2236492.0
2025-08-29 11:15:00+00:00,0.05308,0.05321,0.05284,0.05313,1053144.0
2025-08-29 11:30:00+00:00,0.05312,0.05326,0.0527,0.05276,1189332.0
2025-08-29 11:45:00+00:00,0.05276,0.05289,0.05228,0.05234,3429769.0
2025-08-29 12:00:00+00:00,0.05233,0.05246,0.05211,0.05239,2166759.0
2025-08-29 12:15:00+00:00,0.05239,0.0524,0.05206,0.05238,1376205.0
2025-08-29 12:30:00+00:00,0.05237,0.05323,0.05237,0.05271,3469865.0
2025-08-29 12:45:00+00:00,0.05271,0.05287,0.05231,0.05238,1768292.0
2025-08-29 13:00:00+00:00,0.05236,0.05267,0.05206,0.05257,2163686.0
2025-08-29 13:15:00+00:00,0.05257,0.05325,0.05252,0.05252,2659930.0
2025-08-29 13:30:00+00:00,0.05252,0.05275,0.05219,0.05248,2680417.0
2025-08-29 13:45:00+00:00,0.05248,0.05248,0.05208,0.05223,2182145.0
2025-08-29 14:00:00+00:00,0.05224,0.05265,0.05209,0.05248,2763733.0
2025-08-29 14:15:00+00:00,0.05247,0.05294,0.05217,0.05275,2748323.0
2025-08-29 14:30:00+00:00,0.05276,0.053,0.0526,0.05296,1587893.0
2025-08-29 14:45:00+00:00,0.05295,0.05315,0.05263,0.05273,1766010.0
2025-08-29 15:00:00+00:00,0.05273,0.05296,0.05246,0.05271,1356479.0
2025-08-29 15:15:00+00:00,0.0527,0.05285,0.05175,0.05238,4063752.0
2025-08-29 15:30:00+00:00,0.05239,0.05267,0.05194,0.05237,4885075.0
2025-08-29 15:45:00+00:00,0.05237,0.05288,0.05236,0.05256,2270733.0
2025-08-29 16:00:00+00:00,0.05254,0.05289,0.05248,0.05281,2122775.0
2025-08-29 16:15:00+00:00,0.05282,0.05286,0.0523,0.05236,1296130.0
2025-08-29 16:30:00+00:00,0.05238,0.05247,0.05222,0.05243,953933.0
2025-08-29 16:45:00+00:00,0.05243,0.05253,0.05225,0.05242,1292480.0
2025-08-29 17:00:00+00:00,0.05241,0.05259,0.05172,0.05175,2591937.0
2025-08-29 17:15:00+00:00,0.05175,0.0523,0.05167,0.05223,1272394.0
2025-08-29 17:30:00+00:00,0.05224,0.05245,0.05216,0.05222,411208.0
2025-08-29 17:45:00+00:00,0.05222,0.05237,0.05218,0.05225,679780.0
2025-08-29 18:00:00+00:00,0.05225,0.05232,0.05169,0.05176,2259285.0
2025-08-29 18:15:00+00:00,0.05176,0.0519,0.05101,0.05117,5629549.0
2025-08-29 18:30:00+00:00,0.05117,0.05221,0.05115,0.05198,4644607.0
2025-08-29 18:45:00+00:00,0.05198,0.05233,0.05185,0.05201,1698814.0
2025-10-17 23:00:00+00:00,0.0468,0.04869,0.0462,0.0482,40969725.0
2025-10-17 23:15:00+00:00,0.04821,0.05083,0.04768,0.049,72335193.0
2025-10-17 23:30:00+00:00,0.04898,0.05396,0.0458,0.05264,116683929.0
2025-10-17 23:45:00+00:00,0.05265,0.05519,0.04888,0.05276,115689706.0
2025-10-18 00:00:00+00:00,0.05274,0.06606,0.05165,0.06204,177069179.0
2025-10-18 00:15:00+00:00,0.06201,0.06341,0.05571,0.06215,109842066.0
2025-10-18 00:30:00+00:00,0.06216,0.06493,0.05915,0.06375,104688965.0
2025-10-18 00:45:00+00:00,0.06375,0.06898,0.06268,0.06766,120100198.0
2025-10-18 01:00:00+00:00,0.06761,0.069,0.045,0.04772,315978228.0
2025-10-18 01:15:00+00:00,0.04774,0.04818,0.04009,0.04072,188642019.0
2025-10-18 01:30:00+00:00,0.04076,0.04243,0.0383,0.04239,143782943.0
2025-10-18 01:45:00+00:00,0.04236,0.04423,0.03772,0.03831,114721346.0
2025-10-18 02:00:00+00:00,0.03829,0.04115,0.03817,0.0403,76149904.0
2025-10-18 02:15:00+00:00,0.04032,0.04262,0.04016,0.04237,34487534.0
2025-10-18 02:30:00+00:00,0.04237,0.04269,0.03939,0.04016,56215066.0
2025-10-18 02:45:00+00:00,0.0402,0.0446,0.04017,0.04277,44250500.0
2025-10-18 03:00:00+00:00,0.04275,0.04331,0.04075,0.04321,34529088.0
2025-10-18 03:15:00+00:00,0.04323,0.0437,0.04285,0.04354,22328443.0
2025-10-18 03:30:00+00:00,0.04354,0.04539,0.0432,0.04496,33604687.0
2025-10-18 03:45:00+00:00,0.04499,0.04572,0.04412,0.04544,38027914.0
2025-10-18 04:00:00+00:00,0.04548,0.0478,0.04503,0.04686,49475368.0
2025-10-18 04:15:00+00:00,0.04685,0.04871,0.04613,0.04829,38580036.0
2025-10-18 04:30:00+00:00,0.04829,0.04931,0.04326,0.04472,83793171.0
2025-10-18 04:45:00+00:00,0.04474,0.04638,0.042,0.04266,55836157.0
2025-10-18 05:00:00+00:00,0.04267,0.0444,0.04141,0.04265,38317789.0
2025-10-18 05:15:00+00:00,0.04269,0.04328,0.04064,0.04085,28146695.0
2025-10-18 05:30:00+00:00,0.04085,0.04231,0.04067,0.04223,15114649.0
2025-10-18 05:45:00+00:00,0.04225,0.04318,0.04185,0.0424,15373804.0
2025-10-18 06:00:00+00:00,0.0424,0.04339,0.04111,0.04281,20955869.0
2025-10-18 06:15:00+00:00,0.04276,0.04375,0.04202,0.04288,19786356.0
2025-10-18 06:30:00+00:00,0.04288,0.0434,0.04186,0.04239,13217223.0
2025-10-18 06:45:00+00:00,0.0424,0.04272,0.04143,0.0419,14522551.0
2025-10-18 07:00:00+00:00,0.04193,0.04431,0.04188,0.04426,24980324.0
2025-10-18 07:15:00+00:00,0.04422,0.04425,0.04167,0.04227,19331577.0
2025-10-18 07:30:00+00:00,0.04223,0.04275,0.0417,0.04236,7855869.0
2025-10-18 07:45:00+00:00,0.04233,0.04314,0.04177,0.04203,8047363.0
2025-10-18 08:00:00+00:00,0.04203,0.04218,0.04112,0.04184,11357705.0
2025-10-18 08:15:00+00:00,0.04184,0.04224,0.04108,0.04139,7714009.0
2025-10-18 08:30:00+00:00,0.04139,0.04175,0.03933,0.04038,24591985.0
2025-10-18 08:45:00+00:00,0.04039,0.0408,0.04,0.04066,12486055.0
2025-10-18 09:00:00+00:00,0.04064,0.04089,0.04023,0.04033,7128739.0
2025-10-18 09:15:00+00:00,0.04033,0.04062,0.03981,0.04018,9876596.0
2025-10-18 09:30:00+00:00,0.04015,0.04042,0.03971,0.04037,7856511.0
2025-10-18 09:45:00+00:00,0.04036,0.04082,0.04021,0.04045,7377021.0
2025-10-18 10:00:00+00:00,0.04043,0.04135,0.04013,0.04086,10600996.0
2025-10-18 10:15:00+00:00,0.04086,0.04146,0.04061,0.04139,10957009.0
2025-10-18 10:30:00+00:00,0.04137,0.04228,0.04118,0.04198,17068517.0
2025-10-18 10:45:00+00:00,0.04198,0.04199,0.03829,0.03927,40682257.0
2025-10-18 11:00:00+00:00,0.03927,0.04068,0.0392,0.04049,9512054.0
2025-10-18 11:15:00+00:00,0.04051,0.04057,0.03967,0.03972,5816107.0
2025-10-18 11:30:00+00:00,0.03973,0.04034,0.03966,0.04013,4105266.0
2025-10-18 11:45:00+00:00,0.04013,0.04036,0.03951,0.0396,4998302.0
2025-10-18 12:00:00+00:00,0.03962,0.03974,0.03851,0.03883,14290201.0
2025-10-18 12:15:00+00:00,0.03882,0.03916,0.03812,0.03904,11286953.0
2025-10-18 12:30:00+00:00,0.03905,0.04049,0.03895,0.04038,12304847.0
2025-10-18 12:45:00+00:00,0.04039,0.041,0.03958,0.03976,12666584.0
2025-10-18 13:00:00+00:00,0.03975,0.04058,0.03885,0.04035,12519983.0
2025-10-18 13:15:00+00:00,0.04031,0.04134,0.03984,0.04078,17066809.0
2025-10-18 13:30:00+00:00,0.04078,0.04107,0.03625,0.03847,42342141.0
2025-10-18 13:45:00+00:00,0.03848,0.03975,0.03777,0.03928,15375961.0
2025-10-18 14:00:00+00:00,0.03928,0.03957,0.03785,0.03895,13818402.0
2025-10-18 14:15:00+00:00,0.03895,0.0396,0.03865,0.03911,7559734.0
2025-10-18 14:30:00+00:00,0.03909,0.03958,0.03879,0.03899,7156888.0
2025-10-18 14:45:00+00:00,0.03899,0.03951,0.03892,0.03928,3485506.0
2025-10-18 15:00:00+00:00,0.03926,0.03958,0.03862,0.0387,6478792.0
2025-10-18 15:15:00+00:00,0.03871,0.03927,0.03855,0.03861,4270974.0
2025-10-18 15:30:00+00:00,0.03863,0.03894,0.03829,0.03894,4410563.0
2025-10-18 15:45:00+00:00,0.03893,0.03897,0.03774,0.0379,3570442.0
2025-10-18 16:00:00+00:00,0.0379,0.03821,0.03747,0.03812,6380342.0
2025-10-18 16:15:00+00:00,0.03811,0.03813,0.0376,0.03783,3860261.0
2025-10-18 16:30:00+00:00,0.03785,0.03827,0.03772,0.03799,3652415.0
2025-10-18 16:45:00+00:00,0.038,0.0385,0.03799,0.03833,2691546.0
2025-10-18 17:00:00+00:00,0.03831,0.03865,0.0379,0.0381,2289121.0
2025-10-18 17:15:00+00:00,0.03811,0.03881,0.03806,0.03868,2637815.0
2025-10-18 17:30:00+00:00,0.03868,0.039,0.03856,0.03892,2490186.0
2025-10-18 17:45:00+00:00,0.03891,0.03895,0.03839,0.0387,2088788.0
2025-10-18 18:00:00+00:00,0.03869,0.039,0.03861,0.03864,1866899.0
2025-10-18 18:15:00+00:00,0.03864,0.03875,0.03791,0.03799,1855475.0
2025-10-18 18:30:00+00:00,0.03799,0.03818,0.03772,0.03774,2399945.0
2025-10-18 18:45:00+00:00,0.03774,0.0384,0.0376,0.03832,2490246.0
2025-10-18 19:00:00+00:00,0.03832,0.03878,0.03747,0.03751,3874576.0
2025-10-18 19:15:00+00:00,0.03751,0.03799,0.03751,0.03788,1588888.0
2025-10-18 19:30:00+00:00,0.03788,0.03799,0.03755,0.03774,1572861.0
2025-10-18 19:45:00+00:00,0.03774,0.03837,0.03772,0.03817,1805405.0
2025-10-18 20:00:00+00:00,0.03817,0.03912,0.03815,0.03889,3273060.0
2025-10-18 20:15:00+00:00,0.03889,0.03931,0.03868,0.03913,1862971.0
2025-10-18 20:30:00+00:00,0.03913,0.03937,0.03897,0.03917,2499148.0
2025-10-18 20:45:00+00:00,0.03917,0.03938,0.03886,0.03889,1232233.0
2025-10-18 21:00:00+00:00,0.03888,0.03927,0.03832,0.03843,2917621.0
2025-10-18 21:15:00+00:00,0.03844,0.03871,0.038,0.03848,2801927.0
2025-10-18 21:30:00+00:00,0.03848,0.03907,0.03848,0.03875,1255451.0
2025-10-18 21:45:00+00:00,0.03876,0.0388,0.03858,0.03866,743953.0
2025-10-18 22:00:00+00:00,0.03865,0.03955,0.03845,0.03855,4129955.0
2025-10-18 22:15:00+00:00,0.03854,0.03943,0.03842,0.0392,2156631.0
2025-10-18 22:30:00+00:00,0.0392,0.03931,0.03859,0.0386,1426372.0
2025-10-18 22:45:00+00:00,0.03859,0.03861,0.03821,0.03846,1576754.0
2025-10-18 23:00:00+00:00,0.03844,0.0388,0.03802,0.03826,3828087.0
2025-10-18 23:15:00+00:00,0.03825,0.03831,0.03752,0.03767,5301107.0
2025-10-18 23:30:00+00:00,0.03764,0.03817,0.03752,0.0377,3459326.0
2025-10-18 23:45:00+00:00,0.0377,0.03831,0.03769,0.03823,2212826.0
2025-10-19 00:00:00+00:00,0.03823,0.03823,0.03753,0.0377,4736552.0
2025-10-19 00:15:00+00:00,0.03771,0.03846,0.0375,0.03823,3460645.0
2025-10-19 00:30:00+00:00,0.03823,0.03875,0.03787,0.03839,3715637.0
2025-10-19 00:45:00+00:00,0.0384,0.03845,0.03798,0.03827,2590495.0
2025-10-19 01:00:00+00:00,0.03827,0.03877,0.038,0.03873,4783451.0
2025-10-19 01:15:00+00:00,0.03872,0.03895,0.03831,0.03877,3876735.0
2025-10-19 01:30:00+00:00,0.03879,0.03879,0.038,0.03844,2526102.0
2025-10-19 01:45:00+00:00,0.03844,0.03896,0.03841,0.03891,2782820.0
2025-10-19 02:00:00+00:00,0.0389,0.04001,0.03889,0.03976,9650456.0
2025-10-19 02:15:00+00:00,0.03976,0.04049,0.03951,0.03988,9092917.0
2025-10-19 02:30:00+00:00,0.03987,0.03998,0.0391,0.03923,4722047.0
2025-10-19 02:45:00+00:00,0.03924,0.0393,0.03829,0.03861,4956035.0
2025-10-19 03:00:00+00:00,0.03862,0.039,0.03845,0.03865,2706168.0
2025-10-19 03:15:00+00:00,0.03864,0.03898,0.03849,0.0386,2091482.0
2025-10-19 03:30:00+00:00,0.0386,0.03876,0.03816,0.03833,2620393.0
2025-10-19 03:45:00+00:00,0.03832,0.03844,0.0378,0.03815,3980790.0
2025-10-19 04:00:00+00:00,0.03814,0.03822,0.03749,0.03751,4459343.0
2025-10-19 04:15:00+00:00,0.03753,0.03802,0.03748,0.03781,2077091.0
2025-10-19 04:30:00+00:00,0.03781,0.03794,0.03656,0.0366,9348898.0
2025-10-19 04:45:00+00:00,0.0366,0.03699,0.03625,0.03687,5663838.0
2025-10-19 05:00:00+00:00,0.03687,0.03785,0.03673,0.03724,5394276.0
2025-10-19 05:15:00+00:00,0.03722,0.03755,0.03708,0.03741,1820161.0
2025-10-19 05:30:00+00:00,0.0374,0.03749,0.03713,0.03719,1098689.0
2025-10-19 05:45:00+00:00,0.03719,0.03734,0.03666,0.0369,4536613.0
2025-10-19 06:00:00+00:00,0.03689,0.03731,0.03663,0.03693,3511856.0
2025-10-19 06:15:00+00:00,0.03692,0.03712,0.03644,0.03648,2659719.0
2025-10-19 06:30:00+00:00,0.03649,0.03664,0.03596,0.0364,3555384.0
2025-10-19 06:45:00+00:00,0.0364,0.03644,0.03609,0.03626,1323938.0
2025-10-19 07:00:00+00:00,0.03625,0.03625,0.03572,0.03608,3774870.0
2025-10-19 07:15:00+00:00,0.03608,0.03622,0.03586,0.03592,1469502.0
2025-10-19 07:30:00+00:00,0.03592,0.03602,0.03536,0.03574,2900312.0
2025-10-19 07:45:00+00:00,0.03575,0.03626,0.0356,0.03599,2075595.0
2025-10-19 08:00:00+00:00,0.03598,0.03616,0.03538,0.03547,3061316.0
2025-10-19 08:15:00+00:00,0.03549,0.03652,0.035,0.03571,4999704.0
2025-10-19 08:30:00+00:00,0.03569,0.03569,0.03532,0.03536,1578449.0
2025-10-19 08:45:00+00:00,0.03536,0.03553,0.03516,0.03526,2822923.0
2025-10-19 09:00:00+00:00,0.0353,0.0359,0.035,0.03578,3088073.0
2025-10-19 09:15:00+00:00,0.03579,0.03587,0.03523,0.03532,2132715.0
2025-10-19 09:30:00+00:00,0.03531,0.03611,0.03523,0.03599,1591577.0
2025-10-19 09:45:00+00:00,0.03598,0.03654,0.03587,0.03599,2943625.0
2025-10-19 10:00:00+00:00,0.03596,0.03655,0.03591,0.03598,3070717.0
2025-10-19 10:15:00+00:00,0.03595,0.03653,0.03588,0.03621,2238753.0
2025-10-19 10:30:00+00:00,0.0362,0.03657,0.03596,0.0365,1512766.0
2025-10-19 10:45:00+00:00,0.0365,0.03659,0.03616,0.03648,1685028.0
2025-10-19 11:00:00+00:00,0.03647,0.03664,0.03577,0.03628,4711236.0
2025-10-19 11:15:00+00:00,0.03627,0.03635,0.03571,0.0358,3062749.0
2025-10-19 11:30:00+00:00,0.0358,0.036,0.03557,0.03573,1569979.0
2025-10-19 11:45:00+00:00,0.03573,0.03603,0.03563,0.03585,1175389.0
2025-10-19 12:00:00+00:00,0.03585,0.03641,0.03577,0.0359,2187015.0
2025-10-19 12:15:00+00:00,0.03592,0.03592,0.03549,0.03568,1569116.0
2025-10-19 12:30:00+00:00,0.03567,0.03604,0.03567,0.03575,982064.0
2025-10-19 12:45:00+00:00,0.03575,0.03622,0.03559,0.0358,2096646.0
2025-10-19 13:00:00+00:00,0.0358,0.03599,0.03543,0.03559,2310529.0
2025-10-19 13:15:00+00:00,0.0356,0.03572,0.03543,0.03565,883453.0
2025-10-19 13:30:00+00:00,0.03564,0.03621,0.03563,0.0361,2038724.0
2025-10-19 13:45:00+00:00,0.03609,0.03637,0.03607,0.03618,2346647.0
2025-10-19 14:00:00+00:00,0.03619,0.03637,0.0359,0.03622,1798295.0
2025-10-19 14:15:00+00:00,0.03621,0.03679,0.03615,0.0367,1495144.0
2025-10-19 14:30:00+00:00,0.03671,0.03685,0.03633,0.03658,2841514.0
2025-10-19 14:45:00+00:00,0.03659,0.03681,0.0364,0.03664,1301060.0
2025-10-19 15:00:00+00:00,0.03664,0.03666,0.03614,0.03649,2131468.0
2025-10-19 15:15:00+00:00,0.03649,0.03669,0.03617,0.03629,1388185.0
2025-10-19 15:30:00+00:00,0.03629,0.03664,0.03573,0.03603,6789502.0
2025-10-19 15:45:00+00:00,0.03604,0.03609,0.03573,0.03585,2645643.0
2025-10-19 16:00:00+00:00,0.03583,0.03629,0.03583,0.03604,2900831.0
2025-10-19 16:15:00+00:00,0.03603,0.03624,0.03598,0.03619,885651.0
2025-10-19 16:30:00+00:00,0.03619,0.03648,0.03597,0.03644,1467776.0
2025-10-19 16:45:00+00:00,0.03643,0.03643,0.03589,0.03591,1161913.0
2025-10-19 17:00:00+00:00,0.03591,0.03664,0.03581,0.03656,2083654.0
2025-10-19 17:15:00+00:00,0.03657,0.0369,0.03599,0.03604,3185120.0
2025-10-19 17:30:00+00:00,0.03603,0.03636,0.03591,0.03615,1350651.0
2025-10-19 17:45:00+00:00,0.03617,0.0362,0.03564,0.03573,1472524.0
2025-10-19 18:00:00+00:00,0.03573,0.03585,0.03545,0.03556,2398572.0
2025-10-19 18:15:00+00:00,0.03555,0.03578,0.03504,0.0352,5349362.0
2025-10-19 18:30:00+00:00,0.0352,0.03544,0.03468,0.03491,4213285.0
2025-10-19 18:45:00+00:00,0.03489,0.03499,0.03438,0.03469,4625819.0
2025-10-19 19:00:00+00:00,0.03466,0.03554,0.03466,0.03536,3554003.0
2025-10-19 19:15:00+00:00,0.03535,0.0356,0.03521,0.03554,952139.0
2025-10-19 19:30:00+00:00,0.03553,0.03559,0.03517,0.03532,774500.0
2025-10-19 19:45:00+00:00,0.03533,0.03545,0.03508,0.03537,1228737.0
2025-10-19 20:00:00+00:00,0.03537,0.03574,0.03526,0.03561,1933186.0
2025-10-19 20:15:00+00:00,0.03561,0.03592,0.0355,0.03586,612410.0
2025-10-19 20:30:00+00:00,0.03587,0.03592,0.03572,0.03591,484895.0
2025-10-19 20:45:00+00:00,0.0359,0.03607,0.03573,0.03596,784437.0
2025-10-19 21:00:00+00:00,0.03598,0.03607,0.03531,0.03537,1640044.0
2025-10-19 21:15:00+00:00,0.03539,0.0354,0.03501,0.03514,1149894.0
2025-10-19 21:30:00+00:00,0.03512,0.03516,0.03459,0.03492,3826623.0
2025-10-19 21:45:00+00:00,0.03489,0.03503,0.0347,0.03476,1224147.0
2025-10-19 22:00:00+00:00,0.03477,0.03501,0.03453,0.03478,2275731.0
2025-10-19 22:15:00+00:00,0.03478,0.03546,0.03445,0.03544,4565178.0
2025-10-19 22:30:00+00:00,0.03542,0.03584,0.03541,0.03571,2278435.0
2025-10-19 22:45:00+00:00,0.0357,0.03594,0.03528,0.0355,1464697.0
2025-10-19 23:00:00+00:00,0.03548,0.03554,0.03505,0.0352,3094474.0
2025-10-19 23:15:00+00:00,0.03519,0.03526,0.03505,0.03514,532611.0
2025-10-19 23:30:00+00:00,0.03512,0.03527,0.03478,0.03483,2892385.0
2025-10-19 23:45:00+00:00,0.03483,0.03486,0.03461,0.03462,890221.0
2025-10-20 00:00:00+00:00,0.03464,0.03472,0.0343,0.03448,2681827.0
2025-10-20 00:15:00+00:00,0.03449,0.03456,0.03366,0.03396,3544070.0
2025-10-20 00:30:00+00:00,0.03397,0.03451,0.03368,0.03432,2867273.0
2025-10-20 00:45:00+00:00,0.03434,0.03441,0.03395,0.03413,1180854.0
2025-10-20 01:00:00+00:00,0.03413,0.03441,0.0339,0.03397,2002241.0
2025-10-20 01:15:00+00:00,0.03396,0.03399,0.03354,0.03393,1959398.0
2025-10-20 01:30:00+00:00,0.03392,0.03506,0.03388,0.03493,5958355.0
2025-10-20 01:45:00+00:00,0.03492,0.0352,0.03453,0.03455,1583247.0
2025-10-20 02:00:00+00:00,0.03454,0.03456,0.03424,0.03438,1310021.0
2025-10-20 02:15:00+00:00,0.03436,0.0348,0.03435,0.03435,723151.0
2025-10-20 02:30:00+00:00,0.03434,0.03454,0.03427,0.03441,840577.0
2025-10-20 02:45:00+00:00,0.03439,0.03469,0.03422,0.03444,1608808.0
2025-10-20 03:00:00+00:00,0.03443,0.03444,0.03401,0.03412,2319515.0
2025-10-20 03:15:00+00:00,0.03414,0.03469,0.03411,0.03469,973056.0
2025-10-20 03:30:00+00:00,0.03468,0.03524,0.03468,0.03498,901305.0
2025-10-20 03:45:00+00:00,0.03502,0.03589,0.03487,0.03569,1990678.0
2025-10-20 04:00:00+00:00,0.03568,0.03593,0.0353,0.03567,2463744.0
2025-10-20 04:15:00+00:00,0.03568,0.03574,0.03538,0.03541,1266358.0
2025-10-20 04:30:00+00:00,0.03542,0.03565,0.03529,0.03551,758929.0
2025-10-20 04:45:00+00:00,0.03549,0.03555,0.03529,0.03547,447805.0
2025-10-20 05:00:00+00:00,0.03545,0.03548,0.0351,0.03513,633871.0
2025-10-20 05:15:00+00:00,0.03515,0.03537,0.035,0.03534,559271.0
2025-10-20 05:30:00+00:00,0.03534,0.03561,0.03465,0.0348,2570061.0
2025-10-20 05:45:00+00:00,0.0348,0.03504,0.03462,0.0348,1448470.0
2025-10-20 06:00:00+00:00,0.0348,0.03506,0.03477,0.03481,842662.0
2025-10-20 06:15:00+00:00,0.03484,0.03515,0.03481,0.03505,641108.0
2025-10-20 06:30:00+00:00,0.03508,0.03522,0.035,0.03515,640803.0
2025-10-20 06:45:00+00:00,0.03515,0.03549,0.03515,0.03539,1446305.0
2025-10-20 07:00:00+00:00,0.03536,0.03577,0.03511,0.03569,1544355.0
2025-10-20 07:15:00+00:00,0.03569,0.03585,0.03545,0.03555,1541655.0
2025-10-20 07:30:00+00:00,0.03556,0.03573,0.03536,0.03547,1237101.0
2025-10-20 07:45:00+00:00,0.03548,0.03588,0.03538,0.03547,2658015.0
2025-10-20 08:00:00+00:00,0.03546,0.03546,0.03472,0.03506,2971957.0
2025-10-20 08:15:00+00:00,0.03506,0.03526,0.03473,0.03496,824555.0
2025-10-20 08:30:00+00:00,0.03494,0.03506,0.03428,0.03437,3414447.0
2025-10-20 08:45:00+00:00,0.03438,0.03457,0.03403,0.03432,2018346.0
2025-10-20 09:00:00+00:00,0.03428,0.03491,0.03416,0.0349,2853986.0
2025-10-20 09:15:00+00:00,0.03491,0.03499,0.03455,0.03498,757734.0
2025-10-20 09:30:00+00:00,0.03495,0.03498,0.03462,0.03476,890368.0
2025-10-20 09:45:00+00:00,0.03475,0.03494,0.03459,0.03466,2400931.0
2025-10-20 10:00:00+00:00,0.03469,0.03484,0.03451,0.03452,2021267.0
2025-10-20 10:15:00+00:00,0.03453,0.03551,0.03443,0.03531,6451291.0
2025-10-20 10:30:00+00:00,0.03532,0.03532,0.03506,0.0351,1835865.0
2025-10-20 10:45:00+00:00,0.03509,0.03527,0.03504,0.03527,1169959.0
2025-10-20 11:00:00+00:00,0.03527,0.03563,0.03516,0.03519,3160193.0
2025-10-20 11:15:00+00:00,0.03519,0.03541,0.03511,0.03517,1292961.0
2025-10-20 11:30:00+00:00,0.03516,0.03575,0.03503,0.03549,4087933.0
2025-10-20 11:45:00+00:00,0.03551,0.03689,0.03536,0.03682,6517841.0
2025-10-20 12:00:00+00:00,0.03686,0.03732,0.03615,0.03633,8295320.0
2025-10-20 12:15:00+00:00,0.03633,0.03664,0.03621,0.03626,1586528.0
2025-10-20 12:30:00+00:00,0.03628,0.03642,0.03593,0.03604,1414323.0
2025-10-20 12:45:00+00:00,0.03604,0.03661,0.03593,0.03648,1914947.0
2025-10-20 13:00:00+00:00,0.03647,0.03682,0.03615,0.03621,2710221.0
2025-10-20 13:15:00+00:00,0.03621,0.03631,0.03608,0.03625,913188.0
2025-10-20 13:30:00+00:00,0.03625,0.0365,0.03622,0.0364,649128.0
2025-10-20 13:45:00+00:00,0.0364,0.03657,0.03629,0.03643,765440.0
2025-10-20 14:00:00+00:00,0.03645,0.03672,0.03614,0.03661,1667967.0
2025-10-20 14:15:00+00:00,0.03659,0.03697,0.03623,0.03641,2366095.0
2025-10-20 14:30:00+00:00,0.03642,0.03642,0.03599,0.03608,632712.0
2025-10-20 14:45:00+00:00,0.03607,0.03607,0.03583,0.03597,1192689.0
2025-10-20 15:00:00+00:00,0.03593,0.03602,0.03573,0.03578,835094.0
2025-10-20 15:15:00+00:00,0.03578,0.0369,0.03572,0.03636,4572417.0
2025-10-20 15:30:00+00:00,0.03636,0.03654,0.036,0.03601,706416.0
2025-10-20 15:45:00+00:00,0.03603,0.03626,0.0358,0.03619,1441939.0
2025-10-20 16:00:00+00:00,0.03618,0.03762,0.0359,0.03743,11451146.0
2025-10-20 16:15:00+00:00,0.03741,0.03762,0.03695,0.03726,4534530.0
2025-10-20 16:30:00+00:00,0.03727,0.03784,0.03704,0.03735,7306836.0
2025-10-20 16:45:00+00:00,0.03735,0.03804,0.03726,0.03783,6107786.0
2025-10-20 17:00:00+00:00,0.03783,0.03792,0.03719,0.03726,4904673.0
2025-10-20 17:15:00+00:00,0.03726,0.03751,0.03716,0.03721,2472193.0
2025-10-20 17:30:00+00:00,0.03722,0.03728,0.03632,0.03641,6494919.0
2025-10-20 17:45:00+00:00,0.0364,0.03646,0.03543,0.03565,5160313.0
2025-10-20 18:00:00+00:00,0.03564,0.03615,0.03564,0.03599,1989523.0
2025-10-20 18:15:00+00:00,0.03597,0.03628,0.03574,0.03576,1046551.0
2025-10-20 18:30:00+00:00,0.03574,0.03575,0.03546,0.03554,726554.0
2025-10-20 18:45:00+00:00,0.03554,0.03622,0.035,0.03531,7922710.0
2025-10-20 19:00:00+00:00,0.0353,0.03557,0.0351,0.03554,1866251.0
2025-10-20 19:15:00+00:00,0.03553,0.03555,0.0352,0.03538,999741.0
2025-10-20 19:30:00+00:00,0.03536,0.0355,0.03521,0.0355,486873.0
2025-10-20 19:45:00+00:00,0.03549,0.0355,0.03511,0.03532,1133406.0
2025-10-20 20:00:00+00:00,0.03533,0.03539,0.03513,0.03535,811808.0
2025-10-20 20:15:00+00:00,0.03534,0.03555,0.03506,0.03532,2183041.0
2025-10-20 20:30:00+00:00,0.03529,0.03571,0.03497,0.03531,4485625.0
2025-10-20 20:45:00+00:00,0.0353,0.03544,0.03495,0.03529,2089314.0
2025-10-20 21:00:00+00:00,0.03526,0.03568,0.03523,0.03568,934649.0
2025-10-20 21:15:00+00:00,0.03566,0.03644,0.03563,0.03639,841048.0
2025-10-20 21:30:00+00:00,0.03638,0.03691,0.03631,0.03651,2263364.0
2025-10-20 21:45:00+00:00,0.0365,0.03689,0.03634,0.03684,1428848.0
2025-10-20 22:00:00+00:00,0.03681,0.03681,0.03638,0.03667,618419.0
2025-10-20 22:15:00+00:00,0.03667,0.03673,0.03615,0.03619,511392.0
2025-10-20 22:30:00+00:00,0.03615,0.03647,0.03592,0.03625,622868.0
2025-10-20 22:45:00+00:00,0.03625,0.03636,0.0361,0.03611,642858.0
2025-10-20 23:00:00+00:00,0.03614,0.03614,0.03575,0.03584,859921.0
2025-10-20 23:15:00+00:00,0.03587,0.03601,0.03579,0.03589,303660.0
2025-10-20 23:30:00+00:00,0.03585,0.036,0.03583,0.03588,237659.0
2025-10-20 23:45:00+00:00,0.03589,0.03592,0.03555,0.03566,654164.0
2025-10-21 00:00:00+00:00,0.03568,0.0358,0.0351,0.03537,1887306.0
2025-10-21 00:15:00+00:00,0.03536,0.03573,0.03535,0.03554,546290.0
2025-10-21 00:30:00+00:00,0.03553,0.03569,0.03544,0.03547,562395.0
2025-10-21 00:45:00+00:00,0.0355,0.03561,0.03536,0.03536,299451.0
2025-10-21 01:00:00+00:00,0.03536,0.03539,0.03481,0.03486,1240169.0
2025-10-21 01:15:00+00:00,0.03485,0.03506,0.03477,0.03499,420529.0
2025-10-21 01:30:00+00:00,0.03496,0.03509,0.0349,0.03509,335425.0
2025-10-21 01:45:00+00:00,0.03509,0.03531,0.0349,0.03513,650108.0
2025-10-21 02:00:00+00:00,0.03513,0.03524,0.03476,0.03495,1723627.0
2025-10-21 02:15:00+00:00,0.03493,0.03497,0.03411,0.03433,4446723.0
2025-10-21 02:30:00+00:00,0.03436,0.03437,0.0336,0.03393,5856086.0
2025-10-21 02:45:00+00:00,0.03393,0.03425,0.03365,0.03419,3225541.0
2025-10-21 03:00:00+00:00,0.03416,0.03429,0.03357,0.03377,2685954.0
2025-10-21 03:15:00+00:00,0.03377,0.0345,0.03377,0.03406,1149361.0
2025-10-21 03:30:00+00:00,0.03405,0.03431,0.03398,0.03431,737081.0
2025-10-21 03:45:00+00:00,0.0343,0.0343,0.03402,0.03412,418890.0
2025-10-21 04:00:00+00:00,0.03413,0.03427,0.03391,0.03401,1565171.0
2025-10-21 04:15:00+00:00,0.03405,0.03414,0.03335,0.03368,2461144.0
2025-10-21 04:30:00+00:00,0.03366,0.03368,0.03322,0.0334,1465715.0
2025-10-21 04:45:00+00:00,0.03342,0.03347,0.033,0.03328,1903837.0
2025-10-21 05:00:00+00:00,0.03325,0.03331,0.03271,0.03321,1964419.0
2025-10-21 05:15:00+00:00,0.03321,0.03329,0.03297,0.03324,388876.0
2025-10-21 05:30:00+00:00,0.03324,0.03386,0.0332,0.03367,7035304.0
2025-10-21 05:45:00+00:00,0.03366,0.03375,0.03343,0.03355,989584.0
2025-10-21 06:00:00+00:00,0.03355,0.03365,0.03336,0.03339,608605.0
2025-10-21 06:15:00+00:00,0.03338,0.03362,0.03331,0.03355,1052528.0
2025-10-21 06:30:00+00:00,0.03353,0.03357,0.03305,0.03321,1729170.0
2025-10-21 06:45:00+00:00,0.03325,0.03345,0.0329,0.03316,1255267.0
2025-10-21 07:00:00+00:00,0.03314,0.03345,0.03279,0.03321,2036495.0
2025-10-21 07:15:00+00:00,0.03319,0.03341,0.03311,0.03337,620609.0
2025-10-21 07:30:00+00:00,0.03341,0.03363,0.03323,0.03335,593510.0
2025-10-21 07:45:00+00:00,0.03339,0.03355,0.03331,0.03347,110721.0
2025-10-21 08:00:00+00:00,0.03348,0.03381,0.03339,0.03365,803989.0
2025-10-21 08:15:00+00:00,0.03364,0.0337,0.03344,0.03367,697282.0
2025-10-21 08:30:00+00:00,0.0337,0.03381,0.03346,0.03363,724799.0
2025-10-21 08:45:00+00:00,0.03365,0.03395,0.03356,0.03376,402229.0
2025-10-21 09:00:00+00:00,0.03373,0.03416,0.03369,0.03402,897694.0
2025-10-21 09:15:00+00:00,0.03397,0.03444,0.03367,0.03432,1592959.0
2025-10-21 09:30:00+00:00,0.03433,0.03502,0.03431,0.03441,2870644.0
2025-10-21 09:45:00+00:00,0.03446,0.03463,0.03413,0.03428,1116169.0
2025-10-21 10:00:00+00:00,0.03426,0.03452,0.03414,0.03441,1243029.0
2025-10-21 10:15:00+00:00,0.03438,0.0347,0.03421,0.03436,853341.0
2025-10-21 10:30:00+00:00,0.03436,0.03446,0.03382,0.03415,2553953.0
2025-10-21 10:45:00+00:00,0.03409,0.03448,0.03409,0.03427,1439668.0
2025-10-21 11:00:00+00:00,0.03428,0.03463,0.03417,0.03441,2514359.0
2025-10-21 11:15:00+00:00,0.03444,0.03464,0.0343,0.03457,972145.0
2025-10-21 11:30:00+00:00,0.03452,0.03465,0.03434,0.03461,969915.0
2025-10-21 11:45:00+00:00,0.03457,0.03477,0.03447,0.03451,415688.0
2025-10-21 12:00:00+00:00,0.03456,0.03471,0.03408,0.03465,2816652.0
2025-10-21 12:15:00+00:00,0.03469,0.03496,0.03453,0.03461,1761263.0
2025-10-21 12:30:00+00:00,0.03463,0.03464,0.03429,0.03435,1188300.0
2025-10-21 12:45:00+00:00,0.03438,0.03438,0.03401,0.03402,619295.0
2025-10-21 13:00:00+00:00,0.03403,0.03441,0.03399,0.0342,2049780.0
2025-10-21 13:15:00+00:00,0.03424,0.03428,0.03391,0.03401,1049835.0
2025-10-21 13:30:00+00:00,0.03396,0.03417,0.03385,0.03397,949484.0
2025-10-21 13:45:00+00:00,0.03396,0.034,0.0335,0.03397,2071040.0
2025-10-21 14:00:00+00:00,0.03398,0.03472,0.03395,0.03465,2990719.0
2025-10-21 14:15:00+00:00,0.03469,0.03482,0.03398,0.0345,5406327.0
2025-10-21 14:30:00+00:00,0.0345,0.03465,0.03426,0.03448,1652209.0
2025-10-21 14:45:00+00:00,0.03452,0.03527,0.03431,0.03506,2026361.0
2025-10-21 15:00:00+00:00,0.03512,0.036,0.03499,0.03515,3631965.0
2025-10-21 15:15:00+00:00,0.03515,0.03624,0.03507,0.03554,1780037.0
2025-10-21 15:30:00+00:00,0.03554,0.03577,0.03536,0.03572,857284.0
2025-10-21 15:45:00+00:00,0.03572,0.03581,0.03534,0.03577,775578.0
2025-10-21 16:00:00+00:00,0.03576,0.03629,0.03562,0.03595,1762148.0
2025-10-21 16:15:00+00:00,0.03591,0.03608,0.03557,0.03577,963994.0
2025-10-21 16:30:00+00:00,0.03575,0.03614,0.03562,0.03582,980317.0
2025-10-21 16:45:00+00:00,0.03582,0.03608,0.03481,0.03549,3384871.0
2025-10-21 17:00:00+00:00,0.03549,0.03589,0.03528,0.0356,1648786.0
2025-10-21 17:15:00+00:00,0.03561,0.0357,0.03517,0.03568,942595.0
2025-10-21 17:30:00+00:00,0.03568,0.03604,0.03555,0.03593,670386.0
2025-10-21 17:45:00+00:00,0.03592,0.0361,0.0358,0.03598,631842.0
2025-10-21 18:00:00+00:00,0.03601,0.03615,0.0359,0.036,911558.0
2025-10-21 18:15:00+00:00,0.03603,0.03651,0.03603,0.03631,1641606.0
2025-10-21 18:30:00+00:00,0.03633,0.03647,0.03599,0.03622,712942.0
2025-10-21 18:45:00+00:00,0.03623,0.03642,0.03623,0.03636,370303.0
2025-10-21 19:00:00+00:00,0.03638,0.03699,0.03606,0.03616,1476813.0
2025-10-21 19:15:00+00:00,0.03617,0.03633,0.03547,0.03597,3368721.0
2025-10-21 19:30:00+00:00,0.03595,0.03616,0.03577,0.03582,1294044.0
2025-10-21 19:45:00+00:00,0.03579,0.03586,0.03562,0.03566,679015.0
2025-10-21 20:00:00+00:00,0.03565,0.03576,0.03509,0.0354,3868022.0
2025-10-21 20:15:00+00:00,0.03541,0.03544,0.0348,0.03494,1855891.0
2025-10-21 20:30:00+00:00,0.0349,0.03505,0.0347,0.03483,4932963.0
2025-10-21 20:45:00+00:00,0.03488,0.03515,0.03468,0.03507,4055220.0
2025-10-21 21:00:00+00:00,0.03506,0.03512,0.03485,0.03507,372853.0
2025-10-21 21:15:00+00:00,0.03505,0.03506,0.03465,0.03479,840668.0
2025-10-21 21:30:00+00:00,0.0348,0.03525,0.0347,0.03496,431444.0
2025-10-21 21:45:00+00:00,0.03499,0.03597,0.03499,0.03572,774186.0
2025-10-21 22:00:00+00:00,0.03574,0.03593,0.03528,0.03557,722536.0
2025-10-21 22:15:00+00:00,0.0356,0.03594,0.03527,0.03527,764048.0
2025-10-21 22:30:00+00:00,0.03527,0.03547,0.03437,0.03466,1321772.0
2025-10-21 22:45:00+00:00,0.03465,0.03486,0.03432,0.0344,457844.0
2025-10-21 23:00:00+00:00,0.03434,0.03463,0.03431,0.03455,376748.0
2025-10-21 23:15:00+00:00,0.03453,0.03453,0.03414,0.03419,669362.0
2025-10-21 23:30:00+00:00,0.03418,0.03568,0.03391,0.03495,5210088.0
2025-10-21 23:45:00+00:00,0.03495,0.03524,0.03479,0.03498,2444969.0
2025-10-22 00:00:00+00:00,0.03501,0.03505,0.03454,0.03466,1290329.0
2025-10-22 00:15:00+00:00,0.03467,0.03469,0.03395,0.034,1657541.0
2025-10-22 00:30:00+00:00,0.034,0.03407,0.03358,0.03369,1688188.0
2025-10-22 00:45:00+00:00,0.03369,0.03389,0.03352,0.03359,1267671.0
2025-10-22 01:00:00+00:00,0.03362,0.0352,0.03358,0.03471,5528547.0
2025-10-22 01:15:00+00:00,0.03468,0.03468,0.03416,0.03427,504773.0
2025-10-22 01:30:00+00:00,0.03423,0.03449,0.03413,0.03438,581169.0
2025-10-22 01:45:00+00:00,0.03438,0.03463,0.03423,0.0344,566119.0
2025-10-22 02:00:00+00:00,0.03441,0.03479,0.03441,0.03463,296673.0
2025-10-22 02:15:00+00:00,0.03463,0.03463,0.03439,0.03448,420832.0
2025-10-22 02:30:00+00:00,0.03449,0.03454,0.03429,0.0344,223988.0
2025-10-22 02:45:00+00:00,0.03438,0.03498,0.03438,0.0348,645532.0
2025-10-22 03:00:00+00:00,0.03481,0.03587,0.0348,0.0353,2667324.0
2025-10-22 03:15:00+00:00,0.03526,0.03563,0.03518,0.03551,373186.0
2025-10-22 03:30:00+00:00,0.03551,0.03583,0.03531,0.03577,755716.0
2025-10-22 03:45:00+00:00,0.03576,0.03578,0.03545,0.03552,692410.0
2025-10-22 04:00:00+00:00,0.03553,0.03642,0.03551,0.03562,2038793.0
2025-10-22 04:15:00+00:00,0.03561,0.03566,0.03542,0.03554,310699.0
2025-10-22 04:30:00+00:00,0.03554,0.03612,0.03551,0.03585,349363.0
2025-10-22 04:45:00+00:00,0.03586,0.03586,0.0355,0.03565,187462.0
2025-10-22 05:00:00+00:00,0.03565,0.03591,0.03555,0.03578,559058.0
2025-10-22 05:15:00+00:00,0.0358,0.03592,0.03561,0.03572,714208.0
2025-10-22 05:30:00+00:00,0.03573,0.03578,0.03557,0.0357,197299.0
2025-10-22 05:45:00+00:00,0.03571,0.03582,0.03547,0.03569,865603.0
2025-10-22 06:00:00+00:00,0.03568,0.03603,0.03568,0.03597,697447.0
2025-10-22 06:15:00+00:00,0.03597,0.03603,0.03556,0.03557,848747.0
2025-10-22 06:30:00+00:00,0.03557,0.03608,0.03552,0.03593,569145.0
2025-10-22 06:45:00+00:00,0.0359,0.03632,0.03586,0.0363,824726.0
2025-10-22 07:00:00+00:00,0.03628,0.03639,0.03572,0.03582,1980744.0
2025-10-22 07:15:00+00:00,0.03582,0.0361,0.03569,0.03588,653995.0
2025-10-22 07:30:00+00:00,0.0359,0.03613,0.03575,0.03593,771960.0
2025-10-22 07:45:00+00:00,0.03591,0.03603,0.03579,0.03603,377330.0
2025-10-22 08:00:00+00:00,0.036,0.03617,0.03518,0.0353,1992668.0
2025-10-22 08:15:00+00:00,0.03526,0.03572,0.03512,0.03563,909076.0
2025-10-22 08:30:00+00:00,0.03561,0.03596,0.03539,0.0359,974367.0
2025-10-22 08:45:00+00:00,0.0359,0.03717,0.0359,0.03672,3664296.0
2025-10-22 09:00:00+00:00,0.03673,0.03717,0.03664,0.03702,1977875.0
2025-10-22 09:15:00+00:00,0.03702,0.03775,0.03676,0.03759,2653798.0
2025-10-22 09:30:00+00:00,0.03756,0.03778,0.03722,0.03729,2332731.0
2025-10-22 09:45:00+00:00,0.03726,0.03738,0.03675,0.0371,2424143.0
2025-10-22 10:00:00+00:00,0.03708,0.03899,0.03707,0.03804,5750542.0
2025-10-22 10:15:00+00:00,0.03804,0.03804,0.03685,0.03743,3085871.0
2025-10-22 10:30:00+00:00,0.03737,0.03737,0.03639,0.0366,1996268.0
2025-10-22 10:45:00+00:00,0.03661,0.03685,0.03639,0.0365,866345.0
2025-10-22 11:00:00+00:00,0.03649,0.0367,0.03527,0.03644,4244917.0
2025-10-22 11:15:00+00:00,0.03644,0.0365,0.0358,0.03595,921329.0
2025-10-22 11:30:00+00:00,0.03592,0.03734,0.03588,0.03719,1828465.0
2025-10-22 11:45:00+00:00,0.03721,0.03884,0.03716,0.03866,5036915.0
2025-10-22 12:00:00+00:00,0.03862,0.03863,0.037,0.03757,6754756.0
2025-10-22 12:15:00+00:00,0.0376,0.03825,0.03754,0.03811,2052562.0
2025-10-22 12:30:00+00:00,0.03812,0.03825,0.03752,0.03788,1847696.0
2025-10-22 12:45:00+00:00,0.03787,0.03802,0.03735,0.03765,927113.0
2025-10-22 13:00:00+00:00,0.03764,0.03812,0.0376,0.03795,1545963.0
2025-10-22 13:15:00+00:00,0.03796,0.03824,0.03754,0.03759,1372469.0
2025-10-22 13:30:00+00:00,0.03757,0.03805,0.037,0.03773,2391562.0
2025-10-22 13:45:00+00:00,0.03773,0.03793,0.03715,0.03789,990780.0
2025-10-22 14:00:00+00:00,0.03785,0.038,0.03732,0.03763,1846582.0
2025-10-22 14:15:00+00:00,0.03767,0.03779,0.03706,0.03719,1677906.0
2025-10-22 14:30:00+00:00,0.03719,0.03781,0.03704,0.03753,1701606.0
2025-10-22 14:45:00+00:00,0.03751,0.03823,0.03725,0.03822,2279037.0
2025-10-22 15:00:00+00:00,0.0382,0.03867,0.03722,0.0376,7531582.0
2025-10-22 15:15:00+00:00,0.0376,0.03806,0.0375,0.03773,1783921.0
2025-10-22 15:30:00+00:00,0.03776,0.03825,0.03771,0.03798,2404038.0
2025-10-22 15:45:00+00:00,0.03796,0.03809,0.03729,0.03781,2907695.0
2025-10-22 16:00:00+00:00,0.03785,0.0383,0.03753,0.03757,2041266.0
2025-10-22 16:15:00+00:00,0.03757,0.03772,0.03706,0.03731,1912227.0
2025-10-22 16:30:00+00:00,0.03728,0.03732,0.03586,0.03631,4953878.0
2025-10-22 16:45:00+00:00,0.03631,0.0368,0.03606,0.03658,1631063.0
2025-10-22 17:00:00+00:00,0.03663,0.03672,0.03639,0.03652,959857.0
2025-10-22 17:15:00+00:00,0.03651,0.03659,0.03603,0.03619,984191.0
2025-10-22 17:30:00+00:00,0.03621,0.03628,0.03591,0.03612,581932.0
2025-10-22 17:45:00+00:00,0.03612,0.03636,0.03561,0.03574,945580.0
2025-10-22 18:00:00+00:00,0.03575,0.03619,0.03547,0.03553,841126.0
2025-10-22 18:15:00+00:00,0.03553,0.03604,0.03545,0.03596,424012.0
2025-10-22 18:30:00+00:00,0.03595,0.03607,0.03548,0.03568,826794.0
2025-10-22 18:45:00+00:00,0.03566,0.03575,0.03522,0.0356,1603624.0
2025-10-22 19:00:00+00:00,0.0356,0.03635,0.0356,0.0362,874903.0
2025-10-22 19:15:00+00:00,0.0362,0.03639,0.03594,0.03608,660617.0
2025-10-22 19:30:00+00:00,0.0361,0.0362,0.03547,0.03555,1111484.0
2025-10-22 19:45:00+00:00,0.03553,0.03641,0.03546,0.03596,1826691.0
2025-10-22 20:00:00+00:00,0.03597,0.03598,0.03553,0.0358,767412.0
2025-10-22 20:15:00+00:00,0.03578,0.03578,0.03439,0.03467,3408073.0
2025-10-22 20:30:00+00:00,0.03468,0.035,0.03427,0.03492,1479728.0
2025-10-22 20:45:00+00:00,0.0349,0.03498,0.03459,0.03464,217309.0
2025-10-22 21:00:00+00:00,0.03464,0.03467,0.03406,0.03442,1975110.0
2025-10-22 21:15:00+00:00,0.03442,0.03449,0.0342,0.03429,846631.0
2025-10-22 21:30:00+00:00,0.03426,0.0353,0.03421,0.03478,3741793.0
2025-10-22 21:45:00+00:00,0.03481,0.03496,0.03455,0.03479,429649.0
2025-10-22 22:00:00+00:00,0.03473,0.03552,0.0346,0.03522,1179026.0
2025-10-22 22:15:00+00:00,0.03521,0.03546,0.03506,0.03526,504098.0
2025-10-22 22:30:00+00:00,0.03525,0.03551,0.03514,0.03538,465768.0
2025-10-22 22:45:00+00:00,0.03535,0.03552,0.03502,0.0353,717654.0
2025-10-22 23:00:00+00:00,0.03534,0.03586,0.03534,0.03575,955712.0
2025-10-22 23:15:00+00:00,0.0358,0.0362,0.03571,0.03597,1225462.0
2025-10-22 23:30:00+00:00,0.03592,0.03662,0.03592,0.03627,728159.0
2025-10-22 23:45:00+00:00,0.03626,0.03717,0.03618,0.0369,2665860.0
2025-10-23 00:00:00+00:00,0.0369,0.03696,0.03613,0.03652,811625.0
2025-10-23 00:15:00+00:00,0.03648,0.0367,0.03618,0.03629,456327.0
2025-10-23 00:30:00+00:00,0.03629,0.03657,0.03618,0.03625,495227.0
2025-10-23 00:45:00+00:00,0.03626,0.03665,0.0362,0.03636,264257.0
2025-10-23 01:00:00+00:00,0.03635,0.03654,0.03612,0.03621,726752.0
2025-10-23 01:15:00+00:00,0.03622,0.03641,0.03603,0.03619,800389.0
2025-10-23 01:30:00+00:00,0.03618,0.03635,0.03606,0.03627,614500.0
2025-10-23 01:45:00+00:00,0.03626,0.0363,0.03603,0.03605,151683.0
2025-10-23 02:00:00+00:00,0.03608,0.03649,0.03602,0.03639,230357.0
2025-10-23 02:15:00+00:00,0.03637,0.03667,0.03627,0.03651,799858.0
2025-10-23 02:30:00+00:00,0.03647,0.03697,0.03588,0.03609,3013617.0
2025-10-23 02:45:00+00:00,0.03612,0.0362,0.03545,0.03565,1228960.0
2025-10-23 03:00:00+00:00,0.03565,0.03596,0.03555,0.03561,941195.0
2025-10-23 03:15:00+00:00,0.03561,0.03617,0.03561,0.03603,612173.0
2025-10-23 03:30:00+00:00,0.036,0.03617,0.03572,0.03584,586095.0
2025-10-23 03:45:00+00:00,0.03585,0.03593,0.03552,0.03579,917224.0
2025-10-23 04:00:00+00:00,0.0358,0.03582,0.03552,0.03552,497452.0
2025-10-23 04:15:00+00:00,0.03552,0.03572,0.03538,0.03568,408145.0
2025-10-23 04:30:00+00:00,0.03568,0.03592,0.03565,0.03581,415505.0
2025-10-23 04:45:00+00:00,0.03582,0.03589,0.03559,0.03571,299496.0
2025-10-23 05:00:00+00:00,0.03564,0.0357,0.03554,0.0356,273104.0
2025-10-23 05:15:00+00:00,0.03558,0.03577,0.0355,0.03562,144808.0
2025-10-23 05:30:00+00:00,0.03561,0.03621,0.03559,0.03614,664891.0
2025-10-23 05:45:00+00:00,0.03611,0.03611,0.03573,0.03585,423982.0
2025-10-23 06:00:00+00:00,0.03582,0.03598,0.0357,0.03593,390023.0
2025-10-23 06:15:00+00:00,0.03592,0.03652,0.03592,0.03646,860396.0
2025-10-23 06:30:00+00:00,0.03645,0.03689,0.03625,0.0368,630772.0
2025-10-23 06:45:00+00:00,0.0368,0.03697,0.0366,0.03686,860429.0
2025-10-23 07:00:00+00:00,0.03687,0.03694,0.03667,0.03682,547048.0
2025-10-23 07:15:00+00:00,0.03687,0.03721,0.03661,0.03674,1235078.0
2025-10-23 07:30:00+00:00,0.03678,0.03694,0.0363,0.03634,398218.0
2025-10-23 07:45:00+00:00,0.03636,0.03657,0.03628,0.03651,383203.0
2025-10-23 08:00:00+00:00,0.0365,0.0367,0.03641,0.03669,345508.0
2025-10-23 08:15:00+00:00,0.03665,0.03709,0.03631,0.0366,1184176.0
2025-10-23 08:30:00+00:00,0.03662,0.03694,0.03661,0.03683,383601.0
2025-10-23 08:45:00+00:00,0.03678,0.03683,0.03641,0.03661,1064149.0
2025-10-23 09:00:00+00:00,0.03663,0.0368,0.03652,0.03662,442041.0
2025-10-23 09:15:00+00:00,0.03662,0.03704,0.03662,0.03702,401445.0
2025-10-23 09:30:00+00:00,0.03699,0.03746,0.03695,0.03713,1344676.0
2025-10-23 09:45:00+00:00,0.03711,0.0372,0.03664,0.03673,930845.0
2025-10-23 10:00:00+00:00,0.03677,0.03684,0.0363,0.03641,795180.0
2025-10-23 10:15:00+00:00,0.03641,0.0366,0.03639,0.03655,335514.0
2025-10-23 10:30:00+00:00,0.03651,0.03716,0.03637,0.03694,866088.0
2025-10-23 10:45:00+00:00,0.03696,0.03718,0.0367,0.03701,457641.0
2025-10-23 11:00:00+00:00,0.03701,0.0371,0.03601,0.03648,1194616.0
2025-10-23 11:15:00+00:00,0.03648,0.03656,0.03625,0.03625,349734.0
2025-10-23 11:30:00+00:00,0.03629,0.03634,0.0358,0.03595,1023926.0
2025-10-23 11:45:00+00:00,0.03588,0.03616,0.03582,0.03598,573234.0
2025-10-23 12:00:00+00:00,0.03599,0.03605,0.03509,0.03542,1761509.0
2025-10-23 12:15:00+00:00,0.03539,0.03557,0.03501,0.03531,1993778.0
2025-10-23 12:30:00+00:00,0.03526,0.03564,0.03502,0.03555,1119009.0
2025-10-23 12:45:00+00:00,0.03559,0.03602,0.03548,0.03571,1396265.0
2025-10-23 13:00:00+00:00,0.03574,0.03574,0.0354,0.03564,658387.0
2025-10-23 13:15:00+00:00,0.0357,0.03584,0.03542,0.03565,831663.0
2025-10-23 13:30:00+00:00,0.03561,0.03604,0.03549,0.0358,693104.0
2025-10-23 13:45:00+00:00,0.03582,0.03635,0.03564,0.03609,1124780.0
2025-10-23 14:00:00+00:00,0.03612,0.03613,0.03548,0.03553,586602.0
2025-10-23 14:15:00+00:00,0.03548,0.03608,0.0353,0.03574,1362168.0
2025-10-23 14:30:00+00:00,0.03583,0.03644,0.03578,0.03627,891402.0
2025-10-23 14:45:00+00:00,0.03624,0.03643,0.03607,0.03634,306145.0
2025-10-23 15:00:00+00:00,0.03641,0.03692,0.03588,0.03682,954195.0
2025-10-23 15:15:00+00:00,0.03684,0.03748,0.03655,0.03717,2023593.0
2025-10-23 15:30:00+00:00,0.03715,0.0373,0.03673,0.037,984653.0
2025-10-23 15:45:00+00:00,0.03703,0.03755,0.03696,0.03725,1149805.0
2025-10-23 16:00:00+00:00,0.03725,0.03734,0.0361,0.03634,1886254.0
2025-10-23 16:15:00+00:00,0.03633,0.0387,0.03632,0.03822,5491885.0
2025-10-23 16:30:00+00:00,0.03822,0.0387,0.03752,0.03782,2351509.0
2025-10-23 16:45:00+00:00,0.03778,0.03806,0.03759,0.03795,551113.0
2025-10-23 17:00:00+00:00,0.03795,0.03804,0.03721,0.03738,1044374.0
2025-10-23 17:15:00+00:00,0.03734,0.03748,0.03705,0.03722,398917.0
2025-10-23 17:30:00+00:00,0.03721,0.03766,0.03714,0.03736,421161.0
2025-10-23 17:45:00+00:00,0.03737,0.03756,0.03704,0.03711,621283.0
2025-10-23 18:00:00+00:00,0.03711,0.03713,0.03616,0.03629,1887526.0
2025-10-23 18:15:00+00:00,0.03629,0.0369,0.03626,0.03664,1059254.0
2025-10-23 18:30:00+00:00,0.03664,0.03699,0.03619,0.03638,1068626.0
2025-10-23 18:45:00+00:00,0.03639,0.03665,0.0363,0.03639,300302.0
2025-10-23 19:00:00+00:00,0.03643,0.03643,0.03597,0.0363,359963.0
2025-10-23 19:15:00+00:00,0.03623,0.03634,0.03614,0.03626,187565.0
2025-10-23 19:30:00+00:00,0.03627,0.03627,0.03605,0.03623,285692.0
2025-10-23 19:45:00+00:00,0.03619,0.03639,0.03615,0.03634,290155.0
2025-10-23 20:00:00+00:00,0.03632,0.03632,0.03573,0.03607,733825.0
2025-10-23 20:15:00+00:00,0.03605,0.03652,0.03586,0.0362,966313.0
2025-10-23 20:30:00+00:00,0.03619,0.03629,0.0359,0.03604,387364.0
2025-10-23 20:45:00+00:00,0.036,0.03629,0.03575,0.03583,503364.0
2025-10-23 21:00:00+00:00,0.03589,0.03631,0.03584,0.03622,675698.0
2025-10-23 21:15:00+00:00,0.03621,0.03624,0.03595,0.03606,417289.0
2025-10-23 21:30:00+00:00,0.03599,0.03633,0.03599,0.03617,443369.0
2025-10-23 21:45:00+00:00,0.03621,0.03621,0.03597,0.03604,176568.0
2025-10-23 22:00:00+00:00,0.03607,0.03616,0.03585,0.03603,205979.0
2025-10-23 22:15:00+00:00,0.03605,0.03608,0.03591,0.03597,207931.0
2025-10-23 22:30:00+00:00,0.03596,0.03609,0.03589,0.03607,133382.0
2025-10-23 22:45:00+00:00,0.03605,0.03624,0.03604,0.03624,196445.0
2025-10-23 23:00:00+00:00,0.03621,0.03626,0.036,0.03616,167205.0
2025-10-23 23:15:00+00:00,0.03618,0.03618,0.03601,0.03617,231619.0
2025-10-23 23:30:00+00:00,0.03616,0.03642,0.03606,0.03637,427007.0
2025-10-23 23:45:00+00:00,0.03636,0.037,0.03635,0.03687,1111558.0
2025-10-24 00:00:00+00:00,0.03687,0.03719,0.03656,0.03716,620174.0
2025-10-24 00:15:00+00:00,0.03716,0.03793,0.03706,0.03762,1856158.0
2025-10-24 00:30:00+00:00,0.03762,0.03779,0.03727,0.03735,928665.0
2025-10-24 00:45:00+00:00,0.03736,0.0379,0.03726,0.03757,704857.0
2025-10-24 01:00:00+00:00,0.03757,0.03771,0.03733,0.03764,279531.0
2025-10-24 01:15:00+00:00,0.03764,0.03827,0.03759,0.03789,1052310.0
2025-10-24 01:30:00+00:00,0.03785,0.03787,0.03759,0.03778,189000.0
2025-10-24 01:45:00+00:00,0.03783,0.03799,0.03756,0.03768,461778.0
2025-10-24 02:00:00+00:00,0.03768,0.03769,0.03733,0.03741,344496.0
2025-10-24 02:15:00+00:00,0.03741,0.03777,0.03734,0.03746,390703.0
2025-10-24 02:30:00+00:00,0.03747,0.03752,0.03721,0.03732,312390.0
2025-10-24 02:45:00+00:00,0.03732,0.03732,0.03693,0.03698,937350.0
2025-10-24 03:00:00+00:00,0.03699,0.03699,0.03678,0.03682,243473.0
2025-10-24 03:15:00+00:00,0.03682,0.03684,0.03666,0.03666,191804.0
2025-10-24 03:30:00+00:00,0.03666,0.03684,0.03651,0.03676,631942.0
2025-10-24 03:45:00+00:00,0.03676,0.03684,0.03668,0.03672,175522.0
2025-10-24 04:00:00+00:00,0.03674,0.03694,0.0365,0.03682,389126.0
2025-10-24 04:15:00+00:00,0.03682,0.03696,0.0367,0.03685,193371.0
2025-10-24 04:30:00+00:00,0.03686,0.03726,0.03682,0.03699,505169.0
2025-10-24 04:45:00+00:00,0.03698,0.03762,0.03692,0.03744,622008.0
2025-10-24 05:00:00+00:00,0.03742,0.03753,0.03705,0.03705,527515.0
2025-10-24 05:15:00+00:00,0.03705,0.03705,0.03677,0.03677,263630.0
2025-10-24 05:30:00+00:00,0.03678,0.03735,0.03675,0.03705,762206.0
2025-10-24 05:45:00+00:00,0.03699,0.03705,0.03682,0.03686,254224.0
2025-10-24 06:00:00+00:00,0.03686,0.03711,0.03686,0.03702,307860.0
2025-10-24 06:15:00+00:00,0.03703,0.03727,0.03664,0.03701,790759.0
2025-10-24 06:30:00+00:00,0.03703,0.0372,0.03681,0.037,428273.0
2025-10-24 06:45:00+00:00,0.037,0.03747,0.03692,0.03709,568360.0
2025-10-24 07:00:00+00:00,0.03707,0.03746,0.03701,0.03701,610403.0
2025-10-24 07:15:00+00:00,0.03701,0.03764,0.03691,0.03746,798460.0
2025-10-24 07:30:00+00:00,0.03746,0.03761,0.03718,0.03737,312658.0
2025-10-24 07:45:00+00:00,0.03736,0.03736,0.03683,0.03709,1063759.0
2025-10-24 08:00:00+00:00,0.03712,0.03721,0.03669,0.03678,438172.0
2025-10-24 08:15:00+00:00,0.03677,0.03684,0.03656,0.03678,509442.0
2025-10-24 08:30:00+00:00,0.03676,0.03723,0.03674,0.03691,713041.0
2025-10-24 08:45:00+00:00,0.03691,0.03691,0.03653,0.03661,599525.0
2025-10-24 09:00:00+00:00,0.0366,0.03745,0.0366,0.03699,1394551.0
2025-10-24 09:15:00+00:00,0.03701,0.03725,0.03532,0.03636,9160327.0
2025-10-24 09:30:00+00:00,0.03637,0.03691,0.03596,0.03655,2641526.0
2025-10-24 09:45:00+00:00,0.03655,0.03665,0.03609,0.03633,678682.0
2025-10-24 10:00:00+00:00,0.03633,0.03642,0.03596,0.03616,413241.0
2025-10-24 10:15:00+00:00,0.03616,0.03623,0.03599,0.03611,585143.0
2025-10-24 10:30:00+00:00,0.03612,0.03629,0.03591,0.03611,561858.0
2025-10-24 10:45:00+00:00,0.03612,0.03631,0.03609,0.03615,205008.0
2025-10-24 11:00:00+00:00,0.03612,0.03612,0.03571,0.03597,696902.0
2025-10-24 11:15:00+00:00,0.03594,0.03639,0.0358,0.03628,780529.0
2025-10-24 11:30:00+00:00,0.03628,0.03676,0.03563,0.0364,4990009.0
2025-10-24 11:45:00+00:00,0.03637,0.03649,0.03624,0.03631,400698.0
2025-10-24 12:00:00+00:00,0.0363,0.03653,0.0363,0.03646,291494.0
2025-10-24 12:15:00+00:00,0.03646,0.03661,0.03629,0.03648,195797.0
2025-10-24 12:30:00+00:00,0.03644,0.03728,0.03635,0.03684,1420904.0
2025-10-24 12:45:00+00:00,0.03683,0.03747,0.03682,0.0372,1650447.0
2025-10-24 13:00:00+00:00,0.03717,0.0372,0.03698,0.03706,112635.0
2025-10-24 13:15:00+00:00,0.03708,0.03715,0.03682,0.03693,307344.0
2025-10-24 13:30:00+00:00,0.03693,0.03697,0.03614,0.03637,1498115.0
2025-10-24 13:45:00+00:00,0.03636,0.03674,0.03629,0.03667,217450.0
2025-10-24 14:00:00+00:00,0.03667,0.03667,0.03635,0.03652,287419.0
2025-10-24 14:15:00+00:00,0.03652,0.03656,0.03595,0.03614,830145.0
2025-10-24 14:30:00+00:00,0.03611,0.03798,0.03603,0.03763,5170972.0
2025-10-24 14:45:00+00:00,0.03761,0.03949,0.03752,0.03851,9969231.0
2025-10-24 15:00:00+00:00,0.03849,0.0388,0.03791,0.03843,2948981.0
2025-10-24 15:15:00+00:00,0.03846,0.03913,0.0383,0.03894,1846560.0
2025-10-24 15:30:00+00:00,0.03894,0.03899,0.03839,0.0386,2095561.0
2025-10-24 15:45:00+00:00,0.03857,0.03864,0.03818,0.03842,1172680.0
2025-10-24 16:00:00+00:00,0.03842,0.03968,0.03821,0.03905,3414347.0
2025-10-24 16:15:00+00:00,0.03905,0.03961,0.03776,0.03829,5672082.0
2025-10-24 16:30:00+00:00,0.03828,0.0388,0.03725,0.03762,4528949.0
2025-10-24 16:45:00+00:00,0.03762,0.03814,0.03741,0.038,1880211.0
2025-10-24 17:00:00+00:00,0.038,0.03841,0.03742,0.03818,1426467.0
2025-10-24 17:15:00+00:00,0.03817,0.03836,0.03769,0.03782,694102.0
2025-10-24 17:30:00+00:00,0.0378,0.03789,0.03726,0.03734,788242.0
2025-10-24 17:45:00+00:00,0.03734,0.03745,0.03694,0.03717,1342975.0
2025-10-24 18:00:00+00:00,0.03717,0.0383,0.03714,0.03769,1976928.0
2025-10-24 18:15:00+00:00,0.03768,0.0377,0.03712,0.0375,1206483.0
2025-10-24 18:30:00+00:00,0.0375,0.0378,0.03737,0.03744,1067557.0
2025-10-24 18:45:00+00:00,0.03743,0.03783,0.037,0.03764,1711791.0
2025-10-24 19:00:00+00:00,0.03765,0.03816,0.03744,0.03757,3021216.0
2025-10-24 19:15:00+00:00,0.03758,0.03768,0.03723,0.03749,188413.0
2025-10-24 19:30:00+00:00,0.0375,0.03753,0.03739,0.03753,215971.0
2025-10-24 19:45:00+00:00,0.03752,0.03752,0.0372,0.03737,528497.0
2025-10-24 20:00:00+00:00,0.03734,0.03746,0.03725,0.03735,155610.0
2025-10-24 20:15:00+00:00,0.03738,0.03768,0.03734,0.03755,329184.0
2025-10-24 20:30:00+00:00,0.03754,0.03772,0.03739,0.03764,367126.0
2025-10-24 20:45:00+00:00,0.03763,0.03791,0.03755,0.03779,597154.0
2025-10-24 21:00:00+00:00,0.03778,0.03835,0.03778,0.03821,715553.0
2025-10-24 21:15:00+00:00,0.03819,0.03859,0.038,0.03844,885936.0
2025-10-24 21:30:00+00:00,0.03844,0.0387,0.03806,0.03858,601302.0
2025-10-24 21:45:00+00:00,0.03857,0.03858,0.03782,0.03823,1073940.0
2025-10-24 22:00:00+00:00,0.03822,0.0386,0.03814,0.03831,443172.0
2025-10-24 22:15:00+00:00,0.03829,0.03884,0.03814,0.03844,779068.0
2025-10-24 22:30:00+00:00,0.03842,0.03862,0.03838,0.03851,564587.0
2025-10-24 22:45:00+00:00,0.03852,0.03874,0.03846,0.03867,488995.0
2025-10-24 23:00:00+00:00,0.03868,0.0387,0.03821,0.03842,722167.0
2025-10-24 23:15:00+00:00,0.03842,0.03871,0.03819,0.03831,642587.0
2025-10-24 23:30:00+00:00,0.03834,0.03896,0.03832,0.03864,610527.0
2025-10-24 23:45:00+00:00,0.03866,0.03881,0.0385,0.03874,596939.0
2025-10-25 00:00:00+00:00,0.0387,0.03913,0.03849,0.03906,775217.0
2025-12-07 17:45:00+00:00,0.0363,0.03667,0.03524,0.03608,102964594.0
2025-12-07 18:00:00+00:00,0.0361,0.03723,0.0346,0.03664,147895782.0
2025-12-07 18:15:00+00:00,0.03664,0.03749,0.03639,0.03727,109690426.0
2025-12-07 18:30:00+00:00,0.03728,0.05,0.03189,0.0349,947626338.0
2025-12-07 18:45:00+00:00,0.03493,0.04728,0.03419,0.04199,591505171.0
2025-12-07 19:00:00+00:00,0.04198,0.045,0.03807,0.03982,355613090.0
2025-12-07 19:15:00+00:00,0.03984,0.04114,0.03351,0.03437,390853543.0
2025-12-07 19:30:00+00:00,0.03438,0.03726,0.03321,0.03551,333218383.0
2025-12-07 19:45:00+00:00,0.03549,0.03646,0.03405,0.03481,180927240.0
2025-12-07 20:00:00+00:00,0.03478,0.03591,0.03359,0.03548,173782280.0
2025-12-07 20:15:00+00:00,0.03549,0.03637,0.0348,0.03578,117190971.0
2025-12-07 20:30:00+00:00,0.03579,0.03798,0.03541,0.03723,154144189.0
2025-12-07 20:45:00+00:00,0.03723,0.0385,0.03672,0.03733,99140102.0
2025-12-07 21:00:00+00:00,0.03733,0.03851,0.03687,0.03837,104164043.0
2025-12-07 21:15:00+00:00,0.03839,0.0395,0.0373,0.03931,127725914.0
2025-12-07 21:30:00+00:00,0.03931,0.04091,0.03874,0.03991,164296789.0
2025-12-07 21:45:00+00:00,0.03989,0.04032,0.03793,0.03992,137402535.0
2025-12-07 22:00:00+00:00,0.03992,0.04014,0.0378,0.03894,118525505.0
2025-12-07 22:15:00+00:00,0.03896,0.03989,0.03869,0.0393,72089326.0
2025-12-07 22:30:00+00:00,0.03929,0.03975,0.03863,0.03892,52499767.0
2025-12-07 22:45:00+00:00,0.03893,0.04044,0.03561,0.0371,121241006.0
2025-12-07 23:00:00+00:00,0.03708,0.03953,0.03704,0.03893,113562847.0
2025-12-07 23:15:00+00:00,0.03888,0.03902,0.03764,0.03883,66602126.0
2025-12-07 23:30:00+00:00,0.03884,0.03918,0.03752,0.03816,59947377.0
2025-12-07 23:45:00+00:00,0.03815,0.03916,0.03764,0.03896,55116769.0
2025-12-08 00:00:00+00:00,0.03894,0.03939,0.03757,0.03849,83458299.0
2025-12-08 00:15:00+00:00,0.03848,0.03947,0.03723,0.03881,82949370.0
2025-12-08 00:30:00+00:00,0.03882,0.03972,0.03726,0.0377,82128699.0
2025-12-08 00:45:00+00:00,0.0377,0.03837,0.03701,0.03815,69827710.0
2025-12-08 01:00:00+00:00,0.03817,0.0384,0.03681,0.03747,66804801.0
2025-12-08 01:15:00+00:00,0.03746,0.03856,0.03696,0.03799,62076299.0
2025-12-08 01:30:00+00:00,0.03796,0.03842,0.03709,0.03778,46710783.0
2025-12-08 01:45:00+00:00,0.03776,0.03833,0.03728,0.03815,37578073.0
2025-12-08 02:00:00+00:00,0.03817,0.0393,0.03727,0.03879,71437068.0
2025-12-08 02:15:00+00:00,0.03878,0.03948,0.03807,0.03825,55140533.0
2025-12-08 02:30:00+00:00,0.03826,0.03852,0.03755,0.03816,43356965.0
2025-12-08 02:45:00+00:00,0.03815,0.039,0.0377,0.03787,45139721.0
2025-12-08 03:00:00+00:00,0.03786,0.03829,0.03718,0.03812,65623011.0
2025-12-08 03:15:00+00:00,0.0381,0.03856,0.03743,0.03755,40317111.0
2025-12-08 03:30:00+00:00,0.03755,0.03783,0.03501,0.0366,119154414.0
2025-12-08 03:45:00+00:00,0.03659,0.04484,0.0357,0.04165,191276475.0
2025-12-08 04:00:00+00:00,0.04165,0.04223,0.03912,0.0403,188321094.0
2025-12-08 04:15:00+00:00,0.04033,0.0421,0.03901,0.03903,108698655.0
2025-12-08 04:30:00+00:00,0.03904,0.04138,0.03861,0.0411,87269815.0
2025-12-08 04:45:00+00:00,0.04109,0.045,0.04054,0.04397,140233090.0
2025-12-08 05:00:00+00:00,0.04394,0.04455,0.04259,0.04326,97684750.0
2025-12-08 05:15:00+00:00,0.04327,0.048,0.04253,0.04676,166647870.0
2025-12-08 05:30:00+00:00,0.04675,0.04887,0.04527,0.04749,185111524.0
2025-12-08 05:45:00+00:00,0.04749,0.0496,0.04727,0.04889,152991660.0
2025-12-08 06:00:00+00:00,0.04889,0.0492,0.04501,0.0476,215179532.0
2025-12-08 06:15:00+00:00,0.04762,0.04832,0.03387,0.03581,411034023.0
2025-12-08 06:30:00+00:00,0.03584,0.03746,0.03206,0.03495,516246849.0
2025-12-08 06:45:00+00:00,0.03496,0.03545,0.02869,0.02932,506174535.0
2025-12-08 07:00:00+00:00,0.02932,0.03232,0.028,0.03199,495244781.0
2025-12-08 07:15:00+00:00,0.03198,0.03226,0.03051,0.03102,221086802.0
2025-12-08 07:30:00+00:00,0.03104,0.03192,0.03021,0.0312,143836656.0
2025-12-08 07:45:00+00:00,0.03121,0.03162,0.03075,0.03102,69802273.0
2025-12-08 08:00:00+00:00,0.03102,0.03137,0.02918,0.02948,161607097.0
2025-12-08 08:15:00+00:00,0.02948,0.02984,0.0286,0.0288,108207408.0
2025-12-08 08:30:00+00:00,0.02882,0.02977,0.02711,0.02777,164641547.0
2025-12-08 08:45:00+00:00,0.02777,0.02882,0.02735,0.02857,101810564.0
2025-12-08 09:00:00+00:00,0.02856,0.02927,0.02791,0.02863,78964742.0
2025-12-08 09:15:00+00:00,0.02863,0.02887,0.0279,0.02816,54938253.0
2025-12-08 09:30:00+00:00,0.02815,0.0292,0.02797,0.02889,55404207.0
2025-12-08 09:45:00+00:00,0.02888,0.02888,0.02776,0.02798,45231260.0
2025-12-08 10:00:00+00:00,0.02796,0.02872,0.02771,0.0287,40977676.0
2025-12-08 10:15:00+00:00,0.0287,0.02877,0.028,0.02836,32658430.0
2025-12-08 10:30:00+00:00,0.02836,0.02911,0.02834,0.02891,41918077.0
2025-12-08 10:45:00+00:00,0.0289,0.0289,0.02806,0.02868,37098859.0
2025-12-08 11:00:00+00:00,0.02868,0.02935,0.02788,0.02847,59810377.0
2025-12-08 11:15:00+00:00,0.02849,0.02874,0.02779,0.02864,44524549.0
2025-12-08 11:30:00+00:00,0.02864,0.03388,0.02852,0.0335,278500824.0
2025-12-08 11:45:00+00:00,0.0335,0.03464,0.02984,0.03087,292133811.0
2025-12-08 12:00:00+00:00,0.03085,0.03179,0.0306,0.03135,88345860.0
2025-12-08 12:15:00+00:00,0.03135,0.03279,0.0309,0.0324,84865015.0
2025-12-08 12:30:00+00:00,0.03242,0.03298,0.03149,0.03186,84014643.0
2025-12-08 12:45:00+00:00,0.03186,0.0321,0.03076,0.03115,56094161.0
2025-12-08 13:00:00+00:00,0.03115,0.03115,0.02923,0.02989,91255841.0
2025-12-08 13:15:00+00:00,0.02989,0.0303,0.0291,0.02956,48469139.0
2025-12-08 13:30:00+00:00,0.02954,0.02994,0.02873,0.02926,42583700.0
2025-12-08 13:45:00+00:00,0.02926,0.02954,0.02825,0.02833,45939049.0
2025-12-08 14:00:00+00:00,0.02832,0.02953,0.02823,0.02896,50111336.0
2025-12-08 14:15:00+00:00,0.02895,0.02937,0.02844,0.02923,26912215.0
2025-12-08 14:30:00+00:00,0.02923,0.03012,0.02891,0.02927,40277040.0
2025-12-08 14:45:00+00:00,0.02926,0.02975,0.02901,0.02938,26613645.0
2025-12-08 15:00:00+00:00,0.02937,0.02962,0.02882,0.02946,25259119.0
2025-12-08 15:15:00+00:00,0.02947,0.03039,0.02935,0.03005,31521089.0
2025-12-08 15:30:00+00:00,0.03004,0.03061,0.0296,0.0303,20810352.0
2025-12-08 15:45:00+00:00,0.0303,0.03049,0.02988,0.03009,15754851.0
2025-12-08 16:00:00+00:00,0.03009,0.03044,0.02947,0.03016,24252400.0
2025-12-08 16:15:00+00:00,0.03017,0.03075,0.03017,0.0305,15513128.0
2025-12-08 16:30:00+00:00,0.0305,0.03065,0.03008,0.03039,12881995.0
2025-12-08 16:45:00+00:00,0.03039,0.03091,0.0303,0.03059,14411740.0
2025-12-08 17:00:00+00:00,0.03059,0.03085,0.03008,0.03011,15259074.0
2025-12-08 17:15:00+00:00,0.03011,0.03066,0.02964,0.03018,27379396.0
2025-12-08 17:30:00+00:00,0.03018,0.03019,0.0295,0.0296,16049583.0
2025-12-08 17:45:00+00:00,0.0296,0.03001,0.02953,0.02994,10680632.0
2025-12-08 18:00:00+00:00,0.02993,0.03022,0.02962,0.02973,15857801.0
2025-12-08 18:15:00+00:00,0.02974,0.02975,0.02906,0.02923,18774284.0
2025-12-08 18:30:00+00:00,0.02923,0.03035,0.02878,0.02995,26316654.0
2025-12-08 18:45:00+00:00,0.02995,0.03116,0.02967,0.03006,35712182.0
2025-12-08 19:00:00+00:00,0.03005,0.03301,0.02998,0.03119,71201075.0
2025-12-08 19:15:00+00:00,0.03119,0.0332,0.03105,0.03199,24106584.0
2025-12-08 19:30:00+00:00,0.03201,0.03356,0.03177,0.03251,41265899.0
2025-12-08 19:45:00+00:00,0.03252,0.03276,0.03169,0.03186,17947868.0
2025-12-08 20:00:00+00:00,0.03187,0.03244,0.03133,0.0321,18654219.0
2025-12-08 20:15:00+00:00,0.0321,0.03372,0.03206,0.03276,29710034.0
2025-12-08 20:30:00+00:00,0.03275,0.0333,0.03252,0.03276,16836329.0
2025-12-08 20:45:00+00:00,0.03276,0.03395,0.03246,0.03344,19464506.0
2025-12-08 21:00:00+00:00,0.03347,0.034,0.03313,0.03382,19548185.0
2025-12-08 21:15:00+00:00,0.03384,0.03444,0.03349,0.03411,15628490.0
2025-12-08 21:30:00+00:00,0.03412,0.03437,0.03366,0.034,12130081.0
2025-12-08 21:45:00+00:00,0.03401,0.03449,0.03267,0.03324,25439867.0
2025-12-08 22:00:00+00:00,0.03325,0.03416,0.03302,0.03364,20742017.0
2025-12-08 22:15:00+00:00,0.03366,0.03392,0.03286,0.03312,17625350.0
2025-12-08 22:30:00+00:00,0.03312,0.03333,0.03182,0.032,21333584.0
2025-12-08 22:45:00+00:00,0.03201,0.03294,0.03168,0.03261,17346633.0
2025-12-08 23:00:00+00:00,0.03261,0.03296,0.03241,0.0327,10521082.0
2025-12-08 23:15:00+00:00,0.03268,0.03312,0.03237,0.03237,9579449.0
2025-12-08 23:30:00+00:00,0.03238,0.03318,0.03225,0.03276,9462087.0
2025-12-08 23:45:00+00:00,0.03275,0.03331,0.03257,0.03311,7441187.0
2025-12-09 00:00:00+00:00,0.0331,0.03364,0.03284,0.03354,12203846.0
2025-12-09 00:15:00+00:00,0.03354,0.03411,0.03321,0.03409,17518405.0
2025-12-09 00:30:00+00:00,0.03407,0.0346,0.03359,0.03403,19962254.0
2025-12-09 00:45:00+00:00,0.03401,0.03453,0.03391,0.03423,10071873.0
2025-12-09 01:00:00+00:00,0.03424,0.0355,0.03418,0.03494,26813519.0
2025-12-09 01:15:00+00:00,0.03493,0.0354,0.0344,0.03525,12904609.0
2025-12-09 01:30:00+00:00,0.03526,0.036,0.03494,0.03572,22390230.0
2025-12-09 01:45:00+00:00,0.03572,0.03667,0.0354,0.03602,24163044.0
2025-12-09 02:00:00+00:00,0.03602,0.03667,0.03548,0.03662,22025548.0
2025-12-09 02:15:00+00:00,0.03662,0.03862,0.03624,0.03754,46293332.0
2025-12-09 02:30:00+00:00,0.03754,0.03988,0.0365,0.03913,55127213.0
2025-12-09 02:45:00+00:00,0.03911,0.04199,0.03858,0.04182,80073740.0
2025-12-09 03:00:00+00:00,0.04182,0.0448,0.04125,0.04442,135322047.0
2025-12-09 03:15:00+00:00,0.04441,0.04818,0.04201,0.04788,198030541.0
2025-12-09 03:30:00+00:00,0.04789,0.05085,0.04607,0.04796,262875065.0
2025-12-09 03:45:00+00:00,0.04796,0.0505,0.0465,0.04831,195144484.0
2025-12-09 04:00:00+00:00,0.04828,0.055,0.04779,0.05297,244737247.0
2025-12-09 04:15:00+00:00,0.05298,0.054,0.05023,0.05219,143975085.0
2025-12-09 04:30:00+00:00,0.05221,0.05475,0.04566,0.05052,315713837.0
2025-12-09 04:45:00+00:00,0.05052,0.05348,0.04988,0.05234,154569579.0
2025-12-09 05:00:00+00:00,0.05232,0.0549,0.05156,0.0528,145338406.0
2025-12-09 05:15:00+00:00,0.05281,0.054,0.05169,0.05356,82578853.0
2025-12-09 05:30:00+00:00,0.05355,0.05544,0.05233,0.05339,104844767.0
2025-12-09 05:45:00+00:00,0.05339,0.05398,0.05056,0.05144,129632972.0
2025-12-09 06:00:00+00:00,0.05145,0.05293,0.04927,0.0507,117820765.0
2025-12-09 06:15:00+00:00,0.05073,0.05114,0.04712,0.04744,158632943.0
2025-12-09 06:30:00+00:00,0.04743,0.05255,0.04607,0.05161,254885010.0
2025-12-09 06:45:00+00:00,0.05161,0.05375,0.05067,0.05334,134493611.0
2025-12-09 07:00:00+00:00,0.05332,0.0572,0.05215,0.05263,318805033.0
2025-12-09 07:15:00+00:00,0.05262,0.055,0.04937,0.05419,255163389.0
2025-12-09 07:30:00+00:00,0.05417,0.05505,0.05273,0.05451,138139577.0
2025-12-09 07:45:00+00:00,0.05451,0.0565,0.05401,0.0551,153581462.0
2025-12-09 08:00:00+00:00,0.05505,0.05672,0.05166,0.05171,242249682.0
2025-12-09 08:15:00+00:00,0.05169,0.05305,0.05075,0.05146,142381336.0
2025-12-09 08:30:00+00:00,0.05144,0.05222,0.04911,0.05194,166109178.0
2025-12-09 08:45:00+00:00,0.05194,0.05243,0.05018,0.05078,77988994.0
2025-12-09 09:00:00+00:00,0.05081,0.05185,0.04927,0.05057,123713108.0
2025-12-09 09:15:00+00:00,0.05056,0.05144,0.0494,0.05111,93949294.0
2025-12-09 09:30:00+00:00,0.0511,0.05492,0.05082,0.05223,159314981.0
2025-12-09 09:45:00+00:00,0.05223,0.0524,0.05049,0.05165,82925651.0
2025-12-09 10:00:00+00:00,0.05166,0.05308,0.05142,0.05236,76631464.0
2025-12-09 10:15:00+00:00,0.05236,0.0529,0.05169,0.05196,52013379.0
2025-12-09 10:30:00+00:00,0.05196,0.05357,0.05172,0.05273,75271528.0
2025-12-09 10:45:00+00:00,0.05272,0.05272,0.05127,0.0519,63558784.0
2025-12-09 11:00:00+00:00,0.05189,0.05276,0.05077,0.05091,89149499.0
2025-12-09 11:15:00+00:00,0.05092,0.05178,0.0502,0.0511,70187975.0
2025-12-09 11:30:00+00:00,0.05109,0.05124,0.0489,0.05018,105706190.0
2025-12-09 11:45:00+00:00,0.05018,0.05096,0.04809,0.04996,106562185.0
2025-12-09 12:00:00+00:00,0.04995,0.0504,0.04861,0.049,80544712.0
2025-12-09 12:15:00+00:00,0.049,0.04908,0.042,0.04664,316194771.0
2025-12-09 12:30:00+00:00,0.04665,0.04745,0.04514,0.04532,102657938.0
2025-12-09 12:45:00+00:00,0.04532,0.04665,0.04485,0.04576,87492493.0
2025-12-09 13:00:00+00:00,0.04575,0.04717,0.04349,0.04415,152773675.0
2025-12-09 13:15:00+00:00,0.04412,0.04494,0.04233,0.0429,125177980.0
2025-12-09 13:30:00+00:00,0.04289,0.0439,0.04152,0.04241,148801658.0
2025-12-09 13:45:00+00:00,0.0424,0.04274,0.04024,0.0406,148132483.0
2025-12-09 14:00:00+00:00,0.0406,0.0413,0.03938,0.04021,160985905.0
2025-12-09 14:15:00+00:00,0.04018,0.04238,0.03811,0.0386,252023070.0
2025-12-09 14:30:00+00:00,0.03863,0.03863,0.03627,0.03721,187647669.0
2025-12-09 14:45:00+00:00,0.03721,0.03753,0.03618,0.03701,133986412.0
2025-12-09 15:00:00+00:00,0.03702,0.04099,0.03651,0.0404,248658579.0
2025-12-09 15:15:00+00:00,0.04038,0.04473,0.0395,0.04414,286481088.0
2025-12-09 15:30:00+00:00,0.04416,0.04443,0.04145,0.04312,207493874.0
2025-12-09 15:45:00+00:00,0.0431,0.0459,0.04222,0.04406,167986469.0
2025-12-09 16:00:00+00:00,0.04407,0.04488,0.04321,0.04419,114466290.0
2025-12-09 16:15:00+00:00,0.04418,0.04492,0.04206,0.04314,88114610.0
2025-12-09 16:30:00+00:00,0.04315,0.04362,0.04041,0.04276,117897591.0
2025-12-09 16:45:00+00:00,0.04275,0.0447,0.0424,0.04459,71686591.0
2025-12-09 17:00:00+00:00,0.04458,0.04585,0.04323,0.04383,79784889.0
2025-12-09 17:15:00+00:00,0.04385,0.04997,0.04241,0.04641,155043925.0
2025-12-09 17:30:00+00:00,0.04641,0.0466,0.04455,0.04496,60322662.0
2025-12-09 17:45:00+00:00,0.04494,0.04678,0.04483,0.04599,47974828.0
2025-12-09 18:00:00+00:00,0.04601,0.04692,0.04524,0.04542,53195628.0
2025-12-09 18:15:00+00:00,0.04541,0.0459,0.04483,0.04525,29703990.0
2025-12-09 18:30:00+00:00,0.04525,0.04526,0.04352,0.04392,37126107.0
2025-12-09 18:45:00+00:00,0.0439,0.04562,0.0434,0.04409,38454384.0
2025-12-09 19:00:00+00:00,0.0441,0.04551,0.04322,0.04524,52126820.0
2025-12-09 19:15:00+00:00,0.04524,0.04567,0.04423,0.04434,22824955.0
2025-12-09 19:30:00+00:00,0.04433,0.04538,0.04428,0.04521,21885982.0
2025-12-09 19:45:00+00:00,0.04521,0.04542,0.0444,0.04469,18511346.0
2025-12-09 20:00:00+00:00,0.04469,0.0448,0.0427,0.04281,33784353.0
2025-12-09 20:15:00+00:00,0.04281,0.04317,0.04176,0.04187,35645265.0
2025-12-09 20:30:00+00:00,0.04187,0.0426,0.04175,0.04202,20842835.0
2025-12-09 20:45:00+00:00,0.04203,0.04212,0.04066,0.04095,26492710.0
2025-12-09 21:00:00+00:00,0.04097,0.0418,0.0389,0.03899,44641303.0
2025-12-09 21:15:00+00:00,0.03898,0.04094,0.03845,0.03986,51947752.0
2025-12-09 21:30:00+00:00,0.03986,0.04104,0.03953,0.04041,29075480.0
2025-12-09 21:45:00+00:00,0.0404,0.04054,0.03953,0.03991,21482161.0
2025-12-09 22:00:00+00:00,0.03991,0.04133,0.03861,0.04062,37624435.0
2025-12-09 22:15:00+00:00,0.04062,0.04063,0.03906,0.04024,30606033.0
2025-12-09 22:30:00+00:00,0.04024,0.0406,0.03906,0.03937,20686932.0
2025-12-09 22:45:00+00:00,0.03938,0.04,0.03881,0.03891,15747888.0
2025-12-09 23:00:00+00:00,0.03891,0.03904,0.03739,0.03756,44081169.0
2025-12-09 23:15:00+00:00,0.03754,0.03885,0.03742,0.0387,23452466.0
2025-12-09 23:30:00+00:00,0.03868,0.03971,0.03831,0.0391,31373864.0
2025-12-09 23:45:00+00:00,0.03908,0.03926,0.03821,0.03876,14848247.0
2025-12-10 00:00:00+00:00,0.03876,0.04044,0.03862,0.03959,38159185.0
2025-12-10 00:15:00+00:00,0.03959,0.04167,0.03885,0.04159,39229295.0
2025-12-10 00:30:00+00:00,0.04159,0.04276,0.04029,0.04224,54869701.0
2025-12-10 00:45:00+00:00,0.04221,0.04222,0.04075,0.04122,31797034.0
2025-12-10 01:00:00+00:00,0.0412,0.04159,0.0405,0.04082,27487525.0
2025-12-10 01:15:00+00:00,0.04081,0.04339,0.04034,0.04211,38916804.0
2025-12-10 01:30:00+00:00,0.04212,0.04214,0.04118,0.04169,25195338.0
2025-12-10 01:45:00+00:00,0.04171,0.04249,0.0412,0.04229,18551195.0
2025-12-10 02:00:00+00:00,0.04228,0.04229,0.0407,0.04167,31166784.0
2025-12-10 02:15:00+00:00,0.04166,0.04232,0.04084,0.04209,21244952.0
2025-12-10 02:30:00+00:00,0.04208,0.04244,0.04165,0.04181,12690318.0
2025-12-10 02:45:00+00:00,0.04181,0.04264,0.04124,0.04199,18078011.0
2025-12-10 03:00:00+00:00,0.042,0.04228,0.04059,0.04137,23324119.0
2025-12-10 03:15:00+00:00,0.04136,0.0428,0.04134,0.04215,27242051.0
2025-12-10 03:30:00+00:00,0.04214,0.04428,0.04184,0.04389,42730099.0
2025-12-10 03:45:00+00:00,0.0439,0.04555,0.04357,0.04538,45853890.0
2025-12-10 04:00:00+00:00,0.04538,0.0479,0.04493,0.04756,55504980.0
2025-12-10 04:15:00+00:00,0.04755,0.04962,0.04612,0.04642,70225834.0
2025-12-10 04:30:00+00:00,0.0464,0.04719,0.04493,0.0452,40522652.0
2025-12-10 04:45:00+00:00,0.04517,0.04545,0.0429,0.04491,62640416.0
2025-12-10 05:00:00+00:00,0.0449,0.04625,0.04446,0.04571,37363330.0
2025-12-10 05:15:00+00:00,0.0457,0.0463,0.04419,0.04431,25925996.0
2025-12-10 05:30:00+00:00,0.04434,0.04507,0.04388,0.04479,23985932.0
2025-12-10 05:45:00+00:00,0.04476,0.0467,0.04427,0.04544,25751810.0
2025-12-10 06:00:00+00:00,0.04546,0.04588,0.04466,0.04545,18759179.0
2025-12-10 06:15:00+00:00,0.04543,0.04594,0.04466,0.0459,14693319.0
2025-12-10 06:30:00+00:00,0.0459,0.04666,0.04585,0.04629,16751384.0
2025-12-10 06:45:00+00:00,0.04628,0.04784,0.046,0.04728,22314915.0
2025-12-10 07:00:00+00:00,0.04729,0.04931,0.04685,0.04825,50749905.0
2025-12-10 07:15:00+00:00,0.04828,0.05166,0.0482,0.05056,86717732.0
2025-12-10 07:30:00+00:00,0.05056,0.05129,0.04859,0.04896,61376704.0
2025-12-10 07:45:00+00:00,0.04894,0.0504,0.04867,0.0496,33287208.0
2025-12-10 08:00:00+00:00,0.04959,0.05172,0.04904,0.05058,51445066.0
2025-12-10 08:15:00+00:00,0.05057,0.055,0.05005,0.05276,84976463.0
2025-12-10 08:30:00+00:00,0.05273,0.05317,0.05119,0.05157,40227341.0
2025-12-10 08:45:00+00:00,0.05158,0.05285,0.05058,0.05118,35357877.0
2025-12-10 09:00:00+00:00,0.05118,0.05264,0.05011,0.05212,40845387.0
2025-12-10 09:15:00+00:00,0.05215,0.05232,0.05052,0.05152,21320955.0
2025-12-10 09:30:00+00:00,0.05154,0.05317,0.05134,0.05134,30585260.0
2025-12-10 09:45:00+00:00,0.05136,0.05231,0.04988,0.05075,34166675.0
2025-12-10 10:00:00+00:00,0.05075,0.05285,0.04957,0.05266,44332915.0
2025-12-10 10:15:00+00:00,0.05269,0.05458,0.05222,0.0526,62431272.0
2025-12-10 10:30:00+00:00,0.05261,0.05283,0.0506,0.05074,40512852.0
2025-12-10 10:45:00+00:00,0.05074,0.05374,0.05057,0.05293,46399916.0
2025-12-10 11:00:00+00:00,0.05291,0.05412,0.0518,0.052,35202570.0
2025-12-10 11:15:00+00:00,0.05202,0.0528,0.05067,0.05176,26009849.0
2025-12-10 11:30:00+00:00,0.05173,0.05304,0.0506,0.05121,34455023.0
2025-12-10 11:45:00+00:00,0.0512,0.05245,0.05087,0.05191,25393953.0
2025-12-10 12:00:00+00:00,0.05191,0.05376,0.0503,0.05303,44003086.0
2025-12-10 12:15:00+00:00,0.05306,0.0557,0.05256,0.05374,54678501.0
2025-12-10 12:30:00+00:00,0.05377,0.0551,0.05178,0.05441,60396359.0
2025-12-10 12:45:00+00:00,0.05446,0.05569,0.0542,0.05442,40670739.0
2025-12-10 13:00:00+00:00,0.05443,0.05628,0.05279,0.05322,71089519.0
2025-12-10 13:15:00+00:00,0.05324,0.05588,0.05324,0.05561,40494330.0
2025-12-10 13:30:00+00:00,0.05561,0.05747,0.05526,0.05529,83148136.0
2025-12-10 13:45:00+00:00,0.0553,0.05618,0.05439,0.05463,54340528.0
2025-12-10 14:00:00+00:00,0.05461,0.05562,0.05327,0.05466,45162831.0
2025-12-10 14:15:00+00:00,0.05466,0.05586,0.0531,0.0554,46472172.0
2025-12-10 14:30:00+00:00,0.0554,0.05611,0.05377,0.05404,45499936.0
2025-12-10 14:45:00+00:00,0.05403,0.05579,0.05398,0.05517,45119712.0
2025-12-10 15:00:00+00:00,0.05515,0.05591,0.0542,0.05519,38663337.0
2025-12-10 15:15:00+00:00,0.05519,0.05523,0.0541,0.05462,30829494.0
2025-12-10 15:30:00+00:00,0.05461,0.05523,0.05431,0.05489,25338855.0
2025-12-10 15:45:00+00:00,0.05487,0.05954,0.05466,0.05889,89160542.0
2025-12-10 16:00:00+00:00,0.05889,0.06169,0.0582,0.05927,110341976.0
2025-12-10 16:15:00+00:00,0.05928,0.06076,0.05819,0.06016,44317933.0
2025-12-10 16:30:00+00:00,0.06016,0.0618,0.05965,0.06106,42092189.0
2025-12-10 16:45:00+00:00,0.06104,0.0614,0.05909,0.06074,40728027.0
2025-12-10 17:00:00+00:00,0.06074,0.06103,0.05831,0.0598,37939314.0
2025-12-10 17:15:00+00:00,0.0598,0.06223,0.05907,0.06054,43357606.0
2025-12-10 17:30:00+00:00,0.06055,0.06106,0.05942,0.06089,24589683.0
2025-12-10 17:45:00+00:00,0.0609,0.0636,0.06008,0.06246,45123139.0
2025-12-10 18:00:00+00:00,0.06249,0.06287,0.05974,0.06166,49766868.0
2025-12-10 18:15:00+00:00,0.06166,0.06275,0.06085,0.06247,23423522.0
2025-12-10 18:30:00+00:00,0.06245,0.0636,0.0609,0.06345,31603169.0
2025-12-10 18:45:00+00:00,0.06345,0.06486,0.06158,0.06304,44520199.0
2025-12-10 19:00:00+00:00,0.06304,0.06342,0.05983,0.06251,55561122.0
2025-12-10 19:15:00+00:00,0.06251,0.0633,0.06173,0.06192,18595851.0
2025-12-10 19:30:00+00:00,0.06187,0.06255,0.06099,0.06146,23934573.0
2025-12-10 19:45:00+00:00,0.06145,0.06247,0.061,0.06175,17363423.0
2025-12-10 20:00:00+00:00,0.06174,0.06235,0.06116,0.06226,16110028.0
2025-12-10 20:15:00+00:00,0.06226,0.06295,0.0605,0.06172,20251586.0
2025-12-10 20:30:00+00:00,0.06175,0.06215,0.06113,0.06132,9897482.0
2025-12-10 20:45:00+00:00,0.06133,0.06229,0.05994,0.0606,22790449.0
2025-12-10 21:00:00+00:00,0.0606,0.06081,0.05912,0.05991,27020305.0
2025-12-10 21:15:00+00:00,0.05992,0.06032,0.059,0.05965,14742181.0
2025-12-10 21:30:00+00:00,0.05964,0.06079,0.05947,0.0597,12779629.0
2025-12-10 21:45:00+00:00,0.05969,0.06051,0.05927,0.06009,15922441.0
2025-12-10 22:00:00+00:00,0.06008,0.06039,0.05933,0.05942,12501683.0
2025-12-10 22:15:00+00:00,0.05937,0.05964,0.05856,0.05907,14099166.0
2025-12-10 22:30:00+00:00,0.05907,0.05931,0.05801,0.0582,20047571.0
2025-12-10 22:45:00+00:00,0.0582,0.05916,0.05772,0.05835,15395805.0
2025-12-10 23:00:00+00:00,0.05834,0.0584,0.05748,0.05801,17055260.0
2025-12-10 23:15:00+00:00,0.05801,0.05915,0.057,0.05701,16191064.0
2025-12-10 23:30:00+00:00,0.05703,0.05756,0.05649,0.05722,19526812.0
2025-12-10 23:45:00+00:00,0.05725,0.05755,0.05618,0.05727,18197989.0
2025-12-11 00:00:00+00:00,0.05728,0.0585,0.05598,0.05639,30714887.0
2025-12-11 00:15:00+00:00,0.05637,0.05648,0.05462,0.05544,20525147.0
2025-12-11 00:30:00+00:00,0.05545,0.05626,0.05446,0.05465,17105503.0
2025-12-11 00:45:00+00:00,0.05465,0.05547,0.05406,0.05524,21022911.0
2025-12-11 01:00:00+00:00,0.05524,0.06476,0.05496,0.05971,89300192.0
2025-12-11 01:15:00+00:00,0.05971,0.05999,0.0571,0.05824,41360397.0
2025-12-11 01:30:00+00:00,0.05826,0.05989,0.05746,0.05844,24406237.0
2025-12-11 01:45:00+00:00,0.05843,0.05922,0.05786,0.059,13578864.0
2025-12-11 02:00:00+00:00,0.05898,0.06,0.05768,0.05769,33417612.0
2025-12-11 02:15:00+00:00,0.0577,0.05787,0.05482,0.05627,35684805.0
2025-12-11 02:30:00+00:00,0.05628,0.05782,0.05574,0.05757,20967052.0
2025-12-11 02:45:00+00:00,0.05757,0.05933,0.05751,0.05872,28189407.0
2025-12-11 03:00:00+00:00,0.05874,0.05875,0.0563,0.05661,21290891.0
2025-12-11 03:15:00+00:00,0.05659,0.05686,0.05611,0.05682,14065573.0
2025-12-11 03:30:00+00:00,0.05681,0.058,0.05646,0.0568,13896754.0
2025-12-11 03:45:00+00:00,0.05679,0.05768,0.05648,0.05704,9600537.0
2025-12-11 04:00:00+00:00,0.05705,0.05776,0.0564,0.05749,17368171.0
2025-12-11 04:15:00+00:00,0.05749,0.05955,0.05739,0.059,19729481.0
2025-12-11 04:30:00+00:00,0.05902,0.05949,0.05777,0.05827,13851136.0
2025-12-11 04:45:00+00:00,0.05828,0.05933,0.05828,0.05896,10897846.0
2025-12-11 05:00:00+00:00,0.05899,0.05983,0.05869,0.05884,10341919.0
2025-12-11 05:15:00+00:00,0.05886,0.05948,0.05853,0.05871,10451643.0
2025-12-11 05:30:00+00:00,0.05871,0.05908,0.058,0.05838,12725064.0
2025-12-11 05:45:00+00:00,0.05838,0.05867,0.05795,0.05804,9586996.0
2025-12-11 06:00:00+00:00,0.05803,0.0582,0.05742,0.05799,10134595.0
2025-12-11 06:15:00+00:00,0.058,0.05841,0.05768,0.0579,7716532.0
2025-12-11 06:30:00+00:00,0.05791,0.05875,0.05772,0.0581,11278006.0
2025-12-11 06:45:00+00:00,0.0581,0.05815,0.05724,0.05766,9445166.0
2025-12-11 07:00:00+00:00,0.05767,0.05823,0.05684,0.0571,13599099.0
2025-12-11 07:15:00+00:00,0.05709,0.05743,0.05641,0.05664,11468420.0
2025-12-11 07:30:00+00:00,0.05664,0.05692,0.05574,0.05647,13384322.0
2025-12-11 07:45:00+00:00,0.05647,0.05736,0.05639,0.05653,9708539.0
2025-12-11 08:00:00+00:00,0.05653,0.0566,0.05589,0.05621,11053788.0
2025-12-11 08:15:00+00:00,0.05619,0.05692,0.05592,0.05636,10635568.0
2025-12-11 08:30:00+00:00,0.05638,0.05638,0.05474,0.05531,20960846.0
2025-12-11 08:45:00+00:00,0.05532,0.05543,0.05478,0.05521,9540933.0
2025-12-11 09:00:00+00:00,0.05521,0.0561,0.05449,0.05455,17893490.0
2025-12-11 09:15:00+00:00,0.05455,0.05712,0.05436,0.05686,18508180.0
2025-12-11 09:30:00+00:00,0.05688,0.0569,0.0546,0.05533,15391370.0
2025-12-11 09:45:00+00:00,0.05533,0.05553,0.05493,0.05513,7372908.0
2025-12-11 10:00:00+00:00,0.05513,0.05637,0.05479,0.05581,10204910.0
2025-12-11 10:15:00+00:00,0.05581,0.05593,0.05506,0.05537,6295958.0
2025-12-11 10:30:00+00:00,0.05537,0.0554,0.05333,0.05419,19169803.0
2025-12-11 10:45:00+00:00,0.05417,0.05432,0.05165,0.05226,29568654.0
2025-12-11 11:00:00+00:00,0.05225,0.05426,0.05189,0.05301,24638429.0
2025-12-11 11:15:00+00:00,0.05301,0.05342,0.05222,0.05274,14626114.0
2025-12-11 11:30:00+00:00,0.05274,0.05381,0.05202,0.05273,17615200.0
2025-12-11 11:45:00+00:00,0.05272,0.05287,0.05202,0.05266,12717500.0
2025-12-11 12:00:00+00:00,0.05266,0.05294,0.05121,0.05182,16891988.0
2025-12-11 12:15:00+00:00,0.05185,0.05242,0.0508,0.05099,12287656.0
2025-12-11 12:30:00+00:00,0.05099,0.05192,0.05025,0.05181,22546978.0
2025-12-11 12:45:00+00:00,0.05178,0.05219,0.05141,0.05155,9594147.0
2025-12-11 13:00:00+00:00,0.05153,0.05272,0.05099,0.0519,12085735.0
2025-12-11 13:15:00+00:00,0.05191,0.0538,0.05149,0.05273,13570967.0
2025-12-11 13:30:00+00:00,0.05271,0.05323,0.0525,0.05303,7826224.0
2025-12-11 13:45:00+00:00,0.05303,0.05317,0.05156,0.05181,12379935.0
2025-12-11 14:00:00+00:00,0.05181,0.0519,0.0505,0.05156,15354551.0
2025-12-11 14:15:00+00:00,0.05154,0.05206,0.05103,0.05112,6735717.0
2025-12-11 14:30:00+00:00,0.05112,0.05164,0.05086,0.05125,8285001.0
2025-12-11 14:45:00+00:00,0.05126,0.05189,0.05101,0.05131,8390868.0
2025-12-11 15:00:00+00:00,0.05131,0.05168,0.05094,0.05126,6457223.0
2025-12-11 15:15:00+00:00,0.05125,0.05128,0.0503,0.05041,9226985.0
2025-12-11 15:30:00+00:00,0.05043,0.0505,0.04888,0.04915,18009639.0
2025-12-11 15:45:00+00:00,0.04915,0.04951,0.0487,0.04888,11468299.0
2025-12-11 16:00:00+00:00,0.04889,0.0497,0.04822,0.04947,17368978.0
2025-12-11 16:15:00+00:00,0.04948,0.04951,0.048,0.04813,13329337.0
2025-12-11 16:30:00+00:00,0.04813,0.0487,0.0476,0.0486,12571163.0
2025-12-11 16:45:00+00:00,0.04861,0.04866,0.04679,0.04752,15474669.0
2025-12-11 17:00:00+00:00,0.0475,0.04765,0.0465,0.04655,13260801.0
2025-12-11 17:15:00+00:00,0.04658,0.04698,0.04614,0.04643,8858150.0
2025-12-11 17:30:00+00:00,0.04644,0.04647,0.04595,0.04625,8802571.0
2025-12-11 17:45:00+00:00,0.04623,0.04949,0.04622,0.04761,25465982.0
2025-12-11 18:00:00+00:00,0.04761,0.04813,0.04672,0.04807,11784563.0
2025-12-11 18:15:00+00:00,0.04805,0.04806,0.04716,0.0477,5069170.0
2025-12-11 18:30:00+00:00,0.04769,0.04825,0.04731,0.04795,6607922.0
2025-12-11 18:45:00+00:00,0.04795,0.04823,0.04672,0.04672,11122269.0
2025-12-11 19:00:00+00:00,0.04674,0.047,0.04651,0.04668,6644644.0
2025-12-11 19:15:00+00:00,0.04668,0.04756,0.04627,0.04693,6447843.0
2025-12-11 19:30:00+00:00,0.04691,0.04753,0.04642,0.04728,5315919.0
2025-12-11 19:45:00+00:00,0.04729,0.0477,0.04703,0.04732,6226316.0
2025-12-11 20:00:00+00:00,0.04734,0.04799,0.04691,0.04776,6987490.0
2025-12-11 20:15:00+00:00,0.04775,0.048,0.0471,0.04716,4809104.0
2025-12-11 20:30:00+00:00,0.04715,0.04809,0.04701,0.04726,7316160.0
2025-12-11 20:45:00+00:00,0.04728,0.04788,0.0472,0.04774,4262185.0
2025-12-11 21:00:00+00:00,0.04772,0.04775,0.04673,0.04733,7252396.0
2025-12-11 21:15:00+00:00,0.04733,0.0489,0.04725,0.04792,12873174.0
2025-12-11 21:30:00+00:00,0.04793,0.04868,0.04774,0.04802,10985801.0
2025-12-11 21:45:00+00:00,0.04801,0.04816,0.0475,0.0478,4504100.0
2025-12-11 22:00:00+00:00,0.04779,0.04808,0.04751,0.04789,5885557.0
2025-12-11 22:15:00+00:00,0.04789,0.0479,0.04681,0.0469,6835772.0
2025-12-11 22:30:00+00:00,0.04689,0.04771,0.04681,0.04685,5556864.0
2025-12-11 22:45:00+00:00,0.04685,0.04713,0.04553,0.04561,8288275.0
2025-12-11 23:00:00+00:00,0.0456,0.04623,0.04438,0.04445,18433130.0
2025-12-11 23:15:00+00:00,0.04445,0.04641,0.044,0.04582,18566644.0
2025-12-11 23:30:00+00:00,0.04582,0.04624,0.04503,0.04602,10205739.0
2025-12-11 23:45:00+00:00,0.04602,0.04625,0.04506,0.0456,8087935.0
2025-12-12 00:00:00+00:00,0.04558,0.04581,0.04445,0.04458,9402016.0
2025-12-12 00:15:00+00:00,0.04457,0.0447,0.04414,0.04466,8003646.0
2025-12-12 00:30:00+00:00,0.04464,0.04487,0.04352,0.0438,11478687.0
2025-12-12 00:45:00+00:00,0.0438,0.04387,0.04233,0.04259,13436406.0
2025-12-12 01:00:00+00:00,0.0426,0.04353,0.04173,0.04203,31464506.0
2025-12-12 01:15:00+00:00,0.04202,0.04218,0.04103,0.04108,18038177.0
2025-12-12 01:30:00+00:00,0.04108,0.04133,0.04024,0.0408,21962355.0
2025-12-12 01:45:00+00:00,0.0408,0.04227,0.04028,0.04213,23986934.0
2025-12-12 02:00:00+00:00,0.04213,0.04294,0.04098,0.04122,24814411.0
2025-12-12 02:15:00+00:00,0.04122,0.04262,0.04112,0.04186,15362457.0
2025-12-12 02:30:00+00:00,0.04188,0.04188,0.04115,0.04169,8098145.0
2025-12-12 02:45:00+00:00,0.0417,0.04226,0.04077,0.04086,12921613.0
2025-12-12 03:00:00+00:00,0.04087,0.04127,0.04,0.041,18848430.0
2025-12-12 03:15:00+00:00,0.04101,0.04114,0.0403,0.04077,8175774.0
2025-12-12 03:30:00+00:00,0.04078,0.04168,0.04054,0.04133,13675686.0
2025-12-12 03:45:00+00:00,0.04132,0.04133,0.04062,0.04079,7148197.0
2025-12-12 04:00:00+00:00,0.04079,0.04126,0.04052,0.04097,10670067.0
2025-12-12 04:15:00+00:00,0.04097,0.04101,0.04038,0.04086,7574682.0
2025-12-12 04:30:00+00:00,0.04086,0.04132,0.04063,0.04072,8961761.0
2025-12-12 04:45:00+00:00,0.04071,0.04117,0.04056,0.04069,8299118.0
2025-12-12 05:00:00+00:00,0.04069,0.04102,0.04033,0.0409,7426121.0
2025-12-12 05:15:00+00:00,0.04088,0.04091,0.03933,0.03948,18353870.0
2025-12-12 05:30:00+00:00,0.03949,0.04014,0.03921,0.03962,14245900.0
2025-12-12 05:45:00+00:00,0.03962,0.03963,0.03873,0.03923,16651324.0
2025-12-12 06:00:00+00:00,0.03925,0.03991,0.039,0.03937,13608459.0
2025-12-12 06:15:00+00:00,0.03935,0.03959,0.03876,0.03879,10870089.0
2025-12-12 06:30:00+00:00,0.03879,0.03904,0.03838,0.03865,13816608.0
2025-12-12 06:45:00+00:00,0.03865,0.03935,0.03864,0.03872,12346470.0
2025-12-12 07:00:00+00:00,0.03872,0.03918,0.0386,0.03897,11310028.0
2025-12-12 07:15:00+00:00,0.03895,0.03928,0.03867,0.03899,10320804.0
2025-12-12 07:30:00+00:00,0.03901,0.03999,0.03815,0.03843,32093475.0
2025-12-12 07:45:00+00:00,0.03846,0.03876,0.0383,0.03857,9562765.0
2025-12-12 08:00:00+00:00,0.03857,0.03879,0.0378,0.03838,19012378.0
2025-12-12 08:15:00+00:00,0.03837,0.03902,0.03829,0.03844,12330625.0
2025-12-12 08:30:00+00:00,0.03844,0.03872,0.03833,0.0384,7573193.0
2025-12-12 08:45:00+00:00,0.0384,0.03856,0.03806,0.03819,7563011.0
2025-12-12 09:00:00+00:00,0.03819,0.0385,0.03773,0.0381,15980680.0
2025-12-12 09:15:00+00:00,0.03812,0.03849,0.03792,0.03806,11714380.0
2025-12-12 09:30:00+00:00,0.03807,0.03816,0.03745,0.03767,13968735.0
2025-12-12 09:45:00+00:00,0.03767,0.03859,0.03767,0.03835,21748571.0
2025-12-12 10:00:00+00:00,0.03835,0.03836,0.03797,0.03805,12835381.0
2025-12-12 10:15:00+00:00,0.03806,0.0381,0.03753,0.03791,9974092.0
2025-12-12 10:30:00+00:00,0.0379,0.03843,0.03782,0.03834,12685274.0
2025-12-12 10:45:00+00:00,0.03834,0.03869,0.03803,0.03818,14598025.0
2025-12-12 11:00:00+00:00,0.03818,0.03895,0.03791,0.03871,17458556.0
2025-12-12 11:15:00+00:00,0.0387,0.03887,0.03831,0.03868,10440978.0
2025-12-12 11:30:00+00:00,0.03868,0.04208,0.03867,0.04064,39775204.0
2025-12-12 11:45:00+00:00,0.04064,0.04118,0.03938,0.0397,45047383.0
2025-12-12 12:00:00+00:00,0.03969,0.03999,0.03888,0.03937,22659399.0
2025-12-12 12:15:00+00:00,0.03937,0.03937,0.03784,0.03841,26573885.0
2025-12-12 12:30:00+00:00,0.03843,0.0386,0.03767,0.0377,16207064.0
2025-12-12 12:45:00+00:00,0.0377,0.03797,0.03721,0.03746,20111809.0
2025-12-12 13:00:00+00:00,0.03747,0.0376,0.03609,0.03679,31901235.0
2025-12-12 13:15:00+00:00,0.03679,0.03707,0.0365,0.03668,13449178.0
2025-12-12 13:30:00+00:00,0.03668,0.03759,0.03641,0.03738,18047179.0
2025-12-12 13:45:00+00:00,0.03738,0.03833,0.03727,0.03792,28778840.0
2025-12-12 14:00:00+00:00,0.03792,0.03814,0.03727,0.0376,18638964.0
2025-12-12 14:15:00+00:00,0.03761,0.0385,0.03755,0.03793,18768190.0
2025-12-12 14:30:00+00:00,0.03795,0.03984,0.03789,0.03943,26183454.0
2025-12-12 14:45:00+00:00,0.03941,0.04142,0.03922,0.04018,39216379.0
2025-12-12 15:00:00+00:00,0.0402,0.04132,0.03901,0.041,44226431.0
2025-12-12 15:15:00+00:00,0.04099,0.04111,0.03944,0.03977,26107297.0
2025-12-12 15:30:00+00:00,0.03977,0.04008,0.03849,0.03987,29287193.0
2025-12-12 15:45:00+00:00,0.03987,0.03999,0.039,0.03916,13235437.0
2025-12-12 16:00:00+00:00,0.03915,0.03971,0.03781,0.03851,23628038.0
2025-12-12 16:15:00+00:00,0.03848,0.0386,0.03668,0.03691,22314222.0
2025-12-12 16:30:00+00:00,0.03691,0.03731,0.03622,0.03662,19507285.0
2025-12-12 16:45:00+00:00,0.03661,0.03725,0.03656,0.03659,12101450.0
2025-12-12 17:00:00+00:00,0.03659,0.03715,0.03647,0.03674,10584398.0
2025-12-12 17:15:00+00:00,0.03673,0.0371,0.03417,0.03458,26859705.0
2025-12-12 17:30:00+00:00,0.03456,0.03521,0.03449,0.03467,19998350.0
2025-12-12 17:45:00+00:00,0.03467,0.03505,0.03377,0.03459,29559844.0
2025-12-12 18:00:00+00:00,0.03461,0.03517,0.03334,0.03487,27760491.0
2025-12-12 18:15:00+00:00,0.03486,0.03536,0.03387,0.0343,13470873.0
2025-12-12 18:30:00+00:00,0.03429,0.03569,0.0341,0.0354,13516573.0
2025-12-12 18:45:00+00:00,0.03539,0.03648,0.03502,0.03543,26986129.0
2025-12-12 19:00:00+00:00,0.03544,0.0371,0.03488,0.03701,27191186.0
2025-12-12 19:15:00+00:00,0.037,0.03716,0.03659,0.0371,12764975.0
2025-12-12 19:30:00+00:00,0.0371,0.03856,0.03689,0.03741,19997236.0
2025-12-12 19:45:00+00:00,0.03742,0.03787,0.03709,0.03719,11998257.0
2025-12-12 20:00:00+00:00,0.03719,0.03727,0.03645,0.03674,17601776.0
2025-12-12 20:15:00+00:00,0.03673,0.03704,0.03617,0.0363,8481608.0
2025-12-12 20:30:00+00:00,0.0363,0.03707,0.0362,0.03706,8680889.0
2025-12-12 20:45:00+00:00,0.03706,0.0378,0.037,0.03774,9123394.0
2025-12-12 21:00:00+00:00,0.03774,0.03777,0.03718,0.03769,7281928.0
2025-12-12 21:15:00+00:00,0.03769,0.03866,0.03753,0.03812,8874382.0
2025-12-12 21:30:00+00:00,0.03812,0.03973,0.03802,0.03961,18213118.0
2025-12-12 21:45:00+00:00,0.03961,0.04028,0.0395,0.03984,16284574.0
2025-12-12 22:00:00+00:00,0.03984,0.04097,0.03984,0.04072,11468526.0
2025-12-12 22:15:00+00:00,0.04072,0.04174,0.0405,0.04171,19414055.0
2025-12-12 22:30:00+00:00,0.04172,0.04175,0.03895,0.04002,22435665.0
2025-12-12 22:45:00+00:00,0.04002,0.04026,0.03905,0.03916,8687326.0
2025-12-12 23:00:00+00:00,0.03916,0.03989,0.03905,0.03959,13622750.0
2025-12-12 23:15:00+00:00,0.03959,0.04076,0.0391,0.04034,10236401.0
2025-12-12 23:30:00+00:00,0.04033,0.04098,0.04007,0.04079,8081574.0
2025-12-12 23:45:00+00:00,0.04081,0.04193,0.04076,0.04123,14214545.0
2025-12-13 00:00:00+00:00,0.04123,0.04259,0.04091,0.04198,17791634.0
2025-12-13 00:15:00+00:00,0.04198,0.0421,0.0413,0.04179,6905038.0
2025-12-13 00:30:00+00:00,0.04179,0.04219,0.04155,0.04159,4914315.0
2025-12-13 00:45:00+00:00,0.04162,0.04178,0.04136,0.04146,4010641.0
2025-12-13 01:00:00+00:00,0.04148,0.04158,0.04035,0.04124,15685103.0
2025-12-13 01:15:00+00:00,0.04123,0.04154,0.04073,0.04084,7253765.0
2025-12-13 01:30:00+00:00,0.04086,0.04086,0.03969,0.04,8873466.0
2025-12-13 01:45:00+00:00,0.04,0.04084,0.03987,0.04009,8122466.0
2025-12-13 02:00:00+00:00,0.04009,0.04134,0.03982,0.04123,8881142.0
2025-12-13 02:15:00+00:00,0.04121,0.04121,0.03914,0.03982,14314169.0
2025-12-13 02:30:00+00:00,0.03982,0.04048,0.03975,0.04026,6779350.0
2025-12-13 02:45:00+00:00,0.04026,0.04027,0.03977,0.04007,3819499.0
2025-12-13 03:00:00+00:00,0.04007,0.04073,0.03987,0.04049,4712212.0
2025-12-13 03:15:00+00:00,0.0405,0.04102,0.04037,0.04098,4527643.0
2025-12-13 03:30:00+00:00,0.04097,0.0414,0.04042,0.04046,5905620.0
2025-12-13 03:45:00+00:00,0.04044,0.04051,0.03991,0.04005,5854042.0
2025-12-13 04:00:00+00:00,0.04005,0.04068,0.03987,0.03998,5157578.0
2025-12-13 04:15:00+00:00,0.03998,0.04038,0.03987,0.04005,5430821.0
2025-12-13 04:30:00+00:00,0.04004,0.04027,0.03988,0.04008,3076330.0
2025-12-13 04:45:00+00:00,0.04007,0.04025,0.03964,0.03986,6188334.0
2025-12-13 05:00:00+00:00,0.03986,0.04012,0.03955,0.03989,5494749.0
2025-12-13 05:15:00+00:00,0.03987,0.04032,0.03978,0.04015,7409239.0
2025-12-13 05:30:00+00:00,0.04014,0.04205,0.04013,0.04195,11659943.0
2025-12-13 05:45:00+00:00,0.04195,0.04456,0.04167,0.04451,32819938.0
2025-12-13 06:00:00+00:00,0.0445,0.04678,0.04367,0.0466,57078842.0
2025-12-13 06:15:00+00:00,0.04659,0.04881,0.04558,0.0482,76242942.0
2025-12-13 06:30:00+00:00,0.04821,0.0498,0.04667,0.04952,81589339.0
2025-12-13 06:45:00+00:00,0.04952,0.04992,0.04768,0.04824,69686620.0
2025-12-13 07:00:00+00:00,0.04824,0.0483,0.04431,0.04647,111147160.0
2025-12-13 07:15:00+00:00,0.04645,0.04897,0.04644,0.04818,59113524.0
2025-12-13 07:30:00+00:00,0.04819,0.0485,0.04673,0.04689,32935073.0
2025-12-13 07:45:00+00:00,0.04693,0.04698,0.04521,0.04584,36924726.0
2025-12-13 08:00:00+00:00,0.04586,0.048,0.04536,0.0479,44317538.0
2025-12-13 08:15:00+00:00,0.04792,0.0488,0.04754,0.04831,36088702.0
2025-12-13 08:30:00+00:00,0.04829,0.04912,0.04764,0.04876,29492089.0
2025-12-13 08:45:00+00:00,0.04874,0.04885,0.04802,0.04856,21189113.0
2025-12-13 09:00:00+00:00,0.04858,0.0496,0.04756,0.04813,46288753.0
2025-12-13 09:15:00+00:00,0.04815,0.04925,0.04778,0.04861,23922944.0
2025-12-13 09:30:00+00:00,0.04861,0.04889,0.04781,0.04793,19494755.0
2025-12-13 09:45:00+00:00,0.04793,0.04841,0.04627,0.04664,32522067.0
2025-12-13 10:00:00+00:00,0.04664,0.04831,0.0462,0.04766,26197031.0
2025-12-13 10:15:00+00:00,0.04766,0.04838,0.04683,0.04717,22489592.0
2025-12-13 10:30:00+00:00,0.04713,0.04792,0.04684,0.04734,14083561.0
2025-12-13 10:45:00+00:00,0.04732,0.04741,0.04658,0.04672,13141111.0
2025-12-13 11:00:00+00:00,0.04673,0.04715,0.04621,0.0468,18554901.0
2025-12-13 11:15:00+00:00,0.0468,0.04732,0.04561,0.04641,23410089.0
2025-12-13 11:30:00+00:00,0.04641,0.04666,0.0446,0.04516,19298853.0
2025-12-13 11:45:00+00:00,0.04515,0.04606,0.04444,0.04489,24305414.0
2025-12-13 12:00:00+00:00,0.04489,0.04562,0.04402,0.04448,23592975.0
2025-12-13 12:15:00+00:00,0.04446,0.04488,0.04359,0.04467,20091347.0
2025-12-13 12:30:00+00:00,0.04468,0.04629,0.04401,0.04404,33472299.0
2025-12-13 12:45:00+00:00,0.04405,0.04505,0.04399,0.0444,17257250.0
2025-12-13 13:00:00+00:00,0.0444,0.04479,0.04321,0.04369,22929250.0
2025-12-13 13:15:00+00:00,0.04369,0.04431,0.04325,0.04396,14823002.0
2025-12-13 13:30:00+00:00,0.04395,0.04503,0.0437,0.04456,17034575.0
2025-12-13 13:45:00+00:00,0.04455,0.04568,0.04418,0.04499,15562848.0
2025-12-13 14:00:00+00:00,0.045,0.04579,0.04498,0.04507,15327593.0
2025-12-13 14:15:00+00:00,0.04508,0.04563,0.04456,0.04523,13565286.0
2025-12-13 14:30:00+00:00,0.04521,0.04577,0.0449,0.04498,9883816.0
2025-12-13 14:45:00+00:00,0.04497,0.04556,0.0447,0.04546,8948523.0
2025-12-13 15:00:00+00:00,0.04544,0.04628,0.04525,0.04548,13617017.0
2025-12-13 15:15:00+00:00,0.04548,0.04589,0.04508,0.04545,8554798.0
2025-12-13 15:30:00+00:00,0.04545,0.04552,0.0447,0.0451,11543538.0
2025-12-13 15:45:00+00:00,0.0451,0.04528,0.04461,0.0451,7043431.0
2025-12-13 16:00:00+00:00,0.0451,0.04573,0.04499,0.04558,12499673.0
2025-12-13 16:15:00+00:00,0.04558,0.04819,0.04527,0.04805,25749127.0
2025-12-13 16:30:00+00:00,0.04802,0.04818,0.04653,0.04668,22131730.0
2025-12-13 16:45:00+00:00,0.04668,0.04692,0.04537,0.04564,13737681.0
2025-12-13 17:00:00+00:00,0.04565,0.04616,0.04539,0.04565,8564192.0
2025-12-13 17:15:00+00:00,0.04565,0.04581,0.04414,0.04424,11982924.0
2025-12-13 17:30:00+00:00,0.04424,0.04483,0.04407,0.04425,8969908.0
2025-12-13 17:45:00+00:00,0.04424,0.04506,0.04382,0.04478,11722142.0
2025-12-13 18:00:00+00:00,0.04479,0.04505,0.04333,0.04398,13365353.0
2025-12-13 18:15:00+00:00,0.04397,0.04429,0.04353,0.04385,7161826.0
2025-12-13 18:30:00+00:00,0.04385,0.04429,0.0437,0.04376,6698588.0
2025-12-13 18:45:00+00:00,0.04376,0.04445,0.04373,0.04419,6639429.0
2025-12-13 19:00:00+00:00,0.04419,0.0443,0.04344,0.04377,7735790.0
2025-12-13 19:15:00+00:00,0.04376,0.04408,0.04341,0.0435,3245195.0
2025-12-13 19:30:00+00:00,0.0435,0.04352,0.04275,0.04308,11691010.0
2025-12-13 19:45:00+00:00,0.04309,0.04327,0.04281,0.04299,6476427.0
2025-12-13 20:00:00+00:00,0.043,0.043,0.04221,0.04244,12068319.0
2025-12-13 20:15:00+00:00,0.04245,0.04255,0.04173,0.04191,11191772.0
2025-12-13 20:30:00+00:00,0.04191,0.04229,0.04178,0.04226,5607731.0
2025-12-13 20:45:00+00:00,0.04226,0.04249,0.04214,0.04227,5995143.0
2025-12-13 21:00:00+00:00,0.04228,0.04229,0.04141,0.04182,8123113.0
2025-12-13 21:15:00+00:00,0.04182,0.04207,0.04163,0.0417,3793965.0
2025-12-13 21:30:00+00:00,0.04169,0.04195,0.04153,0.0416,3440526.0
2025-12-13 21:45:00+00:00,0.04161,0.04184,0.04116,0.04143,5665553.0
2025-12-13 22:00:00+00:00,0.04144,0.04175,0.04095,0.0411,7353257.0
2025-12-13 22:15:00+00:00,0.04108,0.04132,0.04099,0.04114,3599411.0
2025-12-13 22:30:00+00:00,0.04115,0.04116,0.04056,0.04068,3886219.0
2025-12-13 22:45:00+00:00,0.04068,0.04081,0.04041,0.04063,3661835.0
2025-12-13 23:00:00+00:00,0.04064,0.0407,0.04001,0.04031,6601156.0
2025-12-13 23:15:00+00:00,0.04031,0.04108,0.04023,0.04104,5017201.0
2025-12-13 23:30:00+00:00,0.04106,0.04184,0.04093,0.04115,10833984.0
2025-12-13 23:45:00+00:00,0.04114,0.04114,0.0404,0.04051,5142441.0
2025-12-14 00:00:00+00:00,0.04052,0.04137,0.0404,0.04113,8801433.0
2025-12-14 00:15:00+00:00,0.04113,0.04118,0.03979,0.04012,8406837.0
2025-12-14 00:30:00+00:00,0.04013,0.04088,0.03997,0.04071,4683410.0
2025-12-14 00:45:00+00:00,0.0407,0.0407,0.04022,0.04051,4485804.0
2025-12-14 01:00:00+00:00,0.04051,0.04132,0.04034,0.04126,5691909.0
2025-12-14 01:15:00+00:00,0.04127,0.04156,0.04046,0.04057,6071261.0
2025-12-14 01:30:00+00:00,0.04057,0.04085,0.0405,0.0408,2222977.0
2025-12-14 01:45:00+00:00,0.04081,0.04118,0.04057,0.0407,3083793.0
2025-12-14 02:00:00+00:00,0.0407,0.04095,0.04043,0.04077,4150380.0
2025-12-14 02:15:00+00:00,0.04079,0.04097,0.04041,0.04077,4120729.0
2025-12-14 02:30:00+00:00,0.04076,0.04133,0.04068,0.04128,4500182.0
2025-12-14 02:45:00+00:00,0.04128,0.04155,0.04092,0.04116,3260604.0
2025-12-14 03:00:00+00:00,0.04119,0.04131,0.0404,0.0407,6858562.0
2025-12-14 03:15:00+00:00,0.04068,0.04106,0.04035,0.04084,5494041.0
2025-12-14 03:30:00+00:00,0.04084,0.04099,0.0404,0.04067,2803731.0
2025-12-14 03:45:00+00:00,0.04069,0.04098,0.04066,0.04066,1980357.0
2025-12-14 04:00:00+00:00,0.04068,0.04082,0.04025,0.04045,3005112.0
2025-12-14 04:15:00+00:00,0.04044,0.04053,0.04002,0.04004,1984947.0
2025-12-14 04:30:00+00:00,0.04004,0.04023,0.03935,0.03976,8924001.0
2025-12-14 04:45:00+00:00,0.03976,0.04023,0.03959,0.04021,4373712.0
2025-12-14 05:00:00+00:00,0.04022,0.04024,0.03983,0.04014,4146397.0
2025-12-14 05:15:00+00:00,0.04015,0.04045,0.04002,0.0401,3361730.0
2025-12-14 05:30:00+00:00,0.0401,0.04081,0.03985,0.04074,6099250.0
2025-12-14 05:45:00+00:00,0.04075,0.04089,0.04028,0.04037,3930763.0
2025-12-14 06:00:00+00:00,0.04037,0.04043,0.03982,0.03986,4508928.0
2025-12-14 06:15:00+00:00,0.03986,0.04045,0.03985,0.04014,4786536.0
2025-12-14 06:30:00+00:00,0.04015,0.04123,0.04009,0.04049,8866664.0
2025-12-14 06:45:00+00:00,0.04049,0.04794,0.04048,0.04628,58944055.0
2025-12-14 07:00:00+00:00,0.04627,0.04731,0.04458,0.04599,41237381.0
2025-12-14 07:15:00+00:00,0.046,0.0478,0.04596,0.04761,24168891.0
2025-12-14 07:30:00+00:00,0.04762,0.04813,0.04628,0.04635,17391683.0
2025-12-14 07:45:00+00:00,0.04636,0.04639,0.04302,0.0441,39602715.0
2025-12-14 08:00:00+00:00,0.04412,0.04472,0.04294,0.04322,15676608.0
2025-12-14 08:15:00+00:00,0.04322,0.04322,0.04163,0.04203,18904308.0
2025-12-14 08:30:00+00:00,0.04201,0.04251,0.0413,0.04178,9018243.0
2025-12-14 08:45:00+00:00,0.04178,0.04272,0.04144,0.04253,8386591.0
2025-12-14 09:00:00+00:00,0.04251,0.04288,0.04069,0.04125,11192093.0
2025-12-14 09:15:00+00:00,0.04126,0.04185,0.04123,0.04145,6770697.0
2025-12-14 09:30:00+00:00,0.04145,0.04237,0.04126,0.04235,7238137.0
2025-12-14 09:45:00+00:00,0.04232,0.04432,0.04195,0.04332,21544101.0
2025-12-14 10:00:00+00:00,0.04334,0.04335,0.04203,0.04239,9407997.0
2025-12-14 10:15:00+00:00,0.04239,0.04274,0.042,0.0423,5365420.0
2025-12-14 10:30:00+00:00,0.0423,0.04254,0.04209,0.04254,3472504.0
2025-12-14 10:45:00+00:00,0.04253,0.04253,0.0409,0.04109,8017696.0
2025-12-14 11:00:00+00:00,0.04109,0.04154,0.04058,0.04101,9008178.0
2025-12-14 11:15:00+00:00,0.04099,0.0411,0.0407,0.04095,4148515.0
2025-12-14 11:30:00+00:00,0.04096,0.04131,0.04079,0.0408,2345422.0
2025-12-14 11:45:00+00:00,0.0408,0.04119,0.04012,0.04027,7605090.0
2025-12-14 12:00:00+00:00,0.04027,0.04064,0.03993,0.04044,5970666.0
2025-12-14 12:15:00+00:00,0.04044,0.04297,0.04023,0.04122,22763271.0
2025-12-14 12:30:00+00:00,0.0412,0.04182,0.04098,0.04166,5987185.0
2025-12-14 12:45:00+00:00,0.04166,0.04231,0.04155,0.04199,4773567.0
2025-12-14 13:00:00+00:00,0.04199,0.04465,0.04132,0.04426,25938080.0
2025-12-14 13:15:00+00:00,0.04426,0.04615,0.044,0.04527,16855229.0
2025-12-14 13:30:00+00:00,0.04525,0.0476,0.04523,0.04679,21685894.0
2025-12-14 13:45:00+00:00,0.04679,0.04831,0.04491,0.04752,32772093.0
2025-12-14 14:00:00+00:00,0.04751,0.04966,0.04741,0.04923,26892675.0
2025-12-14 14:15:00+00:00,0.04929,0.053,0.04918,0.05174,45363048.0
2025-12-14 14:30:00+00:00,0.05175,0.0542,0.04836,0.05148,83151708.0
2025-12-14 14:45:00+00:00,0.0515,0.0525,0.04918,0.05244,31940055.0
2025-12-14 15:00:00+00:00,0.05243,0.05555,0.05165,0.05499,59888053.0
2025-12-14 15:15:00+00:00,0.05501,0.0587,0.05458,0.0564,84639304.0
2025-12-14 15:30:00+00:00,0.0564,0.08398,0.05314,0.07906,360281069.0
2025-12-14 15:45:00+00:00,0.07902,0.09066,0.07371,0.08127,337829625.0
2025-12-14 16:00:00+00:00,0.08126,0.08394,0.07362,0.07738,196000378.0
2025-12-14 16:15:00+00:00,0.07738,0.08941,0.07528,0.07657,218614941.0
2025-12-14 16:30:00+00:00,0.07656,0.0822,0.069,0.06989,182150143.0
2025-12-14 16:45:00+00:00,0.0699,0.08026,0.06913,0.07773,135624882.0
2025-12-14 17:00:00+00:00,0.07773,0.08326,0.0773,0.07989,91705828.0
2025-12-14 17:15:00+00:00,0.07991,0.08355,0.07967,0.08049,67210498.0
2025-12-14 17:30:00+00:00,0.08052,0.081,0.07725,0.0798,62200048.0
2025-12-14 17:45:00+00:00,0.0798,0.07999,0.07635,0.07895,55812016.0
2025-12-14 18:00:00+00:00,0.07895,0.08225,0.07846,0.08123,58310647.0
2025-12-14 18:15:00+00:00,0.08122,0.0823,0.07777,0.07965,47469973.0
2025-12-14 18:30:00+00:00,0.07967,0.08086,0.0781,0.07917,37731420.0
2025-12-14 18:45:00+00:00,0.07919,0.0806,0.07601,0.08037,36665003.0
2025-12-14 19:00:00+00:00,0.08034,0.0805,0.07845,0.07937,30596758.0
2025-12-14 19:15:00+00:00,0.07942,0.0839,0.07737,0.08006,64512792.0
2025-12-14 19:30:00+00:00,0.08002,0.08105,0.07815,0.07922,32625136.0
2025-12-14 19:45:00+00:00,0.07928,0.08055,0.07752,0.07954,30348141.0
2025-12-14 20:00:00+00:00,0.07953,0.083,0.07901,0.082,50757090.0
2025-12-14 20:15:00+00:00,0.08198,0.08617,0.07866,0.07895,79681557.0
2025-12-14 20:30:00+00:00,0.07896,0.08155,0.07791,0.08014,37914479.0
2025-12-14 20:45:00+00:00,0.08013,0.08066,0.07946,0.08017,21498433.0
2025-12-14 21:00:00+00:00,0.08016,0.08137,0.07922,0.08041,31421240.0
2025-12-14 21:15:00+00:00,0.08042,0.08187,0.0799,0.08057,23964565.0
2025-12-14 21:30:00+00:00,0.08059,0.08544,0.0798,0.08097,45120052.0
2025-12-14 21:45:00+00:00,0.08093,0.08148,0.07926,0.0806,27323420.0
2025-12-14 22:00:00+00:00,0.08062,0.08162,0.07602,0.07702,46966993.0
2025-12-14 22:15:00+00:00,0.07706,0.08121,0.07666,0.07906,49116474.0
2025-12-14 22:30:00+00:00,0.07906,0.08067,0.07863,0.08018,22062363.0
2025-12-14 22:45:00+00:00,0.08017,0.0828,0.0788,0.08048,25685021.0
2025-12-14 23:00:00+00:00,0.08049,0.08385,0.08035,0.08231,40755404.0
2025-12-14 23:15:00+00:00,0.08228,0.08316,0.07915,0.07996,27661378.0
2025-12-14 23:30:00+00:00,0.07995,0.08099,0.0792,0.08042,22474394.0
2025-12-14 23:45:00+00:00,0.08043,0.08179,0.07712,0.08055,35779287.0
2025-12-15 00:00:00+00:00,0.08053,0.08187,0.07835,0.07971,28625218.0
2025-12-15 00:15:00+00:00,0.07971,0.08076,0.0795,0.08019,18931111.0
2025-12-15 00:30:00+00:00,0.08018,0.08617,0.08009,0.08241,62681662.0
2025-12-15 00:45:00+00:00,0.08242,0.0845,0.08074,0.08128,36500223.0
2025-12-15 01:00:00+00:00,0.08126,0.08933,0.08022,0.08622,83173517.0
2025-12-15 01:15:00+00:00,0.0862,0.08688,0.07638,0.0793,111848758.0
2025-12-15 01:30:00+00:00,0.07931,0.08235,0.07676,0.07929,58037387.0
2025-12-15 01:45:00+00:00,0.07929,0.08051,0.07525,0.07707,60921164.0
2025-12-15 02:00:00+00:00,0.07709,0.08138,0.077,0.0781,31762991.0
2025-12-15 02:15:00+00:00,0.07811,0.07921,0.07061,0.0718,66953495.0
2025-12-15 02:30:00+00:00,0.07179,0.07468,0.06184,0.06279,186275382.0
2025-12-15 02:45:00+00:00,0.06278,0.06799,0.05563,0.06667,287185027.0
2025-12-15 03:00:00+00:00,0.06666,0.06974,0.06226,0.063,136803846.0
2025-12-15 03:15:00+00:00,0.06299,0.06492,0.057,0.05805,125837666.0
2025-12-15 03:30:00+00:00,0.05804,0.05895,0.05335,0.05374,125606420.0
2025-12-15 03:45:00+00:00,0.05372,0.05785,0.05363,0.05661,65161923.0
2025-12-15 04:00:00+00:00,0.05657,0.06424,0.05521,0.06387,111395235.0
2025-12-15 04:15:00+00:00,0.06388,0.06684,0.0623,0.0625,98888802.0
2025-12-15 04:30:00+00:00,0.0625,0.0666,0.06178,0.06585,71264164.0
2025-12-15 04:45:00+00:00,0.06585,0.06848,0.06545,0.06741,54147699.0
2025-12-15 05:00:00+00:00,0.06739,0.0738,0.0672,0.07177,91179750.0
2025-12-15 05:15:00+00:00,0.07178,0.07277,0.0694,0.06976,56671187.0
2025-12-15 05:30:00+00:00,0.06978,0.07027,0.06513,0.06562,78512304.0
2025-12-15 05:45:00+00:00,0.06561,0.07299,0.06509,0.07008,90186102.0
2025-12-15 06:00:00+00:00,0.07009,0.07447,0.06902,0.07213,62752946.0
2025-12-15 06:15:00+00:00,0.07213,0.0759,0.07162,0.07406,72237327.0
2025-12-15 06:30:00+00:00,0.07413,0.07637,0.07332,0.07614,51113716.0
2025-12-15 06:45:00+00:00,0.07613,0.07865,0.0755,0.07751,77603037.0
2025-12-15 07:00:00+00:00,0.0775,0.0859,0.0775,0.08162,123611346.0
2025-12-15 07:15:00+00:00,0.08162,0.08393,0.07914,0.08214,76928461.0
2025-12-15 07:30:00+00:00,0.08213,0.08268,0.0804,0.08099,49452894.0
2025-12-15 07:45:00+00:00,0.081,0.08347,0.08055,0.08201,49974116.0
2025-12-15 08:00:00+00:00,0.08202,0.08269,0.07612,0.07778,84727051.0
2025-12-15 08:15:00+00:00,0.07773,0.08001,0.07638,0.07775,77668749.0
2025-12-15 08:30:00+00:00,0.07776,0.08455,0.07764,0.08155,91951365.0
2025-12-15 08:45:00+00:00,0.08154,0.08199,0.08023,0.08132,34956027.0
2025-12-15 09:00:00+00:00,0.08132,0.0818,0.07882,0.0794,47088667.0
2025-12-15 09:15:00+00:00,0.07937,0.08059,0.07862,0.07928,32436182.0
2025-12-15 09:30:00+00:00,0.0793,0.08066,0.07879,0.08013,33386597.0
2025-12-15 09:45:00+00:00,0.08009,0.08041,0.07872,0.07876,29292207.0
2025-12-15 10:00:00+00:00,0.07876,0.07933,0.07773,0.07879,36004302.0
2025-12-15 10:15:00+00:00,0.0788,0.07997,0.07841,0.07913,24930483.0
2025-12-15 10:30:00+00:00,0.07919,0.0814,0.07782,0.07834,33893717.0
2025-12-15 10:45:00+00:00,0.07835,0.08239,0.07815,0.08123,44685943.0
2025-12-15 11:00:00+00:00,0.08122,0.08197,0.07744,0.07764,54977157.0
2025-12-15 11:15:00+00:00,0.07763,0.07889,0.07424,0.07481,89447598.0
2025-12-15 11:30:00+00:00,0.07481,0.07738,0.07343,0.07478,61609735.0
2025-12-15 11:45:00+00:00,0.07478,0.07942,0.07384,0.0776,66907756.0
2025-12-15 12:00:00+00:00,0.07759,0.07987,0.0765,0.07889,39901831.0
2025-12-15 12:15:00+00:00,0.07884,0.07925,0.07717,0.07842,28117980.0
2025-12-15 12:30:00+00:00,0.07845,0.081,0.078,0.07965,36615839.0
2025-12-15 12:45:00+00:00,0.07963,0.08018,0.07821,0.07925,30483317.0
2025-12-15 13:00:00+00:00,0.07925,0.07959,0.0769,0.07826,36326225.0
2025-12-15 13:15:00+00:00,0.07824,0.08264,0.07822,0.08024,46872689.0
2025-12-15 13:30:00+00:00,0.08026,0.08094,0.07821,0.07902,39085007.0
2025-12-15 13:45:00+00:00,0.07901,0.08424,0.07901,0.08189,65438687.0
2025-12-15 14:00:00+00:00,0.08192,0.08333,0.08075,0.08271,40005986.0
2025-12-15 14:15:00+00:00,0.08271,0.08364,0.08104,0.08216,40023656.0
2025-12-15 14:30:00+00:00,0.08214,0.08286,0.08083,0.08219,26395983.0
2025-12-15 14:45:00+00:00,0.0822,0.08686,0.08161,0.08534,93303446.0
2025-12-15 15:00:00+00:00,0.08538,0.08852,0.07535,0.07615,160725346.0
2025-12-15 15:15:00+00:00,0.07615,0.07971,0.06434,0.07319,345291834.0
2025-12-15 15:30:00+00:00,0.07325,0.07336,0.06683,0.07054,114592675.0
2025-12-15 15:45:00+00:00,0.0705,0.074,0.06778,0.07303,68984967.0
2025-12-15 16:00:00+00:00,0.07301,0.08077,0.07,0.08037,102289665.0
2025-12-15 16:15:00+00:00,0.08041,0.08397,0.07653,0.07803,97367096.0
2025-12-15 16:30:00+00:00,0.07801,0.08616,0.07713,0.08409,69825806.0
2025-12-15 16:45:00+00:00,0.08407,0.09834,0.08279,0.0927,162748721.0
2025-12-15 17:00:00+00:00,0.09268,0.09366,0.08386,0.09012,108397929.0
2025-12-15 17:15:00+00:00,0.09019,0.0967,0.08905,0.0954,59503959.0
2025-12-15 17:30:00+00:00,0.09534,0.09832,0.08987,0.09568,58658005.0
2025-12-15 17:45:00+00:00,0.09568,0.09611,0.08898,0.09085,56815484.0
2025-12-15 18:00:00+00:00,0.09081,0.09194,0.089,0.09103,42221017.0
2025-12-15 18:15:00+00:00,0.09102,0.09328,0.09008,0.09193,31827066.0
2025-12-15 18:30:00+00:00,0.0919,0.0996,0.09148,0.0956,68978284.0
2025-12-15 18:45:00+00:00,0.0956,0.103,0.0948,0.09879,84792670.0
2025-12-15 19:00:00+00:00,0.09876,0.10318,0.09868,0.09987,56495753.0
2025-12-15 19:15:00+00:00,0.09984,0.10135,0.09662,0.10031,45585732.0
2025-12-15 19:30:00+00:00,0.10033,0.1028,0.09927,0.10055,29942821.0
2025-12-15 19:45:00+00:00,0.10057,0.10444,0.0994,0.10207,40192346.0
2025-12-15 20:00:00+00:00,0.10208,0.103,0.09989,0.10117,25772313.0
2025-12-15 20:15:00+00:00,0.1012,0.1036,0.09918,0.10099,26179405.0
2025-12-15 20:30:00+00:00,0.10099,0.10274,0.10078,0.102,21961400.0
2025-12-15 20:45:00+00:00,0.102,0.10855,0.10154,0.10627,55939371.0
2025-12-15 21:00:00+00:00,0.1063,0.10888,0.10469,0.10557,41731878.0
2025-12-15 21:15:00+00:00,0.10552,0.1072,0.10434,0.1055,23832242.0
2025-12-15 21:30:00+00:00,0.10554,0.1065,0.10345,0.10469,23154647.0
2025-12-15 21:45:00+00:00,0.1047,0.10835,0.10377,0.10678,25519683.0
2025-12-15 22:00:00+00:00,0.10678,0.10836,0.106,0.10675,24179457.0
2025-12-15 22:15:00+00:00,0.10677,0.1073,0.10509,0.10587,16944417.0
2025-12-15 22:30:00+00:00,0.10587,0.10767,0.09779,0.09933,39867743.0
2025-12-15 22:45:00+00:00,0.09933,0.104,0.09912,0.10288,27987326.0
2025-12-15 23:00:00+00:00,0.10286,0.10465,0.101,0.10207,19291319.0
2025-12-15 23:15:00+00:00,0.10207,0.104,0.09903,0.10104,17622136.0
2025-12-15 23:30:00+00:00,0.10106,0.1016,0.09929,0.10034,14224970.0
2025-12-15 23:45:00+00:00,0.10032,0.10126,0.09792,0.09942,23418726.0
2025-12-16 00:00:00+00:00,0.0994,0.144,0.09877,0.1139,136428413.0
2025-12-16 00:15:00+00:00,0.11383,0.124,0.11,0.12286,124088214.0
2025-12-16 00:30:00+00:00,0.12291,0.14399,0.11903,0.13618,149011685.0
2025-12-16 00:45:00+00:00,0.13612,0.146,0.13,0.13085,107191558.0
2025-12-16 01:00:00+00:00,0.13077,0.13374,0.12051,0.12361,103531175.0
2025-12-16 01:15:00+00:00,0.12361,0.12588,0.11404,0.11439,74050046.0
2025-12-16 01:30:00+00:00,0.11438,0.12398,0.11063,0.12312,99869846.0
2025-12-16 01:45:00+00:00,0.12311,0.13307,0.12252,0.1281,76982428.0
2025-12-16 02:00:00+00:00,0.12806,0.13006,0.12362,0.12748,39459339.0
2025-12-16 02:15:00+00:00,0.12745,0.12847,0.12337,0.12523,28012622.0
2025-12-16 02:30:00+00:00,0.12519,0.12797,0.1234,0.12612,19917035.0
2025-12-16 02:45:00+00:00,0.12612,0.12809,0.12552,0.12719,16407701.0
2025-12-16 03:00:00+00:00,0.12719,0.12872,0.12506,0.12803,23204519.0
2025-12-16 03:15:00+00:00,0.12805,0.12836,0.12338,0.12417,19640293.0
2025-12-16 03:30:00+00:00,0.12419,0.12817,0.12403,0.12597,23614990.0
2025-12-16 03:45:00+00:00,0.12596,0.12749,0.12333,0.12502,19834978.0
2025-12-16 04:00:00+00:00,0.12504,0.127,0.115,0.12286,66749633.0
2025-12-16 04:15:00+00:00,0.12286,0.12297,0.11504,0.11806,38091677.0
2025-12-16 04:30:00+00:00,0.11804,0.12261,0.11615,0.1175,26789146.0
2025-12-16 04:45:00+00:00,0.11749,0.11869,0.1134,0.11423,34390421.0
2025-12-16 05:00:00+00:00,0.11422,0.1152,0.10906,0.11054,47548271.0
2025-12-16 05:15:00+00:00,0.11056,0.11808,0.10785,0.11193,64140240.0
2025-12-16 05:30:00+00:00,0.11193,0.11753,0.11175,0.11582,32209814.0
2025-12-16 05:45:00+00:00,0.11585,0.1297,0.11562,0.11876,60439614.0
2025-12-16 06:00:00+00:00,0.11879,0.11987,0.11327,0.11612,32679444.0
2025-12-16 06:15:00+00:00,0.11611,0.11649,0.11347,0.11375,15494361.0
2025-12-16 06:30:00+00:00,0.11375,0.11671,0.11212,0.11593,19197214.0
2025-12-16 06:45:00+00:00,0.116,0.11739,0.11232,0.11322,18350261.0
2025-12-16 07:00:00+00:00,0.1132,0.11361,0.11004,0.11105,21278899.0
2025-12-16 07:15:00+00:00,0.11109,0.11333,0.10837,0.11188,24078196.0
2025-12-16 07:30:00+00:00,0.1119,0.11381,0.10824,0.11265,24169292.0
2025-12-16 07:45:00+00:00,0.11265,0.11549,0.10687,0.10865,29030922.0
2025-12-16 08:00:00+00:00,0.10865,0.10883,0.10519,0.10681,28308507.0
2025-12-16 08:15:00+00:00,0.10685,0.10874,0.10407,0.10457,26395110.0
2025-12-16 08:30:00+00:00,0.10458,0.10666,0.10123,0.10637,36625570.0
2025-12-16 08:45:00+00:00,0.1064,0.10732,0.10282,0.10357,24052950.0
2025-12-16 09:00:00+00:00,0.1036,0.10428,0.10042,0.10122,28923839.0
2025-12-16 09:15:00+00:00,0.10123,0.10442,0.0978,0.10199,44549492.0
2025-12-16 09:30:00+00:00,0.10203,0.1116,0.10191,0.10688,58213864.0
2025-12-16 09:45:00+00:00,0.10691,0.10817,0.10179,0.1054,38608811.0
2025-12-16 10:00:00+00:00,0.10539,0.10845,0.104,0.10432,22534890.0
2025-12-16 10:15:00+00:00,0.10431,0.10615,0.10134,0.10152,22759572.0
2025-12-16 10:30:00+00:00,0.10148,0.1048,0.10133,0.10416,16390813.0
2025-12-16 10:45:00+00:00,0.10422,0.107,0.09879,0.09938,29365470.0
2025-12-16 11:00:00+00:00,0.09938,0.101,0.09603,0.09772,35463886.0
2025-12-16 11:15:00+00:00,0.09768,0.1041,0.09325,0.10147,55370329.0
2025-12-16 11:30:00+00:00,0.1015,0.10248,0.09769,0.09912,24632852.0
2025-12-16 11:45:00+00:00,0.09915,0.1018,0.09696,0.10019,25231865.0
2025-12-16 12:00:00+00:00,0.10019,0.10074,0.09836,0.1001,16933635.0
2025-12-16 12:15:00+00:00,0.10013,0.10262,0.0985,0.0991,18143253.0
2025-12-16 12:30:00+00:00,0.09916,0.10195,0.0974,0.10024,18522313.0
2025-12-16 12:45:00+00:00,0.10024,0.10595,0.09942,0.10245,30201314.0
2025-12-16 13:00:00+00:00,0.10246,0.10399,0.09733,0.10089,39539173.0
2025-12-16 13:15:00+00:00,0.10089,0.10178,0.09852,0.0997,22588705.0
2025-12-16 13:30:00+00:00,0.09975,0.10488,0.09827,0.09946,34360920.0
2025-12-16 13:45:00+00:00,0.09946,0.10138,0.09516,0.09986,33283144.0
2025-12-16 14:00:00+00:00,0.09982,0.10247,0.09841,0.09869,20487107.0
2025-12-16 14:15:00+00:00,0.09867,0.10064,0.09686,0.09821,15233411.0
2025-12-16 14:30:00+00:00,0.09822,0.09928,0.09526,0.09528,23453906.0
2025-12-16 14:45:00+00:00,0.09526,0.09686,0.09249,0.09529,28797367.0
2025-12-16 15:00:00+00:00,0.09529,0.098,0.09366,0.09676,21778048.0
2025-12-16 15:15:00+00:00,0.09672,0.09731,0.0923,0.09303,26328516.0
2025-12-16 15:30:00+00:00,0.09299,0.09455,0.09111,0.09246,30289417.0
2025-12-16 15:45:00+00:00,0.09247,0.094,0.09057,0.09122,24898317.0
2025-12-16 16:00:00+00:00,0.09123,0.09326,0.09034,0.09157,19232130.0
2025-12-16 16:15:00+00:00,0.09157,0.097,0.09129,0.092,25838932.0
2025-12-16 16:30:00+00:00,0.09203,0.09492,0.09179,0.09401,13008622.0
2025-12-16 16:45:00+00:00,0.09404,0.09464,0.0908,0.09362,20129491.0
2025-12-16 17:00:00+00:00,0.09361,0.09726,0.09311,0.09596,21303288.0
2025-12-16 17:15:00+00:00,0.09597,0.10425,0.09559,0.10328,29447461.0
2025-12-16 17:30:00+00:00,0.10324,0.10478,0.09947,0.10059,30255865.0
2025-12-16 17:45:00+00:00,0.10058,0.10597,0.10038,0.10538,16823449.0
2025-12-16 18:00:00+00:00,0.10538,0.10672,0.10271,0.10435,19937036.0
2025-12-16 18:15:00+00:00,0.10439,0.10531,0.10069,0.10189,17297078.0
2025-12-16 18:30:00+00:00,0.1019,0.10244,0.09865,0.09946,13058907.0
2025-12-16 18:45:00+00:00,0.09949,0.10063,0.09633,0.09892,12659906.0
2025-12-16 19:00:00+00:00,0.09889,0.09896,0.09682,0.09752,9947613.0
2025-12-16 19:15:00+00:00,0.09755,0.09852,0.09655,0.09729,7137310.0
2025-12-16 19:30:00+00:00,0.09728,0.09739,0.09535,0.09659,8853761.0
2025-12-16 19:45:00+00:00,0.09659,0.09689,0.0956,0.09595,5117041.0
2025-12-16 20:00:00+00:00,0.09596,0.09659,0.09358,0.09375,10419549.0
2025-12-16 20:15:00+00:00,0.09374,0.0944,0.09235,0.09301,7306343.0
2025-12-16 20:30:00+00:00,0.09301,0.09361,0.09247,0.09264,4293181.0
2025-12-16 20:45:00+00:00,0.09263,0.09322,0.09125,0.09137,4357421.0
2025-12-16 21:00:00+00:00,0.09133,0.09245,0.08916,0.09072,12719062.0
2025-12-16 21:15:00+00:00,0.09073,0.0911,0.08947,0.08965,6375375.0
2025-12-16 21:30:00+00:00,0.08967,0.09126,0.08941,0.09047,6799701.0
2025-12-16 21:45:00+00:00,0.09047,0.09094,0.0884,0.08878,6366944.0
2025-12-16 22:00:00+00:00,0.08876,0.08984,0.08803,0.0886,6346371.0
2025-12-16 22:15:00+00:00,0.08857,0.0895,0.08638,0.08639,8167329.0
2025-12-16 22:30:00+00:00,0.0864,0.08784,0.08582,0.0869,9283147.0
2025-12-16 22:45:00+00:00,0.0869,0.0888,0.08628,0.08673,10082536.0
2025-12-16 23:00:00+00:00,0.08672,0.08742,0.08514,0.08526,8696171.0
2025-12-16 23:15:00+00:00,0.08528,0.08615,0.0842,0.08488,9547372.0
2025-12-16 23:30:00+00:00,0.08488,0.08533,0.08349,0.08373,8208264.0
2025-12-16 23:45:00+00:00,0.08376,0.08441,0.08195,0.08252,11352815.0
2025-12-17 00:00:00+00:00,0.08252,0.08306,0.08102,0.08193,12405449.0
2025-12-17 00:15:00+00:00,0.08191,0.08778,0.08172,0.08489,32321548.0
2025-12-17 00:30:00+00:00,0.08492,0.10306,0.08484,0.09954,79092843.0
2025-12-17 00:45:00+00:00,0.09957,0.10361,0.09685,0.1003,33924086.0
2025-12-17 01:00:00+00:00,0.10035,0.1024,0.09677,0.09759,32988405.0
2025-12-17 01:15:00+00:00,0.09764,0.09887,0.09434,0.09693,23382551.0
2025-12-17 01:30:00+00:00,0.09701,0.099,0.09606,0.09734,10116967.0
2025-12-17 01:45:00+00:00,0.09735,0.10038,0.09723,0.09911,13418392.0
2025-12-17 02:00:00+00:00,0.09909,0.10051,0.09852,0.10002,6822978.0
2025-12-17 02:15:00+00:00,0.10001,0.10016,0.097,0.09891,8835251.0
2025-12-17 02:30:00+00:00,0.0989,0.1005,0.09714,0.09723,8372545.0
2025-12-17 02:45:00+00:00,0.09724,0.09868,0.09625,0.0972,8089349.0
2025-12-17 03:00:00+00:00,0.09719,0.10056,0.09646,0.09658,12470447.0
2025-12-17 03:15:00+00:00,0.09658,0.09841,0.09561,0.09672,9777106.0
2025-12-17 03:30:00+00:00,0.09674,0.09836,0.09592,0.09746,6331340.0
2025-12-17 03:45:00+00:00,0.09746,0.09835,0.09657,0.09779,5791528.0
2025-12-17 04:00:00+00:00,0.09782,0.1,0.09745,0.09801,7952983.0
2025-12-17 04:15:00+00:00,0.09799,0.10098,0.09797,0.10005,9962537.0
2025-12-17 04:30:00+00:00,0.10005,0.10025,0.0969,0.09752,9849875.0
2025-12-17 04:45:00+00:00,0.09753,0.09842,0.09656,0.09792,7008752.0
2025-12-17 05:00:00+00:00,0.09792,0.09929,0.09716,0.09761,8364013.0
2025-12-17 05:15:00+00:00,0.09761,0.0991,0.09759,0.09902,5920943.0
2025-12-17 05:30:00+00:00,0.09902,0.09969,0.09803,0.09807,6711587.0
2025-12-17 05:45:00+00:00,0.09808,0.09877,0.09762,0.09832,5556318.0
2025-12-17 06:00:00+00:00,0.09828,0.0986,0.09612,0.09645,10317495.0
2025-12-17 06:15:00+00:00,0.09645,0.09793,0.096,0.09661,6571576.0
2025-12-17 06:30:00+00:00,0.0966,0.09734,0.09158,0.09201,23088698.0
2025-12-17 06:45:00+00:00,0.09199,0.09352,0.09144,0.09212,11226269.0
2025-12-17 07:00:00+00:00,0.09212,0.09275,0.09004,0.0905,13941828.0
2025-12-17 07:15:00+00:00,0.09058,0.0919,0.08875,0.09119,19179031.0
2025-12-17 07:30:00+00:00,0.0912,0.09397,0.09096,0.09325,13434489.0
2025-12-17 07:45:00+00:00,0.09325,0.09844,0.09301,0.09839,15744113.0
2025-12-17 08:00:00+00:00,0.09834,0.09963,0.09658,0.09908,18520033.0
2025-12-17 08:15:00+00:00,0.09906,0.09935,0.09795,0.09874,9651362.0
2025-12-17 08:30:00+00:00,0.09867,0.09867,0.09444,0.09576,17095834.0
2025-12-17 08:45:00+00:00,0.09575,0.09634,0.0941,0.09475,8880293.0
2025-12-17 09:00:00+00:00,0.09474,0.09696,0.09375,0.09582,7967523.0
2025-12-17 09:15:00+00:00,0.09581,0.09694,0.0948,0.09539,5771661.0
2025-12-17 09:30:00+00:00,0.09539,0.09558,0.09304,0.09352,6422191.0
2025-12-17 09:45:00+00:00,0.09351,0.0936,0.09226,0.09301,7533347.0
2025-12-17 10:00:00+00:00,0.09302,0.09368,0.09047,0.09287,11457337.0
2025-12-17 10:15:00+00:00,0.09291,0.09302,0.09108,0.0917,5548060.0
2025-12-17 10:30:00+00:00,0.09166,0.09352,0.09116,0.09224,5790257.0
2025-12-17 10:45:00+00:00,0.09223,0.09258,0.09084,0.09094,4711196.0
2025-12-17 11:00:00+00:00,0.09092,0.09264,0.09006,0.09015,6578290.0
2025-12-17 11:15:00+00:00,0.0902,0.09323,0.0902,0.09166,6713306.0
2025-12-17 11:30:00+00:00,0.09165,0.09177,0.09062,0.09069,5656275.0
2025-12-17 11:45:00+00:00,0.0907,0.09097,0.0892,0.08994,5622470.0
2025-12-17 12:00:00+00:00,0.08993,0.09038,0.08912,0.08929,4820272.0
2025-12-17 12:15:00+00:00,0.08927,0.09062,0.08871,0.08945,8682698.0
2025-12-17 12:30:00+00:00,0.08944,0.0922,0.08938,0.08969,8437513.0
2025-12-17 12:45:00+00:00,0.08969,0.09146,0.08951,0.08972,5730847.0
2025-12-17 13:00:00+00:00,0.08972,0.09167,0.08884,0.0909,8181334.0
2025-12-17 13:15:00+00:00,0.09089,0.0928,0.09001,0.09268,7417530.0
2025-12-17 13:30:00+00:00,0.09266,0.09685,0.09237,0.09455,17312070.0
2025-12-17 13:45:00+00:00,0.09454,0.09457,0.09159,0.09338,8795277.0
2025-12-17 14:00:00+00:00,0.09338,0.09378,0.09131,0.09327,7482330.0
2025-12-17 14:15:00+00:00,0.09326,0.09596,0.09271,0.09516,8114808.0
2025-12-17 14:30:00+00:00,0.09516,0.09516,0.09311,0.09356,6371881.0
2025-12-17 14:45:00+00:00,0.09355,0.09602,0.09295,0.09562,8858249.0
2025-12-17 15:00:00+00:00,0.09562,0.09758,0.0948,0.09538,11938316.0
2025-12-17 15:15:00+00:00,0.09533,0.09566,0.09308,0.09339,8181328.0
2025-12-17 15:30:00+00:00,0.09338,0.09344,0.09043,0.09074,9615944.0
2025-12-17 15:45:00+00:00,0.09073,0.09075,0.08814,0.08873,11730517.0
2025-12-17 16:00:00+00:00,0.08873,0.0906,0.0885,0.08985,8944063.0
2025-12-17 16:15:00+00:00,0.08985,0.09228,0.08918,0.09206,10952417.0
2025-12-17 16:30:00+00:00,0.09209,0.09259,0.08884,0.08905,8842265.0
2025-12-17 16:45:00+00:00,0.08904,0.09086,0.0882,0.08997,7031867.0
2025-12-17 17:00:00+00:00,0.08998,0.09037,0.08844,0.09007,5738367.0
2025-12-17 17:15:00+00:00,0.09004,0.09129,0.08926,0.08962,4979691.0
2025-12-17 17:30:00+00:00,0.08961,0.09001,0.08837,0.08967,4857435.0
2025-12-17 17:45:00+00:00,0.08969,0.09036,0.08938,0.09016,3149592.0
2025-12-17 18:00:00+00:00,0.09018,0.09022,0.08641,0.08708,10009453.0
2025-12-17 18:15:00+00:00,0.08707,0.08854,0.08651,0.08763,9077624.0
2025-12-17 18:30:00+00:00,0.08762,0.08762,0.08575,0.08641,5423946.0
2025-12-17 18:45:00+00:00,0.08638,0.08861,0.08523,0.08567,7979334.0
2025-12-17 19:00:00+00:00,0.08569,0.0863,0.08467,0.08537,7559382.0
2025-12-17 19:15:00+00:00,0.08535,0.08588,0.08411,0.08496,4641969.0
2025-12-17 19:30:00+00:00,0.08497,0.08694,0.08477,0.08601,5413267.0
2025-12-17 19:45:00+00:00,0.08603,0.08664,0.08501,0.08624,3470084.0
2025-12-17 20:00:00+00:00,0.08622,0.08745,0.085,0.08673,6155406.0
2025-12-17 20:15:00+00:00,0.08674,0.08701,0.08543,0.08552,3117163.0
2025-12-17 20:30:00+00:00,0.08552,0.086,0.08509,0.08562,1918216.0
2025-12-17 20:45:00+00:00,0.0856,0.08717,0.08551,0.08712,2750736.0
2025-12-17 21:00:00+00:00,0.0871,0.08711,0.08475,0.08559,3332897.0
2025-12-17 21:15:00+00:00,0.08556,0.08616,0.08516,0.08527,1487367.0
2025-12-17 21:30:00+00:00,0.08526,0.08679,0.08507,0.08675,3386908.0
2025-12-17 21:45:00+00:00,0.08674,0.092,0.08668,0.09196,10846474.0
2025-12-17 22:00:00+00:00,0.09194,0.095,0.09167,0.09499,14664601.0
2025-12-17 22:15:00+00:00,0.09499,0.10125,0.09481,0.09938,34225530.0
2025-12-17 22:30:00+00:00,0.09938,0.10181,0.09687,0.09798,15973539.0
2025-12-17 22:45:00+00:00,0.09798,0.10666,0.09797,0.10589,19993153.0
2025-12-17 23:00:00+00:00,0.10589,0.10757,0.10001,0.1018,26531644.0
2025-12-17 23:15:00+00:00,0.10181,0.10643,0.10162,0.10535,16565537.0
2025-12-17 23:30:00+00:00,0.10536,0.10976,0.10417,0.10856,24791363.0
2025-12-17 23:45:00+00:00,0.10855,0.1099,0.10621,0.10842,23211050.0
2025-12-18 00:00:00+00:00,0.10837,0.11282,0.106,0.10763,37679361.0
2025-12-18 00:15:00+00:00,0.10757,0.11107,0.10034,0.10102,43345653.0
2025-12-18 00:30:00+00:00,0.10102,0.10187,0.09868,0.1,22391729.0
2025-12-18 00:45:00+00:00,0.10001,0.10325,0.09941,0.10285,15769036.0
2025-12-18 01:00:00+00:00,0.10285,0.10632,0.0995,0.10277,28662753.0
2025-12-18 01:15:00+00:00,0.10279,0.10406,0.09804,0.09933,15229838.0
2025-12-18 01:30:00+00:00,0.09932,0.10063,0.0988,0.09936,7533479.0
2025-12-18 01:45:00+00:00,0.09937,0.10052,0.09856,0.09923,5900811.0
2025-12-18 02:00:00+00:00,0.09923,0.09923,0.09448,0.09475,14367575.0
2025-12-18 02:15:00+00:00,0.09475,0.09592,0.09312,0.09376,10405217.0
2025-12-18 02:30:00+00:00,0.09379,0.09429,0.09269,0.09326,7634589.0
2025-12-18 02:45:00+00:00,0.09325,0.09447,0.09191,0.0923,7652725.0
2025-12-18 03:00:00+00:00,0.0923,0.09375,0.09132,0.09166,8533524.0
2025-12-18 03:15:00+00:00,0.09166,0.09353,0.09147,0.09331,5379781.0
2025-12-18 03:30:00+00:00,0.09331,0.09546,0.09321,0.09366,10243261.0
2025-12-18 03:45:00+00:00,0.09368,0.09437,0.09247,0.09265,4454183.0
2025-12-18 04:00:00+00:00,0.09265,0.09284,0.08743,0.08751,18426985.0
2025-12-18 04:15:00+00:00,0.08752,0.08797,0.08414,0.0877,23487521.0
2025-12-18 04:30:00+00:00,0.0877,0.08854,0.08659,0.08788,7604601.0
2025-12-18 04:45:00+00:00,0.08786,0.08841,0.08527,0.08787,9174701.0
2025-12-18 05:00:00+00:00,0.08782,0.08832,0.0862,0.08626,6371156.0
2025-12-18 05:15:00+00:00,0.08631,0.08727,0.08572,0.08578,5099876.0
2025-12-18 05:30:00+00:00,0.08577,0.08658,0.08401,0.08471,7523098.0
2025-12-18 05:45:00+00:00,0.08471,0.08536,0.08238,0.08304,10018433.0
2025-12-18 06:00:00+00:00,0.08303,0.08597,0.08227,0.08376,13589746.0
2025-12-18 06:15:00+00:00,0.08377,0.08434,0.08172,0.08227,8935444.0
2025-12-18 06:30:00+00:00,0.08227,0.08412,0.08208,0.08336,7030733.0
2025-12-18 06:45:00+00:00,0.08333,0.08378,0.0818,0.08266,5891293.0
2025-12-18 07:00:00+00:00,0.08265,0.08293,0.07724,0.07865,26237223.0
2025-12-18 07:15:00+00:00,0.07866,0.07973,0.07728,0.07745,8508872.0
2025-12-18 07:30:00+00:00,0.07742,0.07752,0.0653,0.06836,66175996.0
2025-12-18 07:45:00+00:00,0.06834,0.07364,0.06781,0.07299,28057804.0
2025-12-18 08:00:00+00:00,0.073,0.07555,0.07097,0.07139,32997652.0
2025-12-18 08:15:00+00:00,0.07139,0.0749,0.07094,0.07438,15141700.0
2025-12-18 08:30:00+00:00,0.07434,0.07527,0.07237,0.0725,14193781.0
2025-12-18 08:45:00+00:00,0.0725,0.07294,0.06955,0.0718,18349839.0
2025-12-18 09:00:00+00:00,0.07182,0.07302,0.07,0.07264,16576242.0
2025-12-18 09:15:00+00:00,0.07265,0.0732,0.06922,0.07066,15865583.0
2025-12-18 09:30:00+00:00,0.07068,0.07124,0.06954,0.0699,10082123.0
2025-12-18 09:45:00+00:00,0.06989,0.0707,0.06883,0.06943,11983771.0
2025-12-18 10:00:00+00:00,0.06944,0.06968,0.06749,0.06804,12860578.0
2025-12-18 10:15:00+00:00,0.06803,0.0687,0.06691,0.067,10000950.0
2025-12-18 10:30:00+00:00,0.06701,0.07292,0.06701,0.06943,32073715.0
2025-12-18 10:45:00+00:00,0.06943,0.0737,0.06822,0.07173,29090792.0
2025-12-18 11:00:00+00:00,0.07173,0.07352,0.0705,0.07254,13164215.0
2025-12-18 11:15:00+00:00,0.07256,0.0739,0.07101,0.07193,12656165.0
2025-12-18 11:30:00+00:00,0.07193,0.07216,0.06967,0.07004,9798991.0
2025-12-18 11:45:00+00:00,0.07004,0.07207,0.06991,0.07172,9173004.0
2025-12-18 12:00:00+00:00,0.07172,0.0719,0.07039,0.07165,6233003.0
2025-12-18 12:15:00+00:00,0.07165,0.07558,0.07164,0.07433,22217127.0
2025-12-18 12:30:00+00:00,0.07433,0.0768,0.07387,0.07664,14964982.0
2025-12-18 12:45:00+00:00,0.07661,0.07925,0.07604,0.07782,19451988.0
2025-12-18 13:00:00+00:00,0.07782,0.08257,0.07537,0.08071,37373439.0
2025-12-18 13:15:00+00:00,0.0807,0.08258,0.0795,0.08214,14362358.0
2025-12-18 13:30:00+00:00,0.08217,0.08338,0.08094,0.08098,13779969.0
2025-12-18 13:45:00+00:00,0.08101,0.08617,0.0809,0.08506,16264323.0
2025-12-18 14:00:00+00:00,0.08506,0.08587,0.08241,0.08546,17181285.0
2025-12-18 14:15:00+00:00,0.08549,0.08832,0.08455,0.08547,15112704.0
2025-12-18 14:30:00+00:00,0.08544,0.08783,0.08436,0.08642,12068671.0
2025-12-18 14:45:00+00:00,0.08638,0.08695,0.08205,0.08266,13436960.0
2025-12-18 15:00:00+00:00,0.08268,0.08432,0.0802,0.08088,19872452.0
2025-12-18 15:15:00+00:00,0.08089,0.08459,0.08042,0.08411,13552431.0
2025-12-18 15:30:00+00:00,0.08412,0.08691,0.08404,0.08455,11740296.0
2025-12-18 15:45:00+00:00,0.08456,0.08523,0.08231,0.08277,6933300.0
2025-12-18 16:00:00+00:00,0.08278,0.08444,0.08278,0.08412,5749087.0
2025-12-18 16:15:00+00:00,0.08412,0.08471,0.08278,0.08394,5441218.0
2025-12-18 16:30:00+00:00,0.08395,0.08588,0.08345,0.08548,4110541.0
2025-12-18 16:45:00+00:00,0.08549,0.08658,0.08438,0.08508,4757271.0
2025-12-18 17:00:00+00:00,0.0851,0.08568,0.08337,0.08411,5918901.0
2025-12-18 17:15:00+00:00,0.08408,0.08442,0.0794,0.08114,19521758.0
2025-12-18 17:30:00+00:00,0.08115,0.08177,0.07916,0.08095,11662153.0
2025-12-18 17:45:00+00:00,0.08096,0.08177,0.08009,0.08085,5280725.0
2025-12-18 18:00:00+00:00,0.08086,0.0823,0.08064,0.08132,3790906.0
2025-12-18 18:15:00+00:00,0.08129,0.08153,0.07781,0.07853,8595177.0
2025-12-18 18:30:00+00:00,0.07853,0.07973,0.0774,0.0775,6134098.0
2025-12-18 18:45:00+00:00,0.07749,0.0782,0.07702,0.07731,5918978.0
2025-12-18 19:00:00+00:00,0.07733,0.07839,0.07595,0.07649,6370304.0
2025-12-18 19:15:00+00:00,0.07648,0.07952,0.07623,0.0786,9036275.0
2025-12-18 19:30:00+00:00,0.07857,0.07893,0.07492,0.07636,7065947.0
2025-12-18 19:45:00+00:00,0.07633,0.07692,0.07529,0.07555,3983537.0
2025-12-18 20:00:00+00:00,0.07554,0.07624,0.07429,0.07464,6305158.0
2025-12-18 20:15:00+00:00,0.07465,0.07494,0.07349,0.07367,4933363.0
2025-12-18 20:30:00+00:00,0.07366,0.07456,0.07234,0.07305,6393394.0
2025-12-18 20:45:00+00:00,0.07305,0.07398,0.07266,0.07383,4714353.0
2025-12-18 21:00:00+00:00,0.07385,0.07617,0.07325,0.07348,7206204.0
2025-12-18 21:15:00+00:00,0.07346,0.07368,0.07164,0.07328,4945255.0
2025-12-18 21:30:00+00:00,0.07326,0.0745,0.07289,0.0741,4794437.0
2025-12-18 21:45:00+00:00,0.07411,0.07848,0.07374,0.07821,8456764.0
2025-12-18 22:00:00+00:00,0.07821,0.07842,0.07453,0.07472,9567722.0
2025-12-18 22:15:00+00:00,0.07472,0.07607,0.074,0.07586,4253093.0
2025-12-18 22:30:00+00:00,0.07587,0.07587,0.07463,0.07563,2207939.0
2025-12-18 22:45:00+00:00,0.07564,0.07578,0.07455,0.07546,2009113.0
2025-12-18 23:00:00+00:00,0.07547,0.07643,0.07479,0.07521,5474157.0
2025-12-18 23:15:00+00:00,0.07518,0.07588,0.07454,0.07527,2177196.0
2025-12-18 23:30:00+00:00,0.07526,0.07549,0.0747,0.07529,2103193.0
2025-12-18 23:45:00+00:00,0.07529,0.07614,0.07474,0.07511,2552870.0
2025-12-19 00:00:00+00:00,0.07511,0.07551,0.07429,0.07499,3869403.0
2025-12-19 00:15:00+00:00,0.07501,0.07514,0.07333,0.0742,5897862.0
2025-12-19 00:30:00+00:00,0.07422,0.0754,0.07304,0.07416,5995240.0
2025-12-19 00:45:00+00:00,0.07416,0.07421,0.07312,0.07392,3679276.0
2025-12-19 01:00:00+00:00,0.07394,0.07446,0.07266,0.07307,9256964.0
2025-12-19 01:15:00+00:00,0.07306,0.07318,0.072,0.07227,5526039.0
2025-12-19 01:30:00+00:00,0.0723,0.07432,0.0723,0.07397,5336850.0
2025-12-19 01:45:00+00:00,0.07397,0.07411,0.0725,0.07319,3790274.0
2025-12-19 02:00:00+00:00,0.07319,0.07383,0.07216,0.07263,4077626.0
2025-12-19 02:15:00+00:00,0.07269,0.07309,0.07176,0.072,4517004.0
2025-12-19 02:30:00+00:00,0.07201,0.07213,0.06916,0.0704,15010724.0
2025-12-19 02:45:00+00:00,0.0704,0.07114,0.06952,0.06965,8510141.0
2025-12-19 03:00:00+00:00,0.06965,0.07074,0.06874,0.07053,12968479.0
2025-12-19 03:15:00+00:00,0.07055,0.07101,0.06884,0.07076,9347796.0
2025-12-19 03:30:00+00:00,0.07079,0.07233,0.06976,0.07077,9895191.0
2025-12-19 03:45:00+00:00,0.07076,0.07162,0.07034,0.07109,4647765.0
2025-12-19 04:00:00+00:00,0.07108,0.07144,0.06972,0.07013,5451614.0
2025-12-19 04:15:00+00:00,0.07013,0.07043,0.06939,0.0698,4697439.0
2025-12-19 04:30:00+00:00,0.06979,0.07016,0.06806,0.06824,7139043.0
2025-12-19 04:45:00+00:00,0.06824,0.06881,0.06749,0.06781,9659780.0
2025-12-19 05:00:00+00:00,0.0678,0.06828,0.0666,0.06688,9394233.0
2025-12-19 05:15:00+00:00,0.0669,0.06955,0.06618,0.06901,16083843.0
2025-12-19 05:30:00+00:00,0.06893,0.06998,0.0662,0.0664,16738235.0
2025-12-19 05:45:00+00:00,0.06641,0.0677,0.0655,0.06677,14641879.0
2025-12-19 06:00:00+00:00,0.06679,0.06928,0.06629,0.06827,12533244.0
2025-12-19 06:15:00+00:00,0.0683,0.07774,0.06807,0.07486,53535723.0
2025-12-19 06:30:00+00:00,0.07486,0.07546,0.0733,0.07351,14769727.0
2025-12-19 06:45:00+00:00,0.07351,0.0736,0.07018,0.0726,20333051.0
2025-12-19 07:00:00+00:00,0.07259,0.0739,0.07117,0.07369,12306664.0
2025-12-19 07:15:00+00:00,0.07368,0.07424,0.07187,0.07204,9377534.0
2025-12-19 07:30:00+00:00,0.07205,0.07309,0.07174,0.07213,5135300.0
2025-12-19 07:45:00+00:00,0.07213,0.07244,0.07088,0.07126,6117654.0
2025-12-19 08:00:00+00:00,0.07126,0.07144,0.06908,0.07045,13577274.0
2025-12-19 08:15:00+00:00,0.07046,0.07096,0.06906,0.06918,6077200.0
2025-12-19 08:30:00+00:00,0.06918,0.07,0.06821,0.06866,10580718.0
2025-12-19 08:45:00+00:00,0.06866,0.06884,0.06714,0.0676,8944746.0
2025-12-19 09:00:00+00:00,0.0676,0.06963,0.067,0.06928,9653079.0
2025-12-19 09:15:00+00:00,0.06926,0.06945,0.06687,0.06836,8244020.0
2025-12-19 09:30:00+00:00,0.06834,0.0686,0.0662,0.0665,6231878.0
2025-12-19 09:45:00+00:00,0.06648,0.0672,0.06452,0.06588,17054447.0
2025-12-19 10:00:00+00:00,0.0659,0.06844,0.06578,0.06641,11435406.0
2025-12-19 10:15:00+00:00,0.06638,0.06781,0.06623,0.06659,5953551.0
2025-12-19 10:30:00+00:00,0.06658,0.06715,0.06546,0.06561,4991099.0
2025-12-19 10:45:00+00:00,0.06563,0.06597,0.064,0.0642,10547863.0
2025-12-19 11:00:00+00:00,0.0642,0.06553,0.06411,0.06537,7978055.0
2025-12-19 11:15:00+00:00,0.06537,0.06643,0.0647,0.06592,10570954.0
2025-12-19 11:30:00+00:00,0.06591,0.0673,0.0653,0.06708,7762025.0
2025-12-19 11:45:00+00:00,0.06709,0.0685,0.0668,0.06704,8527145.0
2025-12-19 12:00:00+00:00,0.06706,0.06856,0.06663,0.06802,9492096.0
2025-12-19 12:15:00+00:00,0.06798,0.06885,0.06723,0.06804,5541192.0
2025-12-19 12:30:00+00:00,0.06806,0.06875,0.06684,0.06696,5847128.0
2025-12-19 12:45:00+00:00,0.06695,0.06785,0.06615,0.0664,7859067.0
2025-12-19 13:00:00+00:00,0.0664,0.0676,0.06594,0.06618,6011993.0
2025-12-19 13:15:00+00:00,0.06618,0.07215,0.06618,0.07202,16288592.0
2025-12-19 13:30:00+00:00,0.07201,0.08366,0.07182,0.07922,49086736.0
2025-12-19 13:45:00+00:00,0.07923,0.08991,0.07879,0.08869,72835519.0
2025-12-19 14:00:00+00:00,0.08869,0.08924,0.079,0.08304,82616942.0
2025-12-19 14:15:00+00:00,0.08305,0.08887,0.08293,0.08836,41654563.0
2025-12-19 14:30:00+00:00,0.08836,0.09487,0.08708,0.0947,45696516.0
2025-12-19 14:45:00+00:00,0.09468,0.10307,0.09347,0.1018,47075189.0
2025-12-19 15:00:00+00:00,0.1018,0.10408,0.09215,0.0935,83293420.0
2025-12-19 15:15:00+00:00,0.0935,0.09922,0.0912,0.09867,42730707.0
2025-12-19 15:30:00+00:00,0.09858,0.099,0.0883,0.09236,62693679.0
2025-12-19 15:45:00+00:00,0.09244,0.09564,0.08525,0.08693,38466965.0
2025-12-19 16:00:00+00:00,0.0869,0.08745,0.0788,0.0837,57088616.0
2025-12-19 16:15:00+00:00,0.0837,0.08601,0.08087,0.08528,22930804.0
2025-12-19 16:30:00+00:00,0.08527,0.08713,0.08369,0.08637,10568099.0
2025-12-19 16:45:00+00:00,0.08633,0.0929,0.0853,0.09221,22137993.0
2025-12-19 17:00:00+00:00,0.09219,0.09659,0.09051,0.09527,31629300.0
2025-12-19 17:15:00+00:00,0.09527,0.09837,0.09225,0.09686,27533628.0
2025-12-19 17:30:00+00:00,0.09687,0.09912,0.0954,0.09716,20364350.0
2025-12-19 17:45:00+00:00,0.09716,0.10115,0.09599,0.09849,23981599.0
2025-12-19 18:00:00+00:00,0.09858,0.10227,0.09697,0.1002,15807449.0
2025-12-19 18:15:00+00:00,0.10017,0.1025,0.09855,0.10182,21046227.0
2025-12-19 18:30:00+00:00,0.10182,0.10275,0.09785,0.10078,20224600.0
2025-12-19 18:45:00+00:00,0.10075,0.10326,0.09948,0.10314,12049127.0
2025-12-19 19:00:00+00:00,0.10314,0.1093,0.10117,0.10698,26024479.0
2025-12-19 19:15:00+00:00,0.10699,0.11,0.10611,0.10981,23287531.0
2025-12-19 19:30:00+00:00,0.10971,0.12034,0.10866,0.11451,47133373.0
2025-12-19 19:45:00+00:00,0.11446,0.116,0.093,0.09402,88206804.0
2025-12-19 20:00:00+00:00,0.09397,0.0971,0.09106,0.09324,39495882.0
2025-12-19 20:15:00+00:00,0.09324,0.09376,0.08537,0.08625,44257057.0
2025-12-19 20:30:00+00:00,0.08621,0.08934,0.08413,0.08759,33649124.0
2025-12-19 20:45:00+00:00,0.08759,0.08794,0.08165,0.084,26321915.0
2025-12-19 21:00:00+00:00,0.08395,0.08754,0.08239,0.08581,16620466.0
2025-12-19 21:15:00+00:00,0.08585,0.08641,0.08363,0.08503,11087576.0
2025-12-19 21:30:00+00:00,0.08503,0.08706,0.08485,0.087,7233180.0
2025-12-19 21:45:00+00:00,0.08703,0.08778,0.08627,0.08765,7391228.0
2025-12-19 22:00:00+00:00,0.08766,0.08799,0.08515,0.08682,8846615.0
2025-12-19 22:15:00+00:00,0.08678,0.08836,0.08301,0.08363,9773338.0
2025-12-19 22:30:00+00:00,0.08362,0.08528,0.08348,0.08503,4888699.0
2025-12-19 22:45:00+00:00,0.08504,0.08524,0.08219,0.08315,4107622.0
2025-12-19 23:00:00+00:00,0.0831,0.08409,0.08139,0.08264,8384497.0
2025-12-19 23:15:00+00:00,0.08263,0.08457,0.08222,0.08222,6265268.0
2025-12-19 23:30:00+00:00,0.08226,0.08314,0.08057,0.08113,7476485.0
2025-12-19 23:45:00+00:00,0.08113,0.0825,0.07897,0.07897,11570561.0
2025-12-20 00:00:00+00:00,0.07897,0.08001,0.07426,0.07961,26749702.0
2025-12-20 00:15:00+00:00,0.07958,0.08441,0.07561,0.07658,29075078.0
2025-12-20 00:30:00+00:00,0.07656,0.07689,0.07486,0.0749,10382869.0
2025-12-20 00:45:00+00:00,0.07491,0.07729,0.0741,0.07535,13806457.0
2025-12-20 01:00:00+00:00,0.07532,0.07647,0.07346,0.0738,9545262.0
2025-12-20 01:15:00+00:00,0.0738,0.07698,0.07352,0.07473,9356156.0
2025-12-20 01:30:00+00:00,0.07473,0.07617,0.07416,0.07476,11029750.0
2025-12-20 01:45:00+00:00,0.07476,0.07558,0.07346,0.07386,7982672.0
2025-12-20 02:00:00+00:00,0.07384,0.07494,0.07237,0.07295,9316790.0
2025-12-20 02:15:00+00:00,0.07296,0.0762,0.07291,0.0761,7924895.0
2025-12-20 02:30:00+00:00,0.0761,0.07885,0.07565,0.07857,11366822.0
2025-12-20 02:45:00+00:00,0.07858,0.08152,0.07801,0.07976,17924756.0
2025-12-20 03:00:00+00:00,0.07978,0.08066,0.07593,0.07895,12995260.0
2025-12-20 03:15:00+00:00,0.07889,0.08392,0.07887,0.0814,20570163.0
2025-12-20 03:30:00+00:00,0.08141,0.08274,0.07927,0.0797,13236098.0
2025-12-20 03:45:00+00:00,0.07967,0.08079,0.06174,0.06753,118657486.0
2025-12-20 04:00:00+00:00,0.06753,0.06833,0.05432,0.05687,105144691.0
2025-12-20 04:15:00+00:00,0.05693,0.0573,0.05226,0.053,98888891.0
2025-12-20 04:30:00+00:00,0.05301,0.05445,0.05,0.05133,77088278.0
2025-12-20 04:45:00+00:00,0.05129,0.05135,0.04824,0.04826,71600558.0
2025-12-20 05:00:00+00:00,0.04826,0.04996,0.04665,0.04792,66173077.0
2025-12-20 05:15:00+00:00,0.04794,0.04975,0.04749,0.04873,26563576.0
2025-12-20 05:30:00+00:00,0.04875,0.04926,0.04711,0.04746,31789027.0
2025-12-20 05:45:00+00:00,0.04747,0.05088,0.04503,0.0507,83418568.0
2025-12-20 06:00:00+00:00,0.05069,0.056,0.04939,0.05514,88082892.0
2025-12-20 06:15:00+00:00,0.05512,0.05857,0.05403,0.05477,94599677.0
2025-12-20 06:30:00+00:00,0.0548,0.05609,0.0513,0.05169,65177390.0
2025-12-20 06:45:00+00:00,0.0517,0.05399,0.05058,0.05165,50904569.0
2025-12-20 07:00:00+00:00,0.05164,0.05277,0.0494,0.05268,44802036.0
2025-12-20 07:15:00+00:00,0.05267,0.05443,0.05118,0.0515,46609347.0
2025-12-20 07:30:00+00:00,0.05151,0.0522,0.05034,0.05196,34435020.0
2025-12-20 07:45:00+00:00,0.05196,0.05234,0.04643,0.04856,69550013.0
2025-12-20 08:00:00+00:00,0.04851,0.05007,0.047,0.04965,67944326.0
2025-12-20 08:15:00+00:00,0.04968,0.04974,0.04771,0.04809,28512123.0
2025-12-20 08:30:00+00:00,0.04811,0.04818,0.0465,0.04658,40204300.0
2025-12-20 08:45:00+00:00,0.04658,0.04716,0.0452,0.04572,52270735.0
2025-12-20 09:00:00+00:00,0.04573,0.04731,0.04356,0.04406,77366787.0
2025-12-20 09:15:00+00:00,0.04406,0.04581,0.04359,0.04419,52351763.0
2025-12-20 09:30:00+00:00,0.04418,0.04752,0.04336,0.04682,61675268.0
2025-12-20 09:45:00+00:00,0.04682,0.04684,0.04519,0.04608,28946473.0
2025-12-20 10:00:00+00:00,0.04607,0.04707,0.04482,0.04707,29589905.0
2025-12-20 10:15:00+00:00,0.04706,0.04787,0.04535,0.04554,36867790.0
2025-12-20 10:30:00+00:00,0.04555,0.04749,0.04552,0.0463,26397595.0
2025-12-20 10:45:00+00:00,0.04628,0.04833,0.04589,0.04744,31007785.0
2025-12-20 11:00:00+00:00,0.04744,0.04967,0.04631,0.04682,50650916.0
2025-12-20 11:15:00+00:00,0.04681,0.04923,0.04616,0.04917,34752331.0
2025-12-20 11:30:00+00:00,0.04918,0.05085,0.049,0.05037,36610830.0
2025-12-20 11:45:00+00:00,0.05037,0.05107,0.04956,0.04972,28653132.0
2025-12-20 12:00:00+00:00,0.04972,0.05148,0.0495,0.04998,24170576.0
2025-12-20 12:15:00+00:00,0.04998,0.05065,0.0485,0.05001,24639146.0
2025-12-20 12:30:00+00:00,0.05001,0.05135,0.04936,0.05115,20196652.0
2025-12-20 12:45:00+00:00,0.05117,0.05121,0.04954,0.05009,15592694.0
2025-12-20 13:00:00+00:00,0.05011,0.05042,0.04908,0.04925,15983099.0
2025-12-20 13:15:00+00:00,0.04924,0.04986,0.04809,0.04952,22202394.0
2025-12-20 13:30:00+00:00,0.04951,0.05073,0.04916,0.04973,19907419.0
2025-12-20 13:45:00+00:00,0.04971,0.05385,0.04971,0.05189,56971085.0
2025-12-20 14:00:00+00:00,0.05189,0.05282,0.05156,0.05211,16420509.0
2025-12-20 14:15:00+00:00,0.05212,0.05281,0.0445,0.04868,68133231.0
2025-12-20 14:30:00+00:00,0.04868,0.05023,0.0485,0.04879,27576126.0
2025-12-20 14:45:00+00:00,0.04882,0.04969,0.04814,0.0485,19326843.0
2025-12-20 15:00:00+00:00,0.04851,0.04979,0.04751,0.04838,21940614.0
2025-12-20 15:15:00+00:00,0.04837,0.04848,0.04689,0.04751,16976518.0
2025-12-20 15:30:00+00:00,0.04751,0.04819,0.04716,0.04781,10252736.0
2025-12-20 15:45:00+00:00,0.0478,0.04862,0.04756,0.0478,10590771.0
2025-12-20 16:00:00+00:00,0.0478,0.04843,0.04754,0.04776,7336925.0
2025-12-20 16:15:00+00:00,0.04774,0.04845,0.04774,0.04809,8041039.0
2025-12-20 16:30:00+00:00,0.04809,0.04876,0.04788,0.04839,8773009.0
2025-12-20 16:45:00+00:00,0.04839,0.04959,0.04806,0.0487,14171063.0
2025-12-20 17:00:00+00:00,0.0487,0.04933,0.04824,0.0493,12738003.0
2025-12-20 17:15:00+00:00,0.04927,0.05138,0.04912,0.04998,27428496.0
2025-12-20 17:30:00+00:00,0.04996,0.05063,0.0493,0.04999,16584979.0
2025-12-20 17:45:00+00:00,0.05001,0.05099,0.04984,0.05094,10142014.0
2025-12-20 18:00:00+00:00,0.05093,0.05299,0.05076,0.05255,26309242.0
2025-12-20 18:15:00+00:00,0.05255,0.05308,0.05122,0.05237,15989826.0
2025-12-20 18:30:00+00:00,0.05238,0.0533,0.05149,0.05162,16709857.0
2025-12-20 18:45:00+00:00,0.05165,0.05485,0.05163,0.05463,26749694.0
2025-12-20 19:00:00+00:00,0.05463,0.05655,0.05431,0.05492,46626996.0
2025-12-20 19:15:00+00:00,0.05493,0.05546,0.05394,0.05494,19031489.0
2025-12-20 19:30:00+00:00,0.05493,0.05576,0.0543,0.05472,15175880.0
2025-12-20 19:45:00+00:00,0.05471,0.0554,0.048,0.05139,39460148.0
2025-12-20 20:00:00+00:00,0.0514,0.05174,0.049,0.04943,26403540.0
2025-12-20 20:15:00+00:00,0.04944,0.05041,0.04915,0.05006,18185645.0
2025-12-20 20:30:00+00:00,0.05005,0.05141,0.04957,0.05077,14890318.0
2025-12-20 20:45:00+00:00,0.05074,0.05115,0.05015,0.0506,8304409.0
2025-12-20 21:00:00+00:00,0.05061,0.05069,0.04921,0.05005,12645300.0
2025-12-20 21:15:00+00:00,0.05005,0.05057,0.04958,0.0501,5937222.0
2025-12-20 21:30:00+00:00,0.05009,0.05011,0.04904,0.04924,7719291.0
2025-12-20 21:45:00+00:00,0.04926,0.04977,0.04911,0.04937,6051501.0
2025-12-20 22:00:00+00:00,0.04936,0.04953,0.04861,0.0492,11591441.0
2025-12-20 22:15:00+00:00,0.04919,0.04972,0.04907,0.04956,6257098.0
2025-12-20 22:30:00+00:00,0.04954,0.04988,0.0493,0.04958,5515906.0
2025-12-20 22:45:00+00:00,0.04961,0.04967,0.04911,0.04927,3063384.0
2025-12-20 23:00:00+00:00,0.04928,0.05011,0.04902,0.04965,8560946.0
2025-12-20 23:15:00+00:00,0.04965,0.0498,0.04903,0.0496,4895228.0
2025-12-20 23:30:00+00:00,0.04961,0.04993,0.04931,0.04964,5506638.0
2025-12-20 23:45:00+00:00,0.04963,0.04971,0.04828,0.04909,9887900.0
2025-12-21 00:00:00+00:00,0.04909,0.04947,0.04808,0.04837,11090901.0
2025-12-21 00:15:00+00:00,0.04837,0.04986,0.04837,0.04972,11323922.0
2025-12-21 00:30:00+00:00,0.04971,0.05052,0.04906,0.04994,10085542.0
2025-12-21 00:45:00+00:00,0.04994,0.05028,0.04905,0.04913,9337009.0
2025-12-21 01:00:00+00:00,0.04913,0.0498,0.04834,0.04922,12320136.0
2025-12-21 01:15:00+00:00,0.04923,0.04946,0.04872,0.04904,6083569.0
2025-12-21 01:30:00+00:00,0.04904,0.04939,0.04882,0.04936,5752647.0
2025-12-21 01:45:00+00:00,0.04934,0.05211,0.04921,0.05128,18478146.0
2025-12-21 02:00:00+00:00,0.05126,0.05383,0.05073,0.0536,20190919.0
2025-12-21 02:15:00+00:00,0.05358,0.05515,0.05238,0.05346,34782767.0
2025-12-21 02:30:00+00:00,0.05348,0.05435,0.05212,0.05222,13343678.0
2025-12-21 02:45:00+00:00,0.05221,0.05342,0.05155,0.05182,13021055.0
2025-12-21 03:00:00+00:00,0.05184,0.0522,0.05129,0.0517,7812923.0
2025-12-21 03:15:00+00:00,0.05171,0.0527,0.05103,0.05166,9183612.0
2025-12-21 03:30:00+00:00,0.05169,0.05268,0.05153,0.05183,6606096.0
2025-12-21 03:45:00+00:00,0.05185,0.05207,0.0488,0.05124,19044264.0
2025-12-21 04:00:00+00:00,0.05122,0.053,0.05102,0.05272,13031953.0
2025-12-21 04:15:00+00:00,0.05273,0.05553,0.05205,0.05471,16764868.0
2025-12-21 04:30:00+00:00,0.0547,0.05484,0.05335,0.05361,13815723.0
2025-12-21 04:45:00+00:00,0.05361,0.05406,0.05222,0.05278,11012831.0
2025-12-21 05:00:00+00:00,0.05278,0.05366,0.05186,0.05334,11378770.0
2025-12-21 05:15:00+00:00,0.05336,0.05407,0.05272,0.05354,6585975.0
2025-12-21 05:30:00+00:00,0.05353,0.05353,0.05243,0.05275,5375338.0
2025-12-21 05:45:00+00:00,0.05276,0.05313,0.05224,0.05256,5393820.0
2025-12-21 06:00:00+00:00,0.05256,0.05316,0.05204,0.05287,6536043.0
2025-12-21 06:15:00+00:00,0.05288,0.0532,0.05217,0.05242,6054339.0
2025-12-21 06:30:00+00:00,0.05241,0.05281,0.05177,0.05234,6111346.0
2025-12-21 06:45:00+00:00,0.05233,0.05236,0.05132,0.0518,4550240.0
2025-12-21 07:00:00+00:00,0.05179,0.05262,0.05167,0.05217,6889866.0
2025-12-21 07:15:00+00:00,0.05218,0.05224,0.05067,0.05095,8988725.0
2025-12-21 07:30:00+00:00,0.05097,0.0512,0.05041,0.05099,6394224.0
2025-12-21 07:45:00+00:00,0.05098,0.0515,0.05075,0.0509,6215173.0
2025-12-21 08:00:00+00:00,0.0509,0.05094,0.05022,0.0508,6417153.0
2025-12-21 08:15:00+00:00,0.05081,0.05234,0.05069,0.05214,10590014.0
2025-12-21 08:30:00+00:00,0.05217,0.05245,0.05139,0.05208,6499647.0
2025-12-21 08:45:00+00:00,0.05208,0.05241,0.05126,0.05195,6191336.0
2025-12-21 09:00:00+00:00,0.05195,0.05261,0.05129,0.05252,9696071.0
2025-12-21 09:15:00+00:00,0.05252,0.05289,0.05161,0.05194,10904161.0
2025-12-21 09:30:00+00:00,0.05192,0.05236,0.05159,0.05184,4535483.0
2025-12-21 09:45:00+00:00,0.05184,0.05255,0.05144,0.05224,6660758.0
2025-12-21 10:00:00+00:00,0.05223,0.05288,0.05117,0.05158,7510404.0
2025-12-21 10:15:00+00:00,0.05162,0.0522,0.05092,0.05104,6921732.0
2025-12-21 10:30:00+00:00,0.05105,0.05123,0.04923,0.04991,21287940.0
2025-12-21 10:45:00+00:00,0.04991,0.04996,0.04851,0.04897,12076261.0
2025-12-21 11:00:00+00:00,0.04896,0.04962,0.04851,0.04892,10759120.0
2025-12-21 11:15:00+00:00,0.04894,0.04894,0.04811,0.04817,11025442.0
2025-12-21 11:30:00+00:00,0.04817,0.04944,0.04755,0.04903,13945079.0
2025-12-21 11:45:00+00:00,0.04902,0.04904,0.04639,0.04776,16773731.0
2025-12-21 12:00:00+00:00,0.04775,0.04804,0.04617,0.04665,19904121.0
2025-12-21 12:15:00+00:00,0.04666,0.04767,0.04538,0.04563,20101692.0
2025-12-21 12:30:00+00:00,0.04562,0.04649,0.0456,0.04605,12333511.0
2025-12-21 12:45:00+00:00,0.04606,0.04646,0.04538,0.04588,8437937.0
2025-12-21 13:00:00+00:00,0.04587,0.04591,0.045,0.0455,14552036.0
2025-12-21 13:15:00+00:00,0.04549,0.04549,0.04285,0.04335,37727423.0
2025-12-21 13:30:00+00:00,0.04334,0.0438,0.0405,0.04177,47141565.0
2025-12-21 13:45:00+00:00,0.04176,0.0426,0.04123,0.04141,20756581.0
2025-12-21 14:00:00+00:00,0.04142,0.043,0.0407,0.04238,25643550.0
2025-12-21 14:15:00+00:00,0.04238,0.0432,0.0421,0.04313,14838759.0
2025-12-21 14:30:00+00:00,0.04314,0.04338,0.0422,0.04243,10310522.0
2025-12-21 14:45:00+00:00,0.04242,0.04304,0.04138,0.04242,13108759.0
2025-12-21 15:00:00+00:00,0.04244,0.04281,0.04191,0.04279,7908669.0
2025-12-21 15:15:00+00:00,0.04279,0.04442,0.04279,0.04339,22440164.0
2025-12-21 15:30:00+00:00,0.0434,0.04445,0.04329,0.04394,8314270.0
2026-01-15 12:45:00+00:00,0.07439,0.07478,0.074,0.07416,21642938.0
2026-01-15 13:00:00+00:00,0.07418,0.077,0.07383,0.07622,67666198.0
2026-01-15 13:15:00+00:00,0.07625,0.07643,0.07182,0.07241,66296288.0
2026-01-15 13:30:00+00:00,0.07242,0.07274,0.06466,0.06631,215682896.0
2026-01-15 13:45:00+00:00,0.06628,0.0765,0.06537,0.07637,180441600.0
2026-01-15 14:00:00+00:00,0.07634,0.0805,0.0754,0.07895,159849990.0
2026-01-15 14:15:00+00:00,0.07899,0.07994,0.07765,0.07815,56356368.0
2026-01-15 14:30:00+00:00,0.07817,0.08376,0.077,0.08084,103704516.0
2026-01-15 14:45:00+00:00,0.08084,0.08256,0.08,0.0817,53653150.0
2026-01-15 15:00:00+00:00,0.08172,0.08318,0.07803,0.07997,86086731.0
2026-01-15 15:15:00+00:00,0.07997,0.0844,0.07987,0.08043,67032779.0
2026-01-15 15:30:00+00:00,0.08047,0.0816,0.07847,0.07926,43759777.0
2026-01-15 15:45:00+00:00,0.07923,0.08236,0.07872,0.08151,53039093.0
2026-01-15 16:00:00+00:00,0.08148,0.08203,0.07983,0.08019,37287692.0
2026-01-15 16:15:00+00:00,0.08019,0.09313,0.08008,0.08892,184449388.0
2026-01-15 16:30:00+00:00,0.08896,0.09119,0.08846,0.0897,55162840.0
2026-01-15 16:45:00+00:00,0.08971,0.09176,0.08827,0.09005,50920333.0
2026-01-15 17:00:00+00:00,0.09002,0.0945,0.08963,0.0914,76222686.0
2026-01-15 17:15:00+00:00,0.09143,0.0923,0.0891,0.09071,42166589.0
2026-01-15 17:30:00+00:00,0.09071,0.09244,0.08855,0.09177,40338791.0
2026-01-15 17:45:00+00:00,0.09177,0.0932,0.09037,0.09159,29220175.0
2026-01-15 18:00:00+00:00,0.09162,0.09409,0.09017,0.09063,40547238.0
2026-01-15 18:15:00+00:00,0.09062,0.09072,0.08562,0.08741,77514014.0
2026-01-15 18:30:00+00:00,0.08742,0.0895,0.08683,0.08904,39062902.0
2026-01-15 18:45:00+00:00,0.08905,0.0915,0.0887,0.08943,31644479.0
2026-01-15 19:00:00+00:00,0.08946,0.09026,0.08441,0.08708,67827010.0
2026-01-15 19:15:00+00:00,0.08708,0.08914,0.08623,0.08749,33113196.0
2026-01-15 19:30:00+00:00,0.08753,0.08755,0.08472,0.08546,31263795.0
2026-01-15 19:45:00+00:00,0.08546,0.08658,0.08291,0.08422,36605044.0
2026-01-15 20:00:00+00:00,0.08423,0.08655,0.08341,0.08467,32291027.0
2026-01-15 20:15:00+00:00,0.08469,0.08497,0.08288,0.08366,21120159.0
2026-01-15 20:30:00+00:00,0.08365,0.0839,0.08189,0.0836,31541913.0
2026-01-15 20:45:00+00:00,0.0836,0.0839,0.08143,0.08155,23886426.0
2026-01-15 21:00:00+00:00,0.08155,0.08211,0.08073,0.08076,26604215.0
2026-01-15 21:15:00+00:00,0.08076,0.08337,0.08,0.08051,36326681.0
2026-01-15 21:30:00+00:00,0.08051,0.08094,0.07874,0.07905,36301434.0
2026-01-15 21:45:00+00:00,0.07901,0.07956,0.07793,0.07908,36635615.0
2026-01-15 22:00:00+00:00,0.07904,0.08615,0.07898,0.08405,78519380.0
2026-01-15 22:15:00+00:00,0.08405,0.08879,0.08396,0.08762,50605443.0
2026-01-15 22:30:00+00:00,0.08766,0.0889,0.08503,0.08582,38041900.0
2026-01-15 22:45:00+00:00,0.08581,0.0885,0.08567,0.08809,22409829.0
2026-01-15 23:00:00+00:00,0.08807,0.09087,0.08751,0.0886,40169867.0
2026-01-15 23:15:00+00:00,0.08859,0.08937,0.08826,0.08859,10707114.0
2026-01-15 23:30:00+00:00,0.08862,0.08895,0.08461,0.08632,27827115.0
2026-01-15 23:45:00+00:00,0.08632,0.08894,0.08632,0.08676,18686553.0
2026-01-16 00:00:00+00:00,0.08678,0.08806,0.08405,0.086,27612710.0
2026-01-16 00:15:00+00:00,0.08598,0.08698,0.0847,0.08517,17528531.0
2026-01-16 00:30:00+00:00,0.08517,0.08823,0.0851,0.08783,18781814.0
2026-01-16 00:45:00+00:00,0.08786,0.08999,0.08701,0.0872,24652738.0
2026-01-16 01:00:00+00:00,0.0872,0.08759,0.08576,0.08589,16955377.0
2026-01-16 01:15:00+00:00,0.08589,0.08793,0.08472,0.08599,20119528.0
2026-01-16 01:30:00+00:00,0.08596,0.08876,0.08566,0.08798,16907414.0
2026-01-16 01:45:00+00:00,0.08796,0.08928,0.0873,0.08754,17628623.0
2026-01-16 02:00:00+00:00,0.08755,0.09131,0.08723,0.0882,31745532.0
2026-01-16 02:15:00+00:00,0.0882,0.08958,0.08751,0.08804,15352336.0
2026-01-16 02:30:00+00:00,0.08805,0.08894,0.08658,0.08726,12150009.0
2026-01-16 02:45:00+00:00,0.08726,0.08824,0.0867,0.08774,10764801.0
2026-01-16 03:00:00+00:00,0.08774,0.08793,0.08612,0.08681,12540597.0
2026-01-16 03:15:00+00:00,0.08679,0.08789,0.08601,0.08774,11123896.0
2026-01-16 03:30:00+00:00,0.08772,0.08896,0.08734,0.08744,14105807.0
2026-01-16 03:45:00+00:00,0.08744,0.08754,0.0862,0.08652,9537362.0
2026-01-16 04:00:00+00:00,0.08652,0.08843,0.08456,0.08701,23549318.0
2026-01-16 04:15:00+00:00,0.08703,0.0885,0.08698,0.08766,8673916.0
2026-01-16 04:30:00+00:00,0.08767,0.08782,0.0857,0.08587,12620943.0
2026-01-16 04:45:00+00:00,0.08589,0.1158,0.08523,0.0997,155021790.0
2026-01-16 05:00:00+00:00,0.09964,0.09989,0.09152,0.09702,103184234.0
2026-01-16 05:15:00+00:00,0.097,0.09752,0.09283,0.09625,36414970.0
2026-01-16 05:30:00+00:00,0.09623,0.09857,0.09536,0.09687,28685395.0
2026-01-16 05:45:00+00:00,0.09688,0.09706,0.09358,0.09412,23897739.0
2026-01-16 06:00:00+00:00,0.09412,0.09412,0.08705,0.08892,60921463.0
2026-01-16 06:15:00+00:00,0.08893,0.09415,0.08831,0.0929,29756227.0
2026-01-16 06:30:00+00:00,0.09288,0.09732,0.09251,0.09657,29882427.0
2026-01-16 06:45:00+00:00,0.09658,0.0968,0.09464,0.0949,14521062.0
2026-01-16 07:00:00+00:00,0.09493,0.09521,0.09182,0.09421,23411861.0
2026-01-16 07:15:00+00:00,0.09422,0.09593,0.09308,0.09388,16929987.0
2026-01-16 07:30:00+00:00,0.09388,0.09601,0.0927,0.0957,15898906.0
2026-01-16 07:45:00+00:00,0.09572,0.09886,0.09514,0.09787,26752947.0
2026-01-16 08:00:00+00:00,0.09787,0.10232,0.09774,0.10015,50738569.0
2026-01-16 08:15:00+00:00,0.10022,0.10347,0.09877,0.09952,30200174.0
2026-01-16 08:30:00+00:00,0.09949,0.09962,0.09585,0.09869,24534220.0
2026-01-16 08:45:00+00:00,0.09869,0.103,0.09862,0.10176,24766123.0
2026-01-16 09:00:00+00:00,0.10177,0.1022,0.09975,0.10077,17301508.0
2026-01-16 09:15:00+00:00,0.1008,0.10319,0.09775,0.10268,25204006.0
2026-01-16 09:30:00+00:00,0.10264,0.10477,0.10128,0.10284,26404876.0
2026-01-16 09:45:00+00:00,0.1029,0.105,0.10054,0.10113,29139437.0
2026-01-16 10:00:00+00:00,0.10113,0.1022,0.09877,0.10029,22326332.0
2026-01-16 10:15:00+00:00,0.10028,0.10198,0.09898,0.10101,17238695.0
2026-01-16 10:30:00+00:00,0.10101,0.10249,0.10013,0.10053,13237056.0
2026-01-16 10:45:00+00:00,0.10052,0.10335,0.09975,0.10275,18553752.0
2026-01-16 11:00:00+00:00,0.10279,0.104,0.10177,0.10269,17945826.0
2026-01-16 11:15:00+00:00,0.10265,0.10388,0.10034,0.10112,19806259.0
2026-01-16 11:30:00+00:00,0.10112,0.10199,0.09981,0.10059,19629050.0
2026-01-16 11:45:00+00:00,0.10058,0.10149,0.09884,0.10008,21148617.0
2026-01-16 12:00:00+00:00,0.1001,0.10257,0.09977,0.10249,18327464.0
2026-01-16 12:15:00+00:00,0.10248,0.10254,0.10021,0.10095,12431944.0
2026-01-16 12:30:00+00:00,0.10099,0.102,0.1004,0.10056,10206095.0
2026-01-16 12:45:00+00:00,0.10056,0.10386,0.10051,0.10297,16715439.0
2026-01-16 13:00:00+00:00,0.10297,0.10457,0.10175,0.10275,18467193.0
2026-01-16 13:15:00+00:00,0.10275,0.107,0.10252,0.10568,40317724.0
2026-01-16 13:30:00+00:00,0.10567,0.10632,0.1048,0.10543,21827377.0
2026-01-16 13:45:00+00:00,0.10541,0.10611,0.09705,0.10009,52848122.0
2026-01-16 14:00:00+00:00,0.10009,0.1057,0.10008,0.10282,46200510.0
2026-01-16 14:15:00+00:00,0.10285,0.10398,0.1021,0.10267,17687031.0
2026-01-16 14:30:00+00:00,0.10271,0.10342,0.10041,0.10069,22772322.0
2026-01-16 14:45:00+00:00,0.10064,0.10207,0.10048,0.10102,15380477.0
2026-01-16 15:00:00+00:00,0.10103,0.10306,0.10036,0.10209,16031410.0
2026-01-16 15:15:00+00:00,0.1021,0.1038,0.1021,0.10316,14720373.0
2026-01-16 15:30:00+00:00,0.10313,0.1044,0.10171,0.10313,17465568.0
2026-01-16 15:45:00+00:00,0.10312,0.105,0.10204,0.10431,13225808.0
2026-01-16 16:00:00+00:00,0.10434,0.10562,0.10268,0.1052,22741379.0
2026-01-16 16:15:00+00:00,0.10523,0.1127,0.10433,0.11015,64451150.0
2026-01-16 16:30:00+00:00,0.11018,0.11067,0.10655,0.10665,27958304.0
2026-01-16 16:45:00+00:00,0.10665,0.10987,0.10655,0.10789,21709507.0
2026-01-16 17:00:00+00:00,0.10789,0.1084,0.10425,0.1046,25510082.0
2026-01-16 17:15:00+00:00,0.10455,0.10679,0.10443,0.10645,14178392.0
2026-01-16 17:30:00+00:00,0.10645,0.107,0.1046,0.1057,10880118.0
2026-01-16 17:45:00+00:00,0.1057,0.10677,0.1044,0.10498,11305048.0
2026-01-16 18:00:00+00:00,0.10501,0.10648,0.1041,0.10589,10095543.0
2026-01-16 18:15:00+00:00,0.10588,0.10948,0.10576,0.10737,17285342.0
2026-01-16 18:30:00+00:00,0.10737,0.10771,0.10556,0.10576,9585263.0
2026-01-16 18:45:00+00:00,0.10578,0.10731,0.10534,0.10554,8759425.0
2026-01-16 19:00:00+00:00,0.10557,0.10703,0.10506,0.10651,9500200.0
2026-01-16 19:15:00+00:00,0.10653,0.107,0.10573,0.10614,7187325.0
2026-01-16 19:30:00+00:00,0.10615,0.10625,0.1038,0.10388,18289966.0
2026-01-16 19:45:00+00:00,0.10388,0.10478,0.10302,0.10365,14884139.0
2026-01-16 20:00:00+00:00,0.10365,0.10548,0.1015,0.1043,24590585.0
2026-01-16 20:15:00+00:00,0.10425,0.10455,0.10154,0.10205,14135271.0
2026-01-16 20:30:00+00:00,0.10206,0.10329,0.10191,0.10217,8458952.0
2026-01-16 20:45:00+00:00,0.10217,0.10543,0.10212,0.10486,11061487.0
2026-01-16 21:00:00+00:00,0.10489,0.10642,0.10395,0.10562,10238220.0
2026-01-16 21:15:00+00:00,0.10562,0.10637,0.10413,0.10429,7357529.0
2026-01-16 21:30:00+00:00,0.10427,0.10442,0.10253,0.10305,8454818.0
2026-01-16 21:45:00+00:00,0.10305,0.10368,0.10023,0.10176,17452729.0
2026-01-16 22:00:00+00:00,0.10176,0.10457,0.0988,0.09966,32091275.0
2026-01-16 22:15:00+00:00,0.09967,0.10135,0.098,0.0988,21865329.0
2026-01-16 22:30:00+00:00,0.09878,0.10127,0.09861,0.10094,8247874.0
2026-01-16 22:45:00+00:00,0.10094,0.10157,0.09957,0.1008,6517428.0
2026-01-16 23:00:00+00:00,0.10079,0.10081,0.09927,0.10025,6017753.0
2026-01-16 23:15:00+00:00,0.10026,0.10399,0.09986,0.10074,12737530.0
2026-01-16 23:30:00+00:00,0.10075,0.10086,0.09952,0.1003,8026213.0
2026-01-16 23:45:00+00:00,0.10031,0.10115,0.0998,0.10093,5766361.0
2026-01-17 00:00:00+00:00,0.10093,0.1035,0.09996,0.10226,13011202.0
2026-01-17 00:15:00+00:00,0.10224,0.10646,0.102,0.10461,16707034.0
2026-01-17 00:30:00+00:00,0.10461,0.10572,0.10186,0.10224,12820361.0
2026-01-17 00:45:00+00:00,0.10222,0.10316,0.10156,0.10256,8652502.0
2026-01-17 01:00:00+00:00,0.10256,0.103,0.09774,0.09887,17670726.0
2026-01-17 01:15:00+00:00,0.09887,0.10198,0.09885,0.10171,12387020.0
2026-01-17 01:30:00+00:00,0.10172,0.10226,0.09976,0.10002,7401131.0
2026-01-17 01:45:00+00:00,0.10001,0.10084,0.09961,0.09995,6157823.0
2026-01-17 02:00:00+00:00,0.09994,0.10099,0.09903,0.09914,8229165.0
2026-01-17 02:15:00+00:00,0.09914,0.10068,0.09848,0.09962,9083913.0
2026-01-17 02:30:00+00:00,0.09962,0.10356,0.09961,0.10202,10119151.0
2026-01-17 02:45:00+00:00,0.10206,0.10474,0.10188,0.1039,12938730.0
2026-01-17 03:00:00+00:00,0.1039,0.10403,0.10218,0.10235,6947146.0
2026-01-17 03:15:00+00:00,0.10232,0.10337,0.10198,0.10214,5337408.0
2026-01-17 03:30:00+00:00,0.10214,0.10272,0.10124,0.1023,5089676.0
2026-01-17 03:45:00+00:00,0.10228,0.10292,0.10006,0.10031,6877727.0
2026-01-17 04:00:00+00:00,0.10032,0.10141,0.09932,0.10107,9906118.0
2026-01-17 04:15:00+00:00,0.10107,0.1022,0.10079,0.10173,5728592.0
2026-01-17 04:30:00+00:00,0.10174,0.10174,0.10019,0.10046,6291465.0
2026-01-17 04:45:00+00:00,0.10047,0.10065,0.09948,0.09948,6986321.0
2026-01-17 05:00:00+00:00,0.09948,0.10074,0.09948,0.0999,6594132.0
2026-01-17 05:15:00+00:00,0.09991,0.10174,0.09991,0.10053,6175717.0
2026-01-17 05:30:00+00:00,0.10057,0.1012,0.099,0.101,7120380.0
2026-01-17 05:45:00+00:00,0.10102,0.1032,0.10071,0.10248,8094788.0
2026-01-17 06:00:00+00:00,0.10248,0.10302,0.10087,0.10099,7900072.0
2026-01-17 06:15:00+00:00,0.10101,0.10199,0.10026,0.10162,7080927.0
2026-01-17 06:30:00+00:00,0.10161,0.10182,0.10018,0.10051,4648147.0
2026-01-17 06:45:00+00:00,0.1005,0.10083,0.09979,0.10028,4329770.0
2026-01-17 07:00:00+00:00,0.1003,0.10206,0.09953,0.10035,9259690.0
2026-01-17 07:15:00+00:00,0.1004,0.10103,0.09651,0.10033,21154159.0
2026-01-17 07:30:00+00:00,0.10032,0.10143,0.09934,0.10005,7105936.0
2026-01-17 07:45:00+00:00,0.10004,0.10033,0.09443,0.09486,20982329.0
2026-01-17 08:00:00+00:00,0.09486,0.09976,0.09225,0.09955,45007212.0
2026-01-17 08:15:00+00:00,0.09953,0.10383,0.0995,0.10301,27063708.0
2026-01-17 08:30:00+00:00,0.10302,0.10622,0.101,0.10129,25384261.0
2026-01-17 08:45:00+00:00,0.10125,0.10324,0.10049,0.10083,12429001.0
2026-01-17 09:00:00+00:00,0.10083,0.10256,0.10036,0.10235,8446351.0
2026-01-17 09:15:00+00:00,0.10235,0.1042,0.10108,0.10392,8929754.0
2026-01-17 09:30:00+00:00,0.10392,0.10937,0.10392,0.10834,30652727.0
2026-01-17 09:45:00+00:00,0.10834,0.1158,0.10776,0.1089,52710112.0
2026-01-17 10:00:00+00:00,0.10894,0.11094,0.10702,0.10743,19216384.0
2026-01-17 10:15:00+00:00,0.10743,0.11279,0.107,0.1115,22881678.0
2026-01-17 10:30:00+00:00,0.11151,0.11756,0.1102,0.11318,49863386.0
2026-01-17 10:45:00+00:00,0.11312,0.11576,0.11176,0.11545,19443251.0
2026-01-17 11:00:00+00:00,0.1154,0.11796,0.11468,0.11712,31150990.0
2026-01-17 11:15:00+00:00,0.11712,0.119,0.11519,0.11534,22286571.0
2026-01-17 11:30:00+00:00,0.11541,0.11979,0.11308,0.11881,30398266.0
2026-01-17 11:45:00+00:00,0.11881,0.12238,0.11812,0.12161,42401085.0
2026-01-17 12:00:00+00:00,0.12157,0.1255,0.12116,0.12514,50996589.0
2026-01-17 12:15:00+00:00,0.12514,0.13323,0.12457,0.1323,71209344.0
2026-01-17 12:30:00+00:00,0.13227,0.1345,0.12701,0.1285,54506831.0
2026-01-17 12:45:00+00:00,0.1285,0.13207,0.12586,0.13153,37705281.0
2026-01-17 13:00:00+00:00,0.13159,0.13275,0.1283,0.12857,32236017.0
2026-01-17 13:15:00+00:00,0.12864,0.1329,0.12864,0.13201,19217282.0
2026-01-17 13:30:00+00:00,0.132,0.14425,0.13172,0.14026,96612027.0
2026-01-17 13:45:00+00:00,0.14025,0.143,0.13802,0.14082,33547015.0
2026-01-17 14:00:00+00:00,0.14088,0.14498,0.13851,0.14063,35481337.0
2026-01-17 14:15:00+00:00,0.14062,0.14144,0.13612,0.13975,34278346.0
2026-01-17 14:30:00+00:00,0.13975,0.14066,0.1364,0.13835,23389843.0
2026-01-17 14:45:00+00:00,0.13834,0.1395,0.1377,0.13893,14951654.0
2026-01-17 15:00:00+00:00,0.13894,0.14073,0.1346,0.1352,27497816.0
2026-01-17 15:15:00+00:00,0.13525,0.13888,0.13523,0.1374,18149734.0
2026-01-17 15:30:00+00:00,0.13745,0.14869,0.13607,0.14729,59314848.0
2026-01-17 15:45:00+00:00,0.14734,0.14735,0.14183,0.14277,32689066.0
2026-01-17 16:00:00+00:00,0.14277,0.1455,0.14231,0.14498,21506068.0
2026-01-17 16:15:00+00:00,0.14496,0.14624,0.13843,0.1422,33355519.0
2026-01-17 16:30:00+00:00,0.14223,0.145,0.13987,0.14368,19363169.0
2026-01-17 16:45:00+00:00,0.14371,0.14561,0.14242,0.14276,16298148.0
2026-01-17 17:00:00+00:00,0.1428,0.16728,0.14272,0.1588,129978570.0
2026-01-17 17:15:00+00:00,0.15885,0.16589,0.15211,0.15303,67305742.0
2026-01-17 17:30:00+00:00,0.15301,0.162,0.14096,0.14954,69514626.0
2026-01-17 17:45:00+00:00,0.14953,0.1565,0.14915,0.15325,36456270.0
2026-01-17 18:00:00+00:00,0.15325,0.15408,0.14729,0.14952,25845724.0
2026-01-17 18:15:00+00:00,0.14955,0.1505,0.14515,0.14639,23811473.0
2026-01-17 18:30:00+00:00,0.14644,0.14706,0.13627,0.13886,65110381.0
2026-01-17 18:45:00+00:00,0.13894,0.14008,0.13118,0.13258,68081380.0
2026-01-17 19:00:00+00:00,0.13259,0.13477,0.12813,0.12882,59625868.0
2026-01-17 19:15:00+00:00,0.12882,0.14023,0.12826,0.13858,57819774.0
2026-01-17 19:30:00+00:00,0.13854,0.14416,0.13682,0.14258,41121510.0
2026-01-17 19:45:00+00:00,0.14257,0.14483,0.14004,0.14305,22182463.0
2026-01-17 20:00:00+00:00,0.14302,0.14934,0.1382,0.14873,34243032.0
2026-01-17 20:15:00+00:00,0.14875,0.14888,0.14391,0.14422,21196117.0
2026-01-17 20:30:00+00:00,0.14427,0.14695,0.14119,0.14276,15000098.0
2026-01-17 20:45:00+00:00,0.14279,0.14618,0.14111,0.14529,10938346.0
2026-01-17 21:00:00+00:00,0.14532,0.14956,0.14472,0.14572,16295284.0
2026-01-17 21:15:00+00:00,0.14568,0.14893,0.14513,0.14831,9994065.0
2026-01-17 21:30:00+00:00,0.14828,0.14972,0.14574,0.14689,9469100.0
2026-01-17 21:45:00+00:00,0.14695,0.14737,0.14417,0.14551,10658842.0
2026-01-17 22:00:00+00:00,0.1455,0.14648,0.14343,0.14477,9965879.0
2026-01-17 22:15:00+00:00,0.1448,0.14644,0.14271,0.14364,8545305.0
2026-01-17 22:30:00+00:00,0.14357,0.145,0.1427,0.14413,5383815.0
2026-01-17 22:45:00+00:00,0.14415,0.1481,0.14402,0.14626,7816841.0
2026-01-17 23:00:00+00:00,0.14628,0.14858,0.1415,0.14277,12978341.0
2026-01-17 23:15:00+00:00,0.14276,0.14307,0.13907,0.14176,12029285.0
2026-01-17 23:30:00+00:00,0.14177,0.14461,0.13902,0.13923,15338242.0
2026-01-17 23:45:00+00:00,0.13923,0.1404,0.13748,0.13813,9712573.0
2026-01-18 00:00:00+00:00,0.13818,0.14089,0.1362,0.13699,17516255.0
2026-01-18 00:15:00+00:00,0.137,0.13732,0.13328,0.13448,15090615.0
2026-01-18 00:30:00+00:00,0.13448,0.13488,0.13213,0.13336,14297670.0
2026-01-18 00:45:00+00:00,0.13336,0.137,0.13201,0.13464,12084688.0
2026-01-18 01:00:00+00:00,0.13464,0.13819,0.13389,0.13581,13228119.0
2026-01-18 01:15:00+00:00,0.13582,0.13595,0.13102,0.13247,13034676.0
2026-01-18 01:30:00+00:00,0.13247,0.13615,0.13062,0.13416,13829654.0
2026-01-18 01:45:00+00:00,0.13412,0.13478,0.13,0.13209,10490150.0
2026-01-18 02:00:00+00:00,0.1321,0.13248,0.12886,0.12955,13638318.0
2026-01-18 02:15:00+00:00,0.12954,0.13008,0.1248,0.12894,24394336.0
2026-01-18 02:30:00+00:00,0.12895,0.13523,0.12863,0.13467,20270438.0
2026-01-18 02:45:00+00:00,0.13467,0.14117,0.13439,0.13878,26188828.0
2026-01-18 03:00:00+00:00,0.13878,0.14287,0.13693,0.14153,22736352.0
2026-01-18 03:15:00+00:00,0.14152,0.14252,0.13919,0.1413,12654205.0
2026-01-18 03:30:00+00:00,0.14133,0.1429,0.13861,0.13969,12625787.0
2026-01-18 03:45:00+00:00,0.13969,0.14127,0.13715,0.1406,9879753.0
2026-01-18 04:00:00+00:00,0.14057,0.1466,0.13978,0.14574,23969278.0
2026-01-18 04:15:00+00:00,0.14575,0.14916,0.14436,0.147,20337830.0
2026-01-18 04:30:00+00:00,0.147,0.14923,0.14571,0.1472,18201394.0
2026-01-18 04:45:00+00:00,0.1472,0.14894,0.14575,0.14662,13828828.0
2026-01-18 05:00:00+00:00,0.14664,0.15491,0.14611,0.15208,46911141.0
2026-01-18 05:15:00+00:00,0.15213,0.15715,0.151,0.15488,27314966.0
2026-01-18 05:30:00+00:00,0.15489,0.15797,0.15249,0.15345,29570661.0
2026-01-18 05:45:00+00:00,0.15344,0.1555,0.14889,0.15473,29993801.0
2026-01-18 06:00:00+00:00,0.1547,0.15588,0.15024,0.15183,21342280.0
2026-01-18 06:15:00+00:00,0.15184,0.15235,0.14821,0.15039,15522698.0
2026-01-18 06:30:00+00:00,0.1504,0.1528,0.14742,0.14856,18453430.0
2026-01-18 06:45:00+00:00,0.1486,0.15095,0.1461,0.14681,17459079.0
2026-01-18 07:00:00+00:00,0.14681,0.14904,0.14502,0.14576,20336648.0
2026-01-18 07:15:00+00:00,0.14578,0.14779,0.14357,0.14559,21258369.0
2026-01-18 07:30:00+00:00,0.14558,0.14898,0.1391,0.1402,29308519.0
2026-01-18 07:45:00+00:00,0.1402,0.14289,0.13563,0.1363,33150770.0
2026-01-18 08:00:00+00:00,0.13632,0.14017,0.13427,0.13525,35115151.0
2026-01-18 08:15:00+00:00,0.13528,0.13562,0.13067,0.13286,34050736.0
2026-01-18 08:30:00+00:00,0.13289,0.13291,0.12825,0.12943,33020391.0
2026-01-18 08:45:00+00:00,0.12941,0.13763,0.12556,0.12644,57201888.0
2026-01-18 09:00:00+00:00,0.12644,0.13,0.1215,0.12345,76145973.0
2026-01-18 09:15:00+00:00,0.12352,0.13154,0.12151,0.1303,44596908.0
2026-01-18 09:30:00+00:00,0.13021,0.13916,0.1302,0.13841,45457803.0
2026-01-18 09:45:00+00:00,0.13843,0.14355,0.13138,0.13332,62286324.0
2026-01-18 10:00:00+00:00,0.13326,0.13908,0.13115,0.13807,40572946.0
2026-01-18 10:15:00+00:00,0.138,0.14264,0.13702,0.14148,23370243.0
2026-01-18 10:30:00+00:00,0.14144,0.1416,0.13649,0.13953,19151885.0
2026-01-18 10:45:00+00:00,0.13953,0.14006,0.13228,0.13435,21846330.0
2026-01-18 11:00:00+00:00,0.13438,0.13689,0.13248,0.13563,14760753.0
2026-01-18 11:15:00+00:00,0.13561,0.13672,0.133,0.1364,9137349.0
2026-01-18 11:30:00+00:00,0.13638,0.138,0.13533,0.1369,10865058.0
2026-01-18 11:45:00+00:00,0.13688,0.13902,0.1331,0.13343,12607839.0
2026-01-18 12:00:00+00:00,0.13337,0.13538,0.13142,0.13465,15426314.0
2026-01-18 12:15:00+00:00,0.13465,0.13816,0.13345,0.13725,9813606.0
2026-01-18 12:30:00+00:00,0.13725,0.14132,0.13623,0.13993,14113786.0
2026-01-18 12:45:00+00:00,0.13996,0.14344,0.1388,0.14018,17068870.0
2026-01-18 13:00:00+00:00,0.14021,0.14386,0.1385,0.14115,15769147.0
2026-01-18 13:15:00+00:00,0.14128,0.14315,0.14019,0.14124,10050132.0
2026-01-18 13:30:00+00:00,0.14122,0.14687,0.13883,0.14615,20018120.0
2026-01-18 13:45:00+00:00,0.14613,0.14672,0.14222,0.14294,12404998.0
2026-01-18 14:00:00+00:00,0.14293,0.14545,0.14153,0.14448,11064528.0
2026-01-18 14:15:00+00:00,0.14448,0.14474,0.14057,0.14205,8893171.0
2026-01-18 14:30:00+00:00,0.14204,0.14573,0.14018,0.14489,9647664.0
2026-01-18 14:45:00+00:00,0.14493,0.14855,0.14468,0.14682,16518316.0
2026-01-18 15:00:00+00:00,0.14683,0.1501,0.14471,0.14797,20210328.0
2026-01-18 15:15:00+00:00,0.14797,0.14834,0.14411,0.14565,12300858.0
2026-01-18 15:30:00+00:00,0.14564,0.14768,0.14334,0.14378,10163688.0
2026-01-18 15:45:00+00:00,0.14378,0.14849,0.14375,0.14588,11863645.0
2026-01-18 16:00:00+00:00,0.1458,0.15415,0.14526,0.15241,22638716.0
2026-01-18 16:15:00+00:00,0.15242,0.1577,0.15154,0.1568,32210521.0
2026-01-18 16:30:00+00:00,0.15678,0.15718,0.15098,0.15167,17260456.0
2026-01-18 16:45:00+00:00,0.1517,0.1542,0.14782,0.15076,15249227.0
2026-01-18 17:00:00+00:00,0.15075,0.15137,0.14804,0.14805,13770500.0
2026-01-18 17:15:00+00:00,0.14811,0.1523,0.14796,0.14903,8566982.0
2026-01-18 17:30:00+00:00,0.14901,0.1556,0.14656,0.15466,16071065.0
2026-01-18 17:45:00+00:00,0.15463,0.16224,0.15121,0.1597,29861328.0
2026-01-18 18:00:00+00:00,0.15977,0.16183,0.15468,0.15639,18155150.0
2026-01-18 18:15:00+00:00,0.15639,0.17111,0.15585,0.17068,61077038.0
2026-01-18 18:30:00+00:00,0.17075,0.1738,0.16163,0.1674,59491811.0
2026-01-18 18:45:00+00:00,0.1674,0.16823,0.15817,0.15978,32554134.0
2026-01-18 19:00:00+00:00,0.15971,0.1605,0.15407,0.15884,25898552.0
2026-01-18 19:15:00+00:00,0.15881,0.162,0.15303,0.15397,19801123.0
2026-01-18 19:30:00+00:00,0.15394,0.15695,0.14922,0.15047,19252935.0
2026-01-18 19:45:00+00:00,0.15048,0.15259,0.1492,0.14996,12670539.0
2026-01-18 20:00:00+00:00,0.15,0.15194,0.14766,0.1501,11645058.0
2026-01-18 20:15:00+00:00,0.15011,0.15418,0.1501,0.15061,8879650.0
2026-01-18 20:30:00+00:00,0.15066,0.15252,0.14903,0.15017,5615236.0
2026-01-18 20:45:00+00:00,0.15013,0.15184,0.14858,0.15121,5022412.0
2026-01-18 21:00:00+00:00,0.15121,0.15572,0.15076,0.1546,11436948.0
2026-01-18 21:15:00+00:00,0.1546,0.15663,0.1539,0.15572,6192582.0
2026-01-18 21:30:00+00:00,0.15573,0.15843,0.15481,0.15653,7746239.0
2026-01-18 21:45:00+00:00,0.15653,0.157,0.15214,0.15634,6833623.0
2026-01-18 22:00:00+00:00,0.15633,0.15863,0.15503,0.15806,5875909.0
2026-01-18 22:15:00+00:00,0.15802,0.16,0.15775,0.15989,5913105.0
2026-01-18 22:30:00+00:00,0.15988,0.16097,0.15707,0.15823,5431585.0
2026-01-18 22:45:00+00:00,0.15823,0.1618,0.1582,0.1591,6359330.0
2026-01-18 23:00:00+00:00,0.1591,0.16232,0.15803,0.15942,8085296.0
2026-01-18 23:15:00+00:00,0.15939,0.15947,0.15355,0.15674,9675042.0
2026-01-18 23:30:00+00:00,0.15677,0.15699,0.1525,0.15493,9897495.0
2026-01-18 23:45:00+00:00,0.1549,0.15554,0.1508,0.15438,9204376.0
2026-01-19 00:00:00+00:00,0.15437,0.16629,0.1524,0.15724,32559447.0
2026-01-19 00:15:00+00:00,0.15716,0.1585,0.15338,0.15726,12561371.0
2026-01-19 00:30:00+00:00,0.15721,0.165,0.15547,0.16405,17774840.0
2026-01-19 00:45:00+00:00,0.16406,0.16695,0.16168,0.16494,15948330.0
2026-01-19 01:00:00+00:00,0.16502,0.16776,0.16331,0.16692,12463599.0
2026-01-19 01:15:00+00:00,0.16692,0.17,0.16541,0.16819,12895390.0
2026-01-19 01:30:00+00:00,0.16815,0.16963,0.16408,0.16685,13358079.0
2026-01-19 01:45:00+00:00,0.1669,0.16767,0.1631,0.16398,9627320.0
2026-01-19 02:00:00+00:00,0.16398,0.16943,0.16177,0.16411,16766500.0
2026-01-19 02:15:00+00:00,0.1641,0.1656,0.15973,0.16057,12969804.0
2026-01-19 02:30:00+00:00,0.16057,0.16344,0.15703,0.15926,13171529.0
2026-01-19 02:45:00+00:00,0.15928,0.16009,0.15646,0.15857,8660222.0
2026-01-19 03:00:00+00:00,0.15854,0.15946,0.15476,0.15795,11040600.0
2026-01-19 03:15:00+00:00,0.15793,0.1623,0.15737,0.16052,11117125.0
2026-01-19 03:30:00+00:00,0.16052,0.16479,0.15901,0.16002,11007386.0
2026-01-19 03:45:00+00:00,0.16002,0.16095,0.15606,0.15836,7802624.0
2026-01-19 04:00:00+00:00,0.15836,0.1635,0.157,0.16289,8384183.0
2026-01-19 04:15:00+00:00,0.16283,0.1649,0.16185,0.16432,6513389.0
2026-01-19 04:30:00+00:00,0.16434,0.16466,0.16099,0.16134,6145551.0
2026-01-19 04:45:00+00:00,0.16136,0.16258,0.1588,0.16122,6213305.0
2026-01-19 05:00:00+00:00,0.16123,0.16205,0.1585,0.15988,6613108.0
2026-01-19 05:15:00+00:00,0.15983,0.163,0.1598,0.16179,4875921.0
2026-01-19 05:30:00+00:00,0.1618,0.16697,0.15944,0.16581,12866989.0
2026-01-19 05:45:00+00:00,0.16582,0.1694,0.16337,0.16645,12909095.0
2026-01-19 06:00:00+00:00,0.16637,0.17687,0.16375,0.16466,33755742.0
2026-01-19 06:15:00+00:00,0.16466,0.1689,0.16174,0.16861,13708927.0
2026-01-19 06:30:00+00:00,0.1686,0.17656,0.16757,0.1749,25246855.0
2026-01-19 06:45:00+00:00,0.17489,0.187,0.1742,0.1859,55392004.0
2026-01-19 07:00:00+00:00,0.1859,0.19032,0.18301,0.18754,34636885.0
2026-01-19 07:15:00+00:00,0.18754,0.18978,0.18012,0.18638,28550390.0
2026-01-19 07:30:00+00:00,0.18637,0.1914,0.18172,0.18373,23180750.0
2026-01-19 07:45:00+00:00,0.18373,0.18859,0.18027,0.1867,17950366.0
2026-01-19 08:00:00+00:00,0.18668,0.18999,0.18467,0.18715,19814076.0
2026-01-19 08:15:00+00:00,0.18724,0.19392,0.184,0.18674,30839277.0
2026-01-19 08:30:00+00:00,0.18669,0.18981,0.18305,0.18362,18388660.0
2026-01-19 08:45:00+00:00,0.18369,0.1888,0.17965,0.18739,24819356.0
2026-01-19 09:00:00+00:00,0.18738,0.19179,0.1871,0.18968,20312488.0
2026-01-19 09:15:00+00:00,0.18968,0.18991,0.1845,0.18493,13438592.0
2026-01-19 09:30:00+00:00,0.18494,0.18548,0.18138,0.1849,17188898.0
2026-01-19 09:45:00+00:00,0.18491,0.18706,0.1826,0.18364,10299639.0
2026-01-19 10:00:00+00:00,0.18364,0.18527,0.1806,0.18153,15930021.0
2026-01-19 10:15:00+00:00,0.18158,0.18462,0.17821,0.18078,17529684.0
2026-01-19 10:30:00+00:00,0.18078,0.18656,0.18008,0.18559,14433630.0
2026-01-19 10:45:00+00:00,0.18561,0.18833,0.1796,0.18046,19494452.0
2026-01-19 11:00:00+00:00,0.18046,0.184,0.17958,0.18194,13572940.0
2026-01-19 11:15:00+00:00,0.18198,0.18579,0.18184,0.18386,12871302.0
2026-01-19 11:30:00+00:00,0.18386,0.18668,0.18351,0.18531,8470104.0
2026-01-19 11:45:00+00:00,0.18529,0.18758,0.18443,0.18611,9250883.0
2026-01-19 12:00:00+00:00,0.18613,0.18998,0.18371,0.18457,18584208.0
2026-01-19 12:15:00+00:00,0.1846,0.18923,0.183,0.18783,12324914.0
2026-01-19 12:30:00+00:00,0.18783,0.19354,0.18627,0.18651,21462885.0
2026-01-19 12:45:00+00:00,0.18652,0.18713,0.18168,0.1822,17690554.0
2026-01-19 13:00:00+00:00,0.18219,0.18804,0.18209,0.18746,15538295.0
2026-01-19 13:15:00+00:00,0.18742,0.207,0.1873,0.20348,79388646.0
2026-01-19 13:30:00+00:00,0.20348,0.21936,0.2001,0.21149,90701008.0
2026-01-19 13:45:00+00:00,0.2114,0.22489,0.20761,0.22325,56814673.0
2026-01-19 14:00:00+00:00,0.22325,0.22377,0.19963,0.20174,77216859.0
2026-01-19 14:15:00+00:00,0.20163,0.20867,0.19319,0.20646,51479394.0
2026-01-19 14:30:00+00:00,0.20657,0.213,0.2036,0.2119,28219182.0
2026-01-19 14:45:00+00:00,0.21203,0.21473,0.20178,0.21021,35418918.0
2026-01-19 15:00:00+00:00,0.2102,0.215,0.20588,0.21394,22319893.0
2026-01-19 15:15:00+00:00,0.21398,0.21494,0.21038,0.21367,16065576.0
2026-01-19 15:30:00+00:00,0.21364,0.216,0.21,0.21073,15060045.0
2026-01-19 15:45:00+00:00,0.21084,0.21254,0.20494,0.20692,13359883.0
2026-01-19 16:00:00+00:00,0.20687,0.21546,0.20666,0.20837,22133426.0
2026-01-19 16:15:00+00:00,0.2083,0.21284,0.20578,0.20694,12011224.0
2026-01-19 16:30:00+00:00,0.20687,0.21062,0.20245,0.20433,16007592.0
2026-01-19 16:45:00+00:00,0.20434,0.20966,0.20356,0.20627,10190699.0
2026-01-19 17:00:00+00:00,0.20618,0.21284,0.20586,0.21161,9959003.0
2026-01-19 17:15:00+00:00,0.21162,0.2137,0.207,0.20857,8931554.0
2026-01-19 17:30:00+00:00,0.20858,0.2093,0.20592,0.20771,4909806.0
2026-01-19 17:45:00+00:00,0.20771,0.20819,0.20024,0.20265,15766817.0
2026-01-19 18:00:00+00:00,0.20264,0.20492,0.20051,0.20363,11188033.0
2026-01-19 18:15:00+00:00,0.20364,0.20537,0.1977,0.20116,13501410.0
2026-01-19 18:30:00+00:00,0.20119,0.20131,0.1987,0.20092,6837476.0
2026-01-19 18:45:00+00:00,0.20094,0.20678,0.20008,0.20526,8921163.0
2026-01-19 19:00:00+00:00,0.20528,0.20621,0.20121,0.20158,5608695.0
2026-01-19 19:15:00+00:00,0.20156,0.20199,0.19646,0.19713,10614001.0
2026-01-19 19:30:00+00:00,0.19713,0.19919,0.19585,0.19596,7328433.0
2026-01-19 19:45:00+00:00,0.19597,0.2005,0.1959,0.19719,8115322.0
2026-01-19 20:00:00+00:00,0.19722,0.20183,0.19646,0.19789,9217586.0
2026-01-19 20:15:00+00:00,0.19788,0.1999,0.19472,0.19862,9975758.0
2026-01-19 20:30:00+00:00,0.19862,0.20161,0.19581,0.19876,10092352.0
2026-01-19 20:45:00+00:00,0.19877,0.20671,0.19603,0.20437,16821531.0
2026-01-19 21:00:00+00:00,0.20443,0.21106,0.20401,0.20642,14761418.0
2026-01-19 21:15:00+00:00,0.20642,0.2115,0.20493,0.21104,9244130.0
2026-01-19 21:30:00+00:00,0.21105,0.213,0.20888,0.21164,9097054.0
2026-01-19 21:45:00+00:00,0.21165,0.21166,0.207,0.20838,7420145.0
2026-01-19 22:00:00+00:00,0.20839,0.21022,0.20524,0.20803,9714273.0
2026-01-19 22:15:00+00:00,0.2081,0.20839,0.20077,0.20146,8049503.0
2026-01-19 22:30:00+00:00,0.20144,0.20145,0.19713,0.20014,10558647.0
2026-01-19 22:45:00+00:00,0.20014,0.20116,0.19056,0.19485,12819521.0
2026-01-19 23:00:00+00:00,0.19488,0.20721,0.19333,0.19761,23589857.0
2026-01-19 23:15:00+00:00,0.19766,0.19963,0.19187,0.1944,9045623.0
2026-01-19 23:30:00+00:00,0.19436,0.19575,0.19294,0.19378,8283686.0
2026-01-19 23:45:00+00:00,0.19376,0.19643,0.1916,0.19351,9626784.0
2026-01-20 00:00:00+00:00,0.19351,0.19619,0.18978,0.19223,11647419.0
2026-01-20 00:15:00+00:00,0.19224,0.19571,0.19078,0.19404,7371102.0
2026-01-20 00:30:00+00:00,0.19411,0.19896,0.19246,0.1977,6943767.0
2026-01-20 00:45:00+00:00,0.19769,0.1988,0.19443,0.19633,6178723.0
2026-01-20 01:00:00+00:00,0.19636,0.19775,0.19382,0.19735,5769031.0
2026-01-20 01:15:00+00:00,0.19741,0.20352,0.1959,0.20342,9491431.0
2026-01-20 01:30:00+00:00,0.20334,0.2068,0.2021,0.20538,9433284.0
2026-01-20 01:45:00+00:00,0.20537,0.20956,0.20439,0.20694,10888547.0
2026-01-20 02:00:00+00:00,0.20694,0.20909,0.20304,0.20622,9680054.0
2026-01-20 02:15:00+00:00,0.20618,0.20764,0.20351,0.20415,6203129.0
2026-01-20 02:30:00+00:00,0.20418,0.2048,0.20102,0.20313,6785808.0
2026-01-20 02:45:00+00:00,0.20318,0.20369,0.1989,0.19992,7959203.0
2026-01-20 03:00:00+00:00,0.19991,0.20037,0.1955,0.1955,9763308.0
2026-01-20 03:15:00+00:00,0.19557,0.19973,0.1934,0.19903,8621669.0
2026-01-20 03:30:00+00:00,0.19902,0.19926,0.18884,0.18884,13658816.0
2026-01-20 03:45:00+00:00,0.18888,0.19416,0.18861,0.1937,11774374.0
2026-01-20 04:00:00+00:00,0.1937,0.19763,0.19191,0.19245,10975791.0
2026-01-20 04:15:00+00:00,0.19247,0.20595,0.19227,0.20391,16585362.0
2026-01-20 04:30:00+00:00,0.20396,0.20747,0.20237,0.20674,11272343.0
2026-01-20 04:45:00+00:00,0.20683,0.21191,0.20332,0.20915,18818353.0
2026-01-20 05:00:00+00:00,0.20916,0.21532,0.2072,0.21386,18725738.0
2026-01-20 05:15:00+00:00,0.21385,0.2166,0.2082,0.2103,14192860.0
2026-01-20 05:30:00+00:00,0.21037,0.21066,0.20581,0.20824,9180497.0
2026-01-20 05:45:00+00:00,0.20823,0.21047,0.20116,0.20172,11611034.0
2026-01-20 06:00:00+00:00,0.20173,0.20243,0.19726,0.19925,15151730.0
2026-01-20 06:15:00+00:00,0.19921,0.20586,0.19516,0.19516,14672985.0
2026-01-20 06:30:00+00:00,0.19516,0.19626,0.1899,0.19033,17417583.0
2026-01-20 06:45:00+00:00,0.19033,0.19033,0.18105,0.18668,37388472.0
2026-01-20 07:00:00+00:00,0.18664,0.19421,0.18365,0.18597,21148846.0
2026-01-20 07:15:00+00:00,0.18597,0.19323,0.18561,0.19122,12231680.0
2026-01-20 07:30:00+00:00,0.19122,0.19338,0.189,0.18987,7729471.0
2026-01-20 07:45:00+00:00,0.18987,0.19265,0.18811,0.18946,7175042.0
2026-01-20 08:00:00+00:00,0.18947,0.19742,0.18895,0.19677,10099060.0
2026-01-20 08:15:00+00:00,0.19677,0.19856,0.19425,0.19539,9929214.0
2026-01-20 08:30:00+00:00,0.19539,0.19964,0.19502,0.19519,7560152.0
2026-01-20 08:45:00+00:00,0.19516,0.19524,0.19017,0.19144,8752379.0
2026-01-20 09:00:00+00:00,0.19144,0.1983,0.18605,0.19552,14314960.0
2026-01-20 09:15:00+00:00,0.19552,0.20464,0.19419,0.20399,14781245.0
2026-01-20 09:30:00+00:00,0.20401,0.2075,0.2029,0.20647,12117782.0
2026-01-20 09:45:00+00:00,0.20645,0.2075,0.19894,0.20091,14293318.0
2026-01-20 10:00:00+00:00,0.20092,0.20433,0.1968,0.19705,10013660.0
2026-01-20 10:15:00+00:00,0.19706,0.20353,0.19603,0.20311,8081251.0
2026-01-20 10:30:00+00:00,0.2031,0.20561,0.20154,0.20463,6350106.0
2026-01-20 10:45:00+00:00,0.20464,0.20732,0.2032,0.20323,7721396.0
2026-01-20 11:00:00+00:00,0.20322,0.20981,0.20201,0.20857,9743925.0
2026-01-20 11:15:00+00:00,0.20857,0.21,0.20336,0.20909,9157436.0
2026-01-20 11:30:00+00:00,0.20906,0.2125,0.20791,0.21149,10583335.0
2026-01-20 11:45:00+00:00,0.21149,0.2125,0.20531,0.20758,8442734.0
2026-01-20 12:00:00+00:00,0.20758,0.20861,0.20106,0.20117,9160620.0
2026-01-20 12:15:00+00:00,0.20117,0.2033,0.19556,0.19719,12142723.0
2026-01-20 12:30:00+00:00,0.1972,0.20417,0.19497,0.20083,13627456.0
2026-01-20 12:45:00+00:00,0.20076,0.20168,0.19399,0.19499,8287443.0
2026-01-20 13:00:00+00:00,0.19499,0.20141,0.19471,0.20109,9802123.0
2026-01-20 13:15:00+00:00,0.20108,0.20806,0.20019,0.20757,11482585.0
2026-01-20 13:30:00+00:00,0.20758,0.21959,0.20544,0.21442,30598703.0
2026-01-20 13:45:00+00:00,0.21442,0.22498,0.21056,0.21282,36528964.0
2026-01-20 14:00:00+00:00,0.21281,0.2129,0.20646,0.20981,18966549.0
2026-01-20 14:15:00+00:00,0.2098,0.21612,0.20763,0.21345,13722181.0
2026-01-20 14:30:00+00:00,0.21345,0.2272,0.21345,0.2188,24215392.0
2026-01-20 14:45:00+00:00,0.21872,0.232,0.21794,0.22821,39012988.0
2026-01-20 15:00:00+00:00,0.2282,0.23422,0.2197,0.23176,29791163.0
2026-01-20 15:15:00+00:00,0.23175,0.23175,0.22407,0.22915,12323973.0
2026-01-20 15:30:00+00:00,0.22915,0.239,0.2276,0.23282,25922505.0
2026-01-20 15:45:00+00:00,0.2328,0.23455,0.22625,0.23311,14676524.0
2026-01-20 16:00:00+00:00,0.23313,0.23493,0.22831,0.23099,11552652.0
2026-01-20 16:15:00+00:00,0.23098,0.23279,0.22677,0.22927,10053791.0
2026-01-20 16:30:00+00:00,0.22926,0.2296,0.22355,0.22708,10982113.0
2026-01-20 16:45:00+00:00,0.22701,0.22983,0.22415,0.22482,8236840.0
2026-01-20 17:00:00+00:00,0.22478,0.2257,0.22024,0.22162,10898461.0
2026-01-20 17:15:00+00:00,0.22163,0.22344,0.22045,0.22108,5215959.0
2026-01-20 17:30:00+00:00,0.22104,0.22687,0.22091,0.22588,8310333.0
2026-01-20 17:45:00+00:00,0.22588,0.23466,0.22561,0.23454,11202308.0
2026-01-20 18:00:00+00:00,0.23453,0.24064,0.233,0.23739,20283577.0
2026-01-20 18:15:00+00:00,0.2374,0.24489,0.23005,0.23441,28464022.0
2026-01-20 18:30:00+00:00,0.23443,0.23944,0.23229,0.23596,12935695.0
2026-01-20 18:45:00+00:00,0.23596,0.23781,0.23181,0.23305,8029921.0
2026-01-20 19:00:00+00:00,0.23306,0.23482,0.22856,0.2329,10792951.0
2026-01-20 19:15:00+00:00,0.23288,0.23895,0.23091,0.23656,7754955.0
2026-01-20 19:30:00+00:00,0.23655,0.24166,0.235,0.2363,10557954.0
2026-01-20 19:45:00+00:00,0.23617,0.24023,0.23459,0.23992,6046337.0
2026-01-20 20:00:00+00:00,0.23989,0.2417,0.23149,0.23333,11117698.0
2026-01-20 20:15:00+00:00,0.23332,0.23641,0.22354,0.22698,13316176.0
2026-01-20 20:30:00+00:00,0.22699,0.23067,0.22114,0.22388,14406229.0
2026-01-20 20:45:00+00:00,0.22381,0.22925,0.22054,0.22335,10022376.0
2026-01-20 21:00:00+00:00,0.22336,0.22824,0.21872,0.22791,10801470.0
2026-01-20 21:15:00+00:00,0.2279,0.22846,0.22302,0.22684,6167045.0
2026-01-20 21:30:00+00:00,0.22683,0.228,0.22196,0.22503,4992426.0
2026-01-20 21:45:00+00:00,0.22501,0.22708,0.22411,0.22672,3121560.0
2026-01-20 22:00:00+00:00,0.22672,0.23436,0.22672,0.23014,8841840.0
2026-01-20 22:15:00+00:00,0.23017,0.23482,0.22828,0.23469,4083102.0
2026-01-20 22:30:00+00:00,0.2347,0.2368,0.23125,0.23608,5752874.0
2026-01-20 22:45:00+00:00,0.23616,0.23962,0.23302,0.23434,5921221.0
2026-01-20 23:00:00+00:00,0.23437,0.23854,0.23227,0.23514,6723487.0
2026-01-20 23:15:00+00:00,0.23514,0.23541,0.23045,0.23074,6181163.0
2026-01-20 23:30:00+00:00,0.23075,0.23091,0.22609,0.22798,8051047.0
2026-01-20 23:45:00+00:00,0.22799,0.23189,0.22609,0.22969,7195222.0
2026-01-21 00:00:00+00:00,0.22969,0.23094,0.22659,0.22831,5464480.0
2026-01-21 00:15:00+00:00,0.2283,0.23371,0.2244,0.22487,8674493.0
2026-01-21 00:30:00+00:00,0.22485,0.22861,0.22228,0.2226,5763132.0
2026-01-21 00:45:00+00:00,0.22264,0.22942,0.22228,0.22859,5473372.0
2026-01-21 01:00:00+00:00,0.22859,0.23572,0.22746,0.23369,8802460.0
2026-01-21 01:15:00+00:00,0.23369,0.2338,0.22658,0.2273,6018583.0
2026-01-21 01:30:00+00:00,0.2273,0.23229,0.225,0.23092,6193725.0
2026-01-21 01:45:00+00:00,0.23093,0.23467,0.22868,0.23089,5647644.0
2026-01-21 02:00:00+00:00,0.23089,0.2329,0.22652,0.22766,5370350.0
2026-01-21 02:15:00+00:00,0.22765,0.22891,0.224,0.224,5632020.0
2026-01-21 02:30:00+00:00,0.22402,0.22706,0.22118,0.2223,6989869.0
2026-01-21 02:45:00+00:00,0.2223,0.22569,0.221,0.22429,5261978.0
2026-01-21 03:00:00+00:00,0.22424,0.22477,0.21962,0.22106,6604488.0
2026-01-21 03:15:00+00:00,0.22112,0.22304,0.2175,0.21923,5503961.0
2026-01-21 03:30:00+00:00,0.21923,0.22333,0.2187,0.22001,4596561.0
2026-01-21 03:45:00+00:00,0.22003,0.22275,0.21776,0.22186,4017085.0
2026-01-21 04:00:00+00:00,0.22186,0.22935,0.219,0.21977,9442495.0
2026-01-21 04:15:00+00:00,0.21976,0.22608,0.2188,0.22582,4070585.0
2026-01-21 04:30:00+00:00,0.22583,0.22882,0.22583,0.22755,5250319.0
2026-01-21 04:45:00+00:00,0.22757,0.235,0.22712,0.23168,9507590.0
2026-01-21 05:00:00+00:00,0.23168,0.23645,0.22763,0.23499,8997782.0
2026-01-21 05:15:00+00:00,0.23512,0.285,0.23324,0.26906,71186199.0
2026-01-21 05:30:00+00:00,0.26927,0.37977,0.25313,0.26512,148211183.0
2026-01-21 05:45:00+00:00,0.26508,0.28317,0.25479,0.26671,53500306.0
2026-01-21 06:00:00+00:00,0.26676,0.26892,0.247,0.2532,37637675.0
2026-01-21 06:15:00+00:00,0.25328,0.25653,0.23503,0.23886,28204185.0
2026-01-21 06:30:00+00:00,0.23883,0.24511,0.2352,0.23594,19758434.0
2026-01-21 06:45:00+00:00,0.23594,0.2372,0.21521,0.2222,36928223.0
2026-01-21 07:00:00+00:00,0.22219,0.22219,0.19,0.20962,83602785.0
2026-01-21 07:15:00+00:00,0.20962,0.21133,0.18012,0.19557,73191290.0
2026-01-21 07:30:00+00:00,0.19561,0.20674,0.18583,0.20168,44317548.0
2026-01-21 07:45:00+00:00,0.20163,0.21217,0.19391,0.19763,43620758.0
2026-01-21 08:00:00+00:00,0.19763,0.21857,0.193,0.20974,39927925.0
2026-01-21 08:15:00+00:00,0.20975,0.21227,0.19,0.19176,35506015.0
2026-01-21 08:30:00+00:00,0.19182,0.19745,0.18633,0.19037,25906928.0
2026-01-21 08:45:00+00:00,0.19029,0.19558,0.17156,0.17312,40322100.0
2026-01-21 09:00:00+00:00,0.17312,0.17914,0.16,0.173,70347051.0
2026-01-21 09:15:00+00:00,0.173,0.17404,0.14603,0.15705,95437680.0
2026-01-21 09:30:00+00:00,0.15705,0.1666,0.14808,0.16427,54448447.0
2026-01-21 09:45:00+00:00,0.16421,0.19989,0.16351,0.19647,81207021.0
2026-01-21 10:00:00+00:00,0.19628,0.20785,0.18615,0.1952,68234733.0
2026-01-21 10:15:00+00:00,0.19516,0.23399,0.19452,0.22626,70946066.0
2026-01-21 10:30:00+00:00,0.22629,0.23179,0.19074,0.19473,62597085.0
2026-01-21 10:45:00+00:00,0.19463,0.20711,0.176,0.18174,95580909.0
2026-01-21 11:00:00+00:00,0.18174,0.19314,0.17859,0.18886,42026116.0
2026-01-21 11:15:00+00:00,0.18887,0.19117,0.178,0.18449,25007117.0
2026-01-21 11:30:00+00:00,0.18448,0.18797,0.1702,0.18607,41627568.0
2026-01-21 11:45:00+00:00,0.18614,0.20373,0.18481,0.20254,28454378.0
2026-01-21 12:00:00+00:00,0.20254,0.22,0.20107,0.21797,30628005.0
2026-01-21 12:15:00+00:00,0.21793,0.22038,0.18448,0.18751,55881913.0
2026-01-21 12:30:00+00:00,0.18749,0.20243,0.1766,0.18418,61453695.0
2026-01-21 12:45:00+00:00,0.18422,0.19436,0.18205,0.19136,19664323.0
2026-01-21 13:00:00+00:00,0.19136,0.19604,0.17717,0.18514,28525461.0
2026-01-21 13:15:00+00:00,0.18514,0.18526,0.1761,0.17796,20728381.0
2026-01-21 13:30:00+00:00,0.17796,0.179,0.15403,0.16173,53891125.0
2026-01-21 13:45:00+00:00,0.16177,0.1686,0.15649,0.15913,31788606.0
2026-01-21 14:00:00+00:00,0.15908,0.1668,0.15138,0.15171,32591026.0
2026-01-21 14:15:00+00:00,0.15167,0.15858,0.14027,0.14358,43716722.0
2026-01-21 14:30:00+00:00,0.14365,0.15702,0.142,0.14571,44566651.0
2026-01-21 14:45:00+00:00,0.1457,0.16163,0.138,0.13982,44856950.0
2026-01-21 15:00:00+00:00,0.13986,0.15372,0.13733,0.14718,44366630.0
2026-01-21 15:15:00+00:00,0.14722,0.14896,0.14058,0.14488,19637815.0
2026-01-21 15:30:00+00:00,0.14483,0.14733,0.14031,0.14457,16501021.0
2026-01-21 15:45:00+00:00,0.14462,0.14462,0.135,0.13654,22003716.0
2026-01-21 16:00:00+00:00,0.13659,0.13977,0.131,0.1351,28117894.0
2026-01-21 16:15:00+00:00,0.13508,0.14328,0.13351,0.13865,22577730.0
2026-01-21 16:30:00+00:00,0.13866,0.14499,0.13749,0.14389,15141961.0
2026-01-21 16:45:00+00:00,0.14389,0.14888,0.14164,0.14511,22877198.0
2026-01-21 17:00:00+00:00,0.14511,0.148,0.13935,0.14641,14403482.0
2026-01-21 17:15:00+00:00,0.14643,0.15115,0.14334,0.14523,18445607.0
2026-01-21 17:30:00+00:00,0.14523,0.14523,0.13932,0.142,11398642.0
2026-01-21 17:45:00+00:00,0.14201,0.14222,0.13571,0.13817,10597950.0
2026-01-21 18:00:00+00:00,0.13818,0.14173,0.13577,0.13786,10179518.0
2026-01-21 18:15:00+00:00,0.13785,0.14479,0.13753,0.14437,9087312.0
2026-01-21 18:30:00+00:00,0.14437,0.1495,0.14235,0.14906,13400851.0
2026-01-21 18:45:00+00:00,0.14904,0.1532,0.14649,0.15291,12383632.0
2026-01-21 19:00:00+00:00,0.15289,0.1545,0.1472,0.15184,15000201.0
2026-01-21 19:15:00+00:00,0.15185,0.15402,0.14851,0.14922,9984121.0
2026-01-21 19:30:00+00:00,0.14921,0.1762,0.1491,0.16776,33948358.0
2026-01-21 19:45:00+00:00,0.16776,0.17395,0.16523,0.17191,16220462.0
2026-01-21 20:00:00+00:00,0.17194,0.17898,0.17051,0.17444,18557761.0
2026-01-21 20:15:00+00:00,0.17445,0.17857,0.1699,0.17807,13068448.0
2026-01-21 20:30:00+00:00,0.17806,0.18276,0.17586,0.1787,17189913.0
2026-01-21 20:45:00+00:00,0.1787,0.17931,0.16835,0.16936,15574140.0
2026-01-21 21:00:00+00:00,0.16931,0.17246,0.1604,0.16556,16454043.0
2026-01-21 21:15:00+00:00,0.16561,0.16827,0.15818,0.1602,14537517.0
2026-01-21 21:30:00+00:00,0.16023,0.16212,0.15581,0.15645,10777253.0
2026-01-21 21:45:00+00:00,0.15644,0.16,0.15517,0.15604,7756398.0
2026-01-21 22:00:00+00:00,0.15605,0.15881,0.15392,0.15566,7791452.0
2026-01-21 22:15:00+00:00,0.15565,0.15566,0.15102,0.1524,7910678.0
2026-01-21 22:30:00+00:00,0.15242,0.15431,0.14928,0.154,6797117.0
2026-01-21 22:45:00+00:00,0.15398,0.15716,0.147,0.14792,10945594.0
2026-01-21 23:00:00+00:00,0.14792,0.15239,0.14785,0.14996,8351345.0
2026-01-21 23:15:00+00:00,0.14995,0.15288,0.1481,0.15122,8484298.0
2026-01-21 23:30:00+00:00,0.15121,0.15217,0.14724,0.1493,6778884.0
2026-01-21 23:45:00+00:00,0.14928,0.15218,0.14862,0.15029,5474943.0
2026-01-22 00:00:00+00:00,0.15027,0.15027,0.14211,0.14931,12644001.0
2026-01-22 00:15:00+00:00,0.1493,0.15676,0.14836,0.15628,12912135.0
2026-01-22 00:30:00+00:00,0.15625,0.15813,0.1506,0.1555,10355751.0
2026-01-22 00:45:00+00:00,0.15559,0.16069,0.15278,0.15988,8582011.0
2026-01-22 01:00:00+00:00,0.15989,0.16073,0.15396,0.15691,8995550.0
2026-01-22 01:15:00+00:00,0.15692,0.16309,0.15692,0.15909,7479768.0
2026-01-22 01:30:00+00:00,0.15909,0.16134,0.15633,0.15815,4891939.0
2026-01-22 01:45:00+00:00,0.15816,0.15889,0.1546,0.15482,4668353.0
2026-01-22 02:00:00+00:00,0.15485,0.16153,0.15409,0.16051,7386173.0
2026-01-22 02:15:00+00:00,0.16051,0.16419,0.15803,0.15855,10482376.0
2026-01-22 02:30:00+00:00,0.15856,0.16459,0.15749,0.15967,7730803.0
2026-01-22 02:45:00+00:00,0.15966,0.15966,0.15494,0.15555,4862589.0
2026-01-22 03:00:00+00:00,0.15552,0.15771,0.15113,0.15343,7268661.0
2026-01-22 03:15:00+00:00,0.15342,0.15868,0.15153,0.15786,5546443.0
2026-01-22 03:30:00+00:00,0.15786,0.162,0.15619,0.16022,6966489.0
2026-01-22 03:45:00+00:00,0.16021,0.16056,0.15474,0.16052,5090106.0
2026-01-22 04:00:00+00:00,0.16052,0.16363,0.15872,0.16341,7168005.0
2026-01-22 04:15:00+00:00,0.16341,0.16358,0.15703,0.15778,5566308.0
2026-01-22 04:30:00+00:00,0.15779,0.15865,0.15539,0.1573,4022582.0
2026-01-22 04:45:00+00:00,0.15729,0.15731,0.15147,0.15486,7095278.0
2026-01-22 05:00:00+00:00,0.15494,0.17492,0.15108,0.16002,20136603.0
2026-01-22 05:15:00+00:00,0.16001,0.16378,0.15805,0.15979,7906661.0
2026-01-22 05:30:00+00:00,0.15979,0.16673,0.15819,0.16044,9796297.0
2026-01-22 05:45:00+00:00,0.16045,0.16305,0.15935,0.16018,5298367.0
2026-01-22 06:00:00+00:00,0.16018,0.16298,0.15732,0.16004,8957910.0
2026-01-22 06:15:00+00:00,0.16005,0.16053,0.15108,0.15384,8460306.0
2026-01-22 06:30:00+00:00,0.15387,0.1554,0.147,0.14879,15123506.0
2026-01-22 06:45:00+00:00,0.14878,0.1538,0.14589,0.15134,15778084.0
2026-01-22 07:00:00+00:00,0.15137,0.15456,0.14921,0.14991,8852176.0
2026-01-22 07:15:00+00:00,0.14992,0.1534,0.14729,0.15143,8678229.0
2026-01-22 07:30:00+00:00,0.15141,0.15156,0.14622,0.14867,7450392.0
2026-01-22 07:45:00+00:00,0.14868,0.14979,0.14636,0.1477,6575332.0
2026-01-22 08:00:00+00:00,0.1477,0.15044,0.146,0.15026,7850157.0
2026-01-22 08:15:00+00:00,0.15027,0.15158,0.148,0.14961,6134294.0
2026-01-22 08:30:00+00:00,0.14963,0.14963,0.14428,0.14807,7495046.0
2026-01-22 08:45:00+00:00,0.14804,0.14912,0.14386,0.14466,6078699.0
2026-01-22 09:00:00+00:00,0.1447,0.1451,0.139,0.14315,12634903.0
2026-01-22 09:15:00+00:00,0.14315,0.148,0.14152,0.14186,8578088.0
2026-01-22 09:30:00+00:00,0.14185,0.14236,0.13719,0.13857,11414773.0
2026-01-22 09:45:00+00:00,0.13857,0.13857,0.13476,0.13673,12258530.0
2026-01-22 10:00:00+00:00,0.13671,0.14079,0.13314,0.13479,14255189.0
2026-01-22 10:15:00+00:00,0.1348,0.14367,0.13405,0.14243,15264358.0
2026-01-22 10:30:00+00:00,0.14242,0.15515,0.14145,0.15366,21896280.0
2026-01-22 10:45:00+00:00,0.15365,0.1591,0.14835,0.15787,31066565.0
2026-01-22 11:00:00+00:00,0.15779,0.16559,0.15385,0.15913,30745600.0
2026-01-22 11:15:00+00:00,0.15915,0.16847,0.15862,0.15985,20947087.0
2026-01-22 11:30:00+00:00,0.15986,0.16291,0.15394,0.16121,16819246.0
2026-01-22 11:45:00+00:00,0.16121,0.1617,0.15567,0.1567,9360886.0
2026-01-22 12:00:00+00:00,0.1567,0.16035,0.15371,0.15961,10093115.0
2026-01-22 12:15:00+00:00,0.1596,0.16171,0.15608,0.1586,10319757.0
2026-01-22 12:30:00+00:00,0.1586,0.16067,0.15633,0.15964,6442063.0
2026-01-22 12:45:00+00:00,0.15964,0.16539,0.1589,0.16325,11005227.0
2026-01-22 13:00:00+00:00,0.1633,0.16683,0.15986,0.16003,13366206.0
2026-01-22 13:15:00+00:00,0.16002,0.16044,0.15577,0.15759,7152700.0
2026-01-22 13:30:00+00:00,0.15759,0.16181,0.15557,0.15976,6454260.0
2026-01-22 13:45:00+00:00,0.15976,0.16403,0.1574,0.16278,5437701.0
2026-02-08 13:00:00+00:00,0.08676,0.08798,0.08653,0.08773,1460873.0
2026-02-08 13:15:00+00:00,0.08773,0.089,0.0875,0.08757,1963363.0
2026-02-08 13:30:00+00:00,0.08756,0.08906,0.08718,0.08885,979214.0
2026-02-08 13:45:00+00:00,0.08885,0.08969,0.08853,0.0895,845993.0
2026-02-08 14:00:00+00:00,0.08954,0.09967,0.08869,0.09931,15029527.0
2026-02-08 14:15:00+00:00,0.09932,0.10171,0.09756,0.101,12303445.0
2026-02-08 14:30:00+00:00,0.10099,0.1017,0.09745,0.10039,8394571.0
2026-02-08 14:45:00+00:00,0.1004,0.10297,0.09863,0.09948,7343539.0
2026-02-08 15:00:00+00:00,0.09952,0.10182,0.09881,0.10157,4969542.0
2026-02-08 15:15:00+00:00,0.10163,0.10888,0.10124,0.10592,13381852.0
2026-02-08 15:30:00+00:00,0.1059,0.10686,0.08863,0.08957,40413453.0
2026-02-08 15:45:00+00:00,0.08956,0.09106,0.08448,0.08681,20865172.0
2026-02-08 16:00:00+00:00,0.08681,0.0907,0.08598,0.08993,12153062.0
2026-02-08 16:15:00+00:00,0.08993,0.09025,0.08704,0.0872,4890429.0
2026-02-08 16:30:00+00:00,0.08719,0.08879,0.08657,0.08722,2803253.0
2026-02-08 16:45:00+00:00,0.08719,0.0875,0.0845,0.0867,4342242.0
2026-02-08 17:00:00+00:00,0.0867,0.08962,0.08657,0.08838,3091517.0
2026-02-08 17:15:00+00:00,0.08838,0.08934,0.08782,0.08897,1326973.0
2026-02-08 17:30:00+00:00,0.08895,0.09033,0.08845,0.08957,2490670.0
2026-02-08 17:45:00+00:00,0.08961,0.09027,0.0872,0.08763,2006005.0
2026-02-08 18:00:00+00:00,0.08763,0.08894,0.08734,0.08856,1579993.0
2026-02-08 18:15:00+00:00,0.08856,0.08858,0.08673,0.08719,1053456.0
2026-02-08 18:30:00+00:00,0.08717,0.0883,0.08679,0.08788,1229717.0
2026-02-08 18:45:00+00:00,0.08788,0.08866,0.08707,0.08754,992310.0
2026-02-08 19:00:00+00:00,0.08754,0.09034,0.08701,0.08937,2482594.0
2026-02-08 19:15:00+00:00,0.0894,0.09031,0.0888,0.08967,1090351.0
2026-02-08 19:30:00+00:00,0.08965,0.09194,0.08963,0.09109,2053889.0
2026-02-08 19:45:00+00:00,0.09108,0.09116,0.08916,0.08934,1095037.0
2026-02-08 20:00:00+00:00,0.08933,0.08967,0.08841,0.08855,906573.0
2026-02-08 20:15:00+00:00,0.08855,0.08961,0.08777,0.08888,1343635.0
2026-02-08 20:30:00+00:00,0.08888,0.08942,0.08811,0.08818,895579.0
2026-02-08 20:45:00+00:00,0.08818,0.08847,0.08725,0.08729,878909.0
2026-02-08 21:00:00+00:00,0.08727,0.08791,0.08658,0.08667,1095033.0
2026-02-08 21:15:00+00:00,0.08667,0.08682,0.08611,0.08622,667297.0
2026-02-08 21:30:00+00:00,0.08622,0.08631,0.0802,0.08467,10194897.0
2026-02-08 21:45:00+00:00,0.08469,0.08516,0.08337,0.08341,2826882.0
2026-02-08 22:00:00+00:00,0.08341,0.08494,0.08336,0.08476,1720481.0
2026-02-08 22:15:00+00:00,0.08476,0.08568,0.08445,0.08482,3064322.0
2026-02-08 22:30:00+00:00,0.08476,0.08537,0.08371,0.0842,2347096.0
2026-02-08 22:45:00+00:00,0.08419,0.0852,0.08389,0.08516,1253678.0
2026-02-08 23:00:00+00:00,0.08519,0.08679,0.08468,0.08543,1825599.0
2026-02-08 23:15:00+00:00,0.08543,0.0856,0.08412,0.08414,1045987.0
2026-02-08 23:30:00+00:00,0.08413,0.08495,0.08356,0.08482,1326004.0
2026-02-08 23:45:00+00:00,0.08481,0.08548,0.08387,0.08427,918550.0
2026-02-09 00:00:00+00:00,0.08425,0.08464,0.08392,0.08404,949414.0
2026-02-09 00:15:00+00:00,0.08405,0.0841,0.08321,0.08337,612660.0
2026-02-09 00:30:00+00:00,0.08336,0.085,0.08304,0.08499,1045330.0
2026-02-09 00:45:00+00:00,0.08496,0.08529,0.08395,0.08412,828813.0
2026-02-09 01:00:00+00:00,0.08414,0.08493,0.08414,0.08416,658816.0
2026-02-09 01:15:00+00:00,0.08417,0.086,0.08386,0.0858,898658.0
2026-02-09 01:30:00+00:00,0.08583,0.0864,0.08511,0.0862,1050401.0
2026-02-09 01:45:00+00:00,0.0862,0.08672,0.08571,0.0865,852240.0
2026-02-09 02:00:00+00:00,0.08649,0.08723,0.08514,0.08581,1103360.0
2026-02-09 02:15:00+00:00,0.08581,0.08723,0.08565,0.08672,1590344.0
2026-02-09 02:30:00+00:00,0.08672,0.08704,0.08643,0.08694,1067801.0
2026-02-09 02:45:00+00:00,0.08695,0.0883,0.08677,0.08728,1230608.0
2026-02-09 03:00:00+00:00,0.08727,0.08767,0.08633,0.0865,1241920.0
2026-02-09 03:15:00+00:00,0.08649,0.08689,0.08582,0.08639,577671.0
2026-02-09 03:30:00+00:00,0.08639,0.08679,0.08597,0.08667,1194025.0
2026-02-09 03:45:00+00:00,0.08665,0.08822,0.08661,0.08808,1126018.0
2026-02-09 04:00:00+00:00,0.0881,0.08819,0.08633,0.08643,890810.0
2026-02-09 04:15:00+00:00,0.08642,0.08693,0.08637,0.0866,429458.0
2026-02-09 04:30:00+00:00,0.08662,0.08784,0.08658,0.08772,755947.0
2026-02-09 04:45:00+00:00,0.08772,0.08871,0.08728,0.08767,795280.0
2026-02-09 05:00:00+00:00,0.08764,0.08885,0.08755,0.08841,1002608.0
2026-02-09 05:15:00+00:00,0.0884,0.08844,0.0877,0.08796,519419.0
2026-02-09 05:30:00+00:00,0.08796,0.08815,0.08765,0.08805,505783.0
2026-02-09 05:45:00+00:00,0.08806,0.0886,0.08789,0.08819,787504.0
2026-02-09 06:00:00+00:00,0.08821,0.08831,0.08314,0.08577,3238542.0
2026-02-09 06:15:00+00:00,0.08577,0.086,0.0853,0.08551,895125.0
2026-02-09 06:30:00+00:00,0.08551,0.0857,0.08409,0.0847,1319517.0
2026-02-09 06:45:00+00:00,0.08469,0.08601,0.08465,0.08529,1279022.0
2026-02-09 07:00:00+00:00,0.08528,0.08584,0.08479,0.08561,845931.0
2026-02-09 07:15:00+00:00,0.0856,0.08613,0.08533,0.08601,386479.0
2026-02-09 07:30:00+00:00,0.08602,0.0866,0.0854,0.08629,655133.0
2026-02-09 07:45:00+00:00,0.08629,0.08651,0.08553,0.08638,451069.0
2026-02-09 08:00:00+00:00,0.08638,0.0865,0.08419,0.08489,1465089.0
2026-02-09 08:15:00+00:00,0.08489,0.08543,0.08457,0.08495,805472.0
2026-02-09 08:30:00+00:00,0.08496,0.086,0.08438,0.08588,896614.0
2026-02-09 08:45:00+00:00,0.08589,0.08646,0.08526,0.08578,585729.0
2026-02-09 09:00:00+00:00,0.08577,0.08594,0.08447,0.08549,754421.0
2026-02-09 09:15:00+00:00,0.0855,0.08628,0.08535,0.0858,667226.0
2026-02-09 09:30:00+00:00,0.08579,0.0858,0.08406,0.08438,817411.0
2026-02-09 09:45:00+00:00,0.08437,0.08605,0.08433,0.08563,832441.0
2026-02-09 10:00:00+00:00,0.08562,0.0868,0.08525,0.08628,992386.0
2026-02-09 10:15:00+00:00,0.08628,0.087,0.08583,0.08625,942923.0
2026-02-09 10:30:00+00:00,0.08624,0.08624,0.08461,0.08484,1545942.0
2026-02-09 10:45:00+00:00,0.08483,0.0852,0.08438,0.08452,735398.0
2026-02-09 11:00:00+00:00,0.08452,0.08545,0.08423,0.08488,798281.0
2026-02-09 11:15:00+00:00,0.08489,0.08519,0.08453,0.08468,320464.0
2026-02-09 11:30:00+00:00,0.08469,0.08505,0.08453,0.08463,429878.0
2026-02-09 11:45:00+00:00,0.08462,0.08473,0.084,0.08419,848214.0
2026-02-09 12:00:00+00:00,0.08421,0.0844,0.08229,0.08314,3544235.0
2026-02-09 12:15:00+00:00,0.08314,0.08314,0.08231,0.08246,2500151.0
2026-02-09 12:30:00+00:00,0.08246,0.08332,0.08221,0.08301,2843027.0
2026-02-09 12:45:00+00:00,0.083,0.08315,0.08233,0.08243,1631992.0
2026-02-09 13:00:00+00:00,0.08244,0.0832,0.08163,0.0829,3173792.0
2026-02-09 13:15:00+00:00,0.0829,0.08327,0.08208,0.08216,2535132.0
2026-02-09 13:30:00+00:00,0.08215,0.08219,0.08057,0.08129,4210526.0
2026-02-09 13:45:00+00:00,0.08128,0.08224,0.08117,0.08129,3294348.0
2026-02-09 14:00:00+00:00,0.08129,0.08203,0.08089,0.081,2656857.0
2026-02-09 14:15:00+00:00,0.081,0.08115,0.0786,0.07962,9151137.0
2026-02-09 14:30:00+00:00,0.07963,0.08119,0.07881,0.07888,8457310.0
2026-02-09 14:45:00+00:00,0.07889,0.08087,0.0788,0.08028,6780151.0
2026-02-09 15:00:00+00:00,0.08029,0.0873,0.08018,0.08502,15780107.0
2026-02-09 15:15:00+00:00,0.08502,0.08646,0.08245,0.08563,13755463.0
2026-02-09 15:30:00+00:00,0.08563,0.08716,0.08375,0.08712,9430525.0
2026-02-09 15:45:00+00:00,0.0871,0.0916,0.08685,0.09015,10608670.0
2026-02-09 16:00:00+00:00,0.09011,0.09465,0.08994,0.09412,15239150.0
2026-02-09 16:15:00+00:00,0.09411,0.10296,0.09404,0.10107,25604035.0
2026-02-09 16:30:00+00:00,0.10107,0.10349,0.09409,0.099,32410970.0
2026-02-09 16:45:00+00:00,0.09893,0.10376,0.09872,0.10059,12831885.0
2026-02-09 17:00:00+00:00,0.10059,0.102,0.0943,0.09658,21982371.0
2026-02-09 17:15:00+00:00,0.09659,0.10354,0.0943,0.10276,11902183.0
2026-02-09 17:30:00+00:00,0.10273,0.10571,0.09929,0.09991,12766151.0
2026-02-09 17:45:00+00:00,0.09984,0.1034,0.09938,0.10316,6477367.0
2026-02-09 18:00:00+00:00,0.10317,0.10379,0.09913,0.10048,5336404.0
2026-02-09 18:15:00+00:00,0.10048,0.10137,0.09937,0.10042,3545808.0
2026-02-09 18:30:00+00:00,0.10043,0.10274,0.09937,0.10096,3575334.0
2026-02-09 18:45:00+00:00,0.10095,0.10513,0.10033,0.10108,5265154.0
2026-02-09 19:00:00+00:00,0.10104,0.1016,0.09945,0.10003,4101272.0
2026-02-09 19:15:00+00:00,0.10003,0.10168,0.0997,0.10094,2573957.0
2026-02-09 19:30:00+00:00,0.10095,0.1028,0.10035,0.10163,3124296.0
2026-02-09 19:45:00+00:00,0.10163,0.10228,0.10083,0.10196,1985851.0
2026-02-09 20:00:00+00:00,0.10198,0.10203,0.1002,0.10053,1851519.0
2026-02-09 20:15:00+00:00,0.10055,0.10127,0.09973,0.1005,1165123.0
2026-02-09 20:30:00+00:00,0.1005,0.1015,0.09982,0.10101,1554069.0
2026-02-09 20:45:00+00:00,0.101,0.1015,0.0995,0.09963,1847149.0
2026-02-09 21:00:00+00:00,0.09961,0.09963,0.09771,0.09834,3124893.0
2026-02-09 21:15:00+00:00,0.09833,0.09943,0.09801,0.0989,1934276.0
2026-02-09 21:30:00+00:00,0.0989,0.09986,0.09762,0.09866,2635771.0
2026-02-09 21:45:00+00:00,0.09865,0.10096,0.09862,0.09956,1982284.0
2026-02-09 22:00:00+00:00,0.09956,0.09964,0.098,0.09852,1802618.0
2026-02-09 22:15:00+00:00,0.09847,0.09849,0.09747,0.098,2079054.0
2026-02-09 22:30:00+00:00,0.09802,0.102,0.09782,0.10109,16685660.0
2026-02-09 22:45:00+00:00,0.10111,0.10168,0.09995,0.10043,2977729.0
2026-02-09 23:00:00+00:00,0.10042,0.10068,0.09953,0.10031,2091372.0
2026-02-09 23:15:00+00:00,0.10031,0.10164,0.10029,0.1003,1788644.0
2026-02-09 23:30:00+00:00,0.10031,0.10083,0.09929,0.10055,2293785.0
2026-02-09 23:45:00+00:00,0.10055,0.10068,0.09953,0.1002,2226920.0
2026-02-10 00:00:00+00:00,0.10021,0.10367,0.09921,0.10175,4765034.0
2026-02-10 00:15:00+00:00,0.10183,0.10366,0.10183,0.10337,2922453.0
2026-02-10 00:30:00+00:00,0.10338,0.10367,0.10096,0.10125,2464222.0
2026-02-10 00:45:00+00:00,0.10124,0.10184,0.10029,0.10121,1885400.0
2026-02-10 01:00:00+00:00,0.10124,0.10124,0.09871,0.10002,3898290.0
2026-02-10 01:15:00+00:00,0.10003,0.10137,0.09971,0.1008,1693989.0
2026-02-10 01:30:00+00:00,0.10084,0.10201,0.09957,0.10149,2253660.0
2026-02-10 01:45:00+00:00,0.10149,0.10173,0.10085,0.10122,1037466.0
2026-02-10 02:00:00+00:00,0.10119,0.10134,0.09851,0.10034,3273076.0
2026-02-10 02:15:00+00:00,0.10035,0.10086,0.09984,0.1008,911121.0
2026-02-10 02:30:00+00:00,0.10081,0.1011,0.09973,0.10042,1384994.0
2026-02-10 02:45:00+00:00,0.10042,0.10053,0.09971,0.10004,806366.0
2026-02-10 03:00:00+00:00,0.10004,0.10014,0.09903,0.09956,1362597.0
2026-02-10 03:15:00+00:00,0.09953,0.10035,0.098,0.09813,2029342.0
2026-02-10 03:30:00+00:00,0.09812,0.09817,0.09617,0.09801,4155342.0
2026-02-10 03:45:00+00:00,0.09801,0.10035,0.09767,0.10015,1812926.0
2026-02-10 04:00:00+00:00,0.10012,0.1024,0.09996,0.10187,3187337.0
2026-02-10 04:15:00+00:00,0.10188,0.10224,0.0988,0.09937,2765871.0
2026-02-10 04:30:00+00:00,0.09937,0.09967,0.0985,0.099,2032901.0
2026-02-10 04:45:00+00:00,0.09897,0.09999,0.09866,0.09965,1608638.0
2026-02-10 05:00:00+00:00,0.09966,0.10139,0.09939,0.10106,1571022.0
2026-02-10 05:15:00+00:00,0.10106,0.10106,0.09941,0.10013,1789728.0
2026-02-10 05:30:00+00:00,0.10012,0.10218,0.0996,0.10103,2316462.0
2026-02-10 05:45:00+00:00,0.10103,0.10113,0.10012,0.10081,1532031.0
2026-02-10 06:00:00+00:00,0.10079,0.10232,0.10045,0.10066,2503423.0
2026-02-10 06:15:00+00:00,0.10067,0.10126,0.10007,0.10064,1599169.0
2026-02-10 06:30:00+00:00,0.10064,0.1016,0.10005,0.10092,1514763.0
2026-02-10 06:45:00+00:00,0.10092,0.1029,0.09945,0.10183,3263802.0
2026-02-10 07:00:00+00:00,0.10184,0.10486,0.10154,0.10418,6578522.0
2026-02-10 07:15:00+00:00,0.1042,0.10473,0.10218,0.10264,4311585.0
2026-02-10 07:30:00+00:00,0.1026,0.10285,0.1,0.10021,3352401.0
2026-02-10 07:45:00+00:00,0.10017,0.10152,0.09959,0.10101,2630596.0
2026-02-10 08:00:00+00:00,0.10102,0.10294,0.09988,0.10129,2918445.0
2026-02-10 08:15:00+00:00,0.10128,0.1033,0.1012,0.10208,2509228.0
2026-02-10 08:30:00+00:00,0.10209,0.10238,0.09965,0.10021,2754153.0
2026-02-10 08:45:00+00:00,0.10021,0.10132,0.09874,0.10116,2207467.0
2026-02-10 09:00:00+00:00,0.10116,0.104,0.10091,0.10189,3894509.0
2026-02-10 09:15:00+00:00,0.10186,0.10385,0.10154,0.10333,2053026.0
2026-02-10 09:30:00+00:00,0.10333,0.10637,0.10279,0.10492,6297067.0
2026-02-10 09:45:00+00:00,0.10492,0.107,0.10438,0.10654,4536501.0
2026-02-10 10:00:00+00:00,0.10655,0.10887,0.10474,0.10536,11964176.0
2026-02-10 10:15:00+00:00,0.10536,0.10857,0.10514,0.10734,6502679.0
2026-02-10 10:30:00+00:00,0.10727,0.10727,0.1054,0.10549,4163586.0
2026-02-10 10:45:00+00:00,0.10555,0.10756,0.10554,0.10643,3377157.0
2026-02-10 11:00:00+00:00,0.10648,0.10865,0.10579,0.10744,4852345.0
2026-02-10 11:15:00+00:00,0.10751,0.10778,0.10458,0.10538,4484293.0
2026-02-10 11:30:00+00:00,0.10536,0.10616,0.10474,0.10556,3440180.0
2026-02-10 11:45:00+00:00,0.10556,0.10798,0.10543,0.10715,3806513.0
2026-02-10 12:00:00+00:00,0.10711,0.11178,0.10703,0.11109,10669756.0
2026-02-10 12:15:00+00:00,0.11109,0.11204,0.10957,0.11048,8656328.0
2026-02-10 12:30:00+00:00,0.11047,0.11245,0.10912,0.11074,6079117.0
2026-02-10 12:45:00+00:00,0.11081,0.11285,0.11,0.1116,7037214.0
2026-02-10 13:00:00+00:00,0.11159,0.11355,0.11111,0.11268,5943812.0
2026-02-10 13:15:00+00:00,0.11266,0.11486,0.11053,0.11322,11581211.0
2026-02-10 13:30:00+00:00,0.11326,0.11597,0.11286,0.11537,6744385.0
2026-02-10 13:45:00+00:00,0.11537,0.1195,0.11474,0.119,10456403.0
2026-02-10 14:00:00+00:00,0.11896,0.12292,0.11815,0.12202,16057463.0
2026-02-10 14:15:00+00:00,0.12202,0.12438,0.11606,0.12233,21383617.0
2026-02-10 14:30:00+00:00,0.12242,0.12248,0.11388,0.11751,19142210.0
2026-02-10 14:45:00+00:00,0.11751,0.12148,0.11748,0.11751,10730905.0
2026-02-10 15:00:00+00:00,0.11754,0.1214,0.11558,0.12125,10640203.0
2026-02-10 15:15:00+00:00,0.12112,0.12656,0.12007,0.12553,14355170.0
2026-02-10 15:30:00+00:00,0.12553,0.12588,0.12111,0.12289,8953444.0
2026-02-10 15:45:00+00:00,0.12289,0.12477,0.12045,0.12274,6081465.0
2026-02-10 16:00:00+00:00,0.12282,0.12511,0.12001,0.12057,7698325.0
2026-02-10 16:15:00+00:00,0.12057,0.12256,0.11853,0.12227,6797714.0
2026-02-10 16:30:00+00:00,0.12227,0.12942,0.12216,0.12813,11239234.0
2026-02-10 16:45:00+00:00,0.12818,0.12977,0.12564,0.1296,9345740.0
2026-02-10 17:00:00+00:00,0.12954,0.13239,0.12871,0.12926,11917498.0
2026-02-10 17:15:00+00:00,0.12929,0.13387,0.12829,0.13324,9911525.0
2026-02-10 17:30:00+00:00,0.1332,0.13499,0.13206,0.13326,11044544.0
2026-02-10 17:45:00+00:00,0.13327,0.13418,0.12962,0.13046,10893074.0
2026-02-10 18:00:00+00:00,0.1305,0.1311,0.12058,0.12401,19935762.0
2026-02-10 18:15:00+00:00,0.12408,0.12672,0.12403,0.12527,8259926.0
2026-02-10 18:30:00+00:00,0.12528,0.1275,0.123,0.12685,5955975.0
2026-02-10 18:45:00+00:00,0.12686,0.12777,0.12576,0.12689,4387935.0
2026-02-10 19:00:00+00:00,0.12687,0.12924,0.1259,0.12783,5393476.0
2026-02-10 19:15:00+00:00,0.12781,0.12994,0.12684,0.12846,4534508.0
2026-02-10 19:30:00+00:00,0.12846,0.12898,0.12627,0.12656,3651530.0
2026-02-10 19:45:00+00:00,0.12655,0.12817,0.12637,0.12764,1956823.0
2026-02-10 20:00:00+00:00,0.12768,0.13485,0.12738,0.13235,11916525.0
2026-02-10 20:15:00+00:00,0.13243,0.13279,0.13002,0.13124,4641176.0
2026-02-10 20:30:00+00:00,0.13125,0.13326,0.13037,0.13231,4347681.0
2026-02-10 20:45:00+00:00,0.1323,0.13355,0.1305,0.13057,3273863.0
2026-02-10 21:00:00+00:00,0.13057,0.13281,0.13035,0.13204,3603148.0
2026-02-10 21:15:00+00:00,0.13203,0.13377,0.13058,0.13106,4151977.0
2026-02-10 21:30:00+00:00,0.13102,0.13152,0.12935,0.13041,3158596.0
2026-02-10 21:45:00+00:00,0.1304,0.13124,0.12899,0.13091,3318227.0
2026-02-10 22:00:00+00:00,0.13083,0.13221,0.12832,0.12974,4244906.0
2026-02-10 22:15:00+00:00,0.12963,0.13124,0.129,0.13035,4974180.0
2026-02-10 22:30:00+00:00,0.13035,0.13113,0.12864,0.12917,15451511.0
2026-02-10 22:45:00+00:00,0.12914,0.12949,0.12706,0.12726,6662830.0
2026-02-10 23:00:00+00:00,0.12724,0.12928,0.12723,0.12846,4693108.0
2026-02-10 23:15:00+00:00,0.12846,0.12846,0.1271,0.1277,2613778.0
2026-02-10 23:30:00+00:00,0.1277,0.12839,0.12588,0.12707,3996859.0
2026-02-10 23:45:00+00:00,0.12706,0.12797,0.12678,0.12713,2340166.0
2026-02-11 00:00:00+00:00,0.12714,0.138,0.12713,0.13649,8713645.0
2026-02-11 00:15:00+00:00,0.13649,0.1371,0.12991,0.13071,6727302.0
2026-02-11 00:30:00+00:00,0.13073,0.13111,0.12748,0.12828,4862800.0
2026-02-11 00:45:00+00:00,0.12826,0.13165,0.12708,0.12929,6023092.0
2026-02-11 01:00:00+00:00,0.12936,0.1348,0.12935,0.13428,6367326.0
2026-02-11 01:15:00+00:00,0.13429,0.13482,0.13158,0.13209,4346537.0
2026-02-11 01:30:00+00:00,0.13208,0.13378,0.13076,0.13355,3609113.0
2026-02-11 01:45:00+00:00,0.13355,0.13392,0.13088,0.13225,3274687.0
2026-02-11 02:00:00+00:00,0.13225,0.1358,0.13221,0.13439,3802381.0
2026-02-11 02:15:00+00:00,0.13445,0.1375,0.13388,0.13572,4421296.0
2026-02-11 02:30:00+00:00,0.13579,0.13679,0.13281,0.13529,4092596.0
2026-02-11 02:45:00+00:00,0.13526,0.13742,0.13461,0.13663,3246755.0
2026-02-11 03:00:00+00:00,0.13663,0.13798,0.13507,0.13709,5070839.0
2026-02-11 03:15:00+00:00,0.13709,0.13721,0.13469,0.13488,4442621.0
2026-02-11 03:30:00+00:00,0.13486,0.13714,0.13364,0.13421,4646764.0
2026-02-11 03:45:00+00:00,0.13422,0.13517,0.13073,0.13315,4994101.0
2026-02-11 04:00:00+00:00,0.13316,0.13584,0.13172,0.13454,3956145.0
2026-02-11 04:15:00+00:00,0.13455,0.13464,0.13277,0.13282,3152070.0
2026-02-11 04:30:00+00:00,0.13284,0.13697,0.13265,0.13572,4749637.0
2026-02-11 04:45:00+00:00,0.13572,0.13658,0.13149,0.13432,6676040.0
2026-02-11 05:00:00+00:00,0.13432,0.13534,0.13101,0.13136,3937724.0
2026-02-11 05:15:00+00:00,0.13137,0.13257,0.12973,0.1304,3721531.0
2026-02-11 05:30:00+00:00,0.13042,0.1317,0.12756,0.12868,6088726.0
2026-02-11 05:45:00+00:00,0.12868,0.1322,0.1259,0.13133,10217208.0
2026-02-11 06:00:00+00:00,0.13143,0.135,0.12882,0.13447,8245681.0
2026-02-11 06:15:00+00:00,0.13447,0.13563,0.13257,0.13484,4727074.0
2026-02-11 06:30:00+00:00,0.13482,0.13628,0.13364,0.13441,3249270.0
2026-02-11 06:45:00+00:00,0.13438,0.13534,0.1333,0.1352,2641010.0
2026-02-11 07:00:00+00:00,0.13519,0.13954,0.13499,0.1381,9077024.0
2026-02-11 07:15:00+00:00,0.13809,0.14,0.13754,0.13805,6033870.0
2026-02-11 07:30:00+00:00,0.13805,0.14137,0.13765,0.14047,5112976.0
2026-02-11 07:45:00+00:00,0.14048,0.14155,0.13877,0.14131,3579574.0
2026-02-11 08:00:00+00:00,0.14133,0.144,0.14075,0.14246,7813448.0
2026-02-11 08:15:00+00:00,0.14239,0.1463,0.1401,0.14546,10638272.0
2026-02-11 08:30:00+00:00,0.14546,0.14945,0.14456,0.14598,14878658.0
2026-02-11 08:45:00+00:00,0.14605,0.14865,0.14578,0.14762,8814817.0
2026-02-11 09:00:00+00:00,0.14761,0.15057,0.14711,0.14883,14164554.0
2026-02-11 09:15:00+00:00,0.14884,0.15049,0.1468,0.14979,9420079.0
2026-02-11 09:30:00+00:00,0.14976,0.15096,0.14745,0.14955,9837812.0
2026-02-11 09:45:00+00:00,0.14951,0.15588,0.14846,0.15236,17844136.0
2026-02-11 10:00:00+00:00,0.15236,0.15688,0.15142,0.15492,14889657.0
2026-02-11 10:15:00+00:00,0.15492,0.15569,0.15287,0.15335,9308926.0
2026-02-11 10:30:00+00:00,0.15336,0.1537,0.14228,0.14333,25027198.0
2026-02-11 10:45:00+00:00,0.1432,0.14812,0.1417,0.14669,13557881.0
2026-02-11 11:00:00+00:00,0.14665,0.14846,0.12729,0.13058,39892117.0
2026-02-11 11:15:00+00:00,0.13063,0.13323,0.1181,0.1231,67102687.0
2026-02-11 11:30:00+00:00,0.12325,0.13576,0.12298,0.13178,38552647.0
2026-02-11 11:45:00+00:00,0.13177,0.14128,0.13034,0.13885,22066338.0
2026-02-11 12:00:00+00:00,0.13883,0.14478,0.13728,0.14356,16448965.0
2026-02-11 12:15:00+00:00,0.14355,0.14653,0.13924,0.14538,16854599.0
2026-02-11 12:30:00+00:00,0.14549,0.14588,0.13589,0.13718,14772036.0
2026-02-11 12:45:00+00:00,0.1372,0.14993,0.13547,0.14857,27635837.0
2026-02-11 13:00:00+00:00,0.14857,0.15419,0.14529,0.14815,19251143.0
2026-02-11 13:15:00+00:00,0.14815,0.1592,0.14808,0.1583,23387221.0
2026-02-11 13:30:00+00:00,0.15823,0.16352,0.15611,0.16221,23379886.0
2026-02-11 13:45:00+00:00,0.16233,0.16257,0.15507,0.1561,17746477.0
2026-02-11 14:00:00+00:00,0.15596,0.15891,0.14561,0.14738,28598514.0
2026-02-11 14:15:00+00:00,0.14739,0.14789,0.12133,0.12542,68172504.0
2026-02-11 14:30:00+00:00,0.12547,0.13399,0.11394,0.1284,74580832.0
2026-02-11 14:45:00+00:00,0.12839,0.12852,0.11585,0.11666,37273576.0
2026-02-11 15:00:00+00:00,0.11657,0.126,0.115,0.1238,24829399.0
2026-02-11 15:15:00+00:00,0.12378,0.13294,0.12319,0.13263,17089780.0
2026-02-11 15:30:00+00:00,0.13263,0.13794,0.12917,0.13668,16557811.0
2026-02-11 15:45:00+00:00,0.13662,0.13994,0.13424,0.13766,14885338.0
2026-02-11 16:00:00+00:00,0.13767,0.14459,0.13572,0.13982,17414871.0
2026-02-11 16:15:00+00:00,0.13982,0.13982,0.10888,0.11015,59952761.0
2026-02-11 16:30:00+00:00,0.11014,0.11322,0.10246,0.10693,110834918.0
2026-02-11 16:45:00+00:00,0.10699,0.11385,0.1049,0.1076,29905724.0
2026-02-11 17:00:00+00:00,0.1076,0.11339,0.10317,0.11299,23557666.0
2026-02-11 17:15:00+00:00,0.11298,0.11541,0.1061,0.10731,20059856.0
2026-02-11 17:30:00+00:00,0.10732,0.11236,0.10618,0.1085,14185289.0
2026-02-11 17:45:00+00:00,0.10849,0.1108,0.10702,0.10899,10068129.0
2026-02-11 18:00:00+00:00,0.10896,0.11482,0.10875,0.11381,11269373.0
2026-02-11 18:15:00+00:00,0.11381,0.11665,0.112,0.11326,7566606.0
2026-02-11 18:30:00+00:00,0.11331,0.12062,0.11023,0.11884,15991636.0
2026-02-11 18:45:00+00:00,0.1189,0.11915,0.11362,0.11384,7115369.0
2026-02-11 19:00:00+00:00,0.11388,0.117,0.11184,0.11357,10779923.0
2026-02-11 19:15:00+00:00,0.11356,0.1146,0.0982,0.10036,30956941.0
2026-02-11 19:30:00+00:00,0.10036,0.10036,0.09033,0.09058,36662795.0
2026-02-11 19:45:00+00:00,0.0906,0.09394,0.08908,0.09057,38818682.0
2026-02-11 20:00:00+00:00,0.09054,0.09166,0.08208,0.08314,31440412.0
2026-02-11 20:15:00+00:00,0.08318,0.08537,0.07208,0.0728,57693601.0
2026-02-11 20:30:00+00:00,0.0728,0.07923,0.0705,0.07708,48974756.0
2026-02-11 20:45:00+00:00,0.07708,0.08184,0.07704,0.07896,29134337.0
2026-02-11 21:00:00+00:00,0.07896,0.08091,0.07761,0.07959,17594162.0
2026-02-11 21:15:00+00:00,0.07964,0.0836,0.07885,0.08269,17480365.0
2026-02-11 21:30:00+00:00,0.08269,0.08283,0.07701,0.07951,15749219.0
2026-02-11 21:45:00+00:00,0.07951,0.0805,0.07854,0.07857,6212415.0
2026-02-11 22:00:00+00:00,0.07854,0.08032,0.07747,0.07939,9170906.0
2026-02-11 22:15:00+00:00,0.07938,0.08036,0.07802,0.07825,7271560.0
2026-02-11 22:30:00+00:00,0.07824,0.07899,0.07631,0.07664,5617618.0
2026-02-11 22:45:00+00:00,0.07663,0.07731,0.07452,0.07517,6133813.0
2026-02-11 23:00:00+00:00,0.07516,0.07863,0.07457,0.07811,8718638.0
2026-02-11 23:15:00+00:00,0.07811,0.0789,0.07683,0.07713,6782724.0
2026-02-11 23:30:00+00:00,0.07713,0.07836,0.07641,0.07809,6114023.0
2026-02-11 23:45:00+00:00,0.07809,0.07863,0.07658,0.07805,4638626.0
2026-02-12 00:00:00+00:00,0.07805,0.07815,0.07555,0.07786,8743687.0
2026-02-12 00:15:00+00:00,0.07784,0.07967,0.07691,0.07928,8947807.0
2026-02-12 00:30:00+00:00,0.07928,0.07999,0.07748,0.07915,7264977.0
2026-02-12 00:45:00+00:00,0.07913,0.07932,0.07719,0.07752,4461649.0
2026-02-12 01:00:00+00:00,0.07754,0.07832,0.07673,0.07697,4971694.0
2026-02-12 01:15:00+00:00,0.07699,0.07702,0.07535,0.07624,4066310.0
2026-02-12 01:30:00+00:00,0.07625,0.07742,0.07537,0.07677,4781774.0
2026-02-12 01:45:00+00:00,0.07677,0.07737,0.07568,0.07716,4014589.0
2026-02-12 02:00:00+00:00,0.07716,0.07871,0.07569,0.07816,6273312.0
2026-02-12 02:15:00+00:00,0.07814,0.07926,0.07742,0.07794,6118581.0
2026-02-12 02:30:00+00:00,0.07794,0.07837,0.07724,0.07822,4720292.0
2026-02-12 02:45:00+00:00,0.07821,0.07891,0.07703,0.07791,3809874.0
2026-02-12 03:00:00+00:00,0.07792,0.07952,0.07781,0.07869,4868835.0
2026-02-12 03:15:00+00:00,0.07869,0.08182,0.0786,0.08041,8521879.0
2026-02-12 03:30:00+00:00,0.08041,0.08116,0.0782,0.07999,7619710.0
2026-02-12 03:45:00+00:00,0.08,0.08094,0.07774,0.07957,9270532.0
2026-02-12 04:00:00+00:00,0.07956,0.0802,0.07757,0.07792,5695940.0
2026-02-12 04:15:00+00:00,0.07793,0.07892,0.07758,0.07837,3729424.0
2026-02-12 04:30:00+00:00,0.07839,0.0789,0.07672,0.07881,5005815.0
2026-02-12 04:45:00+00:00,0.07881,0.07888,0.0776,0.07831,2532252.0
2026-02-12 05:00:00+00:00,0.07831,0.07885,0.07781,0.0784,3219738.0
2026-02-12 05:15:00+00:00,0.07842,0.07923,0.07826,0.07847,2197076.0
2026-02-12 05:30:00+00:00,0.07846,0.07935,0.0779,0.07887,2393588.0
2026-02-12 05:45:00+00:00,0.07891,0.07911,0.07819,0.07848,1778716.0
2026-02-12 06:00:00+00:00,0.07846,0.079,0.07719,0.07892,4733682.0
2026-02-12 06:15:00+00:00,0.07889,0.08121,0.07887,0.08096,5738405.0
2026-02-12 06:30:00+00:00,0.08096,0.08113,0.07905,0.07972,3225217.0
2026-02-12 06:45:00+00:00,0.07971,0.07991,0.07239,0.07541,23497028.0
2026-02-12 07:00:00+00:00,0.07548,0.07673,0.07225,0.07288,16339546.0
2026-02-12 07:15:00+00:00,0.07287,0.07387,0.07,0.07093,25427681.0
2026-02-12 07:30:00+00:00,0.07097,0.07119,0.06728,0.06862,27178183.0
2026-02-12 07:45:00+00:00,0.06859,0.07151,0.06826,0.06995,16636249.0
2026-02-12 08:00:00+00:00,0.06996,0.07055,0.05881,0.05914,75371932.0
2026-02-12 08:15:00+00:00,0.05917,0.06103,0.05703,0.05995,44173785.0
2026-02-12 08:30:00+00:00,0.05996,0.06289,0.05689,0.06024,48610837.0
2026-02-12 08:45:00+00:00,0.06024,0.06198,0.05851,0.05926,27027425.0
2026-02-12 09:00:00+00:00,0.05923,0.06011,0.05805,0.0594,16466400.0
2026-02-12 09:15:00+00:00,0.05944,0.06039,0.05845,0.05962,9237743.0
2026-02-12 09:30:00+00:00,0.05964,0.0606,0.05827,0.05916,11168536.0
2026-02-12 09:45:00+00:00,0.05916,0.06163,0.05813,0.05876,14140311.0
2026-02-12 10:00:00+00:00,0.05877,0.06099,0.05851,0.06058,14169311.0
2026-02-12 10:15:00+00:00,0.06059,0.06067,0.05853,0.05975,12176502.0
2026-02-12 10:30:00+00:00,0.05977,0.06033,0.05905,0.06012,6258206.0
2026-02-12 10:45:00+00:00,0.06012,0.06063,0.05964,0.05989,6569256.0
2026-02-12 11:00:00+00:00,0.0599,0.06057,0.05903,0.05937,8007021.0
2026-02-12 11:15:00+00:00,0.05936,0.0597,0.05792,0.05815,10292196.0
2026-02-12 11:30:00+00:00,0.05818,0.05885,0.05402,0.05599,27343057.0
2026-02-12 11:45:00+00:00,0.05598,0.05799,0.05555,0.05563,25363121.0
2026-02-12 12:00:00+00:00,0.05565,0.05581,0.05134,0.0518,61185021.0
2026-02-12 12:15:00+00:00,0.05181,0.0558,0.05169,0.05448,47143048.0
2026-02-12 12:30:00+00:00,0.05448,0.05878,0.05321,0.05389,61422380.0
2026-02-12 12:45:00+00:00,0.05389,0.05525,0.05189,0.05197,25326622.0
2026-02-12 13:00:00+00:00,0.05197,0.05211,0.04922,0.04973,45029038.0
2026-02-12 13:15:00+00:00,0.04976,0.0503,0.0478,0.04838,49983660.0
2026-02-12 13:30:00+00:00,0.04838,0.04947,0.04721,0.04862,34051696.0
2026-02-12 13:45:00+00:00,0.04859,0.04976,0.04774,0.04827,24862247.0
2026-02-12 14:00:00+00:00,0.04826,0.04944,0.04732,0.04865,29292374.0
2026-02-12 14:15:00+00:00,0.04862,0.04881,0.04566,0.04633,34601521.0
2026-02-12 14:30:00+00:00,0.04632,0.04725,0.0456,0.04599,30061121.0
2026-02-12 14:45:00+00:00,0.04596,0.04652,0.04541,0.04567,21458878.0
2026-02-12 15:00:00+00:00,0.04567,0.04668,0.04448,0.04616,31507796.0
2026-02-12 15:15:00+00:00,0.04617,0.04619,0.04494,0.04547,18738844.0
2026-02-12 15:30:00+00:00,0.04546,0.04632,0.04497,0.04564,21396804.0
2026-02-12 15:45:00+00:00,0.04564,0.04564,0.04361,0.04499,24668032.0
2026-02-12 16:00:00+00:00,0.045,0.04843,0.04493,0.04801,39257679.0
2026-02-12 16:15:00+00:00,0.04801,0.05047,0.04666,0.04995,42309826.0
2026-02-12 16:30:00+00:00,0.04995,0.05027,0.04705,0.05007,37261508.0
2026-02-12 16:45:00+00:00,0.0501,0.05077,0.04843,0.04999,30328130.0
2026-02-12 17:00:00+00:00,0.05002,0.05255,0.04973,0.05244,34267197.0
2026-02-12 17:15:00+00:00,0.05244,0.05321,0.0516,0.05305,22437372.0
2026-02-12 17:30:00+00:00,0.05304,0.0535,0.04965,0.05158,36749391.0
2026-02-12 17:45:00+00:00,0.05151,0.0529,0.04905,0.04945,29496294.0
2026-02-12 18:00:00+00:00,0.04945,0.04998,0.04905,0.04969,12246839.0
2026-02-12 18:15:00+00:00,0.04968,0.0509,0.04935,0.0504,8729799.0
2026-02-12 18:30:00+00:00,0.0504,0.05053,0.04941,0.05009,8024445.0
2026-02-12 18:45:00+00:00,0.0501,0.0507,0.04984,0.05011,6784706.0
2026-02-12 19:00:00+00:00,0.05012,0.05061,0.04752,0.04826,17062759.0
2026-02-12 19:15:00+00:00,0.04824,0.04976,0.0473,0.04966,18137863.0
2026-02-12 19:30:00+00:00,0.04965,0.05072,0.0496,0.05051,11832350.0
2026-02-12 19:45:00+00:00,0.05051,0.05256,0.05051,0.05186,12788513.0
2026-02-12 20:00:00+00:00,0.05187,0.05218,0.05026,0.05072,13736358.0
2026-02-12 20:15:00+00:00,0.05071,0.0513,0.04967,0.05026,8914852.0
2026-02-12 20:30:00+00:00,0.05026,0.05153,0.04963,0.0514,7874759.0
2026-02-12 20:45:00+00:00,0.05141,0.05197,0.05075,0.05121,10132676.0
2026-02-12 21:00:00+00:00,0.05122,0.05264,0.05087,0.05263,13754855.0
2026-02-12 21:15:00+00:00,0.0526,0.05376,0.05255,0.05341,12680357.0
2026-02-12 21:30:00+00:00,0.05341,0.05372,0.05154,0.05229,18270090.0
2026-02-12 21:45:00+00:00,0.05229,0.0533,0.05177,0.05323,7720581.0
2026-02-12 22:00:00+00:00,0.05321,0.05406,0.05258,0.05402,13303143.0
2026-02-12 22:15:00+00:00,0.05398,0.05497,0.05374,0.05443,10204378.0
2026-02-12 22:30:00+00:00,0.05442,0.0549,0.05402,0.05424,4073901.0
2026-02-12 22:45:00+00:00,0.05422,0.05423,0.0533,0.0535,3770623.0
2026-02-12 23:00:00+00:00,0.05353,0.05385,0.05209,0.05228,5605533.0
2026-02-12 23:15:00+00:00,0.05226,0.05235,0.05164,0.05172,5431174.0
2026-02-12 23:30:00+00:00,0.05173,0.05323,0.05167,0.05288,8539550.0
2026-02-12 23:45:00+00:00,0.05289,0.0535,0.05239,0.05307,7353852.0
2026-02-13 00:00:00+00:00,0.05306,0.05306,0.05208,0.05223,5887878.0
2026-02-13 00:15:00+00:00,0.05223,0.05234,0.05153,0.05207,4752163.0
2026-02-13 00:30:00+00:00,0.05208,0.05226,0.05004,0.05071,11502587.0
2026-02-13 00:45:00+00:00,0.05071,0.05082,0.04951,0.05011,8452944.0
2026-02-13 01:00:00+00:00,0.05011,0.0505,0.04914,0.04927,9452224.0
2026-02-13 01:15:00+00:00,0.04929,0.04938,0.04816,0.04881,12539375.0
2026-02-13 01:30:00+00:00,0.04882,0.0505,0.04871,0.05039,10167711.0
2026-02-13 01:45:00+00:00,0.0504,0.05066,0.04914,0.04995,8231341.0
2026-02-13 02:00:00+00:00,0.04996,0.05067,0.04911,0.04927,6878388.0
2026-02-13 02:15:00+00:00,0.04928,0.0506,0.04919,0.05049,5915978.0
2026-02-13 02:30:00+00:00,0.05047,0.05047,0.04985,0.05008,3640788.0
2026-02-13 02:45:00+00:00,0.05008,0.05036,0.04956,0.04977,3929258.0
2026-02-13 03:00:00+00:00,0.04978,0.05137,0.04967,0.0508,7493055.0
2026-02-13 03:15:00+00:00,0.0508,0.05105,0.04925,0.04934,7739953.0
2026-02-13 03:30:00+00:00,0.04937,0.04998,0.04857,0.04877,10221407.0
2026-02-13 03:45:00+00:00,0.04875,0.04912,0.04712,0.04725,14698030.0
2026-02-13 04:00:00+00:00,0.04726,0.04848,0.04592,0.04725,26031159.0
2026-02-13 04:15:00+00:00,0.04725,0.04747,0.04577,0.04585,17652894.0
2026-02-13 04:30:00+00:00,0.04585,0.04693,0.0455,0.04569,19168305.0
2026-02-13 04:45:00+00:00,0.04566,0.046,0.04448,0.04505,20126502.0
2026-02-13 05:00:00+00:00,0.04505,0.04586,0.04416,0.04431,21870978.0
2026-02-13 05:15:00+00:00,0.04434,0.04478,0.04259,0.04311,26641082.0
2026-02-13 05:30:00+00:00,0.04309,0.04823,0.04307,0.04726,49314477.0
2026-02-13 05:45:00+00:00,0.04726,0.04845,0.04602,0.04815,26257447.0
2026-02-13 06:00:00+00:00,0.04813,0.04939,0.04675,0.04684,26341456.0
2026-02-13 06:15:00+00:00,0.04684,0.04777,0.04604,0.04676,19026133.0
2026-02-13 06:30:00+00:00,0.04675,0.04675,0.04527,0.04577,17945660.0
2026-02-13 06:45:00+00:00,0.04577,0.04612,0.04453,0.04486,17002403.0
2026-02-13 07:00:00+00:00,0.04487,0.04534,0.04444,0.04483,14752027.0
2026-02-13 07:15:00+00:00,0.04483,0.04575,0.04471,0.04476,10959499.0
2026-02-13 07:30:00+00:00,0.04476,0.04571,0.04446,0.04479,11896809.0
2026-02-13 07:45:00+00:00,0.04481,0.04543,0.04411,0.0447,10626154.0
2026-02-13 08:00:00+00:00,0.0447,0.04564,0.04466,0.04513,8361691.0
2026-02-13 08:15:00+00:00,0.04512,0.0461,0.04486,0.04558,8490135.0
2026-02-13 08:30:00+00:00,0.04558,0.04562,0.04429,0.04449,8169043.0
2026-02-13 08:45:00+00:00,0.04449,0.04541,0.04433,0.04521,7083232.0
2026-02-13 09:00:00+00:00,0.04521,0.04525,0.04451,0.04509,5985372.0
2026-02-13 09:15:00+00:00,0.04509,0.0454,0.04479,0.04518,4431532.0
2026-02-13 09:30:00+00:00,0.04518,0.04524,0.04454,0.0451,4597592.0
2026-02-13 09:45:00+00:00,0.0451,0.04556,0.04494,0.04503,5086726.0
2026-02-13 10:00:00+00:00,0.04499,0.04503,0.04417,0.04455,6540530.0
2026-02-13 10:15:00+00:00,0.04456,0.04485,0.04425,0.04478,5108257.0
2026-02-13 10:30:00+00:00,0.04477,0.04512,0.04404,0.04429,6424889.0
2026-02-13 10:45:00+00:00,0.04429,0.0452,0.04429,0.04501,5931308.0
2026-02-13 11:00:00+00:00,0.04502,0.04513,0.04462,0.04503,5336924.0
2026-02-13 11:15:00+00:00,0.04503,0.04545,0.04474,0.04485,4078078.0
2026-02-13 11:30:00+00:00,0.04485,0.04537,0.04469,0.04523,4020397.0
2026-02-13 11:45:00+00:00,0.04523,0.04525,0.04472,0.04476,2511662.0
2026-02-13 12:00:00+00:00,0.04475,0.04527,0.04437,0.04518,5894796.0
2026-02-13 12:15:00+00:00,0.04518,0.04549,0.0434,0.04431,15218840.0
2026-02-13 12:30:00+00:00,0.04432,0.04469,0.04375,0.0443,10194041.0
2026-02-13 12:45:00+00:00,0.04431,0.04523,0.044,0.04498,8544306.0
2026-02-13 13:00:00+00:00,0.045,0.04512,0.0444,0.04495,5139948.0
2026-02-13 13:15:00+00:00,0.04495,0.0452,0.04443,0.04476,4817334.0
2026-02-13 13:30:00+00:00,0.04476,0.04537,0.04445,0.0446,4999125.0
2026-02-13 13:45:00+00:00,0.04459,0.04475,0.04428,0.04433,3096198.0
2026-02-13 14:00:00+00:00,0.04434,0.04456,0.04408,0.04445,4299379.0
2026-02-13 14:15:00+00:00,0.04445,0.04453,0.04366,0.04438,6731528.0
2026-02-13 14:30:00+00:00,0.04439,0.04467,0.04422,0.04444,4151003.0
2026-02-13 14:45:00+00:00,0.04446,0.04489,0.04423,0.04466,5233183.0
2026-02-13 15:00:00+00:00,0.04466,0.0452,0.04466,0.04515,6022321.0
2026-02-13 15:15:00+00:00,0.04514,0.04538,0.04497,0.04502,4944752.0
2026-02-13 15:30:00+00:00,0.04502,0.04515,0.04426,0.04459,6674884.0
2026-02-13 15:45:00+00:00,0.04459,0.04496,0.04401,0.04428,5138262.0
2026-02-13 16:00:00+00:00,0.04428,0.04481,0.0434,0.04397,11079507.0
2026-02-13 16:15:00+00:00,0.04398,0.04454,0.04359,0.04451,5643129.0
2026-02-13 16:30:00+00:00,0.0445,0.04482,0.0438,0.04393,6067515.0
2026-02-13 16:45:00+00:00,0.04394,0.04431,0.0437,0.04407,3640694.0
2026-02-13 17:00:00+00:00,0.04407,0.04588,0.04407,0.04524,11644807.0
2026-02-13 17:15:00+00:00,0.04525,0.04611,0.04513,0.04577,9489619.0
2026-02-13 17:30:00+00:00,0.04578,0.04609,0.04506,0.0457,7570899.0
2026-02-13 17:45:00+00:00,0.04571,0.04572,0.04482,0.04548,5545382.0
2026-02-13 18:00:00+00:00,0.04549,0.04585,0.04492,0.04507,4850385.0
2026-02-13 18:15:00+00:00,0.04508,0.04533,0.04471,0.04501,5468012.0
2026-02-13 18:30:00+00:00,0.045,0.04504,0.04425,0.04485,5294015.0
2026-02-13 18:45:00+00:00,0.04488,0.04545,0.04472,0.04521,5729966.0
2026-02-13 19:00:00+00:00,0.04519,0.04537,0.04434,0.04455,4182057.0
2026-02-13 19:15:00+00:00,0.04454,0.04499,0.04429,0.04477,2946389.0
2026-02-13 19:30:00+00:00,0.04477,0.04512,0.04459,0.04498,2999584.0
2026-02-13 19:45:00+00:00,0.04497,0.04526,0.04488,0.04505,2723164.0
2026-02-13 20:00:00+00:00,0.04505,0.04537,0.04489,0.04495,3199062.0
2026-02-13 20:15:00+00:00,0.04495,0.0452,0.04477,0.04507,2065902.0
2026-02-13 20:30:00+00:00,0.04506,0.04525,0.0448,0.04482,1926684.0
2026-02-13 20:45:00+00:00,0.04482,0.045,0.0446,0.04485,1368385.0
2026-02-13 21:00:00+00:00,0.04486,0.04524,0.04475,0.04493,2357316.0
2026-02-13 21:15:00+00:00,0.04494,0.04521,0.04491,0.04494,1969866.0
2026-02-13 21:30:00+00:00,0.04494,0.04501,0.04476,0.04488,1501970.0
2026-02-13 21:45:00+00:00,0.04487,0.04519,0.04481,0.04517,1222328.0
2026-02-13 22:00:00+00:00,0.04516,0.04516,0.04481,0.04499,2210174.0
2026-02-13 22:15:00+00:00,0.04499,0.04546,0.04482,0.04515,2644484.0
2026-02-13 22:30:00+00:00,0.04517,0.04522,0.04479,0.04489,1811616.0
2026-02-13 22:45:00+00:00,0.04487,0.04536,0.04456,0.04519,1909278.0
2026-02-13 23:00:00+00:00,0.04519,0.0454,0.04478,0.04489,2640804.0
2026-02-13 23:15:00+00:00,0.04489,0.0452,0.04457,0.04461,2363003.0
2026-02-13 23:30:00+00:00,0.04461,0.04476,0.04414,0.04431,3922414.0
2026-02-13 23:45:00+00:00,0.0443,0.04447,0.04402,0.04435,3112601.0
2026-02-14 00:00:00+00:00,0.04435,0.04435,0.04036,0.0416,32531978.0
2026-02-14 00:15:00+00:00,0.04162,0.04178,0.04021,0.0412,27256275.0
2026-02-14 00:30:00+00:00,0.0412,0.04129,0.04008,0.04069,12741650.0
2026-02-14 00:45:00+00:00,0.04068,0.04125,0.04059,0.04086,6638341.0
2026-02-14 01:00:00+00:00,0.04085,0.04085,0.0394,0.04015,16663594.0
2026-02-14 01:15:00+00:00,0.04014,0.04058,0.03982,0.04024,4951802.0
2026-02-14 01:30:00+00:00,0.04024,0.04123,0.04021,0.04085,5020489.0
2026-02-14 01:45:00+00:00,0.04083,0.04091,0.04034,0.0405,4468157.0
2026-02-14 02:00:00+00:00,0.0405,0.04091,0.04028,0.04038,3962584.0
2026-02-14 02:15:00+00:00,0.04036,0.04042,0.0399,0.04041,5251873.0
2026-02-14 02:30:00+00:00,0.04041,0.04049,0.03989,0.04024,5588794.0
2026-02-14 02:45:00+00:00,0.04022,0.04069,0.04014,0.04055,2979478.0
2026-02-14 03:00:00+00:00,0.04053,0.04099,0.04014,0.04019,5122632.0
2026-02-14 03:15:00+00:00,0.04018,0.04045,0.04016,0.04035,2279282.0
2026-02-14 03:30:00+00:00,0.04034,0.0406,0.03993,0.04054,4239676.0
2026-02-14 03:45:00+00:00,0.04053,0.0406,0.0401,0.0402,2184038.0
2026-02-14 04:00:00+00:00,0.0402,0.04032,0.03969,0.03983,5206114.0
2026-02-14 04:15:00+00:00,0.03979,0.04019,0.03971,0.03993,3155439.0
2026-02-14 04:30:00+00:00,0.03992,0.0403,0.03979,0.04008,3591667.0
2026-02-14 04:45:00+00:00,0.04007,0.04075,0.03998,0.04054,2912989.0
2026-02-14 05:00:00+00:00,0.04054,0.04065,0.04008,0.04033,3290991.0
2026-02-14 05:15:00+00:00,0.04032,0.04101,0.03883,0.03993,17073445.0
2026-02-14 05:30:00+00:00,0.03993,0.04006,0.0395,0.03969,3779644.0
2026-02-14 05:45:00+00:00,0.03969,0.03976,0.03933,0.03971,2919850.0
2026-02-14 06:00:00+00:00,0.0397,0.04049,0.03937,0.04035,5919259.0
2026-02-14 06:15:00+00:00,0.04035,0.04089,0.04,0.04021,6039964.0
2026-02-14 06:30:00+00:00,0.0402,0.04078,0.03999,0.04075,3457522.0
2026-02-14 06:45:00+00:00,0.04076,0.04218,0.04075,0.04202,7901678.0
2026-02-14 07:00:00+00:00,0.04203,0.04284,0.04105,0.04162,13012755.0
2026-02-14 07:15:00+00:00,0.04161,0.04281,0.04158,0.04204,6902300.0
2026-02-14 07:30:00+00:00,0.04205,0.04245,0.04163,0.04196,4461874.0
2026-02-14 07:45:00+00:00,0.04197,0.04293,0.04197,0.0423,4682000.0
2026-02-14 08:00:00+00:00,0.0423,0.04347,0.04208,0.04326,13906725.0
2026-02-14 08:15:00+00:00,0.04325,0.04358,0.04274,0.04306,4199646.0
2026-02-14 08:30:00+00:00,0.04307,0.04314,0.04214,0.04239,3004643.0
2026-02-14 08:45:00+00:00,0.04238,0.04251,0.04143,0.04208,5088016.0
2026-02-14 09:00:00+00:00,0.04207,0.0422,0.04147,0.04194,5389488.0
2026-02-14 09:15:00+00:00,0.04195,0.04205,0.04062,0.04128,7245632.0
2026-02-14 09:30:00+00:00,0.04127,0.04153,0.04103,0.04123,3237179.0
2026-02-14 09:45:00+00:00,0.04122,0.04134,0.04097,0.04118,2155784.0
2026-02-14 10:00:00+00:00,0.04117,0.04182,0.04116,0.0415,3365098.0
2026-02-14 10:15:00+00:00,0.04149,0.04169,0.04098,0.04116,2223013.0
2026-02-14 10:30:00+00:00,0.04117,0.04142,0.04092,0.04129,2042583.0
2026-02-14 10:45:00+00:00,0.04128,0.04144,0.04117,0.04123,1718942.0
2026-02-14 11:00:00+00:00,0.04122,0.04167,0.04116,0.04139,2319679.0
2026-02-14 11:15:00+00:00,0.04141,0.04144,0.0409,0.04134,2668587.0
2026-02-14 11:30:00+00:00,0.04134,0.04146,0.04101,0.04103,1931051.0
2026-02-14 11:45:00+00:00,0.04102,0.04138,0.04091,0.04124,1684181.0
2026-02-14 12:00:00+00:00,0.04124,0.04133,0.04062,0.04072,3940715.0
2026-02-14 12:15:00+00:00,0.0407,0.04076,0.0402,0.04068,5336540.0
2026-02-14 12:30:00+00:00,0.04069,0.04079,0.04011,0.04042,3797271.0
2026-02-14 12:45:00+00:00,0.04041,0.04043,0.04004,0.04024,2754047.0
2026-02-14 13:00:00+00:00,0.04023,0.0403,0.03967,0.03984,5267036.0
2026-02-14 13:15:00+00:00,0.03983,0.04021,0.039,0.03984,8137427.0
2026-02-14 13:30:00+00:00,0.03983,0.0403,0.03983,0.04018,2943625.0
2026-02-14 13:45:00+00:00,0.04018,0.04061,0.03994,0.04008,4951092.0
2026-02-14 14:00:00+00:00,0.04006,0.04077,0.04004,0.0405,2885032.0
2026-02-14 14:15:00+00:00,0.0405,0.04057,0.03971,0.03998,3589118.0
2026-02-14 14:30:00+00:00,0.03997,0.04001,0.03948,0.0397,2394081.0
2026-02-14 14:45:00+00:00,0.0397,0.03987,0.03948,0.03952,2986687.0
2026-02-14 15:00:00+00:00,0.03953,0.03978,0.03937,0.03974,3740522.0
2026-02-14 15:15:00+00:00,0.03975,0.0398,0.03943,0.03952,2254072.0
2026-02-14 15:30:00+00:00,0.03952,0.03966,0.03932,0.03952,1752436.0
2026-02-14 15:45:00+00:00,0.0395,0.04,0.03934,0.03984,2088775.0
2026-02-14 16:00:00+00:00,0.03986,0.04074,0.0398,0.04021,7148661.0
2026-02-14 16:15:00+00:00,0.0402,0.04146,0.04002,0.04113,7819653.0
2026-02-14 16:30:00+00:00,0.04112,0.04147,0.04073,0.04113,6757303.0
2026-02-14 16:45:00+00:00,0.04114,0.0416,0.04108,0.04126,3509553.0
2026-02-14 17:00:00+00:00,0.04125,0.04187,0.04125,0.04146,3648806.0
2026-02-14 17:15:00+00:00,0.04146,0.04202,0.04131,0.04164,3656998.0
2026-02-14 17:30:00+00:00,0.04165,0.0422,0.0416,0.04192,4261467.0
2026-02-14 17:45:00+00:00,0.04191,0.04206,0.04156,0.04184,2592040.0
2026-02-14 18:00:00+00:00,0.04185,0.04195,0.04121,0.0414,2538465.0
2026-02-14 18:15:00+00:00,0.04139,0.04181,0.04113,0.04164,2678864.0
2026-02-14 18:30:00+00:00,0.04163,0.04166,0.04092,0.04107,3605314.0
2026-02-14 18:45:00+00:00,0.04108,0.04135,0.04095,0.04121,1289874.0
2026-02-14 19:00:00+00:00,0.04121,0.0416,0.04079,0.04151,3456072.0
2026-02-14 19:15:00+00:00,0.04149,0.04168,0.04108,0.04121,1745241.0
2026-02-14 19:30:00+00:00,0.0412,0.04133,0.04099,0.04132,1698312.0
2026-02-14 19:45:00+00:00,0.04131,0.04151,0.04104,0.04139,1741359.0
2026-02-14 20:00:00+00:00,0.0414,0.04158,0.04122,0.04141,2050733.0
2026-02-14 20:15:00+00:00,0.0414,0.0415,0.04114,0.04123,845931.0
2026-02-14 20:30:00+00:00,0.04123,0.04134,0.0407,0.04091,2506254.0
2026-02-14 20:45:00+00:00,0.04091,0.04095,0.04066,0.04085,2834673.0
2026-02-14 21:00:00+00:00,0.04088,0.04115,0.04055,0.04105,2635832.0
2026-02-14 21:15:00+00:00,0.04106,0.04117,0.0409,0.04099,1017137.0
2026-02-14 21:30:00+00:00,0.041,0.04138,0.04097,0.04126,1826484.0
2026-02-14 21:45:00+00:00,0.04126,0.04146,0.04117,0.04134,1457984.0
2026-02-14 22:00:00+00:00,0.04135,0.04181,0.04129,0.04162,2793785.0
2026-02-14 22:15:00+00:00,0.04162,0.0419,0.04148,0.04171,1228877.0
2026-02-14 22:30:00+00:00,0.04172,0.04228,0.0417,0.04182,2628268.0
2026-02-14 22:45:00+00:00,0.04182,0.04193,0.04131,0.04153,2110849.0
2026-02-14 23:00:00+00:00,0.04151,0.04189,0.04124,0.04138,2368639.0
2026-02-14 23:15:00+00:00,0.04135,0.04158,0.04105,0.04116,2431330.0
2026-02-14 23:30:00+00:00,0.04117,0.04122,0.04073,0.04084,2813634.0
2026-02-14 23:45:00+00:00,0.04083,0.04092,0.03997,0.04003,5066280.0
2026-02-15 00:00:00+00:00,0.04004,0.04008,0.03955,0.03963,5616386.0
2026-02-15 00:15:00+00:00,0.03964,0.03998,0.03961,0.03986,2330772.0
2026-02-15 00:30:00+00:00,0.03985,0.04119,0.03976,0.04105,4936679.0
2026-02-15 00:45:00+00:00,0.04106,0.04235,0.04099,0.04227,9364398.0
2026-02-15 01:00:00+00:00,0.04227,0.04354,0.04181,0.04255,15495821.0
2026-02-15 01:15:00+00:00,0.04254,0.04266,0.04075,0.041,9928125.0
2026-02-15 01:30:00+00:00,0.04099,0.0417,0.04075,0.04143,5647764.0
2026-02-15 01:45:00+00:00,0.04141,0.04159,0.04127,0.04144,1973063.0
2026-02-15 02:00:00+00:00,0.04144,0.04163,0.04078,0.04094,3488776.0
2026-02-15 02:15:00+00:00,0.04092,0.04132,0.04056,0.04093,4958005.0
2026-02-15 02:30:00+00:00,0.04092,0.04099,0.04056,0.04072,1788975.0
2026-02-15 02:45:00+00:00,0.04072,0.04073,0.04044,0.04058,1923836.0
2026-02-15 03:00:00+00:00,0.04057,0.04075,0.04043,0.04056,3344009.0
2026-02-15 03:15:00+00:00,0.04057,0.04063,0.04034,0.04036,2454699.0
2026-02-15 03:30:00+00:00,0.04036,0.0412,0.03916,0.04059,13823254.0
2026-02-15 03:45:00+00:00,0.04059,0.04142,0.04054,0.04067,3369306.0
2026-02-15 04:00:00+00:00,0.04066,0.04096,0.03968,0.04023,6991117.0
2026-02-15 04:15:00+00:00,0.04022,0.04064,0.04016,0.0404,1975509.0
2026-02-15 04:30:00+00:00,0.0404,0.04082,0.04018,0.04027,2423558.0
2026-02-15 04:45:00+00:00,0.04027,0.04041,0.04003,0.04005,951271.0
2026-02-15 05:00:00+00:00,0.04005,0.04025,0.03994,0.04023,2360939.0
2026-02-15 05:15:00+00:00,0.04021,0.04062,0.04009,0.04025,1825023.0
2026-02-15 05:30:00+00:00,0.04025,0.04025,0.03919,0.03947,8263655.0
2026-02-15 05:45:00+00:00,0.03945,0.04004,0.03933,0.0399,3527999.0
2026-02-15 06:00:00+00:00,0.03989,0.04073,0.03966,0.04049,5281976.0
2026-02-15 06:15:00+00:00,0.04051,0.04133,0.04051,0.04116,3534898.0
2026-02-15 06:30:00+00:00,0.04118,0.04183,0.04084,0.04124,4605404.0
2026-02-15 06:45:00+00:00,0.04123,0.04274,0.04122,0.04197,6440487.0
2026-02-15 07:00:00+00:00,0.04197,0.04237,0.04173,0.04185,4354412.0
2026-02-15 07:15:00+00:00,0.04184,0.04238,0.04102,0.04122,5459592.0
2026-02-15 07:30:00+00:00,0.0412,0.04128,0.04092,0.04102,3306639.0
2026-02-15 07:45:00+00:00,0.04102,0.04132,0.04102,0.04119,1552034.0
2026-02-15 08:00:00+00:00,0.0412,0.04135,0.04069,0.04099,3182833.0
2026-02-15 08:15:00+00:00,0.04098,0.04113,0.04049,0.04087,2465140.0
2026-02-15 08:30:00+00:00,0.04087,0.04102,0.0405,0.04057,3149411.0
2026-02-15 08:45:00+00:00,0.04057,0.0408,0.04007,0.0403,2527793.0
2026-02-15 09:00:00+00:00,0.04031,0.04053,0.0401,0.04022,3244634.0
2026-02-15 09:15:00+00:00,0.04023,0.0405,0.03975,0.04003,2923298.0
2026-02-15 09:30:00+00:00,0.04003,0.0405,0.03991,0.0405,1931631.0
2026-02-15 09:45:00+00:00,0.0405,0.04057,0.04003,0.04007,1739600.0
2026-02-15 10:00:00+00:00,0.04009,0.04027,0.03984,0.04017,1872266.0
2026-02-15 10:15:00+00:00,0.04018,0.04061,0.03994,0.04049,3585397.0
2026-02-15 10:30:00+00:00,0.04049,0.04053,0.04014,0.04028,1754545.0
2026-02-15 10:45:00+00:00,0.04028,0.04056,0.04005,0.04039,1382012.0
2026-02-15 11:00:00+00:00,0.0404,0.04146,0.04035,0.04137,4092570.0
2026-02-15 11:15:00+00:00,0.04136,0.04208,0.04126,0.04143,5644094.0
2026-02-15 11:30:00+00:00,0.04142,0.04169,0.0412,0.04151,2058804.0
2026-02-15 11:45:00+00:00,0.0415,0.04186,0.04121,0.04175,2676038.0
2026-02-15 12:00:00+00:00,0.04176,0.04214,0.04138,0.04176,4212530.0
2026-02-15 12:15:00+00:00,0.04176,0.04181,0.04112,0.04154,2152455.0
2026-02-15 12:30:00+00:00,0.04155,0.04158,0.04081,0.04091,2319355.0
2026-02-15 12:45:00+00:00,0.0409,0.04108,0.04001,0.04012,5448443.0
2026-02-15 13:00:00+00:00,0.04012,0.04046,0.03958,0.04022,7592850.0
2026-02-15 13:15:00+00:00,0.04023,0.04039,0.03931,0.03988,4718375.0
2026-02-15 13:30:00+00:00,0.03989,0.04037,0.03953,0.03959,4513346.0
2026-02-15 13:45:00+00:00,0.03963,0.03979,0.03712,0.03877,24713004.0
2026-02-15 14:00:00+00:00,0.03876,0.03945,0.03837,0.03938,5913834.0
