timestamp,open,high,low,close,volume
2025-04-23 02:30:00+00:00,0.0247,0.02506,0.02451,0.02488,6359823.0
2025-04-23 02:45:00+00:00,0.02489,0.02561,0.02486,0.02539,7928949.0
2025-04-23 03:00:00+00:00,0.02542,0.02566,0.02528,0.02545,3296305.0
2025-04-23 03:15:00+00:00,0.02544,0.02622,0.02542,0.02613,7306048.0
2025-04-23 03:30:00+00:00,0.02611,0.02971,0.02592,0.02917,71379674.0
2025-04-23 03:45:00+00:00,0.02917,0.03086,0.02851,0.02972,35573830.0
2025-04-23 04:00:00+00:00,0.02973,0.03208,0.02967,0.03179,47305752.0
2025-04-23 04:15:00+00:00,0.03178,0.03249,0.02983,0.0308,50247670.0
2025-04-23 04:30:00+00:00,0.03082,0.032,0.02989,0.03087,30559379.0
2025-04-23 04:45:00+00:00,0.03085,0.03085,0.02791,0.02855,54471621.0
2025-04-23 05:00:00+00:00,0.02855,0.02862,0.02609,0.02703,42608917.0
2025-04-23 05:15:00+00:00,0.027,0.02809,0.02666,0.02735,21009569.0
2025-04-23 05:30:00+00:00,0.02737,0.02852,0.02729,0.02833,21142917.0
2025-04-23 05:45:00+00:00,0.02833,0.02858,0.02771,0.02822,14113221.0
2025-04-23 06:00:00+00:00,0.02821,0.02856,0.0277,0.02847,8984091.0
2025-04-23 06:15:00+00:00,0.02846,0.02899,0.0283,0.02845,7030046.0
2025-04-23 06:30:00+00:00,0.02843,0.02844,0.02722,0.02775,13691506.0
2025-04-23 06:45:00+00:00,0.02778,0.02864,0.0276,0.02827,11491936.0
2025-04-23 07:00:00+00:00,0.02827,0.02896,0.02783,0.02863,14281569.0
2025-04-23 07:15:00+00:00,0.02862,0.02869,0.02786,0.02812,6844358.0
2025-04-23 07:30:00+00:00,0.02812,0.02872,0.02806,0.0283,6342884.0
2025-04-23 07:45:00+00:00,0.02831,0.02853,0.02797,0.02828,4010532.0
2025-04-23 08:00:00+00:00,0.02829,0.02856,0.02775,0.02855,8267812.0
2025-04-23 08:15:00+00:00,0.02855,0.02987,0.02851,0.02895,19980057.0
2025-04-23 08:30:00+00:00,0.029,0.03021,0.02892,0.02951,16238352.0
2025-04-23 08:45:00+00:00,0.02951,0.03061,0.02939,0.02976,17763037.0
2025-04-23 09:00:00+00:00,0.0298,0.03186,0.02974,0.03073,41497980.0
2025-04-23 09:15:00+00:00,0.03074,0.0315,0.03053,0.03067,14588000.0
2025-04-23 09:30:00+00:00,0.03067,0.03132,0.03062,0.03103,6434194.0
2025-04-23 09:45:00+00:00,0.03103,0.0312,0.02965,0.02992,14087913.0
2025-04-23 10:00:00+00:00,0.02993,0.03031,0.02944,0.02981,12911381.0
2025-04-23 10:15:00+00:00,0.0298,0.03107,0.02974,0.03051,13455748.0
2025-04-23 10:30:00+00:00,0.03049,0.03152,0.03047,0.03135,16524135.0
2025-04-23 10:45:00+00:00,0.03137,0.03165,0.03083,0.03108,13262490.0
2025-04-23 11:00:00+00:00,0.03106,0.03135,0.03062,0.03094,9354591.0
2025-04-23 11:15:00+00:00,0.03096,0.0311,0.03039,0.03103,8000994.0
2025-04-23 11:30:00+00:00,0.03103,0.03138,0.03052,0.03096,11098287.0
2025-04-23 11:45:00+00:00,0.03096,0.03233,0.03066,0.03164,38677185.0
2025-04-23 12:00:00+00:00,0.03165,0.0325,0.03131,0.03151,23947524.0
2025-04-23 12:15:00+00:00,0.03152,0.03213,0.03085,0.0316,16239804.0
2025-04-23 12:30:00+00:00,0.03159,0.0327,0.03115,0.03194,31333355.0
2025-04-23 12:45:00+00:00,0.03193,0.03262,0.03167,0.03233,13662664.0
2025-04-23 13:00:00+00:00,0.03229,0.03285,0.03176,0.03228,18046418.0
2025-04-23 13:15:00+00:00,0.03228,0.03273,0.03181,0.03189,10982969.0
2025-04-23 13:30:00+00:00,0.03189,0.03262,0.03157,0.03198,16670824.0
2025-04-23 13:45:00+00:00,0.03198,0.03223,0.0297,0.0307,26947627.0
2025-04-23 14:00:00+00:00,0.03074,0.03176,0.03074,0.03143,13912286.0
2025-04-23 14:15:00+00:00,0.03145,0.03154,0.03055,0.03118,9460612.0
2025-04-23 14:30:00+00:00,0.03118,0.03121,0.02991,0.03059,21235717.0
2025-04-23 14:45:00+00:00,0.03062,0.03066,0.02975,0.03004,7744208.0
2025-04-23 15:00:00+00:00,0.03006,0.03108,0.02969,0.02986,11479736.0
2025-04-23 15:15:00+00:00,0.02985,0.03001,0.02797,0.02908,48761224.0
2025-04-23 15:30:00+00:00,0.02908,0.02925,0.02869,0.02875,10117359.0
2025-04-23 15:45:00+00:00,0.02876,0.02897,0.02805,0.02874,12278229.0
2025-04-23 16:00:00+00:00,0.02877,0.02908,0.0283,0.02863,9016564.0
2025-04-23 16:15:00+00:00,0.02862,0.02869,0.02631,0.02783,46106219.0
2025-04-23 16:30:00+00:00,0.02781,0.02824,0.02769,0.02791,8369677.0
2025-04-23 16:45:00+00:00,0.02791,0.02832,0.02784,0.02813,2959478.0
2025-04-23 17:00:00+00:00,0.02812,0.02846,0.02804,0.02823,2814299.0
2025-04-23 17:15:00+00:00,0.02823,0.02857,0.02807,0.02824,2816227.0
2025-04-23 17:30:00+00:00,0.02826,0.02898,0.0282,0.02864,9901755.0
2025-04-23 17:45:00+00:00,0.02862,0.02862,0.0265,0.02698,37954903.0
2025-04-23 18:00:00+00:00,0.02698,0.02729,0.02684,0.02695,6733327.0
2025-04-23 18:15:00+00:00,0.02695,0.02719,0.02688,0.02692,2157626.0
2025-04-23 18:30:00+00:00,0.02694,0.02733,0.02646,0.02731,12256253.0
2025-04-23 18:45:00+00:00,0.02731,0.02753,0.02692,0.02711,5277589.0
2025-04-23 19:00:00+00:00,0.02711,0.02714,0.02668,0.02669,1634991.0
2025-04-23 19:15:00+00:00,0.0267,0.02676,0.02652,0.02662,2041928.0
2025-04-23 19:30:00+00:00,0.02661,0.02675,0.02651,0.02662,1354884.0
2025-04-23 19:45:00+00:00,0.02663,0.02667,0.02618,0.0266,2728394.0
2025-04-23 20:00:00+00:00,0.0266,0.02692,0.02654,0.02679,1767667.0
2025-04-23 20:15:00+00:00,0.02679,0.02704,0.02671,0.027,2464757.0
2025-04-23 20:30:00+00:00,0.02701,0.02714,0.02655,0.02676,4404485.0
2025-04-23 20:45:00+00:00,0.02676,0.02676,0.02661,0.02668,709439.0
2025-04-23 21:00:00+00:00,0.0267,0.02686,0.02663,0.02673,1432686.0
2025-04-23 21:15:00+00:00,0.02674,0.02757,0.02664,0.02707,4809972.0
2025-04-23 21:30:00+00:00,0.02704,0.02708,0.02684,0.0269,1043275.0
2025-04-23 21:45:00+00:00,0.02687,0.02725,0.02686,0.02714,902117.0
2025-04-23 22:00:00+00:00,0.02714,0.0272,0.02703,0.02705,1203327.0
2025-04-23 22:15:00+00:00,0.02704,0.02704,0.02519,0.02612,32278509.0
2025-04-23 22:30:00+00:00,0.02612,0.02629,0.02587,0.02605,4547204.0
2025-04-23 22:45:00+00:00,0.02606,0.02607,0.02593,0.02601,733144.0
2025-04-23 23:00:00+00:00,0.02601,0.0263,0.02596,0.02623,1095808.0
2025-04-23 23:15:00+00:00,0.02621,0.02626,0.02594,0.02596,1166381.0
2025-04-23 23:30:00+00:00,0.02596,0.02614,0.02514,0.02545,11397293.0
2025-04-23 23:45:00+00:00,0.02547,0.02553,0.02386,0.02402,32119895.0
2025-04-24 00:00:00+00:00,0.02403,0.02469,0.02389,0.02417,10920608.0
2025-04-24 00:15:00+00:00,0.02417,0.02419,0.02326,0.0235,12572785.0
2025-04-24 00:30:00+00:00,0.0235,0.0237,0.02329,0.02357,3708392.0
2025-04-24 00:45:00+00:00,0.02356,0.02366,0.02288,0.02301,6396548.0
2025-04-24 01:00:00+00:00,0.02301,0.02302,0.02207,0.02216,17965727.0
2025-04-24 01:15:00+00:00,0.02216,0.02241,0.02201,0.02215,6895179.0
2025-04-24 01:30:00+00:00,0.02216,0.0224,0.02182,0.02228,8711421.0
2025-04-24 01:45:00+00:00,0.02227,0.02251,0.022,0.02226,13315342.0
2025-04-24 02:00:00+00:00,0.02227,0.0228,0.02209,0.02254,7627538.0
2025-04-24 02:15:00+00:00,0.02254,0.02363,0.02246,0.02354,13059857.0
2025-04-24 02:30:00+00:00,0.02349,0.02458,0.02327,0.024,25815409.0
2025-04-24 02:45:00+00:00,0.02398,0.0242,0.02323,0.02347,18319073.0
2025-04-24 03:00:00+00:00,0.02347,0.02398,0.02285,0.0238,15709517.0
2025-04-24 03:15:00+00:00,0.0238,0.0243,0.02335,0.02337,11413696.0
2025-04-24 03:30:00+00:00,0.02337,0.02343,0.02232,0.02248,16313628.0
2025-04-24 03:45:00+00:00,0.02249,0.02281,0.02243,0.02253,6464157.0
2025-04-24 04:00:00+00:00,0.02254,0.02326,0.02235,0.02308,14499914.0
2025-04-24 04:15:00+00:00,0.02309,0.02355,0.02295,0.02307,5978406.0
2025-04-24 04:30:00+00:00,0.02308,0.02339,0.02275,0.02326,10737715.0
2025-04-24 04:45:00+00:00,0.02325,0.02338,0.02296,0.02322,4494253.0
2025-04-24 05:00:00+00:00,0.02322,0.02458,0.02318,0.02378,13443717.0
2025-04-24 05:15:00+00:00,0.02381,0.02409,0.02369,0.02396,3709210.0
2025-04-24 05:30:00+00:00,0.02396,0.02465,0.0239,0.02455,7102693.0
2025-04-24 05:45:00+00:00,0.02452,0.02464,0.02365,0.02388,11936287.0
2025-04-24 06:00:00+00:00,0.02389,0.02417,0.02371,0.02409,4704634.0
2025-04-24 06:15:00+00:00,0.02409,0.02432,0.02395,0.02412,2683471.0
2025-04-24 06:30:00+00:00,0.02414,0.02418,0.02379,0.0239,2204388.0
2025-04-24 06:45:00+00:00,0.0239,0.02408,0.02342,0.02362,4775002.0
2025-04-24 07:00:00+00:00,0.02362,0.02377,0.0231,0.02341,7309556.0
2025-04-24 07:15:00+00:00,0.02342,0.02363,0.02326,0.02347,5830183.0
2025-04-24 07:30:00+00:00,0.02348,0.02352,0.0226,0.02298,13684372.0
2025-04-24 07:45:00+00:00,0.02296,0.02329,0.02242,0.02313,12198756.0
2025-04-24 08:00:00+00:00,0.02309,0.0232,0.02277,0.02283,3961937.0
2025-04-24 08:15:00+00:00,0.02284,0.02291,0.02242,0.02246,11548437.0
2025-04-24 08:30:00+00:00,0.0225,0.02272,0.02205,0.02236,9078775.0
2025-04-24 08:45:00+00:00,0.02234,0.02264,0.02214,0.02241,8449710.0
2025-04-24 09:00:00+00:00,0.0224,0.02274,0.02232,0.02253,7195820.0
2025-04-24 09:15:00+00:00,0.02252,0.02271,0.02225,0.02231,6738259.0
2025-04-24 09:30:00+00:00,0.02232,0.02286,0.02227,0.02277,10646455.0
2025-04-24 09:45:00+00:00,0.02278,0.02301,0.0225,0.02262,5917374.0
2025-04-24 10:00:00+00:00,0.02262,0.0236,0.02239,0.02303,20385408.0
2025-04-24 10:15:00+00:00,0.02303,0.02326,0.02279,0.02316,6969359.0
2025-04-24 10:30:00+00:00,0.02317,0.02326,0.02279,0.02314,5947983.0
2025-04-24 10:45:00+00:00,0.02312,0.02332,0.02302,0.02317,2745940.0
2025-04-24 11:00:00+00:00,0.02316,0.02317,0.02251,0.02276,6275233.0
2025-04-24 11:15:00+00:00,0.02278,0.02287,0.02251,0.02285,5010444.0
2025-04-24 11:30:00+00:00,0.02284,0.02312,0.02265,0.02273,4623368.0
2025-04-24 11:45:00+00:00,0.02274,0.02284,0.02262,0.02274,2768069.0
2025-04-24 12:00:00+00:00,0.02273,0.0228,0.02254,0.02258,3133258.0
2025-04-24 12:15:00+00:00,0.02257,0.02274,0.02239,0.02245,4031211.0
2025-04-24 12:30:00+00:00,0.02246,0.02258,0.02237,0.02248,4101062.0
2025-04-24 12:45:00+00:00,0.0225,0.02287,0.02244,0.0227,7372836.0
2025-04-24 13:00:00+00:00,0.0227,0.02286,0.02246,0.02271,5363398.0
2025-04-24 13:15:00+00:00,0.02271,0.02309,0.02252,0.02295,18830064.0
2025-04-24 13:30:00+00:00,0.02294,0.02345,0.02291,0.02317,8551362.0
2025-04-24 13:45:00+00:00,0.02317,0.02322,0.0228,0.02293,7358259.0
2025-04-24 14:00:00+00:00,0.02294,0.02356,0.0229,0.02326,15088427.0
2025-04-24 14:15:00+00:00,0.02325,0.02338,0.02304,0.02331,4517966.0
2025-04-24 14:30:00+00:00,0.02334,0.02365,0.02307,0.02339,8947594.0
2025-04-24 14:45:00+00:00,0.02337,0.02337,0.02268,0.02285,20340180.0
2025-04-24 15:00:00+00:00,0.02286,0.02304,0.0225,0.02282,14476020.0
2025-04-24 15:15:00+00:00,0.02283,0.02312,0.02283,0.02302,4199647.0
2025-04-24 15:30:00+00:00,0.02302,0.02343,0.02281,0.02325,17660125.0
2025-04-24 15:45:00+00:00,0.02324,0.02339,0.02301,0.02332,3530686.0
2025-04-24 16:00:00+00:00,0.02332,0.02427,0.02312,0.02349,8298067.0
2025-04-24 16:15:00+00:00,0.02348,0.02359,0.02311,0.02351,4979632.0
2025-04-24 16:30:00+00:00,0.0235,0.02403,0.02345,0.02361,8042861.0
2025-04-24 16:45:00+00:00,0.02362,0.02396,0.02362,0.02383,3196547.0
2025-04-24 17:00:00+00:00,0.02382,0.02382,0.02292,0.02295,7478510.0
2025-04-24 17:15:00+00:00,0.02293,0.023,0.02251,0.0228,15044472.0
2025-04-24 17:30:00+00:00,0.02279,0.02291,0.02134,0.02188,44906865.0
2025-04-24 17:45:00+00:00,0.02188,0.02209,0.0216,0.0219,9162341.0
2025-04-24 18:00:00+00:00,0.02192,0.02218,0.02172,0.02193,10676822.0
2025-04-24 18:15:00+00:00,0.02192,0.02202,0.02175,0.02188,3888124.0
2025-04-24 18:30:00+00:00,0.02187,0.022,0.0217,0.02187,5566486.0
2025-04-24 18:45:00+00:00,0.02189,0.02196,0.0216,0.0218,6761532.0
2025-04-24 19:00:00+00:00,0.02178,0.02217,0.02155,0.02189,12351246.0
2025-04-24 19:15:00+00:00,0.02189,0.02217,0.02186,0.02204,4931660.0
2025-04-24 19:30:00+00:00,0.02205,0.0221,0.02194,0.02209,2125639.0
2025-04-24 19:45:00+00:00,0.02209,0.02291,0.02188,0.02225,9328554.0
2025-04-24 20:00:00+00:00,0.02226,0.02235,0.02201,0.02203,6155123.0
2025-04-24 20:15:00+00:00,0.02201,0.02208,0.02183,0.02197,5256929.0
2025-04-24 20:30:00+00:00,0.02199,0.02241,0.02194,0.02227,6123878.0
2025-04-24 20:45:00+00:00,0.02223,0.02243,0.02194,0.02198,5879348.0
2025-04-24 21:00:00+00:00,0.02199,0.02213,0.02191,0.02206,3755665.0
2025-04-24 21:15:00+00:00,0.02206,0.02219,0.02199,0.022,2239193.0
2025-04-24 21:30:00+00:00,0.02202,0.02202,0.02175,0.02194,2857761.0
2025-04-24 21:45:00+00:00,0.02195,0.02223,0.02188,0.02217,2635210.0
2025-04-24 22:00:00+00:00,0.02216,0.02274,0.022,0.02249,5782856.0
2025-04-24 22:15:00+00:00,0.02247,0.02302,0.02246,0.02289,4705190.0
2025-04-24 22:30:00+00:00,0.02289,0.02305,0.02271,0.02294,3384410.0
2025-04-24 22:45:00+00:00,0.02292,0.02303,0.02263,0.02275,4834061.0
2025-04-24 23:00:00+00:00,0.02276,0.02276,0.02256,0.02271,2970419.0
2025-04-24 23:15:00+00:00,0.02272,0.02281,0.02265,0.02274,1281154.0
2025-04-24 23:30:00+00:00,0.02273,0.02296,0.02259,0.0228,2016218.0
2025-04-24 23:45:00+00:00,0.02279,0.02295,0.02273,0.02292,1779211.0
2025-04-25 00:00:00+00:00,0.02292,0.02299,0.02268,0.02296,6342126.0
2025-04-25 00:15:00+00:00,0.02296,0.02301,0.02269,0.02275,1459844.0
2025-04-25 00:30:00+00:00,0.02276,0.02276,0.02255,0.02265,1997407.0
2025-04-25 00:45:00+00:00,0.02264,0.02303,0.02262,0.02302,5384514.0
2025-04-25 01:00:00+00:00,0.02301,0.02388,0.02301,0.0233,9221931.0
2025-04-25 01:15:00+00:00,0.02331,0.02353,0.02307,0.02321,4064586.0
2025-04-25 01:30:00+00:00,0.02319,0.02337,0.02317,0.02336,1468904.0
2025-04-25 01:45:00+00:00,0.02337,0.02345,0.02325,0.02334,1058177.0
2025-04-25 02:00:00+00:00,0.02335,0.02346,0.02306,0.0231,2519216.0
2025-04-25 02:15:00+00:00,0.02311,0.02316,0.02251,0.02279,7756880.0
2025-04-25 02:30:00+00:00,0.02279,0.0229,0.02263,0.02265,1656005.0
2025-04-25 02:45:00+00:00,0.02266,0.0228,0.02251,0.02263,2153658.0
2025-04-25 03:00:00+00:00,0.02263,0.02294,0.02252,0.02277,1924898.0
2025-04-25 03:15:00+00:00,0.02278,0.02299,0.02273,0.02295,2410323.0
2025-04-25 03:30:00+00:00,0.02294,0.02346,0.02292,0.0231,7185796.0
2025-04-25 03:45:00+00:00,0.02309,0.02313,0.02277,0.02291,2214990.0
2025-04-25 04:00:00+00:00,0.0229,0.02345,0.02274,0.02331,3395518.0
2025-04-25 04:15:00+00:00,0.02329,0.02346,0.02284,0.02296,5701014.0
2025-04-25 04:30:00+00:00,0.02295,0.02302,0.02271,0.02273,2918144.0
2025-04-25 04:45:00+00:00,0.02273,0.02285,0.0226,0.02281,2844965.0
2025-04-25 05:00:00+00:00,0.02283,0.02302,0.02271,0.02295,1660154.0
2025-04-25 05:15:00+00:00,0.02294,0.02309,0.02262,0.02308,6740128.0
2025-04-25 05:30:00+00:00,0.02306,0.02362,0.02306,0.02328,5046377.0
2025-04-25 05:45:00+00:00,0.02328,0.02343,0.02323,0.02324,2206333.0
2025-04-25 06:00:00+00:00,0.02327,0.02345,0.0231,0.02341,6790081.0
2025-04-25 06:15:00+00:00,0.0234,0.0238,0.02318,0.02371,3460539.0
2025-04-25 06:30:00+00:00,0.02369,0.02494,0.02364,0.02435,18344886.0
2025-04-25 06:45:00+00:00,0.02435,0.02448,0.024,0.02425,4587425.0
2025-04-25 07:00:00+00:00,0.02428,0.02495,0.02424,0.02481,7468940.0
2025-04-25 07:15:00+00:00,0.02483,0.02561,0.0247,0.02519,9285286.0
2025-04-25 07:30:00+00:00,0.02519,0.02589,0.02502,0.02553,10011754.0
2025-04-25 07:45:00+00:00,0.02552,0.02571,0.02471,0.02506,7789324.0
2025-04-25 08:00:00+00:00,0.02505,0.02524,0.0238,0.02432,17349659.0
2025-04-25 08:15:00+00:00,0.02435,0.0246,0.0242,0.02432,6390281.0
2025-04-25 08:30:00+00:00,0.02432,0.02462,0.02431,0.02433,3447554.0
2025-04-25 08:45:00+00:00,0.02433,0.02479,0.02395,0.0241,10877254.0
2025-04-25 09:00:00+00:00,0.02409,0.02473,0.024,0.02451,7097186.0
2025-04-25 09:15:00+00:00,0.02452,0.02485,0.02426,0.02449,6655536.0
2025-04-25 09:30:00+00:00,0.0245,0.02466,0.0244,0.02459,3367911.0
2025-04-25 09:45:00+00:00,0.02458,0.02493,0.02458,0.02479,3809337.0
2025-04-25 10:00:00+00:00,0.0248,0.02488,0.02424,0.02468,3775877.0
2025-04-25 10:15:00+00:00,0.02467,0.02482,0.02417,0.02434,5153250.0
2025-04-25 10:30:00+00:00,0.02435,0.02435,0.02382,0.02415,3462237.0
2025-04-25 10:45:00+00:00,0.02416,0.02428,0.02403,0.02412,2835669.0
2025-04-25 11:00:00+00:00,0.02412,0.02427,0.0241,0.02427,2889417.0
2025-04-25 11:15:00+00:00,0.02426,0.02453,0.02417,0.02445,5208997.0
2025-04-25 11:30:00+00:00,0.02444,0.02459,0.02426,0.02432,2453880.0
2025-04-25 11:45:00+00:00,0.02433,0.0245,0.024,0.02411,5355894.0
2025-04-25 12:00:00+00:00,0.02412,0.0245,0.02394,0.0244,3630922.0
2025-04-25 12:15:00+00:00,0.02437,0.02471,0.02418,0.02468,4899754.0
2025-04-25 12:30:00+00:00,0.02468,0.02486,0.02439,0.02477,5444781.0
2025-04-25 12:45:00+00:00,0.02477,0.02519,0.02468,0.02495,7503817.0
2025-04-25 13:00:00+00:00,0.02496,0.02597,0.02494,0.0256,16914082.0
2025-04-25 13:15:00+00:00,0.02557,0.02559,0.02433,0.02451,11659394.0
2025-04-25 13:30:00+00:00,0.02448,0.02467,0.02415,0.02457,5651600.0
2025-04-25 13:45:00+00:00,0.02457,0.02463,0.02428,0.02442,2958194.0
2025-04-25 14:00:00+00:00,0.02444,0.02536,0.02441,0.02513,11388581.0
2025-04-25 14:15:00+00:00,0.02516,0.02525,0.02472,0.02478,4276805.0
2025-04-25 14:30:00+00:00,0.02478,0.02533,0.02454,0.0251,3965552.0
2025-04-25 14:45:00+00:00,0.02512,0.02551,0.02502,0.02522,4128516.0
2025-04-25 15:00:00+00:00,0.02522,0.02548,0.025,0.02516,4239269.0
2025-04-25 15:15:00+00:00,0.02516,0.0254,0.02467,0.02476,6756580.0
2025-04-25 15:30:00+00:00,0.02476,0.02487,0.02331,0.02352,16717379.0
2025-04-25 15:45:00+00:00,0.02353,0.02363,0.02275,0.02339,11834726.0
2025-04-25 16:00:00+00:00,0.02341,0.02409,0.02336,0.02358,6324089.0
2025-04-25 16:15:00+00:00,0.02361,0.02379,0.02307,0.02358,7617947.0
2025-04-25 16:30:00+00:00,0.02358,0.02393,0.02358,0.02387,2224084.0
2025-04-25 16:45:00+00:00,0.02387,0.02396,0.02345,0.02381,3323841.0
2025-04-25 17:00:00+00:00,0.02382,0.02404,0.02377,0.02386,3005928.0
2025-04-25 17:15:00+00:00,0.02387,0.02393,0.02364,0.02364,2895620.0
2025-04-25 17:30:00+00:00,0.02364,0.02364,0.02308,0.02336,4366978.0
2025-04-25 17:45:00+00:00,0.02337,0.02359,0.02295,0.02311,9808719.0
2025-04-25 18:00:00+00:00,0.02311,0.0232,0.0229,0.02316,1299882.0
2025-04-25 18:15:00+00:00,0.02317,0.02355,0.02316,0.0235,3714669.0
2025-04-25 18:30:00+00:00,0.0235,0.02381,0.02339,0.02375,2196897.0
2025-04-25 18:45:00+00:00,0.02374,0.02377,0.02352,0.02361,1096170.0
2025-04-25 19:00:00+00:00,0.02362,0.02365,0.02345,0.02355,1995564.0
2025-04-25 19:15:00+00:00,0.02355,0.0238,0.02355,0.02376,1598378.0
2025-04-25 19:30:00+00:00,0.02375,0.02382,0.02362,0.02369,901666.0
2025-04-25 19:45:00+00:00,0.02368,0.02391,0.02368,0.02377,1613332.0
2025-04-25 20:00:00+00:00,0.02376,0.0239,0.02368,0.02372,906181.0
2025-04-25 20:15:00+00:00,0.02371,0.02371,0.02342,0.02366,1972922.0
2025-04-25 20:30:00+00:00,0.02366,0.0237,0.02353,0.02363,690685.0
2025-04-25 20:45:00+00:00,0.02363,0.02382,0.02362,0.02376,787971.0
2025-04-25 21:00:00+00:00,0.02376,0.02424,0.02372,0.02417,1501446.0
2025-04-25 21:15:00+00:00,0.02416,0.02417,0.02362,0.02371,3491889.0
2025-04-25 21:30:00+00:00,0.02371,0.02386,0.02333,0.02333,2903640.0
2025-04-25 21:45:00+00:00,0.02333,0.0234,0.02251,0.02279,14280941.0
2025-04-25 22:00:00+00:00,0.02279,0.0229,0.02266,0.02273,3080489.0
2025-04-25 22:15:00+00:00,0.02273,0.02284,0.02269,0.02277,1458513.0
2025-04-25 22:30:00+00:00,0.02278,0.0232,0.02277,0.02309,7608727.0
2025-04-25 22:45:00+00:00,0.02309,0.02327,0.02297,0.02325,1803034.0
2025-04-25 23:00:00+00:00,0.02323,0.02341,0.02311,0.0234,2781071.0
2025-04-25 23:15:00+00:00,0.02339,0.0241,0.02333,0.02374,5465641.0
2025-04-25 23:30:00+00:00,0.02373,0.0241,0.02353,0.0241,3240368.0
2025-04-25 23:45:00+00:00,0.02408,0.02442,0.02403,0.02434,6498525.0
2025-04-26 00:00:00+00:00,0.02434,0.02446,0.0242,0.02425,3813071.0
2025-04-26 00:15:00+00:00,0.02425,0.02564,0.02405,0.02502,34085846.0
2025-04-26 00:30:00+00:00,0.02502,0.02527,0.02479,0.02525,5100354.0
2025-04-26 00:45:00+00:00,0.02525,0.02544,0.02511,0.02525,4787254.0
2025-04-26 01:00:00+00:00,0.02525,0.02527,0.02497,0.02511,2222820.0
2025-04-26 01:15:00+00:00,0.0251,0.0253,0.02491,0.02502,2077242.0
2025-04-26 01:30:00+00:00,0.02502,0.02512,0.0244,0.0249,9195883.0
2025-04-26 01:45:00+00:00,0.0249,0.02518,0.02482,0.0251,5125663.0
2025-04-26 02:00:00+00:00,0.02509,0.02546,0.02478,0.025,8201712.0
2025-04-26 02:15:00+00:00,0.02501,0.02525,0.02486,0.02497,2185527.0
2025-04-26 02:30:00+00:00,0.02495,0.0254,0.0249,0.02528,2782558.0
2025-04-26 02:45:00+00:00,0.02526,0.02533,0.02514,0.02518,1263201.0
2025-04-26 03:00:00+00:00,0.02518,0.0252,0.02443,0.02476,4090330.0
2025-04-26 03:15:00+00:00,0.02477,0.02491,0.02456,0.02469,1952106.0
2025-04-26 03:30:00+00:00,0.02469,0.02485,0.02452,0.02464,2954933.0
2025-04-26 03:45:00+00:00,0.02465,0.02477,0.02453,0.0247,1865369.0
2025-04-26 04:00:00+00:00,0.02469,0.02474,0.02443,0.02464,2716924.0
2025-04-26 04:15:00+00:00,0.02464,0.02492,0.02451,0.02453,2354077.0
2025-04-26 04:30:00+00:00,0.02452,0.02459,0.02392,0.02407,8482362.0
2025-04-26 04:45:00+00:00,0.02408,0.02427,0.0239,0.02414,1944346.0
2025-04-26 05:00:00+00:00,0.02414,0.02423,0.02386,0.02407,2820085.0
2025-04-26 05:15:00+00:00,0.02408,0.02413,0.02388,0.02399,1480384.0
2025-04-26 05:30:00+00:00,0.024,0.02431,0.02399,0.02431,1651384.0
2025-04-26 05:45:00+00:00,0.0243,0.02432,0.02408,0.02412,1434695.0
2025-04-26 06:00:00+00:00,0.02411,0.02442,0.02411,0.02431,1509050.0
2025-04-26 06:15:00+00:00,0.02429,0.02474,0.02429,0.02452,2088776.0
2025-04-26 06:30:00+00:00,0.02453,0.02459,0.02433,0.02439,749497.0
2025-04-26 06:45:00+00:00,0.02439,0.02475,0.02439,0.02455,1496501.0
2025-04-26 07:00:00+00:00,0.02455,0.02481,0.02428,0.02449,4637436.0
2025-04-26 07:15:00+00:00,0.02448,0.02463,0.02439,0.02457,2591912.0
2025-04-26 07:30:00+00:00,0.02456,0.02478,0.02446,0.02475,2923675.0
2025-04-26 07:45:00+00:00,0.02477,0.02512,0.02471,0.02474,5806096.0
2025-04-26 08:00:00+00:00,0.02473,0.02522,0.0247,0.02521,5504263.0
2025-04-26 08:15:00+00:00,0.02521,0.02531,0.02457,0.02492,3827195.0
2025-04-26 08:30:00+00:00,0.02491,0.02491,0.02435,0.02457,2632466.0
2025-04-26 08:45:00+00:00,0.02456,0.02484,0.02442,0.02474,2184793.0
2025-04-26 09:00:00+00:00,0.02475,0.0248,0.02448,0.02466,1143287.0
2025-04-26 09:15:00+00:00,0.02466,0.02488,0.02448,0.02463,3954021.0
2025-04-26 09:30:00+00:00,0.02464,0.02467,0.024,0.02418,4513916.0
2025-04-26 09:45:00+00:00,0.02418,0.0244,0.02416,0.02431,1399888.0
2025-04-26 10:00:00+00:00,0.02431,0.02477,0.02418,0.02465,4655854.0
2025-04-26 10:15:00+00:00,0.02464,0.02481,0.02458,0.02463,1845432.0
2025-04-26 10:30:00+00:00,0.02462,0.02535,0.02452,0.02499,5545091.0
2025-04-26 10:45:00+00:00,0.02499,0.02519,0.02493,0.02519,3750803.0
2025-04-26 11:00:00+00:00,0.02516,0.02519,0.02431,0.02443,7389271.0
2025-04-26 11:15:00+00:00,0.02442,0.02465,0.02392,0.02392,5698803.0
2025-04-26 11:30:00+00:00,0.02397,0.02421,0.02369,0.02375,4886811.0
2025-04-26 11:45:00+00:00,0.02377,0.02395,0.02367,0.02381,2786069.0
2025-04-26 12:00:00+00:00,0.02382,0.02423,0.02382,0.02419,1889718.0
2025-04-26 12:15:00+00:00,0.02419,0.02423,0.024,0.02407,1636314.0
2025-04-26 12:30:00+00:00,0.02407,0.02408,0.02379,0.02402,1524360.0
2025-04-26 12:45:00+00:00,0.02403,0.02434,0.02403,0.02427,1519795.0
2025-04-26 13:00:00+00:00,0.02427,0.0244,0.02408,0.02426,2779603.0
2025-04-26 13:15:00+00:00,0.02426,0.02429,0.02408,0.02408,905756.0
2025-04-26 13:30:00+00:00,0.02408,0.02412,0.02383,0.02393,2933149.0
2025-04-26 13:45:00+00:00,0.02392,0.02418,0.02372,0.02415,3803199.0
2025-04-26 14:00:00+00:00,0.02416,0.02418,0.02373,0.02387,1582652.0
2025-04-26 14:15:00+00:00,0.02386,0.02404,0.02368,0.02401,2292728.0
2025-04-26 14:30:00+00:00,0.02401,0.02481,0.02401,0.02469,5008728.0
2025-04-26 14:45:00+00:00,0.0247,0.02481,0.02453,0.02454,1544287.0
2025-04-26 15:00:00+00:00,0.02454,0.02501,0.02454,0.0248,4113897.0
2025-04-26 15:15:00+00:00,0.02479,0.02524,0.02473,0.02506,3032742.0
2025-04-26 15:30:00+00:00,0.02504,0.02512,0.02486,0.02509,1743066.0
2025-04-26 15:45:00+00:00,0.0251,0.0251,0.02476,0.02479,1994585.0
2025-04-26 16:00:00+00:00,0.02479,0.02498,0.02474,0.02484,1876446.0
2025-04-26 16:15:00+00:00,0.02484,0.02495,0.02455,0.02475,3923556.0
2025-04-26 16:30:00+00:00,0.02474,0.02475,0.02421,0.02431,3736465.0
2025-04-26 16:45:00+00:00,0.02432,0.02467,0.02426,0.02462,2851049.0
2025-04-26 17:00:00+00:00,0.02463,0.02465,0.02442,0.0245,582219.0
2025-04-26 17:15:00+00:00,0.02449,0.02472,0.02448,0.02467,1043262.0
2025-04-26 17:30:00+00:00,0.02467,0.02486,0.02466,0.02469,1594629.0
2025-04-26 17:45:00+00:00,0.02468,0.02476,0.02457,0.02465,505147.0
2025-04-26 18:00:00+00:00,0.02465,0.02466,0.02447,0.02452,555361.0
2025-04-26 18:15:00+00:00,0.02451,0.02469,0.02446,0.02457,580697.0
2025-04-26 18:30:00+00:00,0.02456,0.02456,0.02437,0.02442,503743.0
2025-04-26 18:45:00+00:00,0.02441,0.02451,0.02431,0.02445,1282992.0
2025-04-26 19:00:00+00:00,0.02444,0.0245,0.02425,0.02427,592928.0
2025-04-26 19:15:00+00:00,0.02427,0.02437,0.02408,0.02428,2541524.0
2025-04-26 19:30:00+00:00,0.02429,0.02437,0.02422,0.02429,829184.0
2025-04-26 19:45:00+00:00,0.02429,0.02437,0.02421,0.02435,684224.0
2025-04-26 20:00:00+00:00,0.02435,0.02443,0.0242,0.0242,430895.0
2025-04-26 20:15:00+00:00,0.0242,0.02443,0.0242,0.02438,632432.0
2025-04-26 20:30:00+00:00,0.02438,0.02449,0.02432,0.02436,466960.0
2025-04-26 20:45:00+00:00,0.02434,0.02442,0.02423,0.0243,714186.0
2025-04-26 21:00:00+00:00,0.02428,0.02439,0.02423,0.02423,441312.0
2025-04-26 21:15:00+00:00,0.02423,0.02429,0.02413,0.02417,569077.0
2025-04-26 21:30:00+00:00,0.02416,0.02424,0.02413,0.02415,319872.0
2025-04-26 21:45:00+00:00,0.02415,0.02418,0.02415,0.02415,143989.0
2025-04-26 22:00:00+00:00,0.02415,0.02458,0.02412,0.02444,1531314.0
2025-04-26 22:15:00+00:00,0.02445,0.02451,0.02421,0.0243,2121651.0
2025-04-26 22:30:00+00:00,0.0243,0.02448,0.02428,0.02431,979648.0
2025-04-26 22:45:00+00:00,0.02433,0.02436,0.02413,0.02425,664151.0
2025-04-26 23:00:00+00:00,0.02425,0.02439,0.02413,0.02435,757548.0
2025-04-26 23:15:00+00:00,0.02435,0.02461,0.02431,0.02449,1207892.0
2025-04-26 23:30:00+00:00,0.0245,0.02457,0.02441,0.02455,537958.0
2025-04-26 23:45:00+00:00,0.02454,0.02461,0.02443,0.02446,631613.0
2025-04-27 00:00:00+00:00,0.02446,0.02457,0.02429,0.02438,2375673.0
2025-04-27 00:15:00+00:00,0.02438,0.02461,0.02411,0.02414,2663537.0
2025-04-27 00:30:00+00:00,0.02413,0.02428,0.02379,0.02395,5589975.0
2025-04-27 00:45:00+00:00,0.02393,0.02424,0.0238,0.02413,2873753.0
2025-04-27 01:00:00+00:00,0.02415,0.02448,0.0241,0.0243,2795783.0
2025-04-27 01:15:00+00:00,0.0243,0.02437,0.02377,0.02384,5247271.0
2025-04-27 01:30:00+00:00,0.02385,0.02398,0.02252,0.02299,17270113.0
2025-04-27 01:45:00+00:00,0.02299,0.02303,0.02119,0.02147,36065182.0
2025-04-27 02:00:00+00:00,0.02147,0.02153,0.02025,0.02117,38026460.0
2025-04-27 02:15:00+00:00,0.02116,0.02125,0.02047,0.0209,13068324.0
2025-04-27 02:30:00+00:00,0.02091,0.02125,0.02076,0.02096,10249018.0
2025-04-27 02:45:00+00:00,0.02097,0.0213,0.02087,0.02107,5758103.0
2025-04-27 03:00:00+00:00,0.02107,0.02125,0.02102,0.02114,5901176.0
2025-04-27 03:15:00+00:00,0.02114,0.02125,0.02077,0.02098,6578146.0
2025-04-27 03:30:00+00:00,0.02101,0.02162,0.02098,0.02155,8589311.0
2025-04-27 03:45:00+00:00,0.02155,0.02176,0.02132,0.02136,6294023.0
2025-04-27 04:00:00+00:00,0.02137,0.02319,0.02133,0.02301,19073550.0
2025-04-27 04:15:00+00:00,0.02301,0.02305,0.02232,0.0224,6744666.0
2025-04-27 04:30:00+00:00,0.02243,0.02249,0.02185,0.02234,7005500.0
2025-04-27 04:45:00+00:00,0.02235,0.02251,0.02222,0.02223,2906219.0
2025-04-27 05:00:00+00:00,0.02222,0.02246,0.02196,0.0221,5411499.0
2025-04-27 05:15:00+00:00,0.02208,0.02209,0.02158,0.02174,4550067.0
2025-04-27 05:30:00+00:00,0.02174,0.02193,0.02158,0.02175,2674814.0
2025-04-27 05:45:00+00:00,0.02174,0.02192,0.02146,0.02166,4508235.0
2025-04-27 06:00:00+00:00,0.02165,0.02209,0.02162,0.02199,5644018.0
2025-04-27 06:15:00+00:00,0.022,0.02222,0.02194,0.02204,1776517.0
2025-04-27 06:30:00+00:00,0.02205,0.02217,0.02184,0.02195,3291149.0
2025-04-27 06:45:00+00:00,0.02196,0.02207,0.0217,0.02196,4789407.0
2025-04-27 07:00:00+00:00,0.02196,0.02221,0.02138,0.0217,6870722.0
2025-04-27 07:15:00+00:00,0.02171,0.022,0.02168,0.0219,3739978.0
2025-04-27 07:30:00+00:00,0.02191,0.02215,0.02191,0.02211,1219052.0
2025-04-27 07:45:00+00:00,0.02212,0.02246,0.02212,0.02228,2757634.0
2025-04-27 08:00:00+00:00,0.02229,0.02235,0.02194,0.02214,6770184.0
2025-04-27 08:15:00+00:00,0.02214,0.02222,0.02193,0.02209,2823590.0
2025-04-27 08:30:00+00:00,0.02209,0.02215,0.02197,0.02209,1683391.0
2025-04-27 08:45:00+00:00,0.02207,0.02213,0.02187,0.02207,1525574.0
2025-04-27 09:00:00+00:00,0.02207,0.02219,0.02197,0.02198,783537.0
2025-04-27 09:15:00+00:00,0.02198,0.02198,0.02169,0.02177,5243801.0
2025-04-27 09:30:00+00:00,0.02178,0.02188,0.02157,0.02188,4030186.0
2025-04-27 09:45:00+00:00,0.02187,0.02206,0.0217,0.02181,3748608.0
2025-04-27 10:00:00+00:00,0.02181,0.0219,0.02159,0.02176,2186436.0
2025-04-27 10:15:00+00:00,0.02174,0.0219,0.02155,0.02165,3133973.0
2025-04-27 10:30:00+00:00,0.02166,0.02187,0.02152,0.02177,3473856.0
2025-04-27 10:45:00+00:00,0.02176,0.02216,0.02175,0.02212,3916097.0
2025-04-27 11:00:00+00:00,0.02211,0.02223,0.02193,0.02216,2469816.0
2025-04-27 11:15:00+00:00,0.02216,0.02269,0.02201,0.02269,8131982.0
2025-04-27 11:30:00+00:00,0.02266,0.02315,0.02241,0.02294,12061911.0
2025-04-27 11:45:00+00:00,0.02297,0.02357,0.02287,0.02311,10494346.0
2025-04-27 12:00:00+00:00,0.0231,0.02323,0.02217,0.02226,14159905.0
2025-04-27 12:15:00+00:00,0.02224,0.02249,0.02197,0.02234,9310949.0
2025-04-27 12:30:00+00:00,0.02237,0.02269,0.02235,0.02239,3507543.0
2025-04-27 12:45:00+00:00,0.02239,0.02253,0.02213,0.02223,4352945.0
2025-04-27 13:00:00+00:00,0.02222,0.02233,0.02179,0.02211,7296881.0
2025-04-27 13:15:00+00:00,0.02207,0.02239,0.02201,0.0223,3430324.0
2025-04-27 13:30:00+00:00,0.02231,0.02253,0.02228,0.02229,1692477.0
2025-04-27 13:45:00+00:00,0.02228,0.0224,0.02215,0.02228,3348569.0
2025-04-27 14:00:00+00:00,0.02227,0.02254,0.02217,0.02245,2616702.0
2025-04-27 14:15:00+00:00,0.02246,0.02278,0.02243,0.02259,1723822.0
2025-04-27 14:30:00+00:00,0.02258,0.02265,0.02236,0.02237,1595395.0
2025-04-27 14:45:00+00:00,0.02236,0.02247,0.02219,0.02227,3078509.0
2025-04-27 15:00:00+00:00,0.02227,0.02238,0.02201,0.02201,3859387.0
2025-04-27 15:15:00+00:00,0.02202,0.02228,0.02202,0.02219,2820693.0
2025-04-27 15:30:00+00:00,0.02217,0.02235,0.02215,0.02228,1971650.0
2025-04-27 15:45:00+00:00,0.02228,0.023,0.02228,0.02259,4044642.0
2025-04-27 16:00:00+00:00,0.02258,0.02321,0.02258,0.02314,5620090.0
2025-04-27 16:15:00+00:00,0.02314,0.02314,0.02273,0.02275,4094347.0
2025-04-27 16:30:00+00:00,0.02274,0.02274,0.02236,0.02256,5232268.0
2025-04-27 16:45:00+00:00,0.02257,0.02264,0.02237,0.02251,1421920.0
2025-04-27 17:00:00+00:00,0.02252,0.02278,0.02241,0.02273,1305236.0
2025-04-27 17:15:00+00:00,0.02273,0.0229,0.02258,0.02261,1582964.0
2025-04-27 17:30:00+00:00,0.0226,0.02262,0.02232,0.02254,1974067.0
2025-04-27 17:45:00+00:00,0.02254,0.0226,0.02245,0.02252,516002.0
2025-04-27 18:00:00+00:00,0.02253,0.02271,0.02247,0.02266,1115792.0
2025-04-27 18:15:00+00:00,0.02267,0.02286,0.02266,0.02273,1395917.0
2025-04-27 18:30:00+00:00,0.02273,0.0229,0.02269,0.02281,1064950.0
2025-04-27 18:45:00+00:00,0.02286,0.02287,0.02266,0.02283,642357.0
2025-04-27 19:00:00+00:00,0.02283,0.02285,0.02242,0.02249,1064243.0
2025-04-27 19:15:00+00:00,0.02247,0.02251,0.02233,0.0224,846031.0
2025-04-27 19:30:00+00:00,0.02241,0.02241,0.02184,0.02209,8002763.0
2025-04-27 19:45:00+00:00,0.02209,0.02219,0.02202,0.02209,1287717.0
2025-04-27 20:00:00+00:00,0.02208,0.02212,0.02198,0.02207,970437.0
2025-04-27 20:15:00+00:00,0.02206,0.02253,0.02206,0.02242,1918602.0
2025-04-27 20:30:00+00:00,0.02242,0.02243,0.02231,0.02235,883804.0
2025-04-27 20:45:00+00:00,0.02234,0.02245,0.02229,0.02236,331745.0
2025-04-27 21:00:00+00:00,0.02234,0.02247,0.0223,0.02239,1098605.0
2025-04-27 21:15:00+00:00,0.02239,0.02269,0.02234,0.02265,880672.0
2025-04-27 21:30:00+00:00,0.02266,0.02309,0.02265,0.02291,1884899.0
2025-04-27 21:45:00+00:00,0.02291,0.023,0.02278,0.02289,1630373.0
2025-04-27 22:00:00+00:00,0.02289,0.02295,0.02263,0.02269,1136048.0
2025-04-27 22:15:00+00:00,0.02268,0.02271,0.0226,0.02261,558140.0
2025-04-27 22:30:00+00:00,0.02261,0.02302,0.02244,0.02296,1884268.0
2025-04-27 22:45:00+00:00,0.02296,0.02306,0.02265,0.02266,1353526.0
2025-04-27 23:00:00+00:00,0.02267,0.02267,0.02188,0.02233,6882507.0
2025-04-27 23:15:00+00:00,0.02234,0.02252,0.02228,0.02239,1111858.0
2025-04-27 23:30:00+00:00,0.02238,0.02242,0.02208,0.02214,685526.0
2025-04-27 23:45:00+00:00,0.02213,0.02234,0.02213,0.02219,918455.0
2025-04-28 00:00:00+00:00,0.02222,0.02247,0.02213,0.02225,1903942.0
2025-04-28 00:15:00+00:00,0.02223,0.02236,0.02211,0.02233,2986083.0
2025-04-28 00:30:00+00:00,0.02234,0.02282,0.02233,0.02267,2576470.0
2025-04-28 00:45:00+00:00,0.02267,0.02272,0.02234,0.02247,4865826.0
2025-04-28 01:00:00+00:00,0.02246,0.02274,0.02234,0.02274,1621272.0
2025-04-28 01:15:00+00:00,0.02274,0.02274,0.02221,0.02246,5671647.0
2025-04-28 01:30:00+00:00,0.02247,0.02265,0.02164,0.02178,8661884.0
2025-04-28 01:45:00+00:00,0.02179,0.02237,0.02177,0.02225,5346940.0
2025-04-28 02:00:00+00:00,0.02225,0.02258,0.02219,0.02246,3160154.0
2025-04-28 02:15:00+00:00,0.02246,0.02289,0.02244,0.02285,3497184.0
2025-04-28 02:30:00+00:00,0.02283,0.02287,0.02244,0.02282,5074115.0
2025-04-28 02:45:00+00:00,0.02283,0.02309,0.02275,0.02298,3121408.0
2025-04-28 03:00:00+00:00,0.02298,0.02325,0.02283,0.0231,4616039.0
2025-04-28 03:15:00+00:00,0.02306,0.0236,0.02305,0.02331,4721130.0
2025-04-28 03:30:00+00:00,0.02331,0.02351,0.02316,0.02335,4218302.0
2025-04-28 03:45:00+00:00,0.02336,0.0235,0.02322,0.02344,1778782.0
2025-04-28 04:00:00+00:00,0.02344,0.02355,0.02325,0.02342,2082231.0
2025-04-28 04:15:00+00:00,0.02341,0.02363,0.02316,0.02358,2894557.0
2025-04-28 04:30:00+00:00,0.02357,0.02385,0.02342,0.02365,3403782.0
2025-04-28 04:45:00+00:00,0.02365,0.02387,0.02361,0.02368,1419348.0
2025-04-28 05:00:00+00:00,0.02367,0.02375,0.02313,0.0233,2962222.0
2025-04-28 05:15:00+00:00,0.0233,0.02375,0.02303,0.02371,4912183.0
2025-04-28 05:30:00+00:00,0.0237,0.02371,0.02339,0.02354,1191864.0
2025-04-28 05:45:00+00:00,0.02353,0.0245,0.02351,0.02414,6671701.0
2025-04-28 06:00:00+00:00,0.02415,0.02619,0.02409,0.02502,22080840.0
2025-04-28 06:15:00+00:00,0.02502,0.0254,0.02458,0.02518,8492355.0
2025-04-28 06:30:00+00:00,0.02518,0.02599,0.02445,0.0254,18110974.0
2025-04-28 06:45:00+00:00,0.02542,0.02653,0.0254,0.02618,22454049.0
2025-04-28 07:00:00+00:00,0.02614,0.02682,0.02536,0.02668,21098988.0
2025-04-28 07:15:00+00:00,0.02671,0.02688,0.02629,0.02663,12337955.0
2025-04-28 07:30:00+00:00,0.02663,0.02732,0.02655,0.02681,15079730.0
2025-04-28 07:45:00+00:00,0.0268,0.02708,0.0251,0.02563,26891525.0
2025-04-28 08:00:00+00:00,0.02567,0.02587,0.02457,0.02476,17867114.0
2025-04-28 08:15:00+00:00,0.02477,0.02598,0.02472,0.02592,15073732.0
2025-04-28 08:30:00+00:00,0.02592,0.02594,0.02526,0.02558,10210396.0
2025-04-28 08:45:00+00:00,0.02556,0.0258,0.02537,0.02564,3504551.0
2025-04-28 09:00:00+00:00,0.02563,0.02626,0.02557,0.02598,6461133.0
2025-04-28 09:15:00+00:00,0.02599,0.02631,0.02593,0.0262,6019406.0
2025-04-28 09:30:00+00:00,0.02618,0.02659,0.02604,0.02638,9616981.0
2025-04-28 09:45:00+00:00,0.02636,0.0267,0.02598,0.02631,7897970.0
2025-04-28 10:00:00+00:00,0.02628,0.02637,0.02548,0.0262,9259789.0
2025-04-28 10:15:00+00:00,0.0262,0.02632,0.02553,0.02606,6765342.0
2025-04-28 10:30:00+00:00,0.02604,0.02849,0.0259,0.02801,57436044.0
2025-04-28 10:45:00+00:00,0.028,0.02879,0.02769,0.0287,33359674.0
2025-04-28 11:00:00+00:00,0.02873,0.02899,0.0276,0.02802,47377607.0
2025-04-28 11:15:00+00:00,0.028,0.02821,0.02756,0.02793,13906365.0
2025-04-28 11:30:00+00:00,0.02797,0.02819,0.02745,0.02764,9289381.0
2025-04-28 11:45:00+00:00,0.0276,0.02813,0.02751,0.02778,7923622.0
2025-04-28 12:00:00+00:00,0.02781,0.02819,0.02547,0.02587,49125740.0
2025-04-28 12:15:00+00:00,0.02584,0.02596,0.02502,0.02547,20753089.0
2025-04-28 12:30:00+00:00,0.02548,0.02592,0.02506,0.02555,12477913.0
2025-04-28 12:45:00+00:00,0.02555,0.02579,0.02532,0.02562,8662980.0
2025-04-28 13:00:00+00:00,0.02562,0.02575,0.02369,0.02471,26395073.0
2025-04-28 13:15:00+00:00,0.02475,0.02527,0.02457,0.02468,9270601.0
2025-04-28 13:30:00+00:00,0.0247,0.02488,0.02458,0.02481,6568727.0
2025-04-28 13:45:00+00:00,0.02481,0.02483,0.02385,0.02392,10333845.0
2025-04-28 14:00:00+00:00,0.02392,0.02453,0.02384,0.02444,5561857.0
2025-04-28 14:15:00+00:00,0.02444,0.02465,0.02419,0.0244,3426186.0
2025-04-28 14:30:00+00:00,0.02438,0.02466,0.02413,0.02458,3354032.0
2025-04-28 14:45:00+00:00,0.02456,0.02463,0.02426,0.02443,3549793.0
2025-04-28 15:00:00+00:00,0.02442,0.02459,0.02422,0.02434,2561209.0
2025-04-28 15:15:00+00:00,0.02435,0.02459,0.02405,0.02433,6071335.0
2025-04-28 15:30:00+00:00,0.02432,0.02447,0.02412,0.02442,2915557.0
2025-04-28 15:45:00+00:00,0.02441,0.02458,0.02416,0.02435,2998494.0
2025-04-28 16:00:00+00:00,0.02436,0.02441,0.02396,0.02405,2333158.0
2025-04-28 16:15:00+00:00,0.02405,0.02429,0.0239,0.02427,1927544.0
2025-04-28 16:30:00+00:00,0.02427,0.02485,0.02422,0.02476,2850029.0
2025-04-28 16:45:00+00:00,0.02476,0.02496,0.02456,0.02475,3030368.0
2025-04-28 17:00:00+00:00,0.02474,0.025,0.02469,0.0247,1811296.0
2025-04-28 17:15:00+00:00,0.02468,0.02499,0.02462,0.02487,1517354.0
2025-04-28 17:30:00+00:00,0.02486,0.02508,0.02471,0.02484,1953196.0
2025-04-28 17:45:00+00:00,0.02483,0.0249,0.02473,0.02474,1055008.0
2025-04-28 18:00:00+00:00,0.02473,0.02476,0.02427,0.02435,3013344.0
2025-04-28 18:15:00+00:00,0.02435,0.02448,0.02412,0.02425,2616901.0
2025-04-28 18:30:00+00:00,0.02426,0.02428,0.02392,0.02419,2254016.0
2025-04-28 18:45:00+00:00,0.02418,0.02449,0.02416,0.02446,1500958.0
2025-04-28 19:00:00+00:00,0.02446,0.02469,0.02428,0.02435,1689502.0
2025-04-28 19:15:00+00:00,0.02435,0.02449,0.02423,0.02439,1569226.0
2025-04-28 19:30:00+00:00,0.02439,0.02477,0.02438,0.0247,1425259.0
2025-04-28 19:45:00+00:00,0.02467,0.02473,0.02449,0.02464,1372702.0
2025-04-28 20:00:00+00:00,0.02461,0.02477,0.02439,0.0247,2776366.0
2025-04-28 20:15:00+00:00,0.02472,0.02485,0.02463,0.02481,838183.0
2025-04-28 20:30:00+00:00,0.02481,0.02489,0.02463,0.02463,1513024.0
2025-04-28 20:45:00+00:00,0.02464,0.02555,0.02464,0.02479,11636539.0
2025-04-28 21:00:00+00:00,0.02481,0.02487,0.02439,0.02477,3658372.0
2025-04-28 21:15:00+00:00,0.02478,0.02509,0.0247,0.02504,2029194.0
2025-04-28 21:30:00+00:00,0.02504,0.02521,0.02485,0.02489,2506150.0
2025-04-28 21:45:00+00:00,0.02491,0.02516,0.02484,0.0251,3566904.0
2025-04-28 22:00:00+00:00,0.0251,0.0251,0.02467,0.02467,2241203.0
2025-04-28 22:15:00+00:00,0.02468,0.02487,0.02463,0.02467,1510330.0
2025-04-28 22:30:00+00:00,0.02467,0.02482,0.02463,0.02471,1351612.0
2025-04-28 22:45:00+00:00,0.02471,0.02493,0.02465,0.02477,2151983.0
2025-04-28 23:00:00+00:00,0.02476,0.02495,0.02464,0.02465,1393891.0
2025-04-28 23:15:00+00:00,0.02465,0.02475,0.02421,0.02434,5383492.0
2025-04-28 23:30:00+00:00,0.02433,0.02476,0.02429,0.02467,2367683.0
2025-04-28 23:45:00+00:00,0.02468,0.02495,0.02453,0.02484,1745278.0
2025-04-29 00:00:00+00:00,0.02485,0.02511,0.02477,0.02498,3372694.0
2025-04-29 00:15:00+00:00,0.02497,0.025,0.02477,0.02495,1030648.0
2025-04-29 00:30:00+00:00,0.02497,0.02519,0.02495,0.02497,1700602.0
2025-04-29 00:45:00+00:00,0.02498,0.02503,0.02445,0.02453,2616759.0
2025-04-29 01:00:00+00:00,0.02452,0.02476,0.02452,0.0246,1539728.0
2025-04-29 01:15:00+00:00,0.02461,0.02465,0.0243,0.02455,2787064.0
2025-04-29 01:30:00+00:00,0.02454,0.02494,0.02446,0.02464,3551010.0
2025-04-29 01:45:00+00:00,0.02463,0.0248,0.02447,0.02462,1108201.0
2025-04-29 02:00:00+00:00,0.02462,0.02474,0.02451,0.02473,2392739.0
2025-04-29 02:15:00+00:00,0.02473,0.02485,0.0246,0.0246,1603530.0
2025-04-29 02:30:00+00:00,0.02459,0.02487,0.0245,0.02476,2606784.0
2025-04-29 02:45:00+00:00,0.02476,0.02496,0.02467,0.02481,1618417.0
2025-04-29 03:00:00+00:00,0.02483,0.02507,0.02478,0.0249,1964458.0
2025-04-29 03:15:00+00:00,0.02491,0.02504,0.02477,0.02492,956060.0
2025-04-29 03:30:00+00:00,0.02491,0.02513,0.02464,0.02474,2319678.0
2025-04-29 03:45:00+00:00,0.02474,0.02486,0.02471,0.02477,985714.0
2025-04-29 04:00:00+00:00,0.02478,0.02504,0.02462,0.02493,6047640.0
2025-04-29 04:15:00+00:00,0.02493,0.02588,0.0249,0.02561,12356753.0
2025-04-29 04:30:00+00:00,0.02562,0.0258,0.02502,0.02541,9506351.0
2025-04-29 04:45:00+00:00,0.02541,0.0257,0.02495,0.0256,11392314.0
2025-04-29 05:00:00+00:00,0.02563,0.02582,0.02543,0.0255,7110187.0
2025-04-29 05:15:00+00:00,0.02552,0.02564,0.02535,0.02535,2666537.0
2025-04-29 05:30:00+00:00,0.02535,0.02584,0.02534,0.02569,3770202.0
2025-04-29 05:45:00+00:00,0.02569,0.02594,0.02539,0.02553,4292522.0
2025-04-29 06:00:00+00:00,0.02554,0.02564,0.0248,0.02497,6714338.0
2025-04-29 06:15:00+00:00,0.02497,0.02552,0.02481,0.02519,7925371.0
2025-04-29 06:30:00+00:00,0.0252,0.0254,0.02509,0.02518,1303727.0
2025-04-29 06:45:00+00:00,0.02518,0.02518,0.0241,0.02434,17084541.0
2025-04-29 07:00:00+00:00,0.02437,0.02456,0.02426,0.02448,3277510.0
2025-04-29 07:15:00+00:00,0.02448,0.02478,0.02446,0.0246,4954289.0
2025-04-29 07:30:00+00:00,0.02461,0.02462,0.02433,0.02443,1832994.0
2025-04-29 07:45:00+00:00,0.02447,0.02474,0.02447,0.02463,1735644.0
2025-04-29 08:00:00+00:00,0.02463,0.02473,0.02456,0.02468,1908593.0
2025-04-29 08:15:00+00:00,0.02468,0.02478,0.02449,0.02455,1133286.0
2025-04-29 08:30:00+00:00,0.02456,0.02457,0.02439,0.02444,1281513.0
2025-04-29 08:45:00+00:00,0.02445,0.02465,0.02416,0.02434,5833068.0
2025-04-29 09:00:00+00:00,0.02434,0.02438,0.02376,0.0239,7682229.0
2025-04-29 09:15:00+00:00,0.0239,0.02395,0.02371,0.02377,3169979.0
2025-04-29 09:30:00+00:00,0.02377,0.0238,0.02151,0.02253,40349469.0
2025-04-29 09:45:00+00:00,0.02253,0.02297,0.0225,0.02261,12316430.0
2025-04-29 10:00:00+00:00,0.02261,0.02281,0.02203,0.0223,11138431.0
2025-04-29 10:15:00+00:00,0.02231,0.02264,0.02223,0.02247,8480081.0
2025-04-29 10:30:00+00:00,0.02249,0.02258,0.02173,0.02189,15012342.0
2025-04-29 10:45:00+00:00,0.02189,0.0223,0.02176,0.02225,7673085.0
2025-04-29 11:00:00+00:00,0.02225,0.02252,0.02206,0.02235,11097221.0
2025-04-29 11:15:00+00:00,0.02235,0.02264,0.02201,0.02229,10701252.0
2025-04-29 11:30:00+00:00,0.02229,0.02237,0.02207,0.02232,5123648.0
2025-04-29 11:45:00+00:00,0.02232,0.02248,0.02224,0.02246,3887407.0
2025-04-29 12:00:00+00:00,0.02246,0.02271,0.02234,0.02262,8452535.0
2025-04-29 12:15:00+00:00,0.02262,0.02262,0.02226,0.02241,5450991.0
2025-04-29 12:30:00+00:00,0.02241,0.02259,0.02226,0.02234,4792575.0
2025-04-29 12:45:00+00:00,0.02234,0.02244,0.02218,0.02234,3396297.0
2025-04-29 13:00:00+00:00,0.02234,0.02248,0.02227,0.02236,1944879.0
2025-04-29 13:15:00+00:00,0.02236,0.02249,0.02221,0.02241,2854871.0
2025-04-29 13:30:00+00:00,0.02241,0.02255,0.02234,0.02241,1281164.0
2025-04-29 13:45:00+00:00,0.02242,0.02256,0.02235,0.02239,1958891.0
2025-04-29 14:00:00+00:00,0.02239,0.02254,0.0223,0.02248,2992340.0
2025-04-29 14:15:00+00:00,0.02248,0.02291,0.02238,0.02255,5976660.0
2025-04-29 14:30:00+00:00,0.02255,0.02256,0.02244,0.02249,1410235.0
2025-04-29 14:45:00+00:00,0.02249,0.02264,0.02242,0.02257,2601461.0
2025-04-29 15:00:00+00:00,0.02257,0.02261,0.02242,0.02245,1296993.0
2025-04-29 15:15:00+00:00,0.02243,0.02271,0.02234,0.02265,3114579.0
2025-04-29 15:30:00+00:00,0.02265,0.02281,0.02251,0.02263,4605155.0
2025-04-29 15:45:00+00:00,0.02263,0.02266,0.02239,0.0226,2060691.0
2025-04-29 16:00:00+00:00,0.02261,0.02275,0.02248,0.02259,2130627.0
2025-04-29 16:15:00+00:00,0.0226,0.02285,0.02258,0.02275,1496859.0
2025-04-29 16:30:00+00:00,0.02275,0.0229,0.02266,0.02279,3134769.0
2025-04-29 16:45:00+00:00,0.02279,0.02284,0.02256,0.02265,1791865.0
2025-04-29 17:00:00+00:00,0.02266,0.02276,0.02246,0.02271,1884449.0
2025-04-29 17:15:00+00:00,0.02271,0.02277,0.02263,0.02277,995443.0
2025-04-29 17:30:00+00:00,0.02277,0.02283,0.02269,0.02273,1080810.0
2025-04-29 17:45:00+00:00,0.02273,0.02273,0.02262,0.02272,951858.0
2025-04-29 18:00:00+00:00,0.02272,0.02281,0.02264,0.02273,902719.0
2025-04-29 18:15:00+00:00,0.02274,0.0228,0.02266,0.02274,867655.0
2025-04-29 18:30:00+00:00,0.02273,0.02283,0.02263,0.02281,888657.0
2025-04-29 18:45:00+00:00,0.0228,0.0229,0.02276,0.02277,814848.0
2025-04-29 19:00:00+00:00,0.02277,0.02293,0.02274,0.02281,1378415.0
2025-04-29 19:15:00+00:00,0.02283,0.02296,0.02279,0.02288,1221638.0
2025-04-29 19:30:00+00:00,0.02289,0.02294,0.02285,0.02287,494683.0
2025-04-29 19:45:00+00:00,0.02287,0.02308,0.02285,0.02297,1491556.0
2025-04-29 20:00:00+00:00,0.02298,0.02368,0.02268,0.02284,17295174.0
2025-04-29 20:15:00+00:00,0.02285,0.02305,0.02285,0.02305,1134469.0
2025-04-29 20:30:00+00:00,0.02304,0.02312,0.02288,0.02307,2154431.0
2025-04-29 20:45:00+00:00,0.02308,0.02309,0.02288,0.02295,2379256.0
2025-04-29 21:00:00+00:00,0.02294,0.02294,0.02274,0.02287,2263881.0
2025-04-29 21:15:00+00:00,0.02286,0.02286,0.02259,0.0228,1605577.0
2025-04-29 21:30:00+00:00,0.0228,0.02303,0.02266,0.02303,1586245.0
2025-04-29 21:45:00+00:00,0.02303,0.02317,0.02296,0.02313,3935852.0
2025-04-29 22:00:00+00:00,0.02314,0.02315,0.02273,0.02273,5616555.0
2025-04-29 22:15:00+00:00,0.02273,0.02277,0.02202,0.02232,6592508.0
2025-04-29 22:30:00+00:00,0.02231,0.02256,0.02215,0.0222,5381938.0
2025-04-29 22:45:00+00:00,0.0222,0.02241,0.022,0.02217,3934183.0
2025-04-29 23:00:00+00:00,0.02219,0.02237,0.02211,0.02213,2213152.0
2025-04-29 23:15:00+00:00,0.02213,0.02219,0.02196,0.02212,1558967.0
2025-04-29 23:30:00+00:00,0.02212,0.02239,0.02209,0.02239,995266.0
2025-04-29 23:45:00+00:00,0.02239,0.02242,0.02154,0.02175,7421459.0
2025-04-30 00:00:00+00:00,0.02175,0.02227,0.0217,0.02217,5286383.0
2025-04-30 00:15:00+00:00,0.02216,0.02239,0.02211,0.02226,2779753.0
2025-04-30 00:30:00+00:00,0.02225,0.02248,0.02223,0.02238,974553.0
2025-04-30 00:45:00+00:00,0.02239,0.02249,0.02222,0.02237,1871152.0
2025-04-30 01:00:00+00:00,0.02238,0.02254,0.02223,0.02231,1731149.0
2025-04-30 01:15:00+00:00,0.02233,0.02283,0.02205,0.02235,4472489.0
2025-04-30 01:30:00+00:00,0.02234,0.02239,0.02202,0.02209,1593151.0
2025-04-30 01:45:00+00:00,0.02209,0.02237,0.02207,0.02236,1062789.0
2025-04-30 02:00:00+00:00,0.02237,0.02249,0.02227,0.02247,1254417.0
2025-04-30 02:15:00+00:00,0.02248,0.02278,0.02243,0.0227,1572719.0
2025-04-30 02:30:00+00:00,0.02269,0.02271,0.02237,0.0226,1728494.0
2025-04-30 02:45:00+00:00,0.02261,0.02272,0.0224,0.02243,2020312.0
2025-04-30 03:00:00+00:00,0.02244,0.02248,0.02195,0.02206,3111385.0
2025-04-30 03:15:00+00:00,0.02207,0.02234,0.02179,0.02202,6007508.0
2025-04-30 03:30:00+00:00,0.02202,0.02227,0.02202,0.02215,2617072.0
2025-05-08 15:45:00+00:00,0.02087,0.02095,0.02056,0.02066,7622107.0
2025-05-08 16:00:00+00:00,0.02067,0.02121,0.02065,0.02093,10793882.0
2025-05-08 16:15:00+00:00,0.02093,0.02101,0.02047,0.02063,6312072.0
2025-05-08 16:30:00+00:00,0.02064,0.02117,0.02061,0.0211,5191061.0
2025-05-08 16:45:00+00:00,0.02111,0.0265,0.02101,0.02577,235123174.0
2025-05-08 17:00:00+00:00,0.02578,0.0271,0.02525,0.02629,218658082.0
2025-05-08 17:15:00+00:00,0.02629,0.02934,0.02614,0.02888,304378500.0
2025-05-08 17:30:00+00:00,0.02891,0.03444,0.02788,0.03369,586477475.0
2025-05-08 17:45:00+00:00,0.03365,0.03387,0.02962,0.02992,446777648.0
2025-05-08 18:00:00+00:00,0.02994,0.03016,0.02705,0.02822,450976816.0
2025-05-08 18:15:00+00:00,0.0282,0.02924,0.02753,0.02881,192548104.0
2025-05-08 18:30:00+00:00,0.02883,0.02931,0.0253,0.02782,282573429.0
2025-05-08 18:45:00+00:00,0.02782,0.02793,0.02655,0.02717,101110584.0
2025-05-08 19:00:00+00:00,0.02716,0.0278,0.02653,0.02756,70235200.0
2025-05-08 19:15:00+00:00,0.02756,0.02825,0.02744,0.02769,66866198.0
2025-05-08 19:30:00+00:00,0.02769,0.02778,0.02658,0.02728,51031555.0
2025-05-08 19:45:00+00:00,0.02728,0.02735,0.0265,0.02699,39539485.0
2025-05-08 20:00:00+00:00,0.02701,0.02812,0.02685,0.02768,46125093.0
2025-05-08 20:15:00+00:00,0.02769,0.02816,0.02721,0.02763,31692317.0
2025-05-08 20:30:00+00:00,0.02765,0.02781,0.02697,0.02756,33933114.0
2025-05-08 20:45:00+00:00,0.02756,0.02886,0.02735,0.02832,56288277.0
2025-05-08 21:00:00+00:00,0.02831,0.02838,0.02689,0.0274,44795672.0
2025-05-08 21:15:00+00:00,0.02741,0.0284,0.02739,0.02766,32219375.0
2025-05-08 21:30:00+00:00,0.02768,0.0296,0.02578,0.02711,139479542.0
2025-05-08 21:45:00+00:00,0.02711,0.02755,0.02585,0.02638,55217457.0
2025-05-08 22:00:00+00:00,0.0264,0.02661,0.02505,0.02533,64478310.0
2025-05-08 22:15:00+00:00,0.02533,0.02575,0.02466,0.02562,51037049.0
2025-05-08 22:30:00+00:00,0.02562,0.02696,0.02542,0.02672,50551803.0
2025-05-08 22:45:00+00:00,0.02673,0.0281,0.02637,0.02773,57204189.0
2025-05-08 23:00:00+00:00,0.02771,0.0283,0.0256,0.02647,138445250.0
2025-05-08 23:15:00+00:00,0.02644,0.02715,0.02633,0.02685,42534191.0
2025-05-08 23:30:00+00:00,0.02685,0.02706,0.02662,0.02698,12250672.0
2025-05-08 23:45:00+00:00,0.02697,0.02708,0.02653,0.02671,21868267.0
2025-05-09 00:00:00+00:00,0.02672,0.02673,0.02539,0.02613,45316519.0
2025-05-09 00:15:00+00:00,0.02612,0.02746,0.02605,0.02684,38289551.0
2025-05-09 00:30:00+00:00,0.02688,0.02691,0.025,0.02651,95395520.0
2025-05-09 00:45:00+00:00,0.02651,0.02679,0.02506,0.02585,64474160.0
2025-05-09 01:00:00+00:00,0.02587,0.02699,0.02583,0.02691,27850412.0
2025-05-09 01:15:00+00:00,0.02691,0.02772,0.0269,0.02757,32273474.0
2025-05-09 01:30:00+00:00,0.02757,0.02783,0.02577,0.0262,51127129.0
2025-05-09 01:45:00+00:00,0.02625,0.0274,0.02625,0.02708,22604754.0
2025-05-09 02:00:00+00:00,0.02709,0.02718,0.0261,0.02651,25504321.0
2025-05-09 02:15:00+00:00,0.02653,0.02653,0.02582,0.02591,17596686.0
2025-05-09 02:30:00+00:00,0.02591,0.02624,0.02568,0.02603,15091799.0
2025-05-09 02:45:00+00:00,0.02603,0.02617,0.02554,0.02568,16751875.0
2025-05-09 03:00:00+00:00,0.02568,0.02946,0.02562,0.02902,193996387.0
2025-05-09 03:15:00+00:00,0.02901,0.0302,0.02786,0.02983,113934676.0
2025-05-09 03:30:00+00:00,0.02983,0.03055,0.0286,0.0288,119903224.0
2025-05-09 03:45:00+00:00,0.0288,0.02946,0.02826,0.02854,58370911.0
2025-05-09 04:00:00+00:00,0.02854,0.02973,0.02831,0.029,57160030.0
2025-05-09 04:15:00+00:00,0.02897,0.0291,0.02834,0.02876,35157001.0
2025-05-09 04:30:00+00:00,0.02873,0.02875,0.02741,0.02787,56714602.0
2025-05-09 04:45:00+00:00,0.02788,0.02801,0.02648,0.02688,56322983.0
2025-05-09 05:00:00+00:00,0.02689,0.02736,0.02669,0.02717,27096777.0
2025-05-09 05:15:00+00:00,0.02718,0.02721,0.02578,0.02684,42966178.0
2025-05-09 05:30:00+00:00,0.02681,0.02765,0.0262,0.0273,38399903.0
2025-05-09 05:45:00+00:00,0.0273,0.02752,0.0268,0.02728,29355529.0
2025-05-09 06:00:00+00:00,0.02728,0.0274,0.02651,0.02666,36728734.0
2025-05-09 06:15:00+00:00,0.02668,0.02752,0.02641,0.02712,32820219.0
2025-05-09 06:30:00+00:00,0.02713,0.02841,0.02706,0.02784,43275289.0
2025-05-09 06:45:00+00:00,0.02787,0.02903,0.02736,0.02878,63607694.0
2025-05-09 07:00:00+00:00,0.02877,0.03055,0.02847,0.03011,84805878.0
2025-05-09 07:15:00+00:00,0.03013,0.03138,0.0296,0.03095,87916248.0
2025-05-09 07:30:00+00:00,0.03095,0.0332,0.0307,0.03303,110863659.0
2025-05-09 07:45:00+00:00,0.03302,0.03349,0.02888,0.03015,217788368.0
2025-05-09 08:00:00+00:00,0.03015,0.03129,0.02953,0.0312,87066358.0
2025-05-09 08:15:00+00:00,0.03122,0.0322,0.0305,0.03112,89180103.0
2025-05-09 08:30:00+00:00,0.03111,0.03145,0.02723,0.02808,176945665.0
2025-05-09 08:45:00+00:00,0.02811,0.02928,0.02811,0.02847,64547964.0
2025-05-09 09:00:00+00:00,0.02848,0.029,0.02748,0.02805,68383219.0
2025-05-09 09:15:00+00:00,0.02806,0.02872,0.02761,0.02824,42252586.0
2025-05-09 09:30:00+00:00,0.02824,0.02926,0.02818,0.02888,47271101.0
2025-05-09 09:45:00+00:00,0.02887,0.03034,0.02874,0.02974,59404386.0
2025-05-09 10:00:00+00:00,0.02976,0.03115,0.0293,0.03032,65957780.0
2025-05-09 10:15:00+00:00,0.03033,0.03072,0.02932,0.02972,48380354.0
2025-05-09 10:30:00+00:00,0.02969,0.03039,0.02895,0.03033,35233041.0
2025-05-09 10:45:00+00:00,0.03034,0.03162,0.03001,0.03148,35193803.0
2025-05-09 11:00:00+00:00,0.03147,0.03149,0.02961,0.03016,37185441.0
2025-05-09 11:15:00+00:00,0.03017,0.03055,0.02851,0.02947,41146001.0
2025-05-09 11:30:00+00:00,0.02947,0.02999,0.0293,0.02962,20783609.0
2025-05-09 11:45:00+00:00,0.02963,0.03017,0.02952,0.02995,19302259.0
2025-05-09 12:00:00+00:00,0.02994,0.03132,0.0296,0.03104,77882217.0
2025-05-09 12:15:00+00:00,0.03104,0.03387,0.03045,0.033,203681269.0
2025-05-09 12:30:00+00:00,0.03302,0.03358,0.03151,0.03229,115637785.0
2025-05-09 12:45:00+00:00,0.03229,0.03741,0.03172,0.03728,279161448.0
2025-05-09 13:00:00+00:00,0.03728,0.03918,0.03652,0.03679,318377550.0
2025-05-09 13:15:00+00:00,0.03677,0.04044,0.0362,0.04029,247518316.0
2025-05-09 13:30:00+00:00,0.04032,0.04246,0.0386,0.04209,286100127.0
2025-05-09 13:45:00+00:00,0.04208,0.04275,0.04019,0.04246,170738732.0
2025-05-09 14:00:00+00:00,0.04247,0.0425,0.0388,0.04026,170561651.0
2025-05-09 14:15:00+00:00,0.04028,0.04167,0.03711,0.0379,198217807.0
2025-05-09 14:30:00+00:00,0.03789,0.03928,0.03661,0.03765,140317119.0
2025-05-09 14:45:00+00:00,0.03767,0.03868,0.03703,0.03844,95568105.0
2025-05-09 15:00:00+00:00,0.03844,0.03887,0.0374,0.03824,61414675.0
2025-05-09 15:15:00+00:00,0.03823,0.03858,0.03306,0.03381,246765464.0
2025-05-09 15:30:00+00:00,0.03381,0.03536,0.03293,0.03519,114986849.0
2025-05-09 15:45:00+00:00,0.0352,0.03536,0.03361,0.0339,68009244.0
2025-05-09 16:00:00+00:00,0.03388,0.0342,0.0318,0.03403,131714098.0
2025-05-09 16:15:00+00:00,0.03403,0.03478,0.03315,0.03407,72428106.0
2025-05-09 16:30:00+00:00,0.03404,0.03455,0.03328,0.03407,53766777.0
2025-05-09 16:45:00+00:00,0.03407,0.03419,0.0324,0.03283,48099435.0
2025-05-09 17:00:00+00:00,0.03285,0.03366,0.0326,0.03359,23461743.0
2025-05-09 17:15:00+00:00,0.03358,0.0347,0.03353,0.03452,39286097.0
2025-05-09 17:30:00+00:00,0.03451,0.03451,0.03349,0.03366,22354371.0
2025-05-09 17:45:00+00:00,0.03366,0.03429,0.0335,0.0342,18093643.0
2025-05-09 18:00:00+00:00,0.03422,0.03456,0.03317,0.03347,25544023.0
2025-05-09 18:15:00+00:00,0.03347,0.03405,0.03263,0.03374,21581395.0
2025-05-09 18:30:00+00:00,0.03373,0.03412,0.03341,0.03389,19514635.0
2025-05-09 18:45:00+00:00,0.03389,0.03426,0.03363,0.0341,12939134.0
2025-05-09 19:00:00+00:00,0.03409,0.03426,0.0336,0.03391,12965565.0
2025-05-09 19:15:00+00:00,0.0339,0.03422,0.03319,0.03408,18001697.0
2025-05-09 19:30:00+00:00,0.03411,0.03447,0.03376,0.03424,12539031.0
2025-05-09 19:45:00+00:00,0.03422,0.0345,0.03311,0.03331,17437736.0
2025-05-09 20:00:00+00:00,0.03332,0.0339,0.03318,0.03345,18392423.0
2025-05-09 20:15:00+00:00,0.03348,0.03437,0.03346,0.03413,19304672.0
2025-05-09 20:30:00+00:00,0.03411,0.03428,0.03339,0.03385,16715448.0
2025-05-09 20:45:00+00:00,0.03383,0.03509,0.0337,0.03429,33180426.0
2025-05-09 21:00:00+00:00,0.03427,0.036,0.03399,0.0358,34622684.0
2025-05-09 21:15:00+00:00,0.03578,0.03586,0.03394,0.03465,29531797.0
2025-05-09 21:30:00+00:00,0.03465,0.03594,0.03458,0.0351,16575670.0
2025-05-09 21:45:00+00:00,0.03508,0.03534,0.03432,0.03459,14995046.0
2025-05-09 22:00:00+00:00,0.0346,0.03547,0.0343,0.03432,17278491.0
2025-05-09 22:15:00+00:00,0.03432,0.03544,0.03364,0.03541,23722863.0
2025-05-09 22:30:00+00:00,0.03541,0.03566,0.03442,0.03497,20769055.0
2025-05-09 22:45:00+00:00,0.03495,0.03552,0.03466,0.03492,14311857.0
2025-05-09 23:00:00+00:00,0.03495,0.03579,0.03479,0.03512,15365892.0
2025-05-09 23:15:00+00:00,0.03512,0.03665,0.03503,0.03603,22663670.0
2025-05-09 23:30:00+00:00,0.03603,0.0369,0.03521,0.03625,19827615.0
2025-05-09 23:45:00+00:00,0.03625,0.03797,0.0342,0.0351,38467393.0
2025-05-10 00:00:00+00:00,0.03511,0.03701,0.03456,0.03645,42666136.0
2025-05-10 00:15:00+00:00,0.03645,0.03833,0.03624,0.03813,31316957.0
2025-05-10 00:30:00+00:00,0.03813,0.03839,0.03507,0.03628,35808553.0
2025-05-10 00:45:00+00:00,0.03628,0.03663,0.03384,0.03499,49290262.0
2025-05-10 01:00:00+00:00,0.03499,0.03663,0.03483,0.03611,23323441.0
2025-05-10 01:15:00+00:00,0.03614,0.037,0.03502,0.03539,23313484.0
2025-05-10 01:30:00+00:00,0.03538,0.03604,0.02955,0.02968,87287222.0
2025-05-10 01:45:00+00:00,0.02967,0.03248,0.02948,0.0319,65885776.0
2025-05-10 02:00:00+00:00,0.03193,0.03199,0.0305,0.03151,25847531.0
2025-05-10 02:15:00+00:00,0.03151,0.03151,0.03014,0.03091,29107496.0
2025-05-10 02:30:00+00:00,0.03095,0.03097,0.02941,0.03045,36324032.0
2025-05-10 02:45:00+00:00,0.03044,0.03099,0.0303,0.03068,13546408.0
2025-05-10 03:00:00+00:00,0.03069,0.03119,0.03009,0.03047,13975653.0
2025-05-10 03:15:00+00:00,0.03048,0.03062,0.03018,0.03034,10735939.0
2025-05-10 03:30:00+00:00,0.03036,0.03055,0.03015,0.03045,13529750.0
2025-05-10 03:45:00+00:00,0.03046,0.03067,0.03018,0.0305,12857141.0
2025-05-10 04:00:00+00:00,0.0305,0.03082,0.02982,0.0301,22455846.0
2025-05-10 04:15:00+00:00,0.03011,0.03015,0.02901,0.02934,31923656.0
2025-05-10 04:30:00+00:00,0.02934,0.02988,0.02923,0.02963,14697648.0
2025-05-10 04:45:00+00:00,0.02965,0.03045,0.02962,0.02991,18823075.0
2025-05-10 05:00:00+00:00,0.02993,0.03056,0.02952,0.03034,16429191.0
2025-05-10 05:15:00+00:00,0.03036,0.03084,0.03008,0.03056,17022967.0
2025-05-10 05:30:00+00:00,0.03058,0.03071,0.0302,0.03066,5217990.0
2025-05-10 05:45:00+00:00,0.03066,0.03084,0.03041,0.0307,7396878.0
2025-05-10 06:00:00+00:00,0.03072,0.03126,0.03018,0.03113,16651037.0
2025-05-10 06:15:00+00:00,0.03114,0.03171,0.03102,0.0313,27106940.0
2025-05-10 06:30:00+00:00,0.03131,0.0315,0.03106,0.03127,8683387.0
2025-05-10 06:45:00+00:00,0.03127,0.03152,0.03094,0.03111,13382910.0
2025-05-10 07:00:00+00:00,0.03113,0.03235,0.03089,0.0321,20671329.0
2025-05-10 07:15:00+00:00,0.03211,0.03269,0.03179,0.03258,17108175.0
2025-05-10 07:30:00+00:00,0.03255,0.03326,0.0323,0.03263,17632403.0
2025-05-10 07:45:00+00:00,0.03265,0.03308,0.03223,0.03287,13247026.0
2025-05-10 08:00:00+00:00,0.03284,0.03308,0.03213,0.03226,18483859.0
2025-05-10 08:15:00+00:00,0.03227,0.03245,0.03154,0.03239,17005332.0
2025-05-10 08:30:00+00:00,0.03239,0.03267,0.03201,0.03229,10021903.0
2025-05-10 08:45:00+00:00,0.03228,0.03246,0.03064,0.03162,44292025.0
2025-05-10 09:00:00+00:00,0.03161,0.03161,0.03102,0.03143,14764229.0
2025-05-10 09:15:00+00:00,0.03142,0.03189,0.03142,0.03177,9632270.0
2025-05-10 09:30:00+00:00,0.03177,0.03179,0.03092,0.03105,11314826.0
2025-05-10 09:45:00+00:00,0.03105,0.03152,0.03104,0.03122,8017182.0
2025-05-10 10:00:00+00:00,0.03124,0.03183,0.03102,0.03149,10180431.0
2025-05-10 10:15:00+00:00,0.0315,0.03174,0.03125,0.03171,6502490.0
2025-05-10 10:30:00+00:00,0.03171,0.03179,0.03056,0.03105,15122352.0
2025-05-10 10:45:00+00:00,0.03105,0.03121,0.03001,0.03027,20920047.0
2025-05-10 11:00:00+00:00,0.03028,0.03116,0.02987,0.0306,27127733.0
2025-05-10 11:15:00+00:00,0.03062,0.03111,0.03054,0.03098,10550556.0
2025-05-10 11:30:00+00:00,0.031,0.03139,0.0305,0.03073,13524124.0
2025-05-10 11:45:00+00:00,0.03073,0.03115,0.03072,0.03099,7548375.0
2025-05-10 12:00:00+00:00,0.031,0.03131,0.03068,0.03093,9705258.0
2025-05-10 12:15:00+00:00,0.03093,0.03122,0.03072,0.03089,7220804.0
2025-05-10 12:30:00+00:00,0.03091,0.03119,0.03022,0.03032,8864628.0
2025-05-10 12:45:00+00:00,0.03032,0.03126,0.03018,0.03104,11076448.0
2025-05-10 13:00:00+00:00,0.03103,0.03153,0.03098,0.03124,8900525.0
2025-05-10 13:15:00+00:00,0.03124,0.03163,0.03103,0.03143,5537690.0
2025-05-10 13:30:00+00:00,0.03143,0.03174,0.03137,0.03142,8496174.0
2025-05-10 13:45:00+00:00,0.03144,0.03167,0.03123,0.03151,7688391.0
2025-05-10 14:00:00+00:00,0.03149,0.03162,0.03114,0.0314,10587020.0
2025-05-10 14:15:00+00:00,0.03141,0.03154,0.03121,0.03134,6183488.0
2025-05-10 14:30:00+00:00,0.03135,0.03188,0.03119,0.03182,9922520.0
2025-05-10 14:45:00+00:00,0.0318,0.03236,0.031,0.0313,32718941.0
2025-05-10 15:00:00+00:00,0.03129,0.0316,0.03046,0.03059,35716595.0
2025-05-10 15:15:00+00:00,0.03059,0.03069,0.02931,0.0297,34378771.0
2025-05-10 15:30:00+00:00,0.0297,0.03005,0.02925,0.02991,14871172.0
2025-05-10 15:45:00+00:00,0.02992,0.03007,0.0292,0.02974,17993571.0
2025-05-10 16:00:00+00:00,0.02975,0.03033,0.02952,0.03014,13064411.0
2025-05-10 16:15:00+00:00,0.03015,0.03039,0.03001,0.0302,10386526.0
2025-05-10 16:30:00+00:00,0.03021,0.03058,0.03021,0.03045,7744266.0
2025-05-10 16:45:00+00:00,0.03044,0.0308,0.03027,0.0307,10460392.0
2025-05-10 17:00:00+00:00,0.0307,0.03113,0.03062,0.03106,10903672.0
2025-05-10 17:15:00+00:00,0.03106,0.03126,0.03077,0.03098,8332748.0
2025-05-10 17:30:00+00:00,0.03098,0.03108,0.03061,0.03098,5672044.0
2025-05-10 17:45:00+00:00,0.03096,0.03104,0.03042,0.03091,10512897.0
2025-05-10 18:00:00+00:00,0.03089,0.03126,0.03076,0.03102,4984260.0
2025-05-10 18:15:00+00:00,0.03102,0.03145,0.03098,0.03116,6203823.0
2025-05-10 18:30:00+00:00,0.03115,0.03129,0.03106,0.0312,4898898.0
2025-05-10 18:45:00+00:00,0.03119,0.03138,0.0309,0.03111,8435508.0
2025-05-10 19:00:00+00:00,0.0311,0.03157,0.03091,0.03108,6953841.0
2025-05-10 19:15:00+00:00,0.03108,0.03141,0.03107,0.03135,2880748.0
2025-05-10 19:30:00+00:00,0.03135,0.03183,0.03128,0.03163,6437714.0
2025-05-10 19:45:00+00:00,0.03163,0.03173,0.03147,0.03151,2120624.0
2025-05-10 20:00:00+00:00,0.03153,0.03183,0.03145,0.03181,6291867.0
2025-05-10 20:15:00+00:00,0.03182,0.03233,0.03172,0.03222,9034934.0
2025-05-10 20:30:00+00:00,0.03222,0.03265,0.03204,0.03222,11375072.0
2025-05-10 20:45:00+00:00,0.03225,0.0325,0.03214,0.03224,6006297.0
2025-05-10 21:00:00+00:00,0.03224,0.03237,0.03203,0.0322,3828805.0
2025-05-10 21:15:00+00:00,0.03221,0.03224,0.03204,0.0321,1873537.0
2025-05-10 21:30:00+00:00,0.0321,0.0323,0.0321,0.03222,1486511.0
2025-05-10 21:45:00+00:00,0.03222,0.03237,0.0317,0.03203,4543292.0
2025-05-10 22:00:00+00:00,0.03202,0.03205,0.03179,0.03188,2657608.0
2025-05-10 22:15:00+00:00,0.03188,0.03192,0.03155,0.03162,2652860.0
2025-05-10 22:30:00+00:00,0.03161,0.03224,0.03161,0.03211,5079750.0
2025-05-10 22:45:00+00:00,0.03211,0.03224,0.03198,0.03204,2579298.0
2025-05-10 23:00:00+00:00,0.03204,0.03235,0.03178,0.03214,5474639.0
2025-05-10 23:15:00+00:00,0.03218,0.03251,0.0321,0.03214,6575466.0
2025-05-10 23:30:00+00:00,0.03215,0.03276,0.03175,0.03276,12483560.0
2025-05-10 23:45:00+00:00,0.03275,0.03296,0.03246,0.03296,6698924.0
2025-05-11 00:00:00+00:00,0.03295,0.03329,0.0326,0.03299,9691778.0
2025-05-11 00:15:00+00:00,0.033,0.033,0.03152,0.03172,13874574.0
2025-05-11 00:30:00+00:00,0.03173,0.03292,0.0317,0.03266,8925459.0
2025-05-11 00:45:00+00:00,0.03266,0.03338,0.03266,0.03274,9204038.0
2025-05-11 01:00:00+00:00,0.03275,0.03302,0.03228,0.03281,7320515.0
2025-05-11 01:15:00+00:00,0.0328,0.03323,0.0325,0.03285,7130229.0
2025-05-11 01:30:00+00:00,0.03285,0.03293,0.03208,0.03214,8202008.0
2025-05-11 01:45:00+00:00,0.03213,0.03218,0.03127,0.03178,11510135.0
2025-05-11 02:00:00+00:00,0.03177,0.03183,0.03134,0.03151,7730169.0
2025-05-11 02:15:00+00:00,0.03151,0.03152,0.031,0.03129,7373764.0
2025-05-11 02:30:00+00:00,0.03127,0.03172,0.0311,0.0314,6380997.0
2025-05-11 02:45:00+00:00,0.03139,0.03156,0.03065,0.03131,5839663.0
2025-05-11 03:00:00+00:00,0.0313,0.03153,0.03095,0.03151,4571654.0
2025-05-11 03:15:00+00:00,0.03151,0.03228,0.03147,0.03218,5586051.0
2025-05-11 03:30:00+00:00,0.03218,0.03234,0.03181,0.03222,4253252.0
2025-05-11 03:45:00+00:00,0.03221,0.03251,0.03206,0.0325,4688793.0
2025-05-11 04:00:00+00:00,0.0325,0.03304,0.03237,0.03277,8849653.0
2025-05-11 04:15:00+00:00,0.03278,0.03288,0.03171,0.03225,9263649.0
2025-05-11 04:30:00+00:00,0.03224,0.03259,0.03217,0.03236,5284570.0
2025-05-11 04:45:00+00:00,0.03236,0.0329,0.03233,0.03253,4417548.0
2025-05-11 05:00:00+00:00,0.03253,0.0331,0.03251,0.03261,8738605.0
2025-05-11 05:15:00+00:00,0.03261,0.03326,0.0324,0.03268,9794094.0
2025-05-11 05:30:00+00:00,0.03269,0.03277,0.03252,0.03272,1512114.0
2025-05-11 05:45:00+00:00,0.03272,0.03272,0.03187,0.03203,7151789.0
2025-05-11 06:00:00+00:00,0.03203,0.03226,0.03174,0.03219,8918481.0
2025-05-11 06:15:00+00:00,0.03219,0.0329,0.03219,0.03253,8453343.0
2025-05-11 06:30:00+00:00,0.03253,0.03264,0.03199,0.03205,6859640.0
2025-05-11 06:45:00+00:00,0.03207,0.03223,0.03031,0.03153,26309252.0
2025-05-11 07:00:00+00:00,0.03153,0.0317,0.03087,0.03129,10739889.0
2025-05-11 07:15:00+00:00,0.03131,0.03193,0.03107,0.03165,5994766.0
2025-05-11 07:30:00+00:00,0.03165,0.0317,0.03065,0.03067,6504904.0
2025-05-11 07:45:00+00:00,0.03066,0.03124,0.03063,0.03088,4244615.0
2025-05-11 08:00:00+00:00,0.03087,0.03125,0.0304,0.0308,11041264.0
2025-05-11 08:15:00+00:00,0.0308,0.03094,0.03055,0.03055,3419021.0
2025-05-11 08:30:00+00:00,0.03057,0.03057,0.0292,0.03038,30299958.0
2025-05-11 08:45:00+00:00,0.03039,0.03048,0.02997,0.03011,4612492.0
2025-05-11 09:00:00+00:00,0.03012,0.03042,0.03012,0.0304,4539043.0
2025-05-11 09:15:00+00:00,0.0304,0.03066,0.03022,0.03058,5965372.0
2025-05-11 09:30:00+00:00,0.03056,0.03079,0.03025,0.03037,3818447.0
2025-05-11 09:45:00+00:00,0.03036,0.03052,0.0301,0.03014,3181944.0
2025-05-11 10:00:00+00:00,0.03016,0.03093,0.03014,0.03066,5913677.0
2025-05-11 10:15:00+00:00,0.03065,0.03072,0.03041,0.0307,3813113.0
2025-05-11 10:30:00+00:00,0.0307,0.03246,0.03068,0.03224,22842298.0
2025-05-11 10:45:00+00:00,0.03224,0.03368,0.03221,0.03301,27732388.0
2025-05-11 11:00:00+00:00,0.03297,0.03331,0.03186,0.03241,20639580.0
2025-05-11 11:15:00+00:00,0.03242,0.03419,0.03241,0.03333,32930298.0
2025-05-11 11:30:00+00:00,0.03335,0.03368,0.03297,0.03321,14026940.0
2025-05-11 11:45:00+00:00,0.03313,0.03376,0.03293,0.03367,8997913.0
2025-05-11 12:00:00+00:00,0.03365,0.03445,0.03321,0.03337,23589061.0
2025-05-11 12:15:00+00:00,0.03338,0.03462,0.0331,0.03458,15988463.0
2025-05-11 12:30:00+00:00,0.03457,0.03503,0.03389,0.03432,26441283.0
2025-05-11 12:45:00+00:00,0.03433,0.03559,0.03429,0.03465,17362530.0
2025-05-11 13:00:00+00:00,0.03467,0.03639,0.03435,0.03619,28962952.0
2025-05-11 13:15:00+00:00,0.03615,0.03621,0.03221,0.03271,51859683.0
2025-05-11 13:30:00+00:00,0.03269,0.03277,0.03115,0.03166,33442673.0
2025-05-11 13:45:00+00:00,0.03166,0.03191,0.03073,0.03111,24678152.0
2025-05-11 14:00:00+00:00,0.03112,0.03185,0.03111,0.03144,12167465.0
2025-05-11 14:15:00+00:00,0.03143,0.03167,0.0309,0.03138,9475495.0
2025-05-11 14:30:00+00:00,0.03137,0.03201,0.03097,0.03179,12811294.0
2025-05-11 14:45:00+00:00,0.03179,0.03218,0.03167,0.03202,7476363.0
2025-05-11 15:00:00+00:00,0.032,0.03355,0.03194,0.03339,18812182.0
2025-05-11 15:15:00+00:00,0.03339,0.03343,0.03247,0.033,19184391.0
2025-05-11 15:30:00+00:00,0.033,0.03433,0.03288,0.03354,27818735.0
2025-05-11 15:45:00+00:00,0.03355,0.03357,0.03149,0.03267,32117901.0
2025-05-11 16:00:00+00:00,0.03267,0.03281,0.03174,0.03225,12160570.0
2025-05-11 16:15:00+00:00,0.03225,0.03292,0.03196,0.03252,7347726.0
2025-05-11 16:30:00+00:00,0.03252,0.0328,0.03226,0.03279,5768148.0
2025-05-11 16:45:00+00:00,0.03276,0.03276,0.03222,0.03253,5985028.0
2025-05-11 17:00:00+00:00,0.03255,0.0331,0.03187,0.03231,12729155.0
2025-05-11 17:15:00+00:00,0.03234,0.03246,0.03208,0.03223,4987403.0
2025-05-11 17:30:00+00:00,0.03223,0.03269,0.03218,0.03238,6407724.0
2025-05-11 17:45:00+00:00,0.03237,0.03241,0.03184,0.03207,7646929.0
2025-05-11 18:00:00+00:00,0.03205,0.03216,0.03147,0.03181,5438027.0
2025-05-11 18:15:00+00:00,0.03184,0.032,0.03147,0.03149,3323158.0
2025-05-11 18:30:00+00:00,0.03149,0.03195,0.03111,0.03169,6926064.0
2025-05-11 18:45:00+00:00,0.03169,0.03202,0.03141,0.03166,6141120.0
2025-05-11 19:00:00+00:00,0.03167,0.03171,0.03142,0.03168,2282401.0
2025-05-11 19:15:00+00:00,0.03168,0.03186,0.03144,0.03158,2420773.0
2025-05-11 19:30:00+00:00,0.03161,0.03173,0.03134,0.03144,2092801.0
2025-05-11 19:45:00+00:00,0.03142,0.03157,0.03133,0.03143,1909700.0
2025-05-11 20:00:00+00:00,0.03145,0.03187,0.03134,0.03179,5457106.0
2025-05-11 20:15:00+00:00,0.0318,0.03196,0.03137,0.03177,4119174.0
2025-05-11 20:30:00+00:00,0.03178,0.03197,0.03156,0.03172,2640042.0
2025-05-11 20:45:00+00:00,0.03175,0.03212,0.03146,0.03208,2767643.0
2025-05-11 21:00:00+00:00,0.03205,0.03213,0.03162,0.03183,2704013.0
2025-05-11 21:15:00+00:00,0.03183,0.03183,0.03159,0.03159,1855828.0
2025-05-11 21:30:00+00:00,0.03161,0.03173,0.03149,0.03149,2115875.0
2025-05-11 21:45:00+00:00,0.03151,0.03239,0.03149,0.03217,3893072.0
2025-05-11 22:00:00+00:00,0.03217,0.03281,0.03191,0.03203,5158483.0
2025-05-11 22:15:00+00:00,0.03202,0.03204,0.03167,0.03183,2570801.0
2025-05-11 22:30:00+00:00,0.03184,0.03208,0.0313,0.0315,3921436.0
2025-05-11 22:45:00+00:00,0.03149,0.03167,0.03148,0.03161,2519254.0
2025-05-11 23:00:00+00:00,0.03161,0.03187,0.03147,0.03175,3697003.0
2025-05-11 23:15:00+00:00,0.03175,0.03251,0.03175,0.0324,5989409.0
2025-05-11 23:30:00+00:00,0.0324,0.0332,0.03216,0.03265,10642109.0
2025-05-11 23:45:00+00:00,0.03264,0.03302,0.03236,0.03241,5139483.0
2025-05-12 00:00:00+00:00,0.03242,0.03327,0.03165,0.03303,10219986.0
2025-05-12 00:15:00+00:00,0.03302,0.03474,0.03281,0.03465,29312813.0
2025-05-12 00:30:00+00:00,0.03464,0.0378,0.03462,0.03753,48371872.0
2025-05-12 00:45:00+00:00,0.03755,0.03774,0.03607,0.0361,26367406.0
2025-05-12 01:00:00+00:00,0.0361,0.03657,0.03487,0.03617,22175601.0
2025-05-12 01:15:00+00:00,0.0362,0.03628,0.03462,0.0355,14913768.0
2025-05-12 01:30:00+00:00,0.03554,0.03577,0.03394,0.03459,16069479.0
2025-05-12 01:45:00+00:00,0.03458,0.03513,0.03415,0.03512,8767916.0
2025-05-12 02:00:00+00:00,0.03511,0.03842,0.03503,0.03647,45276195.0
2025-05-12 02:15:00+00:00,0.03647,0.03647,0.03402,0.03537,27371893.0
2025-05-12 02:30:00+00:00,0.03537,0.03601,0.03521,0.03543,10685962.0
2025-05-12 02:45:00+00:00,0.03543,0.03591,0.03504,0.03562,10424616.0
2025-05-12 03:00:00+00:00,0.03564,0.03617,0.03527,0.03591,7490058.0
2025-05-12 03:15:00+00:00,0.03591,0.03635,0.03544,0.03578,7434334.0
2025-05-12 03:30:00+00:00,0.03577,0.03599,0.03471,0.03526,11639918.0
2025-05-12 03:45:00+00:00,0.03527,0.03642,0.03524,0.03636,6118732.0
2025-05-12 04:00:00+00:00,0.03633,0.03722,0.03615,0.03658,14244919.0
2025-05-12 04:15:00+00:00,0.03657,0.0374,0.03545,0.03596,11454150.0
2025-05-12 04:30:00+00:00,0.03594,0.03768,0.03576,0.03765,14209514.0
2025-05-12 04:45:00+00:00,0.03766,0.03779,0.0335,0.03456,51852951.0
2025-05-12 05:00:00+00:00,0.03456,0.0349,0.033,0.03385,28477562.0
2025-05-12 05:15:00+00:00,0.03385,0.03411,0.03207,0.03317,28335922.0
2025-05-12 05:30:00+00:00,0.03317,0.03356,0.03272,0.0334,11761493.0
2025-05-12 05:45:00+00:00,0.03339,0.03391,0.03288,0.03387,8219279.0
2025-05-12 06:00:00+00:00,0.03387,0.0347,0.03358,0.03375,11536103.0
2025-05-12 06:15:00+00:00,0.03375,0.0346,0.0337,0.0344,6661248.0
2025-05-12 06:30:00+00:00,0.03441,0.03463,0.03412,0.03426,8216722.0
2025-05-12 06:45:00+00:00,0.03424,0.0344,0.03395,0.03409,4299725.0
2025-05-12 07:00:00+00:00,0.0341,0.03484,0.0339,0.03443,12568903.0
2025-05-12 07:15:00+00:00,0.03441,0.03557,0.0342,0.03541,15012035.0
2025-05-12 07:30:00+00:00,0.03542,0.03599,0.0348,0.0352,13912551.0
2025-05-12 07:45:00+00:00,0.0352,0.03535,0.03385,0.03431,15093022.0
2025-05-12 08:00:00+00:00,0.03431,0.03465,0.03388,0.03434,5552654.0
2025-05-12 08:15:00+00:00,0.03433,0.03523,0.0342,0.03519,7241202.0
2025-05-12 08:30:00+00:00,0.03519,0.03532,0.0347,0.03498,4052094.0
2025-05-12 08:45:00+00:00,0.03497,0.03661,0.03472,0.03639,8060689.0
2025-05-12 09:00:00+00:00,0.03638,0.03639,0.03508,0.03519,9415779.0
2025-05-12 09:15:00+00:00,0.03519,0.03668,0.03514,0.03654,13699069.0
2025-05-12 09:30:00+00:00,0.03651,0.03677,0.0359,0.0367,6805002.0
2025-05-12 09:45:00+00:00,0.0367,0.03687,0.03566,0.03577,9825661.0
2025-05-12 10:00:00+00:00,0.03577,0.03644,0.03565,0.036,6587412.0
2025-05-12 10:15:00+00:00,0.03599,0.03629,0.03569,0.03612,6309408.0
2025-05-12 10:30:00+00:00,0.03611,0.03621,0.03562,0.03599,4515721.0
2025-05-12 10:45:00+00:00,0.03599,0.03626,0.03548,0.0355,4442218.0
2025-05-12 11:00:00+00:00,0.03548,0.0363,0.03431,0.03463,17611743.0
2025-05-12 11:15:00+00:00,0.03466,0.03599,0.03466,0.03599,8158530.0
2025-05-12 11:30:00+00:00,0.03594,0.03612,0.03512,0.03517,5980578.0
2025-05-12 11:45:00+00:00,0.03517,0.03561,0.03372,0.03441,13956837.0
2025-05-12 12:00:00+00:00,0.03441,0.03456,0.03317,0.03362,14569714.0
2025-05-12 12:15:00+00:00,0.0336,0.03376,0.03276,0.03296,13698884.0
2025-05-12 12:30:00+00:00,0.0329,0.03405,0.03137,0.03329,47397929.0
2025-05-12 12:45:00+00:00,0.03329,0.03354,0.03297,0.03348,6743152.0
2025-05-12 13:00:00+00:00,0.03345,0.03367,0.03294,0.0335,5913433.0
2025-05-12 13:15:00+00:00,0.03348,0.03358,0.03263,0.03339,8991399.0
2025-05-12 13:30:00+00:00,0.03334,0.03491,0.03211,0.03366,24941182.0
2025-05-12 13:45:00+00:00,0.03367,0.0343,0.03316,0.03362,17428443.0
2025-05-12 14:00:00+00:00,0.03361,0.03476,0.03345,0.03437,9688459.0
2025-05-12 14:15:00+00:00,0.03438,0.03481,0.03128,0.0319,50257626.0
2025-05-12 14:30:00+00:00,0.03193,0.03235,0.0311,0.03186,23414008.0
2025-05-12 14:45:00+00:00,0.03187,0.0321,0.03107,0.03203,18753046.0
2025-05-12 15:00:00+00:00,0.03205,0.03254,0.03124,0.0325,19316984.0
2025-05-12 15:15:00+00:00,0.03252,0.03341,0.03241,0.03325,12554378.0
2025-05-12 15:30:00+00:00,0.03327,0.03349,0.03251,0.03265,6799521.0
2025-05-12 15:45:00+00:00,0.03266,0.03339,0.03237,0.03316,5719084.0
2025-05-12 16:00:00+00:00,0.03315,0.03322,0.03268,0.03312,5498090.0
2025-05-12 16:15:00+00:00,0.03312,0.0332,0.03267,0.03286,3515171.0
2025-05-12 16:30:00+00:00,0.03289,0.03306,0.03182,0.03255,6370555.0
2025-05-12 16:45:00+00:00,0.03256,0.03304,0.03243,0.03293,4224813.0
2025-05-12 17:00:00+00:00,0.03294,0.03319,0.03274,0.03287,4640449.0
2025-05-12 17:15:00+00:00,0.03284,0.03297,0.03233,0.03255,4299432.0
2025-05-12 17:30:00+00:00,0.03257,0.03268,0.03216,0.03221,3412337.0
2025-05-12 17:45:00+00:00,0.03222,0.03253,0.0318,0.03227,4327026.0
2025-05-12 18:00:00+00:00,0.03228,0.03263,0.03148,0.03181,7481016.0
2025-05-12 18:15:00+00:00,0.03183,0.03224,0.0311,0.03126,7115825.0
2025-05-12 18:30:00+00:00,0.03127,0.03181,0.03065,0.03156,11709765.0
2025-05-12 18:45:00+00:00,0.03156,0.03192,0.03063,0.03177,11318453.0
2025-05-12 19:00:00+00:00,0.03177,0.03226,0.03168,0.0318,4836212.0
2025-05-12 19:15:00+00:00,0.0318,0.03225,0.0318,0.03201,2915543.0
2025-05-12 19:30:00+00:00,0.03202,0.03227,0.03186,0.03199,2575066.0
2025-05-12 19:45:00+00:00,0.03199,0.03227,0.03198,0.03217,1522881.0
2025-05-12 20:00:00+00:00,0.03217,0.03227,0.03193,0.03204,1907971.0
2025-05-12 20:15:00+00:00,0.03206,0.03212,0.03093,0.03172,14968616.0
2025-05-12 20:30:00+00:00,0.03172,0.0321,0.03165,0.03194,6728351.0
2025-05-12 20:45:00+00:00,0.03198,0.03224,0.03187,0.0322,2829899.0
2025-05-12 21:00:00+00:00,0.0322,0.03222,0.03184,0.03194,1774535.0
2025-05-12 21:15:00+00:00,0.03194,0.03237,0.03185,0.0323,2208018.0
2025-05-12 21:30:00+00:00,0.0323,0.0324,0.03217,0.03224,1409097.0
2025-05-12 21:45:00+00:00,0.03222,0.03224,0.032,0.03205,1820486.0
2025-05-12 22:00:00+00:00,0.03204,0.0321,0.03186,0.03191,2786853.0
2025-05-12 22:15:00+00:00,0.03192,0.03214,0.03183,0.03202,1840689.0
2025-05-12 22:30:00+00:00,0.03202,0.0321,0.03195,0.03208,1472376.0
2025-05-12 22:45:00+00:00,0.03209,0.03213,0.03164,0.03187,2740329.0
2025-05-12 23:00:00+00:00,0.03186,0.0323,0.0318,0.03221,1999784.0
2025-05-12 23:15:00+00:00,0.0322,0.0324,0.03193,0.03221,3562906.0
2025-05-12 23:30:00+00:00,0.0322,0.03247,0.03202,0.03202,3540410.0
2025-05-12 23:45:00+00:00,0.03202,0.03232,0.03201,0.03224,2717618.0
2025-05-13 00:00:00+00:00,0.03225,0.03234,0.03196,0.03217,3977451.0
2025-05-13 00:15:00+00:00,0.03215,0.03257,0.03199,0.03224,6190122.0
2025-05-13 00:30:00+00:00,0.03226,0.03228,0.03179,0.03179,4360726.0
2025-05-13 00:45:00+00:00,0.03179,0.03191,0.03138,0.03144,5041381.0
2025-05-13 01:00:00+00:00,0.03145,0.0316,0.03099,0.03103,7711703.0
2025-05-13 01:15:00+00:00,0.03103,0.03125,0.0303,0.03074,16717881.0
2025-05-13 01:30:00+00:00,0.03071,0.03072,0.0302,0.03038,6848763.0
2025-05-13 01:45:00+00:00,0.03038,0.03055,0.03025,0.03031,4191991.0
2025-05-13 02:00:00+00:00,0.03031,0.03042,0.02783,0.02823,56237437.0
2025-05-13 02:15:00+00:00,0.02821,0.02876,0.02751,0.02835,34117575.0
2025-05-13 02:30:00+00:00,0.02835,0.02836,0.02786,0.02797,10964912.0
2025-05-13 02:45:00+00:00,0.028,0.02808,0.02755,0.02779,9870052.0
2025-05-13 03:00:00+00:00,0.02778,0.02809,0.02753,0.028,8300231.0
2025-05-13 03:15:00+00:00,0.02799,0.028,0.02721,0.02728,10475497.0
2025-05-13 03:30:00+00:00,0.02731,0.02785,0.02712,0.0275,13969231.0
2025-05-13 03:45:00+00:00,0.0275,0.02754,0.02698,0.027,13429310.0
2025-05-13 04:00:00+00:00,0.027,0.028,0.02677,0.02756,19976077.0
2025-05-13 04:15:00+00:00,0.02758,0.02806,0.02751,0.028,6824407.0
2025-05-13 04:30:00+00:00,0.028,0.02843,0.02792,0.02825,9140718.0
2025-05-13 04:45:00+00:00,0.02827,0.02835,0.02814,0.02827,4616204.0
2025-05-13 05:00:00+00:00,0.02828,0.02853,0.02824,0.02846,6579721.0
2025-05-13 05:15:00+00:00,0.02847,0.02849,0.02798,0.02838,8375685.0
2025-05-13 05:30:00+00:00,0.0284,0.02854,0.02817,0.02831,6058249.0
2025-05-13 05:45:00+00:00,0.02832,0.02882,0.02832,0.02856,7458341.0
2025-05-13 06:00:00+00:00,0.02856,0.02874,0.0285,0.02874,5520325.0
2025-05-13 06:15:00+00:00,0.02874,0.02874,0.02806,0.02825,6461595.0
2025-05-13 06:30:00+00:00,0.02825,0.02865,0.02821,0.02853,5056746.0
2025-05-13 06:45:00+00:00,0.02852,0.02854,0.02819,0.02833,2184717.0
2025-05-13 07:00:00+00:00,0.02832,0.02841,0.02809,0.02839,5494669.0
2025-05-13 07:15:00+00:00,0.02839,0.02861,0.02828,0.02857,4395325.0
2025-05-13 07:30:00+00:00,0.02855,0.02895,0.02855,0.02895,6923519.0
2025-05-13 07:45:00+00:00,0.02894,0.02927,0.0288,0.029,8850576.0
2025-05-13 08:00:00+00:00,0.02902,0.03015,0.02883,0.02997,26488172.0
2025-05-13 08:15:00+00:00,0.02996,0.03022,0.02942,0.0296,20315021.0
2025-05-13 08:30:00+00:00,0.02961,0.02998,0.02958,0.02986,8843368.0
2025-05-13 08:45:00+00:00,0.02986,0.03071,0.02976,0.03047,21395939.0
2025-05-13 09:00:00+00:00,0.03046,0.03059,0.03012,0.0305,7271095.0
2025-05-13 09:15:00+00:00,0.03049,0.03119,0.03044,0.0311,11437050.0
2025-05-13 09:30:00+00:00,0.0311,0.03182,0.03096,0.03135,19323278.0
2025-05-13 09:45:00+00:00,0.03136,0.03157,0.03074,0.03094,18283561.0
2025-05-13 10:00:00+00:00,0.03096,0.03132,0.03057,0.03063,11943350.0
2025-05-13 10:15:00+00:00,0.03065,0.0307,0.03005,0.03059,19185184.0
2025-05-13 10:30:00+00:00,0.03057,0.03076,0.03037,0.03071,6327734.0
2025-05-13 10:45:00+00:00,0.0307,0.03073,0.03042,0.03048,3750580.0
2025-05-13 11:00:00+00:00,0.03048,0.03053,0.02985,0.03041,7587100.0
2025-05-13 11:15:00+00:00,0.0304,0.03067,0.02989,0.03027,9128834.0
2025-05-13 11:30:00+00:00,0.03025,0.03098,0.03016,0.03072,8938021.0
2025-05-13 11:45:00+00:00,0.03071,0.03101,0.03019,0.03087,7863785.0
2025-05-13 12:00:00+00:00,0.03088,0.0309,0.03032,0.03041,5959478.0
2025-05-13 12:15:00+00:00,0.03042,0.03062,0.03008,0.03049,7556833.0
2025-05-13 12:30:00+00:00,0.0305,0.03131,0.03038,0.03098,11524570.0
2025-05-13 12:45:00+00:00,0.031,0.03105,0.03038,0.03075,6174169.0
2025-05-13 13:00:00+00:00,0.03076,0.03103,0.03036,0.031,6586267.0
2025-05-13 13:15:00+00:00,0.031,0.03138,0.03086,0.03123,6820066.0
2025-05-13 13:30:00+00:00,0.03125,0.03139,0.03093,0.03115,6722801.0
2025-05-13 13:45:00+00:00,0.03115,0.03115,0.03048,0.0306,8862890.0
2025-05-13 14:00:00+00:00,0.03061,0.03068,0.02966,0.03002,22872781.0
2025-05-13 14:15:00+00:00,0.03002,0.03009,0.02949,0.02975,11801543.0
2025-05-13 14:30:00+00:00,0.02974,0.02994,0.02958,0.02967,4421814.0
2025-05-13 14:45:00+00:00,0.02969,0.02982,0.0291,0.02974,11799326.0
2025-05-13 15:00:00+00:00,0.02974,0.03063,0.02974,0.03057,8548101.0
2025-05-13 15:15:00+00:00,0.03056,0.03104,0.03028,0.03087,10269505.0
2025-05-13 15:30:00+00:00,0.03087,0.03088,0.03037,0.0305,6972691.0
2025-05-13 15:45:00+00:00,0.03053,0.03158,0.0304,0.03136,12383840.0
2025-05-13 16:00:00+00:00,0.03139,0.03159,0.03045,0.03159,11109416.0
2025-05-13 16:15:00+00:00,0.03158,0.03228,0.03114,0.03183,19707403.0
2025-05-13 16:30:00+00:00,0.03183,0.03203,0.0313,0.03145,10749225.0
2025-05-13 16:45:00+00:00,0.03146,0.03158,0.03109,0.03137,5604615.0
2025-05-13 17:00:00+00:00,0.03137,0.03139,0.03065,0.03105,7481577.0
2025-05-13 17:15:00+00:00,0.03106,0.03159,0.03104,0.03141,5515690.0
2025-05-13 17:30:00+00:00,0.03139,0.03169,0.03067,0.03139,5430182.0
2025-05-13 17:45:00+00:00,0.03139,0.03234,0.03135,0.03169,10244740.0
2025-05-13 18:00:00+00:00,0.03167,0.03347,0.03166,0.03265,13920384.0
2025-05-13 18:15:00+00:00,0.03261,0.03261,0.03177,0.03185,9096482.0
2025-05-13 18:30:00+00:00,0.03186,0.032,0.0309,0.0314,14434374.0
2025-05-13 18:45:00+00:00,0.0314,0.03179,0.03136,0.03162,6330009.0
2025-05-13 19:00:00+00:00,0.03164,0.03184,0.03153,0.03154,3620643.0
2025-05-13 19:15:00+00:00,0.03154,0.03219,0.03147,0.03209,7649809.0
2025-05-13 19:30:00+00:00,0.0321,0.03268,0.03206,0.03266,4765098.0
2025-05-13 19:45:00+00:00,0.03265,0.03273,0.03186,0.03228,5989117.0
2025-05-13 20:00:00+00:00,0.03228,0.03267,0.0321,0.03232,6270653.0
2025-05-13 20:15:00+00:00,0.03232,0.03282,0.03227,0.03233,5446917.0
2025-05-13 20:30:00+00:00,0.03234,0.03285,0.03228,0.03254,4864327.0
2025-05-13 20:45:00+00:00,0.03253,0.03257,0.03222,0.03245,3021812.0
2025-05-13 21:00:00+00:00,0.03245,0.03247,0.03144,0.03185,8690359.0
2025-05-13 21:15:00+00:00,0.03185,0.03396,0.03185,0.03333,26459999.0
2025-05-13 21:30:00+00:00,0.03332,0.03406,0.03324,0.03333,8315465.0
2025-05-13 21:45:00+00:00,0.03333,0.03379,0.03327,0.03335,3825918.0
2025-05-13 22:00:00+00:00,0.03335,0.03346,0.03247,0.03247,6396221.0
2025-05-13 22:15:00+00:00,0.03247,0.03289,0.03225,0.03261,5675412.0
2025-05-13 22:30:00+00:00,0.03258,0.03285,0.03247,0.03263,3587635.0
2025-05-13 22:45:00+00:00,0.03263,0.03309,0.03262,0.03301,2581266.0
2025-05-13 23:00:00+00:00,0.033,0.033,0.03251,0.03281,3207310.0
2025-05-13 23:15:00+00:00,0.0328,0.03336,0.0328,0.03295,3762431.0
2025-05-13 23:30:00+00:00,0.03295,0.03339,0.03269,0.03328,5136571.0
2025-05-13 23:45:00+00:00,0.03327,0.03334,0.03248,0.03264,7461521.0
2025-05-14 00:00:00+00:00,0.03265,0.03333,0.0323,0.0331,9457430.0
2025-05-14 00:15:00+00:00,0.0331,0.03334,0.03222,0.03244,6694880.0
2025-05-14 00:30:00+00:00,0.03243,0.03303,0.03232,0.03266,4712390.0
2025-05-14 00:45:00+00:00,0.03265,0.03307,0.03213,0.03245,7570447.0
2025-05-14 01:00:00+00:00,0.03248,0.0327,0.03202,0.03236,8035395.0
2025-05-14 01:15:00+00:00,0.03232,0.03245,0.03189,0.03218,6691093.0
2025-05-14 01:30:00+00:00,0.03219,0.03255,0.03167,0.03239,7164122.0
2025-05-14 01:45:00+00:00,0.03237,0.03245,0.03178,0.03211,6436670.0
2025-05-14 02:00:00+00:00,0.03212,0.03253,0.03165,0.03217,10378811.0
2025-05-14 02:15:00+00:00,0.03218,0.03286,0.03205,0.03218,5571995.0
2025-05-14 02:30:00+00:00,0.03219,0.03403,0.03199,0.03402,17074788.0
2025-05-14 02:45:00+00:00,0.03401,0.03418,0.03261,0.03296,22358725.0
2025-05-14 03:00:00+00:00,0.03296,0.03299,0.0319,0.03233,18190906.0
2025-05-14 03:15:00+00:00,0.03234,0.03262,0.03197,0.03227,6019553.0
2025-05-14 03:30:00+00:00,0.0323,0.03308,0.03225,0.03286,3752608.0
2025-05-14 03:45:00+00:00,0.03287,0.03344,0.03281,0.0334,3383338.0
2025-05-14 04:00:00+00:00,0.03341,0.03342,0.03251,0.03297,9554461.0
2025-05-14 04:15:00+00:00,0.03297,0.03308,0.03253,0.03272,4275655.0
2025-05-14 04:30:00+00:00,0.03271,0.03347,0.03271,0.03339,5512667.0
2025-05-14 04:45:00+00:00,0.03339,0.03355,0.03258,0.03275,8322759.0
2025-05-14 05:00:00+00:00,0.03274,0.03276,0.03223,0.03224,5786712.0
2025-05-14 05:15:00+00:00,0.03224,0.03287,0.03198,0.03287,6637008.0
2025-05-14 05:30:00+00:00,0.03287,0.03344,0.03287,0.03343,4965149.0
2025-05-14 05:45:00+00:00,0.03342,0.03383,0.03339,0.03371,4036565.0
2025-05-14 06:00:00+00:00,0.03369,0.03375,0.03304,0.0331,4106216.0
2025-05-14 06:15:00+00:00,0.03311,0.0336,0.03253,0.03326,8185226.0
2025-05-14 06:30:00+00:00,0.03326,0.03355,0.0329,0.03346,4942235.0
2025-05-14 06:45:00+00:00,0.03349,0.03358,0.03244,0.03257,5719096.0
2025-05-14 07:00:00+00:00,0.03257,0.03309,0.03227,0.03304,5250673.0
2025-05-14 07:15:00+00:00,0.03305,0.0333,0.03266,0.03289,5255671.0
2025-05-14 07:30:00+00:00,0.03292,0.03358,0.0327,0.03331,7611034.0
2025-05-14 07:45:00+00:00,0.03331,0.03336,0.03256,0.03266,7650356.0
2025-05-14 08:00:00+00:00,0.03267,0.03316,0.03252,0.03309,9368240.0
2025-05-14 08:15:00+00:00,0.03309,0.03355,0.03266,0.03314,13763753.0
2025-05-14 08:30:00+00:00,0.03313,0.03398,0.03296,0.03347,12418886.0
2025-05-14 08:45:00+00:00,0.03347,0.03349,0.029,0.02978,70141729.0
2025-05-14 09:00:00+00:00,0.02981,0.03072,0.02915,0.02996,29270665.0
2025-05-14 09:15:00+00:00,0.02997,0.03035,0.02995,0.03025,13859630.0
2025-05-14 09:30:00+00:00,0.03026,0.0307,0.03024,0.03038,9781682.0
2025-05-14 09:45:00+00:00,0.03039,0.03115,0.03032,0.03086,10744754.0
2025-05-14 10:00:00+00:00,0.03086,0.0309,0.03045,0.0305,2970447.0
2025-05-14 10:15:00+00:00,0.03052,0.03074,0.03021,0.03025,4030167.0
2025-05-14 10:30:00+00:00,0.03026,0.03042,0.02999,0.03019,7193220.0
2025-05-14 10:45:00+00:00,0.03019,0.03033,0.03,0.03024,5716654.0
2025-05-14 11:00:00+00:00,0.03026,0.03055,0.03015,0.03054,3498519.0
2025-05-14 11:15:00+00:00,0.03052,0.03112,0.03038,0.03074,11197032.0
2025-05-14 11:30:00+00:00,0.03075,0.03109,0.03062,0.03108,3230038.0
2025-05-14 11:45:00+00:00,0.03108,0.03124,0.03067,0.03091,5030541.0
2025-05-14 12:00:00+00:00,0.0309,0.03105,0.03074,0.0308,3675242.0
2025-05-14 12:15:00+00:00,0.03082,0.03095,0.03054,0.03075,4542580.0
2025-05-14 12:30:00+00:00,0.03076,0.0308,0.03014,0.03051,4270738.0
2025-05-14 12:45:00+00:00,0.03051,0.03054,0.0291,0.02994,12190407.0
2025-05-14 13:00:00+00:00,0.02994,0.02994,0.02923,0.02984,8998817.0
2025-05-14 13:15:00+00:00,0.02984,0.03009,0.02969,0.02993,5813612.0
2025-05-14 13:30:00+00:00,0.02992,0.03032,0.0297,0.02974,7808899.0
2025-05-14 13:45:00+00:00,0.02975,0.03021,0.02937,0.03021,7778295.0
2025-05-14 14:00:00+00:00,0.0302,0.03023,0.0296,0.02961,5530816.0
2025-05-14 14:15:00+00:00,0.02964,0.03006,0.02947,0.02996,5263060.0
2025-05-14 14:30:00+00:00,0.02998,0.03099,0.02998,0.03089,9158286.0
2025-05-14 14:45:00+00:00,0.03089,0.03101,0.03019,0.03036,8186341.0
2025-05-14 15:00:00+00:00,0.03037,0.0304,0.02988,0.02992,4908975.0
2025-05-14 15:15:00+00:00,0.02992,0.03011,0.02906,0.0298,14207341.0
2025-05-14 15:30:00+00:00,0.0298,0.03008,0.0297,0.02982,4624070.0
2025-05-14 15:45:00+00:00,0.02983,0.03001,0.0297,0.02982,3096142.0
2025-05-14 16:00:00+00:00,0.02983,0.03022,0.02968,0.03016,4847044.0
2025-05-14 16:15:00+00:00,0.03017,0.03017,0.02948,0.02964,4487440.0
2025-05-14 16:30:00+00:00,0.02963,0.03,0.0296,0.02968,2405823.0
2025-05-14 16:45:00+00:00,0.0297,0.02977,0.02922,0.02954,3456355.0
2025-05-14 17:00:00+00:00,0.02955,0.02956,0.029,0.02923,5808272.0
2025-05-14 17:15:00+00:00,0.02922,0.02945,0.02903,0.02945,4898141.0
2025-05-14 17:30:00+00:00,0.02945,0.02952,0.02933,0.02946,1946833.0
2025-05-14 17:45:00+00:00,0.02946,0.0295,0.02928,0.0295,1051845.0
2025-05-14 18:00:00+00:00,0.02949,0.02968,0.02941,0.02945,1950767.0
2025-05-14 18:15:00+00:00,0.02944,0.03014,0.02941,0.02954,2923955.0
2025-05-14 18:30:00+00:00,0.02954,0.02968,0.02941,0.02949,2235457.0
2025-05-14 18:45:00+00:00,0.02949,0.02961,0.0294,0.02947,1287763.0
2025-05-14 19:00:00+00:00,0.02948,0.0295,0.02927,0.02931,1484462.0
2025-05-14 19:15:00+00:00,0.02931,0.02943,0.02915,0.02917,1600702.0
2025-05-14 19:30:00+00:00,0.02918,0.02929,0.02883,0.02922,4805372.0
2025-05-14 19:45:00+00:00,0.02922,0.02927,0.02913,0.02924,1782406.0
2025-05-14 20:00:00+00:00,0.02923,0.02944,0.02921,0.02943,3309020.0
2025-05-14 20:15:00+00:00,0.02943,0.02951,0.02928,0.0295,2161337.0
2025-05-14 20:30:00+00:00,0.0295,0.0295,0.02916,0.02926,2477450.0
2025-05-14 20:45:00+00:00,0.02926,0.02928,0.02896,0.02902,2670303.0
2025-05-14 21:00:00+00:00,0.02902,0.02909,0.02859,0.02868,4652299.0
2025-05-14 21:15:00+00:00,0.02867,0.02903,0.0286,0.02893,3127755.0
2025-05-14 21:30:00+00:00,0.02893,0.02917,0.02884,0.02898,2164443.0
2025-05-14 21:45:00+00:00,0.02898,0.02942,0.02898,0.02932,1882656.0
2025-05-14 22:00:00+00:00,0.02934,0.02948,0.02927,0.02932,1506795.0
2025-05-14 22:15:00+00:00,0.02931,0.02934,0.02904,0.02913,4353689.0
2025-05-14 22:30:00+00:00,0.02914,0.0292,0.02901,0.02902,1211812.0
2025-05-14 22:45:00+00:00,0.02901,0.02918,0.0289,0.02913,1535996.0
2025-05-14 23:00:00+00:00,0.02915,0.02922,0.02895,0.02906,1683489.0
2025-05-14 23:15:00+00:00,0.02906,0.0292,0.02884,0.02916,1244907.0
2025-05-14 23:30:00+00:00,0.02916,0.0292,0.02902,0.02907,922535.0
2025-05-14 23:45:00+00:00,0.02907,0.02924,0.02902,0.02913,1776342.0
2025-05-15 00:00:00+00:00,0.02914,0.02922,0.02897,0.02904,2659142.0
2025-05-15 00:15:00+00:00,0.02906,0.02928,0.02906,0.02914,3692980.0
2025-05-15 00:30:00+00:00,0.02914,0.02923,0.02882,0.02907,3830444.0
2025-05-15 00:45:00+00:00,0.02907,0.02916,0.02888,0.0291,1683335.0
2025-05-15 01:00:00+00:00,0.02911,0.02918,0.02858,0.02862,3737210.0
2025-05-15 01:15:00+00:00,0.02863,0.02905,0.02766,0.02821,16220610.0
2025-05-15 01:30:00+00:00,0.02821,0.02828,0.02781,0.02782,10317007.0
2025-05-15 01:45:00+00:00,0.02786,0.02798,0.02753,0.0278,8683658.0
2025-05-15 02:00:00+00:00,0.0278,0.02797,0.02774,0.02784,2862190.0
2025-05-15 02:15:00+00:00,0.02783,0.02783,0.02754,0.0277,3423362.0
2025-05-15 02:30:00+00:00,0.02769,0.02782,0.02754,0.02762,2729294.0
2025-05-15 02:45:00+00:00,0.02761,0.02804,0.02759,0.02789,3878478.0
2025-05-15 03:00:00+00:00,0.02789,0.0281,0.02786,0.02788,1974760.0
2025-05-15 03:15:00+00:00,0.02787,0.02812,0.02786,0.02809,1464745.0
2025-05-15 03:30:00+00:00,0.0281,0.02848,0.02802,0.02834,4158613.0
2025-05-15 03:45:00+00:00,0.02833,0.02833,0.02767,0.02784,4165797.0
2025-05-15 04:00:00+00:00,0.02784,0.02821,0.02764,0.02802,3700365.0
2025-05-15 04:15:00+00:00,0.02802,0.0283,0.02796,0.02818,1989423.0
2025-05-15 04:30:00+00:00,0.02819,0.02833,0.02804,0.02813,1838274.0
2025-05-15 04:45:00+00:00,0.02814,0.02844,0.02808,0.02837,2748747.0
2025-05-15 05:00:00+00:00,0.02835,0.02837,0.02807,0.02807,1246730.0
2025-05-15 05:15:00+00:00,0.02808,0.02822,0.02789,0.02818,2159125.0
2025-05-15 05:30:00+00:00,0.02816,0.02832,0.0278,0.02793,2983494.0
2025-05-15 05:45:00+00:00,0.02794,0.02795,0.02719,0.02729,10275958.0
2025-05-15 06:00:00+00:00,0.0273,0.0276,0.02721,0.02726,4299070.0
2025-05-15 06:15:00+00:00,0.02726,0.02736,0.02701,0.02707,6845322.0
2025-05-15 06:30:00+00:00,0.02708,0.02712,0.02676,0.02686,6761886.0
2025-05-15 06:45:00+00:00,0.02687,0.02706,0.02685,0.02702,5441332.0
2025-05-15 07:00:00+00:00,0.02702,0.02708,0.02674,0.02675,2995817.0
2025-05-15 07:15:00+00:00,0.02676,0.02681,0.02607,0.02621,18392695.0
2025-05-15 07:30:00+00:00,0.02618,0.02634,0.0255,0.02604,12995983.0
2025-05-15 07:45:00+00:00,0.02603,0.02626,0.02559,0.0259,10273801.0
2025-05-15 08:00:00+00:00,0.0259,0.02644,0.0259,0.02627,5762175.0
2025-05-15 08:15:00+00:00,0.02627,0.02641,0.02621,0.0264,3542602.0
2025-05-15 08:30:00+00:00,0.02641,0.0267,0.0263,0.02648,4833355.0
2025-05-15 08:45:00+00:00,0.02649,0.02664,0.02641,0.02654,4300220.0
2025-05-15 09:00:00+00:00,0.02654,0.02665,0.02646,0.02648,3299811.0
2025-05-15 09:15:00+00:00,0.02646,0.02662,0.02643,0.02654,2533180.0
2025-05-15 09:30:00+00:00,0.02654,0.02662,0.02621,0.02631,5685429.0
2025-05-15 09:45:00+00:00,0.02631,0.02665,0.0262,0.0265,3654625.0
2025-05-15 10:00:00+00:00,0.0265,0.0265,0.02625,0.02636,2090566.0
2025-05-15 10:15:00+00:00,0.02635,0.0265,0.02625,0.02625,5249251.0
2025-05-15 10:30:00+00:00,0.02625,0.02628,0.02586,0.02609,5671281.0
2025-05-15 10:45:00+00:00,0.02607,0.02617,0.02596,0.02614,2836999.0
2025-05-15 11:00:00+00:00,0.02615,0.02648,0.02609,0.02633,4204997.0
2025-05-15 11:15:00+00:00,0.02632,0.02642,0.02625,0.02634,2739371.0
2025-05-15 11:30:00+00:00,0.02633,0.02647,0.02618,0.02621,3558595.0
2025-05-15 11:45:00+00:00,0.0262,0.02636,0.02608,0.02629,4032767.0
2025-05-15 12:00:00+00:00,0.02627,0.02634,0.02605,0.02609,3832120.0
2025-05-15 12:15:00+00:00,0.0261,0.02624,0.02593,0.02602,5228355.0
2025-05-15 12:30:00+00:00,0.02601,0.02658,0.02601,0.02619,5786047.0
2025-05-15 12:45:00+00:00,0.02618,0.02618,0.02582,0.02602,5883411.0
2025-05-15 13:00:00+00:00,0.02603,0.02653,0.0259,0.02647,10366086.0
2025-05-15 13:15:00+00:00,0.02648,0.02651,0.02611,0.0262,2966344.0
2025-05-15 13:30:00+00:00,0.0262,0.02635,0.02577,0.02594,6449504.0
2025-05-15 13:45:00+00:00,0.02595,0.02599,0.02537,0.02587,9386406.0
2025-05-15 14:00:00+00:00,0.02588,0.02592,0.02475,0.02507,15187056.0
2025-05-15 14:15:00+00:00,0.02508,0.02551,0.02477,0.02537,7056975.0
2025-05-15 14:30:00+00:00,0.02539,0.02543,0.02497,0.02501,6279805.0
2025-05-15 14:45:00+00:00,0.02499,0.02524,0.02483,0.02507,4801043.0
2025-05-15 15:00:00+00:00,0.02507,0.02525,0.02471,0.02491,11329246.0
2025-05-15 15:15:00+00:00,0.0249,0.02537,0.02483,0.02535,3768516.0
2025-05-15 15:30:00+00:00,0.02536,0.0257,0.02528,0.02564,5104373.0
2025-05-15 15:45:00+00:00,0.02564,0.02602,0.02556,0.02593,6945082.0
2025-05-15 16:00:00+00:00,0.02592,0.02594,0.02566,0.02575,2893580.0
2025-05-15 16:15:00+00:00,0.02574,0.02618,0.02574,0.02582,5321513.0
2025-05-15 16:30:00+00:00,0.02582,0.02601,0.02569,0.02595,3865105.0
2025-05-15 16:45:00+00:00,0.02594,0.02629,0.02591,0.02623,4875672.0
2025-10-07 22:45:00+00:00,0.0214,0.02145,0.02134,0.02136,473935.0
2025-10-07 23:00:00+00:00,0.02136,0.02137,0.02119,0.02131,1077870.0
2025-10-07 23:15:00+00:00,0.02131,0.02147,0.02131,0.02144,505164.0
2025-10-07 23:30:00+00:00,0.02144,0.02147,0.02124,0.02133,922503.0
2025-10-07 23:45:00+00:00,0.02132,0.02544,0.02128,0.02528,98398039.0
2025-10-08 00:00:00+00:00,0.0253,0.0284,0.02445,0.02783,229656599.0
2025-10-08 00:15:00+00:00,0.02784,0.02832,0.02589,0.02621,178112629.0
2025-10-08 00:30:00+00:00,0.02622,0.02744,0.02564,0.02627,75167625.0
2025-10-08 00:45:00+00:00,0.02626,0.02714,0.02594,0.02673,64472704.0
2025-10-08 01:00:00+00:00,0.02673,0.02744,0.0255,0.02606,70968521.0
2025-10-08 01:15:00+00:00,0.02609,0.02649,0.02578,0.0263,23378393.0
2025-10-08 01:30:00+00:00,0.02631,0.02699,0.0261,0.02673,25560647.0
2025-10-08 01:45:00+00:00,0.02674,0.02751,0.02654,0.027,26825475.0
2025-10-08 02:00:00+00:00,0.02702,0.0283,0.02662,0.0279,61148792.0
2025-10-08 02:15:00+00:00,0.02789,0.0302,0.02762,0.02906,148453918.0
2025-10-08 02:30:00+00:00,0.02903,0.02903,0.02659,0.0273,113117470.0
2025-10-08 02:45:00+00:00,0.02732,0.02841,0.02431,0.02496,155179514.0
2025-10-08 03:00:00+00:00,0.02495,0.0266,0.02489,0.02559,64323323.0
2025-10-08 03:15:00+00:00,0.02557,0.02751,0.02556,0.02749,72810034.0
2025-10-08 03:30:00+00:00,0.02751,0.02936,0.02672,0.02791,140144333.0
2025-10-08 03:45:00+00:00,0.02796,0.03208,0.02784,0.03155,217315712.0
2025-10-08 04:00:00+00:00,0.03157,0.03522,0.03131,0.03499,259238718.0
2025-10-08 04:15:00+00:00,0.03496,0.03786,0.03234,0.03416,462005003.0
2025-10-08 04:30:00+00:00,0.03417,0.03479,0.0326,0.03366,166737446.0
2025-10-08 04:45:00+00:00,0.03366,0.03461,0.03085,0.03251,216444499.0
2025-10-08 05:00:00+00:00,0.03251,0.0334,0.03206,0.03326,103496658.0
2025-10-08 05:15:00+00:00,0.0333,0.034,0.03042,0.03183,115115620.0
2025-10-08 05:30:00+00:00,0.03184,0.03218,0.03155,0.03172,44188450.0
2025-10-08 05:45:00+00:00,0.03172,0.0325,0.03057,0.03093,92366553.0
2025-10-08 06:00:00+00:00,0.03094,0.03175,0.02862,0.02959,168873006.0
2025-10-08 06:15:00+00:00,0.02961,0.02999,0.02923,0.02942,57422629.0
2025-10-08 06:30:00+00:00,0.02942,0.02972,0.02926,0.02949,54019771.0
2025-10-08 06:45:00+00:00,0.02951,0.02966,0.02928,0.02944,47567398.0
2025-10-08 07:00:00+00:00,0.02944,0.02973,0.02895,0.02962,57334427.0
2025-10-08 07:15:00+00:00,0.02962,0.02962,0.02881,0.02943,37924720.0
2025-10-08 07:30:00+00:00,0.02943,0.0295,0.02656,0.02707,108833050.0
2025-10-08 07:45:00+00:00,0.02708,0.02926,0.02704,0.02843,83664711.0
2025-10-08 08:00:00+00:00,0.02843,0.02868,0.02777,0.02792,44935355.0
2025-10-08 08:15:00+00:00,0.02791,0.02857,0.02785,0.02822,21281579.0
2025-10-08 08:30:00+00:00,0.02821,0.02867,0.0281,0.02853,19342387.0
2025-10-08 08:45:00+00:00,0.02851,0.02851,0.02733,0.02798,36356960.0
2025-10-08 09:00:00+00:00,0.02796,0.02802,0.02679,0.02737,57172807.0
2025-10-08 09:15:00+00:00,0.02739,0.02745,0.02705,0.02733,17917070.0
2025-10-08 09:30:00+00:00,0.02734,0.02759,0.02719,0.02741,20525307.0
2025-10-08 09:45:00+00:00,0.0274,0.02772,0.0272,0.02734,22837491.0
2025-10-08 10:00:00+00:00,0.02734,0.0278,0.0264,0.02732,44988775.0
2025-10-08 10:15:00+00:00,0.02733,0.02751,0.02626,0.02654,34117111.0
2025-10-08 10:30:00+00:00,0.02653,0.0266,0.02519,0.02626,71678511.0
2025-10-08 10:45:00+00:00,0.02627,0.02686,0.02612,0.02675,18127878.0
2025-10-08 11:00:00+00:00,0.02677,0.02733,0.02666,0.02705,22076702.0
2025-10-08 11:15:00+00:00,0.02704,0.0276,0.0267,0.02746,19043020.0
2025-10-08 11:30:00+00:00,0.02747,0.02759,0.02704,0.02711,18232453.0
2025-10-08 11:45:00+00:00,0.02709,0.02739,0.02687,0.02719,8905744.0
2025-10-08 12:00:00+00:00,0.02719,0.02739,0.0267,0.02734,20367287.0
2025-10-08 12:15:00+00:00,0.02735,0.02757,0.0272,0.02737,9686803.0
2025-10-08 12:30:00+00:00,0.02737,0.02752,0.02728,0.02737,6212241.0
2025-10-08 12:45:00+00:00,0.02737,0.0278,0.02728,0.02761,16335069.0
2025-10-08 13:00:00+00:00,0.02762,0.02774,0.02743,0.0276,12272509.0
2025-10-08 13:15:00+00:00,0.02761,0.02885,0.02761,0.02791,48894861.0
2025-10-08 13:30:00+00:00,0.02792,0.02885,0.02789,0.02869,29454635.0
2025-10-08 13:45:00+00:00,0.02867,0.02897,0.02821,0.02892,20187192.0
2025-10-08 14:00:00+00:00,0.02892,0.02934,0.0286,0.02927,23854291.0
2025-10-08 14:15:00+00:00,0.02928,0.02965,0.02887,0.0294,26763174.0
2025-10-08 14:30:00+00:00,0.0294,0.02944,0.02765,0.02896,59586605.0
2025-10-08 14:45:00+00:00,0.02894,0.02895,0.02814,0.02837,16753839.0
2025-10-08 15:00:00+00:00,0.02836,0.0288,0.02836,0.02878,12552992.0
2025-10-08 15:15:00+00:00,0.02878,0.02879,0.02623,0.02764,69592396.0
2025-10-08 15:30:00+00:00,0.02763,0.02792,0.02703,0.02784,28348091.0
2025-10-08 15:45:00+00:00,0.02783,0.02786,0.0272,0.02764,17844545.0
2025-10-08 16:00:00+00:00,0.02763,0.02784,0.02736,0.02775,13762259.0
2025-10-08 16:15:00+00:00,0.02775,0.02846,0.0276,0.0278,35414435.0
2025-10-08 16:30:00+00:00,0.02783,0.02795,0.02715,0.02743,24245648.0
2025-10-08 16:45:00+00:00,0.02742,0.0277,0.02709,0.02757,17028496.0
2025-10-08 17:00:00+00:00,0.02755,0.02776,0.02726,0.02766,18753075.0
2025-10-08 17:15:00+00:00,0.02767,0.0279,0.02748,0.02773,13465892.0
2025-10-08 17:30:00+00:00,0.02773,0.02789,0.02744,0.02765,10393235.0
2025-10-08 17:45:00+00:00,0.02767,0.0278,0.02731,0.02747,8845076.0
2025-10-08 18:00:00+00:00,0.02746,0.02775,0.02705,0.0272,14549630.0
2025-10-08 18:15:00+00:00,0.02721,0.02791,0.02713,0.02741,22271336.0
2025-10-08 18:30:00+00:00,0.02744,0.02759,0.0265,0.0269,21915168.0
2025-10-08 18:45:00+00:00,0.02689,0.02727,0.0268,0.02722,13878935.0
2025-10-08 19:00:00+00:00,0.02722,0.02732,0.02702,0.0272,8047800.0
2025-10-08 19:15:00+00:00,0.0272,0.02724,0.02697,0.02705,8410906.0
2025-10-08 19:30:00+00:00,0.02703,0.0276,0.0269,0.02715,8081515.0
2025-10-08 19:45:00+00:00,0.02718,0.0272,0.02699,0.02707,3875791.0
2025-10-08 20:00:00+00:00,0.02706,0.02715,0.02672,0.02688,6743732.0
2025-10-08 20:15:00+00:00,0.02687,0.02731,0.02687,0.0271,5993735.0
2025-10-08 20:30:00+00:00,0.0271,0.02743,0.02705,0.02739,5914407.0
2025-10-08 20:45:00+00:00,0.0274,0.02741,0.02698,0.02732,7414184.0
2025-10-08 21:00:00+00:00,0.0273,0.02747,0.02724,0.02737,4465022.0
2025-10-08 21:15:00+00:00,0.02736,0.02739,0.027,0.02711,3443025.0
2025-10-08 21:30:00+00:00,0.02711,0.02723,0.027,0.0271,3031170.0
2025-10-08 21:45:00+00:00,0.0271,0.02711,0.0265,0.0267,8034667.0
2025-10-08 22:00:00+00:00,0.02669,0.02674,0.02611,0.02638,9973215.0
2025-10-08 22:15:00+00:00,0.02638,0.02675,0.02635,0.02667,4890037.0
2025-10-08 22:30:00+00:00,0.02667,0.02675,0.02657,0.02662,2818555.0
2025-10-08 22:45:00+00:00,0.02662,0.0272,0.02656,0.02704,4958618.0
2025-10-08 23:00:00+00:00,0.02704,0.02719,0.02687,0.02716,4941104.0
2025-10-08 23:15:00+00:00,0.02717,0.02729,0.02707,0.02726,3331605.0
2025-10-08 23:30:00+00:00,0.02726,0.02746,0.02721,0.02731,5178575.0
2025-10-08 23:45:00+00:00,0.02731,0.02768,0.02724,0.02762,4175190.0
2025-10-09 00:00:00+00:00,0.0276,0.03161,0.02753,0.02962,122922944.0
2025-10-09 00:15:00+00:00,0.02963,0.0299,0.02939,0.02967,21235103.0
2025-10-09 00:30:00+00:00,0.02969,0.02996,0.02941,0.02987,13551498.0
2025-10-09 00:45:00+00:00,0.02986,0.03043,0.02947,0.02995,22844358.0
2025-10-09 01:00:00+00:00,0.02993,0.0308,0.02981,0.03053,25338275.0
2025-10-09 01:15:00+00:00,0.03053,0.0306,0.03,0.03024,12099442.0
2025-10-09 01:30:00+00:00,0.03026,0.03093,0.03009,0.03071,17162075.0
2025-10-09 01:45:00+00:00,0.03072,0.03132,0.03005,0.03029,27775431.0
2025-10-09 02:00:00+00:00,0.03027,0.03048,0.02873,0.02937,36469640.0
2025-10-09 02:15:00+00:00,0.02937,0.03028,0.02894,0.02951,30052175.0
2025-10-09 02:30:00+00:00,0.0295,0.0298,0.02865,0.02901,30262208.0
2025-10-09 02:45:00+00:00,0.029,0.02908,0.0282,0.02823,19741814.0
2025-10-09 03:00:00+00:00,0.02822,0.02941,0.02817,0.02937,16864777.0
2025-10-09 03:15:00+00:00,0.02935,0.03506,0.02901,0.03447,130759454.0
2025-10-09 03:30:00+00:00,0.03447,0.03688,0.03298,0.03598,150916015.0
2025-10-09 03:45:00+00:00,0.036,0.03688,0.03506,0.03618,85069401.0
2025-10-09 04:00:00+00:00,0.03618,0.0369,0.0352,0.03569,72569287.0
2025-10-09 04:15:00+00:00,0.03567,0.03612,0.03447,0.03483,59591152.0
2025-10-09 04:30:00+00:00,0.03484,0.03486,0.02852,0.02865,205665800.0
2025-10-09 04:45:00+00:00,0.02866,0.03028,0.02725,0.02915,134477765.0
2025-10-09 05:00:00+00:00,0.02914,0.03085,0.02809,0.02838,105643980.0
2025-10-09 05:15:00+00:00,0.0284,0.02945,0.02713,0.02915,85916927.0
2025-10-09 05:30:00+00:00,0.02915,0.03,0.0291,0.03,30017868.0
2025-10-09 05:45:00+00:00,0.03,0.0303,0.02927,0.0298,29324887.0
2025-10-09 06:00:00+00:00,0.0298,0.03017,0.02977,0.03014,18047673.0
2025-10-09 06:15:00+00:00,0.03014,0.0305,0.03,0.03037,23003325.0
2025-10-09 06:30:00+00:00,0.03037,0.03122,0.03003,0.03104,26266652.0
2025-10-09 06:45:00+00:00,0.03103,0.03166,0.0305,0.03162,37221916.0
2025-10-09 07:00:00+00:00,0.03161,0.03473,0.03143,0.03436,115264346.0
2025-10-09 07:15:00+00:00,0.03433,0.0357,0.03422,0.03561,74117077.0
2025-10-09 07:30:00+00:00,0.03559,0.03599,0.03463,0.03583,93838217.0
2025-10-09 07:45:00+00:00,0.03585,0.0398,0.03576,0.03933,173445023.0
2025-10-09 08:00:00+00:00,0.03933,0.04187,0.03711,0.04058,310380120.0
2025-10-09 08:15:00+00:00,0.04058,0.04086,0.03511,0.03543,257116634.0
2025-10-09 08:30:00+00:00,0.03542,0.03845,0.03422,0.03713,196748353.0
2025-10-09 08:45:00+00:00,0.03715,0.0385,0.0358,0.03803,124966745.0
2025-10-09 09:00:00+00:00,0.03805,0.03863,0.0366,0.03729,116806212.0
2025-10-09 09:15:00+00:00,0.03731,0.03816,0.03727,0.03781,74488789.0
2025-10-09 09:30:00+00:00,0.03783,0.03999,0.0377,0.03954,126739443.0
2025-10-09 09:45:00+00:00,0.03956,0.04163,0.03748,0.04113,213781916.0
2025-10-09 10:00:00+00:00,0.04113,0.04288,0.03919,0.04049,227726351.0
2025-10-09 10:15:00+00:00,0.04052,0.0414,0.03908,0.04019,114707048.0
2025-10-09 10:30:00+00:00,0.04021,0.04049,0.03625,0.03731,226898150.0
2025-10-09 10:45:00+00:00,0.03731,0.03761,0.03225,0.03468,357135201.0
2025-10-09 11:00:00+00:00,0.03468,0.03535,0.03408,0.03486,136145949.0
2025-10-09 11:15:00+00:00,0.03487,0.0366,0.02816,0.03004,465723533.0
2025-10-09 11:30:00+00:00,0.03001,0.03015,0.02873,0.02967,101478176.0
2025-10-09 11:45:00+00:00,0.02967,0.03036,0.02854,0.02937,89924999.0
2025-10-09 12:00:00+00:00,0.02936,0.0296,0.0289,0.02909,60251934.0
2025-10-09 12:15:00+00:00,0.02909,0.02952,0.02748,0.02822,103221288.0
2025-10-09 12:30:00+00:00,0.02821,0.02873,0.0276,0.02812,56933562.0
2025-10-09 12:45:00+00:00,0.0281,0.02837,0.02629,0.02688,139263023.0
2025-10-09 13:00:00+00:00,0.02688,0.0273,0.02676,0.02705,51818557.0
2025-10-09 13:15:00+00:00,0.02705,0.02725,0.0265,0.02706,82029453.0
2025-10-09 13:30:00+00:00,0.02705,0.02731,0.0263,0.02704,48395026.0
2025-10-09 13:45:00+00:00,0.02704,0.02741,0.02531,0.02538,112560760.0
2025-10-09 14:00:00+00:00,0.0254,0.02598,0.02413,0.0247,69337261.0
2025-10-09 14:15:00+00:00,0.02468,0.02574,0.02461,0.02487,51278943.0
2025-10-09 14:30:00+00:00,0.02486,0.02541,0.02477,0.02497,27228927.0
2025-10-09 14:45:00+00:00,0.02497,0.02583,0.02425,0.02519,47631032.0
2025-10-09 15:00:00+00:00,0.02519,0.02554,0.02463,0.02468,36242532.0
2025-10-09 15:15:00+00:00,0.0247,0.02481,0.02275,0.02361,122452331.0
2025-10-09 15:30:00+00:00,0.0236,0.02409,0.02352,0.02395,27834270.0
2025-10-09 15:45:00+00:00,0.02394,0.02431,0.02361,0.02381,19113428.0
2025-10-09 16:00:00+00:00,0.02381,0.02453,0.02354,0.02383,33023477.0
2025-10-09 16:15:00+00:00,0.02381,0.02399,0.02339,0.02396,20819529.0
2025-10-09 16:30:00+00:00,0.02395,0.02405,0.02362,0.02376,12175363.0
2025-10-09 16:45:00+00:00,0.02376,0.02415,0.02374,0.02375,12097000.0
2025-10-09 17:00:00+00:00,0.02375,0.02446,0.02352,0.02424,19039684.0
2025-10-09 17:15:00+00:00,0.02424,0.02474,0.02405,0.02409,24660620.0
2025-10-09 17:30:00+00:00,0.0241,0.02435,0.02395,0.02412,11802028.0
2025-10-09 17:45:00+00:00,0.02413,0.02446,0.024,0.0244,8117245.0
2025-10-09 18:00:00+00:00,0.0244,0.02461,0.0241,0.02448,11824268.0
2025-10-09 18:15:00+00:00,0.02448,0.02491,0.02448,0.02464,13564786.0
2025-10-09 18:30:00+00:00,0.02465,0.02476,0.02432,0.02449,7484974.0
2025-10-09 18:45:00+00:00,0.02447,0.02465,0.02435,0.02441,6616685.0
2025-10-09 19:00:00+00:00,0.02442,0.02481,0.02414,0.0247,11742190.0
2025-10-09 19:15:00+00:00,0.02469,0.02485,0.02447,0.02452,5510402.0
2025-10-09 19:30:00+00:00,0.02452,0.02499,0.02446,0.02494,6162074.0
2025-10-09 19:45:00+00:00,0.02494,0.02512,0.02479,0.02488,7399968.0
2025-10-09 20:00:00+00:00,0.02489,0.02508,0.02455,0.02466,9408270.0
2025-10-09 20:15:00+00:00,0.02464,0.02513,0.02463,0.02491,6479333.0
2025-10-09 20:30:00+00:00,0.02492,0.02532,0.02475,0.02524,8771882.0
2025-10-09 20:45:00+00:00,0.02524,0.02591,0.02496,0.02585,22321764.0
2025-10-09 21:00:00+00:00,0.02583,0.02586,0.02543,0.02568,20608031.0
2025-10-09 21:15:00+00:00,0.02568,0.02588,0.02555,0.02579,13904877.0
2025-10-09 21:30:00+00:00,0.0258,0.02587,0.02542,0.02579,10720867.0
2025-10-09 21:45:00+00:00,0.02578,0.02586,0.02554,0.0256,3522876.0
2025-10-09 22:00:00+00:00,0.0256,0.02581,0.02546,0.02566,4836443.0
2025-10-09 22:15:00+00:00,0.02567,0.02578,0.02549,0.02554,3497980.0
2025-10-09 22:30:00+00:00,0.02553,0.02564,0.02533,0.02547,3126109.0
2025-10-09 22:45:00+00:00,0.02548,0.02585,0.02547,0.02574,5427869.0
2025-10-09 23:00:00+00:00,0.02575,0.02578,0.02504,0.0254,11436901.0
2025-10-09 23:15:00+00:00,0.0254,0.02564,0.02533,0.02561,3221567.0
2025-10-09 23:30:00+00:00,0.02561,0.02569,0.02548,0.0255,2825464.0
2025-10-09 23:45:00+00:00,0.0255,0.02559,0.02535,0.02545,2862478.0
2025-10-10 00:00:00+00:00,0.02545,0.02564,0.0251,0.02522,9118233.0
2025-10-10 00:15:00+00:00,0.02522,0.0253,0.0249,0.02509,7395990.0
2025-10-10 00:30:00+00:00,0.02509,0.02516,0.02475,0.02511,10545232.0
2025-10-10 00:45:00+00:00,0.0251,0.02518,0.02479,0.02486,5914585.0
2025-10-10 01:00:00+00:00,0.02486,0.02503,0.02484,0.02497,5091831.0
2025-10-10 01:15:00+00:00,0.02498,0.02549,0.02488,0.02526,9786064.0
2025-10-10 01:30:00+00:00,0.02526,0.02529,0.02492,0.02518,4743686.0
2025-10-10 01:45:00+00:00,0.02518,0.02519,0.02503,0.02514,2546327.0
2025-10-10 02:00:00+00:00,0.02514,0.02517,0.02405,0.02456,32768297.0
2025-10-10 02:15:00+00:00,0.02457,0.02471,0.0241,0.0243,17226481.0
2025-10-10 02:30:00+00:00,0.02429,0.02466,0.02422,0.02457,7422929.0
2025-10-10 02:45:00+00:00,0.02456,0.02465,0.0245,0.02458,3547010.0
2025-10-10 03:00:00+00:00,0.02458,0.02462,0.02424,0.02431,7566397.0
2025-10-10 03:15:00+00:00,0.02431,0.02466,0.02412,0.02452,6734529.0
2025-10-10 03:30:00+00:00,0.02452,0.02472,0.0245,0.02453,4319943.0
2025-10-10 03:45:00+00:00,0.02454,0.02461,0.02427,0.02432,5382654.0
2025-10-10 04:00:00+00:00,0.02432,0.02466,0.02416,0.02459,7949108.0
2025-10-10 04:15:00+00:00,0.02459,0.02463,0.02432,0.02451,5773869.0
2025-10-10 04:30:00+00:00,0.02452,0.02465,0.02439,0.02459,10127401.0
2025-10-10 04:45:00+00:00,0.02459,0.02465,0.02425,0.02441,11731153.0
2025-10-10 05:00:00+00:00,0.02441,0.02465,0.02434,0.02454,12398248.0
2025-10-10 05:15:00+00:00,0.02453,0.02462,0.0245,0.02451,4363897.0
2025-10-10 05:30:00+00:00,0.0245,0.02462,0.02427,0.02454,9918143.0
2025-10-10 05:45:00+00:00,0.02454,0.02458,0.02452,0.02454,3940544.0
2025-10-10 06:00:00+00:00,0.02454,0.02472,0.0245,0.02452,11788715.0
2025-10-10 06:15:00+00:00,0.02451,0.0246,0.0245,0.02454,2899104.0
2025-10-10 06:30:00+00:00,0.02455,0.02458,0.02409,0.0244,11094203.0
2025-10-10 06:45:00+00:00,0.02441,0.02443,0.02367,0.02408,15864481.0
2025-10-10 07:00:00+00:00,0.02407,0.02419,0.02364,0.02376,12114089.0
2025-10-10 07:15:00+00:00,0.02377,0.02383,0.02346,0.02377,11881643.0
2025-10-10 07:30:00+00:00,0.02376,0.02461,0.02357,0.02424,13705659.0
2025-10-10 07:45:00+00:00,0.02424,0.02464,0.02416,0.0242,24517201.0
2025-10-10 08:00:00+00:00,0.0242,0.02434,0.02387,0.02427,13339404.0
2025-10-10 08:15:00+00:00,0.02427,0.02463,0.02418,0.02441,9423430.0
2025-10-10 08:30:00+00:00,0.02441,0.02443,0.02404,0.02426,6234309.0
2025-10-10 08:45:00+00:00,0.02426,0.02449,0.02405,0.02448,5811423.0
2025-10-10 09:00:00+00:00,0.02448,0.02482,0.02428,0.02455,15496973.0
2025-10-10 09:15:00+00:00,0.02455,0.02554,0.02444,0.02507,18916796.0
2025-10-10 09:30:00+00:00,0.02506,0.02522,0.02469,0.02512,15232998.0
2025-10-10 09:45:00+00:00,0.02512,0.0253,0.02485,0.02497,7906120.0
2025-10-10 10:00:00+00:00,0.02497,0.02525,0.02473,0.02505,11909991.0
2025-10-10 10:15:00+00:00,0.02504,0.02554,0.02478,0.02546,11184792.0
2025-10-10 10:30:00+00:00,0.02547,0.02547,0.02511,0.02517,9944351.0
2025-10-10 10:45:00+00:00,0.02517,0.02518,0.02421,0.02459,39312658.0
2025-10-10 11:00:00+00:00,0.02458,0.02484,0.02445,0.02464,16107711.0
2025-10-10 11:15:00+00:00,0.02463,0.02475,0.02457,0.02467,4182270.0
2025-10-10 11:30:00+00:00,0.02468,0.02469,0.02436,0.0246,6450485.0
2025-10-10 11:45:00+00:00,0.0246,0.0246,0.024,0.02412,26664127.0
2025-10-10 12:00:00+00:00,0.0241,0.02416,0.024,0.0241,10967596.0
2025-10-10 12:15:00+00:00,0.02409,0.02418,0.02401,0.02408,6892120.0
2025-10-10 12:30:00+00:00,0.02408,0.02415,0.024,0.02405,9017132.0
2025-10-10 12:45:00+00:00,0.02405,0.02413,0.0238,0.02409,21954840.0
2025-10-10 13:00:00+00:00,0.02408,0.02423,0.02391,0.02406,9446921.0
2025-10-10 13:15:00+00:00,0.02407,0.02409,0.02384,0.02403,11504288.0
2025-10-10 13:30:00+00:00,0.02403,0.02416,0.02392,0.02404,6407306.0
2025-10-10 13:45:00+00:00,0.02404,0.0241,0.02345,0.02355,12808242.0
2025-10-10 14:00:00+00:00,0.02358,0.02388,0.02348,0.02378,8608535.0
2025-10-10 14:15:00+00:00,0.02378,0.02386,0.02356,0.0236,6940822.0
2025-10-10 14:30:00+00:00,0.0236,0.02375,0.02356,0.0237,3608159.0
2025-10-10 14:45:00+00:00,0.0237,0.02385,0.02304,0.02323,15875713.0
2025-10-10 15:00:00+00:00,0.02322,0.02326,0.0225,0.02262,23350538.0
2025-10-10 15:15:00+00:00,0.02262,0.02281,0.02201,0.02211,26731251.0
2025-10-10 15:30:00+00:00,0.02209,0.02253,0.0215,0.02246,42469791.0
2025-10-10 15:45:00+00:00,0.02245,0.02247,0.02209,0.02217,9536329.0
2025-10-10 16:00:00+00:00,0.02217,0.02243,0.02204,0.02235,11233451.0
2025-10-10 16:15:00+00:00,0.02235,0.02253,0.02224,0.02237,6039613.0
2025-10-10 16:30:00+00:00,0.02237,0.0227,0.02237,0.02253,6091187.0
2025-10-10 16:45:00+00:00,0.02255,0.02266,0.02233,0.02261,4806130.0
2025-10-10 17:00:00+00:00,0.02262,0.02283,0.02252,0.02254,5385848.0
2025-10-10 17:15:00+00:00,0.02254,0.02259,0.0224,0.02251,3174976.0
2025-10-10 17:30:00+00:00,0.02252,0.02255,0.02213,0.02227,6599856.0
2025-10-10 17:45:00+00:00,0.02227,0.02229,0.02206,0.02212,5159347.0
2025-10-10 18:00:00+00:00,0.02211,0.02219,0.02203,0.02215,3890921.0
2025-10-10 18:15:00+00:00,0.02215,0.02223,0.02206,0.0221,3761684.0
2025-10-10 18:30:00+00:00,0.02212,0.02233,0.02207,0.02214,5259128.0
2025-10-10 18:45:00+00:00,0.02214,0.02243,0.02205,0.02233,5500713.0
2025-10-10 19:00:00+00:00,0.02233,0.02239,0.02205,0.02211,4838214.0
2025-10-10 19:15:00+00:00,0.02211,0.02219,0.02166,0.02169,15206937.0
2025-10-10 19:30:00+00:00,0.02169,0.02198,0.02166,0.02193,9093061.0
2025-10-10 19:45:00+00:00,0.02194,0.02218,0.02184,0.02207,4682197.0
2025-10-10 20:00:00+00:00,0.02207,0.02232,0.022,0.02213,6906324.0
2025-10-10 20:15:00+00:00,0.02214,0.02229,0.0221,0.02225,2595268.0
2025-10-10 20:30:00+00:00,0.02226,0.02233,0.02207,0.02212,4855207.0
2025-10-10 20:45:00+00:00,0.02212,0.02216,0.0198,0.02064,57822936.0
2025-10-10 21:00:00+00:00,0.02061,0.02131,0.01818,0.0186,63741633.0
2025-10-10 21:15:00+00:00,0.01863,0.01968,0.01216,0.01668,80414252.0
2025-10-10 21:30:00+00:00,0.01622,0.02291,0.01375,0.01692,46517287.0
2025-10-10 21:45:00+00:00,0.01692,0.01928,0.01628,0.01684,33155015.0
2025-10-10 22:00:00+00:00,0.01691,0.01915,0.014,0.01657,79735257.0
2025-10-10 22:15:00+00:00,0.01661,0.01741,0.01509,0.01552,110541971.0
2025-10-10 22:30:00+00:00,0.01553,0.01741,0.0154,0.01682,19937871.0
2025-10-10 22:45:00+00:00,0.01674,0.01751,0.01618,0.01687,26635927.0
2025-10-10 23:00:00+00:00,0.01693,0.0178,0.01657,0.01664,12573750.0
2025-10-10 23:15:00+00:00,0.01664,0.01755,0.01652,0.01696,20120885.0
2025-10-10 23:30:00+00:00,0.01696,0.01855,0.01683,0.01703,16195796.0
2025-10-10 23:45:00+00:00,0.01707,0.01896,0.01656,0.01717,32049605.0
2025-10-11 00:00:00+00:00,0.01714,0.01791,0.01678,0.01716,10184307.0
2025-10-11 00:15:00+00:00,0.01716,0.0172,0.01585,0.01691,22916471.0
2025-10-11 00:30:00+00:00,0.01694,0.01793,0.01682,0.01743,11731933.0
2025-10-11 00:45:00+00:00,0.01746,0.01894,0.01732,0.01854,39876252.0
2025-10-11 01:00:00+00:00,0.0186,0.01868,0.01757,0.01776,26398545.0
2025-10-11 01:15:00+00:00,0.01776,0.01794,0.01744,0.01789,12620124.0
2025-10-11 01:30:00+00:00,0.01791,0.01817,0.01693,0.01695,30568286.0
2025-10-11 01:45:00+00:00,0.01693,0.01701,0.01643,0.01679,28423959.0
2025-10-11 02:00:00+00:00,0.01679,0.0173,0.01668,0.01725,38136505.0
2025-10-11 02:15:00+00:00,0.01727,0.01758,0.01692,0.01743,29911544.0
2025-10-11 02:30:00+00:00,0.01743,0.01825,0.01718,0.01816,69713129.0
2025-10-11 02:45:00+00:00,0.01818,0.0193,0.01747,0.01773,62767896.0
2025-10-11 03:00:00+00:00,0.01774,0.01803,0.0171,0.01754,19763386.0
2025-10-11 03:15:00+00:00,0.01752,0.01765,0.0172,0.01763,10707370.0
2025-10-11 03:30:00+00:00,0.01761,0.01788,0.01752,0.01761,7839228.0
2025-10-11 03:45:00+00:00,0.01762,0.01787,0.01753,0.01776,6955379.0
2025-10-11 04:00:00+00:00,0.01775,0.0179,0.01747,0.01786,7262453.0
2025-10-11 04:15:00+00:00,0.01785,0.0184,0.01785,0.0184,5482433.0
2025-10-11 04:30:00+00:00,0.01838,0.01842,0.01792,0.01815,7964474.0
2025-10-11 04:45:00+00:00,0.01815,0.01856,0.01813,0.01853,7915773.0
2025-10-11 05:00:00+00:00,0.01852,0.01857,0.0182,0.01857,7211086.0
2025-10-11 05:15:00+00:00,0.01855,0.01867,0.01772,0.01792,13316800.0
2025-10-11 05:30:00+00:00,0.01794,0.01817,0.01785,0.01802,6668290.0
2025-10-11 05:45:00+00:00,0.01803,0.01825,0.01796,0.01798,3087934.0
2025-10-11 06:00:00+00:00,0.018,0.01815,0.01782,0.01801,5657470.0
2025-10-11 06:15:00+00:00,0.01801,0.01804,0.01772,0.01789,5536943.0
2025-10-11 06:30:00+00:00,0.01789,0.01824,0.01789,0.01821,7190146.0
2025-10-11 06:45:00+00:00,0.01821,0.01827,0.01719,0.01741,14319245.0
2025-10-11 07:00:00+00:00,0.01743,0.01801,0.0174,0.01779,8628156.0
2025-10-11 07:15:00+00:00,0.01779,0.01792,0.01752,0.01768,4816558.0
2025-10-11 07:30:00+00:00,0.01766,0.01814,0.01765,0.01794,5743760.0
2025-10-11 07:45:00+00:00,0.01793,0.01807,0.0178,0.01798,4385252.0
2025-10-11 08:00:00+00:00,0.01798,0.01802,0.01747,0.0177,4118514.0
2025-10-11 08:15:00+00:00,0.01771,0.01814,0.01766,0.01788,5792141.0
2025-10-11 08:30:00+00:00,0.01788,0.01809,0.01764,0.01792,4872354.0
2025-10-11 08:45:00+00:00,0.01793,0.01826,0.01792,0.01815,5016637.0
2025-10-11 09:00:00+00:00,0.01814,0.01834,0.01805,0.01825,4836149.0
2025-10-11 09:15:00+00:00,0.01824,0.01836,0.01811,0.01828,4120328.0
2025-10-11 09:30:00+00:00,0.01828,0.01828,0.0179,0.01807,5628845.0
2025-10-11 09:45:00+00:00,0.01806,0.0182,0.0177,0.01787,5572702.0
2025-10-11 10:00:00+00:00,0.01788,0.01811,0.01787,0.01801,3588728.0
2025-10-11 10:15:00+00:00,0.018,0.01828,0.01798,0.01815,3678970.0
2025-10-11 10:30:00+00:00,0.01816,0.01819,0.01766,0.01785,6967235.0
2025-10-11 10:45:00+00:00,0.01784,0.01811,0.0178,0.01809,3831721.0
2025-10-11 11:00:00+00:00,0.01807,0.0183,0.01786,0.01794,7420603.0
2025-10-11 11:15:00+00:00,0.01794,0.01818,0.01772,0.0181,6770858.0
2025-10-11 11:30:00+00:00,0.01811,0.01812,0.01787,0.01798,2838353.0
2025-10-11 11:45:00+00:00,0.01797,0.01813,0.01791,0.01798,2925809.0
2025-10-11 12:00:00+00:00,0.01798,0.01834,0.01795,0.01814,9030996.0
2025-10-11 12:15:00+00:00,0.01814,0.01829,0.01782,0.01793,5194533.0
2025-10-11 12:30:00+00:00,0.01794,0.01807,0.0177,0.01795,6510174.0
2025-10-11 12:45:00+00:00,0.01795,0.01799,0.01766,0.01794,3896857.0
2025-10-11 13:00:00+00:00,0.01793,0.01811,0.01773,0.01793,5767177.0
2025-10-11 13:15:00+00:00,0.01793,0.01798,0.0177,0.01776,3073951.0
2025-10-11 13:30:00+00:00,0.01774,0.01784,0.01746,0.01773,7429778.0
2025-10-11 13:45:00+00:00,0.01775,0.01793,0.01769,0.01776,6232370.0
2025-10-11 14:00:00+00:00,0.01775,0.01779,0.01735,0.01763,8379973.0
2025-10-11 14:15:00+00:00,0.01763,0.01763,0.01722,0.01734,9415172.0
2025-10-11 14:30:00+00:00,0.01734,0.01753,0.0171,0.0172,9306185.0
2025-10-11 14:45:00+00:00,0.01722,0.01747,0.01715,0.01741,8732042.0
2025-10-11 15:00:00+00:00,0.01743,0.01766,0.01733,0.01758,7418631.0
2025-10-11 15:15:00+00:00,0.01759,0.01852,0.01757,0.01786,25509784.0
2025-10-11 15:30:00+00:00,0.01788,0.01798,0.0177,0.0177,6081086.0
2025-10-11 15:45:00+00:00,0.01771,0.01784,0.01755,0.01759,4044461.0
2025-10-11 16:00:00+00:00,0.01759,0.01779,0.0175,0.01773,2780873.0
2025-10-11 16:15:00+00:00,0.01772,0.0179,0.01769,0.01782,2556795.0
2025-10-11 16:30:00+00:00,0.01782,0.01791,0.01756,0.0178,3424605.0
2025-10-11 16:45:00+00:00,0.01779,0.01793,0.01771,0.01793,3440981.0
2025-10-11 17:00:00+00:00,0.01791,0.01867,0.01791,0.01863,14449293.0
2025-10-11 17:15:00+00:00,0.01863,0.019,0.01856,0.01895,10278542.0
2025-10-11 17:30:00+00:00,0.01896,0.01896,0.01827,0.01871,14230077.0
2025-10-11 17:45:00+00:00,0.0187,0.01879,0.01848,0.01875,4155504.0
2025-10-11 18:00:00+00:00,0.01875,0.01877,0.01851,0.01871,4348682.0
2025-10-11 18:15:00+00:00,0.0187,0.01877,0.0185,0.01862,3311624.0
2025-10-11 18:30:00+00:00,0.01862,0.01886,0.01858,0.01872,3802482.0
2025-10-11 18:45:00+00:00,0.01872,0.01883,0.01857,0.01872,6088352.0
2025-10-11 19:00:00+00:00,0.01871,0.01871,0.01826,0.01834,5133727.0
2025-10-11 19:15:00+00:00,0.01833,0.01834,0.01792,0.01818,9042836.0
2025-10-11 19:30:00+00:00,0.01819,0.01986,0.01814,0.01892,32323110.0
2025-10-11 19:45:00+00:00,0.01893,0.01918,0.01827,0.0187,18882656.0
2025-10-11 20:00:00+00:00,0.0187,0.0187,0.01805,0.01815,7996903.0
2025-10-11 20:15:00+00:00,0.01816,0.01825,0.01803,0.0181,2849507.0
2025-10-11 20:30:00+00:00,0.01812,0.01813,0.01753,0.0178,10799549.0
2025-10-11 20:45:00+00:00,0.0178,0.01808,0.0176,0.01771,6996088.0
2025-10-11 21:00:00+00:00,0.01772,0.01854,0.01769,0.01803,16094010.0
2025-10-11 21:15:00+00:00,0.01805,0.01868,0.01799,0.01849,8048816.0
2025-10-11 21:30:00+00:00,0.01851,0.01863,0.01806,0.01823,9064087.0
2025-10-11 21:45:00+00:00,0.01824,0.01846,0.0182,0.01835,2032929.0
2025-10-11 22:00:00+00:00,0.01835,0.01835,0.01789,0.01807,5816261.0
2025-10-11 22:15:00+00:00,0.0181,0.01822,0.01798,0.01813,2987167.0
2025-10-11 22:30:00+00:00,0.01813,0.01822,0.01796,0.01804,2906992.0
2025-10-11 22:45:00+00:00,0.01804,0.01817,0.01801,0.01806,2667609.0
2025-10-11 23:00:00+00:00,0.01806,0.01816,0.01788,0.01805,2994369.0
2025-10-11 23:15:00+00:00,0.01805,0.01825,0.018,0.0181,2772391.0
2025-10-11 23:30:00+00:00,0.01809,0.01811,0.0179,0.01801,1246119.0
2025-10-11 23:45:00+00:00,0.01801,0.01809,0.0179,0.01798,1769546.0
2025-10-12 00:00:00+00:00,0.01798,0.01842,0.01797,0.01839,7461775.0
2025-10-12 00:15:00+00:00,0.01833,0.01833,0.01783,0.0179,4426075.0
2025-10-12 00:30:00+00:00,0.01791,0.01813,0.01775,0.01779,2776825.0
2025-10-12 00:45:00+00:00,0.01781,0.0179,0.01759,0.01774,2503935.0
2025-10-12 01:00:00+00:00,0.01774,0.01815,0.0177,0.01778,4960962.0
2025-10-12 01:15:00+00:00,0.01778,0.01795,0.01769,0.01773,2237129.0
2025-10-12 01:30:00+00:00,0.01774,0.01797,0.01773,0.01789,4462296.0
2025-10-12 01:45:00+00:00,0.01788,0.01795,0.01761,0.0177,3073153.0
2025-10-12 02:00:00+00:00,0.0177,0.01774,0.01712,0.01755,11188806.0
2025-10-12 02:15:00+00:00,0.01754,0.01789,0.01749,0.01789,5039119.0
2025-10-12 02:30:00+00:00,0.01788,0.01799,0.01758,0.01775,5115496.0
2025-10-12 02:45:00+00:00,0.01774,0.01779,0.01744,0.01752,4620979.0
2025-10-12 03:00:00+00:00,0.01753,0.01795,0.0175,0.01773,5636065.0
2025-10-12 03:15:00+00:00,0.01773,0.01805,0.01762,0.01798,4317891.0
2025-10-12 03:30:00+00:00,0.01797,0.01837,0.01797,0.01829,4916765.0
2025-10-12 03:45:00+00:00,0.01827,0.01829,0.01781,0.01823,6921579.0
2025-10-12 04:00:00+00:00,0.01823,0.0183,0.01814,0.01828,2590769.0
2025-10-12 04:15:00+00:00,0.01829,0.01854,0.01829,0.0184,2214634.0
2025-10-12 04:30:00+00:00,0.01841,0.0185,0.01829,0.01842,5945913.0
2025-10-12 04:45:00+00:00,0.01842,0.0185,0.01829,0.01835,4571254.0
2025-10-12 05:00:00+00:00,0.01835,0.01847,0.01813,0.01841,5548511.0
2025-10-12 05:15:00+00:00,0.01839,0.01845,0.01827,0.01839,1950935.0
2025-10-12 05:30:00+00:00,0.01839,0.01855,0.01834,0.0185,1517651.0
2025-10-12 05:45:00+00:00,0.01851,0.01878,0.01836,0.01837,4556787.0
2025-10-12 06:00:00+00:00,0.01837,0.01856,0.01826,0.0185,4216499.0
2025-10-12 06:15:00+00:00,0.01848,0.01852,0.01838,0.01841,1645534.0
2025-10-12 06:30:00+00:00,0.01841,0.01844,0.01827,0.01844,1415982.0
2025-10-12 06:45:00+00:00,0.01843,0.01972,0.01833,0.01885,9047710.0
2025-10-12 07:00:00+00:00,0.01885,0.01885,0.01845,0.01846,8210013.0
2025-10-12 07:15:00+00:00,0.01847,0.01854,0.01827,0.01832,3298098.0
2025-10-12 07:30:00+00:00,0.01832,0.01849,0.01816,0.01827,3469034.0
2025-10-12 07:45:00+00:00,0.01829,0.01855,0.01819,0.01842,6041949.0
2025-10-12 08:00:00+00:00,0.0184,0.01869,0.01824,0.01852,5329507.0
2025-10-12 08:15:00+00:00,0.0185,0.01857,0.01835,0.01844,2548841.0
2025-10-12 08:30:00+00:00,0.01843,0.01857,0.01832,0.01847,3464942.0
2025-10-12 08:45:00+00:00,0.01848,0.01851,0.01835,0.01838,1994602.0
2025-10-12 09:00:00+00:00,0.01837,0.01855,0.01816,0.01822,4126805.0
2025-10-12 09:15:00+00:00,0.01822,0.01837,0.01816,0.01833,1913896.0
2025-10-12 09:30:00+00:00,0.01832,0.01859,0.01831,0.01857,3224419.0
2025-10-12 09:45:00+00:00,0.01855,0.01979,0.01855,0.01916,9177266.0
2025-10-12 10:00:00+00:00,0.01918,0.01923,0.01885,0.01909,9148832.0
2025-10-12 10:15:00+00:00,0.01909,0.01932,0.019,0.01926,3714970.0
2025-10-12 10:30:00+00:00,0.01929,0.01929,0.01881,0.01895,5610155.0
2025-10-12 10:45:00+00:00,0.01894,0.01964,0.01892,0.01924,6624396.0
2025-10-12 11:00:00+00:00,0.01923,0.01927,0.01895,0.0192,4002075.0
2025-10-12 11:15:00+00:00,0.0192,0.01941,0.01892,0.01924,5968597.0
2025-10-12 11:30:00+00:00,0.01923,0.01927,0.01883,0.01893,6157538.0
2025-10-12 11:45:00+00:00,0.01892,0.01922,0.01852,0.01888,15574025.0
2025-10-12 12:00:00+00:00,0.01888,0.01973,0.01874,0.01964,23613299.0
2025-10-12 12:15:00+00:00,0.01963,0.01964,0.01924,0.01932,7542974.0
2025-10-12 12:30:00+00:00,0.01934,0.01953,0.01887,0.01898,11709520.0
2025-10-12 12:45:00+00:00,0.01897,0.01902,0.0188,0.01886,5405662.0
2025-10-12 13:00:00+00:00,0.01886,0.01903,0.01881,0.0189,3849526.0
2025-10-12 13:15:00+00:00,0.0189,0.01906,0.0187,0.01888,5903386.0
2025-10-12 13:30:00+00:00,0.01888,0.0189,0.01858,0.01865,4604337.0
2025-10-12 13:45:00+00:00,0.01865,0.01879,0.01851,0.01871,3407299.0
2025-10-12 14:00:00+00:00,0.01871,0.01898,0.01866,0.0189,4723165.0
2025-10-12 14:15:00+00:00,0.0189,0.01891,0.01872,0.01883,1592273.0
2025-10-12 14:30:00+00:00,0.01881,0.01892,0.01867,0.01881,3598259.0
2025-10-12 14:45:00+00:00,0.01882,0.01968,0.01879,0.01931,18980065.0
2025-10-12 15:00:00+00:00,0.01931,0.01961,0.01915,0.01946,7258846.0
2025-10-12 15:15:00+00:00,0.01945,0.01951,0.01912,0.0194,6881404.0
2025-10-12 15:30:00+00:00,0.01939,0.01942,0.01902,0.01909,4618943.0
2025-10-12 15:45:00+00:00,0.01909,0.01947,0.01907,0.01921,4370364.0
2025-10-12 16:00:00+00:00,0.01919,0.01952,0.01884,0.01904,8215867.0
2025-10-12 16:15:00+00:00,0.01907,0.01918,0.01866,0.01875,6887945.0
2025-10-12 16:30:00+00:00,0.01875,0.01894,0.01861,0.01881,4260322.0
2025-10-12 16:45:00+00:00,0.01881,0.01928,0.01878,0.01889,6226960.0
2025-10-12 17:00:00+00:00,0.01889,0.01918,0.01876,0.01912,4314917.0
2025-10-12 17:15:00+00:00,0.0191,0.01915,0.01895,0.01903,2841343.0
2025-10-12 17:30:00+00:00,0.01905,0.01911,0.01885,0.01905,2559343.0
2025-10-12 17:45:00+00:00,0.01904,0.01924,0.01897,0.0191,1948066.0
2025-10-12 18:00:00+00:00,0.01911,0.01917,0.01891,0.01897,2581449.0
2025-10-12 18:15:00+00:00,0.01896,0.01921,0.01877,0.01899,3372643.0
2025-10-12 18:30:00+00:00,0.01897,0.01916,0.0189,0.01894,1784541.0
2025-10-12 18:45:00+00:00,0.01893,0.01915,0.01888,0.01907,1880351.0
2025-10-12 19:00:00+00:00,0.01909,0.01925,0.01907,0.01922,1985636.0
2025-10-12 19:15:00+00:00,0.01921,0.01938,0.01897,0.01909,2828424.0
2025-10-12 19:30:00+00:00,0.01907,0.01919,0.01899,0.01915,1592745.0
2025-10-12 19:45:00+00:00,0.01914,0.01928,0.01911,0.01913,1262009.0
2025-10-12 20:00:00+00:00,0.01912,0.01919,0.01903,0.01909,2133711.0
2025-10-12 20:15:00+00:00,0.01909,0.01929,0.01906,0.01925,1329947.0
2025-10-12 20:30:00+00:00,0.01927,0.01936,0.0191,0.01921,2107013.0
2025-10-12 20:45:00+00:00,0.0192,0.01946,0.01908,0.01924,4772417.0
2025-10-12 21:00:00+00:00,0.01921,0.0193,0.01908,0.01923,3504977.0
2025-10-12 21:15:00+00:00,0.01922,0.01929,0.01882,0.01898,4393768.0
2025-10-12 21:30:00+00:00,0.01897,0.01906,0.01861,0.01891,4905164.0
2025-10-12 21:45:00+00:00,0.0189,0.01924,0.0189,0.01922,2276770.0
2025-10-12 22:00:00+00:00,0.01923,0.01939,0.01895,0.01907,3102564.0
2025-10-12 22:15:00+00:00,0.01907,0.01918,0.01896,0.01909,1552543.0
2025-10-12 22:30:00+00:00,0.0191,0.01946,0.019,0.01916,6342276.0
2025-10-12 22:45:00+00:00,0.01916,0.01936,0.01909,0.01925,1724942.0
2025-10-12 23:00:00+00:00,0.01925,0.01931,0.01905,0.01917,1172068.0
2025-10-12 23:15:00+00:00,0.01917,0.01936,0.01905,0.01935,1999025.0
2025-10-12 23:30:00+00:00,0.01935,0.01949,0.01923,0.01929,1531020.0
2025-10-12 23:45:00+00:00,0.01929,0.01944,0.01926,0.01938,1833518.0
2025-10-13 00:00:00+00:00,0.01938,0.01957,0.01931,0.01949,2072514.0
2025-10-13 00:15:00+00:00,0.0195,0.01957,0.01939,0.01948,1571129.0
2025-10-13 00:30:00+00:00,0.01947,0.01947,0.01915,0.01919,3015987.0
2025-10-13 00:45:00+00:00,0.01919,0.01952,0.01919,0.01928,2166213.0
2025-10-13 01:00:00+00:00,0.01929,0.01938,0.01895,0.01909,3583717.0
2025-10-13 01:15:00+00:00,0.01907,0.01921,0.01899,0.01911,2272403.0
2025-10-13 01:30:00+00:00,0.0191,0.01957,0.0191,0.01932,4214731.0
2025-10-13 01:45:00+00:00,0.01932,0.01967,0.01924,0.01967,3470590.0
2025-10-13 02:00:00+00:00,0.01965,0.01992,0.01939,0.01978,6386803.0
2025-10-13 02:15:00+00:00,0.01979,0.01999,0.01972,0.01982,2947316.0
2025-10-13 02:30:00+00:00,0.0198,0.0198,0.01958,0.0197,2123595.0
2025-10-13 02:45:00+00:00,0.01971,0.0198,0.01959,0.0197,2352552.0
2025-10-13 03:00:00+00:00,0.0197,0.02064,0.01965,0.02024,6164017.0
2025-10-13 03:15:00+00:00,0.02024,0.02029,0.01966,0.02016,6572543.0
2025-10-13 03:30:00+00:00,0.02014,0.02029,0.01992,0.0201,3749486.0
2025-10-13 03:45:00+00:00,0.02009,0.0201,0.01975,0.0198,2387616.0
2025-10-13 04:00:00+00:00,0.0198,0.02003,0.01963,0.01981,4355477.0
2025-10-13 04:15:00+00:00,0.01982,0.02004,0.01964,0.01992,3460763.0
2025-10-13 04:30:00+00:00,0.01992,0.02011,0.01987,0.02001,1682584.0
2025-10-13 04:45:00+00:00,0.02002,0.0201,0.01984,0.0201,1506997.0
2025-10-13 05:00:00+00:00,0.02009,0.02015,0.01992,0.02004,1786939.0
2025-10-13 05:15:00+00:00,0.02004,0.02008,0.01987,0.02,1408102.0
2025-10-13 05:30:00+00:00,0.02001,0.02003,0.01976,0.01978,1923361.0
2025-10-13 05:45:00+00:00,0.01979,0.02005,0.01979,0.01991,2579803.0
2025-10-13 06:00:00+00:00,0.0199,0.02036,0.01984,0.02032,3971316.0
2025-10-13 06:15:00+00:00,0.02032,0.02042,0.02006,0.02041,2289938.0
2025-10-13 06:30:00+00:00,0.02042,0.02063,0.02036,0.0204,2117323.0
2025-10-13 06:45:00+00:00,0.02039,0.02074,0.02027,0.02056,4649781.0
2025-10-13 07:00:00+00:00,0.02056,0.02062,0.02025,0.02042,4492189.0
2025-10-13 07:15:00+00:00,0.02042,0.02046,0.02026,0.02033,2000442.0
2025-10-13 07:30:00+00:00,0.02033,0.02102,0.02025,0.02045,6735108.0
2025-10-13 07:45:00+00:00,0.02046,0.02048,0.02001,0.02025,5028537.0
2025-10-13 08:00:00+00:00,0.02026,0.02066,0.01993,0.02053,5426286.0
2025-10-13 08:15:00+00:00,0.02053,0.02068,0.02036,0.02052,3417511.0
2025-10-13 08:30:00+00:00,0.02052,0.02098,0.02048,0.02088,3349715.0
2025-10-13 08:45:00+00:00,0.02088,0.02092,0.02065,0.0208,1854123.0
2025-10-13 09:00:00+00:00,0.0208,0.022,0.02076,0.0212,21153776.0
2025-10-13 09:15:00+00:00,0.02122,0.02141,0.02083,0.02113,9417869.0
2025-10-13 09:30:00+00:00,0.02116,0.0213,0.02083,0.02092,4328616.0
2025-10-13 09:45:00+00:00,0.02093,0.02121,0.02045,0.02064,5908510.0
2025-10-13 10:00:00+00:00,0.02064,0.02072,0.0203,0.02046,7698078.0
2025-10-13 10:15:00+00:00,0.02046,0.02048,0.02022,0.02025,4683914.0
2025-10-13 10:30:00+00:00,0.02024,0.02036,0.02002,0.0203,4304904.0
2025-10-13 10:45:00+00:00,0.02028,0.02041,0.02013,0.02025,1982106.0
2025-10-13 11:00:00+00:00,0.02025,0.02028,0.0195,0.02009,11635538.0
2025-10-13 11:15:00+00:00,0.02007,0.02007,0.01881,0.01912,11636759.0
2025-10-13 11:30:00+00:00,0.01918,0.01992,0.01903,0.01963,8891391.0
2025-10-13 11:45:00+00:00,0.01962,0.01969,0.01942,0.01949,2921594.0
2025-10-13 12:00:00+00:00,0.01949,0.01993,0.01902,0.01959,6763857.0
2025-10-13 12:15:00+00:00,0.01959,0.01959,0.0193,0.0194,3691910.0
2025-10-13 12:30:00+00:00,0.01939,0.01973,0.01937,0.01959,3876527.0
2025-10-13 12:45:00+00:00,0.01959,0.01967,0.0193,0.01936,3521253.0
2025-10-13 13:00:00+00:00,0.01937,0.01958,0.0193,0.01945,2456557.0
2025-10-13 13:15:00+00:00,0.01945,0.01951,0.01925,0.01933,1662909.0
2025-10-13 13:30:00+00:00,0.01935,0.02004,0.01918,0.01954,8105903.0
2025-10-13 13:45:00+00:00,0.01955,0.02,0.01928,0.01965,5687860.0
2025-10-13 14:00:00+00:00,0.01966,0.01969,0.01935,0.01954,3551033.0
2025-10-13 14:15:00+00:00,0.01952,0.01959,0.01904,0.01922,3278620.0
2025-10-13 14:30:00+00:00,0.01922,0.01949,0.01891,0.01933,5492001.0
2025-10-13 14:45:00+00:00,0.01932,0.01937,0.01873,0.01909,5794745.0
2025-10-13 15:00:00+00:00,0.01908,0.01934,0.01879,0.01925,4853931.0
2025-10-13 15:15:00+00:00,0.01923,0.01938,0.01911,0.0192,2114406.0
2025-10-13 15:30:00+00:00,0.0192,0.01942,0.01919,0.01931,1763162.0
2025-10-13 15:45:00+00:00,0.01931,0.0195,0.01919,0.01928,2412843.0
2025-10-13 16:00:00+00:00,0.01926,0.01936,0.01911,0.01914,2561872.0
2025-10-13 16:15:00+00:00,0.01914,0.0193,0.01886,0.01913,5544821.0
2025-10-13 16:30:00+00:00,0.01912,0.01943,0.01904,0.01909,4582056.0
2025-10-13 16:45:00+00:00,0.0191,0.01938,0.01907,0.01933,2408111.0
2025-10-13 17:00:00+00:00,0.01931,0.01954,0.01925,0.01936,5518429.0
2025-10-13 17:15:00+00:00,0.01937,0.01966,0.01921,0.01941,2822404.0
2025-10-13 17:30:00+00:00,0.0194,0.01942,0.01917,0.01924,2423405.0
2025-10-13 17:45:00+00:00,0.01924,0.01972,0.01922,0.01967,1866768.0
2025-10-13 18:00:00+00:00,0.01968,0.0197,0.01945,0.0195,4408081.0
2025-10-13 18:15:00+00:00,0.01948,0.01959,0.0194,0.01951,1460268.0
2025-10-13 18:30:00+00:00,0.01954,0.01964,0.01934,0.01946,1835134.0
2025-10-13 18:45:00+00:00,0.01945,0.01955,0.01926,0.01936,2301607.0
2025-10-13 19:00:00+00:00,0.01935,0.0197,0.01935,0.01956,3452374.0
2025-10-13 19:15:00+00:00,0.01955,0.0196,0.01948,0.01954,2121057.0
2025-10-13 19:30:00+00:00,0.01954,0.01964,0.01949,0.01964,1100665.0
2025-10-13 19:45:00+00:00,0.01965,0.0197,0.01947,0.0196,1751757.0
2025-10-13 20:00:00+00:00,0.01962,0.01975,0.01949,0.01965,3261545.0
2025-10-13 20:15:00+00:00,0.01965,0.01973,0.01958,0.01972,1215112.0
2025-10-13 20:30:00+00:00,0.01973,0.01974,0.01958,0.01959,1572826.0
2025-10-13 20:45:00+00:00,0.01959,0.01974,0.01958,0.01974,1002453.0
2025-10-13 21:00:00+00:00,0.01972,0.01976,0.01955,0.01968,1340023.0
2025-10-13 21:15:00+00:00,0.01967,0.01976,0.01957,0.01958,1172592.0
2025-10-13 21:30:00+00:00,0.01959,0.01959,0.01897,0.01942,7346620.0
2025-10-13 21:45:00+00:00,0.01942,0.01945,0.01922,0.01924,1574579.0
2025-10-13 22:00:00+00:00,0.01925,0.01962,0.01925,0.01951,6076385.0
2025-10-13 22:15:00+00:00,0.0195,0.01957,0.01938,0.01941,1645873.0
2025-10-13 22:30:00+00:00,0.01941,0.0196,0.01939,0.0195,1902745.0
2025-10-13 22:45:00+00:00,0.01949,0.01969,0.01947,0.01959,1253432.0
2025-10-13 23:00:00+00:00,0.01959,0.01959,0.01935,0.01954,2926389.0
2025-10-13 23:15:00+00:00,0.01955,0.01964,0.0195,0.01959,1144911.0
2025-10-13 23:30:00+00:00,0.01959,0.01962,0.01943,0.01953,2104861.0
2025-10-13 23:45:00+00:00,0.01954,0.01972,0.01942,0.01952,1423069.0
2025-10-14 00:00:00+00:00,0.01952,0.01959,0.01939,0.01956,2424639.0
2025-10-14 00:15:00+00:00,0.01955,0.0197,0.01953,0.01959,1393117.0
2025-10-14 00:30:00+00:00,0.01958,0.01969,0.01948,0.01959,1508092.0
2025-10-14 00:45:00+00:00,0.01961,0.01963,0.01945,0.01954,1306179.0
2025-10-14 01:00:00+00:00,0.01954,0.01961,0.01933,0.01945,1628005.0
2025-10-14 01:15:00+00:00,0.01945,0.01951,0.01927,0.01946,1812945.0
2025-10-14 01:30:00+00:00,0.01946,0.0195,0.01938,0.01941,891854.0
2025-10-14 01:45:00+00:00,0.01941,0.01945,0.01933,0.0194,834990.0
2025-10-14 02:00:00+00:00,0.01942,0.01943,0.0192,0.01921,1729689.0
2025-10-14 02:15:00+00:00,0.01921,0.01933,0.01901,0.01925,2284234.0
2025-10-14 02:30:00+00:00,0.01924,0.01939,0.01921,0.01929,1940944.0
2025-10-14 02:45:00+00:00,0.01929,0.01941,0.01922,0.01925,1701232.0
2025-10-14 03:00:00+00:00,0.01923,0.01924,0.019,0.01907,2715277.0
2025-10-14 03:15:00+00:00,0.01907,0.01914,0.01895,0.01896,3110436.0
2025-10-14 03:30:00+00:00,0.01896,0.01904,0.01875,0.01898,4704494.0
2025-10-14 03:45:00+00:00,0.01897,0.01907,0.01883,0.01886,1798607.0
2025-10-14 04:00:00+00:00,0.01886,0.01894,0.01858,0.01879,5603928.0
2025-10-14 04:15:00+00:00,0.01878,0.01889,0.01877,0.01885,1645217.0
2025-10-14 04:30:00+00:00,0.01883,0.01883,0.01857,0.01863,2133840.0
2025-10-14 04:45:00+00:00,0.01864,0.01873,0.01833,0.0185,4923818.0
2025-10-14 05:00:00+00:00,0.0185,0.01869,0.01843,0.01846,3413251.0
2025-10-14 05:15:00+00:00,0.01845,0.01855,0.01835,0.01844,1872658.0
2025-10-14 05:30:00+00:00,0.01842,0.01845,0.01801,0.01815,8784107.0
2025-10-14 05:45:00+00:00,0.01815,0.0183,0.01802,0.01811,6545545.0
2025-10-14 06:00:00+00:00,0.01811,0.01832,0.01811,0.01818,3600421.0
2025-10-14 06:15:00+00:00,0.01817,0.01817,0.01783,0.01788,4583927.0
2025-10-14 06:30:00+00:00,0.0179,0.01792,0.01737,0.0177,10455432.0
2025-10-14 06:45:00+00:00,0.01769,0.0178,0.01724,0.01761,13598238.0
2025-10-14 07:00:00+00:00,0.01762,0.01775,0.01756,0.01767,6769537.0
2025-10-14 07:15:00+00:00,0.01767,0.01782,0.01765,0.01776,5880627.0
2025-10-14 07:30:00+00:00,0.01776,0.01787,0.0176,0.01772,7672770.0
2025-10-14 07:45:00+00:00,0.01771,0.01773,0.01754,0.0176,3062117.0
2025-10-14 08:00:00+00:00,0.01759,0.01768,0.01747,0.01757,3381074.0
2025-10-14 08:15:00+00:00,0.01757,0.01768,0.01744,0.01765,3699760.0
2025-10-14 08:30:00+00:00,0.01765,0.01782,0.0176,0.01782,4341755.0
2025-10-14 08:45:00+00:00,0.01781,0.01781,0.0176,0.01764,1722694.0
2025-10-14 09:00:00+00:00,0.01763,0.01769,0.01741,0.01743,4386014.0
2025-10-14 09:15:00+00:00,0.01744,0.01772,0.0174,0.01756,3559030.0
2025-10-14 09:30:00+00:00,0.01754,0.01783,0.01753,0.01768,4942530.0
2025-10-14 09:45:00+00:00,0.01766,0.0177,0.01751,0.01756,2171033.0
2025-10-14 10:00:00+00:00,0.01757,0.01757,0.01728,0.01744,3136318.0
2025-10-14 10:15:00+00:00,0.01743,0.01745,0.01728,0.01736,2477307.0
2025-10-14 10:30:00+00:00,0.01738,0.01738,0.0168,0.01722,8993081.0
2025-10-14 10:45:00+00:00,0.01723,0.01744,0.01717,0.01741,3627569.0
2025-10-14 11:00:00+00:00,0.01742,0.0176,0.0174,0.01753,3719694.0
2025-10-14 11:15:00+00:00,0.01754,0.0176,0.01739,0.01751,3331176.0
2025-10-14 11:30:00+00:00,0.01751,0.01768,0.01743,0.01748,3484020.0
2025-10-14 11:45:00+00:00,0.01747,0.01764,0.01747,0.01762,1955536.0
2025-10-14 12:00:00+00:00,0.01761,0.01763,0.01739,0.01756,4367570.0
2025-10-14 12:15:00+00:00,0.01756,0.01757,0.01747,0.01754,2319946.0
2025-10-14 12:30:00+00:00,0.01754,0.0176,0.01738,0.01753,3381957.0
2025-10-14 12:45:00+00:00,0.01753,0.01757,0.01736,0.01746,1743238.0
2025-10-14 13:00:00+00:00,0.01745,0.01756,0.0174,0.01744,1486161.0
2025-10-14 13:15:00+00:00,0.01746,0.01756,0.01724,0.01756,2005350.0
2025-10-14 13:30:00+00:00,0.01754,0.01767,0.01718,0.01746,3816251.0
2025-10-14 13:45:00+00:00,0.01746,0.01784,0.01741,0.01767,4826131.0
2025-10-14 14:00:00+00:00,0.01765,0.01781,0.01752,0.01781,3022400.0
2025-10-14 14:15:00+00:00,0.01781,0.01796,0.01769,0.01777,3948624.0
2025-10-14 14:30:00+00:00,0.01777,0.0181,0.01761,0.01794,6722388.0
2025-10-14 14:45:00+00:00,0.01795,0.01812,0.01776,0.01785,5127568.0
2025-10-14 15:00:00+00:00,0.01784,0.01794,0.01768,0.01774,2301832.0
2025-10-14 15:15:00+00:00,0.01775,0.01792,0.01771,0.01786,2384558.0
2025-10-14 15:30:00+00:00,0.01785,0.01814,0.01784,0.01808,3242274.0
2025-10-14 15:45:00+00:00,0.01809,0.01851,0.01807,0.01845,7963764.0
2025-10-14 16:00:00+00:00,0.01845,0.01862,0.01824,0.01857,5822092.0
2025-10-14 16:15:00+00:00,0.01856,0.01895,0.0184,0.01848,7558571.0
2025-10-14 16:30:00+00:00,0.0185,0.01856,0.01833,0.01849,4483635.0
2025-10-14 16:45:00+00:00,0.0185,0.01864,0.01833,0.01836,4268401.0
2025-10-14 17:00:00+00:00,0.01836,0.01866,0.01808,0.01857,6998961.0
2025-10-14 17:15:00+00:00,0.01857,0.01868,0.01838,0.0185,2535967.0
2025-10-14 17:30:00+00:00,0.01851,0.01856,0.01838,0.01847,1793452.0
2025-10-14 17:45:00+00:00,0.01846,0.01857,0.01842,0.01845,1717615.0
2025-10-14 18:00:00+00:00,0.01844,0.01875,0.01844,0.01868,2722816.0
2025-10-14 18:15:00+00:00,0.01869,0.01872,0.01852,0.01855,2466887.0
2025-10-14 18:30:00+00:00,0.01854,0.0188,0.01853,0.01856,3072152.0
2025-10-14 18:45:00+00:00,0.01857,0.01868,0.01853,0.01859,872531.0
2025-10-14 19:00:00+00:00,0.01858,0.01865,0.01849,0.01861,1409133.0
2025-10-14 19:15:00+00:00,0.01861,0.01886,0.0186,0.01872,2547636.0
2025-10-14 19:30:00+00:00,0.01872,0.01874,0.01827,0.01833,4355707.0
2025-10-14 19:45:00+00:00,0.01833,0.01865,0.01824,0.01854,2927130.0
2025-10-14 20:00:00+00:00,0.01854,0.01871,0.01846,0.01853,2241229.0
2025-10-14 20:15:00+00:00,0.01853,0.01871,0.0185,0.01867,1247538.0
2025-10-14 20:30:00+00:00,0.01864,0.01875,0.01853,0.01859,2471178.0
2025-10-14 20:45:00+00:00,0.01859,0.01867,0.01847,0.01866,1417743.0
2025-10-14 21:00:00+00:00,0.01864,0.01869,0.01856,0.01859,809415.0
2025-10-14 21:15:00+00:00,0.01857,0.01876,0.01855,0.01875,2223208.0
2025-10-14 21:30:00+00:00,0.01874,0.01876,0.01862,0.01869,779958.0
2025-10-14 21:45:00+00:00,0.01867,0.0187,0.0186,0.01864,645729.0
2025-10-14 22:00:00+00:00,0.01864,0.01888,0.01862,0.01874,2493187.0
2025-10-14 22:15:00+00:00,0.01873,0.01877,0.01864,0.01869,1483879.0
2025-10-14 22:30:00+00:00,0.01869,0.01872,0.01859,0.01866,1280044.0
2025-10-14 22:45:00+00:00,0.01866,0.01868,0.01854,0.01863,1352986.0
2025-10-14 23:00:00+00:00,0.01861,0.0188,0.0186,0.01864,1911517.0
2025-10-14 23:15:00+00:00,0.01864,0.01871,0.01851,0.01861,2063594.0
2025-10-14 23:30:00+00:00,0.01859,0.01877,0.01853,0.01859,1856818.0
2025-10-14 23:45:00+00:00,0.01857,0.0187,0.01848,0.01856,1673547.0
2025-10-18 04:30:00+00:00,0.01819,0.01834,0.01817,0.01824,856118.0
2025-10-18 04:45:00+00:00,0.01824,0.01851,0.01823,0.01841,3762308.0
2025-10-18 05:00:00+00:00,0.0184,0.01882,0.01832,0.01865,5873645.0
2025-10-18 05:15:00+00:00,0.01865,0.02112,0.01865,0.02067,49972091.0
2025-10-18 05:30:00+00:00,0.02068,0.0244,0.0206,0.02396,263860611.0
2025-10-18 05:45:00+00:00,0.02395,0.02563,0.02047,0.02185,246171888.0
2025-10-18 06:00:00+00:00,0.02182,0.02338,0.02112,0.0227,107833880.0
2025-10-18 06:15:00+00:00,0.02266,0.02368,0.02172,0.02247,79707807.0
2025-10-18 06:30:00+00:00,0.02248,0.02287,0.02179,0.02261,48680467.0
2025-10-18 06:45:00+00:00,0.02264,0.02322,0.02111,0.02167,82223744.0
2025-10-18 07:00:00+00:00,0.02166,0.02261,0.02122,0.02249,62167559.0
2025-10-18 07:15:00+00:00,0.02247,0.02327,0.02224,0.02315,71122903.0
2025-10-18 07:30:00+00:00,0.02313,0.02356,0.02271,0.02346,50619174.0
2025-10-18 07:45:00+00:00,0.02347,0.02379,0.02254,0.02264,51688634.0
2025-10-18 08:00:00+00:00,0.02267,0.02379,0.02267,0.02362,56776115.0
2025-10-18 08:15:00+00:00,0.02364,0.02365,0.02283,0.02314,38725809.0
2025-10-18 08:30:00+00:00,0.02316,0.02385,0.02214,0.02267,61727762.0
2025-10-18 08:45:00+00:00,0.02265,0.0234,0.02265,0.02323,39399582.0
2025-10-18 09:00:00+00:00,0.02323,0.02361,0.02264,0.02296,45963129.0
2025-10-18 09:15:00+00:00,0.02296,0.02426,0.02271,0.0239,72568046.0
2025-10-18 09:30:00+00:00,0.0239,0.02413,0.02171,0.02192,84667267.0
2025-10-18 09:45:00+00:00,0.02192,0.02221,0.02155,0.0219,46910389.0
2025-10-18 10:00:00+00:00,0.0219,0.0221,0.02144,0.02177,42726297.0
2025-10-18 10:15:00+00:00,0.02179,0.02232,0.02144,0.02168,42467064.0
2025-10-18 10:30:00+00:00,0.0217,0.02202,0.02163,0.0219,26241535.0
2025-10-18 10:45:00+00:00,0.02188,0.0219,0.02102,0.02123,46401709.0
2025-10-18 11:00:00+00:00,0.02122,0.02172,0.0203,0.02077,59245471.0
2025-10-18 11:15:00+00:00,0.02078,0.02105,0.02061,0.02074,26516230.0
2025-10-18 11:30:00+00:00,0.02073,0.02123,0.02071,0.02108,25124730.0
2025-10-18 11:45:00+00:00,0.02107,0.02111,0.02077,0.02093,14130545.0
2025-10-18 12:00:00+00:00,0.02093,0.02108,0.02048,0.02101,20707414.0
2025-10-18 12:15:00+00:00,0.02102,0.02131,0.02075,0.02089,19275601.0
2025-10-18 12:30:00+00:00,0.0209,0.02107,0.02067,0.02102,12584438.0
2025-10-18 12:45:00+00:00,0.02099,0.02124,0.02095,0.02105,14510386.0
2025-10-18 13:00:00+00:00,0.02103,0.02104,0.02051,0.02084,26586372.0
2025-10-18 13:15:00+00:00,0.02085,0.02124,0.02064,0.02107,12401568.0
2025-10-18 13:30:00+00:00,0.02106,0.02109,0.02024,0.02066,26239024.0
2025-10-18 13:45:00+00:00,0.02067,0.02091,0.0206,0.02075,9122291.0
2025-10-18 14:00:00+00:00,0.02074,0.02082,0.01952,0.0201,44283554.0
2025-10-18 14:15:00+00:00,0.02013,0.02034,0.02003,0.02008,14661260.0
2025-10-18 14:30:00+00:00,0.02009,0.02038,0.02005,0.02026,10425366.0
2025-10-18 14:45:00+00:00,0.02023,0.02029,0.01991,0.02017,9746809.0
2025-10-18 15:00:00+00:00,0.02017,0.02027,0.01995,0.02017,8750016.0
2025-10-18 15:15:00+00:00,0.02017,0.02035,0.02001,0.02005,4314895.0
2025-10-18 15:30:00+00:00,0.02005,0.02019,0.01989,0.02011,5149296.0
2025-10-18 15:45:00+00:00,0.02012,0.02015,0.01994,0.02002,3480678.0
2025-10-18 16:00:00+00:00,0.02002,0.02019,0.01991,0.02005,5138720.0
2025-10-18 16:15:00+00:00,0.02007,0.02016,0.0195,0.01969,15636925.0
2025-10-18 16:30:00+00:00,0.01967,0.01979,0.01961,0.01975,7044426.0
2025-10-18 16:45:00+00:00,0.01974,0.02003,0.01969,0.01992,4861858.0
2025-10-18 17:00:00+00:00,0.01994,0.02011,0.01979,0.02009,3939320.0
2025-10-18 17:15:00+00:00,0.02008,0.02045,0.02004,0.02039,8788607.0
2025-10-18 17:30:00+00:00,0.02038,0.02039,0.01998,0.02003,7343268.0
2025-10-18 17:45:00+00:00,0.02003,0.02023,0.01994,0.02016,7423253.0
2025-10-18 18:00:00+00:00,0.02016,0.02022,0.01999,0.02012,5658970.0
2025-10-18 18:15:00+00:00,0.02011,0.02014,0.01992,0.02003,6596698.0
2025-10-18 18:30:00+00:00,0.02005,0.02014,0.01995,0.02006,3645008.0
2025-10-18 18:45:00+00:00,0.02005,0.02019,0.01994,0.02015,4470829.0
2025-10-18 19:00:00+00:00,0.02013,0.02023,0.01999,0.01999,3332324.0
2025-10-18 19:15:00+00:00,0.01999,0.02014,0.01997,0.02003,3846201.0
2025-10-18 19:30:00+00:00,0.02003,0.02018,0.02003,0.02016,1647277.0
2025-10-18 19:45:00+00:00,0.02016,0.0203,0.02005,0.02012,3973661.0
2025-10-18 20:00:00+00:00,0.02014,0.02025,0.0201,0.02016,1657900.0
2025-10-18 20:15:00+00:00,0.02015,0.02035,0.02013,0.02025,1836671.0
2025-10-18 20:30:00+00:00,0.02025,0.02043,0.02019,0.0204,2381033.0
2025-10-18 20:45:00+00:00,0.0204,0.02057,0.02031,0.0205,5011798.0
2025-10-18 21:00:00+00:00,0.02049,0.02054,0.02026,0.02034,4426676.0
2025-10-18 21:15:00+00:00,0.02036,0.02036,0.02018,0.02032,2262544.0
2025-10-18 21:30:00+00:00,0.02035,0.02038,0.02022,0.02035,2039988.0
2025-10-18 21:45:00+00:00,0.02033,0.02039,0.0202,0.02036,1638465.0
2025-10-18 22:00:00+00:00,0.02037,0.02042,0.02026,0.0203,2737373.0
2025-10-18 22:15:00+00:00,0.02029,0.02033,0.02015,0.02029,2052196.0
2025-10-18 22:30:00+00:00,0.02027,0.02032,0.02013,0.02014,1816540.0
2025-10-18 22:45:00+00:00,0.02012,0.0203,0.02011,0.02028,1742420.0
2025-10-18 23:00:00+00:00,0.02028,0.02038,0.02021,0.02037,1771345.0
2025-10-18 23:15:00+00:00,0.02036,0.02065,0.02031,0.02042,4781278.0
2025-10-18 23:30:00+00:00,0.02042,0.02054,0.02036,0.02041,3486082.0
2025-10-18 23:45:00+00:00,0.02042,0.02048,0.02038,0.0204,712817.0
2025-10-19 00:00:00+00:00,0.02039,0.02059,0.02022,0.02024,6659128.0
2025-10-19 00:15:00+00:00,0.02025,0.02038,0.02017,0.02024,2790968.0
2025-10-19 00:30:00+00:00,0.02024,0.02025,0.01994,0.02009,6058500.0
2025-10-19 00:45:00+00:00,0.02007,0.02009,0.01991,0.01995,2540321.0
2025-10-19 01:00:00+00:00,0.01996,0.01997,0.01977,0.01985,3893862.0
2025-10-19 01:15:00+00:00,0.01984,0.01994,0.01969,0.01977,4036259.0
2025-10-19 01:30:00+00:00,0.01979,0.01989,0.01971,0.01976,2926100.0
2025-10-19 01:45:00+00:00,0.01977,0.02005,0.01977,0.01997,2591733.0
2025-10-19 02:00:00+00:00,0.01999,0.02007,0.01982,0.01999,3733378.0
2025-10-19 02:15:00+00:00,0.01998,0.02131,0.01989,0.0211,37043902.0
2025-10-19 02:30:00+00:00,0.02109,0.02186,0.02078,0.02163,42786451.0
2025-10-19 02:45:00+00:00,0.02163,0.02195,0.02131,0.02185,47213892.0
2025-10-19 03:00:00+00:00,0.02184,0.02212,0.02007,0.02066,76607284.0
2025-10-19 03:15:00+00:00,0.02067,0.02079,0.02037,0.02064,11142861.0
2025-10-19 03:30:00+00:00,0.02063,0.0207,0.02019,0.02061,12133541.0
2025-10-19 03:45:00+00:00,0.02059,0.02085,0.02025,0.02052,12838943.0
2025-10-19 04:00:00+00:00,0.02054,0.02068,0.02035,0.02065,8076156.0
2025-10-19 04:15:00+00:00,0.02063,0.02064,0.02041,0.0206,4798607.0
2025-10-19 04:30:00+00:00,0.0206,0.02082,0.02057,0.02072,6949994.0
2025-10-19 04:45:00+00:00,0.02071,0.0209,0.02067,0.02081,5841292.0
2025-10-19 05:00:00+00:00,0.02081,0.02136,0.02064,0.02106,19414592.0
2025-10-19 05:15:00+00:00,0.02107,0.02111,0.02094,0.02102,5673337.0
2025-10-19 05:30:00+00:00,0.02104,0.0211,0.02065,0.02071,7164548.0
2025-10-19 05:45:00+00:00,0.02072,0.02098,0.02045,0.02062,11945189.0
2025-10-19 06:00:00+00:00,0.02061,0.02095,0.02055,0.02057,5796016.0
2025-10-19 06:15:00+00:00,0.0206,0.02077,0.02043,0.02062,5104770.0
2025-10-19 06:30:00+00:00,0.0206,0.02076,0.02058,0.02066,2821628.0
2025-10-19 06:45:00+00:00,0.02065,0.02079,0.02057,0.02061,3549386.0
2025-10-19 07:00:00+00:00,0.02061,0.02069,0.0205,0.02062,4276459.0
2025-10-19 07:15:00+00:00,0.02062,0.02074,0.02054,0.0207,2714206.0
2025-10-19 07:30:00+00:00,0.02069,0.02078,0.02056,0.02059,2056888.0
2025-10-19 07:45:00+00:00,0.02059,0.02067,0.02046,0.02061,2538932.0
2025-10-19 08:00:00+00:00,0.02059,0.02073,0.02017,0.02031,8922805.0
2025-10-19 08:15:00+00:00,0.0203,0.02064,0.0193,0.01992,25388571.0
2025-10-19 08:30:00+00:00,0.01991,0.01991,0.01948,0.01961,12560549.0
2025-10-19 08:45:00+00:00,0.0196,0.01973,0.01929,0.01936,9399869.0
2025-10-19 09:00:00+00:00,0.01937,0.01948,0.01915,0.01921,10819443.0
2025-10-19 09:15:00+00:00,0.0192,0.01939,0.01902,0.01911,8320558.0
2025-10-19 09:30:00+00:00,0.01911,0.0195,0.01904,0.01941,7681241.0
2025-10-19 09:45:00+00:00,0.01944,0.01978,0.01938,0.01963,13030789.0
2025-10-19 10:00:00+00:00,0.01961,0.01986,0.01945,0.01961,11211782.0
2025-10-19 10:15:00+00:00,0.01961,0.0199,0.01951,0.0198,5491745.0
2025-10-19 10:30:00+00:00,0.0198,0.01988,0.01962,0.01984,5966528.0
2025-10-19 10:45:00+00:00,0.01982,0.01984,0.01959,0.01982,4858743.0
2025-10-19 11:00:00+00:00,0.0198,0.01995,0.01979,0.01993,4202470.0
2025-10-19 11:15:00+00:00,0.01991,0.01997,0.01978,0.01985,3613235.0
2025-10-19 11:30:00+00:00,0.01982,0.02007,0.01981,0.0199,3773695.0
2025-10-19 11:45:00+00:00,0.01991,0.01991,0.01976,0.01986,2562675.0
2025-10-19 12:00:00+00:00,0.01985,0.01998,0.01975,0.01981,2407472.0
2025-10-19 12:15:00+00:00,0.01982,0.01983,0.01969,0.01979,2472248.0
2025-10-19 12:30:00+00:00,0.01981,0.01997,0.0198,0.01991,2150690.0
2025-10-19 12:45:00+00:00,0.01991,0.01999,0.01978,0.01982,1477965.0
2025-10-19 13:00:00+00:00,0.01983,0.01987,0.01958,0.01963,3187197.0
2025-10-19 13:15:00+00:00,0.01963,0.01982,0.01962,0.01981,1976468.0
2025-10-19 13:30:00+00:00,0.01979,0.01997,0.01978,0.0199,3088296.0
2025-10-19 13:45:00+00:00,0.01992,0.02006,0.01979,0.01994,3227644.0
2025-10-19 14:00:00+00:00,0.01994,0.02001,0.01974,0.0199,3307121.0
2025-10-19 14:15:00+00:00,0.0199,0.02021,0.0199,0.02,4626030.0
2025-10-19 14:30:00+00:00,0.01997,0.02006,0.0199,0.01997,2689314.0
2025-10-19 14:45:00+00:00,0.01996,0.02008,0.0199,0.02001,1502135.0
2025-10-19 15:00:00+00:00,0.02001,0.02022,0.01997,0.02018,7375022.0
2025-10-19 15:15:00+00:00,0.02017,0.02064,0.02007,0.02016,7367205.0
2025-10-19 15:30:00+00:00,0.02018,0.02038,0.02015,0.02017,2592168.0
2025-10-19 15:45:00+00:00,0.02019,0.02029,0.02011,0.02013,1900092.0
2025-10-19 16:00:00+00:00,0.02014,0.02036,0.02012,0.0202,2733354.0
2025-10-19 16:15:00+00:00,0.02021,0.0203,0.02007,0.02022,3560656.0
2025-10-19 16:30:00+00:00,0.02021,0.02026,0.0201,0.02025,1814655.0
2025-10-19 16:45:00+00:00,0.02026,0.02044,0.02005,0.02012,4217254.0
2025-10-19 17:00:00+00:00,0.02012,0.0203,0.02005,0.02025,4071745.0
2025-10-19 17:15:00+00:00,0.02025,0.02033,0.02017,0.02017,1137710.0
2025-10-19 17:30:00+00:00,0.02017,0.02025,0.02006,0.02019,1697871.0
2025-10-19 17:45:00+00:00,0.02017,0.02031,0.02014,0.0203,2065024.0
2025-10-19 18:00:00+00:00,0.02029,0.02035,0.01992,0.02015,6454292.0
2025-10-19 18:15:00+00:00,0.02014,0.02028,0.02007,0.02022,2511341.0
2025-10-19 18:30:00+00:00,0.0202,0.02031,0.0202,0.02025,1128283.0
2025-10-19 18:45:00+00:00,0.02023,0.02031,0.02014,0.02016,1090511.0
2025-10-19 19:00:00+00:00,0.02015,0.02025,0.02006,0.02021,1675695.0
2025-10-19 19:15:00+00:00,0.0202,0.02029,0.02017,0.02023,845756.0
2025-10-19 19:30:00+00:00,0.02023,0.02032,0.02015,0.02027,1185614.0
2025-10-19 19:45:00+00:00,0.02027,0.02029,0.02012,0.02018,1053441.0
2025-10-19 20:00:00+00:00,0.02018,0.02029,0.02015,0.02021,1500419.0
2025-10-19 20:15:00+00:00,0.02022,0.02025,0.02015,0.02023,567307.0
2025-10-19 20:30:00+00:00,0.02021,0.02027,0.02016,0.0202,719746.0
2025-10-19 20:45:00+00:00,0.02021,0.02025,0.02019,0.0202,528091.0
2025-10-19 21:00:00+00:00,0.02019,0.02024,0.02011,0.02012,1146739.0
2025-10-19 21:15:00+00:00,0.02011,0.02014,0.02001,0.02003,859386.0
2025-10-19 21:30:00+00:00,0.02002,0.02016,0.01992,0.02011,1446865.0
2025-10-19 21:45:00+00:00,0.0201,0.02016,0.01998,0.02005,1326943.0
2025-10-19 22:00:00+00:00,0.02005,0.02017,0.02005,0.02011,1187220.0
2025-10-19 22:15:00+00:00,0.02011,0.02014,0.02004,0.02007,543358.0
2025-10-19 22:30:00+00:00,0.02008,0.02014,0.02001,0.0201,1398436.0
2025-10-19 22:45:00+00:00,0.02011,0.02013,0.01997,0.02,706433.0
2025-10-19 23:00:00+00:00,0.01999,0.02005,0.0199,0.02,1487550.0
2025-10-19 23:15:00+00:00,0.02,0.02008,0.01991,0.02007,1504010.0
2025-10-19 23:30:00+00:00,0.02007,0.02007,0.01992,0.01993,568949.0
2025-10-19 23:45:00+00:00,0.01993,0.01994,0.0197,0.01981,4793669.0
2025-10-20 00:00:00+00:00,0.01981,0.01982,0.0195,0.01971,5817474.0
2025-10-20 00:15:00+00:00,0.01971,0.01972,0.01925,0.01945,4050370.0
2025-10-20 00:30:00+00:00,0.01942,0.01958,0.01935,0.0195,3560501.0
2025-10-20 00:45:00+00:00,0.0195,0.01954,0.01936,0.01944,2520025.0
2025-10-20 01:00:00+00:00,0.01944,0.01953,0.01925,0.01942,2264804.0
2025-10-20 01:15:00+00:00,0.01941,0.01948,0.01933,0.01934,1608176.0
2025-10-20 01:30:00+00:00,0.01934,0.01947,0.01919,0.01937,1757778.0
2025-10-20 01:45:00+00:00,0.01937,0.01938,0.01921,0.01929,1877476.0
2025-10-20 02:00:00+00:00,0.01931,0.01933,0.01915,0.01921,1853576.0
2025-10-20 02:15:00+00:00,0.01922,0.01943,0.01921,0.01936,1223085.0
2025-10-20 02:30:00+00:00,0.01934,0.01953,0.01931,0.01948,2481565.0
2025-10-20 02:45:00+00:00,0.01948,0.01974,0.01947,0.01967,2005856.0
2025-10-20 03:00:00+00:00,0.01967,0.01992,0.01963,0.01975,4428429.0
2025-10-20 03:15:00+00:00,0.01975,0.01993,0.01974,0.01987,2079687.0
2025-10-20 03:30:00+00:00,0.01987,0.02008,0.01978,0.02001,1189567.0
2025-10-20 03:45:00+00:00,0.02001,0.02044,0.01992,0.02031,4804821.0
2025-10-20 04:00:00+00:00,0.02031,0.02051,0.02029,0.02049,3506290.0
2025-10-20 04:15:00+00:00,0.02048,0.02054,0.02036,0.02051,2310616.0
2025-10-20 04:30:00+00:00,0.02051,0.02058,0.02027,0.02043,4587396.0
2025-10-20 04:45:00+00:00,0.02043,0.02048,0.02032,0.02043,2600293.0
2025-10-20 05:00:00+00:00,0.02042,0.02049,0.02035,0.02049,1723311.0
2025-10-20 05:15:00+00:00,0.0205,0.02061,0.02043,0.02055,1755056.0
2025-10-20 05:30:00+00:00,0.02055,0.02066,0.02049,0.02061,1696774.0
2025-10-20 05:45:00+00:00,0.0206,0.02063,0.02045,0.02061,1885505.0
2025-10-20 06:00:00+00:00,0.0206,0.02065,0.02051,0.02059,1572437.0
2025-10-20 06:15:00+00:00,0.02059,0.02071,0.02053,0.02064,2174788.0
2025-10-20 06:30:00+00:00,0.02064,0.02066,0.02053,0.02054,1161382.0
2025-10-20 06:45:00+00:00,0.02055,0.02062,0.02051,0.02058,959113.0
2025-10-20 07:00:00+00:00,0.02058,0.02058,0.02046,0.02054,1954121.0
2025-10-20 07:15:00+00:00,0.02054,0.0206,0.02053,0.02056,942488.0
2025-10-20 07:30:00+00:00,0.02055,0.02094,0.02047,0.02089,5148199.0
2025-10-20 07:45:00+00:00,0.02088,0.02094,0.02061,0.02064,3130223.0
2025-10-20 08:00:00+00:00,0.02064,0.02083,0.02058,0.02077,1772947.0
2025-10-20 08:15:00+00:00,0.02076,0.02079,0.02064,0.02074,921015.0
2025-10-20 08:30:00+00:00,0.02076,0.02082,0.02062,0.02071,1210746.0
2025-10-20 08:45:00+00:00,0.02071,0.02075,0.0206,0.02067,1599319.0
2025-10-20 09:00:00+00:00,0.02066,0.02069,0.02055,0.02064,1698203.0
2025-10-20 09:15:00+00:00,0.02064,0.02064,0.02057,0.02058,475299.0
2025-10-20 09:30:00+00:00,0.02059,0.02065,0.02053,0.0206,688532.0
2025-10-20 09:45:00+00:00,0.0206,0.02069,0.02055,0.02055,826669.0
2025-10-20 10:00:00+00:00,0.02055,0.0207,0.02035,0.0205,3882726.0
2025-10-20 10:15:00+00:00,0.02049,0.02084,0.02046,0.02063,7708268.0
2025-10-20 10:30:00+00:00,0.02064,0.02069,0.02042,0.02052,2342380.0
2025-10-20 10:45:00+00:00,0.02053,0.02059,0.02036,0.0205,3644334.0
2025-10-20 11:00:00+00:00,0.02052,0.02059,0.02041,0.02052,1774767.0
2025-10-20 11:15:00+00:00,0.02052,0.02062,0.02049,0.02055,828057.0
2025-10-20 11:30:00+00:00,0.02054,0.02055,0.02043,0.02053,682836.0
2025-10-20 11:45:00+00:00,0.02053,0.0206,0.02052,0.0206,560054.0
2025-10-20 12:00:00+00:00,0.02059,0.02059,0.02016,0.02029,3589117.0
2025-10-20 12:15:00+00:00,0.02028,0.02036,0.02012,0.02035,3740498.0
2025-10-20 12:30:00+00:00,0.02033,0.02035,0.02018,0.02023,1518325.0
2025-10-20 12:45:00+00:00,0.02023,0.02029,0.0202,0.02024,1167326.0
2025-10-20 13:00:00+00:00,0.02024,0.0204,0.02022,0.02024,1421439.0
2025-10-20 13:15:00+00:00,0.02023,0.02035,0.02023,0.02035,850286.0
2025-10-20 13:30:00+00:00,0.02035,0.02044,0.02032,0.02035,1212866.0
2025-10-20 13:45:00+00:00,0.02034,0.02043,0.02032,0.0204,1097935.0
2025-10-20 14:00:00+00:00,0.02037,0.02038,0.02026,0.02031,849310.0
2025-10-20 14:15:00+00:00,0.02031,0.02033,0.02019,0.02032,1437992.0
2025-10-20 14:30:00+00:00,0.02033,0.02037,0.02023,0.02034,1260462.0
2025-10-20 14:45:00+00:00,0.02033,0.02051,0.02032,0.02042,3244590.0
2025-10-20 15:00:00+00:00,0.0204,0.02049,0.02027,0.02027,1832938.0
2025-10-20 15:15:00+00:00,0.02026,0.02035,0.02019,0.02029,1754182.0
2025-10-20 15:30:00+00:00,0.02027,0.02029,0.02013,0.02013,667760.0
2025-10-20 15:45:00+00:00,0.02017,0.02027,0.02011,0.02014,1387007.0
2025-10-20 16:00:00+00:00,0.02011,0.02011,0.01925,0.01985,16270593.0
2025-10-20 16:15:00+00:00,0.01985,0.01989,0.01967,0.01976,3400558.0
2025-10-20 16:30:00+00:00,0.01975,0.01975,0.01949,0.0196,4000309.0
2025-10-20 16:45:00+00:00,0.0196,0.01976,0.01949,0.01969,2701330.0
2025-10-20 17:00:00+00:00,0.01968,0.01992,0.01953,0.0196,2996794.0
2025-10-20 17:15:00+00:00,0.0196,0.01971,0.01959,0.01966,813710.0
2025-10-20 17:30:00+00:00,0.01964,0.01983,0.01962,0.01967,1357630.0
2025-10-20 17:45:00+00:00,0.01967,0.01983,0.01962,0.01965,1611547.0
2025-10-20 18:00:00+00:00,0.01965,0.01982,0.01964,0.01966,1496147.0
2025-10-20 18:15:00+00:00,0.01966,0.01972,0.01961,0.01966,1073626.0
2025-10-20 18:30:00+00:00,0.01966,0.01971,0.01956,0.01968,2195432.0
2025-10-20 18:45:00+00:00,0.01967,0.0197,0.01961,0.01962,928347.0
2025-10-20 19:00:00+00:00,0.01962,0.01982,0.01962,0.01982,2354875.0
2025-10-20 19:15:00+00:00,0.0198,0.01985,0.01973,0.01984,777381.0
2025-10-20 19:30:00+00:00,0.01985,0.01986,0.01969,0.01981,1734697.0
2025-10-20 19:45:00+00:00,0.01983,0.01987,0.01979,0.01982,1399319.0
2025-10-20 20:00:00+00:00,0.01981,0.01989,0.01973,0.01984,2170715.0
2025-10-20 20:15:00+00:00,0.01984,0.01992,0.01982,0.01986,1307615.0
2025-10-20 20:30:00+00:00,0.01987,0.01995,0.01981,0.01992,654614.0
2025-10-20 20:45:00+00:00,0.01991,0.01993,0.01988,0.01993,241307.0
2025-10-20 21:00:00+00:00,0.01993,0.01997,0.0198,0.01994,1410695.0
2025-10-20 21:15:00+00:00,0.01992,0.01999,0.01991,0.01999,349624.0
2025-10-20 21:30:00+00:00,0.01998,0.01999,0.01983,0.01993,1268904.0
2025-10-20 21:45:00+00:00,0.01992,0.01995,0.01984,0.01994,239730.0
2025-10-20 22:00:00+00:00,0.01994,0.01995,0.01971,0.01986,1642539.0
2025-10-20 22:15:00+00:00,0.01986,0.01989,0.01981,0.01982,646300.0
2025-10-20 22:30:00+00:00,0.01983,0.01992,0.01978,0.01989,497572.0
2025-10-20 22:45:00+00:00,0.01988,0.01988,0.01978,0.01984,315857.0
2025-10-20 23:00:00+00:00,0.01983,0.01984,0.01975,0.01982,388470.0
2025-10-20 23:15:00+00:00,0.01982,0.01991,0.01981,0.01991,261440.0
2025-10-20 23:30:00+00:00,0.01991,0.01992,0.01982,0.01984,430342.0
2025-10-20 23:45:00+00:00,0.01984,0.01987,0.01978,0.01985,807807.0
2025-10-21 00:00:00+00:00,0.01984,0.01988,0.01974,0.01978,1197779.0
2025-10-21 00:15:00+00:00,0.01976,0.01986,0.01976,0.01983,423092.0
2025-10-21 00:30:00+00:00,0.01983,0.01986,0.01978,0.01986,261284.0
2025-10-21 00:45:00+00:00,0.01985,0.01988,0.0198,0.0198,312957.0
2025-10-21 01:00:00+00:00,0.01981,0.01982,0.01964,0.01971,1148841.0
2025-10-21 01:15:00+00:00,0.01971,0.01985,0.01971,0.01984,649237.0
2025-10-21 01:30:00+00:00,0.01984,0.01984,0.01976,0.01977,1206535.0
2025-10-21 01:45:00+00:00,0.01977,0.01981,0.01962,0.01969,1141642.0
2025-10-21 02:00:00+00:00,0.0197,0.0197,0.01946,0.01951,3754971.0
2025-10-21 02:15:00+00:00,0.01952,0.01954,0.01928,0.01946,6597155.0
2025-10-21 02:30:00+00:00,0.01946,0.01947,0.01923,0.01932,4190782.0
2025-10-21 02:45:00+00:00,0.01932,0.01936,0.01928,0.01932,625971.0
2025-10-21 03:00:00+00:00,0.01932,0.01944,0.01926,0.0193,1430479.0
2025-10-21 03:15:00+00:00,0.0193,0.01933,0.01926,0.01931,544788.0
2025-10-21 03:30:00+00:00,0.01931,0.01939,0.01928,0.01929,984507.0
2025-10-21 03:45:00+00:00,0.0193,0.01932,0.01912,0.01916,2585630.0
2025-10-21 04:00:00+00:00,0.01916,0.0192,0.01852,0.01871,13708352.0
2025-10-21 04:15:00+00:00,0.01874,0.01875,0.01862,0.01869,2158839.0
2025-10-21 04:30:00+00:00,0.01871,0.01872,0.01831,0.01842,10586852.0
2025-10-21 04:45:00+00:00,0.0184,0.01851,0.01828,0.0184,4642262.0
2025-10-21 05:00:00+00:00,0.0184,0.01858,0.01832,0.01842,5341784.0
2025-10-21 05:15:00+00:00,0.01842,0.01865,0.01834,0.01857,3669360.0
2025-10-21 05:30:00+00:00,0.01859,0.01867,0.01847,0.01853,5748240.0
2025-10-21 05:45:00+00:00,0.01851,0.01858,0.01842,0.01844,1229274.0
2025-10-21 06:00:00+00:00,0.01842,0.01858,0.01836,0.01841,2782482.0
2025-10-21 06:15:00+00:00,0.0184,0.01856,0.0184,0.01847,1543067.0
2025-10-21 06:30:00+00:00,0.01845,0.01864,0.01845,0.0185,1919737.0
2025-10-21 06:45:00+00:00,0.01849,0.01852,0.01835,0.01846,1814680.0
2025-10-21 07:00:00+00:00,0.01845,0.01858,0.01841,0.01841,1369464.0
2025-10-21 07:15:00+00:00,0.0184,0.01863,0.0184,0.0186,3010334.0
2025-10-21 07:30:00+00:00,0.01862,0.01872,0.01855,0.01861,3500041.0
2025-10-21 07:45:00+00:00,0.01861,0.01869,0.01858,0.01865,995020.0
2025-10-21 08:00:00+00:00,0.01864,0.01866,0.01851,0.01857,5543149.0
2025-10-21 08:15:00+00:00,0.01858,0.0187,0.01853,0.01862,1135239.0
2025-10-21 08:30:00+00:00,0.0186,0.01865,0.01852,0.01852,1017849.0
2025-10-21 08:45:00+00:00,0.01853,0.01871,0.01849,0.01863,819948.0
2025-10-21 09:00:00+00:00,0.01862,0.01866,0.01853,0.01861,657280.0
2025-10-21 09:15:00+00:00,0.01861,0.01871,0.01855,0.0187,1566519.0
2025-10-21 09:30:00+00:00,0.01869,0.0187,0.01859,0.01865,670865.0
2025-10-21 09:45:00+00:00,0.01866,0.01873,0.01866,0.01871,865098.0
2025-10-21 10:00:00+00:00,0.0187,0.0188,0.01869,0.01876,462438.0
2025-10-21 10:15:00+00:00,0.01875,0.0188,0.0187,0.01876,776159.0
2025-10-21 10:30:00+00:00,0.01874,0.01887,0.01874,0.01879,726973.0
2025-10-21 10:45:00+00:00,0.01879,0.01896,0.01878,0.01889,1606119.0
2025-10-21 11:00:00+00:00,0.01889,0.0189,0.01881,0.01884,832778.0
2025-10-21 11:15:00+00:00,0.01884,0.01888,0.01881,0.01885,490191.0
2025-10-21 11:30:00+00:00,0.01885,0.01893,0.01882,0.01887,541186.0
2025-10-21 11:45:00+00:00,0.01886,0.01902,0.01886,0.01891,873460.0
2025-10-21 12:00:00+00:00,0.01891,0.01894,0.01884,0.0189,1064085.0
2025-10-21 12:15:00+00:00,0.0189,0.01909,0.0189,0.01899,1048809.0
2025-10-21 12:30:00+00:00,0.01898,0.01903,0.01891,0.019,765202.0
2025-10-21 12:45:00+00:00,0.01899,0.019,0.01873,0.01884,2465216.0
2025-10-21 13:00:00+00:00,0.01884,0.01895,0.01872,0.01888,1804275.0
2025-10-21 13:15:00+00:00,0.01887,0.01894,0.01878,0.01891,972600.0
2025-10-21 13:30:00+00:00,0.01889,0.01893,0.01879,0.01888,798000.0
2025-10-21 13:45:00+00:00,0.01889,0.0189,0.01879,0.01885,1155899.0
2025-10-21 14:00:00+00:00,0.01884,0.01917,0.01882,0.01917,2055607.0
2025-10-21 14:15:00+00:00,0.01916,0.01939,0.01914,0.01918,2946516.0
2025-10-21 14:30:00+00:00,0.01917,0.01928,0.01916,0.01921,1575748.0
2025-10-21 14:45:00+00:00,0.01921,0.01948,0.01918,0.01946,2287236.0
2025-10-21 15:00:00+00:00,0.01946,0.01961,0.01932,0.01955,7026918.0
2025-10-21 15:15:00+00:00,0.01954,0.01968,0.01951,0.01961,2990454.0
2025-10-21 15:30:00+00:00,0.0196,0.01986,0.01932,0.01958,10004338.0
2025-10-21 15:45:00+00:00,0.01958,0.01963,0.01946,0.01956,2046413.0
2025-10-21 16:00:00+00:00,0.01955,0.01967,0.01947,0.01965,2208298.0
2025-10-21 16:15:00+00:00,0.01964,0.01966,0.01955,0.0196,1253602.0
2025-10-21 16:30:00+00:00,0.01962,0.01965,0.0194,0.01959,3704486.0
2025-10-21 16:45:00+00:00,0.01958,0.01969,0.01936,0.0194,3072504.0
2025-10-21 17:00:00+00:00,0.0194,0.01954,0.01928,0.01949,6416208.0
2025-10-21 17:15:00+00:00,0.01947,0.01949,0.01923,0.01946,4070660.0
2025-10-21 17:30:00+00:00,0.01945,0.01961,0.01931,0.0196,2434209.0
2025-10-21 17:45:00+00:00,0.0196,0.01962,0.01946,0.01949,1767505.0
2025-10-21 18:00:00+00:00,0.01949,0.01956,0.0194,0.01949,2087666.0
2025-10-21 18:15:00+00:00,0.01948,0.01955,0.01942,0.0195,1177923.0
2025-10-21 18:30:00+00:00,0.01949,0.0195,0.01933,0.01941,1818243.0
2025-10-21 18:45:00+00:00,0.0194,0.01958,0.01938,0.01957,2119887.0
2025-10-21 19:00:00+00:00,0.01955,0.01957,0.01943,0.0195,836311.0
2025-10-21 19:15:00+00:00,0.01951,0.01951,0.01929,0.01946,1092485.0
2025-10-21 19:30:00+00:00,0.01945,0.01952,0.01941,0.0195,934848.0
2025-10-21 19:45:00+00:00,0.0195,0.01954,0.01934,0.0194,1215245.0
2025-10-21 20:00:00+00:00,0.01941,0.01946,0.01938,0.01941,928043.0
2025-10-21 20:15:00+00:00,0.01942,0.01943,0.0191,0.01928,2985012.0
2025-10-21 20:30:00+00:00,0.01927,0.01936,0.01925,0.01932,1916829.0
2025-10-21 20:45:00+00:00,0.01931,0.01937,0.01921,0.01926,1107542.0
2025-10-21 21:00:00+00:00,0.01925,0.01945,0.01923,0.01938,1059911.0
2025-10-21 21:15:00+00:00,0.01938,0.01938,0.01901,0.01918,2205874.0
2025-10-21 21:30:00+00:00,0.01916,0.01938,0.01914,0.01928,1393948.0
2025-10-21 21:45:00+00:00,0.01929,0.01945,0.01928,0.01944,426743.0
2025-10-21 22:00:00+00:00,0.01943,0.01946,0.01921,0.01925,1276377.0
2025-10-21 22:15:00+00:00,0.01926,0.01931,0.01907,0.01911,812303.0
2025-10-21 22:30:00+00:00,0.0191,0.01924,0.01901,0.01907,2868621.0
2025-10-21 22:45:00+00:00,0.01906,0.01915,0.01905,0.01907,1612995.0
2025-10-21 23:00:00+00:00,0.01908,0.0192,0.01903,0.01904,1416160.0
2025-10-21 23:15:00+00:00,0.01904,0.01912,0.01888,0.01894,2645524.0
2025-10-21 23:30:00+00:00,0.01895,0.01901,0.01871,0.01876,2533462.0
2025-10-21 23:45:00+00:00,0.01878,0.01888,0.01872,0.01884,2037185.0
2025-10-22 00:00:00+00:00,0.01885,0.01901,0.01884,0.01892,2467710.0
2025-10-22 00:15:00+00:00,0.01892,0.01914,0.01892,0.01893,1982333.0
2025-10-22 00:30:00+00:00,0.01895,0.01911,0.01877,0.01897,3449628.0
2025-10-22 00:45:00+00:00,0.01898,0.019,0.01886,0.01897,1101812.0
2025-10-22 01:00:00+00:00,0.01897,0.01907,0.01881,0.01892,2238375.0
2025-10-22 01:15:00+00:00,0.01893,0.01893,0.01856,0.01883,2218355.0
2025-10-22 01:30:00+00:00,0.01882,0.01893,0.01876,0.01888,1282066.0
2025-10-22 01:45:00+00:00,0.01888,0.01896,0.01879,0.01886,605193.0
2025-10-22 02:00:00+00:00,0.01887,0.01899,0.01884,0.01898,1038766.0
2025-10-22 02:15:00+00:00,0.01897,0.01897,0.01889,0.0189,339961.0
2025-10-22 02:30:00+00:00,0.01891,0.01903,0.01887,0.01891,976624.0
2025-10-22 02:45:00+00:00,0.01893,0.01896,0.01887,0.01893,468283.0
2025-10-22 03:00:00+00:00,0.01894,0.01908,0.01888,0.01888,1101374.0
2025-10-22 03:15:00+00:00,0.01891,0.01903,0.01887,0.01895,848628.0
2025-10-22 03:30:00+00:00,0.01894,0.01902,0.01888,0.01893,614074.0
2025-10-22 03:45:00+00:00,0.01894,0.01897,0.01889,0.01896,314937.0
2025-10-22 04:00:00+00:00,0.01895,0.0191,0.01895,0.01906,939729.0
2025-10-22 04:15:00+00:00,0.01905,0.0191,0.01899,0.01903,445448.0
2025-10-22 04:30:00+00:00,0.01903,0.01911,0.01902,0.01906,544607.0
2025-10-22 04:45:00+00:00,0.01907,0.0191,0.01899,0.01899,286504.0
2025-10-22 05:00:00+00:00,0.019,0.01906,0.01891,0.01891,660530.0
2025-10-22 05:15:00+00:00,0.01891,0.01896,0.01869,0.01883,1250490.0
2025-10-22 05:30:00+00:00,0.01884,0.01893,0.01875,0.01884,1174537.0
2025-10-22 05:45:00+00:00,0.01886,0.01897,0.01883,0.01894,861033.0
2025-10-22 06:00:00+00:00,0.01894,0.01894,0.01884,0.01893,855267.0
2025-10-22 06:15:00+00:00,0.01893,0.01897,0.01882,0.01884,556516.0
2025-10-22 06:30:00+00:00,0.01887,0.01898,0.01887,0.01889,563236.0
2025-10-22 06:45:00+00:00,0.01889,0.01894,0.01878,0.01885,452744.0
2025-10-22 07:00:00+00:00,0.01884,0.01888,0.01875,0.0188,373536.0
2025-10-22 07:15:00+00:00,0.01879,0.0189,0.01877,0.01886,395951.0
2025-10-22 07:30:00+00:00,0.01887,0.01896,0.01878,0.01891,662042.0
2025-10-22 07:45:00+00:00,0.0189,0.019,0.01885,0.01895,810032.0
2025-10-22 08:00:00+00:00,0.01896,0.01897,0.01881,0.01882,1108071.0
2025-10-22 08:15:00+00:00,0.01882,0.01893,0.01873,0.01885,1581370.0
2025-10-22 08:30:00+00:00,0.01886,0.01898,0.01882,0.01894,1643416.0
2025-10-22 08:45:00+00:00,0.01895,0.01901,0.01886,0.01894,993102.0
2025-10-22 09:00:00+00:00,0.01893,0.01894,0.01882,0.01893,950109.0
2025-10-22 09:15:00+00:00,0.01891,0.01897,0.01884,0.01889,1275258.0
2025-10-22 09:30:00+00:00,0.01888,0.01892,0.01877,0.01879,1232573.0
2025-10-22 09:45:00+00:00,0.01878,0.0188,0.01866,0.01876,1287613.0
2025-10-22 10:00:00+00:00,0.01875,0.01889,0.01871,0.01888,778716.0
2025-10-22 10:15:00+00:00,0.01887,0.0189,0.01881,0.01881,679150.0
2025-10-22 10:30:00+00:00,0.01882,0.01892,0.01881,0.01886,475494.0
2025-10-22 10:45:00+00:00,0.01884,0.01891,0.01878,0.01886,807555.0
2025-10-22 11:00:00+00:00,0.01885,0.019,0.01863,0.019,4116274.0
2025-10-22 11:15:00+00:00,0.01899,0.019,0.01884,0.01887,1000411.0
2025-10-22 11:30:00+00:00,0.01888,0.01896,0.01885,0.01888,661904.0
2025-10-22 11:45:00+00:00,0.01887,0.0189,0.0188,0.0189,510813.0
2025-10-22 12:00:00+00:00,0.01891,0.01897,0.01884,0.01888,1189688.0
2025-10-22 12:15:00+00:00,0.01888,0.01898,0.01886,0.01894,949855.0
2025-10-22 12:30:00+00:00,0.01895,0.01901,0.01885,0.01888,1509822.0
2025-10-22 12:45:00+00:00,0.01888,0.01899,0.01881,0.01886,782630.0
2025-10-22 13:00:00+00:00,0.01885,0.01897,0.01882,0.01893,752216.0
2025-10-22 13:15:00+00:00,0.01891,0.01893,0.01886,0.01891,435418.0
2025-10-22 13:30:00+00:00,0.01889,0.01892,0.01869,0.01884,1684743.0
2025-10-22 13:45:00+00:00,0.01884,0.01903,0.01882,0.01901,1556256.0
2025-10-22 14:00:00+00:00,0.01898,0.01906,0.01878,0.01886,1648634.0
2025-10-22 14:15:00+00:00,0.01884,0.01888,0.01864,0.01874,2551348.0
2025-10-22 14:30:00+00:00,0.01872,0.01884,0.01869,0.01874,1305801.0
2025-10-22 14:45:00+00:00,0.01874,0.01906,0.01869,0.01906,3313373.0
2025-10-22 15:00:00+00:00,0.01906,0.01908,0.01887,0.01889,1971825.0
2025-10-22 15:15:00+00:00,0.01889,0.01895,0.01881,0.01885,1353039.0
2025-10-22 15:30:00+00:00,0.01884,0.01896,0.01881,0.01893,825134.0
2025-10-22 15:45:00+00:00,0.01894,0.01899,0.0189,0.01894,752834.0
2025-10-22 16:00:00+00:00,0.01893,0.01899,0.01886,0.01887,903353.0
2025-10-22 16:15:00+00:00,0.01886,0.01896,0.01877,0.01889,1157446.0
2025-10-22 16:30:00+00:00,0.01892,0.01896,0.0187,0.01885,1850988.0
2025-10-22 16:45:00+00:00,0.01886,0.01892,0.01872,0.01876,1378112.0
2025-10-22 17:00:00+00:00,0.01878,0.01884,0.01873,0.01879,799849.0
2025-10-22 17:15:00+00:00,0.01878,0.0188,0.01872,0.01874,412627.0
2025-10-22 17:30:00+00:00,0.01874,0.01879,0.01862,0.01866,700440.0
2025-10-22 17:45:00+00:00,0.01867,0.01876,0.0185,0.01862,1733005.0
2025-10-22 18:00:00+00:00,0.01861,0.01866,0.01854,0.01854,808944.0
2025-10-22 18:15:00+00:00,0.01855,0.01867,0.01843,0.01864,1015575.0
2025-10-22 18:30:00+00:00,0.01865,0.01869,0.01858,0.01861,679925.0
2025-10-22 18:45:00+00:00,0.01862,0.01868,0.01858,0.01866,1025408.0
2025-10-22 19:00:00+00:00,0.01865,0.01886,0.01865,0.01877,1011586.0
2025-10-22 19:15:00+00:00,0.01876,0.01881,0.01871,0.01872,422266.0
2025-10-22 19:30:00+00:00,0.01874,0.01877,0.01864,0.01868,694752.0
2025-10-22 19:45:00+00:00,0.01868,0.01871,0.01854,0.01869,1320258.0
2025-10-22 20:00:00+00:00,0.0187,0.01873,0.01857,0.01864,673286.0
2025-10-22 20:15:00+00:00,0.01862,0.01864,0.01842,0.01847,765275.0
2025-10-22 20:30:00+00:00,0.01849,0.01867,0.01846,0.01863,1295181.0
2025-10-22 20:45:00+00:00,0.01864,0.01864,0.01846,0.0185,816686.0
2025-10-22 21:00:00+00:00,0.01851,0.01852,0.01769,0.01798,10122008.0
2025-10-22 21:15:00+00:00,0.01798,0.0182,0.01784,0.01805,4074591.0
2025-10-22 21:30:00+00:00,0.01805,0.01826,0.018,0.0181,2676351.0
2025-10-22 21:45:00+00:00,0.0181,0.01822,0.01807,0.01811,1507001.0
2025-10-22 22:00:00+00:00,0.01811,0.01832,0.01809,0.01821,2519281.0
2025-10-22 22:15:00+00:00,0.01822,0.01822,0.01806,0.01808,1030330.0
2025-10-22 22:30:00+00:00,0.01808,0.01821,0.01807,0.01814,1526805.0
2025-10-22 22:45:00+00:00,0.01814,0.01817,0.01803,0.0181,474926.0
2025-10-22 23:00:00+00:00,0.0181,0.01833,0.01809,0.01825,3022965.0
2025-10-22 23:15:00+00:00,0.01825,0.01847,0.01824,0.01837,1510791.0
2025-10-22 23:30:00+00:00,0.01837,0.01847,0.01834,0.01837,1062993.0
2025-10-22 23:45:00+00:00,0.01837,0.01845,0.01837,0.0184,470017.0
2025-10-23 00:00:00+00:00,0.01841,0.01864,0.0184,0.01851,4390531.0
2025-10-23 00:15:00+00:00,0.01851,0.01865,0.01847,0.01854,3788378.0
2025-10-23 00:30:00+00:00,0.01854,0.0186,0.01847,0.01859,1689665.0
2025-10-23 00:45:00+00:00,0.01856,0.01866,0.01855,0.01859,711928.0
2025-10-23 01:00:00+00:00,0.01859,0.01861,0.01852,0.01858,1334530.0
2025-10-23 01:15:00+00:00,0.01858,0.01861,0.01845,0.01852,427985.0
2025-10-23 01:30:00+00:00,0.01852,0.01856,0.01849,0.01854,480580.0
2025-10-23 01:45:00+00:00,0.01854,0.01855,0.01848,0.0185,264814.0
2025-10-23 02:00:00+00:00,0.0185,0.01855,0.0185,0.0185,287687.0
2025-10-23 02:15:00+00:00,0.0185,0.01854,0.01847,0.01852,493946.0
2025-10-23 02:30:00+00:00,0.01852,0.01863,0.0185,0.01855,798745.0
2025-10-23 02:45:00+00:00,0.01855,0.01857,0.01845,0.01852,632354.0
2025-10-23 03:00:00+00:00,0.01852,0.01859,0.01847,0.01856,714682.0
2025-10-23 03:15:00+00:00,0.01856,0.01863,0.01855,0.01862,223444.0
2025-10-23 03:30:00+00:00,0.01862,0.01863,0.01857,0.01857,248477.0
2025-10-23 03:45:00+00:00,0.01858,0.01863,0.01857,0.01861,258373.0
2025-10-23 04:00:00+00:00,0.01862,0.01864,0.01858,0.01859,209550.0
2025-10-23 04:15:00+00:00,0.01859,0.01863,0.01859,0.01859,469883.0
2025-10-23 04:30:00+00:00,0.01859,0.01864,0.01853,0.01861,709666.0
2025-10-23 04:45:00+00:00,0.01862,0.01863,0.01856,0.01857,268218.0
2025-10-23 05:00:00+00:00,0.01857,0.01869,0.01855,0.01862,841114.0
2025-10-23 05:15:00+00:00,0.01862,0.01865,0.01861,0.01863,136834.0
2025-10-23 05:30:00+00:00,0.01865,0.01865,0.01861,0.01861,53219.0
2025-10-23 05:45:00+00:00,0.01861,0.01871,0.0186,0.0187,455969.0
2025-10-23 06:00:00+00:00,0.0187,0.01874,0.01865,0.01872,528623.0
2025-10-23 06:15:00+00:00,0.01872,0.01883,0.01871,0.01877,938774.0
2025-10-23 06:30:00+00:00,0.01877,0.01884,0.01875,0.0188,1068581.0
2025-10-23 06:45:00+00:00,0.0188,0.01886,0.01878,0.01882,422922.0
2025-10-23 07:00:00+00:00,0.01882,0.01883,0.01872,0.01876,776658.0
2025-10-23 07:15:00+00:00,0.01876,0.01878,0.01868,0.01876,801457.0
2025-10-23 07:30:00+00:00,0.01876,0.01884,0.0187,0.01877,703120.0
2025-10-23 07:45:00+00:00,0.01879,0.01883,0.01875,0.01877,409009.0
2025-10-23 08:00:00+00:00,0.01877,0.01883,0.01876,0.01881,380863.0
2025-10-23 08:15:00+00:00,0.01881,0.01889,0.01875,0.01881,1232202.0
2025-10-23 08:30:00+00:00,0.01881,0.01885,0.01876,0.01881,731089.0
2025-10-23 08:45:00+00:00,0.01881,0.01886,0.0188,0.01884,653676.0
2025-10-23 09:00:00+00:00,0.01884,0.01886,0.0188,0.01881,339467.0
2025-10-23 09:15:00+00:00,0.01881,0.01896,0.01876,0.01893,1839443.0
2025-10-23 09:30:00+00:00,0.01893,0.01896,0.0188,0.01887,1918883.0
2025-10-23 09:45:00+00:00,0.01887,0.01893,0.01875,0.01883,1379633.0
2025-10-23 10:00:00+00:00,0.01884,0.01895,0.01884,0.01891,848351.0
2025-10-23 10:15:00+00:00,0.01891,0.01895,0.01887,0.01887,495512.0
2025-10-23 10:30:00+00:00,0.01886,0.01889,0.01881,0.01884,878988.0
2025-10-23 10:45:00+00:00,0.01884,0.01889,0.0188,0.01883,392933.0
2025-10-23 11:00:00+00:00,0.01883,0.01884,0.01871,0.01878,1945009.0
2025-10-23 11:15:00+00:00,0.01878,0.0189,0.01874,0.01883,9799716.0
2025-10-23 11:30:00+00:00,0.01883,0.01883,0.01864,0.01867,2104746.0
2025-10-23 11:45:00+00:00,0.01867,0.01872,0.01859,0.0187,1382343.0
2025-10-23 12:00:00+00:00,0.0187,0.01872,0.01859,0.01861,1686624.0
2025-10-23 12:15:00+00:00,0.01861,0.01869,0.01859,0.01865,1123402.0
2025-10-23 12:30:00+00:00,0.01866,0.01871,0.01862,0.01866,1025972.0
2025-10-23 12:45:00+00:00,0.01866,0.01874,0.01864,0.01873,440841.0
2025-10-23 13:00:00+00:00,0.01873,0.01874,0.01858,0.0187,686616.0
2025-10-23 13:15:00+00:00,0.0187,0.01878,0.01864,0.01872,883023.0
2025-10-23 13:30:00+00:00,0.01872,0.01886,0.0187,0.01876,1205342.0
2025-10-23 13:45:00+00:00,0.01876,0.01879,0.01871,0.01876,484120.0
2025-10-23 14:00:00+00:00,0.01876,0.01877,0.01848,0.01853,1432864.0
2025-10-23 14:15:00+00:00,0.01851,0.01868,0.01845,0.01866,1981663.0
2025-10-23 14:30:00+00:00,0.01866,0.01876,0.01861,0.01863,678889.0
2025-10-23 14:45:00+00:00,0.01863,0.01869,0.01861,0.01866,915368.0
2025-10-23 15:00:00+00:00,0.01867,0.01912,0.01863,0.01893,4986097.0
2025-10-23 15:15:00+00:00,0.01895,0.01899,0.01882,0.01895,3589625.0
2025-10-23 15:30:00+00:00,0.01894,0.01909,0.01887,0.01889,3440808.0
2025-10-23 15:45:00+00:00,0.0189,0.01904,0.01889,0.01893,2459242.0
2025-10-23 16:00:00+00:00,0.01894,0.01896,0.0188,0.01889,1487047.0
2025-10-23 16:15:00+00:00,0.01888,0.01891,0.01878,0.01884,943597.0
2025-10-23 16:30:00+00:00,0.01884,0.01894,0.01884,0.01892,603276.0
2025-10-23 16:45:00+00:00,0.01893,0.0191,0.01892,0.01901,880259.0
2025-10-23 17:00:00+00:00,0.01901,0.01901,0.01882,0.0189,1513162.0
2025-10-23 17:15:00+00:00,0.01888,0.01893,0.01888,0.0189,683189.0
2025-10-23 17:30:00+00:00,0.01891,0.01909,0.01887,0.01902,1619931.0
2025-10-23 17:45:00+00:00,0.01903,0.01916,0.019,0.01909,2075856.0
2025-10-23 18:00:00+00:00,0.01908,0.01909,0.01896,0.01897,1414477.0
2025-10-23 18:15:00+00:00,0.01896,0.01903,0.01891,0.01896,987254.0
2025-10-23 18:30:00+00:00,0.01893,0.01895,0.01887,0.01895,1120592.0
2025-10-23 18:45:00+00:00,0.01893,0.01898,0.0189,0.01894,980411.0
2025-10-23 19:00:00+00:00,0.01893,0.01898,0.01886,0.01893,1103395.0
2025-10-23 19:15:00+00:00,0.01892,0.01896,0.01888,0.01894,282204.0
2025-10-23 19:30:00+00:00,0.01894,0.01898,0.01886,0.01896,902529.0
2025-10-23 19:45:00+00:00,0.01895,0.019,0.0189,0.01893,497912.0
2025-10-23 20:00:00+00:00,0.01893,0.01895,0.01884,0.01889,1137704.0
2025-10-23 20:15:00+00:00,0.01888,0.01892,0.01886,0.0189,327521.0
2025-10-23 20:30:00+00:00,0.01889,0.01891,0.01886,0.01891,172903.0
2025-10-23 20:45:00+00:00,0.01889,0.01892,0.01871,0.01883,1202187.0
2025-10-23 21:00:00+00:00,0.0188,0.01887,0.01875,0.01882,2092320.0
2025-10-23 21:15:00+00:00,0.01883,0.01885,0.01878,0.01881,869823.0
2025-10-23 21:30:00+00:00,0.01881,0.01884,0.01873,0.01883,630727.0
2025-10-23 21:45:00+00:00,0.01883,0.01887,0.01877,0.01878,826692.0
2025-10-23 22:00:00+00:00,0.01881,0.01889,0.01878,0.01882,474392.0
2025-10-23 22:15:00+00:00,0.01883,0.01884,0.01879,0.0188,348143.0
2025-10-23 22:30:00+00:00,0.01881,0.01893,0.01881,0.01888,425102.0
2025-10-23 22:45:00+00:00,0.01889,0.01894,0.01885,0.01891,918833.0
2025-10-23 23:00:00+00:00,0.01892,0.01894,0.01874,0.01887,904391.0
2025-10-23 23:15:00+00:00,0.01886,0.01889,0.01879,0.01881,780790.0
2025-10-23 23:30:00+00:00,0.01881,0.01889,0.01877,0.01883,1234267.0
2025-10-23 23:45:00+00:00,0.01882,0.01901,0.01878,0.01889,1564782.0
2025-10-24 00:00:00+00:00,0.0189,0.0189,0.01876,0.01883,1048219.0
2025-10-24 00:15:00+00:00,0.01883,0.01883,0.0187,0.01871,2026880.0
2025-10-24 00:30:00+00:00,0.01873,0.01884,0.01873,0.01877,754006.0
2025-10-24 00:45:00+00:00,0.01876,0.01888,0.01876,0.01884,1322850.0
2025-10-24 01:00:00+00:00,0.01885,0.01906,0.01885,0.01897,3023021.0
2025-10-24 01:15:00+00:00,0.01896,0.01898,0.01884,0.01886,466424.0
2025-10-24 01:30:00+00:00,0.01886,0.01898,0.01883,0.01898,844625.0
2025-10-24 01:45:00+00:00,0.01898,0.019,0.01889,0.0189,452825.0
2025-10-24 02:00:00+00:00,0.01893,0.01901,0.0189,0.01893,1774234.0
2025-10-24 02:15:00+00:00,0.01896,0.01898,0.0189,0.01895,249519.0
2025-10-24 02:30:00+00:00,0.01897,0.01902,0.01886,0.01899,1454437.0
2025-10-24 02:45:00+00:00,0.01899,0.0191,0.0189,0.01896,1600638.0
2025-10-24 03:00:00+00:00,0.01895,0.01898,0.01886,0.01895,708025.0
2025-10-24 03:15:00+00:00,0.01893,0.01901,0.01891,0.01901,441647.0
2025-10-24 03:30:00+00:00,0.01899,0.01909,0.01889,0.01902,895684.0
2025-10-24 03:45:00+00:00,0.01902,0.0191,0.01898,0.01904,1714921.0
2025-10-24 04:00:00+00:00,0.01903,0.01911,0.01892,0.01907,1475617.0
2025-10-24 04:15:00+00:00,0.01908,0.01921,0.01908,0.0191,1283350.0
2025-10-24 04:30:00+00:00,0.01911,0.01935,0.0191,0.01931,2036963.0
2025-10-24 04:45:00+00:00,0.0193,0.01939,0.01919,0.01926,2415447.0
2025-10-24 05:00:00+00:00,0.01926,0.0193,0.0192,0.01929,2372664.0
2025-10-24 05:15:00+00:00,0.01926,0.01931,0.01919,0.01926,913392.0
2025-10-24 05:30:00+00:00,0.01926,0.01932,0.0192,0.01922,461512.0
2025-10-24 05:45:00+00:00,0.01923,0.01933,0.01916,0.01926,1504461.0
2025-10-24 06:00:00+00:00,0.01926,0.01934,0.01915,0.01926,1553428.0
2025-10-24 06:15:00+00:00,0.01927,0.0193,0.0192,0.01928,937304.0
2025-10-24 06:30:00+00:00,0.01927,0.01931,0.01916,0.01922,1136142.0
2025-10-24 06:45:00+00:00,0.0192,0.0193,0.01917,0.01926,452640.0
2025-10-24 07:00:00+00:00,0.01926,0.01927,0.01915,0.01918,725191.0
2025-10-24 07:15:00+00:00,0.01919,0.01922,0.01912,0.01915,458529.0
2025-10-24 07:30:00+00:00,0.01915,0.01919,0.01904,0.01906,1526391.0
2025-10-24 07:45:00+00:00,0.01907,0.01916,0.01889,0.01915,3756284.0
2025-10-24 08:00:00+00:00,0.01914,0.01948,0.01913,0.01919,6029046.0
2025-10-24 08:15:00+00:00,0.01919,0.01922,0.01906,0.01914,3517764.0
2025-10-24 08:30:00+00:00,0.01914,0.01936,0.01913,0.01928,1382142.0
2025-10-24 08:45:00+00:00,0.01928,0.0193,0.01913,0.01918,1464260.0
2025-10-24 09:00:00+00:00,0.01919,0.01923,0.01915,0.0192,2045461.0
2025-10-24 09:15:00+00:00,0.0192,0.01922,0.01912,0.01917,689695.0
2025-10-24 09:30:00+00:00,0.01917,0.01922,0.01915,0.01916,399897.0
2025-10-24 09:45:00+00:00,0.01918,0.01922,0.01912,0.01916,807118.0
2025-10-24 10:00:00+00:00,0.01916,0.01921,0.0191,0.01916,404034.0
2025-10-24 10:15:00+00:00,0.01917,0.01917,0.01903,0.01909,1606600.0
2025-10-24 10:30:00+00:00,0.01908,0.01932,0.01908,0.01919,1582185.0
2025-10-24 10:45:00+00:00,0.0192,0.0192,0.01915,0.01915,581249.0
2025-10-24 11:00:00+00:00,0.01916,0.01919,0.01904,0.01916,916930.0
2025-10-24 11:15:00+00:00,0.01917,0.01918,0.01901,0.01902,1799584.0
2025-10-24 11:30:00+00:00,0.01903,0.01912,0.01897,0.01912,938130.0
2025-10-24 11:45:00+00:00,0.01911,0.01916,0.01905,0.01914,446187.0
2025-10-24 12:00:00+00:00,0.01914,0.0192,0.01909,0.01909,597987.0
2025-10-24 12:15:00+00:00,0.0191,0.01912,0.01894,0.01912,1046691.0
2025-10-24 12:30:00+00:00,0.01908,0.01959,0.01903,0.01919,4759507.0
2025-10-24 12:45:00+00:00,0.0192,0.01923,0.01909,0.01919,2037729.0
2025-10-24 13:00:00+00:00,0.01921,0.01933,0.01919,0.01923,2567168.0
2025-10-24 13:15:00+00:00,0.01923,0.01924,0.01913,0.0192,1256853.0
2025-10-24 13:30:00+00:00,0.01921,0.01921,0.01907,0.01907,1682743.0
2025-10-24 13:45:00+00:00,0.01906,0.01913,0.01894,0.01913,2529836.0
2025-10-24 14:00:00+00:00,0.01911,0.01911,0.01897,0.01903,936137.0
2025-10-24 14:15:00+00:00,0.01904,0.01906,0.01882,0.0189,1355302.0
2025-10-24 14:30:00+00:00,0.0189,0.01895,0.01884,0.01893,1185644.0
2025-10-24 14:45:00+00:00,0.01894,0.01898,0.01878,0.01889,2498610.0
2025-10-24 15:00:00+00:00,0.0189,0.01902,0.01885,0.01895,1378314.0
2025-10-24 15:15:00+00:00,0.01894,0.01902,0.01891,0.01896,900994.0
2025-10-24 15:30:00+00:00,0.01896,0.01905,0.01888,0.01895,1148247.0
2025-10-24 15:45:00+00:00,0.01893,0.01893,0.01874,0.01883,1582697.0
2025-10-24 16:00:00+00:00,0.01882,0.01894,0.01877,0.01886,761473.0
2025-10-24 16:15:00+00:00,0.01884,0.01894,0.0188,0.01891,549487.0
2025-10-24 16:30:00+00:00,0.01892,0.01894,0.01877,0.01883,1887900.0
2025-10-24 16:45:00+00:00,0.01883,0.01895,0.01883,0.01891,546861.0
2025-10-24 17:00:00+00:00,0.01891,0.01904,0.0189,0.01895,1002242.0
2025-10-24 17:15:00+00:00,0.01893,0.019,0.01891,0.01897,495127.0
2025-10-24 17:30:00+00:00,0.01897,0.01899,0.0189,0.01891,542150.0
2025-10-24 17:45:00+00:00,0.01893,0.01896,0.01886,0.01887,806082.0
2025-10-24 18:00:00+00:00,0.01887,0.01904,0.01887,0.01894,849471.0
2025-10-24 18:15:00+00:00,0.01896,0.01898,0.01891,0.01892,207246.0
2025-10-24 18:30:00+00:00,0.01892,0.019,0.0189,0.01893,474916.0
2025-10-24 18:45:00+00:00,0.01894,0.019,0.01892,0.019,373115.0
2025-10-24 19:00:00+00:00,0.01901,0.01911,0.019,0.01904,801207.0
2025-10-24 19:15:00+00:00,0.01903,0.01915,0.01903,0.01915,453949.0
2025-10-24 19:30:00+00:00,0.01913,0.01913,0.01906,0.01911,627664.0
2025-10-24 19:45:00+00:00,0.01913,0.01913,0.01903,0.01907,292238.0
2025-10-24 20:00:00+00:00,0.01906,0.01911,0.01904,0.01907,415962.0
2025-10-24 20:15:00+00:00,0.01908,0.01918,0.01907,0.01915,528441.0
2025-10-24 20:30:00+00:00,0.01913,0.01917,0.01907,0.01915,568645.0
2025-10-24 20:45:00+00:00,0.01916,0.0192,0.01913,0.0192,388833.0
2025-10-24 21:00:00+00:00,0.01918,0.01921,0.01908,0.01912,556382.0
2025-10-24 21:15:00+00:00,0.0191,0.01916,0.0191,0.01913,270312.0
2025-10-24 21:30:00+00:00,0.01914,0.01921,0.01912,0.01915,532147.0
2025-10-24 21:45:00+00:00,0.01915,0.01922,0.01914,0.0192,486335.0
2025-10-24 22:00:00+00:00,0.0192,0.01922,0.01914,0.01916,724632.0
2025-10-24 22:15:00+00:00,0.01917,0.01922,0.01916,0.01922,316209.0
2025-10-24 22:30:00+00:00,0.01921,0.01924,0.01918,0.01922,639625.0
2025-10-24 22:45:00+00:00,0.01921,0.01924,0.01916,0.01924,274883.0
2025-10-24 23:00:00+00:00,0.01923,0.01925,0.01917,0.01922,565704.0
2025-10-24 23:15:00+00:00,0.01922,0.01925,0.0192,0.01925,283188.0
2025-10-24 23:30:00+00:00,0.01924,0.01926,0.01918,0.01926,1005845.0
2025-10-24 23:45:00+00:00,0.01925,0.01927,0.01917,0.01924,495949.0
2025-10-25 00:00:00+00:00,0.01924,0.01925,0.01914,0.01921,635040.0
2025-10-25 00:15:00+00:00,0.0192,0.01927,0.0192,0.01924,322858.0
2025-10-25 00:30:00+00:00,0.01923,0.01926,0.01918,0.01922,458246.0
2025-10-25 00:45:00+00:00,0.01922,0.01923,0.01912,0.01917,596759.0
2025-10-25 01:00:00+00:00,0.01918,0.01919,0.01913,0.01916,871036.0
2025-10-25 01:15:00+00:00,0.01917,0.01924,0.01913,0.01923,608474.0
2025-10-25 01:30:00+00:00,0.01924,0.01924,0.01914,0.01917,1117465.0
2025-10-25 01:45:00+00:00,0.01918,0.01921,0.01917,0.0192,331913.0
2025-10-25 02:00:00+00:00,0.01919,0.0192,0.01914,0.0192,418187.0
2025-10-25 02:15:00+00:00,0.01919,0.01922,0.01914,0.01914,658372.0
2025-10-25 02:30:00+00:00,0.01915,0.0192,0.01915,0.01917,433098.0
2025-10-25 02:45:00+00:00,0.01918,0.01919,0.01914,0.01915,471634.0
2025-10-25 03:00:00+00:00,0.01915,0.01916,0.01907,0.01913,1062745.0
2025-10-25 03:15:00+00:00,0.01913,0.0192,0.01907,0.01909,1649538.0
2025-10-25 03:30:00+00:00,0.01909,0.01914,0.01903,0.01911,1804519.0
2025-10-25 03:45:00+00:00,0.0191,0.01913,0.01895,0.01909,3908352.0
2025-10-25 04:00:00+00:00,0.01906,0.01909,0.01901,0.01908,1498347.0
2025-10-25 04:15:00+00:00,0.01908,0.01918,0.01904,0.0191,1869370.0
2025-10-25 04:30:00+00:00,0.0191,0.0191,0.01903,0.01905,751468.0
2025-10-25 04:45:00+00:00,0.01904,0.01911,0.01904,0.01907,533124.0
2025-10-25 05:00:00+00:00,0.01907,0.01911,0.01901,0.01902,859741.0
2025-10-25 05:15:00+00:00,0.01902,0.01903,0.01891,0.01901,1048284.0
2025-10-25 05:30:00+00:00,0.01902,0.01903,0.01896,0.01901,339803.0
