timestamp,open,high,low,close,volume
2025-04-20 03:30:00+00:00,0.02476,0.02486,0.02462,0.02467,12370910.0
2025-04-20 03:45:00+00:00,0.02467,0.02488,0.02456,0.02473,21551625.0
2025-04-20 04:00:00+00:00,0.02472,0.02501,0.02472,0.02498,25913150.0
2025-04-20 04:15:00+00:00,0.02497,0.02552,0.0249,0.02546,53183191.0
2025-04-20 04:30:00+00:00,0.02546,0.032,0.02545,0.02833,773528442.0
2025-04-20 04:45:00+00:00,0.02833,0.03052,0.02824,0.03048,319461698.0
2025-04-20 05:00:00+00:00,0.03045,0.03172,0.03,0.03135,223215149.0
2025-04-20 05:15:00+00:00,0.03136,0.0322,0.02862,0.02923,290623156.0
2025-04-20 05:30:00+00:00,0.02923,0.02939,0.02754,0.02769,229322510.0
2025-04-20 05:45:00+00:00,0.02769,0.02778,0.0268,0.02733,131887351.0
2025-04-20 06:00:00+00:00,0.02734,0.02784,0.02695,0.02777,109310284.0
2025-04-20 06:15:00+00:00,0.02777,0.02844,0.02761,0.02802,94975856.0
2025-04-20 06:30:00+00:00,0.02801,0.02919,0.02796,0.0288,77822767.0
2025-04-20 06:45:00+00:00,0.02881,0.02884,0.02833,0.02849,89533573.0
2025-04-20 07:00:00+00:00,0.02849,0.02933,0.02849,0.02895,81320776.0
2025-04-20 07:15:00+00:00,0.02895,0.02899,0.0283,0.02865,69359706.0
2025-04-20 07:30:00+00:00,0.02864,0.02905,0.02833,0.02854,51306646.0
2025-04-20 07:45:00+00:00,0.02854,0.02879,0.02829,0.02858,48841684.0
2025-04-20 08:00:00+00:00,0.02859,0.02928,0.02835,0.02913,94771441.0
2025-04-20 08:15:00+00:00,0.02913,0.02929,0.02834,0.02838,90259373.0
2025-04-20 08:30:00+00:00,0.02839,0.02842,0.02466,0.02643,223964271.0
2025-04-20 08:45:00+00:00,0.02642,0.02653,0.0257,0.0259,58436992.0
2025-04-20 09:00:00+00:00,0.02591,0.02637,0.02563,0.0261,58107781.0
2025-04-20 09:15:00+00:00,0.02609,0.02705,0.02597,0.02691,61659957.0
2025-04-20 09:30:00+00:00,0.02691,0.0274,0.0267,0.02674,59812730.0
2025-04-20 09:45:00+00:00,0.02673,0.02724,0.02645,0.02722,47699465.0
2025-04-20 10:00:00+00:00,0.02722,0.02748,0.02679,0.02697,60293761.0
2025-04-20 10:15:00+00:00,0.02698,0.02713,0.02654,0.02687,41966745.0
2025-04-20 10:30:00+00:00,0.02688,0.02706,0.026,0.02652,53067992.0
2025-04-20 10:45:00+00:00,0.0265,0.02652,0.02538,0.0259,72607764.0
2025-04-20 11:00:00+00:00,0.02588,0.02599,0.02559,0.02593,34462279.0
2025-04-20 11:15:00+00:00,0.02593,0.026,0.02556,0.0259,31600324.0
2025-04-20 11:30:00+00:00,0.02591,0.02626,0.02571,0.02625,37013307.0
2025-04-20 11:45:00+00:00,0.02626,0.02634,0.02603,0.0261,23140704.0
2025-04-20 12:00:00+00:00,0.0261,0.02613,0.02564,0.02578,29643704.0
2025-04-20 12:15:00+00:00,0.02578,0.02594,0.0257,0.02573,20401531.0
2025-04-20 12:30:00+00:00,0.02573,0.02593,0.02559,0.02581,27126401.0
2025-04-20 12:45:00+00:00,0.02581,0.0261,0.02565,0.02605,18993153.0
2025-04-20 13:00:00+00:00,0.02605,0.02665,0.02597,0.02654,42507035.0
2025-04-20 13:15:00+00:00,0.02654,0.02704,0.02635,0.02697,38359523.0
2025-04-20 13:30:00+00:00,0.02697,0.02719,0.02663,0.02704,50022370.0
2025-04-20 13:45:00+00:00,0.02705,0.02713,0.02685,0.0269,30312901.0
2025-04-20 14:00:00+00:00,0.02691,0.0274,0.02674,0.02685,45087836.0
2025-04-20 14:15:00+00:00,0.02685,0.027,0.02658,0.02677,37056601.0
2025-04-20 14:30:00+00:00,0.02676,0.02717,0.02647,0.02708,41610294.0
2025-04-20 14:45:00+00:00,0.02708,0.02723,0.0269,0.027,23003825.0
2025-04-20 15:00:00+00:00,0.02699,0.02743,0.02698,0.02739,37515953.0
2025-04-20 15:15:00+00:00,0.02739,0.02783,0.02735,0.02765,45650801.0
2025-04-20 15:30:00+00:00,0.02765,0.02793,0.02733,0.02746,46410527.0
2025-04-20 15:45:00+00:00,0.02745,0.02751,0.02697,0.02713,32703409.0
2025-04-20 16:00:00+00:00,0.02714,0.02719,0.02617,0.02684,52388679.0
2025-04-20 16:15:00+00:00,0.02684,0.02744,0.02683,0.02717,32184568.0
2025-04-20 16:30:00+00:00,0.02718,0.02743,0.02702,0.02704,23287129.0
2025-04-20 16:45:00+00:00,0.02705,0.02716,0.02682,0.02709,13255886.0
2025-04-20 17:00:00+00:00,0.02709,0.02746,0.02686,0.02693,25928185.0
2025-04-20 17:15:00+00:00,0.02692,0.02718,0.0267,0.02708,15476176.0
2025-04-20 17:30:00+00:00,0.02708,0.02718,0.02682,0.02693,18571917.0
2025-04-20 17:45:00+00:00,0.02692,0.02712,0.02686,0.02703,10982525.0
2025-04-20 18:00:00+00:00,0.02703,0.02708,0.02668,0.02696,11559573.0
2025-04-20 18:15:00+00:00,0.02697,0.02717,0.0269,0.02712,10833663.0
2025-04-20 18:30:00+00:00,0.02713,0.02714,0.0268,0.02691,9700375.0
2025-04-20 18:45:00+00:00,0.0269,0.02698,0.02682,0.02692,5415040.0
2025-04-20 19:00:00+00:00,0.02691,0.02695,0.0268,0.02684,6635553.0
2025-04-20 19:15:00+00:00,0.02685,0.02692,0.02662,0.02672,13487454.0
2025-04-20 19:30:00+00:00,0.02672,0.02672,0.0264,0.02651,17486639.0
2025-04-20 19:45:00+00:00,0.02652,0.02686,0.02652,0.02673,17064167.0
2025-04-20 20:00:00+00:00,0.02673,0.02683,0.02656,0.02683,13565287.0
2025-04-20 20:15:00+00:00,0.02683,0.02723,0.02673,0.02718,16218144.0
2025-04-20 20:30:00+00:00,0.02718,0.02723,0.0267,0.02685,21338847.0
2025-04-20 20:45:00+00:00,0.02686,0.02704,0.0265,0.02662,17383785.0
2025-04-20 21:00:00+00:00,0.02661,0.02668,0.02636,0.02663,10666067.0
2025-04-20 21:15:00+00:00,0.02663,0.0268,0.02657,0.02661,7130348.0
2025-04-20 21:30:00+00:00,0.0266,0.02691,0.02655,0.02661,8950573.0
2025-04-20 21:45:00+00:00,0.02661,0.02693,0.0266,0.02688,9432088.0
2025-04-20 22:00:00+00:00,0.02687,0.0269,0.02641,0.02662,27628162.0
2025-04-20 22:15:00+00:00,0.02662,0.02663,0.0263,0.02633,24577546.0
2025-04-20 22:30:00+00:00,0.02633,0.02666,0.0262,0.02664,21098733.0
2025-04-20 22:45:00+00:00,0.02665,0.02673,0.02651,0.02667,9273145.0
2025-04-20 23:00:00+00:00,0.02667,0.02681,0.02652,0.02668,20179985.0
2025-04-20 23:15:00+00:00,0.02669,0.02682,0.02661,0.02668,10800956.0
2025-04-20 23:30:00+00:00,0.02667,0.02668,0.02644,0.0265,12827319.0
2025-04-20 23:45:00+00:00,0.0265,0.02668,0.0264,0.02656,18204899.0
2025-04-21 00:00:00+00:00,0.02656,0.02671,0.02631,0.02634,33726779.0
2025-04-21 00:15:00+00:00,0.02635,0.02684,0.02628,0.02665,51717290.0
2025-04-21 00:30:00+00:00,0.02663,0.02704,0.02654,0.02692,62138697.0
2025-04-21 00:45:00+00:00,0.02692,0.02719,0.02664,0.02706,37550615.0
2025-04-21 01:00:00+00:00,0.02706,0.02724,0.02683,0.02712,33728084.0
2025-04-21 01:15:00+00:00,0.02711,0.02719,0.0269,0.02709,19552256.0
2025-04-21 01:30:00+00:00,0.02708,0.02736,0.02703,0.0271,25934439.0
2025-04-21 01:45:00+00:00,0.0271,0.02745,0.0271,0.02725,33313283.0
2025-04-21 02:00:00+00:00,0.02726,0.0276,0.0271,0.02755,36954691.0
2025-04-21 02:15:00+00:00,0.02755,0.02806,0.0273,0.02799,77427970.0
2025-04-21 02:30:00+00:00,0.02799,0.02976,0.02783,0.0291,225943966.0
2025-04-21 02:45:00+00:00,0.02909,0.03099,0.02828,0.03091,296014352.0
2025-04-21 03:00:00+00:00,0.0309,0.03174,0.029,0.02937,395318136.0
2025-04-21 03:15:00+00:00,0.02936,0.02968,0.02866,0.02926,178621324.0
2025-04-21 03:30:00+00:00,0.02926,0.02994,0.02907,0.02963,121990853.0
2025-04-21 03:45:00+00:00,0.02963,0.03003,0.02884,0.029,96603567.0
2025-04-21 04:00:00+00:00,0.029,0.03035,0.02866,0.03024,138934457.0
2025-04-21 04:15:00+00:00,0.03025,0.03247,0.03006,0.03166,389059618.0
2025-04-21 04:30:00+00:00,0.03167,0.03293,0.03101,0.03124,235693182.0
2025-04-21 04:45:00+00:00,0.03125,0.03199,0.0311,0.03181,105672948.0
2025-04-21 05:00:00+00:00,0.03181,0.03213,0.03144,0.03177,91621587.0
2025-04-21 05:15:00+00:00,0.03177,0.03214,0.03124,0.03142,69745160.0
2025-04-21 05:30:00+00:00,0.03142,0.03249,0.03136,0.03212,78634612.0
2025-04-21 05:45:00+00:00,0.03211,0.03322,0.03205,0.03308,167459514.0
2025-04-21 06:00:00+00:00,0.03309,0.03367,0.03201,0.03258,198686182.0
2025-04-21 06:15:00+00:00,0.03258,0.03304,0.02763,0.02907,354089086.0
2025-04-21 06:30:00+00:00,0.02907,0.02975,0.02811,0.02868,253298446.0
2025-04-21 06:45:00+00:00,0.02869,0.02882,0.02821,0.02853,94329633.0
2025-04-21 07:00:00+00:00,0.02852,0.0289,0.02831,0.02843,79879765.0
2025-04-21 07:15:00+00:00,0.02843,0.02845,0.02774,0.02834,78862251.0
2025-04-21 07:30:00+00:00,0.02835,0.02852,0.02798,0.02827,57232062.0
2025-04-21 07:45:00+00:00,0.02828,0.02855,0.02816,0.02852,33857394.0
2025-04-21 08:00:00+00:00,0.02853,0.02899,0.02836,0.02892,50089697.0
2025-04-21 08:15:00+00:00,0.02892,0.02894,0.0286,0.02886,29408406.0
2025-04-21 08:30:00+00:00,0.02885,0.02891,0.02824,0.02832,48713862.0
2025-04-21 08:45:00+00:00,0.02833,0.02869,0.0283,0.02833,23821677.0
2025-04-21 09:00:00+00:00,0.02834,0.02859,0.02806,0.02831,39112357.0
2025-04-21 09:15:00+00:00,0.0283,0.02873,0.02826,0.02847,30322029.0
2025-04-21 09:30:00+00:00,0.02847,0.0286,0.02773,0.02801,55270558.0
2025-04-21 09:45:00+00:00,0.02801,0.02814,0.02769,0.02776,39381823.0
2025-04-21 10:00:00+00:00,0.02777,0.02782,0.0274,0.02774,56996328.0
2025-04-21 10:15:00+00:00,0.02774,0.0281,0.02773,0.02793,24699678.0
2025-04-21 10:30:00+00:00,0.02792,0.02808,0.02781,0.02792,21954566.0
2025-04-21 10:45:00+00:00,0.02791,0.02797,0.02773,0.0279,17770081.0
2025-04-21 11:00:00+00:00,0.0279,0.02842,0.02789,0.02834,26459003.0
2025-04-21 11:15:00+00:00,0.02834,0.02835,0.02812,0.02823,22712812.0
2025-04-21 11:30:00+00:00,0.02825,0.02835,0.0279,0.02805,28153906.0
2025-04-21 11:45:00+00:00,0.02806,0.02814,0.02791,0.02804,16945657.0
2025-04-21 12:00:00+00:00,0.02805,0.0283,0.02783,0.02796,29911780.0
2025-04-21 12:15:00+00:00,0.02795,0.02879,0.02784,0.02867,41987066.0
2025-04-21 12:30:00+00:00,0.02867,0.02956,0.02867,0.02944,86111027.0
2025-04-21 12:45:00+00:00,0.02944,0.0303,0.02924,0.02925,137834600.0
2025-04-21 13:00:00+00:00,0.02925,0.02964,0.02891,0.02912,90624234.0
2025-04-21 13:15:00+00:00,0.02912,0.02926,0.02882,0.02917,44428660.0
2025-04-21 13:30:00+00:00,0.02916,0.0295,0.029,0.02914,34899332.0
2025-04-21 13:45:00+00:00,0.02914,0.02943,0.02904,0.02925,28892974.0
2025-04-21 14:00:00+00:00,0.02925,0.0298,0.0292,0.02975,34269158.0
2025-04-21 14:15:00+00:00,0.02974,0.02991,0.02955,0.02977,37790600.0
2025-04-21 14:30:00+00:00,0.02977,0.02991,0.02957,0.02973,23652643.0
2025-04-21 14:45:00+00:00,0.02973,0.02974,0.02907,0.02932,59618503.0
2025-04-21 15:00:00+00:00,0.02932,0.02945,0.0291,0.02935,22355187.0
2025-04-21 15:15:00+00:00,0.02936,0.0296,0.0292,0.02959,22303584.0
2025-04-21 15:30:00+00:00,0.02959,0.0297,0.02941,0.02963,20474507.0
2025-04-21 15:45:00+00:00,0.02963,0.02968,0.02933,0.02959,24622128.0
2025-04-21 16:00:00+00:00,0.02958,0.02964,0.02908,0.02926,47751885.0
2025-04-21 16:15:00+00:00,0.02927,0.0293,0.02893,0.02915,27480042.0
2025-04-21 16:30:00+00:00,0.02915,0.02921,0.02869,0.02884,45018325.0
2025-04-21 16:45:00+00:00,0.02883,0.02889,0.02851,0.02856,35151720.0
2025-04-21 17:00:00+00:00,0.02856,0.02858,0.02808,0.0283,64906965.0
2025-04-21 17:15:00+00:00,0.02831,0.02848,0.02814,0.02834,23899300.0
2025-04-21 17:30:00+00:00,0.02833,0.02847,0.02821,0.02823,11411031.0
2025-04-21 17:45:00+00:00,0.02824,0.02841,0.02822,0.02831,11554446.0
2025-04-21 18:00:00+00:00,0.02831,0.02835,0.0279,0.02807,38270397.0
2025-04-21 18:15:00+00:00,0.02808,0.02827,0.02806,0.02816,16976180.0
2025-04-21 18:30:00+00:00,0.02817,0.02829,0.02804,0.02811,20268375.0
2025-04-21 18:45:00+00:00,0.02811,0.02838,0.02804,0.02819,17660805.0
2025-04-21 19:00:00+00:00,0.02819,0.02841,0.02816,0.02835,17909083.0
2025-04-21 19:15:00+00:00,0.02834,0.02851,0.02828,0.02838,16928221.0
2025-04-21 19:30:00+00:00,0.02837,0.02845,0.02826,0.0284,13367874.0
2025-04-21 19:45:00+00:00,0.02841,0.02846,0.02826,0.02832,9767881.0
2025-04-21 20:00:00+00:00,0.02832,0.02836,0.02811,0.02814,15337850.0
2025-04-21 20:15:00+00:00,0.02814,0.02827,0.02809,0.02822,9326974.0
2025-04-21 20:30:00+00:00,0.02821,0.02859,0.02818,0.02854,10508120.0
2025-04-21 20:45:00+00:00,0.02854,0.02862,0.02848,0.02853,9464951.0
2025-04-21 21:00:00+00:00,0.02854,0.02855,0.02832,0.02834,15298351.0
2025-04-21 21:15:00+00:00,0.02834,0.02851,0.02833,0.02845,11003827.0
2025-04-21 21:30:00+00:00,0.02844,0.02865,0.02832,0.02849,14638467.0
2025-04-21 21:45:00+00:00,0.02849,0.02877,0.02848,0.02867,8319295.0
2025-04-21 22:00:00+00:00,0.02867,0.02877,0.02851,0.02866,20593981.0
2025-04-21 22:15:00+00:00,0.02866,0.02867,0.02833,0.02834,22311537.0
2025-04-21 22:30:00+00:00,0.02835,0.02863,0.02832,0.0285,21490338.0
2025-04-21 22:45:00+00:00,0.02849,0.02859,0.02835,0.02844,9938128.0
2025-04-21 23:00:00+00:00,0.02844,0.02855,0.02814,0.02845,29667450.0
2025-04-21 23:15:00+00:00,0.02844,0.02905,0.02844,0.02902,37645793.0
2025-04-21 23:30:00+00:00,0.02902,0.02936,0.0289,0.02924,40230784.0
2025-04-21 23:45:00+00:00,0.02924,0.0293,0.02879,0.02898,33079352.0
2025-04-22 00:00:00+00:00,0.02899,0.02899,0.0283,0.0286,58883549.0
2025-04-22 00:15:00+00:00,0.0286,0.02917,0.02856,0.02898,57717964.0
2025-04-22 00:30:00+00:00,0.02897,0.02909,0.02856,0.02896,47698170.0
2025-04-22 00:45:00+00:00,0.02896,0.02938,0.02883,0.02914,43062036.0
2025-04-22 01:00:00+00:00,0.02913,0.03142,0.02913,0.03117,225093821.0
2025-04-22 01:15:00+00:00,0.03117,0.03162,0.03028,0.0307,142798182.0
2025-04-22 01:30:00+00:00,0.03071,0.03131,0.03059,0.03081,97567217.0
2025-04-22 01:45:00+00:00,0.0308,0.0315,0.03062,0.03115,74539851.0
2025-04-22 02:00:00+00:00,0.03115,0.03123,0.03045,0.03063,70956824.0
2025-04-22 02:15:00+00:00,0.03063,0.03114,0.03053,0.03106,48409387.0
2025-04-22 02:30:00+00:00,0.03107,0.03108,0.03064,0.03085,49760080.0
2025-04-22 02:45:00+00:00,0.03084,0.03187,0.03079,0.0318,117746442.0
2025-04-22 03:00:00+00:00,0.03181,0.03188,0.03029,0.03032,136660417.0
2025-04-22 03:15:00+00:00,0.03032,0.03047,0.02963,0.0302,119771226.0
2025-04-22 03:30:00+00:00,0.03021,0.03059,0.03007,0.03043,41237628.0
2025-04-22 03:45:00+00:00,0.03044,0.03075,0.0303,0.03063,54431335.0
2025-04-22 04:00:00+00:00,0.03064,0.03064,0.02989,0.03008,61298565.0
2025-04-22 04:15:00+00:00,0.03006,0.03016,0.0298,0.03006,42121685.0
2025-04-22 04:30:00+00:00,0.03006,0.03072,0.02996,0.03062,40495252.0
2025-04-22 04:45:00+00:00,0.03062,0.03068,0.03006,0.0302,58118774.0
2025-04-22 05:00:00+00:00,0.03021,0.03101,0.03004,0.0309,60939943.0
2025-04-22 05:15:00+00:00,0.03091,0.0314,0.03079,0.03127,62098678.0
2025-04-22 05:30:00+00:00,0.03128,0.03165,0.03103,0.03116,66040581.0
2025-04-22 05:45:00+00:00,0.03116,0.03157,0.03096,0.03107,48936174.0
2025-04-22 06:00:00+00:00,0.03108,0.0316,0.03108,0.03147,52663800.0
2025-04-22 06:15:00+00:00,0.03146,0.03161,0.02951,0.03026,175840872.0
2025-04-22 06:30:00+00:00,0.03025,0.03063,0.02972,0.02993,73360081.0
2025-04-22 06:45:00+00:00,0.02993,0.03013,0.02977,0.03003,44218307.0
2025-04-22 07:00:00+00:00,0.03003,0.03047,0.03,0.03041,47441649.0
2025-04-22 07:15:00+00:00,0.03041,0.03083,0.03031,0.03041,43504950.0
2025-04-22 07:30:00+00:00,0.03041,0.03079,0.03036,0.03041,41786007.0
2025-04-22 07:45:00+00:00,0.0304,0.03076,0.02999,0.03073,56833065.0
2025-04-22 08:00:00+00:00,0.03073,0.03076,0.03013,0.03043,52164283.0
2025-04-22 08:15:00+00:00,0.03045,0.03062,0.0302,0.03046,33768622.0
2025-04-22 08:30:00+00:00,0.03046,0.0312,0.03042,0.03094,54993838.0
2025-04-22 08:45:00+00:00,0.03094,0.03138,0.03086,0.03116,44075307.0
2025-04-22 09:00:00+00:00,0.03115,0.0313,0.03091,0.03102,45887501.0
2025-04-22 09:15:00+00:00,0.03101,0.03112,0.03084,0.03102,37555194.0
2025-04-22 09:30:00+00:00,0.03103,0.03104,0.03041,0.03071,58201137.0
2025-04-22 09:45:00+00:00,0.03071,0.03074,0.03004,0.03031,43607724.0
2025-04-22 10:00:00+00:00,0.03031,0.03042,0.03011,0.03026,25525750.0
2025-04-22 10:15:00+00:00,0.03025,0.03068,0.03024,0.03056,31152205.0
2025-04-22 10:30:00+00:00,0.03055,0.03076,0.03017,0.03033,30016162.0
2025-04-22 10:45:00+00:00,0.03032,0.03043,0.03025,0.03037,14356756.0
2025-04-22 11:00:00+00:00,0.03037,0.03068,0.03027,0.03058,27480889.0
2025-04-22 11:15:00+00:00,0.03058,0.0309,0.03045,0.03065,29615468.0
2025-04-22 11:30:00+00:00,0.03066,0.03084,0.03056,0.03077,23653954.0
2025-04-22 11:45:00+00:00,0.03076,0.03108,0.03063,0.03095,27958508.0
2025-04-22 12:00:00+00:00,0.03095,0.03108,0.03062,0.03064,35019124.0
2025-04-22 12:15:00+00:00,0.03064,0.03207,0.03053,0.03206,170858383.0
2025-04-22 12:30:00+00:00,0.03207,0.0322,0.03119,0.03147,88024533.0
2025-04-22 12:45:00+00:00,0.03147,0.03168,0.0312,0.03121,43809271.0
2025-04-22 13:00:00+00:00,0.03122,0.03164,0.03092,0.03122,63558110.0
2025-04-22 13:15:00+00:00,0.03121,0.03133,0.03088,0.03102,38595251.0
2025-04-22 13:30:00+00:00,0.03102,0.03113,0.03068,0.03098,46923802.0
2025-04-22 13:45:00+00:00,0.03099,0.0311,0.03082,0.03103,25814531.0
2025-04-22 14:00:00+00:00,0.03104,0.03154,0.03091,0.03154,43190210.0
2025-04-22 14:15:00+00:00,0.03154,0.03154,0.03116,0.03121,39657132.0
2025-04-22 14:30:00+00:00,0.03121,0.03147,0.03103,0.03127,33348442.0
2025-04-22 14:45:00+00:00,0.03126,0.03203,0.03124,0.03174,87631288.0
2025-04-22 15:00:00+00:00,0.03173,0.03267,0.03171,0.03226,88883693.0
2025-04-22 15:15:00+00:00,0.03227,0.03267,0.03185,0.03199,66042715.0
2025-04-22 15:30:00+00:00,0.03198,0.03198,0.03106,0.03116,60641917.0
2025-04-22 15:45:00+00:00,0.03116,0.03212,0.03116,0.03208,38691055.0
2025-04-22 16:00:00+00:00,0.03207,0.03234,0.03185,0.0319,39573083.0
2025-04-22 16:15:00+00:00,0.03189,0.03286,0.03175,0.03258,55019251.0
2025-04-22 16:30:00+00:00,0.03257,0.03264,0.03208,0.0322,35705885.0
2025-04-22 16:45:00+00:00,0.0322,0.03233,0.03201,0.03228,21312245.0
2025-04-22 17:00:00+00:00,0.03229,0.03272,0.03229,0.03244,36999932.0
2025-04-22 17:15:00+00:00,0.03244,0.0326,0.0322,0.03249,25507367.0
2025-04-22 17:30:00+00:00,0.03249,0.03256,0.03211,0.03213,21846373.0
2025-04-22 17:45:00+00:00,0.03213,0.03224,0.03205,0.03206,15264675.0
2025-04-22 18:00:00+00:00,0.03207,0.03208,0.03166,0.03173,33949777.0
2025-04-22 18:15:00+00:00,0.03173,0.03201,0.0315,0.03196,32235706.0
2025-04-22 18:30:00+00:00,0.03196,0.03204,0.03179,0.03195,20289935.0
2025-04-22 18:45:00+00:00,0.03195,0.03221,0.03184,0.03215,16200681.0
2025-04-22 19:00:00+00:00,0.03216,0.03234,0.03187,0.03192,30852227.0
2025-04-22 19:15:00+00:00,0.03193,0.03193,0.03166,0.03179,20418836.0
2025-04-22 19:30:00+00:00,0.03179,0.03184,0.03156,0.03166,17879177.0
2025-04-22 19:45:00+00:00,0.03166,0.03176,0.03161,0.03174,15927792.0
2025-04-22 20:00:00+00:00,0.03173,0.03198,0.03167,0.03186,17460823.0
2025-04-22 20:15:00+00:00,0.03186,0.0323,0.03174,0.03225,24802122.0
2025-04-22 20:30:00+00:00,0.03226,0.03253,0.03225,0.03248,22128872.0
2025-04-22 20:45:00+00:00,0.03247,0.03272,0.03242,0.03252,24781228.0
2025-04-22 21:00:00+00:00,0.03251,0.03255,0.03207,0.03211,22372305.0
2025-04-22 21:15:00+00:00,0.03213,0.03268,0.03208,0.03241,24397901.0
2025-04-22 21:30:00+00:00,0.03241,0.03262,0.03222,0.03258,14100752.0
2025-04-22 21:45:00+00:00,0.03259,0.03323,0.03239,0.03268,43142514.0
2025-04-22 22:00:00+00:00,0.03269,0.03319,0.03241,0.03281,50715962.0
2025-04-22 22:15:00+00:00,0.03283,0.03355,0.03267,0.03343,40498981.0
2025-04-22 22:30:00+00:00,0.03344,0.03364,0.03273,0.03332,50231001.0
2025-04-22 22:45:00+00:00,0.03333,0.0338,0.03295,0.03304,47381960.0
2025-04-22 23:00:00+00:00,0.03304,0.03325,0.03256,0.03281,41872122.0
2025-04-22 23:15:00+00:00,0.03282,0.03283,0.03238,0.0325,36088850.0
2025-04-22 23:30:00+00:00,0.03252,0.03279,0.03241,0.03265,21823830.0
2025-04-22 23:45:00+00:00,0.03266,0.03326,0.0326,0.03273,27301365.0
2025-04-23 00:00:00+00:00,0.03274,0.03312,0.03243,0.03302,39690667.0
2025-04-23 00:15:00+00:00,0.03302,0.03385,0.03278,0.03362,63782511.0
2025-04-23 00:30:00+00:00,0.03362,0.03401,0.03293,0.0333,60556533.0
2025-04-23 00:45:00+00:00,0.0333,0.03354,0.03249,0.03263,53910444.0
2025-04-23 01:00:00+00:00,0.03264,0.03308,0.03256,0.03282,43123884.0
2025-04-23 01:15:00+00:00,0.03282,0.03295,0.03223,0.03266,49360732.0
2025-04-23 01:30:00+00:00,0.03265,0.0327,0.03221,0.03248,43116230.0
2025-04-23 01:45:00+00:00,0.03247,0.03247,0.0312,0.03153,102828511.0
2025-04-23 02:00:00+00:00,0.03153,0.03211,0.03126,0.03208,39363115.0
2025-04-23 02:15:00+00:00,0.03207,0.03229,0.03187,0.03194,35505841.0
2025-04-23 02:30:00+00:00,0.03194,0.0332,0.03176,0.03288,52706802.0
2025-04-23 02:45:00+00:00,0.03286,0.03323,0.03259,0.03301,44097063.0
2025-04-23 03:00:00+00:00,0.033,0.03393,0.03299,0.03376,79550173.0
2025-04-23 03:15:00+00:00,0.03375,0.03478,0.03341,0.03383,111043440.0
2025-04-23 03:30:00+00:00,0.03383,0.03431,0.0335,0.03404,44487371.0
2025-04-23 03:45:00+00:00,0.03405,0.0349,0.03397,0.03481,72704749.0
2025-04-23 04:00:00+00:00,0.03482,0.03545,0.03433,0.03506,78533646.0
2025-04-23 04:15:00+00:00,0.03505,0.03505,0.03363,0.03398,63822242.0
2025-04-23 04:30:00+00:00,0.03398,0.03497,0.03375,0.03483,44998289.0
2025-04-23 04:45:00+00:00,0.03483,0.03555,0.03434,0.03533,88919529.0
2025-04-23 05:00:00+00:00,0.03533,0.03539,0.03417,0.03435,55927776.0
2025-04-23 05:15:00+00:00,0.03435,0.03436,0.03355,0.03411,50002496.0
2025-04-23 05:30:00+00:00,0.03411,0.03445,0.03382,0.03432,26652738.0
2025-04-23 05:45:00+00:00,0.03433,0.03459,0.0339,0.03411,30177917.0
2025-04-23 06:00:00+00:00,0.03412,0.03414,0.0333,0.03362,47063921.0
2025-04-23 06:15:00+00:00,0.03362,0.03362,0.03289,0.03293,45980572.0
2025-04-23 06:30:00+00:00,0.03292,0.03304,0.03248,0.03289,44696710.0
2025-04-23 06:45:00+00:00,0.0329,0.03346,0.03282,0.03346,34617827.0
2025-04-23 07:00:00+00:00,0.03345,0.03368,0.03287,0.03322,59076121.0
2025-04-23 07:15:00+00:00,0.03324,0.03459,0.03315,0.03445,45260659.0
2025-04-23 07:30:00+00:00,0.03445,0.03537,0.03421,0.03487,111290331.0
2025-04-23 07:45:00+00:00,0.03487,0.03527,0.03464,0.0349,60083971.0
2025-04-23 08:00:00+00:00,0.0349,0.03494,0.03388,0.03482,71401358.0
2025-04-23 08:15:00+00:00,0.03482,0.03581,0.03476,0.0353,71506200.0
2025-04-23 08:30:00+00:00,0.03531,0.03566,0.03453,0.03529,56043069.0
2025-04-23 08:45:00+00:00,0.03528,0.03597,0.03521,0.03524,52384643.0
2025-04-23 09:00:00+00:00,0.03524,0.03536,0.03432,0.03513,78714410.0
2025-04-23 09:15:00+00:00,0.03512,0.03547,0.03507,0.03524,24093107.0
2025-04-23 09:30:00+00:00,0.03523,0.03559,0.03501,0.03557,29807531.0
2025-04-23 09:45:00+00:00,0.03556,0.03556,0.03464,0.03471,35810326.0
2025-04-23 10:00:00+00:00,0.03472,0.03505,0.03406,0.03428,69311688.0
2025-04-23 10:15:00+00:00,0.03428,0.03539,0.03425,0.03526,41147008.0
2025-04-23 10:30:00+00:00,0.03527,0.0356,0.0348,0.03553,34631276.0
2025-04-23 10:45:00+00:00,0.03554,0.03614,0.03533,0.03587,45456554.0
2025-04-23 11:00:00+00:00,0.03586,0.03587,0.03521,0.03545,35006173.0
2025-04-23 11:15:00+00:00,0.03546,0.03557,0.03501,0.03509,24082192.0
2025-04-23 11:30:00+00:00,0.03508,0.03607,0.03474,0.03565,44237612.0
2025-04-23 11:45:00+00:00,0.03565,0.03587,0.03535,0.03564,29720343.0
2025-04-23 12:00:00+00:00,0.03564,0.03587,0.0354,0.03582,27404990.0
2025-04-23 12:15:00+00:00,0.03582,0.03622,0.03563,0.03596,46133044.0
2025-04-23 12:30:00+00:00,0.03596,0.03736,0.03579,0.03635,102707955.0
2025-04-23 12:45:00+00:00,0.03633,0.03738,0.03615,0.03702,64756567.0
2025-04-23 13:00:00+00:00,0.03702,0.03747,0.03679,0.03702,42117001.0
2025-04-23 13:15:00+00:00,0.037,0.03707,0.03626,0.0365,63532652.0
2025-04-23 13:30:00+00:00,0.03648,0.03694,0.03568,0.03593,107633121.0
2025-04-23 13:45:00+00:00,0.03594,0.037,0.03503,0.03551,124138827.0
2025-04-23 14:00:00+00:00,0.03552,0.0371,0.03552,0.0368,73498882.0
2025-04-23 14:15:00+00:00,0.03679,0.03683,0.0354,0.036,63261280.0
2025-04-23 14:30:00+00:00,0.036,0.03612,0.03532,0.03565,42445369.0
2025-04-23 14:45:00+00:00,0.03565,0.03567,0.03458,0.03486,65536190.0
2025-04-23 15:00:00+00:00,0.03485,0.03531,0.03449,0.03462,55043380.0
2025-04-23 15:15:00+00:00,0.03461,0.03485,0.03405,0.03436,69778331.0
2025-04-23 15:30:00+00:00,0.03437,0.03531,0.03423,0.03515,50372526.0
2025-04-23 15:45:00+00:00,0.03514,0.03526,0.03453,0.03487,33865951.0
2025-04-23 16:00:00+00:00,0.03487,0.03577,0.03461,0.03556,46691623.0
2025-04-23 16:15:00+00:00,0.03556,0.03568,0.03408,0.03468,60446716.0
2025-04-23 16:30:00+00:00,0.03469,0.0359,0.03424,0.03569,74308835.0
2025-04-23 16:45:00+00:00,0.03568,0.03627,0.03544,0.03593,41599910.0
2025-04-23 17:00:00+00:00,0.03592,0.03676,0.03573,0.03662,60509972.0
2025-04-23 17:15:00+00:00,0.03663,0.03805,0.03661,0.03732,98543666.0
2025-04-23 17:30:00+00:00,0.03732,0.03764,0.03646,0.03656,53576261.0
2025-04-23 17:45:00+00:00,0.03656,0.03659,0.03564,0.03639,37932494.0
2025-04-23 18:00:00+00:00,0.03638,0.03723,0.03632,0.03686,27540300.0
2025-04-23 18:15:00+00:00,0.03687,0.0374,0.03683,0.03713,18730632.0
2025-04-23 18:30:00+00:00,0.03714,0.03716,0.03622,0.03649,34907205.0
2025-04-23 18:45:00+00:00,0.03649,0.0369,0.03615,0.03627,19802384.0
2025-04-23 19:00:00+00:00,0.03627,0.03692,0.03622,0.03651,23022859.0
2025-04-23 19:15:00+00:00,0.03651,0.03677,0.03593,0.03614,29112916.0
2025-04-23 19:30:00+00:00,0.03614,0.03667,0.03609,0.03648,15797296.0
2025-04-23 19:45:00+00:00,0.03648,0.03669,0.03602,0.03665,17988544.0
2025-04-23 20:00:00+00:00,0.03664,0.037,0.03619,0.03642,40180758.0
2025-04-23 20:15:00+00:00,0.03641,0.03679,0.03627,0.03674,15395732.0
2025-04-23 20:30:00+00:00,0.03674,0.03674,0.03536,0.03572,36488457.0
2025-04-23 20:45:00+00:00,0.03573,0.03621,0.03567,0.03614,16325369.0
2025-04-23 21:00:00+00:00,0.03614,0.03618,0.03576,0.03591,19459671.0
2025-04-23 21:15:00+00:00,0.0359,0.03628,0.03552,0.03611,19120154.0
2025-04-23 21:30:00+00:00,0.03611,0.0362,0.03582,0.03602,14205339.0
2025-04-23 21:45:00+00:00,0.03602,0.03656,0.03592,0.03628,14308548.0
2025-04-23 22:00:00+00:00,0.03629,0.03687,0.03616,0.03682,22012175.0
2025-04-23 22:15:00+00:00,0.03681,0.03709,0.03652,0.03705,20021342.0
2025-04-23 22:30:00+00:00,0.03706,0.03735,0.03697,0.03724,18025231.0
2025-04-23 22:45:00+00:00,0.03724,0.0375,0.03672,0.03677,20057271.0
2025-04-23 23:00:00+00:00,0.03677,0.03681,0.03618,0.03631,30661988.0
2025-04-23 23:15:00+00:00,0.03632,0.03647,0.03613,0.03619,21757794.0
2025-04-23 23:30:00+00:00,0.03618,0.03654,0.03603,0.03644,18427875.0
2025-04-23 23:45:00+00:00,0.03645,0.03678,0.03607,0.03673,20562539.0
2025-04-24 00:00:00+00:00,0.0367,0.03769,0.0367,0.03756,69373409.0
2025-04-24 00:15:00+00:00,0.03755,0.03759,0.03572,0.03586,65071436.0
2025-04-24 00:30:00+00:00,0.03586,0.03731,0.03564,0.03728,46412210.0
2025-04-24 00:45:00+00:00,0.03727,0.03806,0.03679,0.03749,78191202.0
2025-04-24 01:00:00+00:00,0.0375,0.03784,0.03634,0.03655,55885106.0
2025-04-24 01:15:00+00:00,0.03655,0.03677,0.03524,0.03562,73678075.0
2025-04-24 01:30:00+00:00,0.03562,0.03657,0.03561,0.03615,34231371.0
2025-04-24 01:45:00+00:00,0.03615,0.03628,0.03551,0.03602,25772463.0
2025-04-24 02:00:00+00:00,0.03602,0.03728,0.03594,0.03674,36257699.0
2025-04-24 02:15:00+00:00,0.03674,0.03692,0.0362,0.0369,14523697.0
2025-04-24 02:30:00+00:00,0.03689,0.03721,0.03577,0.0358,28570929.0
2025-04-24 02:45:00+00:00,0.03579,0.03589,0.03501,0.03507,49506838.0
2025-04-24 03:00:00+00:00,0.03507,0.03531,0.03429,0.03471,71413520.0
2025-04-24 03:15:00+00:00,0.03472,0.03489,0.03433,0.03455,34256780.0
2025-04-24 03:30:00+00:00,0.03454,0.03476,0.03225,0.0335,177468743.0
2025-04-24 03:45:00+00:00,0.03351,0.03393,0.03335,0.03348,38088896.0
2025-04-24 04:00:00+00:00,0.03348,0.0348,0.03339,0.03439,58254270.0
2025-04-24 04:15:00+00:00,0.03438,0.0352,0.03419,0.03474,36776021.0
2025-04-24 04:30:00+00:00,0.03476,0.03487,0.03442,0.03468,19735038.0
2025-04-24 04:45:00+00:00,0.03468,0.03546,0.03464,0.03537,26896248.0
2025-04-24 05:00:00+00:00,0.03538,0.03579,0.03491,0.03529,51674922.0
2025-04-24 05:15:00+00:00,0.03528,0.03597,0.0352,0.03549,29096399.0
2025-04-24 05:30:00+00:00,0.03549,0.0357,0.03466,0.03483,41731836.0
2025-04-24 05:45:00+00:00,0.03483,0.03519,0.03459,0.03513,20740414.0
2025-04-24 06:00:00+00:00,0.03512,0.03571,0.035,0.03527,29256882.0
2025-04-24 06:15:00+00:00,0.03526,0.03527,0.03467,0.03473,20271404.0
2025-04-24 06:30:00+00:00,0.03475,0.03489,0.03422,0.03434,29566450.0
2025-04-24 06:45:00+00:00,0.03433,0.03445,0.034,0.03419,27759028.0
2025-04-24 07:00:00+00:00,0.03419,0.03462,0.0341,0.03432,29698050.0
2025-04-24 07:15:00+00:00,0.03432,0.03432,0.03395,0.03427,12693548.0
2025-04-24 07:30:00+00:00,0.03427,0.03449,0.0337,0.03393,24641298.0
2025-04-24 07:45:00+00:00,0.03393,0.03406,0.03373,0.0338,15726156.0
2025-04-24 08:00:00+00:00,0.03381,0.03447,0.0338,0.03406,31436441.0
2025-04-24 08:15:00+00:00,0.03406,0.0345,0.03398,0.03403,22818886.0
2025-04-24 08:30:00+00:00,0.03404,0.03408,0.03338,0.0337,44219469.0
2025-04-24 08:45:00+00:00,0.0337,0.03392,0.03352,0.03384,23164451.0
2025-04-24 09:00:00+00:00,0.03383,0.0339,0.03348,0.03354,17906371.0
2025-04-24 09:15:00+00:00,0.03354,0.03362,0.03304,0.0333,36388520.0
2025-04-24 09:30:00+00:00,0.0333,0.03334,0.0329,0.03319,25767868.0
2025-04-24 09:45:00+00:00,0.03318,0.03327,0.03275,0.03298,18967029.0
2025-04-24 10:00:00+00:00,0.03298,0.03306,0.03261,0.03288,27339713.0
2025-04-24 10:15:00+00:00,0.03287,0.03329,0.03287,0.03295,25248547.0
2025-04-24 10:30:00+00:00,0.03294,0.03303,0.03239,0.03266,32853047.0
2025-04-24 10:45:00+00:00,0.03266,0.03276,0.03257,0.03267,10342993.0
2025-04-24 11:00:00+00:00,0.03268,0.03271,0.03233,0.0324,21315075.0
2025-04-24 11:15:00+00:00,0.0324,0.03259,0.0323,0.0325,16578644.0
2025-04-24 11:30:00+00:00,0.03249,0.0327,0.03231,0.03245,20949744.0
2025-04-24 11:45:00+00:00,0.03244,0.03247,0.03191,0.03221,36976070.0
2025-04-24 12:00:00+00:00,0.03222,0.03245,0.03218,0.03233,18377917.0
2025-04-24 12:15:00+00:00,0.03232,0.03264,0.03226,0.03235,19011972.0
2025-04-24 12:30:00+00:00,0.03235,0.0325,0.0322,0.03248,14408585.0
2025-04-24 12:45:00+00:00,0.03249,0.03253,0.03222,0.03243,10804667.0
2025-04-24 13:00:00+00:00,0.03243,0.03273,0.03209,0.03269,22561302.0
2025-04-24 13:15:00+00:00,0.03267,0.03272,0.03244,0.03263,14982718.0
2025-04-24 13:30:00+00:00,0.03263,0.03319,0.03263,0.03311,42992056.0
2025-04-24 13:45:00+00:00,0.0331,0.03312,0.03285,0.033,19245943.0
2025-04-24 14:00:00+00:00,0.033,0.03377,0.0329,0.03319,58138353.0
2025-04-24 14:15:00+00:00,0.0332,0.03335,0.03277,0.03295,22088494.0
2025-04-24 14:30:00+00:00,0.03295,0.03319,0.03274,0.03311,28087712.0
2025-04-24 14:45:00+00:00,0.03311,0.03333,0.03296,0.03311,18408271.0
2025-04-24 15:00:00+00:00,0.03312,0.0335,0.03293,0.03337,26370880.0
2025-04-24 15:15:00+00:00,0.03337,0.03363,0.03313,0.03313,19707595.0
2025-04-24 15:30:00+00:00,0.03313,0.03372,0.03304,0.03352,24104603.0
2025-04-24 15:45:00+00:00,0.03352,0.03357,0.03294,0.03321,31805997.0
2025-04-24 16:00:00+00:00,0.03321,0.03342,0.03312,0.03322,20896008.0
2025-04-24 16:15:00+00:00,0.03323,0.03354,0.0332,0.03333,25797701.0
2025-04-24 16:30:00+00:00,0.03335,0.03357,0.03322,0.03337,20167124.0
2025-04-24 16:45:00+00:00,0.03338,0.0335,0.03325,0.03327,13113938.0
2025-04-24 17:00:00+00:00,0.03326,0.03338,0.03267,0.03273,38184520.0
2025-04-24 17:15:00+00:00,0.03273,0.03283,0.03218,0.03248,42227694.0
2025-04-24 17:30:00+00:00,0.03247,0.0325,0.032,0.03207,27488302.0
2025-04-24 17:45:00+00:00,0.03206,0.03217,0.03182,0.03204,32531064.0
2025-04-24 18:00:00+00:00,0.03203,0.03216,0.0319,0.03208,23076471.0
2025-04-24 18:15:00+00:00,0.03208,0.0321,0.03165,0.0317,34231333.0
2025-04-24 18:30:00+00:00,0.03171,0.03201,0.03167,0.03193,22858571.0
2025-04-24 18:45:00+00:00,0.03193,0.03202,0.03178,0.03187,12486910.0
2025-04-24 19:00:00+00:00,0.03188,0.0321,0.03183,0.03204,18680396.0
2025-04-24 19:15:00+00:00,0.03204,0.03226,0.03199,0.03211,18967582.0
2025-04-24 19:30:00+00:00,0.03212,0.03246,0.03209,0.03231,18933412.0
2025-04-24 19:45:00+00:00,0.03233,0.03235,0.03215,0.0322,12457101.0
2025-04-24 20:00:00+00:00,0.0322,0.03238,0.03205,0.03222,16050824.0
2025-04-24 20:15:00+00:00,0.03221,0.03225,0.0321,0.03225,10547103.0
2025-04-24 20:30:00+00:00,0.03223,0.0326,0.0322,0.0324,18339668.0
2025-04-24 20:45:00+00:00,0.03241,0.03259,0.03236,0.03238,11883596.0
2025-04-24 21:00:00+00:00,0.03237,0.0325,0.03218,0.03236,14658142.0
2025-04-24 21:15:00+00:00,0.03235,0.03244,0.03209,0.03215,11434289.0
2025-04-24 21:30:00+00:00,0.03215,0.03235,0.03212,0.03227,10071427.0
2025-04-24 21:45:00+00:00,0.03226,0.0326,0.03226,0.03251,9299646.0
2025-04-24 22:00:00+00:00,0.03251,0.03257,0.03217,0.03245,20844517.0
2025-04-24 22:15:00+00:00,0.03246,0.03255,0.03213,0.03239,19490699.0
2025-04-24 22:30:00+00:00,0.03238,0.03256,0.03233,0.03244,8319086.0
2025-04-24 22:45:00+00:00,0.03244,0.03247,0.03215,0.03217,12692081.0
2025-04-24 23:00:00+00:00,0.03218,0.03266,0.03213,0.03264,21101942.0
2025-04-24 23:15:00+00:00,0.03263,0.03296,0.0326,0.03283,18493071.0
2025-04-24 23:30:00+00:00,0.03282,0.033,0.03271,0.03299,10924666.0
2025-04-24 23:45:00+00:00,0.03299,0.03311,0.03294,0.03298,11254319.0
2025-04-25 00:00:00+00:00,0.03298,0.03299,0.03258,0.03258,27892445.0
2025-04-25 00:15:00+00:00,0.03258,0.0331,0.03237,0.03309,28122364.0
2025-04-25 00:30:00+00:00,0.0331,0.0333,0.03293,0.03304,21668710.0
2025-04-25 00:45:00+00:00,0.03304,0.03339,0.03294,0.03313,15982960.0
2025-04-25 01:00:00+00:00,0.03313,0.03345,0.03287,0.03324,28304785.0
2025-04-25 01:15:00+00:00,0.03324,0.03347,0.03311,0.03325,22407912.0
2025-04-25 01:30:00+00:00,0.03325,0.03346,0.03321,0.03335,11369863.0
2025-04-25 01:45:00+00:00,0.03336,0.03359,0.03287,0.03302,26927737.0
2025-04-25 02:00:00+00:00,0.03304,0.03355,0.03302,0.03332,18512259.0
2025-04-25 02:15:00+00:00,0.03331,0.03339,0.03296,0.03318,19018310.0
2025-04-25 02:30:00+00:00,0.03317,0.03334,0.03277,0.03277,17012663.0
2025-04-25 02:45:00+00:00,0.03277,0.033,0.03243,0.0326,30708638.0
2025-04-25 03:00:00+00:00,0.0326,0.03277,0.0324,0.03269,15360824.0
2025-04-25 03:15:00+00:00,0.03269,0.0328,0.03235,0.03254,14914661.0
2025-04-25 03:30:00+00:00,0.03255,0.03277,0.03229,0.03268,28134606.0
2025-04-25 03:45:00+00:00,0.03268,0.03283,0.03256,0.03267,11666847.0
2025-04-25 04:00:00+00:00,0.03266,0.0331,0.03256,0.03297,22197038.0
2025-04-25 04:15:00+00:00,0.03297,0.033,0.0326,0.03265,12332721.0
2025-04-25 04:30:00+00:00,0.03266,0.03291,0.03213,0.03278,55966554.0
2025-04-25 04:45:00+00:00,0.03278,0.03342,0.03269,0.03313,43517132.0
2025-04-25 05:00:00+00:00,0.03314,0.03353,0.03294,0.03327,31163572.0
2025-04-25 05:15:00+00:00,0.03328,0.03358,0.03297,0.03334,24158249.0
2025-04-25 05:30:00+00:00,0.03334,0.03364,0.03323,0.03358,23482011.0
2025-04-25 05:45:00+00:00,0.03358,0.03383,0.03324,0.0337,21689527.0
2025-04-25 06:00:00+00:00,0.0337,0.03444,0.03356,0.03443,32877141.0
2025-04-25 06:15:00+00:00,0.03444,0.03468,0.03413,0.03445,29975856.0
2025-04-25 06:30:00+00:00,0.03445,0.03491,0.03443,0.0347,34126648.0
2025-04-25 06:45:00+00:00,0.03471,0.035,0.03456,0.03478,23968319.0
2025-04-25 07:00:00+00:00,0.03477,0.03521,0.03467,0.03493,32335509.0
2025-04-25 07:15:00+00:00,0.03494,0.03543,0.03445,0.03458,45162450.0
2025-04-25 07:30:00+00:00,0.03458,0.0349,0.03448,0.03488,13599349.0
2025-04-25 07:45:00+00:00,0.03488,0.0349,0.03438,0.03453,25559284.0
2025-04-25 08:00:00+00:00,0.03452,0.03464,0.03437,0.03462,15642880.0
2025-04-25 08:15:00+00:00,0.03463,0.03485,0.03456,0.0346,11253614.0
2025-04-25 08:30:00+00:00,0.03461,0.03484,0.03443,0.03483,15365085.0
2025-04-25 08:45:00+00:00,0.03484,0.03512,0.03464,0.0351,20731511.0
2025-04-25 09:00:00+00:00,0.0351,0.03524,0.03484,0.03522,26558509.0
2025-04-25 09:15:00+00:00,0.03522,0.03527,0.03492,0.03516,18991753.0
2025-04-25 09:30:00+00:00,0.03518,0.0352,0.03408,0.03448,43003539.0
2025-04-25 09:45:00+00:00,0.03448,0.03487,0.03445,0.0348,13506826.0
2025-04-25 10:00:00+00:00,0.03483,0.03493,0.03443,0.0346,19939757.0
2025-04-25 10:15:00+00:00,0.0346,0.03482,0.03454,0.03476,10024767.0
2025-04-25 10:30:00+00:00,0.03475,0.03509,0.03455,0.035,25581112.0
2025-04-25 10:45:00+00:00,0.03501,0.03529,0.03488,0.03493,17749284.0
2025-04-25 11:00:00+00:00,0.03494,0.03527,0.03484,0.03508,17609276.0
2025-04-25 11:15:00+00:00,0.03507,0.03521,0.03498,0.03515,9111003.0
2025-04-25 11:30:00+00:00,0.03516,0.03529,0.0347,0.03477,17145285.0
2025-04-25 11:45:00+00:00,0.03477,0.03495,0.03458,0.03468,11249207.0
2025-04-25 12:00:00+00:00,0.03469,0.0351,0.03463,0.03499,15292296.0
2025-04-25 12:15:00+00:00,0.035,0.03508,0.03463,0.0347,15695688.0
2025-04-25 12:30:00+00:00,0.03469,0.03526,0.03457,0.03513,17567010.0
2025-04-25 12:45:00+00:00,0.03512,0.03525,0.03445,0.03483,20133445.0
2025-04-25 13:00:00+00:00,0.03483,0.03514,0.03476,0.03505,13849336.0
2025-04-25 13:15:00+00:00,0.03506,0.03515,0.03459,0.0348,28437894.0
2025-04-25 13:30:00+00:00,0.0348,0.03522,0.03458,0.03507,23315781.0
2025-04-25 13:45:00+00:00,0.03508,0.03529,0.03481,0.03503,19044767.0
2025-04-25 14:00:00+00:00,0.03505,0.03557,0.03499,0.03537,22094070.0
2025-04-25 14:15:00+00:00,0.03538,0.03545,0.03423,0.03451,54092625.0
2025-04-25 14:30:00+00:00,0.03452,0.03488,0.03422,0.03481,26690338.0
2025-04-25 14:45:00+00:00,0.03482,0.03521,0.03474,0.03508,22782035.0
2025-04-25 15:00:00+00:00,0.03509,0.03518,0.03453,0.03472,27243118.0
2025-04-25 15:15:00+00:00,0.03471,0.03484,0.03389,0.03427,28421350.0
2025-04-25 15:30:00+00:00,0.03427,0.03428,0.032,0.03282,126570452.0
2025-04-25 15:45:00+00:00,0.03284,0.03336,0.03278,0.03294,36366854.0
2025-04-25 16:00:00+00:00,0.03295,0.03354,0.03295,0.03335,24031456.0
2025-04-25 16:15:00+00:00,0.03335,0.03336,0.0327,0.03321,32223017.0
2025-04-25 16:30:00+00:00,0.03321,0.03359,0.03292,0.03355,20979229.0
2025-04-25 16:45:00+00:00,0.03356,0.03389,0.03323,0.03357,35222698.0
2025-04-25 17:00:00+00:00,0.03357,0.03445,0.03354,0.03443,38173074.0
2025-04-25 17:15:00+00:00,0.03443,0.03452,0.0342,0.03427,15390015.0
2025-04-25 17:30:00+00:00,0.03427,0.03438,0.03357,0.03381,29873732.0
2025-04-25 17:45:00+00:00,0.03381,0.03384,0.03346,0.03372,13588543.0
2025-04-25 18:00:00+00:00,0.03371,0.03422,0.03368,0.034,15471144.0
2025-04-25 18:15:00+00:00,0.03401,0.03423,0.03371,0.03414,20440449.0
2025-04-25 18:30:00+00:00,0.03415,0.03423,0.03399,0.03403,6932997.0
2025-04-25 18:45:00+00:00,0.03404,0.03411,0.03381,0.03393,6709298.0
2025-04-25 19:00:00+00:00,0.03394,0.03402,0.03348,0.03355,14401941.0
2025-04-25 19:15:00+00:00,0.03354,0.0339,0.03353,0.03382,7159962.0
2025-04-25 19:30:00+00:00,0.03382,0.03408,0.03379,0.03384,11867215.0
2025-04-25 19:45:00+00:00,0.03385,0.03393,0.03373,0.03384,6564739.0
2025-04-25 20:00:00+00:00,0.03384,0.03392,0.03358,0.03369,16133265.0
2025-04-25 20:15:00+00:00,0.0337,0.03376,0.03345,0.0337,10527129.0
2025-04-25 20:30:00+00:00,0.0337,0.03382,0.03352,0.03356,7297268.0
2025-04-25 20:45:00+00:00,0.03356,0.03373,0.03356,0.03363,3592383.0
2025-04-25 21:00:00+00:00,0.03363,0.03374,0.03343,0.03351,12080336.0
2025-04-25 21:15:00+00:00,0.03351,0.03352,0.03289,0.03312,16694280.0
2025-04-25 21:30:00+00:00,0.03312,0.03315,0.0325,0.03263,21877577.0
2025-04-25 21:45:00+00:00,0.03263,0.03283,0.03244,0.03265,17346949.0
2025-04-25 22:00:00+00:00,0.03264,0.03304,0.0326,0.03299,10519644.0
2025-04-25 22:15:00+00:00,0.033,0.03324,0.03289,0.03315,12399177.0
2025-04-25 22:30:00+00:00,0.03316,0.03359,0.03316,0.03347,13370512.0
2025-04-25 22:45:00+00:00,0.03347,0.03355,0.03337,0.0334,9816019.0
2025-04-25 23:00:00+00:00,0.03339,0.03374,0.03326,0.03356,12241140.0
2025-04-25 23:15:00+00:00,0.03354,0.03368,0.03348,0.03354,6579831.0
2025-04-25 23:30:00+00:00,0.03354,0.03356,0.03331,0.03333,6225683.0
2025-04-25 23:45:00+00:00,0.03333,0.0335,0.03333,0.03345,8551406.0
2025-04-26 00:00:00+00:00,0.03344,0.03367,0.03323,0.03355,23658268.0
2025-04-26 00:15:00+00:00,0.03356,0.0342,0.03353,0.03412,21952600.0
2025-04-26 00:30:00+00:00,0.03413,0.03474,0.03408,0.03469,18750459.0
2025-04-26 00:45:00+00:00,0.03469,0.03506,0.03459,0.03485,16991525.0
2025-04-26 01:00:00+00:00,0.03486,0.03491,0.03437,0.0344,20973442.0
2025-04-26 01:15:00+00:00,0.0344,0.03487,0.03415,0.03453,23098621.0
2025-04-26 01:30:00+00:00,0.03454,0.0354,0.03453,0.03509,16752260.0
2025-04-26 01:45:00+00:00,0.0351,0.03522,0.03464,0.03476,15703418.0
2025-04-26 02:00:00+00:00,0.03477,0.03511,0.03469,0.03501,15578721.0
2025-04-26 02:15:00+00:00,0.035,0.03548,0.035,0.03525,21328292.0
2025-04-26 02:30:00+00:00,0.03524,0.0354,0.035,0.03506,14237077.0
2025-04-26 02:45:00+00:00,0.03506,0.03519,0.03488,0.03518,14637880.0
2025-04-26 03:00:00+00:00,0.03519,0.03534,0.03488,0.0351,16464842.0
2025-04-26 03:15:00+00:00,0.0351,0.03512,0.03449,0.03455,20282376.0
2025-04-26 03:30:00+00:00,0.03456,0.0347,0.03441,0.03463,11438543.0
2025-04-26 03:45:00+00:00,0.03463,0.03486,0.03434,0.03475,11416833.0
2025-04-26 04:00:00+00:00,0.03474,0.03507,0.03461,0.03488,16657945.0
2025-04-26 04:15:00+00:00,0.03486,0.03491,0.03432,0.0344,13855529.0
2025-04-26 04:30:00+00:00,0.0344,0.03445,0.03405,0.03422,20896251.0
2025-04-26 04:45:00+00:00,0.03421,0.03435,0.03411,0.03412,11797635.0
2025-04-26 05:00:00+00:00,0.03412,0.03422,0.03356,0.03406,34185677.0
2025-04-26 05:15:00+00:00,0.03406,0.03417,0.03386,0.03415,11079004.0
2025-04-26 05:30:00+00:00,0.03414,0.03441,0.03397,0.03426,13480430.0
2025-04-26 05:45:00+00:00,0.03425,0.03481,0.03423,0.03446,18174320.0
2025-04-26 06:00:00+00:00,0.03446,0.03478,0.03441,0.03475,13189516.0
2025-04-26 06:15:00+00:00,0.03476,0.03477,0.03456,0.03466,10041622.0
2025-04-26 06:30:00+00:00,0.03466,0.03477,0.03446,0.03466,7817429.0
2025-04-26 06:45:00+00:00,0.03468,0.03502,0.03465,0.03492,12534469.0
2025-04-26 07:00:00+00:00,0.03492,0.03506,0.03487,0.03496,12236974.0
2025-04-26 07:15:00+00:00,0.03497,0.03501,0.03479,0.03479,10939477.0
2025-04-26 07:30:00+00:00,0.03478,0.03482,0.03452,0.03477,12662014.0
2025-04-26 07:45:00+00:00,0.03476,0.03488,0.03457,0.03462,8910622.0
2025-04-26 08:00:00+00:00,0.03462,0.03477,0.03453,0.03476,8759995.0
2025-04-26 08:15:00+00:00,0.03477,0.03516,0.03471,0.03496,18993454.0
2025-04-26 08:30:00+00:00,0.03497,0.03499,0.03432,0.0344,19820860.0
2025-04-26 08:45:00+00:00,0.03439,0.03448,0.03408,0.03438,26764947.0
2025-04-26 09:00:00+00:00,0.03438,0.03479,0.03427,0.03468,16664362.0
2025-04-26 09:15:00+00:00,0.03468,0.03528,0.03456,0.03511,25115445.0
2025-04-26 09:30:00+00:00,0.03512,0.03519,0.0347,0.03488,24297448.0
2025-04-26 09:45:00+00:00,0.03487,0.03508,0.0345,0.03477,23696617.0
2025-04-26 10:00:00+00:00,0.03478,0.03505,0.0346,0.03486,12554164.0
2025-04-26 10:15:00+00:00,0.03485,0.03544,0.03468,0.0347,23512910.0
2025-04-26 10:30:00+00:00,0.0347,0.03486,0.03454,0.03484,10970174.0
2025-04-26 10:45:00+00:00,0.03485,0.03514,0.03477,0.03498,9722154.0
2025-04-26 11:00:00+00:00,0.03498,0.03507,0.03473,0.03488,10862496.0
2025-04-26 11:15:00+00:00,0.03488,0.03504,0.0345,0.03457,14478895.0
2025-04-26 11:30:00+00:00,0.03458,0.03474,0.03401,0.03423,33377997.0
2025-04-26 11:45:00+00:00,0.03422,0.03436,0.03391,0.03433,20400919.0
2025-04-26 12:00:00+00:00,0.03432,0.03487,0.0343,0.03454,28464478.0
2025-04-26 12:15:00+00:00,0.03455,0.03487,0.03451,0.03473,15626361.0
2025-04-26 12:30:00+00:00,0.03473,0.03515,0.03473,0.03511,15803535.0
2025-04-26 12:45:00+00:00,0.0351,0.03527,0.03489,0.03509,13787255.0
2025-04-26 13:00:00+00:00,0.03509,0.03594,0.03505,0.03551,45945068.0
2025-04-26 13:15:00+00:00,0.03552,0.03587,0.03538,0.03554,22425327.0
2025-04-26 13:30:00+00:00,0.03555,0.03555,0.03458,0.03467,40816692.0
2025-04-26 13:45:00+00:00,0.03467,0.03503,0.0343,0.03499,30751211.0
2025-04-26 14:00:00+00:00,0.03498,0.0351,0.03444,0.03461,18062291.0
2025-04-26 14:15:00+00:00,0.03462,0.03485,0.03431,0.03466,17415951.0
2025-04-26 14:30:00+00:00,0.03466,0.03531,0.03466,0.0351,17746315.0
2025-04-26 14:45:00+00:00,0.0351,0.03543,0.03503,0.03528,17470941.0
2025-04-26 15:00:00+00:00,0.03527,0.03563,0.03527,0.03546,14291259.0
2025-04-26 15:15:00+00:00,0.03546,0.03569,0.03512,0.03527,15139016.0
2025-04-26 15:30:00+00:00,0.03527,0.03533,0.03502,0.03527,15265473.0
2025-04-26 15:45:00+00:00,0.03526,0.03597,0.03518,0.03572,25431130.0
2025-04-26 16:00:00+00:00,0.03573,0.03576,0.03534,0.03574,15551160.0
2025-04-26 16:15:00+00:00,0.03574,0.03628,0.03554,0.03573,24822076.0
2025-04-26 16:30:00+00:00,0.03574,0.03588,0.03507,0.03534,23883700.0
2025-04-26 16:45:00+00:00,0.03534,0.03566,0.03517,0.03545,11248750.0
2025-04-26 17:00:00+00:00,0.03544,0.03576,0.03527,0.03531,13283760.0
2025-04-26 17:15:00+00:00,0.03531,0.03555,0.03524,0.03542,10303084.0
2025-04-26 17:30:00+00:00,0.03541,0.03581,0.03525,0.03577,13105783.0
2025-04-26 17:45:00+00:00,0.03578,0.03591,0.03556,0.03557,9262138.0
2025-04-26 18:00:00+00:00,0.03557,0.03574,0.03532,0.03533,8731683.0
2025-04-26 18:15:00+00:00,0.03534,0.03555,0.03526,0.03549,7302415.0
2025-04-26 18:30:00+00:00,0.0355,0.03555,0.03518,0.03529,7224943.0
2025-04-26 18:45:00+00:00,0.03528,0.03533,0.0349,0.03504,18699214.0
2025-04-26 19:00:00+00:00,0.03503,0.03516,0.0348,0.03492,11219825.0
2025-04-26 19:15:00+00:00,0.03493,0.03532,0.03482,0.03527,12554413.0
2025-04-26 19:30:00+00:00,0.03528,0.03542,0.03518,0.03535,6587279.0
2025-04-26 19:45:00+00:00,0.03535,0.03556,0.03532,0.03545,7087739.0
2025-04-26 20:00:00+00:00,0.03545,0.03553,0.03513,0.03518,7832454.0
2025-04-26 20:15:00+00:00,0.03518,0.03541,0.03517,0.03539,4071891.0
2025-04-26 20:30:00+00:00,0.03539,0.03546,0.03507,0.03527,10218040.0
2025-04-26 20:45:00+00:00,0.03527,0.03547,0.03518,0.03519,5107316.0
2025-04-26 21:00:00+00:00,0.03519,0.0359,0.03515,0.03571,12984080.0
2025-04-26 21:15:00+00:00,0.03571,0.03626,0.03562,0.03595,16561683.0
2025-04-26 21:30:00+00:00,0.03594,0.03744,0.03591,0.03713,41860853.0
2025-04-26 21:45:00+00:00,0.03714,0.03725,0.03649,0.03658,28989866.0
2025-04-26 22:00:00+00:00,0.03659,0.0368,0.03622,0.03668,22353525.0
2025-04-26 22:15:00+00:00,0.03667,0.03694,0.03626,0.03634,14576236.0
2025-04-26 22:30:00+00:00,0.03635,0.03638,0.03557,0.03616,22683752.0
2025-04-26 22:45:00+00:00,0.03616,0.03617,0.03582,0.03587,13838572.0
2025-04-26 23:00:00+00:00,0.03589,0.03631,0.0358,0.03624,10398056.0
2025-04-26 23:15:00+00:00,0.03625,0.0363,0.0359,0.03604,7833659.0
2025-04-26 23:30:00+00:00,0.03604,0.03656,0.03592,0.03623,14172163.0
2025-04-26 23:45:00+00:00,0.03623,0.03684,0.03623,0.03661,12495365.0
2025-04-27 00:00:00+00:00,0.03661,0.03672,0.03587,0.03623,29790045.0
2025-04-27 00:15:00+00:00,0.03624,0.0366,0.03579,0.03592,27081041.0
2025-04-27 00:30:00+00:00,0.03592,0.03611,0.03571,0.03595,13290503.0
2025-04-27 00:45:00+00:00,0.03594,0.03675,0.03579,0.03647,23673834.0
2025-04-27 01:00:00+00:00,0.03647,0.03652,0.03526,0.0358,45189947.0
2025-04-27 01:15:00+00:00,0.03579,0.03584,0.03407,0.03487,83580593.0
2025-04-27 01:30:00+00:00,0.03487,0.03504,0.0343,0.03469,42230177.0
2025-04-27 01:45:00+00:00,0.03469,0.03472,0.0342,0.03457,25665564.0
2025-04-27 02:00:00+00:00,0.03458,0.03475,0.03436,0.0347,21573292.0
2025-04-27 02:15:00+00:00,0.03471,0.03515,0.03437,0.03477,16648875.0
2025-04-27 02:30:00+00:00,0.03477,0.03507,0.0343,0.03441,20749618.0
2025-04-27 02:45:00+00:00,0.0344,0.03496,0.0344,0.03466,15944507.0
2025-04-27 03:00:00+00:00,0.03466,0.03488,0.03456,0.03465,12847103.0
2025-04-27 03:15:00+00:00,0.03465,0.03501,0.03464,0.0347,12058570.0
2025-04-27 03:30:00+00:00,0.0347,0.0354,0.0347,0.03507,19647237.0
2025-04-27 03:45:00+00:00,0.03508,0.03508,0.03451,0.03467,13732332.0
2025-04-27 04:00:00+00:00,0.03467,0.03514,0.0346,0.03496,15569463.0
2025-04-27 04:15:00+00:00,0.03495,0.03503,0.03458,0.03468,6833219.0
2025-04-27 04:30:00+00:00,0.03467,0.03474,0.0342,0.03435,16581977.0
2025-04-27 10:30:00+00:00,0.03529,0.03621,0.03523,0.0357,44937974.0
2025-04-27 10:45:00+00:00,0.0357,0.03599,0.03551,0.03587,21252849.0
2025-04-27 11:00:00+00:00,0.03587,0.03679,0.03586,0.03672,47045650.0
2025-04-27 11:15:00+00:00,0.03672,0.03754,0.03648,0.03705,61833853.0
2025-04-27 11:30:00+00:00,0.03704,0.04303,0.037,0.04084,284650842.0
2025-04-27 11:45:00+00:00,0.04081,0.04227,0.0387,0.03907,237174386.0
2025-04-27 12:00:00+00:00,0.03907,0.03996,0.03772,0.03909,147668793.0
2025-04-27 12:15:00+00:00,0.0391,0.0396,0.03717,0.03776,99365563.0
2025-04-27 12:30:00+00:00,0.03775,0.03795,0.03577,0.03618,122604899.0
2025-04-27 12:45:00+00:00,0.03619,0.0368,0.03555,0.03605,85321227.0
2025-04-27 13:00:00+00:00,0.03605,0.03607,0.03403,0.03457,120339667.0
2025-04-27 13:15:00+00:00,0.03457,0.03529,0.03429,0.03483,57753652.0
2025-04-27 13:30:00+00:00,0.03483,0.03569,0.03481,0.03562,38160276.0
2025-04-27 13:45:00+00:00,0.03561,0.03604,0.03521,0.03596,36984628.0
2025-04-27 14:00:00+00:00,0.03596,0.03632,0.0357,0.03575,39055713.0
2025-04-27 14:15:00+00:00,0.03575,0.03651,0.03571,0.03635,28712634.0
2025-04-27 14:30:00+00:00,0.03636,0.03661,0.03595,0.03622,31039975.0
2025-04-27 14:45:00+00:00,0.03621,0.03659,0.03605,0.03636,17732256.0
2025-04-27 15:00:00+00:00,0.03636,0.0365,0.03598,0.03615,25644501.0
2025-04-27 15:15:00+00:00,0.03614,0.03654,0.03537,0.0354,30990418.0
2025-04-27 15:30:00+00:00,0.03541,0.03559,0.03512,0.03539,23653731.0
2025-04-27 15:45:00+00:00,0.03538,0.03572,0.03495,0.03511,29128099.0
2025-04-27 16:00:00+00:00,0.03511,0.03532,0.03483,0.03529,22928814.0
2025-04-27 16:15:00+00:00,0.0353,0.03532,0.03417,0.03422,30743691.0
2025-04-27 16:30:00+00:00,0.03424,0.03469,0.03419,0.03466,29260020.0
2025-04-27 16:45:00+00:00,0.03465,0.03504,0.03461,0.03481,22040669.0
2025-04-27 17:00:00+00:00,0.0348,0.03504,0.03447,0.03476,22793864.0
2025-04-27 17:15:00+00:00,0.03475,0.03494,0.03461,0.03482,11835803.0
2025-04-27 17:30:00+00:00,0.03483,0.03526,0.03468,0.03512,12896633.0
2025-04-27 17:45:00+00:00,0.03513,0.0353,0.03503,0.03524,9029436.0
2025-04-27 18:00:00+00:00,0.03524,0.03582,0.03513,0.03576,26950431.0
2025-04-27 18:15:00+00:00,0.03576,0.03592,0.03564,0.03586,13651265.0
2025-04-27 18:30:00+00:00,0.03586,0.03662,0.03582,0.03649,27435534.0
2025-04-27 18:45:00+00:00,0.03649,0.03659,0.03593,0.0361,23436413.0
2025-04-27 19:00:00+00:00,0.0361,0.03626,0.03562,0.03565,20361866.0
2025-04-27 19:15:00+00:00,0.03566,0.03578,0.03521,0.03546,18039300.0
2025-04-27 19:30:00+00:00,0.03547,0.03579,0.03535,0.03577,16210841.0
2025-04-27 19:45:00+00:00,0.03576,0.03587,0.03523,0.03536,14035524.0
2025-04-27 20:00:00+00:00,0.03536,0.03556,0.03519,0.03533,15369156.0
2025-04-27 20:15:00+00:00,0.03533,0.03572,0.03528,0.03563,12509010.0
2025-04-27 20:30:00+00:00,0.03564,0.03652,0.03562,0.0361,34973173.0
2025-04-27 20:45:00+00:00,0.03609,0.03659,0.03602,0.03624,25780250.0
2025-04-27 21:00:00+00:00,0.03624,0.03639,0.03536,0.03546,23494946.0
2025-04-27 21:15:00+00:00,0.03548,0.03601,0.03521,0.03592,19132745.0
2025-04-27 21:30:00+00:00,0.03591,0.03615,0.0356,0.03576,20286232.0
2025-04-27 21:45:00+00:00,0.03576,0.03588,0.03561,0.03574,9353671.0
2025-04-27 22:00:00+00:00,0.03574,0.03584,0.03541,0.03544,13266709.0
2025-04-27 22:15:00+00:00,0.03544,0.03563,0.03519,0.03535,20082510.0
2025-04-27 22:30:00+00:00,0.03535,0.03536,0.03507,0.03523,17281831.0
2025-04-27 22:45:00+00:00,0.03522,0.03533,0.03494,0.03496,11669227.0
2025-04-27 23:00:00+00:00,0.03496,0.03496,0.03448,0.03464,27653120.0
2025-04-27 23:15:00+00:00,0.03463,0.03531,0.03456,0.03518,18220156.0
2025-04-27 23:30:00+00:00,0.03518,0.03553,0.0351,0.0353,17671139.0
2025-04-27 23:45:00+00:00,0.0353,0.03592,0.03508,0.03564,33305887.0
2025-04-28 00:00:00+00:00,0.03564,0.0361,0.0355,0.03556,54400368.0
2025-04-28 00:15:00+00:00,0.03557,0.03598,0.03542,0.03595,38894786.0
2025-04-28 00:30:00+00:00,0.03595,0.03607,0.03554,0.03565,35907899.0
2025-04-28 00:45:00+00:00,0.03566,0.03569,0.03487,0.03498,32082367.0
2025-04-28 01:00:00+00:00,0.03498,0.03553,0.03484,0.03542,26744713.0
2025-04-28 01:15:00+00:00,0.03543,0.03564,0.03475,0.03493,31675703.0
2025-04-28 01:30:00+00:00,0.03493,0.03503,0.03402,0.03417,61174568.0
2025-04-28 01:45:00+00:00,0.03418,0.03433,0.0331,0.0339,71511416.0
2025-04-28 02:00:00+00:00,0.03391,0.03472,0.0338,0.03463,37102418.0
2025-04-28 02:15:00+00:00,0.03463,0.03509,0.03456,0.03499,20352867.0
2025-04-28 02:30:00+00:00,0.03498,0.03525,0.03462,0.03522,23534041.0
2025-04-28 02:45:00+00:00,0.03522,0.03536,0.03494,0.03501,16504619.0
2025-04-28 03:00:00+00:00,0.03502,0.03551,0.03483,0.03537,18278050.0
2025-04-28 03:15:00+00:00,0.03536,0.03549,0.03519,0.03535,11712877.0
2025-04-28 03:30:00+00:00,0.03535,0.03549,0.03499,0.03511,20656961.0
2025-04-28 03:45:00+00:00,0.03511,0.03517,0.03476,0.03499,13333541.0
2025-04-28 04:00:00+00:00,0.03498,0.03618,0.03483,0.03604,45811998.0
2025-04-28 04:15:00+00:00,0.03603,0.03688,0.036,0.03639,50356432.0
2025-04-28 04:30:00+00:00,0.03639,0.03732,0.03638,0.037,55307973.0
2025-04-28 04:45:00+00:00,0.03701,0.0376,0.03698,0.03725,50816634.0
2025-04-28 05:00:00+00:00,0.03726,0.03735,0.03685,0.03712,33500058.0
2025-04-28 05:15:00+00:00,0.03712,0.03744,0.03688,0.03734,28453847.0
2025-04-28 05:30:00+00:00,0.03735,0.0374,0.03679,0.03681,21409897.0
2025-04-28 05:45:00+00:00,0.03681,0.03749,0.03658,0.03671,45555036.0
2025-04-28 06:00:00+00:00,0.03672,0.0372,0.03591,0.0369,51424997.0
2025-04-28 06:15:00+00:00,0.0369,0.03776,0.03689,0.03696,34955094.0
2025-04-28 06:30:00+00:00,0.03696,0.03768,0.03668,0.0374,30711918.0
2025-04-28 06:45:00+00:00,0.0374,0.03769,0.03706,0.03749,29412559.0
2025-04-28 07:00:00+00:00,0.0375,0.03812,0.03708,0.03752,51218545.0
2025-04-28 07:15:00+00:00,0.03752,0.03765,0.03711,0.03745,20315915.0
2025-04-28 07:30:00+00:00,0.03745,0.03799,0.0373,0.03787,21423010.0
2025-04-28 07:45:00+00:00,0.03786,0.03788,0.03722,0.03742,14803963.0
2025-04-28 08:00:00+00:00,0.03743,0.0378,0.03669,0.03698,46468819.0
2025-04-28 08:15:00+00:00,0.03697,0.0374,0.03696,0.03737,15016003.0
2025-04-28 08:30:00+00:00,0.03738,0.0375,0.03686,0.03697,20290309.0
2025-04-28 08:45:00+00:00,0.03698,0.03702,0.03681,0.03686,11444832.0
2025-04-28 09:00:00+00:00,0.03687,0.03741,0.03684,0.03702,26251209.0
2025-04-28 09:15:00+00:00,0.03701,0.0374,0.03683,0.03699,17052667.0
2025-04-28 09:30:00+00:00,0.03698,0.03735,0.03684,0.03703,17617975.0
2025-04-28 09:45:00+00:00,0.03702,0.03732,0.037,0.03714,15569283.0
2025-04-28 10:00:00+00:00,0.03713,0.03724,0.03657,0.0367,26108605.0
2025-04-28 10:15:00+00:00,0.0367,0.03679,0.036,0.03646,32222203.0
2025-04-28 10:30:00+00:00,0.03645,0.0375,0.03642,0.03725,36219696.0
2025-04-28 10:45:00+00:00,0.03725,0.03773,0.03714,0.03714,34450005.0
2025-04-28 11:00:00+00:00,0.03714,0.03716,0.03648,0.03656,32253377.0
2025-04-28 11:15:00+00:00,0.03655,0.0371,0.03655,0.03698,14124763.0
2025-04-28 11:30:00+00:00,0.03697,0.03715,0.0369,0.03708,10406436.0
2025-04-28 11:45:00+00:00,0.03708,0.03708,0.03667,0.03681,15835207.0
2025-04-28 12:00:00+00:00,0.0368,0.03693,0.036,0.03644,37182030.0
2025-04-28 12:15:00+00:00,0.03644,0.03699,0.03643,0.03679,18678530.0
2025-04-28 12:30:00+00:00,0.03679,0.03689,0.03659,0.03678,10299555.0
2025-04-28 12:45:00+00:00,0.03678,0.03698,0.03654,0.03663,10782042.0
2025-04-28 13:00:00+00:00,0.03662,0.03687,0.03658,0.03676,10348586.0
2025-04-28 13:15:00+00:00,0.03675,0.037,0.03666,0.03677,12034467.0
2025-04-28 13:30:00+00:00,0.03677,0.03696,0.03631,0.03683,33764507.0
2025-04-28 13:45:00+00:00,0.03684,0.03711,0.03646,0.03652,28501387.0
2025-04-28 14:00:00+00:00,0.03652,0.03712,0.03633,0.03706,24827486.0
2025-04-28 14:15:00+00:00,0.03707,0.03715,0.03638,0.03653,25392921.0
2025-04-28 14:30:00+00:00,0.03652,0.03656,0.03452,0.03506,118151796.0
2025-04-28 14:45:00+00:00,0.03506,0.0353,0.03411,0.03459,49387167.0
2025-04-28 15:00:00+00:00,0.03459,0.03467,0.03402,0.03413,35182084.0
2025-04-28 15:15:00+00:00,0.03412,0.03431,0.03362,0.03381,54232164.0
2025-04-28 15:30:00+00:00,0.03381,0.03404,0.03352,0.03389,28254941.0
2025-04-28 15:45:00+00:00,0.0339,0.03414,0.03379,0.03408,23834933.0
2025-04-28 16:00:00+00:00,0.03408,0.0345,0.0339,0.03413,33485759.0
2025-04-28 16:15:00+00:00,0.03413,0.03437,0.034,0.03428,16348246.0
2025-04-28 16:30:00+00:00,0.03429,0.03475,0.0342,0.03473,17792124.0
2025-04-28 16:45:00+00:00,0.03472,0.03498,0.03457,0.03473,24922796.0
2025-04-28 17:00:00+00:00,0.03473,0.03536,0.03471,0.0351,22324329.0
2025-04-28 17:15:00+00:00,0.0351,0.03536,0.03488,0.03513,22340812.0
2025-04-28 17:30:00+00:00,0.03513,0.03522,0.03501,0.03511,7393247.0
2025-04-28 17:45:00+00:00,0.0351,0.03514,0.03495,0.03508,9071355.0
2025-04-28 18:00:00+00:00,0.03507,0.03532,0.03491,0.03493,16733173.0
2025-04-28 18:15:00+00:00,0.03493,0.03511,0.03492,0.03506,5606945.0
2025-04-28 18:30:00+00:00,0.03506,0.03512,0.03495,0.03502,6295498.0
2025-04-28 18:45:00+00:00,0.03504,0.03524,0.035,0.03517,9378003.0
2025-04-28 19:00:00+00:00,0.03516,0.03557,0.03511,0.03523,19495345.0
2025-04-28 19:15:00+00:00,0.03524,0.03527,0.03504,0.03513,7839394.0
2025-04-28 19:30:00+00:00,0.03513,0.0354,0.03513,0.03537,8958846.0
2025-04-28 19:45:00+00:00,0.03537,0.03552,0.0353,0.03534,7528972.0
2025-04-28 20:00:00+00:00,0.03535,0.03549,0.03522,0.03526,8846190.0
2025-04-28 20:15:00+00:00,0.03527,0.03587,0.03526,0.03585,14343318.0
2025-04-28 20:30:00+00:00,0.03586,0.03598,0.03564,0.03573,11990735.0
2025-04-28 20:45:00+00:00,0.03573,0.03583,0.03531,0.03548,12736971.0
2025-04-28 21:00:00+00:00,0.03549,0.03595,0.03549,0.0359,10025196.0
2025-04-28 21:15:00+00:00,0.0359,0.03591,0.03459,0.03528,32600587.0
2025-04-28 21:30:00+00:00,0.03529,0.03539,0.03502,0.03503,11420696.0
2025-04-28 21:45:00+00:00,0.03504,0.03536,0.0348,0.03526,13510054.0
2025-04-28 22:00:00+00:00,0.03526,0.03538,0.03501,0.03511,10547390.0
2025-04-28 22:15:00+00:00,0.0351,0.03511,0.03473,0.03483,10702157.0
2025-04-28 22:30:00+00:00,0.03483,0.03507,0.03478,0.03498,6068552.0
2025-04-28 22:45:00+00:00,0.03497,0.03528,0.03489,0.03514,7630214.0
2025-04-28 23:00:00+00:00,0.03513,0.03518,0.03464,0.03469,9750516.0
2025-04-28 23:15:00+00:00,0.0347,0.03481,0.03437,0.03441,17130830.0
2025-04-28 23:30:00+00:00,0.03441,0.03493,0.03434,0.03486,13504501.0
2025-04-28 23:45:00+00:00,0.03485,0.03494,0.03469,0.03479,7435728.0
2025-04-29 00:00:00+00:00,0.03479,0.03491,0.03444,0.03461,28765711.0
2025-04-29 00:15:00+00:00,0.03461,0.03496,0.03457,0.03483,12827522.0
2025-04-29 00:30:00+00:00,0.0348,0.03499,0.03462,0.03481,10281240.0
2025-04-29 00:45:00+00:00,0.03482,0.03486,0.03434,0.03441,15937780.0
2025-04-29 01:00:00+00:00,0.0344,0.03467,0.03425,0.03452,17991239.0
2025-04-29 01:15:00+00:00,0.03452,0.03458,0.03421,0.03451,14520575.0
2025-04-29 01:30:00+00:00,0.03452,0.03467,0.03435,0.0344,21878723.0
2025-04-29 01:45:00+00:00,0.0344,0.03461,0.03439,0.0345,18705438.0
2025-04-29 02:00:00+00:00,0.0345,0.03454,0.034,0.03429,22478950.0
2025-04-29 02:15:00+00:00,0.03429,0.03442,0.03412,0.03413,13087609.0
2025-04-29 02:30:00+00:00,0.03413,0.03427,0.03402,0.03425,13418640.0
2025-04-29 02:45:00+00:00,0.03425,0.03428,0.03394,0.03422,15344409.0
2025-04-29 03:00:00+00:00,0.03421,0.03436,0.03417,0.03426,11494490.0
2025-04-29 03:15:00+00:00,0.03426,0.03438,0.03411,0.03419,8265930.0
2025-04-29 03:30:00+00:00,0.03418,0.03437,0.03412,0.03417,10750586.0
2025-04-29 03:45:00+00:00,0.03417,0.0344,0.03416,0.03428,10204285.0
2025-04-29 04:00:00+00:00,0.03429,0.0344,0.03404,0.03409,17056600.0
2025-04-29 04:15:00+00:00,0.0341,0.03424,0.0338,0.03397,16019614.0
2025-04-29 04:30:00+00:00,0.03397,0.03416,0.03384,0.03393,15517360.0
2025-04-29 04:45:00+00:00,0.03391,0.03394,0.03353,0.03376,29834512.0
2025-04-29 05:00:00+00:00,0.03377,0.034,0.03366,0.0337,16315443.0
2025-04-29 05:15:00+00:00,0.0337,0.03398,0.03366,0.03384,19138400.0
2025-04-29 05:30:00+00:00,0.03385,0.03398,0.03377,0.03395,19169147.0
2025-04-29 05:45:00+00:00,0.03394,0.03403,0.03388,0.03392,8714825.0
2025-04-29 06:00:00+00:00,0.03391,0.03418,0.03374,0.03394,22755963.0
2025-04-29 06:15:00+00:00,0.03393,0.03405,0.03381,0.03388,14025247.0
2025-04-29 06:30:00+00:00,0.03389,0.03402,0.03381,0.03388,12085673.0
2025-04-29 06:45:00+00:00,0.03388,0.03403,0.03385,0.03401,12825992.0
2025-04-29 07:00:00+00:00,0.03402,0.03432,0.03396,0.03421,13926388.0
2025-04-29 07:15:00+00:00,0.0342,0.03489,0.03419,0.03454,35124758.0
2025-04-29 07:30:00+00:00,0.03454,0.03483,0.0345,0.03462,18832716.0
2025-04-29 07:45:00+00:00,0.03463,0.03484,0.03463,0.03471,8716270.0
2025-04-29 08:00:00+00:00,0.03471,0.03473,0.03409,0.03445,23399161.0
2025-04-29 08:15:00+00:00,0.03444,0.03448,0.03416,0.03431,15587697.0
2025-04-29 08:30:00+00:00,0.0343,0.03434,0.03389,0.03401,19291909.0
2025-04-29 08:45:00+00:00,0.034,0.03428,0.034,0.03423,12491237.0
2025-04-29 09:00:00+00:00,0.03423,0.03428,0.03375,0.03384,18761047.0
2025-04-29 09:15:00+00:00,0.03385,0.03409,0.03367,0.03379,19080631.0
2025-04-29 09:30:00+00:00,0.03379,0.03384,0.03108,0.03226,167060803.0
2025-04-29 09:45:00+00:00,0.03228,0.03298,0.03222,0.03285,40834184.0
2025-04-29 10:00:00+00:00,0.03285,0.03317,0.03268,0.03301,26696469.0
2025-04-29 10:15:00+00:00,0.033,0.03308,0.03199,0.03228,51975378.0
2025-04-29 10:30:00+00:00,0.03229,0.03238,0.03161,0.03173,38884731.0
2025-04-29 10:45:00+00:00,0.03174,0.03208,0.03165,0.03195,24772156.0
2025-04-29 11:00:00+00:00,0.03194,0.03229,0.03185,0.03212,33687859.0
2025-04-29 11:15:00+00:00,0.03211,0.03222,0.03194,0.03209,11619965.0
2025-04-29 11:30:00+00:00,0.0321,0.03238,0.0321,0.03237,19376653.0
2025-04-29 11:45:00+00:00,0.03237,0.03244,0.03216,0.03242,11457790.0
2025-04-29 12:00:00+00:00,0.03243,0.03246,0.03217,0.03243,16464123.0
2025-04-29 12:15:00+00:00,0.03243,0.03248,0.03182,0.03193,20648495.0
2025-04-29 12:30:00+00:00,0.03193,0.03194,0.03146,0.03154,40167890.0
2025-04-29 12:45:00+00:00,0.03155,0.03169,0.03121,0.03162,43796673.0
2025-04-29 13:00:00+00:00,0.03162,0.03172,0.03145,0.03157,16658793.0
2025-04-29 13:15:00+00:00,0.03156,0.03186,0.03142,0.0317,15989323.0
2025-04-29 13:30:00+00:00,0.03169,0.03197,0.0316,0.03188,23060057.0
2025-04-29 13:45:00+00:00,0.03188,0.03197,0.03177,0.03184,13509859.0
2025-04-29 14:00:00+00:00,0.03184,0.03197,0.0315,0.03182,26958098.0
2025-04-29 14:15:00+00:00,0.03181,0.03181,0.03136,0.03161,22047624.0
2025-04-29 14:30:00+00:00,0.03161,0.03186,0.03155,0.0318,14324536.0
2025-04-29 14:45:00+00:00,0.03181,0.03183,0.03147,0.03161,19856540.0
2025-04-29 15:00:00+00:00,0.03162,0.03173,0.03152,0.03161,10888314.0
2025-04-29 15:15:00+00:00,0.0316,0.03175,0.03142,0.03169,15941339.0
2025-04-29 15:30:00+00:00,0.03169,0.03198,0.03168,0.03189,13274479.0
2025-04-29 15:45:00+00:00,0.03189,0.03194,0.03166,0.03188,10710265.0
2025-04-29 16:00:00+00:00,0.03188,0.03192,0.03158,0.03178,17672386.0
2025-04-29 16:15:00+00:00,0.03178,0.03203,0.0316,0.032,17636341.0
2025-04-29 16:30:00+00:00,0.03201,0.03207,0.03179,0.03189,15782931.0
2025-04-29 16:45:00+00:00,0.03189,0.03193,0.03164,0.03166,11177356.0
2025-04-29 17:00:00+00:00,0.03165,0.03172,0.03136,0.03152,25689961.0
2025-04-29 17:15:00+00:00,0.03152,0.03181,0.03148,0.03173,10448313.0
2025-04-29 17:30:00+00:00,0.03172,0.03174,0.03159,0.03164,7734037.0
2025-04-29 17:45:00+00:00,0.03163,0.03167,0.03155,0.03159,6873914.0
2025-04-29 18:00:00+00:00,0.0316,0.03176,0.03154,0.03161,11532052.0
2025-04-29 18:15:00+00:00,0.03161,0.03183,0.03161,0.03183,11078069.0
2025-04-29 18:30:00+00:00,0.03183,0.032,0.03176,0.03194,10989033.0
2025-04-29 18:45:00+00:00,0.03195,0.03209,0.03186,0.03197,8558037.0
2025-04-29 19:00:00+00:00,0.03196,0.03202,0.03173,0.03183,10684839.0
2025-04-29 19:15:00+00:00,0.03183,0.03201,0.03181,0.03195,6969194.0
2025-04-29 19:30:00+00:00,0.03194,0.03197,0.03178,0.03194,7355908.0
2025-04-29 19:45:00+00:00,0.03194,0.0321,0.03186,0.03191,8854124.0
2025-04-29 20:00:00+00:00,0.0319,0.03201,0.03175,0.03193,12634099.0
2025-04-29 20:15:00+00:00,0.03193,0.03194,0.03177,0.03182,5190741.0
2025-04-29 20:30:00+00:00,0.03182,0.03186,0.03164,0.03176,9740322.0
2025-04-29 20:45:00+00:00,0.03176,0.03208,0.03176,0.03192,11138670.0
2025-04-29 21:00:00+00:00,0.03192,0.03198,0.03144,0.03154,14141049.0
2025-04-29 21:15:00+00:00,0.03155,0.03171,0.0313,0.03167,23321070.0
2025-04-29 21:30:00+00:00,0.03167,0.03209,0.03157,0.03207,12127200.0
2025-04-29 21:45:00+00:00,0.03207,0.03224,0.03193,0.03221,22930399.0
2025-04-29 22:00:00+00:00,0.03221,0.03271,0.0321,0.03263,25376317.0
2025-04-29 22:15:00+00:00,0.03263,0.03269,0.03217,0.03228,26499032.0
2025-04-29 22:30:00+00:00,0.03228,0.03249,0.03216,0.03223,12667469.0
2025-04-29 22:45:00+00:00,0.03223,0.03235,0.03205,0.03227,12589080.0
2025-04-29 23:00:00+00:00,0.03228,0.03229,0.03172,0.03185,37916950.0
2025-04-29 23:15:00+00:00,0.03185,0.03207,0.03163,0.03178,21191321.0
2025-04-29 23:30:00+00:00,0.03179,0.0321,0.03148,0.03204,11857912.0
2025-04-29 23:45:00+00:00,0.03202,0.03204,0.0316,0.03167,15917567.0
2025-04-30 00:00:00+00:00,0.03167,0.032,0.03153,0.03182,20184860.0
2025-04-30 00:15:00+00:00,0.03182,0.03219,0.03168,0.03215,15653161.0
2025-04-30 00:30:00+00:00,0.03215,0.03241,0.03209,0.03212,11712299.0
2025-04-30 00:45:00+00:00,0.03212,0.03239,0.03199,0.03237,10844400.0
2025-04-30 01:00:00+00:00,0.03238,0.03261,0.03214,0.03221,12203958.0
2025-04-30 01:15:00+00:00,0.03221,0.0323,0.03196,0.03214,10104952.0
2025-04-30 01:30:00+00:00,0.03213,0.03214,0.03175,0.03178,11602716.0
2025-04-30 01:45:00+00:00,0.03179,0.03216,0.03173,0.03216,7520888.0
2025-04-30 02:00:00+00:00,0.03215,0.03234,0.03206,0.03217,10445319.0
2025-04-30 02:15:00+00:00,0.03217,0.03257,0.03214,0.0325,9290700.0
2025-04-30 02:30:00+00:00,0.03251,0.03271,0.03218,0.03267,13596978.0
2025-04-30 02:45:00+00:00,0.03266,0.03296,0.03263,0.03287,14645500.0
2025-04-30 03:00:00+00:00,0.03288,0.03309,0.03201,0.03223,34951375.0
2025-04-30 03:15:00+00:00,0.03223,0.03251,0.03206,0.03207,15478075.0
2025-04-30 03:30:00+00:00,0.03207,0.03236,0.03201,0.03228,9243012.0
2025-04-30 03:45:00+00:00,0.03228,0.03233,0.03213,0.03224,8044921.0
2025-04-30 04:00:00+00:00,0.03224,0.03253,0.03221,0.03248,17018966.0
2025-04-30 04:15:00+00:00,0.03249,0.03271,0.03209,0.03228,14603739.0
2025-04-30 04:30:00+00:00,0.03228,0.03235,0.03209,0.03222,9410447.0
2025-04-30 04:45:00+00:00,0.03222,0.03247,0.03222,0.03234,6785866.0
2025-04-30 05:00:00+00:00,0.03234,0.0324,0.03167,0.03178,30215006.0
2025-04-30 05:15:00+00:00,0.03178,0.03203,0.03155,0.03174,18900355.0
2025-04-30 05:30:00+00:00,0.03174,0.03196,0.03151,0.03188,15216541.0
2025-04-30 05:45:00+00:00,0.03187,0.03193,0.03168,0.03192,9707599.0
2025-04-30 06:00:00+00:00,0.03191,0.03203,0.03187,0.03196,7763091.0
2025-04-30 06:15:00+00:00,0.03195,0.03218,0.03187,0.03194,9019586.0
2025-04-30 06:30:00+00:00,0.03194,0.0321,0.0318,0.03182,7997193.0
2025-04-30 06:45:00+00:00,0.03181,0.03184,0.03154,0.03156,9194768.0
2025-04-30 07:00:00+00:00,0.03156,0.03172,0.0313,0.03166,21784312.0
2025-04-30 07:15:00+00:00,0.03165,0.03194,0.03164,0.03175,7784920.0
2025-04-30 07:30:00+00:00,0.03174,0.03179,0.0313,0.0314,14945068.0
2025-04-30 07:45:00+00:00,0.03141,0.03153,0.03134,0.03149,7585684.0
2025-04-30 08:00:00+00:00,0.03149,0.03168,0.03138,0.03155,12460523.0
2025-04-30 08:15:00+00:00,0.03156,0.0317,0.03114,0.03131,22850355.0
2025-04-30 08:30:00+00:00,0.03131,0.03192,0.0313,0.03182,13662405.0
2025-04-30 08:45:00+00:00,0.03181,0.03188,0.03163,0.03183,7362175.0
2025-04-30 09:00:00+00:00,0.03183,0.03243,0.0317,0.03229,24003317.0
2025-04-30 09:15:00+00:00,0.03228,0.03271,0.03227,0.0325,18735970.0
2025-04-30 09:30:00+00:00,0.03251,0.03262,0.03217,0.03223,20407067.0
2025-04-30 09:45:00+00:00,0.03222,0.03292,0.0322,0.03275,19683513.0
2025-04-30 10:00:00+00:00,0.03275,0.03316,0.03266,0.03285,18622052.0
2025-04-30 10:15:00+00:00,0.03285,0.03287,0.03212,0.03213,17894961.0
2025-04-30 10:30:00+00:00,0.03215,0.03256,0.03205,0.03249,8923033.0
2025-04-30 10:45:00+00:00,0.03249,0.03278,0.03245,0.03268,6523965.0
2025-04-30 11:00:00+00:00,0.03268,0.03315,0.03268,0.03295,13308779.0
2025-04-30 11:15:00+00:00,0.03296,0.03311,0.0326,0.03273,8712173.0
2025-04-30 11:30:00+00:00,0.03273,0.03338,0.03263,0.03332,21904579.0
2025-04-30 11:45:00+00:00,0.03333,0.03362,0.03314,0.03344,18509321.0
2025-04-30 12:00:00+00:00,0.03343,0.03344,0.03297,0.03316,21909604.0
2025-04-30 12:15:00+00:00,0.03314,0.0332,0.03266,0.03283,17029821.0
2025-04-30 12:30:00+00:00,0.03283,0.03298,0.0321,0.0324,34101844.0
2025-04-30 12:45:00+00:00,0.03239,0.03241,0.03193,0.03231,21873195.0
2025-04-30 13:00:00+00:00,0.03231,0.03252,0.03185,0.03188,25553203.0
2025-04-30 13:15:00+00:00,0.03188,0.03223,0.03177,0.03217,18880742.0
2025-04-30 13:30:00+00:00,0.03216,0.03216,0.03107,0.03153,42358661.0
2025-04-30 13:45:00+00:00,0.03152,0.03174,0.03117,0.03127,21738345.0
2025-04-30 14:00:00+00:00,0.03126,0.03215,0.03126,0.03203,27524071.0
2025-04-30 14:15:00+00:00,0.03202,0.03246,0.03186,0.03242,15270023.0
2025-04-30 14:30:00+00:00,0.03242,0.03273,0.03226,0.03246,14867348.0
2025-04-30 14:45:00+00:00,0.03246,0.0327,0.03225,0.03258,14319866.0
2025-04-30 15:00:00+00:00,0.03259,0.03294,0.03258,0.03269,13819506.0
2025-04-30 15:15:00+00:00,0.0327,0.03309,0.03262,0.03285,11343535.0
2025-04-30 15:30:00+00:00,0.03285,0.03288,0.03244,0.03275,11593938.0
2025-04-30 15:45:00+00:00,0.03275,0.03285,0.03264,0.0327,5879215.0
2025-04-30 16:00:00+00:00,0.03271,0.03305,0.03268,0.03286,14400257.0
2025-04-30 16:15:00+00:00,0.03285,0.03344,0.03285,0.03335,28182875.0
2025-04-30 16:30:00+00:00,0.03334,0.03348,0.03283,0.03345,28031277.0
2025-04-30 16:45:00+00:00,0.03344,0.03358,0.03306,0.03327,14469627.0
2025-04-30 17:00:00+00:00,0.03326,0.03363,0.03323,0.03354,13031275.0
2025-04-30 17:15:00+00:00,0.03354,0.03392,0.03327,0.03374,18466479.0
2025-04-30 17:30:00+00:00,0.03373,0.03435,0.03346,0.03406,34879586.0
2025-04-30 17:45:00+00:00,0.03406,0.03407,0.03368,0.03382,20367095.0
2025-04-30 18:00:00+00:00,0.03383,0.03425,0.03368,0.03387,18512491.0
2025-04-30 18:15:00+00:00,0.03387,0.03408,0.03355,0.03358,11801292.0
2025-04-30 18:30:00+00:00,0.03358,0.03363,0.03317,0.03331,13876988.0
2025-04-30 18:45:00+00:00,0.03331,0.03354,0.03325,0.03346,7743510.0
2025-04-30 19:00:00+00:00,0.03347,0.0335,0.03304,0.03311,10828407.0
2025-04-30 19:15:00+00:00,0.03312,0.03318,0.03268,0.03274,18580982.0
2025-04-30 19:30:00+00:00,0.03276,0.0332,0.03262,0.03315,11929249.0
2025-04-30 19:45:00+00:00,0.03316,0.03384,0.03316,0.03376,15786689.0
2025-04-30 20:00:00+00:00,0.03376,0.0342,0.03361,0.03395,19837236.0
2025-04-30 20:15:00+00:00,0.03395,0.03403,0.03366,0.03391,14074894.0
2025-04-30 20:30:00+00:00,0.03391,0.03419,0.03378,0.0341,7512479.0
2025-04-30 20:45:00+00:00,0.03411,0.0342,0.03401,0.03411,6662652.0
2025-04-30 21:00:00+00:00,0.03412,0.03439,0.03381,0.03385,15155572.0
2025-04-30 21:15:00+00:00,0.03386,0.03412,0.03383,0.03408,6029365.0
2025-04-30 21:30:00+00:00,0.03408,0.03411,0.03375,0.03378,7825334.0
2025-04-30 21:45:00+00:00,0.03379,0.03415,0.03364,0.0338,9812472.0
2025-04-30 22:00:00+00:00,0.03381,0.03438,0.0338,0.03429,11926403.0
2025-04-30 22:15:00+00:00,0.03429,0.03454,0.03418,0.03432,9986330.0
2025-04-30 22:30:00+00:00,0.03433,0.03443,0.03421,0.03431,6826934.0
2025-04-30 22:45:00+00:00,0.03431,0.03456,0.03417,0.03421,8664921.0
2025-04-30 23:00:00+00:00,0.0342,0.03457,0.03417,0.03454,13702085.0
2025-04-30 23:15:00+00:00,0.03455,0.03476,0.03417,0.03424,10479452.0
2025-04-30 23:30:00+00:00,0.03423,0.03424,0.03385,0.0339,14244198.0
2025-04-30 23:45:00+00:00,0.0339,0.03443,0.03388,0.03435,13811110.0
2025-05-01 00:00:00+00:00,0.03436,0.03455,0.03407,0.03455,17249958.0
2025-05-01 00:15:00+00:00,0.03456,0.03486,0.03444,0.03457,15822990.0
2025-05-01 00:30:00+00:00,0.03457,0.03464,0.0339,0.03393,12140964.0
2025-05-01 00:45:00+00:00,0.03394,0.03425,0.03391,0.03414,6069320.0
2025-05-01 01:00:00+00:00,0.03413,0.03444,0.03406,0.03416,6492656.0
2025-05-01 01:15:00+00:00,0.03415,0.0344,0.03398,0.03404,5525249.0
2025-05-01 01:30:00+00:00,0.03403,0.03413,0.03386,0.03401,4220027.0
2025-05-01 01:45:00+00:00,0.03402,0.03425,0.03366,0.03412,15758307.0
2025-05-01 02:00:00+00:00,0.03411,0.03422,0.03381,0.03387,6338599.0
2025-05-01 02:15:00+00:00,0.03387,0.03413,0.03382,0.0341,5018294.0
2025-05-01 02:30:00+00:00,0.03411,0.03465,0.03398,0.03418,12710656.0
2025-05-01 02:45:00+00:00,0.03418,0.03445,0.03391,0.03394,9635506.0
2025-05-01 03:00:00+00:00,0.03396,0.0341,0.03386,0.03392,6708798.0
2025-05-01 03:15:00+00:00,0.03391,0.034,0.03376,0.03384,4994424.0
2025-05-01 03:30:00+00:00,0.03384,0.03385,0.03334,0.03344,15603084.0
2025-05-01 03:45:00+00:00,0.03344,0.03344,0.03324,0.03335,8321756.0
2025-05-01 04:00:00+00:00,0.03336,0.03409,0.03336,0.03397,10389817.0
2025-05-01 04:15:00+00:00,0.03396,0.0343,0.03378,0.03411,16170910.0
2025-05-01 04:30:00+00:00,0.03412,0.03414,0.03368,0.03392,9398303.0
2025-05-01 04:45:00+00:00,0.03392,0.03568,0.03392,0.03465,105180314.0
2025-05-01 05:00:00+00:00,0.03464,0.03465,0.03385,0.03404,33150267.0
2025-05-01 05:15:00+00:00,0.03404,0.03454,0.03381,0.03446,20173775.0
2025-05-01 05:30:00+00:00,0.03446,0.03466,0.03417,0.03436,12053426.0
2025-05-01 05:45:00+00:00,0.03437,0.03446,0.03398,0.03403,11198296.0
2025-05-01 06:00:00+00:00,0.03402,0.03428,0.03379,0.03392,14969036.0
2025-05-01 06:15:00+00:00,0.03393,0.03442,0.03386,0.0343,13365100.0
2025-05-01 06:30:00+00:00,0.0343,0.03458,0.03415,0.0342,12889814.0
2025-05-01 06:45:00+00:00,0.0342,0.03452,0.03413,0.03442,10281619.0
2025-05-01 07:00:00+00:00,0.03443,0.03453,0.03414,0.03423,8302654.0
2025-05-01 07:15:00+00:00,0.03421,0.03424,0.03352,0.03395,19776675.0
2025-05-01 07:30:00+00:00,0.03394,0.03398,0.03365,0.03376,11912338.0
2025-05-01 07:45:00+00:00,0.03376,0.03394,0.03354,0.03386,11306072.0
2025-05-01 08:00:00+00:00,0.03386,0.03386,0.03361,0.03368,9234154.0
2025-05-01 08:15:00+00:00,0.03367,0.03412,0.0336,0.03402,12591223.0
2025-05-01 08:30:00+00:00,0.03402,0.03459,0.0339,0.03434,18706248.0
2025-05-01 08:45:00+00:00,0.03433,0.03441,0.0341,0.03416,7534802.0
2025-05-01 09:00:00+00:00,0.03416,0.03434,0.0339,0.03401,10480484.0
2025-05-01 09:15:00+00:00,0.03401,0.03428,0.03389,0.03424,7670057.0
2025-05-01 09:30:00+00:00,0.03424,0.03439,0.03416,0.03422,7953852.0
2025-05-01 09:45:00+00:00,0.03422,0.03439,0.03376,0.03428,16063232.0
2025-05-01 10:00:00+00:00,0.03427,0.03468,0.03427,0.03461,16380014.0
2025-05-01 10:15:00+00:00,0.03461,0.03484,0.0345,0.03474,11285564.0
2025-05-01 10:30:00+00:00,0.03474,0.035,0.03453,0.03467,16759404.0
2025-05-01 10:45:00+00:00,0.03468,0.03473,0.03417,0.03466,14071733.0
2025-05-01 11:00:00+00:00,0.03466,0.03485,0.03432,0.03441,9798741.0
2025-05-01 11:15:00+00:00,0.03442,0.03455,0.03428,0.03437,6546398.0
2025-05-01 11:30:00+00:00,0.03439,0.03446,0.03419,0.03443,7066842.0
2025-05-01 11:45:00+00:00,0.03443,0.0347,0.03439,0.0346,13403170.0
2025-05-01 12:00:00+00:00,0.03459,0.03463,0.03435,0.03457,7089229.0
2025-05-01 12:15:00+00:00,0.03456,0.03462,0.0344,0.03445,4069532.0
2025-05-01 12:30:00+00:00,0.03444,0.03462,0.03435,0.03456,9816746.0
2025-05-01 12:45:00+00:00,0.03457,0.03461,0.03435,0.03449,4714688.0
2025-05-01 13:00:00+00:00,0.0345,0.0348,0.03433,0.03458,13780362.0
2025-05-01 13:15:00+00:00,0.03458,0.03483,0.0345,0.03474,7992136.0
2025-05-01 13:30:00+00:00,0.03476,0.03484,0.03427,0.03445,14290595.0
2025-05-01 13:45:00+00:00,0.03446,0.0346,0.03409,0.03417,11495639.0
2025-05-01 14:00:00+00:00,0.03418,0.03482,0.03409,0.03471,24245428.0
2025-05-01 14:15:00+00:00,0.03471,0.03508,0.03456,0.03506,11549914.0
2025-05-01 14:30:00+00:00,0.03506,0.03516,0.03482,0.03499,11470549.0
2025-05-01 14:45:00+00:00,0.03499,0.03521,0.03466,0.03484,13782295.0
2025-05-01 15:00:00+00:00,0.03485,0.03493,0.03437,0.0346,19332063.0
2025-05-01 15:15:00+00:00,0.03458,0.03493,0.03442,0.03479,18702305.0
2025-05-01 15:30:00+00:00,0.0348,0.03481,0.03446,0.03449,10352376.0
2025-05-01 15:45:00+00:00,0.03449,0.03459,0.03418,0.03436,12742899.0
2025-05-01 16:00:00+00:00,0.03437,0.03458,0.03431,0.03447,5956985.0
2025-05-01 16:15:00+00:00,0.03447,0.03517,0.03442,0.03471,22421450.0
2025-05-01 16:30:00+00:00,0.03472,0.03494,0.03452,0.03491,10410269.0
2025-05-01 16:45:00+00:00,0.03491,0.03497,0.03441,0.0346,13170209.0
2025-05-01 17:00:00+00:00,0.0346,0.03513,0.0346,0.0348,14600608.0
2025-05-01 17:15:00+00:00,0.03479,0.03498,0.0346,0.03466,8978052.0
2025-05-01 17:30:00+00:00,0.03466,0.03483,0.0345,0.03459,10307289.0
2025-05-01 17:45:00+00:00,0.0346,0.03484,0.03456,0.03479,4711158.0
2025-05-01 18:00:00+00:00,0.03479,0.03518,0.03462,0.03494,14253060.0
2025-05-01 18:15:00+00:00,0.03492,0.03492,0.03464,0.03474,4988946.0
2025-05-01 18:30:00+00:00,0.03475,0.0349,0.03467,0.03485,4300585.0
2025-05-01 18:45:00+00:00,0.03488,0.035,0.03466,0.0347,9145674.0
2025-05-01 19:00:00+00:00,0.0347,0.03491,0.0346,0.03485,17044573.0
2025-05-01 19:15:00+00:00,0.03485,0.03504,0.0348,0.03492,7161012.0
2025-05-01 19:30:00+00:00,0.03491,0.035,0.03471,0.03475,4788793.0
2025-05-01 19:45:00+00:00,0.03474,0.03483,0.03464,0.03473,4675899.0
2025-05-01 20:00:00+00:00,0.03473,0.03492,0.03463,0.0347,7130054.0
2025-05-01 20:15:00+00:00,0.0347,0.03519,0.03469,0.03496,15300834.0
2025-05-01 20:30:00+00:00,0.03497,0.03502,0.0346,0.03493,11271140.0
2025-05-01 20:45:00+00:00,0.03493,0.03514,0.03477,0.03491,8241388.0
2025-05-01 21:00:00+00:00,0.03491,0.03507,0.03487,0.03492,5827115.0
2025-05-01 21:15:00+00:00,0.03493,0.03505,0.0348,0.03489,4072689.0
2025-05-01 21:30:00+00:00,0.0349,0.03501,0.03483,0.03492,3166758.0
2025-05-01 21:45:00+00:00,0.03492,0.03504,0.03491,0.03496,2756643.0
2025-05-01 22:00:00+00:00,0.03496,0.0351,0.03485,0.03502,3930240.0
2025-05-01 22:15:00+00:00,0.03503,0.03505,0.03482,0.03496,5933495.0
2025-05-01 22:30:00+00:00,0.03497,0.03515,0.03493,0.03512,3348317.0
2025-05-01 22:45:00+00:00,0.03511,0.03531,0.0351,0.03515,5434809.0
2025-05-01 23:00:00+00:00,0.03514,0.03517,0.03494,0.03497,5185364.0
2025-05-01 23:15:00+00:00,0.03496,0.03499,0.03473,0.03483,9580312.0
2025-05-01 23:30:00+00:00,0.03483,0.03483,0.03438,0.03446,13465775.0
2025-05-01 23:45:00+00:00,0.03447,0.03486,0.03447,0.03484,4633570.0
2025-05-02 00:00:00+00:00,0.03484,0.03486,0.03453,0.03466,7312430.0
2025-05-02 00:15:00+00:00,0.03466,0.03481,0.03459,0.03473,6483189.0
2025-05-02 00:30:00+00:00,0.03474,0.03494,0.03451,0.03459,5777004.0
2025-05-02 00:45:00+00:00,0.0346,0.0347,0.0344,0.03458,13011583.0
2025-05-02 01:00:00+00:00,0.03457,0.03475,0.03428,0.03445,8830684.0
2025-05-02 01:15:00+00:00,0.03444,0.03456,0.03435,0.03454,6413514.0
2025-05-02 01:30:00+00:00,0.03454,0.03454,0.03432,0.03444,4250048.0
2025-05-02 01:45:00+00:00,0.03444,0.03455,0.03428,0.0345,5769411.0
2025-05-02 02:00:00+00:00,0.0345,0.03457,0.03426,0.03434,8157824.0
2025-05-02 02:15:00+00:00,0.03434,0.03446,0.034,0.03424,9137933.0
2025-05-02 02:30:00+00:00,0.03425,0.03439,0.0342,0.0343,4560290.0
2025-05-02 02:45:00+00:00,0.03431,0.03434,0.03383,0.0341,10081244.0
2025-05-02 03:00:00+00:00,0.0341,0.03413,0.03353,0.03398,24772987.0
2025-05-02 03:15:00+00:00,0.03398,0.034,0.03371,0.03383,6733588.0
2025-05-02 03:30:00+00:00,0.03383,0.034,0.03352,0.03369,14059150.0
2025-05-02 03:45:00+00:00,0.0337,0.03412,0.03366,0.03407,6947354.0
2025-05-02 04:00:00+00:00,0.03408,0.0341,0.0337,0.03374,9581431.0
2025-05-02 04:15:00+00:00,0.03373,0.03383,0.03347,0.03353,8213457.0
2025-05-02 04:30:00+00:00,0.03353,0.0337,0.03322,0.03333,19594703.0
2025-05-02 04:45:00+00:00,0.03333,0.03334,0.03301,0.03318,15466526.0
2025-05-02 05:00:00+00:00,0.03319,0.03328,0.033,0.03305,8232135.0
2025-05-02 05:15:00+00:00,0.03307,0.03312,0.03269,0.03285,12383777.0
2025-05-02 05:30:00+00:00,0.03286,0.03293,0.03263,0.03273,9034973.0
2025-05-02 05:45:00+00:00,0.03272,0.0331,0.03271,0.03308,11037665.0
2025-05-02 06:00:00+00:00,0.03306,0.03355,0.03303,0.03354,9722574.0
2025-05-02 06:15:00+00:00,0.03354,0.03354,0.03292,0.03305,14445890.0
2025-05-02 06:30:00+00:00,0.03303,0.03312,0.03272,0.03275,8907910.0
2025-05-02 06:45:00+00:00,0.03274,0.03309,0.03273,0.03309,5198465.0
2025-05-02 07:00:00+00:00,0.03308,0.03318,0.03291,0.03305,7012283.0
2025-05-02 07:15:00+00:00,0.03306,0.03312,0.03295,0.03295,3928409.0
2025-05-02 07:30:00+00:00,0.03295,0.03301,0.03268,0.03281,7519655.0
2025-05-02 07:45:00+00:00,0.03281,0.03288,0.03264,0.03276,5085059.0
2025-05-02 08:00:00+00:00,0.03276,0.03283,0.03265,0.03278,6306192.0
2025-05-02 08:15:00+00:00,0.03278,0.03299,0.03264,0.03294,7426885.0
2025-05-02 08:30:00+00:00,0.03293,0.03339,0.03291,0.03327,13249024.0
2025-05-02 08:45:00+00:00,0.03327,0.03358,0.03323,0.03343,12823129.0
2025-05-02 09:00:00+00:00,0.03343,0.0336,0.03316,0.03348,12184447.0
2025-05-02 09:15:00+00:00,0.03347,0.03371,0.03331,0.03347,12109841.0
2025-05-02 09:30:00+00:00,0.03347,0.03354,0.03332,0.03337,7907056.0
2025-05-02 09:45:00+00:00,0.03337,0.03339,0.03317,0.03336,6552431.0
2025-05-02 10:00:00+00:00,0.03336,0.0334,0.0332,0.03322,7094393.0
2025-05-02 10:15:00+00:00,0.03321,0.03322,0.03306,0.03313,5907871.0
2025-05-02 10:30:00+00:00,0.03313,0.03319,0.03302,0.03307,7450312.0
2025-05-02 10:45:00+00:00,0.03307,0.03309,0.03276,0.03283,13809143.0
2025-05-02 11:00:00+00:00,0.03284,0.033,0.03277,0.03296,7560097.0
2025-05-02 11:15:00+00:00,0.03295,0.0334,0.03293,0.03334,10325121.0
2025-05-02 11:30:00+00:00,0.03333,0.03334,0.03307,0.0331,3772284.0
2025-05-02 11:45:00+00:00,0.03311,0.03328,0.03302,0.0332,3930580.0
2025-05-02 12:00:00+00:00,0.03319,0.03319,0.0327,0.03293,15426662.0
2025-05-02 12:15:00+00:00,0.03291,0.03305,0.03283,0.03295,5615125.0
2025-05-02 12:30:00+00:00,0.03296,0.03339,0.03284,0.03302,25320350.0
2025-05-02 12:45:00+00:00,0.03302,0.03321,0.03302,0.03317,7323655.0
2025-05-02 13:00:00+00:00,0.03317,0.03321,0.03299,0.03299,8089990.0
2025-05-02 13:15:00+00:00,0.033,0.03314,0.03295,0.03313,6574932.0
2025-05-02 13:30:00+00:00,0.03313,0.03336,0.03303,0.03311,14627117.0
2025-05-02 13:45:00+00:00,0.03312,0.03314,0.03265,0.0329,22950140.0
2025-05-02 14:00:00+00:00,0.03291,0.03313,0.03273,0.03284,14558746.0
2025-05-02 14:15:00+00:00,0.03284,0.03309,0.03274,0.03295,7565549.0
2025-05-02 14:30:00+00:00,0.03296,0.033,0.0327,0.03283,14193942.0
2025-05-02 14:45:00+00:00,0.03282,0.03305,0.03274,0.03295,7924587.0
2025-05-02 15:00:00+00:00,0.03296,0.033,0.03257,0.03275,18882326.0
2025-05-02 15:15:00+00:00,0.03275,0.03285,0.03268,0.03274,8516045.0
2025-05-02 15:30:00+00:00,0.03274,0.033,0.03272,0.03297,11633359.0
2025-05-02 15:45:00+00:00,0.03297,0.033,0.03276,0.0328,7197243.0
2025-05-02 16:00:00+00:00,0.03281,0.03309,0.03267,0.03301,17973776.0
2025-05-02 16:15:00+00:00,0.03301,0.03329,0.03296,0.03321,10608878.0
2025-05-02 16:30:00+00:00,0.0332,0.03334,0.03311,0.03313,9342477.0
2025-05-02 16:45:00+00:00,0.03312,0.0332,0.033,0.03309,6747137.0
2025-05-02 17:00:00+00:00,0.03308,0.03317,0.0329,0.0331,10964801.0
2025-05-02 17:15:00+00:00,0.0331,0.03338,0.03306,0.03333,8150063.0
2025-05-02 17:30:00+00:00,0.03333,0.03339,0.033,0.03308,11128291.0
2025-05-02 17:45:00+00:00,0.03308,0.03328,0.03305,0.03321,3256555.0
2025-05-02 18:00:00+00:00,0.03321,0.03344,0.03315,0.03343,5127974.0
2025-05-02 18:15:00+00:00,0.03344,0.03358,0.03335,0.03341,8043046.0
2025-05-02 18:30:00+00:00,0.03341,0.03366,0.03334,0.0335,16730511.0
2025-05-02 18:45:00+00:00,0.0335,0.03367,0.03342,0.03356,8766123.0
2025-05-02 19:00:00+00:00,0.03356,0.03473,0.03348,0.03427,41047387.0
2025-05-02 19:15:00+00:00,0.03427,0.03484,0.03424,0.03479,28248578.0
2025-05-02 19:30:00+00:00,0.03478,0.03499,0.0344,0.03448,27911678.0
2025-05-02 19:45:00+00:00,0.03449,0.03486,0.03441,0.03457,17177231.0
2025-05-02 20:00:00+00:00,0.03457,0.03517,0.0344,0.03504,17193272.0
2025-05-02 20:15:00+00:00,0.03504,0.03516,0.03489,0.03497,11396829.0
2025-05-02 20:30:00+00:00,0.03498,0.0354,0.03492,0.03495,13960996.0
2025-05-02 20:45:00+00:00,0.03495,0.0353,0.03488,0.03526,6918131.0
2025-05-02 21:00:00+00:00,0.03527,0.0356,0.03504,0.03523,15109980.0
2025-05-02 21:15:00+00:00,0.03524,0.03524,0.0349,0.03512,8789972.0
2025-05-02 21:30:00+00:00,0.03512,0.03535,0.03506,0.03511,6434271.0
2025-05-02 21:45:00+00:00,0.0351,0.03602,0.0351,0.03559,16973914.0
2025-05-02 22:00:00+00:00,0.03559,0.03569,0.03523,0.03531,14903806.0
2025-05-02 22:15:00+00:00,0.03531,0.03559,0.03529,0.03531,9369854.0
2025-05-02 22:30:00+00:00,0.0353,0.03548,0.03516,0.03547,9184695.0
2025-05-02 22:45:00+00:00,0.03548,0.03569,0.03536,0.03563,5620428.0
2025-05-02 23:00:00+00:00,0.03565,0.03579,0.03524,0.03548,9990357.0
2025-05-02 23:15:00+00:00,0.03549,0.03551,0.03524,0.03527,5953100.0
2025-05-02 23:30:00+00:00,0.03528,0.03547,0.03525,0.0354,4429006.0
2025-05-02 23:45:00+00:00,0.03541,0.03546,0.03518,0.03539,4724506.0
2025-05-03 00:00:00+00:00,0.0354,0.03548,0.03505,0.03531,8542657.0
2025-05-03 00:15:00+00:00,0.03531,0.03536,0.03495,0.03498,9659722.0
2025-05-03 00:30:00+00:00,0.03498,0.03522,0.03485,0.03494,9166413.0
2025-05-03 00:45:00+00:00,0.03495,0.03524,0.03492,0.03514,8367226.0
2025-05-03 01:00:00+00:00,0.03515,0.03533,0.03485,0.03494,9488873.0
2025-05-03 01:15:00+00:00,0.03494,0.03526,0.03488,0.03519,8612479.0
2025-05-03 01:30:00+00:00,0.0352,0.03525,0.03493,0.03506,5696661.0
2025-05-03 01:45:00+00:00,0.03507,0.03517,0.03496,0.03517,5670948.0
2025-05-03 02:00:00+00:00,0.03516,0.03529,0.03498,0.03527,7075252.0
2025-05-03 02:15:00+00:00,0.03527,0.03578,0.03511,0.03562,16994530.0
2025-05-03 02:30:00+00:00,0.0356,0.0356,0.03487,0.0349,13187338.0
2025-05-03 02:45:00+00:00,0.03489,0.03541,0.03468,0.03532,17796480.0
2025-05-03 03:00:00+00:00,0.03532,0.0356,0.03531,0.03554,8991438.0
2025-05-03 03:15:00+00:00,0.03555,0.03573,0.03535,0.0356,10325448.0
2025-05-03 03:30:00+00:00,0.03561,0.03578,0.03551,0.03557,7781404.0
2025-05-03 03:45:00+00:00,0.03558,0.0356,0.03544,0.03547,5376570.0
2025-05-03 04:00:00+00:00,0.03546,0.0358,0.03538,0.03565,9701648.0
2025-05-03 04:15:00+00:00,0.03564,0.0357,0.03497,0.03523,11647176.0
2025-05-03 04:30:00+00:00,0.03523,0.03547,0.03508,0.03533,7988837.0
2025-05-03 04:45:00+00:00,0.03534,0.03556,0.0353,0.03549,6444667.0
2025-05-03 05:00:00+00:00,0.03549,0.03578,0.03541,0.03576,6458547.0
2025-05-03 05:15:00+00:00,0.03576,0.03599,0.03557,0.03581,13984703.0
2025-05-03 05:30:00+00:00,0.0358,0.0366,0.03577,0.0365,49293084.0
2025-05-03 05:45:00+00:00,0.03651,0.03682,0.03641,0.03654,28331499.0
2025-05-03 06:00:00+00:00,0.03654,0.03714,0.03603,0.03623,40983639.0
2025-05-03 06:15:00+00:00,0.03622,0.03636,0.0358,0.03636,25240928.0
2025-05-03 06:30:00+00:00,0.03634,0.03669,0.03622,0.03645,13831888.0
2025-05-03 06:45:00+00:00,0.03645,0.03671,0.03604,0.0361,16679614.0
2025-05-03 07:00:00+00:00,0.03611,0.03618,0.03537,0.03556,36107937.0
2025-05-03 07:15:00+00:00,0.03556,0.03577,0.0355,0.03561,12886009.0
2025-05-03 07:30:00+00:00,0.03561,0.03564,0.03507,0.03535,20731370.0
2025-05-03 07:45:00+00:00,0.03535,0.03566,0.03522,0.03554,12581286.0
2025-05-03 08:00:00+00:00,0.03555,0.03575,0.03535,0.03536,13289715.0
2025-05-03 08:15:00+00:00,0.03535,0.03548,0.03518,0.03521,11294837.0
2025-05-03 08:30:00+00:00,0.03522,0.0355,0.03509,0.03546,10343600.0
2025-05-03 08:45:00+00:00,0.03546,0.03549,0.03518,0.03536,6992188.0
2025-05-03 09:00:00+00:00,0.03535,0.03591,0.03519,0.03578,17019330.0
2025-05-03 09:15:00+00:00,0.03578,0.03648,0.03578,0.03618,23802500.0
2025-05-03 09:30:00+00:00,0.03619,0.03623,0.03591,0.03606,13888313.0
2025-05-03 09:45:00+00:00,0.03607,0.03627,0.03565,0.03574,13618310.0
2025-05-03 10:00:00+00:00,0.03573,0.03578,0.03442,0.03502,60386225.0
2025-05-03 10:15:00+00:00,0.03501,0.03513,0.03476,0.03487,22302407.0
2025-05-03 10:30:00+00:00,0.03487,0.03493,0.0346,0.03485,17383074.0
2025-05-03 10:45:00+00:00,0.03486,0.03486,0.03424,0.03435,21840822.0
2025-05-03 11:00:00+00:00,0.03435,0.03436,0.03379,0.03427,34704580.0
2025-05-03 11:15:00+00:00,0.03428,0.03429,0.03368,0.0338,16893641.0
2025-05-03 11:30:00+00:00,0.03379,0.03408,0.0336,0.03403,13745280.0
2025-05-03 11:45:00+00:00,0.03404,0.03425,0.03387,0.03423,12522936.0
2025-05-03 12:00:00+00:00,0.03423,0.03491,0.03406,0.03481,25753462.0
2025-05-03 12:15:00+00:00,0.03483,0.03505,0.03464,0.03502,11827291.0
2025-05-03 12:30:00+00:00,0.03502,0.0352,0.03484,0.0351,15421322.0
2025-05-03 12:45:00+00:00,0.0351,0.03539,0.03499,0.03503,12315467.0
2025-05-03 13:00:00+00:00,0.03504,0.03539,0.0348,0.0349,17285383.0
2025-05-03 13:15:00+00:00,0.03491,0.03524,0.03488,0.03522,7977152.0
2025-05-03 13:30:00+00:00,0.03521,0.03529,0.03468,0.03476,11953968.0
2025-05-03 13:45:00+00:00,0.03476,0.03488,0.03464,0.03481,6864652.0
2025-05-03 14:00:00+00:00,0.03481,0.03513,0.0348,0.03489,9473629.0
2025-05-03 14:15:00+00:00,0.03489,0.035,0.03466,0.03474,5450719.0
2025-05-03 14:30:00+00:00,0.03473,0.03476,0.03433,0.03446,14235191.0
2025-05-03 14:45:00+00:00,0.03445,0.03464,0.03426,0.03456,7259405.0
2025-05-03 15:00:00+00:00,0.03455,0.03455,0.03417,0.03426,9839069.0
2025-05-03 15:15:00+00:00,0.03425,0.03427,0.03395,0.03422,12067504.0
2025-05-03 15:30:00+00:00,0.03422,0.03471,0.03419,0.03462,9510488.0
2025-05-03 15:45:00+00:00,0.03462,0.03472,0.03415,0.03424,12872918.0
2025-05-03 16:00:00+00:00,0.03424,0.03455,0.0339,0.03403,16962358.0
2025-05-03 16:15:00+00:00,0.03401,0.03405,0.03318,0.03332,29612926.0
2025-05-03 16:30:00+00:00,0.03332,0.0334,0.03251,0.03271,42030875.0
2025-05-03 16:45:00+00:00,0.03272,0.03276,0.03188,0.03232,39586803.0
2025-05-03 17:00:00+00:00,0.03232,0.03248,0.03121,0.0319,48628227.0
2025-05-03 17:15:00+00:00,0.0319,0.03256,0.03171,0.03234,28705929.0
2025-05-03 17:30:00+00:00,0.03233,0.03261,0.03198,0.03209,19210537.0
2025-05-03 17:45:00+00:00,0.03208,0.03233,0.0319,0.03231,13801403.0
2025-05-03 18:00:00+00:00,0.0323,0.03241,0.03205,0.03209,13981084.0
2025-05-03 18:15:00+00:00,0.03208,0.03232,0.03193,0.03205,12084114.0
2025-05-03 18:30:00+00:00,0.03205,0.03209,0.03167,0.03169,15494256.0
2025-05-03 18:45:00+00:00,0.03169,0.03199,0.03158,0.03177,9855096.0
2025-05-03 19:00:00+00:00,0.03176,0.03205,0.0317,0.03201,8383797.0
2025-05-03 19:15:00+00:00,0.03201,0.03251,0.032,0.03242,11990873.0
2025-05-03 19:30:00+00:00,0.03243,0.03309,0.03235,0.03299,16404860.0
2025-05-03 19:45:00+00:00,0.03299,0.03317,0.03281,0.03283,10706720.0
2025-05-03 20:00:00+00:00,0.03283,0.03283,0.03255,0.03261,9488501.0
2025-05-03 20:15:00+00:00,0.03261,0.03264,0.03245,0.03254,5632756.0
2025-05-03 20:30:00+00:00,0.03255,0.03255,0.0321,0.03225,12682944.0
2025-05-03 20:45:00+00:00,0.03225,0.03229,0.03155,0.03191,15856255.0
2025-05-03 21:00:00+00:00,0.03192,0.03197,0.03141,0.03172,17226026.0
2025-05-03 21:15:00+00:00,0.03172,0.03183,0.03153,0.03182,10917354.0
2025-05-03 21:30:00+00:00,0.03184,0.03197,0.03167,0.03175,8730429.0
2025-05-03 21:45:00+00:00,0.03176,0.03177,0.03118,0.03136,15387118.0
2025-05-03 22:00:00+00:00,0.03137,0.03138,0.02799,0.02944,135993601.0
2025-05-03 22:15:00+00:00,0.02945,0.02995,0.02944,0.02988,23326100.0
2025-05-03 22:30:00+00:00,0.02989,0.03024,0.02974,0.03014,22718198.0
2025-05-03 22:45:00+00:00,0.03014,0.0305,0.02982,0.0299,26382000.0
2025-05-03 23:00:00+00:00,0.0299,0.03004,0.02962,0.02973,19620558.0
2025-05-03 23:15:00+00:00,0.02973,0.02993,0.02955,0.02961,10964762.0
2025-05-03 23:30:00+00:00,0.02961,0.03,0.02961,0.0299,9446846.0
2025-05-03 23:45:00+00:00,0.0299,0.02993,0.02957,0.02961,8943126.0
2025-05-04 00:00:00+00:00,0.02962,0.03013,0.02961,0.02973,25990825.0
2025-05-04 00:15:00+00:00,0.02974,0.02993,0.02967,0.02973,14274468.0
2025-05-04 00:30:00+00:00,0.02974,0.02978,0.02925,0.02974,28349933.0
2025-05-04 00:45:00+00:00,0.02974,0.0299,0.02951,0.02959,13975071.0
2025-05-04 01:00:00+00:00,0.02959,0.02983,0.02938,0.02956,14456591.0
2025-05-04 01:15:00+00:00,0.02955,0.02984,0.02942,0.02973,11027934.0
2025-05-04 01:30:00+00:00,0.02972,0.02977,0.0295,0.02951,8715343.0
2025-05-04 01:45:00+00:00,0.02951,0.02958,0.02929,0.02948,19748063.0
2025-05-04 02:00:00+00:00,0.02949,0.02995,0.02939,0.02995,14352733.0
2025-05-04 02:15:00+00:00,0.02994,0.03015,0.02969,0.03003,20135423.0
2025-05-04 02:30:00+00:00,0.03002,0.03003,0.02954,0.02961,14209270.0
2025-05-04 02:45:00+00:00,0.0296,0.02999,0.02956,0.0298,10657821.0
2025-05-04 03:00:00+00:00,0.02979,0.0298,0.02947,0.02953,16422570.0
2025-05-04 03:15:00+00:00,0.02953,0.0299,0.02932,0.02983,17621835.0
2025-05-04 03:30:00+00:00,0.02983,0.03035,0.02949,0.03023,27996887.0
2025-05-04 03:45:00+00:00,0.03024,0.03045,0.02985,0.02993,20326321.0
2025-05-04 04:00:00+00:00,0.02992,0.03031,0.02969,0.03031,17107011.0
2025-05-04 04:15:00+00:00,0.0303,0.0304,0.03013,0.0302,15078281.0
2025-05-04 04:30:00+00:00,0.03021,0.03032,0.02991,0.03024,11621375.0
2025-05-04 04:45:00+00:00,0.03023,0.03056,0.0302,0.03035,18047596.0
2025-05-04 05:00:00+00:00,0.03035,0.03038,0.02976,0.0299,18552498.0
2025-05-04 05:15:00+00:00,0.0299,0.03018,0.02967,0.03011,13236509.0
2025-05-04 05:30:00+00:00,0.03011,0.03039,0.03003,0.03028,12032559.0
2025-05-04 05:45:00+00:00,0.03028,0.0304,0.03003,0.0301,10265169.0
2025-05-04 06:00:00+00:00,0.0301,0.03023,0.02997,0.03001,11160692.0
2025-05-04 06:15:00+00:00,0.03002,0.0301,0.02975,0.02984,12919569.0
2025-05-04 06:30:00+00:00,0.02984,0.03006,0.02978,0.02983,8617807.0
2025-05-04 06:45:00+00:00,0.02983,0.03,0.0298,0.02984,8668181.0
2025-05-04 07:00:00+00:00,0.02985,0.02987,0.02969,0.02976,8158282.0
2025-05-04 07:15:00+00:00,0.02976,0.02983,0.02961,0.02972,9762953.0
2025-05-04 07:30:00+00:00,0.02972,0.02972,0.02935,0.02951,18447060.0
2025-05-04 07:45:00+00:00,0.02951,0.02956,0.02941,0.02953,7168328.0
2025-05-04 08:00:00+00:00,0.02953,0.0297,0.02948,0.02949,11293304.0
2025-05-04 08:15:00+00:00,0.02949,0.02994,0.02948,0.02992,12064909.0
2025-05-04 08:30:00+00:00,0.02991,0.02996,0.02917,0.02943,20186759.0
2025-05-04 08:45:00+00:00,0.02942,0.02948,0.02917,0.0293,19779917.0
2025-05-04 09:00:00+00:00,0.0293,0.02948,0.02868,0.02896,42262355.0
2025-05-04 09:15:00+00:00,0.02896,0.02923,0.02894,0.02922,21656499.0
2025-05-04 09:30:00+00:00,0.02922,0.02924,0.02884,0.02908,23622989.0
2025-05-04 09:45:00+00:00,0.02909,0.02912,0.02878,0.02891,15557668.0
2025-05-04 10:00:00+00:00,0.02891,0.02914,0.02889,0.02904,16459458.0
2025-05-04 10:15:00+00:00,0.02903,0.02925,0.029,0.02923,13099825.0
2025-05-04 10:30:00+00:00,0.02923,0.02943,0.02911,0.02935,10792156.0
2025-05-04 10:45:00+00:00,0.02934,0.02946,0.0292,0.02937,8479382.0
2025-05-04 11:00:00+00:00,0.02936,0.02982,0.02935,0.02962,16478802.0
2025-05-04 11:15:00+00:00,0.02962,0.02965,0.02947,0.02963,9699118.0
2025-05-04 11:30:00+00:00,0.02962,0.02984,0.02961,0.02981,8759753.0
2025-05-09 23:00:00+00:00,0.04935,0.05378,0.04934,0.05285,155264674.0
2025-05-09 23:15:00+00:00,0.05285,0.0535,0.05076,0.05264,97063650.0
2025-05-09 23:30:00+00:00,0.05262,0.05844,0.0525,0.05803,223613180.0
2025-05-09 23:45:00+00:00,0.05803,0.06297,0.05796,0.06022,370276358.0
2025-05-10 00:00:00+00:00,0.06019,0.0688,0.05833,0.06718,508842973.0
2025-05-10 00:15:00+00:00,0.06718,0.07215,0.05817,0.05983,695704057.0
2025-05-10 00:30:00+00:00,0.05983,0.0602,0.0535,0.05638,436582472.0
2025-05-10 00:45:00+00:00,0.0564,0.05643,0.05023,0.05339,285208778.0
2025-05-10 01:00:00+00:00,0.05338,0.05759,0.05317,0.05455,245210367.0
2025-05-10 01:15:00+00:00,0.05454,0.05618,0.05253,0.05542,154709992.0
2025-05-10 01:30:00+00:00,0.05542,0.05696,0.05382,0.05443,103871232.0
2025-05-10 01:45:00+00:00,0.05442,0.05629,0.05403,0.05575,100473517.0
2025-05-10 02:00:00+00:00,0.05574,0.05685,0.05414,0.05526,91512445.0
2025-05-10 02:15:00+00:00,0.05524,0.05608,0.05243,0.05357,112413026.0
2025-05-10 02:30:00+00:00,0.05359,0.0537,0.0506,0.05251,142382120.0
2025-05-10 02:45:00+00:00,0.05252,0.05294,0.05204,0.05269,48792905.0
2025-05-10 03:00:00+00:00,0.05268,0.05278,0.05065,0.05133,71829727.0
2025-05-10 03:15:00+00:00,0.05135,0.05357,0.05135,0.05333,71333884.0
2025-05-10 03:30:00+00:00,0.05333,0.05385,0.0527,0.0538,52139092.0
2025-05-10 03:45:00+00:00,0.05378,0.05423,0.05261,0.05405,51448087.0
2025-05-10 04:00:00+00:00,0.05405,0.05532,0.0527,0.05293,103098278.0
2025-05-10 04:15:00+00:00,0.05293,0.05298,0.05071,0.0522,144238330.0
2025-05-10 04:30:00+00:00,0.05222,0.05341,0.05205,0.05317,48874643.0
2025-05-10 04:45:00+00:00,0.05319,0.05367,0.05228,0.05249,46485973.0
2025-05-10 05:00:00+00:00,0.05248,0.05254,0.05159,0.05224,53771541.0
2025-05-10 05:15:00+00:00,0.05223,0.05228,0.05115,0.05191,46948766.0
2025-05-10 05:30:00+00:00,0.0519,0.05374,0.05185,0.05314,76179500.0
2025-05-10 05:45:00+00:00,0.05313,0.05316,0.052,0.05209,39811977.0
2025-05-10 06:00:00+00:00,0.05209,0.05313,0.05042,0.05284,111794337.0
2025-05-10 06:15:00+00:00,0.05285,0.0537,0.0525,0.05281,75078899.0
2025-05-10 06:30:00+00:00,0.0528,0.05419,0.05227,0.05331,61500269.0
2025-05-10 06:45:00+00:00,0.05331,0.05353,0.05137,0.05195,77098430.0
2025-05-10 07:00:00+00:00,0.05196,0.05363,0.05172,0.0535,73243737.0
2025-05-10 07:15:00+00:00,0.05351,0.05381,0.05206,0.05234,56993788.0
2025-05-10 07:30:00+00:00,0.05232,0.05374,0.05202,0.05273,66471101.0
2025-05-10 07:45:00+00:00,0.05271,0.054,0.0524,0.05347,56920949.0
2025-05-10 08:00:00+00:00,0.05348,0.05349,0.05187,0.05204,87771405.0
2025-05-10 08:15:00+00:00,0.05204,0.05293,0.05187,0.05247,53296167.0
2025-05-10 08:30:00+00:00,0.05246,0.05258,0.05115,0.05192,70784044.0
2025-05-10 08:45:00+00:00,0.0519,0.05199,0.04603,0.04792,337566695.0
2025-05-10 09:00:00+00:00,0.04792,0.04796,0.04502,0.04595,185691750.0
2025-05-10 09:15:00+00:00,0.04595,0.04651,0.04573,0.04635,80962382.0
2025-05-10 09:30:00+00:00,0.04634,0.04636,0.0441,0.04513,142492431.0
2025-05-10 09:45:00+00:00,0.04514,0.04606,0.04485,0.04584,54006963.0
2025-05-10 10:00:00+00:00,0.04584,0.04605,0.04532,0.04559,42858113.0
2025-05-10 10:15:00+00:00,0.04559,0.04572,0.04501,0.04521,39251211.0
2025-05-10 10:30:00+00:00,0.04521,0.04541,0.04386,0.04459,81545271.0
2025-05-10 10:45:00+00:00,0.04457,0.04509,0.04367,0.04407,81606693.0
2025-05-10 11:00:00+00:00,0.04405,0.04526,0.04386,0.04497,52651937.0
2025-05-10 11:15:00+00:00,0.04496,0.04531,0.04467,0.04515,47270360.0
2025-05-10 11:30:00+00:00,0.04516,0.04542,0.04377,0.04395,72293349.0
2025-05-10 11:45:00+00:00,0.04396,0.04397,0.04268,0.0435,98762885.0
2025-05-10 12:00:00+00:00,0.04352,0.04467,0.04312,0.04403,70673394.0
2025-05-10 12:15:00+00:00,0.04403,0.04425,0.04361,0.044,36531980.0
2025-05-10 12:30:00+00:00,0.044,0.04434,0.04261,0.04265,79213426.0
2025-05-10 12:45:00+00:00,0.04265,0.04334,0.04254,0.04294,48779170.0
2025-05-10 13:00:00+00:00,0.04295,0.04374,0.04294,0.04345,38209889.0
2025-05-10 13:15:00+00:00,0.04343,0.04389,0.04311,0.04379,26988508.0
2025-05-10 13:30:00+00:00,0.04379,0.04462,0.04362,0.04442,42795812.0
2025-05-10 13:45:00+00:00,0.04442,0.04442,0.0439,0.04408,24538666.0
2025-05-10 14:00:00+00:00,0.04407,0.04438,0.04372,0.04433,31248236.0
2025-05-10 14:15:00+00:00,0.04432,0.04477,0.04405,0.04428,38469703.0
2025-05-10 14:30:00+00:00,0.04428,0.04498,0.04405,0.04441,46947535.0
2025-05-10 14:45:00+00:00,0.0444,0.04459,0.04345,0.04351,49811012.0
2025-05-10 15:00:00+00:00,0.04351,0.04357,0.04078,0.04089,189538057.0
2025-05-10 15:15:00+00:00,0.04089,0.04205,0.04073,0.04166,78990754.0
2025-05-10 15:30:00+00:00,0.04166,0.0425,0.0413,0.04235,48144052.0
2025-05-10 15:45:00+00:00,0.04234,0.04264,0.0417,0.04207,33866566.0
2025-05-10 16:00:00+00:00,0.04208,0.04219,0.04111,0.04204,49747649.0
2025-05-10 16:15:00+00:00,0.04205,0.04293,0.04184,0.04291,36691316.0
2025-05-10 16:30:00+00:00,0.04292,0.04437,0.04284,0.04393,72020525.0
2025-05-10 16:45:00+00:00,0.04391,0.04465,0.04381,0.04449,39614514.0
2025-05-10 17:00:00+00:00,0.04448,0.04496,0.04405,0.04442,55588645.0
2025-05-10 17:15:00+00:00,0.04442,0.04492,0.04424,0.04478,30179626.0
2025-05-10 17:30:00+00:00,0.04477,0.04523,0.04442,0.04508,47845500.0
2025-05-10 17:45:00+00:00,0.04508,0.04552,0.04431,0.04467,59063606.0
2025-05-10 18:00:00+00:00,0.04466,0.04506,0.04431,0.04464,37349928.0
2025-05-10 18:15:00+00:00,0.04463,0.04503,0.04453,0.04458,17930507.0
2025-05-10 18:30:00+00:00,0.04458,0.04471,0.04412,0.04471,27002095.0
2025-05-10 18:45:00+00:00,0.04471,0.0474,0.04457,0.04614,105618985.0
2025-05-10 19:00:00+00:00,0.04614,0.04646,0.04508,0.04571,44514366.0
2025-05-10 19:15:00+00:00,0.04571,0.04632,0.04537,0.04555,26023196.0
2025-05-10 19:30:00+00:00,0.04556,0.0464,0.0454,0.04606,22964308.0
2025-05-10 19:45:00+00:00,0.04606,0.04611,0.04541,0.04557,19657641.0
2025-05-10 20:00:00+00:00,0.04556,0.04592,0.04501,0.04587,26186999.0
2025-05-10 20:15:00+00:00,0.04587,0.04624,0.04558,0.04583,15963386.0
2025-05-10 20:30:00+00:00,0.04582,0.04616,0.04561,0.0459,14663935.0
2025-05-10 20:45:00+00:00,0.04589,0.04599,0.04528,0.0454,21481380.0
2025-05-10 21:00:00+00:00,0.04539,0.04592,0.04514,0.04592,18212873.0
2025-05-10 21:15:00+00:00,0.04593,0.04655,0.04569,0.04584,23853002.0
2025-05-10 21:30:00+00:00,0.04585,0.04639,0.04578,0.04613,8981346.0
2025-05-10 21:45:00+00:00,0.04613,0.04676,0.04609,0.04645,18068766.0
2025-05-10 22:00:00+00:00,0.04644,0.0465,0.04569,0.04584,20329347.0
2025-05-10 22:15:00+00:00,0.04583,0.04593,0.04554,0.04588,13980421.0
2025-05-10 22:30:00+00:00,0.04588,0.04618,0.04553,0.04615,23080160.0
2025-05-10 22:45:00+00:00,0.04614,0.0465,0.04572,0.04618,19689368.0
2025-05-10 23:00:00+00:00,0.04619,0.04641,0.04558,0.04638,27429051.0
2025-05-10 23:15:00+00:00,0.04639,0.04727,0.04639,0.04664,50967855.0
2025-05-10 23:30:00+00:00,0.04664,0.04777,0.04616,0.04769,39304522.0
2025-05-10 23:45:00+00:00,0.04767,0.0482,0.04743,0.04793,54437653.0
2025-05-11 00:00:00+00:00,0.04792,0.04792,0.04625,0.04659,85838344.0
2025-05-11 00:15:00+00:00,0.04658,0.04674,0.04503,0.04517,79771218.0
2025-05-11 00:30:00+00:00,0.04517,0.04645,0.04446,0.04573,61419123.0
2025-05-11 00:45:00+00:00,0.04574,0.04626,0.0456,0.04576,34289148.0
2025-05-11 01:00:00+00:00,0.04576,0.04642,0.04568,0.04586,29451026.0
2025-05-11 01:15:00+00:00,0.04587,0.04629,0.04567,0.0461,23611154.0
2025-05-11 01:30:00+00:00,0.04611,0.04648,0.04556,0.04557,25578388.0
2025-05-11 01:45:00+00:00,0.04557,0.04563,0.04457,0.04506,48605260.0
2025-05-11 02:00:00+00:00,0.04505,0.04594,0.04484,0.04576,35265148.0
2025-05-11 02:15:00+00:00,0.04574,0.04589,0.04526,0.04546,18495430.0
2025-05-11 02:30:00+00:00,0.04546,0.04609,0.04519,0.04578,16085935.0
2025-05-11 02:45:00+00:00,0.04578,0.0459,0.04467,0.04512,33538853.0
2025-05-11 03:00:00+00:00,0.04512,0.04574,0.04482,0.04565,16823024.0
2025-05-11 03:15:00+00:00,0.04564,0.04621,0.04558,0.04608,20375491.0
2025-05-11 03:30:00+00:00,0.04608,0.04732,0.04604,0.0472,41059620.0
2025-05-11 03:45:00+00:00,0.04718,0.0475,0.04674,0.04682,38639470.0
2025-05-11 04:00:00+00:00,0.04682,0.04721,0.04639,0.04678,32286945.0
2025-05-11 04:15:00+00:00,0.04677,0.04712,0.04628,0.0464,29293418.0
2025-05-11 04:30:00+00:00,0.0464,0.04657,0.04607,0.04652,17575862.0
2025-05-11 04:45:00+00:00,0.04652,0.04697,0.0464,0.04669,23576691.0
2025-05-11 05:00:00+00:00,0.04669,0.04723,0.04659,0.04695,22714842.0
2025-05-11 05:15:00+00:00,0.04695,0.04716,0.0464,0.04645,16462169.0
2025-05-11 05:30:00+00:00,0.04645,0.0467,0.04607,0.04621,16246109.0
2025-05-11 05:45:00+00:00,0.04622,0.04634,0.04564,0.04593,24589324.0
2025-05-11 06:00:00+00:00,0.04594,0.04662,0.04552,0.04653,25510096.0
2025-05-11 06:15:00+00:00,0.04654,0.04672,0.0462,0.04628,13896661.0
2025-05-11 06:30:00+00:00,0.04627,0.04663,0.04592,0.04598,16978841.0
2025-05-11 06:45:00+00:00,0.046,0.04607,0.04551,0.04567,23671017.0
2025-05-11 07:00:00+00:00,0.04567,0.04567,0.0441,0.04457,96009752.0
2025-05-11 07:15:00+00:00,0.04458,0.04488,0.04412,0.04455,32694319.0
2025-05-11 07:30:00+00:00,0.04454,0.04469,0.04334,0.04368,50836900.0
2025-05-11 07:45:00+00:00,0.04368,0.0442,0.04368,0.044,21098410.0
2025-05-11 08:00:00+00:00,0.044,0.04437,0.04366,0.04403,36374765.0
2025-05-11 08:15:00+00:00,0.04404,0.04504,0.04388,0.04458,33652681.0
2025-05-11 08:30:00+00:00,0.04458,0.04501,0.04363,0.0446,43539451.0
2025-05-11 08:45:00+00:00,0.04461,0.04526,0.04458,0.04497,26391094.0
2025-05-11 09:00:00+00:00,0.04497,0.04542,0.04494,0.04527,25283254.0
2025-05-11 09:15:00+00:00,0.04527,0.04541,0.04469,0.04517,23414697.0
2025-05-11 09:30:00+00:00,0.04518,0.04534,0.04489,0.04518,18102014.0
2025-05-11 09:45:00+00:00,0.04518,0.04551,0.04477,0.04484,18682267.0
2025-05-11 10:00:00+00:00,0.04484,0.0452,0.04464,0.04514,12607472.0
2025-05-11 10:15:00+00:00,0.04515,0.0456,0.04502,0.04508,18894945.0
2025-05-11 10:30:00+00:00,0.04508,0.04595,0.045,0.04554,25418032.0
2025-05-11 10:45:00+00:00,0.04554,0.04646,0.04537,0.04617,48774659.0
2025-05-11 11:00:00+00:00,0.04617,0.04859,0.04602,0.04775,120695522.0
2025-05-11 11:15:00+00:00,0.04776,0.04975,0.04746,0.04865,116828670.0
2025-05-11 11:30:00+00:00,0.04867,0.04936,0.04789,0.04873,90369093.0
2025-05-11 11:45:00+00:00,0.04874,0.0522,0.04869,0.05082,108589617.0
2025-05-11 12:00:00+00:00,0.05081,0.05255,0.05042,0.05127,125767637.0
2025-05-11 12:15:00+00:00,0.0513,0.05304,0.0506,0.05279,110814659.0
2025-05-11 12:30:00+00:00,0.05279,0.05566,0.05224,0.054,242276524.0
2025-05-11 12:45:00+00:00,0.05399,0.05417,0.05223,0.0536,120099510.0
2025-05-11 13:00:00+00:00,0.0536,0.0549,0.05253,0.05306,106688765.0
2025-05-11 13:15:00+00:00,0.05307,0.05308,0.04957,0.04978,146714379.0
2025-05-11 13:30:00+00:00,0.04979,0.05078,0.04816,0.04969,164992943.0
2025-05-11 13:45:00+00:00,0.04968,0.04968,0.04822,0.04866,75730019.0
2025-05-11 14:00:00+00:00,0.04867,0.04969,0.04846,0.04897,64782550.0
2025-05-11 14:15:00+00:00,0.04896,0.0499,0.0486,0.04919,48913769.0
2025-05-11 14:30:00+00:00,0.04919,0.0513,0.04909,0.05114,65345238.0
2025-05-11 14:45:00+00:00,0.05113,0.05146,0.05016,0.05027,51086120.0
2025-05-11 15:00:00+00:00,0.05029,0.05312,0.05025,0.05269,98217660.0
2025-05-11 15:15:00+00:00,0.0527,0.05351,0.0521,0.05309,89524728.0
2025-05-11 15:30:00+00:00,0.05309,0.05356,0.05209,0.05266,73923904.0
2025-05-11 15:45:00+00:00,0.05266,0.05295,0.05,0.05146,115967018.0
2025-05-11 16:00:00+00:00,0.05149,0.05195,0.04986,0.05123,104627872.0
2025-05-11 16:15:00+00:00,0.05124,0.05348,0.0505,0.05267,86358721.0
2025-05-11 16:30:00+00:00,0.05267,0.05576,0.05262,0.05532,150270482.0
2025-05-11 16:45:00+00:00,0.05534,0.05852,0.05501,0.0579,244691938.0
2025-05-11 17:00:00+00:00,0.05789,0.05851,0.05385,0.055,224904852.0
2025-05-11 17:15:00+00:00,0.05499,0.05672,0.05462,0.05655,110065843.0
2025-05-11 17:30:00+00:00,0.0565,0.0565,0.05486,0.05539,47683272.0
2025-05-11 17:45:00+00:00,0.05539,0.05562,0.05444,0.055,49471638.0
2025-05-11 18:00:00+00:00,0.055,0.05513,0.05301,0.05386,68170873.0
2025-05-11 18:15:00+00:00,0.05386,0.05408,0.05317,0.05389,45416028.0
2025-05-11 18:30:00+00:00,0.05388,0.05463,0.05345,0.0544,52281658.0
2025-05-11 18:45:00+00:00,0.0544,0.05557,0.05407,0.05433,71786528.0
2025-05-11 19:00:00+00:00,0.05432,0.05442,0.05313,0.05359,47362752.0
2025-05-11 19:15:00+00:00,0.05359,0.05398,0.05096,0.05258,87551282.0
2025-05-11 19:30:00+00:00,0.05258,0.05267,0.05133,0.05186,46729958.0
2025-05-11 19:45:00+00:00,0.05186,0.0519,0.05136,0.0516,26581487.0
2025-05-11 20:00:00+00:00,0.0516,0.05181,0.0505,0.05147,51896755.0
2025-05-11 20:15:00+00:00,0.05146,0.05156,0.05087,0.0509,24200467.0
2025-05-11 20:30:00+00:00,0.05089,0.05125,0.05057,0.05068,28184680.0
2025-05-11 20:45:00+00:00,0.05068,0.05163,0.05012,0.05134,34039693.0
2025-05-11 21:00:00+00:00,0.05134,0.05146,0.05047,0.05125,40734312.0
2025-05-11 21:15:00+00:00,0.05124,0.05178,0.05112,0.05122,25230368.0
2025-05-11 21:30:00+00:00,0.05123,0.05162,0.05119,0.05139,14605047.0
2025-05-11 21:45:00+00:00,0.0514,0.05268,0.0514,0.05252,35138382.0
2025-05-11 22:00:00+00:00,0.05252,0.05348,0.0522,0.05267,56866483.0
2025-05-11 22:15:00+00:00,0.05266,0.05311,0.0523,0.05248,32057659.0
2025-05-11 22:30:00+00:00,0.05249,0.05259,0.05124,0.05175,41503917.0
2025-05-11 22:45:00+00:00,0.05176,0.052,0.05154,0.05176,20026886.0
2025-05-11 23:00:00+00:00,0.05177,0.05346,0.05161,0.05324,45947413.0
2025-05-11 23:15:00+00:00,0.05325,0.05364,0.05199,0.05233,36895281.0
2025-05-11 23:30:00+00:00,0.05233,0.05236,0.05105,0.05128,44731631.0
2025-05-11 23:45:00+00:00,0.05128,0.05216,0.05124,0.05191,22114007.0
2025-05-12 00:00:00+00:00,0.05192,0.05203,0.04785,0.05106,140449243.0
2025-05-12 00:15:00+00:00,0.05105,0.05252,0.05058,0.05248,49236318.0
2025-05-12 00:30:00+00:00,0.05247,0.05382,0.05227,0.05292,56393415.0
2025-05-12 00:45:00+00:00,0.05292,0.0538,0.05178,0.05219,44987373.0
2025-05-12 01:00:00+00:00,0.05221,0.05308,0.05195,0.05284,45173366.0
2025-05-12 01:15:00+00:00,0.05285,0.05371,0.05229,0.05309,49383772.0
2025-05-12 01:30:00+00:00,0.05312,0.05348,0.05171,0.05289,45251656.0
2025-05-12 01:45:00+00:00,0.05289,0.05351,0.05225,0.05282,34922118.0
2025-05-12 02:00:00+00:00,0.05284,0.05478,0.05277,0.05333,63798436.0
2025-05-12 02:15:00+00:00,0.05333,0.05416,0.05278,0.05304,47608033.0
2025-05-12 02:30:00+00:00,0.05304,0.05404,0.05164,0.05255,44694614.0
2025-05-12 02:45:00+00:00,0.05256,0.05657,0.05241,0.05617,126248284.0
2025-05-12 03:00:00+00:00,0.05616,0.05763,0.05308,0.05409,113505378.0
2025-05-12 03:15:00+00:00,0.0541,0.05592,0.0538,0.05522,59857477.0
2025-05-12 03:30:00+00:00,0.05523,0.05569,0.05381,0.05409,37817561.0
2025-05-12 03:45:00+00:00,0.05409,0.05497,0.05391,0.05461,23941114.0
2025-05-12 04:00:00+00:00,0.05461,0.0552,0.05358,0.05517,24356614.0
2025-05-12 04:15:00+00:00,0.05518,0.05653,0.05404,0.05496,56415547.0
2025-05-12 04:30:00+00:00,0.05497,0.05724,0.05494,0.05653,46327337.0
2025-05-12 04:45:00+00:00,0.05654,0.05665,0.05458,0.05499,52887481.0
2025-05-12 05:00:00+00:00,0.055,0.05545,0.053,0.05352,45721563.0
2025-05-12 05:15:00+00:00,0.05354,0.05385,0.05228,0.05263,56512152.0
2025-05-12 05:30:00+00:00,0.05265,0.05295,0.05212,0.05273,39327276.0
2025-05-12 05:45:00+00:00,0.05272,0.05285,0.05015,0.05147,96203608.0
2025-05-12 06:00:00+00:00,0.05147,0.05154,0.0502,0.05132,42290802.0
2025-05-12 06:15:00+00:00,0.05131,0.05255,0.0511,0.0524,33396246.0
2025-05-12 06:30:00+00:00,0.0524,0.05326,0.05211,0.05305,34773523.0
2025-05-12 06:45:00+00:00,0.05303,0.05322,0.05204,0.05215,20219563.0
2025-05-12 07:00:00+00:00,0.05215,0.0538,0.05215,0.05376,59030139.0
2025-05-12 07:15:00+00:00,0.05375,0.05474,0.05292,0.05451,45656766.0
2025-05-12 07:30:00+00:00,0.05453,0.05532,0.05316,0.05373,65609474.0
2025-05-12 07:45:00+00:00,0.0537,0.05372,0.05222,0.05307,55290401.0
2025-05-12 08:00:00+00:00,0.05307,0.05357,0.05193,0.0526,47468375.0
2025-05-12 08:15:00+00:00,0.0526,0.0533,0.05244,0.05301,34263564.0
2025-05-12 08:30:00+00:00,0.053,0.05452,0.05286,0.05409,37067947.0
2025-05-12 08:45:00+00:00,0.05408,0.05671,0.05366,0.05629,93330265.0
2025-05-12 09:00:00+00:00,0.05627,0.05896,0.05545,0.05574,144241597.0
2025-05-12 09:15:00+00:00,0.05575,0.05666,0.05515,0.05597,48219127.0
2025-05-12 09:30:00+00:00,0.05598,0.05616,0.05464,0.05531,36287541.0
2025-05-12 09:45:00+00:00,0.05533,0.05576,0.05355,0.05382,55448879.0
2025-05-12 10:00:00+00:00,0.05381,0.05431,0.05254,0.05264,53107785.0
2025-05-12 10:15:00+00:00,0.05263,0.05453,0.05256,0.0542,49670578.0
2025-05-12 10:30:00+00:00,0.05418,0.0547,0.05338,0.0539,43078103.0
2025-05-12 10:45:00+00:00,0.05389,0.05501,0.05345,0.05446,37086018.0
2025-05-12 11:00:00+00:00,0.05448,0.05496,0.05396,0.05424,39143160.0
2025-05-12 11:15:00+00:00,0.05424,0.05599,0.05392,0.05568,49387718.0
2025-05-12 11:30:00+00:00,0.05568,0.05764,0.05554,0.05616,86432671.0
2025-05-12 11:45:00+00:00,0.05616,0.05655,0.05373,0.05434,75659446.0
2025-05-12 12:00:00+00:00,0.05433,0.05449,0.05278,0.05337,59763246.0
2025-05-12 12:15:00+00:00,0.05339,0.05385,0.05218,0.05236,46064948.0
2025-05-12 12:30:00+00:00,0.05236,0.05351,0.05161,0.05312,56697381.0
2025-05-12 12:45:00+00:00,0.05311,0.05415,0.05306,0.05355,25185054.0
2025-05-12 13:00:00+00:00,0.05355,0.05423,0.05191,0.05301,53073640.0
2025-05-12 13:15:00+00:00,0.053,0.05366,0.05233,0.05343,36648985.0
2025-05-12 13:30:00+00:00,0.05341,0.054,0.05167,0.05217,52073732.0
2025-05-12 13:45:00+00:00,0.05218,0.05331,0.05183,0.05312,34189916.0
2025-05-12 14:00:00+00:00,0.05312,0.05351,0.0524,0.05263,31640996.0
2025-05-12 14:15:00+00:00,0.05263,0.05338,0.05047,0.05117,81123892.0
2025-05-12 14:30:00+00:00,0.05118,0.05154,0.05009,0.05138,73602281.0
2025-05-12 14:45:00+00:00,0.05135,0.05135,0.04978,0.05019,72018285.0
2025-05-12 15:00:00+00:00,0.05019,0.0505,0.04788,0.04922,110208639.0
2025-05-12 15:15:00+00:00,0.04922,0.05078,0.04903,0.05039,48866370.0
2025-05-12 15:30:00+00:00,0.05039,0.05081,0.04953,0.04967,36815371.0
2025-05-12 15:45:00+00:00,0.04969,0.04981,0.04914,0.04951,32104171.0
2025-05-12 16:00:00+00:00,0.04952,0.04987,0.04889,0.04967,42700980.0
2025-05-12 16:15:00+00:00,0.04968,0.05047,0.04926,0.04999,32924103.0
2025-05-12 16:30:00+00:00,0.04999,0.05021,0.04911,0.04961,21209495.0
2025-05-12 16:45:00+00:00,0.04961,0.05045,0.04961,0.05027,20775412.0
2025-05-12 17:00:00+00:00,0.05027,0.05105,0.05023,0.05095,32055136.0
2025-05-12 17:15:00+00:00,0.05095,0.05095,0.04976,0.05037,24136644.0
2025-05-12 17:30:00+00:00,0.05037,0.0507,0.04978,0.0498,21494907.0
2025-05-12 17:45:00+00:00,0.0498,0.05047,0.0493,0.05031,33130005.0
2025-05-12 18:00:00+00:00,0.05033,0.05075,0.04864,0.04921,58603190.0
2025-05-12 18:15:00+00:00,0.04919,0.04973,0.0481,0.04861,45337670.0
2025-05-12 18:30:00+00:00,0.04861,0.04917,0.04759,0.04865,64057754.0
2025-05-12 18:45:00+00:00,0.04866,0.0497,0.04701,0.04935,77498238.0
2025-05-12 19:00:00+00:00,0.04935,0.05015,0.04916,0.04948,37431151.0
2025-05-12 19:15:00+00:00,0.04948,0.04986,0.04937,0.0498,22604643.0
2025-05-12 19:30:00+00:00,0.04979,0.0499,0.0493,0.04967,18519211.0
2025-05-12 19:45:00+00:00,0.04967,0.04994,0.04942,0.04957,12644849.0
2025-05-12 20:00:00+00:00,0.04957,0.04979,0.04944,0.04961,13848391.0
2025-05-12 20:15:00+00:00,0.04961,0.05022,0.04959,0.04995,13815859.0
2025-05-12 20:30:00+00:00,0.04997,0.0503,0.04973,0.04995,17524066.0
2025-05-12 20:45:00+00:00,0.04996,0.05044,0.0498,0.05028,20452925.0
2025-05-12 21:00:00+00:00,0.05029,0.05064,0.05018,0.0505,15335107.0
2025-05-12 21:15:00+00:00,0.05049,0.05086,0.05032,0.05079,15775034.0
2025-05-12 21:30:00+00:00,0.05079,0.05098,0.0506,0.05067,11464164.0
2025-05-12 21:45:00+00:00,0.05067,0.05132,0.05064,0.0509,16865087.0
2025-05-12 22:00:00+00:00,0.0509,0.05127,0.05068,0.05091,12779898.0
2025-05-12 22:15:00+00:00,0.05091,0.05125,0.05039,0.0507,16938455.0
2025-05-12 22:30:00+00:00,0.05071,0.05123,0.05065,0.05105,9937526.0
2025-05-12 22:45:00+00:00,0.05104,0.05127,0.05068,0.05073,10197423.0
2025-05-12 23:00:00+00:00,0.05074,0.05122,0.0507,0.05112,8711360.0
2025-05-12 23:15:00+00:00,0.05111,0.05248,0.05103,0.05192,29189539.0
2025-05-12 23:30:00+00:00,0.05192,0.05202,0.0514,0.05149,19526441.0
2025-05-12 23:45:00+00:00,0.0515,0.05271,0.05142,0.05227,22829033.0
2025-05-13 00:00:00+00:00,0.05228,0.05274,0.05138,0.05187,32146012.0
2025-05-13 00:15:00+00:00,0.05187,0.05239,0.05133,0.05193,32295207.0
2025-05-13 00:30:00+00:00,0.05194,0.05242,0.05141,0.05144,16738058.0
2025-05-13 00:45:00+00:00,0.05145,0.05199,0.0512,0.05157,24799910.0
2025-05-13 01:00:00+00:00,0.05158,0.05233,0.05154,0.05162,25859194.0
2025-05-13 01:15:00+00:00,0.05163,0.05259,0.05163,0.05169,26604412.0
2025-05-13 01:30:00+00:00,0.05169,0.05214,0.05096,0.0514,35918819.0
2025-05-13 01:45:00+00:00,0.05138,0.05163,0.05059,0.05078,22557880.0
2025-05-13 02:00:00+00:00,0.05079,0.05128,0.04974,0.05006,50246579.0
2025-05-13 02:15:00+00:00,0.05006,0.05148,0.04995,0.05148,32999598.0
2025-05-13 02:30:00+00:00,0.05148,0.0519,0.05067,0.0518,36212172.0
2025-05-13 02:45:00+00:00,0.05179,0.05268,0.05146,0.05215,42635521.0
2025-05-13 03:00:00+00:00,0.05215,0.0538,0.05184,0.05356,62342869.0
2025-05-13 03:15:00+00:00,0.05355,0.05413,0.05127,0.05169,61256531.0
2025-05-13 03:30:00+00:00,0.05168,0.05232,0.05157,0.05229,29788905.0
2025-05-13 03:45:00+00:00,0.05228,0.0526,0.05176,0.05239,22077860.0
2025-05-13 04:00:00+00:00,0.05241,0.05318,0.05138,0.05184,37517381.0
2025-05-13 04:15:00+00:00,0.05185,0.0537,0.05173,0.0531,48023930.0
2025-05-13 04:30:00+00:00,0.05311,0.05427,0.053,0.05399,41930796.0
2025-05-13 04:45:00+00:00,0.054,0.0546,0.05358,0.05371,34881804.0
2025-05-13 05:00:00+00:00,0.05372,0.05549,0.05372,0.0553,56450209.0
2025-05-13 05:15:00+00:00,0.05529,0.05534,0.054,0.05493,37698164.0
2025-05-13 05:30:00+00:00,0.05494,0.0555,0.05428,0.05443,34647603.0
2025-05-13 05:45:00+00:00,0.05444,0.05475,0.05361,0.05466,28338295.0
2025-05-13 06:00:00+00:00,0.05466,0.05649,0.05419,0.05459,92155891.0
2025-05-13 06:15:00+00:00,0.05459,0.05459,0.052,0.05298,86530472.0
2025-05-13 06:30:00+00:00,0.05298,0.05302,0.05233,0.05266,24096467.0
2025-05-13 06:45:00+00:00,0.05266,0.05286,0.05151,0.05169,37836677.0
2025-05-13 07:00:00+00:00,0.05169,0.0532,0.05169,0.05301,35263036.0
2025-05-13 07:15:00+00:00,0.05301,0.05471,0.053,0.0539,54738078.0
2025-05-13 07:30:00+00:00,0.0539,0.05509,0.05382,0.05457,49732644.0
2025-05-13 07:45:00+00:00,0.05456,0.05581,0.05378,0.0549,65509049.0
2025-05-13 08:00:00+00:00,0.0549,0.05629,0.05397,0.05624,49624699.0
2025-05-13 08:15:00+00:00,0.05623,0.05694,0.05383,0.05439,65509549.0
2025-05-13 08:30:00+00:00,0.05439,0.05628,0.05435,0.05622,45457092.0
2025-05-13 08:45:00+00:00,0.05622,0.05735,0.05528,0.05656,73318894.0
2025-05-13 09:00:00+00:00,0.05654,0.05937,0.05607,0.0591,114841266.0
2025-05-13 09:15:00+00:00,0.05911,0.06246,0.05827,0.06193,158290014.0
2025-05-13 09:30:00+00:00,0.06193,0.06351,0.0607,0.06346,146488280.0
2025-05-13 09:45:00+00:00,0.06346,0.065,0.06183,0.06422,161867592.0
2025-05-13 10:00:00+00:00,0.06421,0.06553,0.06232,0.06339,189657067.0
2025-05-13 10:15:00+00:00,0.0634,0.06624,0.06222,0.06562,166320488.0
2025-05-13 10:30:00+00:00,0.06562,0.06589,0.06355,0.06517,116163884.0
2025-05-13 10:45:00+00:00,0.06516,0.0659,0.06431,0.06492,81925062.0
2025-05-13 11:00:00+00:00,0.06495,0.0659,0.06443,0.06561,162762720.0
2025-05-13 11:15:00+00:00,0.0656,0.06762,0.06529,0.06666,128291980.0
2025-05-13 11:30:00+00:00,0.06667,0.06857,0.06661,0.06769,138398237.0
2025-05-13 11:45:00+00:00,0.06768,0.06783,0.06591,0.06653,87942158.0
2025-05-13 12:00:00+00:00,0.06652,0.06789,0.06601,0.06627,90719320.0
2025-05-13 12:15:00+00:00,0.06625,0.06637,0.06351,0.06481,162160382.0
2025-05-13 12:30:00+00:00,0.06481,0.06775,0.0648,0.06683,138103739.0
2025-05-13 12:45:00+00:00,0.06684,0.06716,0.06534,0.06609,66132201.0
2025-05-13 13:00:00+00:00,0.06609,0.0693,0.06605,0.06789,118586275.0
2025-05-13 13:15:00+00:00,0.0679,0.06903,0.06701,0.06749,76164681.0
2025-05-13 13:30:00+00:00,0.06748,0.06794,0.06652,0.06691,67386412.0
2025-05-13 13:45:00+00:00,0.06692,0.06697,0.06474,0.06479,92454674.0
2025-05-13 14:00:00+00:00,0.0648,0.06542,0.06051,0.0614,234664916.0
2025-05-13 14:15:00+00:00,0.06141,0.06335,0.06047,0.06276,120690384.0
2025-05-13 14:30:00+00:00,0.06275,0.06282,0.06148,0.06243,72527325.0
2025-05-13 14:45:00+00:00,0.06243,0.0634,0.06119,0.06322,66487416.0
2025-05-13 15:00:00+00:00,0.06323,0.06344,0.06215,0.06304,54116677.0
2025-05-13 15:15:00+00:00,0.06304,0.06395,0.06239,0.06304,51302119.0
2025-05-13 15:30:00+00:00,0.06306,0.06337,0.06205,0.06227,42725158.0
2025-05-13 15:45:00+00:00,0.06227,0.06329,0.06206,0.06316,32185630.0
2025-05-13 16:00:00+00:00,0.06315,0.06798,0.0629,0.06701,182873961.0
2025-05-13 16:15:00+00:00,0.06702,0.06897,0.06581,0.06776,119169775.0
2025-05-13 16:30:00+00:00,0.06775,0.06781,0.06581,0.06627,85615136.0
2025-05-13 16:45:00+00:00,0.06627,0.06712,0.0662,0.06674,53321536.0
2025-05-13 17:00:00+00:00,0.06674,0.0692,0.06611,0.06908,86855062.0
2025-05-13 17:15:00+00:00,0.06908,0.0694,0.06648,0.06744,86997158.0
2025-05-13 17:30:00+00:00,0.06745,0.06865,0.06694,0.06846,52790409.0
2025-05-13 17:45:00+00:00,0.06845,0.06881,0.06684,0.0673,43441440.0
2025-05-13 18:00:00+00:00,0.06729,0.06769,0.06601,0.06683,45213780.0
2025-05-13 18:15:00+00:00,0.06685,0.06702,0.06532,0.06596,56000293.0
2025-05-13 18:30:00+00:00,0.06597,0.06601,0.06437,0.06453,59147772.0
2025-05-13 18:45:00+00:00,0.06453,0.06502,0.06427,0.06477,29359123.0
2025-05-13 19:00:00+00:00,0.06476,0.066,0.06455,0.06482,43174904.0
2025-05-13 19:15:00+00:00,0.06482,0.06493,0.06372,0.0646,39389098.0
2025-05-13 19:30:00+00:00,0.06462,0.06609,0.06462,0.06554,34593049.0
2025-05-13 19:45:00+00:00,0.06554,0.0666,0.0644,0.06553,52022112.0
2025-05-13 20:00:00+00:00,0.06551,0.0665,0.06515,0.06612,41860146.0
2025-05-13 20:15:00+00:00,0.06612,0.06661,0.06545,0.06582,28040546.0
2025-05-13 20:30:00+00:00,0.06583,0.0676,0.06573,0.06661,40775426.0
2025-05-13 20:45:00+00:00,0.0666,0.06786,0.06659,0.06752,30104179.0
2025-05-13 21:00:00+00:00,0.06754,0.06762,0.06607,0.06649,32551516.0
2025-05-13 21:15:00+00:00,0.06648,0.06762,0.0663,0.06715,23667289.0
2025-05-13 21:30:00+00:00,0.06715,0.06755,0.0661,0.06643,17299034.0
2025-05-13 21:45:00+00:00,0.06643,0.06683,0.0656,0.06584,19943520.0
2025-05-13 22:00:00+00:00,0.06584,0.06608,0.0647,0.06533,38849863.0
2025-05-13 22:15:00+00:00,0.06533,0.06599,0.06502,0.06578,26709202.0
2025-05-13 22:30:00+00:00,0.06577,0.06653,0.06516,0.06635,21730713.0
2025-05-13 22:45:00+00:00,0.06635,0.06646,0.06488,0.06526,20579362.0
2025-05-13 23:00:00+00:00,0.06526,0.06579,0.06437,0.06572,32033166.0
2025-05-13 23:15:00+00:00,0.06573,0.06744,0.06567,0.06681,53089346.0
2025-05-13 23:30:00+00:00,0.06681,0.07144,0.06676,0.0684,156638495.0
2025-05-13 23:45:00+00:00,0.0684,0.06845,0.06607,0.06641,66308727.0
2025-05-14 00:00:00+00:00,0.0664,0.06691,0.06414,0.06686,80139052.0
2025-05-14 00:15:00+00:00,0.06684,0.06691,0.06453,0.06477,41824176.0
2025-05-14 00:30:00+00:00,0.06475,0.06673,0.06454,0.0661,36856671.0
2025-05-14 00:45:00+00:00,0.0661,0.06649,0.06469,0.0652,31287820.0
2025-05-14 01:00:00+00:00,0.06518,0.06604,0.06438,0.06514,34750084.0
2025-05-14 01:15:00+00:00,0.06514,0.06514,0.0628,0.06319,60590294.0
2025-05-14 01:30:00+00:00,0.06319,0.06334,0.06142,0.06246,57176882.0
2025-05-14 01:45:00+00:00,0.06243,0.06284,0.06182,0.06231,28705542.0
2025-05-14 02:00:00+00:00,0.0623,0.06272,0.0616,0.06228,35825539.0
2025-05-14 02:15:00+00:00,0.06229,0.06264,0.0616,0.06196,26008620.0
2025-05-14 02:30:00+00:00,0.06195,0.06331,0.06137,0.063,34466991.0
2025-05-14 02:45:00+00:00,0.06298,0.06319,0.0623,0.06272,20712135.0
2025-05-14 03:00:00+00:00,0.06274,0.0629,0.06103,0.06272,39908384.0
2025-05-14 03:15:00+00:00,0.0627,0.06288,0.06153,0.06204,24540216.0
2025-05-14 03:30:00+00:00,0.06205,0.06273,0.06176,0.06214,17374040.0
2025-05-14 03:45:00+00:00,0.06213,0.06257,0.06187,0.06207,12478719.0
2025-05-14 04:00:00+00:00,0.06207,0.06257,0.06187,0.06211,14824915.0
2025-05-14 04:15:00+00:00,0.06212,0.06219,0.06153,0.06179,17942249.0
2025-05-14 04:30:00+00:00,0.06179,0.06267,0.06164,0.0626,15642846.0
2025-05-14 04:45:00+00:00,0.0626,0.06311,0.0619,0.06216,18630643.0
2025-05-14 05:00:00+00:00,0.06217,0.06252,0.06186,0.06205,18276134.0
2025-05-14 05:15:00+00:00,0.06206,0.06277,0.06203,0.06272,12734454.0
2025-05-14 05:30:00+00:00,0.06272,0.06456,0.06272,0.06381,42734529.0
2025-05-14 05:45:00+00:00,0.06383,0.06506,0.06357,0.06492,34065225.0
2025-05-14 06:00:00+00:00,0.06491,0.06546,0.06354,0.06398,40421666.0
2025-05-14 06:15:00+00:00,0.06398,0.06419,0.06304,0.06375,23054821.0
2025-05-14 06:30:00+00:00,0.06376,0.0647,0.06374,0.06404,20293728.0
2025-05-14 06:45:00+00:00,0.06404,0.06429,0.06281,0.06324,24581335.0
2025-05-14 07:00:00+00:00,0.06324,0.06353,0.06238,0.06337,23211892.0
2025-05-14 07:15:00+00:00,0.06336,0.06403,0.06284,0.06329,24698682.0
2025-05-14 07:30:00+00:00,0.06329,0.06341,0.0626,0.06306,22655948.0
2025-05-14 07:45:00+00:00,0.06305,0.06311,0.06198,0.06232,29353999.0
2025-05-14 08:00:00+00:00,0.06233,0.06261,0.06159,0.06202,49827053.0
2025-05-14 08:15:00+00:00,0.06201,0.06229,0.06117,0.06165,35650086.0
2025-05-14 08:30:00+00:00,0.06166,0.06261,0.06135,0.06214,33538715.0
2025-05-14 08:45:00+00:00,0.06212,0.06212,0.05876,0.05977,135580301.0
2025-05-14 09:00:00+00:00,0.05977,0.06069,0.05975,0.05993,53383933.0
2025-05-14 09:15:00+00:00,0.05991,0.0618,0.05971,0.05999,55740406.0
2025-05-14 09:30:00+00:00,0.06,0.06028,0.05903,0.05926,40885086.0
2025-05-14 09:45:00+00:00,0.0593,0.05998,0.059,0.05952,25447798.0
2025-05-14 10:00:00+00:00,0.05953,0.06009,0.05933,0.05971,23289623.0
2025-05-14 10:15:00+00:00,0.05972,0.06041,0.05972,0.05984,31794742.0
2025-05-14 10:30:00+00:00,0.05986,0.06089,0.05955,0.06075,25130124.0
2025-05-14 10:45:00+00:00,0.06076,0.06095,0.06004,0.06031,21171879.0
2025-05-14 11:00:00+00:00,0.06031,0.06077,0.06008,0.06062,19584540.0
2025-05-14 11:15:00+00:00,0.06059,0.06079,0.06028,0.06032,14029285.0
2025-05-14 11:30:00+00:00,0.06032,0.06126,0.06024,0.06094,24281254.0
2025-05-14 11:45:00+00:00,0.06094,0.06123,0.0605,0.06056,21221265.0
2025-05-14 12:00:00+00:00,0.06057,0.06075,0.06017,0.06025,14169856.0
2025-05-14 12:15:00+00:00,0.06026,0.06072,0.06011,0.06064,17381904.0
2025-05-14 12:30:00+00:00,0.06065,0.06067,0.06026,0.06029,10862891.0
2025-05-14 12:45:00+00:00,0.06029,0.06046,0.05961,0.05983,30058079.0
2025-05-14 13:00:00+00:00,0.05982,0.05995,0.05911,0.05957,39278015.0
2025-05-14 13:15:00+00:00,0.05957,0.05974,0.05902,0.05941,20694128.0
2025-05-14 13:30:00+00:00,0.05942,0.06016,0.05845,0.05868,37447835.0
2025-05-14 13:45:00+00:00,0.0587,0.0594,0.05826,0.05938,34069873.0
2025-05-14 14:00:00+00:00,0.05938,0.0595,0.05882,0.05887,18048578.0
2025-05-14 14:15:00+00:00,0.05886,0.0591,0.0581,0.05869,50613315.0
2025-05-14 14:30:00+00:00,0.05869,0.0597,0.05869,0.05908,22541958.0
2025-05-14 14:45:00+00:00,0.05909,0.05911,0.05865,0.059,13270961.0
2025-05-14 15:00:00+00:00,0.05901,0.05926,0.05881,0.05889,16992665.0
2025-05-14 15:15:00+00:00,0.05888,0.0592,0.05765,0.05785,47396543.0
2025-05-14 15:30:00+00:00,0.05785,0.0583,0.05743,0.05814,31948507.0
2025-05-14 15:45:00+00:00,0.05815,0.05844,0.05795,0.05813,14632005.0
2025-05-14 16:00:00+00:00,0.05812,0.0589,0.05794,0.05887,24336287.0
2025-05-14 16:15:00+00:00,0.05885,0.05885,0.05808,0.05829,13702901.0
2025-05-14 16:30:00+00:00,0.0583,0.05897,0.0583,0.05859,15329136.0
2025-05-14 16:45:00+00:00,0.05856,0.05884,0.05826,0.05855,15230803.0
2025-05-14 17:00:00+00:00,0.05856,0.05878,0.0574,0.05759,27993551.0
2025-05-14 17:15:00+00:00,0.05762,0.05773,0.05679,0.0577,49804325.0
2025-05-14 17:30:00+00:00,0.05772,0.05815,0.05734,0.05798,20773427.0
2025-05-14 17:45:00+00:00,0.05798,0.05848,0.0577,0.05827,20010797.0
2025-05-14 18:00:00+00:00,0.05828,0.05969,0.05811,0.05882,43439392.0
2025-05-14 18:15:00+00:00,0.05883,0.05982,0.05859,0.05926,24038747.0
2025-05-14 18:30:00+00:00,0.05925,0.05938,0.05881,0.05893,10773108.0
2025-05-14 18:45:00+00:00,0.05891,0.05906,0.05868,0.0588,8347251.0
2025-05-14 19:00:00+00:00,0.05878,0.05899,0.05853,0.05874,11448405.0
2025-05-14 19:15:00+00:00,0.05876,0.05896,0.05847,0.05848,8557516.0
2025-05-14 19:30:00+00:00,0.05848,0.05855,0.05809,0.0583,13168207.0
2025-05-14 19:45:00+00:00,0.05829,0.05857,0.05823,0.0585,8759732.0
2025-05-14 20:00:00+00:00,0.0585,0.05882,0.05829,0.05842,8418495.0
2025-05-14 20:15:00+00:00,0.05843,0.05865,0.05826,0.05848,5846232.0
2025-05-14 20:30:00+00:00,0.05848,0.05856,0.05817,0.05824,8668640.0
2025-05-14 20:45:00+00:00,0.05825,0.05843,0.05771,0.05778,14213743.0
2025-05-14 21:00:00+00:00,0.05779,0.0579,0.05701,0.05711,21000618.0
2025-05-14 21:15:00+00:00,0.0571,0.05796,0.05707,0.05775,13388731.0
2025-05-14 21:30:00+00:00,0.05774,0.05803,0.05749,0.05779,9107051.0
2025-05-14 21:45:00+00:00,0.0578,0.05798,0.05761,0.05772,6558016.0
2025-05-14 22:00:00+00:00,0.05773,0.05815,0.05768,0.0578,10431359.0
2025-05-14 22:15:00+00:00,0.05779,0.0583,0.05748,0.05788,14324350.0
2025-05-14 22:30:00+00:00,0.05787,0.0579,0.05744,0.05748,9731894.0
2025-05-14 22:45:00+00:00,0.05748,0.0576,0.05695,0.05723,17831929.0
2025-05-14 23:00:00+00:00,0.05723,0.05729,0.05654,0.05716,24168274.0
2025-05-14 23:15:00+00:00,0.05714,0.05767,0.05687,0.05765,12110815.0
2025-05-14 23:30:00+00:00,0.05764,0.05839,0.05746,0.05816,21805918.0
2025-05-14 23:45:00+00:00,0.05816,0.05849,0.05804,0.05809,12986800.0
2025-05-15 00:00:00+00:00,0.0581,0.05911,0.05775,0.05784,36897553.0
2025-05-15 00:15:00+00:00,0.05785,0.05819,0.05722,0.05725,21719021.0
2025-05-15 00:30:00+00:00,0.05726,0.05777,0.05704,0.05742,16387112.0
2025-05-15 00:45:00+00:00,0.05742,0.0577,0.05714,0.05745,14584564.0
2025-05-15 01:00:00+00:00,0.05746,0.0576,0.05645,0.05654,24496235.0
2025-05-15 01:15:00+00:00,0.05655,0.05737,0.05624,0.05682,27103989.0
2025-05-15 01:30:00+00:00,0.05682,0.05687,0.05551,0.056,56777857.0
2025-05-15 01:45:00+00:00,0.05602,0.05634,0.05565,0.05623,25339490.0
2025-05-15 02:00:00+00:00,0.05622,0.05658,0.05581,0.05592,20724424.0
2025-05-15 02:15:00+00:00,0.05592,0.05598,0.05543,0.05568,19204947.0
2025-05-15 02:30:00+00:00,0.05568,0.05617,0.05548,0.05562,16521496.0
2025-05-15 02:45:00+00:00,0.05561,0.05595,0.05552,0.05587,12833312.0
2025-05-15 03:00:00+00:00,0.05586,0.05659,0.05579,0.05648,16035637.0
2025-05-15 03:15:00+00:00,0.05646,0.05678,0.05581,0.05676,15494456.0
2025-05-15 03:30:00+00:00,0.05675,0.05717,0.05671,0.05682,20967771.0
2025-05-15 03:45:00+00:00,0.05683,0.05697,0.05586,0.05642,27084589.0
2025-05-15 04:00:00+00:00,0.05642,0.05683,0.05614,0.05647,25605513.0
2025-05-15 04:15:00+00:00,0.05646,0.05682,0.05639,0.05643,8445306.0
2025-05-15 04:30:00+00:00,0.05644,0.05726,0.05644,0.05685,12089373.0
2025-05-15 04:45:00+00:00,0.05686,0.05729,0.05668,0.05713,10199172.0
2025-05-15 05:00:00+00:00,0.05712,0.05736,0.05677,0.05693,9840106.0
2025-05-15 05:15:00+00:00,0.05695,0.05698,0.0565,0.05686,12561736.0
2025-05-15 05:30:00+00:00,0.05686,0.05719,0.05655,0.05681,19918074.0
2025-05-15 05:45:00+00:00,0.05681,0.05685,0.05575,0.05582,33455725.0
2025-05-15 06:00:00+00:00,0.05582,0.05604,0.05523,0.05554,33980293.0
2025-05-15 06:15:00+00:00,0.05555,0.05639,0.05548,0.05561,17176350.0
2025-05-15 06:30:00+00:00,0.05563,0.0557,0.05437,0.05511,51851123.0
2025-05-15 06:45:00+00:00,0.05511,0.05571,0.05488,0.05551,21741932.0
2025-05-15 07:00:00+00:00,0.0555,0.05599,0.05515,0.05516,16432687.0
2025-05-15 07:15:00+00:00,0.05515,0.05533,0.05361,0.05389,42705302.0
2025-05-15 07:30:00+00:00,0.05389,0.05409,0.05292,0.05356,42108389.0
2025-05-15 07:45:00+00:00,0.05354,0.05354,0.05268,0.05285,28474007.0
2025-05-15 08:00:00+00:00,0.05286,0.05516,0.05283,0.05467,52701570.0
2025-05-15 08:15:00+00:00,0.05469,0.05509,0.05428,0.05441,15939739.0
2025-05-15 08:30:00+00:00,0.05441,0.05503,0.05429,0.05472,20646956.0
2025-05-15 08:45:00+00:00,0.05473,0.05556,0.05462,0.05542,25065871.0
2025-05-15 09:00:00+00:00,0.05542,0.05552,0.05464,0.05474,17361148.0
2025-05-15 09:15:00+00:00,0.05475,0.05486,0.0544,0.05453,9627918.0
2025-05-15 09:30:00+00:00,0.05452,0.05467,0.05395,0.05412,17443757.0
2025-05-15 09:45:00+00:00,0.05413,0.05498,0.05392,0.05486,20652440.0
2025-05-15 10:00:00+00:00,0.05487,0.05515,0.0544,0.05464,13959719.0
2025-05-15 10:15:00+00:00,0.05463,0.05491,0.05431,0.05449,9029667.0
2025-05-15 10:30:00+00:00,0.05451,0.0546,0.05401,0.05418,10176128.0
2025-05-15 10:45:00+00:00,0.05419,0.05422,0.05366,0.05387,16433395.0
2025-05-15 11:00:00+00:00,0.05386,0.05443,0.05366,0.0541,16420512.0
2025-05-15 11:15:00+00:00,0.05411,0.05433,0.05389,0.05427,11119844.0
2025-05-15 11:30:00+00:00,0.05425,0.05445,0.05329,0.05368,20515691.0
2025-05-15 11:45:00+00:00,0.05369,0.05381,0.05337,0.05373,12161224.0
2025-05-15 12:00:00+00:00,0.05375,0.05425,0.05346,0.05349,19013121.0
2025-05-15 12:15:00+00:00,0.05349,0.05393,0.05322,0.05338,15201737.0
2025-05-15 12:30:00+00:00,0.05338,0.05466,0.05334,0.05368,39570142.0
2025-05-15 12:45:00+00:00,0.05369,0.05369,0.05261,0.05321,32144334.0
2025-05-15 13:00:00+00:00,0.05322,0.05371,0.05298,0.05317,15447089.0
2025-05-15 13:15:00+00:00,0.05315,0.05334,0.05277,0.05295,16722927.0
2025-05-15 13:30:00+00:00,0.05296,0.05321,0.05167,0.05193,49240270.0
2025-05-15 13:45:00+00:00,0.05194,0.05202,0.05091,0.05202,54147517.0
2025-05-15 14:00:00+00:00,0.05203,0.05209,0.05024,0.0507,41890356.0
2025-05-15 14:15:00+00:00,0.05071,0.05168,0.05008,0.0512,42101104.0
2025-05-15 14:30:00+00:00,0.05121,0.05178,0.05102,0.05126,32238522.0
2025-05-15 14:45:00+00:00,0.05125,0.05147,0.05087,0.05095,23238997.0
2025-05-15 15:00:00+00:00,0.05094,0.05125,0.05055,0.05066,22715609.0
2025-05-15 15:15:00+00:00,0.05067,0.05185,0.05065,0.05181,23562449.0
2025-05-15 15:30:00+00:00,0.05181,0.0528,0.0514,0.05242,29511796.0
2025-05-15 15:45:00+00:00,0.05242,0.0534,0.05223,0.05316,42336325.0
2025-05-15 16:00:00+00:00,0.05314,0.05362,0.05252,0.05338,28168809.0
2025-05-15 16:15:00+00:00,0.0534,0.05399,0.05266,0.0527,25235090.0
2025-05-15 16:30:00+00:00,0.05269,0.05313,0.05246,0.0529,16447479.0
2025-05-15 16:45:00+00:00,0.05289,0.05346,0.05275,0.05332,21802489.0
2025-05-15 17:00:00+00:00,0.05333,0.05377,0.053,0.05362,19250672.0
2025-05-15 17:15:00+00:00,0.05362,0.05424,0.05356,0.05378,21600454.0
2025-05-15 17:30:00+00:00,0.05378,0.05379,0.05271,0.05323,30640528.0
2025-05-15 17:45:00+00:00,0.05324,0.05336,0.05284,0.05287,16014473.0
2025-05-15 18:00:00+00:00,0.05286,0.05301,0.05234,0.05252,22537141.0
2025-05-15 18:15:00+00:00,0.05251,0.05259,0.05179,0.05191,23406072.0
2025-05-15 18:30:00+00:00,0.05191,0.0522,0.05106,0.05147,27531614.0
2025-05-15 18:45:00+00:00,0.05148,0.05154,0.05066,0.05104,24758811.0
2025-05-15 19:00:00+00:00,0.05104,0.05148,0.05096,0.0513,13753418.0
2025-05-15 19:15:00+00:00,0.0513,0.05172,0.05062,0.05088,22221994.0
2025-05-15 19:30:00+00:00,0.05089,0.05163,0.05076,0.05136,12200318.0
2025-05-15 19:45:00+00:00,0.05134,0.05171,0.05099,0.0511,11581854.0
2025-05-15 20:00:00+00:00,0.05111,0.05154,0.05001,0.05003,22581077.0
2025-05-15 20:15:00+00:00,0.05004,0.05071,0.04911,0.05045,48027125.0
2025-05-15 20:30:00+00:00,0.05045,0.05053,0.04978,0.0501,19279732.0
2025-05-15 20:45:00+00:00,0.05011,0.0505,0.05009,0.05014,11492296.0
2025-05-15 21:00:00+00:00,0.05013,0.05016,0.04968,0.04995,13725096.0
2025-05-15 21:15:00+00:00,0.04994,0.04994,0.0486,0.04915,29395949.0
2025-05-15 21:30:00+00:00,0.04915,0.04974,0.04851,0.04957,20034422.0
2025-05-15 21:45:00+00:00,0.04961,0.04982,0.04935,0.04953,7595344.0
2025-05-15 22:00:00+00:00,0.04953,0.04986,0.04943,0.04968,12750027.0
2025-05-15 22:15:00+00:00,0.04968,0.05034,0.04949,0.04958,16466943.0
2025-05-15 22:30:00+00:00,0.04959,0.04985,0.04951,0.04966,10460288.0
2025-05-15 22:45:00+00:00,0.04967,0.04971,0.0482,0.04824,36459103.0
2025-05-15 23:00:00+00:00,0.04825,0.04834,0.04487,0.04585,95929163.0
2025-05-15 23:15:00+00:00,0.04586,0.04651,0.04538,0.0465,63218438.0
2025-05-15 23:30:00+00:00,0.04651,0.04809,0.04649,0.04796,48440339.0
2025-05-15 23:45:00+00:00,0.04798,0.04857,0.04737,0.04757,40509699.0
2025-05-16 00:00:00+00:00,0.04757,0.04777,0.04678,0.04755,47932466.0
2025-05-16 00:15:00+00:00,0.04756,0.04764,0.04703,0.04738,24556539.0
2025-05-16 00:30:00+00:00,0.04738,0.04775,0.04723,0.04765,25333062.0
2025-05-16 00:45:00+00:00,0.04764,0.04812,0.04738,0.04759,24305460.0
2025-05-16 01:00:00+00:00,0.0476,0.04804,0.04722,0.0476,23402996.0
2025-05-16 01:15:00+00:00,0.04759,0.04824,0.04741,0.04811,22476661.0
2025-05-16 01:30:00+00:00,0.0481,0.04864,0.04768,0.04823,26430885.0
2025-05-16 01:45:00+00:00,0.04823,0.0483,0.04731,0.04738,18821830.0
2025-05-16 02:00:00+00:00,0.0474,0.04804,0.04732,0.0479,21539614.0
2025-05-16 02:15:00+00:00,0.04789,0.04809,0.04718,0.04773,26559162.0
2025-05-16 02:30:00+00:00,0.04773,0.04794,0.04709,0.0472,22275165.0
2025-05-16 02:45:00+00:00,0.0472,0.04802,0.04717,0.04769,15949545.0
2025-05-16 03:00:00+00:00,0.04769,0.04828,0.04767,0.04818,19610988.0
2025-05-16 03:15:00+00:00,0.04818,0.04834,0.04755,0.04765,15371012.0
2025-05-16 03:30:00+00:00,0.04765,0.04797,0.0473,0.04775,15732100.0
2025-05-16 03:45:00+00:00,0.04776,0.04809,0.04762,0.04774,11054978.0
2025-05-16 04:00:00+00:00,0.04774,0.04845,0.04771,0.04842,18003937.0
2025-05-16 04:15:00+00:00,0.04842,0.04844,0.04761,0.04796,19113081.0
2025-05-16 04:30:00+00:00,0.04794,0.04799,0.04714,0.04728,17731593.0
2025-05-16 04:45:00+00:00,0.04728,0.04772,0.04706,0.04772,14111293.0
2025-05-16 05:00:00+00:00,0.04772,0.04844,0.04772,0.04818,26096820.0
2025-05-16 05:15:00+00:00,0.04818,0.04905,0.04804,0.04859,23454205.0
2025-05-16 05:30:00+00:00,0.0486,0.04939,0.04834,0.04939,31596975.0
2025-05-16 05:45:00+00:00,0.04936,0.04938,0.04822,0.04829,24695092.0
2025-05-16 06:00:00+00:00,0.04828,0.0484,0.04781,0.04797,23765778.0
2025-05-16 06:15:00+00:00,0.04797,0.04841,0.04781,0.04823,14332447.0
2025-05-16 06:30:00+00:00,0.04823,0.04903,0.0482,0.04884,19672391.0
2025-05-16 06:45:00+00:00,0.04883,0.04912,0.04832,0.04847,16510952.0
2025-05-16 07:00:00+00:00,0.04849,0.04849,0.04783,0.0482,22562881.0
2025-05-16 07:15:00+00:00,0.04819,0.04908,0.04804,0.04866,20972763.0
2025-05-16 07:30:00+00:00,0.04866,0.0487,0.04793,0.04806,17479672.0
2025-05-16 07:45:00+00:00,0.04807,0.04888,0.04807,0.04857,13643872.0
2025-05-16 08:00:00+00:00,0.04857,0.04916,0.0485,0.04862,22470784.0
2025-05-16 08:15:00+00:00,0.0486,0.0486,0.04786,0.04813,21881955.0
2025-05-16 08:30:00+00:00,0.04812,0.04814,0.04682,0.04775,46169709.0
2025-05-16 08:45:00+00:00,0.04775,0.04829,0.04768,0.04807,17029210.0
2025-05-16 09:00:00+00:00,0.04808,0.04884,0.04806,0.04875,24692808.0
2025-05-16 09:15:00+00:00,0.04874,0.04898,0.04833,0.04847,20907464.0
2025-05-16 09:30:00+00:00,0.04847,0.04862,0.04808,0.0482,14419214.0
2025-05-16 09:45:00+00:00,0.04821,0.04888,0.04816,0.04871,15376218.0
2025-05-16 10:00:00+00:00,0.04872,0.04903,0.04842,0.04855,18091417.0
2025-05-16 10:15:00+00:00,0.04855,0.04868,0.04823,0.04832,10265753.0
2025-05-16 10:30:00+00:00,0.04832,0.04878,0.04824,0.04875,10242429.0
2025-05-16 10:45:00+00:00,0.04875,0.04905,0.04863,0.04881,13021313.0
2025-05-16 11:00:00+00:00,0.04881,0.0496,0.04872,0.04958,23664939.0
2025-05-16 11:15:00+00:00,0.04957,0.0497,0.04895,0.04897,27520916.0
2025-05-16 11:30:00+00:00,0.049,0.04942,0.04881,0.04936,18484065.0
2025-05-16 11:45:00+00:00,0.04938,0.05012,0.04911,0.04919,28898869.0
2025-05-16 12:00:00+00:00,0.0492,0.04944,0.04896,0.04919,19589223.0
2025-05-16 12:15:00+00:00,0.04919,0.04919,0.04861,0.04874,20925432.0
2025-05-16 12:30:00+00:00,0.04876,0.04917,0.04876,0.04892,14728782.0
2025-05-16 12:45:00+00:00,0.04893,0.04945,0.04883,0.04912,18026706.0
2025-05-16 13:00:00+00:00,0.04914,0.0501,0.04891,0.05005,23049180.0
2025-05-16 13:15:00+00:00,0.05005,0.05037,0.04957,0.05001,31169936.0
2025-05-16 13:30:00+00:00,0.04999,0.05053,0.04975,0.05015,35141000.0
2025-05-16 13:45:00+00:00,0.05015,0.05088,0.05015,0.05069,33978941.0
2025-05-16 14:00:00+00:00,0.0507,0.0507,0.04931,0.04974,44665035.0
2025-05-16 14:15:00+00:00,0.04975,0.05053,0.0494,0.04981,31532792.0
2025-05-16 14:30:00+00:00,0.04981,0.04995,0.04905,0.04908,29798304.0
2025-05-16 14:45:00+00:00,0.04907,0.0497,0.04868,0.04957,31380091.0
2025-05-16 15:00:00+00:00,0.04957,0.05039,0.04954,0.04996,38836479.0
2025-05-16 15:15:00+00:00,0.04996,0.05034,0.0498,0.04988,17816794.0
2025-05-16 15:30:00+00:00,0.04986,0.05018,0.0491,0.04924,26814147.0
2025-05-16 15:45:00+00:00,0.04926,0.04958,0.04923,0.04942,9881270.0
2025-05-16 16:00:00+00:00,0.0494,0.04972,0.04883,0.04887,20166943.0
2025-05-16 16:15:00+00:00,0.04887,0.04916,0.04852,0.04864,24837293.0
2025-05-16 16:30:00+00:00,0.04866,0.04875,0.04781,0.04807,37783522.0
2025-05-16 16:45:00+00:00,0.04807,0.049,0.04786,0.04873,21275150.0
2025-05-16 17:00:00+00:00,0.04873,0.04896,0.04833,0.04864,16652305.0
2025-05-16 17:15:00+00:00,0.04863,0.04901,0.04855,0.04865,11831163.0
2025-05-16 17:30:00+00:00,0.04865,0.0487,0.04767,0.04775,26952505.0
2025-05-16 17:45:00+00:00,0.04775,0.04781,0.0471,0.04735,28743868.0
2025-05-16 18:00:00+00:00,0.04735,0.04826,0.04734,0.04812,29024490.0
2025-05-16 18:15:00+00:00,0.04812,0.04835,0.04764,0.04795,14082985.0
2025-05-16 18:30:00+00:00,0.04795,0.04817,0.04772,0.04792,10517877.0
2025-05-16 18:45:00+00:00,0.0479,0.04816,0.04758,0.04795,14546868.0
2025-05-16 19:00:00+00:00,0.04795,0.04814,0.04767,0.04784,12601079.0
2025-05-16 19:15:00+00:00,0.04785,0.04812,0.04765,0.04783,9203460.0
2025-05-16 19:30:00+00:00,0.04781,0.04823,0.0478,0.04797,11963171.0
2025-05-16 19:45:00+00:00,0.04796,0.0481,0.04774,0.04774,7035318.0
2025-05-16 20:00:00+00:00,0.04773,0.04813,0.0476,0.04777,9498793.0
2025-05-16 20:15:00+00:00,0.04776,0.04778,0.0472,0.04736,15882873.0
2025-05-16 20:30:00+00:00,0.04736,0.04736,0.04681,0.04687,18382044.0
2025-05-16 20:45:00+00:00,0.04687,0.04739,0.04677,0.04728,12689223.0
2025-05-16 21:00:00+00:00,0.04729,0.04742,0.04687,0.04733,8661171.0
2025-05-16 21:15:00+00:00,0.04733,0.04757,0.04711,0.04741,6758942.0
2025-05-16 21:30:00+00:00,0.0474,0.04771,0.047,0.04762,10383794.0
2025-05-16 21:45:00+00:00,0.04763,0.04763,0.04707,0.04718,5516008.0
2025-05-16 22:00:00+00:00,0.04718,0.04733,0.04618,0.04644,28014025.0
2025-05-16 22:15:00+00:00,0.04643,0.04688,0.04627,0.04638,15154389.0
2025-05-16 22:30:00+00:00,0.04638,0.04657,0.04599,0.04609,16209492.0
2025-05-16 22:45:00+00:00,0.04609,0.04625,0.04552,0.04617,26865937.0
2025-05-16 23:00:00+00:00,0.04617,0.04703,0.04611,0.0469,27208874.0
2025-05-16 23:15:00+00:00,0.04689,0.04694,0.04666,0.04691,13813025.0
2025-05-16 23:30:00+00:00,0.0469,0.04756,0.04685,0.04738,16554050.0
2025-05-16 23:45:00+00:00,0.04737,0.04751,0.04683,0.04698,13937831.0
2025-05-17 00:00:00+00:00,0.04699,0.04755,0.04686,0.0472,25347088.0
2025-09-17 01:15:00+00:00,0.03766,0.03893,0.03755,0.03812,81114336.0
2025-09-17 01:30:00+00:00,0.03813,0.03813,0.03706,0.03718,51404160.0
2025-09-17 01:45:00+00:00,0.03717,0.03795,0.03717,0.03777,29550139.0
2025-09-17 02:00:00+00:00,0.03778,0.03864,0.03736,0.03833,45096675.0
2025-09-17 02:15:00+00:00,0.03833,0.04369,0.03826,0.0431,263773338.0
2025-09-17 02:30:00+00:00,0.04311,0.04386,0.04017,0.04141,185476526.0
2025-09-17 02:45:00+00:00,0.04142,0.04384,0.04065,0.04375,170364689.0
2025-09-17 03:00:00+00:00,0.04375,0.04474,0.04061,0.04208,192372647.0
2025-09-17 03:15:00+00:00,0.04208,0.04274,0.04118,0.04251,80255345.0
2025-09-17 03:30:00+00:00,0.04252,0.04261,0.03896,0.03991,159458787.0
2025-09-17 03:45:00+00:00,0.03992,0.03999,0.0381,0.03853,134601776.0
2025-09-17 04:00:00+00:00,0.03851,0.03917,0.0378,0.03817,80953292.0
2025-09-17 04:15:00+00:00,0.03818,0.03823,0.03641,0.03722,96444006.0
2025-09-17 04:30:00+00:00,0.03722,0.03738,0.03669,0.03694,46869811.0
2025-09-17 04:45:00+00:00,0.03695,0.03736,0.03665,0.03688,40095019.0
2025-09-17 05:00:00+00:00,0.03688,0.03719,0.0361,0.03645,75942944.0
2025-09-17 05:15:00+00:00,0.03646,0.03669,0.03588,0.03626,39252406.0
2025-09-17 05:30:00+00:00,0.03626,0.03698,0.03614,0.03694,35625516.0
2025-09-17 05:45:00+00:00,0.03694,0.03791,0.03662,0.03748,70812976.0
2025-09-17 06:00:00+00:00,0.03747,0.03747,0.03643,0.03687,45193577.0
2025-09-17 06:15:00+00:00,0.03686,0.03728,0.03665,0.0369,28502965.0
2025-09-17 06:30:00+00:00,0.0369,0.0369,0.03476,0.03576,98524290.0
2025-09-17 06:45:00+00:00,0.03577,0.03611,0.03559,0.03591,29010299.0
2025-09-17 07:00:00+00:00,0.03591,0.03595,0.0354,0.03575,31873799.0
2025-09-17 07:15:00+00:00,0.03575,0.03615,0.03558,0.03601,19302255.0
2025-09-17 07:30:00+00:00,0.03601,0.03602,0.03549,0.03575,15936189.0
2025-09-17 07:45:00+00:00,0.03575,0.03604,0.03563,0.0357,15267411.0
2025-09-17 08:00:00+00:00,0.0357,0.036,0.03507,0.03518,36696569.0
2025-09-17 08:15:00+00:00,0.03519,0.03557,0.03517,0.03522,9533760.0
2025-09-17 08:30:00+00:00,0.03523,0.03535,0.03488,0.03494,21007783.0
2025-09-17 08:45:00+00:00,0.03495,0.03524,0.03461,0.03515,31032277.0
2025-09-17 09:00:00+00:00,0.03516,0.03538,0.03503,0.0352,20219051.0
2025-09-17 09:15:00+00:00,0.03519,0.03545,0.03484,0.03531,22354432.0
2025-09-17 09:30:00+00:00,0.03531,0.03577,0.03529,0.03548,21872386.0
2025-09-17 09:45:00+00:00,0.03548,0.03586,0.03548,0.03567,22066800.0
2025-09-17 10:00:00+00:00,0.03567,0.03614,0.03541,0.03542,44643963.0
2025-09-17 10:15:00+00:00,0.03542,0.03547,0.03358,0.03386,100407258.0
2025-09-17 10:30:00+00:00,0.03386,0.03402,0.03363,0.03382,37709137.0
2025-09-17 10:45:00+00:00,0.03381,0.03393,0.0336,0.03389,15293936.0
2025-09-17 11:00:00+00:00,0.03389,0.0345,0.03375,0.03449,27460513.0
2025-09-17 11:15:00+00:00,0.03447,0.03456,0.03424,0.03443,16277768.0
2025-09-17 11:30:00+00:00,0.03444,0.03476,0.03436,0.0345,16621334.0
2025-09-17 11:45:00+00:00,0.0345,0.03459,0.03433,0.03446,10215006.0
2025-09-17 12:00:00+00:00,0.03445,0.03475,0.03414,0.03459,22100813.0
2025-09-17 12:15:00+00:00,0.03458,0.03467,0.03435,0.03464,11794230.0
2025-09-17 12:30:00+00:00,0.03463,0.0347,0.03425,0.03449,14534832.0
2025-09-17 12:45:00+00:00,0.03449,0.03462,0.03428,0.03454,8379467.0
2025-09-17 13:00:00+00:00,0.03456,0.03475,0.03446,0.0345,9115839.0
2025-09-17 13:15:00+00:00,0.0345,0.03468,0.03438,0.03449,9384197.0
2025-09-17 13:30:00+00:00,0.0345,0.03462,0.03428,0.03434,12568267.0
2025-09-17 13:45:00+00:00,0.03435,0.03495,0.03432,0.03463,15898398.0
2025-09-17 14:00:00+00:00,0.03463,0.03478,0.0344,0.03445,13407798.0
2025-09-17 14:15:00+00:00,0.03445,0.0347,0.03436,0.03447,12658456.0
2025-09-17 14:30:00+00:00,0.03447,0.03457,0.03425,0.03425,17089958.0
2025-09-17 14:45:00+00:00,0.03427,0.03445,0.03416,0.0342,11487991.0
2025-09-17 15:00:00+00:00,0.03422,0.03452,0.03422,0.03447,11079741.0
2025-09-17 15:15:00+00:00,0.03447,0.03454,0.03417,0.03428,8384318.0
2025-09-17 15:30:00+00:00,0.03428,0.03462,0.03427,0.03461,6970357.0
2025-09-17 15:45:00+00:00,0.03461,0.03471,0.03439,0.03445,9183894.0
2025-09-17 16:00:00+00:00,0.03445,0.03445,0.03389,0.03404,22797715.0
2025-09-17 16:15:00+00:00,0.03404,0.03405,0.03361,0.03387,44165201.0
2025-09-17 16:30:00+00:00,0.03388,0.03411,0.0338,0.03407,10635807.0
2025-09-17 16:45:00+00:00,0.03405,0.03417,0.03388,0.03397,6763061.0
2025-09-17 17:00:00+00:00,0.03397,0.03399,0.03375,0.03383,9116305.0
2025-09-17 17:15:00+00:00,0.03384,0.034,0.03379,0.03393,4070567.0
2025-09-17 17:30:00+00:00,0.03393,0.0345,0.03386,0.03435,15109021.0
2025-09-17 17:45:00+00:00,0.03436,0.03448,0.03358,0.03358,15108974.0
2025-09-17 18:00:00+00:00,0.03373,0.03465,0.03322,0.03424,57184167.0
2025-09-17 18:15:00+00:00,0.03423,0.03543,0.03414,0.03521,42695481.0
2025-09-17 18:30:00+00:00,0.03522,0.03549,0.03425,0.03431,40803241.0
2025-09-17 18:45:00+00:00,0.0343,0.03464,0.03419,0.03439,15069414.0
2025-09-17 19:00:00+00:00,0.03439,0.03495,0.03432,0.03464,17833596.0
2025-09-17 19:15:00+00:00,0.03465,0.03489,0.0344,0.03481,9441990.0
2025-09-17 19:30:00+00:00,0.03481,0.03505,0.03467,0.03495,9937007.0
2025-09-17 19:45:00+00:00,0.03494,0.03518,0.03485,0.03505,7809457.0
2025-09-17 20:00:00+00:00,0.03505,0.03538,0.03504,0.03538,9647860.0
2025-09-17 20:15:00+00:00,0.03538,0.03541,0.0351,0.03516,9175140.0
2025-09-17 20:30:00+00:00,0.03517,0.03524,0.03494,0.03511,7116001.0
2025-09-17 20:45:00+00:00,0.03511,0.03511,0.03476,0.03485,6537999.0
2025-09-17 21:00:00+00:00,0.03485,0.03506,0.03453,0.03504,7316884.0
2025-09-17 21:15:00+00:00,0.03505,0.03537,0.03501,0.03532,4870525.0
2025-09-17 21:30:00+00:00,0.03531,0.03552,0.0352,0.03541,7178234.0
2025-09-17 21:45:00+00:00,0.03542,0.03559,0.03532,0.03541,5071807.0
2025-09-17 22:00:00+00:00,0.03541,0.03571,0.0354,0.03566,6006643.0
2025-09-17 22:15:00+00:00,0.03566,0.03583,0.03549,0.03571,8990293.0
2025-09-17 22:30:00+00:00,0.03571,0.03623,0.03567,0.03619,13662292.0
2025-09-17 22:45:00+00:00,0.03619,0.03622,0.03597,0.03605,8828789.0
2025-09-17 23:00:00+00:00,0.03605,0.03615,0.03576,0.03582,14092256.0
2025-09-17 23:15:00+00:00,0.03582,0.03591,0.03562,0.03587,7531988.0
2025-09-17 23:30:00+00:00,0.03586,0.03613,0.0357,0.03573,6150589.0
2025-09-17 23:45:00+00:00,0.03573,0.03603,0.03573,0.03588,4597950.0
2025-09-18 00:00:00+00:00,0.03587,0.03595,0.0356,0.03577,6461498.0
2025-09-18 00:15:00+00:00,0.03577,0.03584,0.03546,0.03563,6521621.0
2025-09-18 00:30:00+00:00,0.03562,0.03567,0.03535,0.03536,5139142.0
2025-09-18 00:45:00+00:00,0.03537,0.03549,0.03524,0.03531,4315997.0
2025-09-18 01:00:00+00:00,0.03531,0.03557,0.0352,0.0355,6865323.0
2025-09-18 01:15:00+00:00,0.0355,0.03565,0.03533,0.03536,6308063.0
2025-09-18 01:30:00+00:00,0.03536,0.03552,0.0353,0.03552,4168395.0
2025-09-18 01:45:00+00:00,0.03552,0.03557,0.03534,0.03537,3571295.0
2025-09-18 02:00:00+00:00,0.03537,0.03565,0.03522,0.03562,5948488.0
2025-09-18 02:15:00+00:00,0.0356,0.0357,0.03536,0.03547,7482311.0
2025-09-18 02:30:00+00:00,0.03547,0.03563,0.03536,0.03556,6099008.0
2025-09-18 02:45:00+00:00,0.03555,0.03578,0.03553,0.03569,5275282.0
2025-09-18 03:00:00+00:00,0.0357,0.03625,0.03564,0.03614,11509817.0
2025-09-18 03:15:00+00:00,0.03614,0.03625,0.03588,0.03598,8876737.0
2025-09-18 03:30:00+00:00,0.03599,0.036,0.03581,0.03592,6914312.0
2025-09-18 03:45:00+00:00,0.03592,0.03621,0.0358,0.03616,6466140.0
2025-09-18 04:00:00+00:00,0.03617,0.03647,0.03607,0.03616,10876113.0
2025-09-18 04:15:00+00:00,0.03615,0.0363,0.03598,0.03604,7842396.0
2025-09-18 04:30:00+00:00,0.03605,0.03608,0.03578,0.03602,8255316.0
2025-09-18 04:45:00+00:00,0.03603,0.03605,0.03592,0.036,2544243.0
2025-09-18 05:00:00+00:00,0.03601,0.03612,0.03582,0.03588,6392241.0
2025-09-18 05:15:00+00:00,0.03589,0.03602,0.03581,0.03583,1884215.0
2025-09-18 05:30:00+00:00,0.03583,0.03621,0.03575,0.03616,10960952.0
2025-09-18 05:45:00+00:00,0.03616,0.03648,0.03606,0.03631,9419247.0
2025-09-18 06:00:00+00:00,0.03632,0.03673,0.03625,0.03644,17103492.0
2025-09-18 06:15:00+00:00,0.03645,0.03671,0.03624,0.0363,8504957.0
2025-09-18 06:30:00+00:00,0.0363,0.03653,0.03607,0.03618,7477316.0
2025-09-18 06:45:00+00:00,0.03617,0.03661,0.03605,0.03652,6759397.0
2025-09-18 07:00:00+00:00,0.03652,0.03767,0.03649,0.0374,27438183.0
2025-09-18 07:15:00+00:00,0.03741,0.03743,0.03656,0.03693,23887248.0
2025-09-18 07:30:00+00:00,0.03694,0.03714,0.03658,0.03714,11000256.0
2025-09-18 07:45:00+00:00,0.03712,0.03749,0.03671,0.03735,13532673.0
2025-09-18 08:00:00+00:00,0.03735,0.03837,0.03704,0.03774,60824549.0
2025-09-18 08:15:00+00:00,0.03774,0.03872,0.03744,0.03838,55909137.0
2025-09-18 08:30:00+00:00,0.03838,0.03889,0.03808,0.03844,46282960.0
2025-09-18 08:45:00+00:00,0.03843,0.03893,0.03815,0.03829,27996124.0
2025-09-18 09:00:00+00:00,0.03828,0.03835,0.03767,0.03787,25481812.0
2025-09-18 09:15:00+00:00,0.03787,0.04022,0.03786,0.04014,77736778.0
2025-09-18 09:30:00+00:00,0.04014,0.04062,0.03951,0.0404,72316737.0
2025-09-18 09:45:00+00:00,0.04042,0.04111,0.03953,0.03992,61529299.0
2025-09-18 10:00:00+00:00,0.03994,0.04024,0.0385,0.03862,53528645.0
2025-09-18 10:15:00+00:00,0.03862,0.03898,0.038,0.03885,29363761.0
2025-09-18 10:30:00+00:00,0.03886,0.03966,0.03873,0.03899,23169175.0
2025-09-18 10:45:00+00:00,0.03899,0.0396,0.03881,0.0395,16042188.0
2025-09-18 11:00:00+00:00,0.03949,0.03963,0.03865,0.03876,20615068.0
2025-09-18 11:15:00+00:00,0.03875,0.03877,0.03822,0.03864,22296694.0
2025-09-18 11:30:00+00:00,0.03865,0.03902,0.03853,0.03871,8435804.0
2025-09-18 11:45:00+00:00,0.03871,0.03893,0.03857,0.0388,9865329.0
2025-09-18 12:00:00+00:00,0.03881,0.03931,0.03868,0.03915,13680312.0
2025-09-18 12:15:00+00:00,0.03912,0.03937,0.03887,0.03904,10480201.0
2025-09-18 12:30:00+00:00,0.03903,0.03904,0.03786,0.03802,27323221.0
2025-09-18 12:45:00+00:00,0.03804,0.03819,0.0377,0.03816,10839308.0
2025-09-18 13:00:00+00:00,0.03816,0.03845,0.03806,0.0383,10331496.0
2025-09-18 13:15:00+00:00,0.03831,0.03852,0.03826,0.03841,4956183.0
2025-09-18 13:30:00+00:00,0.03842,0.03857,0.03805,0.03809,9128146.0
2025-09-18 13:45:00+00:00,0.03808,0.03851,0.0379,0.03832,8428360.0
2025-09-18 14:00:00+00:00,0.0383,0.0387,0.03825,0.03856,12685905.0
2025-09-18 14:15:00+00:00,0.03856,0.03882,0.03829,0.03835,8971845.0
2025-09-18 14:30:00+00:00,0.03837,0.03856,0.0383,0.03834,6494533.0
2025-09-18 14:45:00+00:00,0.03835,0.03899,0.0383,0.0388,9662442.0
2025-09-18 15:00:00+00:00,0.0388,0.03904,0.03852,0.03856,8683613.0
2025-09-18 15:15:00+00:00,0.03857,0.03869,0.03833,0.03853,6166099.0
2025-09-18 15:30:00+00:00,0.03854,0.03884,0.03852,0.03881,4232921.0
2025-09-18 15:45:00+00:00,0.03882,0.03918,0.03882,0.03904,8731687.0
2025-09-18 16:00:00+00:00,0.03905,0.03923,0.03887,0.03891,8547358.0
2025-09-18 16:15:00+00:00,0.03889,0.03902,0.03864,0.03898,8984092.0
2025-09-18 16:30:00+00:00,0.03899,0.03902,0.03876,0.03889,4957415.0
2025-09-18 16:45:00+00:00,0.03888,0.03915,0.03878,0.0391,5466903.0
2025-09-18 17:00:00+00:00,0.03911,0.03914,0.03886,0.03891,8695698.0
2025-09-18 17:15:00+00:00,0.03891,0.03907,0.03879,0.03886,5737812.0
2025-09-18 17:30:00+00:00,0.03885,0.03899,0.03862,0.03864,5626261.0
2025-09-18 17:45:00+00:00,0.03863,0.0387,0.03844,0.03851,6037092.0
2025-09-18 18:00:00+00:00,0.03851,0.03874,0.03833,0.0386,6143769.0
2025-09-18 18:15:00+00:00,0.03861,0.03875,0.03833,0.03833,3849518.0
2025-09-18 18:30:00+00:00,0.03833,0.03833,0.03796,0.03803,8807267.0
2025-09-18 18:45:00+00:00,0.03805,0.03813,0.03791,0.03794,4277925.0
2025-09-18 19:00:00+00:00,0.03794,0.03826,0.03792,0.03822,3959918.0
2025-09-18 19:15:00+00:00,0.03822,0.03835,0.03818,0.03819,4149220.0
2025-09-18 19:30:00+00:00,0.03819,0.03832,0.03802,0.0381,7103016.0
2025-09-18 19:45:00+00:00,0.0381,0.03824,0.0379,0.03812,4691832.0
2025-09-18 20:00:00+00:00,0.03813,0.0382,0.03796,0.03799,4931233.0
2025-09-18 20:15:00+00:00,0.03798,0.03812,0.03794,0.03804,2267061.0
2025-09-18 20:30:00+00:00,0.03805,0.03819,0.03799,0.0381,1660094.0
2025-09-18 20:45:00+00:00,0.03811,0.03828,0.03807,0.03825,1454791.0
2025-09-18 21:00:00+00:00,0.03825,0.03828,0.03799,0.03813,3322738.0
2025-09-18 21:15:00+00:00,0.03813,0.03827,0.03796,0.03824,2774412.0
2025-09-18 21:30:00+00:00,0.03824,0.03828,0.03808,0.03809,2551050.0
2025-09-18 21:45:00+00:00,0.0381,0.03819,0.03798,0.03806,896246.0
2025-09-18 22:00:00+00:00,0.03805,0.03822,0.03802,0.0381,6088251.0
2025-09-18 22:15:00+00:00,0.0381,0.03846,0.0381,0.0384,5263898.0
2025-09-18 22:30:00+00:00,0.03841,0.0386,0.03838,0.03845,3688039.0
2025-09-18 22:45:00+00:00,0.03845,0.03891,0.03843,0.03888,7038488.0
2025-09-18 23:00:00+00:00,0.03888,0.03888,0.03837,0.03877,17593529.0
2025-09-18 23:15:00+00:00,0.03877,0.03957,0.03864,0.03951,24780784.0
2025-09-18 23:30:00+00:00,0.03952,0.04011,0.03947,0.03999,21458538.0
2025-09-18 23:45:00+00:00,0.03998,0.0402,0.03947,0.03959,26911458.0
2025-09-19 00:00:00+00:00,0.0396,0.04046,0.0392,0.04042,37002550.0
2025-09-19 00:15:00+00:00,0.04043,0.04055,0.03975,0.0399,24473727.0
2025-09-19 00:30:00+00:00,0.0399,0.04003,0.03875,0.03905,31040099.0
2025-09-19 00:45:00+00:00,0.03904,0.03924,0.03844,0.03899,32205848.0
2025-09-19 01:00:00+00:00,0.03899,0.03908,0.03851,0.0387,10548902.0
2025-09-19 01:15:00+00:00,0.03869,0.03921,0.03864,0.03903,6237670.0
2025-09-19 01:30:00+00:00,0.03903,0.03923,0.03869,0.03888,6399464.0
2025-09-19 01:45:00+00:00,0.03888,0.03907,0.03866,0.03884,4691953.0
2025-09-19 02:00:00+00:00,0.03884,0.03924,0.0388,0.03887,7260224.0
2025-09-19 02:15:00+00:00,0.03887,0.03913,0.03871,0.0389,5038587.0
2025-09-19 02:30:00+00:00,0.0389,0.03927,0.03884,0.03916,7898722.0
2025-09-19 02:45:00+00:00,0.03916,0.03944,0.03891,0.03895,6896586.0
2025-09-19 03:00:00+00:00,0.03896,0.03998,0.03895,0.03962,18534396.0
2025-09-19 03:15:00+00:00,0.03961,0.0398,0.03878,0.03884,15058462.0
2025-09-19 03:30:00+00:00,0.03885,0.03891,0.0381,0.03827,22504869.0
2025-09-19 03:45:00+00:00,0.03825,0.03837,0.03808,0.03837,9169452.0
2025-09-19 04:00:00+00:00,0.03834,0.03837,0.03655,0.03739,49942402.0
2025-09-19 04:15:00+00:00,0.03738,0.03774,0.03729,0.03763,12399843.0
2025-09-19 04:30:00+00:00,0.03763,0.03765,0.03743,0.03756,7143173.0
2025-09-19 04:45:00+00:00,0.03756,0.0377,0.03741,0.03764,10391645.0
2025-09-19 05:00:00+00:00,0.03764,0.03778,0.03755,0.03764,5112992.0
2025-09-19 05:15:00+00:00,0.03764,0.03779,0.03726,0.03738,6512133.0
2025-09-19 05:30:00+00:00,0.03737,0.0376,0.03731,0.03757,4895010.0
2025-09-19 05:45:00+00:00,0.03757,0.0377,0.03747,0.03764,3452403.0
2025-09-19 06:00:00+00:00,0.03763,0.03764,0.03749,0.03756,4876108.0
2025-09-19 06:15:00+00:00,0.03757,0.0379,0.03743,0.03759,8875460.0
2025-09-19 06:30:00+00:00,0.03759,0.03765,0.03743,0.03754,2401473.0
2025-09-19 06:45:00+00:00,0.03754,0.03761,0.03724,0.03737,7440259.0
2025-09-19 07:00:00+00:00,0.03735,0.03757,0.03729,0.03745,7399161.0
2025-09-19 07:15:00+00:00,0.03745,0.03759,0.03739,0.03753,2858507.0
2025-09-19 07:30:00+00:00,0.03754,0.03759,0.03731,0.03738,6802184.0
2025-09-19 07:45:00+00:00,0.03739,0.03741,0.03707,0.03724,6295597.0
2025-09-19 08:00:00+00:00,0.03723,0.03757,0.03712,0.03751,5705279.0
2025-09-19 08:15:00+00:00,0.03752,0.03763,0.03747,0.03759,7052503.0
2025-09-19 08:30:00+00:00,0.03759,0.03784,0.03735,0.03754,12669547.0
2025-09-19 08:45:00+00:00,0.03753,0.03763,0.03742,0.03752,4973851.0
2025-09-19 09:00:00+00:00,0.03753,0.03771,0.03746,0.03763,4832305.0
2025-09-19 09:15:00+00:00,0.03762,0.03766,0.0372,0.03738,7307247.0
2025-09-19 09:30:00+00:00,0.03739,0.03754,0.03714,0.03715,4407918.0
2025-09-19 09:45:00+00:00,0.03716,0.03746,0.0371,0.03742,4926099.0
2025-09-19 10:00:00+00:00,0.03742,0.0375,0.03727,0.0374,5151226.0
2025-09-19 10:15:00+00:00,0.0374,0.03747,0.03719,0.03721,3512436.0
2025-09-19 10:30:00+00:00,0.03721,0.03735,0.0371,0.03724,3736012.0
2025-09-19 10:45:00+00:00,0.03725,0.03733,0.03717,0.03725,2016437.0
2025-09-19 11:00:00+00:00,0.03724,0.03728,0.03673,0.03683,14200832.0
2025-09-19 11:15:00+00:00,0.03682,0.03687,0.03652,0.03656,12721257.0
2025-09-19 11:30:00+00:00,0.03657,0.03665,0.03627,0.03633,11254844.0
2025-09-19 11:45:00+00:00,0.03633,0.03648,0.03622,0.03636,7702577.0
2025-09-19 12:00:00+00:00,0.03637,0.03668,0.03636,0.03651,5042491.0
2025-09-19 12:15:00+00:00,0.03653,0.03661,0.03615,0.03621,6338535.0
2025-09-19 12:30:00+00:00,0.0362,0.03643,0.03614,0.03638,3046371.0
2025-09-19 12:45:00+00:00,0.03638,0.0364,0.03624,0.03636,3864205.0
2025-09-19 13:00:00+00:00,0.03635,0.03662,0.03635,0.03656,3622938.0
2025-09-19 13:15:00+00:00,0.03655,0.03674,0.03641,0.03652,7866016.0
2025-09-19 13:30:00+00:00,0.03653,0.03667,0.03632,0.03655,4415964.0
2025-09-19 13:45:00+00:00,0.03655,0.03682,0.0365,0.03661,6279774.0
2025-09-19 14:00:00+00:00,0.03661,0.03668,0.03651,0.03656,3221863.0
2025-09-19 14:15:00+00:00,0.03656,0.03665,0.03634,0.03637,5149674.0
2025-09-19 14:30:00+00:00,0.03636,0.03655,0.03622,0.03623,3898098.0
2025-09-19 14:45:00+00:00,0.03625,0.03625,0.03569,0.03593,27560926.0
2025-09-19 15:00:00+00:00,0.03592,0.03596,0.03531,0.03542,20281121.0
2025-09-19 15:15:00+00:00,0.03543,0.03563,0.03535,0.03552,7894475.0
2025-09-19 15:30:00+00:00,0.03551,0.03583,0.03536,0.03578,4713381.0
2025-09-19 15:45:00+00:00,0.03578,0.03585,0.03559,0.03573,4761237.0
2025-09-19 16:00:00+00:00,0.03573,0.03605,0.03568,0.03597,5990578.0
2025-09-19 16:15:00+00:00,0.03596,0.03609,0.03587,0.03603,4531101.0
2025-09-19 16:30:00+00:00,0.03603,0.03613,0.03588,0.03602,2406024.0
2025-09-19 16:45:00+00:00,0.03601,0.03607,0.03588,0.03601,2082868.0
2025-09-19 17:00:00+00:00,0.03602,0.03602,0.03575,0.03584,3820389.0
2025-09-19 17:15:00+00:00,0.03585,0.03589,0.03566,0.03582,4344268.0
2025-09-19 17:30:00+00:00,0.03582,0.03582,0.03559,0.03575,4205226.0
2025-09-19 17:45:00+00:00,0.03575,0.03585,0.03573,0.03581,2453828.0
2025-09-19 18:00:00+00:00,0.03582,0.03589,0.03546,0.03569,5621903.0
2025-09-19 18:15:00+00:00,0.03571,0.03579,0.03562,0.03573,1404043.0
2025-09-19 18:30:00+00:00,0.03573,0.0359,0.03566,0.03586,2255513.0
2025-09-19 18:45:00+00:00,0.03587,0.03593,0.0357,0.03577,1775036.0
2025-09-19 19:00:00+00:00,0.03577,0.03594,0.03576,0.03583,1276603.0
2025-09-19 19:15:00+00:00,0.03583,0.03603,0.03579,0.03594,1751292.0
2025-09-19 19:30:00+00:00,0.03594,0.03602,0.03585,0.03585,1933391.0
2025-09-19 19:45:00+00:00,0.03585,0.03593,0.03572,0.03574,2342846.0
2025-09-19 20:00:00+00:00,0.03573,0.03624,0.03572,0.03621,5943073.0
2025-09-19 20:15:00+00:00,0.03621,0.03622,0.03602,0.03612,3357412.0
2025-09-19 20:30:00+00:00,0.03613,0.03646,0.03604,0.03637,4560202.0
2025-09-19 20:45:00+00:00,0.03639,0.03642,0.03612,0.03613,4759738.0
2025-09-19 21:00:00+00:00,0.03613,0.03643,0.03607,0.03642,4019408.0
2025-09-19 21:15:00+00:00,0.03641,0.03649,0.03626,0.03638,3103167.0
2025-09-19 21:30:00+00:00,0.03636,0.03677,0.03636,0.03677,6233272.0
2025-09-19 21:45:00+00:00,0.03676,0.03687,0.0366,0.03687,3848425.0
2025-09-19 22:00:00+00:00,0.03687,0.03706,0.03664,0.03664,6093858.0
2025-09-19 22:15:00+00:00,0.03665,0.03683,0.03655,0.03674,2670050.0
2025-09-19 22:30:00+00:00,0.03675,0.03695,0.03675,0.03685,3986137.0
2025-09-19 22:45:00+00:00,0.03685,0.03694,0.03678,0.03693,1665389.0
2025-09-19 23:00:00+00:00,0.03694,0.03729,0.0368,0.03708,8928241.0
2025-09-19 23:15:00+00:00,0.03708,0.03726,0.03671,0.03686,9685433.0
2025-09-19 23:30:00+00:00,0.03686,0.03701,0.0367,0.03699,4980763.0
2025-09-19 23:45:00+00:00,0.037,0.03726,0.037,0.03719,4736587.0
2025-09-20 00:00:00+00:00,0.0372,0.03721,0.03659,0.03699,8067873.0
2025-09-20 00:15:00+00:00,0.03699,0.03724,0.0368,0.03696,7044459.0
2025-09-20 00:30:00+00:00,0.03696,0.03705,0.03686,0.03694,1671383.0
2025-09-20 00:45:00+00:00,0.03693,0.03725,0.0368,0.0369,4914137.0
2025-09-20 01:00:00+00:00,0.0369,0.03693,0.03658,0.03659,4420889.0
2025-09-20 01:15:00+00:00,0.0366,0.03697,0.03657,0.03691,2414752.0
2025-09-20 01:30:00+00:00,0.03691,0.03692,0.03661,0.03685,2659067.0
2025-09-20 01:45:00+00:00,0.03685,0.03685,0.03652,0.03656,2929622.0
2025-09-20 02:00:00+00:00,0.03655,0.03703,0.03647,0.03677,9607753.0
2025-09-20 02:15:00+00:00,0.03678,0.03686,0.03648,0.03674,2877377.0
2025-09-20 02:30:00+00:00,0.03674,0.03682,0.03651,0.03673,3763028.0
2025-09-20 02:45:00+00:00,0.03672,0.03711,0.03664,0.03705,4394117.0
2025-09-20 03:00:00+00:00,0.03705,0.03711,0.03671,0.0368,5199564.0
2025-09-20 03:15:00+00:00,0.03681,0.03694,0.03669,0.03675,2632406.0
2025-09-20 03:30:00+00:00,0.03677,0.03702,0.03671,0.03699,1830065.0
2025-09-20 03:45:00+00:00,0.03698,0.0371,0.03685,0.03694,2957361.0
2025-09-20 04:00:00+00:00,0.03694,0.0375,0.03684,0.03739,8800008.0
2025-09-20 04:15:00+00:00,0.03738,0.03835,0.03738,0.03756,28139673.0
2025-09-20 04:30:00+00:00,0.03755,0.03908,0.03754,0.03899,27829580.0
2025-09-20 04:45:00+00:00,0.03897,0.03996,0.03865,0.03926,52871401.0
2025-09-20 05:00:00+00:00,0.03926,0.04042,0.03846,0.03919,83091174.0
2025-09-20 05:15:00+00:00,0.03919,0.03965,0.03878,0.03962,28521717.0
2025-09-20 05:30:00+00:00,0.03962,0.04065,0.03911,0.04051,35439899.0
2025-09-20 05:45:00+00:00,0.04051,0.04051,0.03955,0.0397,25805001.0
2025-09-20 06:00:00+00:00,0.0397,0.03981,0.03903,0.03925,16187153.0
2025-09-20 06:15:00+00:00,0.03926,0.03929,0.03888,0.03912,10898830.0
2025-09-20 06:30:00+00:00,0.03912,0.03935,0.03888,0.03912,9070394.0
2025-09-20 06:45:00+00:00,0.03912,0.03944,0.03903,0.03913,5773867.0
2025-09-20 07:00:00+00:00,0.03913,0.03987,0.039,0.03979,37172303.0
2025-09-20 07:15:00+00:00,0.03977,0.04035,0.03974,0.04027,23903531.0
2025-09-20 07:30:00+00:00,0.04026,0.0407,0.0398,0.04053,30778231.0
2025-09-20 07:45:00+00:00,0.04052,0.04059,0.03992,0.04019,19596069.0
2025-09-20 08:00:00+00:00,0.04019,0.04065,0.03995,0.04043,19014157.0
2025-09-20 08:15:00+00:00,0.04044,0.04161,0.04002,0.04006,69272045.0
2025-09-20 08:30:00+00:00,0.04008,0.04094,0.0394,0.04086,43214372.0
2025-09-20 08:45:00+00:00,0.04086,0.04098,0.04035,0.04093,23689948.0
2025-09-20 09:00:00+00:00,0.04095,0.04111,0.03969,0.04009,34276923.0
2025-09-20 09:15:00+00:00,0.04009,0.0406,0.04009,0.04041,17615809.0
2025-09-20 09:30:00+00:00,0.04041,0.04063,0.0395,0.04003,32204860.0
2025-09-20 09:45:00+00:00,0.04003,0.04102,0.04001,0.04047,36328830.0
2025-09-20 10:00:00+00:00,0.04047,0.041,0.04008,0.04059,17199960.0
2025-09-20 10:15:00+00:00,0.04061,0.04099,0.04049,0.0405,16670289.0
2025-09-20 10:30:00+00:00,0.04051,0.04054,0.03989,0.03997,14350666.0
2025-09-20 10:45:00+00:00,0.03996,0.04033,0.03984,0.04017,9490543.0
2025-09-20 11:00:00+00:00,0.04018,0.0409,0.04013,0.04046,15665437.0
2025-09-20 11:15:00+00:00,0.04045,0.0409,0.0403,0.04067,14842359.0
2025-09-20 11:30:00+00:00,0.04068,0.04087,0.03982,0.04025,14744800.0
2025-09-20 11:45:00+00:00,0.04024,0.04077,0.04024,0.04056,7112578.0
2025-09-20 12:00:00+00:00,0.04057,0.04061,0.03997,0.04016,12573706.0
2025-09-20 12:15:00+00:00,0.04015,0.0403,0.0399,0.03993,7822400.0
2025-09-20 12:30:00+00:00,0.03993,0.04075,0.03992,0.0407,12669904.0
2025-09-20 12:45:00+00:00,0.0407,0.04092,0.04037,0.04055,11301174.0
2025-09-20 13:00:00+00:00,0.04055,0.04056,0.03984,0.04023,15637842.0
2025-09-20 13:15:00+00:00,0.04024,0.04043,0.03991,0.03998,7416298.0
2025-09-20 13:30:00+00:00,0.03998,0.04068,0.03995,0.04063,11649877.0
2025-09-20 13:45:00+00:00,0.04063,0.04065,0.04018,0.04021,7896122.0
2025-09-20 14:00:00+00:00,0.04021,0.04046,0.04001,0.04036,9497957.0
2025-09-20 14:15:00+00:00,0.04036,0.04061,0.04011,0.04053,11083980.0
2025-09-20 14:30:00+00:00,0.04053,0.04126,0.04032,0.04103,24482192.0
2025-09-20 14:45:00+00:00,0.04105,0.04227,0.04098,0.04172,72681703.0
2025-09-20 15:00:00+00:00,0.04172,0.04269,0.04149,0.04246,54817107.0
2025-09-20 15:15:00+00:00,0.04246,0.04256,0.0402,0.04056,60940770.0
2025-09-20 15:30:00+00:00,0.04057,0.04104,0.04047,0.04068,25310195.0
2025-09-20 15:45:00+00:00,0.04067,0.04136,0.04061,0.04115,14729494.0
2025-09-20 16:00:00+00:00,0.04115,0.04212,0.04064,0.04186,34805739.0
2025-09-20 16:15:00+00:00,0.04185,0.04246,0.04167,0.04229,36793014.0
2025-09-20 16:30:00+00:00,0.04229,0.04364,0.04209,0.04296,61769150.0
2025-09-20 16:45:00+00:00,0.04295,0.04331,0.04201,0.04256,36935012.0
2025-09-20 17:00:00+00:00,0.04257,0.04353,0.04211,0.04254,52486054.0
2025-09-20 17:15:00+00:00,0.04253,0.04314,0.0422,0.04285,29003479.0
2025-09-20 17:30:00+00:00,0.04284,0.04343,0.04233,0.04297,30070603.0
2025-09-20 17:45:00+00:00,0.04298,0.04377,0.04292,0.0431,36453368.0
2025-09-20 18:00:00+00:00,0.04308,0.0433,0.04245,0.04267,29730972.0
2025-09-20 18:15:00+00:00,0.04266,0.0442,0.04259,0.04414,57983903.0
2025-09-20 18:30:00+00:00,0.04413,0.04493,0.04335,0.04387,56783851.0
2025-09-20 18:45:00+00:00,0.04387,0.04391,0.04301,0.04328,21529364.0
2025-09-20 19:00:00+00:00,0.04328,0.04328,0.0426,0.04276,18678902.0
2025-09-20 19:15:00+00:00,0.04276,0.0428,0.04219,0.04226,21177405.0
2025-09-20 19:30:00+00:00,0.04226,0.04261,0.04189,0.04228,18757134.0
2025-09-20 19:45:00+00:00,0.04229,0.0425,0.04159,0.04165,22522528.0
2025-09-20 20:00:00+00:00,0.04166,0.04214,0.04151,0.04196,15951248.0
2025-09-20 20:15:00+00:00,0.04196,0.04216,0.0418,0.04206,7087067.0
2025-09-20 20:30:00+00:00,0.04204,0.04244,0.04188,0.04238,9335484.0
2025-09-20 20:45:00+00:00,0.04236,0.04293,0.04122,0.04261,37612025.0
2025-09-20 21:00:00+00:00,0.04259,0.04358,0.04256,0.04328,18706435.0
2025-09-20 21:15:00+00:00,0.04328,0.0434,0.04281,0.0434,12212347.0
2025-09-20 21:30:00+00:00,0.04338,0.04398,0.0432,0.04395,13128605.0
2025-09-20 21:45:00+00:00,0.04396,0.04421,0.0437,0.0439,12214442.0
2025-09-20 22:00:00+00:00,0.0439,0.04408,0.04321,0.0433,12664104.0
2025-09-20 22:15:00+00:00,0.04329,0.04332,0.04253,0.04278,11584311.0
2025-09-20 22:30:00+00:00,0.04278,0.04311,0.04273,0.04279,10583425.0
2025-09-20 22:45:00+00:00,0.04279,0.04299,0.0423,0.04244,9564462.0
2025-09-20 23:00:00+00:00,0.04244,0.04247,0.04207,0.04229,11052231.0
2025-09-20 23:15:00+00:00,0.04229,0.04265,0.0421,0.04256,5946817.0
2025-09-20 23:30:00+00:00,0.04255,0.04266,0.04221,0.04258,8404690.0
2025-09-20 23:45:00+00:00,0.04257,0.04263,0.04233,0.04262,4078784.0
2025-09-21 00:00:00+00:00,0.04263,0.04298,0.04237,0.04296,14397582.0
2025-09-21 00:15:00+00:00,0.04297,0.04344,0.04267,0.04268,11187967.0
2025-09-21 00:30:00+00:00,0.04271,0.04396,0.0426,0.04356,15815011.0
2025-09-21 00:45:00+00:00,0.04354,0.04362,0.04169,0.04191,31576354.0
2025-09-21 01:00:00+00:00,0.04189,0.04206,0.04114,0.04141,22452852.0
2025-09-21 01:15:00+00:00,0.04141,0.04141,0.0407,0.04092,15262510.0
2025-09-21 01:30:00+00:00,0.04091,0.04126,0.04079,0.04095,7724272.0
2025-09-21 01:45:00+00:00,0.04097,0.04153,0.04084,0.04144,9366275.0
2025-09-21 02:00:00+00:00,0.04143,0.04156,0.04105,0.04123,7096987.0
2025-09-21 02:15:00+00:00,0.04121,0.04134,0.04074,0.04092,9625143.0
2025-09-21 02:30:00+00:00,0.04091,0.04151,0.04073,0.04121,9525301.0
2025-09-21 02:45:00+00:00,0.04122,0.04144,0.04108,0.04108,5583690.0
2025-09-21 03:00:00+00:00,0.04109,0.04113,0.04045,0.04053,20770119.0
2025-09-21 03:15:00+00:00,0.04052,0.04082,0.04044,0.04071,7980049.0
2025-09-21 03:30:00+00:00,0.04072,0.04089,0.04063,0.04086,5540808.0
2025-09-21 03:45:00+00:00,0.04086,0.04092,0.04067,0.04083,5546570.0
2025-09-21 04:00:00+00:00,0.04083,0.04095,0.04056,0.04057,5998023.0
2025-09-21 04:15:00+00:00,0.04059,0.04072,0.04036,0.04047,8833152.0
2025-09-21 04:30:00+00:00,0.04047,0.04104,0.04046,0.04084,7460628.0
2025-09-21 04:45:00+00:00,0.04085,0.04097,0.04064,0.04089,5583676.0
2025-09-21 05:00:00+00:00,0.04091,0.04091,0.0405,0.04066,9490666.0
2025-09-21 05:15:00+00:00,0.04066,0.04084,0.04041,0.04054,6889590.0
2025-09-21 05:30:00+00:00,0.04053,0.04084,0.04049,0.04078,3827844.0
2025-09-21 05:45:00+00:00,0.04079,0.0412,0.04073,0.04115,9051249.0
2025-09-21 06:00:00+00:00,0.04114,0.04115,0.04051,0.0409,12258718.0
2025-09-21 06:15:00+00:00,0.04089,0.04099,0.0407,0.04092,5591671.0
2025-09-21 06:30:00+00:00,0.04091,0.04091,0.04053,0.04066,7111895.0
2025-09-21 06:45:00+00:00,0.04066,0.04067,0.04021,0.0403,11697291.0
2025-09-21 07:00:00+00:00,0.04031,0.04065,0.03982,0.0406,20681155.0
2025-09-21 07:15:00+00:00,0.04058,0.04256,0.04038,0.04247,76157697.0
2025-09-21 07:30:00+00:00,0.04246,0.04279,0.04191,0.04209,26114548.0
2025-09-21 07:45:00+00:00,0.04209,0.04233,0.04136,0.04159,19689251.0
2025-09-21 08:00:00+00:00,0.04159,0.04176,0.04136,0.04155,11278817.0
2025-09-21 08:15:00+00:00,0.04155,0.04171,0.04134,0.04142,6350241.0
2025-09-21 08:30:00+00:00,0.04142,0.04163,0.04126,0.04145,7190592.0
2025-09-21 08:45:00+00:00,0.04146,0.04181,0.04136,0.04139,8498862.0
2025-09-21 09:00:00+00:00,0.04138,0.04168,0.04107,0.04155,11900067.0
2025-09-21 09:15:00+00:00,0.04154,0.04216,0.04111,0.04126,24832387.0
2025-09-21 09:30:00+00:00,0.04126,0.04127,0.04016,0.04051,25350222.0
2025-09-21 09:45:00+00:00,0.0405,0.04073,0.04031,0.04049,6478980.0
2025-09-21 10:00:00+00:00,0.04049,0.04095,0.04042,0.04069,6137999.0
2025-09-21 10:15:00+00:00,0.04069,0.0407,0.04046,0.0406,3712350.0
2025-09-21 10:30:00+00:00,0.04059,0.04096,0.04058,0.04062,3658657.0
2025-09-21 10:45:00+00:00,0.04063,0.04094,0.04054,0.04092,5306258.0
2025-09-21 11:00:00+00:00,0.04091,0.04204,0.0408,0.04169,16423745.0
2025-09-21 11:15:00+00:00,0.04168,0.0418,0.04153,0.04169,6650200.0
2025-09-21 11:30:00+00:00,0.04168,0.04178,0.04135,0.04163,6397103.0
2025-09-21 11:45:00+00:00,0.04162,0.04172,0.04141,0.04149,4564709.0
2025-09-21 12:00:00+00:00,0.0415,0.04188,0.04144,0.04178,6143119.0
2025-09-21 12:15:00+00:00,0.04179,0.04213,0.04172,0.04207,7325751.0
2025-09-21 12:30:00+00:00,0.04208,0.04222,0.04162,0.04163,12431917.0
2025-09-21 12:45:00+00:00,0.04163,0.04182,0.04121,0.04128,11319836.0
2025-09-21 13:00:00+00:00,0.04128,0.04174,0.04116,0.04159,6736708.0
2025-09-21 13:15:00+00:00,0.0416,0.04182,0.04156,0.0416,4631304.0
2025-09-21 13:30:00+00:00,0.0416,0.04188,0.04151,0.04174,4825309.0
2025-09-21 13:45:00+00:00,0.04172,0.04195,0.04168,0.0418,5823669.0
2025-09-21 14:00:00+00:00,0.04179,0.04208,0.0416,0.04184,5522923.0
2025-09-21 14:15:00+00:00,0.04184,0.04185,0.04125,0.04136,5833378.0
2025-09-21 14:30:00+00:00,0.04137,0.04177,0.04129,0.04156,5882781.0
2025-09-21 14:45:00+00:00,0.04156,0.04182,0.04133,0.04133,4302439.0
2025-09-21 15:00:00+00:00,0.04133,0.04168,0.04128,0.04153,3269598.0
2025-09-21 15:15:00+00:00,0.04152,0.04159,0.04138,0.04149,2336987.0
2025-09-21 15:30:00+00:00,0.04149,0.04161,0.04108,0.04134,9003825.0
2025-09-21 15:45:00+00:00,0.04134,0.04146,0.04084,0.04095,9450798.0
2025-09-21 16:00:00+00:00,0.04096,0.0412,0.04089,0.04089,4875687.0
2025-09-21 16:15:00+00:00,0.0409,0.04095,0.04026,0.04044,11927520.0
2025-09-21 16:30:00+00:00,0.04044,0.0405,0.03989,0.04002,13440040.0
2025-09-21 16:45:00+00:00,0.04002,0.04021,0.03989,0.03995,9564259.0
2025-09-21 17:00:00+00:00,0.03995,0.03998,0.03951,0.03963,13170372.0
2025-09-21 17:15:00+00:00,0.03962,0.03979,0.03938,0.03962,13401573.0
2025-09-21 17:30:00+00:00,0.03962,0.03986,0.0396,0.03983,4945433.0
2025-09-21 17:45:00+00:00,0.03982,0.04016,0.03971,0.0401,4452555.0
2025-09-21 18:00:00+00:00,0.04011,0.04025,0.03999,0.04006,6240123.0
2025-09-21 18:15:00+00:00,0.04007,0.04023,0.03993,0.03997,3917156.0
2025-09-21 18:30:00+00:00,0.03999,0.04017,0.03992,0.04002,2963071.0
2025-09-21 18:45:00+00:00,0.04002,0.04026,0.03994,0.04026,1928373.0
2025-09-21 19:00:00+00:00,0.04023,0.04025,0.03977,0.03978,4433004.0
2025-09-21 19:15:00+00:00,0.03979,0.04005,0.03977,0.03997,2224598.0
2025-09-21 19:30:00+00:00,0.03998,0.04011,0.0398,0.0399,3944090.0
2025-09-21 19:45:00+00:00,0.0399,0.03994,0.0398,0.03989,950750.0
2025-09-21 20:00:00+00:00,0.03989,0.03994,0.03975,0.0398,2858768.0
2025-09-21 20:15:00+00:00,0.03982,0.04008,0.03977,0.04007,1886540.0
2025-09-21 20:30:00+00:00,0.04007,0.04009,0.03982,0.03991,2259331.0
2025-09-21 20:45:00+00:00,0.0399,0.04009,0.03989,0.04006,1272209.0
2025-09-21 21:00:00+00:00,0.04006,0.04023,0.04002,0.04013,2118648.0
2025-09-21 21:15:00+00:00,0.04012,0.04017,0.03992,0.03997,2337430.0
2025-09-21 21:30:00+00:00,0.03998,0.0404,0.03993,0.04036,2951138.0
2025-09-21 21:45:00+00:00,0.04037,0.0405,0.04034,0.04042,2002073.0
2025-09-21 22:00:00+00:00,0.04041,0.04059,0.0401,0.04024,5128260.0
2025-09-21 22:15:00+00:00,0.04023,0.04045,0.04016,0.04032,2492298.0
2025-09-21 22:30:00+00:00,0.04031,0.04064,0.04019,0.0406,2128690.0
2025-09-21 22:45:00+00:00,0.04059,0.04071,0.04039,0.04039,1687134.0
2025-09-21 23:00:00+00:00,0.0404,0.04043,0.0401,0.0403,2311045.0
2025-09-21 23:15:00+00:00,0.0403,0.04049,0.04025,0.04046,1985665.0
2025-09-21 23:30:00+00:00,0.04046,0.0407,0.04033,0.04066,2778349.0
2025-09-21 23:45:00+00:00,0.04065,0.04092,0.04055,0.04086,5570692.0
2025-09-22 00:00:00+00:00,0.04086,0.04087,0.04013,0.04016,8136425.0
2025-09-22 00:15:00+00:00,0.04015,0.04034,0.03957,0.03981,10102828.0
2025-09-22 00:30:00+00:00,0.03981,0.03983,0.0385,0.03911,37082542.0
2025-09-22 00:45:00+00:00,0.03912,0.03919,0.03838,0.03865,17708893.0
2025-09-22 01:00:00+00:00,0.03865,0.03891,0.03827,0.03838,10642057.0
2025-09-22 01:15:00+00:00,0.03837,0.03873,0.03824,0.03867,6785368.0
2025-09-22 01:30:00+00:00,0.03865,0.03925,0.03863,0.03901,4855958.0
2025-09-22 01:45:00+00:00,0.03902,0.03913,0.03847,0.03854,5522050.0
2025-09-22 02:00:00+00:00,0.03853,0.03884,0.0384,0.03873,6313102.0
2025-09-22 02:15:00+00:00,0.03873,0.03886,0.03822,0.03837,9125871.0
2025-09-22 02:30:00+00:00,0.03838,0.03844,0.03773,0.0381,20228063.0
2025-09-22 02:45:00+00:00,0.03809,0.03838,0.03807,0.03835,3651732.0
2025-09-22 03:00:00+00:00,0.03835,0.03865,0.03831,0.03838,5423024.0
2025-09-22 03:15:00+00:00,0.03838,0.0387,0.03837,0.0387,2971780.0
2025-09-22 03:30:00+00:00,0.03871,0.03871,0.03836,0.03843,2953253.0
2025-09-22 03:45:00+00:00,0.03843,0.03867,0.03839,0.03844,3254540.0
2025-09-22 04:00:00+00:00,0.03845,0.03856,0.03808,0.03809,5224768.0
2025-09-22 04:15:00+00:00,0.03809,0.03879,0.03805,0.03872,4867452.0
2025-09-22 04:30:00+00:00,0.03871,0.03901,0.03864,0.03874,5440260.0
2025-09-22 04:45:00+00:00,0.03875,0.0389,0.0385,0.03852,3498662.0
2025-09-22 05:00:00+00:00,0.03851,0.03894,0.03846,0.03865,6995959.0
2025-09-22 05:15:00+00:00,0.03865,0.03943,0.03859,0.03913,9985559.0
2025-09-22 05:30:00+00:00,0.03913,0.03916,0.03852,0.03855,8157626.0
2025-09-22 05:45:00+00:00,0.03854,0.03868,0.03775,0.03779,8903153.0
2025-09-22 06:00:00+00:00,0.03775,0.03783,0.03189,0.03529,131483562.0
2025-09-22 06:15:00+00:00,0.03529,0.03545,0.03494,0.03531,24952587.0
2025-09-22 06:30:00+00:00,0.03532,0.0357,0.03515,0.03556,16812968.0
2025-09-22 06:45:00+00:00,0.03556,0.03556,0.0351,0.03527,10943173.0
2025-09-22 07:00:00+00:00,0.03527,0.03572,0.03526,0.03555,11325562.0
2025-09-22 07:15:00+00:00,0.03554,0.03557,0.03499,0.03519,7112055.0
2025-09-22 07:30:00+00:00,0.03519,0.03551,0.03473,0.03486,13525401.0
2025-09-22 07:45:00+00:00,0.03485,0.03498,0.03457,0.03472,7518608.0
2025-09-22 08:00:00+00:00,0.03472,0.0353,0.03472,0.03515,10118438.0
2025-09-22 08:15:00+00:00,0.03516,0.03524,0.03496,0.03504,6704925.0
2025-09-22 08:30:00+00:00,0.03505,0.03512,0.03473,0.03481,6242192.0
2025-09-22 08:45:00+00:00,0.03482,0.03502,0.03471,0.03476,5015419.0
2025-09-22 09:00:00+00:00,0.03478,0.03483,0.03439,0.03448,7570904.0
2025-09-22 09:15:00+00:00,0.03447,0.03456,0.03428,0.0343,6414691.0
2025-09-22 09:30:00+00:00,0.0343,0.03432,0.03393,0.03406,9001124.0
2025-09-22 09:45:00+00:00,0.03407,0.03417,0.03373,0.0338,9097999.0
2025-09-22 10:00:00+00:00,0.03382,0.03447,0.0338,0.03427,10273455.0
2025-09-22 10:15:00+00:00,0.03427,0.03462,0.0342,0.03459,9336335.0
2025-09-22 10:30:00+00:00,0.0346,0.0346,0.03411,0.03427,6545032.0
2025-09-22 10:45:00+00:00,0.03428,0.03459,0.03424,0.0343,4618429.0
2025-09-22 11:00:00+00:00,0.03431,0.03436,0.03393,0.03393,5970623.0
2025-09-22 11:15:00+00:00,0.03395,0.03413,0.03382,0.03409,3960647.0
2025-09-22 11:30:00+00:00,0.03409,0.03418,0.03388,0.03394,5350861.0
2025-09-22 11:45:00+00:00,0.03394,0.03418,0.03387,0.03417,4019813.0
2025-09-22 12:00:00+00:00,0.03417,0.03417,0.03369,0.03369,7736661.0
2025-09-22 12:15:00+00:00,0.0337,0.03404,0.03367,0.03388,6018674.0
2025-09-22 12:30:00+00:00,0.03387,0.03413,0.03386,0.03398,5952913.0
2025-09-22 12:45:00+00:00,0.03398,0.03407,0.03378,0.03396,7417558.0
2025-09-22 13:00:00+00:00,0.03396,0.03423,0.03392,0.03416,5219712.0
2025-09-22 13:15:00+00:00,0.03416,0.03437,0.03393,0.034,3851060.0
2025-09-22 13:30:00+00:00,0.034,0.03418,0.03376,0.03385,5990617.0
2025-09-22 13:45:00+00:00,0.03383,0.03447,0.03371,0.03446,5237620.0
2025-09-22 14:00:00+00:00,0.03447,0.03463,0.03392,0.03394,8213986.0
2025-09-22 14:15:00+00:00,0.03395,0.03422,0.03386,0.03422,4753973.0
2025-09-22 14:30:00+00:00,0.0342,0.03432,0.03378,0.03382,6275481.0
2025-09-22 14:45:00+00:00,0.03383,0.03387,0.03339,0.03357,11609763.0
2025-09-22 15:00:00+00:00,0.03356,0.03367,0.03329,0.03356,11606547.0
2025-09-22 15:15:00+00:00,0.03355,0.03355,0.03326,0.03347,8506087.0
2025-09-22 15:30:00+00:00,0.03347,0.03353,0.03305,0.03315,7956859.0
2025-09-22 15:45:00+00:00,0.03314,0.03341,0.03308,0.03331,4133271.0
2025-09-22 16:00:00+00:00,0.03329,0.03335,0.0328,0.03299,15686928.0
2025-09-22 16:15:00+00:00,0.033,0.0331,0.03273,0.03291,6933310.0
2025-09-22 16:30:00+00:00,0.03291,0.03317,0.03275,0.03288,7856797.0
2025-09-22 16:45:00+00:00,0.03287,0.03304,0.03277,0.03297,6548199.0
2025-09-22 17:00:00+00:00,0.03298,0.03305,0.03256,0.03278,8959175.0
2025-09-22 17:15:00+00:00,0.03278,0.033,0.03264,0.03284,4810275.0
2025-09-22 17:30:00+00:00,0.03283,0.03323,0.03275,0.03309,8272187.0
2025-09-22 17:45:00+00:00,0.03309,0.03327,0.03296,0.03302,5027326.0
2025-09-22 18:00:00+00:00,0.03301,0.03334,0.03276,0.03311,10199439.0
2025-09-22 18:15:00+00:00,0.03313,0.03325,0.03297,0.03302,4284082.0
2025-09-22 18:30:00+00:00,0.03303,0.03312,0.03291,0.03297,2877651.0
2025-09-22 18:45:00+00:00,0.03296,0.03318,0.03292,0.03298,3281332.0
2025-09-22 19:00:00+00:00,0.03298,0.03298,0.03275,0.0328,3084355.0
2025-09-22 19:15:00+00:00,0.03279,0.03318,0.03277,0.03293,5842084.0
2025-09-22 19:30:00+00:00,0.03294,0.03306,0.03263,0.03277,9080598.0
2025-09-22 19:45:00+00:00,0.03276,0.03279,0.03245,0.03264,10690319.0
2025-09-22 20:00:00+00:00,0.03264,0.03299,0.03259,0.03296,5303722.0
2025-09-22 20:15:00+00:00,0.03295,0.03315,0.03295,0.03311,4671195.0
2025-09-22 20:30:00+00:00,0.03309,0.03346,0.03308,0.03338,6616002.0
2025-09-22 20:45:00+00:00,0.03338,0.03346,0.03319,0.03332,4506002.0
2025-09-22 21:00:00+00:00,0.03332,0.03371,0.03321,0.03362,5805442.0
2025-09-22 21:15:00+00:00,0.0336,0.03385,0.03348,0.03356,6811976.0
2025-09-22 21:30:00+00:00,0.03356,0.03374,0.03356,0.03372,4116467.0
2025-09-22 21:45:00+00:00,0.03372,0.03377,0.03358,0.03364,1561764.0
2025-09-22 22:00:00+00:00,0.03362,0.03376,0.03358,0.03374,2754502.0
2025-09-22 22:15:00+00:00,0.03373,0.03379,0.03361,0.03372,1675123.0
2025-09-22 22:30:00+00:00,0.03372,0.03386,0.03363,0.0337,3176471.0
2025-09-22 22:45:00+00:00,0.03371,0.03375,0.03355,0.03363,2007176.0
2025-09-22 23:00:00+00:00,0.03362,0.03372,0.03352,0.03359,1372700.0
2025-09-22 23:15:00+00:00,0.0336,0.03387,0.03347,0.03377,3631215.0
2025-09-22 23:30:00+00:00,0.03378,0.03401,0.03378,0.03379,4097648.0
2025-09-22 23:45:00+00:00,0.03378,0.03382,0.03369,0.03379,2005266.0
2025-09-23 00:00:00+00:00,0.0338,0.03383,0.03359,0.03371,2332546.0
2025-09-23 00:15:00+00:00,0.03372,0.03411,0.03372,0.03401,2558591.0
2025-09-23 00:30:00+00:00,0.03401,0.03411,0.0338,0.03383,2834483.0
2025-09-23 00:45:00+00:00,0.03382,0.03394,0.03361,0.03364,2143276.0
2025-09-23 01:00:00+00:00,0.03365,0.0338,0.03325,0.03334,4771053.0
2025-09-23 01:15:00+00:00,0.03333,0.03383,0.03327,0.03383,2600798.0
2025-09-23 01:30:00+00:00,0.03383,0.03384,0.03353,0.03357,3492198.0
2025-09-23 01:45:00+00:00,0.03356,0.03372,0.0333,0.03337,2314453.0
2025-09-23 02:00:00+00:00,0.03338,0.03361,0.03334,0.03349,3298561.0
2025-09-23 02:15:00+00:00,0.03349,0.0335,0.03315,0.03319,3144640.0
2025-09-23 02:30:00+00:00,0.0332,0.03327,0.03294,0.03307,4846873.0
2025-09-23 02:45:00+00:00,0.03307,0.03312,0.03264,0.03266,6358050.0
2025-09-23 03:00:00+00:00,0.03266,0.03294,0.0323,0.03294,11484953.0
2025-09-23 03:15:00+00:00,0.03293,0.0334,0.0329,0.03323,8773509.0
2025-09-23 03:30:00+00:00,0.03325,0.03345,0.03321,0.03326,5312929.0
2025-09-23 03:45:00+00:00,0.03326,0.03338,0.03321,0.03329,2503513.0
2025-09-23 04:00:00+00:00,0.03329,0.03355,0.03318,0.03319,4111470.0
2025-09-23 04:15:00+00:00,0.03318,0.03333,0.03302,0.03308,2388931.0
2025-09-23 04:30:00+00:00,0.03308,0.03324,0.03285,0.03317,5459783.0
2025-09-23 04:45:00+00:00,0.03316,0.03318,0.03297,0.03303,1147707.0
2025-09-23 05:00:00+00:00,0.03303,0.03319,0.03289,0.03319,3542711.0
2025-09-23 05:15:00+00:00,0.03319,0.03329,0.03298,0.0331,2596559.0
2025-09-23 05:30:00+00:00,0.03311,0.03344,0.0331,0.03335,3809067.0
2025-09-23 05:45:00+00:00,0.03336,0.03338,0.03318,0.03333,2495147.0
2025-09-23 06:00:00+00:00,0.03334,0.03367,0.03325,0.03358,4932631.0
2025-09-23 06:15:00+00:00,0.03357,0.03382,0.03352,0.03381,3943033.0
2025-09-23 06:30:00+00:00,0.0338,0.03415,0.03379,0.03396,6540678.0
2025-09-23 06:45:00+00:00,0.03395,0.03434,0.03387,0.03433,6200131.0
2025-09-23 07:00:00+00:00,0.03431,0.03458,0.03413,0.03447,5944743.0
2025-09-23 07:15:00+00:00,0.03449,0.03466,0.03428,0.03434,6646406.0
2025-09-23 07:30:00+00:00,0.03433,0.03468,0.0343,0.03461,7455522.0
2025-09-23 07:45:00+00:00,0.03461,0.03468,0.03414,0.03419,3964302.0
2025-09-23 08:00:00+00:00,0.0342,0.03447,0.03408,0.03434,5449974.0
2025-09-23 08:15:00+00:00,0.03434,0.0348,0.03433,0.03437,5652074.0
2025-09-23 08:30:00+00:00,0.03438,0.03444,0.03403,0.03416,10427700.0
2025-09-23 08:45:00+00:00,0.03417,0.03427,0.03405,0.03418,5760480.0
2025-09-23 09:00:00+00:00,0.03418,0.03437,0.03405,0.03429,5053105.0
2025-09-23 09:15:00+00:00,0.03428,0.03428,0.03389,0.03397,2897020.0
2025-09-23 09:30:00+00:00,0.03397,0.03407,0.03388,0.03401,3426208.0
2025-09-23 09:45:00+00:00,0.03401,0.03403,0.03373,0.03381,4149099.0
2025-09-23 10:00:00+00:00,0.03382,0.0339,0.03373,0.03386,2528684.0
2025-09-23 10:15:00+00:00,0.03386,0.03408,0.0337,0.03389,3908951.0
2025-09-23 10:30:00+00:00,0.03389,0.03403,0.03377,0.03397,3988859.0
2025-09-23 10:45:00+00:00,0.03396,0.03407,0.03386,0.03388,4310744.0
2025-09-23 11:00:00+00:00,0.03387,0.03391,0.03363,0.03368,2476933.0
2025-09-23 11:15:00+00:00,0.03368,0.03373,0.03354,0.03362,2050462.0
2025-09-23 11:30:00+00:00,0.03361,0.03407,0.0336,0.03397,3240662.0
2025-09-23 11:45:00+00:00,0.03398,0.03409,0.03387,0.03388,2010110.0
2025-09-23 12:00:00+00:00,0.03387,0.03399,0.03381,0.03391,3018301.0
2025-09-23 12:15:00+00:00,0.03391,0.03409,0.03371,0.03372,4366862.0
2025-09-23 12:30:00+00:00,0.03371,0.03419,0.03359,0.03418,5090991.0
2025-09-23 12:45:00+00:00,0.03418,0.03443,0.03407,0.03407,3645596.0
2025-09-23 13:00:00+00:00,0.03406,0.03418,0.03384,0.03416,4840129.0
2025-09-23 13:15:00+00:00,0.03415,0.03433,0.03401,0.03422,3074686.0
2025-09-23 13:30:00+00:00,0.0342,0.03441,0.03386,0.03394,5575047.0
2025-09-23 13:45:00+00:00,0.03395,0.03407,0.0337,0.03389,2804736.0
2025-09-23 14:00:00+00:00,0.0339,0.03433,0.03388,0.03409,4513491.0
2025-09-23 14:15:00+00:00,0.03409,0.03411,0.03379,0.03386,3060052.0
2025-09-23 14:30:00+00:00,0.03387,0.03395,0.03342,0.03371,8470365.0
2025-09-23 14:45:00+00:00,0.0337,0.03371,0.03338,0.03355,5034392.0
2025-09-23 15:00:00+00:00,0.03355,0.03401,0.03332,0.0339,8022443.0
2025-09-23 15:15:00+00:00,0.0339,0.03434,0.0337,0.03413,5744823.0
2025-09-23 15:30:00+00:00,0.03413,0.03413,0.03374,0.03382,4172988.0
2025-09-23 15:45:00+00:00,0.03381,0.034,0.03381,0.03392,1818756.0
2025-09-23 16:00:00+00:00,0.03392,0.0341,0.03374,0.0339,4295541.0
2025-09-23 16:15:00+00:00,0.0339,0.03419,0.03386,0.03404,3802735.0
2025-09-23 16:30:00+00:00,0.03403,0.03403,0.03367,0.03374,6407611.0
2025-09-23 16:45:00+00:00,0.03373,0.03438,0.03371,0.03416,6423467.0
2025-09-23 17:00:00+00:00,0.03414,0.03416,0.03376,0.03378,4869923.0
2025-09-23 17:15:00+00:00,0.03377,0.03384,0.03355,0.03355,3704400.0
2025-09-23 17:30:00+00:00,0.03355,0.03359,0.03307,0.0331,7214147.0
2025-09-23 17:45:00+00:00,0.03313,0.03342,0.03313,0.0333,5229749.0
2025-09-23 18:00:00+00:00,0.0333,0.03359,0.03328,0.03342,4198003.0
2025-09-23 18:15:00+00:00,0.03341,0.03353,0.03328,0.03336,2895193.0
2025-09-23 18:30:00+00:00,0.03335,0.03353,0.03314,0.03316,2379737.0
2025-09-23 18:45:00+00:00,0.03316,0.03319,0.0329,0.03318,10182677.0
2025-09-23 19:00:00+00:00,0.03317,0.03344,0.03317,0.0334,5296627.0
2025-09-23 19:15:00+00:00,0.03339,0.03351,0.03308,0.03311,3601105.0
2025-09-23 19:30:00+00:00,0.03311,0.03317,0.03273,0.03293,8020190.0
2025-09-23 19:45:00+00:00,0.03292,0.03293,0.03264,0.03288,4195523.0
2025-09-23 20:00:00+00:00,0.03287,0.03316,0.03283,0.03306,3013477.0
2025-09-23 20:15:00+00:00,0.03306,0.03313,0.0329,0.03291,2145470.0
2025-09-23 20:30:00+00:00,0.03291,0.03326,0.03281,0.03318,4224712.0
2025-09-23 20:45:00+00:00,0.03319,0.03326,0.03294,0.0332,1969870.0
2025-09-23 21:00:00+00:00,0.0332,0.0332,0.03298,0.033,2608657.0
2025-09-23 21:15:00+00:00,0.03301,0.0331,0.03288,0.03308,2490195.0
2025-09-23 21:30:00+00:00,0.03309,0.03342,0.03306,0.0334,3899871.0
2025-09-23 21:45:00+00:00,0.0334,0.03342,0.03327,0.03333,741027.0
2025-09-23 22:00:00+00:00,0.03335,0.0335,0.03326,0.03335,2054179.0
2025-09-23 22:15:00+00:00,0.03335,0.03339,0.03298,0.033,2262708.0
2025-09-23 22:30:00+00:00,0.033,0.03322,0.03297,0.03311,3070050.0
2025-09-23 22:45:00+00:00,0.03311,0.03318,0.03304,0.03305,1090516.0
2025-09-23 23:00:00+00:00,0.03306,0.03329,0.03304,0.0331,2187233.0
2025-09-23 23:15:00+00:00,0.03311,0.0332,0.03269,0.03273,3238223.0
2025-09-23 23:30:00+00:00,0.03274,0.03306,0.03269,0.03278,6647585.0
2025-09-23 23:45:00+00:00,0.03278,0.03286,0.03257,0.03263,7308941.0
2025-09-24 00:00:00+00:00,0.03263,0.03278,0.03247,0.03277,8904327.0
2025-09-24 00:15:00+00:00,0.03276,0.03317,0.03275,0.03311,4290597.0
2025-09-24 00:30:00+00:00,0.03312,0.03317,0.03292,0.03293,3579141.0
2025-09-24 00:45:00+00:00,0.03293,0.03309,0.03258,0.03261,5217681.0
2025-09-24 01:00:00+00:00,0.03262,0.03319,0.0326,0.03319,7946490.0
2025-09-24 01:15:00+00:00,0.03319,0.03327,0.03298,0.03327,3343087.0
2025-09-24 01:30:00+00:00,0.03326,0.03339,0.03302,0.03304,5092255.0
2025-09-24 01:45:00+00:00,0.03305,0.03331,0.03304,0.03317,3624906.0
2025-09-24 02:00:00+00:00,0.03316,0.03328,0.03288,0.03289,2529320.0
2025-09-24 02:15:00+00:00,0.0329,0.03293,0.03268,0.03292,2956144.0
