timestamp,open,high,low,close,volume
2025-12-04 13:15:00+00:00,0.00583,0.00588,0.00582,0.00587,14688498.0
2025-12-04 13:30:00+00:00,0.00587,0.00587,0.0058,0.00583,10690368.0
2025-12-04 13:45:00+00:00,0.00584,0.00585,0.0058,0.00582,9354284.0
2025-12-04 14:00:00+00:00,0.00582,0.00613,0.0058,0.00594,116651208.0
2025-12-04 14:15:00+00:00,0.00593,0.00676,0.00592,0.00658,401793974.0
2025-12-04 14:30:00+00:00,0.00658,0.00659,0.00616,0.00621,150986018.0
2025-12-04 14:45:00+00:00,0.0062,0.00624,0.00603,0.0061,66643656.0
2025-12-04 15:00:00+00:00,0.0061,0.00616,0.00579,0.00583,144777688.0
2025-12-04 15:15:00+00:00,0.00582,0.00584,0.00544,0.00555,170222506.0
2025-12-04 15:30:00+00:00,0.00555,0.00572,0.00537,0.00571,91469946.0
2025-12-04 15:45:00+00:00,0.00571,0.00576,0.00565,0.00571,25365118.0
2025-12-04 16:00:00+00:00,0.00571,0.00572,0.00561,0.00561,27558627.0
2025-12-04 16:15:00+00:00,0.00561,0.00567,0.00559,0.00563,15472083.0
2025-12-04 16:30:00+00:00,0.00562,0.00566,0.00561,0.00565,13646254.0
2025-12-04 16:45:00+00:00,0.00564,0.00564,0.00555,0.00559,12529794.0
2025-12-04 17:00:00+00:00,0.00558,0.00561,0.00555,0.00557,12969082.0
2025-12-04 17:15:00+00:00,0.00557,0.00564,0.00557,0.00563,10899493.0
2025-12-04 17:30:00+00:00,0.00562,0.00565,0.00551,0.00563,19682527.0
2025-12-04 17:45:00+00:00,0.00563,0.00568,0.00562,0.00568,14038587.0
2025-12-04 18:00:00+00:00,0.00567,0.00579,0.00566,0.00572,25800045.0
2025-12-04 18:15:00+00:00,0.00571,0.00575,0.00568,0.00575,8355200.0
2025-12-04 18:30:00+00:00,0.00575,0.00576,0.00563,0.00565,8429427.0
2025-12-04 18:45:00+00:00,0.00566,0.00568,0.00562,0.00567,6456043.0
2025-12-04 19:00:00+00:00,0.00566,0.0057,0.00556,0.00556,8858753.0
2025-12-04 19:15:00+00:00,0.00555,0.00557,0.00545,0.00551,27574648.0
2025-12-04 19:30:00+00:00,0.00551,0.00562,0.00549,0.00562,11159921.0
2025-12-04 19:45:00+00:00,0.00562,0.00575,0.00561,0.00569,9845585.0
2025-12-04 20:00:00+00:00,0.0057,0.00572,0.00564,0.00568,8042042.0
2025-12-04 20:15:00+00:00,0.00568,0.00569,0.00564,0.00567,4619189.0
2025-12-04 20:30:00+00:00,0.00566,0.00571,0.00565,0.00569,6961772.0
2025-12-04 20:45:00+00:00,0.0057,0.00571,0.00566,0.00568,5167399.0
2025-12-04 21:00:00+00:00,0.00568,0.00573,0.00563,0.00571,6554570.0
2025-12-04 21:15:00+00:00,0.0057,0.00575,0.00568,0.0057,5779715.0
2025-12-04 21:30:00+00:00,0.00571,0.00572,0.00564,0.00565,4255212.0
2025-12-04 21:45:00+00:00,0.00565,0.00566,0.00561,0.00563,2143080.0
2025-12-04 22:00:00+00:00,0.00562,0.00565,0.00558,0.0056,5532503.0
2025-12-04 22:15:00+00:00,0.0056,0.00572,0.00558,0.0057,8411509.0
2025-12-04 22:30:00+00:00,0.00571,0.00572,0.00568,0.0057,2823264.0
2025-12-04 22:45:00+00:00,0.00571,0.00576,0.0057,0.00572,4726404.0
2025-12-04 23:00:00+00:00,0.00572,0.00574,0.00568,0.00569,5402355.0
2025-12-04 23:15:00+00:00,0.00569,0.00572,0.00565,0.00566,2539373.0
2025-12-04 23:30:00+00:00,0.00566,0.00569,0.00561,0.00565,4011390.0
2025-12-04 23:45:00+00:00,0.00565,0.00566,0.00557,0.00562,8200833.0
2025-12-05 00:00:00+00:00,0.00562,0.00574,0.00561,0.00567,14232784.0
2025-12-05 00:15:00+00:00,0.00566,0.00575,0.00563,0.00566,5455046.0
2025-12-05 00:30:00+00:00,0.00566,0.00572,0.00564,0.00566,6254548.0
2025-12-05 00:45:00+00:00,0.00568,0.00572,0.00566,0.00567,3976841.0
2025-12-05 01:00:00+00:00,0.00566,0.00572,0.00565,0.00567,3310736.0
2025-12-05 01:15:00+00:00,0.00568,0.00571,0.00565,0.00567,5595270.0
2025-12-05 01:30:00+00:00,0.00568,0.00572,0.00567,0.0057,4985264.0
2025-12-05 01:45:00+00:00,0.0057,0.00571,0.00562,0.00562,6733628.0
2025-12-05 02:00:00+00:00,0.00563,0.00568,0.00556,0.00561,10322692.0
2025-12-05 02:15:00+00:00,0.00562,0.00565,0.00555,0.00559,9341857.0
2025-12-05 02:30:00+00:00,0.00558,0.00561,0.00556,0.00559,2008664.0
2025-12-05 02:45:00+00:00,0.00559,0.00561,0.00548,0.00553,13451754.0
2025-12-05 03:00:00+00:00,0.00552,0.00556,0.0055,0.00555,6054014.0
2025-12-05 03:15:00+00:00,0.00553,0.00556,0.00544,0.00551,12214243.0
2025-12-05 03:30:00+00:00,0.0055,0.00551,0.00541,0.00545,20358642.0
2025-12-05 03:45:00+00:00,0.00544,0.00547,0.00542,0.00544,6345628.0
2025-12-05 04:00:00+00:00,0.00544,0.00549,0.0054,0.00544,10977625.0
2025-12-05 04:15:00+00:00,0.00543,0.00544,0.00525,0.00532,64397787.0
2025-12-05 04:30:00+00:00,0.00531,0.00534,0.00525,0.00531,17739993.0
2025-12-05 04:45:00+00:00,0.0053,0.0054,0.00527,0.00533,20631752.0
2025-12-05 05:00:00+00:00,0.00532,0.00543,0.0053,0.00539,17469818.0
2025-12-05 05:15:00+00:00,0.00538,0.00539,0.00533,0.00538,6432520.0
2025-12-05 05:30:00+00:00,0.00537,0.00539,0.00535,0.00536,5321252.0
2025-12-05 05:45:00+00:00,0.00536,0.00538,0.00534,0.00538,2801923.0
2025-12-05 06:00:00+00:00,0.00537,0.00538,0.00507,0.00517,217871739.0
2025-12-05 06:15:00+00:00,0.00518,0.00522,0.00515,0.00516,22382730.0
2025-12-05 06:30:00+00:00,0.00516,0.00528,0.00513,0.00522,30139682.0
2025-12-05 06:45:00+00:00,0.00523,0.00527,0.00515,0.00519,24721351.0
2025-12-05 07:00:00+00:00,0.00519,0.00525,0.0051,0.00514,68715765.0
2025-12-05 07:15:00+00:00,0.00515,0.00518,0.00509,0.00515,54174200.0
2025-12-05 07:30:00+00:00,0.00515,0.00517,0.00512,0.00513,15636435.0
2025-12-05 07:45:00+00:00,0.00513,0.00516,0.005,0.00504,57093228.0
2025-12-05 08:00:00+00:00,0.00504,0.00505,0.00484,0.00489,124914049.0
2025-12-05 08:15:00+00:00,0.00488,0.00497,0.00482,0.00495,61200990.0
2025-12-05 08:30:00+00:00,0.00495,0.00497,0.00491,0.00495,16828859.0
2025-12-05 08:45:00+00:00,0.00495,0.00498,0.00485,0.00487,36981885.0
2025-12-05 09:00:00+00:00,0.00487,0.00491,0.00474,0.00476,87998813.0
2025-12-05 09:15:00+00:00,0.00475,0.00484,0.00467,0.00481,103566552.0
2025-12-05 09:30:00+00:00,0.0048,0.00481,0.0047,0.00473,33767746.0
2025-12-05 09:45:00+00:00,0.00474,0.00474,0.00464,0.00471,43899998.0
2025-12-05 10:00:00+00:00,0.00471,0.0048,0.0047,0.00479,27625907.0
2025-12-05 10:15:00+00:00,0.0048,0.00484,0.00476,0.00477,32011075.0
2025-12-05 10:30:00+00:00,0.00477,0.00483,0.00475,0.00481,13413437.0
2025-12-05 10:45:00+00:00,0.00481,0.00483,0.00478,0.00479,12912025.0
2025-12-05 11:00:00+00:00,0.00479,0.00481,0.00476,0.00477,15093460.0
2025-12-05 11:15:00+00:00,0.00478,0.00483,0.00477,0.0048,28730321.0
2025-12-05 11:30:00+00:00,0.0048,0.00484,0.00477,0.00484,31386441.0
2025-12-05 11:45:00+00:00,0.00484,0.00489,0.00482,0.00486,47663619.0
2025-12-05 12:00:00+00:00,0.00486,0.00487,0.00462,0.00472,148605482.0
2025-12-05 12:15:00+00:00,0.00472,0.00477,0.00469,0.00475,34806272.0
2025-12-05 12:30:00+00:00,0.00475,0.00487,0.00474,0.00482,30082411.0
2025-12-05 12:45:00+00:00,0.00482,0.00498,0.00481,0.00497,38372240.0
2025-12-05 13:00:00+00:00,0.00496,0.00501,0.00489,0.00496,55696146.0
2025-12-05 13:15:00+00:00,0.00497,0.00503,0.00491,0.00491,34255194.0
2025-12-05 13:30:00+00:00,0.00491,0.00498,0.00483,0.00486,34544321.0
2025-12-05 13:45:00+00:00,0.00486,0.00493,0.00482,0.00487,16372277.0
2025-12-05 14:00:00+00:00,0.00488,0.0049,0.00483,0.00486,29623001.0
2025-12-05 14:15:00+00:00,0.00486,0.00492,0.00486,0.00491,19467183.0
2025-12-05 14:30:00+00:00,0.00491,0.00491,0.00482,0.00488,26935112.0
2025-12-05 14:45:00+00:00,0.00488,0.0049,0.00481,0.00486,27144032.0
2025-12-05 15:00:00+00:00,0.00486,0.00498,0.00485,0.0049,32670942.0
2025-12-05 15:15:00+00:00,0.00489,0.00494,0.00488,0.00489,14890891.0
2025-12-05 15:30:00+00:00,0.0049,0.00493,0.00487,0.00488,9844367.0
2025-12-05 15:45:00+00:00,0.00488,0.00491,0.00484,0.00486,12369853.0
2025-12-05 16:00:00+00:00,0.00486,0.00494,0.0048,0.00489,34744372.0
2025-12-05 16:15:00+00:00,0.0049,0.00492,0.00483,0.00485,16722741.0
2025-12-05 16:30:00+00:00,0.00485,0.00486,0.00469,0.00473,55692839.0
2025-12-05 16:45:00+00:00,0.00474,0.00475,0.00463,0.00469,42839498.0
2025-12-05 17:00:00+00:00,0.00469,0.0048,0.00469,0.00475,29825030.0
2025-12-05 17:15:00+00:00,0.00475,0.0048,0.00475,0.00479,10733112.0
2025-12-05 17:30:00+00:00,0.00478,0.00483,0.00475,0.00481,16226685.0
2025-12-05 17:45:00+00:00,0.0048,0.00481,0.00475,0.00478,14852844.0
2025-12-05 18:00:00+00:00,0.00478,0.00482,0.00476,0.0048,10454049.0
2025-12-05 18:15:00+00:00,0.00481,0.00483,0.00479,0.00482,8306249.0
2025-12-05 18:30:00+00:00,0.00482,0.00482,0.00471,0.00472,15706151.0
2025-12-05 18:45:00+00:00,0.00472,0.00477,0.00471,0.00475,9324772.0
2025-12-05 19:00:00+00:00,0.00475,0.00479,0.00472,0.00477,12249681.0
2025-12-05 19:15:00+00:00,0.00478,0.0048,0.00476,0.0048,5252743.0
2025-12-05 19:30:00+00:00,0.00479,0.00488,0.00479,0.00486,14082333.0
2025-12-05 19:45:00+00:00,0.00486,0.00488,0.00485,0.00488,5859786.0
2025-12-05 20:00:00+00:00,0.00487,0.00488,0.00479,0.00481,13498216.0
2025-12-05 20:15:00+00:00,0.00482,0.00486,0.0048,0.00483,7249993.0
2025-12-05 20:30:00+00:00,0.00484,0.00489,0.00482,0.00487,10747798.0
2025-12-05 20:45:00+00:00,0.00486,0.00489,0.00484,0.00486,4653942.0
2025-12-05 21:00:00+00:00,0.00487,0.00493,0.00486,0.00491,10968582.0
2025-12-05 21:15:00+00:00,0.00491,0.00491,0.00487,0.00487,2785010.0
2025-12-05 21:30:00+00:00,0.00488,0.00488,0.00477,0.00479,19377920.0
2025-12-05 21:45:00+00:00,0.0048,0.00485,0.00479,0.00483,6363786.0
2025-12-05 22:00:00+00:00,0.00484,0.00486,0.00481,0.00482,5378339.0
2025-12-05 22:15:00+00:00,0.00483,0.00486,0.0048,0.00486,4088087.0
2025-12-05 22:30:00+00:00,0.00485,0.00486,0.00481,0.00483,5046140.0
2025-12-05 22:45:00+00:00,0.00482,0.00487,0.0048,0.00481,7351489.0
2025-12-05 23:00:00+00:00,0.00481,0.00483,0.00479,0.00482,4870597.0
2025-12-05 23:15:00+00:00,0.00483,0.00486,0.00482,0.00485,4958784.0
2025-12-05 23:30:00+00:00,0.00485,0.00489,0.00476,0.0048,25349555.0
2025-12-05 23:45:00+00:00,0.00481,0.00482,0.00473,0.00476,15200068.0
2025-12-06 00:00:00+00:00,0.00476,0.00482,0.00474,0.0048,10999714.0
2025-12-06 00:15:00+00:00,0.00481,0.00481,0.00473,0.00477,11692802.0
2025-12-06 00:30:00+00:00,0.00477,0.00479,0.00473,0.00476,12527536.0
2025-12-06 00:45:00+00:00,0.00476,0.00479,0.00473,0.00475,8817640.0
2025-12-06 01:00:00+00:00,0.00475,0.00482,0.00475,0.0048,10006050.0
2025-12-06 01:15:00+00:00,0.0048,0.00482,0.00473,0.00475,7872012.0
2025-12-06 01:30:00+00:00,0.00475,0.00476,0.00466,0.00471,27455623.0
2025-12-06 01:45:00+00:00,0.00469,0.00475,0.00469,0.00473,12162167.0
2025-12-06 02:00:00+00:00,0.00474,0.00474,0.00467,0.0047,7933404.0
2025-12-06 02:15:00+00:00,0.00471,0.00471,0.00464,0.00469,15933812.0
2025-12-06 02:30:00+00:00,0.00469,0.0047,0.00464,0.00469,12746266.0
2025-12-06 02:45:00+00:00,0.00468,0.0047,0.00466,0.00468,5442831.0
2025-12-06 03:00:00+00:00,0.00467,0.00469,0.00466,0.00468,6162345.0
2025-12-06 03:15:00+00:00,0.00467,0.00471,0.00467,0.00468,8023433.0
2025-12-06 03:30:00+00:00,0.00468,0.0047,0.00466,0.00467,4798871.0
2025-12-06 03:45:00+00:00,0.00467,0.00469,0.00466,0.00467,4504052.0
2025-12-06 04:00:00+00:00,0.00467,0.00469,0.00466,0.00467,5715332.0
2025-12-06 04:15:00+00:00,0.00467,0.00467,0.00423,0.00428,244678725.0
2025-12-06 04:30:00+00:00,0.00428,0.00435,0.00418,0.0043,117527262.0
2025-12-06 04:45:00+00:00,0.00431,0.00433,0.00425,0.0043,40779694.0
2025-12-06 05:00:00+00:00,0.00431,0.0044,0.00427,0.00433,57450930.0
2025-12-06 05:15:00+00:00,0.00433,0.00434,0.00426,0.00428,22101493.0
2025-12-06 05:30:00+00:00,0.00428,0.00431,0.00422,0.00428,25777990.0
2025-12-06 05:45:00+00:00,0.00428,0.00432,0.00424,0.00427,25074988.0
2025-12-06 06:00:00+00:00,0.00427,0.00433,0.00424,0.00432,33672845.0
2025-12-06 06:15:00+00:00,0.00431,0.00433,0.00427,0.0043,25536000.0
2025-12-06 06:30:00+00:00,0.00429,0.00439,0.00428,0.00434,34004941.0
2025-12-06 06:45:00+00:00,0.00434,0.00439,0.00431,0.00435,18068050.0
2025-12-06 07:00:00+00:00,0.00435,0.0044,0.00433,0.00434,35999142.0
2025-12-06 07:15:00+00:00,0.00434,0.00437,0.00428,0.0043,19557837.0
2025-12-06 07:30:00+00:00,0.00429,0.00433,0.00429,0.00431,6898940.0
2025-12-06 07:45:00+00:00,0.00431,0.00433,0.00429,0.00431,8895623.0
2025-12-06 08:00:00+00:00,0.00432,0.00434,0.00429,0.00432,17432227.0
2025-12-06 08:15:00+00:00,0.00432,0.00433,0.0042,0.00424,42230022.0
2025-12-06 08:30:00+00:00,0.00423,0.00425,0.0042,0.00422,23305457.0
2025-12-06 08:45:00+00:00,0.00422,0.00422,0.00409,0.0042,76557291.0
2025-12-06 09:00:00+00:00,0.0042,0.00422,0.00414,0.00418,19408423.0
2025-12-06 09:15:00+00:00,0.00419,0.0042,0.00416,0.00418,14273285.0
2025-12-06 09:30:00+00:00,0.00419,0.00421,0.00417,0.00418,16861725.0
2025-12-06 09:45:00+00:00,0.00418,0.00419,0.00415,0.00415,8616688.0
2025-12-06 10:00:00+00:00,0.00415,0.0042,0.00415,0.00419,24870788.0
2025-12-06 10:15:00+00:00,0.00419,0.00424,0.00417,0.0042,20524298.0
2025-12-06 10:30:00+00:00,0.00419,0.00423,0.00413,0.00416,17918492.0
2025-12-06 10:45:00+00:00,0.00416,0.00419,0.00401,0.00412,90167129.0
2025-12-06 11:00:00+00:00,0.00412,0.00414,0.00404,0.00407,37033247.0
2025-12-06 11:15:00+00:00,0.00406,0.00413,0.00406,0.0041,33677358.0
2025-12-06 11:30:00+00:00,0.0041,0.00411,0.0039,0.0039,146766046.0
2025-12-06 11:45:00+00:00,0.00391,0.00393,0.00374,0.00385,252516198.0
2025-12-06 12:00:00+00:00,0.00385,0.00389,0.00378,0.00384,84009996.0
2025-12-06 12:15:00+00:00,0.00383,0.00388,0.00378,0.00384,53380677.0
2025-12-06 12:30:00+00:00,0.00382,0.00386,0.00379,0.00383,37908286.0
2025-12-06 12:45:00+00:00,0.00382,0.00388,0.00381,0.00385,43164501.0
2025-12-06 13:00:00+00:00,0.00385,0.00387,0.00381,0.00382,33977126.0
2025-12-06 13:15:00+00:00,0.00381,0.00391,0.0038,0.0039,41845564.0
2025-12-06 13:30:00+00:00,0.0039,0.00415,0.00388,0.00402,165936654.0
2025-12-06 13:45:00+00:00,0.00401,0.00408,0.00396,0.00405,58957311.0
2025-12-06 14:00:00+00:00,0.00404,0.0041,0.00395,0.00406,89747334.0
2025-12-06 14:15:00+00:00,0.00405,0.00413,0.00398,0.004,41111547.0
2025-12-06 14:30:00+00:00,0.00399,0.004,0.0039,0.00395,43773330.0
2025-12-06 14:45:00+00:00,0.00395,0.00397,0.0039,0.00393,21656748.0
2025-12-06 15:00:00+00:00,0.00393,0.00396,0.00388,0.00393,44333852.0
2025-12-06 15:15:00+00:00,0.00392,0.00395,0.00386,0.00389,61738910.0
2025-12-06 15:30:00+00:00,0.00389,0.00397,0.00388,0.00394,32200654.0
2025-12-06 15:45:00+00:00,0.00394,0.00395,0.00391,0.00392,15251481.0
2025-12-06 16:00:00+00:00,0.00392,0.00402,0.00391,0.00398,28772642.0
2025-12-06 16:15:00+00:00,0.00398,0.004,0.00395,0.00398,15197022.0
2025-12-06 16:30:00+00:00,0.00398,0.004,0.00395,0.00399,20570025.0
2025-12-06 16:45:00+00:00,0.00398,0.00399,0.00389,0.00389,25914165.0
2025-12-06 17:00:00+00:00,0.0039,0.00398,0.00387,0.00396,29083081.0
2025-12-06 17:15:00+00:00,0.00395,0.00401,0.00393,0.004,21893211.0
2025-12-06 17:30:00+00:00,0.004,0.00402,0.00397,0.00399,11360577.0
2025-12-06 17:45:00+00:00,0.00399,0.00401,0.00397,0.00401,11074775.0
2025-12-06 18:00:00+00:00,0.004,0.00405,0.00398,0.00403,17973878.0
2025-12-06 18:15:00+00:00,0.00404,0.00413,0.00403,0.00412,31093540.0
2025-12-06 18:30:00+00:00,0.00412,0.00418,0.00409,0.00411,42717595.0
2025-12-06 18:45:00+00:00,0.0041,0.00415,0.00408,0.00412,11892149.0
2025-12-06 19:00:00+00:00,0.00411,0.00415,0.00409,0.00412,20562322.0
2025-12-06 19:15:00+00:00,0.00412,0.00414,0.00407,0.00408,12619504.0
2025-12-06 19:30:00+00:00,0.00408,0.00411,0.00403,0.00408,19736532.0
2025-12-06 19:45:00+00:00,0.00409,0.00411,0.00408,0.00409,8417532.0
2025-12-06 20:00:00+00:00,0.0041,0.00413,0.00408,0.00411,8342524.0
2025-12-06 20:15:00+00:00,0.00411,0.00416,0.00408,0.0041,19850682.0
2025-12-06 20:30:00+00:00,0.0041,0.00411,0.00405,0.00406,12523501.0
2025-12-06 20:45:00+00:00,0.00408,0.00409,0.00402,0.00404,16502043.0
2025-12-06 21:00:00+00:00,0.00404,0.0041,0.00393,0.00396,55724803.0
2025-12-06 21:15:00+00:00,0.00397,0.00401,0.00394,0.004,25703359.0
2025-12-06 21:30:00+00:00,0.00401,0.00401,0.00398,0.004,15323237.0
2025-12-06 21:45:00+00:00,0.00399,0.00403,0.00398,0.00401,8998991.0
2025-12-06 22:00:00+00:00,0.00401,0.00404,0.004,0.00404,11992029.0
2025-12-06 22:15:00+00:00,0.00403,0.00404,0.00399,0.004,7085109.0
2025-12-06 22:30:00+00:00,0.004,0.00411,0.00398,0.0041,24023647.0
2025-12-06 22:45:00+00:00,0.00411,0.00412,0.00402,0.00404,16143489.0
2025-12-06 23:00:00+00:00,0.00403,0.00407,0.00402,0.00403,11183754.0
2025-12-06 23:15:00+00:00,0.00404,0.00406,0.00401,0.00402,4416194.0
2025-12-06 23:30:00+00:00,0.00403,0.00407,0.004,0.00407,11944960.0
2025-12-06 23:45:00+00:00,0.00406,0.00413,0.004,0.00401,22634111.0
2025-12-07 00:00:00+00:00,0.00402,0.00405,0.00399,0.00401,16679998.0
2025-12-07 00:15:00+00:00,0.00402,0.00405,0.00401,0.00402,4100847.0
2025-12-07 00:30:00+00:00,0.00403,0.00411,0.00401,0.0041,23996043.0
2025-12-07 00:45:00+00:00,0.0041,0.00413,0.00409,0.00411,12935434.0
2025-12-07 01:00:00+00:00,0.00411,0.00413,0.00406,0.00407,20362272.0
2025-12-07 01:15:00+00:00,0.00408,0.00414,0.00407,0.00412,10902343.0
2025-12-07 01:30:00+00:00,0.00413,0.00413,0.00407,0.0041,11921818.0
2025-12-07 01:45:00+00:00,0.0041,0.00412,0.00405,0.00411,9928863.0
2025-12-07 02:00:00+00:00,0.00411,0.00414,0.00407,0.00412,11746486.0
2025-12-07 02:15:00+00:00,0.00411,0.00414,0.00405,0.00409,9462216.0
2025-12-07 02:30:00+00:00,0.00409,0.00413,0.00408,0.00413,10594824.0
2025-12-07 02:45:00+00:00,0.00412,0.00415,0.00409,0.00412,15748121.0
2025-12-07 03:00:00+00:00,0.00412,0.0042,0.0041,0.00414,30222079.0
2025-12-07 03:15:00+00:00,0.00415,0.00417,0.00413,0.00414,11962852.0
2025-12-07 03:30:00+00:00,0.00415,0.00425,0.00413,0.00418,20454791.0
2025-12-07 03:45:00+00:00,0.00419,0.00422,0.00415,0.00416,13329176.0
2025-12-07 04:00:00+00:00,0.00416,0.00421,0.00415,0.00419,10771122.0
2025-12-07 04:15:00+00:00,0.0042,0.0042,0.00417,0.00417,4388478.0
2025-12-07 04:30:00+00:00,0.00418,0.00421,0.00416,0.00419,12535616.0
2025-12-07 04:45:00+00:00,0.00419,0.00422,0.00416,0.00421,15804413.0
2025-12-07 05:00:00+00:00,0.00422,0.00423,0.00418,0.00423,16024985.0
2025-12-07 05:15:00+00:00,0.00422,0.00425,0.00415,0.00415,22313393.0
2025-12-07 05:30:00+00:00,0.00414,0.00418,0.00413,0.00413,14317984.0
2025-12-07 05:45:00+00:00,0.00414,0.00414,0.00407,0.00409,23878901.0
2025-12-07 06:00:00+00:00,0.00409,0.00412,0.00408,0.00411,7978225.0
2025-12-07 06:15:00+00:00,0.0041,0.00417,0.00409,0.00414,10919393.0
2025-12-07 06:30:00+00:00,0.00414,0.00417,0.00413,0.00414,10901327.0
2025-12-07 06:45:00+00:00,0.00414,0.00415,0.00411,0.00414,6450807.0
2025-12-07 07:00:00+00:00,0.00414,0.00417,0.00412,0.00413,12615444.0
2025-12-07 07:15:00+00:00,0.00414,0.00417,0.00412,0.00415,8195446.0
2025-12-07 07:30:00+00:00,0.00416,0.00416,0.0041,0.00412,12500905.0
2025-12-07 07:45:00+00:00,0.00412,0.00414,0.0041,0.00411,11023272.0
2025-12-07 08:00:00+00:00,0.00412,0.00413,0.00405,0.00409,26873107.0
2025-12-07 08:15:00+00:00,0.00409,0.00415,0.00408,0.00412,10310202.0
2025-12-07 08:30:00+00:00,0.00412,0.00418,0.00411,0.00418,6397413.0
2025-12-07 08:45:00+00:00,0.00417,0.0042,0.00413,0.00413,13627492.0
2025-12-07 09:00:00+00:00,0.00414,0.00416,0.00409,0.00413,14275071.0
2025-12-07 09:15:00+00:00,0.00414,0.00417,0.00412,0.00413,8355009.0
2025-12-07 09:30:00+00:00,0.00414,0.00416,0.00411,0.00414,8704543.0
2025-12-07 09:45:00+00:00,0.00415,0.00423,0.00411,0.0042,36032586.0
2025-12-07 10:00:00+00:00,0.0042,0.00437,0.00419,0.0043,63835145.0
2025-12-07 10:15:00+00:00,0.00429,0.00432,0.00423,0.00424,25856365.0
2025-12-07 10:30:00+00:00,0.00426,0.00429,0.00423,0.00427,27113734.0
2025-12-07 10:45:00+00:00,0.00428,0.00433,0.00427,0.0043,18797976.0
2025-12-07 11:00:00+00:00,0.0043,0.00433,0.00418,0.0042,34986196.0
2025-12-07 11:15:00+00:00,0.00422,0.00425,0.00411,0.00414,32495683.0
2025-12-07 11:30:00+00:00,0.00414,0.00415,0.004,0.00401,58223811.0
2025-12-07 11:45:00+00:00,0.00401,0.00403,0.00395,0.00399,34121024.0
2025-12-07 12:00:00+00:00,0.00399,0.004,0.00386,0.00396,60766327.0
2025-12-07 12:15:00+00:00,0.00396,0.00396,0.00392,0.00396,18238676.0
2025-12-07 12:30:00+00:00,0.00396,0.00399,0.00392,0.00398,16407211.0
2025-12-07 12:45:00+00:00,0.00397,0.00403,0.00396,0.004,21680205.0
2025-12-07 13:00:00+00:00,0.00401,0.00404,0.00399,0.00402,15319137.0
2025-12-07 13:15:00+00:00,0.00402,0.00409,0.004,0.00404,30824650.0
2025-12-07 13:30:00+00:00,0.00404,0.00406,0.00395,0.00399,22175530.0
2025-12-07 13:45:00+00:00,0.00398,0.00401,0.00389,0.00391,17680989.0
2025-12-07 14:00:00+00:00,0.00391,0.00396,0.00388,0.0039,23810863.0
2025-12-07 14:15:00+00:00,0.00389,0.00398,0.0038,0.0039,62886030.0
2025-12-07 14:30:00+00:00,0.00391,0.00398,0.00388,0.00395,26917114.0
2025-12-07 14:45:00+00:00,0.00395,0.00398,0.00393,0.00395,12228500.0
2025-12-07 15:00:00+00:00,0.00395,0.00397,0.00391,0.00393,11281279.0
2025-12-07 15:15:00+00:00,0.00393,0.00397,0.00392,0.00395,12759775.0
2025-12-07 15:30:00+00:00,0.00395,0.00397,0.00391,0.00394,13071661.0
2025-12-07 15:45:00+00:00,0.00394,0.0041,0.00394,0.00404,23733225.0
2025-12-07 16:00:00+00:00,0.00404,0.00407,0.00401,0.00404,13245936.0
2025-12-07 16:15:00+00:00,0.00404,0.00408,0.00403,0.00404,6417546.0
2025-12-07 16:30:00+00:00,0.00404,0.00407,0.004,0.004,13130047.0
2025-12-07 16:45:00+00:00,0.004,0.00414,0.00398,0.00413,14565551.0
2025-12-07 17:00:00+00:00,0.00414,0.00414,0.00405,0.0041,20317022.0
2025-12-07 17:15:00+00:00,0.00409,0.00416,0.00408,0.00414,18509230.0
2025-12-07 17:30:00+00:00,0.00413,0.00419,0.00412,0.00418,18899702.0
2025-12-07 17:45:00+00:00,0.00417,0.00421,0.00413,0.00415,21771012.0
2025-12-07 18:00:00+00:00,0.00413,0.00421,0.00413,0.00418,13595832.0
2025-12-07 18:15:00+00:00,0.00419,0.0042,0.00414,0.00417,6267037.0
2025-12-07 18:30:00+00:00,0.00417,0.00418,0.00412,0.00416,13456707.0
2025-12-07 18:45:00+00:00,0.00415,0.00417,0.00414,0.00416,5192371.0
2025-12-07 19:00:00+00:00,0.00417,0.00418,0.00413,0.00414,5046787.0
2025-12-07 19:15:00+00:00,0.00415,0.00417,0.00409,0.00412,16556427.0
2025-12-07 19:30:00+00:00,0.00412,0.00424,0.00412,0.00419,22240769.0
2025-12-07 19:45:00+00:00,0.00418,0.00427,0.00416,0.00421,22486634.0
2025-12-07 20:00:00+00:00,0.0042,0.00427,0.0042,0.00424,14491574.0
2025-12-07 20:15:00+00:00,0.00425,0.00429,0.0042,0.00421,19487782.0
2025-12-07 20:30:00+00:00,0.00422,0.00423,0.00417,0.00417,11117412.0
2025-12-07 20:45:00+00:00,0.00419,0.0042,0.0041,0.00411,30851811.0
2025-12-07 21:00:00+00:00,0.00411,0.00414,0.00404,0.00409,17849871.0
2025-12-07 21:15:00+00:00,0.00408,0.00409,0.00404,0.00407,6853783.0
2025-12-07 21:30:00+00:00,0.00407,0.00408,0.00403,0.00404,14700625.0
2025-12-07 21:45:00+00:00,0.00404,0.00404,0.00392,0.00393,30386779.0
2025-12-07 22:00:00+00:00,0.00393,0.00397,0.00386,0.00392,45746658.0
2025-12-07 22:15:00+00:00,0.00392,0.00403,0.00389,0.00398,23884867.0
2025-12-07 22:30:00+00:00,0.00398,0.00404,0.00397,0.00402,11595221.0
2025-12-07 22:45:00+00:00,0.00402,0.00409,0.004,0.00406,16053138.0
2025-12-07 23:00:00+00:00,0.00407,0.00407,0.00397,0.00399,11905256.0
2025-12-07 23:15:00+00:00,0.00398,0.00401,0.00397,0.004,5147786.0
2025-12-07 23:30:00+00:00,0.00399,0.004,0.00397,0.00398,4841493.0
2025-12-07 23:45:00+00:00,0.00399,0.00405,0.00398,0.00403,9788306.0
2025-12-08 00:00:00+00:00,0.00402,0.00411,0.00401,0.00408,16848196.0
2025-12-08 00:15:00+00:00,0.00408,0.00408,0.00404,0.00405,5242444.0
2025-12-08 00:30:00+00:00,0.00405,0.00412,0.00405,0.00407,7514915.0
2025-12-08 00:45:00+00:00,0.00408,0.00413,0.00407,0.00408,4964484.0
2025-12-08 01:00:00+00:00,0.00409,0.00414,0.00407,0.00414,9757488.0
2025-12-08 01:15:00+00:00,0.00413,0.00415,0.00411,0.00414,4986419.0
2025-12-08 01:30:00+00:00,0.00414,0.00415,0.00411,0.00413,4366898.0
2025-12-08 01:45:00+00:00,0.00414,0.00414,0.0041,0.00413,4343909.0
2025-12-08 02:00:00+00:00,0.00412,0.00414,0.0041,0.0041,6769513.0
2025-12-08 02:15:00+00:00,0.00411,0.00415,0.00411,0.00414,5163557.0
2025-12-08 02:30:00+00:00,0.00413,0.00416,0.00411,0.00415,5946349.0
2025-12-08 02:45:00+00:00,0.00414,0.00415,0.00412,0.00415,2689384.0
2025-12-08 03:00:00+00:00,0.00414,0.00418,0.00413,0.00418,3898123.0
2025-12-08 03:15:00+00:00,0.00418,0.00421,0.00416,0.00419,15434557.0
2025-12-08 03:30:00+00:00,0.00418,0.00422,0.00416,0.00418,16313253.0
2025-12-08 03:45:00+00:00,0.0042,0.0042,0.00414,0.00418,9277172.0
2025-12-08 04:00:00+00:00,0.00417,0.00423,0.00413,0.00416,20826422.0
2025-12-08 04:15:00+00:00,0.00415,0.00421,0.00415,0.00419,7803049.0
2025-12-08 04:30:00+00:00,0.00419,0.00422,0.00416,0.00419,6742480.0
2025-12-08 04:45:00+00:00,0.00418,0.0042,0.00414,0.00414,7175930.0
2025-12-08 05:00:00+00:00,0.00415,0.00416,0.0041,0.00412,9400659.0
2025-12-08 05:15:00+00:00,0.00413,0.00417,0.00411,0.00413,6319877.0
2025-12-08 05:30:00+00:00,0.00413,0.00416,0.00412,0.00414,3366252.0
2025-12-08 05:45:00+00:00,0.00414,0.00415,0.00408,0.0041,15109988.0
2025-12-08 06:00:00+00:00,0.0041,0.00414,0.00409,0.0041,8894308.0
2025-12-08 06:15:00+00:00,0.0041,0.00412,0.00409,0.00412,2465420.0
2025-12-08 06:30:00+00:00,0.00411,0.00415,0.00411,0.00415,4223054.0
2025-12-08 06:45:00+00:00,0.00414,0.00417,0.00411,0.00413,9407258.0
2025-12-08 07:00:00+00:00,0.00414,0.00415,0.00412,0.00413,3792909.0
2025-12-08 07:15:00+00:00,0.004125,0.004159,0.00412,0.004154,9816024.0
2025-12-08 07:30:00+00:00,0.00415,0.004158,0.00411,0.004115,14917958.0
2025-12-08 07:45:00+00:00,0.004116,0.004153,0.004097,0.004143,9687428.0
2025-12-08 08:00:00+00:00,0.004143,0.004143,0.004099,0.004114,7621629.0
2025-12-08 08:15:00+00:00,0.004115,0.004203,0.004111,0.004167,16253244.0
2025-12-08 08:30:00+00:00,0.004167,0.004229,0.004151,0.004229,16815157.0
2025-12-08 08:45:00+00:00,0.004227,0.004249,0.004194,0.00423,15458459.0
2025-12-08 09:00:00+00:00,0.004228,0.004233,0.004159,0.004179,22552974.0
2025-12-08 09:15:00+00:00,0.004179,0.004184,0.00413,0.004168,17924750.0
2025-12-08 09:30:00+00:00,0.004167,0.004181,0.004151,0.004167,5077369.0
2025-12-08 09:45:00+00:00,0.004167,0.004339,0.004155,0.004327,76341175.0
2025-12-08 10:00:00+00:00,0.004328,0.004381,0.004302,0.00435,55912535.0
2025-12-08 10:15:00+00:00,0.00435,0.004414,0.00434,0.00434,34612226.0
2025-12-08 10:30:00+00:00,0.004343,0.004464,0.004343,0.004433,36879713.0
2025-12-08 10:45:00+00:00,0.004432,0.004435,0.0043,0.00437,63838749.0
2025-12-08 11:00:00+00:00,0.004365,0.004435,0.004363,0.004426,25073026.0
2025-12-08 11:15:00+00:00,0.004426,0.004453,0.004359,0.004363,36095191.0
2025-12-08 11:30:00+00:00,0.004362,0.004391,0.004304,0.004383,29070612.0
2025-12-08 11:45:00+00:00,0.004383,0.00441,0.004341,0.00438,24147183.0
2025-12-08 12:00:00+00:00,0.00438,0.004428,0.004216,0.004228,61540295.0
2025-12-08 12:15:00+00:00,0.004238,0.004268,0.0038,0.004152,492235841.0
2025-12-08 12:30:00+00:00,0.004155,0.004196,0.004101,0.004102,67989332.0
2025-12-08 12:45:00+00:00,0.004105,0.004165,0.004074,0.004118,47659472.0
2025-12-08 13:00:00+00:00,0.004119,0.004278,0.004112,0.004213,73094430.0
2025-12-08 13:15:00+00:00,0.004209,0.004259,0.004133,0.004236,46138989.0
2025-12-08 13:30:00+00:00,0.00424,0.00426,0.004183,0.004186,30391224.0
2025-12-08 13:45:00+00:00,0.004188,0.004221,0.004172,0.004221,11247448.0
2025-12-08 14:00:00+00:00,0.00422,0.004272,0.004188,0.004206,36640753.0
2025-12-08 14:15:00+00:00,0.004206,0.004214,0.004141,0.004158,20048430.0
2025-12-08 14:30:00+00:00,0.004154,0.00424,0.004139,0.004196,29179970.0
2025-12-08 14:45:00+00:00,0.004193,0.004208,0.004125,0.004136,32667646.0
2025-12-08 15:00:00+00:00,0.004139,0.004159,0.004101,0.004144,20976236.0
2025-12-08 15:15:00+00:00,0.004145,0.00415,0.004062,0.004089,35256411.0
2025-12-08 15:30:00+00:00,0.004093,0.004159,0.004093,0.004112,16440145.0
2025-12-08 15:45:00+00:00,0.00411,0.004127,0.0041,0.004127,14139654.0
2025-12-08 16:00:00+00:00,0.004124,0.004157,0.00411,0.004122,13181528.0
2025-12-08 16:15:00+00:00,0.004124,0.004198,0.004117,0.004146,14264604.0
2025-12-08 16:30:00+00:00,0.004145,0.004175,0.004133,0.00415,10854172.0
2025-12-08 16:45:00+00:00,0.004147,0.004186,0.00411,0.004183,9983161.0
2025-12-08 17:00:00+00:00,0.004185,0.004191,0.004096,0.004096,14026626.0
2025-12-08 17:15:00+00:00,0.004095,0.00411,0.004055,0.004074,12309162.0
2025-12-08 17:30:00+00:00,0.004074,0.0041,0.00406,0.004088,10636581.0
2025-12-08 17:45:00+00:00,0.004087,0.004098,0.00404,0.004089,9455104.0
2025-12-08 18:00:00+00:00,0.00409,0.004119,0.00408,0.004094,7742694.0
2025-12-08 18:15:00+00:00,0.004094,0.00416,0.00409,0.004108,7902653.0
2025-12-08 18:30:00+00:00,0.004108,0.004152,0.004102,0.00415,9511046.0
2025-12-08 18:45:00+00:00,0.004151,0.00423,0.004151,0.004171,24057851.0
2025-12-08 19:00:00+00:00,0.004172,0.00424,0.004167,0.004214,26882029.0
2025-12-08 19:15:00+00:00,0.004212,0.004217,0.004135,0.00417,18591350.0
2025-12-08 19:30:00+00:00,0.004169,0.00418,0.004143,0.004158,4605397.0
2025-12-08 19:45:00+00:00,0.004158,0.004194,0.004137,0.004145,6750187.0
2025-12-08 20:00:00+00:00,0.004146,0.004184,0.004135,0.004146,6096900.0
2025-12-08 20:15:00+00:00,0.004148,0.004178,0.004143,0.004158,4654224.0
2025-12-08 20:30:00+00:00,0.004158,0.004188,0.004145,0.004179,2766242.0
2025-12-08 20:45:00+00:00,0.004179,0.004271,0.004177,0.004271,13989710.0
2025-12-08 21:00:00+00:00,0.004269,0.004287,0.004246,0.004271,10894730.0
2025-12-08 21:15:00+00:00,0.004271,0.004347,0.004266,0.004318,20871530.0
2025-12-08 21:30:00+00:00,0.004319,0.004324,0.004254,0.004278,18317286.0
2025-12-08 21:45:00+00:00,0.004278,0.004304,0.004202,0.004218,22720358.0
2025-12-08 22:00:00+00:00,0.004215,0.004234,0.004103,0.004157,21706702.0
2025-12-08 22:15:00+00:00,0.004157,0.00416,0.004108,0.004135,11766638.0
2025-12-08 22:30:00+00:00,0.004133,0.004152,0.004047,0.004076,17982112.0
2025-12-08 22:45:00+00:00,0.004076,0.004124,0.004076,0.004081,12526673.0
2025-12-08 23:00:00+00:00,0.004085,0.00416,0.004083,0.004109,21199525.0
2025-12-08 23:15:00+00:00,0.004114,0.004136,0.004093,0.00412,7499919.0
2025-12-08 23:30:00+00:00,0.004117,0.004177,0.00411,0.004131,10273594.0
2025-12-08 23:45:00+00:00,0.00413,0.004155,0.004125,0.004134,5650267.0
2025-12-09 00:00:00+00:00,0.004134,0.004167,0.004077,0.004142,17586610.0
2025-12-09 00:15:00+00:00,0.004141,0.004142,0.004075,0.004105,22389521.0
2025-12-09 00:30:00+00:00,0.004103,0.004138,0.004075,0.00413,9783291.0
2025-12-09 00:45:00+00:00,0.00413,0.004153,0.004127,0.004136,9833134.0
2025-12-09 01:00:00+00:00,0.004136,0.004155,0.004079,0.004098,15840748.0
2025-12-09 01:15:00+00:00,0.004097,0.004116,0.004067,0.004072,10485305.0
2025-12-09 01:30:00+00:00,0.004068,0.004116,0.004047,0.004084,12983774.0
2025-12-09 01:45:00+00:00,0.004084,0.004091,0.004028,0.004047,15578060.0
2025-12-09 02:00:00+00:00,0.004047,0.004067,0.004042,0.004047,7740992.0
2025-12-09 02:15:00+00:00,0.004044,0.004062,0.00403,0.004053,7434935.0
2025-12-09 02:30:00+00:00,0.004051,0.004071,0.004043,0.004069,7060251.0
2025-12-09 02:45:00+00:00,0.004069,0.004076,0.004049,0.004061,7959095.0
2025-12-09 03:00:00+00:00,0.004062,0.004082,0.004,0.00403,21694044.0
2025-12-09 03:15:00+00:00,0.004032,0.004063,0.004021,0.00405,9919577.0
2025-12-09 03:30:00+00:00,0.004047,0.004076,0.004045,0.004065,6229331.0
2025-12-09 03:45:00+00:00,0.004067,0.004101,0.004062,0.004089,8340304.0
2025-12-09 04:00:00+00:00,0.004092,0.004127,0.004077,0.00409,16030382.0
2025-12-09 04:15:00+00:00,0.004092,0.004111,0.004081,0.004083,11511531.0
2025-12-09 04:30:00+00:00,0.004087,0.004093,0.004038,0.004044,10375497.0
2025-12-09 04:45:00+00:00,0.004048,0.004051,0.00402,0.004033,9560111.0
2025-12-09 05:00:00+00:00,0.004033,0.004115,0.004028,0.004092,12460224.0
2025-12-09 05:15:00+00:00,0.004092,0.004106,0.004077,0.004088,4379156.0
2025-12-09 05:30:00+00:00,0.004091,0.004123,0.004083,0.004103,6703837.0
2025-12-09 05:45:00+00:00,0.004103,0.004109,0.004053,0.004071,5700706.0
2025-12-09 06:00:00+00:00,0.004072,0.004076,0.004016,0.004025,11435439.0
2025-12-09 06:15:00+00:00,0.004025,0.004033,0.004006,0.00403,5350030.0
2025-12-09 06:30:00+00:00,0.004026,0.004059,0.004021,0.004043,6418084.0
2025-12-09 06:45:00+00:00,0.004039,0.004061,0.004038,0.004048,2415111.0
2025-12-09 07:00:00+00:00,0.004051,0.004062,0.004039,0.004053,3585786.0
2025-12-09 07:15:00+00:00,0.004052,0.004071,0.004041,0.004056,4945066.0
2025-12-09 07:30:00+00:00,0.004054,0.004063,0.004033,0.004033,3171129.0
2025-12-09 07:45:00+00:00,0.004034,0.00404,0.003947,0.00398,27411206.0
2025-12-09 08:00:00+00:00,0.003977,0.003995,0.00393,0.003951,29937917.0
2025-12-09 08:15:00+00:00,0.003951,0.003981,0.003943,0.003962,14494681.0
2025-12-09 08:30:00+00:00,0.003963,0.004077,0.003952,0.004051,28457638.0
2025-12-09 08:45:00+00:00,0.004052,0.004069,0.004022,0.004056,8313470.0
2025-12-09 09:00:00+00:00,0.004057,0.004069,0.004008,0.004009,7006435.0
2025-12-09 09:15:00+00:00,0.004011,0.004073,0.004002,0.004044,9044049.0
2025-12-09 09:30:00+00:00,0.004043,0.004051,0.003983,0.003987,10105409.0
2025-12-09 09:45:00+00:00,0.003986,0.00401,0.00396,0.00396,9148406.0
2025-12-09 10:00:00+00:00,0.00396,0.004004,0.003954,0.003988,8446364.0
2025-12-09 10:15:00+00:00,0.00399,0.004014,0.003984,0.003993,8941237.0
2025-12-09 10:30:00+00:00,0.003993,0.004002,0.00396,0.003977,7021672.0
2025-12-09 10:45:00+00:00,0.003977,0.004045,0.003977,0.004043,3000986.0
2025-12-09 11:00:00+00:00,0.00404,0.004053,0.003994,0.00401,10599486.0
2025-12-09 11:15:00+00:00,0.004011,0.004072,0.00399,0.00406,18110491.0
2025-12-09 11:30:00+00:00,0.004059,0.00407,0.004041,0.004042,5700859.0
2025-12-09 11:45:00+00:00,0.004043,0.004059,0.004018,0.004019,11024974.0
2025-12-09 12:00:00+00:00,0.004019,0.004051,0.004009,0.004038,6137085.0
2025-12-09 12:15:00+00:00,0.004037,0.004067,0.004029,0.004045,4687515.0
2025-12-09 12:30:00+00:00,0.004044,0.004072,0.004036,0.004064,4191791.0
2025-12-09 12:45:00+00:00,0.004066,0.004084,0.004054,0.004084,5405854.0
2025-12-09 13:00:00+00:00,0.004084,0.004099,0.004032,0.004054,17732988.0
2025-12-09 13:15:00+00:00,0.004054,0.004065,0.00402,0.004041,11548939.0
2025-12-09 13:30:00+00:00,0.004038,0.004057,0.004006,0.004031,12319562.0
2025-12-09 13:45:00+00:00,0.004032,0.004048,0.004009,0.00404,8740380.0
2025-12-09 14:00:00+00:00,0.00404,0.004051,0.004006,0.004028,6118810.0
2025-12-09 14:15:00+00:00,0.004026,0.004044,0.004014,0.004024,7820373.0
2025-12-09 14:30:00+00:00,0.004023,0.004039,0.003998,0.003998,13517499.0
2025-12-09 14:45:00+00:00,0.003997,0.004066,0.003972,0.004016,28362919.0
2025-12-09 15:00:00+00:00,0.004015,0.004052,0.003994,0.004051,19410463.0
2025-12-09 15:15:00+00:00,0.004049,0.004068,0.004023,0.004032,9802334.0
2025-12-09 15:30:00+00:00,0.004031,0.004115,0.004029,0.004112,12079967.0
2025-12-09 15:45:00+00:00,0.004113,0.004162,0.003957,0.004115,150353732.0
2025-12-09 16:00:00+00:00,0.004115,0.004193,0.004111,0.004192,33497125.0
2025-12-09 16:15:00+00:00,0.004189,0.0042,0.00412,0.004156,26615581.0
2025-12-09 16:30:00+00:00,0.004156,0.004159,0.004103,0.004141,19958367.0
2025-12-09 16:45:00+00:00,0.00414,0.004199,0.004123,0.004149,20274832.0
2025-12-09 17:00:00+00:00,0.004152,0.004165,0.004123,0.004134,10244491.0
2025-12-09 17:15:00+00:00,0.004135,0.004173,0.004114,0.004155,23038012.0
2025-12-09 17:30:00+00:00,0.004154,0.004199,0.004149,0.004172,18525121.0
2025-12-09 17:45:00+00:00,0.004173,0.004186,0.004165,0.004181,4141915.0
2025-12-09 18:00:00+00:00,0.004181,0.004242,0.004128,0.004149,21898609.0
2025-12-09 18:15:00+00:00,0.00415,0.004179,0.004142,0.004152,8378367.0
2025-12-09 18:30:00+00:00,0.004152,0.004183,0.004152,0.004178,5934161.0
2025-12-09 18:45:00+00:00,0.00418,0.00418,0.00415,0.004159,6615047.0
2025-12-09 19:00:00+00:00,0.004158,0.004164,0.004054,0.004076,29022784.0
2025-12-09 19:15:00+00:00,0.004077,0.00412,0.00405,0.004109,6463847.0
2025-12-09 19:30:00+00:00,0.004106,0.004126,0.004102,0.004108,2841440.0
2025-12-09 19:45:00+00:00,0.004109,0.004114,0.004093,0.004107,2899336.0
2025-12-09 20:00:00+00:00,0.004106,0.004113,0.004071,0.004084,6147000.0
2025-12-09 20:15:00+00:00,0.004085,0.004086,0.004033,0.004046,5981012.0
2025-12-09 20:30:00+00:00,0.004046,0.004056,0.004001,0.004026,10957739.0
2025-12-09 20:45:00+00:00,0.004025,0.004046,0.004019,0.004039,2620764.0
2025-12-09 21:00:00+00:00,0.004037,0.004046,0.004002,0.004003,6583331.0
2025-12-09 21:15:00+00:00,0.004001,0.004009,0.003955,0.003969,16647880.0
2025-12-09 21:30:00+00:00,0.003965,0.003976,0.003941,0.003948,9846215.0
2025-12-09 21:45:00+00:00,0.003948,0.003955,0.003871,0.003893,31960753.0
2025-12-09 22:00:00+00:00,0.003893,0.003923,0.00382,0.003845,49656718.0
2025-12-09 22:15:00+00:00,0.003843,0.003883,0.003826,0.00386,21627851.0
2025-12-09 22:30:00+00:00,0.003859,0.003913,0.003859,0.003867,8875932.0
2025-12-09 22:45:00+00:00,0.00387,0.003972,0.003865,0.003909,16964469.0
2025-12-09 23:00:00+00:00,0.00391,0.003929,0.003874,0.003878,13613805.0
2025-12-09 23:15:00+00:00,0.003877,0.003892,0.00387,0.003885,6316745.0
2025-12-09 23:30:00+00:00,0.003884,0.003893,0.003875,0.003881,3411698.0
2025-12-09 23:45:00+00:00,0.003881,0.003882,0.003853,0.003861,6397420.0
2025-12-10 00:00:00+00:00,0.003861,0.003939,0.00386,0.003882,21210977.0
2025-12-10 00:15:00+00:00,0.003882,0.003907,0.00383,0.003905,19752012.0
2025-12-10 00:30:00+00:00,0.003904,0.003964,0.0039,0.003954,12122559.0
2025-12-10 00:45:00+00:00,0.003955,0.003979,0.003928,0.003936,13813423.0
2025-12-10 01:00:00+00:00,0.003932,0.003949,0.003904,0.003926,9223644.0
2025-12-10 01:15:00+00:00,0.003926,0.003949,0.003918,0.003918,2845832.0
2025-12-10 01:30:00+00:00,0.003918,0.003929,0.003846,0.003875,14328287.0
2025-12-10 01:45:00+00:00,0.003875,0.003896,0.003856,0.003886,7178566.0
2025-12-10 02:00:00+00:00,0.003886,0.003941,0.003881,0.003935,10752122.0
2025-12-10 02:15:00+00:00,0.003935,0.003942,0.003892,0.003913,7130479.0
2025-12-10 02:30:00+00:00,0.003911,0.003944,0.003909,0.003922,8732771.0
2025-12-10 02:45:00+00:00,0.003923,0.00396,0.003923,0.00394,6580200.0
2025-12-10 03:00:00+00:00,0.003939,0.003978,0.003939,0.003967,7374575.0
2025-12-10 03:15:00+00:00,0.003967,0.003979,0.003934,0.003955,6929592.0
2025-12-10 03:30:00+00:00,0.003955,0.003999,0.003955,0.003994,2821799.0
2025-12-10 03:45:00+00:00,0.003994,0.004009,0.00399,0.003992,3039589.0
2025-12-10 04:00:00+00:00,0.003993,0.004019,0.003959,0.004017,14980823.0
2025-12-10 04:15:00+00:00,0.004017,0.004134,0.004015,0.004099,25080793.0
2025-12-10 04:30:00+00:00,0.004099,0.00411,0.004026,0.004038,11508188.0
2025-12-10 04:45:00+00:00,0.004039,0.004066,0.004018,0.004062,9485621.0
2025-12-10 05:00:00+00:00,0.004062,0.004067,0.004013,0.004026,8535260.0
2025-12-10 05:15:00+00:00,0.004026,0.004035,0.003988,0.003992,4398431.0
2025-12-10 05:30:00+00:00,0.003991,0.004001,0.00399,0.003998,2893983.0
2025-12-10 05:45:00+00:00,0.003998,0.004019,0.003987,0.004,4982922.0
2025-12-10 06:00:00+00:00,0.003999,0.004033,0.003993,0.004029,14717388.0
2025-12-10 06:15:00+00:00,0.00403,0.004049,0.004018,0.004041,3958270.0
2025-12-10 06:30:00+00:00,0.004042,0.004055,0.004014,0.004018,6655197.0
2025-12-10 06:45:00+00:00,0.00402,0.004027,0.004001,0.004006,3295724.0
2025-12-10 07:00:00+00:00,0.004005,0.004009,0.00387,0.003923,50818509.0
2025-12-10 07:15:00+00:00,0.003924,0.003949,0.003917,0.003934,7825558.0
2025-12-10 07:30:00+00:00,0.003934,0.003961,0.00393,0.003947,6983290.0
2025-12-10 07:45:00+00:00,0.003946,0.003951,0.003895,0.003927,8184057.0
2025-12-10 08:00:00+00:00,0.003926,0.003958,0.003922,0.003927,10010789.0
2025-12-10 08:15:00+00:00,0.003926,0.003929,0.003892,0.003917,6967640.0
2025-12-10 08:30:00+00:00,0.003916,0.003921,0.003848,0.003885,15823887.0
2025-12-10 08:45:00+00:00,0.003885,0.003932,0.003881,0.003923,10945792.0
2025-12-10 09:00:00+00:00,0.003923,0.003943,0.003877,0.003924,14623411.0
2025-12-10 09:15:00+00:00,0.003924,0.003925,0.003892,0.0039,3902147.0
2025-12-10 09:30:00+00:00,0.003898,0.003938,0.003894,0.003919,8852877.0
2025-12-10 09:45:00+00:00,0.003919,0.003924,0.003886,0.003897,7378947.0
2025-12-10 10:00:00+00:00,0.003896,0.003915,0.003882,0.003901,10986245.0
2025-12-10 10:15:00+00:00,0.003901,0.003904,0.003842,0.003868,19235600.0
2025-12-10 10:30:00+00:00,0.003867,0.003868,0.003842,0.003857,6508980.0
2025-12-10 10:45:00+00:00,0.003854,0.003877,0.003845,0.003863,6585056.0
2025-12-10 11:00:00+00:00,0.003862,0.003875,0.003806,0.003816,28464034.0
2025-12-10 11:15:00+00:00,0.003816,0.003874,0.003814,0.003861,10319863.0
2025-12-10 11:30:00+00:00,0.00386,0.003878,0.003831,0.003845,15000444.0
2025-12-10 11:45:00+00:00,0.003844,0.003863,0.003842,0.003859,2154024.0
2025-12-10 12:00:00+00:00,0.003857,0.003881,0.00385,0.003863,6465672.0
2025-12-10 12:15:00+00:00,0.003862,0.003874,0.003857,0.003866,3526074.0
2025-12-10 12:30:00+00:00,0.003864,0.003875,0.003844,0.003865,4735261.0
2025-12-10 12:45:00+00:00,0.003865,0.003881,0.003844,0.003881,3387270.0
2025-12-10 13:00:00+00:00,0.003878,0.003897,0.003867,0.003874,4925261.0
2025-12-10 13:15:00+00:00,0.003875,0.003888,0.003814,0.003835,20587403.0
2025-12-10 13:30:00+00:00,0.003834,0.003837,0.003755,0.003782,46001217.0
2025-12-10 13:45:00+00:00,0.003783,0.003787,0.003614,0.003703,137000922.0
2025-12-10 14:00:00+00:00,0.003701,0.003714,0.003649,0.003651,38242451.0
2025-12-10 14:15:00+00:00,0.003651,0.003651,0.003517,0.003618,126830819.0
2025-12-10 14:30:00+00:00,0.00362,0.003628,0.003549,0.003564,35443560.0
2025-12-10 14:45:00+00:00,0.003567,0.003649,0.003565,0.003648,36494876.0
2025-12-10 15:00:00+00:00,0.003648,0.003681,0.003606,0.003659,40595017.0
2025-12-10 15:15:00+00:00,0.00366,0.003662,0.003539,0.003606,68269482.0
2025-12-10 15:30:00+00:00,0.003606,0.00361,0.003539,0.003568,53043585.0
2025-12-10 15:45:00+00:00,0.003569,0.003585,0.003474,0.003559,108951517.0
2025-12-10 16:00:00+00:00,0.003556,0.003597,0.003501,0.003573,73986406.0
2025-12-10 16:15:00+00:00,0.003573,0.003608,0.00354,0.00354,52844160.0
2025-12-10 16:30:00+00:00,0.003541,0.003581,0.003516,0.003525,49058255.0
2025-12-10 16:45:00+00:00,0.003526,0.00359,0.00352,0.003566,38594662.0
2025-12-10 17:00:00+00:00,0.003563,0.003578,0.003525,0.00356,35409934.0
2025-12-10 17:15:00+00:00,0.003562,0.003607,0.003551,0.003576,48744656.0
2025-12-10 17:30:00+00:00,0.003576,0.003612,0.003573,0.003596,18217993.0
2025-12-10 17:45:00+00:00,0.003594,0.003636,0.003515,0.003628,68154998.0
2025-12-10 18:00:00+00:00,0.003627,0.003638,0.003585,0.003617,33327846.0
2025-12-10 18:15:00+00:00,0.003618,0.003623,0.00357,0.003577,17490021.0
2025-12-10 18:30:00+00:00,0.003576,0.003677,0.003573,0.003647,38706898.0
2025-12-10 18:45:00+00:00,0.003648,0.003678,0.003562,0.003583,43364191.0
2025-12-10 19:00:00+00:00,0.00358,0.003621,0.003571,0.003588,33377918.0
2025-12-10 19:15:00+00:00,0.00359,0.003609,0.003575,0.00358,19660001.0
2025-12-10 19:30:00+00:00,0.003579,0.003607,0.003535,0.003578,45832922.0
2025-12-10 19:45:00+00:00,0.003583,0.003593,0.003534,0.003573,23021831.0
2025-12-10 20:00:00+00:00,0.003573,0.003683,0.003572,0.00368,26828889.0
2025-12-10 20:15:00+00:00,0.00368,0.003693,0.00363,0.003634,29146818.0
2025-12-10 20:30:00+00:00,0.003634,0.003666,0.003613,0.00364,19357954.0
2025-12-10 20:45:00+00:00,0.003641,0.003651,0.00357,0.003604,26599397.0
2025-12-10 21:00:00+00:00,0.003608,0.003633,0.003587,0.003595,20175471.0
2025-12-10 21:15:00+00:00,0.003595,0.003609,0.003584,0.003603,7918616.0
2025-12-10 21:30:00+00:00,0.003602,0.003602,0.003556,0.003572,8466630.0
2025-12-10 21:45:00+00:00,0.003571,0.003577,0.003534,0.003556,13622920.0
2025-12-10 22:00:00+00:00,0.003554,0.003566,0.00351,0.00353,16894611.0
2025-12-10 22:15:00+00:00,0.003527,0.00354,0.003456,0.003519,74255017.0
2025-12-10 22:30:00+00:00,0.003518,0.00354,0.003502,0.003535,13551919.0
2025-12-10 22:45:00+00:00,0.003536,0.003544,0.00349,0.003509,23035943.0
2025-12-10 23:00:00+00:00,0.003508,0.00352,0.003459,0.003512,46602655.0
2025-12-10 23:15:00+00:00,0.003511,0.003555,0.003502,0.003537,22872509.0
2025-12-10 23:30:00+00:00,0.003538,0.003543,0.003517,0.003528,22924687.0
2025-12-10 23:45:00+00:00,0.003529,0.003535,0.003507,0.003519,6899972.0
2025-12-11 00:00:00+00:00,0.00352,0.003538,0.003492,0.003523,54552586.0
2025-12-11 00:15:00+00:00,0.003523,0.003529,0.003489,0.003513,13217370.0
2025-12-11 00:30:00+00:00,0.003515,0.003523,0.003466,0.003498,18786962.0
2025-12-11 00:45:00+00:00,0.003494,0.003512,0.003481,0.003506,8875838.0
2025-12-11 01:00:00+00:00,0.003506,0.00352,0.003487,0.003508,13167356.0
2025-12-11 01:15:00+00:00,0.003508,0.003518,0.003434,0.003476,45325782.0
2025-12-11 01:30:00+00:00,0.003476,0.003495,0.003452,0.003458,17380314.0
2025-12-11 01:45:00+00:00,0.003458,0.003481,0.003439,0.003475,11399195.0
2025-12-11 02:00:00+00:00,0.003476,0.003484,0.00342,0.003444,31656755.0
2025-12-11 02:15:00+00:00,0.003444,0.003448,0.003338,0.003408,72491411.0
2025-12-11 02:30:00+00:00,0.003408,0.00342,0.003375,0.003406,26038888.0
2025-12-11 02:45:00+00:00,0.003404,0.003431,0.003384,0.003423,14876818.0
2025-12-11 03:00:00+00:00,0.003421,0.003428,0.003395,0.003417,15131782.0
2025-12-11 03:15:00+00:00,0.003419,0.003436,0.003407,0.003411,11069569.0
2025-12-11 03:30:00+00:00,0.003411,0.003448,0.003396,0.003446,15298788.0
2025-12-11 03:45:00+00:00,0.003446,0.003482,0.003437,0.003481,27586055.0
2025-12-11 04:00:00+00:00,0.003478,0.003508,0.003456,0.003488,25880667.0
2025-12-11 04:15:00+00:00,0.003489,0.003521,0.003488,0.003501,7056379.0
2025-12-11 04:30:00+00:00,0.003501,0.003535,0.003501,0.003528,22294584.0
2025-12-11 04:45:00+00:00,0.003529,0.003543,0.003516,0.00354,7890565.0
2025-12-11 05:00:00+00:00,0.003539,0.003557,0.003518,0.00354,17732936.0
2025-12-11 05:15:00+00:00,0.003539,0.00354,0.003459,0.003495,37326338.0
2025-12-11 05:30:00+00:00,0.003493,0.003505,0.003412,0.00344,29851994.0
2025-12-11 05:45:00+00:00,0.003439,0.003449,0.003411,0.003422,16343082.0
2025-12-11 06:00:00+00:00,0.003422,0.003424,0.003374,0.003397,33049851.0
2025-12-11 06:15:00+00:00,0.003398,0.00342,0.003389,0.003419,16008954.0
2025-12-11 06:30:00+00:00,0.003418,0.003438,0.003412,0.003438,14477287.0
2025-12-11 06:45:00+00:00,0.003435,0.003448,0.003416,0.003442,13460322.0
2025-12-11 07:00:00+00:00,0.003443,0.003501,0.003434,0.003469,30869635.0
2025-12-11 07:15:00+00:00,0.003469,0.003471,0.003445,0.00347,9786266.0
2025-12-11 07:30:00+00:00,0.003469,0.003487,0.003412,0.003429,19054467.0
2025-12-11 07:45:00+00:00,0.003428,0.003452,0.003422,0.00343,7064000.0
2025-12-11 08:00:00+00:00,0.003429,0.00343,0.0034,0.00341,10215989.0
2025-12-11 08:15:00+00:00,0.003413,0.00348,0.003407,0.003469,12370960.0
2025-12-11 08:30:00+00:00,0.003466,0.003503,0.003445,0.003483,17364800.0
2025-12-11 08:45:00+00:00,0.003483,0.00353,0.00348,0.003517,18764276.0
2025-12-11 09:00:00+00:00,0.003516,0.003553,0.003501,0.003527,20607558.0
2025-12-11 09:15:00+00:00,0.003527,0.003558,0.003521,0.003529,12894057.0
2025-12-11 09:30:00+00:00,0.003529,0.003552,0.003513,0.003528,12759689.0
2025-12-11 09:45:00+00:00,0.003531,0.003577,0.003528,0.003547,20694019.0
2025-12-11 10:00:00+00:00,0.003547,0.003591,0.00354,0.003582,18437178.0
2025-12-11 10:15:00+00:00,0.003585,0.003599,0.003564,0.003593,12725099.0
2025-12-11 10:30:00+00:00,0.00359,0.003593,0.003538,0.003564,19156850.0
2025-12-11 10:45:00+00:00,0.003562,0.003585,0.003556,0.003585,11473542.0
2025-12-11 11:00:00+00:00,0.003582,0.003595,0.003568,0.003584,15051119.0
2025-12-11 11:15:00+00:00,0.003583,0.003587,0.003533,0.003544,13211044.0
2025-12-11 11:30:00+00:00,0.003543,0.00358,0.003535,0.003551,27057043.0
2025-12-11 11:45:00+00:00,0.003554,0.003555,0.003471,0.003517,57326960.0
2025-12-11 12:00:00+00:00,0.00352,0.003542,0.003477,0.003484,37377239.0
2025-12-11 12:15:00+00:00,0.003487,0.00349,0.003418,0.00344,35839488.0
2025-12-11 12:30:00+00:00,0.00344,0.003461,0.003408,0.003449,33346428.0
2025-12-11 12:45:00+00:00,0.003446,0.003456,0.00343,0.003447,11036417.0
2025-12-11 13:00:00+00:00,0.003446,0.003463,0.003436,0.003461,19340014.0
2025-12-11 13:15:00+00:00,0.003463,0.00348,0.003458,0.003465,13277400.0
2025-12-11 13:30:00+00:00,0.003465,0.003466,0.003427,0.00343,19033251.0
2025-12-11 13:45:00+00:00,0.003428,0.003436,0.003421,0.003433,5280831.0
2025-12-11 14:00:00+00:00,0.003431,0.003438,0.003406,0.003414,9894155.0
2025-12-11 14:15:00+00:00,0.003414,0.003415,0.003307,0.003319,83120067.0
2025-12-16 16:45:00+00:00,0.00574,0.00588,0.005634,0.005818,1051453113.0
2025-12-16 17:00:00+00:00,0.005819,0.005956,0.005649,0.005749,1258923711.0
2025-12-16 17:15:00+00:00,0.005747,0.005818,0.005536,0.005638,1251030353.0
2025-12-16 17:30:00+00:00,0.00564,0.005712,0.005346,0.005555,2040870539.0
2025-12-16 17:45:00+00:00,0.005556,0.006879,0.005551,0.006256,4529096065.0
2025-12-16 18:00:00+00:00,0.006258,0.0065,0.006051,0.006109,1730943305.0
2025-12-16 18:15:00+00:00,0.006104,0.006375,0.006027,0.006234,1310681882.0
2025-12-16 18:30:00+00:00,0.006234,0.006429,0.006162,0.006317,842578935.0
2025-12-16 18:45:00+00:00,0.006316,0.006376,0.006237,0.00628,595632647.0
2025-12-16 19:00:00+00:00,0.006281,0.006343,0.006112,0.006141,735974031.0
2025-12-16 19:15:00+00:00,0.006141,0.006278,0.006092,0.006176,562749139.0
2025-12-16 19:30:00+00:00,0.006176,0.006262,0.0061,0.00614,447356608.0
2025-12-16 19:45:00+00:00,0.006141,0.006275,0.006141,0.006232,441414938.0
2025-12-16 20:00:00+00:00,0.00623,0.006256,0.006084,0.006126,519053844.0
2025-12-16 20:15:00+00:00,0.006124,0.006384,0.006058,0.006265,782517919.0
2025-12-16 20:30:00+00:00,0.006265,0.006276,0.006149,0.006225,460383903.0
2025-12-16 20:45:00+00:00,0.006225,0.00626,0.006129,0.00619,359369436.0
2025-12-16 21:00:00+00:00,0.006189,0.00627,0.006139,0.006224,370389700.0
2025-12-16 21:15:00+00:00,0.006224,0.00628,0.006135,0.006175,390355498.0
2025-12-16 21:30:00+00:00,0.006175,0.006225,0.006101,0.006145,346259935.0
2025-12-16 21:45:00+00:00,0.006147,0.006275,0.006145,0.006173,348831402.0
2025-12-16 22:00:00+00:00,0.006173,0.0062,0.005828,0.005936,1355916763.0
2025-12-16 22:15:00+00:00,0.00594,0.00602,0.005762,0.005978,859415801.0
2025-12-16 22:30:00+00:00,0.005978,0.006407,0.005881,0.006316,1113792556.0
2025-12-16 22:45:00+00:00,0.006317,0.006378,0.00614,0.006177,550645734.0
2025-12-16 23:00:00+00:00,0.006177,0.006252,0.006113,0.006153,490637155.0
2025-12-16 23:15:00+00:00,0.006153,0.006229,0.006042,0.006214,482267959.0
2025-12-16 23:30:00+00:00,0.006214,0.006465,0.006161,0.006325,971869007.0
2025-12-16 23:45:00+00:00,0.006325,0.00637,0.006256,0.006297,337870246.0
2025-12-17 00:00:00+00:00,0.006293,0.0067,0.006231,0.00635,1230304389.0
2025-12-17 00:15:00+00:00,0.006353,0.006434,0.006118,0.006135,715488614.0
2025-12-17 00:30:00+00:00,0.006136,0.006248,0.006068,0.006154,523183582.0
2025-12-17 00:45:00+00:00,0.006153,0.006194,0.005817,0.006095,1064445401.0
2025-12-17 01:00:00+00:00,0.006093,0.006093,0.005805,0.005857,712532021.0
2025-12-17 01:15:00+00:00,0.00586,0.006295,0.005778,0.00611,1113961614.0
2025-12-17 01:30:00+00:00,0.006112,0.006252,0.005972,0.006176,609416581.0
2025-12-17 01:45:00+00:00,0.006177,0.006236,0.006044,0.006072,439853029.0
2025-12-17 02:00:00+00:00,0.006071,0.006197,0.005973,0.006037,562109425.0
2025-12-17 02:15:00+00:00,0.006038,0.006196,0.006016,0.006126,393426337.0
2025-12-17 02:30:00+00:00,0.006126,0.006666,0.006117,0.006401,1657636952.0
2025-12-17 02:45:00+00:00,0.006398,0.00794,0.006367,0.007047,3679976552.0
2025-12-17 03:00:00+00:00,0.007046,0.00708,0.0053,0.005788,5263236583.0
2025-12-17 03:15:00+00:00,0.005786,0.006127,0.005533,0.005683,2521890675.0
2025-12-17 03:30:00+00:00,0.005683,0.005747,0.00509,0.005257,2533785244.0
2025-12-17 03:45:00+00:00,0.005256,0.005339,0.0046,0.004652,3381029902.0
2025-12-17 04:00:00+00:00,0.004651,0.004877,0.004313,0.004562,4567408846.0
2025-12-17 04:15:00+00:00,0.004562,0.004932,0.004536,0.004926,2265114227.0
2025-12-17 04:30:00+00:00,0.004923,0.005288,0.004831,0.005214,2306433223.0
2025-12-17 04:45:00+00:00,0.005214,0.00545,0.005021,0.005065,1980936623.0
2025-12-17 05:00:00+00:00,0.005061,0.005178,0.004651,0.005071,2454052040.0
2025-12-17 05:15:00+00:00,0.005071,0.005086,0.004713,0.004826,1357667258.0
2025-12-17 05:30:00+00:00,0.004824,0.004977,0.004569,0.004784,1332494245.0
2025-12-17 05:45:00+00:00,0.004782,0.00496,0.004733,0.004755,839926705.0
2025-12-17 06:00:00+00:00,0.004755,0.004949,0.004718,0.004929,752886613.0
2025-12-17 06:15:00+00:00,0.004927,0.004928,0.00477,0.004829,527022043.0
2025-12-17 06:30:00+00:00,0.00483,0.004921,0.004763,0.004861,467005717.0
2025-12-17 06:45:00+00:00,0.004863,0.004986,0.004807,0.004927,428527576.0
2025-12-17 07:00:00+00:00,0.004927,0.004946,0.004618,0.004719,721092692.0
2025-12-17 07:15:00+00:00,0.004719,0.004803,0.004672,0.004723,406056199.0
2025-12-17 07:30:00+00:00,0.004725,0.004846,0.004632,0.004679,427413541.0
2025-12-17 07:45:00+00:00,0.004678,0.004762,0.004536,0.004744,561444060.0
2025-12-17 08:00:00+00:00,0.004743,0.004831,0.004621,0.004641,458304883.0
2025-12-17 08:15:00+00:00,0.004638,0.004717,0.004579,0.00469,406925800.0
2025-12-17 08:30:00+00:00,0.00469,0.004699,0.004376,0.004429,722126961.0
2025-12-17 08:45:00+00:00,0.004428,0.004476,0.004151,0.004311,1463868718.0
2025-12-17 09:00:00+00:00,0.004308,0.0044,0.004282,0.004362,486609739.0
2025-12-17 09:15:00+00:00,0.004364,0.004458,0.004224,0.004228,716926306.0
2025-12-17 09:30:00+00:00,0.004231,0.004373,0.004142,0.00426,675189783.0
2025-12-17 09:45:00+00:00,0.004258,0.004285,0.004103,0.004248,772835736.0
2025-12-17 10:00:00+00:00,0.004248,0.004582,0.004133,0.004371,1387754325.0
2025-12-17 10:15:00+00:00,0.00437,0.004604,0.004343,0.004543,737155505.0
2025-12-17 10:30:00+00:00,0.004544,0.004779,0.004504,0.004691,841971307.0
2025-12-17 10:45:00+00:00,0.004692,0.004745,0.004453,0.004464,693561431.0
2025-12-17 11:00:00+00:00,0.004464,0.00448,0.004109,0.004254,1221632364.0
2025-12-17 11:15:00+00:00,0.004252,0.004511,0.004038,0.004459,1280284900.0
2025-12-17 11:30:00+00:00,0.004459,0.004545,0.004304,0.004344,784569190.0
2025-12-17 11:45:00+00:00,0.004345,0.004384,0.00422,0.004313,454779574.0
2025-12-17 12:00:00+00:00,0.004312,0.004336,0.004136,0.004225,502909193.0
2025-12-17 12:15:00+00:00,0.004226,0.004251,0.004114,0.004144,453483472.0
2025-12-17 12:30:00+00:00,0.004145,0.004244,0.00407,0.004188,597665540.0
2025-12-17 12:45:00+00:00,0.004187,0.004257,0.004152,0.004223,351067790.0
2025-12-17 13:00:00+00:00,0.004223,0.004387,0.004158,0.004301,514927037.0
2025-12-17 13:15:00+00:00,0.004302,0.0044,0.004216,0.004337,493366939.0
2025-12-17 13:30:00+00:00,0.004338,0.00451,0.004311,0.004494,575354670.0
2025-12-17 13:45:00+00:00,0.004492,0.004601,0.004414,0.004432,643180212.0
2025-12-17 14:00:00+00:00,0.00443,0.00455,0.004406,0.00449,388706730.0
2025-12-17 14:15:00+00:00,0.00449,0.004536,0.004135,0.004198,975531162.0
2025-12-17 14:30:00+00:00,0.004197,0.004334,0.004133,0.004268,539501837.0
2025-12-17 14:45:00+00:00,0.004267,0.004364,0.004244,0.004329,342329084.0
2025-12-17 15:00:00+00:00,0.004329,0.004431,0.004292,0.00441,291018607.0
2025-12-17 15:15:00+00:00,0.004409,0.004512,0.004386,0.004476,330124341.0
2025-12-17 15:30:00+00:00,0.004476,0.004651,0.004434,0.004466,585823902.0
2025-12-17 15:45:00+00:00,0.004465,0.00451,0.004342,0.004411,287776625.0
2025-12-17 16:00:00+00:00,0.00441,0.004514,0.004341,0.004372,349808141.0
2025-12-17 16:15:00+00:00,0.00437,0.004562,0.004226,0.004424,741143939.0
2025-12-17 16:30:00+00:00,0.004426,0.004511,0.004386,0.004463,251205228.0
2025-12-17 16:45:00+00:00,0.004464,0.004499,0.004385,0.004479,202053485.0
2025-12-17 17:00:00+00:00,0.00448,0.0045,0.004381,0.004408,178117239.0
2025-12-17 17:15:00+00:00,0.004407,0.004473,0.004362,0.004412,182457898.0
2025-12-17 17:30:00+00:00,0.00441,0.004413,0.004272,0.004349,215105661.0
2025-12-17 17:45:00+00:00,0.004349,0.004446,0.004334,0.00441,142065014.0
2025-12-17 18:00:00+00:00,0.004412,0.004454,0.004386,0.004443,111669403.0
2025-12-17 18:15:00+00:00,0.004443,0.00447,0.004369,0.00437,131202333.0
2025-12-17 18:30:00+00:00,0.00437,0.004415,0.004321,0.00434,170775215.0
2025-12-17 18:45:00+00:00,0.004341,0.004348,0.004101,0.004208,687300641.0
2025-12-17 19:00:00+00:00,0.004208,0.004267,0.004155,0.004263,338141103.0
2025-12-17 19:15:00+00:00,0.004264,0.004273,0.00416,0.004195,188754964.0
2025-12-17 19:30:00+00:00,0.004193,0.004236,0.004174,0.004209,125713977.0
2025-12-17 19:45:00+00:00,0.004209,0.004297,0.00413,0.004172,282341180.0
2025-12-17 20:00:00+00:00,0.004174,0.004234,0.004079,0.004161,360717914.0
2025-12-17 20:15:00+00:00,0.004163,0.004189,0.00401,0.004139,452852761.0
2025-12-17 20:30:00+00:00,0.004139,0.004176,0.004126,0.004159,67864039.0
2025-12-17 20:45:00+00:00,0.004159,0.004176,0.004084,0.00413,103948374.0
2025-12-17 21:00:00+00:00,0.004129,0.004164,0.004068,0.004099,119401128.0
2025-12-17 21:15:00+00:00,0.004098,0.004149,0.004087,0.004135,108540266.0
2025-12-17 21:30:00+00:00,0.004137,0.004182,0.004095,0.004129,132946760.0
2025-12-17 21:45:00+00:00,0.004128,0.004141,0.004004,0.004049,214989977.0
2025-12-17 22:00:00+00:00,0.004047,0.004186,0.00402,0.004145,261829355.0
2025-12-17 22:15:00+00:00,0.004145,0.004179,0.004103,0.004156,134414170.0
2025-12-17 22:30:00+00:00,0.004153,0.004172,0.004109,0.004164,94657963.0
2025-12-17 22:45:00+00:00,0.004165,0.004236,0.004136,0.004184,111542513.0
2025-12-17 23:00:00+00:00,0.004185,0.004222,0.004148,0.004162,94836492.0
2025-12-17 23:15:00+00:00,0.004162,0.004214,0.00411,0.004119,137270874.0
2025-12-17 23:30:00+00:00,0.004119,0.00415,0.004066,0.004142,163364019.0
2025-12-17 23:45:00+00:00,0.004143,0.004148,0.00412,0.004135,74287937.0
2025-12-18 00:00:00+00:00,0.004135,0.004135,0.003702,0.003705,873661930.0
2025-12-18 00:15:00+00:00,0.003707,0.003916,0.003706,0.003848,732958777.0
2025-12-18 00:30:00+00:00,0.003849,0.003886,0.003738,0.003809,380571817.0
2025-12-18 00:45:00+00:00,0.00381,0.0039,0.003762,0.003792,268511999.0
2025-12-18 01:00:00+00:00,0.00379,0.003929,0.003771,0.003898,276659265.0
2025-12-18 01:15:00+00:00,0.003898,0.003932,0.003838,0.003839,165858109.0
2025-12-18 01:30:00+00:00,0.003839,0.003879,0.003788,0.003811,181939726.0
2025-12-18 01:45:00+00:00,0.003811,0.003845,0.003773,0.003815,166561026.0
2025-12-18 02:00:00+00:00,0.003814,0.003888,0.003781,0.003819,205770241.0
2025-12-18 02:15:00+00:00,0.003819,0.003821,0.003612,0.003687,763351698.0
2025-12-18 02:30:00+00:00,0.003689,0.003735,0.003658,0.003671,280217566.0
2025-12-18 02:45:00+00:00,0.003672,0.003761,0.003612,0.00372,336802443.0
2025-12-18 03:00:00+00:00,0.003721,0.003746,0.003673,0.003725,231074649.0
2025-12-18 03:15:00+00:00,0.003722,0.00375,0.003641,0.003678,204398975.0
2025-12-18 03:30:00+00:00,0.003677,0.003704,0.003561,0.003581,345597211.0
2025-12-18 03:45:00+00:00,0.003581,0.003694,0.00358,0.00364,317522547.0
2025-12-18 04:00:00+00:00,0.003642,0.003698,0.003602,0.003669,326655804.0
2025-12-18 04:15:00+00:00,0.003669,0.003688,0.003609,0.003633,158212252.0
2025-12-18 04:30:00+00:00,0.003633,0.003672,0.003622,0.003633,135990226.0
2025-12-18 04:45:00+00:00,0.003633,0.003633,0.003508,0.003583,462057473.0
2025-12-18 05:00:00+00:00,0.003583,0.003585,0.003365,0.003408,722332898.0
2025-12-18 05:15:00+00:00,0.003406,0.003449,0.003351,0.003419,370366237.0
2025-12-18 05:30:00+00:00,0.003422,0.003479,0.003353,0.003426,393047078.0
2025-12-18 05:45:00+00:00,0.003424,0.003499,0.003377,0.003473,306589348.0
2025-12-18 06:00:00+00:00,0.003474,0.003487,0.003396,0.00342,270961456.0
2025-12-18 06:15:00+00:00,0.00342,0.003441,0.003258,0.003277,651690346.0
2025-12-18 06:30:00+00:00,0.003277,0.003289,0.003202,0.003223,529025970.0
2025-12-18 06:45:00+00:00,0.003223,0.003225,0.003075,0.003091,791130173.0
2025-12-18 07:00:00+00:00,0.003091,0.003135,0.00306,0.003087,746820345.0
2025-12-18 07:15:00+00:00,0.003087,0.003176,0.003032,0.003127,639974411.0
2025-12-18 07:30:00+00:00,0.003126,0.003227,0.003092,0.003211,573637154.0
2025-12-18 07:45:00+00:00,0.00321,0.003219,0.003091,0.003134,382184060.0
2025-12-18 08:00:00+00:00,0.003134,0.00319,0.00308,0.003127,403371468.0
2025-12-18 08:15:00+00:00,0.003128,0.003199,0.003123,0.003137,311722000.0
2025-12-18 08:30:00+00:00,0.003137,0.003158,0.003099,0.003137,271767156.0
2025-12-18 08:45:00+00:00,0.003137,0.00317,0.003096,0.003105,190763220.0
2025-12-18 09:00:00+00:00,0.003107,0.003107,0.002838,0.00294,1429049738.0
2025-12-18 09:15:00+00:00,0.002939,0.003087,0.002936,0.00305,511055999.0
2025-12-18 09:30:00+00:00,0.003051,0.003077,0.003014,0.003047,230678503.0
2025-12-18 09:45:00+00:00,0.003047,0.003053,0.002978,0.003014,247225887.0
2025-12-18 10:00:00+00:00,0.003013,0.003036,0.002964,0.003008,256349868.0
2025-12-18 10:15:00+00:00,0.00301,0.003041,0.002993,0.003018,161303588.0
2025-12-18 10:30:00+00:00,0.003018,0.003021,0.002903,0.002919,419761898.0
2025-12-18 10:45:00+00:00,0.002919,0.002948,0.002847,0.002938,637012256.0
2025-12-18 11:00:00+00:00,0.002939,0.003002,0.002891,0.002915,425952346.0
2025-12-18 11:15:00+00:00,0.002915,0.002932,0.002886,0.002928,216908017.0
2025-12-18 11:30:00+00:00,0.002927,0.002953,0.002875,0.002879,266589119.0
2025-12-18 11:45:00+00:00,0.00288,0.00293,0.002873,0.00291,322121396.0
2025-12-18 12:00:00+00:00,0.002912,0.00314,0.002909,0.003099,1058506123.0
2025-12-18 12:15:00+00:00,0.003098,0.003201,0.002996,0.0031,890328063.0
2025-12-18 12:30:00+00:00,0.0031,0.00312,0.003049,0.003057,276909885.0
2025-12-18 12:45:00+00:00,0.003056,0.00309,0.002991,0.003049,306958169.0
2025-12-18 13:00:00+00:00,0.003049,0.003145,0.003032,0.003084,405473196.0
2025-12-18 13:15:00+00:00,0.003085,0.003166,0.00305,0.003073,418643640.0
2025-12-18 13:30:00+00:00,0.003074,0.003155,0.003038,0.003129,355063175.0
2025-12-18 13:45:00+00:00,0.003128,0.00316,0.003088,0.003122,315700047.0
2025-12-18 14:00:00+00:00,0.003122,0.003191,0.003116,0.00312,329913332.0
2025-12-18 14:15:00+00:00,0.003121,0.003175,0.003117,0.003139,147775753.0
2025-12-18 14:30:00+00:00,0.003138,0.003158,0.003052,0.003079,266519949.0
2025-12-18 14:45:00+00:00,0.003077,0.003154,0.003024,0.00313,249253395.0
2025-12-18 15:00:00+00:00,0.00313,0.003144,0.003085,0.003098,195149243.0
2025-12-18 15:15:00+00:00,0.003097,0.003244,0.003097,0.003208,513755343.0
2025-12-18 15:30:00+00:00,0.003209,0.003294,0.0032,0.003208,374087156.0
2025-12-18 15:45:00+00:00,0.003209,0.003226,0.003161,0.003195,246049312.0
2025-12-18 16:00:00+00:00,0.003193,0.003216,0.003136,0.003155,294899180.0
2025-12-18 16:15:00+00:00,0.003156,0.003163,0.003076,0.003095,210117079.0
2025-12-18 16:30:00+00:00,0.003094,0.00315,0.003092,0.003125,162231276.0
2025-12-18 16:45:00+00:00,0.003124,0.003127,0.00306,0.003091,145797302.0
2025-12-18 17:00:00+00:00,0.003093,0.003151,0.003031,0.003047,281725553.0
2025-12-18 17:15:00+00:00,0.003048,0.003055,0.002922,0.002969,506706491.0
2025-12-18 17:30:00+00:00,0.002969,0.003049,0.002964,0.003014,187329018.0
2025-12-18 17:45:00+00:00,0.003015,0.003034,0.002969,0.003022,157471978.0
2025-12-18 18:00:00+00:00,0.003022,0.003064,0.003005,0.00304,142810897.0
2025-12-18 18:15:00+00:00,0.003039,0.003042,0.002992,0.003,109756610.0
2025-12-18 18:30:00+00:00,0.003002,0.003036,0.002979,0.003026,129356173.0
2025-12-18 18:45:00+00:00,0.003027,0.003051,0.002985,0.00301,118855797.0
2025-12-18 19:00:00+00:00,0.003008,0.003045,0.002988,0.002996,120698023.0
2025-12-18 19:15:00+00:00,0.002995,0.003016,0.002953,0.002971,139128664.0
2025-12-18 19:30:00+00:00,0.002971,0.002982,0.002933,0.002955,152480916.0
2025-12-18 19:45:00+00:00,0.002955,0.002958,0.002877,0.002931,235912095.0
2025-12-18 20:00:00+00:00,0.00293,0.002978,0.002928,0.002956,145732225.0
2025-12-18 20:15:00+00:00,0.002956,0.002964,0.002928,0.002942,81459683.0
2025-12-18 20:30:00+00:00,0.002942,0.002966,0.002915,0.002954,93703170.0
2025-12-18 20:45:00+00:00,0.002954,0.002983,0.002915,0.002917,135402318.0
2025-12-18 21:00:00+00:00,0.002918,0.002975,0.002855,0.00289,262165584.0
2025-12-18 21:15:00+00:00,0.002891,0.00295,0.002854,0.002875,268865704.0
2025-12-18 21:30:00+00:00,0.002874,0.002908,0.002823,0.002899,260825264.0
2025-12-18 21:45:00+00:00,0.0029,0.002945,0.002891,0.002945,122982451.0
2025-12-18 22:00:00+00:00,0.002944,0.002966,0.002924,0.002949,143701142.0
2025-12-18 22:15:00+00:00,0.002951,0.002953,0.002924,0.002946,59973380.0
2025-12-18 22:30:00+00:00,0.002946,0.002983,0.002926,0.002968,86416321.0
2025-12-18 22:45:00+00:00,0.002967,0.002972,0.002915,0.002924,90527438.0
2025-12-18 23:00:00+00:00,0.002923,0.003014,0.002921,0.002971,187089552.0
2025-12-18 23:15:00+00:00,0.002971,0.00299,0.00294,0.002981,101194874.0
2025-12-18 23:30:00+00:00,0.00298,0.002987,0.002911,0.002922,104308482.0
2025-12-18 23:45:00+00:00,0.00292,0.002937,0.002871,0.002926,163643291.0
2025-12-19 00:00:00+00:00,0.002925,0.002976,0.00286,0.002891,263125732.0
2025-12-19 00:15:00+00:00,0.002892,0.002922,0.002884,0.002886,92359709.0
2025-12-19 00:30:00+00:00,0.002885,0.002919,0.002876,0.002886,101880766.0
2025-12-19 00:45:00+00:00,0.002886,0.002918,0.002882,0.00289,76643898.0
2025-12-19 01:00:00+00:00,0.00289,0.002896,0.002832,0.00286,178785677.0
2025-12-19 01:15:00+00:00,0.002859,0.002872,0.002834,0.002844,141846758.0
2025-12-19 01:30:00+00:00,0.002842,0.00288,0.002833,0.002879,114033053.0
2025-12-19 01:45:00+00:00,0.002878,0.002879,0.002815,0.002849,142696476.0
2025-12-19 02:00:00+00:00,0.002848,0.002886,0.002837,0.002863,108935631.0
2025-12-19 02:15:00+00:00,0.002863,0.002956,0.002847,0.002947,194644615.0
2025-12-19 02:30:00+00:00,0.002945,0.003033,0.002905,0.002938,333155306.0
2025-12-19 02:45:00+00:00,0.002936,0.002976,0.002932,0.002971,109475720.0
2025-12-19 03:00:00+00:00,0.002972,0.003003,0.002953,0.002995,118302160.0
2025-12-19 03:15:00+00:00,0.002993,0.003047,0.002956,0.003022,181323360.0
2025-12-19 03:30:00+00:00,0.003021,0.003033,0.002977,0.002986,144398014.0
2025-12-19 03:45:00+00:00,0.002985,0.003032,0.002983,0.003028,112362398.0
2025-12-19 04:00:00+00:00,0.003028,0.003054,0.003002,0.003029,151134570.0
2025-12-19 04:15:00+00:00,0.003028,0.003121,0.003027,0.003088,239620522.0
2025-12-19 04:30:00+00:00,0.003088,0.003133,0.003071,0.003087,198158579.0
2025-12-19 04:45:00+00:00,0.003087,0.003134,0.003053,0.003121,138020103.0
2025-12-19 05:00:00+00:00,0.00312,0.003172,0.003088,0.003153,220426209.0
2025-12-19 05:15:00+00:00,0.003153,0.003386,0.00313,0.003317,409997081.0
2025-12-19 05:30:00+00:00,0.003317,0.003347,0.003234,0.003334,453410951.0
2025-12-19 05:45:00+00:00,0.003332,0.003346,0.00321,0.00334,357985915.0
2025-12-19 06:00:00+00:00,0.003341,0.003359,0.003286,0.003317,279899560.0
2025-12-19 06:15:00+00:00,0.003316,0.003425,0.003269,0.003423,299796208.0
2025-12-19 06:30:00+00:00,0.003421,0.003735,0.0034,0.003692,922748697.0
2025-12-19 06:45:00+00:00,0.003691,0.003931,0.00362,0.003889,1336231742.0
2025-12-19 07:00:00+00:00,0.003889,0.004115,0.00372,0.004009,2170588590.0
2025-12-19 07:15:00+00:00,0.004009,0.00408,0.003706,0.003891,2096112936.0
2025-12-19 07:30:00+00:00,0.003891,0.00424,0.003803,0.004177,2005919124.0
2025-12-19 07:45:00+00:00,0.004176,0.00425,0.004116,0.004244,1109289078.0
2025-12-19 08:00:00+00:00,0.004242,0.00455,0.004211,0.004533,2847621559.0
2025-12-19 08:15:00+00:00,0.004532,0.00475,0.004493,0.004676,2837987526.0
2025-12-19 08:30:00+00:00,0.004675,0.004847,0.004525,0.00478,2916382971.0
2025-12-19 08:45:00+00:00,0.00478,0.00485,0.004648,0.004815,1849012950.0
2025-12-19 09:00:00+00:00,0.004814,0.004935,0.004716,0.004835,2182415342.0
2025-12-19 09:15:00+00:00,0.004835,0.00492,0.004632,0.004812,2368658410.0
2025-12-19 09:30:00+00:00,0.004814,0.004981,0.004456,0.004954,3855913013.0
2025-12-19 09:45:00+00:00,0.004952,0.005218,0.00495,0.005133,2790503040.0
2025-12-19 10:00:00+00:00,0.005134,0.005375,0.005044,0.005243,2108530844.0
2025-12-19 10:15:00+00:00,0.005241,0.005385,0.005107,0.005208,1752828928.0
2025-12-19 10:30:00+00:00,0.005207,0.005236,0.00494,0.005094,2313688675.0
2025-12-19 10:45:00+00:00,0.005095,0.005205,0.004714,0.005124,3370650347.0
2025-12-19 11:00:00+00:00,0.005123,0.005165,0.00478,0.004865,2135331940.0
2025-12-19 11:15:00+00:00,0.004865,0.004921,0.00441,0.004434,3579768563.0
2025-12-19 11:30:00+00:00,0.004436,0.004698,0.00422,0.00461,4438388515.0
2025-12-19 11:45:00+00:00,0.00461,0.004797,0.004504,0.004552,2130091350.0
2025-12-19 12:00:00+00:00,0.004553,0.004744,0.00445,0.004686,1734503799.0
2025-12-19 12:15:00+00:00,0.004686,0.004891,0.004606,0.004778,1793403148.0
2025-12-19 12:30:00+00:00,0.004779,0.00482,0.004632,0.004683,1436422318.0
2025-12-19 12:45:00+00:00,0.004684,0.00469,0.004508,0.004537,1543276231.0
2025-12-19 13:00:00+00:00,0.004537,0.004634,0.004444,0.004588,1435407931.0
2025-12-19 13:15:00+00:00,0.004589,0.00465,0.004479,0.004553,945756434.0
2025-12-19 13:30:00+00:00,0.004554,0.004635,0.004475,0.004575,946652981.0
2025-12-19 13:45:00+00:00,0.004577,0.004625,0.0045,0.004588,860910020.0
2025-12-19 14:00:00+00:00,0.004588,0.004863,0.004558,0.004825,1777669084.0
2025-12-19 14:15:00+00:00,0.004825,0.004983,0.00472,0.00481,1737331221.0
2025-12-19 14:30:00+00:00,0.004808,0.0049,0.004723,0.004873,1060814047.0
2025-12-19 14:45:00+00:00,0.004872,0.004876,0.004593,0.004633,1130489881.0
2025-12-19 15:00:00+00:00,0.004637,0.004748,0.004534,0.004706,1197781355.0
2025-12-19 15:15:00+00:00,0.004706,0.004775,0.004604,0.004674,847145839.0
2025-12-19 15:30:00+00:00,0.004673,0.004743,0.004648,0.00472,496741809.0
2025-12-19 15:45:00+00:00,0.004722,0.004754,0.004633,0.004681,610976588.0
2025-12-19 16:00:00+00:00,0.004681,0.004774,0.004601,0.004719,680473404.0
2025-12-19 16:15:00+00:00,0.004718,0.004772,0.004656,0.004708,421279809.0
2025-12-19 16:30:00+00:00,0.004708,0.004843,0.0044,0.004476,1377930898.0
2025-12-19 16:45:00+00:00,0.004477,0.004575,0.00432,0.004459,1280066638.0
2025-12-19 17:00:00+00:00,0.004459,0.004529,0.00439,0.004404,609220876.0
2025-12-19 17:15:00+00:00,0.004404,0.004435,0.00405,0.00407,1446064693.0
2025-12-19 17:30:00+00:00,0.004069,0.004077,0.003423,0.003532,3744401263.0
2025-12-19 17:45:00+00:00,0.003532,0.00354,0.00333,0.003432,2009714846.0
2025-12-19 18:00:00+00:00,0.003432,0.003432,0.003108,0.00319,2702925814.0
2025-12-19 18:15:00+00:00,0.003188,0.003579,0.003183,0.003477,2261463643.0
2025-12-19 18:30:00+00:00,0.003476,0.003637,0.003375,0.00344,1233350674.0
2025-12-19 18:45:00+00:00,0.00344,0.003446,0.003284,0.003393,917929559.0
2025-12-19 19:00:00+00:00,0.003392,0.003429,0.003358,0.003394,403536636.0
2025-12-19 19:15:00+00:00,0.003392,0.003532,0.00339,0.003475,530699454.0
2025-12-19 19:30:00+00:00,0.003473,0.003537,0.003424,0.003434,392509705.0
2025-12-19 19:45:00+00:00,0.003434,0.003509,0.00342,0.003443,284265465.0
2025-12-19 20:00:00+00:00,0.003443,0.003486,0.003425,0.003449,219686899.0
2025-12-19 20:15:00+00:00,0.003449,0.003463,0.003377,0.003417,254485498.0
2025-12-19 20:30:00+00:00,0.003418,0.003453,0.003367,0.003386,195343043.0
2025-12-19 20:45:00+00:00,0.003385,0.003488,0.003384,0.003428,205728070.0
2025-12-19 21:00:00+00:00,0.003428,0.003504,0.003384,0.003407,306301228.0
2025-12-19 21:15:00+00:00,0.003406,0.003538,0.003405,0.003492,265399084.0
2025-12-19 21:30:00+00:00,0.003493,0.003634,0.00345,0.003597,502853366.0
2025-12-19 21:45:00+00:00,0.003598,0.003679,0.00359,0.003662,416681001.0
2025-12-19 22:00:00+00:00,0.003663,0.004069,0.00363,0.003956,1227867149.0
2025-12-19 22:15:00+00:00,0.003958,0.004,0.003724,0.003769,950281606.0
2025-12-19 22:30:00+00:00,0.003767,0.004002,0.003617,0.003741,1101891660.0
2025-12-19 22:45:00+00:00,0.003742,0.003744,0.003455,0.00359,785328696.0
2025-12-19 23:00:00+00:00,0.003591,0.003645,0.003474,0.003561,477584070.0
2025-12-19 23:15:00+00:00,0.003561,0.00358,0.003501,0.003557,352920643.0
2025-12-19 23:30:00+00:00,0.003555,0.003597,0.003521,0.003594,232903259.0
2025-12-19 23:45:00+00:00,0.003593,0.003634,0.003558,0.003569,252432422.0
2025-12-20 00:00:00+00:00,0.003567,0.003574,0.003157,0.003186,1235213672.0
2025-12-20 00:15:00+00:00,0.003185,0.003423,0.003181,0.003408,673971604.0
2025-12-20 00:30:00+00:00,0.003407,0.003467,0.003358,0.00339,308034225.0
2025-12-20 00:45:00+00:00,0.003392,0.00342,0.003322,0.003361,278131438.0
2025-12-20 01:00:00+00:00,0.003361,0.003458,0.003324,0.003442,297991695.0
2025-12-20 01:15:00+00:00,0.003441,0.003545,0.003422,0.003501,300242317.0
2025-12-20 01:30:00+00:00,0.003501,0.003501,0.003307,0.003374,479287111.0
2025-12-20 01:45:00+00:00,0.003374,0.003402,0.003301,0.003306,274491313.0
2025-12-20 02:00:00+00:00,0.003308,0.003327,0.003202,0.003235,441454837.0
2025-12-20 02:15:00+00:00,0.003235,0.003439,0.003234,0.003394,383627618.0
2025-12-20 02:30:00+00:00,0.003395,0.003714,0.003387,0.003669,764659457.0
2025-12-20 02:45:00+00:00,0.003669,0.00367,0.003434,0.00348,623280615.0
2025-12-20 03:00:00+00:00,0.003482,0.003493,0.0032,0.003282,879627325.0
2025-12-20 03:15:00+00:00,0.003281,0.003366,0.00326,0.003353,384828378.0
2025-12-20 03:30:00+00:00,0.003354,0.003393,0.00332,0.00334,259086350.0
2025-12-20 03:45:00+00:00,0.003339,0.003454,0.003319,0.003412,291960206.0
2025-12-20 04:00:00+00:00,0.003411,0.003537,0.00333,0.003353,510212498.0
2025-12-20 04:15:00+00:00,0.003355,0.003383,0.003268,0.0033,316376775.0
2025-12-20 04:30:00+00:00,0.0033,0.003374,0.003293,0.003332,206771624.0
2025-12-20 04:45:00+00:00,0.003331,0.00338,0.003315,0.003372,150816570.0
2025-12-20 05:00:00+00:00,0.003373,0.003377,0.003305,0.003335,184716296.0
2025-12-20 05:15:00+00:00,0.003336,0.003376,0.003286,0.003334,159678879.0
2025-12-20 05:30:00+00:00,0.003336,0.003535,0.003324,0.003423,432458613.0
2025-12-20 05:45:00+00:00,0.003423,0.003459,0.003404,0.003428,163019105.0
2025-12-20 06:00:00+00:00,0.003428,0.003532,0.003386,0.003494,274127565.0
2025-12-20 06:15:00+00:00,0.003494,0.003583,0.003468,0.003546,313799285.0
2025-12-20 06:30:00+00:00,0.003546,0.003668,0.003542,0.003635,336744291.0
2025-12-20 06:45:00+00:00,0.003634,0.003837,0.003615,0.003821,678556937.0
2025-12-20 07:00:00+00:00,0.003821,0.003848,0.003503,0.003563,1013275043.0
2025-12-20 07:15:00+00:00,0.003563,0.003566,0.003415,0.003507,611230068.0
2025-12-20 07:30:00+00:00,0.003505,0.003512,0.003451,0.003478,220675259.0
2025-12-20 07:45:00+00:00,0.003479,0.003538,0.003421,0.003467,248439518.0
2025-12-20 08:00:00+00:00,0.003468,0.003529,0.003435,0.003508,238846193.0
2025-12-20 08:15:00+00:00,0.003508,0.003661,0.003495,0.003562,546342442.0
2025-12-20 08:30:00+00:00,0.003562,0.003653,0.003558,0.003618,314271005.0
2025-12-20 08:45:00+00:00,0.00362,0.003621,0.003512,0.003568,389758946.0
2025-12-20 09:00:00+00:00,0.003568,0.003597,0.003549,0.003572,198084935.0
2025-12-20 09:15:00+00:00,0.003572,0.003666,0.00352,0.003549,345548748.0
2025-12-20 09:30:00+00:00,0.003549,0.003585,0.003436,0.003497,301241072.0
2025-12-20 09:45:00+00:00,0.003498,0.0036,0.003484,0.003575,242613272.0
2025-12-20 10:00:00+00:00,0.003575,0.003629,0.003537,0.003604,259060260.0
2025-12-20 10:15:00+00:00,0.003604,0.003627,0.003525,0.003544,281849415.0
2025-12-20 10:30:00+00:00,0.003544,0.003557,0.003479,0.003505,239591087.0
2025-12-20 10:45:00+00:00,0.003507,0.003561,0.003504,0.00353,204259107.0
2025-12-20 11:00:00+00:00,0.00353,0.003546,0.003345,0.003517,565201910.0
2025-12-20 11:15:00+00:00,0.003516,0.003555,0.003499,0.003527,195613238.0
2025-12-20 11:30:00+00:00,0.003527,0.003567,0.003489,0.003498,172128654.0
2025-12-20 11:45:00+00:00,0.003497,0.003515,0.003455,0.003489,187428665.0
2025-12-20 12:00:00+00:00,0.003488,0.003536,0.003483,0.003498,163882207.0
2025-12-20 12:15:00+00:00,0.003498,0.003745,0.003471,0.003625,710173606.0
2025-12-20 12:30:00+00:00,0.003626,0.003679,0.003594,0.003668,286006230.0
2025-12-20 12:45:00+00:00,0.003668,0.003702,0.003345,0.00343,720376287.0
2025-12-20 13:00:00+00:00,0.003428,0.003523,0.003428,0.003478,530692176.0
2025-12-20 13:15:00+00:00,0.003476,0.003492,0.003405,0.003449,320147458.0
2025-12-20 13:30:00+00:00,0.003447,0.003524,0.003445,0.003486,220111478.0
2025-12-20 13:45:00+00:00,0.003486,0.003628,0.003486,0.003591,340135399.0
2025-12-20 14:00:00+00:00,0.003592,0.003651,0.003554,0.003591,340272846.0
2025-12-20 14:15:00+00:00,0.00359,0.003613,0.003572,0.0036,136720087.0
2025-12-20 14:30:00+00:00,0.0036,0.003628,0.003503,0.003529,355540693.0
2025-12-20 14:45:00+00:00,0.00353,0.00355,0.003488,0.003534,186169426.0
2025-12-20 15:00:00+00:00,0.003535,0.00355,0.003465,0.003497,172578049.0
2025-12-20 15:15:00+00:00,0.003497,0.003509,0.003425,0.003468,232137715.0
2025-12-20 15:30:00+00:00,0.003467,0.003494,0.003438,0.003466,200835584.0
2025-12-20 15:45:00+00:00,0.003465,0.00352,0.003443,0.00349,180615453.0
2025-12-20 16:00:00+00:00,0.00349,0.003543,0.003481,0.003518,188632343.0
2025-12-20 16:15:00+00:00,0.003518,0.003547,0.003482,0.003496,128619228.0
2025-12-20 16:30:00+00:00,0.003495,0.003536,0.003494,0.003529,110491509.0
2025-12-20 16:45:00+00:00,0.003529,0.003535,0.003446,0.003462,149690179.0
2025-12-20 17:00:00+00:00,0.003461,0.003483,0.003434,0.003455,173341515.0
2025-12-20 17:15:00+00:00,0.003455,0.00348,0.003401,0.003467,196693332.0
2025-12-20 17:30:00+00:00,0.003467,0.003495,0.003453,0.003485,114420986.0
2025-12-20 17:45:00+00:00,0.003486,0.003525,0.00348,0.003488,137876087.0
2025-12-20 18:00:00+00:00,0.003488,0.00358,0.003481,0.003559,207116204.0
2025-12-20 18:15:00+00:00,0.003557,0.003572,0.003512,0.00354,133795124.0
2025-12-20 18:30:00+00:00,0.003539,0.003595,0.003526,0.003542,118291008.0
2025-12-20 18:45:00+00:00,0.003542,0.003549,0.003518,0.003538,79806736.0
2025-12-20 19:00:00+00:00,0.003539,0.003547,0.0035,0.003515,65204513.0
2025-12-20 19:15:00+00:00,0.003514,0.003539,0.003508,0.003535,47796573.0
2025-12-20 19:30:00+00:00,0.003535,0.003549,0.003513,0.003523,66519736.0
2025-12-20 19:45:00+00:00,0.003523,0.003538,0.003473,0.003484,95405595.0
2025-12-20 20:00:00+00:00,0.003484,0.003509,0.003455,0.003499,119435498.0
2025-12-20 20:15:00+00:00,0.003501,0.003563,0.003472,0.003528,156698606.0
2025-12-20 20:30:00+00:00,0.003527,0.003541,0.003481,0.003493,78291509.0
2025-12-20 20:45:00+00:00,0.003492,0.003509,0.003482,0.003499,52093230.0
2025-12-20 21:00:00+00:00,0.0035,0.003509,0.003462,0.003505,87254896.0
2025-12-20 21:15:00+00:00,0.003506,0.003539,0.003485,0.003532,77105037.0
2025-12-20 21:30:00+00:00,0.003531,0.003573,0.003513,0.003565,96134658.0
2025-12-20 21:45:00+00:00,0.003564,0.00366,0.003546,0.003644,158085203.0
2025-12-20 22:00:00+00:00,0.003643,0.003699,0.003572,0.003589,231464956.0
2025-12-20 22:15:00+00:00,0.003588,0.003599,0.003549,0.003582,161445263.0
2025-12-20 22:30:00+00:00,0.003582,0.003641,0.003571,0.003632,78020357.0
2025-12-20 22:45:00+00:00,0.003631,0.003639,0.003589,0.00361,61157192.0
2025-12-20 23:00:00+00:00,0.00361,0.003647,0.003583,0.003598,76661680.0
2025-12-20 23:15:00+00:00,0.003599,0.003624,0.003538,0.003563,108659569.0
2025-12-20 23:30:00+00:00,0.003564,0.003625,0.003564,0.003616,66747078.0
2025-12-20 23:45:00+00:00,0.003617,0.003674,0.003614,0.003653,101436895.0
2025-12-21 00:00:00+00:00,0.003652,0.003734,0.003539,0.003616,290825092.0
2025-12-21 00:15:00+00:00,0.003615,0.003749,0.003586,0.00363,263704704.0
2025-12-21 00:30:00+00:00,0.00363,0.003708,0.003594,0.003704,103161276.0
2025-12-21 00:45:00+00:00,0.003704,0.003752,0.003677,0.003742,111195510.0
2025-12-21 01:00:00+00:00,0.003741,0.003758,0.003653,0.003724,148728729.0
2025-12-21 01:15:00+00:00,0.003723,0.003726,0.003632,0.003669,132455626.0
2025-12-21 01:30:00+00:00,0.00367,0.003758,0.003623,0.003726,282349241.0
2025-12-21 01:45:00+00:00,0.003727,0.003909,0.003685,0.003877,391082533.0
2025-12-21 02:00:00+00:00,0.003875,0.00408,0.003851,0.004051,627758720.0
2025-12-21 02:15:00+00:00,0.00405,0.004114,0.003851,0.003936,764455898.0
2025-12-21 02:30:00+00:00,0.003936,0.003974,0.003501,0.003608,1010240455.0
2025-12-21 02:45:00+00:00,0.003608,0.003769,0.003602,0.003687,403719479.0
2025-12-21 03:00:00+00:00,0.003688,0.003787,0.003687,0.003766,231847905.0
2025-12-21 03:15:00+00:00,0.003767,0.003908,0.003725,0.003855,304322927.0
2025-12-21 03:30:00+00:00,0.003857,0.00387,0.003708,0.003758,353411588.0
2025-12-21 03:45:00+00:00,0.003758,0.003826,0.003748,0.003792,165812491.0
2025-12-21 04:00:00+00:00,0.003792,0.003867,0.00378,0.003835,168963895.0
2025-12-21 04:15:00+00:00,0.003835,0.003836,0.00373,0.003733,172056902.0
2025-12-21 04:30:00+00:00,0.003734,0.003753,0.003647,0.003709,244833752.0
2025-12-21 04:45:00+00:00,0.003711,0.003731,0.0036,0.003679,193284934.0
2025-12-21 05:00:00+00:00,0.003679,0.003712,0.003649,0.003707,148883634.0
2025-12-21 05:15:00+00:00,0.003708,0.00373,0.003682,0.003728,91364023.0
2025-12-21 05:30:00+00:00,0.003728,0.00375,0.003663,0.003678,106643503.0
2025-12-21 05:45:00+00:00,0.003678,0.003742,0.00367,0.003741,91258770.0
2025-12-21 06:00:00+00:00,0.00374,0.00378,0.003628,0.003654,241957478.0
2025-12-21 06:15:00+00:00,0.003654,0.003674,0.003556,0.003577,307018501.0
2025-12-21 06:30:00+00:00,0.003576,0.003639,0.003567,0.00361,167374235.0
2025-12-21 06:45:00+00:00,0.003609,0.003675,0.003587,0.003658,131022444.0
2025-12-21 07:00:00+00:00,0.003659,0.003677,0.003616,0.003671,101490193.0
2025-12-21 07:15:00+00:00,0.003671,0.003696,0.003643,0.003676,97105439.0
2025-12-21 07:30:00+00:00,0.003676,0.003703,0.003603,0.003613,149933854.0
2025-12-21 07:45:00+00:00,0.003613,0.003639,0.003593,0.003631,108350425.0
2025-12-21 08:00:00+00:00,0.00363,0.003639,0.003576,0.00361,128181864.0
2025-12-21 08:15:00+00:00,0.003611,0.003657,0.003596,0.003646,77429234.0
2025-12-21 08:30:00+00:00,0.003647,0.003689,0.00364,0.003651,106046954.0
2025-12-21 08:45:00+00:00,0.003652,0.003652,0.00356,0.003578,129489232.0
2025-12-21 09:00:00+00:00,0.003579,0.003628,0.003578,0.003619,105232267.0
2025-12-21 09:15:00+00:00,0.003617,0.003621,0.003578,0.003594,70086248.0
2025-12-21 09:30:00+00:00,0.003595,0.00363,0.003525,0.003576,162267154.0
2025-12-21 09:45:00+00:00,0.003576,0.003639,0.00357,0.003587,80415802.0
2025-12-21 10:00:00+00:00,0.003587,0.00361,0.003518,0.003537,146114057.0
2025-12-21 10:15:00+00:00,0.003536,0.00357,0.003422,0.003503,393477966.0
2025-12-21 10:30:00+00:00,0.003503,0.003524,0.003467,0.003496,169577689.0
2025-12-21 10:45:00+00:00,0.003497,0.00351,0.003462,0.00349,111354996.0
2025-12-21 11:00:00+00:00,0.00349,0.003527,0.003474,0.003515,92630861.0
2025-12-21 11:15:00+00:00,0.003514,0.003536,0.003493,0.003505,97056524.0
2025-12-21 11:30:00+00:00,0.003504,0.003515,0.00348,0.003503,57980285.0
2025-12-21 11:45:00+00:00,0.003502,0.003516,0.003407,0.003432,165968489.0
2025-12-21 12:00:00+00:00,0.00343,0.003477,0.003425,0.003475,136272884.0
2025-12-21 12:15:00+00:00,0.003476,0.003493,0.003458,0.003486,75947531.0
2025-12-21 12:30:00+00:00,0.003485,0.003488,0.003337,0.003408,315950409.0
2025-12-21 12:45:00+00:00,0.003408,0.003453,0.003367,0.003437,128540050.0
2025-12-21 13:00:00+00:00,0.003436,0.003549,0.003431,0.00351,209535695.0
2025-12-21 13:15:00+00:00,0.00351,0.003572,0.003475,0.00348,177597516.0
2025-12-21 13:30:00+00:00,0.003479,0.003513,0.00343,0.003448,178289422.0
2025-12-21 13:45:00+00:00,0.003449,0.003465,0.003411,0.003433,109126334.0
2025-12-21 14:00:00+00:00,0.003433,0.003482,0.003424,0.003478,124860560.0
2025-12-21 14:15:00+00:00,0.003478,0.003526,0.00345,0.003459,117446302.0
2025-12-21 14:30:00+00:00,0.003459,0.003529,0.003455,0.003516,91822962.0
2025-12-21 14:45:00+00:00,0.003516,0.003523,0.003486,0.003507,79054871.0
2025-12-21 15:00:00+00:00,0.003506,0.003555,0.0035,0.003533,148284091.0
2025-12-21 15:15:00+00:00,0.003534,0.003588,0.003526,0.003568,189824539.0
2025-12-21 15:30:00+00:00,0.00357,0.003603,0.003542,0.003578,159329461.0
2025-12-21 15:45:00+00:00,0.003578,0.003623,0.003561,0.003595,137200263.0
2025-12-21 16:00:00+00:00,0.003594,0.003615,0.003522,0.003558,206589036.0
2025-12-21 16:15:00+00:00,0.003558,0.003602,0.003536,0.003565,85368531.0
2025-12-21 16:30:00+00:00,0.003565,0.003574,0.003527,0.003555,98818533.0
2025-12-21 16:45:00+00:00,0.003556,0.003627,0.003544,0.003596,77448521.0
2025-12-21 17:00:00+00:00,0.003598,0.003733,0.003591,0.003688,211732216.0
2025-12-21 17:15:00+00:00,0.003688,0.003723,0.003624,0.003634,140845470.0
2025-12-21 17:30:00+00:00,0.003634,0.003674,0.00362,0.003644,102307271.0
2025-12-21 17:45:00+00:00,0.003646,0.003663,0.003613,0.003631,82529587.0
2025-12-21 18:00:00+00:00,0.00363,0.003795,0.003627,0.003763,185966843.0
2025-12-21 18:15:00+00:00,0.003763,0.003844,0.003666,0.003836,321763414.0
2025-12-21 18:30:00+00:00,0.003835,0.003854,0.003681,0.003757,263662525.0
2025-12-21 18:45:00+00:00,0.003756,0.003799,0.003673,0.003686,178209050.0
2025-12-21 19:00:00+00:00,0.003687,0.003753,0.00364,0.003685,146826338.0
2025-12-21 19:15:00+00:00,0.003686,0.003717,0.003619,0.003656,104099188.0
2025-12-21 19:30:00+00:00,0.003656,0.003675,0.0036,0.003649,132358711.0
2025-12-21 19:45:00+00:00,0.003649,0.003651,0.003603,0.003635,78437102.0
2025-12-21 20:00:00+00:00,0.003634,0.00369,0.003621,0.003678,96068062.0
2025-12-21 20:15:00+00:00,0.003677,0.003702,0.003633,0.003638,49734683.0
2025-12-21 20:30:00+00:00,0.00364,0.003669,0.003576,0.0036,111624585.0
2025-12-21 20:45:00+00:00,0.0036,0.003614,0.003444,0.003543,288110717.0
2025-12-21 21:00:00+00:00,0.003544,0.003567,0.003484,0.003499,92805819.0
2025-12-21 21:15:00+00:00,0.003499,0.003536,0.003468,0.00353,117325039.0
2025-12-21 21:30:00+00:00,0.00353,0.003544,0.003436,0.003451,102405084.0
2025-12-21 21:45:00+00:00,0.00345,0.003454,0.003377,0.003396,115316146.0
2025-12-21 22:00:00+00:00,0.003395,0.003396,0.003165,0.003245,545240637.0
2025-12-21 22:15:00+00:00,0.003242,0.003242,0.003199,0.003229,92903414.0
2025-12-21 22:30:00+00:00,0.003229,0.00331,0.00322,0.003302,102328550.0
2025-12-21 22:45:00+00:00,0.003302,0.00335,0.003281,0.003338,66092166.0
2025-12-21 23:00:00+00:00,0.003338,0.003444,0.003307,0.003431,168152562.0
2025-12-21 23:15:00+00:00,0.003431,0.003466,0.003396,0.003457,83195132.0
2025-12-21 23:30:00+00:00,0.003457,0.003464,0.003349,0.003355,119967079.0
2025-12-21 23:45:00+00:00,0.003354,0.003396,0.003316,0.003345,118905944.0
2025-12-22 00:00:00+00:00,0.003345,0.003418,0.003334,0.003391,144296052.0
2025-12-22 00:15:00+00:00,0.003391,0.003444,0.003367,0.003372,98034823.0
2025-12-22 00:30:00+00:00,0.003374,0.003381,0.003336,0.003369,63249531.0
2025-12-22 00:45:00+00:00,0.003369,0.003415,0.003364,0.003387,48268540.0
2025-12-22 01:00:00+00:00,0.003387,0.00341,0.003365,0.003383,53576554.0
2025-12-22 01:15:00+00:00,0.003383,0.003389,0.003322,0.003353,63780461.0
2025-12-22 01:30:00+00:00,0.003353,0.003399,0.003344,0.003361,56817571.0
2025-12-22 01:45:00+00:00,0.003361,0.003368,0.003294,0.003341,86197718.0
2025-12-22 02:00:00+00:00,0.003341,0.003357,0.003219,0.003294,159353460.0
2025-12-22 02:15:00+00:00,0.003295,0.003369,0.003233,0.003326,185792523.0
2025-12-22 02:30:00+00:00,0.003326,0.003367,0.003305,0.003336,65946507.0
2025-12-22 02:45:00+00:00,0.003337,0.003363,0.003299,0.003317,93436535.0
2025-12-22 03:00:00+00:00,0.003317,0.003326,0.003256,0.003272,127804735.0
2025-12-22 03:15:00+00:00,0.003274,0.003275,0.003224,0.003227,108664539.0
2025-12-22 03:30:00+00:00,0.003229,0.003263,0.003182,0.003228,163622001.0
2025-12-22 03:45:00+00:00,0.00323,0.00323,0.003176,0.003201,102215169.0
2025-12-22 04:00:00+00:00,0.003202,0.003233,0.003163,0.003214,85723081.0
2025-12-22 04:15:00+00:00,0.003214,0.003268,0.003213,0.003262,79618979.0
2025-12-22 04:30:00+00:00,0.003261,0.003346,0.003259,0.003323,105048899.0
2025-12-22 04:45:00+00:00,0.003325,0.003335,0.003279,0.003281,65420526.0
2025-12-22 05:00:00+00:00,0.003281,0.00329,0.003236,0.003256,137161085.0
2025-12-22 05:15:00+00:00,0.003256,0.003288,0.003255,0.003274,41610861.0
2025-12-22 05:30:00+00:00,0.003273,0.00333,0.003268,0.003305,93049517.0
2025-12-22 05:45:00+00:00,0.003306,0.003311,0.003253,0.003279,78540063.0
2025-12-22 06:00:00+00:00,0.003279,0.003329,0.003264,0.003323,91123543.0
2025-12-22 06:15:00+00:00,0.003324,0.003354,0.003304,0.00334,76277302.0
2025-12-22 06:30:00+00:00,0.003339,0.003387,0.003338,0.003383,88993764.0
2025-12-22 06:45:00+00:00,0.003382,0.003397,0.003356,0.00336,76127526.0
2025-12-22 07:00:00+00:00,0.003359,0.00337,0.0033,0.003342,107114407.0
2025-12-22 07:15:00+00:00,0.003343,0.00335,0.003306,0.003317,50459778.0
2025-12-22 07:30:00+00:00,0.003316,0.003353,0.003308,0.003331,41352270.0
2025-12-22 07:45:00+00:00,0.003331,0.003338,0.0033,0.003325,40815276.0
2025-12-22 08:00:00+00:00,0.003325,0.003327,0.003269,0.00332,66026895.0
2025-12-22 08:15:00+00:00,0.003319,0.003358,0.003314,0.003329,59476960.0
2025-12-22 08:30:00+00:00,0.003329,0.003365,0.003302,0.003357,55249322.0
2025-12-22 08:45:00+00:00,0.003356,0.003381,0.003316,0.00332,62271296.0
2025-12-22 09:00:00+00:00,0.00332,0.003338,0.003302,0.003312,48738194.0
2025-12-22 09:15:00+00:00,0.003314,0.003325,0.003292,0.003324,54285076.0
2025-12-22 09:30:00+00:00,0.003324,0.003347,0.003307,0.003316,50751060.0
2025-12-22 09:45:00+00:00,0.003316,0.003346,0.003301,0.003338,35804737.0
2025-12-22 10:00:00+00:00,0.00334,0.003374,0.003315,0.003355,92227616.0
2025-12-22 10:15:00+00:00,0.003354,0.003394,0.003352,0.003381,79810398.0
2025-12-22 10:30:00+00:00,0.003381,0.003407,0.003316,0.00334,111070316.0
2025-12-22 10:45:00+00:00,0.00334,0.003363,0.003323,0.003351,68527470.0
2025-12-22 11:00:00+00:00,0.003351,0.003352,0.003305,0.003332,87035100.0
2025-12-22 11:15:00+00:00,0.003332,0.003349,0.003314,0.003329,49473391.0
2025-12-22 11:30:00+00:00,0.003328,0.003386,0.00331,0.003333,67926502.0
2025-12-22 11:45:00+00:00,0.003333,0.003342,0.003286,0.0033,92792361.0
2025-12-22 12:00:00+00:00,0.003301,0.00333,0.0033,0.003317,45495070.0
2025-12-22 12:15:00+00:00,0.003317,0.003422,0.003307,0.003376,152269830.0
2025-12-22 12:30:00+00:00,0.003375,0.003404,0.003357,0.003373,73609628.0
2025-12-22 12:45:00+00:00,0.003372,0.003374,0.003327,0.003347,89038248.0
2025-12-22 13:00:00+00:00,0.003346,0.003356,0.003256,0.003303,114284307.0
2025-12-22 13:15:00+00:00,0.003302,0.003322,0.003285,0.003312,49496986.0
2025-12-22 13:30:00+00:00,0.003312,0.003314,0.003233,0.003257,115227926.0
2025-12-22 13:45:00+00:00,0.003257,0.003308,0.003255,0.003305,49599951.0
2025-12-22 14:00:00+00:00,0.003304,0.00336,0.003282,0.00331,113632651.0
2025-12-22 14:15:00+00:00,0.00331,0.00336,0.003299,0.003323,104119257.0
2025-12-22 14:30:00+00:00,0.003322,0.003326,0.003268,0.003309,124547990.0
2025-12-22 14:45:00+00:00,0.003309,0.003345,0.003305,0.003333,75092726.0
2025-12-22 15:00:00+00:00,0.003333,0.003335,0.003256,0.003266,77707738.0
2025-12-22 15:15:00+00:00,0.003265,0.003319,0.003252,0.003283,91378243.0
2025-12-22 15:30:00+00:00,0.003282,0.003295,0.003258,0.003261,57646545.0
2025-12-22 15:45:00+00:00,0.003261,0.003304,0.00326,0.003283,71600200.0
2025-12-22 16:00:00+00:00,0.003283,0.003357,0.003282,0.003322,126139745.0
2025-12-22 16:15:00+00:00,0.003322,0.003357,0.003313,0.003353,80363066.0
2025-12-22 16:30:00+00:00,0.003354,0.003392,0.003329,0.00334,115348335.0
2025-12-22 16:45:00+00:00,0.003339,0.003367,0.003325,0.003334,59772548.0
2025-12-22 17:00:00+00:00,0.003333,0.003381,0.00333,0.00335,82627377.0
2025-12-22 17:15:00+00:00,0.003349,0.003356,0.003271,0.003295,166224352.0
2025-12-22 17:30:00+00:00,0.003295,0.003338,0.003292,0.00332,73335610.0
2025-12-22 17:45:00+00:00,0.00332,0.003354,0.003295,0.003344,61182534.0
2025-12-22 18:00:00+00:00,0.003344,0.003369,0.003314,0.003362,61683033.0
2025-12-22 18:15:00+00:00,0.003361,0.003425,0.003358,0.003422,88278846.0
2025-12-22 18:30:00+00:00,0.003421,0.003422,0.00336,0.003372,69480547.0
2025-12-22 18:45:00+00:00,0.00337,0.00344,0.00337,0.00343,64712700.0
2025-12-22 19:00:00+00:00,0.00343,0.003436,0.003373,0.003377,71373008.0
2025-12-22 19:15:00+00:00,0.003376,0.003419,0.003368,0.003374,61558847.0
2025-12-22 19:30:00+00:00,0.003374,0.003388,0.00335,0.003365,51210576.0
2025-12-22 19:45:00+00:00,0.003365,0.003376,0.003337,0.003353,56436641.0
2025-12-22 20:00:00+00:00,0.003353,0.003387,0.003331,0.003335,54984053.0
2025-12-22 20:15:00+00:00,0.003334,0.003373,0.003308,0.00332,66311640.0
2025-12-22 20:30:00+00:00,0.00332,0.003365,0.003317,0.003349,38107126.0
2025-12-22 20:45:00+00:00,0.00335,0.00341,0.003346,0.003385,52697884.0
2025-12-22 21:00:00+00:00,0.003385,0.003401,0.003353,0.003362,52864958.0
2025-12-22 21:15:00+00:00,0.003363,0.003384,0.003355,0.003377,21033447.0
2025-12-22 21:30:00+00:00,0.003377,0.003389,0.00335,0.003388,40577693.0
2025-12-22 21:45:00+00:00,0.003388,0.00341,0.003365,0.003403,39514760.0
2025-12-22 22:00:00+00:00,0.003404,0.003417,0.00335,0.003374,45877912.0
2025-12-22 22:15:00+00:00,0.003374,0.003385,0.00333,0.003358,41339983.0
2025-12-22 22:30:00+00:00,0.003357,0.003375,0.003344,0.003366,34425228.0
2025-12-22 22:45:00+00:00,0.003366,0.003429,0.003363,0.003396,47173286.0
2025-12-22 23:00:00+00:00,0.003395,0.003395,0.003312,0.003365,89749811.0
2025-12-22 23:15:00+00:00,0.003364,0.00337,0.003322,0.003353,53334455.0
2025-12-22 23:30:00+00:00,0.003354,0.003362,0.003332,0.003347,37269758.0
2025-12-22 23:45:00+00:00,0.003347,0.003381,0.00334,0.003351,52296264.0
2025-12-23 00:00:00+00:00,0.003349,0.003397,0.003335,0.003369,76732063.0
2025-12-23 00:15:00+00:00,0.003367,0.003415,0.003355,0.003411,64127047.0
2025-12-23 00:30:00+00:00,0.003411,0.003417,0.003384,0.003406,53341121.0
2025-12-23 00:45:00+00:00,0.003405,0.003455,0.00339,0.003439,60140639.0
2025-12-23 01:00:00+00:00,0.003441,0.003469,0.003405,0.003422,109255442.0
2025-12-23 01:15:00+00:00,0.003422,0.003462,0.003392,0.0034,67748068.0
2025-12-23 01:30:00+00:00,0.0034,0.003414,0.003372,0.00339,58219748.0
2025-12-23 01:45:00+00:00,0.00339,0.003466,0.003377,0.00344,55081438.0
2025-12-23 02:00:00+00:00,0.003439,0.003467,0.003418,0.003431,57409389.0
2025-12-23 02:15:00+00:00,0.003431,0.003489,0.00343,0.003483,45234469.0
2025-12-23 02:30:00+00:00,0.003483,0.003554,0.00348,0.003522,177872465.0
2025-12-23 02:45:00+00:00,0.00352,0.00362,0.003504,0.003606,141364004.0
2025-12-23 03:00:00+00:00,0.003605,0.003707,0.00354,0.003656,313625954.0
2025-12-23 03:15:00+00:00,0.003656,0.00371,0.003604,0.00362,227532968.0
2025-12-23 03:30:00+00:00,0.00362,0.003628,0.003438,0.003481,368279300.0
2025-12-23 03:45:00+00:00,0.003481,0.003549,0.003474,0.003522,158694431.0
2025-12-23 04:00:00+00:00,0.003521,0.003535,0.003378,0.00342,210739812.0
2025-12-23 04:15:00+00:00,0.00342,0.003428,0.003391,0.003423,83917918.0
2025-12-23 04:30:00+00:00,0.003423,0.00354,0.003413,0.003523,142867076.0
2025-12-23 04:45:00+00:00,0.003522,0.003581,0.003505,0.003548,125850491.0
2025-12-23 05:00:00+00:00,0.003548,0.003573,0.003486,0.003562,108690844.0
2025-12-23 05:15:00+00:00,0.003561,0.003618,0.003545,0.003604,137499547.0
2025-12-23 05:30:00+00:00,0.003603,0.003608,0.003516,0.003525,98626999.0
2025-12-23 05:45:00+00:00,0.003525,0.003574,0.003499,0.003553,95820178.0
2025-12-23 06:00:00+00:00,0.003552,0.003618,0.003512,0.003579,103530863.0
2025-12-23 06:15:00+00:00,0.00358,0.003607,0.003457,0.003468,146425270.0
2025-12-23 06:30:00+00:00,0.003471,0.003512,0.003452,0.003501,106634005.0
2025-12-23 06:45:00+00:00,0.003501,0.003507,0.003459,0.003474,55390357.0
2025-12-23 07:00:00+00:00,0.003473,0.003508,0.003462,0.003492,59487872.0
2025-12-23 07:15:00+00:00,0.003493,0.003522,0.003421,0.003458,100161038.0
2025-12-23 07:30:00+00:00,0.003458,0.003464,0.003381,0.003423,85268509.0
2025-12-23 07:45:00+00:00,0.003423,0.003469,0.003418,0.003457,47398352.0
2025-12-23 08:00:00+00:00,0.003456,0.003495,0.003424,0.003481,64017125.0
2025-12-23 08:15:00+00:00,0.003481,0.003542,0.003478,0.003515,80425021.0
2025-12-23 08:30:00+00:00,0.003515,0.00352,0.003446,0.003461,60308320.0
2025-12-23 08:45:00+00:00,0.003461,0.003461,0.003423,0.003435,51842078.0
2025-12-23 09:00:00+00:00,0.003435,0.003435,0.003364,0.003386,135461138.0
2025-12-23 09:15:00+00:00,0.003384,0.003392,0.003321,0.003355,168878807.0
2025-12-23 09:30:00+00:00,0.003355,0.003363,0.003316,0.003337,70941493.0
2025-12-23 09:45:00+00:00,0.003339,0.003342,0.003275,0.003319,138563249.0
2025-12-23 10:00:00+00:00,0.003319,0.00335,0.003304,0.003316,52497723.0
2025-12-23 10:15:00+00:00,0.003315,0.003336,0.0033,0.003331,53666449.0
2025-12-23 10:30:00+00:00,0.003331,0.003343,0.003317,0.003328,28688510.0
2025-12-23 10:45:00+00:00,0.003327,0.003342,0.003291,0.003312,37132131.0
2025-12-23 11:00:00+00:00,0.003312,0.003342,0.0033,0.003323,49928622.0
2025-12-23 11:15:00+00:00,0.003322,0.003336,0.003317,0.003329,22389296.0
2025-12-23 11:30:00+00:00,0.003328,0.003363,0.003311,0.003327,53939611.0
2025-12-23 11:45:00+00:00,0.003326,0.003357,0.003317,0.00332,62548135.0
2025-12-23 12:00:00+00:00,0.00332,0.003365,0.003304,0.003342,53390810.0
2025-12-23 12:15:00+00:00,0.003341,0.003358,0.003322,0.003344,31614381.0
2025-12-23 12:30:00+00:00,0.003345,0.0034,0.003329,0.003393,51889119.0
2025-12-23 12:45:00+00:00,0.003392,0.003489,0.003391,0.003421,215520211.0
2025-12-23 13:00:00+00:00,0.003421,0.003435,0.003386,0.003431,75588661.0
2025-12-23 13:15:00+00:00,0.003433,0.003471,0.003396,0.00345,61734224.0
2025-12-23 13:30:00+00:00,0.00345,0.003485,0.00342,0.003462,78809500.0
2025-12-23 13:45:00+00:00,0.003461,0.003472,0.003406,0.003445,72892333.0
2025-12-23 14:00:00+00:00,0.003445,0.003468,0.003423,0.003454,63507261.0
2025-12-23 14:15:00+00:00,0.003453,0.003469,0.003389,0.00341,70012138.0
2025-12-23 14:30:00+00:00,0.00341,0.003475,0.003401,0.003424,89413818.0
2025-12-23 14:45:00+00:00,0.003423,0.003441,0.003324,0.003363,175797099.0
2025-12-23 15:00:00+00:00,0.003362,0.003385,0.003323,0.003373,98018656.0
2025-12-23 15:15:00+00:00,0.003373,0.003396,0.003338,0.003354,72028321.0
2025-12-23 15:30:00+00:00,0.003354,0.003371,0.003312,0.003322,73218502.0
2025-12-23 15:45:00+00:00,0.003323,0.00334,0.003286,0.003297,88811771.0
2025-12-23 16:00:00+00:00,0.003297,0.003304,0.003212,0.003234,239881917.0
2025-12-23 16:15:00+00:00,0.003235,0.003251,0.003215,0.003232,88246021.0
2025-12-23 16:30:00+00:00,0.003233,0.003239,0.003063,0.003091,554397032.0
2025-12-23 16:45:00+00:00,0.003091,0.003134,0.003085,0.003119,117342362.0
2025-12-23 17:00:00+00:00,0.003119,0.003154,0.003114,0.003146,72802717.0
2025-12-23 17:15:00+00:00,0.003145,0.003187,0.003143,0.00317,91158626.0
2025-12-23 17:30:00+00:00,0.003171,0.003192,0.003153,0.003171,58745399.0
2025-12-23 17:45:00+00:00,0.00317,0.003177,0.003117,0.003123,84466250.0
2026-01-27 15:30:00+00:00,0.003092,0.00314,0.003084,0.00311,778760699.0
2026-01-27 15:45:00+00:00,0.00311,0.003155,0.003088,0.003105,844381166.0
2026-01-27 16:00:00+00:00,0.003106,0.003213,0.003071,0.003155,1506224835.0
2026-01-27 16:15:00+00:00,0.003154,0.003156,0.002971,0.003037,1846809498.0
2026-01-27 16:30:00+00:00,0.003037,0.003395,0.003018,0.003343,2223161813.0
2026-01-27 16:45:00+00:00,0.003342,0.003476,0.003303,0.003397,2333621895.0
2026-01-27 17:00:00+00:00,0.003395,0.003591,0.003372,0.003512,2774837493.0
2026-01-27 17:15:00+00:00,0.003514,0.003544,0.003334,0.003503,2520102991.0
2026-01-27 17:30:00+00:00,0.003506,0.003547,0.003333,0.003395,1668231699.0
2026-01-27 17:45:00+00:00,0.003394,0.003404,0.00328,0.003361,1337258235.0
2026-01-27 18:00:00+00:00,0.003362,0.003494,0.003321,0.003358,1560907584.0
2026-01-27 18:15:00+00:00,0.003357,0.003452,0.003329,0.003357,976910075.0
2026-01-27 18:30:00+00:00,0.003358,0.003427,0.003341,0.003414,751533410.0
2026-01-27 18:45:00+00:00,0.003414,0.003414,0.003311,0.003356,782532805.0
2026-01-27 19:00:00+00:00,0.003357,0.003439,0.003316,0.003367,849057626.0
2026-01-27 19:15:00+00:00,0.003366,0.003463,0.00336,0.003418,923629200.0
2026-01-27 19:30:00+00:00,0.00342,0.003429,0.003363,0.003395,554717930.0
2026-01-27 19:45:00+00:00,0.003396,0.003426,0.003365,0.003393,398345255.0
2026-01-27 20:00:00+00:00,0.003393,0.003445,0.003352,0.003427,720019740.0
2026-01-27 20:15:00+00:00,0.003428,0.0035,0.003387,0.003421,890469616.0
2026-01-27 20:30:00+00:00,0.003421,0.003481,0.0034,0.003467,484589739.0
2026-01-27 20:45:00+00:00,0.003467,0.003564,0.003454,0.003475,1046682206.0
2026-01-27 21:00:00+00:00,0.003477,0.003506,0.003443,0.003502,535730228.0
2026-01-27 21:15:00+00:00,0.003502,0.003507,0.003411,0.003421,666538964.0
2026-01-27 21:30:00+00:00,0.003421,0.003436,0.003372,0.003424,537332403.0
2026-01-27 21:45:00+00:00,0.003425,0.003461,0.003412,0.003449,340252273.0
2026-01-27 22:00:00+00:00,0.00345,0.003467,0.003394,0.003403,387631893.0
2026-01-27 22:15:00+00:00,0.003403,0.003432,0.003212,0.003297,1368932799.0
2026-01-27 22:30:00+00:00,0.003296,0.003408,0.003279,0.003386,699362698.0
2026-01-27 22:45:00+00:00,0.003386,0.003487,0.003355,0.003436,772796549.0
2026-01-27 23:00:00+00:00,0.003438,0.0037,0.00343,0.003583,1575440363.0
2026-01-27 23:15:00+00:00,0.003581,0.003581,0.003478,0.003486,687399430.0
2026-01-27 23:30:00+00:00,0.003485,0.003495,0.003352,0.003391,884429499.0
2026-01-27 23:45:00+00:00,0.003391,0.003433,0.003333,0.003418,666040501.0
2026-01-28 00:00:00+00:00,0.003418,0.003584,0.003418,0.003546,1055648643.0
2026-01-28 00:15:00+00:00,0.003546,0.003588,0.00348,0.003503,616912342.0
2026-01-28 00:30:00+00:00,0.003503,0.003728,0.00346,0.003564,1549044982.0
2026-01-28 00:45:00+00:00,0.003565,0.003652,0.003537,0.003562,779757512.0
2026-01-28 01:00:00+00:00,0.003561,0.003599,0.003333,0.003453,1535365076.0
2026-01-28 01:15:00+00:00,0.003453,0.003466,0.003122,0.00319,1716156834.0
2026-01-28 01:30:00+00:00,0.003188,0.003227,0.003014,0.003068,2097417839.0
2026-01-28 01:45:00+00:00,0.003068,0.003123,0.002762,0.002809,3176656072.0
2026-01-28 02:00:00+00:00,0.002808,0.002907,0.002651,0.002662,2636485285.0
2026-01-28 02:15:00+00:00,0.002661,0.00289,0.002626,0.002863,2261659568.0
2026-01-28 02:30:00+00:00,0.002863,0.002873,0.002747,0.002796,1156016137.0
2026-01-28 02:45:00+00:00,0.002797,0.002827,0.002618,0.002626,1265269209.0
2026-01-28 03:00:00+00:00,0.002625,0.002727,0.002596,0.002698,1298455937.0
2026-01-28 03:15:00+00:00,0.002698,0.002745,0.00267,0.002691,709925699.0
2026-01-28 03:30:00+00:00,0.002691,0.002708,0.002593,0.002618,736873228.0
2026-01-28 03:45:00+00:00,0.002616,0.002662,0.002598,0.002646,592709030.0
2026-01-28 04:00:00+00:00,0.002646,0.002783,0.002639,0.002757,963446792.0
2026-01-28 04:15:00+00:00,0.002757,0.002868,0.002638,0.002704,1705190930.0
2026-01-28 04:30:00+00:00,0.002703,0.002762,0.002681,0.002757,517293101.0
2026-01-28 04:45:00+00:00,0.002758,0.00276,0.002666,0.002678,453109966.0
2026-01-28 05:00:00+00:00,0.002678,0.002696,0.002616,0.00266,583702832.0
2026-01-28 05:15:00+00:00,0.002661,0.002695,0.002642,0.002664,381503984.0
2026-01-28 05:30:00+00:00,0.002664,0.00274,0.002662,0.002718,437024309.0
2026-01-28 05:45:00+00:00,0.002719,0.002771,0.002708,0.002764,370886830.0
2026-01-28 06:00:00+00:00,0.002763,0.002778,0.002689,0.0027,414351267.0
2026-01-28 06:15:00+00:00,0.0027,0.002705,0.002664,0.002698,343607459.0
2026-01-28 06:30:00+00:00,0.0027,0.002719,0.002652,0.002664,331939835.0
2026-01-28 06:45:00+00:00,0.002666,0.002718,0.002649,0.002708,381389980.0
2026-01-28 07:00:00+00:00,0.002709,0.002729,0.002677,0.00269,272429372.0
2026-01-28 07:15:00+00:00,0.002689,0.002692,0.00264,0.00268,373498669.0
2026-01-28 07:30:00+00:00,0.00268,0.002685,0.002479,0.002526,1513304126.0
2026-01-28 07:45:00+00:00,0.002526,0.002592,0.002486,0.002586,673194092.0
2026-01-28 08:00:00+00:00,0.002586,0.002652,0.002572,0.002631,467618485.0
2026-01-28 08:15:00+00:00,0.002631,0.002637,0.002576,0.002596,289229172.0
2026-01-28 08:30:00+00:00,0.002596,0.002669,0.002582,0.002656,424451272.0
2026-01-28 08:45:00+00:00,0.002657,0.002672,0.002592,0.002602,393262745.0
2026-01-28 09:00:00+00:00,0.002601,0.002646,0.002564,0.00261,452523342.0
2026-01-28 09:15:00+00:00,0.002609,0.002635,0.002606,0.002622,189285393.0
2026-01-28 09:30:00+00:00,0.002622,0.002647,0.00259,0.002607,184212118.0
2026-01-28 09:45:00+00:00,0.002607,0.002621,0.002597,0.002615,129993154.0
2026-01-28 10:00:00+00:00,0.002615,0.002628,0.002593,0.002624,135516130.0
2026-01-28 10:15:00+00:00,0.002623,0.002646,0.002601,0.002643,144250184.0
2026-01-28 10:30:00+00:00,0.002642,0.002655,0.002611,0.002632,204137002.0
2026-01-28 10:45:00+00:00,0.002632,0.002646,0.002591,0.002597,187083380.0
2026-01-28 11:00:00+00:00,0.002596,0.002627,0.002573,0.002599,232894296.0
2026-01-28 11:15:00+00:00,0.002598,0.002633,0.002594,0.002629,108520656.0
2026-01-28 11:30:00+00:00,0.002628,0.002642,0.002608,0.002627,149781418.0
2026-01-28 11:45:00+00:00,0.002625,0.002672,0.002615,0.002652,163686633.0
2026-01-28 12:00:00+00:00,0.002651,0.002667,0.002602,0.002607,150014275.0
2026-01-28 12:15:00+00:00,0.002608,0.00262,0.002587,0.002616,120178207.0
2026-01-28 12:30:00+00:00,0.002616,0.002618,0.002555,0.00259,214740230.0
2026-01-28 12:45:00+00:00,0.00259,0.00262,0.002571,0.002605,169309496.0
2026-01-28 13:00:00+00:00,0.002605,0.002655,0.002599,0.002635,198141020.0
2026-01-28 13:15:00+00:00,0.002634,0.002639,0.002601,0.00261,128735298.0
2026-01-28 13:30:00+00:00,0.00261,0.002634,0.002605,0.002614,104897157.0
2026-01-28 13:45:00+00:00,0.002615,0.002651,0.002606,0.002645,128939158.0
2026-01-28 14:00:00+00:00,0.002645,0.002649,0.00258,0.002595,162306246.0
2026-01-28 14:15:00+00:00,0.002595,0.002598,0.002529,0.002557,366896070.0
2026-01-28 14:30:00+00:00,0.002557,0.002575,0.00253,0.002561,196817155.0
2026-01-28 14:45:00+00:00,0.002561,0.002561,0.002445,0.002515,672586391.0
2026-01-28 15:00:00+00:00,0.002517,0.002526,0.002483,0.002503,221225498.0
2026-01-28 15:15:00+00:00,0.002503,0.002532,0.002464,0.00247,266379427.0
2026-01-28 15:30:00+00:00,0.002471,0.002496,0.002463,0.002489,200779456.0
2026-01-28 15:45:00+00:00,0.002488,0.002517,0.002474,0.00251,173968520.0
2026-01-28 16:00:00+00:00,0.00251,0.002525,0.002493,0.002502,163409410.0
2026-01-28 16:15:00+00:00,0.002501,0.002539,0.002498,0.002539,101323794.0
2026-01-28 16:30:00+00:00,0.002539,0.002558,0.002523,0.002531,142990096.0
2026-01-28 16:45:00+00:00,0.002531,0.002549,0.002513,0.002532,113474061.0
2026-01-28 17:00:00+00:00,0.002532,0.002547,0.002527,0.002532,65871253.0
2026-01-28 17:15:00+00:00,0.002532,0.00254,0.002512,0.002522,56604460.0
2026-01-28 17:30:00+00:00,0.002523,0.002524,0.002485,0.00251,100057197.0
2026-01-28 17:45:00+00:00,0.002511,0.002529,0.002506,0.002507,88295116.0
2026-01-28 18:00:00+00:00,0.002507,0.002518,0.002494,0.002509,96802220.0
2026-01-28 18:15:00+00:00,0.002509,0.002566,0.002507,0.002528,107665483.0
2026-01-28 18:30:00+00:00,0.002529,0.002543,0.002519,0.002539,48701427.0
2026-01-28 18:45:00+00:00,0.002538,0.002575,0.002533,0.002569,97653900.0
2026-01-28 19:00:00+00:00,0.002569,0.002613,0.002561,0.002597,157732124.0
2026-01-28 19:15:00+00:00,0.002597,0.002632,0.002595,0.00262,162785369.0
2026-01-28 19:30:00+00:00,0.002621,0.002638,0.00261,0.00262,115007677.0
2026-01-28 19:45:00+00:00,0.002619,0.002679,0.002619,0.002635,232019711.0
2026-01-28 20:00:00+00:00,0.002636,0.002648,0.002614,0.002626,81781699.0
2026-01-28 20:15:00+00:00,0.002626,0.002636,0.002608,0.002617,61983745.0
2026-01-28 20:30:00+00:00,0.002618,0.002641,0.002614,0.002635,46118038.0
2026-01-28 20:45:00+00:00,0.002635,0.002641,0.002616,0.002618,48562782.0
2026-01-28 21:00:00+00:00,0.002619,0.002627,0.002589,0.002612,92524243.0
2026-01-28 21:15:00+00:00,0.002614,0.00265,0.002607,0.002633,77987504.0
2026-01-28 21:30:00+00:00,0.002633,0.002693,0.002624,0.002676,207892639.0
2026-01-28 21:45:00+00:00,0.002675,0.002679,0.00265,0.002672,88304713.0
2026-01-28 22:00:00+00:00,0.002672,0.002685,0.002624,0.00264,121159044.0
2026-01-28 22:15:00+00:00,0.002639,0.002654,0.002627,0.002639,53758363.0
2026-01-28 22:30:00+00:00,0.002641,0.002652,0.002613,0.002629,67214829.0
2026-01-28 22:45:00+00:00,0.002631,0.002648,0.002626,0.002632,40987883.0
2026-01-28 23:00:00+00:00,0.002633,0.002633,0.00259,0.002603,105735660.0
2026-01-28 23:15:00+00:00,0.002603,0.002625,0.002599,0.002621,43166384.0
2026-01-28 23:30:00+00:00,0.002622,0.002627,0.0026,0.002607,39978308.0
2026-01-28 23:45:00+00:00,0.002607,0.002617,0.002583,0.002592,69244180.0
2026-01-29 00:00:00+00:00,0.002593,0.002593,0.002556,0.002562,118976092.0
2026-01-29 00:15:00+00:00,0.002562,0.002575,0.002539,0.002566,60262682.0
2026-01-29 00:30:00+00:00,0.002567,0.002588,0.002557,0.002559,58994344.0
2026-01-29 00:45:00+00:00,0.00256,0.00257,0.002536,0.002564,65099064.0
2026-01-29 01:00:00+00:00,0.002564,0.002588,0.002515,0.00258,312705012.0
2026-01-29 01:15:00+00:00,0.002581,0.002618,0.002574,0.002615,100752648.0
2026-01-29 01:30:00+00:00,0.002616,0.002646,0.002607,0.002609,82601958.0
2026-01-29 01:45:00+00:00,0.002608,0.002615,0.002533,0.002567,150297838.0
2026-01-29 02:00:00+00:00,0.002566,0.002578,0.00253,0.002552,73932096.0
2026-01-29 02:15:00+00:00,0.002552,0.002595,0.002552,0.002569,47882467.0
2026-01-29 02:30:00+00:00,0.002568,0.002579,0.00248,0.002498,220994785.0
2026-01-29 02:45:00+00:00,0.002497,0.002507,0.002425,0.002434,197476638.0
2026-01-29 03:00:00+00:00,0.002434,0.00247,0.002413,0.002454,168902358.0
2026-01-29 03:15:00+00:00,0.002453,0.002456,0.002431,0.002443,48187742.0
2026-01-29 03:30:00+00:00,0.002443,0.002454,0.002426,0.002446,56716640.0
2026-01-29 03:45:00+00:00,0.002447,0.002465,0.002437,0.002453,61198543.0
2026-01-29 04:00:00+00:00,0.002453,0.002458,0.002433,0.002435,39860825.0
2026-01-29 04:15:00+00:00,0.002435,0.002478,0.002434,0.002455,81090538.0
2026-01-29 04:30:00+00:00,0.002457,0.002466,0.002445,0.002456,42749717.0
2026-01-29 04:45:00+00:00,0.002456,0.002495,0.002454,0.002479,57574775.0
2026-01-29 05:00:00+00:00,0.002478,0.002486,0.002453,0.002458,49972136.0
2026-01-29 05:15:00+00:00,0.002459,0.002461,0.002446,0.002449,15334206.0
2026-01-29 05:30:00+00:00,0.002449,0.002452,0.002403,0.002413,113647602.0
2026-01-29 05:45:00+00:00,0.002414,0.002442,0.002402,0.002424,64603794.0
2026-01-29 06:00:00+00:00,0.002424,0.002434,0.002406,0.002418,39171619.0
2026-01-29 06:15:00+00:00,0.002417,0.00242,0.002362,0.002385,180363683.0
2026-01-29 06:30:00+00:00,0.002384,0.002391,0.002373,0.002378,40645084.0
2026-01-29 06:45:00+00:00,0.002377,0.002401,0.00237,0.002394,57737181.0
2026-01-29 07:00:00+00:00,0.002393,0.00241,0.002392,0.002401,36065275.0
2026-01-29 07:15:00+00:00,0.002401,0.002405,0.002386,0.002391,22519265.0
2026-01-29 07:30:00+00:00,0.002389,0.002398,0.00238,0.002385,16632903.0
2026-01-29 07:45:00+00:00,0.002384,0.002389,0.002367,0.002371,31270336.0
2026-01-29 08:00:00+00:00,0.00237,0.002371,0.002345,0.002352,82721479.0
2026-01-29 08:15:00+00:00,0.002353,0.00238,0.002352,0.002373,46093738.0
2026-01-29 08:30:00+00:00,0.002372,0.002379,0.002346,0.002355,44052713.0
2026-01-29 08:45:00+00:00,0.002355,0.002373,0.002354,0.002373,24956351.0
2026-01-29 09:00:00+00:00,0.002373,0.002391,0.00237,0.002375,40304840.0
2026-01-29 09:15:00+00:00,0.002374,0.002395,0.002373,0.002389,35149103.0
2026-01-29 09:30:00+00:00,0.002388,0.002434,0.002385,0.002409,65845771.0
2026-01-29 09:45:00+00:00,0.002409,0.002419,0.002397,0.0024,53234117.0
2026-01-29 10:00:00+00:00,0.002401,0.002444,0.002394,0.002432,59428041.0
2026-01-29 10:15:00+00:00,0.002431,0.002445,0.002428,0.002435,27422314.0
2026-01-29 10:30:00+00:00,0.002435,0.002466,0.002425,0.002454,31839381.0
2026-01-29 10:45:00+00:00,0.002453,0.002471,0.002446,0.002463,48830182.0
2026-01-29 11:00:00+00:00,0.002463,0.002477,0.002446,0.002459,51943164.0
2026-01-29 11:15:00+00:00,0.002459,0.002464,0.002442,0.002454,17086613.0
2026-01-29 11:30:00+00:00,0.002453,0.002472,0.002355,0.002364,229180171.0
2026-01-29 11:45:00+00:00,0.002364,0.002373,0.002324,0.002341,137228145.0
2026-01-29 12:00:00+00:00,0.00234,0.002392,0.002331,0.002376,108113829.0
2026-01-29 12:15:00+00:00,0.002376,0.002385,0.002353,0.002365,78710211.0
2026-01-29 12:30:00+00:00,0.002364,0.00237,0.002311,0.002328,76580131.0
2026-01-29 12:45:00+00:00,0.002328,0.002362,0.002324,0.002354,42830916.0
2026-01-29 13:00:00+00:00,0.002354,0.002369,0.00235,0.002361,21877822.0
2026-01-29 13:15:00+00:00,0.002361,0.002368,0.002354,0.002363,25440210.0
2026-01-29 13:30:00+00:00,0.002363,0.002366,0.002344,0.002345,20794970.0
2026-01-29 13:45:00+00:00,0.002345,0.002348,0.002328,0.002347,34719219.0
2026-01-29 14:00:00+00:00,0.002348,0.002354,0.002317,0.002329,44670030.0
2026-01-29 14:15:00+00:00,0.002329,0.002341,0.002315,0.002327,22053774.0
2026-01-29 14:30:00+00:00,0.002326,0.002343,0.002233,0.002238,254589422.0
2026-01-29 14:45:00+00:00,0.002238,0.002243,0.002122,0.00214,411991411.0
2026-01-29 15:00:00+00:00,0.002142,0.002152,0.002039,0.002067,402241296.0
2026-01-29 15:15:00+00:00,0.002066,0.00211,0.002059,0.002102,164554734.0
2026-01-29 15:30:00+00:00,0.002102,0.002104,0.002027,0.002062,133538409.0
2026-01-29 15:45:00+00:00,0.002061,0.002092,0.002049,0.002075,84532775.0
2026-01-29 16:00:00+00:00,0.002074,0.002102,0.002062,0.002096,120870330.0
2026-01-29 16:15:00+00:00,0.002095,0.00215,0.002089,0.002145,140149399.0
2026-01-29 16:30:00+00:00,0.002145,0.002153,0.002127,0.002136,73006784.0
2026-01-29 16:45:00+00:00,0.002136,0.002139,0.002113,0.002122,51056806.0
2026-01-29 17:00:00+00:00,0.002121,0.002126,0.002065,0.002075,116498600.0
2026-01-29 17:15:00+00:00,0.002074,0.002092,0.002057,0.00206,66140169.0
2026-01-29 17:30:00+00:00,0.002061,0.002104,0.002058,0.002083,63553002.0
2026-01-29 17:45:00+00:00,0.002083,0.002085,0.002051,0.002058,35906437.0
2026-01-29 18:00:00+00:00,0.002057,0.002061,0.002012,0.002052,126623466.0
2026-01-29 18:15:00+00:00,0.002051,0.002059,0.002031,0.002035,57761167.0
2026-01-29 18:30:00+00:00,0.002034,0.002075,0.00203,0.002059,51451797.0
2026-01-29 18:45:00+00:00,0.002061,0.002077,0.002056,0.00206,39999641.0
2026-01-29 19:00:00+00:00,0.00206,0.002061,0.002039,0.002051,42397602.0
2026-01-29 19:15:00+00:00,0.002051,0.002056,0.002031,0.002049,25247514.0
2026-01-29 19:30:00+00:00,0.002049,0.002067,0.002042,0.002046,42505466.0
2026-01-29 19:45:00+00:00,0.002045,0.002059,0.002039,0.002041,22964534.0
2026-01-29 20:00:00+00:00,0.002041,0.002045,0.002025,0.002044,50321261.0
2026-01-29 20:15:00+00:00,0.002044,0.002051,0.002037,0.00204,29357490.0
2026-01-29 20:30:00+00:00,0.00204,0.002064,0.002039,0.002059,30265741.0
2026-01-29 20:45:00+00:00,0.002059,0.002077,0.00205,0.002073,44452006.0
2026-01-29 21:00:00+00:00,0.002073,0.002079,0.002053,0.002063,45553246.0
2026-01-29 21:15:00+00:00,0.002062,0.002064,0.002037,0.00204,49468672.0
2026-01-29 21:30:00+00:00,0.00204,0.002043,0.002028,0.002034,48986101.0
2026-01-29 21:45:00+00:00,0.002034,0.00204,0.001984,0.00202,196252285.0
2026-01-29 22:00:00+00:00,0.002021,0.002037,0.002013,0.00202,78929532.0
2026-01-29 22:15:00+00:00,0.00202,0.002039,0.002011,0.002035,43725456.0
2026-01-29 22:30:00+00:00,0.002035,0.002049,0.002005,0.00201,55633719.0
2026-01-29 22:45:00+00:00,0.002009,0.002024,0.002005,0.002014,32698775.0
2026-01-29 23:00:00+00:00,0.002013,0.002034,0.002005,0.002026,78400551.0
2026-01-29 23:15:00+00:00,0.002026,0.002039,0.002019,0.002031,43153448.0
2026-01-29 23:30:00+00:00,0.002032,0.002038,0.001991,0.002001,113180919.0
2026-01-29 23:45:00+00:00,0.002002,0.002009,0.001974,0.002005,151911563.0
2026-01-30 00:00:00+00:00,0.002004,0.002026,0.001998,0.002008,112531770.0
2026-01-30 00:15:00+00:00,0.00201,0.00201,0.001991,0.002009,71906866.0
2026-01-30 00:30:00+00:00,0.002009,0.002018,0.002004,0.002015,36099345.0
2026-01-30 00:45:00+00:00,0.002014,0.002021,0.002007,0.002011,37151714.0
2026-01-30 01:00:00+00:00,0.002011,0.002024,0.001998,0.002018,59123893.0
2026-01-30 01:15:00+00:00,0.002018,0.002026,0.002004,0.002016,52344628.0
2026-01-30 01:30:00+00:00,0.002016,0.002018,0.001911,0.001957,280251184.0
2026-01-30 01:45:00+00:00,0.001957,0.001976,0.001936,0.001968,164685659.0
2026-01-30 02:00:00+00:00,0.001968,0.001974,0.001953,0.001963,77980123.0
2026-01-30 02:15:00+00:00,0.001963,0.001966,0.001929,0.00194,140402789.0
2026-01-30 02:30:00+00:00,0.00194,0.00198,0.001933,0.00197,76779402.0
2026-01-30 02:45:00+00:00,0.00197,0.001988,0.001969,0.001977,63325061.0
2026-01-30 03:00:00+00:00,0.001977,0.001986,0.001967,0.001984,53636865.0
2026-01-30 03:15:00+00:00,0.001984,0.001992,0.001975,0.001976,48063038.0
2026-01-30 03:30:00+00:00,0.001976,0.001999,0.001973,0.001996,66434906.0
2026-01-30 03:45:00+00:00,0.001995,0.001996,0.001979,0.00199,60117921.0
2026-01-30 04:00:00+00:00,0.001989,0.002003,0.001976,0.001979,44381778.0
2026-01-30 04:15:00+00:00,0.00198,0.002001,0.001974,0.001998,33066886.0
2026-01-30 04:30:00+00:00,0.001999,0.002002,0.001978,0.001978,35729543.0
2026-01-30 04:45:00+00:00,0.001978,0.002043,0.001978,0.002037,115572450.0
2026-01-30 05:00:00+00:00,0.002037,0.00206,0.002015,0.002019,150349409.0
2026-01-30 05:15:00+00:00,0.002019,0.002038,0.002014,0.002023,63015996.0
2026-01-30 05:30:00+00:00,0.002023,0.002028,0.002007,0.002022,56446827.0
2026-01-30 05:45:00+00:00,0.002022,0.002056,0.00202,0.002044,72988277.0
2026-01-30 06:00:00+00:00,0.002044,0.002082,0.002041,0.002049,108574054.0
2026-01-30 06:15:00+00:00,0.002048,0.002057,0.002035,0.002042,42993788.0
2026-01-30 06:30:00+00:00,0.002042,0.002043,0.002014,0.002016,74361634.0
2026-01-30 06:45:00+00:00,0.002017,0.00204,0.002011,0.002038,72799944.0
2026-01-30 07:00:00+00:00,0.002039,0.002078,0.002038,0.002065,102958616.0
2026-01-30 07:15:00+00:00,0.002065,0.00207,0.002045,0.002067,79244315.0
2026-01-30 07:30:00+00:00,0.002067,0.002072,0.002053,0.002058,32924380.0
2026-01-30 07:45:00+00:00,0.002058,0.002067,0.002052,0.00206,42128184.0
2026-01-30 08:00:00+00:00,0.00206,0.002075,0.002051,0.002071,56287514.0
2026-01-30 08:15:00+00:00,0.002072,0.002084,0.002056,0.002059,62976966.0
2026-01-30 08:30:00+00:00,0.002058,0.002071,0.002056,0.002061,33430864.0
2026-01-30 08:45:00+00:00,0.002062,0.00207,0.002058,0.00207,15972243.0
2026-01-30 09:00:00+00:00,0.002071,0.002076,0.002063,0.002073,21458801.0
2026-01-30 09:15:00+00:00,0.002072,0.002088,0.002067,0.00208,25405023.0
2026-01-30 09:30:00+00:00,0.00208,0.002099,0.002071,0.00208,41519794.0
2026-01-30 09:45:00+00:00,0.002079,0.002079,0.002062,0.002066,29049497.0
2026-01-30 10:00:00+00:00,0.002067,0.002082,0.002051,0.002077,46412219.0
2026-01-30 10:15:00+00:00,0.002076,0.002084,0.002068,0.002076,29793350.0
2026-01-30 10:30:00+00:00,0.002076,0.002107,0.002073,0.002091,49366914.0
2026-01-30 10:45:00+00:00,0.002091,0.002118,0.002091,0.002109,57853652.0
2026-01-30 11:00:00+00:00,0.002109,0.002116,0.002094,0.002098,59124727.0
2026-01-30 11:15:00+00:00,0.002099,0.002102,0.002075,0.002083,52230137.0
2026-01-30 11:30:00+00:00,0.002083,0.002086,0.002066,0.002067,45299857.0
2026-01-30 11:45:00+00:00,0.002068,0.002095,0.002067,0.002084,40047885.0
2026-01-30 12:00:00+00:00,0.002084,0.00209,0.002075,0.002076,43638915.0
2026-01-30 12:15:00+00:00,0.002077,0.00209,0.002072,0.002074,28587356.0
2026-01-30 12:30:00+00:00,0.002073,0.002077,0.002064,0.002066,21208781.0
2026-01-30 12:45:00+00:00,0.002067,0.002091,0.002067,0.00207,45102117.0
2026-01-30 13:00:00+00:00,0.00207,0.002074,0.002055,0.002071,32475566.0
2026-01-30 13:15:00+00:00,0.002071,0.002086,0.002068,0.002077,20694613.0
2026-01-30 13:30:00+00:00,0.002078,0.002093,0.002066,0.002084,35735640.0
2026-01-30 13:45:00+00:00,0.002085,0.002086,0.002065,0.002077,18711329.0
2026-01-30 14:00:00+00:00,0.002076,0.002086,0.002073,0.002084,24635029.0
2026-01-30 14:15:00+00:00,0.002083,0.00209,0.002056,0.002066,38167624.0
2026-01-30 14:30:00+00:00,0.002066,0.002082,0.00206,0.002076,35034629.0
2026-01-30 14:45:00+00:00,0.002076,0.002081,0.002042,0.002049,50064808.0
2026-01-30 15:00:00+00:00,0.002049,0.002071,0.002043,0.00205,43025434.0
2026-01-30 15:15:00+00:00,0.002051,0.002054,0.00202,0.002035,67335140.0
2026-01-30 15:30:00+00:00,0.002033,0.00208,0.002028,0.00207,87706395.0
2026-01-30 15:45:00+00:00,0.00207,0.002071,0.002046,0.002048,25220382.0
2026-01-30 16:00:00+00:00,0.002048,0.002055,0.002034,0.00204,39652587.0
2026-01-30 16:15:00+00:00,0.002041,0.002049,0.002031,0.002041,25830727.0
2026-01-30 16:30:00+00:00,0.002041,0.002044,0.002008,0.00203,73534785.0
2026-01-30 16:45:00+00:00,0.002029,0.00203,0.002014,0.002023,23981785.0
2026-01-30 17:00:00+00:00,0.002023,0.002034,0.002015,0.002031,23475799.0
2026-01-30 17:15:00+00:00,0.00203,0.002045,0.002028,0.00204,16860081.0
2026-01-30 17:30:00+00:00,0.00204,0.002041,0.002021,0.002037,14654837.0
2026-01-30 17:45:00+00:00,0.002037,0.002044,0.002025,0.002026,21093266.0
2026-01-30 18:00:00+00:00,0.002027,0.002029,0.002008,0.002016,26395794.0
2026-01-30 18:15:00+00:00,0.002015,0.002015,0.001973,0.002,122600311.0
2026-01-30 18:30:00+00:00,0.002001,0.002021,0.001989,0.002021,21554847.0
2026-01-30 18:45:00+00:00,0.002021,0.002041,0.002018,0.002035,48661777.0
2026-01-30 19:00:00+00:00,0.002035,0.002048,0.002029,0.002036,32973955.0
2026-01-30 19:15:00+00:00,0.002036,0.002042,0.002026,0.002037,26577864.0
2026-01-30 19:30:00+00:00,0.002039,0.00204,0.002029,0.002029,25156960.0
2026-01-30 19:45:00+00:00,0.002029,0.002029,0.002012,0.002016,30687440.0
2026-01-30 20:00:00+00:00,0.002016,0.002017,0.001998,0.002006,22897603.0
2026-01-30 20:15:00+00:00,0.002006,0.002013,0.001988,0.001992,30259413.0
2026-01-30 20:30:00+00:00,0.001992,0.002,0.001977,0.001992,34399617.0
2026-01-30 20:45:00+00:00,0.001992,0.002009,0.001992,0.002002,27496318.0
2026-01-30 21:00:00+00:00,0.002003,0.002007,0.001992,0.001996,20551587.0
2026-01-30 21:15:00+00:00,0.001997,0.002012,0.001997,0.002,20020998.0
2026-01-30 21:30:00+00:00,0.002,0.002003,0.001989,0.001992,12497666.0
2026-01-30 21:45:00+00:00,0.001992,0.002003,0.001991,0.001996,15816883.0
2026-01-30 22:00:00+00:00,0.001995,0.002002,0.001986,0.001988,23478348.0
2026-01-30 22:15:00+00:00,0.001987,0.001996,0.001967,0.001978,44645348.0
2026-01-30 22:30:00+00:00,0.001978,0.001995,0.001977,0.001995,11150123.0
2026-01-30 22:45:00+00:00,0.001994,0.002002,0.00199,0.001997,12822255.0
2026-01-30 23:00:00+00:00,0.001997,0.002002,0.001991,0.002001,20053137.0
2026-01-30 23:15:00+00:00,0.002,0.002004,0.001989,0.001992,32542450.0
2026-01-30 23:30:00+00:00,0.001992,0.001995,0.001985,0.001993,10763033.0
2026-01-30 23:45:00+00:00,0.001993,0.002002,0.00199,0.001996,13149422.0
2026-01-31 00:00:00+00:00,0.001996,0.002001,0.001986,0.001991,23874385.0
2026-01-31 00:15:00+00:00,0.001991,0.001994,0.001985,0.00199,13731399.0
2026-01-31 00:30:00+00:00,0.00199,0.00199,0.001977,0.001989,30057894.0
2026-01-31 00:45:00+00:00,0.001988,0.001988,0.001977,0.001978,10159915.0
2026-01-31 01:00:00+00:00,0.001978,0.001989,0.001977,0.001986,10029767.0
2026-01-31 01:15:00+00:00,0.001987,0.001989,0.001978,0.001978,11087060.0
2026-01-31 01:30:00+00:00,0.001977,0.001979,0.001963,0.00197,23305758.0
2026-01-31 01:45:00+00:00,0.001971,0.001977,0.001961,0.001973,16581484.0
2026-01-31 02:00:00+00:00,0.001974,0.002003,0.001967,0.00199,52813753.0
2026-01-31 02:15:00+00:00,0.001989,0.002002,0.001973,0.001981,42330749.0
2026-01-31 02:30:00+00:00,0.001981,0.002014,0.00198,0.001995,59289957.0
2026-01-31 02:45:00+00:00,0.001994,0.002001,0.001984,0.001995,50682802.0
2026-01-31 03:00:00+00:00,0.001994,0.002009,0.001989,0.002002,47502709.0
2026-01-31 03:15:00+00:00,0.002001,0.002003,0.001994,0.001997,14604439.0
2026-01-31 03:30:00+00:00,0.001996,0.002001,0.001989,0.001993,10957872.0
2026-01-31 03:45:00+00:00,0.001993,0.002005,0.00199,0.002002,9922787.0
2026-01-31 04:00:00+00:00,0.002002,0.002006,0.001997,0.002004,11763733.0
2026-01-31 04:15:00+00:00,0.002004,0.002009,0.001989,0.001995,22453421.0
2026-01-31 04:30:00+00:00,0.001995,0.001997,0.001988,0.001991,13657703.0
2026-01-31 04:45:00+00:00,0.00199,0.001993,0.001975,0.00198,34717854.0
2026-01-31 05:00:00+00:00,0.00198,0.00199,0.001977,0.00199,28812353.0
2026-01-31 05:15:00+00:00,0.00199,0.001993,0.001986,0.001992,8025077.0
2026-01-31 05:30:00+00:00,0.001992,0.001995,0.001977,0.00198,26054862.0
2026-01-31 05:45:00+00:00,0.00198,0.001981,0.001974,0.001979,11760723.0
2026-01-31 06:00:00+00:00,0.001979,0.001985,0.001964,0.001975,52363398.0
2026-01-31 06:15:00+00:00,0.001975,0.001983,0.001942,0.00195,100836954.0
2026-01-31 06:30:00+00:00,0.00195,0.001965,0.001947,0.001964,30224469.0
2026-01-31 06:45:00+00:00,0.001963,0.001967,0.001955,0.001959,19858325.0
2026-01-31 07:00:00+00:00,0.001959,0.001962,0.001951,0.001962,19180298.0
2026-01-31 07:15:00+00:00,0.001961,0.001973,0.001947,0.001953,27558032.0
2026-01-31 07:30:00+00:00,0.001953,0.001953,0.001935,0.001944,42874039.0
2026-01-31 07:45:00+00:00,0.001943,0.001953,0.001943,0.001948,8727989.0
2026-01-31 08:00:00+00:00,0.001948,0.001957,0.00194,0.001943,25021512.0
2026-01-31 08:15:00+00:00,0.001943,0.001955,0.0019,0.00195,153024314.0
2026-01-31 08:30:00+00:00,0.001951,0.001952,0.00186,0.001889,338752873.0
2026-01-31 08:45:00+00:00,0.00189,0.001912,0.001888,0.001909,65696810.0
2026-01-31 09:00:00+00:00,0.001909,0.001946,0.001909,0.001944,53659916.0
2026-01-31 09:15:00+00:00,0.001944,0.001954,0.001936,0.001937,35316979.0
2026-01-31 09:30:00+00:00,0.001938,0.001943,0.001924,0.001924,24816383.0
2026-01-31 09:45:00+00:00,0.001924,0.001928,0.00191,0.001918,35609980.0
2026-01-31 10:00:00+00:00,0.001918,0.001928,0.001911,0.001917,49387529.0
2026-01-31 10:15:00+00:00,0.001916,0.001922,0.001909,0.001917,23455622.0
2026-01-31 10:30:00+00:00,0.001917,0.001926,0.001913,0.001921,19594589.0
2026-01-31 10:45:00+00:00,0.00192,0.001927,0.001912,0.001915,21464955.0
2026-01-31 11:00:00+00:00,0.001915,0.001917,0.001897,0.001897,26011775.0
2026-01-31 11:15:00+00:00,0.001898,0.00191,0.001895,0.00191,20492827.0
2026-01-31 11:30:00+00:00,0.001911,0.001915,0.001907,0.001911,15732985.0
2026-01-31 11:45:00+00:00,0.001912,0.001913,0.001898,0.001902,23643092.0
2026-01-31 12:00:00+00:00,0.001902,0.001905,0.001887,0.00189,24284836.0
2026-01-31 12:15:00+00:00,0.00189,0.00196,0.00189,0.001958,94318246.0
2026-01-31 12:30:00+00:00,0.001957,0.001958,0.001928,0.001934,46231717.0
2026-01-31 12:45:00+00:00,0.001933,0.001935,0.001904,0.001906,52808544.0
2026-01-31 13:00:00+00:00,0.001906,0.001908,0.001896,0.001905,23053291.0
2026-01-31 13:15:00+00:00,0.001904,0.001911,0.001897,0.001907,32466833.0
2026-01-31 13:30:00+00:00,0.001908,0.001912,0.0019,0.001903,18752144.0
2026-01-31 13:45:00+00:00,0.001905,0.00191,0.001887,0.001909,51077942.0
2026-01-31 14:00:00+00:00,0.001908,0.00191,0.001877,0.001886,46049412.0
2026-01-31 14:15:00+00:00,0.001886,0.001892,0.001781,0.001796,398363382.0
2026-01-31 14:30:00+00:00,0.001796,0.00182,0.001728,0.001768,400939441.0
2026-01-31 14:45:00+00:00,0.001769,0.001876,0.001761,0.001869,307362176.0
2026-01-31 15:00:00+00:00,0.00187,0.001926,0.001868,0.001892,161669672.0
2026-01-31 15:15:00+00:00,0.001893,0.001893,0.001859,0.001874,60645128.0
2026-01-31 15:30:00+00:00,0.001873,0.001874,0.001842,0.001848,48498855.0
2026-01-31 15:45:00+00:00,0.001849,0.001879,0.001845,0.001868,77677547.0
2026-01-31 16:00:00+00:00,0.001867,0.001885,0.001861,0.001866,63123314.0
2026-01-31 16:15:00+00:00,0.001865,0.00188,0.001846,0.001852,77191089.0
2026-01-31 16:30:00+00:00,0.001852,0.001864,0.001848,0.001857,40978974.0
2026-01-31 16:45:00+00:00,0.001856,0.001859,0.001831,0.001846,50070465.0
2026-01-31 17:00:00+00:00,0.001846,0.001854,0.00153,0.001677,548911444.0
2026-01-31 17:15:00+00:00,0.001677,0.001735,0.001676,0.001713,161812710.0
2026-01-31 17:30:00+00:00,0.001712,0.001741,0.001691,0.001711,145082381.0
2026-01-31 17:45:00+00:00,0.001711,0.00172,0.001691,0.001718,61053631.0
2026-01-31 18:00:00+00:00,0.001719,0.00173,0.001704,0.001706,60124330.0
2026-01-31 18:15:00+00:00,0.001706,0.001707,0.001687,0.001693,40225774.0
2026-01-31 18:30:00+00:00,0.001693,0.001697,0.001582,0.00166,218270011.0
2026-01-31 18:45:00+00:00,0.001662,0.001695,0.001651,0.001663,123349299.0
2026-01-31 19:00:00+00:00,0.001664,0.001697,0.001663,0.001691,70682890.0
2026-01-31 19:15:00+00:00,0.00169,0.001697,0.001676,0.001695,34840088.0
2026-01-31 19:30:00+00:00,0.001695,0.001721,0.001687,0.001702,60035922.0
2026-01-31 19:45:00+00:00,0.001702,0.001772,0.001701,0.001736,100027413.0
2026-01-31 20:00:00+00:00,0.001735,0.001741,0.001715,0.001719,39535522.0
2026-01-31 20:15:00+00:00,0.001718,0.001737,0.00171,0.001726,38930679.0
2026-01-31 20:30:00+00:00,0.001726,0.001736,0.00171,0.001727,41399828.0
2026-01-31 20:45:00+00:00,0.001727,0.001747,0.001725,0.001745,23816242.0
2026-01-31 21:00:00+00:00,0.001745,0.001756,0.001728,0.001738,39218598.0
2026-01-31 21:15:00+00:00,0.001738,0.001769,0.001738,0.001769,26709159.0
2026-01-31 21:30:00+00:00,0.001768,0.001776,0.001755,0.001774,24630978.0
2026-01-31 21:45:00+00:00,0.001773,0.001782,0.001765,0.001769,23740677.0
2026-01-31 22:00:00+00:00,0.001771,0.001773,0.001747,0.001751,16542758.0
2026-01-31 22:15:00+00:00,0.001751,0.00178,0.001748,0.001769,31552891.0
2026-01-31 22:30:00+00:00,0.001769,0.001773,0.001749,0.001752,15853369.0
2026-01-31 22:45:00+00:00,0.001753,0.001772,0.001748,0.001763,12822787.0
2026-01-31 23:00:00+00:00,0.001763,0.001771,0.001756,0.001762,17848744.0
2026-01-31 23:15:00+00:00,0.001762,0.001784,0.001761,0.00178,43372989.0
2026-01-31 23:30:00+00:00,0.001779,0.001796,0.001774,0.001791,35798251.0
2026-01-31 23:45:00+00:00,0.001789,0.00179,0.001765,0.001773,38867556.0
2026-02-01 00:00:00+00:00,0.001773,0.001794,0.001765,0.001793,28365267.0
2026-02-01 00:15:00+00:00,0.001793,0.001794,0.001781,0.001792,18437679.0
2026-02-01 00:30:00+00:00,0.001792,0.001793,0.001772,0.001783,29605401.0
2026-02-01 00:45:00+00:00,0.001784,0.001843,0.001784,0.001824,96037033.0
2026-02-01 01:00:00+00:00,0.001825,0.001828,0.001804,0.001811,44957360.0
2026-02-01 01:15:00+00:00,0.001812,0.001814,0.001799,0.001812,22516726.0
2026-02-01 01:30:00+00:00,0.001811,0.001812,0.0018,0.001804,26688277.0
2026-02-01 01:45:00+00:00,0.001804,0.001823,0.0018,0.001822,21152852.0
2026-02-01 02:00:00+00:00,0.001822,0.001828,0.00182,0.001822,15552981.0
2026-02-01 02:15:00+00:00,0.001822,0.001824,0.00181,0.001824,14120110.0
2026-02-01 02:30:00+00:00,0.001823,0.00183,0.001801,0.00181,36439017.0
2026-02-01 02:45:00+00:00,0.001811,0.001822,0.00181,0.001819,17600371.0
2026-02-01 03:00:00+00:00,0.001818,0.001823,0.001812,0.001821,15322721.0
2026-02-01 03:15:00+00:00,0.001821,0.001826,0.001814,0.001818,13188785.0
2026-02-01 03:30:00+00:00,0.001817,0.001823,0.001802,0.001805,19652409.0
2026-02-01 03:45:00+00:00,0.001804,0.001811,0.001801,0.001805,9148015.0
2026-02-01 04:00:00+00:00,0.001804,0.001811,0.001801,0.001801,13884334.0
2026-02-01 04:15:00+00:00,0.001802,0.001808,0.001796,0.001802,9814301.0
2026-02-01 04:30:00+00:00,0.001802,0.001808,0.001798,0.001807,13462265.0
2026-02-01 04:45:00+00:00,0.001807,0.001824,0.001806,0.001818,36950122.0
2026-02-01 05:00:00+00:00,0.001819,0.001821,0.001804,0.001813,20219174.0
2026-02-01 05:15:00+00:00,0.001813,0.001813,0.001802,0.001803,20115513.0
2026-02-01 05:30:00+00:00,0.001803,0.001804,0.001791,0.001791,16030828.0
2026-02-01 05:45:00+00:00,0.001792,0.0018,0.00179,0.001797,12328671.0
2026-02-01 06:00:00+00:00,0.001798,0.00181,0.001798,0.001802,22439287.0
2026-02-01 06:15:00+00:00,0.001803,0.00181,0.001801,0.001801,12071363.0
2026-02-01 06:30:00+00:00,0.001801,0.001802,0.00178,0.001792,24697626.0
2026-02-01 06:45:00+00:00,0.001792,0.001797,0.00179,0.001792,11482510.0
2026-02-01 07:00:00+00:00,0.001792,0.001794,0.001783,0.001787,11332577.0
2026-02-01 07:15:00+00:00,0.001788,0.001791,0.001772,0.001777,48876083.0
2026-02-01 07:30:00+00:00,0.001778,0.001794,0.001775,0.001791,21050456.0
2026-02-01 07:45:00+00:00,0.001792,0.001792,0.001782,0.001785,16205723.0
2026-02-01 08:00:00+00:00,0.001783,0.001789,0.001779,0.00178,14598825.0
2026-02-01 08:15:00+00:00,0.00178,0.001782,0.001766,0.001777,25822975.0
2026-02-01 08:30:00+00:00,0.001778,0.001791,0.001771,0.00179,19974741.0
2026-02-01 08:45:00+00:00,0.00179,0.00179,0.001776,0.001779,7434775.0
2026-02-01 09:00:00+00:00,0.001778,0.00178,0.001771,0.001773,11992007.0
2026-02-01 09:15:00+00:00,0.001773,0.001774,0.001757,0.00176,27879216.0
2026-02-01 09:30:00+00:00,0.00176,0.001774,0.00176,0.001773,10921808.0
2026-02-01 09:45:00+00:00,0.001772,0.001792,0.001768,0.001782,32738535.0
2026-02-01 10:00:00+00:00,0.001782,0.001792,0.001779,0.001782,19036258.0
2026-02-01 10:15:00+00:00,0.001781,0.001781,0.001769,0.001772,11168674.0
2026-02-01 10:30:00+00:00,0.001772,0.001773,0.001741,0.001744,48772298.0
2026-02-01 10:45:00+00:00,0.001745,0.001752,0.001741,0.001743,19417285.0
2026-02-01 11:00:00+00:00,0.001743,0.001752,0.00174,0.001746,31655388.0
2026-02-01 11:15:00+00:00,0.001745,0.001748,0.001735,0.001742,14497782.0
2026-02-01 11:30:00+00:00,0.001742,0.001763,0.00174,0.00176,25732493.0
2026-02-01 11:45:00+00:00,0.001759,0.001761,0.001743,0.001745,20376958.0
2026-02-01 12:00:00+00:00,0.001745,0.001745,0.001734,0.00174,14707301.0
2026-02-01 12:15:00+00:00,0.00174,0.00174,0.001723,0.001729,29240078.0
2026-02-01 12:30:00+00:00,0.001729,0.001738,0.001728,0.001731,9624982.0
2026-02-01 12:45:00+00:00,0.001731,0.001738,0.001731,0.001735,18360059.0
2026-02-01 13:00:00+00:00,0.001735,0.001778,0.001735,0.001774,56617555.0
2026-02-01 13:15:00+00:00,0.001774,0.001774,0.001758,0.001765,27711013.0
2026-02-01 13:30:00+00:00,0.001766,0.001773,0.001755,0.001772,21352123.0
2026-02-01 13:45:00+00:00,0.001773,0.001775,0.001761,0.001772,25841412.0
2026-02-01 14:00:00+00:00,0.001773,0.001774,0.001754,0.001756,19503206.0
2026-02-01 14:15:00+00:00,0.001758,0.001763,0.001735,0.00174,63824705.0
2026-02-01 14:30:00+00:00,0.00174,0.001747,0.001728,0.001742,29842532.0
2026-02-01 14:45:00+00:00,0.001742,0.001764,0.001738,0.00175,25433727.0
2026-02-01 15:00:00+00:00,0.001749,0.001749,0.001721,0.001723,17296001.0
2026-02-01 15:15:00+00:00,0.001722,0.001724,0.001704,0.001713,43937752.0
2026-02-01 15:30:00+00:00,0.001712,0.001723,0.001701,0.001716,57556586.0
2026-02-01 15:45:00+00:00,0.001716,0.001723,0.00171,0.001715,22447326.0
2026-02-01 16:00:00+00:00,0.001715,0.001725,0.001707,0.001724,19295517.0
2026-02-01 16:15:00+00:00,0.001724,0.001724,0.001684,0.001708,59186842.0
2026-02-01 16:30:00+00:00,0.001708,0.001713,0.001691,0.001692,24596591.0
2026-02-01 16:45:00+00:00,0.001693,0.001711,0.001691,0.001701,25989883.0
2026-02-01 17:00:00+00:00,0.001702,0.001711,0.001699,0.001701,18682022.0
2026-02-01 17:15:00+00:00,0.0017,0.001703,0.001686,0.001687,21970503.0
2026-02-01 17:30:00+00:00,0.001687,0.001691,0.001665,0.001675,67043434.0
2026-02-01 17:45:00+00:00,0.001675,0.001685,0.001671,0.001684,19608974.0
2026-02-01 18:00:00+00:00,0.001685,0.001716,0.001683,0.001714,38908940.0
2026-02-01 18:15:00+00:00,0.001714,0.001721,0.001703,0.001713,21507102.0
2026-02-01 18:30:00+00:00,0.001713,0.001717,0.001694,0.001696,15868031.0
2026-02-01 18:45:00+00:00,0.001696,0.001698,0.001685,0.001694,24939836.0
2026-02-01 19:00:00+00:00,0.001693,0.001699,0.001677,0.001677,16682691.0
2026-02-01 19:15:00+00:00,0.001678,0.001679,0.00167,0.001671,21325129.0
2026-02-01 19:30:00+00:00,0.001672,0.001673,0.001659,0.001663,15357795.0
2026-02-01 19:45:00+00:00,0.001663,0.001663,0.001648,0.001661,20717920.0
2026-02-01 20:00:00+00:00,0.001661,0.00167,0.001656,0.001664,11431656.0
2026-02-01 20:15:00+00:00,0.001664,0.001678,0.00166,0.001665,60166476.0
2026-02-01 20:30:00+00:00,0.001665,0.001685,0.001659,0.001676,27682430.0
2026-02-01 20:45:00+00:00,0.001676,0.001676,0.00166,0.001662,15999950.0
2026-02-01 21:00:00+00:00,0.001662,0.001665,0.001651,0.001662,11518214.0
2026-02-01 21:15:00+00:00,0.001663,0.00167,0.001662,0.001668,11270048.0
2026-02-01 21:30:00+00:00,0.001669,0.001683,0.001667,0.00168,12486825.0
2026-02-01 21:45:00+00:00,0.00168,0.001685,0.001663,0.001673,27217211.0
2026-02-01 22:00:00+00:00,0.001673,0.001706,0.001671,0.0017,19442250.0
2026-02-01 22:15:00+00:00,0.001699,0.0017,0.00168,0.001696,14258057.0
2026-02-01 22:30:00+00:00,0.001695,0.001712,0.001695,0.00171,13478577.0
2026-02-01 22:45:00+00:00,0.00171,0.001714,0.001686,0.001697,15550389.0
2026-02-01 23:00:00+00:00,0.001696,0.001697,0.001652,0.001683,50743872.0
2026-02-01 23:15:00+00:00,0.001682,0.001688,0.001663,0.00168,39151117.0
2026-02-01 23:30:00+00:00,0.001681,0.001704,0.001677,0.001699,24706449.0
2026-02-01 23:45:00+00:00,0.001699,0.001699,0.001674,0.001676,16355496.0
2026-02-02 00:00:00+00:00,0.001676,0.001686,0.001661,0.001681,32541384.0
2026-02-02 00:15:00+00:00,0.00168,0.001699,0.00168,0.001691,35540330.0
2026-02-02 00:30:00+00:00,0.00169,0.0017,0.00168,0.001683,30685614.0
2026-02-02 00:45:00+00:00,0.001684,0.00169,0.001667,0.001677,26064318.0
2026-02-02 01:00:00+00:00,0.001677,0.001692,0.001656,0.001659,28724761.0
2026-02-02 01:15:00+00:00,0.001659,0.001701,0.001655,0.001691,34101900.0
2026-02-02 01:30:00+00:00,0.001693,0.001694,0.001672,0.00168,26047168.0
2026-02-02 01:45:00+00:00,0.00168,0.00168,0.001663,0.001669,11779564.0
2026-02-02 02:00:00+00:00,0.001668,0.001671,0.001653,0.001661,43009811.0
2026-02-02 02:15:00+00:00,0.001661,0.001672,0.001658,0.001661,17165611.0
2026-02-02 02:30:00+00:00,0.001662,0.001682,0.001649,0.001671,36473784.0
2026-02-02 02:45:00+00:00,0.00167,0.001674,0.001662,0.001663,17454084.0
2026-02-02 03:00:00+00:00,0.001663,0.001673,0.001643,0.001644,40766259.0
2026-02-02 03:15:00+00:00,0.001644,0.001655,0.001603,0.001616,99950583.0
2026-02-02 03:30:00+00:00,0.001615,0.001623,0.001598,0.001609,63880309.0
2026-02-02 03:45:00+00:00,0.001609,0.001666,0.001606,0.001652,65364293.0
2026-02-02 04:00:00+00:00,0.001652,0.001653,0.001623,0.00163,33917759.0
2026-02-02 04:15:00+00:00,0.00163,0.001685,0.001628,0.001684,39993094.0
2026-02-02 04:30:00+00:00,0.001685,0.00169,0.001654,0.00166,56788311.0
2026-02-02 04:45:00+00:00,0.00166,0.00166,0.001641,0.001644,23393644.0
2026-02-02 05:00:00+00:00,0.001643,0.001643,0.001622,0.001629,23690779.0
2026-02-02 05:15:00+00:00,0.001628,0.001629,0.001601,0.001619,45570350.0
2026-02-02 05:30:00+00:00,0.001617,0.00162,0.001606,0.00161,32775054.0
2026-02-02 05:45:00+00:00,0.00161,0.001629,0.001609,0.001613,29575736.0
2026-02-02 06:00:00+00:00,0.001612,0.00162,0.001593,0.001616,32779656.0
2026-02-02 06:15:00+00:00,0.001616,0.001628,0.001608,0.001616,28156410.0
2026-02-02 06:30:00+00:00,0.001616,0.001661,0.001593,0.001642,76175327.0
2026-02-02 06:45:00+00:00,0.001642,0.001651,0.001628,0.001637,37122130.0
2026-02-02 07:00:00+00:00,0.001636,0.001648,0.001631,0.001638,20088153.0
2026-02-02 07:15:00+00:00,0.001638,0.001649,0.001634,0.001639,11326939.0
2026-02-02 07:30:00+00:00,0.001639,0.001647,0.001637,0.001646,15518322.0
2026-02-02 07:45:00+00:00,0.001644,0.00165,0.001637,0.001637,16496379.0
2026-02-02 08:00:00+00:00,0.001637,0.001646,0.001632,0.001643,22667151.0
2026-02-02 08:15:00+00:00,0.001643,0.001647,0.001639,0.001641,15255562.0
2026-02-02 08:30:00+00:00,0.001642,0.001657,0.001641,0.001654,21134396.0
2026-02-02 08:45:00+00:00,0.001654,0.001662,0.001648,0.001648,15445294.0
2026-02-02 09:00:00+00:00,0.001647,0.001658,0.001641,0.00165,21481060.0
2026-02-02 09:15:00+00:00,0.001649,0.001664,0.001647,0.001664,12367719.0
2026-02-02 09:30:00+00:00,0.001664,0.001679,0.00165,0.001671,41139490.0
2026-02-02 09:45:00+00:00,0.00167,0.001723,0.00167,0.00171,196727426.0
2026-02-02 10:00:00+00:00,0.00171,0.001713,0.001696,0.001701,27645563.0
2026-02-02 10:15:00+00:00,0.001701,0.001707,0.00169,0.001697,20821918.0
2026-02-02 10:30:00+00:00,0.001698,0.001701,0.001687,0.00169,13763532.0
2026-02-02 10:45:00+00:00,0.001691,0.001693,0.001684,0.001691,9959508.0
2026-02-02 11:00:00+00:00,0.001691,0.001692,0.001675,0.001684,21933889.0
2026-02-02 11:15:00+00:00,0.001683,0.001689,0.001682,0.001687,13218468.0
2026-02-02 11:30:00+00:00,0.001687,0.00169,0.00168,0.001681,9502144.0
2026-02-02 11:45:00+00:00,0.00168,0.001681,0.001671,0.001673,8455348.0
2026-02-02 12:00:00+00:00,0.001673,0.001679,0.001669,0.001676,11262298.0
2026-02-02 12:15:00+00:00,0.001675,0.00168,0.001671,0.001675,14582888.0
2026-02-02 12:30:00+00:00,0.001675,0.001687,0.001671,0.001684,16223195.0
2026-02-02 12:45:00+00:00,0.001683,0.001694,0.001681,0.001688,13749105.0
2026-02-02 13:00:00+00:00,0.001688,0.001689,0.00167,0.001673,24109414.0
2026-02-02 13:15:00+00:00,0.001673,0.001679,0.001671,0.001673,11439011.0
2026-02-02 13:30:00+00:00,0.001674,0.001675,0.001669,0.001671,10168126.0
2026-02-02 13:45:00+00:00,0.00167,0.001681,0.001663,0.001677,20264238.0
2026-02-02 14:00:00+00:00,0.001676,0.00168,0.001657,0.001667,28892982.0
2026-02-02 14:15:00+00:00,0.001667,0.001685,0.001663,0.001678,25686859.0
2026-02-02 14:30:00+00:00,0.001678,0.00169,0.001666,0.001677,50987503.0
2026-02-02 14:45:00+00:00,0.001677,0.001687,0.001669,0.001674,28342228.0
2026-02-02 15:00:00+00:00,0.001674,0.001688,0.001669,0.001683,35782280.0
2026-02-02 15:15:00+00:00,0.001683,0.001689,0.001679,0.001686,23856570.0
2026-02-02 15:30:00+00:00,0.001686,0.001702,0.001684,0.001694,45718760.0
2026-02-02 15:45:00+00:00,0.001694,0.001696,0.001684,0.001689,19203723.0
2026-02-02 16:00:00+00:00,0.001689,0.001718,0.001687,0.001715,63848803.0
2026-02-02 16:15:00+00:00,0.001714,0.00173,0.001698,0.001705,43197567.0
2026-02-02 16:30:00+00:00,0.001705,0.001709,0.001694,0.001706,24111291.0
2026-02-02 16:45:00+00:00,0.001706,0.001708,0.001699,0.001702,22499332.0
2026-02-02 17:00:00+00:00,0.001702,0.001715,0.001702,0.001711,10405112.0
2026-02-02 17:15:00+00:00,0.001711,0.001716,0.001706,0.001708,10722106.0
2026-02-02 17:30:00+00:00,0.001708,0.001713,0.001706,0.00171,16845814.0
2026-02-02 17:45:00+00:00,0.001711,0.001716,0.001696,0.001703,18265078.0
2026-02-02 18:00:00+00:00,0.001704,0.001708,0.001692,0.001695,13454953.0
2026-02-02 18:15:00+00:00,0.001694,0.001704,0.001691,0.001694,14720962.0
2026-02-02 18:30:00+00:00,0.001694,0.001714,0.001694,0.00171,19982657.0
2026-02-02 18:45:00+00:00,0.001711,0.001714,0.001707,0.001712,7073647.0
2026-02-02 19:00:00+00:00,0.001712,0.001715,0.001709,0.001712,5921766.0
2026-02-02 19:15:00+00:00,0.001713,0.001714,0.001706,0.001708,5601955.0
2026-02-02 19:30:00+00:00,0.001708,0.00171,0.001702,0.001706,10555335.0
2026-02-02 19:45:00+00:00,0.001707,0.001707,0.001697,0.001697,6619955.0
2026-02-02 20:00:00+00:00,0.001696,0.001702,0.001689,0.001698,8780823.0
2026-02-02 20:15:00+00:00,0.001697,0.0017,0.001691,0.001692,7886575.0
2026-02-02 20:30:00+00:00,0.001691,0.001693,0.001678,0.001682,13976300.0
2026-02-02 20:45:00+00:00,0.001682,0.001683,0.001666,0.001678,20072000.0
2026-02-02 21:00:00+00:00,0.001679,0.001687,0.001675,0.001686,11150711.0
2026-02-02 21:15:00+00:00,0.001686,0.001687,0.001672,0.001679,8341679.0
2026-02-02 21:30:00+00:00,0.001679,0.001684,0.001666,0.001671,12613441.0
2026-02-02 21:45:00+00:00,0.00167,0.001677,0.001667,0.001676,6715180.0
2026-02-02 22:00:00+00:00,0.001676,0.001683,0.001671,0.00168,9756464.0
2026-02-02 22:15:00+00:00,0.00168,0.00168,0.001669,0.00167,6321251.0
2026-02-02 22:30:00+00:00,0.001671,0.00168,0.001668,0.001672,10049539.0
2026-02-02 22:45:00+00:00,0.001675,0.001686,0.001669,0.001679,11597772.0
2026-02-02 23:00:00+00:00,0.001679,0.001684,0.001669,0.001679,12512037.0
2026-02-02 23:15:00+00:00,0.001679,0.00168,0.001659,0.001664,16904845.0
2026-02-02 23:30:00+00:00,0.001664,0.00167,0.001655,0.001661,15129643.0
2026-02-02 23:45:00+00:00,0.001661,0.001661,0.00165,0.001659,15275272.0
2026-02-03 00:00:00+00:00,0.001657,0.001659,0.001634,0.001648,42946675.0
2026-02-03 00:15:00+00:00,0.001647,0.00166,0.001641,0.001658,41244691.0
2026-02-03 00:30:00+00:00,0.001658,0.001662,0.001651,0.00166,19317665.0
2026-02-03 00:45:00+00:00,0.001662,0.001664,0.001651,0.001653,13803220.0
2026-02-03 01:00:00+00:00,0.001654,0.001664,0.001649,0.001657,13278721.0
2026-02-03 01:15:00+00:00,0.001657,0.001658,0.001643,0.001649,16720207.0
2026-02-03 01:30:00+00:00,0.001647,0.001647,0.00163,0.001637,29986979.0
2026-02-03 01:45:00+00:00,0.001637,0.001645,0.001635,0.001642,15612030.0
2026-02-03 02:00:00+00:00,0.001642,0.001642,0.001617,0.001628,54264094.0
2026-02-03 02:15:00+00:00,0.001627,0.001632,0.001621,0.001623,18717434.0
2026-02-03 02:30:00+00:00,0.001622,0.001623,0.001612,0.001619,19494265.0
2026-02-03 02:45:00+00:00,0.001619,0.00162,0.001603,0.001606,24304157.0
2026-02-03 03:00:00+00:00,0.001606,0.001615,0.001591,0.001609,36552672.0
2026-02-03 03:15:00+00:00,0.001608,0.001614,0.001602,0.001613,13855907.0
2026-02-03 03:30:00+00:00,0.001612,0.001624,0.001612,0.001623,11883810.0
2026-02-03 03:45:00+00:00,0.001622,0.001634,0.001622,0.001632,26034281.0
2026-02-03 04:00:00+00:00,0.001631,0.001635,0.001626,0.001633,9999011.0
2026-02-03 04:15:00+00:00,0.001633,0.001634,0.001627,0.001629,8897310.0
2026-02-03 04:30:00+00:00,0.001628,0.001655,0.001628,0.001654,12715696.0
2026-02-03 04:45:00+00:00,0.001654,0.001664,0.00165,0.001657,28272786.0
2026-02-03 05:00:00+00:00,0.001657,0.00166,0.001638,0.00164,18245697.0
2026-02-03 05:15:00+00:00,0.001639,0.001645,0.001633,0.001639,16109225.0
2026-02-03 05:30:00+00:00,0.001638,0.001657,0.001638,0.001653,26172481.0
2026-02-03 05:45:00+00:00,0.001652,0.001656,0.001628,0.00163,15599407.0
2026-02-03 06:00:00+00:00,0.001629,0.001631,0.001611,0.001612,27632114.0
2026-02-03 06:15:00+00:00,0.001612,0.001628,0.001611,0.001623,21076946.0
2026-02-03 06:30:00+00:00,0.001623,0.001628,0.001619,0.001619,11855964.0
2026-02-03 06:45:00+00:00,0.00162,0.001625,0.001619,0.001624,9051351.0
2026-02-03 07:00:00+00:00,0.001622,0.001635,0.001616,0.001627,16701495.0
2026-02-03 07:15:00+00:00,0.001627,0.001633,0.001622,0.001626,21212273.0
2026-02-03 07:30:00+00:00,0.001626,0.001634,0.001625,0.001627,10090466.0
2026-02-03 07:45:00+00:00,0.001628,0.001632,0.001622,0.001628,16101315.0
2026-02-03 08:00:00+00:00,0.001628,0.001633,0.001611,0.001612,15740671.0
2026-02-03 08:15:00+00:00,0.001613,0.001623,0.001607,0.001621,19911252.0
2026-02-03 08:30:00+00:00,0.001621,0.001624,0.001614,0.001622,13614246.0
2026-02-03 08:45:00+00:00,0.001622,0.001623,0.001598,0.0016,24934901.0
2026-02-03 09:00:00+00:00,0.0016,0.001611,0.001591,0.001593,35245271.0
2026-02-03 09:15:00+00:00,0.001591,0.001593,0.001565,0.001572,72073153.0
2026-02-03 09:30:00+00:00,0.001572,0.0016,0.001571,0.001589,32451428.0
2026-02-03 09:45:00+00:00,0.001588,0.001596,0.00158,0.001581,22222551.0
2026-02-03 10:00:00+00:00,0.001582,0.0016,0.001575,0.001597,33963661.0
2026-02-03 10:15:00+00:00,0.001597,0.0016,0.001589,0.001597,20025686.0
2026-02-03 10:30:00+00:00,0.001597,0.001597,0.001587,0.001596,14348733.0
2026-02-03 10:45:00+00:00,0.001595,0.001601,0.001586,0.001597,24411561.0
2026-02-03 11:00:00+00:00,0.001597,0.001605,0.001592,0.001596,21007989.0
2026-02-03 11:15:00+00:00,0.001596,0.001609,0.001593,0.001605,20852560.0
2026-02-03 11:30:00+00:00,0.001605,0.001609,0.001599,0.001603,16073508.0
2026-02-03 11:45:00+00:00,0.001603,0.001608,0.001597,0.001601,22776483.0
2026-02-03 12:00:00+00:00,0.001601,0.001607,0.00159,0.001595,20892199.0
2026-02-03 12:15:00+00:00,0.001595,0.0016,0.001588,0.001595,16517496.0
2026-02-03 12:30:00+00:00,0.001596,0.001602,0.001589,0.001594,23111902.0
2026-02-03 12:45:00+00:00,0.001594,0.001611,0.001593,0.001603,15785306.0
2026-02-03 13:00:00+00:00,0.001603,0.001606,0.001592,0.001594,18091777.0
2026-02-03 13:15:00+00:00,0.001595,0.001599,0.001574,0.001586,42133761.0
2026-02-03 13:30:00+00:00,0.001586,0.001588,0.001578,0.001587,13987015.0
2026-02-03 13:45:00+00:00,0.001585,0.001595,0.001584,0.001591,14005060.0
2026-02-03 14:00:00+00:00,0.00159,0.001595,0.001581,0.00159,28934862.0
2026-02-03 14:15:00+00:00,0.001589,0.001595,0.00158,0.001589,14077994.0
2026-02-03 14:30:00+00:00,0.00159,0.001593,0.001565,0.001573,65461743.0
2026-02-03 14:45:00+00:00,0.001573,0.00158,0.001557,0.001559,40081605.0
2026-02-03 15:00:00+00:00,0.001559,0.001573,0.001557,0.001559,23359942.0
2026-02-03 15:15:00+00:00,0.00156,0.001589,0.001529,0.001579,127104747.0
2026-02-03 15:30:00+00:00,0.001578,0.001595,0.001574,0.001578,34150003.0
2026-02-03 15:45:00+00:00,0.001577,0.001603,0.001573,0.0016,26107256.0
2026-02-03 16:00:00+00:00,0.001602,0.001603,0.001589,0.001597,33721189.0
2026-02-03 16:15:00+00:00,0.001597,0.001605,0.001585,0.001588,34162564.0
2026-02-03 16:30:00+00:00,0.001587,0.001595,0.001583,0.001589,24600702.0
2026-02-07 11:00:00+00:00,0.00126,0.001274,0.001259,0.001268,20785435.0
2026-02-07 11:15:00+00:00,0.001268,0.001271,0.001263,0.001265,7805571.0
2026-02-07 11:30:00+00:00,0.001266,0.00127,0.001265,0.001267,5827220.0
2026-02-07 11:45:00+00:00,0.001267,0.001364,0.001265,0.001342,273626008.0
2026-02-07 12:00:00+00:00,0.001343,0.001649,0.001342,0.001556,3532102858.0
2026-02-07 12:15:00+00:00,0.001556,0.001617,0.00145,0.001547,3466899407.0
2026-02-07 12:30:00+00:00,0.001545,0.001551,0.001407,0.001448,2089273313.0
2026-02-07 12:45:00+00:00,0.001448,0.00153,0.001434,0.001514,1380615414.0
2026-02-07 13:00:00+00:00,0.001512,0.00164,0.001508,0.001603,2329539898.0
2026-02-07 13:15:00+00:00,0.001602,0.001669,0.001518,0.001576,3833477106.0
2026-02-07 13:30:00+00:00,0.001577,0.001648,0.001496,0.001626,2393135416.0
2026-02-07 13:45:00+00:00,0.001625,0.001704,0.001606,0.001679,1664113622.0
2026-02-07 14:00:00+00:00,0.001678,0.0017,0.001617,0.001634,1395491333.0
2026-02-07 14:15:00+00:00,0.001636,0.001687,0.001618,0.001655,1253867566.0
2026-02-07 14:30:00+00:00,0.001655,0.001738,0.001605,0.001724,1909601897.0
2026-02-07 14:45:00+00:00,0.001724,0.001733,0.00169,0.001701,1299009101.0
2026-02-07 15:00:00+00:00,0.001702,0.001793,0.001677,0.001772,2295239193.0
2026-02-07 15:15:00+00:00,0.001773,0.001818,0.001713,0.001724,2465965580.0
2026-02-07 15:30:00+00:00,0.001722,0.001757,0.00167,0.001696,1874143305.0
2026-02-07 15:45:00+00:00,0.001695,0.001897,0.001634,0.001815,2922789427.0
2026-02-07 16:00:00+00:00,0.001817,0.001831,0.001638,0.001702,3127141883.0
2026-02-07 16:15:00+00:00,0.001701,0.001722,0.001616,0.001634,1163244142.0
2026-02-07 16:30:00+00:00,0.001636,0.001668,0.001616,0.001649,754714332.0
2026-02-07 16:45:00+00:00,0.001649,0.00169,0.001572,0.001597,1136593987.0
2026-02-07 17:00:00+00:00,0.001598,0.001616,0.001569,0.001587,635731835.0
2026-02-07 17:15:00+00:00,0.001587,0.00159,0.001484,0.001519,1585587084.0
2026-02-07 17:30:00+00:00,0.001519,0.001531,0.001458,0.001508,704827014.0
2026-02-07 17:45:00+00:00,0.001509,0.001517,0.001485,0.001502,357857098.0
2026-02-07 18:00:00+00:00,0.001502,0.001521,0.001462,0.001515,516892686.0
2026-02-07 18:15:00+00:00,0.001516,0.001545,0.001462,0.001503,610164980.0
2026-02-07 18:30:00+00:00,0.001502,0.001533,0.001496,0.001531,212042532.0
2026-02-07 18:45:00+00:00,0.001531,0.001574,0.00152,0.001546,402485364.0
2026-02-07 19:00:00+00:00,0.001544,0.001557,0.001517,0.001533,254140062.0
2026-02-07 19:15:00+00:00,0.001532,0.001564,0.001514,0.001546,234012132.0
2026-02-07 19:30:00+00:00,0.001547,0.001554,0.001524,0.001528,145686729.0
2026-02-07 19:45:00+00:00,0.001526,0.001528,0.001502,0.001521,180699648.0
2026-02-07 20:00:00+00:00,0.001521,0.001567,0.001521,0.001566,166776483.0
2026-02-07 20:15:00+00:00,0.001565,0.001597,0.001557,0.001585,392558190.0
2026-02-07 20:30:00+00:00,0.001585,0.001598,0.001563,0.001568,158089483.0
2026-02-07 20:45:00+00:00,0.001567,0.001588,0.00156,0.001574,108903432.0
2026-02-07 21:00:00+00:00,0.001575,0.001593,0.00156,0.001572,115629745.0
2026-02-07 21:15:00+00:00,0.001572,0.001585,0.001563,0.001582,78240623.0
2026-02-07 21:30:00+00:00,0.001582,0.001604,0.001568,0.001569,142617788.0
2026-02-07 21:45:00+00:00,0.001568,0.001569,0.001521,0.001545,222633257.0
2026-02-07 22:00:00+00:00,0.001545,0.001562,0.001537,0.001553,69190781.0
2026-02-07 22:15:00+00:00,0.001552,0.001556,0.001535,0.001547,103039271.0
2026-02-07 22:30:00+00:00,0.001546,0.001561,0.001541,0.001553,73167978.0
2026-02-07 22:45:00+00:00,0.001553,0.001586,0.00155,0.001574,66436245.0
2026-02-07 23:00:00+00:00,0.001574,0.001579,0.001544,0.001567,73685186.0
2026-02-07 23:15:00+00:00,0.001567,0.001575,0.001558,0.001571,39185123.0
2026-02-07 23:30:00+00:00,0.001571,0.001588,0.001562,0.001583,61132564.0
2026-02-07 23:45:00+00:00,0.001584,0.001585,0.001568,0.001578,72137204.0
2026-02-08 00:00:00+00:00,0.001579,0.001591,0.001561,0.00157,97324891.0
2026-02-08 00:15:00+00:00,0.00157,0.001571,0.001515,0.001538,188399351.0
2026-02-08 00:30:00+00:00,0.001538,0.001581,0.001513,0.001553,207588262.0
2026-02-08 00:45:00+00:00,0.001553,0.001578,0.001543,0.001576,100221523.0
2026-02-08 01:00:00+00:00,0.001578,0.001632,0.001573,0.001613,483017724.0
2026-02-08 01:15:00+00:00,0.001612,0.001636,0.001602,0.001625,319080015.0
2026-02-08 01:30:00+00:00,0.001625,0.001653,0.001593,0.001611,429805608.0
2026-02-08 01:45:00+00:00,0.00161,0.001635,0.001599,0.001634,216383491.0
2026-02-08 02:00:00+00:00,0.001635,0.001659,0.001607,0.001614,544624714.0
2026-02-08 02:15:00+00:00,0.001614,0.001628,0.001595,0.001611,259253872.0
2026-02-08 02:30:00+00:00,0.001611,0.001637,0.001597,0.001633,207628496.0
2026-02-08 02:45:00+00:00,0.001632,0.001689,0.00162,0.001679,518313168.0
2026-02-08 03:00:00+00:00,0.001679,0.0017,0.001662,0.001678,598419971.0
2026-02-08 03:15:00+00:00,0.001678,0.001714,0.00167,0.001682,361784632.0
2026-02-08 03:30:00+00:00,0.001682,0.001709,0.001679,0.001705,272832352.0
2026-02-08 03:45:00+00:00,0.001704,0.001708,0.001684,0.001696,234837384.0
2026-02-08 04:00:00+00:00,0.001696,0.001719,0.001667,0.00168,459523072.0
2026-02-08 04:15:00+00:00,0.00168,0.001687,0.001602,0.001637,761829686.0
2026-02-08 04:30:00+00:00,0.001638,0.00164,0.001609,0.001625,296022846.0
2026-02-08 04:45:00+00:00,0.001625,0.001636,0.00157,0.001613,473332391.0
2026-02-08 05:00:00+00:00,0.001612,0.001654,0.001594,0.001637,371754490.0
2026-02-08 05:15:00+00:00,0.001638,0.001666,0.001636,0.00164,358564719.0
2026-02-08 05:30:00+00:00,0.001639,0.001648,0.001607,0.001626,302436385.0
2026-02-08 05:45:00+00:00,0.001626,0.001647,0.00161,0.001635,235985243.0
2026-02-08 06:00:00+00:00,0.001636,0.001657,0.001623,0.001653,239594597.0
2026-02-08 06:15:00+00:00,0.001656,0.001675,0.001618,0.001664,405414463.0
2026-02-08 06:30:00+00:00,0.001664,0.001686,0.00162,0.001622,500582570.0
2026-02-08 06:45:00+00:00,0.001622,0.001628,0.001541,0.001565,835579310.0
2026-02-08 07:00:00+00:00,0.001564,0.001569,0.00148,0.001484,931550999.0
2026-02-08 07:15:00+00:00,0.001483,0.001547,0.00147,0.001513,1055030497.0
2026-02-08 07:30:00+00:00,0.001514,0.001516,0.001484,0.001504,534141229.0
2026-02-08 07:45:00+00:00,0.001503,0.001527,0.00149,0.001523,455770164.0
2026-02-08 08:00:00+00:00,0.001524,0.00155,0.001506,0.001533,621843395.0
2026-02-08 08:15:00+00:00,0.001535,0.001565,0.001483,0.001512,1047749345.0
2026-02-08 08:30:00+00:00,0.001511,0.001564,0.001511,0.001531,653147316.0
2026-02-08 08:45:00+00:00,0.001531,0.001625,0.001529,0.001611,1149941054.0
2026-02-08 09:00:00+00:00,0.001612,0.001622,0.00158,0.001607,740858016.0
2026-02-08 09:15:00+00:00,0.001607,0.00165,0.001602,0.001632,706616322.0
2026-02-08 09:30:00+00:00,0.001632,0.001658,0.001589,0.001613,839588699.0
2026-02-08 09:45:00+00:00,0.001612,0.001645,0.001596,0.001622,507411465.0
2026-02-08 10:00:00+00:00,0.001623,0.001653,0.001619,0.001636,464242046.0
2026-02-08 10:15:00+00:00,0.001637,0.001684,0.001628,0.001681,983060087.0
2026-02-08 10:30:00+00:00,0.001682,0.001693,0.001656,0.001678,732217929.0
2026-02-08 10:45:00+00:00,0.001678,0.001706,0.001631,0.001653,1213728359.0
2026-02-08 11:00:00+00:00,0.001654,0.001691,0.001641,0.001682,509256121.0
2026-02-08 11:15:00+00:00,0.001683,0.001774,0.00167,0.001737,1579284856.0
2026-02-08 11:30:00+00:00,0.001736,0.001758,0.001717,0.00175,835166009.0
2026-02-08 11:45:00+00:00,0.00175,0.001792,0.001732,0.00178,1086780457.0
2026-02-08 12:00:00+00:00,0.00178,0.001843,0.001737,0.001814,1428163884.0
2026-02-08 12:15:00+00:00,0.001816,0.001838,0.001755,0.001757,834789924.0
2026-02-08 12:30:00+00:00,0.001758,0.001765,0.001711,0.001726,1033314158.0
2026-02-08 12:45:00+00:00,0.001727,0.00174,0.001689,0.001711,581836939.0
2026-02-08 13:00:00+00:00,0.00171,0.00173,0.001696,0.001714,388420918.0
2026-02-08 13:15:00+00:00,0.001714,0.001727,0.001696,0.001714,243512434.0
2026-02-08 13:30:00+00:00,0.001715,0.001721,0.00167,0.001682,337284867.0
2026-02-08 13:45:00+00:00,0.001682,0.001683,0.001643,0.001673,424628582.0
2026-02-08 14:00:00+00:00,0.001674,0.001685,0.001633,0.00165,338042550.0
2026-02-08 14:15:00+00:00,0.00165,0.001664,0.001627,0.001656,285570345.0
2026-02-08 14:30:00+00:00,0.001656,0.001691,0.001654,0.001663,355570939.0
2026-02-08 14:45:00+00:00,0.001661,0.001678,0.001638,0.001652,209485791.0
2026-02-08 15:00:00+00:00,0.001651,0.001654,0.001619,0.001632,222075850.0
2026-02-08 15:15:00+00:00,0.001631,0.001658,0.001626,0.001652,191786812.0
2026-02-08 15:30:00+00:00,0.001652,0.001676,0.001651,0.001657,135917331.0
2026-02-08 15:45:00+00:00,0.001657,0.001708,0.001654,0.001699,251310442.0
2026-02-08 16:00:00+00:00,0.001698,0.001722,0.001684,0.001709,219724374.0
2026-02-08 16:15:00+00:00,0.00171,0.00173,0.0017,0.001714,121956101.0
2026-02-08 16:30:00+00:00,0.001712,0.001721,0.001684,0.001692,156857970.0
2026-02-08 16:45:00+00:00,0.001693,0.001712,0.00169,0.00171,120996957.0
2026-02-08 17:00:00+00:00,0.001711,0.001736,0.001701,0.001719,111002600.0
2026-02-08 17:15:00+00:00,0.001718,0.001752,0.001688,0.001711,302678858.0
2026-02-08 17:30:00+00:00,0.001711,0.001724,0.001694,0.001708,131905726.0
2026-02-08 17:45:00+00:00,0.001709,0.001753,0.001667,0.001688,401560664.0
2026-02-08 18:00:00+00:00,0.001688,0.001696,0.00167,0.001681,202441124.0
2026-02-08 18:15:00+00:00,0.001681,0.001686,0.00163,0.001639,240344557.0
2026-02-08 18:30:00+00:00,0.001639,0.001697,0.001639,0.001692,168997588.0
2026-02-08 18:45:00+00:00,0.001692,0.001722,0.001689,0.001695,163084914.0
2026-02-08 19:00:00+00:00,0.001695,0.001704,0.001659,0.001672,156388412.0
2026-02-08 19:15:00+00:00,0.001673,0.001681,0.00166,0.001667,56441653.0
2026-02-08 19:30:00+00:00,0.001667,0.001685,0.001657,0.001683,69715713.0
2026-02-08 19:45:00+00:00,0.001684,0.001695,0.001667,0.001692,56226455.0
2026-02-08 20:00:00+00:00,0.001692,0.001692,0.001651,0.001659,115572222.0
2026-02-08 20:15:00+00:00,0.001659,0.001671,0.00165,0.001661,51509144.0
2026-02-08 20:30:00+00:00,0.001661,0.00168,0.001653,0.001668,66015132.0
2026-02-08 20:45:00+00:00,0.001669,0.001682,0.001668,0.001671,28345211.0
2026-02-08 21:00:00+00:00,0.001672,0.001698,0.001663,0.001693,78718451.0
2026-02-08 21:15:00+00:00,0.001693,0.001694,0.001677,0.001682,38303037.0
2026-02-08 21:30:00+00:00,0.001682,0.001683,0.001657,0.001676,57799228.0
2026-02-08 21:45:00+00:00,0.001676,0.001683,0.001668,0.001672,35392775.0
2026-02-08 22:00:00+00:00,0.001673,0.001688,0.00167,0.001683,25791325.0
2026-02-08 22:15:00+00:00,0.001683,0.001701,0.00168,0.001685,50643863.0
2026-02-08 22:30:00+00:00,0.001685,0.001712,0.00168,0.001704,94479217.0
2026-02-08 22:45:00+00:00,0.001705,0.00171,0.001693,0.001706,27781968.0
2026-02-08 23:00:00+00:00,0.001707,0.001718,0.001675,0.001691,93808394.0
2026-02-08 23:15:00+00:00,0.00169,0.001692,0.001653,0.001669,107555749.0
2026-02-08 23:30:00+00:00,0.001668,0.001697,0.001663,0.001693,105024803.0
2026-02-08 23:45:00+00:00,0.001694,0.001715,0.001676,0.001682,78925918.0
2026-02-09 00:00:00+00:00,0.001681,0.001695,0.001667,0.001685,70556627.0
2026-02-09 00:15:00+00:00,0.001684,0.001697,0.001673,0.00168,52137150.0
2026-02-09 00:30:00+00:00,0.00168,0.001697,0.001666,0.001675,65000739.0
2026-02-09 00:45:00+00:00,0.001675,0.001706,0.001675,0.001695,79854094.0
2026-02-09 01:00:00+00:00,0.001694,0.001715,0.001681,0.001685,108281041.0
2026-02-09 01:15:00+00:00,0.001685,0.001741,0.001679,0.001729,119440242.0
2026-02-09 01:30:00+00:00,0.001729,0.001782,0.001722,0.001773,337278512.0
2026-02-09 01:45:00+00:00,0.001772,0.001811,0.001766,0.001799,276593215.0
2026-02-09 02:00:00+00:00,0.001799,0.001841,0.00179,0.001826,286063210.0
2026-02-09 02:15:00+00:00,0.001825,0.001887,0.001801,0.001875,632103810.0
2026-02-09 02:30:00+00:00,0.001875,0.001979,0.001867,0.001937,1198301477.0
2026-02-09 02:45:00+00:00,0.001938,0.001971,0.001877,0.001909,1260352831.0
2026-02-09 03:00:00+00:00,0.00191,0.001967,0.001888,0.001941,716361660.0
2026-02-09 03:15:00+00:00,0.00194,0.001946,0.0019,0.001918,381432462.0
2026-02-09 03:30:00+00:00,0.001917,0.001917,0.001801,0.001845,986671347.0
2026-02-09 03:45:00+00:00,0.001845,0.001845,0.00175,0.001802,777008346.0
2026-02-09 04:00:00+00:00,0.001803,0.001866,0.001801,0.00183,585952999.0
2026-02-09 04:15:00+00:00,0.00183,0.001868,0.001819,0.001852,243721945.0
2026-02-09 04:30:00+00:00,0.001853,0.001868,0.001828,0.00183,237800182.0
2026-02-09 04:45:00+00:00,0.00183,0.001869,0.001823,0.001844,207276731.0
2026-02-09 05:00:00+00:00,0.001845,0.00188,0.00184,0.001856,143282509.0
2026-02-09 05:15:00+00:00,0.001857,0.001867,0.001845,0.001851,69612571.0
2026-02-09 05:30:00+00:00,0.001851,0.001895,0.001832,0.001884,223441694.0
2026-02-09 05:45:00+00:00,0.001884,0.00193,0.001859,0.001921,312741776.0
2026-02-09 06:00:00+00:00,0.001923,0.00194,0.001892,0.001928,334041174.0
2026-02-09 06:15:00+00:00,0.001929,0.002043,0.001912,0.002001,907500769.0
2026-02-09 06:30:00+00:00,0.002,0.00203,0.001963,0.001987,698104220.0
2026-02-09 06:45:00+00:00,0.001988,0.002027,0.001904,0.001948,1116153909.0
2026-02-09 07:00:00+00:00,0.001947,0.001996,0.00193,0.001968,768435233.0
2026-02-09 07:15:00+00:00,0.001968,0.00204,0.001963,0.002019,699835949.0
2026-02-09 07:30:00+00:00,0.002019,0.002039,0.00198,0.001995,628824844.0
2026-02-09 07:45:00+00:00,0.001994,0.002072,0.001966,0.002043,791811698.0
2026-02-09 08:00:00+00:00,0.002043,0.002064,0.001977,0.001993,793238879.0
2026-02-09 08:15:00+00:00,0.001992,0.002002,0.001918,0.001924,920913070.0
2026-02-09 08:30:00+00:00,0.001924,0.001964,0.001846,0.001931,1157909287.0
2026-02-09 08:45:00+00:00,0.001931,0.001931,0.001758,0.001789,1188732506.0
2026-02-09 09:00:00+00:00,0.001789,0.001826,0.001724,0.001757,1344884458.0
2026-02-09 09:15:00+00:00,0.001757,0.001783,0.001745,0.001765,457780522.0
2026-02-09 09:30:00+00:00,0.001764,0.001791,0.001758,0.001773,292700796.0
2026-02-09 09:45:00+00:00,0.001772,0.001807,0.001751,0.001779,334006864.0
2026-02-09 10:00:00+00:00,0.001779,0.001831,0.001778,0.001818,338709952.0
2026-02-09 10:15:00+00:00,0.001818,0.001835,0.001799,0.001808,209522501.0
2026-02-09 10:30:00+00:00,0.001808,0.001813,0.001703,0.001768,707110705.0
2026-02-09 10:45:00+00:00,0.001768,0.001783,0.001733,0.001744,315764216.0
2026-02-09 11:00:00+00:00,0.001744,0.001779,0.00174,0.001761,217884237.0
2026-02-09 11:15:00+00:00,0.001761,0.001785,0.001749,0.001761,131008028.0
2026-02-09 11:30:00+00:00,0.00176,0.001777,0.001745,0.001759,148278218.0
2026-02-09 11:45:00+00:00,0.001758,0.00177,0.001746,0.001766,107010633.0
2026-02-09 12:00:00+00:00,0.001765,0.001778,0.001754,0.00177,146459550.0
2026-02-09 12:15:00+00:00,0.001769,0.001785,0.001763,0.001764,95577246.0
2026-02-09 12:30:00+00:00,0.001764,0.001788,0.001763,0.001783,72582592.0
2026-02-09 12:45:00+00:00,0.001783,0.001803,0.001769,0.001784,160872317.0
2026-02-09 13:00:00+00:00,0.001783,0.001792,0.001754,0.001767,104291519.0
2026-02-09 13:15:00+00:00,0.001767,0.001781,0.001764,0.001779,51723904.0
2026-02-09 13:30:00+00:00,0.001779,0.00179,0.001761,0.001784,143501956.0
2026-02-09 13:45:00+00:00,0.001784,0.001811,0.001783,0.001801,153782008.0
2026-02-09 14:00:00+00:00,0.001802,0.001807,0.001729,0.001739,212740287.0
2026-02-09 14:15:00+00:00,0.00174,0.001768,0.001734,0.001758,137459487.0
2026-02-09 14:30:00+00:00,0.001758,0.00176,0.001663,0.001698,639821902.0
2026-02-09 14:45:00+00:00,0.001697,0.001707,0.001668,0.001678,215194253.0
2026-02-09 15:00:00+00:00,0.001678,0.001711,0.001673,0.001701,155646942.0
2026-02-09 15:15:00+00:00,0.001701,0.001718,0.001633,0.001651,419283793.0
2026-02-09 15:30:00+00:00,0.001651,0.001687,0.001648,0.001661,285273693.0
2026-02-09 15:45:00+00:00,0.001662,0.001698,0.00164,0.001662,441947684.0
2026-02-09 16:00:00+00:00,0.001661,0.001689,0.001647,0.001673,172087724.0
2026-02-09 16:15:00+00:00,0.001672,0.001685,0.001624,0.001645,263466143.0
2026-02-09 16:30:00+00:00,0.001645,0.001666,0.00164,0.00166,90956995.0
2026-02-09 16:45:00+00:00,0.001661,0.001691,0.001661,0.001687,124805249.0
2026-02-09 17:00:00+00:00,0.001686,0.001704,0.001682,0.001688,109571245.0
2026-02-09 17:15:00+00:00,0.001688,0.001697,0.001671,0.00168,77525411.0
2026-02-09 17:30:00+00:00,0.00168,0.001739,0.001678,0.00173,149408828.0
2026-02-09 17:45:00+00:00,0.001729,0.001741,0.00172,0.001728,85637521.0
2026-02-09 18:00:00+00:00,0.001729,0.001744,0.001724,0.001733,60469831.0
2026-02-09 18:15:00+00:00,0.001734,0.001746,0.001698,0.001712,141762422.0
2026-02-09 18:30:00+00:00,0.001712,0.001722,0.001696,0.001718,82328394.0
2026-02-09 18:45:00+00:00,0.001718,0.001729,0.001716,0.001728,40990783.0
2026-02-09 19:00:00+00:00,0.001728,0.001771,0.001716,0.001752,131794219.0
2026-02-09 19:15:00+00:00,0.001751,0.001759,0.001733,0.001739,80099023.0
2026-02-09 19:30:00+00:00,0.00174,0.00175,0.001731,0.001734,45754407.0
2026-02-09 19:45:00+00:00,0.001732,0.001739,0.001727,0.001732,46649759.0
2026-02-09 20:00:00+00:00,0.001732,0.001741,0.001726,0.001737,45254703.0
2026-02-09 20:15:00+00:00,0.001737,0.001737,0.001711,0.001714,48403230.0
2026-02-09 20:30:00+00:00,0.001713,0.001731,0.001713,0.001722,45018746.0
2026-02-09 20:45:00+00:00,0.001721,0.001738,0.001719,0.001735,40458259.0
2026-02-09 21:00:00+00:00,0.001734,0.001755,0.00173,0.001741,46842432.0
2026-02-09 21:15:00+00:00,0.001741,0.001745,0.001726,0.001732,21647175.0
2026-02-09 21:30:00+00:00,0.001732,0.001733,0.001709,0.001717,27391421.0
2026-02-09 21:45:00+00:00,0.001717,0.001737,0.001711,0.001734,24987490.0
2026-02-09 22:00:00+00:00,0.001735,0.001757,0.001735,0.001755,59431616.0
2026-02-09 22:15:00+00:00,0.001755,0.001755,0.001738,0.001751,25705370.0
2026-02-09 22:30:00+00:00,0.00175,0.001771,0.001748,0.001755,51833125.0
2026-02-09 22:45:00+00:00,0.001754,0.001758,0.001742,0.00175,19958017.0
2026-02-09 23:00:00+00:00,0.00175,0.001772,0.001737,0.001752,44609243.0
2026-02-09 23:15:00+00:00,0.001753,0.001787,0.001753,0.001785,52050654.0
2026-02-09 23:30:00+00:00,0.001785,0.001808,0.001785,0.001792,102790735.0
2026-02-09 23:45:00+00:00,0.001793,0.001795,0.001769,0.001784,68336762.0
2026-02-10 00:00:00+00:00,0.001784,0.001787,0.001764,0.001771,81499925.0
2026-02-10 00:15:00+00:00,0.001771,0.001822,0.001771,0.001796,162425438.0
2026-02-10 00:30:00+00:00,0.001797,0.001797,0.001777,0.001779,62078400.0
2026-02-10 00:45:00+00:00,0.001779,0.001779,0.001749,0.001755,92521907.0
2026-02-10 01:00:00+00:00,0.001755,0.001764,0.001738,0.001756,83836431.0
2026-02-10 01:15:00+00:00,0.001755,0.001775,0.001751,0.001772,101303441.0
2026-02-10 01:30:00+00:00,0.001772,0.001832,0.001767,0.00181,179901254.0
2026-02-10 01:45:00+00:00,0.001809,0.001847,0.0018,0.001832,104062277.0
2026-02-10 02:00:00+00:00,0.001832,0.001833,0.001795,0.001808,88721961.0
2026-02-10 02:15:00+00:00,0.001809,0.001814,0.001793,0.001812,50642620.0
2026-02-10 02:30:00+00:00,0.001812,0.001812,0.001772,0.001782,63500213.0
2026-02-10 02:45:00+00:00,0.001781,0.001809,0.001777,0.001804,47864721.0
2026-02-10 03:00:00+00:00,0.001804,0.001817,0.001777,0.001791,127936779.0
2026-02-10 03:15:00+00:00,0.001791,0.001799,0.00169,0.001704,244823369.0
2026-02-10 03:30:00+00:00,0.001702,0.001718,0.001673,0.001691,150202389.0
2026-02-10 03:45:00+00:00,0.001691,0.001719,0.001688,0.00171,80181369.0
2026-02-10 04:00:00+00:00,0.001711,0.001747,0.001708,0.001744,78025334.0
2026-02-10 04:15:00+00:00,0.001744,0.001761,0.001728,0.001745,78848241.0
2026-02-10 04:30:00+00:00,0.001745,0.001764,0.001736,0.001756,53320322.0
2026-02-10 04:45:00+00:00,0.001757,0.00176,0.001734,0.001753,51738403.0
2026-02-10 05:00:00+00:00,0.001753,0.00176,0.00174,0.001743,29962839.0
2026-02-10 05:15:00+00:00,0.001742,0.001769,0.001741,0.001748,36499889.0
2026-02-10 05:30:00+00:00,0.001748,0.001787,0.001742,0.00177,77834765.0
2026-02-10 05:45:00+00:00,0.00177,0.001785,0.001751,0.001761,47819682.0
2026-02-10 06:00:00+00:00,0.001761,0.001829,0.001752,0.001776,147458873.0
2026-02-10 06:15:00+00:00,0.001775,0.001793,0.001767,0.001785,81632735.0
2026-02-10 06:30:00+00:00,0.001785,0.001818,0.001778,0.001808,90592464.0
2026-02-10 06:45:00+00:00,0.001808,0.001825,0.00176,0.001781,145247356.0
2026-02-10 07:00:00+00:00,0.001781,0.001813,0.00176,0.001772,113511158.0
2026-02-10 07:15:00+00:00,0.001772,0.001801,0.001766,0.00179,31596534.0
2026-02-10 07:30:00+00:00,0.001791,0.001799,0.001677,0.001685,213076404.0
2026-02-10 07:45:00+00:00,0.001684,0.001689,0.001616,0.00164,433148843.0
2026-02-10 08:00:00+00:00,0.001639,0.001653,0.00159,0.001615,531031126.0
2026-02-10 08:15:00+00:00,0.001614,0.001661,0.001605,0.001643,183874876.0
2026-02-10 08:30:00+00:00,0.001644,0.001659,0.00159,0.001611,258145174.0
2026-02-10 08:45:00+00:00,0.00161,0.00162,0.001571,0.001604,260668268.0
2026-02-10 09:00:00+00:00,0.001605,0.001639,0.001597,0.001624,139060833.0
2026-02-10 09:15:00+00:00,0.001625,0.00165,0.001613,0.001618,149408309.0
2026-02-10 09:30:00+00:00,0.001618,0.001637,0.001617,0.001637,47343714.0
2026-02-10 09:45:00+00:00,0.001636,0.001656,0.001635,0.001648,66637288.0
2026-02-10 10:00:00+00:00,0.001648,0.001651,0.001622,0.001637,70559997.0
2026-02-10 10:15:00+00:00,0.001637,0.001639,0.00162,0.001633,49188676.0
2026-02-10 10:30:00+00:00,0.001632,0.001632,0.001609,0.001628,65799443.0
2026-02-10 10:45:00+00:00,0.001628,0.00164,0.001616,0.001617,39036559.0
2026-02-10 11:00:00+00:00,0.001617,0.001659,0.001608,0.001655,118689558.0
2026-02-10 11:15:00+00:00,0.001654,0.001667,0.00163,0.001633,77850041.0
2026-02-10 11:30:00+00:00,0.001633,0.001651,0.001628,0.001633,35534814.0
2026-02-10 11:45:00+00:00,0.001633,0.001658,0.001617,0.001641,57660279.0
2026-02-10 12:00:00+00:00,0.001642,0.00166,0.001617,0.001623,91810882.0
2026-02-10 12:15:00+00:00,0.001623,0.001645,0.001621,0.00163,42918741.0
2026-02-10 12:30:00+00:00,0.00163,0.00164,0.001618,0.001622,26098761.0
2026-02-10 12:45:00+00:00,0.001623,0.001638,0.001616,0.001629,42760402.0
2026-02-10 13:00:00+00:00,0.00163,0.001631,0.001576,0.001614,118529511.0
2026-02-10 13:15:00+00:00,0.001614,0.001614,0.001593,0.001598,34604474.0
2026-02-10 13:30:00+00:00,0.001598,0.001644,0.001597,0.00162,91124852.0
2026-02-10 13:45:00+00:00,0.001619,0.001624,0.001607,0.001613,24635877.0
2026-02-10 14:00:00+00:00,0.001612,0.001626,0.001593,0.001616,38281441.0
2026-02-10 14:15:00+00:00,0.001616,0.001634,0.001606,0.001616,56497779.0
2026-02-10 14:30:00+00:00,0.001616,0.001623,0.0016,0.001616,45067431.0
2026-02-10 14:45:00+00:00,0.001615,0.001623,0.001601,0.001611,22792306.0
2026-02-10 15:00:00+00:00,0.001611,0.001631,0.001597,0.001616,45869738.0
2026-02-10 15:15:00+00:00,0.001616,0.001626,0.001612,0.001622,29006209.0
2026-02-10 15:30:00+00:00,0.001622,0.001639,0.00162,0.001634,43875241.0
2026-02-10 15:45:00+00:00,0.001633,0.001633,0.001607,0.001625,55056860.0
2026-02-10 16:00:00+00:00,0.001624,0.001626,0.001593,0.001621,69067593.0
2026-02-10 16:15:00+00:00,0.001621,0.001632,0.001613,0.00162,18115551.0
2026-02-10 16:30:00+00:00,0.00162,0.001631,0.001617,0.001624,22119755.0
2026-02-10 16:45:00+00:00,0.001623,0.001628,0.001615,0.001618,15833206.0
2026-02-10 17:00:00+00:00,0.001618,0.00162,0.001604,0.001608,26771970.0
2026-02-10 17:15:00+00:00,0.001608,0.001623,0.001604,0.001608,30182908.0
2026-02-10 17:30:00+00:00,0.001608,0.001619,0.001596,0.001605,24633985.0
2026-02-10 17:45:00+00:00,0.001604,0.001608,0.001596,0.001607,32059974.0
2026-02-10 18:00:00+00:00,0.001607,0.001607,0.001591,0.001596,20239402.0
2026-02-10 18:15:00+00:00,0.001596,0.001599,0.001568,0.001582,53646181.0
2026-02-10 18:30:00+00:00,0.001581,0.001591,0.001577,0.001586,27448186.0
2026-02-10 18:45:00+00:00,0.001587,0.00159,0.00158,0.001587,14588300.0
2026-02-10 19:00:00+00:00,0.001586,0.001597,0.00158,0.001588,21662038.0
2026-02-10 19:15:00+00:00,0.001587,0.00159,0.00151,0.00153,371237077.0
2026-02-10 19:30:00+00:00,0.001531,0.001534,0.001518,0.001519,73336068.0
2026-02-10 19:45:00+00:00,0.001518,0.001541,0.001518,0.001532,69476933.0
2026-02-10 20:00:00+00:00,0.001533,0.001553,0.00153,0.001538,46000358.0
2026-02-10 20:15:00+00:00,0.001537,0.001549,0.001525,0.001544,63770770.0
2026-02-10 20:30:00+00:00,0.001544,0.001552,0.001537,0.001543,29228741.0
2026-02-10 20:45:00+00:00,0.001543,0.001544,0.00153,0.001537,17095681.0
2026-02-10 21:00:00+00:00,0.001536,0.001551,0.001532,0.001545,25485660.0
2026-02-10 21:15:00+00:00,0.001545,0.001552,0.001538,0.00154,24726289.0
2026-02-10 21:30:00+00:00,0.00154,0.001545,0.001532,0.001535,21155548.0
2026-02-10 21:45:00+00:00,0.001535,0.001542,0.001531,0.001535,17196773.0
2026-02-10 22:00:00+00:00,0.001536,0.001546,0.001514,0.001521,60489035.0
2026-02-10 22:15:00+00:00,0.001523,0.001547,0.001523,0.001536,47949523.0
2026-02-10 22:30:00+00:00,0.001537,0.00155,0.001527,0.001545,26522934.0
2026-02-10 22:45:00+00:00,0.001544,0.00155,0.001538,0.001542,15755385.0
2026-02-10 23:00:00+00:00,0.001541,0.001553,0.00154,0.001547,30047734.0
2026-02-10 23:15:00+00:00,0.001547,0.001561,0.001543,0.001549,37306000.0
2026-02-10 23:30:00+00:00,0.00155,0.001556,0.001545,0.001549,32388778.0
2026-02-10 23:45:00+00:00,0.00155,0.00155,0.001539,0.001543,32264465.0
2026-02-11 00:00:00+00:00,0.001543,0.001564,0.00154,0.001562,31295782.0
2026-02-11 00:15:00+00:00,0.001562,0.001571,0.001551,0.001556,52887393.0
2026-02-11 00:30:00+00:00,0.001557,0.001563,0.001547,0.001552,30128413.0
2026-02-11 00:45:00+00:00,0.001553,0.001565,0.001551,0.001561,22562030.0
2026-02-11 01:00:00+00:00,0.001562,0.00158,0.001548,0.001573,94729487.0
2026-02-11 01:15:00+00:00,0.001575,0.00158,0.001563,0.001563,22127942.0
2026-02-11 01:30:00+00:00,0.001563,0.001566,0.001558,0.00156,18422310.0
2026-02-11 01:45:00+00:00,0.00156,0.001572,0.001553,0.001568,28591208.0
2026-02-11 02:00:00+00:00,0.001568,0.001591,0.001561,0.001584,65978764.0
2026-02-11 02:15:00+00:00,0.001584,0.001608,0.001584,0.001596,59403110.0
2026-02-11 02:30:00+00:00,0.001596,0.001597,0.001585,0.001585,23313940.0
2026-02-11 02:45:00+00:00,0.001585,0.001585,0.001572,0.001578,19969123.0
2026-02-11 03:00:00+00:00,0.001577,0.0016,0.001571,0.001588,48938109.0
2026-02-11 03:15:00+00:00,0.001588,0.001604,0.00158,0.001584,41522291.0
2026-02-11 03:30:00+00:00,0.001585,0.001593,0.001578,0.001592,24045100.0
2026-02-11 03:45:00+00:00,0.001591,0.001591,0.001555,0.001565,35808740.0
2026-02-11 04:00:00+00:00,0.001565,0.001573,0.001558,0.001563,49117152.0
2026-02-11 04:15:00+00:00,0.001563,0.001569,0.001531,0.001547,69923226.0
2026-02-11 04:30:00+00:00,0.001547,0.00156,0.001538,0.00154,46786765.0
2026-02-11 04:45:00+00:00,0.00154,0.001549,0.001537,0.001544,24615551.0
2026-02-11 05:00:00+00:00,0.001543,0.001551,0.001531,0.001538,36777847.0
2026-02-11 05:15:00+00:00,0.001538,0.001548,0.001532,0.001534,20286260.0
2026-02-11 05:30:00+00:00,0.001534,0.00154,0.001516,0.001524,89567418.0
2026-02-11 05:45:00+00:00,0.001524,0.001531,0.001522,0.001527,21784234.0
2026-02-11 06:00:00+00:00,0.001527,0.001527,0.001488,0.001499,125199297.0
2026-02-11 06:15:00+00:00,0.001498,0.001498,0.001459,0.001487,206749866.0
2026-02-11 06:30:00+00:00,0.001486,0.001497,0.001472,0.001477,73853529.0
2026-02-11 06:45:00+00:00,0.001477,0.001478,0.001464,0.001474,43354575.0
2026-02-11 07:00:00+00:00,0.001474,0.001483,0.001471,0.001483,41589146.0
2026-02-11 07:15:00+00:00,0.001483,0.001493,0.001473,0.001475,62622908.0
2026-02-11 07:30:00+00:00,0.001474,0.00148,0.001467,0.001477,31285712.0
2026-02-11 07:45:00+00:00,0.001476,0.001477,0.00146,0.001461,36212001.0
2026-02-11 08:00:00+00:00,0.001462,0.001469,0.001452,0.001467,40708121.0
2026-02-11 08:15:00+00:00,0.001466,0.001466,0.001433,0.001448,104483442.0
2026-02-11 08:30:00+00:00,0.001449,0.001456,0.001443,0.001453,24667442.0
2026-02-11 08:45:00+00:00,0.001452,0.001454,0.001438,0.001447,31061950.0
2026-02-11 09:00:00+00:00,0.001447,0.001466,0.001442,0.001463,83158197.0
2026-02-11 09:15:00+00:00,0.001463,0.001468,0.001453,0.001457,48237007.0
2026-02-11 09:30:00+00:00,0.001458,0.001461,0.00145,0.001453,16996164.0
2026-02-11 09:45:00+00:00,0.001453,0.001453,0.001443,0.001448,18114342.0
2026-02-11 10:00:00+00:00,0.001448,0.00145,0.001434,0.001438,33712709.0
2026-02-11 10:15:00+00:00,0.001437,0.001438,0.001425,0.001428,33717108.0
2026-02-11 10:30:00+00:00,0.001428,0.001429,0.001412,0.00142,56336588.0
2026-02-11 10:45:00+00:00,0.001421,0.001421,0.001387,0.001397,125602646.0
2026-02-11 11:00:00+00:00,0.001398,0.001416,0.001397,0.001404,49461785.0
2026-02-11 11:15:00+00:00,0.001405,0.001409,0.001395,0.001402,40579931.0
2026-02-11 11:30:00+00:00,0.001402,0.001409,0.001391,0.001408,73948062.0
2026-02-11 11:45:00+00:00,0.001408,0.001415,0.001383,0.001389,74466624.0
2026-02-11 12:00:00+00:00,0.00139,0.0014,0.00138,0.001382,77034765.0
2026-02-11 12:15:00+00:00,0.001382,0.001406,0.001376,0.001396,103059038.0
2026-02-11 12:30:00+00:00,0.001397,0.001403,0.001389,0.001396,51063572.0
2026-02-11 12:45:00+00:00,0.001397,0.001399,0.001385,0.001388,42085409.0
2026-02-11 13:00:00+00:00,0.001389,0.001404,0.001367,0.001374,112640138.0
2026-02-11 13:15:00+00:00,0.001374,0.001376,0.001361,0.001373,52765514.0
2026-02-11 13:30:00+00:00,0.001374,0.001406,0.001374,0.001398,98421404.0
2026-02-11 13:45:00+00:00,0.001399,0.001436,0.001398,0.001425,119704083.0
2026-02-11 14:00:00+00:00,0.001425,0.001447,0.001417,0.001441,114883774.0
2026-02-11 14:15:00+00:00,0.001442,0.001442,0.001376,0.00139,215562064.0
2026-02-11 14:30:00+00:00,0.001391,0.001394,0.001323,0.001349,314890392.0
2026-02-11 14:45:00+00:00,0.001349,0.001364,0.001342,0.00135,125297060.0
2026-02-11 15:00:00+00:00,0.00135,0.001355,0.001296,0.001321,298506771.0
2026-02-11 15:15:00+00:00,0.00132,0.001333,0.00131,0.001323,71935773.0
2026-02-11 15:30:00+00:00,0.001322,0.001347,0.001321,0.001345,135968089.0
2026-02-11 15:45:00+00:00,0.001344,0.001355,0.001336,0.001351,53177307.0
2026-02-11 16:00:00+00:00,0.001352,0.001371,0.00135,0.001359,89050484.0
2026-02-11 16:15:00+00:00,0.001359,0.00136,0.00134,0.001344,51976376.0
2026-02-11 16:30:00+00:00,0.001344,0.001344,0.001322,0.001323,59378194.0
2026-02-11 16:45:00+00:00,0.001323,0.00133,0.001318,0.001318,33416379.0
2026-02-11 17:00:00+00:00,0.001319,0.001328,0.001308,0.001324,97672645.0
2026-02-11 17:15:00+00:00,0.001324,0.001352,0.001324,0.001349,93858768.0
2026-02-11 17:30:00+00:00,0.00135,0.001353,0.00134,0.001344,43564816.0
2026-02-11 17:45:00+00:00,0.001343,0.001346,0.001334,0.001338,27899441.0
2026-02-11 18:00:00+00:00,0.001337,0.001342,0.00133,0.001338,26528746.0
2026-02-11 18:15:00+00:00,0.001338,0.001354,0.001338,0.001347,31184087.0
2026-02-11 18:30:00+00:00,0.001347,0.001354,0.001343,0.001349,26671442.0
2026-02-11 18:45:00+00:00,0.001349,0.001364,0.001348,0.00136,27110184.0
2026-02-11 19:00:00+00:00,0.00136,0.001367,0.001352,0.001358,42942012.0
2026-02-11 19:15:00+00:00,0.001358,0.001367,0.001352,0.001352,25797195.0
2026-02-11 19:30:00+00:00,0.001352,0.001358,0.001347,0.00135,82452588.0
2026-02-11 19:45:00+00:00,0.00135,0.001364,0.001347,0.00136,23859906.0
2026-02-11 20:00:00+00:00,0.00136,0.001378,0.00136,0.001366,32381224.0
2026-02-11 20:15:00+00:00,0.001366,0.001369,0.001354,0.001356,30094793.0
2026-02-11 20:30:00+00:00,0.001355,0.001364,0.001353,0.001361,11038880.0
2026-02-11 20:45:00+00:00,0.001361,0.001382,0.001361,0.001378,29631709.0
2026-02-11 21:00:00+00:00,0.001378,0.00138,0.00136,0.001365,37488455.0
2026-02-11 21:15:00+00:00,0.001365,0.001379,0.001363,0.001377,23165494.0
2026-02-11 21:30:00+00:00,0.001378,0.001384,0.001372,0.001377,23780450.0
2026-02-11 21:45:00+00:00,0.001377,0.001384,0.001367,0.001371,18594347.0
2026-02-11 22:00:00+00:00,0.001372,0.001377,0.001365,0.001373,24721310.0
2026-02-11 22:15:00+00:00,0.001373,0.001381,0.00137,0.001375,39341288.0
2026-02-11 22:30:00+00:00,0.001375,0.001392,0.001375,0.001386,14769916.0
2026-02-11 22:45:00+00:00,0.001385,0.00139,0.001373,0.001379,27028047.0
2026-02-11 23:00:00+00:00,0.001379,0.001381,0.001369,0.001376,17249164.0
2026-02-11 23:15:00+00:00,0.001375,0.001379,0.001365,0.001368,20758159.0
2026-02-11 23:30:00+00:00,0.001368,0.001377,0.001368,0.001374,14395245.0
2026-02-11 23:45:00+00:00,0.001375,0.00138,0.001365,0.001368,16897829.0
2026-02-12 00:00:00+00:00,0.001369,0.001383,0.001363,0.001379,31917997.0
2026-02-12 00:15:00+00:00,0.001379,0.001384,0.001374,0.001374,20459012.0
2026-02-12 00:30:00+00:00,0.001374,0.001381,0.001364,0.001366,32223831.0
2026-02-12 00:45:00+00:00,0.001367,0.001375,0.001365,0.001369,11935283.0
2026-02-12 01:00:00+00:00,0.001368,0.001368,0.001353,0.001363,58725243.0
2026-02-12 01:15:00+00:00,0.001364,0.001368,0.001356,0.001366,24137103.0
2026-02-12 01:30:00+00:00,0.001366,0.001379,0.001366,0.001376,17807779.0
2026-02-12 01:45:00+00:00,0.001377,0.00138,0.001365,0.001365,20497259.0
2026-02-12 02:00:00+00:00,0.001365,0.001369,0.001357,0.001363,32706891.0
2026-02-12 02:15:00+00:00,0.001363,0.001368,0.001362,0.001366,26076732.0
2026-02-12 02:30:00+00:00,0.001367,0.001374,0.001358,0.001363,20518695.0
2026-02-12 02:45:00+00:00,0.001363,0.001378,0.001362,0.00137,25205973.0
2026-02-12 03:00:00+00:00,0.00137,0.001383,0.001362,0.001378,45689106.0
2026-02-12 03:15:00+00:00,0.001378,0.001381,0.00137,0.001378,26416236.0
2026-02-12 03:30:00+00:00,0.001377,0.00138,0.001369,0.001374,23806829.0
2026-02-12 03:45:00+00:00,0.001375,0.001378,0.001362,0.00137,27408163.0
2026-02-12 04:00:00+00:00,0.001369,0.001374,0.001363,0.001369,18957347.0
2026-02-12 04:15:00+00:00,0.001369,0.001371,0.001364,0.001367,11358814.0
2026-02-12 04:30:00+00:00,0.001367,0.001398,0.001366,0.001385,75559076.0
2026-02-12 04:45:00+00:00,0.001385,0.001388,0.001367,0.00137,43210810.0
2026-02-12 05:00:00+00:00,0.00137,0.001387,0.00136,0.001364,53283524.0
2026-02-12 05:15:00+00:00,0.001364,0.001389,0.001339,0.001377,105673560.0
2026-02-12 05:30:00+00:00,0.001379,0.00139,0.001377,0.00138,22640150.0
2026-02-12 05:45:00+00:00,0.001381,0.001385,0.001376,0.001379,18109431.0
2026-02-12 06:00:00+00:00,0.001378,0.001393,0.00137,0.001391,39959387.0
2026-02-12 06:15:00+00:00,0.00139,0.001393,0.001383,0.001386,26091269.0
2026-02-12 06:30:00+00:00,0.001387,0.001409,0.001385,0.001405,54869691.0
2026-02-12 06:45:00+00:00,0.001403,0.001406,0.001391,0.001392,30214954.0
2026-02-12 07:00:00+00:00,0.001391,0.001405,0.001381,0.001403,43112332.0
2026-02-12 07:15:00+00:00,0.001403,0.001418,0.001399,0.001412,24854016.0
2026-02-12 07:30:00+00:00,0.001413,0.001414,0.001398,0.001404,30576120.0
2026-02-12 07:45:00+00:00,0.001404,0.001424,0.001403,0.00142,55221748.0
2026-02-12 08:00:00+00:00,0.00142,0.001435,0.001411,0.001416,53511219.0
2026-02-12 08:15:00+00:00,0.001415,0.001421,0.001411,0.001413,13709945.0
2026-02-12 08:30:00+00:00,0.001413,0.001427,0.001413,0.001413,20680003.0
2026-02-12 08:45:00+00:00,0.001413,0.001416,0.001388,0.001401,57847792.0
2026-02-12 09:00:00+00:00,0.001401,0.001403,0.001386,0.001402,44861192.0
2026-02-12 09:15:00+00:00,0.001402,0.001454,0.001401,0.001451,106524177.0
2026-02-12 09:30:00+00:00,0.001452,0.001581,0.001451,0.001547,414358029.0
2026-02-12 09:45:00+00:00,0.001546,0.001562,0.001464,0.001471,194908358.0
2026-02-12 10:00:00+00:00,0.001471,0.001482,0.001452,0.001476,116437676.0
2026-02-12 10:15:00+00:00,0.001476,0.001507,0.001471,0.001494,72514398.0
2026-02-12 10:30:00+00:00,0.001493,0.001518,0.001484,0.001515,50551157.0
2026-02-12 10:45:00+00:00,0.001514,0.001526,0.001506,0.001523,65434931.0
2026-02-12 11:00:00+00:00,0.001523,0.001523,0.001497,0.001498,34978265.0
2026-02-12 11:15:00+00:00,0.001498,0.001509,0.001491,0.0015,29139771.0
2026-02-12 11:30:00+00:00,0.0015,0.001516,0.001479,0.001487,48860257.0
2026-02-12 11:45:00+00:00,0.001486,0.001505,0.001486,0.001504,22912051.0
2026-02-12 12:00:00+00:00,0.001503,0.001522,0.001485,0.001495,61265498.0
2026-02-12 12:15:00+00:00,0.001494,0.001504,0.001456,0.001463,71250408.0
2026-02-12 12:30:00+00:00,0.001462,0.00148,0.001462,0.00147,44492546.0
2026-02-12 12:45:00+00:00,0.001471,0.001489,0.00147,0.001476,25970523.0
2026-02-12 13:00:00+00:00,0.001476,0.001478,0.001454,0.001465,57262728.0
2026-02-12 13:15:00+00:00,0.001465,0.001467,0.001444,0.001464,61316338.0
2026-02-12 13:30:00+00:00,0.001464,0.001467,0.001452,0.001458,20783913.0
2026-02-12 13:45:00+00:00,0.001458,0.001466,0.001446,0.001465,24158053.0
2026-02-12 14:00:00+00:00,0.001465,0.001468,0.001436,0.001444,32388450.0
2026-02-12 14:15:00+00:00,0.001445,0.001448,0.001438,0.001447,20501903.0
2026-02-12 14:30:00+00:00,0.001447,0.001459,0.001427,0.001436,39294144.0
2026-02-12 14:45:00+00:00,0.001436,0.001451,0.001432,0.001448,32448372.0
2026-02-12 15:00:00+00:00,0.001448,0.001473,0.001447,0.001449,64930675.0
2026-02-12 15:15:00+00:00,0.00145,0.001467,0.001445,0.001449,26432325.0
2026-02-12 15:30:00+00:00,0.00145,0.001451,0.001434,0.001438,19514134.0
2026-02-12 15:45:00+00:00,0.001438,0.00145,0.001432,0.001444,28456613.0
2026-02-12 16:00:00+00:00,0.001445,0.001449,0.001422,0.00143,54811893.0
2026-02-12 16:15:00+00:00,0.001429,0.001439,0.001403,0.001408,69418495.0
2026-02-12 16:30:00+00:00,0.001408,0.001435,0.001407,0.001431,28782181.0
2026-02-12 16:45:00+00:00,0.001431,0.001433,0.001406,0.001417,32276878.0
2026-02-12 17:00:00+00:00,0.001416,0.001427,0.001413,0.001427,30707774.0
2026-02-12 17:15:00+00:00,0.001427,0.001445,0.001417,0.001435,32581348.0
2026-02-12 17:30:00+00:00,0.001436,0.001446,0.001429,0.001443,28966923.0
2026-02-12 17:45:00+00:00,0.001444,0.00145,0.001431,0.001448,30840123.0
2026-02-12 18:00:00+00:00,0.001446,0.001473,0.001442,0.00145,60530521.0
2026-02-12 18:15:00+00:00,0.00145,0.001451,0.001422,0.00143,55297974.0
2026-02-12 18:30:00+00:00,0.00143,0.00144,0.001426,0.001438,12110208.0
2026-02-12 18:45:00+00:00,0.001437,0.001444,0.001434,0.001437,10872465.0
2026-02-12 19:00:00+00:00,0.001437,0.00145,0.001434,0.001443,18015464.0
2026-02-12 19:15:00+00:00,0.001442,0.001458,0.00144,0.001455,20738257.0
2026-02-12 19:30:00+00:00,0.001455,0.001458,0.001446,0.001451,27964729.0
2026-02-12 19:45:00+00:00,0.00145,0.001459,0.001442,0.001445,19205102.0
2026-02-12 20:00:00+00:00,0.001444,0.001447,0.001429,0.001437,29797837.0
2026-02-12 20:15:00+00:00,0.001438,0.001444,0.001432,0.001435,10637073.0
2026-02-12 20:30:00+00:00,0.001434,0.001445,0.001432,0.001444,11868257.0
2026-02-12 20:45:00+00:00,0.001443,0.001445,0.001435,0.001437,20253567.0
2026-02-12 21:00:00+00:00,0.001437,0.001448,0.001437,0.001445,8991087.0
2026-02-12 21:15:00+00:00,0.001444,0.001447,0.001438,0.001442,7532826.0
2026-02-12 21:30:00+00:00,0.001442,0.001449,0.001439,0.001445,10803123.0
2026-02-12 21:45:00+00:00,0.001445,0.001453,0.001441,0.001446,10790771.0
2026-02-12 22:00:00+00:00,0.001445,0.001453,0.001443,0.00145,10079681.0
2026-02-12 22:15:00+00:00,0.00145,0.001469,0.001446,0.00146,31464226.0
2026-02-12 22:30:00+00:00,0.00146,0.00149,0.001455,0.001479,80606035.0
2026-02-12 22:45:00+00:00,0.001477,0.00149,0.00146,0.001471,40916819.0
2026-02-12 23:00:00+00:00,0.00147,0.001474,0.001462,0.001466,16274560.0
2026-02-12 23:15:00+00:00,0.001467,0.001484,0.001461,0.001473,33832180.0
2026-02-12 23:30:00+00:00,0.001473,0.001477,0.00147,0.001474,13891370.0
2026-02-12 23:45:00+00:00,0.001474,0.001478,0.001468,0.001475,11580709.0
2026-02-13 00:00:00+00:00,0.001474,0.001494,0.001466,0.001473,62332287.0
2026-02-13 00:15:00+00:00,0.001473,0.001485,0.001471,0.00148,21141286.0
2026-02-13 00:30:00+00:00,0.001481,0.001485,0.001468,0.00147,31116025.0
2026-02-13 00:45:00+00:00,0.00147,0.00148,0.00146,0.001465,41890079.0
2026-02-13 01:00:00+00:00,0.001465,0.001479,0.001464,0.00147,16394035.0
2026-02-13 01:15:00+00:00,0.001472,0.001493,0.001468,0.001482,27951711.0
2026-02-13 01:30:00+00:00,0.001482,0.001489,0.001479,0.001481,17604591.0
2026-02-13 01:45:00+00:00,0.001481,0.001486,0.001478,0.001482,16875996.0
2026-02-13 02:00:00+00:00,0.001482,0.001483,0.001456,0.001475,31853818.0
2026-02-13 02:15:00+00:00,0.001474,0.001511,0.00146,0.001508,83170075.0
2026-02-13 02:30:00+00:00,0.00151,0.001574,0.0015,0.001528,305445814.0
2026-02-13 02:45:00+00:00,0.001527,0.001528,0.001508,0.001511,70857812.0
2026-02-13 03:00:00+00:00,0.001513,0.00152,0.001506,0.001515,54396800.0
2026-02-13 03:15:00+00:00,0.001514,0.001523,0.001486,0.001502,94893995.0
2026-02-13 03:30:00+00:00,0.001502,0.001519,0.001492,0.001495,47523716.0
2026-02-13 03:45:00+00:00,0.001495,0.001499,0.001472,0.001482,97179374.0
2026-02-13 04:00:00+00:00,0.001481,0.00149,0.001481,0.001482,18312008.0
2026-02-13 04:15:00+00:00,0.001481,0.001494,0.00148,0.00149,26454434.0
2026-02-13 04:30:00+00:00,0.00149,0.001498,0.001485,0.001487,20399733.0
2026-02-13 04:45:00+00:00,0.001487,0.001493,0.001466,0.001477,34878308.0
2026-02-13 05:00:00+00:00,0.001477,0.001481,0.001466,0.00147,37002352.0
2026-02-13 05:15:00+00:00,0.001471,0.001476,0.001442,0.001463,77172031.0
2026-02-13 05:30:00+00:00,0.001462,0.001482,0.001462,0.001479,29112244.0
2026-02-13 05:45:00+00:00,0.001479,0.001484,0.001465,0.001472,19830158.0
2026-02-13 06:00:00+00:00,0.001471,0.001479,0.001466,0.001469,30804068.0
2026-02-13 06:15:00+00:00,0.001468,0.001475,0.001463,0.001468,22352639.0
2026-02-13 06:30:00+00:00,0.001468,0.001486,0.001467,0.001482,23889938.0
2026-02-13 06:45:00+00:00,0.001482,0.001496,0.001443,0.001469,83768033.0
2026-02-13 07:00:00+00:00,0.001468,0.00148,0.001463,0.001478,28954404.0
2026-02-13 07:15:00+00:00,0.001477,0.00148,0.001459,0.001464,26822175.0
2026-02-13 07:30:00+00:00,0.001464,0.00147,0.001455,0.00146,33895981.0
2026-02-13 07:45:00+00:00,0.00146,0.001477,0.001459,0.001468,33689660.0
2026-02-13 08:00:00+00:00,0.001468,0.00147,0.001458,0.001466,28163683.0
2026-02-13 08:15:00+00:00,0.001466,0.00148,0.001465,0.001477,18719540.0
2026-02-13 08:30:00+00:00,0.001477,0.00148,0.001465,0.001469,23774167.0
2026-02-13 08:45:00+00:00,0.00147,0.001475,0.001464,0.001468,18700279.0
2026-02-13 09:00:00+00:00,0.001469,0.001471,0.001458,0.001466,38882616.0
2026-02-13 09:15:00+00:00,0.001464,0.001469,0.001458,0.001463,18340950.0
2026-02-13 09:30:00+00:00,0.001463,0.001479,0.001457,0.001469,47431715.0
2026-02-13 09:45:00+00:00,0.001469,0.001485,0.001463,0.001469,39561727.0
2026-02-13 10:00:00+00:00,0.001469,0.001475,0.001465,0.001467,41663142.0
2026-02-13 10:15:00+00:00,0.001468,0.001478,0.001455,0.001459,60256012.0
2026-02-13 10:30:00+00:00,0.001459,0.001462,0.001451,0.00146,23448419.0
2026-02-13 10:45:00+00:00,0.001461,0.001463,0.001458,0.001461,29283671.0
2026-02-13 11:00:00+00:00,0.001461,0.001463,0.001441,0.001449,57196894.0
2026-02-13 11:15:00+00:00,0.001448,0.001455,0.001446,0.001449,24889395.0
2026-02-13 11:30:00+00:00,0.001448,0.001449,0.001438,0.001444,32836519.0
2026-02-13 11:45:00+00:00,0.001443,0.001444,0.001416,0.00142,141974367.0
2026-02-13 12:00:00+00:00,0.001419,0.001429,0.001417,0.001424,39147568.0
2026-02-13 12:15:00+00:00,0.001424,0.001434,0.001423,0.001433,21851735.0
2026-02-13 12:30:00+00:00,0.001433,0.00144,0.001427,0.001432,27025621.0
2026-02-13 12:45:00+00:00,0.001432,0.00144,0.001426,0.001429,27067688.0
2026-02-13 13:00:00+00:00,0.001429,0.001435,0.001426,0.001428,26074420.0
2026-02-13 13:15:00+00:00,0.001428,0.001431,0.001417,0.001428,50549686.0
2026-02-13 13:30:00+00:00,0.001428,0.001442,0.001406,0.001438,85024923.0
2026-02-13 13:45:00+00:00,0.001437,0.001438,0.001428,0.001433,26660858.0
2026-02-13 14:00:00+00:00,0.001433,0.001436,0.001426,0.001433,25464980.0
2026-02-13 14:15:00+00:00,0.001433,0.001444,0.001432,0.001441,28572756.0
2026-02-13 14:30:00+00:00,0.001443,0.001445,0.001425,0.001434,46608734.0
2026-02-13 14:45:00+00:00,0.001435,0.001451,0.001427,0.001432,49039715.0
2026-02-13 15:00:00+00:00,0.001432,0.001449,0.001431,0.001441,37255305.0
2026-02-13 15:15:00+00:00,0.001441,0.001465,0.001441,0.001459,70187414.0
2026-02-13 15:30:00+00:00,0.00146,0.001465,0.001452,0.001454,29687500.0
2026-02-13 15:45:00+00:00,0.001454,0.001455,0.001444,0.001449,23584694.0
2026-02-13 16:00:00+00:00,0.00145,0.001466,0.001446,0.001464,86710535.0
2026-02-13 16:15:00+00:00,0.001463,0.00147,0.001461,0.001467,18859423.0
2026-02-13 16:30:00+00:00,0.001468,0.001488,0.001467,0.001483,32209220.0
2026-02-13 16:45:00+00:00,0.001481,0.001486,0.001464,0.001474,31941184.0
2026-02-13 17:00:00+00:00,0.001475,0.001478,0.001467,0.001475,13394856.0
2026-02-13 17:15:00+00:00,0.001476,0.00148,0.001469,0.001471,13392888.0
2026-02-13 17:30:00+00:00,0.001472,0.00148,0.001467,0.001477,28612993.0
2026-02-13 17:45:00+00:00,0.001476,0.001482,0.001473,0.00148,9556985.0
2026-02-13 18:00:00+00:00,0.001481,0.001485,0.001464,0.001466,24935467.0
2026-02-13 18:15:00+00:00,0.001466,0.001469,0.00145,0.001457,39118721.0
2026-02-13 18:30:00+00:00,0.001458,0.001463,0.001456,0.001459,28288263.0
2026-02-13 18:45:00+00:00,0.00146,0.00146,0.001445,0.00145,29599246.0
2026-02-13 19:00:00+00:00,0.00145,0.001455,0.001432,0.001445,56495755.0
2026-02-13 19:15:00+00:00,0.001445,0.001446,0.001432,0.001435,42333543.0
2026-02-13 19:30:00+00:00,0.001434,0.001435,0.001416,0.001418,78083606.0
2026-02-13 19:45:00+00:00,0.001418,0.00143,0.001418,0.001425,33923338.0
2026-02-13 20:00:00+00:00,0.001425,0.001428,0.001416,0.001422,31608419.0
2026-02-13 20:15:00+00:00,0.001421,0.001435,0.001413,0.001433,39742638.0
2026-02-13 20:30:00+00:00,0.001432,0.001434,0.001426,0.001428,16956710.0
2026-02-13 20:45:00+00:00,0.001428,0.001429,0.001417,0.001426,15998730.0
2026-02-13 21:00:00+00:00,0.001425,0.001433,0.00142,0.001429,28035353.0
2026-02-13 21:15:00+00:00,0.001428,0.00143,0.001417,0.00142,25336256.0
2026-02-13 21:30:00+00:00,0.001419,0.001422,0.001416,0.00142,7105505.0
2026-02-13 21:45:00+00:00,0.001421,0.001425,0.001418,0.001421,15667052.0
2026-02-13 22:00:00+00:00,0.001421,0.001424,0.001417,0.001418,16960620.0
2026-02-13 22:15:00+00:00,0.001418,0.001429,0.001417,0.001419,27140594.0
2026-02-13 22:30:00+00:00,0.001419,0.001426,0.001403,0.001409,56856027.0
2026-02-13 22:45:00+00:00,0.001409,0.001426,0.001408,0.001416,21052785.0
2026-02-13 23:00:00+00:00,0.001415,0.001429,0.001412,0.001417,27141861.0
2026-02-13 23:15:00+00:00,0.001418,0.001419,0.001411,0.001416,17332184.0
2026-02-13 23:30:00+00:00,0.001416,0.001425,0.001411,0.001416,31052320.0
2026-02-13 23:45:00+00:00,0.001415,0.001427,0.001415,0.001424,28301953.0
2026-02-14 00:00:00+00:00,0.001424,0.001425,0.001403,0.001407,47955289.0
2026-02-14 00:15:00+00:00,0.001407,0.001415,0.001404,0.001411,17386365.0
2026-02-14 00:30:00+00:00,0.001411,0.001429,0.00141,0.001426,15637882.0
2026-02-14 00:45:00+00:00,0.001425,0.001428,0.001417,0.001424,20586967.0
2026-02-14 01:00:00+00:00,0.001424,0.001425,0.001406,0.001411,37515995.0
2026-02-14 01:15:00+00:00,0.001411,0.00143,0.001402,0.001418,91554202.0
2026-02-14 01:30:00+00:00,0.001418,0.001418,0.001411,0.001414,12973168.0
2026-02-14 01:45:00+00:00,0.001415,0.001428,0.001412,0.001414,18329124.0
2026-02-14 02:00:00+00:00,0.001414,0.00142,0.001405,0.001415,18803896.0
2026-02-14 02:15:00+00:00,0.001413,0.001416,0.00141,0.001414,10220832.0
2026-02-14 02:30:00+00:00,0.001414,0.001419,0.001412,0.001415,7675014.0
2026-02-14 02:45:00+00:00,0.001415,0.001425,0.001415,0.00142,13976245.0
2026-02-14 03:00:00+00:00,0.00142,0.001425,0.001418,0.001424,16001352.0
2026-02-14 03:15:00+00:00,0.001423,0.001424,0.001415,0.001419,18002184.0
2026-02-14 03:30:00+00:00,0.001419,0.001426,0.001413,0.001416,24821114.0
2026-02-14 03:45:00+00:00,0.001415,0.001419,0.001409,0.001411,31148477.0
2026-02-14 04:00:00+00:00,0.001411,0.001414,0.001407,0.001409,17348066.0
2026-02-14 04:15:00+00:00,0.001409,0.00142,0.001405,0.001414,25001477.0
2026-02-14 04:30:00+00:00,0.001414,0.001417,0.001411,0.001412,9424686.0
2026-02-14 04:45:00+00:00,0.001413,0.00142,0.001412,0.001414,11231301.0
2026-02-14 05:00:00+00:00,0.001414,0.00142,0.001406,0.001416,33373656.0
2026-02-14 05:15:00+00:00,0.001415,0.001423,0.001412,0.001421,17735708.0
2026-02-14 05:30:00+00:00,0.001421,0.001426,0.001419,0.001424,13851922.0
2026-02-14 05:45:00+00:00,0.001424,0.001429,0.001412,0.001416,31790945.0
2026-02-14 06:00:00+00:00,0.001415,0.001418,0.001409,0.001413,13345739.0
2026-02-14 06:15:00+00:00,0.001412,0.001417,0.001404,0.001413,36092772.0
2026-02-14 06:30:00+00:00,0.001413,0.001423,0.001413,0.001418,14769130.0
2026-02-14 06:45:00+00:00,0.001418,0.001421,0.001417,0.001417,5152499.0
2026-02-14 07:00:00+00:00,0.001417,0.001437,0.001416,0.001437,31612321.0
2026-02-14 07:15:00+00:00,0.001436,0.001441,0.001428,0.001431,23804942.0
2026-02-14 07:30:00+00:00,0.001432,0.001434,0.001425,0.001429,15257983.0
2026-02-14 07:45:00+00:00,0.001429,0.001442,0.001428,0.001436,39932840.0
2026-02-14 08:00:00+00:00,0.001438,0.001445,0.00143,0.001431,23180993.0
2026-02-14 08:15:00+00:00,0.001431,0.001435,0.001424,0.001433,23816500.0
2026-02-14 08:30:00+00:00,0.001433,0.001433,0.001425,0.001432,19509239.0
2026-02-14 08:45:00+00:00,0.001432,0.001437,0.001416,0.001434,46420971.0
2026-02-14 09:00:00+00:00,0.001434,0.001434,0.001418,0.001421,36126726.0
2026-02-14 09:15:00+00:00,0.001421,0.001423,0.001419,0.00142,10900765.0
2026-02-14 09:30:00+00:00,0.00142,0.001424,0.001402,0.001406,43098027.0
2026-02-14 09:45:00+00:00,0.001406,0.001413,0.001402,0.001411,39023842.0
2026-02-14 10:00:00+00:00,0.001411,0.001416,0.001402,0.001412,38565602.0
2026-02-14 10:15:00+00:00,0.001412,0.001412,0.001383,0.001394,96316540.0
2026-02-14 10:30:00+00:00,0.001394,0.001401,0.001386,0.001393,55906860.0
2026-02-14 10:45:00+00:00,0.001393,0.001394,0.001387,0.001391,34544897.0
2026-02-14 11:00:00+00:00,0.00139,0.001401,0.00139,0.001399,30489908.0
2026-02-14 11:15:00+00:00,0.001399,0.00141,0.001398,0.001406,21371677.0
2026-02-14 11:30:00+00:00,0.001405,0.001406,0.001401,0.001403,13898441.0
2026-02-14 11:45:00+00:00,0.001404,0.001407,0.001392,0.001395,53640980.0
2026-02-14 12:00:00+00:00,0.001395,0.00141,0.001391,0.001407,30986053.0
