timestamp,open,high,low,close,volume
2025-09-02 07:30:00+00:00,0.0092,0.0112,0.0091,0.011053,1251095984.0
2025-09-02 07:45:00+00:00,0.011062,0.011166,0.010535,0.010796,800290054.0
2025-09-02 08:00:00+00:00,0.010793,0.011393,0.01023,0.010474,1519241637.0
2025-09-02 08:15:00+00:00,0.010473,0.011058,0.010125,0.010738,1048654565.0
2025-09-02 08:30:00+00:00,0.010734,0.011098,0.0106,0.010865,578788149.0
2025-09-02 08:45:00+00:00,0.010865,0.01111,0.01035,0.010376,839607972.0
2025-09-02 09:00:00+00:00,0.010375,0.010713,0.01032,0.0107,578131477.0
2025-09-02 09:15:00+00:00,0.010699,0.010824,0.010369,0.010441,342522909.0
2025-09-02 09:30:00+00:00,0.010444,0.01097,0.01035,0.010748,419290471.0
2025-09-02 09:45:00+00:00,0.010745,0.010858,0.010615,0.0107,194136015.0
2025-09-02 10:00:00+00:00,0.0107,0.010842,0.010376,0.010568,349625393.0
2025-09-02 10:15:00+00:00,0.010566,0.0108,0.010462,0.010661,283565909.0
2025-09-02 10:30:00+00:00,0.010661,0.011,0.010585,0.010809,474830471.0
2025-09-02 10:45:00+00:00,0.010809,0.010858,0.010582,0.010734,265418624.0
2025-09-02 11:00:00+00:00,0.010734,0.01125,0.010633,0.01109,502923379.0
2025-09-02 11:15:00+00:00,0.01109,0.011628,0.010965,0.011451,840478697.0
2025-09-02 11:30:00+00:00,0.011452,0.011819,0.01115,0.011255,874708079.0
2025-09-02 11:45:00+00:00,0.011254,0.011489,0.011193,0.011399,411326167.0
2025-09-02 12:00:00+00:00,0.011399,0.01157,0.010815,0.010937,672263075.0
2025-09-02 12:15:00+00:00,0.010937,0.0112,0.010838,0.010925,396954994.0
2025-09-02 12:30:00+00:00,0.010925,0.011021,0.010468,0.01069,645441791.0
2025-09-02 12:45:00+00:00,0.01069,0.01077,0.010306,0.010475,490586853.0
2025-09-02 13:00:00+00:00,0.010477,0.010838,0.010364,0.0107,418849493.0
2025-09-02 13:15:00+00:00,0.0107,0.010768,0.009804,0.009862,631593577.0
2025-09-02 13:30:00+00:00,0.009861,0.01013,0.009522,0.01007,737708889.0
2025-09-02 13:45:00+00:00,0.01007,0.010585,0.009913,0.010488,458848540.0
2025-09-02 14:00:00+00:00,0.010488,0.010556,0.010111,0.010213,413137950.0
2025-09-02 14:15:00+00:00,0.010211,0.010269,0.009949,0.010129,258442499.0
2025-09-02 14:30:00+00:00,0.010129,0.010149,0.009827,0.009984,245030250.0
2025-09-02 14:45:00+00:00,0.009985,0.010042,0.009211,0.009402,507182650.0
2025-09-02 15:00:00+00:00,0.0094,0.009415,0.008576,0.009015,575216655.0
2025-09-02 15:15:00+00:00,0.009018,0.00931,0.008846,0.00888,354949121.0
2025-09-02 15:30:00+00:00,0.00888,0.008919,0.008619,0.008745,280476003.0
2025-09-02 15:45:00+00:00,0.008745,0.008979,0.008603,0.008788,309605740.0
2025-09-02 16:00:00+00:00,0.008789,0.009475,0.008756,0.009007,471296403.0
2025-09-02 16:15:00+00:00,0.009006,0.009163,0.008793,0.008951,260547475.0
2025-09-02 16:30:00+00:00,0.00895,0.008953,0.008651,0.008805,224845671.0
2025-09-02 16:45:00+00:00,0.008804,0.008847,0.008417,0.008586,369228148.0
2025-09-02 17:00:00+00:00,0.008586,0.008693,0.008283,0.008404,325095747.0
2025-09-02 17:15:00+00:00,0.008404,0.008587,0.008335,0.008472,244522986.0
2025-09-02 17:30:00+00:00,0.008472,0.008736,0.008467,0.008519,298442694.0
2025-09-02 17:45:00+00:00,0.008519,0.008659,0.008351,0.008543,249512718.0
2025-09-02 18:00:00+00:00,0.008542,0.008748,0.00845,0.008705,142252966.0
2025-09-02 18:15:00+00:00,0.008705,0.008749,0.008205,0.00834,234073450.0
2025-09-02 18:30:00+00:00,0.00834,0.008544,0.00821,0.008404,191143321.0
2025-09-02 18:45:00+00:00,0.008405,0.008674,0.008342,0.008619,176722335.0
2025-09-02 19:00:00+00:00,0.008618,0.009379,0.008614,0.009329,267545028.0
2025-09-02 19:15:00+00:00,0.009329,0.00945,0.009095,0.00944,269868148.0
2025-09-02 19:30:00+00:00,0.009442,0.00946,0.009102,0.009323,202105085.0
2025-09-02 19:45:00+00:00,0.009324,0.009628,0.009254,0.009577,241406976.0
2025-09-02 20:00:00+00:00,0.009578,0.00962,0.009011,0.009148,272431262.0
2025-09-02 20:15:00+00:00,0.009147,0.009277,0.009044,0.009138,135474646.0
2025-09-02 20:30:00+00:00,0.009138,0.009476,0.008989,0.009354,172570123.0
2025-09-02 20:45:00+00:00,0.009353,0.0094,0.00923,0.009249,99978990.0
2025-09-02 21:00:00+00:00,0.00925,0.009275,0.008844,0.008908,204829757.0
2025-09-02 21:15:00+00:00,0.008908,0.008967,0.008772,0.008946,141505590.0
2025-09-02 21:30:00+00:00,0.008947,0.00907,0.0088,0.008894,73199351.0
2025-09-02 21:45:00+00:00,0.008894,0.009271,0.008894,0.009188,69164584.0
2025-09-02 22:00:00+00:00,0.00919,0.009222,0.008892,0.008965,81458723.0
2025-09-02 22:15:00+00:00,0.008966,0.009204,0.008959,0.009113,63870147.0
2025-09-02 22:30:00+00:00,0.009112,0.009295,0.008989,0.009267,77382606.0
2025-09-02 22:45:00+00:00,0.009266,0.009343,0.009041,0.009082,86258854.0
2025-09-02 23:00:00+00:00,0.009082,0.009113,0.008815,0.008934,115326608.0
2025-09-02 23:15:00+00:00,0.008934,0.009188,0.008807,0.009122,117781609.0
2025-09-02 23:30:00+00:00,0.009117,0.009548,0.0091,0.009282,178273132.0
2025-09-02 23:45:00+00:00,0.009282,0.009336,0.009172,0.009273,97475748.0
2025-09-03 00:00:00+00:00,0.009272,0.00938,0.009095,0.009189,165687827.0
2025-09-03 00:15:00+00:00,0.009189,0.00958,0.009165,0.0095,134443964.0
2025-09-03 00:30:00+00:00,0.0095,0.010674,0.009356,0.010366,558953697.0
2025-09-03 00:45:00+00:00,0.010365,0.011352,0.010301,0.010906,792698632.0
2025-09-03 01:00:00+00:00,0.010906,0.011597,0.010714,0.01135,688582465.0
2025-09-03 01:15:00+00:00,0.011349,0.01165,0.0107,0.010945,754780131.0
2025-09-03 01:30:00+00:00,0.010948,0.011298,0.010633,0.011037,491336883.0
2025-09-03 01:45:00+00:00,0.01104,0.011607,0.010995,0.011183,483715272.0
2025-09-03 02:00:00+00:00,0.011185,0.011469,0.01089,0.010983,340444611.0
2025-09-03 02:15:00+00:00,0.010983,0.011172,0.010556,0.010777,392211488.0
2025-09-03 02:30:00+00:00,0.010777,0.011017,0.010639,0.01088,270765627.0
2025-09-03 02:45:00+00:00,0.010881,0.011184,0.01075,0.011143,282022720.0
2025-09-03 03:00:00+00:00,0.011142,0.01134,0.011071,0.011187,328156212.0
2025-09-03 03:15:00+00:00,0.011187,0.01165,0.011111,0.011563,402132683.0
2025-09-03 03:30:00+00:00,0.011564,0.012243,0.011484,0.011812,996131112.0
2025-09-03 03:45:00+00:00,0.011812,0.012179,0.011744,0.011964,499713267.0
2025-09-03 04:00:00+00:00,0.011963,0.01315,0.01177,0.01289,979720743.0
2025-09-03 04:15:00+00:00,0.01289,0.013196,0.011893,0.012166,1007290560.0
2025-09-03 04:30:00+00:00,0.012168,0.0123,0.010687,0.011103,1023388928.0
2025-09-03 04:45:00+00:00,0.011099,0.011727,0.010664,0.010835,820510920.0
2025-09-03 05:00:00+00:00,0.010836,0.011075,0.010224,0.010528,651837184.0
2025-09-03 05:15:00+00:00,0.010528,0.010899,0.01045,0.010537,359141154.0
2025-09-03 05:30:00+00:00,0.010537,0.011217,0.010526,0.010812,364961361.0
2025-09-03 05:45:00+00:00,0.01081,0.010872,0.010466,0.01058,332592046.0
2025-09-03 06:00:00+00:00,0.01058,0.010648,0.009736,0.01,620243797.0
2025-09-03 06:15:00+00:00,0.01,0.010082,0.00991,0.010007,228805891.0
2025-09-03 06:30:00+00:00,0.010006,0.010112,0.009817,0.010045,252021014.0
2025-09-03 06:45:00+00:00,0.010045,0.010082,0.009512,0.009785,378079610.0
2025-09-03 07:00:00+00:00,0.009786,0.0101,0.0097,0.009859,429580253.0
2025-09-03 07:15:00+00:00,0.009857,0.010058,0.009711,0.00994,240775552.0
2025-09-03 07:30:00+00:00,0.009939,0.010032,0.009522,0.009639,309009546.0
2025-09-03 07:45:00+00:00,0.00964,0.009798,0.009533,0.009644,253662940.0
2025-09-03 08:00:00+00:00,0.009644,0.009755,0.009362,0.009488,362108089.0
2025-09-03 08:15:00+00:00,0.00949,0.009606,0.009438,0.009585,228719450.0
2025-09-03 08:30:00+00:00,0.009584,0.009683,0.009531,0.009531,199705269.0
2025-09-03 08:45:00+00:00,0.009531,0.009945,0.00942,0.009608,381861198.0
2025-09-03 09:00:00+00:00,0.009608,0.009611,0.009229,0.00931,350740010.0
2025-09-03 09:15:00+00:00,0.00931,0.009339,0.009144,0.009286,216858540.0
2025-09-03 09:30:00+00:00,0.009286,0.009429,0.009218,0.009377,198327481.0
2025-09-03 09:45:00+00:00,0.009376,0.009793,0.009306,0.009646,277154448.0
2025-09-03 10:00:00+00:00,0.009645,0.00979,0.009552,0.009771,274456399.0
2025-09-03 10:15:00+00:00,0.009771,0.009874,0.009481,0.009724,263918271.0
2025-09-03 10:30:00+00:00,0.009724,0.009836,0.0094,0.009406,230351039.0
2025-09-03 10:45:00+00:00,0.009409,0.009626,0.009383,0.009576,186469977.0
2025-09-03 11:00:00+00:00,0.009576,0.009596,0.009412,0.00944,129920260.0
2025-09-03 11:15:00+00:00,0.00944,0.0097,0.009435,0.009662,130496077.0
2025-09-03 11:30:00+00:00,0.009663,0.009791,0.009403,0.009442,198913446.0
2025-09-03 11:45:00+00:00,0.009442,0.009476,0.009102,0.009173,287550084.0
2025-09-03 12:00:00+00:00,0.009174,0.009238,0.009009,0.00916,206035079.0
2025-09-03 12:15:00+00:00,0.009161,0.00942,0.009081,0.009339,166255295.0
2025-09-03 12:30:00+00:00,0.009339,0.009571,0.009298,0.009409,140709115.0
2025-09-03 12:45:00+00:00,0.009409,0.00952,0.009402,0.009453,69423212.0
2025-09-03 13:00:00+00:00,0.009453,0.009555,0.00936,0.009419,100561636.0
2025-09-03 13:15:00+00:00,0.009421,0.009467,0.009367,0.009373,53683331.0
2025-09-03 13:30:00+00:00,0.009373,0.009644,0.009372,0.009588,123796050.0
2025-09-03 13:45:00+00:00,0.009589,0.009724,0.009449,0.009531,123225538.0
2025-09-03 14:00:00+00:00,0.00953,0.009688,0.009423,0.009519,140960992.0
2025-09-03 14:15:00+00:00,0.009518,0.009639,0.009486,0.009562,94469145.0
2025-09-03 14:30:00+00:00,0.00956,0.010163,0.00956,0.009816,247840873.0
2025-09-03 14:45:00+00:00,0.009816,0.00989,0.009322,0.009429,202140050.0
2025-09-03 15:00:00+00:00,0.009428,0.009462,0.009066,0.009245,243043698.0
2025-09-03 15:15:00+00:00,0.009244,0.009313,0.009023,0.009189,131639718.0
2025-09-03 15:30:00+00:00,0.009189,0.009328,0.009181,0.00921,85788335.0
2025-09-03 15:45:00+00:00,0.00921,0.00941,0.009153,0.00929,101714787.0
2025-09-03 16:00:00+00:00,0.009289,0.009377,0.009118,0.009338,117149198.0
2025-09-03 16:15:00+00:00,0.009338,0.009578,0.009286,0.009488,147530719.0
2025-09-03 16:30:00+00:00,0.009487,0.009644,0.00948,0.009556,89204043.0
2025-09-03 16:45:00+00:00,0.009556,0.00961,0.009475,0.009518,73154194.0
2025-09-03 17:00:00+00:00,0.009518,0.009797,0.009412,0.009743,128383427.0
2025-09-03 17:15:00+00:00,0.009743,0.009781,0.009615,0.009724,102307265.0
2025-09-03 17:30:00+00:00,0.009726,0.009745,0.0096,0.009667,89848445.0
2025-09-03 17:45:00+00:00,0.009667,0.009767,0.009553,0.00959,80283471.0
2025-09-03 18:00:00+00:00,0.009588,0.009844,0.009565,0.009811,120009965.0
2025-09-03 18:15:00+00:00,0.00981,0.009869,0.009435,0.009571,125197880.0
2025-09-03 18:30:00+00:00,0.009571,0.009759,0.009537,0.009744,71144191.0
2025-09-03 18:45:00+00:00,0.009744,0.009861,0.009678,0.009796,60825490.0
2025-09-03 19:00:00+00:00,0.009796,0.00998,0.00965,0.009697,123921317.0
2025-09-03 19:15:00+00:00,0.009696,0.009703,0.009404,0.009595,93937817.0
2025-09-03 19:30:00+00:00,0.009595,0.009734,0.009553,0.00963,48573544.0
2025-09-03 19:45:00+00:00,0.009631,0.009727,0.00958,0.009674,42995700.0
2025-09-03 20:00:00+00:00,0.009674,0.00975,0.009413,0.009717,82740962.0
2025-09-03 20:15:00+00:00,0.009716,0.009736,0.009442,0.009565,96928627.0
2025-09-03 20:30:00+00:00,0.009565,0.009652,0.009351,0.009627,70834296.0
2025-09-03 20:45:00+00:00,0.009626,0.009887,0.009538,0.009786,106249450.0
2025-09-03 21:00:00+00:00,0.009786,0.010295,0.009771,0.010099,236490108.0
2025-09-03 21:15:00+00:00,0.0101,0.010222,0.009905,0.010127,145256122.0
2025-09-03 21:30:00+00:00,0.010129,0.010135,0.009985,0.010075,79132783.0
2025-09-03 21:45:00+00:00,0.010075,0.010219,0.010032,0.010113,73061927.0
2025-09-03 22:00:00+00:00,0.010113,0.010481,0.010059,0.01033,168650733.0
2025-09-03 22:15:00+00:00,0.01033,0.010433,0.010063,0.010198,133992579.0
2025-09-03 22:30:00+00:00,0.010199,0.010288,0.010096,0.010172,94951035.0
2025-09-03 22:45:00+00:00,0.010171,0.010384,0.010084,0.010356,76283272.0
2025-09-03 23:00:00+00:00,0.010357,0.010469,0.010037,0.01011,126848638.0
2025-09-03 23:15:00+00:00,0.01011,0.01027,0.009756,0.010246,198436876.0
2025-09-03 23:30:00+00:00,0.010245,0.01047,0.0102,0.01037,100279007.0
2025-09-03 23:45:00+00:00,0.010369,0.01058,0.010251,0.010401,110126641.0
2025-09-04 00:00:00+00:00,0.010401,0.010921,0.010299,0.010668,262613656.0
2025-09-04 00:15:00+00:00,0.010668,0.010849,0.010448,0.010514,161204289.0
2025-09-04 00:30:00+00:00,0.010513,0.010694,0.010452,0.010609,74709879.0
2025-09-04 00:45:00+00:00,0.010611,0.010648,0.010194,0.010289,111523121.0
2025-09-04 01:00:00+00:00,0.010287,0.010577,0.010243,0.010389,97998869.0
2025-09-04 01:15:00+00:00,0.010389,0.010404,0.010233,0.01032,58367907.0
2025-09-04 01:30:00+00:00,0.01032,0.010344,0.010114,0.010272,75108782.0
2025-09-04 01:45:00+00:00,0.010272,0.010425,0.010198,0.010235,49381636.0
2025-09-04 02:00:00+00:00,0.010233,0.010271,0.00999,0.01006,81836089.0
2025-09-04 02:15:00+00:00,0.010057,0.010194,0.010046,0.010163,50352420.0
2025-09-04 02:30:00+00:00,0.010166,0.010699,0.010157,0.010497,126722871.0
2025-09-04 02:45:00+00:00,0.010497,0.0111,0.010473,0.011012,195802457.0
2025-09-04 03:00:00+00:00,0.011013,0.011304,0.010876,0.010883,224000917.0
2025-09-04 03:15:00+00:00,0.010879,0.010995,0.010314,0.010526,252865854.0
2025-09-04 03:30:00+00:00,0.010534,0.010552,0.00968,0.009867,383882286.0
2025-09-04 03:45:00+00:00,0.009863,0.009987,0.009535,0.009699,184996008.0
2025-09-04 04:00:00+00:00,0.0097,0.009793,0.00934,0.009508,227373648.0
2025-09-04 04:15:00+00:00,0.009506,0.009508,0.009214,0.009303,124492810.0
2025-09-04 04:30:00+00:00,0.009303,0.00945,0.009091,0.009171,229477560.0
2025-09-04 04:45:00+00:00,0.009173,0.009239,0.00909,0.009153,102478398.0
2025-09-04 05:00:00+00:00,0.009154,0.009221,0.00887,0.009009,256439231.0
2025-09-04 05:15:00+00:00,0.00901,0.009118,0.008889,0.009029,125002951.0
2025-09-04 05:30:00+00:00,0.009027,0.009058,0.008857,0.008895,105558712.0
2025-09-04 05:45:00+00:00,0.008894,0.00901,0.008864,0.008874,98706957.0
2025-09-04 06:00:00+00:00,0.008874,0.008986,0.008743,0.008965,137499533.0
2025-09-04 06:15:00+00:00,0.008964,0.009002,0.008765,0.00883,100709934.0
2025-09-04 06:30:00+00:00,0.008828,0.008964,0.008822,0.008937,61934464.0
2025-09-04 06:45:00+00:00,0.008938,0.009395,0.008904,0.009191,183889241.0
2025-09-04 07:00:00+00:00,0.009189,0.009339,0.009063,0.009103,138636865.0
2025-09-04 07:15:00+00:00,0.009102,0.00913,0.008917,0.00902,106163653.0
2025-09-04 07:30:00+00:00,0.009019,0.009028,0.008917,0.00895,66584419.0
2025-09-04 07:45:00+00:00,0.00895,0.009008,0.008862,0.008952,51525094.0
2025-09-04 08:00:00+00:00,0.008952,0.009095,0.008882,0.008883,88124606.0
2025-09-04 08:15:00+00:00,0.008884,0.009037,0.0088,0.008962,118565631.0
2025-09-04 08:30:00+00:00,0.008963,0.009119,0.00891,0.008937,87711735.0
2025-09-04 08:45:00+00:00,0.008939,0.008964,0.008861,0.008917,57654811.0
2025-09-04 09:00:00+00:00,0.008918,0.008925,0.0087,0.008826,115482890.0
2025-09-04 09:15:00+00:00,0.008826,0.008842,0.008703,0.008749,104517163.0
2025-09-04 09:30:00+00:00,0.008748,0.008856,0.008588,0.008843,147827115.0
2025-09-04 09:45:00+00:00,0.008843,0.008894,0.00877,0.008832,51106590.0
2025-09-04 10:00:00+00:00,0.008832,0.008969,0.008776,0.00892,95403536.0
2025-09-04 10:15:00+00:00,0.00892,0.008928,0.008779,0.008818,71469000.0
2025-09-04 10:30:00+00:00,0.008819,0.008891,0.008763,0.008808,50758902.0
2025-09-04 10:45:00+00:00,0.008809,0.008819,0.008615,0.00868,82157789.0
2025-09-04 11:00:00+00:00,0.00868,0.008721,0.008537,0.008627,91163080.0
2025-09-04 11:15:00+00:00,0.008627,0.008835,0.008612,0.008647,98941443.0
2025-09-04 11:30:00+00:00,0.008646,0.008648,0.008522,0.008603,75224467.0
2025-09-04 11:45:00+00:00,0.008602,0.008644,0.008546,0.00863,57099389.0
2025-09-04 12:00:00+00:00,0.00863,0.008725,0.008597,0.008699,77328471.0
2025-09-04 12:15:00+00:00,0.008699,0.008801,0.008658,0.008744,90210171.0
2025-09-04 12:30:00+00:00,0.008744,0.008779,0.008649,0.008686,67124434.0
2025-09-04 12:45:00+00:00,0.008685,0.008787,0.008662,0.008746,52035455.0
2025-09-04 13:00:00+00:00,0.008746,0.00888,0.008558,0.008618,120588179.0
2025-09-04 13:15:00+00:00,0.008619,0.008619,0.0084,0.008553,160896872.0
2025-09-04 13:30:00+00:00,0.008553,0.008622,0.008425,0.008485,123548367.0
2025-09-04 13:45:00+00:00,0.008485,0.008488,0.008359,0.00841,90867027.0
2025-09-04 14:00:00+00:00,0.008409,0.008435,0.00825,0.008282,139593855.0
2025-09-04 14:15:00+00:00,0.008281,0.008464,0.008255,0.008417,110103645.0
2025-09-04 14:30:00+00:00,0.008417,0.008486,0.008346,0.008378,60289047.0
2025-09-04 14:45:00+00:00,0.00838,0.008406,0.008339,0.008376,46602722.0
2025-09-04 15:00:00+00:00,0.008376,0.008647,0.00836,0.008569,196982711.0
2025-09-04 15:15:00+00:00,0.008569,0.008711,0.008459,0.008463,151150177.0
2025-09-04 15:30:00+00:00,0.008463,0.008607,0.008404,0.00854,74095175.0
2025-09-04 15:45:00+00:00,0.00854,0.008654,0.008532,0.0086,57167315.0
2025-09-04 16:00:00+00:00,0.0086,0.008637,0.008546,0.008614,63014189.0
2025-09-04 16:15:00+00:00,0.008614,0.00872,0.008593,0.008696,53145526.0
2025-09-04 16:30:00+00:00,0.008696,0.008747,0.0086,0.008694,61243299.0
2025-09-04 16:45:00+00:00,0.008693,0.008783,0.008642,0.008722,56210656.0
2025-09-04 17:00:00+00:00,0.008723,0.008833,0.008687,0.008747,74615750.0
2025-09-04 17:15:00+00:00,0.008749,0.008842,0.008724,0.008789,52267394.0
2025-09-04 17:30:00+00:00,0.008789,0.008841,0.00875,0.008781,55737715.0
2025-09-04 17:45:00+00:00,0.008781,0.008871,0.008776,0.008834,44901753.0
2025-09-04 18:00:00+00:00,0.008834,0.008987,0.008825,0.008937,84995686.0
2025-09-04 18:15:00+00:00,0.008936,0.00907,0.008866,0.008918,99972367.0
2025-09-04 18:30:00+00:00,0.008918,0.008997,0.008862,0.008928,55285314.0
2025-09-04 18:45:00+00:00,0.008928,0.009137,0.008928,0.009097,73221417.0
2025-09-04 19:00:00+00:00,0.009096,0.009286,0.009063,0.009265,86460018.0
2025-09-04 19:15:00+00:00,0.009264,0.009371,0.00923,0.009267,79357041.0
2025-09-04 19:30:00+00:00,0.009268,0.0094,0.009239,0.009322,70779049.0
2025-09-04 19:45:00+00:00,0.009321,0.009462,0.009319,0.00939,75420917.0
2025-09-04 20:00:00+00:00,0.00939,0.009596,0.00939,0.009525,77428243.0
2025-09-04 20:15:00+00:00,0.009526,0.009608,0.00921,0.009355,219108643.0
2025-09-04 20:30:00+00:00,0.009354,0.009413,0.00927,0.009405,50725250.0
2025-09-04 20:45:00+00:00,0.009404,0.00957,0.0094,0.009538,39453002.0
2025-09-04 21:00:00+00:00,0.009539,0.00988,0.009539,0.009785,143878966.0
2025-09-04 21:15:00+00:00,0.009786,0.009945,0.009719,0.00985,90789968.0
2025-09-04 21:30:00+00:00,0.00985,0.009987,0.009747,0.009915,202785708.0
2025-09-04 21:45:00+00:00,0.009915,0.010008,0.009783,0.009919,74220782.0
2025-09-04 22:00:00+00:00,0.00992,0.010042,0.009868,0.009956,78130577.0
2025-09-04 22:15:00+00:00,0.009955,0.00999,0.009884,0.009953,33109479.0
2025-09-04 22:30:00+00:00,0.009954,0.010094,0.009854,0.010037,64668066.0
2025-09-04 22:45:00+00:00,0.010038,0.01019,0.009943,0.010138,68497580.0
2025-09-04 23:00:00+00:00,0.010138,0.010183,0.01006,0.010084,57569096.0
2025-09-04 23:15:00+00:00,0.010084,0.010165,0.009986,0.010143,47974125.0
2025-09-04 23:30:00+00:00,0.010143,0.010211,0.010057,0.010122,47084489.0
2025-09-04 23:45:00+00:00,0.010122,0.010209,0.010058,0.0101,47213832.0
2025-09-05 00:00:00+00:00,0.010099,0.010288,0.010033,0.010037,92942806.0
2025-09-05 00:15:00+00:00,0.01004,0.010184,0.010012,0.010158,48501079.0
2025-09-05 00:30:00+00:00,0.010156,0.010256,0.010072,0.010123,56708315.0
2025-09-05 00:45:00+00:00,0.010124,0.010203,0.010024,0.010076,70618836.0
2025-09-05 01:00:00+00:00,0.010077,0.010192,0.010056,0.01012,63418597.0
2025-09-05 01:15:00+00:00,0.01012,0.010136,0.009699,0.009798,137484015.0
2025-09-05 01:30:00+00:00,0.009796,0.01007,0.009791,0.009828,73739202.0
2025-09-05 01:45:00+00:00,0.009828,0.009858,0.009741,0.009836,43273286.0
2025-09-05 02:00:00+00:00,0.009836,0.00984,0.009641,0.009691,81844255.0
2025-09-05 02:15:00+00:00,0.009691,0.009741,0.009535,0.009578,68579987.0
2025-09-05 02:30:00+00:00,0.009579,0.009675,0.009449,0.009544,94982826.0
2025-09-05 02:45:00+00:00,0.009544,0.009559,0.009315,0.009373,50279559.0
2025-09-05 03:00:00+00:00,0.009374,0.009596,0.009353,0.0095,74845075.0
2025-09-05 03:15:00+00:00,0.0095,0.00954,0.009391,0.009424,37382600.0
2025-09-05 03:30:00+00:00,0.009424,0.009447,0.009247,0.009373,74247140.0
2025-09-05 03:45:00+00:00,0.009373,0.009428,0.009295,0.00934,36478446.0
2025-09-05 04:00:00+00:00,0.009341,0.009573,0.00931,0.009442,66102430.0
2025-09-05 04:15:00+00:00,0.009441,0.009645,0.009346,0.00939,93186269.0
2025-09-05 04:30:00+00:00,0.00939,0.009414,0.009222,0.009306,57922419.0
2025-09-05 04:45:00+00:00,0.009305,0.009422,0.009292,0.009341,31145351.0
2025-09-05 05:00:00+00:00,0.00934,0.009343,0.009169,0.009251,74984821.0
2025-09-05 05:15:00+00:00,0.009252,0.009265,0.009169,0.009216,32295112.0
2025-09-05 05:30:00+00:00,0.009217,0.009279,0.0091,0.00925,67099027.0
2025-09-05 05:45:00+00:00,0.009249,0.009291,0.009141,0.009174,50243567.0
2025-09-05 06:00:00+00:00,0.009173,0.009216,0.009075,0.009156,72904087.0
2025-09-05 06:15:00+00:00,0.009157,0.009188,0.008959,0.009066,90512041.0
2025-09-05 06:30:00+00:00,0.009067,0.009136,0.009059,0.009105,28144449.0
2025-09-05 06:45:00+00:00,0.009105,0.009131,0.009046,0.009056,25284069.0
2025-09-05 07:00:00+00:00,0.009056,0.009087,0.008957,0.008996,73278634.0
2025-09-05 07:15:00+00:00,0.008997,0.009272,0.008908,0.009236,90327663.0
2025-09-05 07:30:00+00:00,0.009236,0.009241,0.009108,0.009151,64675871.0
2025-09-05 07:45:00+00:00,0.009152,0.009202,0.008961,0.008993,77067538.0
2025-09-05 08:00:00+00:00,0.008994,0.009136,0.008949,0.009104,87432523.0
2025-09-05 08:15:00+00:00,0.009105,0.009157,0.009,0.009008,53097055.0
2025-09-05 08:30:00+00:00,0.009009,0.009093,0.00897,0.009064,43759690.0
2025-09-05 08:45:00+00:00,0.009064,0.009187,0.009015,0.009138,53386557.0
2025-09-05 09:00:00+00:00,0.009139,0.009321,0.009088,0.009277,94484879.0
2025-09-05 09:15:00+00:00,0.009278,0.009283,0.009141,0.009182,55191190.0
2025-09-05 09:30:00+00:00,0.009184,0.009218,0.009108,0.00914,64109569.0
2025-09-05 09:45:00+00:00,0.009141,0.009189,0.008916,0.008974,89823468.0
2025-09-05 10:00:00+00:00,0.008975,0.00912,0.008949,0.009094,54888291.0
2025-09-05 10:15:00+00:00,0.009093,0.009111,0.008995,0.00902,47768206.0
2025-09-05 10:30:00+00:00,0.009021,0.00926,0.009021,0.009214,67587574.0
2025-09-05 10:45:00+00:00,0.009213,0.00923,0.009087,0.009117,35271422.0
2025-09-05 11:00:00+00:00,0.009117,0.009203,0.009024,0.00909,62214871.0
2025-09-05 11:15:00+00:00,0.00909,0.009098,0.009054,0.009084,20084866.0
2025-09-05 11:30:00+00:00,0.009084,0.009086,0.008992,0.009043,43266779.0
2025-09-05 11:45:00+00:00,0.009042,0.009111,0.009042,0.009105,25195285.0
2025-09-05 12:00:00+00:00,0.009104,0.009201,0.009094,0.009137,53841363.0
2025-09-05 12:15:00+00:00,0.009136,0.009136,0.009005,0.009034,53406812.0
2025-09-05 12:30:00+00:00,0.009034,0.009137,0.009011,0.009035,116336335.0
2025-09-05 12:45:00+00:00,0.009035,0.009038,0.008708,0.009017,179607164.0
2025-09-05 13:00:00+00:00,0.009018,0.009082,0.008902,0.008993,80750695.0
2025-09-05 13:15:00+00:00,0.008992,0.009097,0.008979,0.00904,48447901.0
2025-09-05 13:30:00+00:00,0.009041,0.009045,0.00891,0.009,56141654.0
2025-09-05 13:45:00+00:00,0.008999,0.00902,0.008871,0.008889,50232719.0
2025-09-05 14:00:00+00:00,0.008887,0.008978,0.00881,0.008956,63900057.0
2025-09-05 14:15:00+00:00,0.008957,0.008962,0.008757,0.008783,93158285.0
2025-09-05 14:30:00+00:00,0.008783,0.008852,0.00873,0.008798,61974750.0
2025-09-05 14:45:00+00:00,0.008797,0.008937,0.008787,0.008844,60136362.0
2025-09-05 15:00:00+00:00,0.008844,0.009081,0.008843,0.00896,91975045.0
2025-09-05 15:15:00+00:00,0.008961,0.008983,0.008764,0.008794,68292154.0
2025-09-05 15:30:00+00:00,0.008795,0.008882,0.00874,0.008745,50580724.0
2025-09-05 15:45:00+00:00,0.008745,0.00876,0.008551,0.008696,105130559.0
2025-09-05 16:00:00+00:00,0.008695,0.008749,0.008633,0.008708,46258374.0
2025-09-05 16:15:00+00:00,0.008708,0.008795,0.008698,0.008773,34311733.0
2025-09-05 16:30:00+00:00,0.008772,0.008808,0.008702,0.008781,35779814.0
2025-09-05 16:45:00+00:00,0.00878,0.00893,0.008727,0.00884,59280339.0
2025-09-05 17:00:00+00:00,0.008841,0.008976,0.008669,0.008743,55677376.0
2025-09-05 17:15:00+00:00,0.008743,0.00882,0.008733,0.008746,19882510.0
2025-09-05 17:30:00+00:00,0.008747,0.008751,0.008567,0.008721,68325357.0
2025-09-05 17:45:00+00:00,0.008719,0.008743,0.008592,0.00862,28122573.0
2025-09-05 18:00:00+00:00,0.008621,0.008642,0.008401,0.008454,104466355.0
2025-09-05 18:15:00+00:00,0.008454,0.008478,0.00841,0.008426,31306537.0
2025-09-05 18:30:00+00:00,0.008425,0.008441,0.008333,0.008362,57002771.0
2025-09-05 18:45:00+00:00,0.00836,0.008474,0.008312,0.008454,50707587.0
2025-09-05 19:00:00+00:00,0.008457,0.008557,0.008358,0.008363,61977952.0
2025-09-05 19:15:00+00:00,0.008362,0.008446,0.00822,0.008398,121145477.0
2025-09-05 19:30:00+00:00,0.008398,0.008592,0.008351,0.008464,83085478.0
2025-09-05 19:45:00+00:00,0.008466,0.008583,0.00844,0.008507,68160989.0
2025-09-05 20:00:00+00:00,0.008506,0.008515,0.008338,0.008352,126408871.0
2025-09-05 20:15:00+00:00,0.008353,0.008452,0.00831,0.008384,82242721.0
2025-09-05 20:30:00+00:00,0.008383,0.008429,0.008324,0.008369,52529720.0
2025-09-05 20:45:00+00:00,0.008367,0.008424,0.008353,0.008372,44974416.0
2025-09-05 21:00:00+00:00,0.008374,0.0085,0.008274,0.00845,122166274.0
2025-09-05 21:15:00+00:00,0.008448,0.00855,0.008368,0.008496,71819171.0
2025-09-05 21:30:00+00:00,0.008497,0.008536,0.008369,0.008406,65146980.0
2025-09-05 21:45:00+00:00,0.008404,0.008404,0.008256,0.008329,58222042.0
2025-09-05 22:00:00+00:00,0.008328,0.008359,0.00825,0.008317,66912684.0
2025-09-05 22:15:00+00:00,0.008317,0.00833,0.007977,0.008084,244912436.0
2025-09-05 22:30:00+00:00,0.008085,0.008146,0.008047,0.008101,74848905.0
2025-09-05 22:45:00+00:00,0.008101,0.008202,0.008071,0.008151,76677392.0
2025-09-05 23:00:00+00:00,0.008151,0.008268,0.008138,0.008243,72188165.0
2025-09-05 23:15:00+00:00,0.008245,0.008246,0.008107,0.008193,51625961.0
2025-09-05 23:30:00+00:00,0.008193,0.00825,0.008178,0.008209,33027644.0
2025-09-05 23:45:00+00:00,0.008209,0.00827,0.008121,0.008248,68629972.0
2025-09-06 00:00:00+00:00,0.008245,0.008249,0.00811,0.008139,42120681.0
2025-09-06 00:15:00+00:00,0.008139,0.00823,0.00812,0.00821,45586339.0
2025-09-06 00:30:00+00:00,0.008211,0.008216,0.008146,0.008166,29949320.0
2025-09-06 00:45:00+00:00,0.008165,0.00824,0.008114,0.008161,73313873.0
2025-09-06 01:00:00+00:00,0.008161,0.008175,0.008125,0.008146,34833106.0
2025-09-06 01:15:00+00:00,0.008147,0.008222,0.008132,0.008209,31901813.0
2025-09-06 01:30:00+00:00,0.008209,0.008368,0.008206,0.008319,91775655.0
2025-09-06 01:45:00+00:00,0.008319,0.008369,0.00825,0.008357,64259768.0
2025-09-06 02:00:00+00:00,0.008356,0.008461,0.008297,0.008431,74240342.0
2025-09-06 02:15:00+00:00,0.008431,0.00855,0.008382,0.00851,68882761.0
2025-09-06 02:30:00+00:00,0.008512,0.00879,0.008511,0.008711,154849093.0
2025-09-06 02:45:00+00:00,0.008713,0.008784,0.008666,0.008767,84949933.0
2025-09-06 03:00:00+00:00,0.008767,0.008827,0.008554,0.008696,111942516.0
2025-09-06 03:15:00+00:00,0.008697,0.008703,0.008474,0.008577,84398799.0
2025-09-06 03:30:00+00:00,0.008578,0.00858,0.008407,0.00844,71299386.0
2025-09-06 03:45:00+00:00,0.008441,0.008515,0.00843,0.008477,46529166.0
2025-09-06 04:00:00+00:00,0.008475,0.008483,0.00835,0.008381,54882763.0
2025-09-06 04:15:00+00:00,0.008382,0.008411,0.008303,0.008336,68170589.0
2025-09-06 04:30:00+00:00,0.008337,0.008378,0.00826,0.008345,81178884.0
2025-09-06 04:45:00+00:00,0.008344,0.00836,0.008202,0.008275,66076160.0
2025-09-06 05:00:00+00:00,0.008275,0.008349,0.00825,0.00831,48049633.0
2025-09-06 05:15:00+00:00,0.00831,0.008369,0.008272,0.008311,51991633.0
2025-09-06 05:30:00+00:00,0.00831,0.008424,0.008299,0.008383,58515827.0
2025-09-06 05:45:00+00:00,0.008382,0.008401,0.008331,0.008339,44254767.0
2025-09-06 06:00:00+00:00,0.008338,0.008407,0.008265,0.008356,88883376.0
2025-09-06 06:15:00+00:00,0.008356,0.008472,0.008328,0.008388,99403700.0
2025-09-06 06:30:00+00:00,0.008387,0.008394,0.008281,0.008297,55714504.0
2025-09-06 06:45:00+00:00,0.008298,0.008358,0.008295,0.008347,32768635.0
2025-09-06 07:00:00+00:00,0.008347,0.008386,0.00833,0.008376,46549184.0
2025-09-06 07:15:00+00:00,0.008375,0.008379,0.00817,0.008197,114434468.0
2025-09-06 07:30:00+00:00,0.008198,0.008374,0.008171,0.008362,101669688.0
2025-09-06 07:45:00+00:00,0.008362,0.008479,0.008351,0.008418,77432455.0
2025-09-06 08:00:00+00:00,0.008417,0.008498,0.008375,0.008455,72026165.0
2025-09-06 08:15:00+00:00,0.008454,0.008528,0.008416,0.008464,75979880.0
2025-09-06 08:30:00+00:00,0.008465,0.008568,0.008435,0.008506,63481434.0
2025-09-06 08:45:00+00:00,0.008505,0.008622,0.008482,0.008618,68322477.0
2025-09-06 09:00:00+00:00,0.008619,0.008649,0.008536,0.0086,52872109.0
2025-09-06 09:15:00+00:00,0.0086,0.008654,0.008554,0.008621,56410489.0
2025-09-06 09:30:00+00:00,0.008622,0.008647,0.008586,0.008628,51640171.0
2025-09-06 09:45:00+00:00,0.008626,0.008777,0.008618,0.008673,84857383.0
2025-09-06 10:00:00+00:00,0.008672,0.008794,0.008672,0.008768,68818866.0
2025-09-06 10:15:00+00:00,0.00877,0.009174,0.00877,0.009049,184203354.0
2025-09-06 10:30:00+00:00,0.009049,0.009226,0.009013,0.009146,127919298.0
2025-09-06 10:45:00+00:00,0.009145,0.009218,0.009031,0.009171,96850759.0
2025-09-06 11:00:00+00:00,0.009171,0.009496,0.009164,0.009461,149854671.0
2025-09-06 11:15:00+00:00,0.009462,0.009478,0.009387,0.009426,90089778.0
2025-09-06 11:30:00+00:00,0.009428,0.009478,0.009387,0.009474,87475889.0
2025-09-06 11:45:00+00:00,0.009472,0.009587,0.009398,0.009429,112809075.0
2025-09-06 12:00:00+00:00,0.00943,0.009777,0.009427,0.009617,168844309.0
2025-09-06 12:15:00+00:00,0.009618,0.009803,0.009618,0.009673,109139536.0
2025-09-06 12:30:00+00:00,0.009675,0.009999,0.009617,0.009964,193075938.0
2025-09-06 12:45:00+00:00,0.009966,0.010089,0.009768,0.00988,175869570.0
2025-09-06 13:00:00+00:00,0.009879,0.009905,0.009233,0.00928,377562806.0
2025-09-06 13:15:00+00:00,0.009281,0.009576,0.009146,0.009551,209482050.0
2025-09-06 13:30:00+00:00,0.009551,0.009577,0.00935,0.009394,112736393.0
2025-09-06 13:45:00+00:00,0.009394,0.009519,0.009343,0.0094,63136301.0
2025-09-06 14:00:00+00:00,0.009399,0.009492,0.009294,0.009421,80227836.0
2025-09-06 14:15:00+00:00,0.009421,0.009599,0.009348,0.009365,102019261.0
2025-09-06 14:30:00+00:00,0.009366,0.00947,0.009223,0.009454,93209351.0
2025-09-06 14:45:00+00:00,0.009454,0.009475,0.00934,0.009347,51193638.0
2025-09-06 15:00:00+00:00,0.009348,0.009499,0.009317,0.009342,67025913.0
2025-09-06 15:15:00+00:00,0.009342,0.00946,0.0092,0.009422,74310514.0
2025-09-06 15:30:00+00:00,0.009422,0.009436,0.009305,0.009377,42530109.0
2025-09-06 15:45:00+00:00,0.009379,0.009508,0.009278,0.009466,62195465.0
2025-09-06 16:00:00+00:00,0.009465,0.009539,0.009332,0.009337,76340287.0
2025-09-06 16:15:00+00:00,0.00934,0.009437,0.009298,0.009351,58529307.0
2025-09-06 16:30:00+00:00,0.009352,0.009465,0.009303,0.009389,44242018.0
2025-09-06 16:45:00+00:00,0.009391,0.009517,0.00939,0.009498,48979989.0
2025-09-06 17:00:00+00:00,0.009499,0.009524,0.009315,0.009376,65381608.0
2025-09-06 17:15:00+00:00,0.009377,0.009503,0.009305,0.009483,39750426.0
2025-09-06 17:30:00+00:00,0.009484,0.009494,0.00938,0.00938,42918195.0
2025-09-06 17:45:00+00:00,0.009381,0.009414,0.009292,0.009303,49761003.0
2025-09-06 18:00:00+00:00,0.009306,0.009432,0.00924,0.009406,57632538.0
2025-09-06 18:15:00+00:00,0.009407,0.009446,0.009347,0.009408,28176861.0
2025-09-06 18:30:00+00:00,0.009408,0.009409,0.009271,0.009283,35874745.0
2025-09-06 18:45:00+00:00,0.009282,0.009397,0.009173,0.009395,60066185.0
2025-09-06 19:00:00+00:00,0.009393,0.009427,0.009328,0.00934,51838082.0
2025-09-06 19:15:00+00:00,0.00934,0.009453,0.0093,0.009419,43430203.0
2025-09-06 19:30:00+00:00,0.009418,0.009473,0.009342,0.009374,36393605.0
2025-09-06 19:45:00+00:00,0.009375,0.009639,0.009375,0.009425,76952899.0
2025-09-06 20:00:00+00:00,0.009425,0.009539,0.009424,0.009457,60217015.0
2025-09-06 20:15:00+00:00,0.009458,0.009571,0.00944,0.009514,50275243.0
2025-09-06 20:30:00+00:00,0.009516,0.009645,0.009456,0.009635,66396045.0
2025-09-06 20:45:00+00:00,0.009633,0.009639,0.009503,0.009597,65222471.0
2025-09-06 21:00:00+00:00,0.009599,0.009844,0.009545,0.009825,185959908.0
2025-09-06 21:15:00+00:00,0.009825,0.009885,0.009687,0.009794,144736348.0
2025-09-06 21:30:00+00:00,0.009795,0.009921,0.009713,0.009776,105033224.0
2025-09-06 21:45:00+00:00,0.009776,0.009831,0.009711,0.009806,48383633.0
2025-09-06 22:00:00+00:00,0.009806,0.009824,0.009581,0.009637,86955666.0
2025-09-06 22:15:00+00:00,0.009637,0.009791,0.00958,0.009762,54676828.0
2025-09-06 22:30:00+00:00,0.009765,0.00998,0.009684,0.009893,145802352.0
2025-09-06 22:45:00+00:00,0.009892,0.009892,0.009707,0.009733,90443722.0
2025-09-06 23:00:00+00:00,0.009733,0.009803,0.009727,0.009781,52944701.0
2025-09-06 23:15:00+00:00,0.00978,0.009787,0.009623,0.009689,60852986.0
2025-09-06 23:30:00+00:00,0.009689,0.009818,0.009683,0.009699,49613731.0
2025-09-06 23:45:00+00:00,0.009699,0.00989,0.009699,0.009786,66346968.0
2025-09-07 00:00:00+00:00,0.009789,0.009929,0.009771,0.009881,86248418.0
2025-09-07 00:15:00+00:00,0.009881,0.010058,0.009828,0.010045,139469544.0
2025-09-07 00:30:00+00:00,0.010044,0.010696,0.009964,0.010558,426663524.0
2025-09-07 00:45:00+00:00,0.010558,0.01077,0.009958,0.010033,444359567.0
2025-09-07 01:00:00+00:00,0.010031,0.010041,0.009139,0.009421,468343680.0
2025-09-07 01:15:00+00:00,0.009422,0.009594,0.009365,0.009457,141010791.0
2025-09-07 01:30:00+00:00,0.009457,0.009631,0.009415,0.009527,89809790.0
2025-09-07 01:45:00+00:00,0.009529,0.009531,0.009355,0.009439,83571503.0
2025-09-07 02:00:00+00:00,0.009438,0.009456,0.009256,0.009335,81668121.0
2025-09-07 02:15:00+00:00,0.009335,0.009367,0.009222,0.00928,53351269.0
2025-09-07 02:30:00+00:00,0.009279,0.009301,0.009231,0.009269,32558894.0
2025-09-07 02:45:00+00:00,0.00927,0.009291,0.009158,0.009201,36279240.0
2025-09-07 03:00:00+00:00,0.009201,0.009305,0.009188,0.009243,42291087.0
2025-09-07 03:15:00+00:00,0.009243,0.00929,0.00921,0.009252,34818468.0
2025-09-07 03:30:00+00:00,0.009252,0.009283,0.009211,0.009278,33401398.0
2025-09-07 03:45:00+00:00,0.009278,0.009343,0.009236,0.00927,50477950.0
2025-09-07 04:00:00+00:00,0.009271,0.00935,0.009267,0.009291,35407057.0
2025-09-07 04:15:00+00:00,0.00929,0.00934,0.009209,0.009236,56747011.0
2025-09-07 04:30:00+00:00,0.009235,0.00924,0.008904,0.009104,146759635.0
2025-09-07 04:45:00+00:00,0.009106,0.009152,0.009051,0.009084,33264331.0
2025-09-07 05:00:00+00:00,0.009083,0.00925,0.009048,0.009226,68075027.0
2025-09-07 05:15:00+00:00,0.009227,0.009264,0.009091,0.009112,58801757.0
2025-09-07 05:30:00+00:00,0.009112,0.009158,0.009066,0.009079,45367202.0
2025-09-07 05:45:00+00:00,0.009079,0.009092,0.00901,0.009067,45092727.0
2025-09-07 06:00:00+00:00,0.009067,0.009233,0.009056,0.009158,67028932.0
2025-09-07 06:15:00+00:00,0.009158,0.009451,0.009156,0.009424,74687444.0
2025-09-07 06:30:00+00:00,0.009426,0.009642,0.009402,0.009602,126752654.0
2025-09-07 06:45:00+00:00,0.009601,0.009961,0.009601,0.009926,118108959.0
2025-09-07 07:00:00+00:00,0.009927,0.010049,0.009707,0.009927,167492009.0
2025-09-07 07:15:00+00:00,0.009929,0.009973,0.009747,0.009859,71762318.0
2025-09-07 07:30:00+00:00,0.009858,0.009975,0.009815,0.009876,73318245.0
2025-09-07 07:45:00+00:00,0.009878,0.010368,0.009864,0.010353,124237872.0
2025-09-07 08:00:00+00:00,0.010352,0.010652,0.010102,0.010547,255649763.0
2025-09-07 08:15:00+00:00,0.010547,0.010604,0.010319,0.010486,116796796.0
2025-09-07 08:30:00+00:00,0.010485,0.010618,0.010364,0.010391,113234424.0
2025-09-07 08:45:00+00:00,0.010389,0.010769,0.010385,0.010702,134849443.0
2025-09-07 09:00:00+00:00,0.0107,0.010963,0.010526,0.010859,236756393.0
2025-09-07 09:15:00+00:00,0.010859,0.010998,0.010763,0.010935,112181795.0
2025-09-07 09:30:00+00:00,0.010935,0.011,0.010746,0.010815,149800421.0
2025-09-07 09:45:00+00:00,0.010816,0.010957,0.010752,0.010879,86544654.0
2025-09-07 10:00:00+00:00,0.010879,0.010986,0.0108,0.010822,85164269.0
2025-09-07 10:15:00+00:00,0.010822,0.01115,0.010775,0.010978,173848305.0
2025-09-07 10:30:00+00:00,0.010981,0.010991,0.010786,0.010806,85924318.0
2025-09-07 10:45:00+00:00,0.010808,0.010835,0.010367,0.010577,192696323.0
2025-09-07 11:00:00+00:00,0.010576,0.010658,0.01048,0.010521,64571764.0
2025-09-07 11:15:00+00:00,0.01052,0.010712,0.010462,0.010629,57759774.0
2025-09-07 11:30:00+00:00,0.010628,0.010652,0.010511,0.010528,50894124.0
2025-09-07 11:45:00+00:00,0.010528,0.010648,0.010482,0.010545,40757176.0
2025-09-07 12:00:00+00:00,0.010545,0.010617,0.01047,0.010495,56774850.0
2025-09-07 12:15:00+00:00,0.010495,0.01057,0.010474,0.010474,41127814.0
2025-09-07 12:30:00+00:00,0.010475,0.01061,0.010467,0.010498,40928549.0
2025-09-07 12:45:00+00:00,0.010498,0.010498,0.010316,0.010386,89560332.0
2025-09-07 13:00:00+00:00,0.010386,0.010386,0.010258,0.010338,54562916.0
2025-09-07 13:15:00+00:00,0.010337,0.010419,0.010262,0.010304,44231164.0
2025-09-07 13:30:00+00:00,0.010303,0.010351,0.01015,0.01023,47720318.0
2025-09-07 13:45:00+00:00,0.010231,0.010252,0.010103,0.01023,69726026.0
2025-09-07 14:00:00+00:00,0.010227,0.010446,0.010147,0.010199,84274902.0
2025-09-07 14:15:00+00:00,0.010198,0.01028,0.010105,0.01019,47514281.0
2025-09-07 14:30:00+00:00,0.010191,0.010272,0.010046,0.010248,62145987.0
2025-09-07 14:45:00+00:00,0.010249,0.010251,0.010063,0.010084,39616034.0
2025-09-07 15:00:00+00:00,0.010082,0.01017,0.009977,0.010008,55198611.0
2025-09-07 15:15:00+00:00,0.010007,0.010086,0.009943,0.010054,60109103.0
2025-09-07 15:30:00+00:00,0.010054,0.010122,0.010031,0.010112,37369375.0
2025-09-07 15:45:00+00:00,0.010114,0.01014,0.009994,0.010061,26562193.0
2025-09-07 16:00:00+00:00,0.010059,0.010092,0.009991,0.010032,30954288.0
2025-09-07 16:15:00+00:00,0.010034,0.010098,0.009937,0.010013,43290965.0
2025-09-07 16:30:00+00:00,0.010014,0.010078,0.009969,0.010042,29711641.0
2025-09-07 16:45:00+00:00,0.010042,0.010866,0.010029,0.010631,141889099.0
2025-09-07 17:00:00+00:00,0.010633,0.010782,0.010443,0.010507,116712099.0
2025-09-07 17:15:00+00:00,0.010508,0.010853,0.010372,0.01075,116515485.0
2025-09-07 17:30:00+00:00,0.010751,0.0123,0.010738,0.012142,565626367.0
2025-09-07 17:45:00+00:00,0.012143,0.013,0.01171,0.012832,637597162.0
2025-09-07 18:00:00+00:00,0.012832,0.0135,0.01275,0.013287,491308371.0
2025-09-07 18:15:00+00:00,0.01329,0.013658,0.01224,0.01242,606876310.0
2025-09-07 18:30:00+00:00,0.012426,0.012522,0.0112,0.011406,599971442.0
2025-09-07 18:45:00+00:00,0.011405,0.01141,0.010573,0.010861,551214271.0
2025-09-07 19:00:00+00:00,0.01086,0.010919,0.01004,0.010134,297435200.0
2025-09-07 19:15:00+00:00,0.010139,0.010394,0.0095,0.009571,220405952.0
2025-09-07 19:30:00+00:00,0.009571,0.009845,0.00913,0.009549,331567070.0
2025-09-07 19:45:00+00:00,0.009549,0.009989,0.00939,0.009829,166529502.0
2025-09-07 20:00:00+00:00,0.009826,0.009981,0.009552,0.009633,134082429.0
2025-09-07 20:15:00+00:00,0.009634,0.009895,0.009469,0.009674,90882840.0
2025-09-07 20:30:00+00:00,0.009675,0.0098,0.009591,0.009795,51486391.0
2025-09-07 20:45:00+00:00,0.009795,0.009966,0.009711,0.009849,77475457.0
2025-09-07 21:00:00+00:00,0.009849,0.009861,0.009566,0.009771,86319606.0
2025-09-07 21:15:00+00:00,0.009768,0.009979,0.009716,0.009963,66438199.0
2025-09-07 21:30:00+00:00,0.009964,0.010163,0.00978,0.009839,115183850.0
2025-09-07 21:45:00+00:00,0.00984,0.010104,0.009824,0.010104,44561508.0
2025-09-07 22:00:00+00:00,0.010104,0.010337,0.009997,0.010045,133043855.0
2025-09-07 22:15:00+00:00,0.010043,0.010095,0.009882,0.009956,57806368.0
2025-09-07 22:30:00+00:00,0.009954,0.010071,0.009885,0.010003,51801934.0
2025-09-07 22:45:00+00:00,0.010003,0.010163,0.009971,0.010159,50490180.0
2025-09-07 23:00:00+00:00,0.01016,0.010259,0.00997,0.010025,53642540.0
2025-09-07 23:15:00+00:00,0.010026,0.010175,0.009847,0.009968,76762480.0
2025-09-07 23:30:00+00:00,0.009971,0.009971,0.009838,0.009928,36173936.0
2025-09-07 23:45:00+00:00,0.00993,0.00998,0.009857,0.009908,29094093.0
2025-09-08 00:00:00+00:00,0.009908,0.01007,0.00986,0.009972,39947947.0
2025-09-08 00:15:00+00:00,0.009971,0.010043,0.009915,0.009977,35099067.0
2025-09-08 00:30:00+00:00,0.009977,0.010338,0.009968,0.010326,68465221.0
2025-09-08 00:45:00+00:00,0.010326,0.01068,0.01029,0.010513,160798421.0
2025-09-08 01:00:00+00:00,0.010513,0.01098,0.010512,0.01097,105560231.0
2025-09-08 01:15:00+00:00,0.010968,0.011164,0.01084,0.010927,121068639.0
2025-09-08 01:30:00+00:00,0.010927,0.011276,0.010799,0.011036,107674757.0
2025-09-08 01:45:00+00:00,0.011036,0.011143,0.010877,0.010981,47944576.0
2025-09-08 02:00:00+00:00,0.01098,0.011297,0.010966,0.011115,92927106.0
2025-09-08 02:15:00+00:00,0.011114,0.011151,0.010941,0.011049,62900883.0
2025-09-08 02:30:00+00:00,0.011049,0.011224,0.010994,0.011065,72769742.0
2025-09-08 02:45:00+00:00,0.011066,0.011113,0.010864,0.011075,73445209.0
2025-09-08 03:00:00+00:00,0.011074,0.011156,0.010905,0.011015,85975909.0
2025-09-08 03:15:00+00:00,0.011015,0.011263,0.010998,0.01118,97409203.0
2025-09-08 03:30:00+00:00,0.011179,0.011237,0.011024,0.011071,76847283.0
2025-09-08 03:45:00+00:00,0.01107,0.011257,0.011013,0.011097,99922602.0
2025-09-08 04:00:00+00:00,0.011097,0.011137,0.01047,0.010584,172829188.0
2025-09-08 04:15:00+00:00,0.010585,0.010659,0.010329,0.010408,170396212.0
2025-09-08 04:30:00+00:00,0.010408,0.01062,0.010247,0.010582,122731076.0
2025-09-08 04:45:00+00:00,0.010583,0.01066,0.010508,0.010579,59743558.0
2025-09-08 05:00:00+00:00,0.010578,0.010799,0.010552,0.010703,59319577.0
2025-09-08 05:15:00+00:00,0.010702,0.010757,0.010652,0.01067,32530072.0
2025-09-08 05:30:00+00:00,0.010671,0.011087,0.010651,0.011002,83423985.0
2025-09-08 05:45:00+00:00,0.011003,0.011028,0.010872,0.010932,46738299.0
2025-09-08 06:00:00+00:00,0.010932,0.010974,0.010731,0.010849,43488480.0
2025-09-08 06:15:00+00:00,0.010848,0.0109,0.010741,0.010856,36767514.0
2025-09-08 06:30:00+00:00,0.010856,0.010882,0.010678,0.01075,38906811.0
2025-09-08 06:45:00+00:00,0.01075,0.010827,0.010732,0.010776,21093223.0
2025-09-08 07:00:00+00:00,0.010776,0.010839,0.010726,0.010734,26912799.0
2025-09-08 07:15:00+00:00,0.010734,0.010756,0.010466,0.010509,56679048.0
2025-09-08 07:30:00+00:00,0.01051,0.01052,0.010388,0.010416,47182794.0
2025-09-08 07:45:00+00:00,0.010416,0.010437,0.010127,0.010161,90837314.0
2025-09-08 08:00:00+00:00,0.010162,0.010281,0.009902,0.01012,114514702.0
2025-09-08 08:15:00+00:00,0.010121,0.010298,0.010118,0.010256,78954920.0
2025-09-08 08:30:00+00:00,0.010256,0.010412,0.01022,0.010374,62733184.0
2025-09-08 08:45:00+00:00,0.010374,0.010538,0.01037,0.010534,43040648.0
2025-09-08 09:00:00+00:00,0.010533,0.010644,0.010272,0.010442,86803418.0
2025-09-08 09:15:00+00:00,0.010443,0.010613,0.010366,0.010602,62144045.0
2025-09-08 09:30:00+00:00,0.010601,0.01093,0.010548,0.010739,78351056.0
2025-09-08 09:45:00+00:00,0.01074,0.010834,0.010641,0.010769,41757777.0
2025-09-08 10:00:00+00:00,0.01077,0.010831,0.010543,0.010735,60368127.0
2025-09-08 10:15:00+00:00,0.010734,0.011062,0.010727,0.010982,55065011.0
2025-09-08 10:30:00+00:00,0.010982,0.011181,0.010836,0.01111,65970199.0
2025-09-08 10:45:00+00:00,0.01111,0.011188,0.0108,0.01094,72234696.0
2025-09-08 11:00:00+00:00,0.010942,0.011098,0.010878,0.011074,50090968.0
2025-09-08 11:15:00+00:00,0.011075,0.01117,0.010877,0.01098,59235184.0
2025-09-08 11:30:00+00:00,0.010981,0.011372,0.010951,0.011193,68498761.0
2025-09-08 11:45:00+00:00,0.011195,0.01131,0.011004,0.011059,46873233.0
2025-09-08 12:00:00+00:00,0.011055,0.011693,0.011052,0.01163,90265175.0
2025-09-08 12:15:00+00:00,0.011631,0.011692,0.011296,0.011635,83838484.0
2025-09-08 12:30:00+00:00,0.011637,0.011785,0.011465,0.011584,78578605.0
2025-09-08 12:45:00+00:00,0.011584,0.011622,0.011378,0.011413,67134381.0
2025-09-08 13:00:00+00:00,0.011417,0.011587,0.011201,0.011423,93813218.0
2025-09-08 13:15:00+00:00,0.011424,0.011599,0.011282,0.011338,82340650.0
2025-09-08 13:30:00+00:00,0.01134,0.011511,0.010848,0.011107,130489145.0
2025-09-08 13:45:00+00:00,0.011114,0.011257,0.011043,0.011226,53173742.0
2025-09-08 14:00:00+00:00,0.011228,0.011253,0.010913,0.01106,58229050.0
2025-09-08 14:15:00+00:00,0.011058,0.011158,0.010996,0.011063,30456417.0
2025-09-08 14:30:00+00:00,0.011062,0.011745,0.011018,0.011594,82490159.0
2025-09-08 14:45:00+00:00,0.011594,0.011775,0.011438,0.011741,100698736.0
2025-09-08 15:00:00+00:00,0.011745,0.011882,0.011512,0.011742,95897822.0
2025-09-08 15:15:00+00:00,0.011743,0.012492,0.011739,0.012321,139225322.0
2025-09-08 15:30:00+00:00,0.012322,0.01244,0.012078,0.012356,85993200.0
2025-09-08 15:45:00+00:00,0.012362,0.012539,0.012206,0.012367,83728891.0
2025-09-08 16:00:00+00:00,0.012367,0.012509,0.011737,0.012378,169210482.0
2025-09-08 16:15:00+00:00,0.012373,0.012731,0.012239,0.012697,81015926.0
2025-09-08 16:30:00+00:00,0.012702,0.013582,0.012584,0.013399,243439278.0
2025-09-08 16:45:00+00:00,0.013396,0.014254,0.012924,0.01414,299968930.0
2025-09-08 17:00:00+00:00,0.014129,0.014857,0.01165,0.012175,604801252.0
2025-09-08 17:15:00+00:00,0.012176,0.01299,0.012135,0.012807,212344658.0
2025-09-08 17:30:00+00:00,0.012806,0.01315,0.012753,0.013008,130842700.0
2025-09-08 17:45:00+00:00,0.013009,0.013231,0.01272,0.013121,98700021.0
2025-09-08 18:00:00+00:00,0.013124,0.01378,0.013119,0.013392,145200938.0
2025-09-08 18:15:00+00:00,0.013392,0.013573,0.013206,0.013528,68958609.0
2025-09-08 18:30:00+00:00,0.013524,0.014206,0.013439,0.014176,77115154.0
2025-09-08 18:45:00+00:00,0.014177,0.015264,0.013852,0.015041,208658064.0
2025-09-08 19:00:00+00:00,0.015039,0.016249,0.014437,0.01591,366434796.0
2025-09-08 19:15:00+00:00,0.015917,0.017307,0.015548,0.01656,466728990.0
2025-09-08 19:30:00+00:00,0.016559,0.017325,0.016301,0.016942,308298838.0
2025-09-08 19:45:00+00:00,0.016951,0.022285,0.01661,0.02217,913148027.0
2025-09-08 20:00:00+00:00,0.022177,0.0224,0.018109,0.018435,680815794.0
2025-09-08 20:15:00+00:00,0.018413,0.018632,0.013547,0.013878,971736011.0
2025-09-08 20:30:00+00:00,0.01388,0.014354,0.0126,0.013917,588302208.0
2025-09-08 20:45:00+00:00,0.013918,0.014494,0.013345,0.013914,294151857.0
2025-09-08 21:00:00+00:00,0.013911,0.015622,0.01366,0.014915,345755635.0
2025-09-08 21:15:00+00:00,0.014924,0.016279,0.014225,0.015959,262696257.0
2025-09-08 21:30:00+00:00,0.015971,0.017623,0.015561,0.016961,303906624.0
2025-09-08 21:45:00+00:00,0.016953,0.017239,0.0153,0.015819,238407245.0
2025-09-08 22:00:00+00:00,0.015823,0.016144,0.0145,0.01475,198421112.0
2025-09-08 22:15:00+00:00,0.01475,0.015764,0.014619,0.014855,174222127.0
2025-09-08 22:30:00+00:00,0.014855,0.015616,0.014543,0.015464,91813593.0
2025-09-08 22:45:00+00:00,0.015469,0.015756,0.015072,0.015644,101983695.0
2025-09-08 23:00:00+00:00,0.015645,0.015964,0.015187,0.015795,99790833.0
2025-09-08 23:15:00+00:00,0.015793,0.01816,0.015618,0.017754,282956024.0
2025-09-08 23:30:00+00:00,0.01775,0.018718,0.016629,0.017304,268098823.0
2025-09-08 23:45:00+00:00,0.017299,0.018961,0.016832,0.018499,216666323.0
2025-09-09 00:00:00+00:00,0.018514,0.019093,0.017161,0.018509,229235175.0
2025-09-09 00:15:00+00:00,0.018508,0.020016,0.018013,0.019382,319256190.0
2025-09-09 00:30:00+00:00,0.019372,0.019412,0.017943,0.01852,154020520.0
2025-09-09 00:45:00+00:00,0.01852,0.018975,0.01738,0.018406,158071668.0
2025-09-09 01:00:00+00:00,0.018405,0.018783,0.018095,0.018149,86112226.0
2025-09-09 01:15:00+00:00,0.01815,0.018278,0.01754,0.017919,91394961.0
2025-09-09 01:30:00+00:00,0.017919,0.018077,0.016124,0.017265,259239279.0
2025-09-09 01:45:00+00:00,0.017278,0.017689,0.016905,0.01734,92452636.0
2025-09-09 02:00:00+00:00,0.017329,0.017334,0.016303,0.016549,98491913.0
2025-09-09 02:15:00+00:00,0.016548,0.017493,0.016539,0.016768,122705423.0
2025-09-09 02:30:00+00:00,0.016768,0.017029,0.01534,0.015521,192730097.0
2025-09-09 02:45:00+00:00,0.015521,0.015846,0.01456,0.015643,191009295.0
2025-09-09 03:00:00+00:00,0.015643,0.016222,0.01548,0.015837,112623702.0
2025-09-09 03:15:00+00:00,0.015838,0.015859,0.015203,0.01528,68292725.0
2025-09-09 03:30:00+00:00,0.015289,0.015431,0.015087,0.015174,50248021.0
2025-09-09 03:45:00+00:00,0.015173,0.015565,0.015041,0.015433,43469965.0
2025-09-09 04:00:00+00:00,0.015427,0.01575,0.01511,0.015631,68047950.0
2025-09-09 04:15:00+00:00,0.01563,0.015948,0.015047,0.015796,87558541.0
2025-09-09 04:30:00+00:00,0.015788,0.016649,0.015497,0.016337,183678107.0
2025-09-09 04:45:00+00:00,0.016339,0.016597,0.015826,0.015995,176466253.0
2025-09-09 05:00:00+00:00,0.01599,0.016031,0.014112,0.014942,272322122.0
2025-09-09 05:15:00+00:00,0.014951,0.015158,0.014371,0.01502,114683063.0
2025-09-09 05:30:00+00:00,0.01502,0.01502,0.014491,0.014776,61893782.0
2025-09-09 05:45:00+00:00,0.014773,0.0148,0.01452,0.014689,45547990.0
2025-09-09 06:00:00+00:00,0.014688,0.014984,0.014509,0.014788,79460986.0
2025-09-09 06:15:00+00:00,0.014788,0.015393,0.014719,0.014988,83576054.0
2025-09-09 06:30:00+00:00,0.014986,0.015065,0.01455,0.01503,68462174.0
2025-09-09 06:45:00+00:00,0.015031,0.015085,0.014623,0.014734,49219774.0
2025-09-09 07:00:00+00:00,0.014732,0.015299,0.01467,0.01501,82839199.0
2025-09-09 07:15:00+00:00,0.015012,0.01546,0.014818,0.015396,61420463.0
2025-09-09 07:30:00+00:00,0.015398,0.018018,0.015365,0.016474,628029329.0
2025-09-13 21:45:00+00:00,0.019602,0.019805,0.019151,0.019348,31995409.0
2025-09-13 22:00:00+00:00,0.019357,0.019775,0.018909,0.019644,40139855.0
2025-09-13 22:15:00+00:00,0.019649,0.021771,0.019649,0.021503,126043109.0
2025-09-13 22:30:00+00:00,0.021504,0.022176,0.0211,0.021483,112947864.0
2025-09-13 22:45:00+00:00,0.021493,0.024275,0.021311,0.023839,175179614.0
2025-09-13 23:00:00+00:00,0.023838,0.0268,0.021345,0.022656,382711717.0
2025-09-13 23:15:00+00:00,0.022655,0.023683,0.021773,0.02279,180047407.0
2025-09-13 23:30:00+00:00,0.02279,0.023384,0.022164,0.022885,101914329.0
2025-09-13 23:45:00+00:00,0.0229,0.023684,0.022233,0.022989,79906128.0
2025-09-14 00:00:00+00:00,0.022989,0.02479,0.0225,0.023431,142205461.0
2025-09-14 00:15:00+00:00,0.023443,0.027175,0.023365,0.026662,194565930.0
2025-09-14 00:30:00+00:00,0.026664,0.0274,0.024019,0.024547,229692570.0
2025-09-14 00:45:00+00:00,0.024547,0.024685,0.021699,0.021739,205421776.0
2025-09-14 01:00:00+00:00,0.021755,0.02249,0.0205,0.022466,205142471.0
2025-09-14 01:15:00+00:00,0.022464,0.02247,0.020981,0.02197,120542819.0
2025-09-14 01:30:00+00:00,0.021971,0.02297,0.0218,0.022693,59317771.0
2025-09-14 01:45:00+00:00,0.022697,0.022737,0.0215,0.021856,59319830.0
2025-09-14 02:00:00+00:00,0.021854,0.022225,0.021109,0.021195,83781127.0
2025-09-14 02:15:00+00:00,0.021208,0.022618,0.021029,0.022365,83338737.0
2025-09-14 02:30:00+00:00,0.022369,0.022839,0.021784,0.022776,55504041.0
2025-09-14 02:45:00+00:00,0.022772,0.022899,0.021615,0.021927,77719572.0
2025-09-14 03:00:00+00:00,0.021925,0.022357,0.021377,0.02187,56706455.0
2025-09-14 03:15:00+00:00,0.021872,0.0223,0.02167,0.022293,43472400.0
2025-09-14 03:30:00+00:00,0.022283,0.022798,0.022054,0.022599,58742550.0
2025-09-14 03:45:00+00:00,0.02261,0.022831,0.021521,0.021879,70167196.0
2025-09-14 04:00:00+00:00,0.021878,0.022768,0.021696,0.022539,75092211.0
2025-09-14 04:15:00+00:00,0.022536,0.0232,0.022348,0.022463,98605299.0
2025-09-14 04:30:00+00:00,0.022468,0.023342,0.02206,0.023211,76514057.0
2025-09-14 04:45:00+00:00,0.023215,0.023963,0.022996,0.023629,87996195.0
2025-09-14 05:00:00+00:00,0.023641,0.023672,0.023229,0.02363,49155077.0
2025-09-14 05:15:00+00:00,0.02363,0.023909,0.023388,0.023886,40566593.0
2025-09-14 05:30:00+00:00,0.023878,0.024106,0.02342,0.023451,56086881.0
2025-09-14 05:45:00+00:00,0.02345,0.024215,0.023427,0.023895,49981338.0
2025-09-14 06:00:00+00:00,0.023896,0.0257,0.023885,0.024903,127605782.0
2025-09-14 06:15:00+00:00,0.024912,0.025972,0.024687,0.025701,104704917.0
2025-09-14 06:30:00+00:00,0.025701,0.026111,0.024866,0.025096,120968727.0
2025-09-14 06:45:00+00:00,0.025097,0.025858,0.025016,0.02543,73047167.0
2025-09-14 07:00:00+00:00,0.025432,0.02735,0.025289,0.02732,191194808.0
2025-09-14 07:15:00+00:00,0.027298,0.0295,0.0265,0.02716,433506857.0
2025-09-14 07:30:00+00:00,0.027151,0.027415,0.026401,0.027112,122995020.0
2025-09-14 07:45:00+00:00,0.027107,0.0285,0.0267,0.027723,161999263.0
2025-09-14 08:00:00+00:00,0.027707,0.030298,0.02726,0.029578,325730717.0
2025-09-14 08:15:00+00:00,0.029578,0.031,0.028956,0.029418,373175284.0
2025-09-14 08:30:00+00:00,0.029422,0.030709,0.029197,0.030269,177588129.0
2025-09-14 08:45:00+00:00,0.030269,0.033,0.03026,0.031299,348204871.0
2025-09-14 09:00:00+00:00,0.031283,0.03344,0.025875,0.027584,651981765.0
2025-09-14 09:15:00+00:00,0.02758,0.029561,0.027143,0.0279,400167574.0
2025-09-14 09:30:00+00:00,0.027883,0.028567,0.027026,0.028389,202276354.0
2025-09-14 09:45:00+00:00,0.028369,0.02884,0.027706,0.028794,124955156.0
2025-09-14 10:00:00+00:00,0.028778,0.029467,0.027867,0.029074,180734442.0
2025-09-14 10:15:00+00:00,0.029062,0.0305,0.028801,0.030333,188435216.0
2025-09-14 10:30:00+00:00,0.030334,0.031,0.029869,0.030554,172734899.0
2025-09-14 10:45:00+00:00,0.030562,0.032299,0.029891,0.032089,351743113.0
2025-09-14 11:00:00+00:00,0.032081,0.034369,0.031639,0.032899,504976753.0
2025-09-14 11:15:00+00:00,0.032898,0.033128,0.030381,0.031107,319611491.0
2025-09-14 11:30:00+00:00,0.031107,0.03219,0.0305,0.030862,201552098.0
2025-09-14 11:45:00+00:00,0.030875,0.032935,0.030856,0.032539,203462122.0
2025-09-14 12:00:00+00:00,0.03254,0.033289,0.032214,0.03279,205428967.0
2025-09-14 12:15:00+00:00,0.03279,0.033672,0.032091,0.032468,186899994.0
2025-09-14 12:30:00+00:00,0.032455,0.033363,0.031503,0.032242,230952681.0
2025-09-14 12:45:00+00:00,0.032261,0.0328,0.03128,0.031926,206116855.0
2025-09-14 13:00:00+00:00,0.031924,0.032185,0.030763,0.031249,178056096.0
2025-09-14 13:15:00+00:00,0.031239,0.031384,0.029353,0.030164,283768469.0
2025-09-14 13:30:00+00:00,0.030164,0.031353,0.030075,0.030868,123992926.0
2025-09-14 13:45:00+00:00,0.030859,0.030859,0.0288,0.029027,192974807.0
2025-09-14 14:00:00+00:00,0.029027,0.030491,0.028981,0.029521,147955468.0
2025-09-14 14:15:00+00:00,0.029533,0.030467,0.029087,0.029956,110168216.0
2025-09-14 14:30:00+00:00,0.029941,0.030068,0.029102,0.029275,76554213.0
2025-09-14 14:45:00+00:00,0.029275,0.030255,0.02923,0.029507,97667104.0
2025-09-14 15:00:00+00:00,0.029515,0.029567,0.027649,0.028235,208147617.0
2025-09-14 15:15:00+00:00,0.028232,0.029552,0.028075,0.02916,120407907.0
2025-09-14 15:30:00+00:00,0.029147,0.0301,0.028334,0.02988,99673757.0
2025-09-14 15:45:00+00:00,0.029861,0.031294,0.029381,0.03001,236115623.0
2025-09-14 16:00:00+00:00,0.03001,0.030693,0.028356,0.028764,178872335.0
2025-09-14 16:15:00+00:00,0.028763,0.029424,0.027715,0.028531,134385560.0
2025-09-14 16:30:00+00:00,0.028535,0.02857,0.027514,0.027932,113653837.0
2025-09-14 16:45:00+00:00,0.027933,0.028127,0.02655,0.027131,155629333.0
2025-09-14 17:00:00+00:00,0.027133,0.027167,0.024618,0.025468,271746456.0
2025-09-14 17:15:00+00:00,0.025467,0.025675,0.024022,0.024405,237984391.0
2025-09-14 17:30:00+00:00,0.024406,0.024831,0.022187,0.02249,314668305.0
2025-09-14 17:45:00+00:00,0.02248,0.02293,0.021739,0.022753,255775687.0
2025-09-14 18:00:00+00:00,0.022749,0.02289,0.020921,0.021378,266757107.0
2025-09-14 18:15:00+00:00,0.02137,0.021443,0.020548,0.020816,169000434.0
2025-09-14 18:30:00+00:00,0.020816,0.021287,0.019758,0.021032,314459954.0
2025-09-14 18:45:00+00:00,0.021024,0.023717,0.020943,0.022789,327238536.0
2025-09-14 19:00:00+00:00,0.022805,0.02418,0.021848,0.023479,198989342.0
2025-09-14 19:15:00+00:00,0.023477,0.024172,0.022593,0.024112,108095143.0
2025-09-14 19:30:00+00:00,0.024101,0.024108,0.022534,0.022695,126869850.0
2025-09-14 19:45:00+00:00,0.022696,0.02319,0.022056,0.022995,93275557.0
2025-09-14 20:00:00+00:00,0.022995,0.024,0.02256,0.02368,100988839.0
2025-09-14 20:15:00+00:00,0.023693,0.0245,0.023218,0.024055,96694919.0
2025-09-14 20:30:00+00:00,0.024041,0.024968,0.023889,0.024709,132148782.0
2025-09-14 20:45:00+00:00,0.024704,0.025904,0.024455,0.0251,137695323.0
2025-09-14 21:00:00+00:00,0.025085,0.025104,0.02367,0.024688,140354567.0
2025-09-14 21:15:00+00:00,0.024688,0.025414,0.023808,0.023889,102570993.0
2025-09-14 21:30:00+00:00,0.0239,0.02411,0.0226,0.023105,109439511.0
2025-09-14 21:45:00+00:00,0.023099,0.023556,0.022971,0.023295,33095502.0
2025-09-14 22:00:00+00:00,0.023289,0.024492,0.02326,0.023465,85666092.0
2025-09-14 22:15:00+00:00,0.023472,0.023485,0.022454,0.02271,74419666.0
2025-09-14 22:30:00+00:00,0.022708,0.022785,0.022234,0.022502,59477200.0
2025-09-14 22:45:00+00:00,0.022517,0.022988,0.022454,0.02266,41234792.0
2025-09-14 23:00:00+00:00,0.022676,0.022835,0.02202,0.022236,51895723.0
2025-09-14 23:15:00+00:00,0.022233,0.022233,0.021615,0.021998,46555026.0
2025-09-14 23:30:00+00:00,0.022003,0.022008,0.021641,0.021795,27464956.0
2025-09-14 23:45:00+00:00,0.021794,0.022738,0.021679,0.022432,56817160.0
2025-09-15 00:00:00+00:00,0.022432,0.022531,0.021988,0.022315,36401211.0
2025-09-15 00:15:00+00:00,0.022314,0.022353,0.021537,0.021604,39676655.0
2025-09-15 00:30:00+00:00,0.021613,0.02182,0.021112,0.021721,52378156.0
2025-09-15 00:45:00+00:00,0.021718,0.021858,0.02154,0.021712,24311664.0
2025-09-15 01:00:00+00:00,0.021712,0.022699,0.021556,0.022492,53884134.0
2025-09-15 01:15:00+00:00,0.022488,0.022657,0.022089,0.022352,34057759.0
2025-09-15 01:30:00+00:00,0.022341,0.022482,0.022042,0.022339,31159234.0
2025-09-15 01:45:00+00:00,0.022343,0.023348,0.022172,0.022809,57326830.0
2025-09-15 02:00:00+00:00,0.022809,0.023377,0.02204,0.022223,70898433.0
2025-09-15 02:15:00+00:00,0.02222,0.022748,0.022034,0.022715,43562257.0
2025-09-15 02:30:00+00:00,0.02271,0.023349,0.022538,0.023099,44372628.0
2025-09-15 02:45:00+00:00,0.0231,0.023913,0.02309,0.023646,55241037.0
2025-09-15 03:00:00+00:00,0.023636,0.024851,0.023495,0.023909,107897681.0
2025-09-15 03:15:00+00:00,0.023899,0.024736,0.023167,0.023467,75229980.0
2025-09-15 03:30:00+00:00,0.023478,0.023937,0.023024,0.023744,40675880.0
2025-09-15 03:45:00+00:00,0.023735,0.024336,0.023401,0.024003,46399154.0
2025-09-15 04:00:00+00:00,0.024003,0.024416,0.023846,0.024233,48186712.0
2025-09-15 04:15:00+00:00,0.024237,0.024868,0.024017,0.024809,61791560.0
2025-09-15 04:30:00+00:00,0.024813,0.024821,0.022482,0.023229,129429787.0
2025-09-15 04:45:00+00:00,0.023209,0.023473,0.022484,0.023055,60063560.0
2025-09-15 05:00:00+00:00,0.023052,0.023509,0.022598,0.02341,45470436.0
2025-09-15 05:15:00+00:00,0.023405,0.024094,0.02334,0.023946,40987169.0
2025-09-15 05:30:00+00:00,0.023931,0.024577,0.023671,0.024517,47419133.0
2025-09-15 05:45:00+00:00,0.024517,0.025358,0.023984,0.025292,67810276.0
2025-09-15 06:00:00+00:00,0.025292,0.026051,0.024731,0.025532,114887424.0
2025-09-15 06:15:00+00:00,0.02551,0.025714,0.024946,0.02545,53915691.0
2025-09-15 06:30:00+00:00,0.025442,0.02579,0.024917,0.025008,69351000.0
2025-09-15 06:45:00+00:00,0.025,0.025908,0.02457,0.025677,68035528.0
2025-09-15 07:00:00+00:00,0.025671,0.026783,0.02412,0.0244,166033631.0
2025-09-15 07:15:00+00:00,0.024408,0.0255,0.024405,0.025354,61402855.0
2025-09-15 07:30:00+00:00,0.025342,0.025516,0.024,0.024203,81223826.0
2025-09-15 07:45:00+00:00,0.024203,0.025253,0.024129,0.025041,46853248.0
2025-09-15 08:00:00+00:00,0.025006,0.025902,0.024542,0.025721,71901849.0
2025-09-15 08:15:00+00:00,0.025727,0.026912,0.024679,0.024962,108387473.0
2025-09-15 08:30:00+00:00,0.024949,0.025724,0.02471,0.024884,55414506.0
2025-09-15 08:45:00+00:00,0.024882,0.025999,0.024601,0.025361,52520760.0
2025-09-15 09:00:00+00:00,0.025365,0.025978,0.024238,0.025256,78853020.0
2025-09-15 09:15:00+00:00,0.025265,0.025856,0.02418,0.024366,78710868.0
2025-09-15 09:30:00+00:00,0.024366,0.024965,0.023635,0.024567,86984912.0
2025-09-15 09:45:00+00:00,0.024555,0.025321,0.024252,0.0249,65152773.0
2025-09-15 10:00:00+00:00,0.024897,0.025803,0.02477,0.02556,50548410.0
2025-09-15 10:15:00+00:00,0.025568,0.026129,0.02537,0.025577,44365621.0
2025-09-15 10:30:00+00:00,0.025572,0.02625,0.025174,0.025892,58273148.0
2025-09-15 10:45:00+00:00,0.025881,0.026019,0.025612,0.025766,28280584.0
2025-09-15 11:00:00+00:00,0.02577,0.026544,0.02522,0.026179,47380320.0
2025-09-15 11:15:00+00:00,0.026182,0.026204,0.025517,0.025891,37136273.0
2025-09-15 11:30:00+00:00,0.025903,0.02613,0.025465,0.025696,23746257.0
2025-09-15 11:45:00+00:00,0.025708,0.027256,0.025463,0.026711,66431803.0
2025-09-15 12:00:00+00:00,0.026724,0.027749,0.02631,0.027401,84717235.0
2025-09-15 12:15:00+00:00,0.027401,0.028155,0.026832,0.027861,74636344.0
2025-09-15 12:30:00+00:00,0.027862,0.028198,0.027182,0.027842,45402337.0
2025-09-15 12:45:00+00:00,0.027842,0.028066,0.027387,0.027849,41276549.0
2025-09-15 13:00:00+00:00,0.027851,0.028695,0.026402,0.026616,120492045.0
2025-09-15 13:15:00+00:00,0.026605,0.0279,0.026592,0.027611,43500853.0
2025-09-15 13:30:00+00:00,0.027616,0.02789,0.026928,0.026943,37979909.0
2025-09-15 13:45:00+00:00,0.026932,0.0285,0.026886,0.028166,39234362.0
2025-09-15 14:00:00+00:00,0.028147,0.0285,0.024733,0.025536,154659046.0
2025-09-15 14:15:00+00:00,0.025541,0.02655,0.025522,0.025915,56631308.0
2025-09-15 14:30:00+00:00,0.025898,0.02642,0.025234,0.026397,34439712.0
2025-09-15 14:45:00+00:00,0.026403,0.026709,0.02585,0.026483,42572521.0
2025-09-15 15:00:00+00:00,0.026472,0.027737,0.026366,0.026784,63487938.0
2025-09-15 15:15:00+00:00,0.026775,0.02752,0.026762,0.027315,20118921.0
2025-09-15 15:30:00+00:00,0.027299,0.0273,0.02622,0.026472,32307974.0
2025-09-15 15:45:00+00:00,0.026477,0.026771,0.025889,0.026133,29059919.0
2025-09-15 16:00:00+00:00,0.026144,0.026375,0.025353,0.02604,45154575.0
2025-09-15 16:15:00+00:00,0.026039,0.026357,0.025515,0.026005,20717465.0
2025-09-15 16:30:00+00:00,0.026018,0.026291,0.025608,0.025772,16206322.0
2025-09-15 16:45:00+00:00,0.025773,0.025819,0.023876,0.024164,71277777.0
2025-09-15 17:00:00+00:00,0.024156,0.024676,0.022938,0.023179,91333050.0
2025-09-15 17:15:00+00:00,0.023197,0.023562,0.022767,0.02334,46029804.0
2025-09-15 17:30:00+00:00,0.023351,0.024109,0.023003,0.023714,35686708.0
2025-09-15 17:45:00+00:00,0.023732,0.025446,0.023538,0.025307,72551872.0
2025-09-15 18:00:00+00:00,0.025324,0.025859,0.024528,0.025448,112174647.0
2025-09-15 18:15:00+00:00,0.025471,0.025798,0.02479,0.025469,59154334.0
2025-09-15 18:30:00+00:00,0.025485,0.026657,0.025156,0.026559,74572623.0
2025-09-15 18:45:00+00:00,0.026559,0.026686,0.025745,0.025931,75040086.0
2025-09-15 19:00:00+00:00,0.02593,0.02755,0.02587,0.027375,93830781.0
2025-09-15 19:15:00+00:00,0.027371,0.027443,0.025835,0.026546,107550045.0
2025-09-15 19:30:00+00:00,0.026547,0.026838,0.026175,0.026579,31397172.0
2025-09-15 19:45:00+00:00,0.026578,0.027305,0.026564,0.027054,50714549.0
2025-09-15 20:00:00+00:00,0.027036,0.027496,0.026338,0.027172,62820395.0
2025-09-15 20:15:00+00:00,0.027162,0.027399,0.026769,0.027022,46301654.0
2025-09-15 20:30:00+00:00,0.027039,0.027323,0.026634,0.026756,34693003.0
2025-09-15 20:45:00+00:00,0.026758,0.027439,0.026656,0.027295,35356831.0
2025-09-15 21:00:00+00:00,0.027292,0.030138,0.027242,0.02943,198452051.0
2025-09-15 21:15:00+00:00,0.029435,0.03043,0.028535,0.029632,140738658.0
2025-09-15 21:30:00+00:00,0.029609,0.029718,0.027592,0.028375,145049470.0
2025-09-15 21:45:00+00:00,0.02838,0.029615,0.027785,0.029223,76958425.0
2025-09-15 22:00:00+00:00,0.02923,0.03285,0.029177,0.031826,314143443.0
2025-09-15 22:15:00+00:00,0.031819,0.033514,0.029865,0.030174,290475200.0
2025-09-15 22:30:00+00:00,0.030173,0.030372,0.025,0.026194,435296140.0
2025-09-15 22:45:00+00:00,0.026194,0.027397,0.02578,0.026979,167000082.0
2025-09-15 23:00:00+00:00,0.026979,0.028333,0.02636,0.027013,233419829.0
2025-09-15 23:15:00+00:00,0.026999,0.028607,0.026773,0.028186,148414055.0
2025-09-15 23:30:00+00:00,0.028183,0.0296,0.028045,0.029035,140676824.0
2025-09-15 23:45:00+00:00,0.029026,0.029157,0.028035,0.028934,111254361.0
2025-09-16 00:00:00+00:00,0.028943,0.031255,0.02805,0.029929,253080893.0
2025-09-16 00:15:00+00:00,0.029926,0.029992,0.027981,0.028549,119076685.0
2025-09-16 00:30:00+00:00,0.028548,0.03004,0.028354,0.029697,95874967.0
2025-09-16 00:45:00+00:00,0.029691,0.030046,0.028559,0.029849,106060044.0
2025-09-16 01:00:00+00:00,0.02985,0.032999,0.029832,0.032722,314014523.0
2025-09-16 01:15:00+00:00,0.03273,0.0333,0.031146,0.032066,224668187.0
2025-09-16 01:30:00+00:00,0.03206,0.032649,0.031206,0.031935,163375067.0
2025-09-16 01:45:00+00:00,0.031926,0.032423,0.030351,0.030819,146468984.0
2025-09-16 02:00:00+00:00,0.030811,0.03086,0.028742,0.029477,186328223.0
2025-09-16 02:15:00+00:00,0.029488,0.030422,0.028763,0.03007,110329856.0
2025-09-16 02:30:00+00:00,0.030047,0.030727,0.030042,0.030633,85067086.0
2025-09-16 02:45:00+00:00,0.030649,0.030954,0.029792,0.030587,90229765.0
2025-09-16 03:00:00+00:00,0.030604,0.031911,0.029453,0.029579,164120672.0
2025-09-16 03:15:00+00:00,0.029562,0.03022,0.028758,0.02999,94645806.0
2025-09-16 03:30:00+00:00,0.029987,0.030097,0.029454,0.029773,45985257.0
2025-09-16 03:45:00+00:00,0.029765,0.029958,0.029244,0.029582,50376712.0
2025-09-16 04:00:00+00:00,0.029574,0.029582,0.028722,0.029062,69021569.0
2025-09-16 04:15:00+00:00,0.029044,0.029392,0.028586,0.028773,72410101.0
2025-09-16 04:30:00+00:00,0.028788,0.029109,0.028199,0.028375,86064647.0
2025-09-16 04:45:00+00:00,0.028366,0.030182,0.028293,0.029457,128210481.0
2025-09-16 05:00:00+00:00,0.029442,0.030498,0.028765,0.03004,109435316.0
2025-09-16 05:15:00+00:00,0.030047,0.031549,0.0297,0.03089,138171756.0
2025-09-16 05:30:00+00:00,0.030909,0.03125,0.030518,0.030974,98374455.0
2025-09-16 05:45:00+00:00,0.030966,0.031184,0.030609,0.030941,75463232.0
2025-09-16 06:00:00+00:00,0.030931,0.03127,0.030669,0.030909,80256490.0
2025-09-16 06:15:00+00:00,0.030906,0.031182,0.03025,0.030819,93667823.0
2025-09-16 06:30:00+00:00,0.030816,0.030817,0.030102,0.030505,73783853.0
2025-09-16 06:45:00+00:00,0.030497,0.030575,0.029554,0.030033,84961794.0
2025-09-16 07:00:00+00:00,0.030028,0.030712,0.02992,0.030143,78305119.0
2025-09-16 07:15:00+00:00,0.030143,0.031173,0.03002,0.031053,86863560.0
2025-09-16 07:30:00+00:00,0.03105,0.031463,0.03062,0.031207,91308220.0
2025-09-16 07:45:00+00:00,0.03122,0.032,0.030726,0.03089,97680234.0
2025-09-16 08:00:00+00:00,0.030866,0.031819,0.03054,0.031245,89559375.0
2025-09-16 08:15:00+00:00,0.031238,0.032222,0.031167,0.031934,138216451.0
2025-09-16 08:30:00+00:00,0.031931,0.032097,0.031029,0.031676,98487624.0
2025-09-16 08:45:00+00:00,0.031676,0.03198,0.031344,0.031587,71158901.0
2025-09-16 09:00:00+00:00,0.03158,0.032338,0.03153,0.031923,98151417.0
2025-09-16 09:15:00+00:00,0.031926,0.0337,0.031845,0.033358,243213605.0
2025-09-16 09:30:00+00:00,0.033355,0.033785,0.029231,0.029437,436896900.0
2025-09-16 09:45:00+00:00,0.029449,0.031572,0.029113,0.031204,196809957.0
2025-09-16 10:00:00+00:00,0.031211,0.031472,0.03044,0.03116,130282224.0
2025-09-16 10:15:00+00:00,0.03116,0.031834,0.030558,0.030678,129373260.0
2025-09-16 10:30:00+00:00,0.030678,0.030801,0.02998,0.030383,100378244.0
2025-09-16 10:45:00+00:00,0.030385,0.030675,0.03,0.030318,78998011.0
2025-09-16 11:00:00+00:00,0.030329,0.031899,0.030236,0.031674,154019033.0
2025-09-16 11:15:00+00:00,0.031671,0.032213,0.031578,0.031865,125955195.0
2025-09-16 11:30:00+00:00,0.031866,0.032595,0.031798,0.0324,155220140.0
2025-09-16 11:45:00+00:00,0.032386,0.033,0.032073,0.032753,175404872.0
2025-09-16 12:00:00+00:00,0.032741,0.03325,0.032088,0.032233,190402516.0
2025-09-16 12:15:00+00:00,0.032224,0.033129,0.032158,0.032825,118604022.0
2025-09-16 12:30:00+00:00,0.032842,0.032989,0.032331,0.032389,90466314.0
2025-09-16 12:45:00+00:00,0.03239,0.033392,0.031791,0.032165,194746105.0
2025-09-16 13:00:00+00:00,0.032149,0.033223,0.031962,0.032651,113022297.0
2025-09-16 13:15:00+00:00,0.03265,0.032985,0.032286,0.032825,67450568.0
2025-09-16 13:30:00+00:00,0.032832,0.033514,0.032428,0.032969,119510567.0
2025-09-16 13:45:00+00:00,0.03297,0.033922,0.031904,0.032761,282761224.0
2025-09-16 14:00:00+00:00,0.032766,0.037499,0.032734,0.035872,746247861.0
2025-09-16 14:15:00+00:00,0.035869,0.037618,0.034637,0.035717,621371445.0
2025-09-16 14:30:00+00:00,0.035717,0.035822,0.033936,0.03493,383052757.0
2025-09-16 14:45:00+00:00,0.034923,0.0382,0.034919,0.037169,357500762.0
2025-09-16 15:00:00+00:00,0.037169,0.04096,0.036363,0.040207,765944218.0
2025-09-16 15:15:00+00:00,0.040207,0.041452,0.036864,0.037517,672537801.0
2025-09-16 15:30:00+00:00,0.037506,0.037834,0.028333,0.03072,1351019485.0
2025-09-16 15:45:00+00:00,0.030695,0.03186,0.027,0.027456,949621301.0
2025-09-16 16:00:00+00:00,0.027464,0.027889,0.0257,0.026147,673860995.0
2025-09-16 16:15:00+00:00,0.02613,0.027432,0.025545,0.026963,328143793.0
2025-09-16 16:30:00+00:00,0.026971,0.028348,0.026806,0.028047,314239301.0
2025-09-16 16:45:00+00:00,0.028054,0.0288,0.026208,0.027105,332918353.0
2025-09-16 17:00:00+00:00,0.027102,0.027158,0.025166,0.026341,281160783.0
2025-09-16 17:15:00+00:00,0.026313,0.027,0.02545,0.025766,159613260.0
2025-09-16 17:30:00+00:00,0.025758,0.025869,0.023736,0.023937,302925858.0
2025-09-16 17:45:00+00:00,0.02394,0.024021,0.0228,0.023577,234047787.0
2025-09-16 18:00:00+00:00,0.023582,0.02376,0.02274,0.023644,189980763.0
2025-09-16 18:15:00+00:00,0.023632,0.023694,0.022771,0.023554,121683469.0
2025-09-16 18:30:00+00:00,0.02355,0.024383,0.023346,0.024282,180389402.0
2025-09-16 18:45:00+00:00,0.024283,0.024958,0.02417,0.024871,111533174.0
2025-09-16 19:00:00+00:00,0.024879,0.026061,0.024481,0.026027,167642103.0
2025-09-16 19:15:00+00:00,0.026019,0.027469,0.025922,0.027067,228650678.0
2025-09-16 19:30:00+00:00,0.027052,0.028405,0.026779,0.02818,163759198.0
2025-09-16 19:45:00+00:00,0.028181,0.028372,0.026537,0.027537,206708124.0
2025-09-16 20:00:00+00:00,0.027523,0.027833,0.026653,0.026888,98246085.0
2025-09-16 20:15:00+00:00,0.026888,0.027019,0.0258,0.026043,122480772.0
2025-09-16 20:30:00+00:00,0.02604,0.027359,0.025992,0.026945,98528276.0
2025-09-16 20:45:00+00:00,0.026944,0.027232,0.026484,0.027042,57806202.0
2025-09-16 21:00:00+00:00,0.027048,0.027227,0.026415,0.026914,66307223.0
2025-09-16 21:15:00+00:00,0.026896,0.027787,0.026866,0.027694,65812585.0
2025-09-16 21:30:00+00:00,0.027684,0.027769,0.027033,0.027577,54482616.0
2025-09-16 21:45:00+00:00,0.02758,0.028581,0.027429,0.028278,43358842.0
2025-09-16 22:00:00+00:00,0.028292,0.028599,0.027529,0.028378,57902048.0
2025-09-16 22:15:00+00:00,0.028368,0.029783,0.028343,0.029171,128751438.0
2025-09-16 22:30:00+00:00,0.029171,0.029901,0.028826,0.02916,73485548.0
2025-09-16 22:45:00+00:00,0.029159,0.029321,0.028855,0.029164,43235715.0
2025-09-16 23:00:00+00:00,0.029163,0.029441,0.028273,0.028433,101806939.0
2025-09-16 23:15:00+00:00,0.028442,0.030913,0.02841,0.030433,104723455.0
2025-09-16 23:30:00+00:00,0.030431,0.03061,0.029816,0.03033,80662461.0
2025-09-16 23:45:00+00:00,0.030332,0.031032,0.029857,0.03002,68260863.0
2025-09-17 00:00:00+00:00,0.029996,0.031494,0.029887,0.030932,90443152.0
2025-09-17 00:15:00+00:00,0.030933,0.031493,0.03014,0.031398,70322062.0
2025-09-17 00:30:00+00:00,0.0314,0.031654,0.030128,0.03026,77394453.0
2025-09-17 00:45:00+00:00,0.030244,0.0312,0.030222,0.030797,45337096.0
2025-09-17 01:00:00+00:00,0.03081,0.031374,0.030166,0.031318,73987648.0
2025-09-17 01:15:00+00:00,0.03131,0.031678,0.030506,0.030622,62419752.0
2025-09-17 01:30:00+00:00,0.030601,0.030904,0.030217,0.030666,45529596.0
2025-09-17 01:45:00+00:00,0.030671,0.031206,0.030145,0.030734,52992801.0
2025-09-17 02:00:00+00:00,0.030732,0.03175,0.030462,0.031689,41298466.0
2025-09-17 02:15:00+00:00,0.031672,0.031844,0.03094,0.031054,51548347.0
2025-09-17 02:30:00+00:00,0.031072,0.031829,0.030829,0.031523,40827936.0
2025-09-17 02:45:00+00:00,0.031525,0.031572,0.030615,0.03073,40406959.0
2025-09-17 03:00:00+00:00,0.030744,0.030942,0.030172,0.0306,46234974.0
2025-09-17 03:15:00+00:00,0.0306,0.031702,0.030439,0.031605,45697060.0
2025-09-17 03:30:00+00:00,0.031606,0.031977,0.03124,0.031733,44629946.0
2025-09-17 03:45:00+00:00,0.03175,0.032392,0.031429,0.031893,48460923.0
2025-09-17 04:00:00+00:00,0.03189,0.032281,0.030663,0.031087,60148624.0
2025-09-17 04:15:00+00:00,0.03107,0.031943,0.030866,0.031539,50954204.0
2025-09-17 04:30:00+00:00,0.031546,0.033086,0.031524,0.033048,78138460.0
2025-09-17 04:45:00+00:00,0.033032,0.033594,0.0316,0.032519,139565113.0
2025-09-17 05:00:00+00:00,0.032517,0.0336,0.032071,0.032382,94391435.0
2025-09-17 05:15:00+00:00,0.032405,0.032756,0.031861,0.032252,73014436.0
2025-09-17 05:30:00+00:00,0.03225,0.03267,0.031556,0.032039,74412932.0
2025-09-17 05:45:00+00:00,0.032053,0.033536,0.031715,0.033383,85259208.0
2025-09-17 06:00:00+00:00,0.033364,0.034355,0.03263,0.032809,106533747.0
2025-09-17 06:15:00+00:00,0.032822,0.033388,0.03264,0.032785,39870474.0
2025-09-17 06:30:00+00:00,0.032785,0.033409,0.03272,0.032996,35443338.0
2025-09-17 06:45:00+00:00,0.032992,0.033441,0.032604,0.032666,41195668.0
2025-09-17 07:00:00+00:00,0.032673,0.033318,0.032139,0.033147,66639625.0
2025-09-17 07:15:00+00:00,0.033138,0.034442,0.033045,0.034159,55930225.0
2025-09-17 07:30:00+00:00,0.034146,0.035396,0.03414,0.034522,100507912.0
2025-09-17 07:45:00+00:00,0.034498,0.035446,0.034,0.034928,74665086.0
2025-09-17 08:00:00+00:00,0.034957,0.03586,0.034948,0.035312,82249887.0
2025-09-17 08:15:00+00:00,0.0353,0.03661,0.034973,0.036205,91962165.0
2025-09-17 08:30:00+00:00,0.036195,0.0368,0.035847,0.036024,97794466.0
2025-09-17 08:45:00+00:00,0.036025,0.036934,0.035108,0.036892,118976383.0
2025-09-17 09:00:00+00:00,0.036893,0.038111,0.03636,0.036381,131739965.0
2025-09-17 09:15:00+00:00,0.036392,0.036495,0.033143,0.035028,247104215.0
2025-09-17 09:30:00+00:00,0.035029,0.0375,0.034527,0.037044,146439628.0
2025-09-17 09:45:00+00:00,0.037044,0.037104,0.035761,0.036278,104260768.0
2025-09-17 10:00:00+00:00,0.036264,0.036699,0.034758,0.035467,123636969.0
2025-09-17 10:15:00+00:00,0.035464,0.036265,0.035147,0.036105,62701316.0
2025-09-17 10:30:00+00:00,0.036117,0.037777,0.035805,0.037002,122078683.0
2025-09-17 10:45:00+00:00,0.036996,0.0387,0.036642,0.037374,160931615.0
2025-09-17 11:00:00+00:00,0.037376,0.037982,0.037,0.037328,85269991.0
2025-09-17 11:15:00+00:00,0.037328,0.037678,0.0365,0.036984,83558486.0
2025-09-17 11:30:00+00:00,0.037004,0.03833,0.036653,0.038064,89675759.0
2025-09-17 11:45:00+00:00,0.038064,0.038827,0.037448,0.037712,97234083.0
2025-09-17 12:00:00+00:00,0.037709,0.037958,0.036728,0.037093,90325734.0
2025-09-17 12:15:00+00:00,0.03708,0.037692,0.036781,0.037265,55541074.0
2025-09-17 12:30:00+00:00,0.037266,0.038073,0.036781,0.037451,77005140.0
2025-09-17 12:45:00+00:00,0.037449,0.037794,0.036852,0.037215,59692890.0
2025-09-17 13:00:00+00:00,0.03721,0.037543,0.036373,0.03675,94853446.0
2025-09-17 13:15:00+00:00,0.036749,0.038203,0.036628,0.037768,82516159.0
2025-09-17 13:30:00+00:00,0.037754,0.037848,0.0369,0.037069,56099470.0
2025-09-17 13:45:00+00:00,0.037049,0.037875,0.036835,0.037509,46210518.0
2025-09-17 14:00:00+00:00,0.03753,0.038046,0.036924,0.037122,54607404.0
2025-09-17 14:15:00+00:00,0.037118,0.03748,0.036907,0.037048,35167683.0
2025-09-17 14:30:00+00:00,0.037055,0.038,0.036605,0.037914,69089722.0
2025-09-17 14:45:00+00:00,0.037915,0.03998,0.037845,0.038907,144185415.0
2025-09-17 15:00:00+00:00,0.038906,0.038971,0.0376,0.038357,94592458.0
2025-09-17 15:15:00+00:00,0.038354,0.038488,0.037546,0.037742,57571374.0
2025-09-17 15:30:00+00:00,0.037739,0.038055,0.036046,0.036077,118147237.0
2025-09-17 15:45:00+00:00,0.036059,0.036895,0.034852,0.03621,191599144.0
2025-09-17 16:00:00+00:00,0.036224,0.037408,0.035183,0.035494,126407205.0
2025-09-17 16:15:00+00:00,0.035497,0.036328,0.034687,0.034981,115309649.0
2025-09-17 16:30:00+00:00,0.03498,0.036763,0.034628,0.036415,102313154.0
2025-09-17 16:45:00+00:00,0.036436,0.036499,0.034993,0.035219,73101624.0
2025-09-17 17:00:00+00:00,0.035218,0.03551,0.034132,0.034688,110244399.0
2025-09-17 17:15:00+00:00,0.034692,0.035047,0.034452,0.034659,48164429.0
2025-09-17 17:30:00+00:00,0.034674,0.036069,0.034355,0.035828,72197987.0
2025-09-17 17:45:00+00:00,0.035815,0.035884,0.0345,0.0345,64474950.0
2025-09-17 18:00:00+00:00,0.034632,0.03571,0.0345,0.034734,93538076.0
2025-09-17 18:15:00+00:00,0.034713,0.034734,0.0333,0.034065,118009914.0
2025-09-17 18:30:00+00:00,0.034062,0.034305,0.03342,0.033528,62860667.0
2025-09-17 18:45:00+00:00,0.033522,0.033919,0.033005,0.033693,63435459.0
2025-09-17 19:00:00+00:00,0.033698,0.034935,0.033567,0.034279,83367674.0
2025-09-17 19:15:00+00:00,0.034276,0.034621,0.033749,0.034403,43234774.0
2025-09-17 19:30:00+00:00,0.034397,0.034397,0.03385,0.034117,27600170.0
2025-09-17 19:45:00+00:00,0.034118,0.034185,0.0334,0.033518,37610608.0
2025-09-17 20:00:00+00:00,0.033506,0.033847,0.03264,0.03355,70324962.0
2025-09-17 20:15:00+00:00,0.033558,0.03396,0.033302,0.033464,30316275.0
2025-09-17 20:30:00+00:00,0.03348,0.033491,0.032505,0.032711,50436186.0
2025-09-17 20:45:00+00:00,0.032721,0.033495,0.032275,0.03261,42722106.0
2025-09-17 21:00:00+00:00,0.032588,0.03269,0.0318,0.03185,42012429.0
2025-09-17 21:15:00+00:00,0.03184,0.0325,0.031692,0.032447,37909855.0
2025-09-17 21:30:00+00:00,0.032448,0.032591,0.031847,0.03197,23028298.0
2025-09-17 21:45:00+00:00,0.031967,0.0321,0.0313,0.031596,33370762.0
2025-09-17 22:00:00+00:00,0.031596,0.032085,0.031,0.0319,41377840.0
2025-09-17 22:15:00+00:00,0.03191,0.032221,0.031606,0.031633,28752226.0
2025-09-17 22:30:00+00:00,0.031633,0.031702,0.031191,0.031329,31360858.0
2025-09-17 22:45:00+00:00,0.031323,0.031735,0.03078,0.030944,45612629.0
2025-09-17 23:00:00+00:00,0.03094,0.031306,0.03056,0.031156,40679948.0
2025-09-17 23:15:00+00:00,0.031161,0.031723,0.03111,0.03123,26281439.0
2025-09-17 23:30:00+00:00,0.03123,0.03137,0.030373,0.03049,44408319.0
2025-09-17 23:45:00+00:00,0.030485,0.031325,0.030176,0.031004,33439099.0
2025-09-18 00:00:00+00:00,0.031006,0.031869,0.030634,0.031432,46707230.0
2025-09-18 00:15:00+00:00,0.031425,0.03251,0.031181,0.032064,66649333.0
2025-09-18 00:30:00+00:00,0.032076,0.032764,0.031923,0.03239,47867425.0
2025-09-18 00:45:00+00:00,0.032401,0.032884,0.031824,0.032405,50147002.0
2025-09-18 01:00:00+00:00,0.032402,0.032516,0.031533,0.031856,32566943.0
2025-09-18 01:15:00+00:00,0.031864,0.033637,0.031837,0.032799,52970215.0
2025-09-18 01:30:00+00:00,0.032798,0.033098,0.03233,0.032349,32079010.0
2025-09-18 01:45:00+00:00,0.032355,0.032375,0.031577,0.031793,32256010.0
2025-09-18 02:00:00+00:00,0.031805,0.031831,0.030726,0.031404,51863057.0
2025-09-18 02:15:00+00:00,0.031404,0.032089,0.031042,0.031756,32407339.0
2025-09-18 02:30:00+00:00,0.031762,0.031865,0.030931,0.031147,28231463.0
2025-09-18 02:45:00+00:00,0.031147,0.031248,0.030894,0.031051,19588934.0
2025-09-18 03:00:00+00:00,0.031051,0.032262,0.030826,0.031907,42877568.0
2025-09-18 03:15:00+00:00,0.03193,0.032388,0.031658,0.031927,29772401.0
2025-09-18 03:30:00+00:00,0.03194,0.032501,0.03165,0.032318,25924069.0
2025-09-18 03:45:00+00:00,0.032333,0.034099,0.032315,0.033804,54231794.0
2025-09-18 04:00:00+00:00,0.033837,0.03499,0.033654,0.034525,71985293.0
2025-09-18 04:15:00+00:00,0.034496,0.036026,0.033303,0.035035,97040409.0
2025-09-18 04:30:00+00:00,0.035021,0.035456,0.034396,0.034748,50888867.0
2025-09-18 04:45:00+00:00,0.034741,0.03524,0.034098,0.035122,46706668.0
2025-09-18 05:00:00+00:00,0.035123,0.03588,0.034784,0.035127,55187712.0
2025-09-18 05:15:00+00:00,0.035133,0.035955,0.0345,0.03555,53046710.0
2025-09-18 05:30:00+00:00,0.035551,0.036509,0.035544,0.035678,56978098.0
2025-09-18 05:45:00+00:00,0.035671,0.036217,0.035546,0.036017,32456326.0
2025-09-18 06:00:00+00:00,0.036011,0.03621,0.03555,0.035808,39489246.0
2025-09-18 06:15:00+00:00,0.035803,0.035893,0.035344,0.035762,31872569.0
2025-09-18 06:30:00+00:00,0.035762,0.036145,0.0356,0.035809,29518644.0
2025-09-18 06:45:00+00:00,0.035803,0.035865,0.035379,0.035694,22924862.0
2025-09-18 07:00:00+00:00,0.035693,0.035707,0.034144,0.034957,71673546.0
2025-09-18 07:15:00+00:00,0.034956,0.034956,0.034136,0.034636,31473912.0
2025-09-18 07:30:00+00:00,0.034638,0.034781,0.034261,0.034609,23934573.0
2025-09-18 07:45:00+00:00,0.034605,0.035016,0.03416,0.034769,25293234.0
2025-09-18 08:00:00+00:00,0.034761,0.034958,0.033569,0.033828,36403166.0
2025-09-18 08:15:00+00:00,0.033831,0.034655,0.033663,0.034627,30849146.0
2025-09-18 08:30:00+00:00,0.034624,0.035975,0.034609,0.035397,55639251.0
2025-09-18 08:45:00+00:00,0.035404,0.035725,0.03501,0.035248,19987432.0
2025-09-18 09:00:00+00:00,0.035271,0.035455,0.034412,0.034826,28115577.0
2025-09-18 09:15:00+00:00,0.034806,0.034838,0.033853,0.034445,22081412.0
2025-09-18 09:30:00+00:00,0.034449,0.034761,0.034291,0.03451,11409957.0
2025-09-18 09:45:00+00:00,0.034518,0.034606,0.033945,0.033971,14299512.0
2025-09-18 10:00:00+00:00,0.03397,0.034066,0.03305,0.033269,34523108.0
2025-09-18 10:15:00+00:00,0.033262,0.033992,0.033222,0.033561,21395285.0
2025-09-18 10:30:00+00:00,0.033553,0.034186,0.033188,0.033812,18923453.0
2025-09-18 10:45:00+00:00,0.0338,0.034226,0.033561,0.034082,19711964.0
2025-09-18 11:00:00+00:00,0.034071,0.034074,0.033239,0.033389,19385197.0
2025-09-18 11:15:00+00:00,0.033389,0.033668,0.033047,0.033452,17100038.0
2025-09-18 11:30:00+00:00,0.033441,0.033609,0.033,0.033357,14714502.0
2025-09-18 11:45:00+00:00,0.033358,0.033584,0.033167,0.033447,10313844.0
2025-09-18 12:00:00+00:00,0.033438,0.033577,0.03305,0.033419,16294953.0
2025-09-18 12:15:00+00:00,0.033419,0.034,0.033218,0.033663,16625273.0
2025-09-18 12:30:00+00:00,0.033661,0.033685,0.033257,0.033327,12997929.0
2025-09-18 12:45:00+00:00,0.033327,0.03335,0.032749,0.033018,23067953.0
2025-09-18 13:00:00+00:00,0.033027,0.0331,0.032422,0.032824,32182849.0
2025-09-18 13:15:00+00:00,0.032828,0.033094,0.032535,0.032745,19064435.0
2025-09-18 13:30:00+00:00,0.032734,0.033471,0.03272,0.03306,26613535.0
2025-09-18 13:45:00+00:00,0.033056,0.033215,0.032751,0.032911,18910277.0
2025-09-18 14:00:00+00:00,0.032905,0.033344,0.032525,0.032684,24613144.0
2025-09-18 14:15:00+00:00,0.032707,0.032863,0.032326,0.032399,17394820.0
2025-09-18 14:30:00+00:00,0.032392,0.032628,0.032068,0.0322,25590747.0
2025-09-18 14:45:00+00:00,0.032192,0.032356,0.031774,0.032187,26672903.0
2025-09-18 15:00:00+00:00,0.032187,0.032227,0.031709,0.031999,19393608.0
2025-09-18 15:15:00+00:00,0.031987,0.032142,0.031776,0.032074,14889142.0
2025-09-18 15:30:00+00:00,0.032072,0.032122,0.031533,0.031646,21811535.0
2025-09-18 15:45:00+00:00,0.031647,0.03192,0.031565,0.031908,17370562.0
2025-09-18 16:00:00+00:00,0.031901,0.03304,0.03175,0.032873,47050421.0
2025-09-18 16:15:00+00:00,0.032858,0.035461,0.032768,0.034861,128815728.0
2025-09-18 16:30:00+00:00,0.034856,0.034925,0.034002,0.034215,54510240.0
2025-09-18 16:45:00+00:00,0.034224,0.034967,0.034133,0.034277,30567232.0
2025-09-18 17:00:00+00:00,0.034269,0.034655,0.034031,0.034271,29371888.0
2025-09-18 17:15:00+00:00,0.034283,0.035322,0.034279,0.034501,29993754.0
2025-09-18 17:30:00+00:00,0.034499,0.03545,0.034394,0.035164,29993803.0
2025-09-18 17:45:00+00:00,0.035158,0.035974,0.034804,0.035036,45997784.0
2025-09-18 18:00:00+00:00,0.035037,0.0359,0.034976,0.035414,28261733.0
2025-09-18 18:15:00+00:00,0.035417,0.035686,0.034705,0.03493,21285552.0
2025-09-18 18:30:00+00:00,0.034947,0.0358,0.03479,0.035558,22604550.0
2025-09-18 18:45:00+00:00,0.035547,0.036316,0.03536,0.035635,26112676.0
2025-09-18 19:00:00+00:00,0.035635,0.035746,0.035022,0.035237,23341882.0
2025-09-18 19:15:00+00:00,0.035237,0.035992,0.035151,0.035212,23983987.0
2025-09-18 19:30:00+00:00,0.035198,0.035677,0.035188,0.035389,23214785.0
2025-09-18 19:45:00+00:00,0.035391,0.035454,0.035095,0.03525,14702973.0
2025-09-18 20:00:00+00:00,0.03525,0.035307,0.034616,0.035071,25202894.0
2025-09-18 20:15:00+00:00,0.035087,0.0351,0.03438,0.034788,19808558.0
2025-09-18 20:30:00+00:00,0.034794,0.035104,0.034674,0.03475,15398226.0
2025-09-18 20:45:00+00:00,0.034749,0.0356,0.034749,0.035396,14306961.0
2025-09-18 21:00:00+00:00,0.035395,0.035465,0.034585,0.034814,17664710.0
2025-09-18 21:15:00+00:00,0.034816,0.035136,0.034632,0.034868,9427608.0
2025-09-18 21:30:00+00:00,0.034869,0.035794,0.034742,0.035502,14824558.0
2025-09-18 21:45:00+00:00,0.035502,0.036149,0.035277,0.035706,19188863.0
2025-09-18 22:00:00+00:00,0.035706,0.036133,0.035342,0.035613,21604587.0
2025-09-18 22:15:00+00:00,0.035605,0.035892,0.035433,0.035453,9763969.0
2025-09-18 22:30:00+00:00,0.035458,0.03566,0.035084,0.035451,16254409.0
2025-09-18 22:45:00+00:00,0.035452,0.035459,0.034735,0.034855,14305126.0
2025-09-18 23:00:00+00:00,0.034847,0.03496,0.034394,0.034508,22197803.0
2025-09-18 23:15:00+00:00,0.034509,0.035147,0.034371,0.034962,16842923.0
2025-09-18 23:30:00+00:00,0.034963,0.035328,0.03459,0.03511,12632820.0
2025-09-18 23:45:00+00:00,0.035118,0.035294,0.034659,0.034729,11137499.0
2025-09-19 00:00:00+00:00,0.034729,0.0357,0.034729,0.034962,30828958.0
2025-09-19 00:15:00+00:00,0.034968,0.035104,0.034233,0.034614,35093627.0
2025-09-19 00:30:00+00:00,0.034627,0.03465,0.03412,0.034565,18353833.0
2025-09-19 00:45:00+00:00,0.03457,0.03485,0.034177,0.034201,13466450.0
2025-09-19 01:00:00+00:00,0.034201,0.034418,0.0336,0.034161,28346450.0
2025-09-19 01:15:00+00:00,0.034156,0.034193,0.033745,0.03381,9781546.0
2025-09-19 01:30:00+00:00,0.033809,0.033893,0.033474,0.033613,13159391.0
2025-09-19 01:45:00+00:00,0.033622,0.033841,0.033413,0.033492,9016686.0
2025-09-19 02:00:00+00:00,0.033483,0.033538,0.033204,0.033256,14004401.0
2025-09-19 02:15:00+00:00,0.033252,0.033594,0.033058,0.03333,13199718.0
2025-09-19 02:30:00+00:00,0.033338,0.033913,0.033338,0.033716,17598601.0
2025-09-19 02:45:00+00:00,0.03371,0.034016,0.0328,0.032979,22223350.0
2025-09-19 03:00:00+00:00,0.032985,0.033427,0.032876,0.033047,13704511.0
2025-09-19 03:15:00+00:00,0.033047,0.033097,0.032612,0.032648,10392122.0
2025-09-19 03:30:00+00:00,0.032649,0.032756,0.032361,0.032589,19015489.0
2025-09-19 03:45:00+00:00,0.0326,0.032772,0.032486,0.032649,9881102.0
2025-09-19 04:00:00+00:00,0.032653,0.033066,0.032624,0.033018,17932520.0
2025-09-19 04:15:00+00:00,0.033018,0.033029,0.03239,0.032484,16934330.0
2025-09-19 04:30:00+00:00,0.032483,0.03251,0.031899,0.03204,21306553.0
2025-09-19 04:45:00+00:00,0.032055,0.032396,0.032045,0.032155,14141433.0
2025-09-19 05:00:00+00:00,0.03216,0.03245,0.031888,0.032375,12421524.0
2025-09-19 05:15:00+00:00,0.03237,0.032879,0.032356,0.032773,21781087.0
2025-09-19 05:30:00+00:00,0.032765,0.032846,0.032342,0.032799,12394650.0
2025-09-19 05:45:00+00:00,0.0328,0.03365,0.032781,0.033633,30190325.0
2025-09-19 06:00:00+00:00,0.033633,0.033854,0.033038,0.033585,19540215.0
2025-09-19 06:15:00+00:00,0.03359,0.033664,0.033028,0.033289,13852438.0
2025-09-19 06:30:00+00:00,0.033296,0.033817,0.033275,0.03339,12343280.0
2025-09-19 06:45:00+00:00,0.033388,0.033535,0.033148,0.033372,8183890.0
2025-09-19 07:00:00+00:00,0.033367,0.033535,0.032979,0.033183,14374688.0
2025-09-19 07:15:00+00:00,0.03318,0.03356,0.033107,0.033275,10976342.0
2025-09-19 07:30:00+00:00,0.033267,0.033577,0.033206,0.033218,7135514.0
2025-09-19 07:45:00+00:00,0.033215,0.033794,0.033084,0.033361,11316197.0
2025-09-19 08:00:00+00:00,0.033357,0.033856,0.033261,0.033406,10516655.0
2025-09-19 08:15:00+00:00,0.033407,0.034266,0.03334,0.034144,20102883.0
2025-09-19 08:30:00+00:00,0.034143,0.03457,0.03398,0.03439,17577233.0
2025-09-19 08:45:00+00:00,0.034388,0.0348,0.03435,0.034492,23894500.0
2025-09-19 09:00:00+00:00,0.034492,0.035143,0.034208,0.035074,16589117.0
2025-09-19 09:15:00+00:00,0.035079,0.035135,0.034632,0.034663,15664786.0
2025-09-19 09:30:00+00:00,0.034666,0.034979,0.034534,0.03495,14503021.0
2025-09-19 09:45:00+00:00,0.034946,0.03501,0.034504,0.0349,16300751.0
2025-09-19 10:00:00+00:00,0.034904,0.03527,0.034788,0.0351,21347732.0
2025-09-19 10:15:00+00:00,0.035102,0.035152,0.0347,0.035018,15859978.0
2025-09-19 10:30:00+00:00,0.035016,0.03537,0.034677,0.035144,16592731.0
2025-09-19 10:45:00+00:00,0.035163,0.035163,0.0348,0.035034,10608405.0
2025-09-19 11:00:00+00:00,0.03501,0.035014,0.034529,0.034597,15707722.0
2025-09-19 11:15:00+00:00,0.034597,0.034863,0.034399,0.034634,16437684.0
2025-09-19 11:30:00+00:00,0.03464,0.034832,0.034335,0.034454,17464647.0
2025-09-19 11:45:00+00:00,0.03445,0.034543,0.034,0.034256,20093303.0
2025-09-19 12:00:00+00:00,0.034254,0.034444,0.034101,0.034186,15046079.0
2025-09-19 12:15:00+00:00,0.034186,0.034241,0.033632,0.033663,25003622.0
2025-09-19 12:30:00+00:00,0.033662,0.033988,0.033235,0.033417,28078707.0
2025-09-19 12:45:00+00:00,0.033418,0.033717,0.033381,0.033571,10506135.0
2025-09-19 13:00:00+00:00,0.03357,0.033865,0.033397,0.033475,15408522.0
2025-09-19 13:15:00+00:00,0.033475,0.033665,0.033064,0.033535,21631086.0
2025-09-19 13:30:00+00:00,0.033544,0.03356,0.03262,0.032877,24164360.0
2025-09-19 13:45:00+00:00,0.032868,0.032941,0.032445,0.032468,22216935.0
2025-09-19 14:00:00+00:00,0.032468,0.032575,0.030976,0.031137,58619807.0
2025-09-19 14:15:00+00:00,0.031152,0.031485,0.030442,0.031031,47746869.0
2025-09-19 14:30:00+00:00,0.031031,0.031115,0.030032,0.03017,57833588.0
2025-09-19 14:45:00+00:00,0.030164,0.032817,0.030026,0.032015,127628854.0
2025-09-19 15:00:00+00:00,0.032023,0.032196,0.031014,0.031641,45130010.0
2025-09-19 15:15:00+00:00,0.031655,0.032137,0.03131,0.031455,28398542.0
2025-09-19 15:30:00+00:00,0.031454,0.03178,0.031395,0.031586,13601977.0
2025-09-19 15:45:00+00:00,0.031597,0.03194,0.031427,0.031645,15788991.0
2025-09-19 16:00:00+00:00,0.031644,0.031644,0.031213,0.031263,21157303.0
2025-09-19 16:15:00+00:00,0.031266,0.031345,0.030696,0.031189,32168136.0
2025-09-19 16:30:00+00:00,0.031198,0.031429,0.030837,0.030876,11399856.0
2025-09-19 16:45:00+00:00,0.030874,0.03091,0.030361,0.03064,32750410.0
2025-09-19 17:00:00+00:00,0.03064,0.030968,0.030368,0.030901,17214541.0
2025-09-19 17:15:00+00:00,0.030912,0.030981,0.030538,0.030639,12252116.0
2025-09-19 17:30:00+00:00,0.030633,0.032653,0.030508,0.031689,63278663.0
2025-09-19 17:45:00+00:00,0.031685,0.032168,0.031622,0.032112,24691123.0
2025-09-19 18:00:00+00:00,0.032108,0.032453,0.031944,0.032346,18164759.0
2025-09-19 18:15:00+00:00,0.032341,0.033397,0.032178,0.033202,22144790.0
2025-09-19 18:30:00+00:00,0.033202,0.033237,0.032524,0.032806,23289238.0
2025-09-19 18:45:00+00:00,0.032806,0.033027,0.032532,0.033012,10337287.0
2025-09-19 19:00:00+00:00,0.033015,0.033061,0.032715,0.032768,10600327.0
2025-09-19 19:15:00+00:00,0.032762,0.033325,0.032739,0.032991,8823696.0
2025-09-19 19:30:00+00:00,0.032989,0.033384,0.03285,0.03316,7170569.0
2025-09-19 19:45:00+00:00,0.033166,0.033213,0.032836,0.03291,4785095.0
2025-09-19 20:00:00+00:00,0.03291,0.033332,0.032547,0.032719,16396335.0
2025-09-19 20:15:00+00:00,0.032717,0.032903,0.032501,0.032596,8827397.0
2025-09-19 20:30:00+00:00,0.032597,0.032757,0.032463,0.032493,10045047.0
2025-09-19 20:45:00+00:00,0.032493,0.032493,0.031711,0.0319,20296842.0
2025-09-19 21:00:00+00:00,0.03191,0.031956,0.03149,0.031551,8876764.0
2025-09-19 21:15:00+00:00,0.031552,0.0317,0.031365,0.031392,8628013.0
2025-09-19 21:30:00+00:00,0.0314,0.03195,0.031233,0.031566,13812041.0
2025-09-19 21:45:00+00:00,0.031565,0.031814,0.031397,0.031713,6568265.0
2025-09-19 22:00:00+00:00,0.03171,0.032033,0.031582,0.031898,6878572.0
2025-09-19 22:15:00+00:00,0.03189,0.032035,0.031591,0.031895,8326748.0
2025-09-19 22:30:00+00:00,0.031884,0.032117,0.031701,0.031839,6112467.0
2025-09-19 22:45:00+00:00,0.031829,0.031966,0.0316,0.031805,7105107.0
2025-09-19 23:00:00+00:00,0.031803,0.031856,0.031459,0.031575,7538837.0
2025-09-19 23:15:00+00:00,0.031569,0.031609,0.031264,0.03138,11541972.0
2025-09-19 23:30:00+00:00,0.03138,0.031446,0.031213,0.031239,6912205.0
2025-09-19 23:45:00+00:00,0.031239,0.03137,0.03084,0.03103,13080111.0
2025-09-20 00:00:00+00:00,0.031027,0.031492,0.031021,0.031341,12359167.0
2025-09-20 00:15:00+00:00,0.031342,0.031342,0.030924,0.031045,9294282.0
2025-09-20 00:30:00+00:00,0.031045,0.03121,0.030845,0.031126,9632918.0
2025-09-20 00:45:00+00:00,0.031121,0.031388,0.030938,0.031179,8359474.0
2025-09-20 01:00:00+00:00,0.031179,0.031427,0.031072,0.031215,5882862.0
2025-09-20 01:15:00+00:00,0.031219,0.031285,0.030949,0.031232,5667447.0
2025-09-20 01:30:00+00:00,0.031233,0.031697,0.031225,0.03144,9686317.0
2025-09-20 01:45:00+00:00,0.031444,0.031566,0.031193,0.031193,6069896.0
2025-09-20 02:00:00+00:00,0.031194,0.031246,0.030575,0.030593,16150728.0
2025-09-20 02:15:00+00:00,0.030599,0.031016,0.030349,0.031006,17440653.0
2025-09-20 02:30:00+00:00,0.031014,0.031446,0.030825,0.031375,13591770.0
2025-09-20 02:45:00+00:00,0.031368,0.031815,0.030825,0.030853,10389874.0
2025-09-20 03:00:00+00:00,0.03085,0.031105,0.030442,0.03051,10373572.0
2025-09-20 03:15:00+00:00,0.030514,0.031173,0.030498,0.030765,11361389.0
2025-09-20 03:30:00+00:00,0.030765,0.03082,0.030513,0.030721,6464196.0
2025-09-20 03:45:00+00:00,0.030721,0.030849,0.030544,0.030712,7224492.0
2025-09-20 04:00:00+00:00,0.030715,0.031283,0.030586,0.031049,12893832.0
2025-09-20 04:15:00+00:00,0.031048,0.03112,0.030741,0.031003,6566128.0
2025-09-20 04:30:00+00:00,0.031003,0.031192,0.030649,0.030778,8152663.0
2025-09-20 04:45:00+00:00,0.030772,0.030882,0.030513,0.030599,6375108.0
2025-09-20 05:00:00+00:00,0.030599,0.031095,0.030447,0.030585,10009617.0
2025-09-20 05:15:00+00:00,0.030584,0.031606,0.030575,0.031308,15008435.0
2025-09-20 05:30:00+00:00,0.031307,0.031635,0.031064,0.031262,8412997.0
2025-09-20 05:45:00+00:00,0.031259,0.0316,0.031193,0.031459,7004822.0
2025-09-20 06:00:00+00:00,0.031446,0.03195,0.03133,0.03151,11667425.0
2025-09-20 06:15:00+00:00,0.031514,0.032569,0.031506,0.032418,17792905.0
2025-09-20 06:30:00+00:00,0.032419,0.032692,0.032051,0.032271,17998577.0
2025-09-20 06:45:00+00:00,0.032274,0.03244,0.032109,0.03215,7918547.0
2025-09-20 07:00:00+00:00,0.032175,0.032239,0.031313,0.031471,18746991.0
2025-09-20 07:15:00+00:00,0.031479,0.032024,0.03144,0.031641,8349020.0
2025-09-20 07:30:00+00:00,0.031642,0.03169,0.031379,0.031379,5676931.0
2025-09-20 07:45:00+00:00,0.031379,0.0315,0.031035,0.031123,9199963.0
2025-09-20 08:00:00+00:00,0.031124,0.031473,0.0307,0.03078,17181739.0
2025-09-20 08:15:00+00:00,0.03077,0.031599,0.030612,0.031081,15325545.0
2025-09-20 08:30:00+00:00,0.031078,0.031277,0.030779,0.030914,11440481.0
2025-09-20 08:45:00+00:00,0.030904,0.030904,0.030495,0.030519,10227402.0
2025-09-20 09:00:00+00:00,0.030527,0.03112,0.030459,0.030895,10835188.0
2025-09-20 09:15:00+00:00,0.030885,0.031225,0.0308,0.030921,8943116.0
2025-09-20 09:30:00+00:00,0.030921,0.030933,0.030378,0.030421,7895355.0
2025-09-20 09:45:00+00:00,0.030408,0.03051,0.029651,0.029846,43542901.0
2025-09-20 10:00:00+00:00,0.029849,0.029849,0.029241,0.029601,31800017.0
2025-09-20 10:15:00+00:00,0.029595,0.030671,0.029461,0.030213,31391032.0
2025-09-20 10:30:00+00:00,0.030207,0.030284,0.029718,0.029798,15747895.0
2025-09-20 10:45:00+00:00,0.029783,0.029927,0.029456,0.029797,17818234.0
2025-09-20 11:00:00+00:00,0.029783,0.030067,0.029565,0.02989,17344561.0
2025-09-20 11:15:00+00:00,0.029889,0.030299,0.02938,0.029609,19404751.0
2025-09-20 11:30:00+00:00,0.029596,0.029849,0.0291,0.029368,23117303.0
2025-09-20 11:45:00+00:00,0.029369,0.029605,0.029254,0.029292,13831992.0
2025-09-20 12:00:00+00:00,0.029287,0.029789,0.029184,0.029668,16612294.0
2025-09-20 12:15:00+00:00,0.029669,0.03016,0.02964,0.03005,15725312.0
2025-09-20 12:30:00+00:00,0.03005,0.030333,0.029715,0.030217,11370925.0
2025-09-20 12:45:00+00:00,0.030216,0.030315,0.029888,0.030011,8919046.0
2025-09-20 13:00:00+00:00,0.03001,0.03001,0.029462,0.029531,10988433.0
2025-09-20 13:15:00+00:00,0.02953,0.03021,0.029402,0.029868,13710475.0
2025-09-20 13:30:00+00:00,0.029875,0.029934,0.029433,0.029513,11462500.0
2025-09-20 13:45:00+00:00,0.02952,0.02956,0.0291,0.029283,18300059.0
2025-09-20 14:00:00+00:00,0.029276,0.02928,0.028686,0.028842,37100368.0
2025-09-20 14:15:00+00:00,0.028849,0.029886,0.028827,0.029744,24079302.0
2025-09-20 14:30:00+00:00,0.029744,0.029965,0.029272,0.029889,17729067.0
2025-09-20 14:45:00+00:00,0.02988,0.031598,0.029821,0.031107,39194499.0
2025-09-20 15:00:00+00:00,0.031119,0.031426,0.030599,0.030973,30538912.0
2025-09-20 15:15:00+00:00,0.030968,0.03104,0.030681,0.030835,12408875.0
2025-09-20 15:30:00+00:00,0.030835,0.030984,0.0303,0.030917,17579402.0
2025-09-20 15:45:00+00:00,0.030927,0.03099,0.03049,0.03061,11955374.0
2025-09-20 16:00:00+00:00,0.030607,0.031426,0.030315,0.030343,20808679.0
2025-09-20 16:15:00+00:00,0.030344,0.030527,0.029572,0.029933,28693450.0
2025-09-20 16:30:00+00:00,0.029932,0.030345,0.029724,0.030287,9703447.0
2025-09-20 16:45:00+00:00,0.030279,0.030348,0.029788,0.029853,11254965.0
2025-09-20 17:00:00+00:00,0.029854,0.029875,0.029081,0.029348,24510133.0
2025-09-20 17:15:00+00:00,0.029347,0.029631,0.029158,0.029463,15086541.0
2025-09-20 17:30:00+00:00,0.029465,0.029688,0.029341,0.02955,7983702.0
2025-09-20 17:45:00+00:00,0.029532,0.029539,0.02921,0.029307,8445274.0
2025-09-20 18:00:00+00:00,0.029318,0.029422,0.028766,0.02897,17748757.0
2025-09-20 18:15:00+00:00,0.028972,0.029379,0.028965,0.02922,9542169.0
2025-09-20 18:30:00+00:00,0.02922,0.029301,0.028903,0.028965,8381572.0
2025-09-20 18:45:00+00:00,0.028974,0.029396,0.0287,0.028996,15625567.0
2025-09-20 19:00:00+00:00,0.029002,0.029065,0.02822,0.028456,21981224.0
2025-09-20 19:15:00+00:00,0.028455,0.0289,0.028197,0.028564,19904836.0
2025-09-20 19:30:00+00:00,0.028565,0.028655,0.028376,0.028487,14107440.0
2025-09-20 19:45:00+00:00,0.028482,0.028507,0.027629,0.027969,27771181.0
2025-09-20 20:00:00+00:00,0.02796,0.028489,0.027922,0.028174,11828361.0
2025-09-20 20:15:00+00:00,0.028181,0.028721,0.028129,0.02854,11552206.0
2025-09-20 20:30:00+00:00,0.028547,0.028676,0.028135,0.028576,10532808.0
2025-09-20 20:45:00+00:00,0.028583,0.028929,0.028556,0.028733,8189864.0
2025-09-20 21:00:00+00:00,0.028737,0.028771,0.028521,0.028689,6954774.0
2025-09-20 21:15:00+00:00,0.028693,0.028833,0.02846,0.028483,3919378.0
2025-09-20 21:30:00+00:00,0.028488,0.028803,0.02845,0.028737,7330558.0
2025-09-20 21:45:00+00:00,0.028742,0.028822,0.028502,0.028669,6823773.0
2025-09-20 22:00:00+00:00,0.028675,0.028755,0.028164,0.02836,9672571.0
2025-09-20 22:15:00+00:00,0.028366,0.028632,0.028341,0.028393,6106444.0
2025-09-20 22:30:00+00:00,0.028391,0.028488,0.028012,0.028247,9641808.0
2025-09-20 22:45:00+00:00,0.028254,0.028615,0.028218,0.028569,6414191.0
2025-10-06 14:45:00+00:00,0.041285,0.042805,0.039385,0.04135,56489350.0
2025-10-06 15:00:00+00:00,0.041304,0.044048,0.041144,0.042753,84240439.0
2025-10-06 15:15:00+00:00,0.042756,0.045633,0.041472,0.042138,117279373.0
2025-10-06 15:30:00+00:00,0.042133,0.044466,0.041783,0.043646,70495169.0
2025-10-06 15:45:00+00:00,0.043645,0.049357,0.043613,0.048996,159239595.0
2025-10-06 16:00:00+00:00,0.049092,0.05348,0.045559,0.04561,387079845.0
2025-10-06 16:15:00+00:00,0.045614,0.046379,0.039571,0.040737,303013376.0
2025-10-06 16:30:00+00:00,0.040734,0.043159,0.040236,0.042655,96405518.0
2025-10-06 16:45:00+00:00,0.042684,0.044278,0.042231,0.042824,64745146.0
2025-10-06 17:00:00+00:00,0.042797,0.046,0.041704,0.04448,93858764.0
2025-10-06 17:15:00+00:00,0.044465,0.045662,0.042415,0.045514,65107878.0
2025-10-06 17:30:00+00:00,0.045514,0.047467,0.044526,0.046556,55072952.0
2025-10-06 17:45:00+00:00,0.046586,0.046945,0.044345,0.044526,55460311.0
2025-10-06 18:00:00+00:00,0.04452,0.049898,0.044,0.047916,114243492.0
2025-10-06 18:15:00+00:00,0.047911,0.049498,0.046536,0.046928,53470276.0
2025-10-06 18:30:00+00:00,0.046924,0.04819,0.0465,0.047181,36978821.0
2025-10-06 18:45:00+00:00,0.047207,0.048154,0.04604,0.04658,35916020.0
2025-10-06 19:00:00+00:00,0.04658,0.048966,0.044783,0.045161,63294943.0
2025-10-06 19:15:00+00:00,0.045189,0.045844,0.04358,0.045695,47457418.0
2025-10-06 19:30:00+00:00,0.0457,0.046922,0.044644,0.044834,36792680.0
2025-10-06 19:45:00+00:00,0.04487,0.046625,0.044068,0.045848,34898792.0
2025-10-06 20:00:00+00:00,0.045835,0.045942,0.039151,0.042962,108898833.0
2025-10-06 20:15:00+00:00,0.042961,0.044666,0.042605,0.043934,40692610.0
2025-10-06 20:30:00+00:00,0.043958,0.044007,0.041818,0.041942,24895774.0
2025-10-06 20:45:00+00:00,0.041951,0.042291,0.040639,0.041086,25617293.0
2025-10-06 21:00:00+00:00,0.041051,0.041059,0.037875,0.039455,66607061.0
2025-10-06 21:15:00+00:00,0.039454,0.040564,0.039058,0.04053,16737749.0
2025-10-06 21:30:00+00:00,0.040499,0.041196,0.039897,0.040693,13708716.0
2025-10-06 21:45:00+00:00,0.040694,0.04148,0.039736,0.04075,14739706.0
2025-10-06 22:00:00+00:00,0.040739,0.041214,0.038917,0.03924,17091318.0
2025-10-06 22:15:00+00:00,0.039232,0.040665,0.039001,0.039971,12362450.0
2025-10-06 22:30:00+00:00,0.039964,0.041463,0.039535,0.041063,11054501.0
2025-10-06 22:45:00+00:00,0.04107,0.044231,0.040987,0.044161,43090242.0
2025-10-06 23:00:00+00:00,0.044186,0.046064,0.04311,0.043404,56048440.0
2025-10-06 23:15:00+00:00,0.043412,0.044332,0.04275,0.044099,22031755.0
2025-10-06 23:30:00+00:00,0.044072,0.044261,0.042841,0.043275,14058468.0
2025-10-06 23:45:00+00:00,0.043311,0.0448,0.042872,0.044557,13852337.0
2025-10-07 00:00:00+00:00,0.044525,0.04481,0.043479,0.043727,16896336.0
2025-10-07 00:15:00+00:00,0.043736,0.045018,0.043176,0.043856,20875682.0
2025-10-07 00:30:00+00:00,0.043841,0.04408,0.042546,0.043012,17489099.0
2025-10-07 00:45:00+00:00,0.043006,0.043675,0.042845,0.043087,10168826.0
2025-10-07 01:00:00+00:00,0.043069,0.043372,0.042444,0.042565,13409479.0
2025-10-07 01:15:00+00:00,0.042566,0.043603,0.042437,0.042935,10500685.0
2025-10-07 01:30:00+00:00,0.042936,0.043218,0.042193,0.042314,9851762.0
2025-10-07 01:45:00+00:00,0.042323,0.042368,0.040851,0.041049,21348334.0
2025-10-07 02:00:00+00:00,0.04103,0.041179,0.039552,0.039681,28918033.0
2025-10-07 02:15:00+00:00,0.039679,0.03994,0.03894,0.039122,16415098.0
2025-10-07 02:30:00+00:00,0.039122,0.040237,0.0386,0.040063,22713622.0
2025-10-07 02:45:00+00:00,0.040058,0.040151,0.038128,0.038486,21151143.0
2025-10-07 03:00:00+00:00,0.038486,0.039793,0.038275,0.039132,18484221.0
2025-10-07 03:15:00+00:00,0.03913,0.040471,0.038861,0.039736,17435262.0
2025-10-07 03:30:00+00:00,0.039726,0.039965,0.039065,0.039539,9637002.0
2025-10-07 03:45:00+00:00,0.039539,0.039824,0.039424,0.03974,6487223.0
2025-10-07 04:00:00+00:00,0.039741,0.04127,0.039279,0.04127,17863468.0
2025-10-07 04:15:00+00:00,0.041269,0.041512,0.039891,0.041461,23283392.0
2025-10-07 04:30:00+00:00,0.041464,0.042188,0.040755,0.041755,20090265.0
2025-10-07 04:45:00+00:00,0.041784,0.042454,0.040838,0.041784,24544782.0
2025-10-07 05:00:00+00:00,0.041771,0.042576,0.041315,0.042296,14584090.0
2025-10-07 05:15:00+00:00,0.042296,0.043252,0.041839,0.043171,18208391.0
2025-10-07 05:30:00+00:00,0.043144,0.043155,0.041624,0.042146,18542104.0
2025-10-07 05:45:00+00:00,0.042146,0.043127,0.041909,0.042955,10503914.0
2025-10-07 06:00:00+00:00,0.042942,0.044474,0.042739,0.043987,21277896.0
2025-10-07 06:15:00+00:00,0.043959,0.044656,0.04365,0.044103,23420874.0
2025-10-07 06:30:00+00:00,0.044096,0.045,0.043956,0.044666,18785699.0
2025-10-07 06:45:00+00:00,0.04466,0.044987,0.043672,0.043895,23759683.0
2025-10-07 07:00:00+00:00,0.043896,0.044272,0.042406,0.043015,29409434.0
2025-10-07 07:15:00+00:00,0.043016,0.043852,0.042976,0.043401,8225262.0
2025-10-07 07:30:00+00:00,0.043402,0.043898,0.042963,0.043119,6718093.0
2025-10-07 07:45:00+00:00,0.04312,0.04379,0.042126,0.043439,21243319.0
2025-10-07 08:00:00+00:00,0.043441,0.0437,0.042751,0.043429,18336204.0
2025-10-07 08:15:00+00:00,0.043417,0.044633,0.043081,0.043927,19531333.0
2025-10-07 08:30:00+00:00,0.043939,0.0465,0.043374,0.04608,48594345.0
2025-10-07 08:45:00+00:00,0.046074,0.047776,0.045167,0.04723,52016611.0
2025-10-07 09:00:00+00:00,0.047234,0.047828,0.046225,0.046912,45966542.0
2025-10-07 09:15:00+00:00,0.046899,0.047999,0.046441,0.046685,34827487.0
2025-10-07 09:30:00+00:00,0.046647,0.046647,0.044597,0.04591,41757942.0
2025-10-07 09:45:00+00:00,0.0459,0.046218,0.043481,0.043961,45884897.0
2025-10-07 10:00:00+00:00,0.043961,0.045859,0.0427,0.045716,52530937.0
2025-10-07 10:15:00+00:00,0.045719,0.047863,0.04526,0.047472,57555886.0
2025-10-07 10:30:00+00:00,0.047439,0.047887,0.045818,0.047319,47349615.0
2025-10-07 10:45:00+00:00,0.047345,0.048982,0.047182,0.048353,54962395.0
2025-10-07 11:00:00+00:00,0.048346,0.048888,0.0468,0.047199,35720410.0
2025-10-07 11:15:00+00:00,0.047183,0.047997,0.0461,0.046206,25975599.0
2025-10-07 11:30:00+00:00,0.046205,0.047827,0.046188,0.047781,22493551.0
2025-10-07 11:45:00+00:00,0.047768,0.0478,0.046629,0.046953,20879617.0
2025-10-07 12:00:00+00:00,0.046954,0.047358,0.04621,0.046887,20788238.0
2025-10-07 12:15:00+00:00,0.046885,0.048741,0.04673,0.048304,43846825.0
2025-10-07 12:30:00+00:00,0.048307,0.048619,0.047552,0.047911,28810466.0
2025-10-07 12:45:00+00:00,0.047926,0.049248,0.0475,0.048677,44861359.0
2025-10-07 13:00:00+00:00,0.048682,0.051525,0.048264,0.049036,110196098.0
2025-10-07 13:15:00+00:00,0.049095,0.049352,0.047688,0.047804,44658595.0
2025-10-07 13:30:00+00:00,0.047808,0.049592,0.047764,0.049143,33435992.0
2025-10-07 13:45:00+00:00,0.049173,0.053525,0.0482,0.052405,136900819.0
2025-10-07 14:00:00+00:00,0.052427,0.053,0.051307,0.051674,86340536.0
2025-10-07 14:15:00+00:00,0.051675,0.053399,0.05,0.051959,99435365.0
2025-10-07 14:30:00+00:00,0.051981,0.052979,0.051067,0.051302,63675705.0
2025-10-07 14:45:00+00:00,0.051324,0.05198,0.05014,0.051035,57064651.0
2025-10-07 15:00:00+00:00,0.051007,0.052184,0.05037,0.050847,59464330.0
2025-10-07 15:15:00+00:00,0.050863,0.051759,0.050243,0.05058,35664265.0
2025-10-07 15:30:00+00:00,0.050578,0.050711,0.049355,0.049888,53547467.0
2025-10-07 15:45:00+00:00,0.049888,0.049988,0.048,0.048186,60645378.0
2025-10-07 16:00:00+00:00,0.048202,0.0526,0.048202,0.052236,66810925.0
2025-10-07 16:15:00+00:00,0.052279,0.053203,0.050802,0.051074,56688861.0
2025-10-07 16:30:00+00:00,0.051086,0.051711,0.048847,0.049255,43458284.0
2025-10-07 16:45:00+00:00,0.049275,0.050235,0.0484,0.04972,30121078.0
2025-10-07 17:00:00+00:00,0.049712,0.051054,0.049145,0.049464,31651448.0
2025-10-07 17:15:00+00:00,0.049452,0.050063,0.048216,0.048622,26046977.0
2025-10-07 17:30:00+00:00,0.04862,0.048919,0.046878,0.047783,37968978.0
2025-10-07 17:45:00+00:00,0.047758,0.047835,0.046462,0.047186,31536676.0
2025-10-07 18:00:00+00:00,0.047184,0.048712,0.046602,0.047767,28143498.0
2025-10-07 18:15:00+00:00,0.047757,0.047807,0.045836,0.046155,28737408.0
2025-10-07 18:30:00+00:00,0.046141,0.046255,0.045126,0.045241,21679363.0
2025-10-07 18:45:00+00:00,0.045238,0.04625,0.044885,0.045035,15869900.0
2025-10-07 19:00:00+00:00,0.045033,0.045331,0.044208,0.044645,17527256.0
2025-10-07 19:15:00+00:00,0.044646,0.045407,0.044309,0.045207,9046054.0
2025-10-07 19:30:00+00:00,0.045197,0.046,0.044931,0.045276,17423922.0
2025-10-07 19:45:00+00:00,0.045276,0.045654,0.044913,0.045458,6005501.0
2025-10-07 20:00:00+00:00,0.045482,0.046703,0.044957,0.046429,16852668.0
2025-10-07 20:15:00+00:00,0.046442,0.046488,0.045344,0.0457,10673786.0
2025-10-07 20:30:00+00:00,0.045692,0.046086,0.045068,0.045757,7816748.0
2025-10-07 20:45:00+00:00,0.045757,0.04592,0.045251,0.045376,7526259.0
2025-10-07 21:00:00+00:00,0.045384,0.046564,0.044774,0.046443,16101621.0
2025-10-07 21:15:00+00:00,0.046462,0.047248,0.046317,0.046946,16705608.0
2025-10-07 21:30:00+00:00,0.046946,0.047476,0.04634,0.046733,8548008.0
2025-10-07 21:45:00+00:00,0.046723,0.046818,0.045697,0.045952,6818070.0
2025-10-07 22:00:00+00:00,0.045953,0.046395,0.044288,0.04494,18488534.0
2025-10-07 22:15:00+00:00,0.044932,0.045391,0.044489,0.045105,11177311.0
2025-10-07 22:30:00+00:00,0.045105,0.045906,0.044591,0.04472,9530960.0
2025-10-07 22:45:00+00:00,0.044724,0.045928,0.044704,0.045446,9740455.0
2025-10-07 23:00:00+00:00,0.045447,0.045623,0.044549,0.045272,12885584.0
2025-10-07 23:15:00+00:00,0.045267,0.045783,0.045166,0.045676,9024374.0
2025-10-07 23:30:00+00:00,0.045665,0.046175,0.045603,0.045934,7042617.0
2025-10-07 23:45:00+00:00,0.045934,0.046223,0.045466,0.04556,7902314.0
2025-10-08 00:00:00+00:00,0.045568,0.046749,0.045176,0.045903,13275771.0
2025-10-08 00:15:00+00:00,0.045892,0.0464,0.045558,0.045961,10644362.0
2025-10-08 00:30:00+00:00,0.045967,0.046942,0.04578,0.046404,11077358.0
2025-10-08 00:45:00+00:00,0.046402,0.04693,0.045983,0.046863,10440356.0
2025-10-08 01:00:00+00:00,0.046863,0.047198,0.046042,0.046297,17448131.0
2025-10-08 01:15:00+00:00,0.046308,0.046757,0.045906,0.045919,10485216.0
2025-10-08 01:30:00+00:00,0.045918,0.046077,0.044699,0.045239,17272534.0
2025-10-08 01:45:00+00:00,0.045229,0.045616,0.044548,0.045203,14295828.0
2025-10-08 02:00:00+00:00,0.045201,0.04545,0.044467,0.045247,15376224.0
2025-10-08 02:15:00+00:00,0.045234,0.045544,0.044741,0.044748,8796552.0
2025-10-08 02:30:00+00:00,0.044753,0.045162,0.044096,0.044214,12536782.0
2025-10-08 02:45:00+00:00,0.044217,0.044871,0.044048,0.044688,8636882.0
2025-10-08 03:00:00+00:00,0.044681,0.045132,0.044349,0.044671,9997715.0
2025-10-08 03:15:00+00:00,0.044673,0.045375,0.044429,0.045234,7430501.0
2025-10-08 03:30:00+00:00,0.045232,0.045236,0.043811,0.043984,16460520.0
2025-10-08 03:45:00+00:00,0.043984,0.044486,0.042989,0.043168,18918724.0
2025-10-08 04:00:00+00:00,0.043175,0.043189,0.040047,0.042147,66491336.0
2025-10-08 04:15:00+00:00,0.042126,0.042338,0.041,0.041145,24270606.0
2025-10-08 04:30:00+00:00,0.041144,0.042276,0.041124,0.041943,20623430.0
2025-10-08 04:45:00+00:00,0.041947,0.042063,0.041162,0.041631,12350205.0
2025-10-08 05:00:00+00:00,0.041629,0.041907,0.041038,0.041308,12501074.0
2025-10-08 05:15:00+00:00,0.041304,0.041364,0.040304,0.040596,19227182.0
2025-10-08 05:30:00+00:00,0.040613,0.041417,0.040187,0.041152,15435983.0
2025-10-08 05:45:00+00:00,0.041158,0.041158,0.040033,0.040152,16637599.0
2025-10-08 06:00:00+00:00,0.040179,0.0406,0.03955,0.040017,21296626.0
2025-10-08 06:15:00+00:00,0.040017,0.040246,0.039668,0.039791,15258109.0
2025-10-08 06:30:00+00:00,0.039781,0.039845,0.038702,0.03873,25347066.0
2025-10-08 06:45:00+00:00,0.038729,0.039374,0.038363,0.038766,22653227.0
2025-10-08 07:00:00+00:00,0.038776,0.039033,0.038046,0.038976,22866046.0
2025-10-08 07:15:00+00:00,0.038968,0.03912,0.038292,0.038546,13005831.0
2025-10-08 07:30:00+00:00,0.038546,0.038553,0.037337,0.037627,27562450.0
2025-10-08 07:45:00+00:00,0.03763,0.03763,0.036517,0.036749,29525514.0
2025-10-08 08:00:00+00:00,0.036717,0.036749,0.035343,0.035387,43388741.0
2025-10-08 08:15:00+00:00,0.035413,0.037596,0.035194,0.036656,52107351.0
2025-10-08 08:30:00+00:00,0.036659,0.037495,0.03608,0.037475,35571993.0
2025-10-08 08:45:00+00:00,0.037474,0.037479,0.036661,0.037063,18298024.0
2025-10-08 09:00:00+00:00,0.037052,0.037421,0.036313,0.036419,26919148.0
2025-10-08 09:15:00+00:00,0.036428,0.036592,0.034558,0.034672,41183525.0
2025-10-08 09:30:00+00:00,0.034647,0.035171,0.033725,0.034025,36708496.0
2025-10-08 09:45:00+00:00,0.034025,0.034335,0.033038,0.033314,35439175.0
2025-10-08 10:00:00+00:00,0.033318,0.034815,0.032911,0.034764,47726228.0
2025-10-08 10:15:00+00:00,0.034764,0.036364,0.034176,0.03481,78229202.0
2025-10-08 10:30:00+00:00,0.034825,0.035123,0.034203,0.034598,35831867.0
2025-10-08 10:45:00+00:00,0.034598,0.034604,0.033255,0.033273,37445780.0
2025-10-08 11:00:00+00:00,0.033273,0.034301,0.032824,0.033327,55390419.0
2025-10-08 11:15:00+00:00,0.033318,0.03412,0.033283,0.033622,27113239.0
2025-10-08 11:30:00+00:00,0.033614,0.033847,0.032139,0.032232,38454728.0
2025-10-08 11:45:00+00:00,0.032232,0.03264,0.031124,0.031495,73585395.0
2025-10-08 12:00:00+00:00,0.0315,0.031952,0.03107,0.031865,46094741.0
2025-10-08 12:15:00+00:00,0.031868,0.032585,0.031827,0.03225,29922545.0
2025-10-08 12:30:00+00:00,0.032246,0.032998,0.031643,0.032659,28733452.0
2025-10-08 12:45:00+00:00,0.03266,0.033152,0.032374,0.032891,28252425.0
2025-10-08 13:00:00+00:00,0.032878,0.032885,0.031424,0.031676,32316859.0
2025-10-08 13:15:00+00:00,0.031681,0.031984,0.030929,0.031087,28748250.0
2025-10-08 13:30:00+00:00,0.031093,0.031165,0.030023,0.030574,64401887.0
2025-10-08 13:45:00+00:00,0.030574,0.031247,0.030257,0.030445,36962213.0
2025-10-08 14:00:00+00:00,0.030444,0.03098,0.029216,0.029334,76289662.0
2025-10-08 14:15:00+00:00,0.029313,0.029999,0.029201,0.029732,50651078.0
2025-10-08 14:30:00+00:00,0.029733,0.030226,0.029433,0.030057,45321669.0
2025-10-08 14:45:00+00:00,0.030059,0.030068,0.028778,0.028937,54765808.0
2025-10-08 15:00:00+00:00,0.028936,0.029121,0.027627,0.027878,95599065.0
2025-10-08 15:15:00+00:00,0.027879,0.028339,0.0273,0.027639,86576774.0
2025-10-08 15:30:00+00:00,0.027632,0.02848,0.027569,0.028172,54839630.0
2025-10-08 15:45:00+00:00,0.028171,0.028312,0.026576,0.026829,77381889.0
2025-10-08 16:00:00+00:00,0.026818,0.028428,0.02647,0.027807,104492639.0
2025-10-08 16:15:00+00:00,0.027802,0.028299,0.027504,0.028241,55300652.0
2025-10-08 16:30:00+00:00,0.028223,0.028234,0.027582,0.028177,36072810.0
2025-10-08 16:45:00+00:00,0.02818,0.028842,0.027675,0.028287,47141812.0
2025-10-08 17:00:00+00:00,0.028276,0.028296,0.027077,0.027858,63422746.0
2025-10-08 17:15:00+00:00,0.027854,0.028499,0.027552,0.028246,48771225.0
2025-10-08 17:30:00+00:00,0.028245,0.028782,0.027696,0.027878,43787937.0
2025-10-08 17:45:00+00:00,0.027887,0.027917,0.027121,0.027224,36790110.0
2025-10-08 18:00:00+00:00,0.027219,0.028099,0.027144,0.027974,43989715.0
2025-10-08 18:15:00+00:00,0.027963,0.02848,0.02783,0.028022,32589455.0
2025-10-08 18:30:00+00:00,0.028017,0.028242,0.027556,0.027992,36409022.0
2025-10-08 18:45:00+00:00,0.028014,0.029338,0.027987,0.028672,66844316.0
2025-10-08 19:00:00+00:00,0.028672,0.029075,0.028035,0.0282,38237380.0
2025-10-08 19:15:00+00:00,0.028211,0.028642,0.027463,0.027801,40077238.0
2025-10-08 19:30:00+00:00,0.027796,0.028696,0.027379,0.02858,40661397.0
2025-10-08 19:45:00+00:00,0.028582,0.028668,0.027606,0.027648,26954067.0
2025-10-08 20:00:00+00:00,0.027649,0.027974,0.027474,0.027704,27290479.0
2025-10-08 20:15:00+00:00,0.027713,0.028394,0.027557,0.028099,28880194.0
2025-10-08 20:30:00+00:00,0.0281,0.028205,0.0275,0.02763,18520322.0
2025-10-08 20:45:00+00:00,0.027631,0.028077,0.0268,0.026873,37545506.0
2025-10-08 21:00:00+00:00,0.026875,0.027221,0.0262,0.026829,75240183.0
2025-10-08 21:15:00+00:00,0.02683,0.027371,0.026825,0.02713,22635961.0
2025-10-08 21:30:00+00:00,0.027127,0.027128,0.026535,0.026647,16722428.0
2025-10-08 21:45:00+00:00,0.026645,0.026934,0.026001,0.026065,35675269.0
2025-10-08 22:00:00+00:00,0.026074,0.026297,0.025546,0.025636,50387151.0
2025-10-08 22:15:00+00:00,0.025626,0.02596,0.025541,0.0259,33663394.0
2025-10-08 22:30:00+00:00,0.025905,0.025978,0.025003,0.025471,46624474.0
2025-10-08 22:45:00+00:00,0.025477,0.025603,0.025101,0.025268,30260710.0
2025-10-08 23:00:00+00:00,0.025266,0.025546,0.024847,0.02525,44826604.0
2025-10-08 23:15:00+00:00,0.025245,0.025245,0.024724,0.024749,35896130.0
2025-10-08 23:30:00+00:00,0.024762,0.025102,0.024608,0.024849,41511342.0
2025-10-08 23:45:00+00:00,0.024844,0.024933,0.02395,0.024007,81294647.0
2025-10-09 00:00:00+00:00,0.024006,0.025154,0.02395,0.024495,118751858.0
2025-10-09 00:15:00+00:00,0.024495,0.02465,0.024051,0.024153,41842553.0
2025-10-09 00:30:00+00:00,0.024156,0.024178,0.023501,0.023553,60243759.0
2025-10-09 00:45:00+00:00,0.023554,0.024107,0.023542,0.023583,45668129.0
2025-10-09 01:00:00+00:00,0.023575,0.024436,0.02333,0.024349,66144483.0
2025-10-09 01:15:00+00:00,0.024357,0.025,0.024278,0.024445,48573846.0
2025-10-09 01:30:00+00:00,0.024449,0.024744,0.023784,0.023876,38225389.0
2025-10-09 01:45:00+00:00,0.023876,0.024699,0.02383,0.024425,35004133.0
2025-10-09 02:00:00+00:00,0.024429,0.027,0.024294,0.025991,206555955.0
2025-10-09 02:15:00+00:00,0.025991,0.025994,0.020761,0.021817,351549711.0
2025-10-09 02:30:00+00:00,0.021822,0.022005,0.020978,0.021652,91811564.0
2025-10-09 02:45:00+00:00,0.02166,0.022484,0.021482,0.02196,82505395.0
2025-10-09 03:00:00+00:00,0.021958,0.022432,0.021568,0.021842,101460513.0
2025-10-09 03:15:00+00:00,0.021832,0.022294,0.02156,0.022176,56658020.0
2025-10-09 03:30:00+00:00,0.022177,0.022616,0.022068,0.022371,51236945.0
2025-10-09 03:45:00+00:00,0.022376,0.022541,0.021866,0.022,44063277.0
2025-10-09 04:00:00+00:00,0.022,0.022793,0.021683,0.02256,61634398.0
2025-10-09 04:15:00+00:00,0.022564,0.023231,0.02211,0.022757,74001751.0
2025-10-09 04:30:00+00:00,0.022757,0.024329,0.02248,0.02367,77314498.0
2025-10-09 04:45:00+00:00,0.023671,0.026,0.023391,0.025741,122545795.0
2025-10-09 05:00:00+00:00,0.025745,0.02731,0.02545,0.026116,162157736.0
2025-10-09 05:15:00+00:00,0.026114,0.026275,0.025123,0.026244,89662119.0
2025-10-09 05:30:00+00:00,0.026246,0.026631,0.024658,0.024844,102145000.0
2025-10-09 05:45:00+00:00,0.024839,0.031113,0.02459,0.030657,223666523.0
2025-10-09 06:00:00+00:00,0.030656,0.032722,0.026769,0.027675,277900969.0
2025-10-09 06:15:00+00:00,0.027662,0.02874,0.0267,0.028383,81778430.0
2025-10-09 06:30:00+00:00,0.028378,0.029165,0.027772,0.027911,80260709.0
2025-10-09 06:45:00+00:00,0.027911,0.029399,0.027755,0.029134,58452454.0
2025-10-09 07:00:00+00:00,0.029133,0.029399,0.028254,0.028594,53744904.0
2025-10-09 07:15:00+00:00,0.028605,0.029199,0.02784,0.02886,47046801.0
2025-10-09 07:30:00+00:00,0.028855,0.02987,0.028655,0.02886,53504613.0
2025-10-09 07:45:00+00:00,0.028866,0.029413,0.027571,0.028139,54684916.0
2025-10-09 08:00:00+00:00,0.028124,0.028767,0.027622,0.028327,43304446.0
2025-10-09 08:15:00+00:00,0.028328,0.02842,0.027021,0.027077,49019733.0
2025-10-09 08:30:00+00:00,0.027082,0.02789,0.027066,0.027516,40258991.0
2025-10-09 08:45:00+00:00,0.027504,0.027584,0.026399,0.026573,44242974.0
2025-10-09 09:00:00+00:00,0.02655,0.027556,0.02655,0.027121,45494915.0
2025-10-09 09:15:00+00:00,0.02713,0.027521,0.026974,0.027307,23128178.0
2025-10-09 09:30:00+00:00,0.027298,0.028411,0.027254,0.02817,23862459.0
2025-10-09 09:45:00+00:00,0.02817,0.028332,0.0275,0.027538,26176698.0
2025-10-09 10:00:00+00:00,0.027539,0.027578,0.026,0.026523,46093103.0
2025-10-09 10:15:00+00:00,0.026522,0.027661,0.026506,0.027141,23249767.0
2025-10-09 10:30:00+00:00,0.027139,0.027868,0.027051,0.027484,16705598.0
2025-10-09 10:45:00+00:00,0.02748,0.02748,0.026633,0.026873,24136735.0
2025-10-09 11:00:00+00:00,0.026873,0.026934,0.026401,0.026716,18816563.0
2025-10-09 11:15:00+00:00,0.02672,0.027097,0.026533,0.026979,16858287.0
2025-10-09 11:30:00+00:00,0.026979,0.027551,0.026886,0.027277,17898025.0
2025-10-09 11:45:00+00:00,0.027277,0.027953,0.027257,0.027629,19708782.0
2025-10-09 12:00:00+00:00,0.027628,0.028178,0.027337,0.027396,25352905.0
2025-10-09 12:15:00+00:00,0.027403,0.028022,0.02735,0.02782,15769156.0
2025-10-09 12:30:00+00:00,0.027813,0.027864,0.027243,0.027509,10681236.0
2025-10-09 12:45:00+00:00,0.027516,0.027714,0.026523,0.026577,19905826.0
2025-10-09 13:00:00+00:00,0.026587,0.0272,0.02656,0.026899,17624161.0
2025-10-09 13:15:00+00:00,0.026893,0.027026,0.026585,0.026851,14459649.0
2025-10-09 13:30:00+00:00,0.02685,0.027074,0.026664,0.026892,9467363.0
2025-10-09 13:45:00+00:00,0.026893,0.026898,0.026,0.026051,22430114.0
2025-10-09 14:00:00+00:00,0.026051,0.026304,0.02535,0.025387,41360995.0
2025-10-09 14:15:00+00:00,0.025388,0.025509,0.024802,0.024832,31543899.0
2025-10-09 14:30:00+00:00,0.024825,0.024864,0.024248,0.02432,32243422.0
2025-10-09 14:45:00+00:00,0.02432,0.025717,0.024263,0.025168,34904383.0
2025-10-09 15:00:00+00:00,0.025165,0.025338,0.024417,0.025023,31635886.0
2025-10-09 15:15:00+00:00,0.025015,0.025203,0.024617,0.024822,20673034.0
2025-10-09 15:30:00+00:00,0.024831,0.024941,0.024572,0.024705,12009430.0
2025-10-09 15:45:00+00:00,0.024712,0.024914,0.023787,0.02388,34841178.0
2025-10-09 16:00:00+00:00,0.02389,0.026094,0.023636,0.024809,125548813.0
2025-10-09 16:15:00+00:00,0.024808,0.025963,0.024676,0.025685,44078271.0
2025-10-09 16:30:00+00:00,0.025683,0.025969,0.025337,0.025711,23373748.0
2025-10-09 16:45:00+00:00,0.025711,0.025801,0.02476,0.025068,22021794.0
2025-10-09 17:00:00+00:00,0.025068,0.025499,0.024867,0.025211,23884301.0
2025-10-09 17:15:00+00:00,0.02521,0.025492,0.025093,0.025139,12908560.0
2025-10-09 17:30:00+00:00,0.025136,0.02525,0.024592,0.024743,21084392.0
2025-10-09 17:45:00+00:00,0.024744,0.02491,0.024435,0.024686,13457174.0
2025-10-09 18:00:00+00:00,0.024681,0.025028,0.024612,0.024913,13596228.0
2025-10-09 18:15:00+00:00,0.024909,0.025,0.02418,0.024216,19178046.0
2025-10-09 18:30:00+00:00,0.024222,0.024383,0.024078,0.0243,8483543.0
2025-10-09 18:45:00+00:00,0.024299,0.02454,0.023895,0.02395,13600500.0
2025-10-09 19:00:00+00:00,0.023951,0.024673,0.023932,0.024298,13674656.0
2025-10-09 19:15:00+00:00,0.0243,0.02485,0.0243,0.024463,9604447.0
2025-10-09 19:30:00+00:00,0.02446,0.024517,0.024169,0.024241,7259712.0
2025-10-09 19:45:00+00:00,0.024245,0.02445,0.024091,0.024429,8573585.0
2025-10-09 20:00:00+00:00,0.024429,0.024844,0.024405,0.024652,14105787.0
2025-10-09 20:15:00+00:00,0.024654,0.024931,0.024524,0.024594,7622357.0
2025-10-09 20:30:00+00:00,0.024599,0.024674,0.024326,0.024536,7038209.0
2025-10-09 20:45:00+00:00,0.024538,0.025129,0.024411,0.025085,23301057.0
2025-10-09 21:00:00+00:00,0.025083,0.025231,0.024852,0.024991,10787458.0
2025-10-09 21:15:00+00:00,0.024987,0.025246,0.024987,0.025073,3900451.0
2025-10-09 21:30:00+00:00,0.025071,0.025287,0.024863,0.024981,4558900.0
2025-10-09 21:45:00+00:00,0.02498,0.025195,0.024907,0.025034,3598252.0
2025-10-09 22:00:00+00:00,0.025035,0.025393,0.02499,0.025073,8609938.0
2025-10-09 22:15:00+00:00,0.02507,0.025206,0.024876,0.024919,6582037.0
2025-10-09 22:30:00+00:00,0.024915,0.025016,0.024711,0.024805,6556794.0
2025-10-09 22:45:00+00:00,0.024802,0.024999,0.024739,0.024853,7290519.0
2025-10-09 23:00:00+00:00,0.024848,0.025094,0.02482,0.024909,9183751.0
2025-10-09 23:15:00+00:00,0.024908,0.025076,0.024768,0.025005,6884494.0
2025-10-09 23:30:00+00:00,0.025002,0.025119,0.024744,0.024764,5729856.0
2025-10-09 23:45:00+00:00,0.024763,0.0248,0.024515,0.024539,8758004.0
2025-10-10 00:00:00+00:00,0.024539,0.025598,0.024538,0.024847,21286636.0
2025-10-10 00:15:00+00:00,0.024848,0.025356,0.024723,0.024899,10942168.0
2025-10-10 00:30:00+00:00,0.024894,0.025286,0.024314,0.024387,22281475.0
2025-10-10 00:45:00+00:00,0.024383,0.024681,0.024161,0.024294,13202754.0
2025-10-10 01:00:00+00:00,0.024292,0.024632,0.024021,0.024238,15385083.0
2025-10-10 01:15:00+00:00,0.02424,0.024565,0.024126,0.024155,8027768.0
2025-10-10 01:30:00+00:00,0.024154,0.02443,0.023944,0.02427,10584626.0
2025-10-10 01:45:00+00:00,0.024266,0.024857,0.024176,0.024819,10193165.0
2025-10-10 02:00:00+00:00,0.024821,0.025256,0.024766,0.025125,20732967.0
2025-10-10 02:15:00+00:00,0.025125,0.026,0.025045,0.025959,24937200.0
2025-10-10 02:30:00+00:00,0.025951,0.026347,0.024851,0.025324,59219275.0
2025-10-10 02:45:00+00:00,0.025327,0.026577,0.025046,0.026337,34055411.0
2025-10-10 03:00:00+00:00,0.026347,0.027075,0.025808,0.026474,45438356.0
2025-10-10 03:15:00+00:00,0.026473,0.026612,0.025599,0.025711,31636142.0
2025-10-10 03:30:00+00:00,0.025714,0.02673,0.025701,0.026129,18880707.0
2025-10-10 03:45:00+00:00,0.026134,0.027939,0.025997,0.027858,38493617.0
2025-10-10 04:00:00+00:00,0.027848,0.02848,0.02668,0.027437,78570370.0
2025-10-10 04:15:00+00:00,0.027436,0.027493,0.026164,0.0264,32689998.0
2025-10-10 04:30:00+00:00,0.026402,0.026694,0.025443,0.02564,32776662.0
2025-10-10 04:45:00+00:00,0.025636,0.02587,0.024959,0.02538,33635785.0
2025-10-10 05:00:00+00:00,0.02538,0.02568,0.025199,0.025219,19451385.0
2025-10-10 05:15:00+00:00,0.025218,0.025577,0.025025,0.025395,18457119.0
2025-10-10 05:30:00+00:00,0.025394,0.025504,0.025033,0.025357,12559276.0
2025-10-10 05:45:00+00:00,0.025368,0.025699,0.02515,0.025344,13041515.0
2025-10-10 06:00:00+00:00,0.025353,0.025379,0.02401,0.024704,52946975.0
2025-10-10 06:15:00+00:00,0.024706,0.025218,0.024644,0.025087,12871572.0
2025-10-10 06:30:00+00:00,0.025087,0.025578,0.024823,0.025374,12916469.0
2025-10-10 06:45:00+00:00,0.025374,0.026,0.024889,0.025933,17667672.0
2025-10-10 07:00:00+00:00,0.025928,0.026598,0.025825,0.026045,26684284.0
2025-10-10 07:15:00+00:00,0.026043,0.02631,0.026,0.026143,8804598.0
2025-10-10 07:30:00+00:00,0.026137,0.026547,0.025896,0.026432,14473054.0
2025-10-10 07:45:00+00:00,0.02643,0.026824,0.026251,0.02679,9575812.0
2025-10-10 08:00:00+00:00,0.026783,0.027249,0.026267,0.026914,16745592.0
2025-10-10 08:15:00+00:00,0.026901,0.027353,0.026668,0.027172,15016828.0
2025-10-10 08:30:00+00:00,0.027172,0.027494,0.027017,0.027286,14980999.0
2025-10-10 08:45:00+00:00,0.027294,0.02743,0.027034,0.027262,13859828.0
2025-10-10 09:00:00+00:00,0.027263,0.027696,0.027083,0.027485,15654946.0
2025-10-10 09:15:00+00:00,0.027488,0.027826,0.027141,0.02738,10181274.0
2025-10-10 09:30:00+00:00,0.027369,0.027662,0.02731,0.02755,5815611.0
2025-10-10 09:45:00+00:00,0.027553,0.027696,0.027058,0.027162,12466681.0
2025-10-10 10:00:00+00:00,0.027157,0.027226,0.026,0.026245,29763385.0
2025-10-10 10:15:00+00:00,0.026235,0.026605,0.026114,0.026402,12362778.0
2025-10-10 10:30:00+00:00,0.026405,0.026425,0.026174,0.026328,8863403.0
2025-10-10 10:45:00+00:00,0.026325,0.026577,0.026251,0.026259,5884181.0
2025-10-10 11:00:00+00:00,0.026261,0.026286,0.025774,0.026195,14634597.0
2025-10-10 11:15:00+00:00,0.026199,0.026224,0.025872,0.025946,12645868.0
2025-10-10 11:30:00+00:00,0.025946,0.026305,0.025828,0.026305,8982441.0
2025-10-10 11:45:00+00:00,0.026281,0.026372,0.025925,0.026158,8014140.0
2025-10-10 12:00:00+00:00,0.026155,0.026159,0.024981,0.025434,27514690.0
2025-10-10 12:15:00+00:00,0.025434,0.026036,0.02542,0.025916,12304605.0
2025-10-10 12:30:00+00:00,0.025911,0.026255,0.025654,0.026047,14544328.0
2025-10-10 12:45:00+00:00,0.026047,0.026189,0.025897,0.026139,4170653.0
2025-10-10 13:00:00+00:00,0.026131,0.026175,0.025514,0.025788,13293677.0
2025-10-10 13:15:00+00:00,0.02578,0.026213,0.02549,0.02603,21460906.0
2025-10-10 13:30:00+00:00,0.026036,0.026335,0.02599,0.026309,6904119.0
2025-10-10 13:45:00+00:00,0.02631,0.026346,0.025657,0.025696,11904134.0
2025-10-10 14:00:00+00:00,0.025686,0.026166,0.025651,0.025952,10667481.0
2025-10-10 14:15:00+00:00,0.025958,0.026057,0.025701,0.025725,7231151.0
2025-10-10 14:30:00+00:00,0.025732,0.025807,0.025008,0.025151,15271815.0
2025-10-10 14:45:00+00:00,0.025141,0.025472,0.024704,0.024797,23774999.0
2025-10-10 15:00:00+00:00,0.024787,0.025225,0.024749,0.025186,14991175.0
2025-10-10 15:15:00+00:00,0.025203,0.025819,0.025145,0.025771,15536043.0
2025-10-10 15:30:00+00:00,0.025772,0.026089,0.024023,0.026043,46858664.0
2025-10-10 15:45:00+00:00,0.026045,0.026068,0.025632,0.025976,10325603.0
2025-10-10 16:00:00+00:00,0.025992,0.02623,0.025119,0.025338,12881419.0
2025-10-10 16:15:00+00:00,0.025339,0.025339,0.024709,0.024747,11376603.0
2025-10-10 16:30:00+00:00,0.024746,0.025241,0.024632,0.024775,15898659.0
2025-10-10 16:45:00+00:00,0.024778,0.025479,0.02475,0.024799,16563723.0
2025-10-10 17:00:00+00:00,0.024799,0.025493,0.024785,0.02506,11731897.0
2025-10-10 17:15:00+00:00,0.025062,0.025182,0.024769,0.024878,7298117.0
2025-10-10 17:30:00+00:00,0.024883,0.024969,0.02477,0.024915,5483166.0
2025-10-10 17:45:00+00:00,0.024913,0.025599,0.024521,0.025445,14512820.0
2025-10-10 18:00:00+00:00,0.025457,0.025597,0.025259,0.025462,11633143.0
2025-10-10 18:15:00+00:00,0.025465,0.02577,0.025189,0.025391,9140083.0
2025-10-10 18:30:00+00:00,0.025393,0.025734,0.025211,0.025583,6988083.0
2025-10-10 18:45:00+00:00,0.025583,0.025679,0.025298,0.025436,5771653.0
2025-10-10 19:00:00+00:00,0.025435,0.025672,0.025382,0.025564,5957245.0
2025-10-10 19:15:00+00:00,0.025575,0.025889,0.025496,0.025609,9023896.0
2025-10-10 19:30:00+00:00,0.025609,0.025735,0.025351,0.025496,8343745.0
2025-10-10 19:45:00+00:00,0.025497,0.025956,0.025418,0.025921,7221806.0
2025-10-10 20:00:00+00:00,0.025921,0.026012,0.025029,0.025223,21639098.0
2025-10-10 20:15:00+00:00,0.025224,0.025465,0.025166,0.025264,6576864.0
2025-10-10 20:30:00+00:00,0.025265,0.025303,0.024979,0.025054,4509064.0
2025-10-10 20:45:00+00:00,0.025054,0.025074,0.02313,0.023924,35339472.0
2025-10-10 21:00:00+00:00,0.023924,0.024393,0.020688,0.022286,64037009.0
2025-10-10 21:15:00+00:00,0.022211,0.0288,0.01054,0.022932,265142022.0
2025-10-10 21:30:00+00:00,0.023006,0.027,0.015169,0.020596,378333698.0
2025-10-10 21:45:00+00:00,0.020596,0.021955,0.018358,0.021663,44228319.0
2025-10-10 22:00:00+00:00,0.021709,0.022158,0.018854,0.019746,53769449.0
2025-10-10 22:15:00+00:00,0.019804,0.02,0.018572,0.018803,44889278.0
2025-10-10 22:30:00+00:00,0.018803,0.019663,0.018156,0.019509,31438350.0
2025-10-10 22:45:00+00:00,0.019397,0.02,0.018669,0.018835,17321534.0
2025-10-10 23:00:00+00:00,0.018881,0.019743,0.018033,0.018772,27822880.0
2025-10-10 23:15:00+00:00,0.018804,0.019538,0.018539,0.019123,17736226.0
2025-10-10 23:30:00+00:00,0.019123,0.019776,0.018867,0.019552,17285656.0
2025-10-10 23:45:00+00:00,0.019553,0.019573,0.017568,0.018016,39423865.0
2025-10-11 00:00:00+00:00,0.018004,0.018949,0.017942,0.018743,17666305.0
2025-10-11 00:15:00+00:00,0.018764,0.019567,0.018072,0.019374,18574949.0
2025-10-11 00:30:00+00:00,0.01938,0.019814,0.019046,0.01954,15263481.0
2025-10-11 00:45:00+00:00,0.019535,0.020405,0.019153,0.019815,21577479.0
2025-10-11 01:00:00+00:00,0.019766,0.020295,0.019441,0.020198,14765365.0
2025-10-11 01:15:00+00:00,0.020191,0.020352,0.019852,0.020314,10054283.0
2025-10-11 01:30:00+00:00,0.020311,0.020432,0.01983,0.019982,7105195.0
2025-10-11 01:45:00+00:00,0.019978,0.0203,0.019801,0.019996,6116037.0
2025-10-11 02:00:00+00:00,0.019993,0.021157,0.019992,0.020956,14103995.0
2025-10-11 02:15:00+00:00,0.020956,0.021308,0.020723,0.020942,12688198.0
2025-10-11 02:30:00+00:00,0.020947,0.021285,0.02071,0.021167,11797531.0
2025-10-11 02:45:00+00:00,0.021151,0.021151,0.02029,0.02042,14126365.0
2025-10-11 03:00:00+00:00,0.020413,0.020818,0.020303,0.020629,9866582.0
2025-10-11 03:15:00+00:00,0.020615,0.020979,0.020399,0.02067,13656193.0
2025-10-11 03:30:00+00:00,0.020664,0.021069,0.020626,0.021029,9773835.0
2025-10-11 03:45:00+00:00,0.021036,0.021159,0.020789,0.021071,9028525.0
2025-10-11 04:00:00+00:00,0.021076,0.021507,0.020839,0.021436,9783672.0
2025-10-11 04:15:00+00:00,0.021429,0.021429,0.020918,0.02119,7882259.0
2025-10-11 04:30:00+00:00,0.021196,0.021286,0.020726,0.02089,6390020.0
2025-10-11 04:45:00+00:00,0.020886,0.021283,0.020634,0.020932,17836656.0
2025-10-11 05:00:00+00:00,0.020937,0.021021,0.020644,0.020739,7977382.0
2025-10-11 05:15:00+00:00,0.020735,0.02075,0.02001,0.020033,12156998.0
2025-10-11 05:30:00+00:00,0.020028,0.020155,0.019838,0.02004,14360084.0
2025-10-11 05:45:00+00:00,0.02004,0.02057,0.02004,0.020352,7678279.0
2025-10-11 06:00:00+00:00,0.020356,0.020366,0.020119,0.020278,6055018.0
2025-10-11 06:15:00+00:00,0.020275,0.021675,0.020087,0.020692,19113452.0
2025-10-11 06:30:00+00:00,0.020693,0.02099,0.020516,0.020692,9366149.0
2025-10-11 06:45:00+00:00,0.020694,0.020836,0.020537,0.020795,11423298.0
2025-10-11 07:00:00+00:00,0.020798,0.020811,0.020011,0.02005,12194116.0
2025-10-11 07:15:00+00:00,0.020049,0.020192,0.020005,0.020041,5982265.0
2025-10-11 07:30:00+00:00,0.020042,0.020184,0.019874,0.020002,5602713.0
2025-10-11 07:45:00+00:00,0.020006,0.020213,0.019921,0.020129,6658410.0
2025-10-11 08:00:00+00:00,0.020127,0.020264,0.01997,0.020028,5298964.0
2025-10-11 08:15:00+00:00,0.020021,0.020349,0.02,0.02013,8917751.0
2025-10-11 08:30:00+00:00,0.020125,0.020343,0.019951,0.020261,10105879.0
2025-10-11 08:45:00+00:00,0.020248,0.020939,0.020213,0.02091,11603269.0
2025-10-11 09:00:00+00:00,0.0209,0.020951,0.020611,0.020767,9256136.0
2025-10-11 09:15:00+00:00,0.020766,0.020799,0.020336,0.020398,8622871.0
2025-10-11 09:30:00+00:00,0.020395,0.02085,0.02032,0.020828,8108777.0
2025-10-11 09:45:00+00:00,0.020813,0.020998,0.020765,0.020854,8951031.0
2025-10-11 10:00:00+00:00,0.020869,0.021047,0.020837,0.020875,5282338.0
2025-10-11 10:15:00+00:00,0.020901,0.021137,0.020703,0.020825,8390158.0
2025-10-11 10:30:00+00:00,0.020834,0.021201,0.020782,0.020849,8574104.0
2025-10-11 10:45:00+00:00,0.020858,0.020954,0.020624,0.020671,4465641.0
2025-10-11 11:00:00+00:00,0.020672,0.021017,0.020516,0.020732,7726076.0
2025-10-11 11:15:00+00:00,0.020728,0.020746,0.020512,0.020552,5391135.0
2025-10-11 11:30:00+00:00,0.020558,0.020693,0.02032,0.020497,4044610.0
2025-10-11 11:45:00+00:00,0.020491,0.020589,0.020364,0.020555,3376333.0
2025-10-11 12:00:00+00:00,0.020558,0.022164,0.020452,0.021374,37705268.0
2025-10-11 12:15:00+00:00,0.021369,0.021949,0.02136,0.021727,9339375.0
2025-10-11 12:30:00+00:00,0.021723,0.021732,0.021304,0.021365,7117524.0
2025-10-11 12:45:00+00:00,0.021357,0.021482,0.020702,0.020879,11069149.0
2025-10-11 13:00:00+00:00,0.020884,0.021152,0.020799,0.020928,10236792.0
2025-10-11 13:15:00+00:00,0.020937,0.021112,0.020699,0.020825,5537183.0
2025-10-11 13:30:00+00:00,0.020816,0.020882,0.020429,0.020572,7806524.0
2025-10-11 13:45:00+00:00,0.020566,0.020878,0.020564,0.020701,6052393.0
2025-10-11 14:00:00+00:00,0.020699,0.020699,0.020337,0.020457,5386819.0
2025-10-11 14:15:00+00:00,0.020457,0.020484,0.02012,0.020148,6438694.0
2025-10-11 14:30:00+00:00,0.020147,0.020397,0.019819,0.019858,7940546.0
2025-10-11 14:45:00+00:00,0.019875,0.020152,0.019852,0.020133,8554085.0
2025-10-11 15:00:00+00:00,0.020124,0.020216,0.020003,0.02016,8599848.0
2025-10-11 15:15:00+00:00,0.020145,0.02021,0.019855,0.020023,4934922.0
2025-10-11 15:30:00+00:00,0.020031,0.020066,0.019273,0.019551,17407311.0
2025-10-11 15:45:00+00:00,0.019558,0.019923,0.019522,0.019574,7234089.0
2025-10-11 16:00:00+00:00,0.019574,0.019935,0.019317,0.019864,10035831.0
2025-10-11 16:15:00+00:00,0.019853,0.019908,0.019631,0.01971,6263297.0
2025-10-11 16:30:00+00:00,0.0197,0.019808,0.019439,0.019723,5789018.0
2025-10-11 16:45:00+00:00,0.019732,0.02003,0.019627,0.019767,8624441.0
2025-10-11 17:00:00+00:00,0.019757,0.019994,0.019724,0.019871,6645016.0
2025-10-11 17:15:00+00:00,0.019862,0.01992,0.019699,0.019762,4220455.0
2025-10-11 17:30:00+00:00,0.019749,0.019782,0.019543,0.019662,4452104.0
2025-10-11 17:45:00+00:00,0.019662,0.019824,0.019565,0.019742,2616433.0
2025-10-11 18:00:00+00:00,0.019734,0.01978,0.019526,0.019664,2847032.0
2025-10-11 18:15:00+00:00,0.01967,0.019708,0.019484,0.019537,2449408.0
2025-10-11 18:30:00+00:00,0.01953,0.019639,0.019477,0.019536,2884614.0
2025-10-11 18:45:00+00:00,0.019526,0.019589,0.01948,0.019522,1537608.0
2025-10-11 19:00:00+00:00,0.01951,0.019521,0.019129,0.019186,8985224.0
2025-10-11 19:15:00+00:00,0.019185,0.019195,0.018471,0.018738,18415191.0
2025-10-11 19:30:00+00:00,0.018731,0.018771,0.018526,0.01877,5438360.0
2025-10-11 19:45:00+00:00,0.018773,0.018961,0.018457,0.018672,9094150.0
2025-10-11 20:00:00+00:00,0.018664,0.018852,0.018606,0.018783,7319412.0
2025-10-11 20:15:00+00:00,0.018801,0.019209,0.018726,0.019073,8212198.0
2025-10-11 20:30:00+00:00,0.019073,0.019145,0.018911,0.019004,4907352.0
2025-10-11 20:45:00+00:00,0.019003,0.019328,0.018974,0.019236,5372494.0
2025-10-11 21:00:00+00:00,0.01923,0.019422,0.019005,0.01942,5488609.0
2025-10-11 21:15:00+00:00,0.019422,0.019521,0.019107,0.019163,4798820.0
2025-10-11 21:30:00+00:00,0.01914,0.019564,0.019105,0.019508,6456005.0
2025-10-11 21:45:00+00:00,0.019489,0.019799,0.0194,0.019568,5969869.0
2025-10-11 22:00:00+00:00,0.019557,0.019847,0.019428,0.019647,9111973.0
2025-10-11 22:15:00+00:00,0.019652,0.019996,0.019637,0.019965,5605400.0
2025-10-11 22:30:00+00:00,0.019955,0.020037,0.019763,0.019887,6261888.0
2025-10-11 22:45:00+00:00,0.019885,0.020078,0.019835,0.020026,4833841.0
2025-10-11 23:00:00+00:00,0.020029,0.020083,0.019902,0.019967,4845448.0
2025-10-11 23:15:00+00:00,0.019972,0.020114,0.019945,0.020104,3682598.0
2025-10-11 23:30:00+00:00,0.020091,0.020154,0.020008,0.020064,3488510.0
2025-10-11 23:45:00+00:00,0.020058,0.020156,0.019931,0.019978,3868088.0
2025-10-12 00:00:00+00:00,0.019984,0.02029,0.019979,0.020193,6323639.0
2025-10-12 00:15:00+00:00,0.020197,0.020225,0.020071,0.02015,4647262.0
2025-10-12 00:30:00+00:00,0.020159,0.020419,0.020066,0.020306,6453685.0
2025-10-12 00:45:00+00:00,0.020312,0.02041,0.020124,0.020269,6768409.0
2025-10-12 01:00:00+00:00,0.02027,0.020571,0.020208,0.02026,6685943.0
2025-10-12 01:15:00+00:00,0.020259,0.020394,0.020057,0.020311,8329599.0
2025-10-12 01:30:00+00:00,0.020325,0.020603,0.020171,0.02057,4237174.0
2025-10-12 01:45:00+00:00,0.020594,0.020752,0.020218,0.020482,7701177.0
2025-10-12 02:00:00+00:00,0.020481,0.020505,0.020304,0.020486,5342516.0
2025-10-12 02:15:00+00:00,0.020472,0.020743,0.020381,0.020738,4946947.0
2025-10-12 02:30:00+00:00,0.020738,0.020914,0.020546,0.020909,8796446.0
2025-10-12 02:45:00+00:00,0.020903,0.021052,0.020686,0.02103,7601785.0
2025-10-12 03:00:00+00:00,0.021026,0.021406,0.02088,0.021177,11985148.0
2025-10-12 03:15:00+00:00,0.021185,0.0212,0.020598,0.021112,11465780.0
2025-10-12 03:30:00+00:00,0.021108,0.021417,0.021083,0.021304,8731031.0
2025-10-12 03:45:00+00:00,0.021314,0.021464,0.021213,0.021345,6272536.0
2025-10-12 04:00:00+00:00,0.021341,0.021391,0.020942,0.021332,8622906.0
2025-10-12 04:15:00+00:00,0.021339,0.021339,0.021063,0.021089,4531340.0
2025-10-12 04:30:00+00:00,0.021067,0.021289,0.020901,0.021256,6979120.0
2025-10-12 04:45:00+00:00,0.021242,0.021464,0.021218,0.021335,7059519.0
2025-10-12 05:00:00+00:00,0.021342,0.021414,0.020943,0.020988,5896374.0
2025-10-12 05:15:00+00:00,0.020987,0.021119,0.020859,0.02109,4121222.0
2025-10-12 05:30:00+00:00,0.021092,0.021473,0.021087,0.021395,7260744.0
2025-10-12 05:45:00+00:00,0.021397,0.021411,0.020843,0.020935,6961313.0
2025-10-12 06:00:00+00:00,0.02094,0.021052,0.020748,0.02093,7602870.0
2025-10-12 06:15:00+00:00,0.020927,0.021051,0.020719,0.020919,7043173.0
2025-10-12 06:30:00+00:00,0.020924,0.021162,0.0209,0.021098,3440806.0
2025-10-12 06:45:00+00:00,0.021099,0.021104,0.020832,0.020887,4606972.0
2025-10-12 07:00:00+00:00,0.020887,0.021013,0.020882,0.020973,3035726.0
2025-10-12 07:15:00+00:00,0.020973,0.021286,0.020939,0.021157,6115964.0
2025-10-12 07:30:00+00:00,0.021152,0.02125,0.021048,0.021213,4175520.0
2025-10-12 07:45:00+00:00,0.021205,0.021207,0.020882,0.021041,5659394.0
2025-10-12 08:00:00+00:00,0.021034,0.02121,0.020812,0.021147,6699465.0
2025-10-12 08:15:00+00:00,0.021143,0.02125,0.021037,0.021071,4305391.0
2025-10-12 08:30:00+00:00,0.021046,0.021094,0.020832,0.02096,4065054.0
2025-10-12 08:45:00+00:00,0.020957,0.021074,0.020909,0.021034,1603353.0
2025-10-12 09:00:00+00:00,0.021033,0.021066,0.020844,0.020947,5124330.0
2025-10-12 09:15:00+00:00,0.020938,0.021023,0.020799,0.02099,4807677.0
2025-10-12 09:30:00+00:00,0.020977,0.021014,0.020891,0.020991,2253658.0
2025-10-12 09:45:00+00:00,0.020993,0.021115,0.020858,0.020977,3660388.0
2025-10-12 10:00:00+00:00,0.020974,0.021085,0.020959,0.020982,4527952.0
2025-10-12 10:15:00+00:00,0.02098,0.021057,0.020832,0.020908,3594745.0
2025-10-12 10:30:00+00:00,0.020907,0.020988,0.020568,0.020572,4560270.0
2025-10-12 10:45:00+00:00,0.020574,0.020622,0.020128,0.020312,8416677.0
2025-10-12 11:00:00+00:00,0.02033,0.020515,0.02029,0.020347,5693828.0
2025-10-12 11:15:00+00:00,0.020351,0.020401,0.020222,0.020288,4341119.0
2025-10-12 11:30:00+00:00,0.020287,0.02038,0.020214,0.020256,3546686.0
2025-10-12 11:45:00+00:00,0.02025,0.020555,0.020225,0.020469,4325519.0
2025-10-12 12:00:00+00:00,0.020469,0.020874,0.020356,0.020751,6954022.0
2025-10-12 12:15:00+00:00,0.020736,0.020912,0.020671,0.02075,4717719.0
2025-10-12 12:30:00+00:00,0.020745,0.020781,0.020458,0.020599,3766575.0
2025-10-12 12:45:00+00:00,0.020611,0.020793,0.020596,0.020611,3306778.0
2025-10-12 13:00:00+00:00,0.020614,0.020685,0.020463,0.020519,3404061.0
2025-10-12 13:15:00+00:00,0.020517,0.020691,0.020326,0.020498,5452916.0
2025-10-12 13:30:00+00:00,0.020516,0.020668,0.020394,0.020594,4986158.0
2025-10-12 13:45:00+00:00,0.020582,0.020582,0.020289,0.020452,4258809.0
2025-10-12 14:00:00+00:00,0.020459,0.020602,0.020409,0.020525,3385976.0
2025-10-12 14:15:00+00:00,0.020526,0.020528,0.02031,0.020396,2565859.0
2025-10-12 14:30:00+00:00,0.020385,0.020492,0.020342,0.020486,2197783.0
2025-10-12 14:45:00+00:00,0.020478,0.021167,0.020435,0.020901,13914137.0
2025-10-12 15:00:00+00:00,0.020901,0.021149,0.020798,0.02091,8614517.0
2025-10-12 15:15:00+00:00,0.020913,0.021083,0.020821,0.021015,7197920.0
2025-10-12 15:30:00+00:00,0.021005,0.021068,0.02078,0.021034,7439672.0
2025-10-12 15:45:00+00:00,0.021034,0.021193,0.020996,0.021174,5507302.0
2025-10-12 16:00:00+00:00,0.021178,0.021531,0.021123,0.021438,12508472.0
2025-10-12 16:15:00+00:00,0.021444,0.021727,0.021377,0.021551,6732460.0
2025-10-12 16:30:00+00:00,0.02156,0.02175,0.02141,0.021687,5911156.0
2025-10-12 16:45:00+00:00,0.021683,0.021841,0.02139,0.02182,9455962.0
2025-10-12 17:00:00+00:00,0.021813,0.022045,0.021662,0.021986,9415704.0
2025-10-12 17:15:00+00:00,0.021983,0.022305,0.021904,0.022181,7816215.0
2025-10-12 17:30:00+00:00,0.022177,0.022193,0.021834,0.021929,5279593.0
2025-10-12 17:45:00+00:00,0.021918,0.022271,0.021683,0.022146,7527569.0
2025-10-12 18:00:00+00:00,0.02215,0.022306,0.021878,0.022112,9512342.0
2025-10-12 18:15:00+00:00,0.022098,0.022105,0.021898,0.02196,3364261.0
2025-10-12 18:30:00+00:00,0.021961,0.022035,0.021893,0.02199,2841065.0
2025-10-12 18:45:00+00:00,0.021991,0.022413,0.021962,0.022,11994633.0
2025-10-12 19:00:00+00:00,0.021995,0.022086,0.021798,0.021849,4255982.0
2025-10-12 19:15:00+00:00,0.021846,0.022026,0.021781,0.021966,3380654.0
2025-10-12 19:30:00+00:00,0.021972,0.021975,0.021821,0.021899,2054221.0
2025-10-12 19:45:00+00:00,0.021897,0.021991,0.021883,0.021936,2456559.0
2025-10-12 20:00:00+00:00,0.02194,0.022057,0.021807,0.021965,5796509.0
2025-10-12 20:15:00+00:00,0.021969,0.022129,0.021924,0.022068,2834525.0
2025-10-12 20:30:00+00:00,0.022076,0.022199,0.02204,0.02212,2958467.0
2025-10-12 20:45:00+00:00,0.022119,0.022239,0.021971,0.022018,3469044.0
2025-10-12 21:00:00+00:00,0.022019,0.02206,0.02188,0.022023,3695101.0
2025-10-12 21:15:00+00:00,0.022025,0.022043,0.021488,0.021724,5667454.0
2025-10-12 21:30:00+00:00,0.021706,0.021751,0.021338,0.021516,5373663.0
2025-10-12 21:45:00+00:00,0.021546,0.021682,0.021497,0.021552,2714732.0
2025-10-12 22:00:00+00:00,0.021556,0.021639,0.021301,0.021396,4035750.0
2025-10-12 22:15:00+00:00,0.021391,0.021527,0.021215,0.021507,3595957.0
2025-10-12 22:30:00+00:00,0.021512,0.02165,0.021397,0.021483,3194083.0
2025-10-12 22:45:00+00:00,0.021469,0.021508,0.02125,0.021352,2567655.0
2025-10-12 23:00:00+00:00,0.021376,0.021486,0.021296,0.021407,2253586.0
2025-10-12 23:15:00+00:00,0.021399,0.021481,0.021248,0.021339,2311967.0
2025-10-12 23:30:00+00:00,0.02135,0.021436,0.021102,0.021183,4648742.0
2025-10-12 23:45:00+00:00,0.021181,0.021247,0.020938,0.021162,7048499.0
2025-10-13 00:00:00+00:00,0.021186,0.021186,0.020954,0.021014,3736756.0
2025-10-13 00:15:00+00:00,0.021015,0.021268,0.021011,0.021018,3979633.0
2025-10-13 00:30:00+00:00,0.021023,0.021803,0.020825,0.021128,17931633.0
2025-10-13 00:45:00+00:00,0.021116,0.021517,0.020978,0.021281,5984747.0
2025-10-13 01:00:00+00:00,0.021261,0.02139,0.021046,0.021363,2960446.0
2025-10-13 01:15:00+00:00,0.021366,0.021588,0.02135,0.021374,2365346.0
2025-10-13 01:30:00+00:00,0.021377,0.021554,0.021301,0.021427,2022361.0
2025-10-13 01:45:00+00:00,0.021427,0.021448,0.021281,0.021429,1929836.0
2025-10-13 02:00:00+00:00,0.021428,0.021504,0.02112,0.021288,3455874.0
2025-10-13 02:15:00+00:00,0.021305,0.021359,0.021189,0.021237,2508774.0
2025-10-13 02:30:00+00:00,0.021217,0.021285,0.020879,0.021035,3491940.0
2025-10-13 02:45:00+00:00,0.02104,0.02138,0.02104,0.02138,2450217.0
2025-10-13 03:00:00+00:00,0.021371,0.021375,0.021119,0.021285,3013908.0
2025-10-13 03:15:00+00:00,0.021267,0.021415,0.021144,0.021394,3024267.0
2025-10-13 03:30:00+00:00,0.021404,0.02159,0.021273,0.021465,5011099.0
2025-10-13 03:45:00+00:00,0.021435,0.021649,0.021335,0.021534,5237141.0
2025-10-13 04:00:00+00:00,0.021551,0.02168,0.021311,0.021448,4110876.0
2025-10-13 04:15:00+00:00,0.021434,0.021958,0.0214,0.021754,4727865.0
2025-10-13 04:30:00+00:00,0.021749,0.022044,0.021732,0.021812,4813870.0
2025-10-13 04:45:00+00:00,0.021826,0.022346,0.021736,0.022146,26405894.0
2025-10-13 05:00:00+00:00,0.022145,0.0222,0.021801,0.02215,4843875.0
2025-10-13 05:15:00+00:00,0.022149,0.022692,0.022124,0.022436,6792581.0
2025-10-13 05:30:00+00:00,0.022435,0.022702,0.022263,0.022698,4537526.0
2025-10-13 05:45:00+00:00,0.022707,0.02285,0.022576,0.022785,4369467.0
2025-10-13 06:00:00+00:00,0.022791,0.02325,0.022737,0.023023,9485534.0
2025-10-13 06:15:00+00:00,0.023016,0.023204,0.022888,0.0232,4558699.0
2025-10-13 06:30:00+00:00,0.023207,0.023466,0.023188,0.023421,6480875.0
2025-10-13 06:45:00+00:00,0.023423,0.023927,0.023406,0.023831,8551754.0
2025-10-13 07:00:00+00:00,0.023829,0.024664,0.023829,0.024572,14149459.0
2025-10-13 07:15:00+00:00,0.024576,0.02499,0.02431,0.024819,14509042.0
2025-10-13 07:30:00+00:00,0.024831,0.025038,0.024281,0.024504,14427829.0
2025-10-13 07:45:00+00:00,0.024496,0.024502,0.023432,0.023834,25822213.0
2025-10-13 08:00:00+00:00,0.023842,0.023844,0.023339,0.023508,6433970.0
2025-10-13 08:15:00+00:00,0.023496,0.024201,0.023441,0.023989,7868102.0
2025-10-13 08:30:00+00:00,0.024,0.024633,0.023891,0.024327,6928832.0
2025-10-13 08:45:00+00:00,0.024354,0.024805,0.024275,0.024737,4224847.0
2025-10-13 09:00:00+00:00,0.024728,0.025057,0.024481,0.024803,5787690.0
2025-10-13 09:15:00+00:00,0.024799,0.025036,0.024626,0.024764,4618591.0
2025-10-13 09:30:00+00:00,0.024766,0.026472,0.024766,0.026349,17810192.0
2025-10-13 09:45:00+00:00,0.026357,0.026799,0.026106,0.026211,19054313.0
2025-10-13 10:00:00+00:00,0.02621,0.027277,0.026088,0.026903,20813906.0
2025-10-13 10:15:00+00:00,0.026901,0.02796,0.026741,0.027833,27954587.0
2025-10-13 10:30:00+00:00,0.027848,0.029481,0.02686,0.029088,55414123.0
2025-10-13 10:45:00+00:00,0.02911,0.029358,0.0251,0.026381,90734860.0
2025-10-13 11:00:00+00:00,0.026398,0.027404,0.025511,0.02718,40159307.0
2025-10-13 11:15:00+00:00,0.027176,0.027222,0.025112,0.025112,37272131.0
2025-10-13 11:30:00+00:00,0.025158,0.02657,0.02468,0.026366,26571329.0
2025-10-13 11:45:00+00:00,0.026389,0.026481,0.02565,0.02594,10969225.0
2025-10-13 12:00:00+00:00,0.025929,0.026126,0.025586,0.025849,10523586.0
2025-10-13 12:15:00+00:00,0.025858,0.026187,0.02539,0.025626,14254801.0
2025-10-13 12:30:00+00:00,0.025623,0.027198,0.02552,0.026949,22188382.0
2025-10-13 12:45:00+00:00,0.026911,0.026911,0.025641,0.025778,15506123.0
2025-10-13 13:00:00+00:00,0.025761,0.02592,0.025263,0.025637,12225757.0
2025-10-13 13:15:00+00:00,0.02563,0.025828,0.025302,0.025511,7920963.0
2025-10-13 13:30:00+00:00,0.025512,0.02664,0.025431,0.025996,16932403.0
2025-10-13 13:45:00+00:00,0.025992,0.026363,0.02575,0.026279,10996127.0
2025-10-13 14:00:00+00:00,0.026272,0.02629,0.025815,0.026145,6124796.0
2025-10-13 14:15:00+00:00,0.026153,0.02622,0.025499,0.025635,8689311.0
2025-10-13 14:30:00+00:00,0.02563,0.026437,0.025465,0.026381,9642893.0
2025-10-13 14:45:00+00:00,0.02639,0.026562,0.025851,0.026267,10062434.0
2025-10-13 15:00:00+00:00,0.026278,0.026768,0.026182,0.026381,8884399.0
2025-10-13 15:15:00+00:00,0.026391,0.02672,0.025855,0.02589,8830741.0
2025-10-13 15:30:00+00:00,0.025878,0.026115,0.025377,0.02545,8327009.0
2025-10-13 15:45:00+00:00,0.02545,0.02583,0.025218,0.025327,6213859.0
