timestamp,open,high,low,close,volume
2025-10-06 00:00:00,48.288,48.336,47.999,48.24,54835.53
2025-10-06 00:15:00,48.235,48.798,48.235,48.464,121677.07
2025-10-06 00:30:00,48.463,48.55,48.216,48.342,49792.41
2025-10-06 00:45:00,48.34,48.377,47.929,48.102,85985.47
2025-10-06 01:00:00,48.102,48.251,48.006,48.182,26270.25
2025-10-06 01:15:00,48.18,48.732,48.06,48.539,100925.91
2025-10-06 01:30:00,48.538,48.883,48.527,48.694,131140.97
2025-10-06 01:45:00,48.696,48.722,48.525,48.635,66969.53
2025-10-06 02:00:00,48.616,48.697,48.467,48.581,39816.41
2025-10-06 02:15:00,48.581,48.723,48.448,48.449,38570.32
2025-10-06 02:30:00,48.448,48.544,48.252,48.515,66961.35
2025-10-06 02:45:00,48.516,48.835,48.506,48.65,30612.22
2025-10-06 03:00:00,48.635,48.66,48.5,48.591,19865.9
2025-10-06 03:15:00,48.577,48.629,48.459,48.475,20790.03
2025-10-06 03:30:00,48.479,48.566,48.417,48.51,14835.34
2025-10-06 03:45:00,48.509,48.607,48.378,48.502,23399.68
2025-10-06 04:00:00,48.502,48.554,48.403,48.509,13671.4
2025-10-06 04:15:00,48.515,48.837,48.504,48.744,78463.71
2025-10-06 04:30:00,48.727,48.801,48.434,48.589,50343.3
2025-10-06 04:45:00,48.588,48.636,48.349,48.408,35750.44
2025-10-06 05:00:00,48.392,48.44,48.317,48.333,28696.57
2025-10-06 05:15:00,48.334,48.633,48.323,48.619,24748.13
2025-10-06 05:30:00,48.625,48.636,48.409,48.529,16760.45
2025-10-06 05:45:00,48.509,48.85,48.473,48.715,68465.23
2025-10-06 06:00:00,48.713,48.859,48.664,48.855,27418.04
2025-10-06 06:15:00,48.852,48.932,48.7,48.898,58846.04
2025-10-06 06:30:00,48.917,49.082,48.844,49.013,105061.93
2025-10-06 06:45:00,49.013,49.09,48.8,48.944,58698.67
2025-10-06 07:00:00,48.943,49.249,48.748,49.115,231210.19
2025-10-06 07:15:00,49.111,49.124,48.952,49.036,29901.95
2025-10-06 07:30:00,49.036,49.056,48.63,48.688,208753.16
2025-10-06 07:45:00,48.66,48.751,48.408,48.564,124481.51
2025-10-06 08:00:00,48.573,48.907,48.573,48.814,57189.97
2025-10-06 08:15:00,48.804,48.833,48.65,48.775,38886.83
2025-10-06 08:30:00,48.774,48.947,48.774,48.871,46879.0
2025-10-06 08:45:00,48.87,48.987,48.838,48.865,19853.24
2025-10-06 09:00:00,48.888,49.173,48.864,49.038,91369.19
2025-10-06 09:15:00,49.049,49.049,48.776,48.904,55844.59
2025-10-06 09:30:00,48.904,48.904,48.777,48.805,43860.45
2025-10-06 09:45:00,48.804,48.805,48.694,48.773,63129.05
2025-10-06 10:00:00,48.772,48.805,48.489,48.604,67770.79
2025-10-06 10:15:00,48.593,48.804,48.489,48.715,41782.62
2025-10-06 10:30:00,48.72,48.741,48.402,48.466,69016.11
2025-10-06 10:45:00,48.466,48.624,48.421,48.43,33859.47
2025-10-06 11:00:00,48.431,48.488,48.119,48.151,165658.21
2025-10-06 11:15:00,48.15,48.636,48.149,48.622,65680.83
2025-10-06 11:30:00,48.623,48.636,48.25,48.5,104670.89
2025-10-06 11:45:00,48.5,48.541,48.311,48.341,65342.49
2025-10-06 12:00:00,48.35,48.731,48.31,48.73,140691.77
2025-10-06 12:15:00,48.73,49.11,48.73,48.933,278319.63
2025-10-06 12:30:00,48.918,49.019,48.571,48.577,60925.25
2025-10-06 12:45:00,48.573,48.873,48.57,48.702,69019.01
2025-10-06 13:00:00,48.69,48.974,48.594,48.638,118656.34
2025-10-06 13:15:00,48.632,49.0,48.553,48.828,128715.27
2025-10-06 13:30:00,48.828,49.009,48.589,48.648,171661.28
2025-10-06 13:45:00,48.648,48.906,48.345,48.886,158750.29
2025-10-06 14:00:00,48.887,49.223,48.765,48.918,186371.69
2025-10-06 14:15:00,48.926,49.077,48.571,48.767,140385.75
2025-10-06 14:30:00,48.782,49.203,48.678,48.694,176464.0
2025-10-06 14:45:00,48.695,48.907,48.359,48.458,180088.71
2025-10-06 15:00:00,48.449,48.636,48.38,48.473,88837.57
2025-10-06 15:15:00,48.476,48.992,48.476,48.947,91498.48
2025-10-06 15:30:00,48.952,49.016,48.693,48.873,62251.33
2025-10-06 15:45:00,48.872,49.061,48.765,48.839,86714.26
2025-10-06 16:00:00,48.838,49.042,48.46,48.491,151461.43
2025-10-06 16:15:00,48.49,48.709,48.319,48.363,98694.21
2025-10-06 16:30:00,48.364,48.562,48.34,48.449,68883.26
2025-10-06 16:45:00,48.455,48.781,48.3,48.77,108894.8
2025-10-06 17:00:00,48.743,48.757,48.367,48.47,120730.89
2025-10-06 17:15:00,48.48,48.99,48.427,48.905,155290.56
2025-10-06 17:30:00,48.918,48.949,48.599,48.725,123106.04
2025-10-06 17:45:00,48.705,48.973,48.658,48.928,60506.39
2025-10-06 18:00:00,48.915,49.134,48.764,49.134,114215.31
2025-10-06 18:15:00,49.121,49.191,49.001,49.035,87118.62
2025-10-06 18:30:00,49.035,49.377,48.92,49.355,86204.66
2025-10-06 18:45:00,49.354,49.524,49.307,49.411,131234.31
2025-10-06 19:00:00,49.428,49.64,49.357,49.563,130906.27
2025-10-06 19:15:00,49.566,49.601,49.248,49.362,95401.0
2025-10-06 19:30:00,49.361,49.477,49.125,49.245,116400.83
2025-10-06 19:45:00,49.245,49.425,49.222,49.38,118538.38
2025-10-06 20:00:00,49.379,49.76,49.285,49.463,161771.01
2025-10-06 20:15:00,49.472,49.472,49.124,49.206,107219.57
2025-10-06 20:30:00,49.196,49.319,48.768,48.822,144553.62
2025-10-06 20:45:00,48.821,49.096,48.796,49.063,81092.9
2025-10-06 21:00:00,49.069,49.156,48.975,49.08,38330.1
2025-10-06 21:15:00,49.076,49.076,48.53,48.764,147310.21
2025-10-06 21:30:00,48.77,48.88,48.519,48.867,97613.27
2025-10-06 21:45:00,48.867,48.899,48.673,48.888,49324.69
2025-10-06 22:00:00,48.887,48.924,48.734,48.749,59230.42
2025-10-06 22:15:00,48.75,48.807,48.538,48.623,90867.98
2025-10-06 22:30:00,48.623,48.623,48.351,48.369,66571.29
2025-10-06 22:45:00,48.37,48.491,48.287,48.344,129049.81
2025-10-06 23:00:00,48.345,48.402,47.89,47.935,241620.97
2025-10-06 23:15:00,47.934,48.114,47.726,47.789,269791.74
2025-10-06 23:30:00,47.753,47.86,47.552,47.557,212903.34
2025-10-06 23:45:00,47.567,47.682,47.252,47.262,360312.85
2025-10-07 00:00:00,47.262,47.839,47.205,47.642,343703.71
2025-10-07 00:15:00,47.642,47.714,47.455,47.455,95120.22
2025-10-07 00:30:00,47.463,47.531,47.287,47.419,94074.83
2025-10-07 00:45:00,47.421,47.421,47.08,47.354,259201.49
2025-10-07 01:00:00,47.351,47.351,47.002,47.223,183845.04
2025-10-07 01:15:00,47.226,47.229,46.612,46.963,569358.72
2025-10-07 01:30:00,46.969,47.31,46.9,47.273,194068.34
2025-10-07 01:45:00,47.273,47.278,46.87,47.012,83902.13
2025-10-07 02:00:00,47.012,47.076,46.742,46.914,255097.64
2025-10-07 02:15:00,46.914,47.194,46.771,47.045,116786.07
2025-10-07 02:30:00,47.045,47.132,46.809,46.941,70282.27
2025-10-07 02:45:00,46.941,47.033,46.888,46.902,56509.34
2025-10-07 03:00:00,46.903,47.044,46.825,46.993,87854.13
2025-10-07 03:15:00,46.989,47.0,46.668,46.677,122093.08
2025-10-07 03:30:00,46.677,46.789,46.399,46.561,182473.3
2025-10-07 03:45:00,46.582,46.82,46.562,46.645,86347.9
2025-10-07 04:00:00,46.645,46.645,46.296,46.344,118408.31
2025-10-07 04:15:00,46.326,46.526,46.181,46.292,274040.36
2025-10-07 04:30:00,46.299,46.46,46.08,46.42,231042.21
2025-10-07 04:45:00,46.42,46.629,46.39,46.505,158035.38
2025-10-07 05:00:00,46.503,46.546,46.197,46.211,102313.67
2025-10-07 05:15:00,46.211,46.242,46.115,46.136,141855.83
2025-10-07 05:30:00,46.136,46.487,46.128,46.48,113533.58
2025-10-07 05:45:00,46.482,46.693,46.453,46.693,136261.76
2025-10-07 06:00:00,46.683,46.685,46.469,46.477,66535.54
2025-10-07 06:15:00,46.477,46.478,45.841,45.945,354056.37
2025-10-07 06:30:00,45.928,46.135,45.813,45.915,126980.81
2025-10-07 06:45:00,45.913,46.006,45.873,45.999,39165.9
2025-10-07 07:00:00,46.0,46.222,45.96,46.09,137635.23
2025-10-07 07:15:00,46.082,46.253,45.884,46.246,105835.38
2025-10-07 07:30:00,46.252,46.254,45.806,45.99,105530.57
2025-10-07 07:45:00,45.992,46.039,45.75,45.888,94108.44
2025-10-07 08:00:00,45.874,45.957,45.65,45.715,154886.44
2025-10-07 08:15:00,45.712,45.889,45.637,45.818,138163.85
2025-10-07 08:30:00,45.808,46.156,45.592,46.135,215757.77
2025-10-07 08:45:00,46.15,46.284,46.064,46.088,159004.69
2025-10-07 09:00:00,46.08,46.271,46.041,46.244,75317.53
2025-10-07 09:15:00,46.235,46.345,46.087,46.19,70528.94
2025-10-07 09:30:00,46.191,46.309,46.08,46.281,48250.02
2025-10-07 09:45:00,46.281,46.411,46.263,46.27,48162.85
2025-10-07 10:00:00,46.278,46.594,46.13,46.57,71921.38
2025-10-07 10:15:00,46.589,46.593,46.222,46.235,73891.81
2025-10-07 10:30:00,46.251,46.445,46.133,46.235,69695.18
2025-10-07 10:45:00,46.235,46.283,46.111,46.162,45609.09
2025-10-07 11:00:00,46.177,46.26,46.056,46.103,91382.66
2025-10-07 11:15:00,46.11,46.266,46.103,46.236,34071.36
2025-10-07 11:30:00,46.244,46.388,46.081,46.082,133539.06
2025-10-07 11:45:00,46.082,46.099,45.914,46.001,100531.53
2025-10-07 12:00:00,46.011,46.086,45.913,45.939,53571.78
2025-10-07 12:15:00,45.947,46.071,45.893,45.972,82270.32
2025-10-07 12:30:00,45.968,46.306,45.895,46.174,107368.62
2025-10-07 12:45:00,46.169,46.533,46.163,46.517,118443.15
2025-10-07 13:00:00,46.52,46.588,46.292,46.56,207834.82
2025-10-07 13:15:00,46.559,46.559,46.245,46.388,162147.61
2025-10-07 13:30:00,46.388,46.39,45.643,45.738,186869.1
2025-10-07 13:45:00,45.741,45.819,45.601,45.688,254465.22
2025-10-07 14:00:00,45.697,45.781,45.1,45.206,454561.46
2025-10-07 14:15:00,45.19,45.524,45.102,45.129,207422.21
2025-10-07 14:30:00,45.131,45.343,45.001,45.127,270923.86
2025-10-07 14:45:00,45.127,45.407,44.826,44.949,377796.37
2025-10-07 15:00:00,44.933,45.13,44.566,44.921,572594.92
2025-10-07 15:15:00,44.904,45.447,44.883,45.319,341444.27
2025-10-07 15:30:00,45.332,45.359,44.888,44.984,218437.15
2025-10-07 15:45:00,44.983,45.37,44.908,45.258,167189.9
2025-10-07 16:00:00,45.258,45.373,45.105,45.124,85278.69
2025-10-07 16:15:00,45.123,45.639,45.1,45.48,192582.11
2025-10-07 16:30:00,45.481,45.618,45.36,45.377,147842.26
2025-10-07 16:45:00,45.377,45.761,45.359,45.597,95724.76
2025-10-07 17:00:00,45.576,45.73,45.351,45.54,179761.57
2025-10-07 17:15:00,45.557,45.557,45.19,45.31,57461.01
2025-10-07 17:30:00,45.31,45.35,45.195,45.195,61934.07
2025-10-07 17:45:00,45.19,45.35,45.051,45.052,147710.23
2025-10-07 18:00:00,45.052,45.293,44.922,45.261,116243.07
2025-10-07 18:15:00,45.262,45.304,45.05,45.201,73355.1
2025-10-07 18:30:00,45.203,45.217,44.889,44.999,80121.22
2025-10-07 18:45:00,44.999,45.034,44.62,44.792,256298.18
2025-10-07 19:00:00,44.792,45.021,44.77,44.815,64574.64
2025-10-07 19:15:00,44.814,44.926,44.759,44.793,32977.79
2025-10-07 19:30:00,44.792,44.988,44.722,44.81,97546.42
2025-10-07 19:45:00,44.819,45.215,44.799,45.005,138491.57
2025-10-07 20:00:00,45.007,45.33,45.0,45.215,95268.81
2025-10-07 20:15:00,45.209,45.314,45.098,45.232,75835.56
2025-10-07 20:30:00,45.23,45.432,45.146,45.336,63884.5
2025-10-07 20:45:00,45.334,45.469,45.202,45.218,21547.3
2025-10-07 21:00:00,45.232,45.55,45.189,45.476,46802.14
2025-10-07 21:15:00,45.472,45.625,45.416,45.48,70876.65
2025-10-07 21:30:00,45.48,45.494,45.284,45.405,46871.84
2025-10-07 21:45:00,45.405,45.41,45.109,45.189,60133.72
2025-10-07 22:00:00,45.189,45.325,45.082,45.309,50752.09
2025-10-07 22:15:00,45.309,45.668,45.284,45.552,97572.44
2025-10-07 22:30:00,45.563,45.731,45.42,45.491,63355.61
2025-10-07 22:45:00,45.491,45.533,45.381,45.432,25544.64
2025-10-07 23:00:00,45.432,45.452,45.282,45.342,37740.28
2025-10-07 23:15:00,45.341,45.443,45.21,45.289,43891.3
2025-10-07 23:30:00,45.289,45.307,45.02,45.139,48990.09
2025-10-07 23:45:00,45.147,45.298,45.053,45.156,26413.53
2025-10-08 00:00:00,45.15,45.313,45.0,45.001,67465.32
2025-10-08 00:15:00,45.001,45.167,45.0,45.021,15498.82
2025-10-08 00:30:00,45.021,45.411,44.892,45.251,59885.91
2025-10-08 00:45:00,45.255,45.714,45.229,45.485,157753.33
2025-10-08 01:00:00,45.486,45.533,45.335,45.489,30221.07
2025-10-08 01:15:00,45.489,45.952,45.421,45.841,171443.35
2025-10-08 01:30:00,45.841,46.041,45.678,45.864,94273.51
2025-10-08 01:45:00,45.869,45.953,45.783,45.843,59387.7
2025-10-08 02:00:00,45.845,45.917,45.701,45.896,36344.33
2025-10-08 02:15:00,45.9,46.324,45.892,46.277,90777.64
2025-10-08 02:30:00,46.281,46.281,46.045,46.09,38101.9
2025-10-08 02:45:00,46.095,46.212,46.013,46.055,15150.84
2025-10-08 03:00:00,46.055,46.2,45.832,45.852,49746.11
2025-10-08 03:15:00,45.851,45.903,45.379,45.438,83245.54
2025-10-08 03:30:00,45.436,45.686,45.38,45.605,68583.35
2025-10-08 03:45:00,45.615,45.634,45.454,45.582,16298.68
2025-10-08 04:00:00,45.588,45.85,45.461,45.823,56711.04
2025-10-08 04:15:00,45.832,45.96,45.73,45.906,73224.69
2025-10-08 04:30:00,45.908,46.164,45.894,46.133,85142.11
2025-10-08 04:45:00,46.134,46.203,45.927,46.05,42000.83
2025-10-08 05:00:00,46.051,46.051,45.678,45.812,32971.88
2025-10-08 05:15:00,45.812,45.84,45.629,45.764,24604.16
2025-10-08 05:30:00,45.776,45.825,45.523,45.551,36176.11
2025-10-08 05:45:00,45.53,45.702,45.443,45.687,22966.49
2025-10-08 06:00:00,45.686,45.73,45.442,45.606,36870.27
2025-10-08 06:15:00,45.603,45.8,45.504,45.59,13743.07
2025-10-08 06:30:00,45.589,45.77,45.582,45.692,22781.08
2025-10-08 06:45:00,45.699,45.852,45.675,45.84,7044.23
2025-10-08 07:00:00,45.849,46.312,45.823,45.907,254898.67
2025-10-08 07:15:00,45.902,46.016,45.893,45.944,34100.01
2025-10-08 07:30:00,45.944,46.049,45.893,46.005,27328.68
2025-10-08 07:45:00,46.002,46.432,45.986,46.423,160505.45
2025-10-08 08:00:00,46.422,46.582,46.339,46.511,141199.5
2025-10-08 08:15:00,46.51,46.513,46.332,46.412,54942.35
2025-10-08 08:30:00,46.411,46.552,46.352,46.538,48373.29
2025-10-08 08:45:00,46.538,46.538,46.353,46.488,72172.02
2025-10-08 09:00:00,46.488,46.586,46.375,46.392,66987.43
2025-10-08 09:15:00,46.406,46.406,46.206,46.225,37707.73
2025-10-08 09:30:00,46.225,46.324,46.174,46.197,26320.43
2025-10-08 09:45:00,46.197,46.257,46.155,46.194,24163.04
2025-10-08 10:00:00,46.201,46.352,46.179,46.198,28075.05
2025-10-08 10:15:00,46.202,46.309,46.165,46.294,31709.14
2025-10-08 10:30:00,46.294,46.722,46.236,46.639,77877.25
2025-10-08 10:45:00,46.64,46.726,46.481,46.513,54080.02
2025-10-08 11:00:00,46.513,46.641,46.354,46.438,46514.67
2025-10-08 11:15:00,46.436,46.579,46.308,46.461,58473.31
2025-10-08 11:30:00,46.46,46.462,46.003,46.004,83983.14
2025-10-08 11:45:00,46.004,46.09,45.886,46.028,111499.59
2025-10-08 12:00:00,46.026,46.178,46.0,46.047,38513.28
2025-10-08 12:15:00,46.046,46.101,45.951,46.031,41618.29
2025-10-08 12:30:00,46.032,46.151,45.905,46.129,46371.44
2025-10-08 12:45:00,46.119,46.154,45.933,46.029,41773.86
2025-10-08 13:00:00,46.029,46.155,45.78,46.061,51135.3
2025-10-08 13:15:00,46.063,46.133,45.838,45.859,52774.36
2025-10-08 13:30:00,45.856,46.0,45.702,45.841,120200.34
2025-10-08 13:45:00,45.846,46.26,45.715,46.235,132818.79
2025-10-08 14:00:00,46.235,46.6,46.231,46.358,191926.27
2025-10-08 14:15:00,46.349,46.606,46.172,46.185,154864.91
2025-10-08 14:30:00,46.199,46.318,46.02,46.094,136043.71
2025-10-08 14:45:00,46.095,46.198,45.771,45.899,165041.26
2025-10-08 15:00:00,45.926,46.05,45.862,45.952,109122.85
2025-10-08 15:15:00,45.96,46.2,45.857,46.199,85256.8
2025-10-08 15:30:00,46.2,46.211,45.973,46.026,42838.64
2025-10-08 15:45:00,46.026,46.035,45.8,45.816,53081.97
2025-10-08 16:00:00,45.816,46.054,45.8,46.053,64710.55
2025-10-08 16:15:00,46.053,46.166,45.99,46.004,55944.68
2025-10-08 16:30:00,46.001,46.036,45.918,46.011,23899.37
2025-10-08 16:45:00,46.019,47.05,45.992,46.953,266972.05
2025-10-08 17:00:00,46.955,47.19,46.657,47.066,286637.64
2025-10-08 17:15:00,47.065,47.275,46.645,46.767,380994.72
2025-10-08 17:30:00,46.766,46.851,46.607,46.607,68809.92
2025-10-08 17:45:00,46.607,46.727,46.545,46.626,50114.57
2025-10-08 18:00:00,46.627,46.769,46.495,46.699,67080.44
2025-10-08 18:15:00,46.699,46.78,46.468,46.638,104120.64
2025-10-08 18:30:00,46.64,46.95,46.467,46.901,72110.24
2025-10-08 18:45:00,46.935,47.395,46.795,46.958,242483.26
2025-10-08 19:00:00,46.958,47.055,46.482,46.589,313092.93
2025-10-08 19:15:00,46.589,46.738,46.515,46.73,38121.64
2025-10-08 19:30:00,46.736,46.851,46.631,46.681,31425.55
2025-10-08 19:45:00,46.681,46.877,46.646,46.821,29593.01
2025-10-08 20:00:00,46.819,46.871,46.67,46.72,26666.82
2025-10-08 20:15:00,46.72,46.835,46.7,46.75,34653.73
2025-10-08 20:30:00,46.75,46.772,46.578,46.611,39486.3
2025-10-08 20:45:00,46.611,46.62,46.364,46.383,49925.37
2025-10-08 21:00:00,46.383,46.509,46.344,46.405,28163.87
2025-10-08 21:15:00,46.406,46.625,46.406,46.617,22170.63
2025-10-08 21:30:00,46.618,46.637,46.27,46.413,157225.31
2025-10-08 21:45:00,46.413,46.413,46.211,46.317,34845.08
2025-10-08 22:00:00,46.313,46.52,46.293,46.354,31994.74
2025-10-08 22:15:00,46.357,46.434,46.34,46.402,4777.14
2025-10-08 22:30:00,46.402,46.436,46.334,46.42,15546.91
2025-10-08 22:45:00,46.419,46.42,46.233,46.248,16810.77
2025-10-08 23:00:00,46.249,46.25,45.916,46.051,124978.17
2025-10-08 23:15:00,46.052,46.202,46.015,46.202,19300.01
2025-10-08 23:30:00,46.203,46.349,46.124,46.142,26152.82
2025-10-08 23:45:00,46.142,46.687,46.141,46.683,143643.93
2025-10-09 00:00:00,46.684,46.828,46.62,46.642,96979.57
2025-10-09 00:15:00,46.642,46.749,46.407,46.409,53439.94
2025-10-09 00:30:00,46.41,46.553,46.301,46.327,45945.32
2025-10-09 00:45:00,46.33,46.481,46.122,46.16,45414.76
2025-10-09 01:00:00,46.16,46.264,45.448,45.522,462176.85
2025-10-09 01:15:00,45.524,45.889,45.416,45.821,266365.2
2025-10-09 01:30:00,45.821,45.837,45.694,45.704,39445.05
2025-10-09 01:45:00,45.713,45.832,45.66,45.797,19403.42
2025-10-09 02:00:00,45.799,45.827,45.485,45.614,49771.75
2025-10-09 02:15:00,45.617,45.649,45.307,45.33,105241.59
2025-10-09 02:30:00,45.33,45.471,45.0,45.154,307969.44
2025-10-09 02:45:00,45.156,45.249,44.954,45.053,69266.34
2025-10-09 03:00:00,45.053,45.46,45.052,45.398,211259.16
2025-10-09 03:15:00,45.4,45.54,45.348,45.416,53309.34
2025-10-09 03:30:00,45.416,45.634,45.387,45.492,41769.67
2025-10-09 03:45:00,45.493,45.663,45.373,45.391,64994.85
2025-10-09 04:00:00,45.4,45.612,45.063,45.445,213944.44
2025-10-09 04:15:00,45.445,45.945,45.445,45.863,163390.72
2025-10-09 04:30:00,45.863,45.866,45.421,45.501,247532.33
2025-10-09 04:45:00,45.501,45.767,45.485,45.754,29344.89
2025-10-09 05:00:00,45.754,45.777,45.578,45.593,17462.22
2025-10-09 05:15:00,45.593,45.781,45.54,45.772,81470.96
2025-10-09 05:30:00,45.773,45.835,45.629,45.631,29866.93
2025-10-09 05:45:00,45.631,45.823,45.608,45.742,22475.29
2025-10-09 06:00:00,45.745,45.746,45.336,45.474,47105.18
2025-10-09 06:15:00,45.474,45.599,45.397,45.548,21922.24
2025-10-09 06:30:00,45.549,45.892,45.513,45.606,59480.22
2025-10-09 06:45:00,45.607,45.771,45.56,45.561,26445.55
2025-10-09 07:00:00,45.566,45.635,45.434,45.536,34498.97
2025-10-09 07:15:00,45.537,45.603,45.283,45.336,26903.53
2025-10-09 07:30:00,45.337,45.361,45.079,45.239,168122.38
2025-10-09 07:45:00,45.235,45.452,45.192,45.323,40807.01
2025-10-09 08:00:00,45.323,45.435,45.029,45.046,98924.08
2025-10-09 08:15:00,45.046,45.259,44.513,44.602,786245.65
2025-10-09 08:30:00,44.602,45.0,44.6,44.811,234038.1
2025-10-09 08:45:00,44.811,45.0,44.625,44.719,147506.52
2025-10-09 09:00:00,44.723,45.044,44.708,44.914,165352.79
2025-10-09 09:15:00,44.913,45.032,44.2,44.479,593874.66
2025-10-09 09:30:00,44.48,44.688,44.4,44.569,134129.53
2025-10-09 09:45:00,44.57,44.744,44.522,44.617,59929.9
2025-10-09 10:00:00,44.618,44.749,44.568,44.67,37677.82
2025-10-09 10:15:00,44.671,44.688,44.472,44.545,34343.02
2025-10-09 10:30:00,44.556,44.864,44.555,44.749,51106.87
2025-10-09 10:45:00,44.748,44.832,44.44,44.44,63365.14
2025-10-09 11:00:00,44.44,44.597,44.331,44.452,72415.86
2025-10-09 11:15:00,44.453,44.68,44.449,44.57,46693.35
2025-10-09 11:30:00,44.57,44.571,44.284,44.488,88599.43
2025-10-09 11:45:00,44.489,44.489,44.27,44.278,102771.06
2025-10-09 12:00:00,44.283,44.566,44.177,44.465,156749.54
2025-10-09 12:15:00,44.456,44.624,44.359,44.549,76533.01
2025-10-09 12:30:00,44.544,45.007,44.421,44.856,178775.06
2025-10-09 12:45:00,44.856,44.856,44.684,44.761,89025.81
2025-10-09 13:00:00,44.762,44.863,44.524,44.571,69543.31
2025-10-09 13:15:00,44.571,44.73,44.559,44.635,47440.72
2025-10-09 13:30:00,44.628,44.649,44.301,44.383,152996.43
2025-10-09 13:45:00,44.383,44.642,44.238,44.251,87927.6
2025-10-09 14:00:00,44.262,44.542,44.061,44.527,213589.71
2025-10-09 14:15:00,44.527,44.554,44.025,44.061,153556.9
2025-10-09 14:30:00,44.061,44.065,43.287,43.531,882078.96
2025-10-09 14:45:00,43.546,43.72,43.396,43.411,395882.69
2025-10-09 15:00:00,43.412,43.655,43.145,43.145,502404.78
2025-10-09 15:15:00,43.15,43.316,42.947,42.947,263459.83
2025-10-09 15:30:00,42.947,43.436,42.83,42.841,485622.85
2025-10-09 15:45:00,42.876,43.315,42.849,43.223,237768.53
2025-10-09 16:00:00,43.222,43.46,43.07,43.084,167895.77
2025-10-09 16:15:00,43.09,43.218,42.8,43.104,249027.96
2025-10-09 16:30:00,43.102,43.196,42.842,43.132,157824.96
2025-10-09 16:45:00,43.129,43.178,42.38,42.561,357843.88
2025-10-09 17:00:00,42.564,42.937,42.368,42.782,507977.16
2025-10-09 17:15:00,42.791,42.982,42.568,42.64,183016.64
2025-10-09 17:30:00,42.648,42.938,42.568,42.858,177855.46
2025-10-09 17:45:00,42.863,43.18,42.8,43.149,164846.37
2025-10-09 18:00:00,43.142,43.184,42.781,42.865,102125.72
2025-10-09 18:15:00,42.857,43.056,42.686,42.868,163520.03
2025-10-09 18:30:00,42.872,43.061,42.796,43.043,67191.73
2025-10-09 18:45:00,43.043,43.183,42.89,43.0,134366.83
2025-10-09 19:00:00,42.999,43.272,42.979,43.184,95880.73
2025-10-09 19:15:00,43.186,43.661,43.149,43.66,168768.06
2025-10-09 19:30:00,43.661,43.661,43.258,43.545,204498.79
2025-10-09 19:45:00,43.556,43.644,43.405,43.558,246151.03
2025-10-09 20:00:00,43.562,44.045,43.558,43.74,445869.07
2025-10-09 20:15:00,43.728,43.789,43.565,43.571,72262.5
2025-10-09 20:30:00,43.577,43.795,43.546,43.795,43544.67
2025-10-09 20:45:00,43.794,44.104,43.77,43.843,254373.45
2025-10-09 21:00:00,43.842,44.022,43.759,44.021,64810.11
2025-10-09 21:15:00,44.021,44.025,43.8,43.835,36590.43
2025-10-09 21:30:00,43.846,43.974,43.736,43.971,74200.72
2025-10-09 21:45:00,43.971,44.13,43.971,44.114,102397.46
2025-10-09 22:00:00,44.115,44.3,44.0,44.284,107676.98
2025-10-09 22:15:00,44.283,44.46,44.216,44.457,153351.15
2025-10-09 22:30:00,44.45,44.55,44.246,44.453,202040.9
2025-10-09 22:45:00,44.44,44.544,44.198,44.257,132017.08
2025-10-09 23:00:00,44.257,44.327,44.0,44.001,91515.9
2025-10-09 23:15:00,44.001,44.15,43.936,44.108,119121.03
2025-10-09 23:30:00,44.108,44.271,44.071,44.167,58166.22
2025-10-09 23:45:00,44.167,44.195,43.963,43.976,77364.75
2025-10-10 00:00:00,43.976,44.153,43.973,44.085,37457.75
2025-10-10 00:15:00,44.085,44.202,44.012,44.186,34414.2
2025-10-10 00:30:00,44.182,44.204,44.003,44.028,57019.49
2025-10-10 00:45:00,44.037,44.127,43.958,44.113,46909.48
2025-10-10 01:00:00,44.112,44.26,44.087,44.181,35264.12
2025-10-10 01:15:00,44.18,44.277,44.113,44.271,68459.96
2025-10-10 01:30:00,44.27,44.286,44.038,44.177,28969.19
2025-10-10 01:45:00,44.176,44.313,44.171,44.276,48079.73
2025-10-10 02:00:00,44.275,44.352,44.18,44.352,28065.29
2025-10-10 02:15:00,44.35,44.475,44.321,44.334,30271.79
2025-10-10 02:30:00,44.342,44.355,44.188,44.202,25837.66
2025-10-10 02:45:00,44.201,44.261,44.121,44.152,68404.66
2025-10-10 03:00:00,44.151,44.186,43.981,44.05,45665.24
2025-10-10 03:15:00,44.049,44.327,43.992,44.321,43467.18
2025-10-10 03:30:00,44.32,44.558,44.32,44.53,59232.52
2025-10-10 03:45:00,44.528,44.586,44.204,44.211,44655.62
2025-10-10 04:00:00,44.21,44.345,44.177,44.232,39613.44
2025-10-10 04:15:00,44.237,44.265,44.023,44.068,24628.96
2025-10-10 04:30:00,44.066,44.239,43.836,43.993,64938.95
2025-10-10 04:45:00,43.992,43.992,43.531,43.725,119586.39
2025-10-10 05:00:00,43.71,43.738,43.515,43.586,60146.82
2025-10-10 05:15:00,43.583,43.893,43.579,43.841,80644.78
2025-10-10 05:30:00,43.841,43.841,43.443,43.697,170769.17
2025-10-10 05:45:00,43.697,43.951,43.697,43.923,54316.07
2025-10-10 06:00:00,43.922,44.09,43.922,44.09,86498.26
2025-10-10 06:15:00,44.09,44.142,43.951,44.015,33006.48
2025-10-10 06:30:00,44.023,44.236,43.94,44.144,83163.75
2025-10-10 06:45:00,44.144,44.243,43.788,43.96,225635.13
2025-10-10 07:00:00,43.959,43.969,43.628,43.63,102930.34
2025-10-10 07:15:00,43.629,43.759,43.459,43.713,96746.86
2025-10-10 07:30:00,43.704,43.963,43.517,43.839,157620.99
2025-10-10 07:45:00,43.841,43.861,43.638,43.69,90510.19
2025-10-10 08:00:00,43.689,43.963,43.689,43.944,50313.98
2025-10-10 08:15:00,43.941,44.069,43.938,44.045,79324.76
2025-10-10 08:30:00,44.046,44.08,43.924,44.008,56049.02
2025-10-10 08:45:00,44.019,44.34,43.925,44.316,135965.67
2025-10-10 09:00:00,44.313,44.472,44.251,44.439,70950.23
2025-10-10 09:15:00,44.439,44.636,44.404,44.636,79851.85
2025-10-10 09:30:00,44.636,44.733,44.341,44.421,57172.8
2025-10-10 09:45:00,44.426,44.458,44.243,44.358,36535.24
2025-10-10 10:00:00,44.358,44.451,44.338,44.433,25324.36
2025-10-10 10:15:00,44.433,44.595,44.376,44.376,54296.63
2025-10-10 10:30:00,44.376,44.503,44.35,44.426,31334.09
2025-10-10 10:45:00,44.426,44.682,44.412,44.592,22210.75
2025-10-10 11:00:00,44.592,44.829,44.57,44.656,109321.06
2025-10-10 11:15:00,44.658,44.699,44.456,44.548,51791.68
2025-10-10 11:30:00,44.543,44.592,44.457,44.505,27503.62
2025-10-10 11:45:00,44.504,44.879,44.471,44.745,80223.98
2025-10-10 12:00:00,44.741,44.833,44.666,44.699,53144.65
2025-10-10 12:15:00,44.691,44.749,44.6,44.66,29213.48
2025-10-10 12:30:00,44.66,44.66,44.429,44.464,28647.38
2025-10-10 12:45:00,44.455,44.723,44.424,44.722,36689.12
2025-10-10 13:00:00,44.722,44.795,44.564,44.651,38950.93
2025-10-10 13:15:00,44.649,44.916,44.561,44.83,71036.61
2025-10-10 13:30:00,44.837,45.233,44.744,45.118,234000.92
2025-10-10 13:45:00,45.118,45.256,44.876,45.109,190532.29
2025-10-10 14:00:00,45.105,45.449,45.047,45.317,151534.64
2025-10-10 14:15:00,45.326,45.349,44.761,44.777,218524.34
2025-10-10 14:30:00,44.778,44.995,44.778,44.927,54823.46
2025-10-10 14:45:00,44.926,45.04,44.24,44.312,171323.44
2025-10-10 15:00:00,44.318,44.381,43.924,44.179,424399.54
2025-10-10 15:15:00,44.168,44.297,43.213,43.271,441642.99
2025-10-10 15:30:00,43.269,43.305,42.014,43.305,1712499.67
2025-10-10 15:45:00,43.305,43.355,42.447,42.606,467783.57
2025-10-10 16:00:00,42.605,42.875,42.212,42.663,461005.61
2025-10-10 16:15:00,42.662,43.056,42.571,42.695,205467.42
2025-10-10 16:30:00,42.709,43.174,42.694,42.904,177903.62
2025-10-10 16:45:00,42.903,43.016,42.637,42.68,228748.13
2025-10-10 17:00:00,42.68,42.908,42.516,42.747,143259.66
2025-10-10 17:15:00,42.747,43.569,42.741,43.55,237407.91
2025-10-10 17:30:00,43.55,43.557,42.931,42.931,212778.93
2025-10-10 17:45:00,42.958,43.021,42.731,42.85,109101.59
2025-10-10 18:00:00,42.85,43.181,42.782,43.068,112177.5
2025-10-10 18:15:00,43.075,43.154,42.8,43.045,91498.88
2025-10-10 18:30:00,43.046,43.046,42.591,42.692,113739.5
2025-10-10 18:45:00,42.693,42.862,42.296,42.393,220152.36
2025-10-10 19:00:00,42.392,42.582,42.245,42.417,70974.8
2025-10-10 19:15:00,42.424,42.714,42.095,42.119,215472.41
2025-10-10 19:30:00,42.106,42.629,42.092,42.611,204026.79
2025-10-10 19:45:00,42.611,42.992,42.611,42.876,255057.93
2025-10-10 20:00:00,42.874,43.024,42.794,42.957,92784.43
2025-10-10 20:15:00,42.95,43.366,42.873,43.253,150898.19
2025-10-10 20:30:00,43.252,43.253,42.943,42.998,84439.46
2025-10-10 20:45:00,42.997,43.041,40.526,40.722,1381175.24
2025-10-10 21:00:00,40.76,41.78,35.11,35.652,5103735.01
2025-10-10 21:15:00,35.605,39.7,30.6778,37.663,14127711.19
2025-10-10 21:30:00,37.663,42.401,36.34,39.491,1749488.55
2025-10-10 21:45:00,39.491,41.172,39.184,40.586,1843290.37
2025-10-10 22:00:00,40.659,40.888,37.37,39.898,1417175.09
2025-10-10 22:15:00,39.898,40.001,38.4,38.487,1110149.58
2025-10-10 22:30:00,38.52,39.77,38.384,39.149,671722.49
2025-10-10 22:45:00,39.149,40.0,38.748,39.228,925003.07
2025-10-10 23:00:00,39.228,39.8,38.179,38.299,679219.27
2025-10-10 23:15:00,38.3,39.607,38.293,38.773,562920.89
2025-10-10 23:30:00,38.788,40.02,38.5,39.744,659529.32
2025-10-10 23:45:00,39.744,39.771,36.853,37.366,805853.99
2025-10-11 00:00:00,37.458,38.7,37.112,38.131,811642.02
2025-10-11 00:15:00,38.148,38.6,36.613,38.486,764029.22
2025-10-11 00:30:00,38.486,38.507,37.711,38.287,475966.37
2025-10-11 00:45:00,38.294,38.8,38.16,38.616,546291.61
2025-10-11 01:00:00,38.623,38.88,38.532,38.782,560064.88
2025-10-11 01:15:00,38.782,38.826,37.56,37.607,600256.49
2025-10-11 01:30:00,37.629,37.898,36.111,36.37,755284.44
2025-10-11 01:45:00,36.384,37.096,36.062,36.996,565239.99
2025-10-11 02:00:00,37.016,37.676,36.955,37.362,559505.23
2025-10-11 02:15:00,37.362,38.799,37.299,38.713,659869.24
2025-10-11 02:30:00,38.714,39.313,38.714,39.172,640631.6
2025-10-11 02:45:00,39.172,39.2,38.77,39.173,324419.93
2025-10-11 03:00:00,39.177,39.181,37.973,38.459,421839.75
2025-10-11 03:15:00,38.459,38.841,38.401,38.63,134362.44
2025-10-11 03:30:00,38.63,38.804,36.5,37.555,556342.77
2025-10-11 03:45:00,37.565,38.147,37.39,37.948,280129.08
2025-10-11 04:00:00,37.96,38.485,37.88,38.41,203963.04
2025-10-11 04:15:00,38.436,38.727,38.048,38.716,268783.2
2025-10-11 04:30:00,38.716,38.734,38.418,38.717,143141.73
2025-10-11 04:45:00,38.734,39.198,38.547,39.198,241830.3
2025-10-11 05:00:00,39.198,39.253,38.907,39.253,255661.96
2025-10-11 05:15:00,39.253,39.727,39.112,39.124,420548.79
2025-10-11 05:30:00,39.124,39.261,38.844,38.902,341998.82
2025-10-11 05:45:00,38.902,39.247,38.86,38.867,130775.23
2025-10-11 06:00:00,38.869,38.95,38.441,38.948,214742.17
2025-10-11 06:15:00,38.94,39.276,38.829,39.205,150450.13
2025-10-11 06:30:00,39.203,39.28,38.82,38.967,226840.59
2025-10-11 06:45:00,38.96,39.17,38.371,39.037,266217.83
2025-10-11 07:00:00,39.038,39.487,38.562,39.465,312031.01
2025-10-11 07:15:00,39.47,39.989,39.419,39.716,437789.58
2025-10-11 07:30:00,39.72,39.996,39.486,39.551,189223.88
2025-10-11 07:45:00,39.546,39.55,39.045,39.123,184538.82
2025-10-11 08:00:00,39.142,39.193,38.71,38.716,222143.68
2025-10-11 08:15:00,38.716,39.401,38.7,39.29,263488.99
2025-10-11 08:30:00,39.293,39.534,39.056,39.488,139464.32
2025-10-11 08:45:00,39.489,39.93,39.445,39.876,202389.17
2025-10-11 09:00:00,39.875,40.482,39.705,40.228,292224.67
2025-10-11 09:15:00,40.228,40.625,40.025,40.578,163151.61
2025-10-11 09:30:00,40.579,40.622,40.32,40.622,211050.23
2025-10-11 09:45:00,40.623,40.929,40.079,40.254,384545.64
2025-10-11 10:00:00,40.258,40.647,40.247,40.629,113331.36
2025-10-11 10:15:00,40.629,40.891,40.099,40.62,423116.19
2025-10-11 10:30:00,40.623,40.771,40.0,40.102,362919.48
2025-10-11 10:45:00,40.103,40.431,40.0,40.3,201390.42
2025-10-11 11:00:00,40.3,40.317,39.61,39.707,259602.04
2025-10-11 11:15:00,39.708,39.832,39.429,39.74,207418.64
2025-10-11 11:30:00,39.745,39.799,39.495,39.761,114571.49
2025-10-11 11:45:00,39.762,39.989,39.667,39.93,145888.8
2025-10-11 12:00:00,39.942,39.969,39.689,39.865,94379.65
2025-10-11 12:15:00,39.879,40.0,39.686,40.0,84224.56
2025-10-11 12:30:00,40.0,40.0,39.43,39.482,138471.9
2025-10-11 12:45:00,39.505,39.519,38.853,39.382,259525.04
2025-10-11 13:00:00,39.382,39.462,38.929,39.156,123867.37
2025-10-11 13:15:00,39.157,39.207,38.718,38.865,164529.93
2025-10-11 13:30:00,38.881,38.955,38.434,38.929,164644.54
2025-10-11 13:45:00,38.929,39.173,38.582,38.6,304018.66
2025-10-11 14:00:00,38.6,38.72,38.349,38.375,205888.4
2025-10-11 14:15:00,38.373,38.397,37.9,37.965,304469.46
2025-10-11 14:30:00,37.96,38.53,37.96,38.33,180668.83
2025-10-11 14:45:00,38.329,38.48,37.951,38.31,122476.64
2025-10-11 15:00:00,38.31,38.85,38.3,38.63,140301.13
2025-10-11 15:15:00,38.618,38.626,38.129,38.254,183860.02
2025-10-11 15:30:00,38.256,38.274,37.428,37.667,438188.65
2025-10-11 15:45:00,37.667,38.227,37.667,38.1,172138.39
2025-10-11 16:00:00,38.1,38.574,37.96,38.334,221041.49
2025-10-11 16:15:00,38.334,38.372,37.911,37.96,125612.09
2025-10-11 16:30:00,37.968,38.049,37.589,37.735,129385.89
2025-10-11 16:45:00,37.732,37.95,37.689,37.817,128220.91
2025-10-11 17:00:00,37.817,38.445,37.811,38.381,160331.62
2025-10-11 17:15:00,38.381,38.432,37.936,38.031,122430.77
2025-10-11 17:30:00,38.038,38.135,37.812,38.13,124923.22
2025-10-11 17:45:00,38.132,38.394,38.125,38.295,178093.95
2025-10-11 18:00:00,38.294,38.302,37.882,37.884,123541.82
2025-10-11 18:15:00,37.887,38.087,37.804,37.811,99405.65
2025-10-11 18:30:00,37.811,38.001,37.697,37.981,80912.85
2025-10-11 18:45:00,37.981,38.027,37.862,37.885,51364.63
2025-10-11 19:00:00,37.877,37.912,37.143,37.221,205187.5
2025-10-11 19:15:00,37.232,37.396,36.59,36.959,513550.32
2025-10-11 19:30:00,36.958,37.212,36.629,37.128,294692.09
2025-10-11 19:45:00,37.133,37.217,36.172,36.419,343206.1
2025-10-11 20:00:00,36.433,36.575,35.394,35.89,719333.56
2025-10-11 20:15:00,35.89,36.051,35.439,35.756,272882.58
2025-10-11 20:30:00,35.753,35.794,35.177,35.498,700052.2
2025-10-11 20:45:00,35.498,36.188,35.456,36.119,664582.81
2025-10-11 21:00:00,36.122,36.135,35.686,35.919,233623.3
2025-10-11 21:15:00,35.908,37.392,35.73,36.615,675325.22
2025-10-11 21:30:00,36.616,37.117,36.4,37.0,245925.27
2025-10-11 21:45:00,37.0,37.446,36.805,36.973,288889.99
2025-10-11 22:00:00,36.972,37.111,36.809,37.04,175431.5
2025-10-11 22:15:00,37.055,37.392,36.785,37.225,198340.83
2025-10-11 22:30:00,37.241,37.515,37.184,37.218,159972.5
2025-10-11 22:45:00,37.218,37.531,37.201,37.209,82919.07
2025-10-11 23:00:00,37.208,37.236,36.952,37.011,91890.25
2025-10-11 23:15:00,37.011,37.19,36.833,37.16,130075.75
2025-10-11 23:30:00,37.16,37.187,36.982,37.004,32823.48
2025-10-11 23:45:00,37.0,37.058,36.784,36.825,85782.75
2025-10-12 00:00:00,36.828,37.171,36.673,36.71,167231.65
2025-10-12 00:15:00,36.71,37.084,36.357,36.611,209445.39
2025-10-12 00:30:00,36.611,37.211,36.592,36.713,150345.85
2025-10-12 00:45:00,36.712,36.861,36.234,36.324,165284.97
2025-10-12 01:00:00,36.326,36.925,36.252,36.922,173348.52
2025-10-12 01:15:00,36.922,37.287,36.668,36.804,207722.32
2025-10-12 01:30:00,36.813,37.164,36.538,37.132,164996.93
2025-10-12 01:45:00,37.132,37.389,37.119,37.224,136725.04
2025-10-12 02:00:00,37.224,37.343,36.942,37.238,61221.4
2025-10-12 02:15:00,37.228,37.669,37.166,37.569,92871.42
2025-10-12 02:30:00,37.568,37.682,37.026,37.13,107534.1
2025-10-12 02:45:00,37.124,37.124,35.778,36.533,618372.52
2025-10-12 03:00:00,36.533,37.1,36.452,36.841,123048.43
2025-10-12 03:15:00,36.839,37.335,36.76,37.164,120448.29
2025-10-12 03:30:00,37.165,37.585,37.028,37.54,137467.51
2025-10-12 03:45:00,37.533,37.533,37.079,37.088,77631.43
2025-10-12 04:00:00,37.086,37.682,36.952,37.564,180397.35
2025-10-12 04:15:00,37.564,38.299,37.551,38.097,302063.29
2025-10-12 04:30:00,38.096,38.351,37.901,38.166,153829.11
2025-10-12 04:45:00,38.169,38.337,37.9,38.189,96779.69
2025-10-12 05:00:00,38.189,38.246,37.928,38.173,26766.46
2025-10-12 05:15:00,38.173,38.524,38.173,38.502,84891.05
2025-10-12 05:30:00,38.502,38.732,38.402,38.573,166101.19
2025-10-12 05:45:00,38.573,38.832,38.461,38.486,74042.14
2025-10-12 06:00:00,38.479,38.887,38.421,38.695,87324.84
2025-10-12 06:15:00,38.694,38.828,38.29,38.66,250042.44
2025-10-12 06:30:00,38.661,38.669,38.356,38.455,61902.23
2025-10-12 06:45:00,38.455,38.486,38.17,38.264,69012.02
2025-10-12 07:00:00,38.265,38.269,37.937,37.986,72429.22
2025-10-12 07:15:00,37.976,38.093,37.723,37.75,110866.1
2025-10-12 07:30:00,37.758,37.98,37.637,37.902,110917.19
2025-10-12 07:45:00,37.888,38.077,37.65,37.766,68390.15
2025-10-12 08:00:00,37.769,37.861,37.682,37.816,72562.8
2025-10-12 08:15:00,37.822,37.862,37.6,37.622,78173.01
2025-10-12 08:30:00,37.622,37.634,37.118,37.206,232473.44
2025-10-12 08:45:00,37.215,37.236,36.96,37.025,157833.01
2025-10-12 09:00:00,37.026,37.026,36.5,36.577,250311.3
2025-10-12 09:15:00,36.577,37.003,36.362,36.794,279529.39
2025-10-12 09:30:00,36.789,37.09,36.752,37.011,87922.9
2025-10-12 09:45:00,37.011,37.243,36.949,37.137,120364.21
2025-10-12 10:00:00,37.14,37.273,36.792,36.979,134660.55
2025-10-12 10:15:00,36.972,37.221,36.822,37.104,123432.4
2025-10-12 10:30:00,37.104,37.257,37.042,37.056,41740.85
2025-10-12 10:45:00,37.063,37.122,36.85,36.942,41762.12
2025-10-12 11:00:00,36.942,37.337,36.903,37.305,73379.68
2025-10-12 11:15:00,37.306,37.342,37.079,37.201,66275.39
2025-10-12 11:30:00,37.2,37.635,37.2,37.506,134813.88
2025-10-12 11:45:00,37.51,37.543,37.163,37.361,105627.43
2025-10-12 12:00:00,37.361,38.006,37.316,37.968,129233.45
2025-10-12 12:15:00,37.968,38.138,37.815,37.938,81572.95
2025-10-12 12:30:00,37.937,38.128,37.65,37.975,130140.27
2025-10-12 12:45:00,37.975,38.054,37.715,37.976,110901.25
2025-10-12 13:00:00,37.975,38.011,37.632,37.68,95754.13
2025-10-12 13:15:00,37.695,37.793,37.154,37.385,173979.25
2025-10-12 13:30:00,37.386,37.512,37.078,37.179,143040.5
2025-10-12 13:45:00,37.18,37.246,36.95,37.182,63743.03
2025-10-12 14:00:00,37.179,37.696,37.16,37.571,109510.94
2025-10-12 14:15:00,37.568,37.671,37.348,37.488,73826.68
2025-10-12 14:30:00,37.477,37.549,37.223,37.413,52568.46
2025-10-12 14:45:00,37.413,39.1,37.411,38.623,665998.42
2025-10-12 15:00:00,38.619,39.697,38.589,39.695,893831.69
2025-10-12 15:15:00,39.681,40.052,39.335,39.907,598038.97
2025-10-12 15:30:00,39.9,39.912,38.808,38.945,726766.5
2025-10-12 15:45:00,38.963,39.496,38.895,39.406,461972.01
2025-10-12 16:00:00,39.396,40.382,39.384,39.788,712966.42
2025-10-12 16:15:00,39.789,40.033,39.527,39.964,286681.31
2025-10-12 16:30:00,39.965,40.235,39.581,40.116,378074.6
2025-10-12 16:45:00,40.116,40.505,39.941,40.168,341810.09
2025-10-12 17:00:00,40.168,40.475,39.895,40.37,210762.38
2025-10-12 17:15:00,40.37,40.485,40.212,40.32,208155.54
2025-10-12 17:30:00,40.337,40.385,39.973,40.049,210070.21
2025-10-12 17:45:00,40.049,40.19,39.441,39.756,207691.61
2025-10-12 18:00:00,39.755,40.176,39.75,39.964,175159.31
2025-10-12 18:15:00,39.967,40.093,39.53,39.655,140936.32
2025-10-12 18:30:00,39.656,39.881,39.306,39.421,129491.4
2025-10-12 18:45:00,39.432,39.571,39.16,39.525,169354.98
2025-10-12 19:00:00,39.529,39.937,39.527,39.896,97047.54
2025-10-12 19:15:00,39.888,40.04,39.831,39.926,84557.1
2025-10-12 19:30:00,39.926,40.12,39.85,39.942,164795.6
2025-10-12 19:45:00,39.943,40.395,39.888,40.281,178757.42
2025-10-12 20:00:00,40.28,40.505,40.03,40.152,368938.65
2025-10-12 20:15:00,40.152,40.45,40.004,40.429,123596.4
2025-10-12 20:30:00,40.43,40.687,40.29,40.601,203964.92
2025-10-12 20:45:00,40.607,40.887,40.261,40.426,151465.04
2025-10-12 21:00:00,40.433,40.433,39.962,40.237,274681.31
2025-10-12 21:15:00,40.237,40.249,39.676,39.802,194108.12
2025-10-12 21:30:00,39.807,39.871,39.41,39.658,208580.86
2025-10-12 21:45:00,39.658,39.964,39.657,39.908,141844.85
2025-10-12 22:00:00,39.92,40.259,39.755,40.036,126131.1
2025-10-12 22:15:00,40.037,40.261,39.765,39.978,99630.65
2025-10-12 22:30:00,39.977,40.285,39.883,40.109,86503.87
2025-10-12 22:45:00,40.118,40.4,40.08,40.303,72778.81
2025-10-12 23:00:00,40.304,40.338,39.666,39.962,100419.16
2025-10-12 23:15:00,39.977,39.977,39.512,39.752,144995.99
2025-10-12 23:30:00,39.753,39.891,39.5,39.651,75115.74
2025-10-12 23:45:00,39.651,39.883,39.613,39.616,25693.27
2025-10-13 00:00:00,39.616,39.639,39.32,39.628,78515.07
2025-10-13 00:15:00,39.629,40.068,39.606,39.716,86346.81
2025-10-13 00:30:00,39.716,39.775,39.468,39.674,57436.82
2025-10-13 00:45:00,39.682,39.825,39.525,39.525,38748.06
2025-10-13 01:00:00,39.526,39.754,39.252,39.391,120967.59
2025-10-13 01:15:00,39.411,40.02,39.285,39.83,108990.02
2025-10-13 01:30:00,39.831,40.112,39.815,40.04,70444.71
2025-10-13 01:45:00,40.041,40.17,39.863,40.079,62653.46
2025-10-13 02:00:00,40.088,40.181,39.768,39.96,96130.66
2025-10-13 02:15:00,39.959,39.964,39.42,39.492,143111.12
2025-10-13 02:30:00,39.479,39.667,39.302,39.594,63709.33
2025-10-13 02:45:00,39.588,39.791,39.476,39.726,40180.68
2025-10-13 03:00:00,39.735,39.805,39.469,39.582,50864.82
2025-10-13 03:15:00,39.575,39.575,39.2,39.26,71614.05
2025-10-13 03:30:00,39.26,39.306,38.927,39.235,295248.13
2025-10-13 03:45:00,39.234,39.304,39.003,39.095,169959.31
2025-10-13 04:00:00,39.096,39.12,38.739,38.767,165192.32
2025-10-13 04:15:00,38.779,38.872,38.7,38.741,61951.72
2025-10-13 04:30:00,38.741,38.887,38.627,38.767,75857.46
2025-10-13 04:45:00,38.773,38.97,38.582,38.937,104638.54
2025-10-13 05:00:00,38.932,38.944,38.573,38.635,131214.64
2025-10-13 05:15:00,38.624,38.785,38.523,38.626,73368.07
2025-10-13 05:30:00,38.625,38.654,38.272,38.286,143778.52
2025-10-13 05:45:00,38.288,38.395,38.151,38.327,169814.86
2025-10-13 06:00:00,38.323,38.904,38.213,38.841,120207.88
2025-10-13 06:15:00,38.847,40.088,38.78,40.048,384794.4
2025-10-13 06:30:00,40.04,40.917,39.741,40.615,542934.02
2025-10-13 06:45:00,40.615,41.811,40.457,41.659,849970.14
2025-10-13 07:00:00,41.673,41.992,41.002,41.662,576223.1
2025-10-13 07:15:00,41.66,42.42,41.66,42.234,485569.48
2025-10-13 07:30:00,42.248,42.487,41.904,41.947,414174.16
2025-10-13 07:45:00,41.94,42.47,41.418,42.461,294992.33
2025-10-13 08:00:00,42.46,42.528,42.11,42.503,258553.71
2025-10-13 08:15:00,42.508,42.545,42.146,42.344,135210.6
2025-10-13 08:30:00,42.341,42.518,42.161,42.177,83203.22
2025-10-13 08:45:00,42.174,42.258,41.764,41.792,174351.55
2025-10-13 09:00:00,41.778,42.047,41.5,41.565,117949.56
2025-10-13 09:15:00,41.555,41.721,41.343,41.709,111435.92
2025-10-13 09:30:00,41.71,42.04,41.598,42.006,77452.23
2025-10-13 09:45:00,42.007,42.06,41.76,41.878,93832.56
2025-10-13 10:00:00,41.885,42.108,41.549,41.633,127135.91
2025-10-13 10:15:00,41.633,41.759,41.418,41.419,99550.13
2025-10-13 10:30:00,41.418,41.471,41.202,41.314,144346.88
2025-10-13 10:45:00,41.317,41.594,40.807,40.923,226531.38
2025-10-13 11:00:00,40.926,40.953,40.096,40.431,330547.0
2025-10-13 11:15:00,40.432,40.461,39.5,39.531,353526.09
2025-10-13 11:30:00,39.506,40.171,39.5,40.021,236432.45
2025-10-13 11:45:00,40.031,40.448,39.838,40.299,205843.53
2025-10-13 12:00:00,40.291,40.614,39.888,40.49,228344.12
2025-10-13 12:15:00,40.501,40.501,39.943,40.134,132405.97
2025-10-13 12:30:00,40.13,40.632,40.056,40.492,216124.89
2025-10-13 12:45:00,40.489,40.748,40.315,40.404,93253.07
2025-10-13 13:00:00,40.404,40.66,40.344,40.42,98788.88
2025-10-13 13:15:00,40.419,40.549,40.086,40.121,153026.81
2025-10-13 13:30:00,40.119,41.269,40.081,40.909,526485.54
2025-10-13 13:45:00,40.9,41.436,40.587,41.351,259373.97
2025-10-13 14:00:00,41.342,41.436,40.7,40.789,289832.25
2025-10-13 14:15:00,40.789,40.997,40.297,40.472,260130.07
2025-10-13 14:30:00,40.474,40.797,40.029,40.288,323560.72
2025-10-13 14:45:00,40.288,40.35,39.792,39.867,259149.95
2025-10-13 15:00:00,39.877,40.26,39.839,39.977,241452.05
2025-10-13 15:15:00,39.963,40.232,39.883,39.943,95911.79
2025-10-13 15:30:00,39.945,40.364,39.941,40.019,110143.57
2025-10-13 15:45:00,40.019,40.253,39.642,39.744,157942.76
2025-10-13 16:00:00,39.751,40.349,39.724,40.106,153285.73
2025-10-13 16:15:00,40.099,40.348,39.735,39.998,174249.6
2025-10-13 16:30:00,39.997,40.183,39.8,39.84,93877.81
2025-10-13 16:45:00,39.822,40.31,39.819,40.175,99779.11
2025-10-13 17:00:00,40.183,40.7,40.09,40.382,234961.15
2025-10-13 17:15:00,40.396,40.629,40.066,40.611,224478.3
2025-10-13 17:30:00,40.612,40.712,40.324,40.391,91638.7
2025-10-13 17:45:00,40.391,40.917,40.182,40.91,135972.69
2025-10-13 18:00:00,40.91,40.953,40.55,40.67,132716.79
2025-10-13 18:15:00,40.669,41.1,40.629,41.059,107185.65
2025-10-13 18:30:00,41.06,41.306,40.848,41.306,147862.06
2025-10-13 18:45:00,41.306,41.358,41.017,41.342,92492.02
2025-10-13 19:00:00,41.343,41.722,41.19,41.701,161527.46
2025-10-13 19:15:00,41.71,41.75,41.269,41.514,238009.28
2025-10-13 19:30:00,41.505,42.17,41.405,42.105,199678.61
2025-10-13 19:45:00,42.106,42.25,41.75,42.043,221025.6
2025-10-13 20:00:00,42.043,42.35,41.87,42.28,89423.34
2025-10-13 20:15:00,42.263,42.38,42.059,42.196,106714.55
2025-10-13 20:30:00,42.195,42.579,42.185,42.561,117900.75
2025-10-13 20:45:00,42.546,43.121,42.537,43.026,348995.06
2025-10-13 21:00:00,43.026,43.303,42.758,43.238,207672.31
2025-10-13 21:15:00,43.238,43.238,42.7,42.837,185608.86
2025-10-13 21:30:00,42.825,43.069,42.658,42.659,73948.69
2025-10-13 21:45:00,42.659,43.033,42.585,42.893,78284.65
2025-10-13 22:00:00,42.885,43.305,42.86,43.041,169679.96
2025-10-13 22:15:00,43.048,43.124,42.819,42.854,99991.26
2025-10-13 22:30:00,42.862,43.244,42.707,43.162,87763.66
2025-10-13 22:45:00,43.163,43.272,42.996,43.14,89551.35
2025-10-13 23:00:00,43.148,43.254,42.825,43.207,116488.87
2025-10-13 23:15:00,43.208,43.69,43.142,43.144,362005.89
2025-10-13 23:30:00,43.152,43.201,42.489,42.628,444275.52
2025-10-13 23:45:00,42.629,42.675,41.968,42.423,356115.07
2025-10-14 00:00:00,42.437,42.646,42.387,42.522,96511.94
2025-10-14 00:15:00,42.535,42.885,42.513,42.851,122821.32
2025-10-14 00:30:00,42.858,43.201,42.718,42.847,131022.93
2025-10-14 00:45:00,42.833,42.9,42.488,42.789,124070.1
2025-10-14 01:00:00,42.777,42.809,42.027,42.253,297330.8
2025-10-14 01:15:00,42.25,42.403,41.872,42.254,387347.82
2025-10-14 01:30:00,42.241,42.433,42.003,42.419,235150.76
2025-10-14 01:45:00,42.42,42.435,42.055,42.107,66099.43
2025-10-14 02:00:00,42.114,42.149,41.555,41.573,261866.37
2025-10-14 02:15:00,41.572,41.836,41.513,41.832,124795.98
2025-10-14 02:30:00,41.836,42.234,41.574,41.641,115951.61
2025-10-14 02:45:00,41.636,41.719,41.529,41.617,63309.5
2025-10-14 03:00:00,41.623,41.816,41.418,41.682,116408.05
2025-10-14 03:15:00,41.694,41.83,41.222,41.282,168664.07
2025-10-14 03:30:00,41.292,41.537,41.26,41.53,56762.24
2025-10-14 03:45:00,41.53,41.745,41.199,41.227,104313.01
2025-10-14 04:00:00,41.224,41.37,40.598,40.984,225183.76
2025-10-14 04:15:00,40.985,41.182,40.859,41.161,70236.91
2025-10-14 04:30:00,41.161,41.176,40.506,40.784,157023.76
2025-10-14 04:45:00,40.787,40.822,40.229,40.548,294694.9
2025-10-14 05:00:00,40.549,40.977,40.385,40.925,182753.12
2025-10-14 05:15:00,40.93,40.945,40.44,40.486,109029.74
2025-10-14 05:30:00,40.491,40.509,40.053,40.135,190364.34
2025-10-14 05:45:00,40.125,40.253,39.8,39.982,246693.97
2025-10-14 06:00:00,39.979,40.162,39.901,39.923,128840.0
2025-10-14 06:15:00,39.926,40.438,39.783,39.807,239481.07
2025-10-14 06:30:00,39.806,40.035,38.864,38.865,718533.94
2025-10-14 06:45:00,38.884,39.38,38.494,39.188,545573.0
2025-10-14 07:00:00,39.169,39.415,38.975,39.186,101983.53
2025-10-14 07:15:00,39.169,39.45,38.975,39.336,139075.54
2025-10-14 07:30:00,39.333,39.337,38.763,38.9,114181.44
2025-10-14 07:45:00,38.913,38.913,38.599,38.775,140276.19
2025-10-14 08:00:00,38.775,38.916,38.449,38.867,231690.67
2025-10-14 08:15:00,38.866,39.086,38.497,39.001,179737.86
2025-10-14 08:30:00,38.994,39.259,38.974,39.124,143975.18
2025-10-14 08:45:00,39.124,39.13,38.547,38.764,183147.51
2025-10-14 09:00:00,38.766,39.527,38.701,38.979,301751.62
2025-10-14 09:15:00,38.976,39.418,38.945,39.246,180461.63
2025-10-14 09:30:00,39.247,39.392,38.725,39.025,252439.61
2025-10-14 09:45:00,39.024,39.066,38.642,38.827,151326.15
2025-10-14 10:00:00,38.832,38.883,38.196,38.328,301575.97
2025-10-14 10:15:00,38.327,38.408,37.909,38.18,437215.34
2025-10-14 10:30:00,38.174,38.248,37.776,37.953,295520.22
2025-10-14 10:45:00,37.959,38.198,37.736,37.99,207575.1
2025-10-14 11:00:00,37.991,38.468,37.947,38.301,233060.23
2025-10-14 11:15:00,38.306,38.414,38.033,38.063,146345.04
2025-10-14 11:30:00,38.063,38.234,37.85,37.85,130923.43
2025-10-14 11:45:00,37.856,38.239,37.855,38.239,112328.57
2025-10-14 12:00:00,38.231,38.341,37.898,38.262,145437.58
2025-10-14 12:15:00,38.267,38.277,37.848,37.888,108677.96
2025-10-14 12:30:00,37.891,38.003,37.655,37.841,99930.2
2025-10-14 12:45:00,37.841,37.972,37.527,37.629,183629.54
2025-10-14 13:00:00,37.629,37.881,37.53,37.715,91865.49
2025-10-14 13:15:00,37.715,38.028,37.531,38.004,77244.21
2025-10-14 13:30:00,38.004,38.183,37.379,37.981,309731.37
2025-10-14 13:45:00,37.981,38.598,37.919,38.273,280589.55
2025-10-14 14:00:00,38.276,38.876,38.225,38.863,141468.43
2025-10-14 14:15:00,38.862,39.458,38.718,38.881,530821.92
2025-10-14 14:30:00,38.881,38.956,38.247,38.86,442019.19
2025-10-14 14:45:00,38.86,39.2,38.592,38.659,357700.13
2025-10-14 15:00:00,38.659,39.05,38.633,38.909,257712.85
2025-10-14 15:15:00,38.909,39.007,38.64,38.919,122012.93
2025-10-14 15:30:00,38.919,39.597,38.919,39.531,188062.63
2025-10-14 15:45:00,39.531,40.198,39.438,40.134,423868.01
2025-10-14 16:00:00,40.135,40.16,39.531,40.032,211547.71
2025-10-14 16:15:00,40.027,40.338,39.82,40.054,249179.11
2025-10-14 16:30:00,40.053,40.336,39.95,40.318,195671.83
2025-10-14 16:45:00,40.322,40.464,39.95,40.048,233871.89
2025-10-14 17:00:00,40.048,40.713,39.628,40.584,464454.82
2025-10-14 17:15:00,40.596,40.771,40.137,40.323,286828.43
2025-10-14 17:30:00,40.33,40.444,39.943,40.256,194907.95
2025-10-14 17:45:00,40.262,40.384,40.068,40.146,71689.12
2025-10-14 18:00:00,40.144,40.526,40.071,40.414,104949.46
2025-10-14 18:15:00,40.422,40.475,39.832,39.884,260036.37
2025-10-14 18:30:00,39.885,40.084,39.601,39.677,203545.89
2025-10-14 18:45:00,39.677,40.108,39.634,39.737,236130.6
2025-10-14 19:00:00,39.745,39.846,39.661,39.823,78297.82
2025-10-14 19:15:00,39.816,40.0,39.777,39.854,115457.42
2025-10-14 19:30:00,39.857,39.86,38.836,38.934,441182.72
2025-10-14 19:45:00,38.939,39.587,38.924,39.319,186490.16
2025-10-14 20:00:00,39.325,39.47,38.851,39.11,153180.41
2025-10-14 20:15:00,39.106,39.426,39.05,39.412,62335.5
2025-10-14 20:30:00,39.413,39.413,39.107,39.16,137678.22
2025-10-14 20:45:00,39.161,39.515,39.13,39.488,101120.17
2025-10-14 21:00:00,39.489,39.502,39.102,39.171,45612.72
2025-10-14 21:15:00,39.174,39.332,38.974,39.297,37738.5
2025-10-14 21:30:00,39.29,39.374,39.209,39.337,44783.54
2025-10-14 21:45:00,39.329,39.515,39.291,39.5,30802.41
2025-10-14 22:00:00,39.487,39.826,39.474,39.738,155676.83
2025-10-14 22:15:00,39.735,39.75,39.609,39.61,25097.23
2025-10-14 22:30:00,39.61,39.666,39.356,39.381,62346.29
2025-10-14 22:45:00,39.381,39.489,39.226,39.425,39346.62
2025-10-14 23:00:00,39.423,39.647,39.413,39.598,28323.15
2025-10-14 23:15:00,39.594,39.693,39.386,39.612,54532.07
2025-10-14 23:30:00,39.612,39.714,39.497,39.498,37161.47
2025-10-14 23:45:00,39.499,39.626,39.37,39.41,40896.35
2025-10-15 00:00:00,39.408,39.592,39.035,39.06,111291.4
2025-10-15 00:15:00,39.063,39.201,38.954,39.052,77327.24
2025-10-15 00:30:00,39.051,39.188,38.907,39.096,33308.61
2025-10-15 00:45:00,39.09,39.254,39.059,39.154,23282.12
2025-10-15 01:00:00,39.153,39.19,38.636,38.752,108978.99
2025-10-15 01:15:00,38.757,38.935,38.632,38.679,51869.91
2025-10-15 01:30:00,38.659,38.802,38.577,38.731,66488.68
2025-10-15 01:45:00,38.732,39.068,38.679,39.05,56985.97
2025-10-15 02:00:00,39.049,39.438,39.041,39.4,77859.41
2025-10-15 02:15:00,39.401,39.762,39.237,39.732,120892.54
2025-10-15 02:30:00,39.732,39.794,39.406,39.499,117427.14
2025-10-15 02:45:00,39.497,39.683,39.4,39.439,88972.45
2025-10-15 03:00:00,39.425,39.548,39.248,39.373,53466.0
2025-10-15 03:15:00,39.366,39.41,39.125,39.39,36716.78
2025-10-15 03:30:00,39.386,39.394,39.003,39.092,52376.58
2025-10-15 03:45:00,39.093,39.098,38.791,38.883,80298.0
2025-10-15 04:00:00,38.883,38.97,38.755,38.865,59120.46
2025-10-15 04:15:00,38.866,39.08,38.8,38.891,43114.14
2025-10-15 04:30:00,38.89,38.975,38.8,38.835,30758.93
2025-10-15 04:45:00,38.846,39.078,38.739,39.003,72949.47
2025-10-15 05:00:00,39.014,39.136,38.91,38.979,24528.95
2025-10-15 05:15:00,38.978,39.095,38.793,38.923,39647.21
2025-10-15 05:30:00,38.921,39.159,38.783,39.154,66361.77
2025-10-15 05:45:00,39.153,39.2,39.0,39.175,44844.93
2025-10-15 06:00:00,39.171,39.218,38.802,38.982,52671.1
2025-10-15 06:15:00,38.981,39.333,38.821,39.28,225164.61
2025-10-15 06:30:00,39.279,40.121,39.083,39.57,293572.37
2025-10-15 06:45:00,39.569,39.595,39.403,39.595,86226.11
2025-10-15 07:00:00,39.595,39.796,39.401,39.743,64859.83
2025-10-15 07:15:00,39.742,39.895,39.673,39.72,48111.92
2025-10-15 07:30:00,39.72,39.787,39.55,39.778,43184.17
2025-10-15 07:45:00,39.777,40.167,39.747,40.16,106970.8
2025-10-15 08:00:00,40.161,40.59,40.118,40.589,170746.49
2025-10-15 08:15:00,40.59,40.976,40.563,40.792,332372.78
2025-10-15 08:30:00,40.785,41.211,40.778,41.121,186778.05
2025-10-15 08:45:00,41.122,41.168,40.671,40.729,183632.47
2025-10-15 09:00:00,40.729,41.05,40.569,41.006,106906.27
2025-10-15 09:15:00,41.01,41.098,40.756,40.964,63718.12
2025-10-15 09:30:00,40.973,41.029,40.793,40.855,55146.54
2025-10-15 09:45:00,40.861,40.955,40.682,40.774,57062.66
2025-10-15 10:00:00,40.775,40.913,40.592,40.887,70974.1
2025-10-15 10:15:00,40.882,40.922,40.291,40.37,126106.37
2025-10-15 10:30:00,40.386,40.409,40.132,40.34,91676.19
2025-10-15 10:45:00,40.341,40.437,40.261,40.351,30056.68
2025-10-15 11:00:00,40.351,40.622,40.323,40.549,64444.48
2025-10-15 11:15:00,40.55,40.746,40.327,40.746,183638.08
2025-10-15 11:30:00,40.734,40.963,40.585,40.951,112710.8
2025-10-15 11:45:00,40.951,40.963,40.332,40.369,89721.07
2025-10-15 12:00:00,40.376,40.488,40.014,40.123,130255.5
2025-10-15 12:15:00,40.124,40.195,39.797,39.814,121319.48
2025-10-15 12:30:00,39.816,39.973,39.47,39.601,198839.0
2025-10-15 12:45:00,39.611,39.799,39.459,39.753,116885.84
2025-10-15 13:00:00,39.766,39.766,39.179,39.244,138501.68
2025-10-15 13:15:00,39.246,39.463,39.167,39.432,96854.88
2025-10-15 13:30:00,39.431,39.883,39.26,39.354,224627.33
2025-10-15 13:45:00,39.358,39.492,38.813,39.264,357707.06
2025-10-15 14:00:00,39.264,40.376,39.248,40.22,229912.6
2025-10-15 14:15:00,40.226,40.27,39.684,39.809,227288.65
2025-10-15 14:30:00,39.809,39.856,39.359,39.427,140906.19
2025-10-15 14:45:00,39.427,39.481,38.889,38.975,255286.9
2025-10-15 15:00:00,38.975,39.338,38.811,38.95,227277.11
2025-10-15 15:15:00,38.95,39.391,38.75,39.038,183261.39
2025-10-15 15:30:00,39.04,39.16,38.744,38.892,87407.86
2025-10-15 15:45:00,38.894,38.962,38.629,38.862,115214.89
2025-10-15 16:00:00,38.855,39.08,38.755,38.901,106788.08
2025-10-15 16:15:00,38.901,38.926,38.65,38.885,47996.6
2025-10-15 16:30:00,38.89,39.005,38.701,38.746,44501.02
2025-10-15 16:45:00,38.746,38.989,38.63,38.731,56877.23
2025-10-15 17:00:00,38.735,38.742,38.283,38.295,277520.24
2025-10-15 17:15:00,38.296,38.694,38.275,38.369,131759.08
2025-10-15 17:30:00,38.369,38.614,38.27,38.587,74539.64
2025-10-15 17:45:00,38.588,38.866,38.587,38.829,153477.08
2025-10-15 18:00:00,38.818,38.846,38.525,38.693,99657.63
2025-10-15 18:15:00,38.693,38.99,38.655,38.848,108788.1
2025-10-15 18:30:00,38.841,38.954,38.511,38.692,92110.99
2025-10-15 18:45:00,38.693,39.174,38.653,39.137,68609.72
2025-10-15 19:00:00,39.138,39.152,38.75,38.884,68228.35
2025-10-15 19:15:00,38.865,39.093,38.795,38.934,49474.96
2025-10-15 19:30:00,38.939,38.999,38.596,38.715,43295.44
2025-10-15 19:45:00,38.736,38.867,38.53,38.743,53574.45
2025-10-15 20:00:00,38.762,38.831,38.589,38.727,46773.78
2025-10-15 20:15:00,38.742,38.939,38.278,38.32,75928.6
2025-10-15 20:30:00,38.32,38.494,37.838,38.472,404033.13
2025-10-15 20:45:00,38.474,38.624,38.203,38.315,76064.96
2025-10-15 21:00:00,38.329,38.497,37.838,38.08,128055.28
2025-10-15 21:15:00,38.08,38.225,37.78,38.194,150654.41
2025-10-15 21:30:00,38.184,38.461,37.979,38.06,153319.91
2025-10-15 21:45:00,38.069,38.122,37.58,37.648,161002.89
2025-10-15 22:00:00,37.651,37.7,37.425,37.661,260326.46
2025-10-15 22:15:00,37.668,37.811,37.568,37.665,96914.12
2025-10-15 22:30:00,37.654,37.821,37.408,37.451,100487.21
2025-10-15 22:45:00,37.452,37.46,36.836,37.22,498536.19
2025-10-15 23:00:00,37.22,37.398,37.163,37.291,105320.92
2025-10-15 23:15:00,37.285,37.46,37.081,37.271,102344.4
2025-10-15 23:30:00,37.271,37.55,36.991,37.498,155110.47
2025-10-15 23:45:00,37.478,37.532,37.235,37.408,70450.03
2025-10-16 00:00:00,37.403,37.564,37.274,37.357,85152.49
2025-10-16 00:15:00,37.357,37.548,37.326,37.424,67290.5
2025-10-16 00:30:00,37.424,37.457,37.136,37.223,79443.94
2025-10-16 00:45:00,37.223,37.486,37.219,37.302,82127.24
2025-10-16 01:00:00,37.301,37.692,37.258,37.65,190299.0
2025-10-16 01:15:00,37.65,37.693,37.354,37.497,66906.57
2025-10-16 01:30:00,37.503,37.76,37.46,37.69,42666.37
2025-10-16 01:45:00,37.677,37.946,37.594,37.921,79823.13
2025-10-16 02:00:00,37.921,38.107,37.648,37.926,138301.01
2025-10-16 02:15:00,37.922,37.926,37.558,37.794,169578.13
2025-10-16 02:30:00,37.791,37.796,37.524,37.571,77979.65
2025-10-16 02:45:00,37.577,38.0,37.52,37.91,57592.38
2025-10-16 03:00:00,37.915,37.975,37.671,37.733,31280.12
2025-10-16 03:15:00,37.728,37.792,37.526,37.722,45239.2
2025-10-16 03:30:00,37.717,37.763,37.557,37.625,43183.7
2025-10-16 03:45:00,37.625,37.646,37.356,37.42,47409.1
2025-10-16 04:00:00,37.411,37.723,37.375,37.676,19390.18
2025-10-16 04:15:00,37.679,37.771,37.631,37.718,21023.78
2025-10-16 04:30:00,37.718,37.765,37.355,37.426,43516.17
2025-10-16 04:45:00,37.429,37.521,37.247,37.292,26914.8
2025-10-16 05:00:00,37.295,37.432,37.16,37.432,63709.58
2025-10-16 05:15:00,37.426,37.49,37.276,37.338,20000.83
2025-10-16 05:30:00,37.344,37.739,37.337,37.706,46848.89
2025-10-16 05:45:00,37.706,37.736,37.33,37.549,45364.14
2025-10-16 06:00:00,37.549,37.683,37.528,37.596,41980.44
2025-10-16 06:15:00,37.6,37.873,37.571,37.843,67207.24
2025-10-16 06:30:00,37.842,37.958,37.754,37.875,52417.21
2025-10-16 06:45:00,37.851,38.121,37.851,38.042,51326.08
2025-10-16 07:00:00,38.064,38.086,37.846,37.897,29761.6
2025-10-16 07:15:00,37.904,37.923,37.439,37.559,102731.97
2025-10-16 07:30:00,37.55,37.75,37.526,37.721,17929.27
2025-10-16 07:45:00,37.722,37.811,37.542,37.678,48800.74
2025-10-16 08:00:00,37.678,37.735,37.547,37.715,28576.57
2025-10-16 08:15:00,37.714,37.791,37.555,37.642,25658.49
2025-10-16 08:30:00,37.652,37.705,37.494,37.662,55833.81
2025-10-16 08:45:00,37.663,37.697,37.478,37.594,35883.07
2025-10-16 09:00:00,37.593,37.703,37.4,37.616,30800.06
2025-10-16 09:15:00,37.612,37.92,37.591,37.664,105969.36
2025-10-16 09:30:00,37.664,37.785,36.907,37.761,290641.45
2025-10-16 09:45:00,37.761,38.444,37.761,38.222,192028.93
2025-10-16 10:00:00,38.22,38.48,38.203,38.457,124136.96
2025-10-16 10:15:00,38.462,38.586,38.07,38.136,195916.27
2025-10-16 10:30:00,38.135,38.325,38.079,38.227,85249.17
2025-10-16 10:45:00,38.227,38.631,38.192,38.557,86463.72
2025-10-16 11:00:00,38.551,38.696,38.447,38.596,102349.01
2025-10-16 11:15:00,38.589,38.76,38.489,38.573,90367.78
2025-10-16 11:30:00,38.563,38.783,38.355,38.632,79243.66
2025-10-16 11:45:00,38.633,38.854,38.631,38.853,51461.78
2025-10-16 12:00:00,38.854,39.019,38.8,38.873,111066.96
2025-10-16 12:15:00,38.869,39.148,38.866,39.148,129262.04
2025-10-16 12:30:00,39.149,39.469,39.007,39.418,226733.98
2025-10-16 12:45:00,39.418,39.49,39.086,39.234,212868.5
2025-10-16 13:00:00,39.229,39.339,39.066,39.173,162041.97
2025-10-16 13:15:00,39.173,39.267,38.829,39.169,216518.07
2025-10-16 13:30:00,39.168,39.435,38.655,38.841,250425.52
2025-10-16 13:45:00,38.841,38.948,38.251,38.5,211676.73
2025-10-16 14:00:00,38.508,38.594,37.716,37.857,319046.01
2025-10-16 14:15:00,37.837,38.239,37.773,38.057,227013.59
2025-10-16 14:30:00,38.058,38.89,38.018,38.785,193362.08
2025-10-16 14:45:00,38.776,38.885,38.198,38.299,173637.85
2025-10-16 15:00:00,38.3,38.497,38.116,38.24,138242.41
2025-10-16 15:15:00,38.239,38.385,37.769,37.886,189218.72
2025-10-16 15:30:00,37.872,37.984,37.459,37.516,219741.67
2025-10-16 15:45:00,37.517,37.571,36.911,37.03,400920.09
2025-10-16 16:00:00,37.019,37.614,36.58,37.309,693901.44
2025-10-16 16:15:00,37.299,37.504,36.85,37.276,290836.21
2025-10-16 16:30:00,37.276,37.545,36.912,37.292,231418.99
2025-10-16 16:45:00,37.292,38.131,37.204,38.111,380221.5
2025-10-16 17:00:00,38.115,38.142,37.55,37.598,249112.77
2025-10-16 17:15:00,37.593,38.257,37.581,38.222,264720.88
2025-10-16 17:30:00,38.222,38.343,37.686,37.805,216945.98
2025-10-16 17:45:00,37.82,37.874,37.489,37.645,105824.29
2025-10-16 18:00:00,37.657,37.674,37.143,37.285,207469.18
2025-10-16 18:15:00,37.293,37.485,37.131,37.369,67495.38
2025-10-16 18:30:00,37.349,37.99,37.334,37.815,212176.02
2025-10-16 18:45:00,37.815,38.096,37.736,38.039,183766.88
2025-10-16 19:00:00,38.034,38.105,37.481,37.509,169861.56
2025-10-16 19:15:00,37.521,37.633,37.15,37.282,200257.67
2025-10-16 19:30:00,37.285,37.387,36.904,37.086,178000.81
2025-10-16 19:45:00,37.091,37.527,36.835,37.206,188001.18
2025-10-16 20:00:00,37.204,37.459,37.121,37.139,102758.4
2025-10-16 20:15:00,37.126,37.321,36.752,37.008,165044.92
2025-10-16 20:30:00,37.013,37.034,36.558,36.591,370702.23
2025-10-16 20:45:00,36.593,36.85,36.558,36.679,147537.6
2025-10-16 21:00:00,36.68,36.822,36.545,36.776,115327.15
2025-10-16 21:15:00,36.775,36.88,36.554,36.6,199497.54
2025-10-16 21:30:00,36.6,36.907,36.5,36.792,156313.16
2025-10-16 21:45:00,36.788,37.106,36.788,37.098,67198.83
2025-10-16 22:00:00,37.098,37.139,36.6,36.639,138321.05
2025-10-16 22:15:00,36.639,36.742,36.6,36.668,54141.09
2025-10-16 22:30:00,36.675,36.746,36.417,36.526,114115.16
2025-10-16 22:45:00,36.521,36.528,36.324,36.356,71553.37
2025-10-16 23:00:00,36.353,36.678,36.32,36.566,94534.75
2025-10-16 23:15:00,36.572,36.895,36.572,36.757,81589.93
2025-10-16 23:30:00,36.756,36.758,36.562,36.668,51993.36
2025-10-16 23:45:00,36.667,36.932,36.586,36.813,98606.54
2025-10-17 00:00:00,36.816,36.821,36.588,36.749,60512.25
2025-10-17 00:15:00,36.756,37.271,36.723,37.223,208692.65
2025-10-17 00:30:00,37.225,37.569,37.078,37.254,153044.18
2025-10-17 00:45:00,37.255,37.292,36.944,37.234,70166.25
2025-10-17 01:00:00,37.235,37.571,37.099,37.372,106288.67
2025-10-17 01:15:00,37.374,37.509,37.049,37.115,72548.15
2025-10-17 01:30:00,37.12,37.242,36.581,36.831,137186.74
2025-10-17 01:45:00,36.832,37.02,36.7,36.986,72872.77
2025-10-17 02:00:00,36.988,37.139,36.812,36.897,117528.52
2025-10-17 02:15:00,36.899,36.899,36.643,36.65,68554.36
2025-10-17 02:30:00,36.649,36.953,36.643,36.949,45241.1
2025-10-17 02:45:00,36.949,37.266,36.878,37.164,106937.56
2025-10-17 03:00:00,37.163,37.241,37.013,37.185,65586.75
2025-10-17 03:15:00,37.186,37.3,37.105,37.151,30324.37
2025-10-17 03:30:00,37.142,37.291,37.054,37.21,20853.26
2025-10-17 03:45:00,37.212,37.498,37.212,37.458,57779.32
2025-10-17 04:00:00,37.463,37.506,37.314,37.316,74440.68
2025-10-17 04:15:00,37.316,37.387,37.208,37.224,46416.73
2025-10-17 04:30:00,37.238,37.494,37.238,37.402,25584.84
2025-10-17 04:45:00,37.408,37.456,37.043,37.043,63593.65
2025-10-17 05:00:00,37.043,37.079,36.759,36.769,89725.23
2025-10-17 05:15:00,36.77,36.938,36.582,36.918,92104.92
2025-10-17 05:30:00,36.918,37.114,36.862,36.893,84609.22
2025-10-17 05:45:00,36.878,36.923,36.734,36.833,64876.67
2025-10-17 06:00:00,36.817,36.964,36.545,36.551,68665.32
2025-10-17 06:15:00,36.556,36.668,36.369,36.414,124658.28
2025-10-17 06:30:00,36.429,36.489,35.635,35.635,613834.94
2025-10-17 06:45:00,35.642,35.887,35.225,35.226,674700.83
2025-10-17 07:00:00,35.226,35.428,34.4,34.721,898185.01
2025-10-17 07:15:00,34.721,34.92,34.379,34.42,358066.55
2025-10-17 07:30:00,34.427,34.437,33.882,33.965,563300.75
2025-10-17 07:45:00,33.965,34.283,33.597,33.688,443787.0
2025-10-17 08:00:00,33.691,34.153,33.485,33.678,610358.47
2025-10-17 08:15:00,33.678,34.06,33.33,33.829,596492.24
2025-10-17 08:30:00,33.828,34.538,33.754,33.815,453791.97
2025-10-17 08:45:00,33.832,34.028,33.579,33.915,168031.08
2025-10-17 09:00:00,33.919,34.494,33.701,34.396,287178.23
2025-10-17 09:15:00,34.426,34.45,34.016,34.425,223730.82
2025-10-17 09:30:00,34.425,35.09,34.421,34.537,460107.16
2025-10-17 09:45:00,34.533,34.777,34.081,34.099,204138.49
2025-10-17 10:00:00,34.081,34.569,34.018,34.319,285519.39
2025-10-17 10:15:00,34.32,34.476,33.881,34.085,286499.98
2025-10-17 10:30:00,34.084,34.361,33.964,34.159,157840.9
2025-10-17 10:45:00,34.153,34.551,34.09,34.445,126078.28
2025-10-17 11:00:00,34.444,35.09,34.337,35.07,245697.52
2025-10-17 11:15:00,35.072,35.469,35.024,35.279,586246.88
2025-10-17 11:30:00,35.294,35.684,35.134,35.457,390361.47
2025-10-17 11:45:00,35.452,35.634,35.223,35.43,148217.41
2025-10-17 12:00:00,35.426,35.68,35.349,35.469,126437.57
2025-10-17 12:15:00,35.479,35.741,35.369,35.489,144522.09
2025-10-17 12:30:00,35.489,35.517,35.235,35.311,114356.41
2025-10-17 12:45:00,35.32,35.359,35.003,35.151,123184.27
2025-10-17 13:00:00,35.151,35.402,35.0,35.0,93998.54
2025-10-17 13:15:00,35.0,35.783,34.977,35.735,235754.68
2025-10-17 13:30:00,35.735,36.0,35.338,35.488,501913.11
2025-10-17 13:45:00,35.49,35.882,35.218,35.599,223807.46
2025-10-17 14:00:00,35.605,35.705,34.941,35.061,285538.74
2025-10-17 14:15:00,35.066,35.216,34.689,34.735,213636.53
2025-10-17 14:30:00,34.735,34.758,33.521,34.178,972481.38
2025-10-17 14:45:00,34.18,34.641,34.053,34.202,289839.55
2025-10-17 15:00:00,34.203,34.516,34.139,34.384,246776.22
2025-10-17 15:15:00,34.379,34.971,34.318,34.851,281542.05
2025-10-17 15:30:00,34.851,34.919,34.233,34.59,249521.7
2025-10-17 15:45:00,34.588,35.555,34.563,35.536,276222.43
2025-10-17 16:00:00,35.536,35.977,35.354,35.392,498822.87
2025-10-17 16:15:00,35.392,35.696,35.222,35.319,127330.63
2025-10-17 16:30:00,35.313,35.448,35.021,35.111,182478.44
2025-10-17 16:45:00,35.128,35.214,34.802,34.971,113599.87
2025-10-17 17:00:00,34.983,35.151,34.85,35.096,82450.06
2025-10-17 17:15:00,35.096,35.172,34.796,34.874,77153.03
2025-10-17 17:30:00,34.873,35.157,34.806,35.029,65226.48
2025-10-17 17:45:00,35.036,35.433,34.835,35.192,141987.63
2025-10-17 18:00:00,35.186,35.49,35.186,35.325,88165.25
2025-10-17 18:15:00,35.313,35.65,35.212,35.493,95995.09
2025-10-17 18:30:00,35.493,35.758,35.386,35.514,93782.86
2025-10-17 18:45:00,35.507,35.621,35.016,35.094,239746.88
2025-10-17 19:00:00,35.097,35.336,35.059,35.092,122541.27
2025-10-17 19:15:00,35.093,35.164,34.752,34.839,129048.2
2025-10-17 19:30:00,34.831,34.943,34.556,34.772,169214.23
2025-10-17 19:45:00,34.772,34.922,34.637,34.852,87428.09
2025-10-17 20:00:00,34.849,35.121,34.701,35.085,55263.06
2025-10-17 20:15:00,35.086,35.384,35.039,35.325,81406.93
2025-10-17 20:30:00,35.335,35.532,35.185,35.293,119041.14
2025-10-17 20:45:00,35.293,35.468,35.259,35.283,53362.5
2025-10-17 21:00:00,35.299,35.685,35.289,35.606,105284.91
2025-10-17 21:15:00,35.617,35.637,35.374,35.513,62805.51
2025-10-17 21:30:00,35.521,35.581,35.343,35.577,62824.06
2025-10-17 21:45:00,35.577,36.012,35.569,35.858,158599.82
2025-10-17 22:00:00,35.85,36.192,35.788,35.81,144625.98
2025-10-17 22:15:00,35.812,35.879,35.662,35.708,30666.11
2025-10-17 22:30:00,35.718,35.766,35.301,35.433,173297.81
2025-10-17 22:45:00,35.456,35.576,35.395,35.526,36822.36
2025-10-17 23:00:00,35.527,35.545,35.134,35.153,56093.94
2025-10-17 23:15:00,35.154,35.358,35.125,35.25,47069.91
2025-10-17 23:30:00,35.237,35.324,35.172,35.286,16998.21
2025-10-17 23:45:00,35.293,35.54,35.264,35.496,118413.61
2025-10-18 00:00:00,35.497,35.611,35.026,35.066,205790.01
2025-10-18 00:15:00,35.066,35.383,35.059,35.339,62084.73
2025-10-18 00:30:00,35.344,35.409,35.2,35.338,35828.98
2025-10-18 00:45:00,35.34,35.352,35.195,35.219,15322.53
2025-10-18 01:00:00,35.218,35.365,35.17,35.256,60650.76
2025-10-18 01:15:00,35.267,35.712,35.183,35.712,94471.39
2025-10-18 01:30:00,35.713,35.738,35.507,35.531,29791.81
2025-10-18 01:45:00,35.528,35.664,35.404,35.527,36240.73
2025-10-18 02:00:00,35.526,35.611,35.316,35.409,42501.05
2025-10-18 02:15:00,35.41,35.41,35.221,35.335,38121.33
2025-10-18 02:30:00,35.339,35.526,35.2,35.205,28993.72
2025-10-18 02:45:00,35.212,35.246,35.001,35.101,76054.35
2025-10-18 03:00:00,35.096,35.263,35.092,35.219,36259.57
2025-10-18 03:15:00,35.219,35.314,35.179,35.275,19990.94
2025-10-18 03:30:00,35.283,35.403,35.16,35.189,23790.76
2025-10-18 03:45:00,35.196,35.297,35.151,35.212,21726.36
2025-10-18 04:00:00,35.213,35.218,34.819,34.906,44703.02
2025-10-18 04:15:00,34.907,34.952,34.829,34.927,36044.25
2025-10-18 04:30:00,34.916,34.954,34.65,34.705,59817.49
2025-10-18 04:45:00,34.717,34.763,34.618,34.651,26384.03
2025-10-18 05:00:00,34.657,34.917,34.648,34.906,32051.61
2025-10-18 05:15:00,34.906,34.937,34.828,34.837,35961.57
2025-10-18 05:30:00,34.837,34.949,34.732,34.94,31298.26
2025-10-18 05:45:00,34.947,35.247,34.936,35.078,69049.87
2025-10-18 06:00:00,35.088,35.25,34.877,35.2,50364.62
2025-10-18 06:15:00,35.207,35.227,35.016,35.119,26714.72
2025-10-18 06:30:00,35.119,35.131,34.907,34.987,40517.19
2025-10-18 06:45:00,34.981,35.213,34.932,35.093,25589.5
2025-10-18 07:00:00,35.095,35.765,35.081,35.633,144581.73
2025-10-18 07:15:00,35.635,35.644,35.254,35.379,76539.72
2025-10-18 07:30:00,35.379,35.545,35.324,35.539,36859.58
2025-10-18 07:45:00,35.536,35.657,35.26,35.325,49142.17
2025-10-18 08:00:00,35.323,35.636,35.298,35.624,30085.49
2025-10-18 08:15:00,35.607,36.288,35.553,36.21,154199.31
2025-10-18 08:30:00,36.206,36.293,36.155,36.213,72987.85
2025-10-18 08:45:00,36.214,36.214,35.946,35.964,43608.13
2025-10-18 09:00:00,35.965,36.021,35.778,35.825,33420.32
2025-10-18 09:15:00,35.825,36.075,35.708,35.938,46807.7
2025-10-18 09:30:00,35.938,36.227,35.848,36.21,46468.37
2025-10-18 09:45:00,36.206,36.29,36.062,36.248,40116.43
2025-10-18 10:00:00,36.248,36.297,36.134,36.164,85559.33
2025-10-18 10:15:00,36.157,36.166,35.986,36.146,63791.79
2025-10-18 10:30:00,36.146,36.226,36.044,36.05,69025.67
2025-10-18 10:45:00,36.05,36.091,35.779,35.95,76753.58
2025-10-18 11:00:00,35.951,36.015,35.753,35.971,84947.8
2025-10-18 11:15:00,35.972,36.053,35.772,35.849,45518.39
2025-10-18 11:30:00,35.85,35.997,35.777,35.962,33042.37
2025-10-18 11:45:00,35.963,36.021,35.773,35.996,52421.01
2025-10-18 12:00:00,36.017,36.1,35.886,36.03,31784.51
2025-10-18 12:15:00,36.031,36.135,35.969,36.011,35267.33
2025-10-18 12:30:00,36.008,36.022,35.752,35.794,30057.2
2025-10-18 12:45:00,35.799,35.862,35.652,35.676,25526.36
2025-10-18 13:00:00,35.667,35.673,35.233,35.413,110074.58
2025-10-18 13:15:00,35.415,35.415,35.121,35.265,74343.31
2025-10-18 13:30:00,35.258,35.367,35.153,35.217,41674.66
2025-10-18 13:45:00,35.224,35.377,35.101,35.23,35129.5
2025-10-18 14:00:00,35.229,35.346,35.068,35.142,47140.94
2025-10-18 14:15:00,35.141,35.385,35.136,35.363,28873.21
2025-10-18 14:30:00,35.359,35.643,35.359,35.512,68777.89
2025-10-18 14:45:00,35.512,35.668,35.484,35.644,57291.04
2025-10-18 15:00:00,35.643,35.757,35.576,35.605,25176.43
2025-10-18 15:15:00,35.605,35.883,35.478,35.483,95750.56
2025-10-18 15:30:00,35.484,35.571,35.299,35.567,43005.66
2025-10-18 15:45:00,35.566,35.626,35.431,35.495,36874.67
2025-10-18 16:00:00,35.496,35.663,35.43,35.451,38682.69
2025-10-18 16:15:00,35.454,35.476,35.168,35.18,56501.74
2025-10-18 16:30:00,35.196,35.207,34.978,35.095,72779.67
2025-10-18 16:45:00,35.094,35.313,35.076,35.198,61577.97
2025-10-18 17:00:00,35.194,35.234,35.06,35.233,53223.35
2025-10-18 17:15:00,35.233,35.624,35.213,35.556,46874.0
2025-10-18 17:30:00,35.564,35.685,35.517,35.517,54910.03
2025-10-18 17:45:00,35.518,35.975,35.517,35.927,95138.89
2025-10-18 18:00:00,35.927,36.08,35.847,35.91,151650.71
2025-10-18 18:15:00,35.908,36.135,35.896,36.135,121958.59
2025-10-18 18:30:00,36.123,36.545,36.1,36.27,276389.49
2025-10-18 18:45:00,36.285,36.285,36.1,36.24,123274.11
2025-10-18 19:00:00,36.245,36.245,35.904,35.955,96596.22
2025-10-18 19:15:00,35.955,36.549,35.95,36.214,220289.22
2025-10-18 19:30:00,36.215,36.282,36.024,36.222,163219.44
2025-10-18 19:45:00,36.221,36.259,36.031,36.162,43503.48
2025-10-18 20:00:00,36.158,36.43,36.11,36.334,118352.98
2025-10-18 20:15:00,36.334,36.8,36.286,36.728,157641.54
2025-10-18 20:30:00,36.728,36.808,36.567,36.745,98577.61
2025-10-18 20:45:00,36.746,36.85,36.151,36.256,281294.73
2025-10-18 21:00:00,36.248,36.412,35.96,36.034,156563.71
2025-10-18 21:15:00,36.034,36.184,35.869,36.183,57336.37
2025-10-18 21:30:00,36.177,36.332,36.151,36.213,44362.29
2025-10-18 21:45:00,36.213,36.411,36.192,36.29,33503.3
2025-10-18 22:00:00,36.29,36.318,36.157,36.189,16411.75
2025-10-18 22:15:00,36.203,36.588,36.183,36.588,77017.18
2025-10-18 22:30:00,36.58,36.593,36.378,36.388,41260.99
2025-10-18 22:45:00,36.388,36.507,36.324,36.506,33724.5
2025-10-18 23:00:00,36.507,36.599,36.429,36.599,36413.75
2025-10-18 23:15:00,36.6,36.698,36.505,36.642,39797.5
2025-10-18 23:30:00,36.642,36.804,36.586,36.68,52173.67
2025-10-18 23:45:00,36.68,36.922,36.665,36.883,72724.18
2025-10-19 00:00:00,36.873,36.962,36.63,36.784,81419.76
2025-10-19 00:15:00,36.782,36.833,36.553,36.586,82110.45
2025-10-19 00:30:00,36.586,36.608,36.353,36.373,73292.97
2025-10-19 00:45:00,36.373,36.559,36.275,36.489,118987.79
2025-10-19 01:00:00,36.489,36.489,36.184,36.398,82905.9
2025-10-19 01:15:00,36.404,36.65,36.392,36.508,52662.76
2025-10-19 01:30:00,36.511,36.551,36.441,36.463,17332.03
2025-10-19 01:45:00,36.463,36.574,36.463,36.51,13336.03
2025-10-19 02:00:00,36.51,36.645,36.418,36.524,31996.5
2025-10-19 02:15:00,36.533,36.637,36.491,36.537,16666.1
2025-10-19 02:30:00,36.537,36.568,36.401,36.476,13352.93
2025-10-19 02:45:00,36.475,36.486,36.384,36.388,62098.71
2025-10-19 03:00:00,36.388,36.526,36.384,36.478,30000.76
2025-10-19 03:15:00,36.476,36.757,36.46,36.741,57534.19
2025-10-19 03:30:00,36.733,36.804,36.656,36.803,50803.38
2025-10-19 03:45:00,36.803,36.962,36.773,36.932,45754.21
2025-10-19 04:00:00,36.933,36.97,36.67,36.746,32013.15
2025-10-19 04:15:00,36.745,36.841,36.68,36.747,9382.92
2025-10-19 04:30:00,36.742,36.781,36.641,36.737,16071.2
2025-10-19 04:45:00,36.736,36.768,36.641,36.746,7657.22
2025-10-19 05:00:00,36.746,36.768,36.65,36.654,18973.24
2025-10-19 05:15:00,36.649,36.787,36.514,36.589,39030.55
2025-10-19 05:30:00,36.598,36.683,36.483,36.508,37492.19
2025-10-19 05:45:00,36.499,36.499,36.131,36.244,132552.46
2025-10-19 06:00:00,36.235,36.307,36.13,36.132,27064.86
2025-10-19 06:15:00,36.132,36.232,36.053,36.184,19727.32
2025-10-19 06:30:00,36.184,36.211,35.967,36.163,32306.85
2025-10-19 06:45:00,36.169,36.216,36.04,36.08,20680.69
2025-10-19 07:00:00,36.08,36.382,36.08,36.343,41476.08
2025-10-19 07:15:00,36.343,36.47,36.331,36.368,26867.94
2025-10-19 07:30:00,36.37,36.48,36.341,36.349,9016.59
2025-10-19 07:45:00,36.351,36.451,36.309,36.441,34108.16
2025-10-19 08:00:00,36.446,36.65,36.386,36.393,147232.74
2025-10-19 08:15:00,36.396,36.771,36.032,36.422,114278.75
2025-10-19 08:30:00,36.416,36.42,36.1,36.133,37536.81
2025-10-19 08:45:00,36.138,36.301,36.067,36.134,71112.96
2025-10-19 09:00:00,36.134,36.134,35.768,36.018,69485.35
2025-10-19 09:15:00,36.018,36.136,35.751,35.771,32657.1
2025-10-19 09:30:00,35.789,36.387,35.78,36.287,46917.74
2025-10-19 09:45:00,36.306,36.793,36.223,36.559,214391.71
2025-10-19 10:00:00,36.556,36.736,36.379,36.676,58968.07
2025-10-19 10:15:00,36.665,37.214,36.572,37.129,177420.55
2025-10-19 10:30:00,37.128,37.138,36.9,37.137,51588.7
2025-10-19 10:45:00,37.137,37.198,36.989,37.192,43849.47
2025-10-19 11:00:00,37.197,37.6,37.148,37.473,108625.46
2025-10-19 11:15:00,37.469,37.597,37.269,37.283,126145.9
2025-10-19 11:30:00,37.293,37.523,37.107,37.254,248290.89
2025-10-19 11:45:00,37.26,37.38,37.084,37.319,77203.71
2025-10-19 12:00:00,37.319,37.38,36.943,37.039,46425.32
2025-10-19 12:15:00,37.033,37.089,36.948,37.041,25863.7
2025-10-19 12:30:00,37.047,37.667,37.028,37.508,206721.78
2025-10-19 12:45:00,37.509,37.509,37.172,37.309,152527.81
2025-10-19 13:00:00,37.32,37.45,37.213,37.329,68295.44
2025-10-19 13:15:00,37.328,37.462,37.249,37.43,66800.86
2025-10-19 13:30:00,37.431,38.124,37.414,37.91,201799.16
2025-10-19 13:45:00,37.91,38.148,37.719,37.999,148624.05
2025-10-19 14:00:00,37.999,38.21,37.723,38.149,104743.21
2025-10-19 14:15:00,38.149,38.39,38.025,38.294,179964.72
2025-10-19 14:30:00,38.285,38.412,38.012,38.203,192066.98
2025-10-19 14:45:00,38.201,38.261,37.955,38.177,109517.48
2025-10-19 15:00:00,38.176,38.263,38.021,38.109,87022.15
2025-10-19 15:15:00,38.119,38.35,38.084,38.226,67193.53
2025-10-19 15:30:00,38.227,38.267,38.0,38.214,84553.04
2025-10-19 15:45:00,38.212,38.374,38.21,38.276,56167.97
2025-10-19 16:00:00,38.276,38.319,37.953,38.012,166372.46
2025-10-19 16:15:00,38.013,38.074,37.749,37.917,189395.68
2025-10-19 16:30:00,37.916,38.225,37.751,38.208,77160.14
2025-10-19 16:45:00,38.208,38.224,37.878,37.931,54810.58
2025-10-19 17:00:00,37.93,38.363,37.832,38.249,105444.64
2025-10-19 17:15:00,38.248,38.42,38.095,38.208,147328.61
2025-10-19 17:30:00,38.203,38.233,37.799,37.963,177139.28
2025-10-19 17:45:00,37.969,38.05,37.874,38.031,28510.27
2025-10-19 18:00:00,38.031,38.225,38.013,38.174,86016.57
2025-10-19 18:15:00,38.174,38.225,38.047,38.155,50775.82
2025-10-19 18:30:00,38.163,38.529,38.133,38.496,122950.53
2025-10-19 18:45:00,38.496,38.535,38.206,38.283,188493.74
2025-10-19 19:00:00,38.278,38.417,37.996,38.068,96092.03
2025-10-19 19:15:00,38.075,38.133,38.029,38.086,28454.26
2025-10-19 19:30:00,38.109,38.138,37.903,37.908,86697.1
2025-10-19 19:45:00,37.908,37.931,37.555,37.821,146509.24
2025-10-19 20:00:00,37.836,37.965,37.794,37.853,53216.14
2025-10-19 20:15:00,37.862,37.948,37.718,37.774,49034.25
2025-10-19 20:30:00,37.761,37.836,37.65,37.804,42534.61
2025-10-19 20:45:00,37.804,37.903,37.696,37.754,35899.32
2025-10-19 21:00:00,37.763,37.776,37.455,37.633,112583.21
2025-10-19 21:15:00,37.635,37.635,37.51,37.539,35300.39
2025-10-19 21:30:00,37.552,37.881,37.523,37.811,78143.24
2025-10-19 21:45:00,37.81,37.958,37.681,37.946,71337.09
2025-10-19 22:00:00,37.952,38.001,37.817,37.99,20264.43
2025-10-19 22:15:00,37.99,38.039,37.834,37.959,78018.18
2025-10-19 22:30:00,37.96,38.153,37.96,38.092,46199.18
2025-10-19 22:45:00,38.095,38.1,37.86,37.862,104566.24
2025-10-19 23:00:00,37.86,37.862,37.455,37.477,121198.09
2025-10-19 23:15:00,37.476,37.669,37.398,37.66,113018.53
2025-10-19 23:30:00,37.661,37.728,37.392,37.432,57729.04
2025-10-19 23:45:00,37.432,37.455,37.349,37.39,77690.36
2025-10-20 00:00:00,37.389,37.39,37.155,37.158,115816.08
2025-10-20 00:15:00,37.158,37.203,36.866,36.952,257084.04
2025-10-20 00:30:00,36.946,37.093,36.855,37.036,157005.58
2025-10-20 00:45:00,37.019,37.211,36.96,37.196,50904.63
2025-10-20 01:00:00,37.196,37.834,37.179,37.569,200625.85
2025-10-20 01:15:00,37.571,37.604,37.166,37.29,166594.21
2025-10-20 01:30:00,37.268,37.379,37.0,37.046,107622.27
2025-10-20 01:45:00,37.049,37.076,36.85,36.87,120854.26
2025-10-20 02:00:00,36.869,36.955,36.69,36.9,138007.29
2025-10-20 02:15:00,36.897,37.146,36.864,37.123,57281.15
2025-10-20 02:30:00,37.123,37.335,37.012,37.306,59361.29
2025-10-20 02:45:00,37.306,37.41,37.179,37.227,50512.04
2025-10-20 03:00:00,37.239,37.239,36.928,37.081,108311.52
2025-10-20 03:15:00,37.078,37.306,37.062,37.299,103924.11
2025-10-20 03:30:00,37.306,37.695,37.19,37.567,116662.55
2025-10-20 03:45:00,37.567,38.348,37.567,38.276,254337.04
2025-10-20 04:00:00,38.284,38.514,38.242,38.502,148404.63
2025-10-20 04:15:00,38.502,38.514,38.223,38.369,65334.21
2025-10-20 04:30:00,38.373,38.534,38.368,38.479,54701.95
2025-10-20 04:45:00,38.477,38.534,38.348,38.511,48199.94
2025-10-20 05:00:00,38.51,38.511,38.0,38.142,167505.1
2025-10-20 05:15:00,38.146,38.558,37.872,38.531,307336.52
2025-10-20 05:30:00,38.531,38.771,38.457,38.516,364197.66
2025-10-20 05:45:00,38.516,38.811,38.515,38.599,177175.86
2025-10-20 06:00:00,38.599,38.607,38.4,38.522,176242.59
2025-10-20 06:15:00,38.525,38.707,38.406,38.428,99629.38
2025-10-20 06:30:00,38.433,38.608,38.414,38.515,76345.3
2025-10-20 06:45:00,38.517,38.667,38.453,38.591,33048.98
2025-10-20 07:00:00,38.583,38.603,38.466,38.575,63979.92
2025-10-20 07:15:00,38.575,38.789,38.502,38.702,95943.88
2025-10-20 07:30:00,38.701,38.828,38.631,38.671,66045.72
2025-10-20 07:45:00,38.673,38.704,38.305,38.428,103450.0
2025-10-20 08:00:00,38.424,38.66,38.255,38.625,85844.12
2025-10-20 08:15:00,38.631,38.725,38.466,38.714,47882.63
2025-10-20 08:30:00,38.714,39.219,38.676,39.205,254441.16
2025-10-20 08:45:00,39.19,39.213,38.492,38.547,258090.01
2025-10-20 09:00:00,38.546,38.625,38.29,38.576,114410.93
2025-10-20 09:15:00,38.576,38.601,38.351,38.426,49016.28
2025-10-20 09:30:00,38.419,38.496,38.32,38.387,13568.67
2025-10-20 09:45:00,38.38,38.475,38.292,38.459,12884.02
2025-10-20 10:00:00,38.46,38.611,38.408,38.411,30660.4
2025-10-20 10:15:00,38.411,38.555,38.343,38.548,24700.51
2025-10-20 10:30:00,38.548,38.805,38.3,38.336,166178.75
2025-10-20 10:45:00,38.332,38.336,38.043,38.212,69207.88
2025-10-20 11:00:00,38.211,38.217,37.938,37.969,60902.13
2025-10-20 11:15:00,37.969,38.061,37.938,37.972,102251.39
2025-10-20 11:30:00,37.973,38.219,37.899,38.207,86434.36
2025-10-20 11:45:00,38.207,38.437,38.196,38.413,84687.84
2025-10-20 12:00:00,38.406,38.567,38.348,38.435,65690.38
2025-10-20 12:15:00,38.434,38.873,38.407,38.862,98053.69
2025-10-20 12:30:00,38.862,38.867,38.385,38.449,147295.29
2025-10-20 12:45:00,38.461,38.884,38.439,38.839,116482.13
2025-10-20 13:00:00,38.839,38.989,38.634,38.642,99743.48
2025-10-20 13:15:00,38.642,38.929,38.633,38.857,26044.35
2025-10-20 13:30:00,38.858,39.109,38.755,38.979,134592.23
2025-10-20 13:45:00,38.977,39.342,38.976,39.191,185790.88
2025-10-20 14:00:00,39.192,39.226,38.931,39.14,154402.75
2025-10-20 14:15:00,39.14,39.244,38.67,39.228,179592.83
2025-10-20 14:30:00,39.229,39.35,38.951,39.098,131941.52
2025-10-20 14:45:00,39.098,39.38,39.093,39.333,61650.62
2025-10-20 15:00:00,39.331,39.58,39.205,39.242,157512.59
2025-10-20 15:15:00,39.243,39.286,39.09,39.18,105678.45
2025-10-20 15:30:00,39.18,39.304,39.027,39.225,87027.44
2025-10-20 15:45:00,39.226,39.356,38.823,38.841,105757.72
2025-10-20 16:00:00,38.836,38.882,38.143,38.694,421512.21
2025-10-20 16:15:00,38.692,38.704,38.442,38.532,162122.05
2025-10-20 16:30:00,38.534,38.543,38.0,38.07,308348.6
2025-10-20 16:45:00,38.07,38.449,37.748,38.29,392882.41
2025-10-20 17:00:00,38.291,38.846,37.897,37.957,431416.31
2025-10-20 17:15:00,37.965,38.137,37.801,37.909,172084.86
2025-10-20 17:30:00,37.92,37.954,37.55,37.668,201138.47
2025-10-20 17:45:00,37.668,38.014,37.62,37.692,199222.22
2025-10-20 18:00:00,37.696,37.97,37.605,37.76,189200.64
2025-10-20 18:15:00,37.76,37.944,37.48,37.905,237022.09
2025-10-20 18:30:00,37.905,38.026,37.83,38.019,115309.08
2025-10-20 18:45:00,38.018,38.251,37.965,38.148,56848.77
2025-10-20 19:00:00,38.148,38.17,37.848,37.928,40555.91
2025-10-20 19:15:00,37.93,37.987,37.653,37.897,53401.41
2025-10-20 19:30:00,37.897,37.955,37.696,37.955,27768.45
2025-10-20 19:45:00,37.955,38.05,37.907,37.972,31598.1
2025-10-20 20:00:00,37.971,38.4,37.786,38.236,76865.57
2025-10-20 20:15:00,38.237,38.265,38.148,38.215,27223.25
2025-10-20 20:30:00,38.215,38.215,38.06,38.182,68714.39
2025-10-20 20:45:00,38.189,38.33,38.046,38.259,83391.73
2025-10-20 21:00:00,38.264,38.464,38.201,38.385,39467.66
2025-10-20 21:15:00,38.385,38.385,37.81,37.813,149266.65
2025-10-20 21:30:00,37.814,37.814,37.535,37.629,66691.91
2025-10-20 21:45:00,37.63,37.734,37.544,37.665,50593.9
2025-10-20 22:00:00,37.666,37.911,37.64,37.883,39902.82
2025-10-20 22:15:00,37.882,37.965,37.801,37.835,19995.3
2025-10-20 22:30:00,37.835,38.085,37.825,38.069,24485.48
2025-10-20 22:45:00,38.07,38.099,37.949,38.059,21439.98
2025-10-20 23:00:00,38.04,38.075,37.865,37.928,25104.54
2025-10-20 23:15:00,37.928,38.077,37.901,38.077,15655.83
2025-10-20 23:30:00,38.077,38.094,37.964,37.975,14584.52
2025-10-20 23:45:00,37.974,38.062,37.815,37.942,31313.41
2025-10-21 00:00:00,37.932,37.956,37.61,37.612,58307.94
2025-10-21 00:15:00,37.624,37.888,37.622,37.881,36074.25
2025-10-21 00:30:00,37.88,38.074,37.834,38.015,30933.21
2025-10-21 00:45:00,38.016,38.066,37.91,37.961,37611.69
2025-10-21 01:00:00,37.971,38.061,37.749,37.749,37687.16
2025-10-21 01:15:00,37.75,37.966,37.75,37.942,17083.57
2025-10-21 01:30:00,37.942,37.955,37.679,37.834,36746.7
2025-10-21 01:45:00,37.835,37.867,37.321,37.495,110982.88
2025-10-21 02:00:00,37.497,37.529,37.203,37.359,87033.33
2025-10-21 02:15:00,37.364,37.427,37.207,37.384,61612.65
2025-10-21 02:30:00,37.371,37.46,37.282,37.328,47603.51
2025-10-21 02:45:00,37.324,37.396,37.19,37.19,44798.08
2025-10-21 03:00:00,37.206,37.297,37.124,37.138,51418.26
2025-10-21 03:15:00,37.132,37.276,37.125,37.184,47107.24
2025-10-21 03:30:00,37.184,37.272,37.096,37.173,33206.86
2025-10-21 03:45:00,37.187,37.207,37.064,37.085,37473.63
2025-10-21 04:00:00,37.089,37.132,36.656,36.879,307312.42
2025-10-21 04:15:00,36.884,37.059,36.799,37.043,165057.0
2025-10-21 04:30:00,37.044,37.045,36.152,36.177,376849.47
2025-10-21 04:45:00,36.177,36.305,36.1,36.224,133841.07
2025-10-21 05:00:00,36.232,36.286,35.815,36.066,340011.1
2025-10-21 05:15:00,36.067,36.128,35.879,36.127,147198.98
2025-10-21 05:30:00,36.127,36.216,35.579,35.593,369820.09
2025-10-21 05:45:00,35.584,35.696,35.377,35.599,340794.7
2025-10-21 06:00:00,35.599,35.662,35.457,35.6,98355.64
2025-10-21 06:15:00,35.601,35.943,35.564,35.826,230927.83
2025-10-21 06:30:00,35.815,35.981,35.793,35.867,121658.74
2025-10-21 06:45:00,35.857,36.135,35.833,35.901,107721.15
2025-10-21 07:00:00,35.884,35.902,35.463,35.537,262404.83
2025-10-21 07:15:00,35.537,36.0,35.527,35.811,201378.01
2025-10-21 07:30:00,35.807,35.996,35.807,35.912,72820.97
2025-10-21 07:45:00,35.912,36.106,35.9,36.024,68301.59
2025-10-21 08:00:00,36.009,36.012,35.67,35.714,101581.11
2025-10-21 08:15:00,35.714,35.782,35.578,35.592,93899.69
2025-10-21 08:30:00,35.592,35.592,35.401,35.415,175875.71
2025-10-21 08:45:00,35.425,35.813,35.42,35.718,38632.13
2025-10-21 09:00:00,35.718,35.718,35.515,35.594,40626.83
2025-10-21 09:15:00,35.591,35.777,35.554,35.752,47755.81
2025-10-21 09:30:00,35.726,35.9,35.7,35.787,54349.52
2025-10-21 09:45:00,35.79,35.848,35.732,35.792,22638.63
2025-10-21 10:00:00,35.792,35.872,35.727,35.792,25479.14
2025-10-21 10:15:00,35.793,35.865,35.598,35.606,66525.7
2025-10-21 10:30:00,35.607,35.923,35.598,35.799,52636.81
2025-10-21 10:45:00,35.797,36.253,35.797,35.889,100491.56
2025-10-21 11:00:00,35.889,35.929,35.686,35.739,52387.16
2025-10-21 11:15:00,35.739,35.82,35.658,35.678,107656.52
2025-10-21 11:30:00,35.677,35.883,35.638,35.86,43011.74
2025-10-21 11:45:00,35.86,36.2,35.86,36.112,83327.52
2025-10-21 12:00:00,36.113,36.15,35.929,36.14,74946.33
2025-10-21 12:15:00,36.133,36.608,36.13,36.47,192727.71
2025-10-21 12:30:00,36.471,36.838,36.44,36.83,127941.66
2025-10-21 12:45:00,36.829,36.87,36.444,36.473,220537.97
2025-10-21 13:00:00,36.473,36.581,35.921,36.318,248837.69
2025-10-21 13:15:00,36.315,36.377,36.143,36.344,87646.24
2025-10-21 13:30:00,36.351,36.36,35.974,36.161,140256.41
2025-10-21 13:45:00,36.148,36.148,35.802,35.997,107586.68
2025-10-21 14:00:00,35.998,36.65,35.963,36.54,210667.36
2025-10-21 14:15:00,36.54,37.057,36.422,36.721,257936.29
2025-10-21 14:30:00,36.72,37.28,36.72,37.034,244934.78
2025-10-21 14:45:00,37.041,37.838,36.894,37.795,633836.51
2025-10-21 15:00:00,37.795,38.275,37.318,38.022,687103.32
2025-10-21 15:15:00,38.024,38.229,37.866,38.009,186807.35
2025-10-21 15:30:00,38.002,38.174,37.592,38.149,279797.99
2025-10-21 15:45:00,38.149,38.301,37.731,37.881,221621.99
2025-10-21 16:00:00,37.877,38.24,37.701,38.187,204196.62
2025-10-21 16:15:00,38.192,38.38,37.966,38.251,111821.35
2025-10-21 16:30:00,38.26,38.338,37.829,37.931,232653.2
2025-10-21 16:45:00,37.93,38.008,37.165,37.298,288548.4
2025-10-21 17:00:00,37.293,37.626,37.16,37.249,371453.18
2025-10-21 17:15:00,37.249,37.35,36.843,37.332,493867.68
2025-10-21 17:30:00,37.333,37.756,37.258,37.686,200562.08
2025-10-21 17:45:00,37.687,37.745,37.354,37.418,65726.99
2025-10-21 18:00:00,37.417,37.531,36.923,36.99,147342.15
2025-10-21 18:15:00,36.989,37.152,36.942,36.951,162042.3
2025-10-21 18:30:00,36.959,37.01,36.796,36.963,157871.45
2025-10-21 18:45:00,36.964,37.21,36.95,37.105,75549.74
2025-10-21 19:00:00,37.105,37.147,37.038,37.143,107229.47
2025-10-21 19:15:00,37.14,37.14,36.867,36.965,77402.52
2025-10-21 19:30:00,36.965,37.06,36.85,37.016,59494.82
2025-10-21 19:45:00,37.017,37.144,36.917,36.933,36972.64
2025-10-21 20:00:00,36.933,37.047,36.567,36.701,108211.01
2025-10-21 20:15:00,36.702,36.742,36.385,36.487,219017.48
2025-10-21 20:30:00,36.491,36.51,36.172,36.294,156893.26
2025-10-21 20:45:00,36.305,36.403,36.12,36.226,113765.27
2025-10-21 21:00:00,36.227,36.399,36.155,36.307,78713.12
2025-10-21 21:15:00,36.308,36.323,35.734,35.849,326835.58
2025-10-21 21:30:00,35.855,36.162,35.822,36.135,73049.21
2025-10-21 21:45:00,36.135,36.756,36.014,36.733,312697.04
2025-10-21 22:00:00,36.736,36.743,36.018,36.08,167897.83
2025-10-21 22:15:00,36.078,36.206,35.834,35.936,111545.58
2025-10-21 22:30:00,35.937,36.079,35.62,35.874,239310.38
2025-10-21 22:45:00,35.879,36.046,35.632,35.701,71006.88
2025-10-21 23:00:00,35.699,35.889,35.635,35.726,60204.98
2025-10-21 23:15:00,35.727,35.83,35.523,35.591,91890.62
2025-10-21 23:30:00,35.583,35.583,35.171,35.383,343130.12
2025-10-21 23:45:00,35.382,35.53,35.281,35.385,64285.3
2025-10-22 00:00:00,35.376,35.598,35.316,35.403,88227.18
2025-10-22 00:15:00,35.404,35.419,35.091,35.14,117971.37
2025-10-22 00:30:00,35.154,35.359,34.838,34.929,310889.0
2025-10-22 00:45:00,34.933,35.09,34.864,34.903,66755.31
2025-10-22 01:00:00,34.903,35.226,34.69,35.166,197616.24
2025-10-22 01:15:00,35.172,35.239,35.0,35.07,75512.7
2025-10-22 01:30:00,35.07,35.108,34.888,35.081,95964.49
2025-10-22 01:45:00,35.082,35.129,34.733,35.039,134950.18
2025-10-22 02:00:00,35.039,35.182,34.956,35.172,78336.62
2025-10-22 02:15:00,35.172,35.359,35.046,35.325,192050.82
2025-10-22 02:30:00,35.32,35.438,35.166,35.261,80203.89
2025-10-22 02:45:00,35.258,35.507,35.183,35.439,143559.63
2025-10-22 03:00:00,35.439,35.501,35.18,35.209,117355.18
2025-10-22 03:15:00,35.209,35.32,35.112,35.265,72731.22
2025-10-22 03:30:00,35.265,35.325,35.074,35.121,26448.57
2025-10-22 03:45:00,35.121,35.33,34.962,35.264,218114.45
2025-10-22 04:00:00,35.263,35.38,35.06,35.277,118042.41
2025-10-22 04:15:00,35.263,35.289,34.995,35.03,47047.19
2025-10-22 04:30:00,35.029,35.077,34.805,34.885,147615.13
2025-10-22 04:45:00,34.896,34.93,34.78,34.925,109299.58
2025-10-22 05:00:00,34.926,34.96,34.69,34.71,104155.58
2025-10-22 05:15:00,34.712,34.776,34.5,34.605,156323.94
2025-10-22 05:30:00,34.606,34.8,34.5,34.752,163268.84
2025-10-22 05:45:00,34.748,34.85,34.627,34.817,101857.74
2025-10-22 06:00:00,34.81,34.911,34.74,34.897,64900.54
2025-10-22 06:15:00,34.899,35.12,34.666,34.681,112452.09
2025-10-22 06:30:00,34.679,34.834,34.671,34.806,60961.44
2025-10-22 06:45:00,34.807,34.91,34.75,34.812,32507.22
2025-10-22 07:00:00,34.812,34.955,34.631,34.652,158743.6
2025-10-22 07:15:00,34.646,34.769,34.592,34.754,52901.0
2025-10-22 07:30:00,34.755,34.948,34.55,34.88,99283.6
2025-10-22 07:45:00,34.882,35.049,34.74,34.835,111627.27
2025-10-22 08:00:00,34.826,35.011,34.733,34.888,160924.95
2025-10-22 08:15:00,34.889,35.204,34.885,35.123,88930.0
2025-10-22 08:30:00,35.124,35.256,35.021,35.226,106803.56
2025-10-22 08:45:00,35.226,35.291,35.053,35.08,39746.3
2025-10-22 09:00:00,35.08,35.147,35.032,35.032,82301.94
2025-10-22 09:15:00,35.032,35.223,34.9,35.19,82083.8
2025-10-22 09:30:00,35.185,35.245,34.9,34.901,51297.67
2025-10-22 09:45:00,34.901,35.077,34.817,35.059,53577.16
2025-10-22 10:00:00,35.058,35.537,35.035,35.472,105014.44
2025-10-22 10:15:00,35.483,35.52,35.105,35.227,84838.5
2025-10-22 10:30:00,35.234,35.357,35.192,35.243,29750.05
2025-10-22 10:45:00,35.243,35.437,35.152,35.181,65428.95
2025-10-22 11:00:00,35.182,35.6,34.918,35.517,251390.37
2025-10-22 11:15:00,35.516,35.811,35.433,35.65,117127.94
2025-10-22 11:30:00,35.649,36.171,35.649,35.895,276883.72
2025-10-22 11:45:00,35.895,36.007,35.749,35.883,99710.13
2025-10-22 12:00:00,35.883,36.1,35.759,36.009,177927.28
2025-10-22 12:15:00,36.008,36.49,36.006,36.268,215593.78
2025-10-22 12:30:00,36.273,36.391,36.011,36.239,144928.78
2025-10-22 12:45:00,36.234,36.277,35.992,36.08,141455.85
2025-10-22 13:00:00,36.08,36.47,36.004,36.317,123210.61
2025-10-22 13:15:00,36.316,36.317,36.091,36.15,112670.38
2025-10-22 13:30:00,36.167,36.303,35.832,36.079,170214.08
2025-10-22 13:45:00,36.079,36.5,35.941,36.433,177342.44
2025-10-22 14:00:00,36.419,36.429,36.058,36.296,202515.28
2025-10-22 14:15:00,36.27,36.411,35.757,35.799,226540.24
2025-10-22 14:30:00,35.79,36.0,35.648,35.789,167262.73
2025-10-22 14:45:00,35.788,36.181,35.65,36.13,305352.71
2025-10-22 15:00:00,36.13,36.411,35.95,36.081,188091.6
2025-10-22 15:15:00,36.081,36.147,35.779,35.9,115107.55
2025-10-22 15:30:00,35.9,36.5,35.864,36.487,202758.84
2025-10-22 15:45:00,36.486,36.681,36.329,36.383,132755.88
2025-10-22 16:00:00,36.382,36.687,36.096,36.182,173900.72
2025-10-22 16:15:00,36.192,36.37,36.05,36.292,105368.88
2025-10-22 16:30:00,36.293,36.36,35.876,36.056,170654.97
2025-10-22 16:45:00,36.055,36.198,35.857,35.999,86939.15
2025-10-22 17:00:00,36.016,36.177,35.968,36.082,53054.09
2025-10-22 17:15:00,36.087,36.352,35.83,35.997,194702.45
2025-10-22 17:30:00,35.996,36.087,35.828,35.85,75120.77
2025-10-22 17:45:00,35.848,35.955,35.608,35.756,122360.21
2025-10-22 18:00:00,35.74,35.992,35.725,35.768,44988.39
2025-10-22 18:15:00,35.753,35.869,35.608,35.752,168180.66
2025-10-22 18:30:00,35.734,35.89,35.614,35.697,142435.45
2025-10-22 18:45:00,35.696,35.89,35.65,35.883,68400.4
2025-10-22 19:00:00,35.885,36.787,35.862,36.486,396239.62
2025-10-22 19:15:00,36.482,36.72,36.443,36.457,150682.84
2025-10-22 19:30:00,36.458,36.605,36.032,36.119,295127.09
2025-10-22 19:45:00,36.112,36.126,35.72,36.078,195788.15
2025-10-22 20:00:00,36.077,36.133,35.852,35.908,135949.71
2025-10-22 20:15:00,35.9,35.928,35.656,35.74,61075.18
2025-10-22 20:30:00,35.74,36.034,35.639,35.997,90541.68
2025-10-22 20:45:00,36.006,36.007,35.193,35.316,280183.5
2025-10-22 21:00:00,35.317,35.43,34.928,35.226,391283.18
2025-10-22 21:15:00,35.227,35.402,34.949,34.967,164839.68
2025-10-22 21:30:00,34.959,35.222,34.887,35.012,113884.35
2025-10-22 21:45:00,35.012,35.161,34.818,34.844,110073.91
2025-10-22 22:00:00,34.844,35.181,34.768,35.163,163273.65
2025-10-22 22:15:00,35.162,35.181,34.851,34.989,91334.98
2025-10-22 22:30:00,34.996,35.144,34.926,35.103,34924.51
2025-10-22 22:45:00,35.092,35.88,34.864,35.074,313028.0
2025-10-22 23:00:00,35.074,35.588,35.048,35.371,111784.12
2025-10-22 23:15:00,35.371,36.038,35.36,36.006,231520.02
2025-10-22 23:30:00,36.007,36.866,36.004,36.382,354954.02
2025-10-22 23:45:00,36.382,36.546,36.078,36.226,143045.37
2025-10-23 00:00:00,36.246,36.756,36.166,36.657,210707.14
2025-10-23 00:15:00,36.657,36.762,36.397,36.46,103209.65
2025-10-23 00:30:00,36.46,36.79,36.441,36.625,115442.27
2025-10-23 00:45:00,36.647,36.791,36.538,36.791,177492.09
2025-10-23 01:00:00,36.791,37.41,36.746,37.053,539407.37
2025-10-23 01:15:00,37.056,37.794,37.049,37.773,289170.05
2025-10-23 01:30:00,37.795,37.92,37.569,37.866,234389.01
2025-10-23 01:45:00,37.866,38.0,37.732,37.834,179146.04
2025-10-23 02:00:00,37.834,37.941,37.541,37.809,198913.56
2025-10-23 02:15:00,37.808,37.878,37.629,37.767,120699.17
2025-10-23 02:30:00,37.767,38.201,37.751,38.17,220786.14
2025-10-23 02:45:00,38.17,38.473,37.945,38.445,273510.53
2025-10-23 03:00:00,38.446,38.482,38.112,38.123,187487.17
2025-10-23 03:15:00,38.123,38.398,38.072,38.219,123039.58
2025-10-23 03:30:00,38.213,38.234,37.69,37.748,241432.75
2025-10-23 03:45:00,37.739,37.935,37.67,37.735,123945.36
2025-10-23 04:00:00,37.741,37.789,37.339,37.488,170546.09
2025-10-23 04:15:00,37.482,37.909,37.403,37.822,125122.55
2025-10-23 04:30:00,37.826,37.852,37.435,37.721,246467.77
2025-10-23 04:45:00,37.72,37.882,37.4,37.401,162407.18
2025-10-23 05:00:00,37.406,37.48,37.001,37.4,372414.59
2025-10-23 05:15:00,37.396,37.593,37.365,37.591,119694.13
2025-10-23 05:30:00,37.572,37.734,37.571,37.718,117648.74
2025-10-23 05:45:00,37.719,38.152,37.718,38.141,199185.06
2025-10-23 06:00:00,38.149,38.342,38.049,38.103,236195.33
2025-10-23 06:15:00,38.104,38.687,38.103,38.57,384051.83
2025-10-23 06:30:00,38.561,39.081,38.505,38.962,312779.38
2025-10-23 06:45:00,38.965,39.188,38.914,39.134,278571.98
2025-10-23 07:00:00,39.129,39.159,38.82,38.849,164134.22
2025-10-23 07:15:00,38.863,38.999,38.64,38.689,224264.68
2025-10-23 07:30:00,38.69,38.854,38.5,38.816,270171.85
2025-10-23 07:45:00,38.815,39.15,38.776,38.893,224111.01
2025-10-23 08:00:00,38.909,39.104,38.882,39.03,110264.66
2025-10-23 08:15:00,39.026,39.186,38.846,38.965,143438.52
2025-10-23 08:30:00,38.966,38.993,38.728,38.901,70299.95
2025-10-23 08:45:00,38.901,39.063,38.745,39.063,70202.84
2025-10-23 09:00:00,39.064,39.078,38.86,38.893,42424.4
2025-10-23 09:15:00,38.892,39.126,38.892,39.113,117506.48
2025-10-23 09:30:00,39.116,39.169,38.956,39.072,180859.61
2025-10-23 09:45:00,39.067,39.18,39.016,39.134,86709.45
2025-10-23 10:00:00,39.135,39.49,39.081,39.292,293766.54
2025-10-23 10:15:00,39.294,39.443,39.143,39.4,146968.19
2025-10-23 10:30:00,39.4,39.451,39.205,39.308,146049.74
2025-10-23 10:45:00,39.302,39.446,39.217,39.237,45704.15
2025-10-23 11:00:00,39.244,39.256,39.053,39.19,71222.41
2025-10-23 11:15:00,39.19,39.19,38.957,39.075,120010.35
2025-10-23 11:30:00,39.076,39.101,38.785,38.864,122589.67
2025-10-23 11:45:00,38.864,38.864,38.582,38.639,232703.13
2025-10-23 12:00:00,38.639,38.75,38.51,38.668,170337.54
2025-10-23 12:15:00,38.66,39.564,38.618,39.164,762483.06
2025-10-23 12:30:00,39.234,39.605,39.137,39.579,483366.58
2025-10-23 12:45:00,39.568,40.444,39.489,40.379,717892.26
2025-10-23 13:00:00,40.37,40.387,39.798,40.286,640690.97
2025-10-23 13:15:00,40.288,40.396,39.69,39.999,311290.19
2025-10-23 13:30:00,40.0,40.672,39.869,40.481,362155.96
2025-10-23 13:45:00,40.484,40.553,40.099,40.244,207771.19
2025-10-23 14:00:00,40.261,40.311,39.619,39.681,223878.04
2025-10-23 14:15:00,39.68,40.257,39.54,40.103,292977.45
2025-10-23 14:30:00,40.101,40.819,40.06,40.627,414968.96
2025-10-23 14:45:00,40.626,40.758,40.327,40.435,198477.35
2025-10-23 15:00:00,40.436,40.791,40.334,40.526,244171.67
2025-10-23 15:15:00,40.532,40.606,39.524,39.964,606642.44
2025-10-23 15:30:00,39.964,40.152,39.846,40.023,203041.41
2025-10-23 15:45:00,40.023,40.126,40.0,40.011,142014.18
2025-10-23 16:00:00,40.004,40.342,40.0,40.083,178371.54
2025-10-23 16:15:00,40.083,40.21,40.001,40.01,145660.08
2025-10-23 16:30:00,40.009,40.108,39.551,39.766,234119.27
2025-10-23 16:45:00,39.765,40.071,39.732,39.804,90178.95
2025-10-23 17:00:00,39.805,39.807,39.456,39.509,114347.71
2025-10-23 17:15:00,39.511,39.656,39.25,39.39,241408.25
2025-10-23 17:30:00,39.391,39.98,39.358,39.671,146544.02
2025-10-23 17:45:00,39.677,39.79,39.525,39.586,210756.43
2025-10-23 18:00:00,39.587,39.69,39.274,39.301,124135.05
2025-10-23 18:15:00,39.304,39.423,39.26,39.285,44257.32
2025-10-23 18:30:00,39.292,39.43,39.25,39.277,131549.38
2025-10-23 18:45:00,39.277,39.432,39.222,39.429,113280.3
2025-10-23 19:00:00,39.428,39.432,39.08,39.291,73288.48
2025-10-23 19:15:00,39.284,39.47,39.184,39.422,67377.31
2025-10-23 19:30:00,39.418,39.609,39.242,39.499,113883.21
2025-10-23 19:45:00,39.501,39.679,39.327,39.453,55587.75
2025-10-23 20:00:00,39.453,39.5,39.265,39.368,73822.61
2025-10-23 20:15:00,39.369,39.382,39.044,39.129,97654.44
2025-10-23 20:30:00,39.134,39.252,39.05,39.099,37273.07
2025-10-23 20:45:00,39.098,39.246,38.89,39.082,119135.17
2025-10-23 21:00:00,39.073,39.251,38.952,39.243,45939.07
2025-10-23 21:15:00,39.243,39.543,39.073,39.53,82649.09
2025-10-23 21:30:00,39.531,39.684,39.487,39.673,67737.99
2025-10-23 21:45:00,39.673,39.943,39.644,39.894,67932.95
2025-10-23 22:00:00,39.893,40.218,39.861,39.894,99867.82
2025-10-23 22:15:00,39.894,40.062,39.868,40.014,33870.38
2025-10-23 22:30:00,40.013,40.177,40.011,40.072,79779.66
2025-10-23 22:45:00,40.07,40.163,39.905,40.019,83390.55
2025-10-23 23:00:00,40.018,40.207,40.0,40.177,36332.21
2025-10-23 23:15:00,40.176,40.283,40.0,40.256,39705.16
2025-10-23 23:30:00,40.257,40.275,40.16,40.207,26432.73
2025-10-23 23:45:00,40.207,40.25,40.054,40.249,40924.06
2025-10-24 00:00:00,40.25,40.332,40.028,40.286,51196.03
2025-10-24 00:15:00,40.286,40.475,40.142,40.213,127249.38
2025-10-24 00:30:00,40.213,40.371,40.14,40.166,52836.06
2025-10-24 00:45:00,40.166,40.5,40.166,40.287,128041.95
2025-10-24 01:00:00,40.271,40.395,40.049,40.095,65098.67
2025-10-24 01:15:00,40.095,40.137,39.789,39.872,86667.73
2025-10-24 01:30:00,39.868,40.071,39.848,39.975,44026.56
2025-10-24 01:45:00,39.975,40.135,39.944,40.024,54719.66
2025-10-24 02:00:00,40.043,40.056,39.9,39.915,35095.08
2025-10-24 02:15:00,39.909,39.952,39.604,39.642,76319.06
2025-10-24 02:30:00,39.641,39.849,39.641,39.821,37593.59
2025-10-24 02:45:00,39.821,39.896,39.613,39.642,101064.63
2025-10-24 03:00:00,39.638,39.71,39.381,39.448,60361.66
2025-10-24 03:15:00,39.444,39.453,39.131,39.268,74084.07
2025-10-24 03:30:00,39.269,39.371,39.133,39.307,43288.87
2025-10-24 03:45:00,39.307,39.533,39.205,39.513,50136.45
2025-10-24 04:00:00,39.523,39.62,39.331,39.558,37896.31
2025-10-24 04:15:00,39.555,40.038,39.499,40.03,202497.24
2025-10-24 04:30:00,40.023,40.299,39.975,40.22,245291.88
2025-10-24 04:45:00,40.199,40.465,40.172,40.344,199054.93
2025-10-24 05:00:00,40.334,40.636,40.039,40.358,278112.85
2025-10-24 05:15:00,40.365,40.412,40.229,40.314,40934.69
2025-10-24 05:30:00,40.305,40.499,40.26,40.422,50149.52
2025-10-24 05:45:00,40.414,40.608,40.406,40.587,38460.61
2025-10-24 06:00:00,40.608,40.653,40.344,40.363,76049.36
2025-10-24 06:15:00,40.362,40.499,40.314,40.498,35363.63
2025-10-24 06:30:00,40.498,40.54,40.332,40.375,25303.36
2025-10-24 06:45:00,40.381,40.873,40.204,40.823,201392.29
2025-10-24 07:00:00,40.822,40.955,40.607,40.626,142290.22
2025-10-24 07:15:00,40.632,40.675,40.426,40.589,62944.76
2025-10-24 07:30:00,40.59,40.789,40.55,40.698,67617.7
2025-10-24 07:45:00,40.715,40.715,40.312,40.671,118708.23
2025-10-24 08:00:00,40.659,40.659,40.33,40.477,53683.29
2025-10-24 08:15:00,40.478,40.489,40.262,40.287,66145.09
2025-10-24 08:30:00,40.291,40.594,40.258,40.556,37368.06
2025-10-24 08:45:00,40.56,40.686,40.431,40.433,46650.16
2025-10-24 09:00:00,40.435,40.621,40.367,40.489,79002.82
2025-10-24 09:15:00,40.489,40.521,40.349,40.382,79350.13
2025-10-24 09:30:00,40.382,40.409,40.116,40.152,52346.09
2025-10-24 09:45:00,40.155,40.234,40.054,40.119,31560.3
2025-10-24 10:00:00,40.129,40.152,39.956,40.02,39179.02
2025-10-24 10:15:00,40.022,40.036,39.747,39.756,66645.66
2025-10-24 10:30:00,39.749,39.979,39.708,39.821,87762.06
2025-10-24 10:45:00,39.812,39.877,39.628,39.78,49628.51
2025-10-24 11:00:00,39.772,39.883,39.724,39.822,35202.39
2025-10-24 11:15:00,39.822,39.834,39.665,39.779,51760.54
2025-10-24 11:30:00,39.787,39.793,39.532,39.609,60010.2
2025-10-24 11:45:00,39.61,39.71,39.554,39.678,77085.52
2025-10-24 12:00:00,39.678,39.885,39.672,39.823,128743.25
2025-10-24 12:15:00,39.826,39.864,39.639,39.849,118084.06
2025-10-24 12:30:00,39.849,40.576,39.812,40.258,345047.58
2025-10-24 12:45:00,40.258,40.258,39.79,39.865,141010.64
2025-10-24 13:00:00,39.865,39.984,39.755,39.783,59807.34
2025-10-24 13:15:00,39.776,40.008,39.77,39.851,65111.66
2025-10-24 13:30:00,39.85,39.92,39.455,39.455,137232.65
2025-10-24 13:45:00,39.455,39.815,39.314,39.74,138794.72
2025-10-24 14:00:00,39.726,39.726,39.458,39.61,123759.76
2025-10-24 14:15:00,39.617,39.623,39.112,39.275,231561.97
2025-10-24 14:30:00,39.264,39.482,39.198,39.436,121656.38
2025-10-24 14:45:00,39.436,39.457,39.236,39.404,179231.17
2025-10-24 15:00:00,39.392,39.631,39.282,39.531,88111.4
2025-10-24 15:15:00,39.531,39.607,39.379,39.544,68266.71
2025-10-24 15:30:00,39.544,39.584,39.312,39.356,84243.42
2025-10-24 15:45:00,39.348,39.348,39.05,39.221,108165.63
2025-10-24 16:00:00,39.221,39.254,39.012,39.17,83338.98
2025-10-24 16:15:00,39.17,39.264,39.049,39.134,38088.9
2025-10-24 16:30:00,39.136,39.138,38.716,38.85,475213.53
2025-10-24 16:45:00,38.85,39.115,38.776,39.113,77169.55
2025-10-24 17:00:00,39.101,39.261,38.845,38.93,143738.93
2025-10-24 17:15:00,38.929,39.166,38.901,39.077,58323.83
2025-10-24 17:30:00,39.074,39.084,38.897,38.915,58611.71
2025-10-24 17:45:00,38.915,39.026,38.845,38.946,51667.98
2025-10-24 18:00:00,38.951,39.145,38.911,39.13,43278.28
2025-10-24 18:15:00,39.127,39.278,39.057,39.088,35837.56
2025-10-24 18:30:00,39.089,39.161,38.98,39.047,113058.83
2025-10-24 18:45:00,39.05,39.074,38.927,39.022,50002.75
2025-10-24 19:00:00,39.022,39.393,38.99,39.135,149293.12
2025-10-24 19:15:00,39.139,39.359,39.132,39.298,49866.38
2025-10-24 19:30:00,39.296,39.325,39.107,39.187,48782.71
2025-10-24 19:45:00,39.183,39.246,39.074,39.207,33797.6
2025-10-24 20:00:00,39.198,39.329,39.144,39.279,38769.3
2025-10-24 20:15:00,39.266,39.565,39.249,39.516,95730.67
2025-10-24 20:30:00,39.518,39.531,39.389,39.519,27278.62
2025-10-24 20:45:00,39.512,39.618,39.431,39.535,33641.48
2025-10-24 21:00:00,39.537,39.602,39.385,39.423,28568.11
2025-10-24 21:15:00,39.422,39.686,39.422,39.577,38668.56
2025-10-24 21:30:00,39.581,39.803,39.562,39.77,35908.18
2025-10-24 21:45:00,39.771,39.812,39.675,39.729,57170.74
2025-10-24 22:00:00,39.729,39.768,39.55,39.594,70661.92
2025-10-24 22:15:00,39.585,39.639,39.528,39.58,17891.68
2025-10-24 22:30:00,39.581,39.623,39.384,39.394,49283.24
2025-10-24 22:45:00,39.394,39.394,39.213,39.259,59428.74
2025-10-24 23:00:00,39.246,39.295,39.16,39.187,27635.76
2025-10-24 23:15:00,39.168,39.345,39.067,39.308,67923.07
2025-10-24 23:30:00,39.311,39.364,39.212,39.247,29300.29
2025-10-24 23:45:00,39.247,39.384,39.247,39.325,29589.96
2025-10-25 00:00:00,39.324,39.333,39.159,39.159,22704.09
2025-10-25 00:15:00,39.173,39.24,39.093,39.16,35550.93
2025-10-25 00:30:00,39.175,39.179,38.964,39.024,76074.66
2025-10-25 00:45:00,39.014,39.128,38.891,38.972,44151.9
2025-10-25 01:00:00,38.974,39.056,38.918,39.054,20753.09
2025-10-25 01:15:00,39.053,39.373,38.995,39.363,39012.63
2025-10-25 01:30:00,39.364,39.461,39.199,39.249,34368.73
2025-10-25 01:45:00,39.262,39.334,39.205,39.285,22453.43
2025-10-25 02:00:00,39.275,39.42,39.267,39.388,28040.18
2025-10-25 02:15:00,39.387,39.78,39.38,39.776,126083.93
2025-10-25 02:30:00,39.779,39.795,39.535,39.541,54445.05
2025-10-25 02:45:00,39.541,39.811,39.534,39.73,36337.87
2025-10-25 03:00:00,39.731,39.791,39.632,39.743,21004.63
2025-10-25 03:15:00,39.737,40.043,39.737,39.95,115214.86
2025-10-25 03:30:00,39.95,40.162,39.906,40.148,85969.51
2025-10-25 03:45:00,40.147,40.188,40.057,40.13,41774.5
2025-10-25 04:00:00,40.122,40.18,39.829,40.0,85034.96
2025-10-25 04:15:00,40.007,40.274,39.992,40.071,59111.22
2025-10-25 04:30:00,40.071,40.091,39.881,39.947,34435.02
2025-10-25 04:45:00,39.948,40.066,39.891,39.946,42020.96
2025-10-25 05:00:00,39.947,40.079,39.851,40.061,33715.63
2025-10-25 05:15:00,40.062,40.062,39.908,39.952,12752.73
2025-10-25 05:30:00,39.962,40.008,39.838,39.894,10425.62
2025-10-25 05:45:00,39.892,39.926,39.551,39.691,81630.8
2025-10-25 06:00:00,39.695,39.808,39.693,39.717,53436.49
2025-10-25 06:15:00,39.717,39.832,39.644,39.811,18413.55
2025-10-25 06:30:00,39.812,39.815,39.727,39.798,17692.46
2025-10-25 06:45:00,39.799,40.023,39.716,39.99,37076.33
2025-10-25 07:00:00,39.991,40.186,39.967,40.175,37579.61
2025-10-25 07:15:00,40.176,40.259,40.014,40.235,62167.97
2025-10-25 07:30:00,40.246,40.292,40.0,40.019,70395.74
2025-10-25 07:45:00,40.032,40.195,39.933,40.195,32828.84
2025-10-25 08:00:00,40.195,40.222,40.119,40.187,29576.55
2025-10-25 08:15:00,40.187,40.409,40.138,40.387,62192.73
2025-10-25 08:30:00,40.389,40.431,40.25,40.385,31806.55
2025-10-25 08:45:00,40.385,40.5,40.345,40.499,44427.57
2025-10-25 09:00:00,40.499,40.506,40.406,40.45,32474.95
2025-10-25 09:15:00,40.453,40.453,40.25,40.305,28526.7
2025-10-25 09:30:00,40.307,40.425,40.17,40.378,38890.54
2025-10-25 09:45:00,40.373,40.498,40.362,40.491,88162.29
2025-10-25 10:00:00,40.498,40.518,40.252,40.408,54924.04
2025-10-25 10:15:00,40.411,40.55,40.375,40.55,46555.37
2025-10-25 10:30:00,40.55,40.833,40.546,40.61,170068.92
2025-10-25 10:45:00,40.612,40.687,40.521,40.664,33630.46
2025-10-25 11:00:00,40.664,40.834,40.591,40.803,32137.2
2025-10-25 11:15:00,40.804,40.862,40.674,40.795,27025.65
2025-10-25 11:30:00,40.793,41.032,40.686,41.008,69969.18
2025-10-25 11:45:00,40.989,41.21,40.918,41.16,128598.74
2025-10-25 12:00:00,41.16,41.51,40.969,41.304,160603.54
2025-10-25 12:15:00,41.303,41.693,41.245,41.426,126082.65
2025-10-25 12:30:00,41.422,41.636,41.311,41.615,89682.01
2025-10-25 12:45:00,41.619,41.789,41.357,41.425,129232.99
2025-10-25 13:00:00,41.426,41.428,41.154,41.29,92451.51
2025-10-25 13:15:00,41.29,41.616,41.264,41.616,87640.64
2025-10-25 13:30:00,41.616,41.67,41.439,41.463,55070.13
2025-10-25 13:45:00,41.459,41.508,41.262,41.374,73202.17
2025-10-25 14:00:00,41.39,41.438,41.128,41.139,84663.0
2025-10-25 14:15:00,41.139,41.331,40.984,41.011,107325.33
2025-10-25 14:30:00,41.013,41.079,40.893,40.982,58915.2
2025-10-25 14:45:00,40.982,41.15,40.908,41.124,28990.38
2025-10-25 15:00:00,41.124,41.124,40.72,40.796,81077.73
2025-10-25 15:15:00,40.796,41.093,40.796,41.019,41599.31
2025-10-25 15:30:00,41.004,41.086,40.886,40.988,30317.75
2025-10-25 15:45:00,40.988,41.07,40.875,40.939,18882.76
2025-10-25 16:00:00,40.936,41.026,40.903,40.97,25283.98
2025-10-25 16:15:00,40.97,41.112,40.964,41.034,24348.8
2025-10-25 16:30:00,41.035,41.238,41.034,41.115,49666.27
2025-10-25 16:45:00,41.116,41.443,41.074,41.404,33947.32
2025-10-25 17:00:00,41.404,41.61,41.298,41.531,64753.29
2025-10-25 17:15:00,41.529,41.6,41.362,41.416,61486.76
2025-10-25 17:30:00,41.416,41.667,41.415,41.66,57679.88
2025-10-25 17:45:00,41.661,42.038,41.597,41.895,217307.84
2025-10-25 18:00:00,41.895,42.639,41.882,42.587,517362.27
2025-10-25 18:15:00,42.587,43.037,42.586,42.96,410393.54
2025-10-25 18:30:00,42.96,43.041,42.674,42.79,172056.87
2025-10-25 18:45:00,42.79,42.998,42.663,42.715,150320.62
2025-10-25 19:00:00,42.715,43.055,42.61,42.992,109669.1
2025-10-25 19:15:00,42.993,43.24,42.927,43.009,284281.7
2025-10-25 19:30:00,43.027,43.12,42.95,43.041,51560.14
2025-10-25 19:45:00,43.041,43.219,42.97,42.987,102312.16
2025-10-25 20:00:00,42.999,43.274,42.999,43.123,81140.2
2025-10-25 20:15:00,43.123,43.469,42.964,43.159,385192.56
2025-10-25 20:30:00,43.157,43.228,42.78,42.884,179088.9
2025-10-25 20:45:00,42.884,43.119,42.853,42.897,56419.23
2025-10-25 21:00:00,42.897,43.25,42.896,43.185,89102.42
2025-10-25 21:15:00,43.185,43.5,43.103,43.498,91530.58
2025-10-25 21:30:00,43.494,43.524,43.37,43.447,80254.77
2025-10-25 21:45:00,43.463,44.142,43.423,43.747,295506.61
2025-10-25 22:00:00,43.746,44.35,43.696,44.1,244951.24
2025-10-25 22:15:00,44.099,44.345,43.719,44.053,212232.63
2025-10-25 22:30:00,44.061,44.543,43.98,44.465,213597.58
2025-10-25 22:45:00,44.483,44.687,44.327,44.453,181708.96
2025-10-25 23:00:00,44.451,44.457,44.134,44.339,140031.71
2025-10-25 23:15:00,44.339,44.377,44.044,44.182,148110.33
2025-10-25 23:30:00,44.196,44.353,44.094,44.263,63870.8
2025-10-25 23:45:00,44.263,44.344,44.128,44.274,65275.92
2025-10-26 00:00:00,44.274,44.372,43.7,44.104,562359.32
2025-10-26 00:15:00,44.104,44.565,43.84,44.5,325741.76
2025-10-26 00:30:00,44.501,44.886,44.475,44.62,200478.4
2025-10-26 00:45:00,44.629,44.741,44.16,44.185,120324.82
2025-10-26 01:00:00,44.202,44.318,44.16,44.182,68396.57
2025-10-26 01:15:00,44.182,44.403,44.147,44.274,44551.71
2025-10-26 01:30:00,44.275,44.369,44.207,44.247,37669.76
2025-10-26 01:45:00,44.248,44.274,43.928,44.184,118518.27
2025-10-26 02:00:00,44.184,44.303,44.125,44.263,37450.83
2025-10-26 02:15:00,44.263,44.27,43.742,44.081,164529.0
2025-10-26 02:30:00,44.08,44.1,43.829,44.067,47611.58
2025-10-26 02:45:00,44.068,44.115,43.797,44.012,64461.48
2025-10-26 03:00:00,44.021,44.102,43.923,43.948,49440.56
2025-10-26 03:15:00,43.948,44.046,43.709,44.006,164306.43
2025-10-26 03:30:00,44.015,44.061,43.725,43.845,83072.09
2025-10-26 03:45:00,43.845,43.867,43.54,43.73,157485.32
2025-10-26 04:00:00,43.737,43.919,43.693,43.901,51343.81
2025-10-26 04:15:00,43.91,43.937,43.684,43.786,44407.1
2025-10-26 04:30:00,43.771,43.773,43.592,43.592,40444.87
2025-10-26 04:45:00,43.63,43.664,43.55,43.64,49674.64
2025-10-26 05:00:00,43.644,43.827,43.595,43.733,36069.82
2025-10-26 05:15:00,43.733,44.061,43.632,43.889,91956.9
2025-10-26 05:30:00,43.89,44.18,43.837,43.947,79312.44
2025-10-26 05:45:00,43.948,43.99,43.791,43.852,66793.13
2025-10-26 06:00:00,43.853,44.118,43.847,44.014,79018.28
2025-10-26 06:15:00,44.014,44.329,43.942,44.32,68032.05
2025-10-26 06:30:00,44.321,44.37,44.109,44.3,87853.45
2025-10-26 06:45:00,44.3,44.551,44.279,44.468,143968.03
2025-10-26 07:00:00,44.469,44.65,44.278,44.436,146855.46
2025-10-26 07:15:00,44.437,44.455,44.213,44.213,42255.38
2025-10-26 07:30:00,44.214,44.376,44.185,44.336,48944.37
2025-10-26 07:45:00,44.337,44.712,44.336,44.684,132247.24
2025-10-26 08:00:00,44.685,45.46,44.684,44.998,391400.52
2025-10-26 08:15:00,44.999,45.178,44.817,45.072,109342.3
2025-10-26 08:30:00,45.073,45.157,44.873,45.156,64510.71
2025-10-26 08:45:00,45.157,45.401,45.046,45.362,93494.03
2025-10-26 09:00:00,45.364,45.458,45.123,45.23,233824.72
2025-10-26 09:15:00,45.238,46.393,45.148,45.85,465135.79
2025-10-26 09:30:00,45.85,46.266,45.684,46.015,415487.55
2025-10-26 09:45:00,46.023,46.729,45.954,46.461,353449.63
2025-10-26 10:00:00,46.465,46.529,46.012,46.308,167543.5
2025-10-26 10:15:00,46.309,46.587,46.08,46.41,98545.78
2025-10-26 10:30:00,46.422,46.479,46.167,46.385,66230.82
2025-10-26 10:45:00,46.392,46.585,46.216,46.246,54182.49
2025-10-26 11:00:00,46.258,47.148,46.213,46.81,197763.43
2025-10-26 11:15:00,46.81,47.333,46.482,47.098,258311.3
2025-10-26 11:30:00,47.122,47.869,47.122,47.711,445731.78
2025-10-26 11:45:00,47.713,48.019,47.583,47.953,269070.1
2025-10-26 12:00:00,47.925,48.3,47.51,48.298,300382.21
2025-10-26 12:15:00,48.299,48.7,47.73,47.742,378655.59
2025-10-26 12:30:00,47.74,47.921,47.453,47.48,230488.64
2025-10-26 12:45:00,47.496,47.871,47.485,47.709,133367.5
2025-10-26 13:00:00,47.71,47.871,47.551,47.641,121064.85
2025-10-26 13:15:00,47.642,48.101,47.594,48.101,91763.3
2025-10-26 13:30:00,48.1,48.165,47.599,47.687,206538.43
2025-10-26 13:45:00,47.687,47.861,47.334,47.562,207512.49
2025-10-26 14:00:00,47.555,47.628,47.149,47.296,109507.22
2025-10-26 14:15:00,47.296,47.343,46.898,47.192,171120.43
2025-10-26 14:30:00,47.192,47.29,46.955,47.134,141981.37
2025-10-26 14:45:00,47.133,47.2,46.954,46.98,95249.97
2025-10-26 15:00:00,46.977,47.065,46.825,47.056,107312.61
2025-10-26 15:15:00,47.059,47.486,47.008,47.326,121800.64
2025-10-26 15:30:00,47.326,47.596,47.299,47.381,117267.84
2025-10-26 15:45:00,47.382,47.792,47.308,47.332,122647.33
2025-10-26 16:00:00,47.341,47.409,47.0,47.123,111024.26
2025-10-26 16:15:00,47.124,47.501,47.008,47.324,92963.23
2025-10-26 16:30:00,47.324,47.325,47.012,47.146,60149.85
2025-10-26 16:45:00,47.146,47.174,46.874,46.92,52432.06
2025-10-26 17:00:00,46.921,47.31,46.793,47.287,102757.83
2025-10-26 17:15:00,47.3,47.389,47.121,47.123,71154.11
2025-10-26 17:30:00,47.122,47.513,47.035,47.455,76334.44
2025-10-26 17:45:00,47.455,47.605,47.454,47.5,55468.82
2025-10-26 18:00:00,47.5,47.761,47.5,47.71,37928.83
2025-10-26 18:15:00,47.71,47.878,47.156,47.218,174929.68
2025-10-26 18:30:00,47.228,47.501,47.2,47.41,93492.5
2025-10-26 18:45:00,47.412,47.431,47.25,47.431,24881.66
2025-10-26 19:00:00,47.433,47.45,47.276,47.306,16717.31
2025-10-26 19:15:00,47.306,47.43,47.305,47.395,19213.19
2025-10-26 19:30:00,47.399,47.564,47.373,47.507,24584.76
2025-10-26 19:45:00,47.506,47.593,47.303,47.377,29476.42
2025-10-26 20:00:00,47.389,47.409,47.076,47.184,76812.45
2025-10-26 20:15:00,47.19,47.197,46.6,46.73,215335.27
2025-10-26 20:30:00,46.729,47.216,46.729,47.103,72224.24
2025-10-26 20:45:00,47.101,47.177,47.041,47.084,26634.37
2025-10-26 21:00:00,47.074,47.114,46.664,46.783,101876.95
2025-10-26 21:15:00,46.771,46.913,46.6,46.784,99011.6
2025-10-26 21:30:00,46.78,47.141,46.607,47.052,79281.34
2025-10-26 21:45:00,47.047,47.41,47.014,47.329,58325.81
2025-10-26 22:00:00,47.329,48.311,47.329,48.052,416534.88
2025-10-26 22:15:00,48.053,48.314,47.75,47.84,197987.38
2025-10-26 22:30:00,47.839,48.235,47.73,48.096,107500.09
2025-10-26 22:45:00,48.091,48.145,47.895,48.06,73493.21
2025-10-26 23:00:00,48.074,48.129,47.771,47.923,84249.78
2025-10-26 23:15:00,47.924,47.931,47.523,47.56,90730.38
2025-10-26 23:30:00,47.552,47.785,47.515,47.624,47148.27
2025-10-26 23:45:00,47.628,47.738,47.25,47.333,84358.37
2025-10-27 00:00:00,47.331,47.795,47.107,47.697,130873.59
2025-10-27 00:15:00,47.683,47.739,47.372,47.609,84663.39
2025-10-27 00:30:00,47.609,47.774,47.542,47.747,38013.85
2025-10-27 00:45:00,47.749,48.248,47.688,48.235,111110.75
2025-10-27 01:00:00,48.232,48.312,47.785,48.071,197943.24
2025-10-27 01:15:00,48.065,48.307,47.883,48.283,176976.44
2025-10-27 01:30:00,48.263,48.708,48.18,48.402,172986.44
2025-10-27 01:45:00,48.401,48.759,48.285,48.733,105065.82
2025-10-27 02:00:00,48.734,48.791,48.179,48.199,144705.34
2025-10-27 02:15:00,48.199,48.209,47.859,47.916,97856.53
2025-10-27 02:30:00,47.916,48.014,47.662,47.982,100102.21
2025-10-27 02:45:00,47.983,48.101,47.721,47.785,191016.58
2025-10-27 03:00:00,47.783,48.298,47.753,48.17,93734.95
2025-10-27 03:15:00,48.171,48.213,47.789,47.82,55331.83
2025-10-27 03:30:00,47.823,47.857,47.553,47.601,83213.95
2025-10-27 03:45:00,47.602,48.167,47.568,48.145,69676.38
2025-10-27 04:00:00,48.145,48.554,48.102,48.459,69846.0
2025-10-27 04:15:00,48.43,48.747,48.418,48.723,61307.72
2025-10-27 04:30:00,48.724,48.94,48.631,48.816,178904.78
2025-10-27 04:45:00,48.824,48.946,48.455,48.655,125720.18
2025-10-27 05:00:00,48.655,49.233,48.57,49.215,126823.7
2025-10-27 05:15:00,49.233,49.421,49.048,49.254,159640.14
2025-10-27 05:30:00,49.259,49.301,49.067,49.207,45396.17
2025-10-27 05:45:00,49.203,49.203,48.592,48.722,193908.77
2025-10-27 06:00:00,48.722,48.736,47.942,47.945,382249.34
2025-10-27 06:15:00,48.041,48.445,47.935,48.349,111501.72
2025-10-27 06:30:00,48.358,48.419,47.974,48.38,176544.82
2025-10-27 06:45:00,48.38,48.971,48.32,48.735,167478.73
2025-10-27 07:00:00,48.735,48.805,48.182,48.333,122447.12
2025-10-27 07:15:00,48.334,48.556,48.176,48.203,103224.36
2025-10-27 07:30:00,48.201,48.201,46.654,47.196,510127.83
2025-10-27 07:45:00,47.213,47.359,47.001,47.359,142191.23
2025-10-27 08:00:00,47.359,47.377,46.838,46.916,232147.17
2025-10-27 08:15:00,46.925,47.053,46.302,46.411,254528.75
2025-10-27 08:30:00,46.416,47.23,46.32,47.137,169731.63
2025-10-27 08:45:00,47.146,47.197,46.79,46.848,74095.53
2025-10-27 09:00:00,46.865,46.876,45.799,46.537,576418.53
2025-10-27 09:15:00,46.537,46.935,46.447,46.791,163008.56
2025-10-27 09:30:00,46.791,47.029,46.648,46.91,130187.91
2025-10-27 09:45:00,46.91,47.226,46.784,47.178,85767.91
2025-10-27 10:00:00,47.159,47.167,46.902,46.98,52593.35
2025-10-27 10:15:00,46.98,47.482,46.958,47.404,92731.97
2025-10-27 10:30:00,47.427,47.494,46.91,47.149,120651.04
2025-10-27 10:45:00,47.15,47.295,47.063,47.283,45827.31
2025-10-27 11:00:00,47.284,47.506,47.259,47.439,76500.59
2025-10-27 11:15:00,47.439,47.511,46.986,47.198,91541.83
2025-10-27 11:30:00,47.203,47.434,47.164,47.407,35017.17
2025-10-27 11:45:00,47.405,47.56,47.267,47.493,35745.18
2025-10-27 12:00:00,47.504,47.582,47.347,47.536,34751.11
2025-10-27 12:15:00,47.536,47.536,47.22,47.22,64420.77
2025-10-27 12:30:00,47.233,47.233,47.044,47.201,46576.88
2025-10-27 12:45:00,47.201,47.277,46.965,46.975,37891.59
2025-10-27 13:00:00,46.972,47.321,46.968,47.132,41726.91
2025-10-27 13:15:00,47.135,47.243,47.08,47.145,29078.76
2025-10-27 13:30:00,47.149,47.227,46.364,46.915,307177.44
2025-10-27 13:45:00,46.939,47.494,46.735,47.19,255580.08
2025-10-27 14:00:00,47.172,47.353,46.907,46.976,131857.75
2025-10-27 14:15:00,46.983,47.032,46.553,46.892,160850.73
2025-10-27 14:30:00,46.89,47.117,46.727,47.068,125127.7
2025-10-27 14:45:00,47.055,47.128,46.785,47.006,53645.55
2025-10-27 15:00:00,47.007,47.147,46.881,47.052,45674.93
2025-10-27 15:15:00,47.061,47.084,46.027,46.497,319758.22
2025-10-27 15:30:00,46.498,46.733,46.418,46.503,88741.45
2025-10-27 15:45:00,46.503,46.503,46.158,46.422,154756.27
2025-10-27 16:00:00,46.422,47.217,46.42,47.026,128576.32
2025-10-27 16:15:00,47.026,47.298,46.859,47.239,102198.93
2025-10-27 16:30:00,47.237,47.5,47.159,47.164,112301.51
2025-10-27 16:45:00,47.164,47.387,47.126,47.288,47330.2
2025-10-27 17:00:00,47.291,47.468,47.17,47.457,93089.46
2025-10-27 17:15:00,47.457,47.5,47.156,47.259,60595.6
2025-10-27 17:30:00,47.245,47.534,47.176,47.534,52811.5
2025-10-27 17:45:00,47.534,47.721,47.267,47.271,71674.48
2025-10-27 18:00:00,47.273,47.74,47.137,47.723,69896.12
2025-10-27 18:15:00,47.723,47.723,46.695,46.853,127382.51
2025-10-27 18:30:00,46.858,47.125,46.841,46.986,82373.7
2025-10-27 18:45:00,46.986,47.188,46.889,46.905,37906.33
2025-10-27 19:00:00,46.905,47.179,46.509,47.148,186773.75
2025-10-27 19:15:00,47.149,47.179,46.959,47.135,27182.66
2025-10-27 19:30:00,47.109,47.138,46.694,46.94,126752.12
2025-10-27 19:45:00,46.94,47.006,46.768,46.846,29948.59
2025-10-27 20:00:00,46.848,46.848,46.419,46.582,129229.96
2025-10-27 20:15:00,46.582,46.814,46.421,46.454,37297.45
2025-10-27 20:30:00,46.445,47.572,46.376,47.3,213876.42
2025-10-27 20:45:00,47.3,47.805,47.064,47.113,248785.25
2025-10-27 21:00:00,47.113,47.97,47.075,47.676,281861.27
2025-10-27 21:15:00,47.676,47.995,47.445,47.808,298086.54
2025-10-27 21:30:00,47.822,48.856,47.808,48.188,593134.96
2025-10-27 21:45:00,48.185,48.888,48.0,48.498,436874.64
2025-10-27 22:00:00,48.498,48.798,48.239,48.411,240049.1
2025-10-27 22:15:00,48.412,48.784,48.338,48.606,120412.56
2025-10-27 22:30:00,48.606,48.606,46.861,46.912,639998.64
2025-10-27 22:45:00,46.916,47.297,46.844,46.93,231775.89
2025-10-27 23:00:00,46.937,46.965,45.992,45.992,400112.54
2025-10-27 23:15:00,46.001,46.416,45.449,46.38,412166.92
2025-10-27 23:30:00,46.38,46.555,46.248,46.261,92135.72
2025-10-27 23:45:00,46.271,46.728,46.227,46.604,123996.47
2025-10-28 00:00:00,46.605,46.656,46.218,46.377,104695.64
2025-10-28 00:15:00,46.384,46.777,46.345,46.726,127932.3
2025-10-28 00:30:00,46.726,46.726,46.144,46.209,81612.74
2025-10-28 00:45:00,46.206,46.909,46.135,46.796,113562.42
2025-10-28 01:00:00,46.811,47.424,46.769,47.165,240888.9
2025-10-28 01:15:00,47.165,47.23,46.867,46.961,50347.17
2025-10-28 01:30:00,46.96,47.575,46.95,47.55,79947.42
2025-10-28 01:45:00,47.55,47.796,47.246,47.295,115783.37
2025-10-28 02:00:00,47.295,47.483,46.983,47.086,113632.18
2025-10-28 02:15:00,47.084,47.184,46.857,47.057,132084.67
2025-10-28 02:30:00,47.057,47.319,46.946,47.106,45533.88
2025-10-28 02:45:00,47.106,47.274,46.73,47.247,102414.1
2025-10-28 03:00:00,47.264,47.5,47.094,47.228,57497.02
2025-10-28 03:15:00,47.237,47.557,47.185,47.512,50934.03
2025-10-28 03:30:00,47.499,47.545,47.139,47.333,53744.94
2025-10-28 03:45:00,47.332,47.669,47.199,47.563,50421.0
2025-10-28 04:00:00,47.557,47.696,47.385,47.681,47937.94
2025-10-28 04:15:00,47.69,47.719,47.462,47.543,25369.92
2025-10-28 04:30:00,47.55,47.89,47.507,47.842,45049.38
2025-10-28 04:45:00,47.842,47.953,47.767,47.8,49016.71
2025-10-28 05:00:00,47.798,48.024,47.738,47.75,32649.57
2025-10-28 05:15:00,47.75,47.945,47.523,47.681,54289.47
2025-10-28 05:30:00,47.689,47.689,47.15,47.15,64778.46
2025-10-28 05:45:00,47.15,47.15,46.859,47.035,139597.26
2025-10-28 06:00:00,47.04,47.219,46.844,46.963,86471.01
2025-10-28 06:15:00,46.963,47.111,46.71,47.013,54196.16
2025-10-28 06:30:00,47.028,47.309,46.89,47.252,55787.11
2025-10-28 06:45:00,47.252,47.259,47.027,47.258,46311.35
2025-10-28 07:00:00,47.258,47.617,47.214,47.367,173253.71
2025-10-28 07:15:00,47.369,47.691,47.331,47.69,59600.82
2025-10-28 07:30:00,47.69,47.874,47.584,47.773,53028.82
2025-10-28 07:45:00,47.766,47.826,47.351,47.403,65281.29
2025-10-28 08:00:00,47.399,47.45,47.172,47.2,45627.66
2025-10-28 08:15:00,47.215,47.45,47.166,47.447,62668.03
2025-10-28 08:30:00,47.448,47.679,47.288,47.485,73215.66
2025-10-28 08:45:00,47.487,47.537,46.928,47.042,76338.91
2025-10-28 09:00:00,47.042,47.217,46.99,46.991,90291.34
2025-10-28 09:15:00,47.008,47.008,46.648,46.759,138817.18
2025-10-28 09:30:00,46.77,46.979,46.642,46.962,54373.64
2025-10-28 09:45:00,46.963,47.325,46.92,47.324,139602.25
2025-10-28 10:00:00,47.324,47.42,47.121,47.292,75015.07
2025-10-28 10:15:00,47.292,47.34,47.148,47.286,32953.03
2025-10-28 10:30:00,47.284,47.284,47.11,47.25,25054.62
2025-10-28 10:45:00,47.25,47.401,47.25,47.379,69989.72
2025-10-28 11:00:00,47.378,47.805,47.288,47.805,100483.27
2025-10-28 11:15:00,47.806,48.39,47.786,48.208,257724.75
2025-10-28 11:30:00,48.208,48.529,47.976,48.084,235574.27
2025-10-28 11:45:00,48.055,48.136,47.857,48.06,99222.39
2025-10-28 12:00:00,48.061,48.275,47.596,48.208,208246.62
2025-10-28 12:15:00,48.208,48.37,47.707,47.901,202879.09
2025-10-28 12:30:00,47.889,48.043,47.517,47.924,78519.68
2025-10-28 12:45:00,47.916,48.662,47.889,48.483,175112.91
2025-10-28 13:00:00,48.497,48.878,48.475,48.65,135011.09
2025-10-28 13:15:00,48.65,48.999,48.65,48.977,202338.43
2025-10-28 13:30:00,48.976,49.087,48.627,48.829,170505.94
2025-10-28 13:45:00,48.828,49.42,48.778,49.321,281316.04
2025-10-28 14:00:00,49.321,49.355,48.844,49.106,221563.58
2025-10-28 14:15:00,49.112,49.296,48.741,48.948,120860.41
2025-10-28 14:30:00,48.948,49.035,47.794,47.948,487487.99
2025-10-28 14:45:00,47.948,48.024,47.633,48.017,313868.69
2025-10-28 15:00:00,48.016,48.399,47.885,48.103,145679.86
2025-10-28 15:15:00,48.103,48.104,47.75,47.869,69261.25
2025-10-28 15:30:00,47.874,47.882,47.561,47.632,123644.64
2025-10-28 15:45:00,47.632,47.949,47.568,47.734,80854.19
2025-10-28 16:00:00,47.734,47.949,47.642,47.889,58302.73
2025-10-28 16:15:00,47.889,47.944,47.643,47.839,46589.78
2025-10-28 16:30:00,47.851,48.106,47.758,47.929,65750.09
2025-10-28 16:45:00,47.929,48.36,47.88,48.119,136770.44
2025-10-28 17:00:00,48.119,48.85,48.119,48.796,195030.32
2025-10-28 17:15:00,48.795,48.977,48.435,48.497,180048.78
2025-10-28 17:30:00,48.497,48.664,48.242,48.601,82181.71
2025-10-28 17:45:00,48.588,48.641,48.015,48.14,106473.47
2025-10-28 18:00:00,48.141,48.179,47.832,48.14,84309.21
2025-10-28 18:15:00,48.149,48.25,47.6,47.605,66978.2
2025-10-28 18:30:00,47.624,47.766,47.154,47.372,154605.61
2025-10-28 18:45:00,47.384,47.83,47.323,47.822,78185.31
2025-10-28 19:00:00,47.801,47.831,47.48,47.501,46026.28
2025-10-28 19:15:00,47.498,47.498,46.84,47.075,172456.06
2025-10-28 19:30:00,47.051,47.238,46.82,46.922,160151.91
2025-10-28 19:45:00,46.913,46.913,46.327,46.436,387318.22
2025-10-28 20:00:00,46.436,46.491,46.121,46.35,204313.42
2025-10-28 20:15:00,46.34,46.709,46.0,46.601,344370.19
2025-10-28 20:30:00,46.601,47.429,46.536,47.139,425956.63
2025-10-28 20:45:00,47.142,47.445,46.992,47.213,145688.22
2025-10-28 21:00:00,47.225,47.265,46.74,47.035,156024.45
2025-10-28 21:15:00,47.035,47.289,46.897,46.967,112141.46
2025-10-28 21:30:00,46.977,47.668,46.897,47.482,259536.02
2025-10-28 21:45:00,47.485,47.679,47.441,47.514,56717.92
2025-10-28 22:00:00,47.514,47.677,47.405,47.576,67134.11
2025-10-28 22:15:00,47.577,48.106,47.55,48.088,200106.04
2025-10-28 22:30:00,48.073,48.186,47.906,48.086,127110.03
2025-10-28 22:45:00,48.063,48.317,47.934,48.201,148169.6
2025-10-28 23:00:00,48.215,48.249,47.427,47.456,143279.63
2025-10-28 23:15:00,47.456,47.691,47.415,47.684,79060.93
2025-10-28 23:30:00,47.66,47.842,47.589,47.756,72127.03
2025-10-28 23:45:00,47.74,47.951,47.669,47.669,51631.36
2025-10-29 00:00:00,47.719,47.814,47.633,47.777,54850.41
2025-10-29 00:15:00,47.792,48.173,47.748,48.067,145058.7
2025-10-29 00:30:00,48.067,48.183,47.57,47.574,160659.9
2025-10-29 00:45:00,47.571,47.677,47.364,47.541,94034.43
2025-10-29 01:00:00,47.541,47.73,47.451,47.7,43072.64
2025-10-29 01:15:00,47.7,47.816,47.464,47.68,42848.89
2025-10-29 01:30:00,47.674,48.164,47.648,47.95,92067.0
2025-10-29 01:45:00,47.963,48.18,47.752,48.111,60839.84
2025-10-29 02:00:00,48.117,48.422,48.075,48.346,74779.61
2025-10-29 02:15:00,48.345,48.631,48.329,48.563,246393.48
2025-10-29 02:30:00,48.541,48.547,48.165,48.208,86767.91
2025-10-29 02:45:00,48.216,48.473,48.155,48.269,67415.29
2025-10-29 03:00:00,48.269,48.303,47.983,48.221,52361.1
2025-10-29 03:15:00,48.228,48.262,47.951,48.022,36908.55
2025-10-29 03:30:00,48.023,48.103,47.927,47.945,40417.43
2025-10-29 03:45:00,47.952,47.966,47.74,47.824,45881.11
2025-10-29 04:00:00,47.825,47.974,47.769,47.94,30737.18
2025-10-29 04:15:00,47.938,47.983,47.752,47.879,24633.74
2025-10-29 04:30:00,47.885,48.2,47.867,48.128,57946.66
2025-10-29 04:45:00,48.118,48.278,48.033,48.185,29697.14
2025-10-29 05:00:00,48.177,48.391,48.176,48.298,42770.31
2025-10-29 05:15:00,48.31,48.871,48.274,48.871,131932.74
2025-10-29 05:30:00,48.871,48.88,48.195,48.225,104626.35
2025-10-29 05:45:00,48.196,48.244,47.795,48.025,100833.52
2025-10-29 06:00:00,48.022,48.05,47.693,47.745,38460.94
2025-10-29 06:15:00,47.745,47.861,47.6,47.624,35017.99
2025-10-29 06:30:00,47.624,47.722,47.42,47.433,50974.21
2025-10-29 06:45:00,47.433,47.854,47.433,47.791,56787.09
2025-10-29 07:00:00,47.792,47.977,47.609,47.922,41548.56
2025-10-29 07:15:00,47.921,48.0,47.704,47.971,42301.73
2025-10-29 07:30:00,47.976,48.0,47.611,47.653,59800.26
2025-10-29 07:45:00,47.64,47.763,47.53,47.678,24246.12
2025-10-29 08:00:00,47.678,47.719,47.479,47.515,37986.59
2025-10-29 08:15:00,47.524,47.748,47.433,47.582,45888.73
2025-10-29 08:30:00,47.611,47.73,47.0,47.178,111605.47
2025-10-29 08:45:00,47.191,47.462,47.172,47.457,32236.49
2025-10-29 09:00:00,47.456,47.649,47.248,47.27,23158.59
2025-10-29 09:15:00,47.27,47.662,47.269,47.572,37692.43
2025-10-29 09:30:00,47.571,47.666,47.437,47.488,18946.2
2025-10-29 09:45:00,47.488,47.587,47.463,47.479,17271.4
2025-10-29 10:00:00,47.478,47.595,47.289,47.31,17823.32
2025-10-29 10:15:00,47.31,47.847,47.289,47.699,63277.75
2025-10-29 10:30:00,47.699,48.0,47.646,47.936,52161.59
2025-10-29 10:45:00,47.935,48.387,47.928,48.027,206994.85
2025-10-29 11:00:00,48.038,48.259,47.916,48.254,70814.05
2025-10-29 11:15:00,48.236,48.713,48.158,48.567,157348.03
2025-10-29 11:30:00,48.574,48.724,48.517,48.548,80345.74
2025-10-29 11:45:00,48.548,49.5,48.548,49.233,469225.02
2025-10-29 12:00:00,49.233,49.47,48.989,49.363,209961.8
2025-10-29 12:15:00,49.363,49.423,48.768,48.871,231330.98
2025-10-29 12:30:00,48.88,49.282,48.879,49.105,123382.02
2025-10-29 12:45:00,49.105,49.157,48.62,48.693,110595.34
2025-10-29 13:00:00,48.693,48.909,48.4,48.899,200199.1
2025-10-29 13:15:00,48.909,49.194,48.809,49.084,101455.36
2025-10-29 13:30:00,49.084,49.338,48.545,48.833,175650.08
2025-10-29 13:45:00,48.833,48.845,48.4,48.513,132054.64
2025-10-29 14:00:00,48.513,48.646,48.192,48.422,137367.04
2025-10-29 14:15:00,48.421,48.484,47.72,47.812,238621.34
2025-10-29 14:30:00,47.812,48.178,47.743,48.027,110086.26
2025-10-29 14:45:00,48.025,48.327,47.88,48.094,90364.79
2025-10-29 15:00:00,48.094,48.263,47.154,47.179,470622.63
2025-10-29 15:15:00,47.184,47.494,46.922,47.006,264932.28
2025-10-29 15:30:00,47.016,47.19,46.416,46.629,389723.74
2025-10-29 15:45:00,46.629,47.199,46.448,46.779,331574.37
2025-10-29 16:00:00,46.779,46.932,46.51,46.887,218979.56
2025-10-29 16:15:00,46.887,47.392,46.844,46.991,229351.22
2025-10-29 16:30:00,46.983,47.46,46.916,47.326,132747.64
2025-10-29 16:45:00,47.325,47.486,47.171,47.37,104932.53
2025-10-29 17:00:00,47.37,47.5,46.818,46.983,194185.46
2025-10-29 17:15:00,46.981,47.327,46.777,47.172,107994.72
2025-10-29 17:30:00,47.166,47.963,47.095,47.877,178894.52
2025-10-29 17:45:00,47.88,48.143,47.739,48.048,162421.3
2025-10-29 18:00:00,48.049,48.243,47.021,47.068,401457.21
2025-10-29 18:15:00,47.068,47.6,47.065,47.462,169021.89
2025-10-29 18:30:00,47.462,47.869,46.0,46.875,842111.14
2025-10-29 18:45:00,46.866,48.219,46.815,47.775,451875.99
2025-10-29 19:00:00,47.787,48.91,47.722,48.875,470058.73
2025-10-29 19:15:00,48.875,48.998,48.36,48.405,341043.99
2025-10-29 19:30:00,48.409,48.41,47.767,48.129,295774.07
2025-10-29 19:45:00,48.129,48.451,47.902,47.958,121527.37
2025-10-29 20:00:00,47.966,48.118,47.426,47.621,215773.69
2025-10-29 20:15:00,47.621,48.749,47.574,48.746,243975.33
2025-10-29 20:30:00,48.733,49.124,48.627,48.957,276320.17
2025-10-29 20:45:00,48.957,49.348,48.633,49.217,369413.64
2025-10-29 21:00:00,49.213,49.455,49.066,49.375,172665.92
2025-10-29 21:15:00,49.367,49.5,49.022,49.033,159409.25
2025-10-29 21:30:00,49.047,49.988,49.04,49.314,422901.98
2025-10-29 21:45:00,49.316,49.566,49.0,49.092,147669.04
2025-10-29 22:00:00,49.092,49.214,48.8,49.157,210252.08
2025-10-29 22:15:00,49.14,49.271,48.957,48.958,91864.86
2025-10-29 22:30:00,48.957,48.991,48.748,48.8,112173.63
2025-10-29 22:45:00,48.8,48.89,48.6,48.732,112336.5
2025-10-29 23:00:00,48.733,48.761,48.05,48.101,227818.2
2025-10-29 23:15:00,48.1,48.405,47.963,47.988,111464.48
2025-10-29 23:30:00,47.992,48.091,47.443,47.759,181929.48
2025-10-29 23:45:00,47.759,48.13,47.752,48.056,120915.99
2025-10-30 00:00:00,48.046,48.215,47.454,47.701,212200.64
2025-10-30 00:15:00,47.692,48.033,47.596,47.803,77669.57
2025-10-30 00:30:00,47.782,47.914,47.501,47.883,95681.67
2025-10-30 00:45:00,47.882,48.093,47.765,48.018,52096.8
2025-10-30 01:00:00,48.018,48.04,47.742,47.876,61610.84
2025-10-30 01:15:00,47.885,47.966,47.384,47.452,128455.72
2025-10-30 01:30:00,47.453,47.903,47.453,47.87,66113.94
2025-10-30 01:45:00,47.87,48.056,47.78,47.879,43729.35
2025-10-30 02:00:00,47.878,48.364,47.681,48.355,112348.95
2025-10-30 02:15:00,48.351,48.9,48.192,48.656,221078.92
2025-10-30 02:30:00,48.664,48.86,48.55,48.855,84524.92
2025-10-30 02:45:00,48.855,48.86,48.466,48.593,60805.07
2025-10-30 03:00:00,48.594,48.611,48.258,48.45,54349.82
2025-10-30 03:15:00,48.45,48.67,48.406,48.445,48772.29
2025-10-30 03:30:00,48.48,48.516,48.255,48.261,66031.37
2025-10-30 03:45:00,48.264,48.551,48.114,48.539,100105.25
2025-10-30 04:00:00,48.517,48.555,47.38,47.678,194207.99
2025-10-30 04:15:00,47.678,47.678,46.838,47.001,271325.61
2025-10-30 04:30:00,47.001,47.994,46.769,47.474,457697.74
2025-10-30 04:45:00,47.477,47.844,46.955,47.004,237598.9
2025-10-30 05:00:00,47.008,47.448,46.842,47.416,200005.78
2025-10-30 05:15:00,47.408,47.688,47.3,47.5,132928.72
2025-10-30 05:30:00,47.5,48.042,47.279,48.009,180360.71
2025-10-30 05:45:00,48.007,48.492,47.97,48.252,149160.09
2025-10-30 06:00:00,48.253,48.26,48.0,48.147,109439.31
2025-10-30 06:15:00,48.147,48.354,47.839,48.354,151364.89
2025-10-30 06:30:00,48.354,48.764,48.285,48.582,111678.9
2025-10-30 06:45:00,48.582,48.662,48.358,48.36,73160.72
2025-10-30 07:00:00,48.36,48.91,48.358,48.857,123096.42
2025-10-30 07:15:00,48.845,49.174,48.795,48.958,97799.84
2025-10-30 07:30:00,48.961,49.316,48.878,49.313,76226.07
2025-10-30 07:45:00,49.316,49.796,49.183,49.641,192062.07
2025-10-30 08:00:00,49.621,49.752,49.224,49.36,154754.45
2025-10-30 08:15:00,49.36,49.65,49.153,49.186,171990.29
2025-10-30 08:30:00,49.172,49.877,49.06,49.857,139842.47
2025-10-30 08:45:00,49.858,50.158,49.333,49.336,392136.72
2025-10-30 09:00:00,49.332,49.701,48.594,48.628,225729.96
2025-10-30 09:15:00,48.628,48.821,48.37,48.765,131367.43
2025-10-30 09:30:00,48.771,48.828,48.249,48.26,97460.65
2025-10-30 09:45:00,48.26,48.513,48.153,48.49,60414.49
2025-10-30 10:00:00,48.483,48.528,48.153,48.242,86350.61
2025-10-30 10:15:00,48.242,48.476,47.993,48.476,104097.13
2025-10-30 10:30:00,48.475,48.488,48.262,48.266,27914.65
2025-10-30 10:45:00,48.267,48.656,48.214,48.368,57858.81
2025-10-30 11:00:00,48.364,48.381,47.743,47.852,119591.43
2025-10-30 11:15:00,47.851,47.946,47.724,47.872,43168.84
2025-10-30 11:30:00,47.886,47.987,47.738,47.98,33286.83
2025-10-30 11:45:00,47.976,48.117,47.5,47.547,189244.28
2025-10-30 12:00:00,47.548,47.667,47.33,47.442,136175.52
2025-10-30 12:15:00,47.392,47.622,47.018,47.07,231205.32
2025-10-30 12:30:00,47.069,47.111,46.328,46.339,502289.44
2025-10-30 12:45:00,46.333,46.523,46.112,46.375,349476.2
2025-10-30 13:00:00,46.37,46.632,46.21,46.329,182510.73
2025-10-30 13:15:00,46.307,46.447,46.1,46.117,189662.94
2025-10-30 13:30:00,46.118,46.217,44.875,45.949,934742.07
2025-10-30 13:45:00,45.94,46.828,45.843,46.242,616816.0
2025-10-30 14:00:00,46.243,47.394,46.243,47.029,454569.14
2025-10-30 14:15:00,47.029,47.516,46.9,47.175,392199.86
2025-10-30 14:30:00,47.159,47.279,46.692,47.079,205566.67
2025-10-30 14:45:00,47.08,47.111,46.649,46.825,181834.64
2025-10-30 15:00:00,46.825,46.943,46.163,46.285,294557.97
2025-10-30 15:15:00,46.286,46.31,45.272,46.011,507575.67
2025-10-30 15:30:00,46.018,46.032,45.01,45.031,415208.93
2025-10-30 15:45:00,45.031,45.461,44.56,45.431,593882.32
2025-10-30 16:00:00,45.426,45.886,44.994,45.685,307584.69
2025-10-30 16:15:00,45.686,45.713,45.134,45.713,171482.57
2025-10-30 16:30:00,45.713,45.743,45.356,45.591,158938.72
2025-10-30 16:45:00,45.6,46.04,45.553,45.994,139268.86
2025-10-30 17:00:00,45.985,45.985,45.258,45.359,197853.43
2025-10-30 17:15:00,45.352,45.378,44.31,44.314,514104.68
2025-10-30 17:30:00,44.313,44.327,43.258,44.111,883344.21
2025-10-30 17:45:00,44.097,44.632,43.832,44.203,582996.14
2025-10-30 18:00:00,44.216,44.663,44.116,44.472,398857.32
2025-10-30 18:15:00,44.472,44.589,43.948,44.046,261586.83
2025-10-30 18:30:00,44.065,44.337,43.586,43.616,232038.54
2025-10-30 18:45:00,43.625,44.214,43.598,43.728,207208.08
2025-10-30 19:00:00,43.727,44.198,43.409,43.902,264831.64
2025-10-30 19:15:00,43.902,43.944,43.365,43.464,185629.21
2025-10-30 19:30:00,43.478,43.962,42.69,43.307,584575.81
2025-10-30 19:45:00,43.308,43.829,42.783,43.127,485121.76
2025-10-30 20:00:00,43.112,43.926,42.868,43.775,351075.4
2025-10-30 20:15:00,43.776,43.967,43.655,43.867,111549.09
2025-10-30 20:30:00,43.867,44.249,43.54,44.131,256732.46
2025-10-30 20:45:00,44.115,44.534,44.085,44.49,226359.1
2025-10-30 21:00:00,44.5,44.5,43.908,44.181,203919.2
2025-10-30 21:15:00,44.18,44.3,43.937,43.998,153619.16
2025-10-30 21:30:00,43.99,44.514,43.921,44.472,82756.0
2025-10-30 21:45:00,44.474,44.807,44.272,44.675,183297.14
2025-10-30 22:00:00,44.676,44.691,44.455,44.532,107884.72
2025-10-30 22:15:00,44.532,45.098,44.492,44.997,183303.65
2025-10-30 22:30:00,45.015,45.159,44.832,44.918,144785.37
2025-10-30 22:45:00,44.919,45.185,44.747,45.074,143495.64
2025-10-30 23:00:00,45.085,45.151,44.872,44.995,125030.85
2025-10-30 23:15:00,44.994,45.091,44.909,45.011,47278.85
2025-10-30 23:30:00,45.025,45.476,44.948,45.341,235078.88
2025-10-30 23:45:00,45.351,45.67,45.259,45.436,145883.45
2025-10-31 00:00:00,45.437,45.564,45.305,45.44,119577.14
2025-10-31 00:15:00,45.439,45.561,45.312,45.558,69599.81
2025-10-31 00:30:00,45.559,45.692,45.385,45.485,62882.49
2025-10-31 00:45:00,45.485,46.092,45.484,45.94,404553.31
2025-10-31 01:00:00,45.918,46.147,45.727,46.039,281585.19
2025-10-31 01:15:00,46.039,46.332,45.836,46.239,175412.4
2025-10-31 01:30:00,46.24,46.252,45.802,45.814,173801.83
2025-10-31 01:45:00,45.803,46.001,45.73,45.936,104549.65
2025-10-31 02:00:00,45.936,45.936,45.334,45.436,224601.0
2025-10-31 02:15:00,45.474,45.687,45.339,45.623,132986.6
2025-10-31 02:30:00,45.623,45.693,44.859,45.066,380832.79
2025-10-31 02:45:00,45.066,45.208,44.864,45.095,150744.82
2025-10-31 03:00:00,45.095,45.278,44.777,45.025,138079.56
2025-10-31 03:15:00,45.025,45.15,44.671,44.731,126539.4
2025-10-31 03:30:00,44.727,45.038,44.375,44.458,262292.75
2025-10-31 03:45:00,44.459,45.003,44.304,44.937,210105.1
2025-10-31 04:00:00,44.936,45.774,44.746,45.774,313268.6
2025-10-31 04:15:00,45.761,45.98,45.545,45.698,180898.93
2025-10-31 04:30:00,45.699,45.739,45.249,45.454,97497.66
2025-10-31 04:45:00,45.457,45.695,45.312,45.57,49058.4
2025-10-31 05:00:00,45.581,45.581,44.904,45.165,193833.29
2025-10-31 05:15:00,45.158,45.199,44.962,45.105,59735.97
2025-10-31 05:30:00,45.101,45.195,45.013,45.128,46040.86
2025-10-31 05:45:00,45.128,45.203,44.76,44.824,73713.57
2025-10-31 06:00:00,44.841,44.89,44.652,44.757,44032.33
2025-10-31 06:15:00,44.749,44.917,44.681,44.839,54517.02
2025-10-31 06:30:00,44.856,44.927,44.518,44.545,86903.27
2025-10-31 06:45:00,44.546,44.667,44.507,44.521,54263.31
2025-10-31 07:00:00,44.522,44.638,44.316,44.422,115270.01
2025-10-31 07:15:00,44.417,44.476,44.131,44.319,199521.89
2025-10-31 07:30:00,44.32,44.55,44.192,44.287,70704.09
2025-10-31 07:45:00,44.288,44.307,43.809,44.007,179130.29
2025-10-31 08:00:00,44.007,44.189,43.66,43.668,124103.12
2025-10-31 08:15:00,43.679,44.164,43.66,44.104,129281.91
2025-10-31 08:30:00,44.104,44.378,43.952,44.296,110124.07
2025-10-31 08:45:00,44.296,44.72,44.24,44.719,116213.22
2025-10-31 09:00:00,44.72,44.971,44.556,44.629,161570.25
2025-10-31 09:15:00,44.616,44.764,44.34,44.355,70649.29
2025-10-31 09:30:00,44.354,44.514,44.32,44.514,51436.45
2025-10-31 09:45:00,44.506,44.528,44.072,44.165,81056.42
2025-10-31 10:00:00,44.18,44.475,44.132,44.204,77271.92
2025-10-31 10:15:00,44.204,44.451,44.17,44.383,51239.21
2025-10-31 10:30:00,44.383,44.62,44.235,44.453,77908.1
2025-10-31 10:45:00,44.45,44.557,44.206,44.266,47604.98
2025-10-31 11:00:00,44.264,44.29,44.039,44.039,44771.4
2025-10-31 11:15:00,44.039,44.108,43.758,43.918,98218.18
2025-10-31 11:30:00,43.918,43.952,43.432,43.588,276573.69
2025-10-31 11:45:00,43.573,44.4,43.504,44.334,368027.19
2025-10-31 12:00:00,44.314,44.546,43.505,43.652,329385.05
2025-10-31 12:15:00,43.652,44.056,43.571,43.803,156791.67
2025-10-31 12:30:00,43.781,43.984,43.337,43.338,189408.8
2025-10-31 12:45:00,43.338,43.431,43.002,43.049,194420.15
2025-10-31 13:00:00,43.049,44.3,43.049,44.29,199559.76
2025-10-31 13:15:00,44.272,44.314,43.883,44.037,114432.8
2025-10-31 13:30:00,44.037,44.085,43.668,44.024,177005.56
2025-10-31 13:45:00,44.025,44.301,43.958,44.144,111284.05
2025-10-31 14:00:00,44.144,44.286,43.801,43.929,131342.26
2025-10-31 14:15:00,43.929,44.216,43.824,44.14,107447.69
2025-10-31 14:30:00,44.14,44.547,44.099,44.349,197964.04
2025-10-31 14:45:00,44.349,44.997,44.319,44.871,259574.01
2025-10-31 15:00:00,44.87,45.111,44.436,44.86,257785.3
2025-10-31 15:15:00,44.879,44.901,44.456,44.568,158451.76
2025-10-31 15:30:00,44.567,44.657,44.011,44.218,187891.7
2025-10-31 15:45:00,44.217,44.341,44.0,44.036,109907.45
2025-10-31 16:00:00,44.035,44.1,43.661,43.82,155391.05
2025-10-31 16:15:00,43.821,43.85,43.582,43.747,108754.65
2025-10-31 16:30:00,43.746,43.846,43.115,43.127,187658.98
2025-10-31 16:45:00,43.126,43.231,42.915,43.045,221780.53
2025-10-31 17:00:00,43.045,43.361,42.8,43.094,230939.42
2025-10-31 17:15:00,43.083,43.16,42.4,42.514,438567.51
2025-10-31 17:30:00,42.512,43.166,42.504,43.118,226034.14
2025-10-31 17:45:00,43.118,43.489,43.036,43.192,159152.86
2025-10-31 18:00:00,43.192,43.599,43.192,43.4,128847.66
2025-10-31 18:15:00,43.406,43.455,43.179,43.327,61718.22
2025-10-31 18:30:00,43.327,43.544,42.393,43.197,480369.89
2025-10-31 18:45:00,43.19,43.198,42.48,42.869,245086.15
2025-10-31 19:00:00,42.87,42.926,42.512,42.926,79704.56
2025-10-31 19:15:00,42.926,43.281,42.88,43.046,86141.19
2025-10-31 19:30:00,43.052,43.575,43.04,43.486,143322.9
2025-10-31 19:45:00,43.487,43.6,43.397,43.435,168307.05
2025-10-31 20:00:00,43.436,43.593,43.172,43.584,137758.61
2025-10-31 20:15:00,43.585,43.829,43.316,43.829,166846.58
2025-10-31 20:30:00,43.811,43.841,43.547,43.651,86480.6
2025-10-31 20:45:00,43.651,43.802,43.22,43.393,92331.19
2025-10-31 21:00:00,43.393,43.606,43.209,43.22,44263.81
2025-10-31 21:15:00,43.218,43.797,43.212,43.763,51913.14
2025-10-31 21:30:00,43.764,43.909,43.566,43.679,108331.46
2025-10-31 21:45:00,43.684,43.976,43.676,43.974,39727.02
2025-10-31 22:00:00,43.97,44.094,43.8,44.051,32464.95
2025-10-31 22:15:00,44.05,44.087,43.585,43.744,126433.23
2025-10-31 22:30:00,43.743,43.853,43.696,43.744,35659.04
2025-10-31 22:45:00,43.733,44.004,43.726,43.956,22427.03
2025-10-31 23:00:00,43.943,44.002,43.789,43.861,18174.07
2025-10-31 23:15:00,43.859,44.088,43.858,44.03,32725.0
2025-10-31 23:30:00,44.029,44.029,43.757,43.828,23169.22
2025-10-31 23:45:00,43.828,43.844,43.558,43.702,43576.73
2025-11-01 00:00:00,43.698,43.724,43.401,43.49,31938.32
2025-11-01 00:15:00,43.471,43.562,43.358,43.462,32327.63
2025-11-01 00:30:00,43.453,43.727,43.453,43.727,20530.14
2025-11-01 00:45:00,43.727,44.233,43.713,44.17,116207.85
2025-11-01 01:00:00,44.17,44.44,44.068,44.134,168123.94
2025-11-01 01:15:00,44.144,44.144,43.409,43.754,281466.82
2025-11-01 01:30:00,43.746,43.913,43.394,43.469,93733.9
2025-11-01 01:45:00,43.469,43.546,43.049,43.145,121416.25
2025-11-01 02:00:00,43.144,43.147,42.752,43.007,209778.06
2025-11-01 02:15:00,43.007,43.5,42.988,43.41,98666.04
2025-11-01 02:30:00,43.411,43.606,43.351,43.606,104117.38
2025-11-01 02:45:00,43.606,43.842,43.606,43.671,96051.99
2025-11-01 03:00:00,43.671,43.965,43.671,43.76,133378.84
2025-11-01 03:15:00,43.76,44.081,43.716,44.003,87840.45
2025-11-01 03:30:00,44.006,44.261,43.92,43.982,100906.09
2025-11-01 03:45:00,44.007,44.228,43.846,44.204,108743.7
2025-11-01 04:00:00,44.204,44.45,44.131,44.131,109050.81
2025-11-01 04:15:00,44.131,44.131,43.851,44.028,56033.79
2025-11-01 04:30:00,44.015,44.082,43.83,44.007,76959.28
2025-11-01 04:45:00,44.002,44.318,43.954,44.29,77979.9
2025-11-01 05:00:00,44.303,44.441,44.14,44.372,42490.58
2025-11-01 05:15:00,44.371,44.498,44.213,44.319,44368.17
2025-11-01 05:30:00,44.311,44.469,44.129,44.165,58909.61
2025-11-01 05:45:00,44.164,44.198,43.815,43.938,94898.0
2025-11-01 06:00:00,43.945,43.98,43.731,43.773,62306.98
2025-11-01 06:15:00,43.772,43.803,43.518,43.639,80795.25
2025-11-01 06:30:00,43.638,43.905,43.472,43.476,64758.35
2025-11-01 06:45:00,43.477,43.604,43.332,43.59,53980.85
2025-11-01 07:00:00,43.597,43.735,43.436,43.647,32129.38
2025-11-01 07:15:00,43.649,43.982,43.634,43.934,46556.59
2025-11-01 07:30:00,43.941,44.03,43.647,43.766,88992.53
2025-11-01 07:45:00,43.742,43.871,43.566,43.831,18908.42
2025-11-01 08:00:00,43.831,44.038,43.745,43.781,56203.64
2025-11-01 08:15:00,43.781,43.962,43.779,43.878,32701.26
2025-11-01 08:30:00,43.885,43.912,43.572,43.646,53839.8
2025-11-01 08:45:00,43.656,43.934,43.656,43.88,57388.99
2025-11-01 09:00:00,43.879,43.924,43.485,43.678,73306.75
2025-11-01 09:15:00,43.678,43.678,43.348,43.468,37971.6
2025-11-01 09:30:00,43.45,43.467,43.116,43.155,51216.22
2025-11-01 09:45:00,43.16,43.344,43.141,43.164,45919.64
2025-11-01 10:00:00,43.177,43.306,43.116,43.282,52252.72
2025-11-01 10:15:00,43.267,43.413,43.197,43.261,28636.06
2025-11-01 10:30:00,43.257,43.36,43.099,43.353,56751.21
2025-11-01 10:45:00,43.36,43.677,43.262,43.627,94393.84
2025-11-01 11:00:00,43.637,44.048,43.578,43.688,130699.06
2025-11-01 11:15:00,43.69,43.779,43.573,43.574,26233.12
2025-11-01 11:30:00,43.575,43.797,43.515,43.771,34884.15
2025-11-01 11:45:00,43.779,43.839,43.547,43.706,25480.4
2025-11-01 12:00:00,43.71,43.806,43.664,43.682,22551.66
2025-11-01 12:15:00,43.69,43.753,43.568,43.732,18165.03
2025-11-01 12:30:00,43.74,43.839,43.613,43.627,55019.52
2025-11-01 12:45:00,43.628,43.707,43.291,43.41,98832.04
2025-11-01 13:00:00,43.41,43.54,43.307,43.472,22579.03
2025-11-01 13:15:00,43.473,43.568,43.393,43.44,15498.25
2025-11-01 13:30:00,43.456,43.642,43.2,43.305,41259.9
2025-11-01 13:45:00,43.31,43.782,43.218,43.643,85507.61
2025-11-01 14:00:00,43.65,43.784,43.151,43.199,111743.51
2025-11-01 14:15:00,43.197,43.275,42.89,42.939,147091.7
2025-11-01 14:30:00,42.938,43.171,42.889,43.123,60998.72
2025-11-01 14:45:00,43.128,43.227,42.727,42.905,90413.4
2025-11-01 15:00:00,42.906,43.32,42.797,43.296,120269.48
2025-11-01 15:15:00,43.289,43.416,42.961,43.104,43649.39
2025-11-01 15:30:00,43.101,43.23,42.922,43.001,48468.1
2025-11-01 15:45:00,43.001,43.381,42.936,43.38,38434.85
2025-11-01 16:00:00,43.379,43.589,43.138,43.29,68068.89
2025-11-01 16:15:00,43.281,43.656,43.281,43.61,49350.7
2025-11-01 16:30:00,43.61,43.85,43.61,43.85,81382.49
2025-11-01 16:45:00,43.85,43.9,43.726,43.844,43604.58
2025-11-01 17:00:00,43.85,44.022,43.612,44.022,98564.8
2025-11-01 17:15:00,44.022,44.054,43.72,43.994,125218.21
2025-11-01 17:30:00,43.999,44.305,43.862,44.152,117910.58
2025-11-01 17:45:00,44.152,44.241,43.698,43.783,206079.43
2025-11-01 18:00:00,43.786,44.138,43.772,44.038,158232.7
2025-11-01 18:15:00,44.038,44.1,43.831,43.984,38899.32
2025-11-01 18:30:00,43.978,44.219,43.977,44.165,19142.73
2025-11-01 18:45:00,44.169,44.218,44.007,44.012,45411.5
2025-11-01 19:00:00,44.012,44.04,43.767,43.79,49690.19
2025-11-01 19:15:00,43.8,43.964,43.744,43.763,62581.62
2025-11-01 19:30:00,43.764,43.799,43.513,43.536,67403.93
2025-11-01 19:45:00,43.542,43.596,43.381,43.5,109328.31
2025-11-01 20:00:00,43.5,43.53,43.37,43.488,57456.68
2025-11-01 20:15:00,43.489,43.669,43.441,43.66,50922.31
2025-11-01 20:30:00,43.663,43.7,43.522,43.616,55034.89
2025-11-01 20:45:00,43.612,43.67,43.477,43.531,39827.1
2025-11-01 21:00:00,43.531,43.563,43.131,43.147,74131.59
2025-11-01 21:15:00,43.147,43.261,43.027,43.083,64940.68
2025-11-01 21:30:00,43.083,43.123,42.93,42.932,58381.18
2025-11-01 21:45:00,42.932,43.062,42.861,42.883,39886.91
2025-11-01 22:00:00,42.883,43.1,42.855,42.929,30680.09
2025-11-01 22:15:00,42.923,43.156,42.914,43.078,19675.16
2025-11-01 22:30:00,43.072,43.247,43.072,43.22,25091.36
2025-11-01 22:45:00,43.211,43.272,43.088,43.27,12815.9
2025-11-01 23:00:00,43.271,43.405,43.188,43.308,24031.49
2025-11-01 23:15:00,43.309,43.416,43.223,43.412,22414.76
2025-11-01 23:30:00,43.412,43.456,43.306,43.32,12716.71
2025-11-01 23:45:00,43.322,43.322,43.162,43.27,42406.8
2025-11-02 00:00:00,43.271,43.282,43.036,43.172,28405.48
2025-11-02 00:15:00,43.172,43.179,42.525,42.587,302997.78
2025-11-02 00:30:00,42.576,42.678,42.35,42.429,219084.77
2025-11-02 00:45:00,42.429,42.615,42.356,42.569,74912.89
2025-11-02 01:00:00,42.569,42.672,42.386,42.446,74233.53
2025-11-02 01:15:00,42.446,42.5,42.213,42.44,76101.6
2025-11-02 01:30:00,42.441,42.802,42.4,42.65,251808.49
2025-11-02 01:45:00,42.65,42.701,42.514,42.677,34225.88
2025-11-02 02:00:00,42.679,42.719,42.524,42.671,24083.76
2025-11-02 02:15:00,42.671,42.757,42.532,42.742,16755.34
2025-11-02 02:30:00,42.747,43.148,42.654,42.75,222784.45
2025-11-02 02:45:00,42.749,42.851,42.56,42.621,23657.17
2025-11-02 03:00:00,42.608,42.783,42.386,42.752,58063.15
2025-11-02 03:15:00,42.752,42.926,42.721,42.819,76655.75
2025-11-02 03:30:00,42.819,42.881,42.647,42.772,43713.06
2025-11-02 03:45:00,42.772,43.04,42.762,43.035,35595.14
2025-11-02 04:00:00,43.034,43.126,42.936,43.053,28443.72
2025-11-02 04:15:00,43.05,43.102,42.933,43.079,18361.9
2025-11-02 04:30:00,43.079,43.179,42.972,43.084,24098.07
2025-11-02 04:45:00,43.085,43.412,43.038,43.357,41446.59
2025-11-02 05:00:00,43.37,43.378,43.098,43.16,24045.12
2025-11-02 05:15:00,43.166,43.325,43.018,43.12,41181.19
2025-11-02 05:30:00,43.12,43.219,43.009,43.209,35597.19
2025-11-02 05:45:00,43.199,43.321,43.072,43.132,58299.74
2025-11-02 06:00:00,43.135,43.159,43.044,43.116,12649.47
2025-11-02 06:15:00,43.117,43.155,43.035,43.141,13832.32
2025-11-02 06:30:00,43.14,43.2,43.005,43.184,22054.7
2025-11-02 06:45:00,43.184,43.33,43.063,43.137,27954.11
2025-11-02 07:00:00,43.143,43.166,42.724,42.834,62169.21
2025-11-02 07:15:00,42.835,42.958,42.575,42.951,141369.06
2025-11-02 07:30:00,42.955,42.996,42.824,42.995,22763.15
2025-11-02 07:45:00,42.995,43.429,42.933,43.246,107403.41
2025-11-02 08:00:00,43.258,43.331,42.883,42.912,58588.39
2025-11-02 08:15:00,42.911,43.09,42.821,42.999,49323.21
2025-11-02 08:30:00,43.0,43.071,42.93,42.964,14625.84
2025-11-02 08:45:00,42.962,43.09,42.788,43.037,27775.88
2025-11-02 09:00:00,43.047,43.444,42.95,43.416,75089.59
2025-11-02 09:15:00,43.417,43.433,43.228,43.321,39932.47
2025-11-02 09:30:00,43.318,43.318,42.81,42.896,105322.84
2025-11-02 09:45:00,42.89,42.94,42.707,42.751,73956.21
2025-11-02 10:00:00,42.764,42.857,42.559,42.722,76018.25
2025-11-02 10:15:00,42.721,42.721,41.879,42.04,404104.31
2025-11-02 10:30:00,42.04,42.079,41.374,41.706,863575.58
2025-11-02 10:45:00,41.704,42.069,41.549,42.024,230811.83
2025-11-02 11:00:00,42.024,42.302,41.743,42.301,233362.98
2025-11-02 11:15:00,42.302,42.652,42.268,42.59,150709.91
2025-11-02 11:30:00,42.591,42.667,42.259,42.564,202195.09
2025-11-02 11:45:00,42.554,42.898,42.435,42.876,112055.57
2025-11-02 12:00:00,42.876,43.0,42.618,42.859,109938.76
2025-11-02 12:15:00,42.872,42.899,42.375,42.444,89212.15
2025-11-02 12:30:00,42.445,42.628,42.333,42.373,105869.73
2025-11-02 12:45:00,42.374,42.478,42.102,42.132,87770.17
2025-11-02 13:00:00,42.133,42.363,42.066,42.292,75074.1
2025-11-02 13:15:00,42.302,42.302,41.86,42.123,87212.5
2025-11-02 13:30:00,42.114,42.167,41.907,42.069,51660.16
2025-11-02 13:45:00,42.069,42.412,42.028,42.336,77710.93
2025-11-02 14:00:00,42.336,42.557,42.241,42.265,49844.76
2025-11-02 14:15:00,42.241,42.289,41.743,41.948,140651.07
2025-11-02 14:30:00,41.948,42.177,41.691,41.973,128318.16
2025-11-02 14:45:00,41.973,42.194,41.804,41.916,89048.67
2025-11-02 15:00:00,41.916,42.17,41.826,41.957,96248.54
2025-11-02 15:15:00,41.954,42.069,41.694,41.954,159317.66
2025-11-02 15:30:00,41.949,42.003,41.503,41.558,228454.55
2025-11-02 15:45:00,41.58,41.801,41.449,41.476,221955.41
2025-11-02 16:00:00,41.475,41.663,41.083,41.17,411968.75
2025-11-02 16:15:00,41.169,41.633,41.067,41.586,255420.69
2025-11-02 16:30:00,41.572,41.899,41.462,41.748,328027.36
2025-11-02 16:45:00,41.748,41.795,41.51,41.699,124242.65
2025-11-02 17:00:00,41.698,41.916,41.633,41.889,100997.86
2025-11-02 17:15:00,41.888,41.946,41.587,41.79,103335.99
2025-11-02 17:30:00,41.795,41.813,41.333,41.522,129799.05
2025-11-02 17:45:00,41.521,41.619,41.399,41.618,65889.71
2025-11-02 18:00:00,41.618,41.649,41.508,41.532,30668.72
2025-11-02 18:15:00,41.535,41.728,41.507,41.6,35298.73
2025-11-02 18:30:00,41.599,41.853,41.533,41.786,56674.58
2025-11-02 18:45:00,41.786,42.008,41.732,41.817,62107.55
2025-11-02 19:00:00,41.822,41.868,41.548,41.651,98683.9
2025-11-02 19:15:00,41.65,41.658,41.274,41.283,50162.22
2025-11-02 19:30:00,41.278,41.537,41.223,41.424,58103.11
2025-11-02 19:45:00,41.425,41.663,41.425,41.64,68011.27
2025-11-02 20:00:00,41.639,41.69,41.273,41.28,89041.18
2025-11-02 20:15:00,41.285,41.437,41.283,41.41,33727.68
2025-11-02 20:30:00,41.41,41.564,41.377,41.552,59078.7
2025-11-02 20:45:00,41.551,41.627,41.523,41.626,29384.3
2025-11-02 21:00:00,41.626,41.836,41.61,41.642,53045.29
2025-11-02 21:15:00,41.642,41.861,41.583,41.847,34648.04
2025-11-02 21:30:00,41.847,41.934,41.841,41.909,61345.72
2025-11-02 21:45:00,41.909,41.994,41.827,41.857,19538.43
2025-11-02 22:00:00,41.862,41.874,41.729,41.729,18820.37
2025-11-02 22:15:00,41.737,41.809,41.589,41.662,35893.37
2025-11-02 22:30:00,41.665,41.716,41.502,41.592,73117.33
2025-11-02 22:45:00,41.601,41.803,41.546,41.802,15948.62
2025-11-02 23:00:00,41.802,42.436,41.802,42.425,128484.6
2025-11-02 23:15:00,42.424,42.436,42.061,42.188,92915.63
2025-11-02 23:30:00,42.188,42.431,42.087,42.307,78060.85
2025-11-02 23:45:00,42.299,42.612,42.266,42.434,112481.26
2025-11-03 00:00:00,42.434,42.707,42.325,42.637,85439.8
2025-11-03 00:15:00,42.621,42.687,42.256,42.256,67917.41
2025-11-03 00:30:00,42.284,42.444,42.246,42.285,48810.9
2025-11-03 00:45:00,42.293,42.391,41.829,41.859,142891.11
2025-11-03 01:00:00,41.864,42.138,41.742,42.102,166237.29
2025-11-03 01:15:00,42.102,42.411,42.0,42.347,71534.43
2025-11-03 01:30:00,42.346,42.462,42.127,42.222,77109.78
2025-11-03 01:45:00,42.221,42.374,42.149,42.347,32376.72
2025-11-03 02:00:00,42.347,42.428,41.467,41.773,207828.76
2025-11-03 02:15:00,41.773,41.773,41.409,41.482,116571.01
2025-11-03 02:30:00,41.468,41.591,41.286,41.361,117695.37
2025-11-03 02:45:00,41.345,41.632,41.067,41.546,178335.09
2025-11-03 03:00:00,41.528,41.735,41.13,41.151,166905.8
2025-11-03 03:15:00,41.168,41.282,40.863,40.896,248305.83
2025-11-03 03:30:00,40.897,41.0,40.729,40.739,284627.16
2025-11-03 03:45:00,40.74,40.831,40.51,40.537,270692.36
2025-11-03 04:00:00,40.537,40.587,40.339,40.383,215861.77
2025-11-03 04:15:00,40.391,40.677,40.19,40.583,347295.88
2025-11-03 04:30:00,40.583,40.634,40.273,40.296,123368.92
2025-11-03 04:45:00,40.3,41.0,40.293,40.969,112775.11
2025-11-03 05:00:00,40.97,41.355,40.89,41.304,119671.47
2025-11-03 05:15:00,41.304,41.35,40.942,41.257,95471.09
2025-11-03 05:30:00,41.257,41.272,40.918,40.934,64374.83
2025-11-03 05:45:00,40.933,41.15,40.86,41.144,46616.95
2025-11-03 06:00:00,41.149,41.497,40.964,41.09,107472.97
2025-11-03 06:15:00,41.091,41.4,41.044,41.188,44611.88
2025-11-03 06:30:00,41.187,41.188,40.738,40.772,144008.64
2025-11-03 06:45:00,40.771,41.151,40.603,41.072,128727.32
2025-11-03 07:00:00,41.072,41.195,40.831,41.126,62831.01
2025-11-03 07:15:00,41.125,41.525,41.075,41.166,148944.38
2025-11-03 07:30:00,41.165,41.8,41.086,41.351,229113.52
2025-11-03 07:45:00,41.35,41.541,41.259,41.342,44208.01
2025-11-03 08:00:00,41.342,41.518,41.327,41.445,24984.27
2025-11-03 08:15:00,41.445,41.446,40.831,40.859,87746.85
2025-11-03 08:30:00,40.841,40.892,40.633,40.833,77248.68
2025-11-03 08:45:00,40.836,41.111,40.658,40.722,100326.67
2025-11-03 09:00:00,40.722,41.172,40.554,40.958,88926.12
2025-11-03 09:15:00,40.951,40.951,40.54,40.898,120638.79
2025-11-03 09:30:00,40.906,40.996,40.51,40.677,114681.84
2025-11-03 09:45:00,40.677,40.687,40.284,40.341,111806.07
2025-11-03 10:00:00,40.341,40.746,40.341,40.5,111267.04
2025-11-03 10:15:00,40.5,40.705,40.486,40.588,71853.02
2025-11-03 10:30:00,40.587,40.588,40.335,40.49,118521.82
2025-11-03 10:45:00,40.493,40.588,40.251,40.334,82378.38
2025-11-03 11:00:00,40.334,40.986,40.334,40.884,173840.96
2025-11-03 11:15:00,40.873,41.506,40.849,41.478,210338.65
2025-11-03 11:30:00,41.48,41.519,41.179,41.39,97373.12
2025-11-03 11:45:00,41.38,41.502,41.211,41.387,68979.34
2025-11-03 12:00:00,41.388,41.72,41.327,41.653,97501.78
2025-11-03 12:15:00,41.666,41.909,41.524,41.681,131056.47
2025-11-03 12:30:00,41.682,41.69,41.224,41.301,93534.46
2025-11-03 12:45:00,41.301,41.431,41.15,41.205,65592.69
2025-11-03 13:00:00,41.206,41.307,41.058,41.212,87654.1
2025-11-03 13:15:00,41.218,41.37,41.077,41.331,39601.82
2025-11-03 13:30:00,41.328,41.545,41.328,41.34,35941.71
2025-11-03 13:45:00,41.34,41.438,41.184,41.248,56204.6
2025-11-03 14:00:00,41.249,41.595,41.123,41.142,65052.27
2025-11-03 14:15:00,41.176,41.227,41.051,41.12,43773.98
2025-11-03 14:30:00,41.12,41.362,40.971,41.242,103835.07
2025-11-03 14:45:00,41.243,41.782,41.11,41.769,88744.28
2025-11-03 15:00:00,41.77,41.807,41.14,41.222,119870.38
2025-11-03 15:15:00,41.213,41.227,39.69,39.824,682583.05
2025-11-03 15:30:00,39.819,40.0,38.333,39.249,1963838.08
2025-11-03 15:45:00,39.263,39.512,38.855,39.085,475192.47
2025-11-03 16:00:00,39.095,39.859,38.556,39.763,485129.35
2025-11-03 16:15:00,39.763,40.278,39.568,39.911,526045.52
2025-11-03 16:30:00,39.904,40.252,39.884,40.108,192362.25
2025-11-03 16:45:00,40.108,40.295,39.93,40.1,181702.18
2025-11-03 17:00:00,40.099,40.16,39.856,40.054,117305.61
2025-11-03 17:15:00,40.054,40.788,40.011,40.625,415401.94
2025-11-03 17:30:00,40.604,41.053,40.572,40.809,340795.09
2025-11-03 17:45:00,40.809,41.156,40.793,41.061,239187.07
2025-11-03 18:00:00,41.069,41.266,40.727,40.817,129345.97
2025-11-03 18:15:00,40.831,41.001,40.697,40.751,54335.39
2025-11-03 18:30:00,40.758,40.792,40.384,40.385,90990.62
2025-11-03 18:45:00,40.395,40.491,40.25,40.267,153140.49
2025-11-03 19:00:00,40.267,40.355,39.901,40.209,157962.45
2025-11-03 19:15:00,40.21,40.348,39.981,40.13,67601.51
2025-11-03 19:30:00,40.123,40.534,40.116,40.386,56240.85
2025-11-03 19:45:00,40.407,40.46,39.8,39.84,80575.78
2025-11-03 20:00:00,39.837,39.909,39.63,39.768,124077.02
2025-11-03 20:15:00,39.765,39.879,39.605,39.69,67905.97
2025-11-03 20:30:00,39.689,39.877,39.518,39.583,117746.88
2025-11-03 20:45:00,39.578,39.811,39.021,39.288,329785.24
2025-11-03 21:00:00,39.288,40.048,39.249,39.577,246296.56
2025-11-03 21:15:00,39.576,39.854,39.234,39.634,122684.94
2025-11-03 21:30:00,39.635,39.943,39.503,39.942,133851.04
2025-11-03 21:45:00,39.943,40.365,39.931,40.305,124073.1
2025-11-03 22:00:00,40.3,40.349,39.868,39.962,81587.56
2025-11-03 22:15:00,39.962,40.126,39.67,39.693,91962.74
2025-11-03 22:30:00,39.676,39.895,39.441,39.708,152603.74
2025-11-03 22:45:00,39.722,39.942,39.6,39.716,57527.7
2025-11-03 23:00:00,39.717,39.731,39.392,39.662,60473.76
2025-11-03 23:15:00,39.662,40.069,39.661,39.883,53343.37
2025-11-03 23:30:00,39.884,40.14,39.85,39.979,31108.57
2025-11-03 23:45:00,39.978,40.256,39.84,40.179,41922.04
2025-11-04 00:00:00,40.193,40.27,39.634,39.656,108937.04
2025-11-04 00:15:00,39.655,39.757,39.23,39.283,135921.31
2025-11-04 00:30:00,39.297,40.157,39.297,39.993,133990.07
2025-11-04 00:45:00,39.989,40.006,39.649,39.782,41229.82
2025-11-04 01:00:00,39.784,39.828,39.464,39.605,58655.84
2025-11-04 01:15:00,39.605,40.166,39.559,39.901,89075.24
2025-11-04 01:30:00,39.9,40.117,39.812,39.812,59611.93
2025-11-04 01:45:00,39.812,40.002,39.655,39.915,61502.89
2025-11-04 02:00:00,39.907,40.203,39.78,40.152,49069.7
2025-11-04 02:15:00,40.148,40.439,40.032,40.271,74037.77
2025-11-04 02:30:00,40.259,40.409,39.93,39.99,87396.13
2025-11-04 02:45:00,39.989,40.067,39.817,40.007,79382.24
2025-11-04 03:00:00,40.002,40.2,39.729,40.179,108959.1
2025-11-04 03:15:00,40.178,40.524,40.106,40.455,105690.19
2025-11-04 03:30:00,40.454,40.828,40.272,40.629,96751.22
2025-11-04 03:45:00,40.629,40.653,40.352,40.566,56852.18
2025-11-04 04:00:00,40.566,40.764,40.475,40.706,46899.69
2025-11-04 04:15:00,40.713,40.723,40.247,40.295,68174.79
2025-11-04 04:30:00,40.295,40.338,40.095,40.104,45963.02
2025-11-04 04:45:00,40.102,40.236,40.044,40.063,23697.9
2025-11-04 05:00:00,40.054,40.157,39.706,39.706,92437.4
2025-11-04 05:15:00,39.707,39.744,38.601,38.671,465547.63
2025-11-04 05:30:00,38.699,38.747,38.0,38.059,646313.83
2025-11-04 05:45:00,38.059,38.158,37.357,37.358,623459.83
2025-11-04 06:00:00,37.357,38.27,37.107,38.27,718238.74
2025-11-04 06:15:00,38.267,38.526,37.522,37.629,458448.79
2025-11-04 06:30:00,37.644,37.703,36.795,36.901,655550.02
2025-11-04 06:45:00,36.915,37.893,36.686,37.765,668182.11
2025-11-04 07:00:00,37.765,37.96,37.364,37.572,219869.01
2025-11-04 07:15:00,37.551,37.9,37.34,37.503,122969.53
2025-11-04 07:30:00,37.502,38.136,37.5,37.859,141064.37
2025-11-04 07:45:00,37.86,38.104,37.636,37.948,129457.5
2025-11-04 08:00:00,37.948,37.956,36.987,37.064,312703.28
2025-11-04 08:15:00,37.039,37.432,36.878,37.201,512812.51
2025-11-04 08:30:00,37.171,37.702,36.968,37.082,344245.75
2025-11-04 08:45:00,37.091,37.225,36.906,37.16,348100.32
2025-11-04 09:00:00,37.159,37.52,37.009,37.495,214535.63
2025-11-04 09:15:00,37.508,37.83,37.415,37.554,153568.21
2025-11-04 09:30:00,37.572,37.815,37.436,37.496,72099.75
2025-11-04 09:45:00,37.497,37.592,37.311,37.446,83707.91
2025-11-04 10:00:00,37.446,37.653,37.322,37.635,66583.29
2025-11-04 10:15:00,37.648,37.86,37.487,37.532,99800.27
2025-11-04 10:30:00,37.532,37.86,37.413,37.781,108816.67
2025-11-04 10:45:00,37.768,38.012,37.565,37.789,208687.8
2025-11-04 11:00:00,37.789,37.924,37.598,37.86,155183.18
2025-11-04 11:15:00,37.846,38.136,37.828,38.104,159342.55
2025-11-04 11:30:00,38.104,38.333,37.928,38.321,142903.1
2025-11-04 11:45:00,38.321,38.352,38.08,38.179,103422.07
2025-11-04 12:00:00,38.179,38.195,37.731,37.769,132995.21
2025-11-04 12:15:00,37.77,37.826,37.417,37.663,128180.82
2025-11-04 12:30:00,37.663,37.747,37.375,37.555,125830.96
2025-11-04 12:45:00,37.556,37.867,37.522,37.842,103034.53
2025-11-04 13:00:00,37.842,37.988,37.47,37.717,88224.73
2025-11-04 13:15:00,37.719,37.787,37.012,37.042,179771.52
2025-11-04 13:30:00,37.05,37.547,37.05,37.45,162772.86
2025-11-04 13:45:00,37.45,37.722,37.338,37.57,110547.45
2025-11-04 14:00:00,37.569,37.856,37.3,37.728,139386.13
2025-11-04 14:15:00,37.718,37.8,37.536,37.743,77104.96
2025-11-04 14:30:00,37.742,38.569,37.355,38.536,314885.21
2025-11-04 14:45:00,38.536,39.171,38.417,38.738,516411.6
2025-11-04 15:00:00,38.738,39.6,38.737,39.582,467588.31
2025-11-04 15:15:00,39.548,40.229,39.488,39.805,724049.64
2025-11-04 15:30:00,39.807,39.93,39.628,39.897,272473.04
2025-11-04 15:45:00,39.896,39.896,38.96,39.09,609123.28
2025-11-04 16:00:00,39.089,39.489,38.77,38.804,318299.98
2025-11-04 16:15:00,38.804,38.851,38.36,38.548,303640.6
2025-11-04 16:30:00,38.547,38.75,38.175,38.218,133921.67
2025-11-04 16:45:00,38.218,38.327,37.936,38.191,233717.9
2025-11-04 17:00:00,38.204,38.204,37.402,37.437,318756.35
2025-11-04 17:15:00,37.441,38.389,37.02,38.195,610632.66
2025-11-04 17:30:00,38.203,38.756,38.128,38.155,307562.93
2025-11-04 17:45:00,38.153,38.255,37.69,37.829,312819.34
2025-11-04 18:00:00,37.827,37.845,37.07,37.168,396340.21
2025-11-04 18:15:00,37.17,37.24,36.612,36.952,597846.3
2025-11-04 18:30:00,36.952,37.632,36.455,37.589,699578.27
2025-11-04 18:45:00,37.606,38.35,36.983,38.136,614992.78
2025-11-04 19:00:00,38.136,38.317,37.596,37.895,320608.91
2025-11-04 19:15:00,37.89,38.382,37.77,38.272,303714.4
2025-11-04 19:30:00,38.248,38.32,37.411,37.59,654180.32
2025-11-04 19:45:00,37.591,37.64,37.067,37.243,236680.91
2025-11-04 20:00:00,37.245,37.551,36.501,36.557,619612.06
2025-11-04 20:15:00,36.558,36.771,35.254,36.706,1744281.18
2025-11-04 20:30:00,36.707,37.458,35.933,37.271,530628.18
2025-11-04 20:45:00,37.252,37.459,36.71,37.118,432961.22
2025-11-04 21:00:00,37.122,37.329,36.804,36.991,160096.37
2025-11-04 21:15:00,36.981,37.278,36.332,36.399,261305.01
2025-11-04 21:30:00,36.4,36.504,35.56,36.481,711450.88
2025-11-04 21:45:00,36.481,37.62,36.368,37.596,595782.55
2025-11-04 22:00:00,37.597,38.598,37.189,38.448,697532.87
2025-11-04 22:15:00,38.437,38.8,38.267,38.512,431402.24
2025-11-04 22:30:00,38.508,39.3,38.472,38.598,481980.19
2025-11-04 22:45:00,38.591,38.738,38.29,38.6,189448.29
2025-11-04 23:00:00,38.599,38.937,38.395,38.657,244875.83
2025-11-04 23:15:00,38.657,39.037,38.564,38.998,170122.73
2025-11-04 23:30:00,38.972,39.288,38.745,39.206,156170.76
2025-11-04 23:45:00,39.206,39.288,39.002,39.006,108502.75
2025-11-05 00:00:00,39.006,39.261,38.7,38.803,160054.71
2025-11-05 00:15:00,38.808,39.273,38.789,39.075,160599.39
2025-11-05 00:30:00,39.074,39.134,38.38,38.452,259814.19
2025-11-05 00:45:00,38.452,39.037,38.422,38.852,140889.51
2025-11-05 01:00:00,38.856,38.93,38.19,38.569,247428.23
2025-11-05 01:15:00,38.567,38.621,37.7,37.927,311765.42
2025-11-05 01:30:00,37.926,38.348,37.4,37.717,386992.85
2025-11-05 01:45:00,37.7,38.81,37.648,38.637,283312.37
2025-11-05 02:00:00,38.628,39.429,38.626,39.384,365480.53
2025-11-05 02:15:00,39.388,39.706,39.15,39.305,228085.88
2025-11-05 02:30:00,39.305,39.797,39.169,39.793,146657.08
2025-11-05 02:45:00,39.789,39.88,39.606,39.829,162738.0
2025-11-05 03:00:00,39.829,40.0,39.684,39.743,151979.3
2025-11-05 03:15:00,39.732,40.391,39.62,40.348,185681.62
2025-11-05 03:30:00,40.348,40.423,39.992,40.139,160643.9
2025-11-05 03:45:00,40.139,40.321,40.025,40.121,112591.15
2025-11-05 04:00:00,40.121,40.407,40.026,40.182,133136.88
2025-11-05 04:15:00,40.189,40.272,39.918,40.069,92317.23
2025-11-05 04:30:00,40.056,40.6,39.998,40.599,142243.43
2025-11-05 04:45:00,40.598,40.73,40.072,40.151,149966.34
2025-11-05 05:00:00,40.151,40.357,40.003,40.275,74707.21
2025-11-05 05:15:00,40.275,40.42,40.058,40.17,62740.96
2025-11-05 05:30:00,40.19,40.355,39.85,39.891,236343.06
2025-11-05 05:45:00,39.891,40.244,39.723,40.188,115745.92
2025-11-05 06:00:00,40.19,40.349,40.0,40.146,76555.08
2025-11-05 06:15:00,40.147,40.476,40.044,40.476,96064.28
2025-11-05 06:30:00,40.477,40.682,40.308,40.365,108872.52
2025-11-05 06:45:00,40.365,40.985,40.259,40.943,158602.86
2025-11-05 07:00:00,40.931,40.945,40.501,40.565,88334.55
2025-11-05 07:15:00,40.567,40.597,40.293,40.401,66983.86
2025-11-05 07:30:00,40.396,40.404,40.133,40.314,63393.24
2025-11-05 07:45:00,40.319,40.666,40.285,40.651,50789.73
2025-11-05 08:00:00,40.651,40.651,40.154,40.204,108688.97
2025-11-05 08:15:00,40.204,40.213,39.612,39.956,272570.72
2025-11-05 08:30:00,39.957,40.196,39.698,39.735,146966.86
2025-11-05 08:45:00,39.73,40.014,39.347,39.998,184553.63
2025-11-05 09:00:00,39.997,40.456,39.691,40.27,222841.93
2025-11-05 09:15:00,40.279,40.305,39.96,40.221,68335.56
2025-11-05 09:30:00,40.221,40.56,40.12,40.493,52481.25
2025-11-05 09:45:00,40.493,40.62,40.276,40.454,41149.79
2025-11-05 10:00:00,40.455,40.492,40.186,40.243,65314.46
2025-11-05 10:15:00,40.243,40.382,40.123,40.185,78047.28
2025-11-05 10:30:00,40.185,40.349,40.1,40.102,56635.04
2025-11-05 10:45:00,40.102,40.137,39.864,40.03,66079.68
2025-11-05 11:00:00,40.036,40.406,40.011,40.294,57417.64
2025-11-05 11:15:00,40.294,40.742,40.268,40.568,168347.85
2025-11-05 11:30:00,40.57,40.989,40.543,40.931,240709.1
2025-11-05 11:45:00,40.931,41.549,40.898,41.549,459853.77
2025-11-05 12:00:00,41.543,41.549,41.06,41.081,164705.35
2025-11-05 12:15:00,41.079,41.394,40.97,41.371,131646.87
2025-11-05 12:30:00,41.371,41.507,41.234,41.322,134327.87
2025-11-05 12:45:00,41.32,41.357,41.157,41.306,125324.76
2025-11-05 13:00:00,41.306,41.539,41.0,41.0,137582.53
2025-11-05 13:15:00,41.001,41.332,40.884,41.255,127976.07
2025-11-05 13:30:00,41.256,41.508,41.055,41.436,115473.73
2025-11-05 13:45:00,41.436,41.782,41.24,41.25,246402.32
2025-11-05 14:00:00,41.251,41.419,41.011,41.038,84081.41
2025-11-05 14:15:00,41.039,41.15,40.815,40.968,93237.58
2025-11-05 14:30:00,40.957,41.315,40.702,41.034,201359.77
2025-11-05 14:45:00,41.046,41.415,40.851,41.248,176741.59
2025-11-05 15:00:00,41.251,41.739,41.018,41.684,230766.63
2025-11-05 15:15:00,41.685,42.045,41.651,42.014,233173.62
2025-11-05 15:30:00,42.014,42.241,41.848,42.087,516157.64
2025-11-05 15:45:00,42.087,42.128,41.934,42.069,153508.83
2025-11-05 16:00:00,42.069,42.1,41.499,41.531,245869.59
2025-11-05 16:15:00,41.531,41.8,41.302,41.485,132641.24
2025-11-05 16:30:00,41.49,41.647,41.381,41.454,123772.47
2025-11-05 16:45:00,41.454,42.1,41.438,41.927,173299.67
2025-11-05 17:00:00,41.932,41.953,41.587,41.599,125865.82
2025-11-05 17:15:00,41.599,41.812,41.454,41.667,140274.93
2025-11-05 17:30:00,41.666,41.837,41.563,41.645,55594.48
2025-11-05 17:45:00,41.645,41.651,41.401,41.545,84572.63
2025-11-05 18:00:00,41.545,41.682,41.411,41.609,52192.18
2025-11-05 18:15:00,41.606,41.95,41.403,41.672,140622.36
2025-11-05 18:30:00,41.672,41.937,41.59,41.67,61540.79
2025-11-05 18:45:00,41.67,41.96,41.627,41.673,74894.66
2025-11-05 19:00:00,41.666,41.78,41.309,41.478,102627.09
2025-11-05 19:15:00,41.471,41.737,41.406,41.549,109692.36
2025-11-05 19:30:00,41.549,41.8,41.517,41.73,49377.63
2025-11-05 19:45:00,41.722,41.734,41.47,41.493,36041.26
2025-11-05 20:00:00,41.493,41.649,41.386,41.647,43228.27
2025-11-05 20:15:00,41.647,41.65,41.112,41.113,89218.12
2025-11-05 20:30:00,41.112,41.196,41.0,41.093,72738.19
2025-11-05 20:45:00,41.096,41.11,40.9,40.971,91407.53
2025-11-05 21:00:00,40.969,41.132,40.782,41.094,82432.02
2025-11-05 21:15:00,41.077,41.2,40.942,40.967,46299.1
2025-11-05 21:30:00,40.966,41.203,40.949,41.084,30679.64
2025-11-05 21:45:00,41.075,41.271,41.054,41.147,45113.04
2025-11-05 22:00:00,41.146,41.236,41.023,41.098,41679.58
2025-11-05 22:15:00,41.088,41.254,41.05,41.11,35864.86
2025-11-05 22:30:00,41.109,41.324,41.05,41.315,30816.48
2025-11-05 22:45:00,41.314,41.42,41.134,41.376,44760.11
2025-11-05 23:00:00,41.375,41.542,41.13,41.353,59070.66
2025-11-05 23:15:00,41.352,41.497,41.309,41.436,24107.78
2025-11-05 23:30:00,41.435,41.5,41.343,41.484,29937.63
2025-11-05 23:45:00,41.483,41.493,41.316,41.359,47495.24
2025-11-06 00:00:00,41.358,41.358,41.017,41.288,122665.91
2025-11-06 00:15:00,41.28,41.324,41.0,41.033,66140.18
2025-11-06 00:30:00,41.032,41.09,40.68,40.875,88839.55
2025-11-06 00:45:00,40.874,41.2,40.864,41.177,68001.36
2025-11-06 01:00:00,41.17,41.171,40.754,40.859,55149.03
2025-11-06 01:15:00,40.857,40.891,40.309,40.419,261224.94
2025-11-06 01:30:00,40.418,40.91,40.402,40.707,140966.14
2025-11-06 01:45:00,40.702,40.915,40.692,40.828,32882.43
2025-11-06 02:00:00,40.827,41.037,40.597,40.598,72025.98
2025-11-06 02:15:00,40.597,40.925,40.456,40.528,55594.72
2025-11-06 02:30:00,40.527,40.792,40.476,40.691,65714.59
2025-11-06 02:45:00,40.69,40.872,40.69,40.708,27149.6
2025-11-06 03:00:00,40.707,40.904,40.69,40.777,41156.08
2025-11-06 03:15:00,40.776,41.082,40.758,40.813,80275.45
2025-11-06 03:30:00,40.812,41.062,40.812,41.052,19812.67
2025-11-06 03:45:00,41.053,41.248,40.929,40.97,78024.27
2025-11-06 04:00:00,40.969,41.096,40.918,41.016,36874.2
2025-11-06 04:15:00,41.01,41.156,41.01,41.049,31694.13
2025-11-06 04:30:00,41.048,41.113,40.958,41.097,13590.88
2025-11-06 04:45:00,41.098,41.171,41.095,41.12,39332.38
2025-11-06 05:00:00,41.118,41.155,40.572,40.612,84296.22
2025-11-06 05:15:00,40.598,40.704,40.465,40.561,38388.22
2025-11-06 05:30:00,40.573,40.587,40.14,40.153,191642.94
2025-11-06 05:45:00,40.153,40.204,39.81,40.029,240151.42
2025-11-06 06:00:00,40.029,40.212,39.9,40.162,50814.65
2025-11-06 06:15:00,40.164,40.27,40.09,40.177,48485.76
2025-11-06 06:30:00,40.187,40.255,39.85,39.856,68619.25
2025-11-06 06:45:00,39.863,40.033,39.729,39.876,89681.21
2025-11-06 07:00:00,39.875,40.041,39.817,39.869,42804.28
2025-11-06 07:15:00,39.87,40.102,39.503,40.036,211512.53
2025-11-06 07:30:00,40.035,40.035,39.575,39.626,56382.24
2025-11-06 07:45:00,39.625,39.714,39.502,39.632,44700.59
2025-11-06 08:00:00,39.631,39.736,39.501,39.736,33656.56
2025-11-06 08:15:00,39.736,39.809,39.569,39.642,46638.47
2025-11-06 08:30:00,39.644,39.7,39.563,39.598,36328.63
2025-11-06 08:45:00,39.597,39.647,39.327,39.616,98175.5
2025-11-06 09:00:00,39.616,40.005,39.569,39.876,92891.98
2025-11-06 09:15:00,39.871,40.102,39.74,40.025,65753.71
2025-11-06 09:30:00,40.025,40.129,40.006,40.01,29518.34
2025-11-06 09:45:00,40.01,40.02,39.457,39.685,204757.61
2025-11-06 10:00:00,39.697,39.717,39.352,39.546,116615.09
2025-11-06 10:15:00,39.546,39.838,39.53,39.8,55266.24
2025-11-06 10:30:00,39.8,39.97,39.776,39.871,36130.4
2025-11-06 10:45:00,39.866,40.034,39.83,40.003,40316.57
2025-11-06 11:00:00,40.003,40.003,39.665,39.92,52524.32
2025-11-06 11:15:00,39.91,40.269,39.879,40.251,74523.8
2025-11-06 11:30:00,40.252,40.32,39.974,40.282,87082.55
2025-11-06 11:45:00,40.283,40.404,40.203,40.379,54745.77
2025-11-06 12:00:00,40.371,40.427,40.097,40.302,64220.94
2025-11-06 12:15:00,40.302,40.302,39.686,39.76,141614.09
2025-11-06 12:30:00,39.77,39.88,39.61,39.625,53887.54
2025-11-06 12:45:00,39.622,39.703,39.44,39.477,155567.85
2025-11-06 13:00:00,39.476,39.748,39.462,39.746,31223.79
2025-11-06 13:15:00,39.746,40.44,39.729,40.419,149188.13
2025-11-06 13:30:00,40.42,40.491,40.137,40.403,88887.37
2025-11-06 13:45:00,40.402,40.499,40.313,40.341,44675.06
2025-11-06 14:00:00,40.341,40.5,39.883,40.021,139641.39
2025-11-06 14:15:00,40.021,40.221,39.757,39.909,128313.75
2025-11-06 14:30:00,39.91,39.964,39.579,39.791,169435.65
2025-11-06 14:45:00,39.788,40.051,39.365,39.395,205777.94
2025-11-06 15:00:00,39.393,39.514,39.001,39.369,408907.3
2025-11-06 15:15:00,39.369,39.77,39.154,39.401,208526.61
2025-11-06 15:30:00,39.407,39.534,38.5,38.632,445005.65
2025-11-06 15:45:00,38.632,39.003,38.376,38.908,303962.54
2025-11-06 16:00:00,38.908,39.17,38.668,38.67,161967.86
2025-11-06 16:15:00,38.672,38.72,37.68,37.917,966015.4
2025-11-06 16:30:00,37.918,38.252,37.57,37.915,503558.86
2025-11-06 16:45:00,37.903,38.345,37.8,38.204,273321.16
2025-11-06 17:00:00,38.204,38.634,38.123,38.31,283066.44
2025-11-06 17:15:00,38.311,38.419,37.975,38.362,242577.23
2025-11-06 17:30:00,38.354,38.489,38.136,38.458,204520.8
2025-11-06 17:45:00,38.457,38.951,38.44,38.847,260567.37
2025-11-06 18:00:00,38.848,38.849,38.281,38.385,194503.06
2025-11-06 18:15:00,38.372,38.397,38.019,38.348,160524.68
2025-11-06 18:30:00,38.347,38.788,38.293,38.702,190213.57
2025-11-06 18:45:00,38.706,39.069,38.61,38.811,221777.28
2025-11-06 19:00:00,38.81,38.96,38.614,38.952,135752.54
2025-11-06 19:15:00,38.952,39.021,38.671,38.793,92253.31
2025-11-06 19:30:00,38.793,38.793,38.409,38.618,110247.42
2025-11-06 19:45:00,38.613,38.815,38.613,38.723,97927.89
2025-11-06 20:00:00,38.724,38.92,38.59,38.593,45515.2
2025-11-06 20:15:00,38.593,38.803,38.399,38.49,131805.12
2025-11-06 20:30:00,38.481,38.512,38.183,38.239,152855.01
2025-11-06 20:45:00,38.242,38.643,38.126,38.636,148436.93
2025-11-06 21:00:00,38.624,38.685,38.324,38.463,138001.15
2025-11-06 21:15:00,38.465,38.53,38.201,38.527,123571.22
2025-11-06 21:30:00,38.53,38.952,38.464,38.858,109928.76
2025-11-06 21:45:00,38.859,38.94,38.599,38.734,68216.57
2025-11-06 22:00:00,38.73,38.766,38.546,38.586,82145.52
2025-11-06 22:15:00,38.585,38.925,38.582,38.76,61727.05
2025-11-06 22:30:00,38.76,38.861,38.433,38.474,84088.06
2025-11-06 22:45:00,38.488,38.789,38.357,38.747,94436.85
2025-11-06 23:00:00,38.741,38.742,38.261,38.617,138399.26
2025-11-06 23:15:00,38.617,38.624,38.274,38.529,33009.13
2025-11-06 23:30:00,38.539,38.585,38.357,38.569,31588.58
2025-11-06 23:45:00,38.571,38.665,38.472,38.473,24674.28
2025-11-07 00:00:00,38.473,38.957,38.466,38.703,92966.71
2025-11-07 00:15:00,38.702,38.8,38.272,38.446,75356.09
2025-11-07 00:30:00,38.441,39.181,38.377,39.181,130722.34
2025-11-07 00:45:00,39.181,39.384,39.14,39.351,128097.08
2025-11-07 01:00:00,39.357,39.456,38.971,39.145,108514.61
2025-11-07 01:15:00,39.145,39.368,39.099,39.236,143474.99
2025-11-07 01:30:00,39.225,39.226,38.358,38.44,154877.26
2025-11-07 01:45:00,38.44,38.857,38.248,38.856,74930.82
2025-11-07 02:00:00,38.846,38.879,38.523,38.554,47773.89
2025-11-07 02:15:00,38.554,38.725,38.249,38.26,94769.76
2025-11-07 02:30:00,38.26,38.773,38.245,38.746,72777.52
2025-11-07 02:45:00,38.747,38.933,38.67,38.906,39338.42
2025-11-07 03:00:00,38.91,39.267,38.887,39.173,112628.04
2025-11-07 03:15:00,39.174,39.235,39.048,39.226,40905.53
2025-11-07 03:30:00,39.215,39.219,38.96,38.978,38888.63
2025-11-07 03:45:00,38.96,38.969,38.56,38.56,112824.55
2025-11-07 04:00:00,38.561,38.606,38.119,38.148,132146.23
2025-11-07 04:15:00,38.148,38.672,38.147,38.537,99553.58
2025-11-07 04:30:00,38.527,38.547,38.266,38.399,86908.43
2025-11-07 04:45:00,38.403,38.683,38.264,38.639,75461.91
2025-11-07 05:00:00,38.639,39.213,38.604,39.202,89439.09
2025-11-07 05:15:00,39.203,39.414,39.104,39.258,132617.69
2025-11-07 05:30:00,39.253,39.291,39.119,39.217,55729.75
2025-11-07 05:45:00,39.216,39.665,39.18,39.649,193299.94
2025-11-07 06:00:00,39.639,39.748,39.444,39.574,156987.78
2025-11-07 06:15:00,39.552,39.758,39.509,39.621,66540.76
2025-11-07 06:30:00,39.621,39.633,39.362,39.396,70868.63
2025-11-07 06:45:00,39.395,39.542,39.293,39.465,56913.68
2025-11-07 07:00:00,39.466,39.626,39.394,39.41,56683.31
2025-11-07 07:15:00,39.418,39.716,39.39,39.585,44995.37
2025-11-07 07:30:00,39.592,39.61,39.384,39.575,61247.03
2025-11-07 07:45:00,39.571,40.376,39.538,40.325,297083.92
2025-11-07 08:00:00,40.325,40.754,40.111,40.737,305134.44
2025-11-07 08:15:00,40.737,40.74,40.131,40.452,166047.12
2025-11-07 08:30:00,40.441,40.477,40.033,40.113,134762.66
2025-11-07 08:45:00,40.114,40.114,39.759,39.993,143669.8
2025-11-07 09:00:00,39.994,40.047,39.674,39.852,267525.48
2025-11-07 09:15:00,39.853,40.105,39.638,39.641,207953.11
2025-11-07 09:30:00,39.641,39.773,39.333,39.479,185387.16
2025-11-07 09:45:00,39.484,39.9,39.447,39.837,125709.26
2025-11-07 10:00:00,39.837,39.963,39.562,39.565,100050.81
2025-11-07 10:15:00,39.573,39.583,39.231,39.443,111878.81
2025-11-07 10:30:00,39.443,39.637,39.378,39.636,28521.63
2025-11-07 10:45:00,39.636,39.654,39.149,39.212,103978.35
2025-11-07 11:00:00,39.204,39.204,38.496,38.5,101611.2
2025-11-07 11:15:00,38.5,38.929,38.262,38.524,250292.57
2025-11-07 11:30:00,38.529,38.838,38.404,38.651,150718.56
2025-11-07 11:45:00,38.652,39.0,38.643,38.831,83447.66
2025-11-07 12:00:00,38.83,39.053,38.73,38.819,61775.93
2025-11-07 12:15:00,38.848,38.889,38.171,38.292,140777.54
2025-11-07 12:30:00,38.287,38.34,38.019,38.24,146368.2
2025-11-07 12:45:00,38.245,38.556,37.879,38.54,210358.25
2025-11-07 13:00:00,38.538,39.029,38.43,38.973,138821.04
2025-11-07 13:15:00,38.974,39.284,38.804,39.076,87767.84
2025-11-07 13:30:00,39.063,39.246,38.937,39.189,38261.78
2025-11-07 13:45:00,39.189,39.541,39.189,39.364,120145.66
2025-11-07 14:00:00,39.363,39.731,39.182,39.644,134685.45
2025-11-07 14:15:00,39.644,39.651,39.189,39.256,98414.15
2025-11-07 14:30:00,39.239,39.854,38.673,39.849,416174.38
2025-11-07 14:45:00,39.848,40.42,39.676,40.328,274251.37
2025-11-07 15:00:00,40.349,40.779,39.86,40.549,202843.97
2025-11-07 15:15:00,40.55,40.742,40.126,40.486,343173.37
2025-11-07 15:30:00,40.486,40.583,40.085,40.35,92924.61
2025-11-07 15:45:00,40.35,40.8,40.35,40.456,137365.03
2025-11-07 16:00:00,40.456,40.588,40.166,40.257,141305.32
2025-11-07 16:15:00,40.265,40.956,40.246,40.878,163875.33
2025-11-07 16:30:00,40.885,40.996,40.599,40.995,125654.53
2025-11-07 16:45:00,40.996,41.502,40.863,41.28,242008.72
2025-11-07 17:00:00,41.281,41.794,41.11,41.76,213487.52
2025-11-07 17:15:00,41.77,42.062,41.55,42.017,158990.75
2025-11-07 17:30:00,42.031,42.23,41.76,42.02,186696.67
2025-11-07 17:45:00,42.021,42.027,41.604,41.895,121064.94
2025-11-07 18:00:00,41.895,42.192,41.816,42.157,138946.69
2025-11-07 18:15:00,42.145,42.299,41.849,42.168,134205.79
2025-11-07 18:30:00,42.168,42.395,42.081,42.195,138002.79
2025-11-07 18:45:00,42.203,42.259,41.869,42.157,134243.73
2025-11-07 19:00:00,42.147,42.421,42.085,42.39,145929.51
2025-11-07 19:15:00,42.391,42.468,42.186,42.325,102509.42
2025-11-07 19:30:00,42.331,42.934,42.322,42.84,229368.75
2025-11-07 19:45:00,42.842,42.869,42.602,42.811,153777.94
2025-11-07 20:00:00,42.814,43.302,42.639,43.065,367999.77
2025-11-07 20:15:00,43.065,43.179,42.563,42.851,273540.47
2025-11-07 20:30:00,42.853,43.206,42.716,43.184,79527.01
2025-11-07 20:45:00,43.167,43.308,42.942,43.0,173903.82
2025-11-07 21:00:00,42.999,43.058,42.695,42.825,187105.15
2025-11-07 21:15:00,42.84,42.89,42.612,42.692,103936.26
2025-11-07 21:30:00,42.692,42.749,42.389,42.564,169073.47
2025-11-07 21:45:00,42.564,42.786,42.478,42.769,123552.01
2025-11-07 22:00:00,42.77,42.813,42.549,42.56,90211.44
2025-11-07 22:15:00,42.56,42.816,42.559,42.781,46707.24
2025-11-07 22:30:00,42.782,42.8,42.639,42.701,75876.35
2025-11-07 22:45:00,42.701,42.895,42.649,42.735,112502.53
2025-11-07 23:00:00,42.73,42.8,42.596,42.711,75399.9
2025-11-07 23:15:00,42.737,42.843,42.25,42.254,171330.88
2025-11-07 23:30:00,42.259,42.429,42.258,42.31,35181.28
2025-11-07 23:45:00,42.309,42.449,42.2,42.201,40111.72
2025-11-08 00:00:00,42.204,42.454,42.184,42.453,31997.0
2025-11-08 00:15:00,42.457,42.523,42.1,42.1,56574.95
2025-11-08 00:30:00,42.101,42.203,41.904,42.074,95714.9
2025-11-08 00:45:00,42.075,42.24,41.722,41.722,80941.98
2025-11-08 01:00:00,41.722,42.322,41.701,42.183,91734.01
2025-11-08 01:15:00,42.182,42.694,42.167,42.558,74240.04
2025-11-08 01:30:00,42.556,42.68,42.389,42.594,60074.77
2025-11-08 01:45:00,42.589,42.697,42.383,42.458,51459.86
2025-11-08 02:00:00,42.458,42.647,42.363,42.429,26856.27
2025-11-08 02:15:00,42.427,42.95,42.426,42.723,88932.73
2025-11-08 02:30:00,42.727,43.217,42.705,43.017,181496.82
2025-11-08 02:45:00,43.017,43.024,42.445,42.6,144301.41
2025-11-08 03:00:00,42.6,42.865,42.581,42.652,47498.48
2025-11-08 03:15:00,42.652,42.85,42.651,42.74,31817.26
2025-11-08 03:30:00,42.74,42.768,42.41,42.464,54035.17
2025-11-08 03:45:00,42.461,42.649,42.2,42.201,56271.96
2025-11-08 04:00:00,42.201,42.516,42.2,42.414,23536.56
2025-11-08 04:15:00,42.401,42.534,42.35,42.36,22759.84
2025-11-08 04:30:00,42.355,42.509,42.35,42.42,29673.4
2025-11-08 04:45:00,42.42,42.524,42.195,42.195,37674.44
2025-11-08 05:00:00,42.195,42.358,42.02,42.09,44354.14
2025-11-08 05:15:00,42.089,42.094,41.72,41.86,91266.09
2025-11-08 05:30:00,41.859,41.88,41.258,41.334,194141.22
2025-11-08 05:45:00,41.327,41.403,41.127,41.306,126280.75
2025-11-08 06:00:00,41.306,41.359,40.851,40.917,213413.94
2025-11-08 06:15:00,40.922,41.284,40.917,41.143,87086.14
2025-11-08 06:30:00,41.143,41.372,41.121,41.22,37501.26
2025-11-08 06:45:00,41.22,41.271,40.978,41.019,48432.8
2025-11-08 07:00:00,41.02,41.024,40.66,40.74,122534.04
2025-11-08 07:15:00,40.74,40.839,40.399,40.508,208685.72
2025-11-08 07:30:00,40.508,40.797,40.47,40.718,63918.56
2025-11-08 07:45:00,40.717,40.963,40.696,40.869,122618.69
2025-11-08 08:00:00,40.869,40.935,40.702,40.789,40676.31
2025-11-08 08:15:00,40.777,41.138,40.685,41.082,109846.98
2025-11-08 08:30:00,41.08,41.215,40.929,41.178,58045.34
2025-11-08 08:45:00,41.169,41.187,41.031,41.041,44003.87
2025-11-08 09:00:00,41.053,41.082,40.795,40.824,78608.59
2025-11-08 09:15:00,40.813,41.005,40.608,40.901,102875.22
2025-11-08 09:30:00,40.901,41.137,40.849,40.931,27400.12
2025-11-08 09:45:00,40.931,40.953,40.658,40.806,38242.87
2025-11-08 10:00:00,40.806,40.925,40.728,40.872,33111.37
2025-11-08 10:15:00,40.872,41.076,40.793,41.053,27581.12
2025-11-08 10:30:00,41.053,41.211,41.012,41.03,32300.5
2025-11-08 10:45:00,41.03,41.497,41.03,41.418,51556.65
2025-11-08 11:00:00,41.419,41.644,41.309,41.602,72785.71
2025-11-08 11:15:00,41.603,41.759,41.504,41.649,62774.42
2025-11-08 11:30:00,41.642,41.648,41.22,41.222,62420.62
2025-11-08 11:45:00,41.222,41.242,40.76,40.805,131573.19
2025-11-08 12:00:00,40.805,41.114,40.792,40.822,71879.39
2025-11-08 12:15:00,40.822,41.272,40.822,41.122,44694.03
2025-11-08 12:30:00,41.128,41.237,41.049,41.055,14263.74
2025-11-08 12:45:00,41.049,41.47,41.025,41.458,23295.98
2025-11-08 13:00:00,41.456,41.465,41.028,41.229,16456.28
2025-11-08 13:15:00,41.232,41.254,41.044,41.103,31813.08
2025-11-08 13:30:00,41.104,41.104,40.705,40.893,112378.48
2025-11-08 13:45:00,40.904,40.92,40.504,40.526,87575.48
2025-11-08 14:00:00,40.538,40.655,40.184,40.308,246801.2
2025-11-08 14:15:00,40.309,40.54,40.084,40.452,123848.7
2025-11-08 14:30:00,40.446,40.737,40.34,40.709,98566.24
2025-11-08 14:45:00,40.708,40.743,40.559,40.594,34709.95
2025-11-08 15:00:00,40.594,40.6,40.396,40.46,29812.63
2025-11-08 15:15:00,40.46,40.5,40.07,40.183,97670.23
2025-11-08 15:30:00,40.176,40.242,39.809,39.946,132456.26
2025-11-08 15:45:00,39.946,40.3,39.946,40.242,54638.87
2025-11-08 16:00:00,40.242,40.259,39.693,40.101,136459.4
2025-11-08 16:15:00,40.089,40.127,39.768,40.08,59917.33
2025-11-08 16:30:00,40.08,40.302,40.01,40.019,90345.07
2025-11-08 16:45:00,40.025,40.211,39.92,40.196,121192.09
2025-11-08 17:00:00,40.212,40.295,40.101,40.244,54998.73
2025-11-08 17:15:00,40.244,40.609,40.239,40.438,90704.57
2025-11-08 17:30:00,40.437,40.53,40.343,40.385,55422.56
2025-11-08 17:45:00,40.376,40.45,40.211,40.364,40839.24
2025-11-08 18:00:00,40.375,40.601,40.323,40.548,43165.15
2025-11-08 18:15:00,40.537,40.537,40.381,40.519,11095.69
2025-11-08 18:30:00,40.524,40.939,40.511,40.743,68014.84
2025-11-08 18:45:00,40.731,40.853,40.626,40.834,22909.95
2025-11-08 19:00:00,40.834,40.892,40.685,40.692,40131.93
2025-11-08 19:15:00,40.698,40.74,39.834,40.031,350247.67
2025-11-08 19:30:00,40.03,40.179,39.929,40.058,111426.21
2025-11-08 19:45:00,40.058,40.168,39.902,39.987,86879.41
2025-11-08 20:00:00,39.987,40.119,39.868,39.889,105134.81
2025-11-08 20:15:00,39.888,39.985,39.711,39.77,95620.24
2025-11-08 20:30:00,39.769,39.775,39.702,39.733,75126.2
2025-11-08 20:45:00,39.732,39.901,39.689,39.882,74221.54
2025-11-08 21:00:00,39.882,39.923,39.732,39.741,47941.74
2025-11-08 21:15:00,39.751,39.765,39.718,39.754,19523.37
2025-11-08 21:30:00,39.756,40.049,39.64,40.016,91077.25
2025-11-08 21:45:00,40.014,40.254,39.987,40.25,91764.85
2025-11-08 22:00:00,40.25,40.337,40.177,40.27,72056.62
2025-11-08 22:15:00,40.262,40.53,40.139,40.489,181055.66
2025-11-08 22:30:00,40.489,40.526,40.29,40.316,72175.83
2025-11-08 22:45:00,40.316,40.4,40.313,40.356,11337.88
2025-11-08 23:00:00,40.362,40.478,40.28,40.28,28055.36
2025-11-08 23:15:00,40.28,40.344,40.107,40.332,29913.58
2025-11-08 23:30:00,40.327,40.337,40.161,40.218,21486.39
2025-11-08 23:45:00,40.221,40.256,40.028,40.127,53180.41
2025-11-09 00:00:00,40.127,40.181,40.0,40.028,47923.16
2025-11-09 00:15:00,40.039,40.056,39.746,40.036,93643.88
2025-11-09 00:30:00,40.041,40.276,40.019,40.066,89785.53
2025-11-09 00:45:00,40.051,40.208,39.908,40.007,25474.28
2025-11-09 01:00:00,40.002,40.216,39.98,40.137,33926.8
2025-11-09 01:15:00,40.133,40.16,40.076,40.097,14728.36
2025-11-09 01:30:00,40.099,40.228,39.974,40.228,26314.72
2025-11-09 01:45:00,40.227,40.401,40.227,40.28,32471.17
2025-11-09 02:00:00,40.281,40.397,40.207,40.376,15010.41
2025-11-09 02:15:00,40.36,40.491,40.34,40.352,14766.01
2025-11-09 02:30:00,40.352,40.352,39.768,39.81,163034.49
2025-11-09 02:45:00,39.802,39.912,39.453,39.575,219104.65
2025-11-09 03:00:00,39.575,39.7,39.571,39.695,62971.37
2025-11-09 03:15:00,39.68,39.869,39.524,39.719,74837.06
2025-11-09 03:30:00,39.72,39.857,39.626,39.748,28081.0
2025-11-09 03:45:00,39.748,40.1,39.628,40.096,96604.63
2025-11-09 04:00:00,40.096,40.153,39.901,40.016,34201.66
2025-11-09 04:15:00,40.017,40.166,39.982,39.988,25165.0
2025-11-09 04:30:00,39.985,40.001,39.809,39.814,16808.45
2025-11-09 04:45:00,39.822,39.954,39.781,39.937,12951.97
2025-11-09 05:00:00,39.95,40.025,39.897,39.969,19716.81
2025-11-09 05:15:00,39.969,40.12,39.941,40.113,27983.19
2025-11-09 05:30:00,40.114,40.147,40.051,40.129,22944.0
2025-11-09 05:45:00,40.138,40.238,40.132,40.179,21935.22
2025-11-09 06:00:00,40.164,40.242,40.051,40.079,20794.15
2025-11-09 06:15:00,40.073,40.251,40.051,40.206,16251.3
2025-11-09 06:30:00,40.2,40.217,40.112,40.159,24921.62
2025-11-09 06:45:00,40.16,40.184,39.908,39.961,40317.73
2025-11-09 07:00:00,39.947,40.088,39.94,40.039,24793.5
2025-11-09 07:15:00,40.045,40.067,39.858,39.991,21087.06
2025-11-09 07:30:00,39.996,40.309,39.995,40.148,37130.41
2025-11-09 07:45:00,40.158,40.231,40.119,40.164,19023.01
2025-11-09 08:00:00,40.168,40.34,40.09,40.313,33085.33
2025-11-09 08:15:00,40.306,40.415,40.228,40.386,55267.71
2025-11-09 08:30:00,40.386,40.454,40.162,40.2,53076.3
2025-11-09 08:45:00,40.2,40.218,39.926,40.091,20394.3
2025-11-09 09:00:00,40.092,40.265,39.992,40.057,19640.16
2025-11-09 09:15:00,40.052,40.18,39.988,40.013,46495.27
2025-11-09 09:30:00,40.028,40.122,39.971,39.971,23115.13
2025-11-09 09:45:00,39.97,39.97,39.712,39.743,59527.02
2025-11-09 10:00:00,39.743,39.77,39.426,39.518,127864.14
2025-11-09 10:15:00,39.52,39.886,39.52,39.701,45967.18
2025-11-09 10:30:00,39.701,39.72,39.125,39.636,225313.83
2025-11-09 10:45:00,39.636,39.726,39.538,39.659,49797.78
2025-11-09 11:00:00,39.66,39.871,39.66,39.866,63421.14
2025-11-09 11:15:00,39.87,39.898,39.788,39.808,25055.99
2025-11-09 11:30:00,39.807,39.823,39.604,39.794,25062.01
2025-11-09 11:45:00,39.804,39.9,39.643,39.716,36804.87
2025-11-09 12:00:00,39.715,39.726,39.612,39.62,19518.74
2025-11-09 12:15:00,39.62,40.028,39.613,39.844,93861.05
2025-11-09 12:30:00,39.844,39.908,39.788,39.85,10885.58
2025-11-09 12:45:00,39.85,40.085,39.85,39.861,27132.63
2025-11-09 13:00:00,39.868,40.201,39.835,40.142,22174.6
2025-11-09 13:15:00,40.156,40.215,40.001,40.131,25822.83
2025-11-09 13:30:00,40.174,40.196,40.05,40.089,93182.41
2025-11-09 13:45:00,40.088,40.4,40.007,40.229,95622.37
2025-11-09 14:00:00,40.224,40.283,40.067,40.268,67768.92
2025-11-09 14:15:00,40.26,41.083,40.243,41.066,209065.54
2025-11-09 14:30:00,41.072,41.18,40.685,40.7,161235.5
2025-11-09 14:45:00,40.719,40.8,40.334,40.349,128312.82
2025-11-09 15:00:00,40.348,40.986,40.348,40.739,144683.55
2025-11-09 15:15:00,40.753,41.311,40.729,41.096,175115.26
2025-11-09 15:30:00,41.096,41.329,41.06,41.17,58867.88
2025-11-09 15:45:00,41.17,41.193,40.871,40.949,49511.54
2025-11-09 16:00:00,40.957,41.032,40.765,40.765,49409.11
2025-11-09 16:15:00,40.766,41.04,40.593,40.958,49979.16
2025-11-09 16:30:00,40.96,41.2,40.795,41.19,40676.85
2025-11-09 16:45:00,41.189,41.493,41.165,41.409,52190.9
2025-11-09 17:00:00,41.401,41.443,41.107,41.151,82476.97
2025-11-09 17:15:00,41.141,41.177,40.896,41.099,51875.94
2025-11-09 17:30:00,41.092,41.228,40.897,40.932,57296.42
2025-11-09 17:45:00,40.941,41.234,40.935,41.17,17981.08
2025-11-09 18:00:00,41.19,41.411,41.154,41.209,29360.34
2025-11-09 18:15:00,41.209,41.31,41.072,41.119,63040.37
2025-11-09 18:30:00,41.15,41.277,41.1,41.277,22152.51
2025-11-09 18:45:00,41.276,42.2,41.27,42.138,214159.4
2025-11-09 19:00:00,42.139,42.203,41.783,41.849,156942.3
2025-11-09 19:15:00,41.85,42.138,41.849,42.077,77265.14
2025-11-09 19:30:00,42.064,42.191,41.95,42.16,69290.01
2025-11-09 19:45:00,42.154,42.586,42.111,42.584,178061.89
2025-11-09 20:00:00,42.583,42.797,42.147,42.175,293659.18
2025-11-09 20:15:00,42.175,42.316,42.105,42.229,65604.17
2025-11-09 20:30:00,42.23,42.498,42.0,42.077,163042.96
2025-11-09 20:45:00,42.078,42.101,41.892,42.032,96760.13
2025-11-09 21:00:00,42.033,42.07,41.78,41.797,34316.88
2025-11-09 21:15:00,41.797,42.0,41.787,41.994,24616.77
2025-11-09 21:30:00,41.991,42.056,41.871,42.012,42802.07
2025-11-09 21:45:00,42.012,42.155,41.915,41.969,34060.63
2025-11-09 22:00:00,41.971,42.03,41.814,41.937,29803.54
2025-11-09 22:15:00,41.927,42.07,41.873,41.896,51957.44
2025-11-09 22:30:00,41.897,42.164,41.875,42.162,34661.72
2025-11-09 22:45:00,42.163,42.334,42.163,42.326,78306.82
2025-11-09 23:00:00,42.324,42.499,42.015,42.021,137206.85
2025-11-09 23:15:00,42.022,42.174,41.58,41.696,123275.37
2025-11-09 23:30:00,41.697,42.0,41.637,41.674,71343.98
2025-11-09 23:45:00,41.693,41.836,41.606,41.793,64832.97
2025-11-10 00:00:00,41.796,41.85,41.454,41.824,100867.21
2025-11-10 00:15:00,41.823,42.033,41.735,41.977,145835.32
2025-11-10 00:30:00,41.976,42.405,41.923,42.329,206765.41
2025-11-10 00:45:00,42.329,42.762,42.266,42.304,174563.87
2025-11-10 01:00:00,42.293,42.508,41.999,42.215,185186.89
2025-11-10 01:15:00,42.215,42.28,41.921,42.011,112498.6
2025-11-10 01:30:00,42.028,42.148,41.631,41.892,155509.34
2025-11-10 01:45:00,41.892,42.128,41.856,42.127,103678.52
2025-11-10 02:00:00,42.128,42.421,42.003,42.334,172095.12
2025-11-10 02:15:00,42.335,42.36,42.147,42.205,59530.62
2025-11-10 02:30:00,42.231,42.369,42.084,42.126,63185.86
2025-11-10 02:45:00,42.127,42.643,42.105,42.643,87690.26
2025-11-10 03:00:00,42.644,42.921,42.582,42.682,150237.97
2025-11-10 03:15:00,42.682,42.814,42.561,42.67,71212.04
2025-11-10 03:30:00,42.67,42.77,42.458,42.671,69200.16
2025-11-10 03:45:00,42.658,42.817,42.576,42.712,72228.79
2025-11-10 04:00:00,42.712,42.993,42.692,42.788,98983.35
2025-11-10 04:15:00,42.789,42.879,42.626,42.797,34246.63
2025-11-10 04:30:00,42.798,42.83,42.511,42.66,66248.39
2025-11-10 04:45:00,42.649,42.927,42.522,42.9,84459.15
2025-11-10 05:00:00,42.9,42.993,42.866,42.945,60458.3
2025-11-10 05:15:00,42.945,43.0,42.707,42.795,144453.4
2025-11-10 05:30:00,42.799,42.998,42.592,42.971,128048.98
2025-11-10 05:45:00,42.973,43.0,42.901,42.929,119587.36
2025-11-10 06:00:00,42.929,42.997,42.7,42.821,89792.93
2025-11-10 06:15:00,42.821,42.874,42.545,42.666,70429.53
2025-11-10 06:30:00,42.666,42.81,42.521,42.761,68806.14
2025-11-10 06:45:00,42.762,42.91,42.68,42.718,32352.12
2025-11-10 07:00:00,42.718,42.869,42.649,42.868,30701.81
2025-11-10 07:15:00,42.871,42.897,42.783,42.889,39428.61
2025-11-10 07:30:00,42.889,42.994,42.673,42.985,51738.97
2025-11-10 07:45:00,42.994,43.176,42.951,42.999,96596.98
2025-11-10 08:00:00,43.01,43.091,42.801,42.825,43523.68
2025-11-10 08:15:00,42.824,42.908,42.7,42.782,71796.81
2025-11-10 08:30:00,42.782,42.782,42.246,42.369,147445.46
2025-11-10 08:45:00,42.369,42.553,42.186,42.42,88824.59
2025-11-10 09:00:00,42.422,42.64,42.422,42.576,39183.27
2025-11-10 09:15:00,42.577,42.884,42.364,42.884,115764.93
2025-11-10 09:30:00,42.884,42.995,42.798,42.853,46789.64
2025-11-10 09:45:00,42.854,42.995,42.833,42.884,26327.48
2025-11-10 10:00:00,42.884,42.913,42.615,42.725,60123.09
2025-11-10 10:15:00,42.724,42.869,42.474,42.475,45518.4
2025-11-10 10:30:00,42.483,42.484,42.024,42.152,110159.39
2025-11-10 10:45:00,42.152,42.299,42.11,42.149,40149.69
2025-11-10 11:00:00,42.156,42.25,42.04,42.106,39280.58
2025-11-10 11:15:00,42.106,42.277,41.9,42.249,98395.1
2025-11-10 11:30:00,42.248,42.443,42.195,42.394,54591.9
2025-11-10 11:45:00,42.391,42.414,41.938,42.075,99405.17
2025-11-10 12:00:00,42.075,42.112,41.807,41.991,73028.84
2025-11-10 12:15:00,41.99,42.03,41.863,41.894,13485.58
2025-11-10 12:30:00,41.895,41.971,41.487,41.947,137197.48
2025-11-10 12:45:00,41.933,42.0,41.732,41.854,32159.2
2025-11-10 13:00:00,41.86,42.307,41.816,42.13,123559.77
2025-11-10 13:15:00,42.143,42.229,42.0,42.211,53288.86
2025-11-10 13:30:00,42.214,42.367,42.155,42.155,45130.63
2025-11-10 13:45:00,42.156,42.212,41.979,42.15,68553.59
2025-11-10 14:00:00,42.151,42.166,41.775,41.786,50937.35
2025-11-10 14:15:00,41.794,41.879,41.693,41.761,43917.76
2025-11-10 14:30:00,41.775,41.82,41.523,41.531,104462.27
2025-11-10 14:45:00,41.53,41.574,41.073,41.472,329833.86
2025-11-10 15:00:00,41.492,41.841,41.202,41.223,218324.04
2025-11-10 15:15:00,41.215,41.549,41.2,41.529,102301.93
2025-11-10 15:30:00,41.529,41.575,41.29,41.419,64216.77
2025-11-10 15:45:00,41.413,41.424,41.022,41.174,129002.53
2025-11-10 16:00:00,41.179,41.443,40.888,41.413,234302.9
2025-11-10 16:15:00,41.422,41.485,41.169,41.183,85151.47
2025-11-10 16:30:00,41.183,41.225,40.775,41.066,145083.25
2025-11-10 16:45:00,41.067,41.095,40.842,40.946,95674.38
2025-11-10 17:00:00,40.946,41.232,40.9,41.113,74276.39
2025-11-10 17:15:00,41.111,41.316,41.066,41.217,45095.43
2025-11-10 17:30:00,41.216,41.56,41.203,41.506,100828.35
2025-11-10 17:45:00,41.517,41.683,41.517,41.669,102228.2
2025-11-10 18:00:00,41.679,41.742,41.45,41.456,97450.98
2025-11-10 18:15:00,41.457,41.605,41.451,41.573,51199.06
2025-11-10 18:30:00,41.561,41.744,41.519,41.741,32076.11
2025-11-10 18:45:00,41.742,41.794,41.472,41.472,40471.44
2025-11-10 19:00:00,41.472,41.531,41.388,41.513,37233.47
2025-11-10 19:15:00,41.505,41.639,41.463,41.582,20768.17
2025-11-10 19:30:00,41.575,41.88,41.472,41.769,49160.14
2025-11-10 19:45:00,41.769,41.931,41.657,41.693,22222.49
2025-11-10 20:00:00,41.701,42.209,41.699,42.205,53315.97
2025-11-10 20:15:00,42.205,42.375,41.995,42.045,115329.71
2025-11-10 20:30:00,42.045,42.289,41.891,42.259,119588.5
2025-11-10 20:45:00,42.255,42.328,42.021,42.196,67037.28
2025-11-10 21:00:00,42.197,42.206,41.853,41.926,82625.25
2025-11-10 21:15:00,41.932,42.016,41.675,41.681,40978.49
2025-11-10 21:30:00,41.691,41.808,41.311,41.614,169711.81
2025-11-10 21:45:00,41.611,41.641,41.3,41.482,68972.84
2025-11-10 22:00:00,41.482,41.651,41.301,41.436,81199.28
2025-11-10 22:15:00,41.436,41.677,41.406,41.667,20079.83
2025-11-10 22:30:00,41.668,41.862,41.622,41.792,54452.65
2025-11-10 22:45:00,41.793,41.976,41.728,41.923,64628.42
2025-11-10 23:00:00,41.931,41.984,41.726,41.8,39350.46
2025-11-10 23:15:00,41.801,41.999,41.801,41.918,54712.82
2025-11-10 23:30:00,41.919,41.932,41.576,41.662,51467.4
2025-11-10 23:45:00,41.667,41.729,41.293,41.414,94284.16
2025-11-11 00:00:00,41.413,41.451,41.067,41.14,119522.08
2025-11-11 00:15:00,41.139,41.203,40.9,40.959,77102.62
2025-11-11 00:30:00,40.975,41.009,40.635,40.738,118697.33
2025-11-11 00:45:00,40.724,40.925,40.543,40.925,107248.92
2025-11-11 01:00:00,40.925,41.092,40.85,40.925,65110.79
2025-11-11 01:15:00,40.934,41.659,40.922,41.535,246404.39
2025-11-11 01:30:00,41.535,41.54,41.055,41.337,189615.46
2025-11-11 01:45:00,41.35,41.448,41.141,41.159,99503.1
2025-11-11 02:00:00,41.163,41.366,40.907,41.34,136423.8
2025-11-11 02:15:00,41.325,41.488,41.192,41.467,193622.58
2025-11-11 02:30:00,41.456,41.898,41.412,41.756,149512.94
2025-11-11 02:45:00,41.756,41.797,41.438,41.56,56516.17
2025-11-11 03:00:00,41.56,41.882,41.554,41.86,63568.52
2025-11-11 03:15:00,41.861,41.961,41.663,41.679,100485.37
2025-11-11 03:30:00,41.671,41.72,41.468,41.545,77783.91
2025-11-11 03:45:00,41.54,41.681,41.515,41.521,37359.26
2025-11-11 04:00:00,41.519,41.521,41.179,41.202,73222.88
2025-11-11 04:15:00,41.2,41.401,41.054,41.062,135181.9
2025-11-11 04:30:00,41.071,41.211,41.01,41.148,42383.88
2025-11-11 04:45:00,41.16,41.166,40.709,40.767,132292.96
2025-11-11 05:00:00,40.767,40.774,40.51,40.545,67439.33
2025-11-11 05:15:00,40.545,40.679,40.45,40.495,107858.17
2025-11-11 05:30:00,40.5,40.686,40.256,40.427,225635.16
2025-11-11 05:45:00,40.424,40.487,40.068,40.147,171596.27
2025-11-11 06:00:00,40.141,40.192,40.0,40.052,149958.3
2025-11-11 06:15:00,40.054,40.12,40.0,40.0,45895.48
2025-11-11 06:30:00,40.019,40.15,40.0,40.033,188562.91
2025-11-11 06:45:00,40.033,40.337,39.79,40.319,273569.0
2025-11-11 07:00:00,40.314,40.328,39.92,40.025,81831.64
2025-11-11 07:15:00,40.034,40.197,39.872,40.189,45628.69
2025-11-11 07:30:00,40.179,40.24,39.76,39.901,113514.21
2025-11-11 07:45:00,39.9,39.931,39.735,39.811,62275.02
2025-11-11 08:00:00,39.805,39.989,39.676,39.802,156298.87
2025-11-11 08:15:00,39.802,40.032,39.744,39.837,81598.47
2025-11-11 08:30:00,39.827,39.933,39.762,39.871,45981.93
2025-11-11 08:45:00,39.86,40.22,39.797,40.156,111711.47
2025-11-11 09:00:00,40.155,40.206,40.01,40.015,37977.8
2025-11-11 09:15:00,40.018,40.158,40.0,40.129,67332.69
2025-11-11 09:30:00,40.125,40.446,40.03,40.184,58083.68
2025-11-11 09:45:00,40.182,40.31,40.001,40.022,91811.26
2025-11-11 10:00:00,40.021,40.235,40.01,40.146,32421.97
2025-11-11 10:15:00,40.149,40.271,40.115,40.216,29573.54
2025-11-11 10:30:00,40.225,40.307,40.122,40.193,48619.32
2025-11-11 10:45:00,40.178,40.194,40.061,40.174,47285.47
2025-11-11 11:00:00,40.174,40.28,40.134,40.27,35120.09
2025-11-11 11:15:00,40.27,40.402,40.128,40.358,44181.58
2025-11-11 11:30:00,40.342,40.439,40.168,40.428,49531.13
2025-11-11 11:45:00,40.429,40.45,40.138,40.294,97117.96
2025-11-11 12:00:00,40.294,40.41,40.218,40.221,24609.51
2025-11-11 12:15:00,40.221,40.293,40.026,40.094,74190.53
2025-11-11 12:30:00,40.094,40.133,40.002,40.07,37256.2
2025-11-11 12:45:00,40.08,40.212,39.814,40.005,208444.2
2025-11-11 13:00:00,40.005,40.212,39.999,40.186,92951.1
2025-11-11 13:15:00,40.192,40.207,39.929,40.018,144825.96
2025-11-11 13:30:00,40.019,40.201,39.947,40.124,84798.17
2025-11-11 13:45:00,40.123,40.31,40.053,40.115,74906.78
2025-11-11 14:00:00,40.122,40.201,39.869,39.939,73558.3
2025-11-11 14:15:00,39.922,40.263,39.873,40.151,148929.84
2025-11-11 14:30:00,40.161,40.263,40.051,40.054,58209.06
2025-11-11 14:45:00,40.067,40.445,39.794,40.413,165437.12
2025-11-11 15:00:00,40.404,40.415,39.986,40.218,103301.29
2025-11-11 15:15:00,40.218,40.334,39.655,39.673,120434.09
2025-11-11 15:30:00,39.674,39.844,39.653,39.716,121893.05
2025-11-11 15:45:00,39.72,39.906,39.571,39.88,90794.81
2025-11-11 16:00:00,39.879,39.89,39.379,39.65,176094.4
2025-11-11 16:15:00,39.65,39.774,39.509,39.582,45714.68
2025-11-11 16:30:00,39.568,39.71,39.5,39.62,38468.0
2025-11-11 16:45:00,39.619,39.8,39.573,39.653,61143.75
2025-11-11 17:00:00,39.656,39.821,39.5,39.753,52228.46
2025-11-11 17:15:00,39.757,39.911,39.682,39.79,36876.45
2025-11-11 17:30:00,39.795,39.841,39.389,39.608,54244.46
2025-11-11 17:45:00,39.599,39.724,39.409,39.721,86789.91
2025-11-11 18:00:00,39.707,39.785,39.456,39.603,48364.27
2025-11-11 18:15:00,39.613,39.615,39.405,39.491,34408.14
2025-11-11 18:30:00,39.49,39.58,39.021,39.067,211507.02
2025-11-11 18:45:00,39.067,39.49,39.067,39.435,91229.41
2025-11-11 19:00:00,39.434,39.442,39.205,39.405,111774.98
2025-11-11 19:15:00,39.42,39.573,39.42,39.496,48827.98
2025-11-11 19:30:00,39.499,39.506,39.286,39.338,28790.76
2025-11-11 19:45:00,39.343,39.48,39.292,39.314,18697.28
2025-11-11 20:00:00,39.325,39.384,39.01,39.125,99262.26
2025-11-11 20:15:00,39.125,39.328,39.125,39.172,60471.83
2025-11-11 20:30:00,39.172,39.192,38.825,39.023,194384.06
2025-11-11 20:45:00,39.035,39.112,38.946,39.013,58456.5
2025-11-11 21:00:00,39.019,39.399,38.949,39.315,123580.49
2025-11-11 21:15:00,39.315,39.329,38.986,38.986,51483.59
2025-11-11 21:30:00,38.986,38.999,38.441,38.645,233841.38
2025-11-11 21:45:00,38.646,38.848,38.599,38.732,93186.2
2025-11-11 22:00:00,38.731,38.78,38.571,38.759,51501.71
2025-11-11 22:15:00,38.74,38.926,38.65,38.901,43845.95
2025-11-11 22:30:00,38.901,39.021,38.78,39.015,53071.88
2025-11-11 22:45:00,39.016,39.121,38.922,38.954,82501.05
2025-11-11 23:00:00,38.953,38.954,38.563,38.806,149829.86
2025-11-11 23:15:00,38.807,38.915,38.713,38.809,63821.23
2025-11-11 23:30:00,38.807,38.838,38.643,38.787,49825.05
2025-11-11 23:45:00,38.787,38.808,38.573,38.68,94454.94
2025-11-12 00:00:00,38.675,38.874,38.453,38.541,84178.63
2025-11-12 00:15:00,38.541,38.968,38.53,38.78,150868.71
2025-11-12 00:30:00,38.772,38.849,38.517,38.621,83619.71
2025-11-12 00:45:00,38.621,38.723,38.406,38.463,49356.55
2025-11-12 01:00:00,38.464,38.859,38.46,38.78,110738.73
2025-11-12 01:15:00,38.774,38.883,38.68,38.747,21681.18
2025-11-12 01:30:00,38.748,38.854,38.71,38.794,22699.93
2025-11-12 01:45:00,38.791,38.981,38.715,38.943,73934.88
2025-11-12 02:00:00,38.943,39.319,38.931,39.23,50757.44
2025-11-12 02:15:00,39.231,39.34,39.038,39.075,48648.33
2025-11-12 02:30:00,39.085,39.147,38.896,39.113,51651.69
2025-11-12 02:45:00,39.104,39.326,39.034,39.137,31059.9
2025-11-12 03:00:00,39.138,39.197,39.071,39.173,11294.02
2025-11-12 03:15:00,39.172,39.252,39.107,39.16,9064.15
2025-11-12 03:30:00,39.16,39.193,39.088,39.142,11533.54
2025-11-12 03:45:00,39.137,39.212,39.055,39.123,30972.95
2025-11-12 04:00:00,39.112,39.181,39.033,39.167,15591.01
2025-11-12 04:15:00,39.158,39.255,39.099,39.1,21725.7
2025-11-12 04:30:00,39.1,39.1,38.928,38.929,37841.84
2025-11-12 04:45:00,38.929,39.127,38.91,39.127,22291.31
2025-11-12 05:00:00,39.129,39.258,39.106,39.189,37172.22
2025-11-12 05:15:00,39.175,39.34,39.15,39.188,34682.11
2025-11-12 05:30:00,39.2,39.217,39.052,39.144,16659.66
2025-11-12 05:45:00,39.15,39.158,39.027,39.037,16074.12
2025-11-12 06:00:00,39.041,39.233,39.039,39.23,22885.8
2025-11-12 06:15:00,39.223,39.542,39.212,39.429,90469.69
2025-11-12 06:30:00,39.436,39.776,39.405,39.572,178848.32
2025-11-12 06:45:00,39.573,39.684,39.485,39.487,44600.71
2025-11-12 07:00:00,39.484,39.641,39.44,39.62,25395.07
2025-11-12 07:15:00,39.621,39.644,39.44,39.452,22297.84
2025-11-12 07:30:00,39.452,39.452,39.278,39.281,43056.16
2025-11-12 07:45:00,39.295,39.399,39.205,39.263,20243.24
2025-11-12 08:00:00,39.264,39.671,39.264,39.666,29655.18
2025-11-12 08:15:00,39.666,39.85,39.666,39.775,87381.3
2025-11-12 08:30:00,39.78,39.91,39.708,39.828,52890.27
2025-11-12 08:45:00,39.828,39.917,39.78,39.797,28419.95
2025-11-12 09:00:00,39.791,40.0,39.65,39.95,141536.11
2025-11-12 09:15:00,39.954,40.054,39.862,39.862,69963.22
2025-11-12 09:30:00,39.862,39.913,39.729,39.791,31252.38
2025-11-12 09:45:00,39.792,39.911,39.743,39.866,31371.75
2025-11-12 10:00:00,39.865,39.987,39.83,39.978,39934.47
2025-11-12 10:15:00,39.986,40.09,39.806,40.089,64004.73
2025-11-12 10:30:00,40.09,40.404,40.082,40.231,131310.2
2025-11-12 10:45:00,40.23,40.576,40.2,40.532,129459.59
2025-11-12 11:00:00,40.534,40.8,40.441,40.653,178841.76
2025-11-12 11:15:00,40.653,40.761,40.441,40.442,58001.5
2025-11-12 11:30:00,40.442,40.554,40.26,40.298,47798.01
2025-11-12 11:45:00,40.296,40.491,40.206,40.463,55949.11
2025-11-12 12:00:00,40.45,40.487,40.194,40.351,53739.03
2025-11-12 12:15:00,40.35,40.678,40.348,40.528,46602.85
2025-11-12 12:30:00,40.515,40.515,40.172,40.172,74813.0
2025-11-12 12:45:00,40.173,40.313,40.072,40.209,32266.95
2025-11-12 13:00:00,40.211,40.258,40.021,40.043,38622.56
2025-11-12 13:15:00,40.043,40.094,39.828,40.074,64302.37
2025-11-12 13:30:00,40.089,40.223,39.937,40.18,35931.17
2025-11-12 13:45:00,40.185,40.355,40.064,40.109,75882.27
2025-11-12 14:00:00,40.112,40.112,39.88,40.102,33150.69
2025-11-12 14:15:00,40.092,40.11,39.627,39.65,98704.26
2025-11-12 14:30:00,39.652,39.67,39.476,39.658,97640.27
2025-11-12 14:45:00,39.648,39.683,39.049,39.309,247414.91
2025-11-12 15:00:00,39.302,39.562,39.127,39.129,134622.7
2025-11-12 15:15:00,39.128,39.32,39.051,39.278,150106.5
2025-11-12 15:30:00,39.278,39.4,38.919,39.085,94340.37
2025-11-12 15:45:00,39.084,39.11,38.71,38.759,350915.13
2025-11-12 16:00:00,38.758,38.8,37.513,37.788,1140477.17
2025-11-12 16:15:00,37.789,38.21,37.546,37.839,421845.63
2025-11-12 16:30:00,37.828,38.553,37.751,38.495,453924.12
2025-11-12 16:45:00,38.496,38.66,38.237,38.635,333535.27
2025-11-12 17:00:00,38.635,38.674,38.445,38.526,197599.48
2025-11-12 17:15:00,38.536,38.604,38.218,38.332,96471.43
2025-11-12 17:30:00,38.333,38.874,38.262,38.603,239358.93
2025-11-12 17:45:00,38.604,39.08,38.587,38.917,274353.09
2025-11-12 18:00:00,38.918,39.011,38.651,38.825,194207.06
2025-11-12 18:15:00,38.82,38.893,38.694,38.7,31796.13
2025-11-12 18:30:00,38.707,38.88,38.588,38.794,50995.34
2025-11-12 18:45:00,38.793,38.794,38.437,38.442,62292.4
2025-11-12 19:00:00,38.442,38.452,38.168,38.414,96642.93
2025-11-12 19:15:00,38.413,38.428,38.19,38.282,81169.4
2025-11-12 19:30:00,38.282,38.589,38.033,38.415,145513.07
2025-11-12 19:45:00,38.419,38.449,38.249,38.38,44355.66
2025-11-12 20:00:00,38.382,38.77,38.177,38.622,157688.43
2025-11-12 20:15:00,38.613,38.738,38.517,38.727,35896.35
2025-11-12 20:30:00,38.74,39.0,38.704,38.82,109076.5
2025-11-12 20:45:00,38.834,38.848,38.55,38.589,72392.84
2025-11-12 21:00:00,38.591,38.685,38.352,38.651,79927.09
2025-11-12 21:15:00,38.65,38.668,38.536,38.551,28896.71
2025-11-12 21:30:00,38.551,38.741,38.42,38.449,92010.29
2025-11-12 21:45:00,38.434,38.552,38.245,38.538,144487.28
2025-11-12 22:00:00,38.538,38.538,38.213,38.228,59614.51
2025-11-12 22:15:00,38.232,38.33,38.134,38.192,37319.8
2025-11-12 22:30:00,38.192,38.339,38.163,38.26,30775.21
2025-11-12 22:45:00,38.261,38.466,38.261,38.46,38505.37
2025-11-12 23:00:00,38.461,38.464,38.18,38.278,47604.18
2025-11-12 23:15:00,38.282,38.475,38.277,38.36,45662.41
2025-11-12 23:30:00,38.36,38.42,38.224,38.28,23403.06
2025-11-12 23:45:00,38.3,38.408,38.151,38.371,48442.1
2025-11-13 00:00:00,38.371,38.539,38.37,38.442,40336.02
2025-11-13 00:15:00,38.442,38.539,38.192,38.197,48510.23
2025-11-13 00:30:00,38.196,38.633,38.196,38.35,47780.68
2025-11-13 00:45:00,38.343,38.504,38.328,38.407,20620.22
2025-11-13 01:00:00,38.408,38.795,38.37,38.712,66776.24
2025-11-13 01:15:00,38.698,38.801,38.52,38.653,81501.52
2025-11-13 01:30:00,38.655,39.1,38.61,39.053,152564.99
2025-11-13 01:45:00,39.053,39.057,38.74,38.752,53085.17
2025-11-13 02:00:00,38.752,38.857,38.627,38.743,43824.12
2025-11-13 02:15:00,38.731,38.747,38.476,38.491,44974.98
2025-11-13 02:30:00,38.49,38.749,38.469,38.634,22542.95
2025-11-13 02:45:00,38.634,38.656,38.453,38.454,24756.19
2025-11-13 03:00:00,38.454,38.573,38.06,38.09,37799.97
2025-11-13 03:15:00,38.09,38.637,37.93,38.626,95344.94
2025-11-13 03:30:00,38.638,38.886,38.49,38.7,171439.7
2025-11-13 03:45:00,38.7,38.912,38.554,38.554,67701.72
2025-11-13 04:00:00,38.557,38.567,38.29,38.567,37520.56
2025-11-13 04:15:00,38.568,38.752,38.382,38.544,51867.1
2025-11-13 04:30:00,38.54,38.624,38.393,38.544,23866.39
2025-11-13 04:45:00,38.553,38.704,38.39,38.557,28143.43
2025-11-13 05:00:00,38.557,38.56,38.387,38.387,12112.11
2025-11-13 05:15:00,38.412,38.66,38.407,38.61,32936.04
2025-11-13 05:30:00,38.612,39.011,38.537,39.01,108450.68
2025-11-13 05:45:00,39.007,39.701,39.001,39.457,391117.21
2025-11-13 06:00:00,39.433,39.496,39.18,39.437,106634.34
2025-11-13 06:15:00,39.438,39.625,39.329,39.459,92816.07
2025-11-13 06:30:00,39.438,40.007,39.399,39.573,252432.99
2025-11-13 06:45:00,39.576,39.661,39.503,39.515,41240.63
2025-11-13 07:00:00,39.536,39.674,39.481,39.658,43370.96
2025-11-13 07:15:00,39.658,39.87,39.638,39.712,89215.79
2025-11-13 07:30:00,39.736,39.881,39.436,39.552,88493.4
2025-11-13 07:45:00,39.55,39.55,39.118,39.202,130380.3
2025-11-13 08:00:00,39.201,39.372,39.11,39.216,102015.3
2025-11-13 08:15:00,39.217,39.371,39.2,39.36,24864.21
2025-11-13 08:30:00,39.341,39.439,39.329,39.389,35193.62
2025-11-13 08:45:00,39.389,39.407,39.149,39.19,26255.36
2025-11-13 09:00:00,39.189,39.236,38.724,38.81,152201.26
2025-11-13 09:15:00,38.809,38.964,38.743,38.842,35667.68
2025-11-13 09:30:00,38.843,38.981,38.744,38.85,25463.07
2025-11-13 09:45:00,38.851,38.895,38.699,38.772,27996.4
2025-11-13 10:00:00,38.783,39.02,38.782,38.894,75836.11
2025-11-13 10:15:00,38.899,39.147,38.892,39.042,37777.08
2025-11-13 10:30:00,39.049,39.049,38.747,38.856,33390.79
2025-11-13 10:45:00,38.872,38.897,38.729,38.816,30110.24
2025-11-13 11:00:00,38.825,38.978,38.825,38.944,21874.81
2025-11-13 11:15:00,38.95,39.023,38.909,39.0,26537.54
2025-11-13 11:30:00,38.999,39.146,38.959,39.095,12282.58
2025-11-13 11:45:00,39.097,39.165,39.036,39.072,37983.48
2025-11-13 12:00:00,39.06,39.13,38.997,39.031,23643.94
2025-11-13 12:15:00,39.032,39.15,39.031,39.12,9666.0
2025-11-13 12:30:00,39.108,39.246,39.1,39.142,15783.05
2025-11-13 12:45:00,39.157,39.232,39.07,39.119,40952.46
2025-11-13 13:00:00,39.119,39.138,38.995,39.011,31096.3
2025-11-13 13:15:00,39.013,39.079,38.764,38.796,82439.89
2025-11-13 13:30:00,38.802,38.82,38.468,38.649,129461.58
2025-11-13 13:45:00,38.648,38.725,38.588,38.656,37154.56
2025-11-13 14:00:00,38.654,38.717,38.46,38.507,42910.02
2025-11-13 14:15:00,38.506,38.725,38.419,38.696,46960.86
2025-11-13 14:30:00,38.696,38.757,38.245,38.443,99084.94
2025-11-13 14:45:00,38.443,39.132,38.424,38.852,122706.23
2025-11-13 15:00:00,38.852,38.948,38.518,38.942,77710.97
2025-11-13 15:15:00,38.942,39.0,38.591,38.661,80465.97
2025-11-13 15:30:00,38.665,38.666,38.3,38.301,83271.12
2025-11-13 15:45:00,38.301,38.429,38.102,38.369,234696.07
2025-11-13 16:00:00,38.36,38.526,38.293,38.391,85677.06
2025-11-13 16:15:00,38.382,38.449,37.801,38.044,221302.24
2025-11-13 16:30:00,38.047,38.232,37.89,37.994,136191.85
2025-11-13 16:45:00,37.995,38.106,37.856,37.88,109026.85
2025-11-13 17:00:00,37.881,37.953,37.677,37.678,96455.35
2025-11-13 17:15:00,37.678,37.963,37.538,37.816,238727.42
2025-11-13 17:30:00,37.803,37.899,37.258,37.319,252198.2
2025-11-13 17:45:00,37.322,37.558,37.261,37.333,218624.13
2025-11-13 18:00:00,37.332,37.4,36.895,37.069,359189.01
2025-11-13 18:15:00,37.07,37.185,36.841,37.106,148966.54
2025-11-13 18:30:00,37.111,37.335,36.553,37.254,607668.34
2025-11-13 18:45:00,37.255,37.699,37.065,37.67,266409.24
2025-11-13 19:00:00,37.677,38.087,37.595,38.04,444466.45
2025-11-13 19:15:00,38.039,38.039,37.501,38.012,160152.36
2025-11-13 19:30:00,38.013,38.1,37.558,37.645,178625.53
2025-11-13 19:45:00,37.645,37.719,37.398,37.511,152150.99
2025-11-13 20:00:00,37.524,37.529,37.19,37.347,181980.4
2025-11-13 20:15:00,37.348,37.848,37.163,37.8,190735.31
2025-11-13 20:30:00,37.8,37.97,37.618,37.804,178808.71
2025-11-13 20:45:00,37.801,37.883,37.452,37.475,83822.09
2025-11-13 21:00:00,37.469,37.929,37.426,37.877,151054.44
2025-11-13 21:15:00,37.876,37.876,37.538,37.686,43688.49
2025-11-13 21:30:00,37.686,37.747,37.502,37.735,51463.04
2025-11-13 21:45:00,37.742,37.914,37.711,37.799,61586.08
2025-11-13 22:00:00,37.8,38.042,37.617,38.013,236922.41
2025-11-13 22:15:00,37.997,38.234,37.993,38.115,188630.69
2025-11-13 22:30:00,38.116,38.36,38.059,38.344,129207.08
2025-11-13 22:45:00,38.343,38.591,38.188,38.514,219643.79
2025-11-13 23:00:00,38.532,38.754,38.351,38.734,114608.58
2025-11-13 23:15:00,38.734,39.05,38.685,39.0,204609.23
2025-11-13 23:30:00,39.025,39.141,38.917,38.976,133347.59
2025-11-13 23:45:00,38.975,38.999,38.567,38.568,95549.0
2025-11-14 00:00:00,38.567,38.626,38.163,38.202,190621.43
2025-11-14 00:15:00,38.183,38.298,37.826,38.26,191283.82
2025-11-14 00:30:00,38.247,38.441,38.097,38.22,62921.33
2025-11-14 00:45:00,38.214,38.22,37.839,38.021,88609.2
2025-11-14 01:00:00,38.023,38.122,37.879,38.012,31866.11
2025-11-14 01:15:00,38.019,38.262,37.838,37.875,60268.14
2025-11-14 01:30:00,37.893,38.021,37.73,37.865,30347.31
2025-11-14 01:45:00,37.865,37.964,37.757,37.775,35883.15
2025-11-14 02:00:00,37.778,38.242,37.765,38.21,58580.99
2025-11-14 02:15:00,38.209,38.379,38.144,38.218,46574.4
2025-11-14 02:30:00,38.22,38.388,38.204,38.279,45090.63
2025-11-14 02:45:00,38.278,38.339,38.062,38.136,35668.52
2025-11-14 03:00:00,38.149,38.191,38.045,38.181,13879.11
2025-11-14 03:15:00,38.182,38.182,37.918,37.97,47072.64
2025-11-14 03:30:00,37.97,37.98,37.602,37.625,149339.72
2025-11-14 03:45:00,37.634,37.838,37.55,37.838,182192.48
2025-11-14 04:00:00,37.834,37.838,37.534,37.683,42054.83
2025-11-14 04:15:00,37.693,37.792,37.511,37.6,26973.45
2025-11-14 04:30:00,37.581,37.625,36.611,37.088,503960.67
2025-11-14 04:45:00,37.08,37.375,36.899,37.141,225905.85
2025-11-14 05:00:00,37.141,37.328,37.001,37.133,81943.49
2025-11-14 05:15:00,37.133,37.356,37.048,37.048,66624.65
2025-11-14 05:30:00,37.047,37.324,36.999,37.172,107793.92
2025-11-14 05:45:00,37.172,37.372,37.05,37.104,72680.03
2025-11-14 06:00:00,37.107,37.15,36.999,37.032,122909.23
2025-11-14 06:15:00,37.031,37.065,36.421,36.801,278607.37
2025-11-14 06:30:00,36.801,36.919,36.444,36.45,120853.59
2025-11-14 06:45:00,36.458,37.444,36.412,37.392,450085.05
2025-11-14 07:00:00,37.423,37.836,37.366,37.643,367977.33
2025-11-14 07:15:00,37.64,37.779,37.525,37.751,118014.55
2025-11-14 07:30:00,37.737,37.807,37.504,37.612,41872.01
2025-11-14 07:45:00,37.623,37.934,37.468,37.492,76784.01
2025-11-14 08:00:00,37.501,37.538,37.184,37.202,83326.67
2025-11-14 08:15:00,37.192,37.408,37.18,37.209,65104.98
2025-11-14 08:30:00,37.209,37.348,37.149,37.255,44683.08
2025-11-14 08:45:00,37.254,37.322,37.04,37.276,86433.59
2025-11-14 09:00:00,37.268,37.541,37.228,37.298,103053.71
2025-11-14 09:15:00,37.299,37.353,37.042,37.219,72779.58
2025-11-14 09:30:00,37.204,37.24,36.912,37.224,98540.21
2025-11-14 09:45:00,37.217,37.221,36.936,36.973,43345.52
2025-11-14 10:00:00,36.989,37.294,36.989,37.209,72366.96
2025-11-14 10:15:00,37.212,37.437,37.151,37.412,61630.29
2025-11-14 10:30:00,37.411,37.744,37.381,37.696,72823.23
2025-11-14 10:45:00,37.695,37.722,37.303,37.352,91226.07
2025-11-14 11:00:00,37.351,37.352,37.093,37.149,91996.37
2025-11-14 11:15:00,37.148,37.165,36.947,37.004,58603.15
2025-11-14 11:30:00,37.012,37.033,36.751,36.936,47838.17
2025-11-14 11:45:00,36.936,37.034,36.68,36.886,96781.41
2025-11-14 12:00:00,36.881,36.881,36.543,36.585,74205.35
2025-11-14 12:15:00,36.57,36.815,36.522,36.699,89840.94
2025-11-14 12:30:00,36.699,36.811,36.04,36.304,348704.34
2025-11-14 12:45:00,36.302,36.849,36.251,36.696,315471.56
2025-11-14 13:00:00,36.687,36.7,36.311,36.387,230790.51
2025-11-14 13:15:00,36.385,36.536,36.2,36.536,136555.16
2025-11-14 13:30:00,36.536,36.595,36.309,36.366,113209.95
2025-11-14 13:45:00,36.366,36.878,36.178,36.874,162457.41
2025-11-14 14:00:00,36.869,37.117,36.677,36.988,250052.52
2025-11-14 14:15:00,36.988,37.273,36.959,37.056,140148.72
2025-11-14 14:30:00,37.057,38.029,36.72,38.001,454254.36
2025-11-14 14:45:00,38.002,38.057,37.422,37.509,331143.13
2025-11-14 15:00:00,37.509,37.655,37.23,37.282,123008.16
2025-11-14 15:15:00,37.282,37.544,37.08,37.443,216084.39
2025-11-14 15:30:00,37.444,37.671,37.375,37.666,107777.86
2025-11-14 15:45:00,37.667,38.061,37.643,38.019,468114.86
2025-11-14 16:00:00,38.02,38.02,37.615,37.846,147650.78
2025-11-14 16:15:00,37.839,38.289,37.803,38.206,139973.39
2025-11-14 16:30:00,38.208,38.26,37.732,37.766,390710.24
2025-11-14 16:45:00,37.766,37.874,37.681,37.745,141268.81
2025-11-14 17:00:00,37.757,37.883,37.391,37.518,244058.49
2025-11-14 17:15:00,37.518,37.599,37.205,37.236,149861.66
2025-11-14 17:30:00,37.226,37.331,37.116,37.135,86082.54
2025-11-14 17:45:00,37.128,37.134,36.743,36.841,346697.85
2025-11-14 18:00:00,36.842,37.4,36.756,37.379,187862.02
2025-11-14 18:15:00,37.373,37.4,37.14,37.399,77393.37
2025-11-14 18:30:00,37.4,37.44,37.109,37.182,38988.72
2025-11-14 18:45:00,37.181,37.402,37.101,37.375,106973.14
2025-11-14 19:00:00,37.37,37.539,37.265,37.537,71554.1
2025-11-14 19:15:00,37.539,37.901,37.52,37.793,83598.07
2025-11-14 19:30:00,37.803,37.86,37.718,37.763,125635.81
2025-11-14 19:45:00,37.75,38.013,37.573,38.002,153121.81
2025-11-14 20:00:00,38.007,38.013,37.776,37.819,51739.89
2025-11-14 20:15:00,37.814,37.865,37.551,37.563,99676.79
2025-11-14 20:30:00,37.564,37.646,37.034,37.181,160201.92
2025-11-14 20:45:00,37.17,37.446,37.083,37.425,89096.54
2025-11-14 21:00:00,37.428,37.653,37.374,37.653,113647.59
2025-11-14 21:15:00,37.653,37.788,37.504,37.563,54907.08
2025-11-14 21:30:00,37.563,37.918,37.554,37.914,62538.02
2025-11-14 21:45:00,37.916,37.958,37.81,37.89,57705.62
2025-11-14 22:00:00,37.879,38.209,37.866,37.888,129491.96
2025-11-14 22:15:00,37.895,38.26,37.886,38.244,47585.56
2025-11-14 22:30:00,38.252,38.602,38.217,38.256,154519.36
2025-11-14 22:45:00,38.256,38.318,37.999,38.124,94749.3
2025-11-14 23:00:00,38.129,38.138,37.095,37.469,221067.73
2025-11-14 23:15:00,37.46,37.535,37.106,37.23,133516.89
2025-11-14 23:30:00,37.23,37.646,37.135,37.577,109332.69
2025-11-14 23:45:00,37.57,37.671,37.363,37.522,68108.96
2025-11-15 00:00:00,37.52,37.791,37.513,37.644,59119.94
2025-11-15 00:15:00,37.648,37.768,37.612,37.722,14649.2
2025-11-15 00:30:00,37.711,37.732,37.381,37.532,30021.94
2025-11-15 00:45:00,37.538,37.64,37.325,37.639,20958.07
2025-11-15 01:00:00,37.641,37.736,37.549,37.728,26478.9
2025-11-15 01:15:00,37.722,37.926,37.709,37.888,43315.58
2025-11-15 01:30:00,37.886,38.038,37.882,38.026,60387.96
2025-11-15 01:45:00,38.023,38.105,37.998,38.094,90159.33
2025-11-15 02:00:00,38.094,38.094,37.951,38.05,27065.6
2025-11-15 02:15:00,38.046,38.295,37.993,38.219,101357.6
2025-11-15 02:30:00,38.22,38.532,38.132,38.531,57473.09
2025-11-15 02:45:00,38.532,38.688,38.44,38.688,96068.87
2025-11-15 03:00:00,38.688,38.845,38.674,38.807,67200.15
2025-11-15 03:15:00,38.808,38.88,38.704,38.82,53513.69
2025-11-15 03:30:00,38.821,38.832,38.534,38.782,148280.36
2025-11-15 03:45:00,38.779,38.852,38.651,38.841,45244.5
2025-11-15 04:00:00,38.842,38.854,38.477,38.604,96880.29
2025-11-15 04:15:00,38.596,38.744,38.523,38.528,20812.06
2025-11-15 04:30:00,38.529,38.613,38.336,38.345,92061.04
2025-11-15 04:45:00,38.346,38.54,38.339,38.477,16302.78
2025-11-15 05:00:00,38.477,38.597,38.328,38.359,29659.17
2025-11-15 05:15:00,38.363,38.588,38.363,38.55,42402.33
2025-11-15 05:30:00,38.56,38.616,38.47,38.585,22682.61
2025-11-15 05:45:00,38.591,38.687,38.591,38.62,12418.09
2025-11-15 06:00:00,38.629,38.838,38.581,38.773,61594.15
2025-11-15 06:15:00,38.766,38.928,38.76,38.829,60698.56
2025-11-15 06:30:00,38.839,38.909,38.717,38.758,49172.38
2025-11-15 06:45:00,38.758,38.889,38.656,38.764,36532.8
2025-11-15 07:00:00,38.764,39.028,38.748,39.005,69141.54
2025-11-15 07:15:00,39.005,39.17,38.994,39.09,72265.42
2025-11-15 07:30:00,39.12,39.12,39.003,39.073,40888.29
2025-11-15 07:45:00,39.072,39.32,39.016,39.152,37461.23
2025-11-15 08:00:00,39.151,39.206,39.027,39.087,51249.11
2025-11-15 08:15:00,39.087,39.175,38.898,38.99,63577.42
2025-11-15 08:30:00,38.99,39.23,38.801,39.087,45174.13
2025-11-15 08:45:00,39.074,39.14,38.95,39.047,38553.14
2025-11-15 09:00:00,39.046,39.295,38.972,39.215,29616.59
2025-11-15 09:15:00,39.209,39.583,39.183,39.273,154429.18
2025-11-15 09:30:00,39.27,39.302,39.12,39.15,20356.99
2025-11-15 09:45:00,39.145,39.146,38.914,38.951,38181.64
2025-11-15 10:00:00,38.956,38.97,38.807,38.922,31843.05
2025-11-15 10:15:00,38.915,39.04,38.818,38.96,18349.41
2025-11-15 10:30:00,38.959,39.2,38.951,39.188,19960.57
2025-11-15 10:45:00,39.189,39.217,39.012,39.016,44667.42
2025-11-15 11:00:00,39.013,39.069,38.901,39.0,22036.26
2025-11-15 11:15:00,39.007,39.056,38.947,39.041,14740.03
2025-11-15 11:30:00,39.041,39.041,38.601,38.636,55333.87
2025-11-15 11:45:00,38.635,38.694,38.514,38.671,21556.03
2025-11-15 12:00:00,38.668,38.739,38.599,38.718,18966.25
2025-11-15 12:15:00,38.717,39.004,38.699,39.003,52968.56
2025-11-15 12:30:00,39.001,39.039,38.8,38.8,30021.48
2025-11-15 12:45:00,38.81,38.856,38.775,38.779,10309.55
2025-11-15 13:00:00,38.779,38.85,38.627,38.832,19167.13
2025-11-15 13:15:00,38.832,38.986,38.808,38.929,15618.54
2025-11-15 13:30:00,38.93,39.06,38.86,38.86,22253.02
2025-11-15 13:45:00,38.86,39.052,38.7,39.052,32113.21
2025-11-15 14:00:00,39.046,39.08,38.878,38.896,42263.67
2025-11-15 14:15:00,38.896,38.897,38.563,38.584,109294.7
2025-11-15 14:30:00,38.585,38.66,38.535,38.632,57334.86
2025-11-15 14:45:00,38.634,38.936,38.592,38.935,60194.29
2025-11-15 15:00:00,38.936,39.035,38.748,39.008,28337.71
2025-11-15 15:15:00,39.009,39.115,38.939,39.1,43981.58
2025-11-15 15:30:00,39.096,39.328,39.058,39.227,82653.31
2025-11-15 15:45:00,39.227,39.291,39.151,39.213,70913.36
2025-11-15 16:00:00,39.212,39.212,38.929,39.07,72949.64
2025-11-15 16:15:00,39.059,39.096,38.846,38.858,46629.43
2025-11-15 16:30:00,38.858,39.006,38.785,39.006,43155.01
2025-11-15 16:45:00,38.993,39.143,38.951,39.099,23843.17
2025-11-15 17:00:00,39.099,39.132,38.812,38.823,19659.46
2025-11-15 17:15:00,38.825,38.879,38.553,38.741,73246.54
2025-11-15 17:30:00,38.745,38.868,38.63,38.711,19061.11
2025-11-15 17:45:00,38.719,38.856,38.687,38.809,18108.86
2025-11-15 18:00:00,38.808,39.012,38.77,38.949,54283.43
2025-11-15 18:15:00,38.949,38.962,38.749,38.83,15120.39
2025-11-15 18:30:00,38.824,38.94,38.757,38.896,16662.97
2025-11-15 18:45:00,38.884,38.894,38.733,38.814,18178.79
2025-11-15 19:00:00,38.818,38.948,38.786,38.906,10185.74
2025-11-15 19:15:00,38.905,38.918,38.654,38.725,14455.05
2025-11-15 19:30:00,38.724,38.741,38.65,38.686,6812.23
2025-11-15 19:45:00,38.686,38.72,38.595,38.69,13058.32
2025-11-15 20:00:00,38.7,38.729,38.62,38.726,4208.52
2025-11-15 20:15:00,38.718,38.718,38.56,38.581,8539.27
2025-11-15 20:30:00,38.569,38.678,38.515,38.516,10476.24
2025-11-15 20:45:00,38.516,38.586,38.355,38.46,36534.26
2025-11-15 21:00:00,38.465,38.796,38.465,38.786,28882.5
2025-11-15 21:15:00,38.794,38.821,38.677,38.703,19899.48
2025-11-15 21:30:00,38.703,38.721,38.501,38.518,18666.18
2025-11-15 21:45:00,38.518,38.531,38.367,38.376,70508.68
2025-11-15 22:00:00,38.377,38.56,38.31,38.56,26776.83
2025-11-15 22:15:00,38.562,38.563,38.448,38.501,23285.94
2025-11-15 22:30:00,38.489,38.536,38.408,38.528,8121.56
2025-11-15 22:45:00,38.529,38.624,38.483,38.62,17668.41
2025-11-15 23:00:00,38.621,38.68,38.578,38.671,11803.1
2025-11-15 23:15:00,38.671,38.703,38.504,38.514,11135.96
2025-11-15 23:30:00,38.516,38.62,38.485,38.499,22620.47
2025-11-15 23:45:00,38.494,38.756,38.48,38.602,43225.17
2025-11-16 00:00:00,38.599,38.66,38.432,38.432,47103.33
2025-11-16 00:15:00,38.44,38.526,38.39,38.414,67063.2
2025-11-16 00:30:00,38.415,38.584,38.342,38.574,51730.36
2025-11-16 00:45:00,38.575,38.602,38.452,38.476,57932.92
2025-11-16 01:00:00,38.476,38.558,38.199,38.498,156828.51
2025-11-16 01:15:00,38.49,38.659,38.433,38.499,143125.19
2025-11-16 01:30:00,38.499,38.534,38.163,38.188,64922.27
2025-11-16 01:45:00,38.184,38.435,38.069,38.422,50475.75
2025-11-16 02:00:00,38.421,38.546,38.28,38.44,40461.47
2025-11-16 02:15:00,38.451,38.74,38.451,38.738,36911.11
2025-11-16 02:30:00,38.739,38.846,38.723,38.812,44032.52
2025-11-16 02:45:00,38.81,38.851,38.695,38.764,14477.24
2025-11-16 03:00:00,38.763,38.808,38.696,38.799,32604.28
2025-11-16 03:15:00,38.799,38.889,38.771,38.806,22157.49
2025-11-16 03:30:00,38.805,38.839,38.7,38.795,19834.88
2025-11-16 03:45:00,38.789,38.828,38.57,38.676,38652.0
2025-11-16 04:00:00,38.675,38.875,38.555,38.874,107752.01
2025-11-16 04:15:00,38.874,38.95,38.667,38.739,76930.94
2025-11-16 04:30:00,38.738,38.751,38.581,38.68,51310.89
2025-11-16 04:45:00,38.679,38.778,38.633,38.778,21507.84
2025-11-16 05:00:00,38.78,39.007,38.78,39.0,69079.39
2025-11-16 05:15:00,39.0,39.041,38.9,38.907,20660.32
2025-11-16 05:30:00,38.908,38.913,38.758,38.808,44327.73
2025-11-16 05:45:00,38.808,38.92,38.794,38.865,11920.84
2025-11-16 06:00:00,38.87,39.255,38.828,39.152,98226.32
2025-11-16 06:15:00,39.152,39.252,39.119,39.24,6148.5
2025-11-16 06:30:00,39.232,39.282,39.09,39.1,23287.19
2025-11-16 06:45:00,39.089,39.194,39.075,39.134,21419.01
2025-11-16 07:00:00,39.134,39.2,39.107,39.111,28956.76
2025-11-16 07:15:00,39.11,39.248,39.049,39.242,45103.14
2025-11-16 07:30:00,39.24,39.293,39.058,39.081,40422.18
2025-11-16 07:45:00,39.082,39.299,39.082,39.225,50247.38
2025-11-16 08:00:00,39.223,39.3,39.106,39.151,67783.96
2025-11-16 08:15:00,39.151,39.184,39.064,39.065,63023.39
2025-11-16 08:30:00,39.066,39.24,39.04,39.106,23768.15
2025-11-16 08:45:00,39.11,39.188,39.026,39.134,32112.39
2025-11-16 09:00:00,39.14,39.157,38.938,39.02,36192.83
2025-11-16 09:15:00,39.023,39.07,38.904,39.036,13354.32
2025-11-16 09:30:00,39.045,39.165,39.006,39.147,12730.92
2025-11-16 09:45:00,39.148,39.811,39.142,39.811,222643.03
2025-11-16 10:00:00,39.802,39.834,39.614,39.801,74324.76
2025-11-16 10:15:00,39.801,40.05,39.741,39.981,156907.45
2025-11-16 10:30:00,39.981,40.519,39.959,40.249,202689.46
2025-11-16 10:45:00,40.248,40.329,40.04,40.072,137594.63
2025-11-16 11:00:00,40.08,40.211,39.788,39.79,84482.05
2025-11-16 11:15:00,39.79,39.919,39.383,39.49,280478.04
2025-11-16 11:30:00,39.49,39.56,39.103,39.22,147114.93
2025-11-16 11:45:00,39.209,39.376,39.209,39.307,27107.49
2025-11-16 12:00:00,39.291,39.484,39.22,39.296,66812.83
2025-11-16 12:15:00,39.303,39.553,39.289,39.306,31740.19
2025-11-16 12:30:00,39.306,39.36,38.951,39.173,176794.52
2025-11-16 12:45:00,39.174,39.33,39.0,39.085,105583.49
2025-11-16 13:00:00,39.088,39.262,38.937,39.17,57499.72
2025-11-16 13:15:00,39.17,39.2,39.033,39.034,33121.4
2025-11-16 13:30:00,39.034,39.097,38.75,38.751,80054.8
2025-11-16 13:45:00,38.751,38.751,38.407,38.694,181478.56
2025-11-16 14:00:00,38.695,38.799,38.591,38.666,70189.22
2025-11-16 14:15:00,38.667,38.798,38.646,38.767,50160.24
2025-11-16 14:30:00,38.763,38.89,38.72,38.819,45797.0
2025-11-16 14:45:00,38.824,38.844,38.668,38.693,22911.0
2025-11-16 15:00:00,38.693,38.719,38.464,38.554,117266.29
2025-11-16 15:15:00,38.554,38.698,38.5,38.53,44445.34
2025-11-16 15:30:00,38.531,38.596,38.5,38.52,50397.8
2025-11-16 15:45:00,38.521,38.555,38.07,38.223,194661.53
2025-11-16 16:00:00,38.206,38.514,38.015,38.137,139235.9
2025-11-16 16:15:00,38.144,38.206,38.073,38.163,45023.58
2025-11-16 16:30:00,38.162,38.2,37.879,38.101,98527.13
2025-11-16 16:45:00,38.102,38.213,37.85,37.945,63485.2
2025-11-16 17:00:00,37.944,37.974,37.705,37.793,166828.07
2025-11-16 17:15:00,37.793,37.98,37.657,37.933,65893.59
2025-11-16 17:30:00,37.938,38.005,37.752,37.768,32468.48
2025-11-16 17:45:00,37.772,37.933,37.504,37.873,83464.55
2025-11-16 18:00:00,37.867,38.489,37.851,38.367,228785.95
2025-11-16 18:15:00,38.364,38.412,38.046,38.128,83045.85
2025-11-16 18:30:00,38.136,38.16,37.819,37.85,55010.37
2025-11-16 18:45:00,37.85,37.942,37.7,37.903,75562.61
2025-11-16 19:00:00,37.906,38.279,37.855,38.247,98057.41
2025-11-16 19:15:00,38.247,38.321,38.044,38.249,57598.97
2025-11-16 19:30:00,38.246,38.352,38.143,38.197,53077.69
2025-11-16 19:45:00,38.197,38.269,38.017,38.05,47250.04
2025-11-16 20:00:00,38.071,38.345,38.037,38.24,44172.07
2025-11-16 20:15:00,38.24,38.493,38.121,38.438,49565.3
2025-11-16 20:30:00,38.44,38.475,38.207,38.243,41686.94
2025-11-16 20:45:00,38.243,38.282,38.01,38.06,50680.9
2025-11-16 21:00:00,38.06,38.144,37.812,37.843,155947.66
2025-11-16 21:15:00,37.842,37.893,37.493,37.639,166270.23
2025-11-16 21:30:00,37.639,37.888,37.579,37.888,93614.96
2025-11-16 21:45:00,37.87,37.92,37.8,37.882,30201.97
2025-11-16 22:00:00,37.871,37.958,37.6,37.873,102727.04
2025-11-16 22:15:00,37.873,38.036,37.783,37.986,56203.32
2025-11-16 22:30:00,37.989,38.223,37.89,38.033,149049.65
2025-11-16 22:45:00,38.033,38.501,38.017,38.27,107790.21
2025-11-16 23:00:00,38.27,38.368,37.716,38.35,200715.25
2025-11-16 23:15:00,38.36,38.758,38.306,38.725,133018.75
2025-11-16 23:30:00,38.734,38.75,38.609,38.715,82002.61
2025-11-16 23:45:00,38.716,38.745,38.515,38.706,86575.35
2025-11-17 00:00:00,38.706,38.723,38.477,38.511,49417.46
2025-11-17 00:15:00,38.512,38.74,38.206,38.735,106419.39
2025-11-17 00:30:00,38.736,38.804,38.477,38.659,124705.05
2025-11-17 00:45:00,38.662,39.041,38.604,38.887,121720.41
2025-11-17 01:00:00,38.888,38.994,38.698,38.719,67119.39
2025-11-17 01:15:00,38.719,38.773,38.503,38.735,61535.58
2025-11-17 01:30:00,38.734,38.745,38.45,38.491,35297.56
2025-11-17 01:45:00,38.495,38.545,38.36,38.374,22372.15
2025-11-17 02:00:00,38.375,38.723,38.324,38.694,23110.38
2025-11-17 02:15:00,38.696,38.736,38.358,38.362,16631.77
2025-11-17 02:30:00,38.361,38.426,38.293,38.366,41926.49
2025-11-17 02:45:00,38.366,38.462,38.357,38.405,25654.1
2025-11-17 03:00:00,38.404,38.646,38.404,38.638,26831.54
2025-11-17 03:15:00,38.638,38.701,38.437,38.463,33285.57
2025-11-17 03:30:00,38.464,38.666,38.458,38.578,49838.49
2025-11-17 03:45:00,38.578,38.749,38.578,38.749,39341.04
2025-11-17 04:00:00,38.738,38.774,38.512,38.516,34401.9
2025-11-17 04:15:00,38.516,38.704,38.467,38.687,14356.35
2025-11-17 04:30:00,38.694,38.708,38.525,38.697,18957.05
2025-11-17 04:45:00,38.697,38.7,38.522,38.562,24371.63
2025-11-17 05:00:00,38.562,38.692,38.445,38.469,71202.25
2025-11-17 05:15:00,38.468,38.497,38.322,38.426,62179.87
2025-11-17 05:30:00,38.426,38.439,38.278,38.35,27605.54
2025-11-17 05:45:00,38.346,38.504,38.346,38.385,18497.61
2025-11-17 06:00:00,38.397,38.521,38.254,38.3,43256.58
2025-11-17 06:15:00,38.309,38.471,38.28,38.421,30742.51
2025-11-17 06:30:00,38.424,38.43,38.299,38.353,20928.41
2025-11-17 06:45:00,38.351,38.59,38.344,38.53,52474.97
2025-11-17 07:00:00,38.53,38.7,38.516,38.574,39799.6
2025-11-17 07:15:00,38.574,38.704,38.423,38.54,96630.09
2025-11-17 07:30:00,38.54,38.617,38.441,38.511,32225.66
2025-11-17 07:45:00,38.511,38.639,38.48,38.573,28140.02
2025-11-17 08:00:00,38.574,38.85,38.573,38.627,48182.2
2025-11-17 08:15:00,38.628,38.85,38.626,38.766,22699.6
2025-11-17 08:30:00,38.766,38.83,38.622,38.624,17791.06
2025-11-17 08:45:00,38.622,38.789,38.6,38.761,8245.64
2025-11-17 09:00:00,38.761,38.797,38.3,38.571,66316.08
2025-11-17 09:15:00,38.571,38.794,38.56,38.736,27392.92
2025-11-17 09:30:00,38.735,38.84,38.588,38.823,30603.19
2025-11-17 09:45:00,38.828,38.88,38.827,38.849,49910.29
2025-11-17 10:00:00,38.85,38.962,38.83,38.925,23215.39
2025-11-17 10:15:00,38.925,38.949,38.781,38.856,27549.19
2025-11-17 10:30:00,38.852,38.93,38.735,38.812,19951.69
2025-11-17 10:45:00,38.809,38.89,38.687,38.771,14189.96
2025-11-17 11:00:00,38.771,38.896,38.74,38.894,6502.43
2025-11-17 11:15:00,38.894,39.077,38.877,39.06,49496.62
2025-11-17 11:30:00,39.058,39.167,39.006,39.041,75677.13
2025-11-17 11:45:00,39.027,39.238,38.976,39.228,41801.04
2025-11-17 12:00:00,39.228,39.285,39.063,39.063,47307.34
2025-11-17 12:15:00,39.072,39.163,38.903,39.037,61593.85
2025-11-17 12:30:00,39.027,39.044,38.92,39.0,68512.65
2025-11-17 12:45:00,39.0,39.0,38.8,38.81,36330.99
2025-11-17 13:00:00,38.82,38.84,38.23,38.407,227800.95
2025-11-17 13:15:00,38.412,38.512,37.881,37.999,142564.36
2025-11-17 13:30:00,38.005,38.056,37.633,37.675,156821.39
2025-11-17 13:45:00,37.679,37.828,37.343,37.708,301025.87
2025-11-17 14:00:00,37.71,37.894,37.517,37.703,131862.04
2025-11-17 14:15:00,37.707,37.984,37.673,37.751,107134.45
2025-11-17 14:30:00,37.75,38.564,37.699,38.171,202850.7
2025-11-17 14:45:00,38.194,38.449,37.902,38.011,146888.1
2025-11-17 15:00:00,38.023,38.052,37.597,37.841,164766.24
2025-11-17 15:15:00,37.848,38.08,37.637,38.071,168829.21
2025-11-17 15:30:00,38.079,38.128,37.686,37.819,93921.14
2025-11-17 15:45:00,37.809,37.838,37.477,37.543,62321.96
2025-11-17 16:00:00,37.542,37.573,37.19,37.191,150623.95
2025-11-17 16:15:00,37.191,37.446,37.11,37.431,129627.16
2025-11-17 16:30:00,37.435,37.885,37.386,37.788,223006.79
2025-11-17 16:45:00,37.782,38.143,37.563,38.122,199714.74
2025-11-17 17:00:00,38.129,38.148,37.886,37.902,137881.02
2025-11-17 17:15:00,37.905,38.016,37.631,37.662,146774.21
2025-11-17 17:30:00,37.665,37.774,37.5,37.514,125271.55
2025-11-17 17:45:00,37.521,37.767,37.421,37.725,132073.65
2025-11-17 18:00:00,37.736,37.968,37.575,37.65,133309.35
2025-11-17 18:15:00,37.651,37.884,37.577,37.728,82895.91
2025-11-17 18:30:00,37.733,38.124,37.732,38.109,123768.93
2025-11-17 18:45:00,38.114,38.217,37.995,38.061,167720.07
2025-11-17 19:00:00,38.058,38.077,37.732,37.84,123769.1
2025-11-17 19:15:00,37.846,37.952,37.574,37.7,110159.58
2025-11-17 19:30:00,37.701,37.768,37.352,37.494,154254.78
2025-11-17 19:45:00,37.493,37.795,37.41,37.685,134540.18
2025-11-17 20:00:00,37.68,37.96,37.587,37.707,151209.24
2025-11-17 20:15:00,37.713,38.318,37.685,38.184,222870.88
2025-11-17 20:30:00,38.186,38.375,38.043,38.121,134641.27
2025-11-17 20:45:00,38.123,38.74,38.114,38.495,233020.9
2025-11-17 21:00:00,38.474,38.911,38.474,38.709,221343.38
2025-11-17 21:15:00,38.709,38.709,38.283,38.435,171570.15
2025-11-17 21:30:00,38.438,38.522,38.152,38.319,146915.44
2025-11-17 21:45:00,38.311,38.335,38.139,38.312,83798.26
2025-11-17 22:00:00,38.309,38.561,38.185,38.396,111140.27
2025-11-17 22:15:00,38.4,38.479,38.137,38.329,77505.05
2025-11-17 22:30:00,38.325,38.41,38.264,38.33,35029.13
2025-11-17 22:45:00,38.33,38.449,38.255,38.272,28554.56
2025-11-17 23:00:00,38.272,38.487,38.205,38.401,75280.6
2025-11-17 23:15:00,38.4,38.578,38.343,38.499,184157.52
2025-11-17 23:30:00,38.49,38.934,38.424,38.686,158456.42
2025-11-17 23:45:00,38.686,39.322,38.671,39.322,168582.64
2025-11-18 00:00:00,39.323,39.53,39.176,39.277,126300.23
2025-11-18 00:15:00,39.289,39.332,39.072,39.079,71241.51
2025-11-18 00:30:00,39.079,39.109,38.587,38.599,157498.88
2025-11-18 00:45:00,38.599,39.26,38.527,39.242,142107.2
2025-11-18 01:00:00,39.246,39.465,39.016,39.437,152969.83
2025-11-18 01:15:00,39.438,39.789,39.268,39.374,152484.05
2025-11-18 01:30:00,39.363,39.416,39.234,39.373,65294.54
2025-11-18 01:45:00,39.374,39.433,39.053,39.156,75688.66
2025-11-18 02:00:00,39.146,39.146,38.699,39.007,141887.41
2025-11-18 02:15:00,39.006,40.025,38.739,39.934,340703.19
2025-11-18 02:30:00,39.935,40.12,39.547,39.731,138605.86
2025-11-18 02:45:00,39.727,39.931,39.444,39.599,134520.34
2025-11-18 03:00:00,39.599,39.842,39.359,39.735,186594.32
2025-11-18 03:15:00,39.741,40.022,39.733,39.989,123901.78
2025-11-18 03:30:00,39.983,40.447,39.538,40.381,342727.82
2025-11-18 03:45:00,40.386,40.9,40.359,40.407,350815.18
2025-11-18 04:00:00,40.407,40.575,40.157,40.173,119512.51
2025-11-18 04:15:00,40.176,40.413,40.015,40.071,97486.08
2025-11-18 04:30:00,40.089,40.389,39.921,39.948,97502.47
2025-11-18 04:45:00,39.933,40.633,39.76,40.584,262219.66
2025-11-18 05:00:00,40.583,41.311,40.35,41.251,489914.36
2025-11-18 05:15:00,41.251,41.708,40.833,40.85,447028.2
2025-11-18 05:30:00,40.85,40.981,40.646,40.709,178003.51
2025-11-18 05:45:00,40.713,40.916,40.67,40.758,99551.47
2025-11-18 06:00:00,40.758,40.781,40.568,40.772,59664.65
2025-11-18 06:15:00,40.783,40.791,40.25,40.278,201914.9
2025-11-18 06:30:00,40.278,40.357,39.819,39.884,243207.5
2025-11-18 06:45:00,39.896,40.051,39.643,39.734,219295.01
2025-11-18 07:00:00,39.733,39.902,39.561,39.804,164644.82
2025-11-18 07:15:00,39.805,39.991,39.614,39.987,115199.91
2025-11-18 07:30:00,39.987,40.344,39.957,40.269,129430.2
2025-11-18 07:45:00,40.27,40.53,40.254,40.262,145758.51
2025-11-18 08:00:00,40.269,40.861,40.247,40.85,206998.33
2025-11-18 08:15:00,40.85,41.322,40.786,41.098,275917.04
2025-11-18 08:30:00,41.101,41.48,41.083,41.33,85949.73
2025-11-18 08:45:00,41.344,41.382,41.154,41.16,47039.98
2025-11-18 09:00:00,41.165,41.185,40.8,40.965,102195.99
2025-11-18 09:15:00,40.966,41.213,40.833,40.864,32359.7
2025-11-18 09:30:00,40.868,40.939,40.697,40.872,79239.47
2025-11-18 09:45:00,40.871,41.336,40.845,41.288,73190.11
2025-11-18 10:00:00,41.289,41.37,41.023,41.039,68808.05
2025-11-18 10:15:00,41.04,41.221,40.856,40.948,60247.09
2025-11-18 10:30:00,40.948,41.29,40.916,41.008,102542.5
2025-11-18 10:45:00,41.007,41.17,40.91,41.152,73729.1
2025-11-18 11:00:00,41.161,41.202,40.844,40.892,63992.25
2025-11-18 11:15:00,40.896,41.087,40.781,41.014,110621.91
2025-11-18 11:30:00,41.003,41.147,40.858,41.146,61757.07
2025-11-18 11:45:00,41.146,41.31,41.05,41.115,81184.87
2025-11-18 12:00:00,41.112,41.347,40.997,41.023,83620.95
2025-11-18 12:15:00,41.022,41.437,40.999,41.162,102606.01
2025-11-18 12:30:00,41.154,41.62,41.151,41.547,79226.83
2025-11-18 12:45:00,41.548,41.641,40.898,41.136,133643.81
2025-11-18 13:00:00,41.136,41.209,40.587,40.666,240313.8
2025-11-18 13:15:00,40.666,40.79,40.215,40.229,156653.0
2025-11-18 13:30:00,40.226,40.551,40.165,40.337,151359.42
2025-11-18 13:45:00,40.345,40.518,40.302,40.45,45886.65
2025-11-18 14:00:00,40.449,40.571,40.141,40.225,88029.35
2025-11-18 14:15:00,40.219,40.276,39.7,39.717,294684.69
2025-11-18 14:30:00,39.717,40.23,38.861,38.911,645157.48
2025-11-18 14:45:00,38.898,39.28,38.308,38.54,1232135.8
2025-11-18 15:00:00,38.54,38.828,38.417,38.689,438503.12
2025-11-18 15:15:00,38.689,39.323,38.555,39.28,364647.52
2025-11-18 15:30:00,39.28,39.363,38.607,38.962,242844.24
2025-11-18 15:45:00,38.962,39.085,38.666,38.909,91270.77
2025-11-18 16:00:00,38.898,39.144,38.726,39.091,114231.21
2025-11-18 16:15:00,39.096,39.511,39.023,39.44,188055.6
2025-11-18 16:30:00,39.428,39.588,38.861,39.005,154535.36
2025-11-18 16:45:00,39.006,39.084,38.76,39.081,80564.01
2025-11-18 17:00:00,39.08,39.092,38.811,38.956,65720.11
2025-11-18 17:15:00,38.938,38.955,38.345,38.421,151916.29
2025-11-18 17:30:00,38.415,38.64,38.269,38.536,92498.81
2025-11-18 17:45:00,38.537,38.614,38.313,38.608,65952.93
2025-11-18 18:00:00,38.597,38.916,38.589,38.866,71953.12
2025-11-18 18:15:00,38.865,38.886,38.668,38.728,46646.5
2025-11-18 18:30:00,38.738,38.854,38.637,38.662,74590.0
2025-11-18 18:45:00,38.662,38.822,38.384,38.498,66126.23
2025-11-18 19:00:00,38.505,38.741,38.414,38.646,95693.31
2025-11-18 19:15:00,38.661,38.726,38.5,38.718,66748.32
2025-11-18 19:30:00,38.724,38.733,38.494,38.566,40249.17
2025-11-18 19:45:00,38.562,38.649,38.475,38.633,32075.96
2025-11-18 20:00:00,38.639,38.7,38.555,38.692,24508.27
2025-11-18 20:15:00,38.7,38.883,38.687,38.883,29241.99
2025-11-18 20:30:00,38.882,38.918,38.745,38.864,41085.64
2025-11-18 20:45:00,38.866,39.115,38.757,38.91,82683.9
2025-11-18 21:00:00,38.919,39.092,38.802,39.087,27861.35
2025-11-18 21:15:00,39.087,39.291,39.028,39.15,46030.95
2025-11-18 21:30:00,39.149,39.408,38.901,39.065,237865.53
2025-11-18 21:45:00,39.095,39.095,38.753,38.797,117760.36
2025-11-18 22:00:00,38.8,39.071,38.775,39.056,50917.2
2025-11-18 22:15:00,39.056,39.057,38.883,38.961,64926.44
2025-11-18 22:30:00,38.961,39.132,38.894,38.904,19872.87
2025-11-18 22:45:00,38.904,39.096,38.844,39.069,36854.53
2025-11-18 23:00:00,39.068,39.14,38.887,38.955,30104.28
2025-11-18 23:15:00,38.956,39.014,38.849,38.849,7167.04
2025-11-18 23:30:00,38.85,38.917,38.807,38.89,14694.98
2025-11-18 23:45:00,38.891,38.894,38.663,38.675,40176.3
2025-11-19 00:00:00,38.675,38.682,38.363,38.458,81244.96
2025-11-19 00:15:00,38.458,38.502,38.313,38.463,29624.91
2025-11-19 00:30:00,38.462,38.72,38.416,38.643,54461.85
2025-11-19 00:45:00,38.632,38.831,38.543,38.765,47092.49
2025-11-19 01:00:00,38.77,38.797,38.486,38.486,27542.27
2025-11-19 01:15:00,38.487,38.795,38.486,38.751,25469.0
2025-11-19 01:30:00,38.752,38.785,38.564,38.674,21031.16
2025-11-19 01:45:00,38.675,38.799,38.53,38.799,23313.92
2025-11-19 02:00:00,38.799,39.029,38.665,39.002,52960.97
2025-11-19 02:15:00,39.004,39.052,38.786,38.929,35930.4
2025-11-19 02:30:00,38.918,39.06,38.867,38.924,18882.31
2025-11-19 02:45:00,38.918,39.132,38.892,39.023,22106.18
2025-11-19 03:00:00,39.02,39.05,38.778,38.812,59271.09
2025-11-19 03:15:00,38.803,38.827,38.72,38.75,18408.45
2025-11-19 03:30:00,38.755,38.762,38.553,38.602,41886.44
2025-11-19 03:45:00,38.591,38.646,38.337,38.367,82102.8
2025-11-19 04:00:00,38.362,38.404,38.194,38.313,96305.76
2025-11-19 04:15:00,38.317,38.362,38.212,38.214,35257.33
2025-11-19 04:30:00,38.213,38.244,37.8,38.018,253850.28
2025-11-19 04:45:00,38.016,38.414,37.958,38.15,181049.63
2025-11-19 05:00:00,38.15,38.367,38.025,38.041,65563.07
2025-11-19 05:15:00,38.041,38.164,37.992,38.08,56831.29
2025-11-19 05:30:00,38.09,38.133,37.938,37.968,54933.49
2025-11-19 05:45:00,37.968,37.989,37.63,37.828,182524.7
2025-11-19 06:00:00,37.821,37.977,37.705,37.826,97253.54
2025-11-19 06:15:00,37.83,38.021,37.774,38.005,83342.47
2025-11-19 06:30:00,38.008,38.2,37.897,38.113,109242.45
2025-11-19 06:45:00,38.112,38.586,38.108,38.53,143120.62
2025-11-19 07:00:00,38.526,38.684,38.366,38.669,110902.82
2025-11-19 07:15:00,38.667,38.676,38.497,38.55,48896.86
2025-11-19 07:30:00,38.547,38.676,38.433,38.652,45366.37
2025-11-19 07:45:00,38.652,38.73,38.543,38.628,51572.76
2025-11-19 08:00:00,38.631,38.643,38.495,38.624,29587.98
2025-11-19 08:15:00,38.616,38.73,38.429,38.719,50079.77
2025-11-19 08:30:00,38.719,38.73,38.466,38.476,50853.88
2025-11-19 08:45:00,38.475,38.528,38.3,38.333,72550.43
2025-11-19 09:00:00,38.34,38.37,38.204,38.204,63142.68
2025-11-19 09:15:00,38.203,38.263,37.962,38.094,74364.74
2025-11-19 09:30:00,38.088,38.213,38.038,38.194,55513.49
2025-11-19 09:45:00,38.193,38.231,38.038,38.212,45039.86
2025-11-19 10:00:00,38.211,38.231,38.1,38.151,31436.1
2025-11-19 10:15:00,38.15,38.199,38.076,38.178,23273.86
2025-11-19 10:30:00,38.185,38.231,38.113,38.2,27530.86
2025-11-19 10:45:00,38.2,38.201,38.08,38.085,14904.3
2025-11-19 11:00:00,38.086,38.357,38.064,38.294,56902.28
2025-11-19 11:15:00,38.294,38.317,38.111,38.152,52648.91
2025-11-19 11:30:00,38.154,38.276,38.092,38.24,72931.18
2025-11-19 11:45:00,38.243,38.269,37.959,38.241,128172.35
2025-11-19 12:00:00,38.242,38.405,38.146,38.207,48087.99
2025-11-19 12:15:00,38.208,38.302,38.167,38.183,37924.01
2025-11-19 12:30:00,38.183,38.237,38.011,38.07,60164.28
2025-11-19 12:45:00,38.07,38.288,38.06,38.2,46270.95
2025-11-19 13:00:00,38.198,38.208,37.997,38.135,51602.25
2025-11-19 13:15:00,38.134,38.233,38.01,38.205,37623.38
2025-11-19 13:30:00,38.215,38.264,38.061,38.164,42211.25
2025-11-19 13:45:00,38.167,38.197,37.839,37.848,92387.67
2025-11-19 14:00:00,37.848,38.133,37.816,38.085,51935.44
2025-11-19 14:15:00,38.091,38.092,37.716,37.744,65552.02
2025-11-19 14:30:00,37.744,38.126,37.744,38.106,61154.4
2025-11-19 14:45:00,38.093,38.154,37.896,38.043,60946.77
2025-11-19 15:00:00,38.043,38.57,38.042,38.298,169855.73
2025-11-19 15:15:00,38.301,38.458,37.625,37.713,126099.91
2025-11-19 15:30:00,37.713,37.817,37.5,37.7,181536.49
2025-11-19 15:45:00,37.701,37.701,37.311,37.353,196210.68
2025-11-19 16:00:00,37.362,37.605,37.19,37.243,199384.87
2025-11-19 16:15:00,37.243,37.39,37.177,37.31,191004.27
2025-11-19 16:30:00,37.31,37.528,37.202,37.411,114533.83
2025-11-19 16:45:00,37.41,37.508,37.227,37.432,67789.92
2025-11-19 17:00:00,37.432,37.528,37.235,37.333,89959.87
2025-11-19 17:15:00,37.333,37.582,37.27,37.563,90139.73
2025-11-19 17:30:00,37.563,37.888,37.314,37.765,170123.69
2025-11-19 17:45:00,37.744,37.868,37.563,37.689,92991.76
2025-11-19 18:00:00,37.687,37.826,37.571,37.803,110360.71
2025-11-19 18:15:00,37.798,37.836,37.306,37.321,100750.19
2025-11-19 18:30:00,37.321,37.508,37.306,37.373,53669.19
2025-11-19 18:45:00,37.374,37.652,37.332,37.646,62808.37
2025-11-19 19:00:00,37.639,37.715,37.492,37.605,33861.24
2025-11-19 19:15:00,37.606,37.725,37.518,37.587,43139.1
2025-11-19 19:30:00,37.574,37.61,37.291,37.357,90194.97
2025-11-19 19:45:00,37.357,37.733,37.202,37.63,114471.06
2025-11-19 20:00:00,37.635,37.808,37.581,37.68,57618.26
2025-11-19 20:15:00,37.682,38.136,37.682,38.11,157949.4
2025-11-19 20:30:00,38.111,38.174,37.936,38.06,167249.85
2025-11-19 20:45:00,38.076,38.445,38.01,38.404,197155.84
2025-11-19 21:00:00,38.389,38.479,38.06,38.256,239236.31
2025-11-19 21:15:00,38.258,39.006,38.25,38.458,506726.11
2025-11-19 21:30:00,38.464,38.698,38.413,38.698,131439.51
2025-11-19 21:45:00,38.698,38.8,38.346,38.349,155423.08
2025-11-19 22:00:00,38.349,38.371,38.156,38.215,93059.86
2025-11-19 22:15:00,38.215,38.317,38.084,38.306,59009.95
2025-11-19 22:30:00,38.301,38.484,38.275,38.329,91767.85
2025-11-19 22:45:00,38.329,38.385,38.209,38.373,42853.49
2025-11-19 23:00:00,38.373,38.806,38.373,38.748,102045.55
2025-11-19 23:15:00,38.746,38.89,38.576,38.591,62253.38
2025-11-19 23:30:00,38.579,38.726,38.493,38.564,91237.37
2025-11-19 23:45:00,38.563,38.948,38.553,38.872,62739.16
2025-11-20 00:00:00,38.872,38.887,38.36,38.609,162354.26
2025-11-20 00:15:00,38.609,38.785,38.542,38.754,39820.09
2025-11-20 00:30:00,38.752,39.0,38.634,38.991,66753.39
2025-11-20 00:45:00,38.983,39.102,38.8,38.867,196700.91
2025-11-20 01:00:00,38.855,39.074,38.784,38.846,105340.07
2025-11-20 01:15:00,38.846,39.109,38.792,39.069,127304.83
2025-11-20 01:30:00,39.068,39.347,39.044,39.344,222951.96
2025-11-20 01:45:00,39.343,39.354,39.04,39.179,151728.72
2025-11-20 02:00:00,39.179,39.334,39.132,39.279,54473.68
2025-11-20 02:15:00,39.293,39.352,39.155,39.209,252200.03
2025-11-20 02:30:00,39.208,39.412,39.195,39.374,83986.87
2025-11-20 02:45:00,39.374,39.431,39.308,39.37,68685.42
2025-11-20 03:00:00,39.369,39.602,39.369,39.596,92141.45
2025-11-20 03:15:00,39.588,39.813,39.342,39.352,195027.19
2025-11-20 03:30:00,39.351,39.58,39.304,39.546,89492.16
2025-11-20 03:45:00,39.546,39.58,39.275,39.293,42135.62
2025-11-20 04:00:00,39.286,39.336,39.056,39.213,74009.23
2025-11-20 04:15:00,39.213,39.276,38.95,39.209,68478.81
2025-11-20 04:30:00,39.209,39.431,39.111,39.365,26585.77
2025-11-20 04:45:00,39.365,39.621,39.354,39.606,39419.15
2025-11-20 05:00:00,39.605,39.608,39.37,39.509,31582.19
2025-11-20 05:15:00,39.516,39.735,39.413,39.537,51467.96
2025-11-20 05:30:00,39.537,39.656,39.425,39.446,62429.65
2025-11-20 05:45:00,39.447,39.6,39.445,39.498,16678.15
2025-11-20 06:00:00,39.498,39.52,39.39,39.446,41682.56
2025-11-20 06:15:00,39.445,39.448,39.288,39.3,26565.05
2025-11-20 06:30:00,39.3,39.401,39.037,39.063,58741.98
2025-11-20 06:45:00,39.068,39.209,38.964,39.128,58697.75
2025-11-20 07:00:00,39.132,39.244,39.042,39.226,27517.32
2025-11-20 07:15:00,39.229,39.283,39.134,39.252,18443.55
2025-11-20 07:30:00,39.252,39.341,39.209,39.298,31045.97
2025-11-20 07:45:00,39.301,39.466,39.291,39.458,26635.15
2025-11-20 08:00:00,39.458,39.466,39.286,39.329,35005.3
2025-11-20 08:15:00,39.329,39.494,39.328,39.48,14088.69
2025-11-20 08:30:00,39.48,39.497,39.366,39.412,22390.81
2025-11-20 08:45:00,39.414,39.476,39.337,39.409,17464.57
2025-11-20 09:00:00,39.404,39.404,39.211,39.31,36516.25
2025-11-20 09:15:00,39.305,39.348,39.006,39.149,153473.43
2025-11-20 09:30:00,39.149,39.199,39.035,39.095,45018.17
2025-11-20 09:45:00,39.097,39.225,38.99,39.215,31801.58
2025-11-20 10:00:00,39.215,39.243,38.988,39.007,43959.09
2025-11-20 10:15:00,39.003,39.262,38.995,39.235,28655.82
2025-11-20 10:30:00,39.237,39.262,39.049,39.166,13516.68
2025-11-20 10:45:00,39.163,39.225,39.138,39.213,12573.19
2025-11-20 11:00:00,39.21,39.262,39.136,39.262,23159.64
2025-11-20 11:15:00,39.262,39.262,39.069,39.168,28602.59
2025-11-20 11:30:00,39.163,39.296,39.141,39.263,19029.06
2025-11-20 11:45:00,39.269,39.308,39.222,39.303,18847.64
2025-11-20 12:00:00,39.303,39.374,39.261,39.28,36824.16
2025-11-20 12:15:00,39.281,39.38,39.267,39.289,18685.65
2025-11-20 12:30:00,39.288,39.424,39.249,39.273,32551.44
2025-11-20 12:45:00,39.28,39.354,39.172,39.257,68780.32
2025-11-20 13:00:00,39.258,39.258,39.082,39.212,76467.25
2025-11-20 13:15:00,39.213,39.225,39.055,39.127,51371.01
2025-11-20 13:30:00,39.114,39.357,38.976,38.98,111926.31
2025-11-20 13:45:00,38.991,39.152,38.906,38.963,62422.93
2025-11-20 14:00:00,38.97,39.038,38.61,38.726,141639.01
2025-11-20 14:15:00,38.731,39.04,38.695,39.011,83906.54
2025-11-20 14:30:00,39.012,39.121,38.717,38.837,138666.7
2025-11-20 14:45:00,38.832,38.947,38.662,38.932,86758.84
2025-11-20 15:00:00,38.928,38.954,38.52,38.666,83729.65
2025-11-20 15:15:00,38.684,38.967,38.58,38.865,87315.92
2025-11-20 15:30:00,38.866,38.921,38.647,38.684,31420.01
2025-11-20 15:45:00,38.686,38.686,38.419,38.476,86888.63
2025-11-20 16:00:00,38.478,38.551,37.785,37.889,497139.83
2025-11-20 16:15:00,37.893,38.111,37.621,37.884,305523.77
2025-11-20 16:30:00,37.898,37.968,37.662,37.698,127219.83
2025-11-20 16:45:00,37.698,38.041,37.657,37.989,159593.75
2025-11-20 17:00:00,37.99,38.034,37.422,37.714,354365.42
2025-11-20 17:15:00,37.706,37.98,37.632,37.868,173122.26
2025-11-20 17:30:00,37.876,38.12,37.754,38.054,147405.19
2025-11-20 17:45:00,38.062,38.262,37.947,38.223,138824.34
2025-11-20 18:00:00,38.223,38.294,37.942,38.035,226253.15
2025-11-20 18:15:00,38.035,38.066,37.826,37.888,83716.77
2025-11-20 18:30:00,37.888,37.963,37.75,37.78,74092.22
2025-11-20 18:45:00,37.781,37.781,37.389,37.552,278392.95
2025-11-20 19:00:00,37.552,37.743,37.371,37.671,158520.58
2025-11-20 19:15:00,37.672,37.923,37.53,37.83,106240.08
2025-11-20 19:30:00,37.829,37.85,37.655,37.756,45241.28
2025-11-20 19:45:00,37.747,37.901,37.65,37.884,56500.09
2025-11-20 20:00:00,37.884,37.884,37.455,37.482,37652.7
2025-11-20 20:15:00,37.483,37.769,37.461,37.747,79757.77
2025-11-20 20:30:00,37.747,37.81,37.5,37.594,62165.13
2025-11-20 20:45:00,37.592,37.676,37.53,37.63,27876.13
2025-11-20 21:00:00,37.622,37.934,37.611,37.906,174398.34
2025-11-20 21:15:00,37.906,38.289,37.862,37.959,169404.92
2025-11-20 21:30:00,37.955,38.179,37.914,38.179,39596.8
2025-11-20 21:45:00,38.176,38.216,37.931,37.951,24876.77
2025-11-20 22:00:00,37.95,38.199,37.904,38.113,19602.93
2025-11-20 22:15:00,38.103,38.284,38.099,38.259,37767.99
2025-11-20 22:30:00,38.263,38.316,38.065,38.117,30464.79
2025-11-20 22:45:00,38.117,38.4,38.109,38.355,75287.52
2025-11-20 23:00:00,38.355,38.397,38.037,38.102,66856.08
2025-11-20 23:15:00,38.098,38.107,37.828,37.829,61088.56
2025-11-20 23:30:00,37.829,37.929,37.575,37.804,192199.49
2025-11-20 23:45:00,37.803,37.803,37.5,37.55,39497.23
2025-11-21 00:00:00,37.549,37.88,37.54,37.88,47170.49
2025-11-21 00:15:00,37.86,38.2,37.812,38.176,90425.09
2025-11-21 00:30:00,38.171,38.478,37.927,38.286,160288.72
2025-11-21 00:45:00,38.278,38.488,38.234,38.387,152695.53
2025-11-21 01:00:00,38.387,38.544,38.364,38.471,89511.29
2025-11-21 01:15:00,38.457,38.545,38.277,38.381,35980.79
2025-11-21 01:30:00,38.388,38.402,38.099,38.179,55318.49
2025-11-21 01:45:00,38.186,38.19,37.921,37.949,59789.39
2025-11-21 02:00:00,37.95,37.999,37.816,37.834,104723.23
2025-11-21 02:15:00,37.857,38.121,37.814,37.949,67593.79
2025-11-21 02:30:00,37.934,38.004,37.716,37.716,72284.69
2025-11-21 02:45:00,37.716,37.942,37.503,37.617,98829.13
2025-11-21 03:00:00,37.6,38.018,37.568,37.619,256965.8
2025-11-21 03:15:00,37.621,37.711,36.833,37.072,546418.07
2025-11-21 03:30:00,37.061,37.378,36.984,37.146,308812.69
2025-11-21 03:45:00,37.143,37.198,36.856,36.878,200480.03
2025-11-21 04:00:00,36.879,36.925,36.646,36.743,162797.98
2025-11-21 04:15:00,36.739,36.916,36.6,36.874,84028.62
2025-11-21 04:30:00,36.87,36.999,36.596,36.914,66534.25
2025-11-21 04:45:00,36.92,37.074,36.745,37.044,80936.04
2025-11-21 05:00:00,37.044,37.274,36.99,37.163,64650.26
2025-11-21 05:15:00,37.163,37.235,36.992,37.018,29415.42
2025-11-21 05:30:00,37.017,37.061,36.78,36.841,66639.01
2025-11-21 05:45:00,36.851,36.856,36.572,36.634,204134.06
2025-11-21 06:00:00,36.639,36.848,36.623,36.79,74645.0
2025-11-21 06:15:00,36.788,36.795,36.126,36.168,314093.32
2025-11-21 06:30:00,36.144,36.353,35.682,35.897,725037.88
2025-11-21 06:45:00,35.897,36.004,35.595,35.597,313012.21
2025-11-21 07:00:00,35.596,35.622,35.325,35.356,304401.25
2025-11-21 07:15:00,35.362,35.515,35.203,35.43,414188.89
2025-11-21 07:30:00,35.43,35.461,32.103,34.551,2980553.88
2025-11-21 07:45:00,34.552,34.602,33.895,34.272,625952.5
2025-11-21 08:00:00,34.272,34.696,34.0,34.424,431981.07
2025-11-21 08:15:00,34.429,34.841,34.33,34.33,348898.03
2025-11-21 08:30:00,34.329,34.523,34.033,34.237,167818.49
2025-11-21 08:45:00,34.236,34.559,34.206,34.287,124038.2
2025-11-21 09:00:00,34.279,34.548,34.275,34.485,111757.32
2025-11-21 09:15:00,34.485,34.519,33.672,33.681,434916.55
2025-11-21 09:30:00,33.674,33.82,33.35,33.498,343362.01
2025-11-21 09:45:00,33.484,33.695,33.029,33.433,395642.21
2025-11-21 10:00:00,33.433,33.689,32.99,33.289,451447.64
2025-11-21 10:15:00,33.289,33.521,32.265,32.538,702024.46
2025-11-21 10:30:00,32.538,33.039,32.408,32.75,567386.76
2025-11-21 10:45:00,32.752,32.97,32.613,32.917,144046.18
2025-11-21 11:00:00,32.916,33.362,32.889,33.154,231657.18
2025-11-21 11:15:00,33.154,33.224,32.911,32.972,123070.93
2025-11-21 11:30:00,32.971,33.135,32.482,32.554,161574.98
2025-11-21 11:45:00,32.554,32.649,32.237,32.478,217767.38
2025-11-21 12:00:00,32.479,32.5,32.005,32.38,345835.83
2025-11-21 12:15:00,32.38,32.385,31.612,31.833,732991.57
2025-11-21 12:30:00,31.828,33.258,31.827,32.931,883280.49
2025-11-21 12:45:00,32.926,33.6,32.922,33.255,713106.48
2025-11-21 13:00:00,33.255,33.306,32.933,33.238,212027.0
2025-11-21 13:15:00,33.218,33.63,33.025,33.026,306800.1
2025-11-21 13:30:00,33.026,33.732,32.975,33.731,194301.93
2025-11-21 13:45:00,33.732,33.861,33.234,33.249,235412.23
2025-11-21 14:00:00,33.236,33.289,32.935,32.999,202527.26
2025-11-21 14:15:00,32.999,33.126,32.73,32.799,317678.65
2025-11-21 14:30:00,32.799,33.92,32.792,33.734,518157.63
2025-11-21 14:45:00,33.735,34.142,33.498,34.087,506871.14
2025-11-21 15:00:00,34.071,34.195,33.274,33.428,375421.89
2025-11-21 15:15:00,33.439,33.514,32.929,33.011,330878.49
2025-11-21 15:30:00,33.019,33.189,32.846,33.061,160790.4
2025-11-21 15:45:00,33.07,33.198,32.671,32.834,142661.09
2025-11-21 16:00:00,32.832,32.87,32.09,32.59,419394.4
2025-11-21 16:15:00,32.575,33.421,32.533,33.421,642526.03
2025-11-21 16:30:00,33.421,33.501,33.07,33.394,289705.04
2025-11-21 16:45:00,33.383,34.352,33.205,34.33,416536.64
2025-11-21 17:00:00,34.319,34.597,33.904,34.108,411203.44
2025-11-21 17:15:00,34.11,34.187,33.668,33.794,309063.79
2025-11-21 17:30:00,33.818,33.99,33.671,33.719,236101.15
2025-11-21 17:45:00,33.728,33.817,33.182,33.3,560889.04
2025-11-21 18:00:00,33.301,33.388,32.775,32.924,418066.6
2025-11-21 18:15:00,32.93,33.266,32.78,33.21,151984.32
2025-11-21 18:30:00,33.2,33.294,33.022,33.167,92432.93
2025-11-21 18:45:00,33.172,33.437,33.011,33.082,146477.99
2025-11-21 19:00:00,33.082,33.263,33.03,33.041,88533.39
2025-11-21 19:15:00,33.04,33.83,33.023,33.649,118297.47
2025-11-21 19:30:00,33.651,33.7,33.4,33.465,109090.56
2025-11-21 19:45:00,33.464,33.647,33.441,33.529,62571.49
2025-11-21 20:00:00,33.528,33.852,33.376,33.527,100123.0
2025-11-21 20:15:00,33.529,33.557,33.335,33.441,135518.95
2025-11-21 20:30:00,33.44,33.658,33.337,33.52,96523.15
2025-11-21 20:45:00,33.528,33.867,33.5,33.751,124205.14
2025-11-21 21:00:00,33.765,33.859,33.474,33.534,126519.72
2025-11-21 21:15:00,33.522,34.05,33.473,34.043,92846.2
2025-11-21 21:30:00,34.031,34.208,33.974,34.139,120415.6
2025-11-21 21:45:00,34.138,34.337,33.986,33.995,128245.83
2025-11-21 22:00:00,33.995,34.07,33.865,34.007,78878.01
2025-11-21 22:15:00,34.008,34.01,33.561,33.7,122273.84
2025-11-21 22:30:00,33.7,33.7,33.304,33.548,247544.69
2025-11-21 22:45:00,33.543,33.666,33.087,33.097,252953.06
2025-11-21 23:00:00,33.097,33.256,33.029,33.204,127132.92
2025-11-21 23:15:00,33.209,33.683,33.201,33.679,172576.16
2025-11-21 23:30:00,33.683,33.946,33.6,33.876,130602.42
2025-11-21 23:45:00,33.875,33.972,33.805,33.863,67115.44
2025-11-22 00:00:00,33.864,33.993,33.788,33.922,56356.47
2025-11-22 00:15:00,33.917,33.927,33.493,33.529,85217.53
2025-11-22 00:30:00,33.527,33.867,33.527,33.791,149549.21
2025-11-22 00:45:00,33.791,33.856,33.625,33.815,62761.89
2025-11-22 01:00:00,33.816,33.96,33.764,33.908,67511.55
2025-11-22 01:15:00,33.908,34.087,33.868,34.062,65743.32
2025-11-22 01:30:00,34.063,34.267,34.035,34.128,112713.77
2025-11-22 01:45:00,34.127,34.329,34.117,34.311,91222.54
2025-11-22 02:00:00,34.311,34.367,34.073,34.101,69358.6
2025-11-22 02:15:00,34.1,34.193,34.059,34.104,51338.91
2025-11-22 02:30:00,34.104,34.104,33.933,33.986,69454.1
2025-11-22 02:45:00,33.973,34.243,33.92,34.243,44732.14
2025-11-22 03:00:00,34.243,34.272,34.073,34.135,28040.54
2025-11-22 03:15:00,34.135,34.165,33.925,33.927,31094.32
2025-11-22 03:30:00,33.927,34.08,33.85,34.016,55759.75
2025-11-22 03:45:00,34.019,34.088,33.894,33.907,19833.66
2025-11-22 04:00:00,33.91,33.971,33.618,33.638,36573.67
2025-11-22 04:15:00,33.645,33.647,33.347,33.47,91369.67
2025-11-22 04:30:00,33.47,33.543,33.264,33.275,89999.51
2025-11-22 04:45:00,33.274,33.567,33.213,33.546,50975.7
2025-11-22 05:00:00,33.544,34.181,33.442,33.864,123654.85
2025-11-22 05:15:00,33.864,33.864,33.42,33.591,78154.67
2025-11-22 05:30:00,33.592,33.616,33.35,33.446,48896.12
2025-11-22 05:45:00,33.447,33.769,33.447,33.761,33568.29
2025-11-22 06:00:00,33.767,33.807,33.57,33.745,27914.86
2025-11-22 06:15:00,33.74,34.063,33.692,34.018,42770.92
2025-11-22 06:30:00,34.019,34.263,34.004,34.227,50561.21
2025-11-22 06:45:00,34.229,34.53,34.214,34.521,66703.33
2025-11-22 07:00:00,34.521,34.521,34.23,34.297,93690.0
2025-11-22 07:15:00,34.318,34.392,34.147,34.186,88639.03
2025-11-22 07:30:00,34.19,34.281,33.968,33.968,85273.91
2025-11-22 07:45:00,33.968,34.14,33.909,33.937,59530.67
2025-11-22 08:00:00,33.942,33.954,33.806,33.898,62560.07
2025-11-22 08:15:00,33.899,33.899,33.576,33.576,46513.24
2025-11-22 08:30:00,33.575,33.612,33.354,33.495,89370.21
2025-11-22 08:45:00,33.485,33.587,33.31,33.341,50262.21
2025-11-22 09:00:00,33.35,33.62,33.333,33.454,43673.53
2025-11-22 09:15:00,33.455,33.455,33.104,33.196,163307.06
2025-11-22 09:30:00,33.174,33.417,33.11,33.17,148004.87
2025-11-22 09:45:00,33.155,33.235,33.105,33.123,76980.03
2025-11-22 10:00:00,33.129,33.348,33.123,33.216,64273.11
2025-11-22 10:15:00,33.21,33.228,32.848,32.921,192657.73
2025-11-22 10:30:00,32.922,32.977,32.801,32.821,56688.5
2025-11-22 10:45:00,32.837,32.906,32.733,32.865,56028.31
2025-11-22 11:00:00,32.865,33.107,32.817,33.087,86286.58
2025-11-22 11:15:00,33.081,33.311,32.953,33.221,66537.55
2025-11-22 11:30:00,33.22,33.22,32.96,33.016,44261.51
2025-11-22 11:45:00,33.016,33.123,32.881,32.882,41201.55
2025-11-22 12:00:00,32.891,32.956,32.512,32.557,160062.01
2025-11-22 12:15:00,32.565,32.71,32.5,32.511,130537.35
2025-11-22 12:30:00,32.511,32.801,32.487,32.635,114722.86
2025-11-22 12:45:00,32.636,32.752,32.516,32.658,24903.31
2025-11-22 13:00:00,32.659,32.878,32.485,32.875,53218.65
2025-11-22 13:15:00,32.875,32.895,32.649,32.651,85353.37
2025-11-22 13:30:00,32.663,32.664,31.984,32.303,591858.74
2025-11-22 13:45:00,32.315,32.396,32.243,32.269,91158.09
2025-11-22 14:00:00,32.27,32.594,32.27,32.594,98010.9
2025-11-22 14:15:00,32.591,32.757,32.434,32.508,110649.04
2025-11-22 14:30:00,32.518,32.623,32.418,32.429,49802.71
2025-11-22 14:45:00,32.418,32.706,32.336,32.612,62405.23
2025-11-22 15:00:00,32.607,32.678,32.409,32.462,60361.5
2025-11-22 15:15:00,32.461,32.7,32.442,32.567,116341.88
2025-11-22 15:30:00,32.568,32.638,32.002,32.056,245334.79
2025-11-22 15:45:00,32.057,32.112,31.874,31.901,370082.64
2025-11-22 16:00:00,31.902,32.004,31.756,31.859,384767.92
2025-11-22 16:15:00,31.855,31.92,31.28,31.668,918904.59
2025-11-22 16:30:00,31.685,31.73,31.283,31.588,452724.54
2025-11-22 16:45:00,31.608,31.69,31.471,31.588,173717.09
2025-11-22 17:00:00,31.585,31.678,31.362,31.437,126938.69
2025-11-22 17:15:00,31.445,31.706,31.445,31.608,166130.68
2025-11-22 17:30:00,31.61,31.61,31.4,31.402,119612.44
2025-11-22 17:45:00,31.402,31.417,31.041,31.081,398662.93
2025-11-22 18:00:00,31.081,31.283,30.991,31.065,200125.42
2025-11-22 18:15:00,31.064,31.122,30.918,31.057,159855.33
2025-11-22 18:30:00,31.057,31.096,30.74,30.878,361318.49
2025-11-22 18:45:00,30.878,30.96,30.551,30.775,341452.55
2025-11-22 19:00:00,30.785,31.368,30.677,31.361,533540.59
2025-11-22 19:15:00,31.361,31.366,31.21,31.261,96268.27
2025-11-22 19:30:00,31.261,31.281,30.764,30.927,294711.63
2025-11-22 19:45:00,30.927,31.041,30.489,30.5,232972.59
2025-11-22 20:00:00,30.5,30.649,29.888,30.402,1291695.95
2025-11-22 20:15:00,30.402,30.433,29.938,30.015,319803.59
2025-11-22 20:30:00,30.015,30.078,29.355,29.458,1377151.87
2025-11-22 20:45:00,29.454,30.147,29.401,29.991,463613.25
2025-11-22 21:00:00,29.991,30.361,29.904,29.989,371510.16
2025-11-22 21:15:00,29.99,30.0,29.757,29.873,273813.8
2025-11-22 21:30:00,29.873,30.111,29.86,30.01,249888.37
2025-11-22 21:45:00,30.009,30.111,29.875,30.012,66060.26
2025-11-22 22:00:00,30.012,30.172,29.613,30.15,183425.25
2025-11-22 22:15:00,30.151,30.203,29.98,30.117,157501.97
2025-11-22 22:30:00,30.116,30.469,30.048,30.301,288629.85
2025-11-22 22:45:00,30.302,30.537,30.3,30.51,335525.67
2025-11-22 23:00:00,30.521,30.58,29.747,29.986,353410.93
2025-11-22 23:15:00,29.986,30.029,29.636,29.734,158753.39
2025-11-22 23:30:00,29.74,30.02,29.69,29.916,99869.06
2025-11-22 23:45:00,29.916,30.088,29.818,29.978,59608.77
2025-11-23 00:00:00,29.978,30.043,29.688,29.692,130355.64
2025-11-23 00:15:00,29.692,29.93,29.627,29.818,91567.11
2025-11-23 00:30:00,29.832,29.909,29.641,29.775,134525.71
2025-11-23 00:45:00,29.775,30.36,29.734,30.324,231680.42
2025-11-23 01:00:00,30.324,30.668,30.252,30.569,244454.64
2025-11-23 01:15:00,30.57,31.031,30.501,30.931,280787.95
2025-11-23 01:30:00,30.932,31.516,30.823,31.436,354180.9
2025-11-23 01:45:00,31.437,31.53,31.046,31.208,342976.9
2025-11-23 02:00:00,31.207,31.269,30.72,30.845,340956.18
2025-11-23 02:15:00,30.854,31.31,30.777,31.228,265320.55
2025-11-23 02:30:00,31.228,31.533,31.194,31.32,155088.16
2025-11-23 02:45:00,31.321,31.524,31.158,31.158,161092.03
2025-11-23 03:00:00,31.163,31.29,31.027,31.251,72571.5
2025-11-23 03:15:00,31.25,31.473,31.23,31.453,67118.02
2025-11-23 03:30:00,31.455,31.55,31.345,31.487,88873.46
2025-11-23 03:45:00,31.485,31.525,31.123,31.221,132123.77
2025-11-23 04:00:00,31.225,31.38,31.162,31.225,100503.04
2025-11-23 04:15:00,31.226,31.739,31.198,31.369,134438.35
2025-11-23 04:30:00,31.367,31.52,31.314,31.511,89193.44
2025-11-23 04:45:00,31.515,31.629,31.425,31.508,140438.21
2025-11-23 05:00:00,31.511,31.59,31.4,31.486,143978.22
2025-11-23 05:15:00,31.486,31.596,31.458,31.524,60754.42
2025-11-23 05:30:00,31.524,31.6,31.459,31.46,60315.56
2025-11-23 05:45:00,31.46,31.74,31.433,31.721,80607.49
2025-11-23 06:00:00,31.723,31.857,31.626,31.653,94557.67
2025-11-23 06:15:00,31.651,31.657,31.338,31.365,103246.72
2025-11-23 06:30:00,31.364,31.405,31.138,31.144,81134.83
2025-11-23 06:45:00,31.144,31.225,31.019,31.163,46282.6
2025-11-23 07:00:00,31.171,31.194,30.753,30.886,124062.06
2025-11-23 07:15:00,30.907,30.916,30.359,30.384,192030.77
2025-11-23 07:30:00,30.384,30.62,30.359,30.542,69263.74
2025-11-23 07:45:00,30.543,30.906,30.53,30.899,81329.58
2025-11-23 08:00:00,30.887,31.223,30.801,31.059,156318.31
2025-11-23 08:15:00,31.06,31.153,30.886,30.927,55546.52
2025-11-23 08:30:00,30.93,31.025,30.72,30.823,80244.09
2025-11-23 08:45:00,30.82,31.199,30.784,31.076,148431.63
2025-11-23 09:00:00,31.081,31.135,31.0,31.028,39460.56
2025-11-23 09:15:00,31.026,31.494,31.026,31.476,79913.37
2025-11-23 09:30:00,31.477,31.599,31.345,31.598,47712.86
2025-11-23 09:45:00,31.596,31.596,31.369,31.541,63398.9
2025-11-23 10:00:00,31.533,31.556,31.393,31.443,36938.08
2025-11-23 10:15:00,31.45,31.588,31.332,31.403,47618.96
2025-11-23 10:30:00,31.402,31.481,31.29,31.408,44557.94
2025-11-23 10:45:00,31.402,31.565,31.376,31.392,50647.42
2025-11-23 11:00:00,31.392,31.511,31.315,31.383,51331.83
2025-11-23 11:15:00,31.383,31.591,31.383,31.549,50891.8
2025-11-23 11:30:00,31.543,31.66,31.388,31.498,53611.83
2025-11-23 11:45:00,31.498,31.574,31.394,31.542,12497.8
2025-11-23 12:00:00,31.543,31.74,31.504,31.74,31462.61
2025-11-23 12:15:00,31.74,32.019,31.74,31.907,202766.64
2025-11-23 12:30:00,31.909,32.05,31.656,31.865,195271.01
2025-11-23 12:45:00,31.865,31.875,31.283,31.365,212491.09
2025-11-23 13:00:00,31.354,31.376,31.0,31.015,186805.87
2025-11-23 13:15:00,31.014,31.107,30.866,30.96,128683.74
2025-11-23 13:30:00,30.959,31.176,30.9,31.077,106510.45
2025-11-23 13:45:00,31.081,31.301,31.013,31.253,63511.71
2025-11-23 14:00:00,31.253,31.408,30.97,31.072,118043.61
2025-11-23 14:15:00,31.078,31.098,30.914,30.949,62925.94
2025-11-23 14:30:00,30.946,31.114,30.835,31.028,48503.52
2025-11-23 14:45:00,31.026,31.039,30.62,30.727,180335.57
2025-11-23 15:00:00,30.734,31.029,30.62,30.961,82655.51
2025-11-23 15:15:00,30.958,31.04,30.64,30.806,69868.49
2025-11-23 15:30:00,30.81,31.195,30.798,31.135,61987.73
2025-11-23 15:45:00,31.136,31.275,31.071,31.185,52253.26
2025-11-23 16:00:00,31.185,31.215,30.856,30.864,87991.01
2025-11-23 16:15:00,30.872,31.002,30.635,30.671,63824.72
2025-11-23 16:30:00,30.677,30.894,30.624,30.636,64949.94
2025-11-23 16:45:00,30.638,30.644,30.25,30.271,259362.45
2025-11-23 17:00:00,30.271,30.578,30.265,30.494,68007.57
2025-11-23 17:15:00,30.49,30.724,30.263,30.723,132216.5
2025-11-23 17:30:00,30.723,30.725,30.431,30.503,56759.12
2025-11-23 17:45:00,30.505,30.63,30.459,30.607,60745.47
2025-11-23 18:00:00,30.608,30.75,30.535,30.603,49478.02
2025-11-23 18:15:00,30.602,30.879,30.601,30.7,80316.35
2025-11-23 18:30:00,30.7,30.883,30.687,30.825,29695.07
2025-11-23 18:45:00,30.819,30.832,30.704,30.82,23242.43
2025-11-23 19:00:00,30.818,30.911,30.717,30.728,47196.58
2025-11-23 19:15:00,30.721,30.989,30.719,30.915,48606.11
2025-11-23 19:30:00,30.916,31.086,30.861,31.078,79276.95
2025-11-23 19:45:00,31.078,31.237,30.963,31.003,163226.55
2025-11-23 20:00:00,31.016,31.232,30.898,31.039,90966.6
2025-11-23 20:15:00,31.039,31.401,30.986,31.371,185008.07
2025-11-23 20:30:00,31.372,31.689,31.238,31.518,236182.1
2025-11-23 20:45:00,31.513,31.937,31.493,31.867,210534.35
2025-11-23 21:00:00,31.87,31.87,31.529,31.692,149527.35
2025-11-23 21:15:00,31.657,32.31,31.651,32.269,282169.45
2025-11-23 21:30:00,32.27,32.55,32.013,32.06,352617.15
2025-11-23 21:45:00,32.064,32.422,31.96,32.271,185412.37
2025-11-23 22:00:00,32.277,32.34,32.021,32.251,135617.48
2025-11-23 22:15:00,32.255,32.643,32.189,32.586,119790.6
2025-11-23 22:30:00,32.592,32.592,32.194,32.214,155917.23
2025-11-23 22:45:00,32.214,32.422,32.214,32.332,99524.91
2025-11-23 23:00:00,32.338,32.358,31.893,31.918,262330.55
2025-11-23 23:15:00,31.919,32.136,31.669,31.999,178702.29
2025-11-23 23:30:00,31.99,32.062,31.5,31.516,279346.32
2025-11-23 23:45:00,31.516,31.907,31.516,31.878,58127.95
2025-11-24 00:00:00,31.877,32.006,31.6,31.913,216100.68
2025-11-24 00:15:00,31.914,31.941,31.5,31.847,189177.95
2025-11-24 00:30:00,31.848,32.038,31.74,32.016,80006.69
2025-11-24 00:45:00,32.012,32.211,31.825,31.847,101720.98
2025-11-24 01:00:00,31.841,31.981,31.705,31.931,52039.57
2025-11-24 01:15:00,31.924,32.056,31.77,32.042,42594.9
2025-11-24 01:30:00,32.043,32.357,31.903,32.34,95257.41
2025-11-24 01:45:00,32.34,32.746,32.262,32.713,173530.49
2025-11-24 02:00:00,32.709,33.33,32.661,33.276,373732.44
2025-11-24 02:15:00,33.279,33.471,33.221,33.397,194913.89
2025-11-24 02:30:00,33.396,33.573,33.184,33.493,208292.07
2025-11-24 02:45:00,33.493,33.723,33.196,33.667,190783.88
2025-11-24 03:00:00,33.66,33.758,33.336,33.464,163548.83
2025-11-24 03:15:00,33.464,33.646,33.37,33.568,53488.8
2025-11-24 03:30:00,33.569,33.576,33.253,33.272,65778.11
2025-11-24 03:45:00,33.284,33.358,32.973,33.071,63370.11
2025-11-24 04:00:00,33.071,33.075,32.69,32.711,86517.0
2025-11-24 04:15:00,32.705,32.705,31.716,31.834,463170.26
2025-11-24 04:30:00,31.834,32.101,31.209,31.65,438555.21
2025-11-24 04:45:00,31.649,31.7,31.474,31.508,99306.17
2025-11-24 05:00:00,31.509,31.91,31.421,31.855,161634.81
2025-11-24 05:15:00,31.873,32.162,31.852,31.998,140927.2
2025-11-24 05:30:00,32.0,32.016,31.549,31.774,99825.52
2025-11-24 05:45:00,31.781,31.791,31.55,31.589,49677.32
2025-11-24 06:00:00,31.588,31.604,31.168,31.225,99625.24
2025-11-24 06:15:00,31.234,31.538,31.206,31.413,121043.05
2025-11-24 06:30:00,31.414,31.441,31.187,31.221,77779.57
2025-11-24 06:45:00,31.219,31.551,31.174,31.511,45122.46
2025-11-24 07:00:00,31.509,31.749,31.348,31.696,118264.85
2025-11-24 07:15:00,31.699,31.804,31.615,31.662,49260.37
2025-11-24 07:30:00,31.657,31.832,31.612,31.761,71243.49
2025-11-24 07:45:00,31.763,31.789,31.481,31.57,36885.98
2025-11-24 08:00:00,31.571,31.583,31.417,31.508,63989.04
2025-11-24 08:15:00,31.508,31.709,31.49,31.499,44468.34
2025-11-24 08:30:00,31.49,31.5,31.252,31.307,72981.75
2025-11-24 08:45:00,31.306,31.479,31.204,31.468,84831.86
2025-11-24 09:00:00,31.461,31.48,31.199,31.204,93125.19
2025-11-24 09:15:00,31.204,31.333,31.047,31.332,191341.62
2025-11-24 09:30:00,31.332,31.639,31.332,31.423,187559.62
2025-11-24 09:45:00,31.43,31.567,31.428,31.543,112724.85
2025-11-24 10:00:00,31.542,31.8,31.53,31.681,79412.54
2025-11-24 10:15:00,31.68,31.797,31.566,31.757,69539.55
2025-11-24 10:30:00,31.758,31.767,31.622,31.685,73026.09
2025-11-24 10:45:00,31.681,31.748,31.614,31.711,47983.26
2025-11-24 11:00:00,31.71,31.776,31.481,31.676,63377.78
2025-11-24 11:15:00,31.684,31.715,31.438,31.466,119546.11
2025-11-24 11:30:00,31.465,31.537,31.35,31.443,148392.25
2025-11-24 11:45:00,31.446,31.479,31.183,31.216,138275.17
2025-11-24 12:00:00,31.218,31.284,31.049,31.064,132470.65
2025-11-24 12:15:00,31.054,31.189,31.0,31.027,152712.56
2025-11-24 12:30:00,31.022,31.077,30.505,30.624,301012.71
2025-11-24 12:45:00,30.627,30.765,30.39,30.536,182215.76
2025-11-24 13:00:00,30.537,30.896,30.463,30.808,174559.55
2025-11-24 13:15:00,30.804,31.169,30.746,31.148,142769.79
2025-11-24 13:30:00,31.129,31.45,31.067,31.414,93283.38
2025-11-24 13:45:00,31.418,31.485,31.109,31.145,95985.24
2025-11-24 14:00:00,31.147,31.31,31.057,31.296,89700.34
2025-11-24 14:15:00,31.296,31.666,31.296,31.467,170992.3
2025-11-24 14:30:00,31.477,31.94,31.198,31.288,240851.78
2025-11-24 14:45:00,31.289,31.426,30.914,31.1,299777.45
2025-11-24 15:00:00,31.1,31.243,30.654,30.966,170945.8
2025-11-24 15:15:00,30.966,31.04,30.614,30.994,180695.68
2025-11-24 15:30:00,30.995,31.221,30.92,31.043,104388.13
2025-11-24 15:45:00,31.057,31.218,30.732,31.039,154519.52
2025-11-24 16:00:00,31.039,31.301,31.039,31.082,137647.98
2025-11-24 16:15:00,31.081,31.414,31.051,31.27,123200.65
2025-11-24 16:30:00,31.269,31.437,31.131,31.397,87849.54
2025-11-24 16:45:00,31.397,31.508,31.117,31.164,140693.65
2025-11-24 17:00:00,31.16,31.274,31.11,31.206,68670.25
2025-11-24 17:15:00,31.194,31.773,31.171,31.722,150915.48
2025-11-24 17:30:00,31.718,31.75,31.525,31.622,178172.87
2025-11-24 17:45:00,31.616,31.921,31.439,31.882,178173.87
2025-11-24 18:00:00,31.882,32.173,31.877,32.095,213933.38
2025-11-24 18:15:00,32.093,32.2,32.02,32.087,91301.1
2025-11-24 18:30:00,32.087,32.367,31.991,32.323,112675.63
2025-11-24 18:45:00,32.324,32.406,32.14,32.246,112192.81
2025-11-24 19:00:00,32.246,32.298,32.097,32.19,72012.06
2025-11-24 19:15:00,32.186,32.368,32.143,32.196,74325.8
2025-11-24 19:30:00,32.196,32.39,32.159,32.367,79231.36
2025-11-24 19:45:00,32.367,32.477,32.294,32.442,100304.4
2025-11-24 20:00:00,32.452,32.659,32.452,32.629,110781.25
2025-11-24 20:15:00,32.63,32.763,32.604,32.762,92086.3
2025-11-24 20:30:00,32.762,32.953,32.7,32.953,160674.16
2025-11-24 20:45:00,32.953,32.966,32.598,32.894,225110.91
2025-11-24 21:00:00,32.893,32.944,32.629,32.749,147748.5
2025-11-24 21:15:00,32.772,32.878,32.684,32.783,75403.56
2025-11-24 21:30:00,32.783,32.888,32.605,32.612,104901.81
2025-11-24 21:45:00,32.612,32.664,32.364,32.418,122222.7
2025-11-24 22:00:00,32.418,32.878,32.415,32.85,80897.38
2025-11-24 22:15:00,32.85,32.913,32.68,32.905,80821.66
2025-11-24 22:30:00,32.905,33.64,32.897,33.424,499328.93
2025-11-24 22:45:00,33.423,33.684,33.4,33.4,257653.36
2025-11-24 23:00:00,33.4,33.526,33.194,33.363,160112.01
2025-11-24 23:15:00,33.382,34.3,33.382,34.289,457652.7
2025-11-24 23:30:00,34.294,34.678,33.516,34.191,1280608.02
2025-11-24 23:45:00,34.197,34.344,33.636,33.719,237830.36
2025-11-25 00:00:00,33.719,33.756,33.199,33.232,188799.27
2025-11-25 00:15:00,33.233,33.431,33.191,33.191,108073.66
2025-11-25 00:30:00,33.19,33.706,33.13,33.536,81241.94
2025-11-25 00:45:00,33.531,33.552,33.102,33.293,139671.75
2025-11-25 01:00:00,33.292,33.53,33.108,33.488,107979.42
2025-11-25 01:15:00,33.495,33.676,33.379,33.528,71726.32
2025-11-25 01:30:00,33.527,33.812,33.513,33.71,63113.03
2025-11-25 01:45:00,33.691,33.691,33.131,33.131,126741.42
2025-11-25 02:00:00,33.146,33.251,33.0,33.039,106649.74
2025-11-25 02:15:00,33.039,33.22,32.67,32.699,420001.17
2025-11-25 02:30:00,32.699,32.885,32.6,32.792,212346.71
2025-11-25 02:45:00,32.797,33.11,32.77,33.051,141689.67
2025-11-25 03:00:00,33.051,33.129,32.917,33.006,71276.4
2025-11-25 03:15:00,33.0,33.176,32.921,33.086,78008.77
2025-11-25 03:30:00,33.076,33.12,32.371,32.422,261036.14
2025-11-25 03:45:00,32.418,32.64,32.206,32.607,352390.04
2025-11-25 04:00:00,32.607,32.866,32.562,32.837,124012.7
2025-11-25 04:15:00,32.832,32.901,32.68,32.778,46825.45
2025-11-25 04:30:00,32.778,32.88,32.657,32.673,45982.91
2025-11-25 04:45:00,32.657,32.738,32.529,32.712,36960.53
2025-11-25 05:00:00,32.698,32.751,32.586,32.617,26782.49
2025-11-25 05:15:00,32.619,32.747,32.448,32.521,40201.34
2025-11-25 05:30:00,32.537,32.689,32.52,32.61,20570.97
2025-11-25 05:45:00,32.61,32.804,32.584,32.675,53248.95
2025-11-25 06:00:00,32.675,32.675,32.356,32.417,57956.43
2025-11-25 06:15:00,32.401,32.449,32.097,32.167,173206.08
2025-11-25 06:30:00,32.163,32.187,31.959,32.002,214636.5
2025-11-25 06:45:00,32.002,32.187,31.949,32.136,93527.42
2025-11-25 07:00:00,32.136,32.237,31.933,32.234,109248.95
2025-11-25 07:15:00,32.236,32.236,31.867,31.907,158923.12
2025-11-25 07:30:00,31.903,32.07,31.837,32.007,75273.93
2025-11-25 07:45:00,32.009,32.027,31.8,31.889,70436.48
2025-11-25 08:00:00,31.89,32.192,31.89,32.125,62644.33
2025-11-25 08:15:00,32.126,32.371,32.107,32.371,59376.76
2025-11-25 08:30:00,32.372,33.046,32.368,32.835,410544.84
2025-11-25 08:45:00,32.836,33.824,32.813,32.945,1210805.13
2025-11-25 09:00:00,32.949,33.104,32.785,33.003,178252.85
2025-11-25 09:15:00,33.02,33.02,32.517,32.529,223090.92
2025-11-25 09:30:00,32.529,32.888,32.513,32.841,186206.04
2025-11-25 09:45:00,32.838,34.421,32.759,34.383,1531105.64
2025-11-25 10:00:00,34.384,34.453,32.82,33.056,1017419.52
2025-11-25 10:15:00,33.057,33.159,32.652,33.0,465712.76
2025-11-25 10:30:00,33.024,33.2,32.798,32.809,255503.34
2025-11-25 10:45:00,32.816,32.884,32.572,32.736,283276.89
2025-11-25 11:00:00,32.737,32.77,32.444,32.6,191229.94
2025-11-25 11:15:00,32.601,32.82,32.385,32.775,126845.18
2025-11-25 11:30:00,32.774,32.79,32.586,32.601,61392.31
2025-11-25 11:45:00,32.603,32.765,32.551,32.552,63717.26
2025-11-25 12:00:00,32.551,33.024,32.5,32.977,133772.07
2025-11-25 12:15:00,32.977,33.042,32.674,32.748,181441.65
2025-11-25 12:30:00,32.748,32.865,32.7,32.812,120523.67
2025-11-25 12:45:00,32.812,32.833,32.701,32.786,39985.37
2025-11-25 13:00:00,32.79,32.923,32.706,32.802,73401.57
2025-11-25 13:15:00,32.801,33.236,32.8,33.038,133760.62
2025-11-25 13:30:00,33.038,33.085,32.473,32.475,171976.28
2025-11-25 13:45:00,32.475,32.614,32.293,32.407,119747.49
2025-11-25 14:00:00,32.411,32.6,32.405,32.588,68499.87
2025-11-25 14:15:00,32.588,32.798,32.415,32.759,87585.26
2025-11-25 14:30:00,32.754,32.844,32.15,32.208,305128.41
2025-11-25 14:45:00,32.208,32.226,31.807,32.188,396062.82
2025-11-25 15:00:00,32.187,32.557,31.966,32.31,246479.48
2025-11-25 15:15:00,32.311,32.364,32.14,32.28,57732.78
2025-11-25 15:30:00,32.28,32.66,32.28,32.53,130648.95
2025-11-25 15:45:00,32.54,32.599,32.165,32.285,115271.66
2025-11-25 16:00:00,32.285,32.408,32.031,32.031,77387.69
2025-11-25 16:15:00,32.031,32.425,32.024,32.348,69120.1
2025-11-25 16:30:00,32.347,32.506,32.248,32.36,59932.68
2025-11-25 16:45:00,32.353,32.366,32.194,32.276,43071.55
2025-11-25 17:00:00,32.263,32.484,32.088,32.475,91955.37
2025-11-25 17:15:00,32.46,32.461,32.198,32.295,92418.51
2025-11-25 17:30:00,32.298,32.625,32.186,32.432,136981.71
2025-11-25 17:45:00,32.432,32.729,32.389,32.479,89360.74
2025-11-25 18:00:00,32.471,32.529,32.328,32.345,114946.64
2025-11-25 18:15:00,32.348,32.512,32.348,32.461,35500.68
2025-11-25 18:30:00,32.462,32.543,32.376,32.379,22774.31
2025-11-25 18:45:00,32.396,32.517,32.256,32.29,72321.17
2025-11-25 19:00:00,32.291,32.356,32.054,32.233,68999.43
2025-11-25 19:15:00,32.241,32.241,31.816,31.938,179944.73
2025-11-25 19:30:00,31.937,32.197,31.878,32.19,68518.46
2025-11-25 19:45:00,32.19,32.398,32.055,32.377,100661.8
2025-11-25 20:00:00,32.377,32.48,32.2,32.453,52152.65
2025-11-25 20:15:00,32.45,32.519,32.233,32.368,59540.01
2025-11-25 20:30:00,32.368,32.672,32.35,32.656,74400.63
2025-11-25 20:45:00,32.656,32.9,32.639,32.728,163965.7
2025-11-25 21:00:00,32.727,32.856,32.55,32.792,97390.59
2025-11-25 21:15:00,32.806,32.993,32.661,32.675,103223.99
2025-11-25 21:30:00,32.675,32.816,32.599,32.74,45164.61
2025-11-25 21:45:00,32.749,32.913,32.665,32.71,58790.18
2025-11-25 22:00:00,32.709,32.709,32.332,32.461,183949.5
2025-11-25 22:15:00,32.46,32.805,32.447,32.783,56130.56
2025-11-25 22:30:00,32.784,33.248,32.76,33.221,114094.47
2025-11-25 22:45:00,33.209,33.324,33.096,33.271,86157.57
2025-11-25 23:00:00,33.278,33.942,33.156,33.917,278975.56
2025-11-25 23:15:00,33.917,33.951,33.561,33.741,254581.35
2025-11-25 23:30:00,33.741,33.953,33.689,33.804,86228.14
2025-11-25 23:45:00,33.815,33.857,33.5,33.754,135764.11
2025-11-26 00:00:00,33.753,33.953,33.65,33.716,82633.25
2025-11-26 00:15:00,33.716,33.957,33.677,33.947,55632.4
2025-11-26 00:30:00,33.947,34.018,33.837,34.0,80362.81
2025-11-26 00:45:00,34.0,34.3,33.938,34.077,241536.1
2025-11-26 01:00:00,34.078,34.202,33.882,34.132,80345.22
2025-11-26 01:15:00,34.132,34.4,34.085,34.344,103348.26
2025-11-26 01:30:00,34.344,34.433,34.148,34.313,122980.32
2025-11-26 01:45:00,34.314,34.314,34.119,34.267,47681.5
2025-11-26 02:00:00,34.266,34.457,34.124,34.169,118552.15
2025-11-26 02:15:00,34.168,34.361,34.046,34.318,145515.52
2025-11-26 02:30:00,34.315,34.616,34.223,34.56,232919.35
2025-11-26 02:45:00,34.559,34.562,34.197,34.209,138272.6
2025-11-26 03:00:00,34.209,34.21,33.929,34.057,230498.19
2025-11-26 03:15:00,34.06,34.328,34.06,34.182,111153.72
2025-11-26 03:30:00,34.188,34.189,33.838,33.897,162135.14
2025-11-26 03:45:00,33.897,33.977,33.811,33.9,66763.99
2025-11-26 04:00:00,33.901,33.926,33.616,33.637,132477.73
2025-11-26 04:15:00,33.637,33.96,33.61,33.851,70300.92
2025-11-26 04:30:00,33.851,33.984,33.815,33.984,56537.39
2025-11-26 04:45:00,33.981,34.026,33.911,34.015,37055.74
2025-11-26 05:00:00,34.015,34.14,33.985,34.133,80684.96
2025-11-26 05:15:00,34.134,34.47,34.133,34.328,168416.6
2025-11-26 05:30:00,34.337,34.541,34.276,34.451,119506.43
2025-11-26 05:45:00,34.455,34.788,34.401,34.665,242007.05
2025-11-26 06:00:00,34.65,34.839,34.63,34.82,100929.13
2025-11-26 06:15:00,34.816,34.85,34.624,34.767,155850.99
2025-11-26 06:30:00,34.768,35.037,34.702,34.902,235774.19
2025-11-26 06:45:00,34.903,34.904,34.418,34.446,213155.51
2025-11-26 07:00:00,34.52,34.698,34.314,34.473,72651.42
2025-11-26 07:15:00,34.48,34.52,34.3,34.364,73090.79
2025-11-26 07:30:00,34.364,34.647,34.363,34.531,52542.64
2025-11-26 07:45:00,34.539,34.805,34.467,34.753,66519.92
2025-11-26 08:00:00,34.752,34.786,34.671,34.685,26142.78
2025-11-26 08:15:00,34.682,34.682,34.462,34.501,31612.93
2025-11-26 08:30:00,34.502,34.678,34.496,34.618,20323.32
2025-11-26 08:45:00,34.619,34.689,34.536,34.57,50540.0
2025-11-26 09:00:00,34.571,34.625,34.45,34.561,39153.9
2025-11-26 09:15:00,34.56,34.561,34.258,34.3,42631.64
2025-11-26 09:30:00,34.3,34.379,34.053,34.077,45307.28
2025-11-26 09:45:00,34.077,34.113,33.864,33.924,118094.94
2025-11-26 10:00:00,33.922,34.006,33.705,33.812,104280.06
2025-11-26 10:15:00,33.805,33.923,33.766,33.843,50589.98
2025-11-26 10:30:00,33.841,33.858,33.618,33.692,66225.69
2025-11-26 10:45:00,33.691,33.786,33.621,33.782,44286.5
2025-11-26 11:00:00,33.781,34.039,33.693,33.956,69613.78
2025-11-26 11:15:00,33.957,33.973,33.798,33.852,25188.13
2025-11-26 11:30:00,33.844,33.919,33.739,33.853,47706.75
2025-11-26 11:45:00,33.853,33.91,33.679,33.709,20533.71
2025-11-26 12:00:00,33.707,33.746,33.068,33.157,264098.81
2025-11-26 12:15:00,33.149,33.297,33.022,33.245,140381.4
2025-11-26 12:30:00,33.249,33.376,33.187,33.299,58897.63
2025-11-26 12:45:00,33.298,33.39,33.278,33.331,44775.62
2025-11-26 13:00:00,33.331,33.417,33.207,33.226,43055.54
2025-11-26 13:15:00,33.227,33.591,33.217,33.556,77819.92
2025-11-26 13:30:00,33.557,33.953,33.483,33.935,142823.97
2025-11-26 13:45:00,33.935,33.973,33.659,33.743,71485.49
2025-11-26 14:00:00,33.74,33.85,33.598,33.831,64588.13
2025-11-26 14:15:00,33.831,34.081,33.71,34.009,100425.73
2025-11-26 14:30:00,34.006,34.029,33.694,33.827,59147.64
2025-11-26 14:45:00,33.833,34.296,33.672,33.725,142610.62
2025-11-26 15:00:00,33.733,33.973,33.725,33.911,54285.17
2025-11-26 15:15:00,33.918,34.101,33.829,34.093,46955.62
2025-11-26 15:30:00,34.1,34.153,33.893,33.894,27046.74
2025-11-26 15:45:00,33.894,33.906,33.687,33.84,57653.7
2025-11-26 16:00:00,33.835,34.018,33.794,33.991,51477.38
2025-11-26 16:15:00,33.999,34.151,33.981,34.112,50238.37
2025-11-26 16:30:00,34.125,34.325,33.971,34.135,47302.43
2025-11-26 16:45:00,34.152,34.522,34.152,34.378,73380.04
2025-11-26 17:00:00,34.39,34.553,34.32,34.384,81865.58
2025-11-26 17:15:00,34.384,34.88,34.249,34.833,136998.97
2025-11-26 17:30:00,34.822,35.485,34.713,35.213,671518.35
2025-11-26 17:45:00,35.213,35.401,35.174,35.387,204218.16
2025-11-26 18:00:00,35.387,35.434,35.243,35.397,100015.88
2025-11-26 18:15:00,35.398,35.642,35.345,35.469,244024.5
2025-11-26 18:30:00,35.484,35.485,35.053,35.08,132557.66
2025-11-26 18:45:00,35.08,35.292,35.077,35.274,52587.77
2025-11-26 19:00:00,35.274,35.432,35.0,35.035,116405.17
2025-11-26 19:15:00,35.026,35.075,34.943,35.074,66939.75
2025-11-26 19:30:00,35.075,35.187,34.955,35.071,54004.1
2025-11-26 19:45:00,35.071,35.267,35.029,35.219,40886.39
2025-11-26 20:00:00,35.23,35.232,34.862,35.185,45665.29
2025-11-26 20:15:00,35.186,35.344,35.113,35.22,32056.39
2025-11-26 20:30:00,35.218,35.318,35.156,35.247,32594.46
2025-11-26 20:45:00,35.249,35.811,35.238,35.761,191300.99
2025-11-26 21:00:00,35.761,35.848,35.596,35.669,148395.75
2025-11-26 21:15:00,35.666,36.0,35.666,35.963,169963.92
2025-11-26 21:30:00,35.953,36.032,35.7,36.0,173606.69
2025-11-26 21:45:00,36.0,36.239,35.999,36.159,334686.09
2025-11-26 22:00:00,36.17,36.303,35.987,36.003,186405.59
2025-11-26 22:15:00,36.003,36.144,35.907,36.132,123669.44
2025-11-26 22:30:00,36.132,36.277,36.064,36.219,193616.03
2025-11-26 22:45:00,36.22,36.354,36.189,36.318,250862.67
2025-11-26 23:00:00,36.323,36.349,36.074,36.122,182642.64
2025-11-26 23:15:00,36.122,36.149,35.773,35.774,105141.5
2025-11-26 23:30:00,35.776,35.862,35.682,35.862,157027.45
2025-11-26 23:45:00,35.862,36.257,35.861,36.238,208666.73
2025-11-27 00:00:00,36.238,36.238,35.775,35.779,104720.73
2025-11-27 00:15:00,35.787,35.938,35.723,35.841,88351.99
2025-11-27 00:30:00,35.848,36.03,35.726,35.971,65558.55
2025-11-27 00:45:00,35.96,36.177,35.907,35.971,62815.18
2025-11-27 01:00:00,35.98,36.143,35.914,35.951,37430.65
2025-11-27 01:15:00,35.958,36.075,35.827,35.955,67400.51
2025-11-27 01:30:00,35.951,35.97,35.835,35.922,42279.85
2025-11-27 01:45:00,35.924,36.468,35.92,36.363,244519.39
2025-11-27 02:00:00,36.359,36.394,36.184,36.257,106680.49
2025-11-27 02:15:00,36.257,36.42,36.111,36.314,120883.68
2025-11-27 02:30:00,36.314,36.482,36.184,36.387,93128.58
2025-11-27 02:45:00,36.376,36.395,36.172,36.179,83493.6
2025-11-27 03:00:00,36.171,36.248,35.979,36.076,91577.69
2025-11-27 03:15:00,36.075,36.179,35.94,36.041,56067.27
2025-11-27 03:30:00,36.041,36.05,35.587,35.642,148767.04
2025-11-27 03:45:00,35.642,35.701,35.544,35.678,56556.07
2025-11-27 04:00:00,35.673,35.932,35.673,35.866,28301.74
2025-11-27 04:15:00,35.872,35.936,35.616,35.665,52699.27
2025-11-27 04:30:00,35.665,35.718,35.459,35.643,78264.45
2025-11-27 04:45:00,35.651,35.697,35.587,35.609,50893.67
2025-11-27 05:00:00,35.609,35.62,35.432,35.509,63437.83
2025-11-27 05:15:00,35.513,35.595,35.453,35.507,68266.78
2025-11-27 05:30:00,35.507,35.526,35.351,35.424,69237.83
2025-11-27 05:45:00,35.419,35.467,35.325,35.359,39664.41
2025-11-27 06:00:00,35.359,35.561,35.359,35.487,20442.93
2025-11-27 06:15:00,35.506,35.66,35.459,35.631,19613.35
2025-11-27 06:30:00,35.639,35.687,35.597,35.6,20857.22
2025-11-27 06:45:00,35.6,35.65,35.396,35.408,17530.5
2025-11-27 07:00:00,35.416,35.449,35.345,35.405,22661.72
2025-11-27 07:15:00,35.405,35.51,35.346,35.453,27800.92
2025-11-27 07:30:00,35.469,35.515,35.386,35.443,26644.31
2025-11-27 07:45:00,35.432,35.64,35.382,35.574,50855.13
2025-11-27 08:00:00,35.574,35.645,35.25,35.293,76901.97
2025-11-27 08:15:00,35.293,35.417,35.206,35.4,61140.36
2025-11-27 08:30:00,35.4,35.508,35.381,35.394,45990.13
2025-11-27 08:45:00,35.394,35.446,35.31,35.446,49464.86
2025-11-27 09:00:00,35.446,35.478,35.361,35.415,37178.3
2025-11-27 09:15:00,35.414,35.555,35.261,35.282,81644.85
2025-11-27 09:30:00,35.281,35.517,35.281,35.476,37365.59
2025-11-27 09:45:00,35.475,35.483,35.241,35.309,47131.01
2025-11-27 10:00:00,35.314,35.338,35.13,35.13,49897.72
2025-11-27 10:15:00,35.135,35.286,35.11,35.17,63386.06
2025-11-27 10:30:00,35.169,35.171,35.04,35.059,72083.24
2025-11-27 10:45:00,35.063,35.071,34.92,35.023,85019.71
2025-11-27 11:00:00,35.022,35.031,34.5,34.682,404453.98
2025-11-27 11:15:00,34.683,34.692,34.503,34.586,103453.96
2025-11-27 11:30:00,34.596,34.772,34.559,34.749,103280.58
2025-11-27 11:45:00,34.75,34.826,34.705,34.824,53132.18
2025-11-27 12:00:00,34.824,34.999,34.818,34.943,113623.7
2025-11-27 12:15:00,34.942,34.974,34.658,34.796,124425.77
2025-11-27 12:30:00,34.787,34.837,34.62,34.646,63560.06
2025-11-27 12:45:00,34.646,34.696,34.554,34.647,47535.64
2025-11-27 13:00:00,34.652,34.765,34.646,34.725,25236.87
2025-11-27 13:15:00,34.715,34.762,34.631,34.727,28540.63
2025-11-27 13:30:00,34.721,34.939,34.682,34.93,37720.35
2025-11-27 13:45:00,34.93,34.933,34.786,34.862,102415.2
2025-11-27 14:00:00,34.862,34.881,34.732,34.851,67650.05
2025-11-27 14:15:00,34.851,34.884,34.67,34.801,96198.68
2025-11-27 14:30:00,34.8,34.801,34.56,34.742,85968.0
2025-11-27 14:45:00,34.741,34.762,34.55,34.725,49285.11
2025-11-27 15:00:00,34.71,34.814,34.522,34.53,49778.38
2025-11-27 15:15:00,34.525,34.66,34.5,34.617,76111.05
2025-11-27 15:30:00,34.615,34.684,34.573,34.68,26833.66
2025-11-27 15:45:00,34.68,34.8,34.67,34.714,35000.41
2025-11-27 16:00:00,34.713,34.775,34.533,34.725,113055.19
2025-11-27 16:15:00,34.722,35.053,34.679,35.04,138935.29
2025-11-27 16:30:00,35.039,35.226,35.011,35.217,167205.68
2025-11-27 16:45:00,35.217,35.506,35.217,35.383,221233.65
2025-11-27 17:00:00,35.382,35.543,35.265,35.532,81098.62
2025-11-27 17:15:00,35.531,35.803,35.45,35.704,254765.48
2025-11-27 17:30:00,35.705,35.764,35.42,35.461,72993.9
2025-11-27 17:45:00,35.458,35.62,35.424,35.498,26773.62
2025-11-27 18:00:00,35.487,35.503,35.345,35.345,53399.28
2025-11-27 18:15:00,35.344,35.412,35.325,35.389,61530.42
2025-11-27 18:30:00,35.39,35.576,35.376,35.55,55375.88
2025-11-27 18:45:00,35.55,35.812,35.492,35.811,90093.51
2025-11-27 19:00:00,35.811,35.818,35.662,35.717,56718.3
2025-11-27 19:15:00,35.703,35.753,35.645,35.688,35428.9
2025-11-27 19:30:00,35.689,35.712,35.58,35.704,63220.73
2025-11-27 19:45:00,35.703,35.761,35.651,35.743,38716.07
2025-11-27 20:00:00,35.742,36.0,35.719,35.946,121952.85
2025-11-27 20:15:00,35.945,35.949,35.667,35.688,80774.89
2025-11-27 20:30:00,35.693,35.834,35.688,35.749,54334.76
2025-11-27 20:45:00,35.751,35.767,35.508,35.516,61316.52
2025-11-27 21:00:00,35.515,35.607,35.448,35.561,73214.25
2025-11-27 21:15:00,35.557,35.62,35.449,35.513,38421.69
2025-11-27 21:30:00,35.512,35.518,35.245,35.335,130814.03
2025-11-27 21:45:00,35.334,35.343,34.993,35.096,116237.1
2025-11-27 22:00:00,35.091,35.169,34.937,35.098,72521.21
2025-11-27 22:15:00,35.096,35.192,35.043,35.125,43703.17
2025-11-27 22:30:00,35.127,35.169,34.8,34.836,62940.81
2025-11-27 22:45:00,34.834,35.017,34.694,34.768,124550.02
2025-11-27 23:00:00,34.764,34.868,34.678,34.782,65805.23
2025-11-27 23:15:00,34.781,34.953,34.754,34.829,72736.14
2025-11-27 23:30:00,34.828,34.908,34.732,34.905,14705.6
2025-11-27 23:45:00,34.907,34.907,34.7,34.728,22354.81
2025-11-28 00:00:00,34.728,34.854,34.657,34.717,58708.66
2025-11-28 00:15:00,34.72,34.798,34.6,34.609,43968.55
2025-11-28 00:30:00,34.604,34.862,34.571,34.706,97732.46
2025-11-28 00:45:00,34.718,34.719,34.466,34.502,121721.85
2025-11-28 01:00:00,34.502,34.588,34.3,34.3,151165.11
2025-11-28 01:15:00,34.3,34.352,34.202,34.209,108841.9
2025-11-28 01:30:00,34.202,34.338,34.198,34.282,49045.5
2025-11-28 01:45:00,34.291,34.332,34.1,34.219,80001.84
2025-11-28 02:00:00,34.219,34.288,34.12,34.238,71310.22
2025-11-28 02:15:00,34.238,34.281,33.764,33.869,253933.44
2025-11-28 02:30:00,33.861,34.034,33.837,34.009,94693.46
2025-11-28 02:45:00,34.012,34.154,33.957,34.123,88071.76
2025-11-28 03:00:00,34.127,34.29,34.088,34.245,102704.64
2025-11-28 03:15:00,34.244,34.47,34.166,34.47,78787.4
2025-11-28 03:30:00,34.47,34.668,34.451,34.64,134189.3
2025-11-28 03:45:00,34.639,34.901,34.622,34.895,87491.93
2025-11-28 04:00:00,34.893,35.281,34.713,35.275,137624.72
2025-11-28 04:15:00,35.275,35.57,35.177,35.543,207226.33
2025-11-28 04:30:00,35.544,35.558,35.319,35.326,135896.36
2025-11-28 04:45:00,35.325,35.488,35.283,35.33,81385.7
2025-11-28 05:00:00,35.322,35.518,35.307,35.428,71076.93
2025-11-28 05:15:00,35.409,35.428,35.083,35.097,141696.77
2025-11-28 05:30:00,35.084,35.212,34.993,35.2,40784.07
2025-11-28 05:45:00,35.2,35.305,35.116,35.183,31614.02
2025-11-28 06:00:00,35.182,35.183,35.02,35.038,13235.57
2025-11-28 06:15:00,35.044,35.115,34.977,35.082,10524.18
2025-11-28 06:30:00,35.07,35.105,34.798,34.798,90880.81
2025-11-28 06:45:00,34.808,34.972,34.806,34.837,21907.84
2025-11-28 07:00:00,34.836,34.907,34.7,34.711,45384.94
2025-11-28 07:15:00,34.711,34.786,34.573,34.68,92841.8
2025-11-28 07:30:00,34.661,34.671,34.534,34.546,44744.55
2025-11-28 07:45:00,34.552,34.674,34.481,34.674,23658.99
2025-11-28 08:00:00,34.674,34.902,34.639,34.849,59109.53
2025-11-28 08:15:00,34.846,34.951,34.755,34.796,46140.93
2025-11-28 08:30:00,34.806,34.836,34.635,34.672,19343.46
2025-11-28 08:45:00,34.672,35.126,34.662,35.089,56945.01
2025-11-28 09:00:00,35.097,35.43,35.054,35.418,115759.77
2025-11-28 09:15:00,35.42,35.477,35.151,35.438,86618.55
2025-11-28 09:30:00,35.435,35.5,35.275,35.455,41695.34
2025-11-28 09:45:00,35.455,35.896,35.444,35.769,200556.25
2025-11-28 10:00:00,35.771,35.855,35.64,35.819,103763.95
2025-11-28 10:15:00,35.827,36.183,35.795,36.043,188817.54
2025-11-28 10:30:00,36.043,36.16,35.973,36.017,117375.18
2025-11-28 10:45:00,36.017,36.327,36.017,36.115,138508.95
2025-11-28 11:00:00,36.119,36.124,35.916,35.939,99460.06
2025-11-28 11:15:00,35.939,36.143,35.656,36.1,135809.77
2025-11-28 11:30:00,36.101,36.183,35.91,36.084,134807.19
2025-11-28 11:45:00,36.084,36.236,35.98,35.982,116486.54
2025-11-28 12:00:00,35.982,36.161,35.967,36.001,71660.55
2025-11-28 12:15:00,36.001,36.024,35.733,35.755,72070.56
2025-11-28 12:30:00,35.755,35.945,35.715,35.88,92163.72
2025-11-28 12:45:00,35.88,35.976,35.743,35.822,22335.26
2025-11-28 13:00:00,35.822,35.865,35.635,35.754,27619.18
2025-11-28 13:15:00,35.755,35.88,35.709,35.828,14389.14
2025-11-28 13:30:00,35.83,35.976,35.778,35.913,39021.72
2025-11-28 13:45:00,35.913,36.296,35.902,36.212,160194.02
2025-11-28 14:00:00,36.215,36.5,36.11,36.499,210632.86
2025-11-28 14:15:00,36.499,36.816,36.327,36.357,287621.39
2025-11-28 14:30:00,36.368,36.585,36.092,36.16,268394.65
2025-11-28 14:45:00,36.16,36.471,36.027,36.46,116622.66
2025-11-28 15:00:00,36.46,36.544,35.98,36.027,108734.2
2025-11-28 15:15:00,36.018,36.221,35.81,35.85,179467.03
2025-11-28 15:30:00,35.848,36.018,35.686,35.718,109758.83
2025-11-28 15:45:00,35.694,35.697,35.33,35.51,173960.46
2025-11-28 16:00:00,35.51,35.538,35.305,35.414,52980.54
2025-11-28 16:15:00,35.413,35.63,34.904,35.02,284708.13
2025-11-28 16:30:00,35.02,35.204,34.829,35.096,118528.82
2025-11-28 16:45:00,35.077,35.11,34.765,34.796,73891.86
2025-11-28 17:00:00,34.805,34.922,34.654,34.668,135016.38
2025-11-28 17:15:00,34.669,34.764,34.6,34.756,73965.63
2025-11-28 17:30:00,34.749,34.871,34.556,34.603,89339.87
2025-11-28 17:45:00,34.603,34.839,34.603,34.689,80853.07
2025-11-28 18:00:00,34.694,34.926,34.475,34.918,135587.84
2025-11-28 18:15:00,34.918,35.004,34.327,34.441,163890.36
2025-11-28 18:30:00,34.44,34.49,34.201,34.297,124978.63
2025-11-28 18:45:00,34.29,34.48,34.235,34.477,93151.26
2025-11-28 19:00:00,34.477,34.817,34.422,34.566,121899.13
2025-11-28 19:15:00,34.568,34.709,34.538,34.666,36887.11
2025-11-28 19:30:00,34.661,34.778,34.581,34.7,46786.18
2025-11-28 19:45:00,34.697,34.764,34.558,34.58,30683.51
2025-11-28 20:00:00,34.58,34.58,34.396,34.534,36650.43
2025-11-28 20:15:00,34.534,34.672,34.468,34.642,29442.23
2025-11-28 20:30:00,34.642,34.649,34.5,34.512,12320.47
2025-11-28 20:45:00,34.515,34.699,34.451,34.681,53416.65
2025-11-28 21:00:00,34.68,34.682,34.489,34.503,19640.62
2025-11-28 21:15:00,34.503,34.51,34.352,34.434,32142.04
2025-11-28 21:30:00,34.44,34.729,34.435,34.711,75185.15
2025-11-28 21:45:00,34.711,34.73,34.49,34.49,42031.48
2025-11-28 22:00:00,34.49,34.519,34.377,34.377,43941.7
2025-11-28 22:15:00,34.377,34.569,34.307,34.558,57278.55
2025-11-28 22:30:00,34.558,34.753,34.522,34.717,78959.69
2025-11-28 22:45:00,34.718,35.034,34.714,35.006,60217.28
2025-11-28 23:00:00,35.006,35.351,35.0,35.273,65841.49
2025-11-28 23:15:00,35.272,35.33,35.04,35.082,55301.48
2025-11-28 23:30:00,35.08,35.269,34.962,35.052,58571.46
2025-11-28 23:45:00,35.047,35.054,34.847,34.97,66691.45
2025-11-29 00:00:00,34.97,35.071,34.925,34.976,38354.02
2025-11-29 00:15:00,34.969,35.145,34.91,35.133,50208.28
2025-11-29 00:30:00,35.132,35.194,34.875,35.183,76315.99
2025-11-29 00:45:00,35.184,35.184,34.971,35.115,40425.68
2025-11-29 01:00:00,35.115,35.116,34.92,34.953,27497.98
2025-11-29 01:15:00,34.951,35.153,34.924,35.06,31285.49
2025-11-29 01:30:00,35.064,35.064,34.797,34.904,57782.61
2025-11-29 01:45:00,34.904,35.038,34.848,35.038,25887.38
2025-11-29 02:00:00,35.0,35.09,34.92,35.07,61536.5
2025-11-29 02:15:00,35.071,35.118,35.032,35.033,22865.94
2025-11-29 02:30:00,35.034,35.062,34.811,34.811,72260.86
2025-11-29 02:45:00,34.811,34.814,34.58,34.758,140468.75
2025-11-29 03:00:00,34.77,34.804,34.715,34.755,14285.44
2025-11-29 03:15:00,34.761,34.761,34.659,34.726,18750.64
2025-11-29 03:30:00,34.717,34.886,34.692,34.843,34135.93
2025-11-29 03:45:00,34.841,34.915,34.819,34.857,34987.75
2025-11-29 04:00:00,34.858,34.951,34.606,34.69,56513.33
2025-11-29 04:15:00,34.686,34.724,34.588,34.657,32027.12
2025-11-29 04:30:00,34.655,34.707,34.428,34.428,59488.5
2025-11-29 04:45:00,34.432,34.84,34.415,34.817,113753.9
2025-11-29 05:00:00,34.816,34.833,34.676,34.815,51489.45
2025-11-29 05:15:00,34.815,35.138,34.812,34.896,107931.88
2025-11-29 05:30:00,34.897,35.132,34.896,34.994,57033.71
2025-11-29 05:45:00,34.985,35.009,34.751,34.888,65122.86
2025-11-29 06:00:00,34.895,34.906,34.645,34.74,81438.05
2025-11-29 06:15:00,34.741,34.744,34.5,34.501,119701.94
2025-11-29 06:30:00,34.501,34.649,34.1,34.628,350312.6
2025-11-29 06:45:00,34.636,34.647,34.41,34.531,163526.31
2025-11-29 07:00:00,34.531,35.632,34.278,35.619,560482.59
2025-11-29 07:15:00,35.627,36.48,35.6,35.93,1052372.93
2025-11-29 07:30:00,35.939,35.955,35.497,35.816,270397.99
2025-11-29 07:45:00,35.817,36.038,35.705,35.99,136000.98
2025-11-29 08:00:00,35.991,36.041,35.773,35.933,94936.27
2025-11-29 08:15:00,35.93,35.943,35.517,35.557,89182.97
2025-11-29 08:30:00,35.554,35.62,35.455,35.458,68591.7
2025-11-29 08:45:00,35.456,35.488,35.35,35.464,103353.04
2025-11-29 09:00:00,35.46,35.684,35.35,35.491,143722.18
2025-11-29 09:15:00,35.485,35.758,35.43,35.594,55341.4
2025-11-29 09:30:00,35.582,35.595,35.355,35.465,84893.58
2025-11-29 09:45:00,35.469,35.499,35.35,35.491,37829.01
2025-11-29 10:00:00,35.487,35.536,35.35,35.414,69690.7
2025-11-29 10:15:00,35.42,35.77,35.278,35.723,120774.47
2025-11-29 10:30:00,35.725,36.0,35.543,35.884,153496.05
2025-11-29 10:45:00,35.88,35.961,35.504,35.522,164085.54
2025-11-29 11:00:00,35.526,35.536,35.271,35.45,114719.83
2025-11-29 11:15:00,35.449,35.45,35.279,35.341,45586.61
2025-11-29 11:30:00,35.338,35.567,35.298,35.5,81898.57
2025-11-29 11:45:00,35.495,35.787,35.467,35.759,86823.25
2025-11-29 12:00:00,35.759,36.201,35.668,36.091,224129.94
2025-11-29 12:15:00,36.092,36.184,35.915,36.002,92545.14
2025-11-29 12:30:00,35.994,36.114,35.86,36.103,51181.82
2025-11-29 12:45:00,36.106,36.262,36.019,36.036,138490.73
2025-11-29 13:00:00,36.036,36.146,35.955,35.981,46150.1
2025-11-29 13:15:00,36.001,36.167,35.92,35.997,108111.4
2025-11-29 13:30:00,35.998,36.156,35.957,35.98,45888.41
2025-11-29 13:45:00,35.981,36.051,35.8,36.001,54547.75
2025-11-29 14:00:00,36.0,36.001,35.532,35.647,169650.65
2025-11-29 14:15:00,35.642,35.655,35.333,35.432,135895.28
2025-11-29 14:30:00,35.441,35.522,35.377,35.483,46625.32
2025-11-29 14:45:00,35.477,35.562,34.974,35.091,226708.91
2025-11-29 15:00:00,35.09,35.1,34.714,34.785,238188.75
2025-11-29 15:15:00,34.803,35.26,34.6,34.651,289947.39
2025-11-29 15:30:00,34.65,34.738,34.56,34.648,131230.47
2025-11-29 15:45:00,34.659,34.848,34.558,34.799,90774.67
2025-11-29 16:00:00,34.786,34.821,34.65,34.75,76731.39
2025-11-29 16:15:00,34.752,35.06,34.744,34.832,69114.66
2025-11-29 16:30:00,34.834,35.033,34.764,34.905,74527.2
2025-11-29 16:45:00,34.906,35.048,34.881,34.965,31219.98
2025-11-29 17:00:00,34.96,35.117,34.769,34.782,87802.91
2025-11-29 17:15:00,34.769,34.908,34.759,34.857,17330.06
2025-11-29 17:30:00,34.86,34.868,34.668,34.686,56923.03
2025-11-29 17:45:00,34.684,34.714,34.329,34.486,228339.25
2025-11-29 18:00:00,34.486,34.5,34.3,34.348,107756.13
2025-11-29 18:15:00,34.348,34.383,34.16,34.242,114099.65
2025-11-29 18:30:00,34.243,34.828,34.042,34.618,196594.27
2025-11-29 18:45:00,34.627,34.681,34.502,34.654,55845.72
2025-11-29 19:00:00,34.653,34.745,34.497,34.631,68236.83
2025-11-29 19:15:00,34.632,34.7,34.546,34.589,47328.77
2025-11-29 19:30:00,34.588,34.596,34.364,34.413,26346.65
2025-11-29 19:45:00,34.407,34.516,34.373,34.49,27988.13
2025-11-29 20:00:00,34.49,34.503,34.216,34.236,34029.06
2025-11-29 20:15:00,34.235,34.443,34.235,34.408,33670.11
2025-11-29 20:30:00,34.407,34.47,34.36,34.441,14429.05
2025-11-29 20:45:00,34.442,34.684,34.356,34.651,102384.43
2025-11-29 21:00:00,34.65,34.677,34.42,34.436,60878.73
2025-11-29 21:15:00,34.449,34.664,34.425,34.609,43111.21
2025-11-29 21:30:00,34.622,34.794,34.612,34.755,68435.48
2025-11-29 21:45:00,34.744,34.776,34.686,34.701,24919.18
2025-11-29 22:00:00,34.7,34.792,34.62,34.641,29864.11
2025-11-29 22:15:00,34.648,34.689,34.555,34.555,25012.32
2025-11-29 22:30:00,34.554,34.566,34.503,34.528,21606.47
2025-11-29 22:45:00,34.529,34.55,34.491,34.545,12287.26
2025-11-29 23:00:00,34.543,34.543,34.324,34.382,57042.28
2025-11-29 23:15:00,34.381,34.506,34.335,34.41,12646.59
2025-11-29 23:30:00,34.396,34.452,34.33,34.423,9679.93
2025-11-29 23:45:00,34.413,34.475,34.353,34.36,7796.24
2025-11-30 00:00:00,34.36,34.539,34.36,34.504,32330.95
2025-11-30 00:15:00,34.504,34.566,34.38,34.403,42911.54
2025-11-30 00:30:00,34.396,34.452,34.227,34.369,79729.1
2025-11-30 00:45:00,34.369,34.369,34.021,34.16,109870.45
2025-11-30 01:00:00,34.16,34.397,34.14,34.324,76055.63
2025-11-30 01:15:00,34.328,34.431,34.271,34.391,26487.7
2025-11-30 01:30:00,34.391,34.529,34.356,34.361,55010.03
2025-11-30 01:45:00,34.368,34.412,34.319,34.334,18125.33
2025-11-30 02:00:00,34.334,34.492,34.33,34.384,19830.48
2025-11-30 02:15:00,34.378,34.429,34.355,34.411,7191.25
2025-11-30 02:30:00,34.407,34.439,34.351,34.352,5044.84
2025-11-30 02:45:00,34.352,34.376,34.3,34.319,26060.32
2025-11-30 03:00:00,34.32,34.391,34.1,34.152,58529.47
2025-11-30 03:15:00,34.15,34.243,34.021,34.22,76502.49
2025-11-30 03:30:00,34.209,34.443,34.2,34.443,64178.08
2025-11-30 03:45:00,34.443,34.484,34.279,34.314,19665.32
2025-11-30 04:00:00,34.319,34.354,34.268,34.309,31355.19
2025-11-30 04:15:00,34.309,34.309,34.224,34.247,10413.56
2025-11-30 04:30:00,34.245,34.252,34.116,34.116,35238.21
2025-11-30 04:45:00,34.127,34.198,34.11,34.139,14684.72
2025-11-30 05:00:00,34.143,34.149,33.815,33.86,173441.35
2025-11-30 05:15:00,33.86,33.911,33.77,33.77,68028.68
2025-11-30 05:30:00,33.775,33.861,33.753,33.79,89496.45
2025-11-30 05:45:00,33.786,33.923,33.45,33.611,181748.7
2025-11-30 06:00:00,33.604,33.642,33.385,33.393,161946.16
2025-11-30 06:15:00,33.393,33.934,33.364,33.868,142730.7
2025-11-30 06:30:00,33.869,33.895,33.707,33.858,91648.67
2025-11-30 06:45:00,33.858,33.939,33.65,33.722,50987.11
2025-11-30 07:00:00,33.724,33.941,33.656,33.88,48086.97
2025-11-30 07:15:00,33.886,34.02,33.788,33.99,68311.14
2025-11-30 07:30:00,33.99,34.023,33.868,33.922,47415.92
2025-11-30 07:45:00,33.916,34.04,33.907,33.996,28063.72
2025-11-30 08:00:00,33.996,34.061,33.919,34.028,18264.04
2025-11-30 08:15:00,34.021,34.077,33.871,33.978,63700.98
2025-11-30 08:30:00,33.98,34.052,33.904,34.029,28044.52
2025-11-30 08:45:00,34.032,34.081,33.995,34.024,18509.56
2025-11-30 09:00:00,34.024,34.086,33.904,33.988,37577.35
2025-11-30 09:15:00,33.983,34.037,33.932,33.979,36548.02
2025-11-30 09:30:00,33.979,33.992,33.909,33.943,27368.04
2025-11-30 09:45:00,33.943,33.981,33.763,33.852,74659.55
2025-11-30 10:00:00,33.852,33.904,33.542,33.554,133530.25
2025-11-30 10:15:00,33.554,33.661,33.486,33.518,122016.3
2025-11-30 10:30:00,33.518,33.518,33.349,33.4,139738.56
2025-11-30 10:45:00,33.401,33.458,33.24,33.248,129677.1
2025-11-30 11:00:00,33.248,33.313,33.1,33.262,161183.15
2025-11-30 11:15:00,33.262,33.36,32.947,33.035,225659.5
2025-11-30 11:30:00,33.034,33.095,32.966,33.003,194199.35
2025-11-30 11:45:00,33.003,33.11,32.97,33.015,145193.48
2025-11-30 12:00:00,33.016,33.204,32.903,33.201,110555.13
2025-11-30 12:15:00,33.204,33.296,33.134,33.167,53366.38
2025-11-30 12:30:00,33.167,33.183,33.02,33.154,52015.67
2025-11-30 12:45:00,33.161,33.222,33.071,33.179,86716.77
2025-11-30 13:00:00,33.177,33.529,33.177,33.442,177237.7
2025-11-30 13:15:00,33.442,33.792,33.441,33.691,155382.35
2025-11-30 13:30:00,33.691,33.761,33.491,33.503,75158.01
2025-11-30 13:45:00,33.503,33.634,33.427,33.623,56642.51
2025-11-30 14:00:00,33.623,33.672,33.217,33.299,198398.1
2025-11-30 14:15:00,33.299,33.374,33.233,33.266,92146.44
2025-11-30 14:30:00,33.276,33.305,33.211,33.22,97356.36
2025-11-30 14:45:00,33.224,33.25,33.211,33.249,51391.96
2025-11-30 15:00:00,33.249,33.249,32.9,33.068,296510.35
2025-11-30 15:15:00,33.072,33.183,33.006,33.183,33431.39
2025-11-30 15:30:00,33.184,33.233,33.065,33.134,61459.65
2025-11-30 15:45:00,33.129,33.17,33.019,33.068,43775.16
2025-11-30 16:00:00,33.074,33.428,33.074,33.414,81508.22
2025-11-30 16:15:00,33.414,33.576,33.402,33.477,53311.52
2025-11-30 16:30:00,33.477,33.501,33.302,33.463,38431.64
2025-11-30 16:45:00,33.461,33.63,33.42,33.587,50700.49
2025-11-30 17:00:00,33.597,33.607,33.392,33.448,53839.2
2025-11-30 17:15:00,33.453,33.664,33.438,33.542,83848.52
2025-11-30 17:30:00,33.548,33.768,33.524,33.742,83712.7
2025-11-30 17:45:00,33.743,33.776,33.612,33.746,52360.56
2025-11-30 18:00:00,33.747,33.747,33.578,33.624,32544.53
2025-11-30 18:15:00,33.624,33.699,33.524,33.661,45704.15
2025-11-30 18:30:00,33.659,33.693,33.623,33.69,16142.02
2025-11-30 18:45:00,33.69,34.01,33.68,33.932,80815.02
2025-11-30 19:00:00,33.932,33.99,33.778,33.808,47260.1
2025-11-30 19:15:00,33.812,33.846,33.705,33.755,15645.77
2025-11-30 19:30:00,33.756,33.817,33.716,33.781,20864.5
2025-11-30 19:45:00,33.781,33.812,33.733,33.753,10991.79
2025-11-30 20:00:00,33.753,33.852,33.711,33.735,55836.87
2025-11-30 20:15:00,33.736,33.757,33.427,33.513,59347.03
2025-11-30 20:30:00,33.513,33.573,33.381,33.401,49010.41
2025-11-30 20:45:00,33.401,33.487,33.334,33.369,43379.63
2025-11-30 21:00:00,33.365,33.407,33.269,33.322,124824.5
2025-11-30 21:15:00,33.322,33.384,33.205,33.299,69855.15
2025-11-30 21:30:00,33.299,33.308,33.195,33.198,20717.31
2025-11-30 21:45:00,33.198,33.26,33.161,33.173,36909.07
2025-11-30 22:00:00,33.178,33.287,33.165,33.19,53108.88
2025-11-30 22:15:00,33.189,33.273,33.108,33.108,65508.92
2025-11-30 22:30:00,33.109,33.109,32.92,32.934,106016.52
2025-11-30 22:45:00,32.93,32.935,32.705,32.792,181849.27
2025-11-30 23:00:00,32.792,32.796,32.3,32.429,343613.93
2025-11-30 23:15:00,32.426,32.476,32.204,32.251,215332.45
2025-11-30 23:30:00,32.251,32.288,32.103,32.147,147112.16
2025-11-30 23:45:00,32.152,32.158,31.87,31.949,310261.71
2025-12-01 00:00:00,31.94,32.068,31.267,31.52,820428.65
2025-12-01 00:15:00,31.52,31.749,31.15,31.166,475680.41
2025-12-01 00:30:00,31.177,31.297,30.751,30.902,500735.3
2025-12-01 00:45:00,30.88,30.955,30.566,30.609,255467.04
2025-12-01 01:00:00,30.613,31.033,30.52,30.757,216404.67
2025-12-01 01:15:00,30.744,31.344,30.734,30.859,490173.48
2025-12-01 01:30:00,30.859,31.401,30.81,31.368,199569.59
2025-12-01 01:45:00,31.368,31.4,31.02,31.257,130514.91
2025-12-01 02:00:00,31.257,31.63,31.183,31.562,105089.99
2025-12-01 02:15:00,31.552,31.74,31.365,31.381,159231.15
2025-12-01 02:30:00,31.372,31.564,31.188,31.492,229047.63
2025-12-01 02:45:00,31.492,31.743,31.293,31.68,184764.37
2025-12-01 03:00:00,31.684,31.724,30.987,31.262,532473.84
2025-12-01 03:15:00,31.265,31.29,30.813,30.85,373026.98
2025-12-01 03:30:00,30.849,30.955,30.653,30.934,379714.83
2025-12-01 03:45:00,30.936,30.947,30.687,30.766,184930.04
2025-12-01 04:00:00,30.761,30.849,30.6,30.717,234692.41
2025-12-01 04:15:00,30.714,30.85,30.653,30.691,241469.87
2025-12-01 04:30:00,30.691,30.755,30.538,30.643,108543.32
2025-12-01 04:45:00,30.658,30.752,30.51,30.516,82680.83
2025-12-01 05:00:00,30.515,30.708,30.275,30.611,252173.44
2025-12-01 05:15:00,30.622,30.775,30.541,30.756,92084.32
2025-12-01 05:30:00,30.756,30.757,30.388,30.42,81536.15
2025-12-01 05:45:00,30.421,30.564,30.363,30.449,62354.11
2025-12-01 06:00:00,30.453,30.665,30.42,30.577,43045.29
2025-12-01 06:15:00,30.576,30.71,30.54,30.698,128566.22
2025-12-01 06:30:00,30.692,30.763,30.57,30.76,28406.76
2025-12-01 06:45:00,30.76,30.787,30.675,30.759,55332.37
2025-12-01 07:00:00,30.758,30.901,30.711,30.847,86384.14
2025-12-01 07:15:00,30.847,30.91,30.728,30.878,59181.61
2025-12-01 07:30:00,30.878,31.158,30.865,31.117,83343.49
2025-12-01 07:45:00,31.109,31.26,31.065,31.216,81749.53
2025-12-01 08:00:00,31.216,31.216,30.801,30.862,119256.75
2025-12-01 08:15:00,30.862,30.945,30.807,30.887,36968.63
2025-12-01 08:30:00,30.892,31.375,30.839,31.374,67359.88
2025-12-01 08:45:00,31.374,31.375,31.153,31.165,52187.52
2025-12-01 09:00:00,31.152,31.269,31.034,31.049,51698.44
2025-12-01 09:15:00,31.043,31.163,30.957,31.122,53139.79
2025-12-01 09:30:00,31.121,31.377,31.119,31.337,32855.2
2025-12-01 09:45:00,31.333,31.333,31.033,31.072,52012.14
2025-12-01 10:00:00,31.071,31.27,31.032,31.218,47729.17
2025-12-01 10:15:00,31.217,31.324,31.143,31.221,31294.67
2025-12-01 10:30:00,31.221,31.446,31.208,31.252,64833.67
2025-12-01 10:45:00,31.251,31.316,31.171,31.268,36598.6
2025-12-01 11:00:00,31.267,31.27,30.588,30.846,214420.1
2025-12-01 11:15:00,30.852,30.973,30.852,30.89,27467.62
2025-12-01 11:30:00,30.882,30.883,30.627,30.657,40765.42
2025-12-01 11:45:00,30.652,30.732,30.6,30.644,38169.23
2025-12-01 12:00:00,30.636,30.811,30.636,30.707,70169.96
2025-12-01 12:15:00,30.706,30.732,30.5,30.537,72136.28
2025-12-01 12:30:00,30.536,30.578,29.83,30.026,619842.49
2025-12-01 12:45:00,30.025,30.332,29.81,30.243,288328.9
2025-12-01 13:00:00,30.236,30.577,30.215,30.33,159204.42
2025-12-01 13:15:00,30.331,30.355,29.908,29.975,273687.94
2025-12-01 13:30:00,29.975,30.039,29.527,29.554,568746.11
2025-12-01 13:45:00,29.553,29.724,29.105,29.602,677841.03
2025-12-01 14:00:00,29.602,29.739,29.182,29.504,481440.54
2025-12-01 14:15:00,29.504,29.879,29.478,29.868,229986.2
2025-12-01 14:30:00,29.867,30.091,29.673,29.793,301129.42
2025-12-01 14:45:00,29.788,29.886,29.694,29.764,179068.68
2025-12-01 15:00:00,29.765,29.89,29.51,29.753,146546.28
2025-12-01 15:15:00,29.753,29.853,29.408,29.523,167689.81
2025-12-01 15:30:00,29.528,29.805,29.417,29.523,286236.1
2025-12-01 15:45:00,29.535,29.972,29.498,29.78,146838.36
2025-12-01 16:00:00,29.78,29.78,29.542,29.627,133064.87
2025-12-01 16:15:00,29.633,29.639,29.25,29.342,126850.96
2025-12-01 16:30:00,29.341,29.674,29.269,29.542,189312.5
2025-12-01 16:45:00,29.543,29.623,29.373,29.543,99309.45
2025-12-01 17:00:00,29.543,29.793,29.482,29.575,135809.79
2025-12-01 17:15:00,29.575,29.662,29.351,29.636,91618.84
2025-12-01 17:30:00,29.636,29.714,29.432,29.705,77022.46
2025-12-01 17:45:00,29.706,29.81,29.567,29.581,99461.75
2025-12-01 18:00:00,29.585,29.89,29.559,29.841,93348.96
2025-12-01 18:15:00,29.831,30.0,29.76,29.997,117512.55
2025-12-01 18:30:00,29.994,30.0,29.66,29.694,149250.34
2025-12-01 18:45:00,29.699,29.753,29.569,29.7,97909.38
2025-12-01 19:00:00,29.695,29.801,29.5,29.676,111565.47
2025-12-01 19:15:00,29.679,29.717,29.468,29.476,83293.94
2025-12-01 19:30:00,29.486,29.545,29.4,29.409,81502.93
2025-12-01 19:45:00,29.411,29.611,29.388,29.552,56056.0
2025-12-01 20:00:00,29.543,30.026,29.543,29.796,233100.69
2025-12-01 20:15:00,29.796,29.98,29.749,29.919,56856.03
2025-12-01 20:30:00,29.923,30.108,29.897,30.107,108767.23
2025-12-01 20:45:00,30.108,30.282,30.046,30.24,99433.57
2025-12-01 21:00:00,30.243,30.5,30.181,30.312,124402.66
2025-12-01 21:15:00,30.312,30.676,30.26,30.493,325469.69
2025-12-01 21:30:00,30.493,30.68,30.43,30.68,121582.32
2025-12-01 21:45:00,30.68,30.68,30.444,30.622,105235.21
2025-12-01 22:00:00,30.62,30.879,30.616,30.752,200797.76
2025-12-01 22:15:00,30.76,30.88,30.648,30.88,44453.43
2025-12-01 22:30:00,30.88,31.274,30.855,31.239,171341.91
2025-12-01 22:45:00,31.241,31.269,31.1,31.227,169723.99
2025-12-01 23:00:00,31.229,31.315,31.078,31.26,200055.66
2025-12-01 23:15:00,31.26,31.503,31.247,31.46,246075.88
2025-12-01 23:30:00,31.46,31.472,31.087,31.212,130715.87
2025-12-01 23:45:00,31.205,31.224,31.003,31.01,85281.76
2025-12-02 00:00:00,31.018,31.54,31.008,31.377,253968.05
2025-12-02 00:15:00,31.399,31.434,31.061,31.178,103194.37
2025-12-02 00:30:00,31.195,31.235,30.913,30.937,52982.12
2025-12-02 00:45:00,30.937,31.117,30.621,30.759,116600.06
2025-12-02 01:00:00,30.763,31.213,30.626,30.641,115285.76
2025-12-02 01:15:00,30.644,30.768,30.524,30.626,93938.02
2025-12-02 01:30:00,30.626,30.74,30.567,30.684,51677.5
2025-12-02 01:45:00,30.679,30.686,30.37,30.435,106268.7
2025-12-02 02:00:00,30.435,30.623,30.35,30.593,81708.49
2025-12-02 02:15:00,30.598,30.917,30.591,30.641,89233.46
2025-12-02 02:30:00,30.641,30.936,30.592,30.742,92449.01
2025-12-02 02:45:00,30.741,30.879,30.607,30.632,58628.73
2025-12-02 03:00:00,30.631,31.089,30.592,30.929,359141.96
2025-12-02 03:15:00,30.93,31.174,30.735,30.745,150673.16
2025-12-02 03:30:00,30.745,31.11,30.654,31.109,94646.56
2025-12-02 03:45:00,31.11,31.222,30.99,31.087,91397.57
2025-12-02 04:00:00,31.087,31.208,30.938,30.993,39721.42
2025-12-02 04:15:00,30.993,31.182,30.946,31.164,31374.27
2025-12-02 04:30:00,31.164,31.318,31.042,31.266,68791.12
2025-12-02 04:45:00,31.267,31.42,31.118,31.132,102661.07
2025-12-02 05:00:00,31.138,31.396,31.014,31.316,141477.36
2025-12-02 05:15:00,31.317,31.417,31.225,31.225,79652.26
2025-12-02 05:30:00,31.225,31.234,31.034,31.039,75063.51
2025-12-02 05:45:00,31.037,31.37,31.024,31.352,102314.42
2025-12-02 06:00:00,31.351,31.363,31.245,31.287,34434.5
2025-12-02 06:15:00,31.288,31.417,31.15,31.416,39409.05
2025-12-02 06:30:00,31.416,31.824,31.414,31.812,150882.47
2025-12-02 06:45:00,31.823,31.848,31.693,31.824,68468.74
2025-12-02 07:00:00,31.824,31.95,31.746,31.944,47722.02
2025-12-02 07:15:00,31.942,32.001,31.753,31.796,83851.68
2025-12-02 07:30:00,31.8,31.826,31.678,31.699,52897.83
2025-12-02 07:45:00,31.699,31.738,31.629,31.716,35890.93
2025-12-02 08:00:00,31.715,31.801,31.528,31.55,99830.01
2025-12-02 08:15:00,31.55,31.55,31.323,31.352,121510.53
2025-12-02 08:30:00,31.359,31.371,31.234,31.313,105374.49
2025-12-02 08:45:00,31.314,31.507,31.107,31.257,89272.29
2025-12-02 09:00:00,31.266,31.495,31.257,31.328,28198.37
2025-12-02 09:15:00,31.328,31.394,31.16,31.386,65823.29
2025-12-02 09:30:00,31.385,31.496,31.342,31.348,107680.99
2025-12-02 09:45:00,31.348,31.432,31.32,31.329,36077.65
2025-12-02 10:00:00,31.328,31.62,31.308,31.517,60285.53
2025-12-02 10:15:00,31.518,31.663,31.385,31.576,31333.85
2025-12-02 10:30:00,31.575,31.686,31.511,31.68,29339.81
2025-12-02 10:45:00,31.675,32.05,31.673,31.914,141579.14
2025-12-02 11:00:00,31.912,32.011,31.722,31.866,82905.56
2025-12-02 11:15:00,31.868,31.914,31.722,31.84,43959.38
2025-12-02 11:30:00,31.844,31.902,31.733,31.821,55869.81
2025-12-02 11:45:00,31.822,31.947,31.775,31.839,70579.43
2025-12-02 12:00:00,31.845,32.035,31.827,31.976,67516.3
2025-12-02 12:15:00,31.977,32.065,31.779,31.838,67765.2
2025-12-02 12:30:00,31.839,31.91,31.782,31.872,33815.07
2025-12-02 12:45:00,31.873,31.911,31.784,31.905,18257.82
2025-12-02 13:00:00,31.906,32.005,31.85,31.988,52559.25
2025-12-02 13:15:00,31.99,32.25,31.99,32.184,124611.09
2025-12-02 13:30:00,32.208,32.495,32.199,32.463,245450.23
2025-12-02 13:45:00,32.468,32.601,32.112,32.131,374354.18
2025-12-02 14:00:00,32.146,33.039,31.458,32.937,1196081.23
2025-12-02 14:15:00,32.943,33.472,32.634,32.867,1648019.21
2025-12-02 14:30:00,32.868,32.999,32.29,32.503,744110.57
2025-12-02 14:45:00,32.503,32.777,32.34,32.621,293229.77
2025-12-02 15:00:00,32.614,33.131,32.516,32.949,353624.0
2025-12-02 15:15:00,32.952,33.062,32.298,32.412,476712.5
2025-12-02 15:30:00,32.431,32.87,32.302,32.669,465117.92
2025-12-02 15:45:00,32.68,33.064,32.553,33.001,316731.19
2025-12-02 16:00:00,33.002,33.803,32.978,33.384,585784.08
2025-12-02 16:15:00,33.397,33.494,32.893,32.978,327940.87
2025-12-02 16:30:00,32.962,33.031,32.686,32.8,184416.32
2025-12-02 16:45:00,32.8,32.941,32.676,32.782,125998.58
2025-12-02 17:00:00,32.776,32.916,32.639,32.808,47477.58
2025-12-02 17:15:00,32.805,33.201,32.805,33.112,183873.12
2025-12-02 17:30:00,33.112,33.237,33.01,33.042,94599.07
2025-12-02 17:45:00,33.042,33.072,32.788,32.829,111700.87
2025-12-02 18:00:00,32.829,33.076,32.802,33.07,93916.93
2025-12-02 18:15:00,33.07,33.198,33.0,33.181,101475.52
2025-12-02 18:30:00,33.182,33.286,33.153,33.244,50632.17
2025-12-02 18:45:00,33.242,33.416,33.13,33.406,80958.74
2025-12-02 19:00:00,33.407,33.722,33.4,33.601,149347.03
2025-12-02 19:15:00,33.604,33.663,33.463,33.48,64524.59
2025-12-02 19:30:00,33.485,33.53,33.199,33.199,154597.94
2025-12-02 19:45:00,33.2,33.222,33.075,33.102,120734.49
2025-12-02 20:00:00,33.102,33.151,32.984,33.082,92359.71
2025-12-02 20:15:00,33.066,33.067,32.719,32.737,120201.32
2025-12-02 20:30:00,32.746,32.923,32.622,32.923,80801.09
2025-12-02 20:45:00,32.918,32.929,32.737,32.854,34523.22
2025-12-02 21:00:00,32.858,32.965,32.774,32.914,43700.04
2025-12-02 21:15:00,32.913,33.0,32.859,32.963,66216.71
2025-12-02 21:30:00,32.97,32.997,32.819,32.884,85521.06
2025-12-02 21:45:00,32.884,32.925,32.751,32.915,112365.31
2025-12-02 22:00:00,32.915,33.0,32.8,32.951,55273.46
2025-12-02 22:15:00,32.952,33.151,32.93,33.018,55456.12
2025-12-02 22:30:00,33.007,33.294,32.975,33.218,60349.61
2025-12-02 22:45:00,33.219,33.732,33.18,33.731,190953.45
2025-12-02 23:00:00,33.731,34.318,33.659,34.264,443023.32
2025-12-02 23:15:00,34.264,34.43,34.048,34.063,355135.1
2025-12-02 23:30:00,34.063,34.257,33.879,33.934,65005.66
2025-12-02 23:45:00,33.935,34.044,33.766,33.875,78354.49
2025-12-03 00:00:00,33.873,34.002,33.663,33.759,70858.77
2025-12-03 00:15:00,33.75,33.934,33.654,33.659,40747.12
2025-12-03 00:30:00,33.659,33.691,33.498,33.666,81054.62
2025-12-03 00:45:00,33.674,33.737,33.46,33.504,56073.35
2025-12-03 01:00:00,33.508,33.565,33.381,33.495,30396.81
2025-12-03 01:15:00,33.496,33.788,33.466,33.751,98489.82
2025-12-03 01:30:00,33.761,33.767,33.539,33.6,36030.1
2025-12-03 01:45:00,33.598,33.809,33.539,33.56,23551.26
2025-12-03 02:00:00,33.56,33.777,33.542,33.762,38965.54
2025-12-03 02:15:00,33.762,34.003,33.706,33.97,88867.47
2025-12-03 02:30:00,33.978,34.0,33.83,33.877,46626.64
2025-12-03 02:45:00,33.878,33.918,33.735,33.776,46772.51
2025-12-03 03:00:00,33.774,34.178,33.71,34.172,91764.13
2025-12-03 03:15:00,34.173,34.81,34.082,34.722,265788.43
2025-12-03 03:30:00,34.728,34.853,34.4,34.455,162030.12
2025-12-03 03:45:00,34.445,34.546,34.236,34.253,144593.72
2025-12-03 04:00:00,34.253,34.545,34.234,34.404,49752.12
2025-12-03 04:15:00,34.408,34.744,34.349,34.471,94777.99
2025-12-03 04:30:00,34.472,34.715,34.335,34.713,68549.85
2025-12-03 04:45:00,34.694,34.725,34.545,34.659,36883.18
2025-12-03 05:00:00,34.673,35.406,34.659,35.004,297524.73
2025-12-03 05:15:00,35.004,35.039,34.713,34.756,53930.9
2025-12-03 05:30:00,34.758,34.785,34.628,34.694,63661.67
2025-12-03 05:45:00,34.698,34.808,34.528,34.528,88760.04
2025-12-03 06:00:00,34.527,34.641,34.431,34.458,59276.54
2025-12-03 06:15:00,34.459,34.746,34.369,34.746,86428.12
2025-12-03 06:30:00,34.718,34.749,34.211,34.226,106389.75
2025-12-03 06:45:00,34.233,34.365,34.208,34.277,44898.96
2025-12-03 07:00:00,34.279,34.414,34.269,34.345,29186.96
2025-12-03 07:15:00,34.344,34.435,34.28,34.374,35827.86
2025-12-03 07:30:00,34.374,34.411,34.074,34.113,128968.29
2025-12-03 07:45:00,34.109,34.377,34.058,34.26,42498.34
2025-12-03 08:00:00,34.259,34.342,34.071,34.127,23940.38
2025-12-03 08:15:00,34.114,34.267,34.112,34.248,14893.46
2025-12-03 08:30:00,34.247,34.385,34.218,34.372,32693.6
2025-12-03 08:45:00,34.372,34.485,34.125,34.136,76385.41
2025-12-03 09:00:00,34.142,34.307,34.108,34.297,28761.03
2025-12-03 09:15:00,34.293,34.293,34.179,34.232,20854.78
2025-12-03 09:30:00,34.232,34.331,34.159,34.32,25524.02
2025-12-03 09:45:00,34.32,34.575,34.318,34.505,58400.51
2025-12-03 10:00:00,34.497,34.633,34.406,34.417,48449.99
2025-12-03 10:15:00,34.409,34.477,34.336,34.441,67410.39
2025-12-03 10:30:00,34.44,34.48,34.307,34.359,57435.94
2025-12-03 10:45:00,34.358,34.382,33.771,33.819,333491.44
2025-12-03 11:00:00,33.819,34.064,33.729,33.786,107526.67
2025-12-03 11:15:00,33.8,33.8,33.5,33.702,145933.47
2025-12-03 11:30:00,33.706,33.747,33.628,33.663,84181.66
2025-12-03 11:45:00,33.663,33.832,33.623,33.782,51684.32
2025-12-03 12:00:00,33.788,33.902,33.663,33.689,45586.79
2025-12-03 12:15:00,33.69,33.818,33.635,33.666,20751.88
2025-12-03 12:30:00,33.664,33.818,33.631,33.75,31203.76
2025-12-03 12:45:00,33.751,34.014,33.735,33.998,86407.6
2025-12-03 13:00:00,33.994,34.303,33.969,34.14,87657.48
2025-12-03 13:15:00,34.149,34.217,34.058,34.058,40404.16
2025-12-03 13:30:00,34.06,34.166,33.929,33.946,72253.39
2025-12-03 13:45:00,33.946,34.078,33.92,34.041,64731.67
2025-12-03 14:00:00,34.048,34.066,33.451,33.695,206542.51
2025-12-03 14:15:00,33.698,34.217,33.697,34.074,159592.71
2025-12-03 14:30:00,34.087,34.7,33.838,34.495,204731.41
2025-12-03 14:45:00,34.495,34.495,33.883,33.883,157595.06
2025-12-03 15:00:00,33.885,34.268,33.885,33.919,157147.38
2025-12-03 15:15:00,33.916,33.986,33.651,33.933,162674.26
2025-12-03 15:30:00,33.937,34.176,33.841,34.084,53327.81
2025-12-03 15:45:00,34.084,34.174,34.011,34.052,83019.3
2025-12-03 16:00:00,34.056,34.196,33.877,33.922,115801.65
2025-12-03 16:15:00,33.921,34.161,33.921,34.11,85695.9
2025-12-03 16:30:00,34.105,34.443,34.105,34.318,149293.13
2025-12-03 16:45:00,34.317,34.404,34.133,34.148,107607.26
2025-12-03 17:00:00,34.145,34.25,34.095,34.238,18971.28
2025-12-03 17:15:00,34.244,34.248,33.921,33.961,55520.51
2025-12-03 17:30:00,33.961,34.347,33.96,34.259,121191.36
2025-12-03 17:45:00,34.257,34.489,34.15,34.44,121010.22
2025-12-03 18:00:00,34.435,34.6,34.33,34.516,100511.87
2025-12-03 18:15:00,34.513,34.513,34.141,34.267,139867.64
2025-12-03 18:30:00,34.261,34.407,34.179,34.337,49907.96
2025-12-03 18:45:00,34.333,34.349,34.0,34.151,89439.12
2025-12-03 19:00:00,34.147,34.333,34.066,34.167,79268.7
2025-12-03 19:15:00,34.164,34.227,34.071,34.179,63544.71
2025-12-03 19:30:00,34.173,34.374,34.149,34.373,57396.17
2025-12-03 19:45:00,34.373,34.79,34.343,34.772,129395.53
2025-12-03 20:00:00,34.772,34.838,34.453,34.609,161604.61
2025-12-03 20:15:00,34.603,34.603,34.296,34.435,99363.02
2025-12-03 20:30:00,34.412,34.64,34.338,34.634,41225.74
2025-12-03 20:45:00,34.633,34.9,34.495,34.565,139597.9
2025-12-03 21:00:00,34.56,34.897,34.557,34.86,58498.53
2025-12-03 21:15:00,34.843,34.95,34.789,34.914,72009.27
2025-12-03 21:30:00,34.914,34.98,34.844,34.977,45145.14
2025-12-03 21:45:00,34.977,35.117,34.907,35.105,93306.34
2025-12-03 22:00:00,35.096,35.129,34.8,34.9,97900.54
2025-12-03 22:15:00,34.899,34.899,34.691,34.769,39355.5
2025-12-03 22:30:00,34.763,34.813,34.649,34.755,34453.66
2025-12-03 22:45:00,34.754,34.998,34.754,34.9,48584.28
2025-12-03 23:00:00,34.9,35.021,34.786,34.874,76248.38
2025-12-03 23:15:00,34.878,34.916,34.77,34.839,21747.53
2025-12-03 23:30:00,34.839,34.84,34.612,34.66,41214.33
2025-12-03 23:45:00,34.65,34.766,34.564,34.671,62559.3
2025-12-04 00:00:00,34.668,34.68,34.251,34.27,94799.04
2025-12-04 00:15:00,34.26,34.596,34.253,34.558,41930.21
2025-12-04 00:30:00,34.553,34.786,34.542,34.779,36096.81
2025-12-04 00:45:00,34.786,35.212,34.746,35.121,210489.56
2025-12-04 01:00:00,35.122,35.49,34.976,35.489,244634.09
2025-12-04 01:15:00,35.489,35.814,35.473,35.627,331767.17
2025-12-04 01:30:00,35.621,35.814,35.516,35.762,216425.52
2025-12-04 01:45:00,35.769,35.845,35.618,35.828,188090.38
2025-12-04 02:00:00,35.828,35.89,35.686,35.831,126187.33
2025-12-04 02:15:00,35.824,36.115,35.823,36.114,188161.25
2025-12-04 02:30:00,36.093,36.219,35.861,36.122,215131.91
2025-12-04 02:45:00,36.12,36.133,35.87,35.964,104236.8
2025-12-04 03:00:00,35.962,36.078,35.809,35.846,79957.74
2025-12-04 03:15:00,35.847,35.855,35.528,35.534,116860.81
2025-12-04 03:30:00,35.533,35.565,35.32,35.551,76883.36
2025-12-04 03:45:00,35.547,35.694,35.53,35.607,45371.41
2025-12-04 04:00:00,35.607,35.607,35.359,35.449,64351.13
2025-12-04 04:15:00,35.449,35.546,35.004,35.353,345338.66
2025-12-04 04:30:00,35.36,35.392,35.245,35.279,25118.71
2025-12-04 04:45:00,35.279,35.426,35.259,35.399,22872.19
2025-12-04 05:00:00,35.4,35.424,35.116,35.203,23085.69
2025-12-04 05:15:00,35.204,35.256,34.909,35.171,117828.75
2025-12-04 05:30:00,35.179,35.248,34.943,34.946,34062.71
2025-12-04 05:45:00,34.946,34.953,34.807,34.869,53655.0
2025-12-04 06:00:00,34.876,34.997,34.865,34.982,26555.78
2025-12-04 06:15:00,34.982,35.109,34.89,35.107,30468.35
2025-12-04 06:30:00,35.106,35.169,35.055,35.055,33191.85
2025-12-04 06:45:00,35.055,35.149,35.007,35.013,13965.86
2025-12-04 07:00:00,35.013,35.018,34.7,34.742,54024.87
2025-12-04 07:15:00,34.75,34.86,34.7,34.813,20224.38
2025-12-04 07:30:00,34.812,35.18,34.812,35.135,41131.51
2025-12-04 07:45:00,35.135,35.269,35.017,35.252,27637.38
2025-12-04 08:00:00,35.25,35.412,35.042,35.054,111166.14
2025-12-04 08:15:00,35.058,35.117,35.029,35.074,22561.28
2025-12-04 08:30:00,35.08,35.126,34.952,35.077,24731.06
2025-12-04 08:45:00,35.07,35.126,34.841,34.858,26161.72
2025-12-04 09:00:00,34.858,35.093,34.852,34.961,23567.28
2025-12-04 09:15:00,34.95,34.971,34.846,34.918,12933.53
2025-12-04 09:30:00,34.917,35.006,34.88,34.99,11694.45
2025-12-04 09:45:00,34.995,34.997,34.86,34.904,16033.83
2025-12-04 10:00:00,34.905,34.997,34.9,34.975,28112.53
2025-12-04 10:15:00,34.972,35.031,34.966,34.99,23868.81
2025-12-04 10:30:00,34.987,35.011,34.851,34.87,21716.18
2025-12-04 10:45:00,34.87,34.919,34.766,34.774,37261.87
2025-12-04 11:00:00,34.774,35.0,34.749,34.972,69607.73
2025-12-04 11:15:00,34.978,34.991,34.864,34.907,20075.41
2025-12-04 11:30:00,34.913,34.956,34.586,34.625,94185.12
2025-12-04 11:45:00,34.625,34.859,34.605,34.768,98857.96
2025-12-04 12:00:00,34.768,34.814,34.642,34.681,25018.82
2025-12-04 12:15:00,34.681,34.682,34.506,34.517,43656.35
2025-12-04 12:30:00,34.518,34.588,34.469,34.491,39281.23
2025-12-04 12:45:00,34.492,34.549,34.332,34.468,67644.56
2025-12-04 13:00:00,34.468,34.547,34.325,34.369,34782.76
2025-12-04 13:15:00,34.369,34.559,34.369,34.495,40190.73
2025-12-04 13:30:00,34.495,34.56,34.327,34.363,36317.38
2025-12-04 13:45:00,34.362,34.478,34.277,34.416,43397.05
2025-12-04 14:00:00,34.413,34.623,34.4,34.553,34521.02
2025-12-04 14:15:00,34.564,34.716,34.518,34.692,45943.69
2025-12-04 14:30:00,34.694,34.694,34.477,34.569,58306.64
2025-12-04 14:45:00,34.559,34.635,34.06,34.134,186562.52
2025-12-04 15:00:00,34.124,34.609,34.124,34.535,95003.97
2025-12-04 15:15:00,34.532,34.692,34.411,34.448,65968.76
2025-12-04 15:30:00,34.448,34.995,34.42,34.657,120158.32
2025-12-04 15:45:00,34.661,34.698,34.527,34.587,32258.49
2025-12-04 16:00:00,34.587,34.686,34.316,34.64,81643.07
2025-12-04 16:15:00,34.64,34.954,34.615,34.711,103660.92
2025-12-04 16:30:00,34.699,34.834,34.582,34.669,63215.22
2025-12-04 16:45:00,34.67,34.708,34.477,34.582,52138.77
2025-12-04 17:00:00,34.582,34.632,34.36,34.544,110466.21
2025-12-04 17:15:00,34.56,34.593,34.224,34.247,66368.95
2025-12-04 17:30:00,34.237,34.364,34.032,34.073,118868.56
2025-12-04 17:45:00,34.073,34.389,34.001,34.34,114024.18
2025-12-04 18:00:00,34.339,34.402,34.203,34.389,32510.35
2025-12-04 18:15:00,34.389,34.405,34.196,34.335,67726.75
2025-12-04 18:30:00,34.328,34.334,34.0,34.013,46305.01
2025-12-04 18:45:00,34.013,34.021,33.802,33.833,214981.51
2025-12-04 19:00:00,33.836,33.898,33.5,33.515,273069.12
2025-12-04 19:15:00,33.52,33.646,33.204,33.418,459146.66
2025-12-04 19:30:00,33.421,33.598,33.383,33.554,137764.3
2025-12-04 19:45:00,33.554,33.644,33.47,33.492,67245.59
2025-12-04 20:00:00,33.492,33.648,33.258,33.419,71739.26
2025-12-04 20:15:00,33.417,33.475,33.249,33.327,37371.69
2025-12-04 20:30:00,33.323,33.544,33.301,33.538,46361.25
2025-12-04 20:45:00,33.54,33.702,33.517,33.564,71099.63
2025-12-04 21:00:00,33.552,33.717,33.476,33.547,48833.58
2025-12-04 21:15:00,33.548,33.649,33.492,33.492,13391.99
2025-12-04 21:30:00,33.492,33.532,33.23,33.435,143078.05
2025-12-04 21:45:00,33.435,33.444,33.069,33.197,180562.05
2025-12-04 22:00:00,33.197,33.429,33.188,33.417,82376.29
2025-12-04 22:15:00,33.417,33.477,33.315,33.346,30368.58
2025-12-04 22:30:00,33.345,33.495,33.253,33.454,51307.21
2025-12-04 22:45:00,33.441,33.573,33.381,33.519,22565.01
2025-12-04 23:00:00,33.52,33.52,33.38,33.472,29298.58
2025-12-04 23:15:00,33.469,33.585,33.451,33.584,15948.49
2025-12-04 23:30:00,33.584,33.617,33.5,33.531,38720.56
2025-12-04 23:45:00,33.535,33.606,33.495,33.537,16108.52
2025-12-05 00:00:00,33.537,33.589,33.439,33.444,16947.57
2025-12-05 00:15:00,33.437,33.555,33.318,33.474,28276.53
2025-12-05 00:30:00,33.474,33.579,33.467,33.491,12675.21
2025-12-05 00:45:00,33.491,33.492,33.34,33.383,32696.22
2025-12-05 01:00:00,33.374,33.547,33.275,33.467,33657.17
2025-12-05 01:15:00,33.467,33.713,33.444,33.672,62724.22
2025-12-05 01:30:00,33.671,33.675,33.505,33.59,33954.29
2025-12-05 01:45:00,33.591,33.775,33.561,33.716,74918.95
2025-12-05 02:00:00,33.713,33.793,33.648,33.792,47630.33
2025-12-05 02:15:00,33.793,33.878,33.669,33.847,90290.69
2025-12-05 02:30:00,33.848,33.925,33.749,33.917,107694.74
2025-12-05 02:45:00,33.918,33.932,33.748,33.769,33814.44
2025-12-05 03:00:00,33.77,33.787,33.547,33.6,136321.59
2025-12-05 03:15:00,33.601,33.645,33.527,33.551,28830.25
2025-12-05 03:30:00,33.542,33.558,33.461,33.477,10266.19
2025-12-05 03:45:00,33.478,33.714,33.446,33.68,39323.43
2025-12-05 04:00:00,33.694,33.837,33.614,33.615,53143.9
2025-12-05 04:15:00,33.612,33.659,33.552,33.552,15277.0
2025-12-05 04:30:00,33.552,33.56,33.393,33.438,37350.78
2025-12-05 04:45:00,33.437,33.5,33.329,33.434,16875.88
2025-12-05 05:00:00,33.431,33.52,33.417,33.457,11933.3
2025-12-05 05:15:00,33.457,33.517,33.399,33.457,9192.12
2025-12-05 05:30:00,33.457,33.531,33.44,33.526,8634.76
2025-12-05 05:45:00,33.529,33.532,33.48,33.532,11075.52
2025-12-05 06:00:00,33.532,33.633,33.478,33.608,43796.85
2025-12-05 06:15:00,33.612,33.641,33.512,33.575,12082.33
2025-12-05 06:30:00,33.575,33.604,33.453,33.496,22236.26
2025-12-05 06:45:00,33.505,33.536,33.306,33.381,37956.67
2025-12-05 07:00:00,33.38,33.574,33.33,33.511,30769.67
2025-12-05 07:15:00,33.511,33.532,33.42,33.468,34263.98
2025-12-05 07:30:00,33.465,33.51,33.339,33.361,23990.19
2025-12-05 07:45:00,33.36,33.383,33.175,33.211,73822.68
2025-12-05 08:00:00,33.21,33.292,33.023,33.17,161922.54
2025-12-05 08:15:00,33.174,33.208,33.062,33.169,37222.44
2025-12-05 08:30:00,33.176,33.184,32.679,32.749,418487.63
2025-12-05 08:45:00,32.749,32.779,32.656,32.724,230404.29
2025-12-05 09:00:00,32.724,32.765,32.443,32.536,237644.2
2025-12-05 09:15:00,32.537,32.546,32.099,32.188,434975.39
2025-12-05 09:30:00,32.189,32.35,32.136,32.203,153796.69
2025-12-05 09:45:00,32.203,32.288,32.122,32.145,160286.35
2025-12-05 10:00:00,32.143,32.237,32.122,32.2,104666.93
2025-12-05 10:15:00,32.198,32.469,32.132,32.457,185607.25
2025-12-05 10:30:00,32.457,32.518,32.354,32.444,145704.8
2025-12-05 10:45:00,32.44,32.454,32.27,32.273,43352.62
2025-12-05 11:00:00,32.277,32.312,32.14,32.18,84333.51
2025-12-05 11:15:00,32.179,32.298,32.104,32.131,73342.25
2025-12-05 11:30:00,32.129,32.129,31.82,31.973,242749.69
2025-12-05 11:45:00,31.979,32.078,31.885,31.922,59250.03
2025-12-05 12:00:00,31.924,32.067,31.884,32.029,154693.19
2025-12-05 12:15:00,32.029,32.052,31.766,31.922,171604.71
2025-12-05 12:30:00,31.922,32.029,31.842,31.968,50782.63
2025-12-05 12:45:00,31.969,32.018,31.821,31.906,57366.82
2025-12-05 13:00:00,31.907,31.979,31.801,31.875,70519.32
2025-12-05 13:15:00,31.875,31.895,31.598,31.675,171885.86
2025-12-05 13:30:00,31.675,31.714,31.36,31.411,342763.92
2025-12-05 13:45:00,31.412,31.503,31.23,31.396,281818.49
2025-12-05 14:00:00,31.393,31.505,31.25,31.272,91326.62
2025-12-05 14:15:00,31.271,31.424,31.243,31.358,97071.96
2025-12-05 14:30:00,31.35,31.48,31.156,31.239,413418.92
2025-12-05 14:45:00,31.239,31.33,31.156,31.22,278357.11
2025-12-05 15:00:00,31.206,31.984,31.184,31.747,801282.77
2025-12-05 15:15:00,31.747,31.9,31.681,31.9,151974.71
2025-12-05 15:30:00,31.892,32.062,31.657,31.707,178076.39
2025-12-05 15:45:00,31.71,31.731,31.37,31.506,241816.71
2025-12-05 16:00:00,31.509,31.54,31.069,31.363,264991.83
2025-12-05 16:15:00,31.362,31.553,31.195,31.335,106508.18
2025-12-05 16:30:00,31.334,31.353,30.68,30.888,655861.52
2025-12-05 16:45:00,30.888,31.196,30.88,31.041,176734.12
2025-12-05 17:00:00,31.031,31.122,30.913,30.923,96520.13
2025-12-05 17:15:00,30.922,31.056,30.826,30.856,63558.0
2025-12-05 17:30:00,30.856,31.043,30.851,31.042,39291.62
2025-12-05 17:45:00,31.039,31.215,31.005,31.01,112456.09
2025-12-05 18:00:00,31.011,31.296,30.981,31.165,110513.56
2025-12-05 18:15:00,31.165,31.254,31.053,31.061,109638.15
2025-12-05 18:30:00,31.062,31.128,30.792,30.872,201408.61
2025-12-05 18:45:00,30.872,30.96,30.57,30.582,321152.23
2025-12-05 19:00:00,30.6,30.85,30.48,30.833,184883.06
2025-12-05 19:15:00,30.833,31.024,30.754,31.023,99240.65
2025-12-05 19:30:00,31.024,31.145,30.972,31.022,70699.31
2025-12-05 19:45:00,31.016,31.202,30.977,31.118,89651.82
2025-12-05 20:00:00,31.119,31.294,30.888,31.249,156849.28
2025-12-05 20:15:00,31.252,31.328,31.167,31.195,62306.76
2025-12-05 20:30:00,31.196,31.204,31.103,31.103,49603.29
2025-12-05 20:45:00,31.104,31.245,31.091,31.236,62544.49
2025-12-05 21:00:00,31.237,31.332,31.224,31.263,44028.34
2025-12-05 21:15:00,31.263,31.36,31.246,31.311,28818.57
2025-12-05 21:30:00,31.312,31.332,31.137,31.165,105112.95
2025-12-05 21:45:00,31.166,31.207,30.962,31.176,98950.12
2025-12-05 22:00:00,31.176,31.187,31.007,31.131,98835.14
2025-12-05 22:15:00,31.131,31.203,31.102,31.16,18310.37
2025-12-05 22:30:00,31.16,31.2,31.121,31.136,26840.58
2025-12-05 22:45:00,31.137,31.21,31.075,31.129,48026.3
2025-12-05 23:00:00,31.135,31.155,30.879,30.881,169285.22
2025-12-05 23:15:00,30.881,31.008,30.795,30.986,129237.31
2025-12-05 23:30:00,30.986,31.11,30.95,30.965,88927.14
2025-12-05 23:45:00,30.967,31.095,30.936,30.988,77822.45
2025-12-06 00:00:00,30.989,31.023,30.9,30.989,34707.07
2025-12-06 00:15:00,30.99,30.991,30.623,30.651,188441.8
2025-12-06 00:30:00,30.65,30.805,30.63,30.786,87896.04
2025-12-06 00:45:00,30.786,30.856,30.639,30.798,81039.95
2025-12-06 01:00:00,30.8,30.967,30.779,30.951,63493.45
2025-12-06 01:15:00,30.952,31.042,30.906,30.924,24826.41
2025-12-06 01:30:00,30.92,30.97,30.871,30.887,16913.42
2025-12-06 01:45:00,30.886,30.985,30.88,30.949,20626.17
2025-12-06 02:00:00,30.948,30.949,30.661,30.68,44226.58
2025-12-06 02:15:00,30.681,30.812,30.679,30.802,18506.41
2025-12-06 02:30:00,30.801,30.912,30.786,30.85,17588.07
2025-12-06 02:45:00,30.851,30.928,30.85,30.915,5558.94
2025-12-06 03:00:00,30.91,31.114,30.885,31.109,26399.53
2025-12-06 03:15:00,31.109,31.194,31.105,31.16,53354.63
2025-12-06 03:30:00,31.159,31.236,31.129,31.145,25636.51
2025-12-06 03:45:00,31.145,31.147,31.044,31.113,22677.6
2025-12-06 04:00:00,31.114,31.182,31.068,31.107,14350.82
2025-12-06 04:15:00,31.107,31.157,31.06,31.094,18951.28
2025-12-06 04:30:00,31.093,31.296,31.093,31.243,41510.61
2025-12-06 04:45:00,31.244,31.27,31.107,31.142,33434.42
2025-12-06 05:00:00,31.141,31.251,31.105,31.194,32249.21
2025-12-06 05:15:00,31.2,31.244,31.179,31.226,23453.42
2025-12-06 05:30:00,31.226,31.328,31.162,31.283,30646.09
2025-12-06 05:45:00,31.27,31.274,31.137,31.171,19370.08
2025-12-06 06:00:00,31.171,31.253,31.101,31.243,14086.45
2025-12-06 06:15:00,31.243,31.344,31.227,31.338,17442.13
2025-12-06 06:30:00,31.338,31.415,31.254,31.258,40095.73
2025-12-06 06:45:00,31.26,31.31,31.24,31.295,16618.2
2025-12-06 07:00:00,31.295,31.322,31.238,31.266,13394.78
2025-12-06 07:15:00,31.265,31.3,31.114,31.114,17187.68
2025-12-06 07:30:00,31.114,31.176,31.028,31.156,23959.05
2025-12-06 07:45:00,31.157,31.225,31.054,31.075,27778.85
2025-12-06 08:00:00,31.075,31.098,31.027,31.037,14347.69
2025-12-06 08:15:00,31.037,31.044,30.773,30.83,63443.25
2025-12-06 08:30:00,30.829,30.853,30.672,30.841,130846.0
2025-12-06 08:45:00,30.835,30.87,30.661,30.69,25059.08
2025-12-06 09:00:00,30.691,30.844,30.67,30.827,28006.28
2025-12-06 09:15:00,30.822,30.869,30.778,30.849,18401.51
2025-12-06 09:30:00,30.845,31.005,30.76,30.991,40579.46
2025-12-06 09:45:00,30.99,31.027,30.912,30.913,7650.5
2025-12-06 10:00:00,30.913,30.948,30.823,30.871,28556.54
2025-12-06 10:15:00,30.871,30.99,30.87,30.908,8702.71
2025-12-06 10:30:00,30.911,30.958,30.813,30.821,14196.05
2025-12-06 10:45:00,30.823,30.832,30.738,30.793,6481.15
2025-12-06 11:00:00,30.793,30.867,30.756,30.85,8009.54
2025-12-06 11:15:00,30.85,30.871,30.759,30.789,10363.64
2025-12-06 11:30:00,30.789,30.869,30.778,30.826,18567.96
2025-12-06 11:45:00,30.826,30.871,30.799,30.867,11333.08
2025-12-06 12:00:00,30.866,30.9,30.799,30.81,22622.11
2025-12-06 12:15:00,30.806,30.828,30.708,30.714,10340.61
2025-12-06 12:30:00,30.723,30.749,30.622,30.642,19166.12
2025-12-06 12:45:00,30.642,30.71,30.622,30.658,36040.66
2025-12-06 13:00:00,30.657,30.748,30.657,30.738,26087.67
2025-12-06 13:15:00,30.74,30.766,30.689,30.756,16710.21
2025-12-06 13:30:00,30.756,30.926,30.746,30.888,59510.77
2025-12-06 13:45:00,30.889,30.889,30.701,30.72,23550.94
2025-12-06 14:00:00,30.719,30.813,30.683,30.786,51391.25
2025-12-06 14:15:00,30.786,31.086,30.782,30.947,120408.64
2025-12-06 14:30:00,30.947,31.098,30.925,31.034,24785.09
2025-12-06 14:45:00,31.034,31.2,31.032,31.114,61037.05
2025-12-06 15:00:00,31.113,31.143,30.949,30.985,15098.67
2025-12-06 15:15:00,30.984,31.002,30.731,30.86,43742.16
2025-12-06 15:30:00,30.861,31.048,30.813,31.046,22252.72
2025-12-06 15:45:00,31.048,31.088,30.87,30.87,8766.24
2025-12-06 16:00:00,30.871,31.105,30.853,31.102,20373.27
2025-12-06 16:15:00,31.102,31.115,31.051,31.071,30865.9
2025-12-06 16:30:00,31.07,31.178,31.008,31.141,26968.9
2025-12-06 16:45:00,31.141,31.199,31.1,31.12,46939.68
2025-12-06 17:00:00,31.12,31.234,31.106,31.197,30190.8
2025-12-06 17:15:00,31.196,31.364,31.166,31.354,33132.96
2025-12-06 17:30:00,31.353,31.358,31.238,31.317,39611.32
2025-12-06 17:45:00,31.316,31.423,31.296,31.423,31159.38
2025-12-06 18:00:00,31.416,31.489,31.361,31.483,36094.22
2025-12-06 18:15:00,31.482,31.492,31.404,31.445,28654.05
2025-12-06 18:30:00,31.433,31.46,31.341,31.359,38987.73
2025-12-06 18:45:00,31.352,31.352,31.215,31.239,17706.62
2025-12-06 19:00:00,31.238,31.34,31.061,31.147,42359.82
2025-12-06 19:15:00,31.145,31.201,31.1,31.16,28354.57
2025-12-06 19:30:00,31.155,31.157,30.891,31.001,69056.38
2025-12-06 19:45:00,30.999,31.041,30.943,31.028,13768.61
2025-12-06 20:00:00,31.026,31.157,31.017,31.092,18602.97
2025-12-06 20:15:00,31.098,31.17,31.091,31.133,6353.1
2025-12-06 20:30:00,31.135,31.138,31.042,31.096,47609.35
2025-12-06 20:45:00,31.095,31.136,31.066,31.118,7878.65
2025-12-06 21:00:00,31.116,31.232,31.089,31.154,10890.83
2025-12-06 21:15:00,31.152,31.2,31.106,31.174,7551.9
2025-12-06 21:30:00,31.173,31.228,31.132,31.165,13707.07
2025-12-06 21:45:00,31.165,31.247,31.146,31.228,8192.88
2025-12-06 22:00:00,31.228,31.282,31.123,31.27,23452.18
2025-12-06 22:15:00,31.269,31.28,31.112,31.112,10765.79
2025-12-06 22:30:00,31.112,31.193,31.102,31.15,8749.13
2025-12-06 22:45:00,31.15,31.15,30.993,31.06,17697.33
2025-12-06 23:00:00,31.06,31.117,30.978,31.012,17008.76
2025-12-06 23:15:00,31.012,31.116,30.832,30.832,48027.98
2025-12-06 23:30:00,30.837,31.065,30.735,30.865,284900.78
2025-12-06 23:45:00,30.865,30.974,30.856,30.961,33333.95
2025-12-07 00:00:00,30.962,31.069,30.939,31.038,18345.25
2025-12-07 00:15:00,31.039,31.142,31.02,31.134,14903.93
2025-12-07 00:30:00,31.134,31.175,31.079,31.099,24378.48
2025-12-07 00:45:00,31.098,31.147,31.03,31.119,15403.07
2025-12-07 01:00:00,31.119,31.153,31.028,31.034,20466.29
2025-12-07 01:15:00,31.04,31.109,31.0,31.01,36922.52
2025-12-07 01:30:00,31.01,31.051,30.977,31.01,21055.59
2025-12-07 01:45:00,31.01,31.01,30.862,30.869,24264.05
2025-12-07 02:00:00,30.869,30.913,30.849,30.884,17746.43
2025-12-07 02:15:00,30.885,30.982,30.875,30.902,20731.47
2025-12-07 02:30:00,30.902,30.965,30.805,30.878,20655.0
2025-12-07 02:45:00,30.878,31.0,30.869,30.947,20613.18
2025-12-07 03:00:00,30.948,30.965,30.879,30.905,15229.03
2025-12-07 03:15:00,30.899,30.912,30.85,30.853,7710.87
2025-12-07 03:30:00,30.855,30.987,30.832,30.957,46699.19
2025-12-07 03:45:00,30.965,31.004,30.951,30.978,12099.31
2025-12-07 04:00:00,30.974,31.031,30.951,31.017,18065.0
2025-12-07 04:15:00,31.017,31.026,30.947,30.956,6876.68
2025-12-07 04:30:00,30.955,30.963,30.844,30.847,11854.88
2025-12-07 04:45:00,30.845,30.881,30.823,30.866,8367.3
2025-12-07 05:00:00,30.865,30.899,30.813,30.838,17668.33
2025-12-07 05:15:00,30.838,30.875,30.801,30.813,14756.55
2025-12-07 05:30:00,30.815,30.897,30.8,30.883,8361.7
2025-12-07 05:45:00,30.882,30.89,30.802,30.855,10357.08
2025-12-07 06:00:00,30.859,30.918,30.837,30.912,9528.13
2025-12-07 06:15:00,30.913,31.02,30.88,31.016,13703.05
2025-12-07 06:30:00,31.02,31.182,30.988,31.133,29200.42
2025-12-07 06:45:00,31.135,31.196,31.062,31.188,25118.3
2025-12-07 07:00:00,31.188,31.231,30.922,30.94,30490.39
2025-12-07 07:15:00,30.943,30.969,30.833,30.859,28394.25
2025-12-07 07:30:00,30.859,30.863,30.622,30.652,151574.34
2025-12-07 07:45:00,30.651,30.712,30.495,30.523,131048.45
2025-12-07 08:00:00,30.523,30.544,30.063,30.109,345249.08
2025-12-07 08:15:00,30.115,30.146,29.997,30.001,174290.1
2025-12-07 08:30:00,30.0,30.097,29.869,29.99,252039.31
2025-12-07 08:45:00,29.989,30.06,29.8,29.84,142370.34
2025-12-07 09:00:00,29.844,29.893,29.487,29.682,360041.61
2025-12-07 09:15:00,29.683,29.712,29.297,29.339,279943.23
2025-12-07 09:30:00,29.338,29.423,29.249,29.366,227110.87
2025-12-07 09:45:00,29.366,29.406,29.15,29.302,172659.45
2025-12-07 10:00:00,29.303,29.389,29.191,29.356,127593.91
2025-12-07 10:15:00,29.36,29.435,29.305,29.323,83457.08
2025-12-07 10:30:00,29.323,29.404,29.21,29.297,170665.7
2025-12-07 10:45:00,29.292,29.438,29.275,29.403,138043.33
2025-12-07 11:00:00,29.402,29.593,29.374,29.57,153544.29
2025-12-07 11:15:00,29.565,29.96,29.538,29.868,384471.36
2025-12-07 11:30:00,29.869,30.068,29.765,29.796,260916.9
2025-12-07 11:45:00,29.795,29.8,29.547,29.685,97062.09
2025-12-07 12:00:00,29.68,30.077,29.636,30.016,165919.63
2025-12-07 12:15:00,30.018,30.027,29.852,29.921,120248.2
2025-12-07 12:30:00,29.921,29.986,29.784,29.827,114928.96
2025-12-07 12:45:00,29.816,30.007,29.813,29.879,30159.87
2025-12-07 13:00:00,29.888,29.963,29.632,29.683,49807.74
2025-12-07 13:15:00,29.696,29.773,29.316,29.345,261770.11
2025-12-07 13:30:00,29.345,29.527,29.225,29.388,121522.08
2025-12-07 13:45:00,29.388,29.496,29.353,29.434,100037.23
2025-12-07 14:00:00,29.436,29.458,28.805,28.948,600563.34
2025-12-07 14:15:00,28.949,29.1,28.363,28.641,703434.88
2025-12-07 14:30:00,28.642,28.856,28.53,28.657,243178.33
2025-12-07 14:45:00,28.658,28.731,28.201,28.344,593249.46
2025-12-07 15:00:00,28.345,28.553,28.208,28.431,417257.05
2025-12-07 15:15:00,28.421,28.567,28.143,28.43,241716.88
2025-12-07 15:30:00,28.428,28.749,28.411,28.679,204169.06
2025-12-07 15:45:00,28.679,29.145,28.511,29.085,267442.49
2025-12-07 16:00:00,29.076,29.283,28.805,28.838,291467.76
2025-12-07 16:15:00,28.839,29.093,28.797,29.019,151946.13
2025-12-07 16:30:00,29.02,29.175,28.966,29.148,150001.69
2025-12-07 16:45:00,29.147,29.364,29.01,29.357,97495.56
2025-12-07 17:00:00,29.363,29.364,29.17,29.266,64792.03
2025-12-07 17:15:00,29.263,29.66,29.263,29.644,224773.99
2025-12-07 17:30:00,29.643,29.68,29.216,29.458,301762.24
2025-12-07 17:45:00,29.458,29.71,29.419,29.662,243896.2
2025-12-07 18:00:00,29.672,29.778,29.5,29.556,160562.23
2025-12-07 18:15:00,29.551,29.682,29.445,29.663,209479.37
2025-12-07 18:30:00,29.663,29.749,29.295,29.406,225333.57
2025-12-07 18:45:00,29.406,29.489,29.256,29.282,77998.72
2025-12-07 19:00:00,29.282,29.361,29.222,29.296,97309.49
2025-12-07 19:15:00,29.292,29.473,29.287,29.399,100750.97
2025-12-07 19:30:00,29.398,29.879,29.393,29.697,175874.25
2025-12-07 19:45:00,29.691,29.805,29.655,29.685,60599.51
2025-12-07 20:00:00,29.686,29.718,29.484,29.614,108207.25
2025-12-07 20:15:00,29.613,29.949,29.602,29.843,148592.32
2025-12-07 20:30:00,29.834,29.842,29.723,29.776,47979.94
2025-12-07 20:45:00,29.773,29.872,29.758,29.87,38694.38
2025-12-07 21:00:00,29.861,29.919,29.63,29.649,55128.71
2025-12-07 21:15:00,29.65,29.67,29.45,29.484,67339.5
2025-12-07 21:30:00,29.494,29.641,29.222,29.238,169338.45
2025-12-07 21:45:00,29.239,29.286,28.917,29.057,140204.08
2025-12-07 22:00:00,29.056,29.128,28.45,29.121,328400.42
2025-12-07 22:15:00,29.121,29.481,29.081,29.418,288563.17
2025-12-07 22:30:00,29.427,29.693,29.244,29.33,141194.14
2025-12-07 22:45:00,29.329,29.37,28.935,29.238,85328.79
2025-12-07 23:00:00,29.238,29.294,29.1,29.18,48383.6
2025-12-07 23:15:00,29.179,29.35,29.178,29.32,21293.74
2025-12-07 23:30:00,29.315,29.389,29.2,29.306,58234.23
2025-12-07 23:45:00,29.307,29.837,29.294,29.741,131927.56
2025-12-08 00:00:00,29.735,29.735,29.459,29.564,117664.05
2025-12-08 00:15:00,29.563,29.917,29.556,29.916,117444.37
2025-12-08 00:30:00,29.899,30.102,29.844,29.988,86513.26
2025-12-08 00:45:00,29.977,30.015,29.85,29.867,35044.57
2025-12-08 01:00:00,29.873,30.43,29.852,30.292,234506.0
2025-12-08 01:15:00,30.292,30.46,30.19,30.407,142827.1
2025-12-08 01:30:00,30.406,31.007,30.369,30.618,662037.94
2025-12-08 01:45:00,30.611,30.612,30.105,30.105,245040.86
2025-12-08 02:00:00,30.106,30.255,30.034,30.042,79442.7
2025-12-08 02:15:00,30.048,30.059,29.933,30.032,106259.3
2025-12-08 02:30:00,30.031,30.073,29.916,30.053,53022.59
2025-12-08 02:45:00,30.048,30.054,29.885,29.977,57376.88
2025-12-08 03:00:00,29.974,30.034,29.848,29.888,38427.18
2025-12-08 03:15:00,29.886,30.044,29.837,29.974,36426.37
2025-12-08 03:30:00,29.962,30.08,29.835,29.868,43098.38
2025-12-08 03:45:00,29.866,30.045,29.846,30.011,40023.24
2025-12-08 04:00:00,30.009,30.082,29.929,30.045,47477.84
2025-12-08 04:15:00,30.045,30.127,29.977,30.124,24509.1
2025-12-08 04:30:00,30.122,30.296,29.918,29.978,75033.82
2025-12-08 04:45:00,29.982,30.06,29.956,30.021,28731.52
2025-12-08 05:00:00,30.021,30.021,29.882,29.907,50066.92
2025-12-08 05:15:00,29.912,30.109,29.888,30.043,46313.17
2025-12-08 05:30:00,30.058,30.399,30.058,30.287,114655.4
2025-12-08 05:45:00,30.281,30.365,30.182,30.352,30159.3
2025-12-08 06:00:00,30.352,30.41,30.287,30.402,33110.62
2025-12-08 06:15:00,30.4,30.43,30.153,30.267,45111.37
2025-12-08 06:30:00,30.273,30.555,30.268,30.433,95128.32
2025-12-08 06:45:00,30.433,30.51,30.204,30.224,92429.24
2025-12-08 07:00:00,30.225,30.293,30.057,30.095,67407.44
2025-12-08 07:15:00,30.095,30.235,29.985,30.193,77672.11
2025-12-08 07:30:00,30.192,30.199,29.999,30.033,51035.41
2025-12-08 07:45:00,30.032,30.043,29.966,30.017,26050.22
2025-12-08 08:00:00,30.017,30.074,29.98,30.026,11519.21
2025-12-08 08:15:00,30.032,30.238,30.032,30.182,56039.77
2025-12-08 08:30:00,30.195,30.229,30.114,30.22,14601.03
2025-12-08 08:45:00,30.223,30.7,30.164,30.676,98026.26
2025-12-08 09:00:00,30.677,30.85,30.473,30.527,187647.74
2025-12-08 09:15:00,30.526,30.581,30.343,30.476,80187.23
2025-12-08 09:30:00,30.476,30.61,30.388,30.569,49642.94
2025-12-08 09:45:00,30.569,30.569,30.347,30.478,72082.82
2025-12-08 10:00:00,30.477,30.716,30.341,30.679,109425.19
2025-12-08 10:15:00,30.672,30.726,30.523,30.549,29035.56
2025-12-08 10:30:00,30.548,30.601,30.475,30.537,31833.39
2025-12-08 10:45:00,30.537,30.582,30.523,30.56,14048.74
2025-12-08 11:00:00,30.56,30.64,30.472,30.625,61187.98
2025-12-08 11:15:00,30.624,30.656,30.529,30.529,13119.35
2025-12-08 11:30:00,30.53,30.547,30.413,30.417,28141.97
2025-12-08 11:45:00,30.418,30.714,30.352,30.663,105130.39
2025-12-08 12:00:00,30.662,30.716,30.346,30.376,130038.21
2025-12-08 12:15:00,30.372,30.455,30.28,30.329,34497.91
2025-12-08 12:30:00,30.329,30.356,30.247,30.297,51827.64
2025-12-08 12:45:00,30.297,30.384,30.297,30.378,18128.87
2025-12-08 13:00:00,30.377,30.516,30.31,30.501,48731.48
2025-12-08 13:15:00,30.491,30.568,30.28,30.323,39613.57
2025-12-08 13:30:00,30.323,30.388,30.214,30.384,63377.67
2025-12-08 13:45:00,30.384,30.462,30.18,30.225,29410.48
2025-12-08 14:00:00,30.224,30.325,30.18,30.302,19668.56
2025-12-08 14:15:00,30.301,30.328,30.029,30.24,98764.28
2025-12-08 14:30:00,30.24,30.564,30.01,30.341,188367.95
2025-12-08 14:45:00,30.352,30.368,29.564,29.677,417697.87
2025-12-08 15:00:00,29.683,29.929,29.083,29.33,651571.78
2025-12-08 15:15:00,29.337,29.452,29.098,29.377,203044.8
2025-12-08 15:30:00,29.377,29.572,29.255,29.511,130989.06
2025-12-08 15:45:00,29.499,29.638,29.392,29.581,64670.81
2025-12-08 16:00:00,29.582,29.715,29.449,29.579,58298.18
2025-12-08 16:15:00,29.58,29.956,29.461,29.932,157338.24
2025-12-08 16:30:00,29.93,30.006,29.812,29.915,45672.04
2025-12-08 16:45:00,29.916,29.919,29.646,29.838,35932.84
2025-12-08 17:00:00,29.838,30.013,29.772,29.8,69485.14
2025-12-08 17:15:00,29.814,29.974,29.598,29.754,120587.64
2025-12-08 17:30:00,29.753,29.891,29.676,29.769,66145.16
2025-12-08 17:45:00,29.771,29.815,29.545,29.773,165295.42
2025-12-08 18:00:00,29.781,29.849,29.576,29.686,130379.46
2025-12-08 18:15:00,29.686,29.862,29.64,29.677,70094.77
2025-12-08 18:30:00,29.671,29.671,29.376,29.436,242738.83
2025-12-08 18:45:00,29.445,29.487,28.89,29.073,502811.98
2025-12-08 19:00:00,29.073,29.158,28.714,28.797,333545.43
2025-12-08 19:15:00,28.797,29.06,28.568,29.047,440164.09
2025-12-08 19:30:00,29.048,29.121,28.865,28.949,152073.4
2025-12-08 19:45:00,28.95,29.141,28.912,29.074,66984.54
2025-12-08 20:00:00,29.079,29.33,29.045,29.255,144414.39
2025-12-08 20:15:00,29.266,29.574,29.218,29.494,153445.58
2025-12-08 20:30:00,29.496,29.604,29.373,29.502,187855.75
2025-12-08 20:45:00,29.497,29.735,29.484,29.672,165788.26
2025-12-08 21:00:00,29.68,29.746,29.641,29.685,144761.03
2025-12-08 21:15:00,29.681,29.913,29.675,29.783,160120.73
2025-12-08 21:30:00,29.777,29.908,29.76,29.838,110576.19
2025-12-08 21:45:00,29.839,29.877,29.73,29.841,22775.48
2025-12-08 22:00:00,29.845,29.877,29.608,29.667,83790.02
2025-12-08 22:15:00,29.66,29.801,29.614,29.724,75697.45
2025-12-08 22:30:00,29.716,29.733,29.42,29.472,73968.14
2025-12-08 22:45:00,29.472,29.557,29.396,29.52,40581.37
2025-12-08 23:00:00,29.513,29.58,29.433,29.482,27304.97
2025-12-08 23:15:00,29.486,29.524,29.168,29.462,172485.08
2025-12-08 23:30:00,29.462,29.502,29.361,29.472,25141.4
2025-12-08 23:45:00,29.474,29.534,29.391,29.491,29609.74
2025-12-09 00:00:00,29.496,29.546,29.386,29.436,36863.22
2025-12-09 00:15:00,29.418,29.525,29.257,29.29,28745.79
2025-12-09 00:30:00,29.282,29.3,29.089,29.238,74603.15
2025-12-09 00:45:00,29.242,29.401,29.22,29.389,29399.25
2025-12-09 01:00:00,29.392,29.425,29.3,29.393,33354.72
2025-12-09 01:15:00,29.388,29.455,29.229,29.279,33544.61
2025-12-09 01:30:00,29.272,29.398,29.257,29.371,27628.95
2025-12-09 01:45:00,29.372,29.408,29.239,29.27,26413.04
2025-12-09 02:00:00,29.275,29.393,29.223,29.23,20663.5
2025-12-09 02:15:00,29.23,29.28,29.164,29.259,40771.65
2025-12-09 02:30:00,29.258,29.325,29.147,29.221,47195.32
2025-12-09 02:45:00,29.225,29.254,28.84,28.867,158473.19
2025-12-09 03:00:00,28.86,28.888,28.596,28.637,220105.97
2025-12-09 03:15:00,28.63,28.684,28.448,28.535,285038.4
2025-12-09 03:30:00,28.531,28.753,28.51,28.674,147419.98
2025-12-09 03:45:00,28.668,28.694,28.447,28.63,114991.1
2025-12-09 04:00:00,28.632,28.697,28.536,28.668,98529.27
2025-12-09 04:15:00,28.667,28.721,28.35,28.43,244094.41
2025-12-09 04:30:00,28.429,28.45,27.758,27.947,680270.77
2025-12-09 04:45:00,27.952,28.032,27.78,27.897,325906.0
2025-12-09 05:00:00,27.899,28.075,27.767,27.944,301590.33
2025-12-09 05:15:00,27.942,28.016,27.825,27.926,88732.01
2025-12-09 05:30:00,27.926,28.304,27.9,28.187,186363.63
2025-12-09 05:45:00,28.187,28.292,27.997,28.102,107160.38
2025-12-09 06:00:00,28.1,28.128,27.723,27.773,191520.55
2025-12-09 06:15:00,27.767,27.817,27.57,27.588,331719.49
2025-12-09 06:30:00,27.587,27.779,27.44,27.724,297362.69
2025-12-09 06:45:00,27.728,27.9,27.614,27.803,243812.03
2025-12-09 07:00:00,27.804,27.889,27.726,27.801,140873.65
2025-12-09 07:15:00,27.802,28.26,27.796,28.258,205453.63
2025-12-09 07:30:00,28.26,28.269,28.135,28.183,102749.78
2025-12-09 07:45:00,28.175,28.326,28.07,28.31,127848.5
2025-12-09 08:00:00,28.311,28.437,28.065,28.131,188277.62
2025-12-09 08:15:00,28.131,28.175,27.878,28.017,122159.3
2025-12-09 08:30:00,28.013,28.128,27.985,28.05,65198.32
2025-12-09 08:45:00,28.05,28.097,27.801,27.916,143732.07
2025-12-09 09:00:00,27.916,27.999,27.85,27.863,87031.07
2025-12-09 09:15:00,27.863,27.945,27.676,27.925,144411.66
2025-12-09 09:30:00,27.924,28.02,27.726,27.751,109208.34
2025-12-09 09:45:00,27.752,27.861,27.699,27.799,76423.58
2025-12-09 10:00:00,27.798,27.933,27.761,27.874,30468.15
2025-12-09 10:15:00,27.873,27.911,27.766,27.839,84926.03
2025-12-09 10:30:00,27.84,27.85,27.5,27.567,177973.61
2025-12-09 10:45:00,27.568,28.08,27.555,28.037,395851.43
2025-12-09 11:00:00,28.037,28.037,27.822,27.879,92478.84
2025-12-09 11:15:00,27.878,28.143,27.865,28.143,103998.53
2025-12-09 11:30:00,28.09,28.137,27.944,27.987,37977.46
2025-12-09 11:45:00,27.987,28.006,27.895,27.992,66402.15
2025-12-09 12:00:00,27.99,28.12,27.932,28.071,77882.28
2025-12-09 12:15:00,28.07,28.348,27.998,28.037,174812.19
2025-12-09 12:30:00,28.038,28.287,28.035,28.263,94815.48
2025-12-09 12:45:00,28.255,28.265,28.065,28.073,103696.01
2025-12-09 13:00:00,28.073,28.147,27.914,27.916,72174.01
2025-12-09 13:15:00,27.917,28.057,27.81,28.022,100644.34
2025-12-09 13:30:00,28.026,28.085,27.798,27.84,82864.15
2025-12-09 13:45:00,27.856,28.013,27.844,27.939,77587.46
2025-12-09 14:00:00,27.928,28.119,27.881,28.041,75392.49
2025-12-09 14:15:00,28.042,28.101,27.834,27.983,108414.22
2025-12-09 14:30:00,27.972,28.161,27.825,27.89,296964.32
2025-12-09 14:45:00,27.89,27.999,27.85,27.955,86510.05
2025-12-09 15:00:00,27.95,28.398,27.909,28.125,402606.39
2025-12-09 15:15:00,28.13,28.361,28.102,28.299,113274.96
2025-12-09 15:30:00,28.284,28.545,28.156,28.505,208431.36
2025-12-09 15:45:00,28.511,28.82,28.423,28.544,303924.27
2025-12-09 16:00:00,28.545,28.91,28.544,28.9,296178.53
2025-12-09 16:15:00,28.905,29.092,28.729,28.947,406673.91
2025-12-09 16:30:00,28.938,29.137,28.909,28.983,242222.19
2025-12-09 16:45:00,28.984,29.09,28.706,28.734,168411.33
2025-12-09 17:00:00,28.729,29.108,28.723,28.863,205947.21
2025-12-09 17:15:00,28.862,28.874,28.26,28.647,202115.33
2025-12-09 17:30:00,28.65,28.78,28.612,28.741,154369.12
2025-12-09 17:45:00,28.742,28.952,28.725,28.769,89022.58
2025-12-09 18:00:00,28.769,28.828,28.676,28.732,79801.43
2025-12-09 18:15:00,28.733,28.867,28.675,28.778,34232.71
2025-12-09 18:30:00,28.778,28.869,28.693,28.851,80743.98
2025-12-09 18:45:00,28.85,28.851,28.603,28.693,63135.22
2025-12-09 19:00:00,28.699,28.881,28.519,28.823,84224.99
2025-12-09 19:15:00,28.822,29.038,28.739,29.038,150513.77
2025-12-09 19:30:00,29.038,29.134,28.866,28.933,176685.46
2025-12-09 19:45:00,28.937,29.328,28.89,29.088,160398.5
2025-12-09 20:00:00,29.088,29.149,28.837,28.874,163899.7
2025-12-09 20:15:00,28.882,28.882,28.371,28.486,462796.95
2025-12-09 20:30:00,28.483,28.514,28.18,28.23,254374.23
2025-12-09 20:45:00,28.232,28.39,28.118,28.194,174675.23
2025-12-09 21:00:00,28.19,28.19,27.863,27.897,269246.25
2025-12-09 21:15:00,27.905,28.137,27.781,27.954,141531.48
2025-12-09 21:30:00,27.957,28.001,27.608,27.701,266832.49
2025-12-09 21:45:00,27.7,27.849,27.499,27.788,291892.2
2025-12-09 22:00:00,27.785,28.018,27.749,28.0,86579.75
2025-12-09 22:15:00,28.01,28.18,27.95,27.954,225935.35
2025-12-09 22:30:00,27.958,28.203,27.958,28.122,41534.03
2025-12-09 22:45:00,28.124,28.129,28.012,28.08,22149.6
2025-12-09 23:00:00,28.076,28.082,27.791,27.798,122226.12
2025-12-09 23:15:00,27.799,27.924,27.75,27.904,52304.07
2025-12-09 23:30:00,27.894,28.113,27.872,28.008,50972.41
2025-12-09 23:45:00,28.008,28.024,27.894,27.914,50730.81
2025-12-10 00:00:00,27.913,28.02,27.894,27.942,33921.5
2025-12-10 00:15:00,27.94,27.987,27.601,27.987,156932.32
2025-12-10 00:30:00,27.987,28.374,27.96,28.257,95710.63
2025-12-10 00:45:00,28.253,28.319,28.069,28.096,48960.67
2025-12-10 01:00:00,28.103,28.185,28.058,28.063,21164.93
2025-12-10 01:15:00,28.06,28.202,28.024,28.063,33115.78
2025-12-10 01:30:00,28.064,28.069,27.722,27.843,165611.28
2025-12-10 01:45:00,27.841,28.152,27.817,28.126,106055.22
2025-12-10 02:00:00,28.13,28.13,27.98,28.105,64222.1
2025-12-10 02:15:00,28.105,28.31,28.038,28.239,66322.0
2025-12-10 02:30:00,28.239,28.239,28.151,28.199,47851.5
2025-12-10 02:45:00,28.191,28.544,28.079,28.544,131104.95
2025-12-10 03:00:00,28.543,28.695,28.344,28.695,225674.3
2025-12-10 03:15:00,28.695,28.722,28.512,28.672,206021.42
2025-12-10 03:30:00,28.676,28.92,28.643,28.9,188657.0
2025-12-10 03:45:00,28.89,28.95,28.731,28.843,190491.05
2025-12-10 04:00:00,28.85,28.887,28.678,28.741,60609.97
2025-12-10 04:15:00,28.742,28.89,28.735,28.814,21172.83
2025-12-10 04:30:00,28.795,28.908,28.718,28.787,30372.9
2025-12-10 04:45:00,28.788,28.915,28.745,28.776,45614.6
2025-12-10 05:00:00,28.772,28.831,28.653,28.797,49244.32
2025-12-10 05:15:00,28.788,29.02,28.782,28.953,131223.68
2025-12-10 05:30:00,28.953,29.343,28.902,29.155,212039.07
2025-12-10 05:45:00,29.151,29.2,28.978,28.986,66910.32
2025-12-10 06:00:00,28.986,29.085,28.742,29.01,104208.03
2025-12-10 06:15:00,29.01,29.03,28.744,28.78,94487.2
2025-12-10 06:30:00,28.781,28.861,28.71,28.81,65861.86
2025-12-10 06:45:00,28.811,28.992,28.771,28.95,52120.98
2025-12-10 07:00:00,28.947,29.29,28.893,29.2,229414.05
2025-12-10 07:15:00,29.193,29.419,29.15,29.359,173954.0
2025-12-10 07:30:00,29.359,29.461,29.29,29.294,147923.62
2025-12-10 07:45:00,29.294,29.55,29.269,29.324,62846.95
2025-12-10 08:00:00,29.333,29.464,29.257,29.283,55549.31
2025-12-10 08:15:00,29.28,29.306,29.189,29.276,50943.48
2025-12-10 08:30:00,29.287,29.339,29.249,29.251,49960.86
2025-12-10 08:45:00,29.252,29.3,29.141,29.2,81161.41
2025-12-10 09:00:00,29.201,29.241,29.142,29.213,94174.39
2025-12-10 09:15:00,29.214,29.29,29.134,29.269,89883.28
2025-12-10 09:30:00,29.262,29.454,29.262,29.447,113936.45
2025-12-10 09:45:00,29.435,29.5,29.268,29.317,78351.7
2025-12-10 10:00:00,29.315,29.411,29.22,29.273,71205.76
2025-12-10 10:15:00,29.265,29.274,29.158,29.175,89544.55
2025-12-10 10:30:00,29.174,29.299,29.146,29.276,37304.33
2025-12-10 10:45:00,29.28,29.3,29.197,29.198,24562.1
2025-12-10 11:00:00,29.199,29.354,29.167,29.281,40808.03
2025-12-10 11:15:00,29.287,29.375,29.212,29.344,12655.61
2025-12-10 11:30:00,29.344,29.353,29.026,29.077,114962.11
2025-12-10 11:45:00,29.074,29.167,28.996,29.123,42034.43
2025-12-10 12:00:00,29.129,29.15,28.802,28.817,170589.57
2025-12-10 12:15:00,28.826,28.933,28.762,28.847,108899.71
2025-12-10 12:30:00,28.847,29.021,28.835,28.975,30041.6
2025-12-10 12:45:00,28.982,28.995,28.75,28.829,42213.34
2025-12-10 13:00:00,28.821,28.899,28.759,28.847,27954.62
2025-12-10 13:15:00,28.855,29.021,28.852,29.017,43501.88
2025-12-10 13:30:00,29.017,29.017,28.734,28.743,63195.57
2025-12-10 13:45:00,28.743,28.874,28.731,28.806,19449.57
2025-12-10 14:00:00,28.799,28.951,28.784,28.834,20276.07
2025-12-10 14:15:00,28.834,28.945,28.756,28.934,88802.45
2025-12-10 14:30:00,28.941,29.325,28.884,29.171,111894.81
2025-12-10 14:45:00,29.17,29.207,28.944,29.064,64013.0
2025-12-10 15:00:00,29.059,29.163,28.954,29.058,49643.78
2025-12-10 15:15:00,29.06,29.06,28.872,28.952,44313.47
2025-12-10 15:30:00,28.941,28.981,28.793,28.858,31777.56
2025-12-10 15:45:00,28.858,29.081,28.825,29.047,25215.98
2025-12-10 16:00:00,29.048,29.116,28.938,29.116,26145.47
2025-12-10 16:15:00,29.113,29.296,29.08,29.23,54637.24
2025-12-10 16:30:00,29.22,29.232,29.024,29.124,93623.91
2025-12-10 16:45:00,29.119,29.127,28.962,29.049,42138.4
2025-12-10 17:00:00,29.049,29.11,29.007,29.071,10666.84
2025-12-10 17:15:00,29.071,29.205,29.056,29.081,48484.26
2025-12-10 17:30:00,29.088,29.096,29.008,29.021,23857.95
2025-12-10 17:45:00,29.009,29.024,28.897,28.927,24242.82
2025-12-10 18:00:00,28.923,28.999,28.867,28.993,36622.39
2025-12-10 18:15:00,28.993,29.025,28.821,28.92,77266.54
2025-12-10 18:30:00,28.909,29.427,28.906,29.308,189087.5
2025-12-10 18:45:00,29.307,29.458,29.064,29.249,249098.76
2025-12-10 19:00:00,29.253,29.561,28.858,29.251,370519.22
2025-12-10 19:15:00,29.258,29.711,29.188,29.366,270909.05
2025-12-10 19:30:00,29.37,29.965,29.302,29.431,455765.45
2025-12-10 19:45:00,29.428,29.537,29.245,29.5,170314.3
2025-12-10 20:00:00,29.5,29.843,29.043,29.823,283264.35
2025-12-10 20:15:00,29.834,29.97,29.441,29.76,356993.6
2025-12-10 20:30:00,29.762,30.003,29.663,29.674,174919.42
2025-12-10 20:45:00,29.674,29.769,29.175,29.227,223284.23
2025-12-10 21:00:00,29.236,29.366,28.992,29.177,147695.38
2025-12-10 21:15:00,29.177,29.591,29.135,29.491,102016.56
2025-12-10 21:30:00,29.495,29.896,29.315,29.838,98111.47
2025-12-10 21:45:00,29.839,29.851,29.533,29.567,74595.02
2025-12-10 22:00:00,29.571,29.736,29.214,29.285,133755.14
2025-12-10 22:15:00,29.283,29.445,29.143,29.303,70710.36
2025-12-10 22:30:00,29.305,29.35,29.165,29.33,23420.17
2025-12-10 22:45:00,29.334,29.407,29.262,29.319,31707.75
2025-12-10 23:00:00,29.312,29.332,29.151,29.17,47572.44
2025-12-10 23:15:00,29.172,29.246,29.127,29.178,8326.75
2025-12-10 23:30:00,29.174,29.226,29.065,29.099,36133.85
2025-12-10 23:45:00,29.099,29.119,28.831,28.843,116777.26
2025-12-11 00:00:00,28.842,28.959,28.744,28.798,72226.28
2025-12-11 00:15:00,28.797,28.81,28.512,28.721,162903.38
2025-12-11 00:30:00,28.72,28.76,28.451,28.606,131903.23
2025-12-11 00:45:00,28.605,28.749,28.385,28.683,112667.02
2025-12-11 01:00:00,28.682,28.879,28.442,28.714,86457.64
2025-12-11 01:15:00,28.714,29.136,28.588,29.126,162254.56
2025-12-11 01:30:00,29.126,29.193,28.842,28.86,50966.22
2025-12-11 01:45:00,28.86,28.87,28.639,28.652,37591.85
2025-12-11 02:00:00,28.652,28.68,28.418,28.471,69646.21
2025-12-11 02:15:00,28.46,28.61,28.223,28.467,189306.61
2025-12-11 02:30:00,28.464,28.756,28.348,28.594,118766.95
2025-12-11 02:45:00,28.585,28.747,28.493,28.667,41769.54
2025-12-11 03:00:00,28.677,28.677,28.147,28.365,148461.21
2025-12-11 03:15:00,28.365,28.5,28.185,28.333,255501.44
2025-12-11 03:30:00,28.335,28.738,28.253,28.686,217561.03
2025-12-11 03:45:00,28.687,28.792,28.596,28.636,93231.67
2025-12-11 04:00:00,28.632,28.863,28.52,28.758,89014.98
2025-12-11 04:15:00,28.757,28.757,28.454,28.463,72309.79
2025-12-11 04:30:00,28.466,28.559,28.4,28.498,48366.75
2025-12-11 04:45:00,28.494,28.618,28.427,28.543,33074.74
2025-12-11 05:00:00,28.543,28.679,28.515,28.612,26875.96
2025-12-11 05:15:00,28.613,28.78,28.604,28.706,38346.41
2025-12-11 05:30:00,28.697,28.74,28.465,28.466,34920.87
2025-12-11 05:45:00,28.466,28.584,28.457,28.572,32795.63
2025-12-11 06:00:00,28.572,28.573,28.486,28.536,12987.44
2025-12-11 06:15:00,28.538,28.598,28.169,28.19,136298.22
2025-12-11 06:30:00,28.181,28.296,27.946,28.041,224709.04
2025-12-11 06:45:00,28.041,28.064,27.986,28.008,56607.55
2025-12-11 07:00:00,28.009,28.203,28.002,28.179,93774.5
2025-12-11 07:15:00,28.178,28.194,27.946,27.969,64664.97
2025-12-11 07:30:00,27.968,28.034,27.961,27.961,57667.99
2025-12-11 07:45:00,27.962,28.097,27.946,28.097,50127.8
2025-12-11 08:00:00,28.096,28.122,28.0,28.025,34828.17
2025-12-11 08:15:00,28.02,28.11,28.0,28.009,15733.34
2025-12-11 08:30:00,28.01,28.02,27.889,27.906,125431.65
2025-12-11 08:45:00,27.904,27.959,27.794,27.95,78248.42
2025-12-11 09:00:00,27.954,27.989,27.882,27.905,22901.05
2025-12-11 09:15:00,27.915,28.025,27.914,28.011,13441.97
2025-12-11 09:30:00,28.003,28.102,27.997,28.047,38755.29
2025-12-11 09:45:00,28.044,28.089,27.881,27.923,18778.38
2025-12-11 10:00:00,27.93,27.951,27.891,27.931,20379.47
2025-12-11 10:15:00,27.929,27.939,27.86,27.887,12958.39
2025-12-11 10:30:00,27.889,27.89,27.343,27.564,402133.88
2025-12-11 10:45:00,27.554,27.588,27.457,27.549,46352.17
2025-12-11 11:00:00,27.549,27.703,27.3,27.355,269245.18
2025-12-11 11:15:00,27.355,27.372,27.091,27.188,520808.15
2025-12-11 11:30:00,27.184,27.528,27.157,27.476,149770.52
2025-12-11 11:45:00,27.476,27.482,27.165,27.228,53165.26
2025-12-11 12:00:00,27.232,27.265,27.123,27.23,63983.23
2025-12-11 12:15:00,27.227,27.394,27.227,27.283,58979.22
2025-12-11 12:30:00,27.28,27.397,27.209,27.266,50582.23
2025-12-11 12:45:00,27.27,27.326,27.042,27.085,197853.82
2025-12-11 13:00:00,27.087,27.232,26.984,27.046,307396.07
2025-12-11 13:15:00,27.056,27.087,26.9,27.039,205802.21
2025-12-11 13:30:00,27.029,27.288,26.874,27.255,294308.16
2025-12-11 13:45:00,27.254,27.657,27.21,27.536,301253.93
2025-12-11 14:00:00,27.535,27.537,27.396,27.508,62802.15
2025-12-11 14:15:00,27.508,27.7,27.472,27.472,166212.5
2025-12-11 14:30:00,27.471,27.731,27.303,27.636,145958.68
2025-12-11 14:45:00,27.637,27.67,27.198,27.513,248560.13
2025-12-11 15:00:00,27.504,27.795,27.407,27.644,127606.42
2025-12-11 15:15:00,27.64,28.136,27.509,27.877,295459.44
2025-12-11 15:30:00,27.883,28.135,27.777,27.831,162888.61
2025-12-11 15:45:00,27.832,27.961,27.464,27.55,249119.96
2025-12-11 16:00:00,27.55,27.63,27.453,27.525,75022.36
2025-12-11 16:15:00,27.522,27.689,27.446,27.66,83359.08
2025-12-11 16:30:00,27.649,27.82,27.498,27.807,65742.7
2025-12-11 16:45:00,27.809,27.949,27.692,27.827,47706.44
2025-12-11 17:00:00,27.827,27.951,27.77,27.922,42776.43
2025-12-11 17:15:00,27.922,28.315,27.888,28.269,91384.54
2025-12-11 17:30:00,28.268,28.445,28.169,28.21,124602.13
2025-12-11 17:45:00,28.202,28.28,28.066,28.089,90430.51
2025-12-11 18:00:00,28.087,28.39,28.054,28.338,116656.84
2025-12-11 18:15:00,28.339,28.419,28.258,28.292,61184.66
2025-12-11 18:30:00,28.287,28.431,28.192,28.427,54944.62
2025-12-11 18:45:00,28.42,28.558,28.264,28.35,203445.57
2025-12-11 19:00:00,28.345,28.511,28.226,28.324,66739.01
2025-12-11 19:15:00,28.324,28.456,28.121,28.199,196908.78
2025-12-11 19:30:00,28.199,28.49,28.163,28.487,78491.77
2025-12-11 19:45:00,28.482,28.507,28.14,28.189,212447.66
2025-12-11 20:00:00,28.19,28.613,28.184,28.514,144101.67
2025-12-11 20:15:00,28.517,28.56,28.311,28.392,64375.59
2025-12-11 20:30:00,28.388,28.64,28.388,28.64,133657.44
2025-12-11 20:45:00,28.639,28.658,28.494,28.647,141834.65
2025-12-11 21:00:00,28.647,28.815,28.606,28.779,197405.59
2025-12-11 21:15:00,28.776,28.889,28.685,28.846,239882.61
2025-12-11 21:30:00,28.854,28.99,28.828,28.953,149857.49
2025-12-11 21:45:00,28.953,29.088,28.837,28.949,278952.03
2025-12-11 22:00:00,28.951,29.05,28.932,29.004,146266.43
2025-12-11 22:15:00,29.002,29.027,28.808,28.911,71921.84
2025-12-11 22:30:00,28.912,29.075,28.843,28.904,104508.5
2025-12-11 22:45:00,28.902,28.991,28.849,28.921,26395.25
2025-12-11 23:00:00,28.92,29.011,28.861,28.905,35702.36
2025-12-11 23:15:00,28.927,29.2,28.912,29.051,158201.12
2025-12-11 23:30:00,29.043,29.239,29.04,29.157,68124.55
2025-12-11 23:45:00,29.167,29.22,29.071,29.159,41100.42
2025-12-12 00:00:00,29.16,29.276,29.068,29.076,65903.87
2025-12-12 00:15:00,29.076,29.176,29.064,29.124,18588.98
2025-12-12 00:30:00,29.124,29.144,28.881,28.946,50456.72
2025-12-12 00:45:00,28.957,29.22,28.854,28.959,166103.05
2025-12-12 01:00:00,28.972,29.101,28.904,28.95,63539.29
2025-12-12 01:15:00,28.955,29.202,28.942,29.187,70144.32
2025-12-12 01:30:00,29.174,29.263,29.051,29.237,57199.55
2025-12-12 01:45:00,29.237,29.283,29.135,29.247,54421.17
2025-12-12 02:00:00,29.247,29.296,29.13,29.278,87226.42
2025-12-12 02:15:00,29.279,29.307,29.204,29.298,52106.72
2025-12-12 02:30:00,29.289,29.401,29.281,29.401,110029.32
2025-12-12 02:45:00,29.4,29.435,29.37,29.434,88058.21
2025-12-12 03:00:00,29.422,29.48,29.371,29.397,55660.7
2025-12-12 03:15:00,29.394,29.399,29.169,29.293,90044.6
2025-12-12 03:30:00,29.292,29.555,29.282,29.545,106431.14
2025-12-12 03:45:00,29.543,29.631,29.457,29.467,66435.27
2025-12-12 04:00:00,29.466,29.492,29.343,29.4,70644.32
2025-12-12 04:15:00,29.393,29.394,29.285,29.377,22509.2
2025-12-12 04:30:00,29.376,29.477,29.326,29.467,13188.2
2025-12-12 04:45:00,29.464,29.597,29.416,29.49,34852.91
2025-12-12 05:00:00,29.492,29.676,29.459,29.467,76682.06
2025-12-12 05:15:00,29.473,29.545,29.447,29.467,41482.37
2025-12-12 05:30:00,29.468,29.512,29.315,29.435,44155.58
2025-12-12 05:45:00,29.439,29.63,29.435,29.602,81498.76
2025-12-12 06:00:00,29.6,29.826,29.591,29.825,142794.53
2025-12-12 06:15:00,29.824,29.828,29.62,29.621,75027.82
2025-12-12 06:30:00,29.62,29.665,29.49,29.531,78668.2
2025-12-12 06:45:00,29.535,29.563,29.385,29.426,76723.83
2025-12-12 07:00:00,29.432,29.535,29.406,29.486,49972.95
2025-12-12 07:15:00,29.486,29.6,29.486,29.571,39305.31
2025-12-12 07:30:00,29.571,29.673,29.505,29.567,49315.37
2025-12-12 07:45:00,29.567,29.567,29.478,29.501,35898.27
2025-12-12 08:00:00,29.501,29.555,29.484,29.501,58816.1
2025-12-12 08:15:00,29.5,29.501,29.33,29.341,44645.35
2025-12-12 08:30:00,29.339,29.38,29.298,29.351,29739.09
2025-12-12 08:45:00,29.361,29.361,29.16,29.22,101031.74
2025-12-12 09:00:00,29.224,29.282,29.195,29.252,20004.04
2025-12-12 09:15:00,29.245,29.339,29.149,29.167,38228.2
2025-12-12 09:30:00,29.158,29.29,29.145,29.286,45830.28
2025-12-12 09:45:00,29.286,29.82,29.247,29.82,100695.06
2025-12-12 10:00:00,29.82,29.993,29.672,29.962,301934.44
2025-12-12 10:15:00,29.963,29.965,29.508,29.545,107016.47
2025-12-12 10:30:00,29.541,29.72,29.521,29.611,46911.5
2025-12-12 10:45:00,29.61,29.614,29.461,29.477,68817.95
2025-12-12 11:00:00,29.476,29.542,29.374,29.515,65266.36
2025-12-12 11:15:00,29.504,29.519,29.396,29.499,15745.1
2025-12-12 11:30:00,29.5,29.589,29.496,29.563,11143.08
2025-12-12 11:45:00,29.563,29.951,29.533,29.866,140517.78
2025-12-12 12:00:00,29.867,29.867,29.653,29.756,53016.66
2025-12-12 12:15:00,29.763,29.791,29.644,29.656,15721.74
2025-12-12 12:30:00,29.656,29.726,29.618,29.689,22296.81
2025-12-12 12:45:00,29.685,29.903,29.683,29.881,33623.68
2025-12-12 13:00:00,29.88,29.88,29.795,29.825,14807.29
2025-12-12 13:15:00,29.825,29.833,29.684,29.685,17324.8
2025-12-12 13:30:00,29.686,29.727,29.635,29.639,16302.11
2025-12-12 13:45:00,29.64,29.694,29.559,29.571,26523.29
2025-12-12 14:00:00,29.577,29.639,29.53,29.537,23510.14
2025-12-12 14:15:00,29.535,29.61,29.45,29.45,70878.15
2025-12-12 14:30:00,29.449,29.844,29.444,29.778,67293.53
2025-12-12 14:45:00,29.771,29.795,29.625,29.751,52818.96
2025-12-12 15:00:00,29.75,29.751,29.345,29.384,238463.96
2025-12-12 15:15:00,29.381,29.382,28.6,28.632,447858.17
2025-12-12 15:30:00,28.635,29.045,28.593,29.033,332095.41
2025-12-12 15:45:00,29.033,29.112,28.726,28.892,186634.99
2025-12-12 16:00:00,28.893,29.333,28.834,29.075,178433.03
2025-12-12 16:15:00,29.072,29.289,28.936,29.264,73710.27
2025-12-12 16:30:00,29.246,29.29,28.77,28.822,114909.74
2025-12-12 16:45:00,28.82,29.254,28.698,28.99,217066.91
2025-12-12 17:00:00,28.986,29.7,28.958,29.7,278970.18
2025-12-12 17:15:00,29.694,30.309,29.672,29.893,735467.83
2025-12-12 17:30:00,29.893,30.039,29.69,29.708,175798.66
2025-12-12 17:45:00,29.704,29.988,29.429,29.465,254523.29
2025-12-12 18:00:00,29.465,29.867,29.45,29.72,103218.23
2025-12-12 18:15:00,29.721,30.002,29.718,29.998,102033.17
2025-12-12 18:30:00,29.997,30.205,29.973,29.983,121164.82
2025-12-12 18:45:00,29.982,29.988,29.573,29.65,95467.82
2025-12-12 19:00:00,29.651,29.651,28.784,28.96,489837.77
2025-12-12 19:15:00,28.96,29.255,28.861,28.941,243816.89
2025-12-12 19:30:00,28.94,29.08,28.919,28.999,108049.1
2025-12-12 19:45:00,28.999,29.038,28.679,28.841,337717.25
2025-12-12 20:00:00,28.839,29.015,28.778,28.98,230278.94
2025-12-12 20:15:00,28.984,29.076,28.502,28.588,354389.89
2025-12-12 20:30:00,28.583,28.729,28.42,28.433,262470.31
2025-12-12 20:45:00,28.433,28.527,28.4,28.403,92271.81
2025-12-12 21:00:00,28.41,28.68,28.396,28.429,94125.82
2025-12-12 21:15:00,28.421,28.468,28.361,28.415,93082.23
2025-12-12 21:30:00,28.415,28.624,28.361,28.615,90072.64
2025-12-12 21:45:00,28.618,28.688,28.58,28.666,47004.39
2025-12-12 22:00:00,28.674,28.887,28.673,28.795,50808.75
2025-12-12 22:15:00,28.794,28.874,28.743,28.796,22798.56
2025-12-12 22:30:00,28.796,28.808,28.677,28.73,35564.68
2025-12-12 22:45:00,28.729,28.894,28.607,28.869,119199.92
2025-12-12 23:00:00,28.869,28.926,28.829,28.861,50296.55
2025-12-12 23:15:00,28.861,28.87,28.787,28.841,12692.68
2025-12-12 23:30:00,28.841,28.919,28.783,28.848,20650.23
2025-12-12 23:45:00,28.848,28.85,28.566,28.616,65984.46
2025-12-13 00:00:00,28.616,28.728,28.577,28.68,37208.54
2025-12-13 00:15:00,28.68,28.761,28.674,28.743,12930.62
2025-12-13 00:30:00,28.743,28.832,28.721,28.74,14498.05
2025-12-13 00:45:00,28.74,28.818,28.699,28.759,25051.03
2025-12-13 01:00:00,28.759,28.84,28.744,28.788,10574.22
2025-12-13 01:15:00,28.788,28.866,28.772,28.86,7704.51
2025-12-13 01:30:00,28.86,28.866,28.684,28.694,23700.67
2025-12-13 01:45:00,28.694,28.72,28.37,28.439,114906.19
2025-12-13 02:00:00,28.439,28.479,28.361,28.422,40534.5
2025-12-13 02:15:00,28.422,28.49,28.412,28.49,18079.93
2025-12-13 02:30:00,28.49,28.521,28.438,28.478,21489.35
2025-12-13 02:45:00,28.478,28.49,28.368,28.382,12166.56
2025-12-13 03:00:00,28.383,28.516,28.361,28.477,25742.34
2025-12-13 03:15:00,28.477,28.672,28.453,28.643,37628.75
2025-12-13 03:30:00,28.642,28.652,28.57,28.575,20629.93
2025-12-13 03:45:00,28.575,28.599,28.518,28.534,22823.81
2025-12-13 04:00:00,28.534,28.552,28.361,28.362,37009.49
2025-12-13 04:15:00,28.362,28.479,28.361,28.395,25182.62
2025-12-13 04:30:00,28.401,28.401,28.348,28.353,55039.26
2025-12-13 04:45:00,28.354,28.394,28.255,28.264,122360.02
2025-12-13 05:00:00,28.264,28.418,28.254,28.257,75605.98
2025-12-13 05:15:00,28.255,28.259,28.125,28.226,149417.49
2025-12-13 05:30:00,28.226,28.243,28.105,28.124,67535.19
2025-12-13 05:45:00,28.124,28.24,28.091,28.228,87869.18
2025-12-13 06:00:00,28.228,28.234,28.069,28.084,64872.46
2025-12-13 06:15:00,28.084,28.09,27.985,27.996,137765.22
2025-12-13 06:30:00,27.996,28.243,27.996,28.179,202299.6
2025-12-13 06:45:00,28.178,28.398,28.155,28.238,111016.23
2025-12-13 07:00:00,28.237,28.237,28.075,28.085,71268.9
2025-12-13 07:15:00,28.085,28.214,28.026,28.198,95299.77
2025-12-13 07:30:00,28.198,28.25,27.962,27.985,140716.98
2025-12-13 07:45:00,27.985,28.049,27.957,28.045,48395.31
2025-12-13 08:00:00,28.045,28.11,28.031,28.055,99643.92
2025-12-13 08:15:00,28.059,28.356,28.021,28.07,262357.8
2025-12-13 08:30:00,28.07,28.098,28.012,28.031,93266.74
2025-12-13 08:45:00,28.031,28.175,28.006,28.026,63315.48
2025-12-13 09:00:00,28.026,28.074,27.96,27.994,68301.51
2025-12-13 09:15:00,27.995,28.065,27.939,28.012,85614.47
2025-12-13 09:30:00,28.012,28.301,27.994,28.194,163366.42
2025-12-13 09:45:00,28.194,28.268,28.112,28.149,20965.0
2025-12-13 10:00:00,28.149,28.18,28.038,28.18,34583.49
2025-12-13 10:15:00,28.18,28.41,28.18,28.404,116275.88
2025-12-13 10:30:00,28.404,28.464,28.363,28.457,78541.79
2025-12-13 10:45:00,28.457,28.471,28.34,28.392,55784.21
2025-12-13 11:00:00,28.392,28.602,28.368,28.544,78944.4
2025-12-13 11:15:00,28.543,28.754,28.504,28.666,125767.37
2025-12-13 11:30:00,28.669,28.94,28.622,28.92,171669.12
2025-12-13 11:45:00,28.919,29.045,28.892,28.944,98940.15
2025-12-13 12:00:00,28.939,29.179,28.888,29.159,110701.35
2025-12-13 12:15:00,29.151,29.21,29.053,29.064,43590.06
2025-12-13 12:30:00,29.063,29.22,29.063,29.08,40248.71
2025-12-13 12:45:00,29.081,29.36,29.041,29.338,82879.05
2025-12-13 13:00:00,29.339,29.5,29.18,29.306,115743.72
2025-12-13 13:15:00,29.306,29.36,29.18,29.181,68265.65
2025-12-13 13:30:00,29.181,29.225,29.057,29.193,54981.2
2025-12-13 13:45:00,29.192,29.21,29.07,29.097,41473.94
2025-12-13 14:00:00,29.098,29.117,28.848,28.966,177669.18
2025-12-13 14:15:00,28.966,29.057,28.886,28.991,58948.03
2025-12-13 14:30:00,28.99,29.138,28.988,29.11,42237.7
2025-12-13 14:45:00,29.102,29.217,28.964,28.97,41517.02
2025-12-13 15:00:00,28.973,29.23,28.973,29.129,27205.7
2025-12-13 15:15:00,29.128,29.21,29.052,29.208,20648.26
2025-12-13 15:30:00,29.204,29.205,29.119,29.131,9225.49
2025-12-13 15:45:00,29.131,29.219,29.067,29.2,14100.67
2025-12-13 16:00:00,29.2,29.39,29.19,29.39,50591.04
2025-12-13 16:15:00,29.39,29.391,28.791,28.971,131862.6
2025-12-13 16:30:00,28.97,29.07,28.892,28.959,20750.56
2025-12-13 16:45:00,28.959,29.047,28.919,28.95,18003.71
2025-12-13 17:00:00,28.951,28.996,28.793,28.897,63391.2
2025-12-13 17:15:00,28.897,29.018,28.882,28.943,34693.18
2025-12-13 17:30:00,28.942,29.012,28.915,28.995,20176.2
2025-12-13 17:45:00,28.995,29.093,28.963,29.022,42849.26
2025-12-13 18:00:00,29.022,29.1,28.951,29.05,18729.77
2025-12-13 18:15:00,29.05,29.05,28.91,29.002,11325.71
2025-12-13 18:30:00,28.999,29.025,28.945,29.015,19894.6
2025-12-13 18:45:00,29.016,29.032,28.929,28.932,19048.69
2025-12-13 19:00:00,28.932,28.971,28.818,28.927,95787.92
2025-12-13 19:15:00,28.928,29.061,28.895,28.914,57985.31
2025-12-13 19:30:00,28.915,29.109,28.915,29.093,47155.78
2025-12-13 19:45:00,29.094,29.094,28.872,28.936,52877.63
2025-12-13 20:00:00,28.935,29.075,28.935,29.006,40499.95
2025-12-13 20:15:00,29.007,29.063,28.974,29.008,21886.89
2025-12-13 20:30:00,29.011,29.015,28.687,28.723,159263.9
2025-12-13 20:45:00,28.728,28.796,28.673,28.732,41485.92
2025-12-13 21:00:00,28.728,28.791,28.707,28.734,34168.91
2025-12-13 21:15:00,28.737,28.781,28.654,28.717,58905.79
2025-12-13 21:30:00,28.718,29.057,28.627,29.015,203208.17
2025-12-13 21:45:00,29.017,29.179,28.948,29.1,31588.78
2025-12-13 22:00:00,29.099,29.197,29.04,29.101,26785.58
2025-12-13 22:15:00,29.107,29.216,29.05,29.069,22121.52
2025-12-13 22:30:00,29.069,29.097,28.961,29.085,64121.92
2025-12-13 22:45:00,29.085,29.09,28.998,29.03,5031.0
2025-12-13 23:00:00,29.025,29.08,28.992,29.028,9186.51
2025-12-13 23:15:00,29.024,29.354,28.973,29.337,44182.31
2025-12-13 23:30:00,29.337,29.454,29.242,29.446,83288.22
2025-12-13 23:45:00,29.445,29.775,29.428,29.622,195085.61
2025-12-14 00:00:00,29.623,29.8,29.551,29.786,89404.1
2025-12-14 00:15:00,29.789,29.88,29.7,29.859,101658.42
2025-12-14 00:30:00,29.848,29.876,29.612,29.675,56129.26
2025-12-14 00:45:00,29.667,29.741,29.455,29.467,106929.27
2025-12-14 01:00:00,29.474,29.79,29.408,29.614,227022.75
2025-12-14 01:15:00,29.613,29.624,29.468,29.513,35131.6
2025-12-14 01:30:00,29.513,29.534,29.357,29.393,30556.12
2025-12-14 01:45:00,29.394,29.556,29.381,29.54,27132.88
2025-12-14 02:00:00,29.543,29.594,29.528,29.579,11924.3
2025-12-14 02:15:00,29.58,29.638,29.551,29.626,13617.1
2025-12-14 02:30:00,29.621,29.65,29.547,29.591,12369.45
2025-12-14 02:45:00,29.584,29.619,29.472,29.516,26829.55
2025-12-14 03:00:00,29.516,29.54,29.46,29.495,13369.46
2025-12-14 03:15:00,29.504,29.508,29.287,29.287,23091.09
2025-12-14 03:30:00,29.287,29.379,29.2,29.374,52883.47
2025-12-14 03:45:00,29.374,29.379,29.272,29.276,8538.22
2025-12-14 04:00:00,29.276,29.485,29.272,29.44,28928.97
2025-12-14 04:15:00,29.44,29.485,29.353,29.357,10729.16
2025-12-14 04:30:00,29.358,29.363,29.206,29.231,45550.15
2025-12-14 04:45:00,29.231,29.312,29.161,29.231,57758.59
2025-12-14 05:00:00,29.232,29.262,29.087,29.087,37929.66
2025-12-14 05:15:00,29.088,29.251,28.94,29.112,224077.99
2025-12-14 05:30:00,29.108,29.296,29.062,29.231,84897.38
2025-12-14 05:45:00,29.228,29.26,29.171,29.25,17662.53
2025-12-14 06:00:00,29.237,29.239,29.172,29.225,10432.15
2025-12-14 06:15:00,29.225,29.255,29.176,29.216,25202.09
2025-12-14 06:30:00,29.216,29.247,29.161,29.245,11186.74
2025-12-14 06:45:00,29.245,29.315,29.218,29.269,32448.94
2025-12-14 07:00:00,29.268,29.304,29.145,29.283,47416.12
2025-12-14 07:15:00,29.281,29.448,29.257,29.419,27627.06
2025-12-14 07:30:00,29.419,29.534,29.38,29.527,32382.39
2025-12-14 07:45:00,29.526,29.618,29.493,29.57,31003.52
2025-12-14 08:00:00,29.576,29.608,29.505,29.55,26142.88
2025-12-14 08:15:00,29.552,29.598,29.527,29.533,11361.32
2025-12-14 08:30:00,29.532,29.546,29.459,29.475,12099.3
2025-12-14 08:45:00,29.475,29.478,29.26,29.279,98396.26
2025-12-14 09:00:00,29.279,29.34,29.164,29.183,39930.31
2025-12-14 09:15:00,29.183,29.243,29.012,29.015,65821.98
2025-12-14 09:30:00,29.03,29.094,28.982,29.094,52651.86
2025-12-14 09:45:00,29.089,29.129,29.033,29.064,20732.32
2025-12-14 10:00:00,29.064,29.09,28.841,28.928,81252.22
2025-12-14 10:15:00,28.928,29.114,28.821,29.058,146959.62
2025-12-14 10:30:00,29.064,29.284,29.047,29.102,46121.11
2025-12-14 10:45:00,29.102,29.188,29.049,29.161,26339.01
2025-12-14 11:00:00,29.16,29.222,29.015,29.153,25193.36
2025-12-14 11:15:00,29.148,29.181,29.026,29.094,47457.36
2025-12-14 11:30:00,29.088,29.116,28.622,28.68,184157.61
2025-12-14 11:45:00,28.679,28.916,28.632,28.844,98128.69
2025-12-14 12:00:00,28.845,29.104,28.781,29.007,143690.96
2025-12-14 12:15:00,29.007,29.385,29.006,29.176,240970.77
2025-12-14 12:30:00,29.176,29.946,29.141,29.818,291678.32
2025-12-14 12:45:00,29.818,29.896,29.693,29.823,199815.8
2025-12-14 13:00:00,29.829,29.934,29.52,29.692,219045.34
2025-12-14 13:15:00,29.69,29.719,29.315,29.467,183456.58
2025-12-14 13:30:00,29.467,29.554,29.4,29.419,44571.77
2025-12-14 13:45:00,29.429,29.55,29.393,29.485,105998.25
2025-12-14 14:00:00,29.485,29.533,29.189,29.333,145833.1
2025-12-14 14:15:00,29.332,29.437,29.302,29.325,14498.78
2025-12-14 14:30:00,29.325,29.325,28.967,28.999,59337.3
2025-12-14 14:45:00,28.996,29.069,28.888,28.991,102855.38
2025-12-14 15:00:00,28.987,29.013,28.799,28.875,84225.98
2025-12-14 15:15:00,28.878,28.911,28.682,28.733,159633.7
2025-12-14 15:30:00,28.733,28.86,28.664,28.832,87834.12
2025-12-14 15:45:00,28.829,28.891,28.769,28.861,52291.77
2025-12-14 16:00:00,28.861,28.904,28.815,28.833,15288.9
2025-12-14 16:15:00,28.83,29.03,28.821,28.976,31846.86
2025-12-14 16:30:00,28.976,28.997,28.754,28.771,42339.57
2025-12-14 16:45:00,28.772,29.038,28.769,28.918,143483.5
2025-12-14 17:00:00,28.92,29.023,28.761,28.841,33924.32
2025-12-14 17:15:00,28.847,29.167,28.79,29.015,111136.44
2025-12-14 17:30:00,29.009,29.042,28.921,29.016,17226.17
2025-12-14 17:45:00,29.001,29.096,28.885,28.948,24846.21
2025-12-14 18:00:00,28.948,29.148,28.919,29.123,34685.68
2025-12-14 18:15:00,29.123,29.184,28.895,29.073,78625.37
2025-12-14 18:30:00,29.074,29.574,29.071,29.509,195758.92
2025-12-14 18:45:00,29.503,29.558,29.389,29.439,55386.59
2025-12-14 19:00:00,29.435,29.447,29.22,29.284,29449.25
2025-12-14 19:15:00,29.277,29.3,29.015,29.109,141401.5
2025-12-14 19:30:00,29.11,29.144,29.046,29.14,40762.95
2025-12-14 19:45:00,29.14,29.249,29.109,29.153,61077.93
2025-12-14 20:00:00,29.153,29.219,28.959,29.213,94379.21
2025-12-14 20:15:00,29.219,29.312,29.104,29.105,62634.31
2025-12-14 20:30:00,29.106,29.136,29.06,29.128,21657.36
2025-12-14 20:45:00,29.13,29.133,28.962,29.02,18959.25
2025-12-14 21:00:00,29.015,29.048,28.96,29.033,20755.64
2025-12-14 21:15:00,29.028,29.269,28.977,29.15,58776.23
2025-12-14 21:30:00,29.15,29.155,28.991,29.005,45038.3
2025-12-14 21:45:00,29.006,29.119,28.909,29.087,31527.23
2025-12-14 22:00:00,29.082,29.232,29.077,29.184,28801.21
2025-12-14 22:15:00,29.191,29.198,28.968,29.055,31216.22
2025-12-14 22:30:00,29.051,29.051,28.487,28.558,160902.71
2025-12-14 22:45:00,28.571,28.764,28.472,28.754,191938.81
2025-12-14 23:00:00,28.744,28.902,28.45,28.617,214786.15
2025-12-14 23:15:00,28.615,28.756,28.598,28.706,46873.53
2025-12-14 23:30:00,28.713,29.11,28.353,28.953,215439.21
2025-12-14 23:45:00,28.954,29.058,28.79,28.846,99748.65
2025-12-15 00:00:00,28.852,29.014,28.713,28.763,79332.11
2025-12-15 00:15:00,28.757,29.275,28.735,29.049,237540.3
2025-12-15 00:30:00,29.054,29.109,28.634,28.802,138862.72
2025-12-15 00:45:00,28.794,28.99,28.748,28.955,51745.56
2025-12-15 01:00:00,28.954,29.075,28.88,29.075,25349.11
2025-12-15 01:15:00,29.073,29.15,28.989,29.137,31453.72
2025-12-15 01:30:00,29.137,29.565,29.12,29.367,225713.26
2025-12-15 01:45:00,29.367,29.551,29.359,29.443,61212.3
2025-12-15 02:00:00,29.444,29.591,29.394,29.409,55609.49
2025-12-15 02:15:00,29.413,29.6,29.387,29.459,48492.13
2025-12-15 02:30:00,29.457,29.512,29.336,29.362,39881.72
2025-12-15 02:45:00,29.366,29.372,29.171,29.186,43826.82
2025-12-15 03:00:00,29.184,29.233,29.11,29.176,66802.03
2025-12-15 03:15:00,29.177,29.312,29.125,29.128,59030.78
2025-12-15 03:30:00,29.125,29.172,28.866,28.947,30533.1
2025-12-15 03:45:00,28.941,29.005,28.915,29.004,19183.71
2025-12-15 04:00:00,29.004,29.141,29.0,29.05,30650.79
2025-12-15 04:15:00,29.05,29.154,28.977,29.03,52260.61
2025-12-15 04:30:00,29.028,29.088,28.991,29.034,11213.11
2025-12-15 04:45:00,29.034,29.124,29.001,29.04,12448.68
2025-12-15 05:00:00,29.053,29.062,28.973,29.029,27892.28
2025-12-15 05:15:00,29.031,29.106,29.008,29.072,13398.37
2025-12-15 05:30:00,29.071,29.179,29.02,29.109,45495.44
2025-12-15 05:45:00,29.108,29.198,29.035,29.13,62145.94
2025-12-15 06:00:00,29.131,29.14,29.031,29.107,30287.24
2025-12-15 06:15:00,29.107,29.209,29.06,29.082,42081.85
2025-12-15 06:30:00,29.084,29.206,29.043,29.065,46536.27
2025-12-15 06:45:00,29.065,29.325,29.05,29.123,84941.79
2025-12-15 07:00:00,29.123,29.167,29.044,29.062,26177.8
2025-12-15 07:15:00,29.062,29.149,29.02,29.061,20760.09
2025-12-15 07:30:00,29.062,29.14,29.026,29.039,14308.14
2025-12-15 07:45:00,29.04,29.166,29.04,29.148,14986.95
2025-12-15 08:00:00,29.148,29.166,29.02,29.093,28706.03
2025-12-15 08:15:00,29.089,29.197,29.083,29.153,15202.5
2025-12-15 08:30:00,29.154,29.253,29.126,29.244,42291.54
2025-12-15 08:45:00,29.249,29.287,29.242,29.258,25181.53
2025-12-15 09:00:00,29.258,29.312,29.216,29.235,41647.76
2025-12-15 09:15:00,29.23,29.32,29.22,29.32,21196.99
2025-12-15 09:30:00,29.32,29.451,29.282,29.427,42222.36
2025-12-15 09:45:00,29.428,29.519,29.357,29.423,52623.67
2025-12-15 10:00:00,29.428,29.52,29.363,29.396,57544.85
2025-12-15 10:15:00,29.396,29.449,29.323,29.444,24881.29
2025-12-15 10:30:00,29.444,29.538,29.389,29.401,74662.37
2025-12-15 10:45:00,29.402,29.508,29.402,29.461,13485.77
2025-12-15 11:00:00,29.461,29.478,29.34,29.349,18222.03
2025-12-15 11:15:00,29.35,29.421,29.285,29.404,26478.4
2025-12-15 11:30:00,29.4,29.41,29.272,29.278,20318.35
2025-12-15 11:45:00,29.291,29.408,29.29,29.408,14352.79
2025-12-15 12:00:00,29.408,29.412,29.214,29.231,77307.48
2025-12-15 12:15:00,29.231,29.492,29.21,29.47,90827.53
2025-12-15 12:30:00,29.471,29.514,29.325,29.343,86417.67
2025-12-15 12:45:00,29.349,29.364,29.275,29.301,17867.3
2025-12-15 13:00:00,29.305,29.312,28.966,28.99,79756.9
2025-12-15 13:15:00,28.996,28.999,28.729,28.863,92485.64
2025-12-15 13:30:00,28.863,28.863,28.648,28.812,77256.47
2025-12-15 13:45:00,28.811,28.872,28.722,28.739,33462.91
2025-12-15 14:00:00,28.739,28.931,28.7,28.926,45131.19
2025-12-15 14:15:00,28.925,29.003,28.822,28.9,39673.25
2025-12-15 14:30:00,28.903,28.934,28.63,28.763,163580.94
2025-12-15 14:45:00,28.761,28.829,28.426,28.465,340574.99
2025-12-15 15:00:00,28.466,28.631,28.106,28.516,302210.84
2025-12-15 15:15:00,28.517,28.531,27.763,27.833,649088.32
2025-12-15 15:30:00,27.829,28.007,27.624,27.854,343988.8
2025-12-15 15:45:00,27.85,28.003,27.4,27.762,674855.7
2025-12-15 16:00:00,27.765,27.937,27.655,27.772,167621.12
2025-12-15 16:15:00,27.772,28.132,27.746,28.071,205289.33
2025-12-15 16:30:00,28.072,28.095,27.525,27.605,464346.82
2025-12-15 16:45:00,27.61,27.749,27.467,27.467,261231.19
2025-12-15 17:00:00,27.472,27.882,27.442,27.484,293274.56
2025-12-15 17:15:00,27.484,27.686,27.465,27.487,149684.18
2025-12-15 17:30:00,27.509,27.558,27.318,27.349,223122.02
2025-12-15 17:45:00,27.362,27.425,27.3,27.425,185128.05
2025-12-15 18:00:00,27.416,27.601,27.32,27.582,255437.77
2025-12-15 18:15:00,27.568,27.62,27.33,27.495,196111.47
2025-12-15 18:30:00,27.488,27.732,27.28,27.53,305646.23
2025-12-15 18:45:00,27.53,27.63,27.188,27.53,338978.96
2025-12-15 19:00:00,27.532,27.758,27.409,27.512,233640.51
2025-12-15 19:15:00,27.51,27.82,27.47,27.661,167848.08
2025-12-15 19:30:00,27.667,27.749,27.582,27.669,49706.17
2025-12-15 19:45:00,27.669,27.669,27.398,27.557,213888.6
2025-12-15 20:00:00,27.558,27.558,27.276,27.276,111379.31
2025-12-15 20:15:00,27.277,27.363,27.181,27.323,98016.16
2025-12-15 20:30:00,27.32,27.485,27.303,27.401,54078.4
2025-12-15 20:45:00,27.392,27.408,27.227,27.329,77734.94
2025-12-15 21:00:00,27.339,27.383,27.26,27.366,41251.68
2025-12-15 21:15:00,27.367,27.635,27.349,27.542,83308.01
2025-12-15 21:30:00,27.548,27.603,27.348,27.563,93821.31
2025-12-15 21:45:00,27.574,27.695,27.463,27.557,75618.02
2025-12-15 22:00:00,27.553,27.655,27.461,27.639,92391.9
2025-12-15 22:15:00,27.65,27.735,27.528,27.648,61722.73
2025-12-15 22:30:00,27.649,27.738,27.567,27.607,58856.33
2025-12-15 22:45:00,27.607,27.639,27.45,27.61,40138.33
2025-12-15 23:00:00,27.611,27.713,27.571,27.609,47248.51
2025-12-15 23:15:00,27.609,27.726,27.455,27.554,113820.12
2025-12-15 23:30:00,27.554,27.652,27.406,27.561,73062.46
2025-12-15 23:45:00,27.561,27.637,27.547,27.616,31769.08
2025-12-16 00:00:00,27.616,27.68,27.435,27.445,106265.69
2025-12-16 00:15:00,27.445,27.6,27.382,27.515,73967.88
2025-12-16 00:30:00,27.515,27.519,27.357,27.376,62286.56
2025-12-16 00:45:00,27.376,27.428,27.286,27.3,84412.06
2025-12-16 01:00:00,27.3,27.418,27.229,27.382,142804.56
2025-12-16 01:15:00,27.378,27.429,27.27,27.349,52142.34
2025-12-16 01:30:00,27.349,27.392,27.216,27.262,41795.13
2025-12-16 01:45:00,27.262,27.35,27.0,27.053,314753.63
2025-12-16 02:00:00,27.051,27.126,26.918,27.115,236720.82
2025-12-16 02:15:00,27.114,27.22,27.042,27.187,206010.49
2025-12-16 02:30:00,27.189,27.191,27.064,27.094,43997.04
2025-12-16 02:45:00,27.093,27.154,26.936,27.09,82254.37
2025-12-16 03:00:00,27.09,27.134,26.638,26.692,225317.22
2025-12-16 03:15:00,26.708,26.871,26.5,26.559,304884.95
2025-12-16 03:30:00,26.558,26.721,26.313,26.67,464750.61
2025-12-16 03:45:00,26.67,26.724,26.576,26.708,95914.62
2025-12-16 04:00:00,26.71,26.787,26.626,26.708,100500.71
2025-12-16 04:15:00,26.707,26.72,26.145,26.268,561499.4
2025-12-16 04:30:00,26.263,26.328,26.144,26.228,301081.14
2025-12-16 04:45:00,26.227,26.344,26.0,26.344,224636.84
2025-12-16 05:00:00,26.343,26.452,26.256,26.321,58942.4
2025-12-16 05:15:00,26.321,26.508,26.302,26.473,82227.85
2025-12-16 05:30:00,26.473,26.653,26.41,26.566,118671.91
2025-12-16 05:45:00,26.567,26.626,26.501,26.563,45292.14
2025-12-16 06:00:00,26.562,26.679,26.552,26.587,70486.37
2025-12-16 06:15:00,26.587,26.678,26.574,26.641,23300.41
2025-12-16 06:30:00,26.641,26.733,26.488,26.522,50738.04
2025-12-16 06:45:00,26.525,26.742,26.503,26.676,32671.03
2025-12-16 07:00:00,26.676,26.723,26.503,26.505,40523.36
2025-12-16 07:15:00,26.508,26.543,26.149,26.378,180940.01
2025-12-16 07:30:00,26.377,26.384,26.153,26.211,144399.63
2025-12-16 07:45:00,26.21,26.413,26.206,26.322,85069.85
2025-12-16 08:00:00,26.323,26.397,26.264,26.363,26964.11
2025-12-16 08:15:00,26.362,26.463,26.273,26.446,37348.8
2025-12-16 08:30:00,26.446,26.476,26.343,26.456,14446.27
2025-12-16 08:45:00,26.456,26.513,26.394,26.456,15558.57
2025-12-16 09:00:00,26.456,26.476,26.412,26.43,17967.51
2025-12-16 09:15:00,26.43,26.589,26.39,26.571,107226.3
2025-12-16 09:30:00,26.57,26.889,26.558,26.768,187251.03
2025-12-16 09:45:00,26.768,26.815,26.701,26.729,42210.94
2025-12-16 10:00:00,26.729,26.802,26.714,26.795,40289.79
2025-12-16 10:15:00,26.795,26.889,26.726,26.736,77639.88
2025-12-16 10:30:00,26.737,27.058,26.708,27.053,130974.11
2025-12-16 10:45:00,27.054,27.21,27.036,27.104,178567.11
2025-12-16 11:00:00,27.104,27.117,26.936,27.0,38930.43
2025-12-16 11:15:00,27.001,27.198,26.985,27.153,37113.55
2025-12-16 11:30:00,27.154,27.19,26.988,27.026,38372.38
2025-12-16 11:45:00,27.029,27.423,27.026,27.415,160408.92
2025-12-16 12:00:00,27.416,27.611,27.356,27.432,223040.72
2025-12-16 12:15:00,27.427,27.438,27.238,27.305,60822.45
2025-12-16 12:30:00,27.306,27.393,27.158,27.279,109778.42
2025-12-16 12:45:00,27.281,27.383,27.23,27.303,36801.03
2025-12-16 13:00:00,27.317,27.338,27.15,27.21,44027.13
2025-12-16 13:15:00,27.211,27.498,27.21,27.45,53621.56
2025-12-16 13:30:00,27.448,27.607,27.16,27.246,230948.19
2025-12-16 13:45:00,27.25,27.308,26.977,26.996,107404.98
2025-12-16 14:00:00,26.997,27.3,26.8,27.27,318775.77
2025-12-16 14:15:00,27.268,27.483,27.175,27.459,132093.24
2025-12-16 14:30:00,27.458,27.604,27.319,27.364,179240.07
2025-12-16 14:45:00,27.364,27.568,27.265,27.413,84013.62
2025-12-16 15:00:00,27.412,27.428,27.217,27.291,53153.37
2025-12-16 15:15:00,27.29,27.306,26.841,27.034,294078.06
2025-12-16 15:30:00,27.034,27.148,26.916,27.068,54174.41
2025-12-16 15:45:00,27.068,27.489,27.039,27.284,125771.33
2025-12-16 16:00:00,27.284,27.327,27.086,27.141,61522.95
2025-12-16 16:15:00,27.146,27.232,27.01,27.126,56015.44
2025-12-16 16:30:00,27.134,27.157,26.938,27.038,47682.73
2025-12-16 16:45:00,27.025,27.118,26.674,26.695,225529.01
2025-12-16 17:00:00,26.703,26.802,26.619,26.766,104759.49
2025-12-16 17:15:00,26.767,26.783,26.35,26.519,185095.8
2025-12-16 17:30:00,26.527,26.564,26.276,26.357,145324.24
2025-12-16 17:45:00,26.361,26.554,26.349,26.503,91204.64
2025-12-16 18:00:00,26.506,26.833,26.456,26.758,128154.86
2025-12-16 18:15:00,26.763,26.808,26.654,26.689,39559.0
2025-12-16 18:30:00,26.694,26.975,26.694,26.961,82609.13
2025-12-16 18:45:00,26.961,27.076,26.93,26.96,87665.18
2025-12-16 19:00:00,26.957,26.994,26.561,26.57,140973.63
2025-12-16 19:15:00,26.566,27.0,26.53,26.967,150951.62
2025-12-16 19:30:00,26.967,26.989,26.769,26.87,92785.53
2025-12-16 19:45:00,26.876,26.968,26.775,26.923,86194.85
2025-12-16 20:00:00,26.916,27.069,26.885,26.893,52383.53
2025-12-16 20:15:00,26.892,26.979,26.875,26.927,31030.68
2025-12-16 20:30:00,26.916,27.155,26.916,27.14,62511.0
2025-12-16 20:45:00,27.132,27.182,26.679,26.679,120946.99
2025-12-16 21:00:00,26.679,26.776,26.62,26.677,47785.95
2025-12-16 21:15:00,26.674,26.759,26.619,26.739,39769.86
2025-12-16 21:30:00,26.742,26.885,26.741,26.863,37892.15
2025-12-16 21:45:00,26.866,26.894,26.782,26.808,22941.14
2025-12-16 22:00:00,26.81,26.9,26.755,26.782,40042.19
2025-12-16 22:15:00,26.786,26.977,26.751,26.955,71913.47
2025-12-16 22:30:00,26.953,26.977,26.872,26.899,41961.24
2025-12-16 22:45:00,26.902,26.904,26.629,26.63,73873.8
2025-12-16 23:00:00,26.63,26.707,26.511,26.684,148195.35
2025-12-16 23:15:00,26.682,26.83,26.573,26.632,104122.41
2025-12-16 23:30:00,26.63,26.794,26.582,26.778,67317.07
2025-12-16 23:45:00,26.768,26.814,26.69,26.809,32670.45
2025-12-17 00:00:00,26.809,26.837,26.464,26.483,85911.4
2025-12-17 00:15:00,26.482,26.59,26.461,26.471,42449.56
2025-12-17 00:30:00,26.472,26.484,26.373,26.388,59745.42
2025-12-17 00:45:00,26.39,26.568,26.36,26.501,49461.13
2025-12-17 01:00:00,26.502,26.62,26.485,26.54,26992.57
2025-12-17 01:15:00,26.539,26.71,26.539,26.584,35864.54
2025-12-17 01:30:00,26.581,26.673,26.558,26.569,16797.51
2025-12-17 01:45:00,26.57,26.577,26.4,26.42,25540.36
2025-12-17 02:00:00,26.42,26.471,26.236,26.236,84980.6
2025-12-17 02:15:00,26.236,26.439,26.217,26.326,58627.41
2025-12-17 02:30:00,26.326,26.438,26.289,26.386,49875.5
2025-12-17 02:45:00,26.383,26.552,26.314,26.533,82603.33
2025-12-17 03:00:00,26.528,28.351,26.524,27.513,2718696.84
2025-12-17 03:15:00,27.513,27.635,26.932,27.031,1106335.45
2025-12-17 03:30:00,27.017,27.14,26.765,26.901,427420.69
2025-12-17 03:45:00,26.901,27.085,26.78,27.04,433111.16
2025-12-17 04:00:00,27.042,27.168,26.783,26.884,369321.14
2025-12-17 04:15:00,26.887,26.887,26.679,26.767,169953.42
2025-12-17 04:30:00,26.767,26.778,26.567,26.605,208905.23
2025-12-17 04:45:00,26.6,26.78,26.55,26.743,83780.89
2025-12-17 05:00:00,26.741,26.819,26.642,26.767,109117.74
2025-12-17 05:15:00,26.765,26.816,26.633,26.707,42897.27
2025-12-17 05:30:00,26.708,27.014,26.701,26.995,109334.42
2025-12-17 05:45:00,27.011,27.203,26.974,27.093,165011.28
2025-12-17 06:00:00,27.095,27.129,26.958,26.964,100073.23
2025-12-17 06:15:00,26.965,27.094,26.965,27.036,48201.08
2025-12-17 06:30:00,27.034,27.104,26.999,26.999,63874.04
2025-12-17 06:45:00,26.998,27.174,26.97,27.174,57759.92
2025-12-17 07:00:00,27.161,27.213,27.102,27.157,59995.95
2025-12-17 07:15:00,27.155,27.213,27.089,27.149,35970.83
2025-12-17 07:30:00,27.142,27.292,27.121,27.21,67823.24
2025-12-17 07:45:00,27.201,27.25,27.179,27.198,42131.46
2025-12-17 08:00:00,27.187,27.187,26.921,26.944,75160.07
2025-12-17 08:15:00,26.942,26.947,26.666,26.798,196371.9
2025-12-17 08:30:00,26.789,26.848,26.724,26.824,49618.61
2025-12-17 08:45:00,26.823,26.884,26.762,26.807,33946.48
2025-12-17 09:00:00,26.806,26.959,26.769,26.953,32218.79
2025-12-17 09:15:00,26.95,26.972,26.7,26.783,74979.85
2025-12-17 09:30:00,26.785,26.94,26.785,26.91,150215.8
2025-12-17 09:45:00,26.908,26.927,26.88,26.909,27966.8
2025-12-17 10:00:00,26.908,26.935,26.812,26.914,50045.97
2025-12-17 10:15:00,26.913,27.011,26.89,26.914,60451.19
2025-12-17 10:30:00,26.915,27.164,26.88,27.147,65785.65
2025-12-17 10:45:00,27.153,27.163,27.111,27.129,35035.65
2025-12-17 11:00:00,27.128,27.4,27.122,27.384,70212.13
2025-12-17 11:15:00,27.378,27.468,27.327,27.369,76096.47
2025-12-17 11:30:00,27.356,27.564,27.354,27.503,53549.51
2025-12-17 11:45:00,27.502,27.684,27.457,27.633,113447.76
2025-12-17 12:00:00,27.627,27.887,27.544,27.628,316601.53
2025-12-17 12:15:00,27.628,27.636,27.225,27.308,157018.2
2025-12-17 12:30:00,27.314,27.493,27.277,27.326,77312.29
2025-12-17 12:45:00,27.327,27.451,27.327,27.441,19852.31
2025-12-17 13:00:00,27.435,27.503,27.35,27.357,21579.76
2025-12-17 13:15:00,27.358,27.384,27.224,27.333,30601.66
2025-12-17 13:30:00,27.332,27.485,27.298,27.469,43751.59
2025-12-17 13:45:00,27.459,27.588,27.411,27.47,119191.06
2025-12-17 14:00:00,27.47,27.507,27.351,27.437,29441.9
2025-12-17 14:15:00,27.439,27.502,27.271,27.321,48961.17
2025-12-17 14:30:00,27.318,27.402,26.949,27.004,250495.12
2025-12-17 14:45:00,27.003,27.632,26.918,27.615,470856.19
2025-12-17 15:00:00,27.617,27.9,27.459,27.766,474218.91
2025-12-17 15:15:00,27.762,27.78,27.215,27.441,378303.46
2025-12-17 15:30:00,27.448,27.512,26.879,27.022,311471.75
2025-12-17 15:45:00,27.022,27.048,26.599,26.742,273960.25
2025-12-17 16:00:00,26.746,27.055,26.588,26.595,208902.1
2025-12-17 16:15:00,26.588,26.653,26.065,26.099,542112.08
2025-12-17 16:30:00,26.084,26.159,25.371,25.995,2083127.69
2025-12-17 16:45:00,25.995,26.178,25.853,26.133,280719.83
2025-12-17 17:00:00,26.133,26.144,25.68,25.861,672081.61
2025-12-17 17:15:00,25.86,26.062,25.683,25.708,198110.73
2025-12-17 17:30:00,25.699,25.793,25.347,25.455,577778.41
2025-12-17 17:45:00,25.46,25.531,25.2,25.277,493066.19
2025-12-17 18:00:00,25.277,25.491,25.218,25.24,252952.08
2025-12-17 18:15:00,25.24,25.531,25.141,25.429,384628.16
2025-12-17 18:30:00,25.429,25.492,24.841,25.103,925095.81
2025-12-17 18:45:00,25.103,25.318,24.841,24.873,682413.66
2025-12-17 19:00:00,24.875,24.989,24.699,24.96,647614.15
2025-12-17 19:15:00,24.96,25.108,24.842,24.857,421389.66
2025-12-17 19:30:00,24.851,24.897,24.692,24.701,208508.01
2025-12-17 19:45:00,24.704,24.951,24.704,24.753,217428.37
2025-12-17 20:00:00,24.752,24.814,24.5,24.511,520695.65
2025-12-17 20:15:00,24.512,24.89,24.49,24.822,385837.76
2025-12-17 20:30:00,24.822,24.849,24.482,24.757,288334.22
2025-12-17 20:45:00,24.758,24.912,24.734,24.894,207183.34
2025-12-17 21:00:00,24.89,25.03,24.797,24.81,222272.77
2025-12-17 21:15:00,24.808,24.916,24.747,24.798,137603.3
2025-12-17 21:30:00,24.797,24.967,24.723,24.792,225281.25
2025-12-17 21:45:00,24.79,24.835,24.655,24.674,157337.57
2025-12-17 22:00:00,24.673,24.714,24.499,24.662,188570.2
2025-12-17 22:15:00,24.661,24.852,24.617,24.778,210801.44
2025-12-17 22:30:00,24.777,24.826,24.549,24.598,126278.31
2025-12-17 22:45:00,24.602,24.8,24.569,24.793,61698.01
2025-12-17 23:00:00,24.79,24.801,24.648,24.668,79265.31
2025-12-17 23:15:00,24.654,24.677,24.406,24.468,209566.23
2025-12-17 23:30:00,24.463,24.495,24.15,24.412,676060.2
2025-12-17 23:45:00,24.417,24.501,24.396,24.483,51775.69
2025-12-18 00:00:00,24.48,24.484,24.116,24.423,405581.54
2025-12-18 00:15:00,24.423,24.562,24.352,24.56,103667.2
2025-12-18 00:30:00,24.56,24.561,24.273,24.445,103410.05
2025-12-18 00:45:00,24.445,24.555,24.411,24.446,81075.66
2025-12-18 01:00:00,24.45,24.461,24.13,24.267,200084.48
2025-12-18 01:15:00,24.268,24.341,24.188,24.274,39712.17
2025-12-18 01:30:00,24.275,24.394,24.182,24.375,147607.5
2025-12-18 01:45:00,24.36,24.464,24.307,24.402,89177.56
2025-12-18 02:00:00,24.404,24.553,24.264,24.537,77982.84
2025-12-18 02:15:00,24.534,24.768,24.23,24.301,433684.65
2025-12-18 02:30:00,24.3,24.383,24.29,24.329,50347.12
2025-12-18 02:45:00,24.336,24.393,24.228,24.284,68545.14
2025-12-18 03:00:00,24.284,24.375,24.225,24.259,65861.99
2025-12-18 03:15:00,24.259,24.288,24.145,24.162,100622.39
2025-12-18 03:30:00,24.17,24.211,24.125,24.138,65932.11
2025-12-18 03:45:00,24.139,24.194,24.103,24.186,69890.49
2025-12-18 04:00:00,24.192,24.365,24.173,24.352,78882.67
2025-12-18 04:15:00,24.353,24.433,24.313,24.313,63564.7
2025-12-18 04:30:00,24.313,24.582,24.313,24.57,61687.86
2025-12-18 04:45:00,24.57,24.57,24.49,24.531,60373.28
2025-12-18 05:00:00,24.53,24.567,24.384,24.413,67888.19
2025-12-18 05:15:00,24.416,24.489,24.344,24.464,78501.35
2025-12-18 05:30:00,24.462,24.522,24.435,24.488,50137.17
2025-12-18 05:45:00,24.489,24.537,24.355,24.369,64803.22
2025-12-18 06:00:00,24.374,24.46,23.5638,24.353,39817.35
2025-12-18 06:15:00,24.342,24.419,24.32,24.334,19159.24
2025-12-18 06:30:00,24.334,24.431,24.164,24.172,58193.04
2025-12-18 06:45:00,24.168,24.364,24.105,24.349,92450.18
2025-12-18 07:00:00,24.349,24.47,24.2,24.301,48166.71
2025-12-18 07:15:00,24.297,24.299,24.103,24.246,100754.21
2025-12-18 07:30:00,24.247,24.268,24.015,24.019,133141.97
2025-12-18 07:45:00,24.024,24.049,23.902,23.984,197335.36
2025-12-18 08:00:00,23.984,24.113,23.916,23.924,140250.06
2025-12-18 08:15:00,23.92,24.115,23.9,24.013,117908.98
2025-12-18 08:30:00,24.015,24.124,24.013,24.05,88234.8
2025-12-18 08:45:00,24.052,24.299,24.042,24.214,245731.32
2025-12-18 09:00:00,24.215,24.223,23.859,23.927,278985.13
2025-12-18 09:15:00,23.924,24.145,23.681,24.141,341189.8
2025-12-18 09:30:00,24.13,24.28,24.051,24.274,163674.79
2025-12-18 09:45:00,24.263,24.463,24.258,24.369,426357.49
2025-12-18 10:00:00,24.37,24.46,24.271,24.298,125306.34
2025-12-18 10:15:00,24.298,24.473,24.251,24.349,92084.29
2025-12-18 10:30:00,24.349,24.476,24.33,24.44,43990.91
2025-12-18 10:45:00,24.447,24.485,24.349,24.477,37744.6
2025-12-18 11:00:00,24.478,24.486,24.074,24.099,86854.77
2025-12-18 11:15:00,24.099,24.3,24.063,24.262,80682.84
2025-12-18 11:30:00,24.262,24.316,24.224,24.235,51463.93
2025-12-18 11:45:00,24.239,24.397,24.237,24.363,38895.45
2025-12-18 12:00:00,24.37,24.429,24.1,24.125,189054.25
2025-12-18 12:15:00,24.125,24.257,24.102,24.156,115055.21
2025-12-18 12:30:00,24.148,24.379,24.142,24.354,41133.71
2025-12-18 12:45:00,24.35,24.36,24.259,24.304,43174.65
2025-12-18 13:00:00,24.307,24.702,24.296,24.489,445183.7
2025-12-18 13:15:00,24.491,24.524,24.338,24.386,131803.21
2025-12-18 13:30:00,24.377,24.976,24.343,24.865,686204.18
2025-12-18 13:45:00,24.859,25.201,24.761,25.141,585711.01
2025-12-18 14:00:00,25.141,25.293,24.675,24.702,493075.18
2025-12-18 14:15:00,24.707,25.044,24.707,24.934,184994.93
2025-12-18 14:30:00,24.939,25.13,24.472,24.542,395450.14
2025-12-18 14:45:00,24.54,24.96,24.536,24.914,335220.76
2025-12-18 15:00:00,24.914,24.99,24.687,24.69,216357.02
2025-12-18 15:15:00,24.69,25.032,24.63,25.028,207368.82
2025-12-18 15:30:00,25.031,25.236,24.883,24.926,325102.81
2025-12-18 15:45:00,24.915,24.925,24.64,24.676,184174.02
2025-12-18 16:00:00,24.68,24.688,24.44,24.561,308203.5
2025-12-18 16:15:00,24.554,24.681,24.274,24.406,256173.9
2025-12-18 16:30:00,24.405,24.744,24.352,24.731,124159.15
2025-12-18 16:45:00,24.73,24.801,24.583,24.644,127940.21
2025-12-18 17:00:00,24.643,24.666,24.03,24.13,417080.53
2025-12-18 17:15:00,24.126,24.137,23.409,23.665,1085307.9
2025-12-18 17:30:00,23.662,23.916,23.576,23.901,287358.04
2025-12-18 17:45:00,23.901,23.914,23.636,23.737,144429.62
2025-12-18 18:00:00,23.731,23.95,23.55,23.815,226440.05
2025-12-18 18:15:00,23.814,23.872,23.562,23.596,147199.61
2025-12-18 18:30:00,23.596,23.743,23.495,23.679,170369.43
2025-12-18 18:45:00,23.678,23.706,23.056,23.094,1084135.05
2025-12-18 19:00:00,23.094,23.189,22.951,22.994,592145.82
2025-12-18 19:15:00,22.991,23.189,22.805,23.17,893419.97
2025-12-18 19:30:00,23.173,23.264,22.8,23.026,440972.29
2025-12-18 19:45:00,23.022,23.03,22.6,22.791,697457.51
2025-12-18 20:00:00,22.785,23.224,22.783,23.134,424044.42
2025-12-18 20:15:00,23.113,23.2,22.949,22.989,207736.74
2025-12-18 20:30:00,22.986,23.05,22.864,23.004,98131.11
2025-12-18 20:45:00,23.007,23.107,22.84,22.871,121260.47
2025-12-18 21:00:00,22.87,23.138,22.86,23.028,147014.3
2025-12-18 21:15:00,23.027,23.187,23.02,23.185,95511.53
2025-12-18 21:30:00,23.184,23.22,22.863,23.029,185256.53
2025-12-18 21:45:00,23.03,23.2,23.028,23.132,91589.0
2025-12-18 22:00:00,23.136,23.23,23.087,23.094,36540.67
2025-12-18 22:15:00,23.091,23.122,22.918,22.966,150424.86
2025-12-18 22:30:00,22.966,23.107,22.948,22.966,75098.09
2025-12-18 22:45:00,22.966,23.033,22.9,22.906,61325.41
2025-12-18 23:00:00,22.906,22.934,22.727,22.75,201339.4
2025-12-18 23:15:00,22.754,22.755,22.535,22.638,260926.14
2025-12-18 23:30:00,22.629,22.67,22.5,22.575,205340.04
2025-12-18 23:45:00,22.576,22.582,22.432,22.454,183681.13
2025-12-19 00:00:00,22.452,22.676,22.4,22.564,245515.27
2025-12-19 00:15:00,22.566,22.64,22.415,22.43,115039.83
2025-12-19 00:30:00,22.421,22.474,22.354,22.384,128246.17
2025-12-19 00:45:00,22.385,22.4,22.244,22.351,323927.41
2025-12-19 01:00:00,22.351,22.426,22.205,22.354,201631.07
2025-12-19 01:15:00,22.355,22.456,22.26,22.26,63783.26
2025-12-19 01:30:00,22.261,22.544,22.255,22.397,90090.68
2025-12-19 01:45:00,22.397,22.622,22.311,22.602,85805.79
2025-12-19 02:00:00,22.604,22.617,22.458,22.5,74980.35
2025-12-19 02:15:00,22.501,22.906,22.48,22.809,312981.85
2025-12-19 02:30:00,22.809,22.97,22.698,22.761,217791.19
2025-12-19 02:45:00,22.76,22.901,22.712,22.818,62880.02
2025-12-19 03:00:00,22.819,22.988,22.8,22.974,110853.8
2025-12-19 03:15:00,22.975,23.187,22.689,23.162,197264.46
2025-12-19 03:30:00,23.168,23.305,22.987,23.055,275858.99
2025-12-19 03:45:00,23.067,23.15,22.963,23.069,93135.32
2025-12-19 04:00:00,23.075,23.277,23.01,23.177,207824.58
2025-12-19 04:15:00,23.179,23.429,23.125,23.308,241497.47
2025-12-19 04:30:00,23.308,23.372,23.21,23.263,115414.69
2025-12-19 04:45:00,23.261,23.391,23.242,23.362,47409.03
2025-12-19 05:00:00,23.371,23.398,23.194,23.393,121669.2
2025-12-19 05:15:00,23.395,23.446,23.267,23.286,85387.22
2025-12-19 05:30:00,23.286,23.394,23.221,23.31,88741.46
2025-12-19 05:45:00,23.314,23.488,23.3,23.372,124576.19
2025-12-19 06:00:00,23.371,23.513,23.3,23.51,123432.47
2025-12-19 06:15:00,23.513,23.661,23.401,23.632,135343.09
2025-12-19 06:30:00,23.632,23.68,23.532,23.667,126779.68
2025-12-19 06:45:00,23.666,23.793,23.638,23.793,165850.12
2025-12-19 07:00:00,23.794,24.199,23.765,23.999,329548.92
2025-12-19 07:15:00,24.006,24.027,23.606,23.663,214577.86
2025-12-19 07:30:00,23.668,23.826,23.613,23.785,74335.83
2025-12-19 07:45:00,23.787,23.931,23.786,23.921,43060.3
2025-12-19 08:00:00,23.921,24.042,23.84,23.852,122202.61
2025-12-19 08:15:00,23.852,23.899,23.753,23.774,77061.63
2025-12-19 08:30:00,23.774,24.004,23.774,23.921,71274.69
2025-12-19 08:45:00,23.923,24.06,23.875,24.006,89276.25
2025-12-19 09:00:00,24.007,24.099,23.927,24.066,69406.31
2025-12-19 09:15:00,24.074,24.181,24.059,24.068,83840.14
2025-12-19 09:30:00,24.068,24.099,23.815,23.949,82667.59
2025-12-19 09:45:00,23.955,24.04,23.917,24.0,56008.95
2025-12-19 10:00:00,24.0,24.147,23.984,24.141,53251.2
2025-12-19 10:15:00,24.136,24.165,24.07,24.125,41955.05
2025-12-19 10:30:00,24.125,24.214,24.084,24.176,88216.5
2025-12-19 10:45:00,24.174,24.419,24.174,24.403,195588.61
2025-12-19 11:00:00,24.404,24.637,24.363,24.598,308130.76
2025-12-19 11:15:00,24.598,24.673,24.456,24.673,163939.28
2025-12-19 11:30:00,24.674,24.794,24.611,24.778,182145.32
2025-12-19 11:45:00,24.78,24.789,24.506,24.577,105789.45
2025-12-19 12:00:00,24.586,24.6,24.219,24.445,315213.88
2025-12-19 12:15:00,24.443,24.547,24.314,24.501,91074.46
2025-12-19 12:30:00,24.501,24.512,24.26,24.319,62035.66
2025-12-19 12:45:00,24.324,24.435,24.269,24.331,16121.97
2025-12-19 13:00:00,24.331,24.428,24.299,24.355,71259.52
2025-12-19 13:15:00,24.348,24.367,24.201,24.336,74235.01
2025-12-19 13:30:00,24.337,24.374,24.175,24.337,64974.51
2025-12-19 13:45:00,24.34,24.438,24.317,24.408,61141.66
2025-12-19 14:00:00,24.415,24.528,24.35,24.418,99580.26
2025-12-19 14:15:00,24.42,24.469,24.052,24.052,221608.42
2025-12-19 14:30:00,24.052,24.314,23.966,24.289,183640.94
2025-12-19 14:45:00,24.29,24.332,23.902,24.055,265046.41
2025-12-19 15:00:00,24.056,24.602,23.975,24.551,307926.44
2025-12-19 15:15:00,24.552,24.706,24.048,24.068,318592.27
2025-12-19 15:30:00,24.075,24.218,23.915,23.932,158856.72
2025-12-19 15:45:00,23.926,23.939,23.71,23.867,161411.43
2025-12-19 16:00:00,23.868,24.207,23.809,24.138,130008.31
2025-12-19 16:15:00,24.135,24.5,24.135,24.424,198106.32
2025-12-19 16:30:00,24.423,24.651,24.391,24.46,232476.02
2025-12-19 16:45:00,24.461,24.497,24.241,24.343,84774.23
2025-12-19 17:00:00,24.343,24.632,24.299,24.61,106186.88
2025-12-19 17:15:00,24.614,24.636,24.397,24.399,68088.13
2025-12-19 17:30:00,24.399,24.418,24.113,24.184,152050.63
2025-12-19 17:45:00,24.18,24.241,23.964,23.981,142220.3
2025-12-19 18:00:00,23.981,24.285,23.948,24.284,94685.02
2025-12-19 18:15:00,24.285,24.499,24.185,24.485,54823.73
2025-12-19 18:30:00,24.496,24.533,24.193,24.253,204081.62
2025-12-19 18:45:00,24.253,24.485,24.209,24.347,50368.25
2025-12-19 19:00:00,24.348,24.49,24.344,24.435,25219.78
2025-12-19 19:15:00,24.435,24.72,24.425,24.642,86982.4
2025-12-19 19:30:00,24.642,25.162,24.603,24.902,341806.16
2025-12-19 19:45:00,24.902,24.941,24.683,24.753,90408.08
2025-12-19 20:00:00,24.753,24.803,24.659,24.721,44975.61
2025-12-19 20:15:00,24.722,24.864,24.638,24.668,74306.37
2025-12-19 20:30:00,24.668,24.833,24.614,24.781,29661.84
2025-12-19 20:45:00,24.781,24.906,24.741,24.86,48512.0
2025-12-19 21:00:00,24.865,24.866,24.687,24.713,29696.39
2025-12-19 21:15:00,24.713,24.825,24.712,24.736,43229.2
2025-12-19 21:30:00,24.737,24.77,24.622,24.628,46619.94
2025-12-19 21:45:00,24.631,24.639,24.431,24.461,112940.85
2025-12-19 22:00:00,24.455,24.728,24.444,24.562,128561.03
2025-12-19 22:15:00,24.563,24.666,24.552,24.636,23015.84
2025-12-19 22:30:00,24.639,24.686,24.599,24.646,21605.22
2025-12-19 22:45:00,24.645,24.678,24.585,24.666,16708.15
2025-12-19 23:00:00,24.668,24.714,24.594,24.695,26143.26
2025-12-19 23:15:00,24.696,24.811,24.667,24.797,36205.44
2025-12-19 23:30:00,24.804,24.867,24.72,24.858,24233.41
2025-12-19 23:45:00,24.865,24.93,24.834,24.861,42619.13
2025-12-20 00:00:00,24.863,24.893,24.663,24.693,37294.57
2025-12-20 00:15:00,24.708,24.797,24.697,24.796,19493.17
2025-12-20 00:30:00,24.792,24.818,24.697,24.773,18686.78
2025-12-20 00:45:00,24.773,24.773,24.597,24.627,52761.61
2025-12-20 01:00:00,24.627,24.652,24.568,24.62,26622.53
2025-12-20 01:15:00,24.62,24.68,24.62,24.656,24873.97
2025-12-20 01:30:00,24.655,24.655,24.571,24.571,18598.87
2025-12-20 01:45:00,24.571,24.609,24.539,24.591,38138.47
2025-12-20 02:00:00,24.591,24.594,24.331,24.402,166280.69
2025-12-20 02:15:00,24.402,24.474,24.398,24.44,9732.79
2025-12-20 02:30:00,24.44,24.486,24.395,24.486,8410.49
2025-12-20 02:45:00,24.487,24.488,24.383,24.438,14018.51
2025-12-20 03:00:00,24.438,24.444,24.346,24.369,13035.94
2025-12-20 03:15:00,24.369,24.544,24.363,24.534,50251.02
2025-12-20 03:30:00,24.535,24.613,24.535,24.604,21150.22
2025-12-20 03:45:00,24.604,24.626,24.567,24.58,4994.92
2025-12-20 04:00:00,24.579,24.634,24.56,24.582,8764.67
2025-12-20 04:15:00,24.574,24.661,24.547,24.648,24278.66
2025-12-20 04:30:00,24.647,24.697,24.617,24.649,19569.33
2025-12-20 04:45:00,24.649,24.659,24.558,24.621,26463.13
2025-12-20 05:00:00,24.623,24.627,24.533,24.609,28774.55
2025-12-20 05:15:00,24.609,24.776,24.609,24.71,62015.4
2025-12-20 05:30:00,24.71,24.745,24.678,24.732,21842.02
2025-12-20 05:45:00,24.731,24.862,24.639,24.658,72068.65
2025-12-20 06:00:00,24.655,24.718,24.652,24.696,38056.94
2025-12-20 06:15:00,24.695,24.754,24.67,24.737,19517.04
2025-12-20 06:30:00,24.737,24.95,24.704,24.95,73494.55
2025-12-20 06:45:00,24.95,24.963,24.854,24.881,23302.54
2025-12-20 07:00:00,24.882,24.889,24.812,24.841,16780.94
2025-12-20 07:15:00,24.841,24.841,24.615,24.758,90103.21
2025-12-20 07:30:00,24.758,24.837,24.709,24.827,11018.96
2025-12-20 07:45:00,24.83,24.926,24.83,24.916,31250.71
2025-12-20 08:00:00,24.916,24.952,24.85,24.952,36294.35
2025-12-20 08:15:00,24.95,25.18,24.949,25.175,118495.47
2025-12-20 08:30:00,25.179,25.52,25.179,25.43,228966.63
2025-12-20 08:45:00,25.44,25.479,25.186,25.186,65045.07
2025-12-20 09:00:00,25.195,25.271,25.18,25.24,42327.07
2025-12-20 09:15:00,25.232,25.232,25.049,25.057,50691.31
2025-12-20 09:30:00,25.054,25.115,25.006,25.015,54709.08
2025-12-20 09:45:00,25.015,25.015,24.776,24.819,94608.07
2025-12-20 10:00:00,24.819,24.902,24.784,24.85,21460.2
2025-12-20 10:15:00,24.853,24.854,24.58,24.604,50748.65
2025-12-20 10:30:00,24.609,24.649,24.505,24.625,67992.8
2025-12-20 10:45:00,24.628,24.69,24.569,24.66,15808.37
2025-12-20 11:00:00,24.661,24.661,24.605,24.639,11667.28
2025-12-20 11:15:00,24.634,24.699,24.616,24.676,10927.46
2025-12-20 11:30:00,24.675,24.731,24.646,24.688,16882.13
2025-12-20 11:45:00,24.688,24.745,24.668,24.687,6666.45
2025-12-20 12:00:00,24.687,24.762,24.663,24.734,13412.19
2025-12-20 12:15:00,24.737,24.779,24.621,24.756,57753.22
2025-12-20 12:30:00,24.759,24.831,24.697,24.81,53734.74
2025-12-20 12:45:00,24.814,24.847,24.677,24.684,100685.55
2025-12-20 13:00:00,24.691,24.797,24.576,24.638,54352.04
2025-12-20 13:15:00,24.637,24.678,24.455,24.53,40379.21
2025-12-20 13:30:00,24.533,24.637,24.533,24.636,33945.94
2025-12-20 13:45:00,24.637,24.737,24.637,24.715,27538.63
2025-12-20 14:00:00,24.718,24.718,24.555,24.565,26053.97
2025-12-20 14:15:00,24.559,24.626,24.539,24.577,8893.23
2025-12-20 14:30:00,24.574,24.667,24.569,24.66,7218.83
2025-12-20 14:45:00,24.666,24.746,24.625,24.732,23169.46
2025-12-20 15:00:00,24.73,24.737,24.617,24.706,29918.2
2025-12-20 15:15:00,24.707,24.767,24.597,24.637,47295.77
2025-12-20 15:30:00,24.637,24.723,24.631,24.708,3721.82
2025-12-20 15:45:00,24.707,24.73,24.678,24.682,4987.29
2025-12-20 16:00:00,24.688,24.755,24.653,24.736,5609.35
2025-12-20 16:15:00,24.737,24.762,24.714,24.718,5690.93
2025-12-20 16:30:00,24.718,24.727,24.627,24.684,29200.04
2025-12-20 16:45:00,24.682,24.89,24.674,24.824,59584.92
2025-12-20 17:00:00,24.825,24.952,24.825,24.944,32255.9
2025-12-20 17:15:00,24.942,24.967,24.889,24.941,23085.08
2025-12-20 17:30:00,24.941,25.042,24.938,25.007,56188.84
2025-12-20 17:45:00,25.008,25.032,24.896,25.026,42364.72
2025-12-20 18:00:00,25.025,25.059,24.909,25.003,25762.31
2025-12-20 18:15:00,24.996,25.112,24.995,25.1,38209.92
2025-12-20 18:30:00,25.099,25.355,25.097,25.344,61173.66
2025-12-20 18:45:00,25.339,25.348,25.039,25.055,297639.75
2025-12-20 19:00:00,25.061,25.094,25.015,25.03,82222.34
2025-12-20 19:15:00,25.03,25.062,24.995,25.014,23264.08
2025-12-20 19:30:00,25.012,25.121,24.985,25.107,32604.62
2025-12-20 19:45:00,25.108,25.193,25.084,25.143,30270.36
2025-12-20 20:00:00,25.143,25.168,25.048,25.121,28489.66
2025-12-20 20:15:00,25.123,25.158,25.076,25.114,11106.59
2025-12-20 20:30:00,25.113,25.154,25.1,25.137,12496.69
2025-12-20 20:45:00,25.134,25.255,25.133,25.19,33910.66
2025-12-20 21:00:00,25.192,25.267,25.049,25.102,112574.67
2025-12-20 21:15:00,25.096,25.134,24.867,24.907,101293.71
2025-12-20 21:30:00,24.907,24.921,24.866,24.884,49806.7
2025-12-20 21:45:00,24.884,24.884,24.445,24.667,138654.15
2025-12-20 22:00:00,24.667,24.68,24.537,24.68,40558.97
2025-12-20 22:15:00,24.68,24.682,24.488,24.552,37137.6
2025-12-20 22:30:00,24.554,24.715,24.542,24.617,132173.76
2025-12-20 22:45:00,24.617,24.675,24.616,24.654,12798.8
2025-12-20 23:00:00,24.654,24.67,24.555,24.577,37261.78
2025-12-20 23:15:00,24.579,24.637,24.073,24.09,236470.65
2025-12-20 23:30:00,24.099,24.115,23.816,23.944,251732.32
2025-12-20 23:45:00,23.944,24.057,23.8,23.996,133158.62
2025-12-21 00:00:00,23.995,24.014,23.802,23.901,63193.65
2025-12-21 00:15:00,23.884,24.105,23.859,24.066,126612.52
2025-12-21 00:30:00,24.073,24.13,23.936,23.978,111458.3
2025-12-21 00:45:00,23.991,24.112,23.951,24.011,97373.68
2025-12-21 01:00:00,24.011,24.071,23.88,23.957,113565.11
2025-12-21 01:15:00,23.957,23.965,23.83,23.841,28809.22
2025-12-21 01:30:00,23.842,23.847,23.72,23.727,60895.26
2025-12-21 01:45:00,23.738,23.818,23.661,23.666,72855.15
2025-12-21 02:00:00,23.667,23.813,23.629,23.747,61611.69
2025-12-21 02:15:00,23.743,23.8,23.655,23.778,41991.61
2025-12-21 02:30:00,23.77,23.77,23.65,23.688,31598.49
2025-12-21 02:45:00,23.688,23.737,23.6,23.626,35889.3
2025-12-21 03:00:00,23.62,23.886,23.619,23.778,208975.68
2025-12-21 03:15:00,23.776,23.908,23.774,23.851,15581.69
2025-12-21 03:30:00,23.857,23.92,23.832,23.881,20336.17
2025-12-21 03:45:00,23.89,23.948,23.882,23.897,22650.34
2025-12-21 04:00:00,23.898,23.936,23.839,23.839,23707.17
2025-12-21 04:15:00,23.838,23.904,23.838,23.884,11707.89
2025-12-21 04:30:00,23.884,23.925,23.869,23.915,36894.25
2025-12-21 04:45:00,23.916,23.959,23.863,23.939,27074.16
2025-12-21 05:00:00,23.945,24.045,23.904,24.039,59378.25
2025-12-21 05:15:00,24.036,24.057,23.964,24.057,27613.48
2025-12-21 05:30:00,24.053,24.053,23.976,24.023,10467.75
2025-12-21 05:45:00,24.02,24.023,23.957,23.964,15034.53
2025-12-21 06:00:00,23.964,24.154,23.92,24.147,65460.71
2025-12-21 06:15:00,24.137,24.216,24.118,24.163,43798.6
2025-12-21 06:30:00,24.163,24.19,24.073,24.13,15158.61
2025-12-21 06:45:00,24.135,24.277,24.126,24.138,75327.03
2025-12-21 07:00:00,24.144,24.199,24.091,24.127,26643.68
2025-12-21 07:15:00,24.121,24.182,24.1,24.129,18717.13
2025-12-21 07:30:00,24.123,24.144,24.054,24.054,22860.45
2025-12-21 07:45:00,24.054,24.201,24.033,24.192,79813.81
2025-12-21 08:00:00,24.189,24.209,24.001,24.169,293572.73
2025-12-21 08:15:00,24.163,24.377,24.15,24.355,233280.07
2025-12-21 08:30:00,24.354,24.639,24.191,24.306,909749.33
2025-12-21 08:45:00,24.306,24.326,24.215,24.279,25807.64
2025-12-21 09:00:00,24.279,24.367,24.227,24.27,71125.21
2025-12-21 09:15:00,24.27,24.358,24.248,24.251,53671.87
2025-12-21 09:30:00,24.249,24.3,24.124,24.146,97735.15
2025-12-21 09:45:00,24.146,24.377,24.133,24.373,175044.38
2025-12-21 10:00:00,24.378,24.382,24.256,24.273,16895.5
2025-12-21 10:15:00,24.277,24.318,24.253,24.296,19336.39
2025-12-21 10:30:00,24.293,24.318,24.226,24.299,53761.14
2025-12-21 10:45:00,24.291,24.326,24.18,24.24,50552.45
2025-12-21 11:00:00,24.233,24.243,24.117,24.12,70462.64
2025-12-21 11:15:00,24.127,24.208,24.078,24.133,59868.25
2025-12-21 11:30:00,24.136,24.238,24.098,24.16,14850.89
2025-12-21 11:45:00,24.16,24.314,24.116,24.294,176210.14
2025-12-21 12:00:00,24.293,24.4,24.256,24.386,125487.17
2025-12-21 12:15:00,24.382,24.415,24.179,24.281,233187.52
2025-12-21 12:30:00,24.278,24.345,23.938,24.067,569388.36
2025-12-21 12:45:00,24.067,24.205,24.065,24.195,157467.45
2025-12-21 13:00:00,24.2,24.2,23.916,24.099,99668.84
2025-12-21 13:15:00,24.089,24.09,23.804,23.851,78275.65
2025-12-21 13:30:00,23.855,23.985,23.758,23.843,91910.03
2025-12-21 13:45:00,23.843,23.906,23.728,23.759,33427.27
2025-12-21 14:00:00,23.76,24.007,23.718,23.871,89055.59
2025-12-21 14:15:00,23.869,23.97,23.84,23.88,56527.6
2025-12-21 14:30:00,23.881,24.071,23.833,24.045,52413.34
2025-12-21 14:45:00,24.045,24.081,23.981,24.076,16201.73
2025-12-21 15:00:00,24.082,24.125,23.965,24.095,49470.37
2025-12-21 15:15:00,24.096,24.105,23.999,24.018,21565.95
2025-12-21 15:30:00,24.019,24.167,24.017,24.134,71235.16
2025-12-21 15:45:00,24.135,24.227,24.073,24.174,66827.56
2025-12-21 16:00:00,24.173,24.182,24.023,24.032,16397.1
2025-12-21 16:15:00,24.027,24.314,24.025,24.252,241153.91
2025-12-21 16:30:00,24.245,24.31,24.21,24.263,167956.55
2025-12-21 16:45:00,24.258,24.322,24.203,24.291,81960.88
2025-12-21 17:00:00,24.291,24.347,24.251,24.333,102376.16
2025-12-21 17:15:00,24.327,24.384,24.246,24.265,86431.63
2025-12-21 17:30:00,24.259,24.394,24.251,24.381,59872.14
2025-12-21 17:45:00,24.38,24.5,24.353,24.393,109162.81
2025-12-21 18:00:00,24.386,24.422,24.262,24.286,64276.21
2025-12-21 18:15:00,24.286,24.404,24.281,24.389,34339.63
2025-12-21 18:30:00,24.389,24.442,24.348,24.362,66570.33
2025-12-21 18:45:00,24.37,24.484,24.314,24.458,69744.57
2025-12-21 19:00:00,24.458,24.478,24.318,24.379,135794.94
2025-12-21 19:15:00,24.385,24.451,24.379,24.448,86790.16
2025-12-21 19:30:00,24.446,24.468,24.393,24.442,52729.04
2025-12-21 19:45:00,24.449,24.531,24.335,24.355,149994.52
2025-12-21 20:00:00,24.354,24.378,24.3,24.373,70838.3
2025-12-21 20:15:00,24.378,24.384,24.255,24.267,31051.01
2025-12-21 20:30:00,24.272,24.274,24.174,24.205,24535.92
2025-12-21 20:45:00,24.205,24.211,24.119,24.128,18103.45
2025-12-21 21:00:00,24.128,24.128,24.029,24.062,35570.1
2025-12-21 21:15:00,24.054,24.158,24.054,24.106,25759.48
2025-12-21 21:30:00,24.105,24.193,24.084,24.102,27280.63
2025-12-21 21:45:00,24.101,24.105,24.021,24.074,34847.54
2025-12-21 22:00:00,24.075,24.215,24.06,24.212,33875.18
2025-12-21 22:15:00,24.206,24.282,24.084,24.146,41300.44
2025-12-21 22:30:00,24.145,24.21,24.145,24.202,4430.39
2025-12-21 22:45:00,24.202,24.545,24.193,24.461,179980.15
2025-12-21 23:00:00,24.465,24.571,24.402,24.423,65272.71
2025-12-21 23:15:00,24.432,24.512,24.432,24.506,24956.85
2025-12-21 23:30:00,24.502,24.741,24.414,24.616,84837.26
2025-12-21 23:45:00,24.625,24.855,24.6,24.837,96157.26
2025-12-22 00:00:00,24.836,24.963,24.681,24.958,143504.49
2025-12-22 00:15:00,24.958,24.965,24.542,24.622,296454.44
2025-12-22 00:30:00,24.619,24.627,24.477,24.61,105452.85
2025-12-22 00:45:00,24.617,24.625,24.451,24.527,102087.45
2025-12-22 01:00:00,24.526,24.688,24.486,24.683,71636.25
2025-12-22 01:15:00,24.68,24.848,24.659,24.837,83589.64
2025-12-22 01:30:00,24.837,24.95,24.83,24.945,45525.96
2025-12-22 01:45:00,24.943,25.0,24.714,24.737,87086.8
2025-12-22 02:00:00,24.743,24.811,24.497,24.749,132595.59
2025-12-22 02:15:00,24.743,24.756,24.596,24.634,96176.26
2025-12-22 02:30:00,24.635,24.723,24.588,24.615,44151.5
2025-12-22 02:45:00,24.615,24.712,24.584,24.607,35423.93
2025-12-22 03:00:00,24.607,24.712,24.528,24.635,48138.22
2025-12-22 03:15:00,24.635,24.77,24.635,24.742,11569.4
2025-12-22 03:30:00,24.739,24.798,24.662,24.706,16700.69
2025-12-22 03:45:00,24.704,24.779,24.679,24.762,15968.08
2025-12-22 04:00:00,24.757,24.976,24.641,24.965,59781.81
2025-12-22 04:15:00,24.965,25.07,24.903,24.921,69559.65
2025-12-22 04:30:00,24.915,24.95,24.843,24.845,18222.41
2025-12-22 04:45:00,24.844,24.969,24.689,24.755,28127.06
2025-12-22 05:00:00,24.755,24.792,24.69,24.768,19421.48
2025-12-22 05:15:00,24.78,24.834,24.766,24.799,8946.09
2025-12-22 05:30:00,24.798,24.89,24.784,24.89,22265.78
2025-12-22 05:45:00,24.888,24.915,24.862,24.884,29127.85
2025-12-22 06:00:00,24.885,24.902,24.779,24.826,60676.75
2025-12-22 06:15:00,24.819,24.969,24.797,24.964,44610.53
2025-12-22 06:30:00,24.966,24.991,24.94,24.976,42949.77
2025-12-22 06:45:00,24.976,25.009,24.902,24.977,53316.28
2025-12-22 07:00:00,24.969,25.136,24.94,25.064,52068.79
2025-12-22 07:15:00,25.056,25.09,24.994,25.044,13256.12
2025-12-22 07:30:00,25.055,25.104,25.004,25.08,25839.34
2025-12-22 07:45:00,25.091,25.424,25.077,25.388,206369.17
2025-12-22 08:00:00,25.389,25.695,25.263,25.288,232716.49
2025-12-22 08:15:00,25.293,25.536,25.279,25.51,87992.47
2025-12-22 08:30:00,25.514,25.605,25.392,25.582,90464.78
2025-12-22 08:45:00,25.575,25.582,25.216,25.231,98398.05
2025-12-22 09:00:00,25.23,25.403,25.166,25.253,47859.67
2025-12-22 09:15:00,25.254,25.367,25.247,25.339,13297.8
2025-12-22 09:30:00,25.331,25.34,25.149,25.193,16375.0
2025-12-22 09:45:00,25.194,25.343,25.183,25.315,35057.58
2025-12-22 10:00:00,25.328,25.34,25.113,25.169,60250.99
2025-12-22 10:15:00,25.169,25.239,25.146,25.157,11976.71
2025-12-22 10:30:00,25.161,25.278,25.15,25.277,8098.66
2025-12-22 10:45:00,25.272,25.361,25.227,25.238,32179.28
2025-12-22 11:00:00,25.239,25.319,25.073,25.073,47219.12
2025-12-22 11:15:00,25.074,25.091,24.975,25.089,34389.28
2025-12-22 11:30:00,25.085,25.257,25.062,25.165,62356.11
2025-12-22 11:45:00,25.172,25.259,25.073,25.073,20341.08
2025-12-22 12:00:00,25.074,25.193,25.07,25.189,19545.95
2025-12-22 12:15:00,25.194,25.387,25.175,25.379,78003.68
2025-12-22 12:30:00,25.378,25.437,25.157,25.28,80767.52
2025-12-22 12:45:00,25.267,25.302,25.216,25.244,21148.77
2025-12-22 13:00:00,25.248,25.345,25.226,25.295,25871.82
2025-12-22 13:15:00,25.295,25.309,24.874,24.911,216028.18
2025-12-22 13:30:00,24.913,24.932,24.776,24.837,59631.28
2025-12-22 13:45:00,24.838,24.934,24.838,24.934,23422.01
2025-12-22 14:00:00,24.929,25.066,24.91,24.975,86694.84
2025-12-22 14:15:00,24.98,25.123,24.858,24.876,144707.0
2025-12-22 14:30:00,24.898,25.029,24.688,24.788,304952.06
2025-12-22 14:45:00,24.783,24.955,24.742,24.747,93049.01
2025-12-22 15:00:00,24.747,24.869,24.59,24.593,134756.82
2025-12-22 15:15:00,24.59,24.704,24.5,24.648,137945.15
2025-12-22 15:30:00,24.646,24.69,24.39,24.482,216441.49
2025-12-22 15:45:00,24.482,24.746,24.407,24.712,147024.9
2025-12-22 16:00:00,24.715,24.823,24.572,24.732,117354.15
2025-12-22 16:15:00,24.733,24.875,24.658,24.805,81581.43
2025-12-22 16:30:00,24.805,24.887,24.558,24.842,264491.56
2025-12-22 16:45:00,24.844,24.978,24.835,24.865,112299.38
2025-12-22 17:00:00,24.87,24.944,24.688,24.867,145327.52
2025-12-22 17:15:00,24.874,25.115,24.817,25.05,103650.4
2025-12-22 17:30:00,25.048,25.221,25.023,25.167,163776.48
2025-12-22 17:45:00,25.165,25.178,25.016,25.065,67945.68
2025-12-22 18:00:00,25.063,25.093,24.813,24.839,89173.1
2025-12-22 18:15:00,24.838,25.026,24.838,24.992,63732.87
2025-12-22 18:30:00,24.988,25.037,24.956,25.017,27012.62
2025-12-22 18:45:00,25.016,25.059,24.933,24.961,26550.61
2025-12-22 19:00:00,24.954,24.956,24.633,24.716,167680.77
2025-12-22 19:15:00,24.71,24.781,24.545,24.577,102380.53
2025-12-22 19:30:00,24.574,24.776,24.531,24.75,97097.91
2025-12-22 19:45:00,24.744,24.78,24.566,24.648,92904.55
2025-12-22 20:00:00,24.643,24.809,24.604,24.701,80149.13
2025-12-22 20:15:00,24.698,24.805,24.54,24.794,99044.97
2025-12-22 20:30:00,24.788,24.813,24.664,24.711,70168.04
2025-12-22 20:45:00,24.714,24.797,24.657,24.67,34640.26
2025-12-22 21:00:00,24.665,24.817,24.65,24.744,31829.5
2025-12-22 21:15:00,24.743,24.858,24.721,24.836,41799.47
2025-12-22 21:30:00,24.836,24.924,24.813,24.844,36824.52
2025-12-22 21:45:00,24.843,24.843,24.741,24.767,56399.4
2025-12-22 22:00:00,24.766,24.817,24.685,24.814,50162.5
2025-12-22 22:15:00,24.811,24.821,24.754,24.797,12230.59
2025-12-22 22:30:00,24.801,24.805,24.6,24.664,111859.2
2025-12-22 22:45:00,24.661,24.95,24.635,24.901,154098.4
2025-12-22 23:00:00,24.905,24.988,24.83,24.934,63667.49
2025-12-22 23:15:00,24.934,25.113,24.902,25.011,81079.46
2025-12-22 23:30:00,25.01,25.011,24.849,24.856,100163.69
2025-12-22 23:45:00,24.871,24.926,24.808,24.867,58999.85
2025-12-23 00:00:00,24.869,24.87,24.769,24.771,29127.61
2025-12-23 00:15:00,24.776,24.905,24.761,24.861,32805.77
2025-12-23 00:30:00,24.853,24.919,24.823,24.869,34368.84
2025-12-23 00:45:00,24.869,24.972,24.859,24.97,19383.56
2025-12-23 01:00:00,24.972,25.005,24.835,24.84,52399.52
2025-12-23 01:15:00,24.84,24.876,24.696,24.707,40703.48
2025-12-23 01:30:00,24.709,24.8,24.698,24.789,14877.56
2025-12-23 01:45:00,24.789,24.831,24.754,24.778,9297.78
2025-12-23 02:00:00,24.774,24.83,24.68,24.819,21398.78
2025-12-23 02:15:00,24.819,24.893,24.819,24.844,19793.71
2025-12-23 02:30:00,24.847,24.935,24.741,24.803,44646.29
2025-12-23 02:45:00,24.799,24.837,24.551,24.587,94437.8
2025-12-23 03:00:00,24.587,24.591,24.382,24.428,172971.55
2025-12-23 03:15:00,24.427,24.591,24.406,24.463,94552.62
2025-12-23 03:30:00,24.462,24.532,24.41,24.501,45788.47
2025-12-23 03:45:00,24.501,24.501,24.335,24.336,48758.33
2025-12-23 04:00:00,24.337,24.394,24.281,24.31,63877.95
2025-12-23 04:15:00,24.31,24.319,24.247,24.247,41868.9
2025-12-23 04:30:00,24.248,24.295,24.213,24.264,55396.72
2025-12-23 04:45:00,24.268,24.375,24.261,24.315,63235.32
2025-12-23 05:00:00,24.316,24.345,24.128,24.288,100529.03
2025-12-23 05:15:00,24.29,24.351,24.287,24.293,32766.26
2025-12-23 05:30:00,24.293,24.316,24.013,24.139,177345.1
2025-12-23 05:45:00,24.139,24.393,24.096,24.338,76705.32
2025-12-23 06:00:00,24.338,24.486,24.305,24.36,115313.79
2025-12-23 06:15:00,24.368,24.38,24.254,24.302,66795.14
2025-12-23 06:30:00,24.295,24.369,24.256,24.33,23788.4
2025-12-23 06:45:00,24.332,24.481,24.332,24.385,78175.19
2025-12-23 07:00:00,24.386,24.483,24.161,24.218,151181.55
2025-12-23 07:15:00,24.219,24.35,24.183,24.309,41742.7
2025-12-23 07:30:00,24.31,24.41,24.303,24.31,17492.84
2025-12-23 07:45:00,24.309,24.36,24.255,24.264,49045.13
2025-12-23 08:00:00,24.259,24.278,24.225,24.241,21561.54
2025-12-23 08:15:00,24.242,24.273,24.186,24.202,19259.31
2025-12-23 08:30:00,24.203,24.24,24.136,24.136,20653.35
2025-12-23 08:45:00,24.136,24.142,23.815,23.986,244958.64
2025-12-23 09:00:00,23.986,24.024,23.93,24.016,46970.96
2025-12-23 09:15:00,24.016,24.089,23.974,24.068,19313.34
2025-12-23 09:30:00,24.068,24.108,23.99,24.093,21755.5
2025-12-23 09:45:00,24.093,24.151,24.079,24.14,39674.13
2025-12-23 10:00:00,24.132,24.207,24.098,24.101,22048.71
2025-12-23 10:15:00,24.102,24.183,24.07,24.073,17197.4
2025-12-23 10:30:00,24.07,24.269,24.053,24.23,81043.1
2025-12-23 10:45:00,24.23,24.244,24.209,24.225,14382.56
2025-12-23 11:00:00,24.226,24.335,24.221,24.327,24824.73
2025-12-23 11:15:00,24.326,24.419,24.326,24.384,40697.15
2025-12-23 11:30:00,24.387,24.408,24.272,24.334,56299.22
2025-12-23 11:45:00,24.333,24.343,24.278,24.303,14168.09
2025-12-23 12:00:00,24.306,24.45,24.245,24.353,74032.73
2025-12-23 12:15:00,24.354,24.355,24.27,24.275,18838.32
2025-12-23 12:30:00,24.275,24.356,24.262,24.348,11194.32
2025-12-23 12:45:00,24.353,24.364,24.291,24.293,4935.5
2025-12-23 13:00:00,24.293,24.37,24.274,24.356,22589.65
2025-12-23 13:15:00,24.354,24.381,24.077,24.208,25670.82
2025-12-23 13:30:00,24.21,24.607,24.173,24.39,225157.22
2025-12-23 13:45:00,24.389,24.4,24.295,24.372,38070.02
2025-12-23 14:00:00,24.377,24.529,24.364,24.46,73244.68
2025-12-23 14:15:00,24.46,24.467,24.352,24.386,55581.38
2025-12-23 14:30:00,24.392,24.494,23.943,23.998,118331.82
2025-12-23 14:45:00,23.999,24.016,23.646,23.81,337128.03
2025-12-23 15:00:00,23.803,23.911,23.707,23.772,127934.16
2025-12-23 15:15:00,23.794,24.025,23.787,23.97,63073.08
2025-12-23 15:30:00,23.962,23.996,23.892,23.984,53011.89
2025-12-23 15:45:00,23.982,24.097,23.912,24.081,60030.62
2025-12-23 16:00:00,24.08,24.254,24.039,24.142,82396.46
2025-12-23 16:15:00,24.15,24.313,24.148,24.247,70119.68
2025-12-23 16:30:00,24.248,24.271,24.119,24.174,37204.23
2025-12-23 16:45:00,24.172,24.372,24.158,24.35,63142.81
2025-12-23 17:00:00,24.349,24.443,24.296,24.375,75091.73
2025-12-23 17:15:00,24.376,24.499,24.335,24.369,42329.28
2025-12-23 17:30:00,24.365,24.5,24.295,24.493,59259.39
2025-12-23 17:45:00,24.493,24.494,24.158,24.169,75164.42
2025-12-23 18:00:00,24.169,24.288,24.134,24.277,84237.91
2025-12-23 18:15:00,24.272,24.447,24.269,24.433,40785.17
2025-12-23 18:30:00,24.433,24.535,24.37,24.518,29169.5
2025-12-23 18:45:00,24.518,24.524,24.425,24.485,24754.4
2025-12-23 19:00:00,24.483,24.536,24.41,24.449,16379.51
2025-12-23 19:15:00,24.45,24.537,24.361,24.441,72089.25
2025-12-23 19:30:00,24.429,24.53,24.426,24.46,12485.33
2025-12-23 19:45:00,24.468,24.586,24.429,24.566,33037.48
2025-12-23 20:00:00,24.566,24.573,24.448,24.547,32551.69
2025-12-23 20:15:00,24.547,24.657,24.542,24.569,49093.46
2025-12-23 20:30:00,24.573,24.726,24.472,24.708,88209.08
2025-12-23 20:45:00,24.717,24.755,24.588,24.606,42062.14
2025-12-23 21:00:00,24.602,24.662,24.415,24.455,55085.27
2025-12-23 21:15:00,24.459,24.517,24.406,24.49,23940.88
2025-12-23 21:30:00,24.49,24.493,24.4,24.422,25168.42
2025-12-23 21:45:00,24.434,24.49,24.418,24.431,11099.7
2025-12-23 22:00:00,24.425,24.539,24.369,24.507,35357.71
2025-12-23 22:15:00,24.514,24.519,24.367,24.381,20029.9
2025-12-23 22:30:00,24.381,24.402,23.934,23.99,433641.06
2025-12-23 22:45:00,23.989,24.094,23.984,24.008,48415.08
2025-12-23 23:00:00,24.008,24.06,23.977,23.997,31530.58
2025-12-23 23:15:00,24.0,24.017,23.8,23.84,214197.32
2025-12-23 23:30:00,23.842,23.988,23.842,23.956,36406.39
2025-12-23 23:45:00,23.956,23.979,23.871,23.947,58635.85
2025-12-24 00:00:00,23.948,24.115,23.933,23.98,58955.93
2025-12-24 00:15:00,23.98,24.048,23.949,23.998,36412.87
2025-12-24 00:30:00,23.998,24.17,23.931,24.101,26418.82
2025-12-24 00:45:00,24.101,24.303,24.065,24.295,142518.82
2025-12-24 01:00:00,24.295,24.396,24.281,24.362,52403.14
2025-12-24 01:15:00,24.366,24.366,24.187,24.219,33973.68
2025-12-24 01:30:00,24.219,24.305,24.025,24.124,104047.16
2025-12-24 01:45:00,24.119,24.193,24.081,24.13,52040.25
2025-12-24 02:00:00,24.126,24.201,23.948,24.013,55542.17
2025-12-24 02:15:00,24.014,24.106,23.935,24.018,68237.03
2025-12-24 02:30:00,24.018,24.032,23.642,23.733,203956.85
2025-12-24 02:45:00,23.731,23.827,23.636,23.789,103766.68
2025-12-24 03:00:00,23.788,23.837,23.683,23.814,38538.39
2025-12-24 03:15:00,23.809,24.102,23.729,24.008,61642.56
2025-12-24 03:30:00,24.015,24.131,24.004,24.065,42925.05
2025-12-24 03:45:00,24.063,24.105,24.03,24.065,24414.85
2025-12-24 04:00:00,24.061,24.2,24.037,24.14,64972.03
2025-12-24 04:15:00,24.146,24.146,24.053,24.095,8669.62
2025-12-24 04:30:00,24.101,24.184,24.006,24.154,43568.46
2025-12-24 04:45:00,24.16,24.231,24.037,24.133,51754.28
2025-12-24 05:00:00,24.135,24.175,24.001,24.047,34188.89
2025-12-24 05:15:00,24.034,24.133,24.006,24.034,35660.39
2025-12-24 05:30:00,24.035,24.038,23.874,23.942,34366.62
2025-12-24 05:45:00,23.933,24.023,23.855,23.9,23089.93
2025-12-24 06:00:00,23.901,23.906,23.735,23.79,40596.17
2025-12-24 06:15:00,23.79,23.924,23.765,23.898,50869.97
2025-12-24 06:30:00,23.899,23.936,23.862,23.904,16211.03
2025-12-24 06:45:00,23.906,23.921,23.856,23.903,11394.13
2025-12-24 07:00:00,23.9,23.944,23.78,23.805,45557.1
2025-12-24 07:15:00,23.807,23.898,23.79,23.867,46960.76
2025-12-24 07:30:00,23.867,23.944,23.846,23.903,32957.04
2025-12-24 07:45:00,23.909,23.937,23.709,23.718,41292.41
2025-12-24 08:00:00,23.718,23.814,23.647,23.779,67832.59
2025-12-24 08:15:00,23.777,23.789,23.609,23.696,78078.28
2025-12-24 08:30:00,23.695,23.753,23.627,23.727,19914.57
2025-12-24 08:45:00,23.725,23.78,23.704,23.774,23418.88
2025-12-24 09:00:00,23.776,23.926,23.776,23.864,45679.05
2025-12-24 09:15:00,23.863,23.869,23.774,23.79,17484.28
2025-12-24 09:30:00,23.789,23.879,23.789,23.879,26201.73
2025-12-24 09:45:00,23.874,23.907,23.804,23.84,31385.76
2025-12-24 10:00:00,23.844,23.942,23.818,23.932,18422.66
2025-12-24 10:15:00,23.932,23.933,23.856,23.863,15551.2
2025-12-24 10:30:00,23.869,23.999,23.868,23.955,28160.78
2025-12-24 10:45:00,23.955,23.979,23.893,23.911,15955.17
2025-12-24 11:00:00,23.911,23.983,23.907,23.919,18605.1
2025-12-24 11:15:00,23.933,23.944,23.865,23.881,6259.62
2025-12-24 11:30:00,23.875,23.947,23.846,23.943,19329.28
2025-12-24 11:45:00,23.938,23.947,23.887,23.925,15269.02
2025-12-24 12:00:00,23.92,23.931,23.857,23.895,16513.37
2025-12-24 12:15:00,23.888,23.922,23.8,23.831,28562.79
2025-12-24 12:30:00,23.831,23.871,23.811,23.852,3425.95
2025-12-24 12:45:00,23.852,23.918,23.794,23.918,17771.04
2025-12-24 13:00:00,23.91,23.91,23.832,23.853,27023.36
2025-12-24 13:15:00,23.854,23.94,23.845,23.929,20380.25
2025-12-24 13:30:00,23.93,23.987,23.791,23.932,43365.11
2025-12-24 13:45:00,23.931,23.993,23.902,23.902,33179.07
2025-12-24 14:00:00,23.907,24.061,23.905,24.042,29525.37
2025-12-24 14:15:00,24.042,24.129,23.999,24.034,75223.89
2025-12-24 14:30:00,24.042,24.119,23.819,24.098,85668.34
2025-12-24 14:45:00,24.093,24.109,23.975,24.023,39300.02
2025-12-24 15:00:00,24.023,24.129,23.988,23.996,38223.59
2025-12-24 15:15:00,24.0,24.073,23.938,24.064,34635.02
2025-12-24 15:30:00,24.071,24.293,24.071,24.245,65583.88
2025-12-24 15:45:00,24.253,24.293,24.151,24.277,44482.99
2025-12-24 16:00:00,24.271,24.306,24.179,24.27,20342.94
2025-12-24 16:15:00,24.264,24.273,24.154,24.168,52736.9
2025-12-24 16:30:00,24.169,24.34,24.169,24.324,70256.35
2025-12-24 16:45:00,24.331,24.556,24.243,24.528,161492.82
2025-12-24 17:00:00,24.526,24.526,24.388,24.416,33154.27
2025-12-24 17:15:00,24.41,24.468,24.386,24.436,27465.58
2025-12-24 17:30:00,24.435,24.501,24.315,24.448,31081.91
2025-12-24 17:45:00,24.445,24.47,24.315,24.392,52139.79
2025-12-24 18:00:00,24.389,24.421,24.312,24.326,28731.97
2025-12-24 18:15:00,24.325,24.383,24.322,24.342,34306.73
2025-12-24 18:30:00,24.341,24.352,24.26,24.328,19185.28
2025-12-24 18:45:00,24.327,24.417,24.3,24.304,23216.68
2025-12-24 19:00:00,24.304,24.397,24.288,24.304,21927.84
2025-12-24 19:15:00,24.304,24.344,24.25,24.277,20298.14
2025-12-24 19:30:00,24.276,24.534,24.24,24.515,41349.38
2025-12-24 19:45:00,24.515,24.703,24.484,24.666,91465.51
2025-12-24 20:00:00,24.663,24.696,24.574,24.576,30288.64
2025-12-24 20:15:00,24.577,24.622,24.506,24.526,23046.81
2025-12-24 20:30:00,24.524,24.559,24.49,24.529,19283.81
2025-12-24 20:45:00,24.531,24.539,24.423,24.485,42620.59
2025-12-24 21:00:00,24.494,24.66,24.491,24.593,144499.59
2025-12-24 21:15:00,24.591,24.673,24.585,24.64,13985.4
2025-12-24 21:30:00,24.639,24.689,24.621,24.674,19821.21
2025-12-24 21:45:00,24.676,24.855,24.638,24.852,45159.85
2025-12-24 22:00:00,24.836,24.942,24.795,24.929,93934.79
2025-12-24 22:15:00,24.928,24.986,24.774,24.933,144472.33
2025-12-24 22:30:00,24.934,25.126,24.927,25.105,125946.69
2025-12-24 22:45:00,25.103,25.222,25.051,25.222,168147.14
2025-12-24 23:00:00,25.2,25.228,25.131,25.197,160502.38
2025-12-24 23:15:00,25.187,25.203,25.048,25.12,86168.92
2025-12-24 23:30:00,25.116,25.21,25.079,25.167,63783.0
2025-12-24 23:45:00,25.167,25.238,25.15,25.155,55794.1
2025-12-25 00:00:00,25.163,25.199,24.86,24.93,104264.17
2025-12-25 00:15:00,24.925,24.978,24.781,24.81,47375.25
2025-12-25 00:30:00,24.81,24.968,24.789,24.897,28328.33
2025-12-25 00:45:00,24.898,24.96,24.871,24.916,19558.89
2025-12-25 01:00:00,24.916,24.943,24.881,24.943,8599.7
2025-12-25 01:15:00,24.942,24.943,24.884,24.906,25104.02
2025-12-25 01:30:00,24.906,24.919,24.882,24.89,14456.57
2025-12-25 01:45:00,24.892,24.934,24.885,24.913,14491.19
2025-12-25 02:00:00,24.909,24.93,24.882,24.898,21661.74
2025-12-25 02:15:00,24.899,25.201,24.83,25.096,99477.98
2025-12-25 02:30:00,25.096,25.155,25.051,25.155,32639.97
2025-12-25 02:45:00,25.148,25.169,25.05,25.065,30147.74
2025-12-25 03:00:00,25.073,25.074,25.013,25.027,26913.19
2025-12-25 03:15:00,25.027,25.066,25.001,25.004,15791.66
2025-12-25 03:30:00,25.002,25.006,24.791,24.8,117330.29
2025-12-25 03:45:00,24.801,24.993,24.8,24.852,236537.35
2025-12-25 04:00:00,24.863,25.159,24.839,25.084,357043.83
2025-12-25 04:15:00,25.086,25.132,25.037,25.037,45919.83
2025-12-25 04:30:00,25.038,25.061,25.005,25.011,12881.18
2025-12-25 04:45:00,25.013,25.053,24.994,25.011,22105.62
2025-12-25 05:00:00,25.011,25.011,24.7,24.753,172016.1
2025-12-25 05:15:00,24.754,24.832,24.738,24.801,35516.52
2025-12-25 05:30:00,24.801,24.814,24.705,24.708,28745.98
2025-12-25 05:45:00,24.708,24.714,24.676,24.688,33434.48
2025-12-25 06:00:00,24.688,24.701,24.63,24.635,30490.35
2025-12-25 06:15:00,24.636,24.68,24.633,24.675,21674.08
2025-12-25 06:30:00,24.674,24.855,24.674,24.785,99400.75
2025-12-25 06:45:00,24.784,24.83,24.681,24.69,47051.1
2025-12-25 07:00:00,24.693,24.71,24.659,24.71,23347.05
2025-12-25 07:15:00,24.71,24.71,24.68,24.681,9068.5
2025-12-25 07:30:00,24.68,24.682,24.638,24.653,27467.92
2025-12-25 07:45:00,24.653,24.729,24.587,24.706,63367.46
2025-12-25 08:00:00,24.704,24.73,24.673,24.706,11159.25
2025-12-25 08:15:00,24.701,24.703,24.567,24.627,18741.88
2025-12-25 08:30:00,24.62,24.635,24.6,24.61,6775.26
2025-12-25 08:45:00,24.605,24.662,24.6,24.637,8780.72
2025-12-25 09:00:00,24.646,24.676,24.6,24.605,13099.91
2025-12-25 09:15:00,24.604,24.647,24.56,24.626,10055.97
2025-12-25 09:30:00,24.626,24.631,24.594,24.627,4837.17
2025-12-25 09:45:00,24.623,24.651,24.609,24.625,2832.48
2025-12-25 10:00:00,24.625,24.629,24.574,24.613,11113.8
2025-12-25 10:15:00,24.612,24.67,24.593,24.661,4576.58
2025-12-25 10:30:00,24.662,24.663,24.486,24.525,21625.83
2025-12-25 10:45:00,24.525,24.594,24.484,24.594,15917.67
2025-12-25 11:00:00,24.594,24.65,24.592,24.619,14088.48
2025-12-25 11:15:00,24.622,24.665,24.611,24.643,4914.01
2025-12-25 11:30:00,24.643,24.664,24.574,24.601,17719.27
2025-12-25 11:45:00,24.601,24.694,24.601,24.641,14492.5
2025-12-25 12:00:00,24.641,24.688,24.61,24.634,5317.53
2025-12-25 12:15:00,24.634,24.703,24.631,24.702,5308.67
2025-12-25 12:30:00,24.702,24.706,24.647,24.683,5708.14
2025-12-25 12:45:00,24.683,24.714,24.677,24.693,4753.75
2025-12-25 13:00:00,24.693,24.703,24.65,24.687,13871.97
2025-12-25 13:15:00,24.688,24.7,24.605,24.641,5214.72
2025-12-25 13:30:00,24.643,24.75,24.643,24.723,16718.13
2025-12-25 13:45:00,24.723,24.737,24.668,24.668,7323.31
2025-12-25 14:00:00,24.668,24.726,24.66,24.69,11433.55
2025-12-25 14:15:00,24.697,24.782,24.62,24.62,22974.8
2025-12-25 14:30:00,24.621,24.656,24.571,24.599,15530.12
2025-12-25 14:45:00,24.599,24.716,24.594,24.7,12948.15
2025-12-25 15:00:00,24.7,24.702,24.565,24.585,30720.01
2025-12-25 15:15:00,24.59,24.676,24.533,24.629,26106.54
2025-12-25 15:30:00,24.635,24.803,24.588,24.785,28945.84
2025-12-25 15:45:00,24.785,24.897,24.742,24.807,43131.08
2025-12-25 16:00:00,24.81,24.895,24.763,24.813,14445.61
2025-12-25 16:15:00,24.812,24.937,24.812,24.885,25894.09
2025-12-25 16:30:00,24.891,25.051,24.823,25.007,32589.3
2025-12-25 16:45:00,25.002,25.007,24.855,24.886,15142.2
2025-12-25 17:00:00,24.883,25.095,24.843,24.979,100861.32
2025-12-25 17:15:00,24.98,25.017,24.897,24.918,23306.59
2025-12-25 17:30:00,24.915,24.983,24.901,24.983,7438.39
2025-12-25 17:45:00,24.981,25.08,24.953,25.061,25507.19
2025-12-25 18:00:00,25.061,25.218,25.06,25.18,90049.58
2025-12-25 18:15:00,25.18,25.194,25.085,25.111,22550.25
2025-12-25 18:30:00,25.11,25.183,25.05,25.13,29461.81
2025-12-25 18:45:00,25.13,25.16,25.073,25.141,35342.75
2025-12-25 19:00:00,25.145,25.15,25.07,25.071,9339.63
2025-12-25 19:15:00,25.074,25.081,24.982,24.993,10481.48
2025-12-25 19:30:00,24.992,24.997,24.951,24.97,11489.57
2025-12-25 19:45:00,24.964,24.969,24.923,24.924,22537.79
2025-12-25 20:00:00,24.924,25.009,24.92,24.989,9606.71
2025-12-25 20:15:00,24.989,25.014,24.785,24.837,106840.48
2025-12-25 20:30:00,24.837,24.859,24.809,24.831,41084.02
2025-12-25 20:45:00,24.831,24.855,24.823,24.854,12326.26
2025-12-25 21:00:00,24.854,24.873,24.815,24.867,13178.86
2025-12-25 21:15:00,24.865,24.895,24.843,24.886,7695.53
2025-12-25 21:30:00,24.886,24.915,24.856,24.899,7378.17
2025-12-25 21:45:00,24.9,25.0,24.843,24.959,40657.29
2025-12-25 22:00:00,24.96,25.009,24.848,24.857,19713.0
2025-12-25 22:15:00,24.848,24.894,24.811,24.818,12206.18
2025-12-25 22:30:00,24.816,24.816,24.64,24.64,140344.39
2025-12-25 22:45:00,24.642,24.642,24.4,24.587,186093.89
2025-12-25 23:00:00,24.587,24.587,24.33,24.378,151083.28
2025-12-25 23:15:00,24.377,24.513,24.358,24.483,86711.81
2025-12-25 23:30:00,24.482,24.488,24.186,24.338,190334.65
2025-12-25 23:45:00,24.338,24.413,24.272,24.4,75223.7
2025-12-26 00:00:00,24.399,24.498,24.374,24.47,67099.7
2025-12-26 00:15:00,24.47,24.628,24.461,24.604,107217.32
2025-12-26 00:30:00,24.601,24.635,24.369,24.37,52348.24
2025-12-26 00:45:00,24.37,24.516,24.364,24.508,15855.48
2025-12-26 01:00:00,24.51,24.569,24.469,24.553,26354.81
2025-12-26 01:15:00,24.565,24.584,24.483,24.532,11649.87
2025-12-26 01:30:00,24.527,24.667,24.524,24.64,15260.32
2025-12-26 01:45:00,24.64,24.696,24.62,24.666,20319.28
2025-12-26 02:00:00,24.666,24.794,24.656,24.784,52677.31
2025-12-26 02:15:00,24.792,25.101,24.792,25.013,152746.64
2025-12-26 02:30:00,25.013,25.12,24.993,25.012,55218.3
2025-12-26 02:45:00,25.022,25.107,24.99,25.063,31270.46
2025-12-26 03:00:00,25.065,25.113,24.995,25.061,30444.99
2025-12-26 03:15:00,25.06,25.06,24.917,24.931,48013.22
2025-12-26 03:30:00,24.931,24.957,24.878,24.955,33827.81
2025-12-26 03:45:00,24.954,25.009,24.934,24.949,16247.68
2025-12-26 04:00:00,24.947,24.949,24.791,24.894,21045.39
2025-12-26 04:15:00,24.894,24.952,24.85,24.949,20374.7
2025-12-26 04:30:00,24.949,25.024,24.936,25.017,11430.53
2025-12-26 04:45:00,25.02,25.055,24.985,25.007,11652.67
2025-12-26 05:00:00,25.007,25.023,24.958,24.969,10995.1
2025-12-26 05:15:00,24.965,24.976,24.835,24.858,35101.36
2025-12-26 05:30:00,24.859,24.938,24.833,24.862,45809.69
2025-12-26 05:45:00,24.862,25.045,24.841,25.011,73178.24
2025-12-26 06:00:00,25.012,25.343,25.004,25.291,152430.48
2025-12-26 06:15:00,25.299,25.517,25.299,25.449,162406.26
2025-12-26 06:30:00,25.453,25.458,25.304,25.394,82766.94
2025-12-26 06:45:00,25.393,25.451,25.343,25.444,38539.66
2025-12-26 07:00:00,25.443,25.506,25.368,25.421,86842.52
2025-12-26 07:15:00,25.421,25.44,25.315,25.318,52463.52
2025-12-26 07:30:00,25.318,25.318,25.096,25.114,55632.43
2025-12-26 07:45:00,25.123,25.165,25.063,25.108,54186.49
2025-12-26 08:00:00,25.108,25.237,25.065,25.175,86053.6
2025-12-26 08:15:00,25.177,25.216,25.108,25.142,60888.17
2025-12-26 08:30:00,25.138,25.16,25.063,25.089,45193.14
2025-12-26 08:45:00,25.106,25.248,25.087,25.18,20373.37
2025-12-26 09:00:00,25.181,25.31,25.175,25.286,24142.18
2025-12-26 09:15:00,25.289,25.401,25.281,25.397,39747.46
2025-12-26 09:30:00,25.397,25.437,25.363,25.417,56877.73
2025-12-26 09:45:00,25.417,25.495,25.317,25.367,88140.47
2025-12-26 10:00:00,25.366,25.4,25.267,25.312,90325.01
2025-12-26 10:15:00,25.312,25.365,25.24,25.254,46682.12
2025-12-26 10:30:00,25.255,25.256,25.189,25.205,33572.29
2025-12-26 10:45:00,25.205,25.282,25.204,25.268,28624.44
2025-12-26 11:00:00,25.269,25.276,25.216,25.231,12440.44
2025-12-26 11:15:00,25.237,25.237,25.114,25.115,45601.2
2025-12-26 11:30:00,25.115,25.145,25.069,25.085,34043.13
2025-12-26 11:45:00,25.085,25.088,24.834,24.912,216902.52
2025-12-26 12:00:00,24.912,24.931,24.866,24.891,69044.01
2025-12-26 12:15:00,24.891,24.971,24.884,24.971,42740.33
2025-12-26 12:30:00,24.97,25.027,24.903,25.015,38802.71
2025-12-26 12:45:00,25.015,25.029,24.967,25.005,16878.5
2025-12-26 13:00:00,25.005,25.077,24.98,25.071,22205.77
2025-12-26 13:15:00,25.07,25.104,25.033,25.074,12057.59
2025-12-26 13:30:00,25.074,25.098,25.062,25.082,17874.6
2025-12-26 13:45:00,25.08,25.127,25.062,25.065,15951.45
2025-12-26 14:00:00,25.065,25.169,25.032,25.107,21950.07
2025-12-26 14:15:00,25.106,25.131,25.054,25.066,28982.35
2025-12-26 14:30:00,25.064,25.1,24.976,25.048,33201.8
2025-12-26 14:45:00,25.036,25.043,24.815,24.845,106967.82
2025-12-26 15:00:00,24.833,24.943,24.705,24.82,102399.55
2025-12-26 15:15:00,24.815,24.96,24.747,24.948,84980.98
2025-12-26 15:30:00,24.947,24.981,24.857,24.902,47612.68
2025-12-26 15:45:00,24.899,24.998,24.878,24.985,17952.29
2025-12-26 16:00:00,24.979,25.039,24.939,24.955,37157.15
2025-12-26 16:15:00,24.961,25.046,24.939,25.017,11384.28
2025-12-26 16:30:00,25.012,25.05,24.868,24.927,24057.44
2025-12-26 16:45:00,24.927,24.927,24.752,24.778,32025.15
2025-12-26 17:00:00,24.78,24.893,24.78,24.849,10088.63
2025-12-26 17:15:00,24.849,24.928,24.8,24.907,17734.39
2025-12-26 17:30:00,24.907,24.971,24.845,24.957,32140.71
2025-12-26 17:45:00,24.952,25.019,24.828,24.878,113600.7
2025-12-26 18:00:00,24.878,24.93,24.859,24.901,7245.79
2025-12-26 18:15:00,24.892,24.919,24.856,24.919,7352.72
2025-12-26 18:30:00,24.919,25.027,24.91,25.012,46430.58
2025-12-26 18:45:00,25.011,25.011,24.786,24.884,134986.07
2025-12-26 19:00:00,24.887,24.95,24.868,24.88,16357.95
2025-12-26 19:15:00,24.88,24.978,24.851,24.953,12295.38
2025-12-26 19:30:00,24.961,24.988,24.951,24.984,3723.36
2025-12-26 19:45:00,24.984,25.01,24.93,24.995,15888.92
2025-12-26 20:00:00,24.996,25.043,24.969,24.997,10668.11
2025-12-26 20:15:00,24.995,25.027,24.984,25.009,10544.13
2025-12-26 20:30:00,25.017,25.12,24.995,25.12,16153.63
2025-12-26 20:45:00,25.12,25.19,25.098,25.111,30036.95
2025-12-26 21:00:00,25.108,25.271,25.104,25.27,52416.42
2025-12-26 21:15:00,25.27,25.339,25.246,25.329,43839.21
2025-12-26 21:30:00,25.326,25.326,25.211,25.291,53076.32
2025-12-26 21:45:00,25.29,25.349,25.268,25.29,15616.24
2025-12-26 22:00:00,25.29,25.3,25.216,25.219,13737.68
2025-12-26 22:15:00,25.219,25.232,25.169,25.202,10708.41
2025-12-26 22:30:00,25.204,25.496,25.193,25.481,34123.0
2025-12-26 22:45:00,25.482,25.592,25.46,25.539,70029.02
2025-12-26 23:00:00,25.541,25.55,25.432,25.473,35169.57
2025-12-26 23:15:00,25.472,25.675,25.453,25.664,98056.68
2025-12-26 23:30:00,25.664,25.801,25.604,25.72,148859.21
2025-12-26 23:45:00,25.716,25.836,25.675,25.79,108665.32
2025-12-27 00:00:00,25.789,25.818,25.589,25.728,176276.8
2025-12-27 00:15:00,25.727,25.746,25.555,25.589,115862.54
2025-12-27 00:30:00,25.589,25.742,25.579,25.64,44486.7
2025-12-27 00:45:00,25.64,25.727,25.603,25.722,18529.96
2025-12-27 01:00:00,25.719,25.764,25.688,25.728,23828.88
2025-12-27 01:15:00,25.728,25.754,25.619,25.745,28507.31
2025-12-27 01:30:00,25.751,25.772,25.703,25.741,9150.14
2025-12-27 01:45:00,25.74,26.0,25.717,25.998,107908.39
2025-12-27 02:00:00,25.996,26.429,25.996,26.289,228539.62
2025-12-27 02:15:00,26.288,26.293,26.082,26.138,59331.43
2025-12-27 02:30:00,26.141,26.196,26.11,26.138,37975.52
2025-12-27 02:45:00,26.138,26.169,25.912,25.946,64048.95
2025-12-27 03:00:00,25.945,25.987,25.831,25.832,69175.93
2025-12-27 03:15:00,25.832,25.98,25.827,25.918,49579.06
2025-12-27 03:30:00,25.917,25.925,25.857,25.876,25976.1
2025-12-27 03:45:00,25.875,25.925,25.868,25.919,18710.28
2025-12-27 04:00:00,25.925,25.926,25.784,25.798,26236.89
2025-12-27 04:15:00,25.798,25.911,25.754,25.872,47554.7
2025-12-27 04:30:00,25.876,25.906,25.843,25.897,20186.68
2025-12-27 04:45:00,25.905,25.917,25.851,25.861,14269.4
2025-12-27 05:00:00,25.861,25.914,25.804,25.836,17581.84
2025-12-27 05:15:00,25.843,25.863,25.826,25.861,9067.51
2025-12-27 05:30:00,25.854,25.891,25.846,25.876,10398.72
2025-12-27 05:45:00,25.871,26.013,25.871,25.998,43018.01
2025-12-27 06:00:00,25.998,26.068,25.962,26.022,24418.93
2025-12-27 06:15:00,26.02,26.02,25.912,25.919,24683.52
2025-12-27 06:30:00,25.919,25.968,25.898,25.904,27352.39
2025-12-27 06:45:00,25.902,25.961,25.864,25.867,24192.12
2025-12-27 07:00:00,25.867,25.982,25.855,25.961,11509.45
2025-12-27 07:15:00,25.962,26.075,25.906,26.029,33417.76
2025-12-27 07:30:00,26.029,26.048,25.966,25.988,28285.55
2025-12-27 07:45:00,25.981,25.998,25.938,25.942,15922.91
2025-12-27 08:00:00,25.943,26.104,25.941,26.08,26620.69
2025-12-27 08:15:00,26.081,26.11,26.06,26.105,25415.44
2025-12-27 08:30:00,26.105,26.131,26.06,26.121,22409.03
2025-12-27 08:45:00,26.121,26.131,26.01,26.03,36615.96
2025-12-27 09:00:00,26.03,26.134,26.029,26.131,25352.04
2025-12-27 09:15:00,26.127,26.341,26.127,26.232,212258.31
2025-12-27 09:30:00,26.232,26.25,26.169,26.22,59579.07
2025-12-27 09:45:00,26.217,26.232,26.16,26.193,18579.43
2025-12-27 10:00:00,26.192,26.23,26.145,26.211,16226.34
2025-12-27 10:15:00,26.211,26.211,26.12,26.126,39336.0
2025-12-27 10:30:00,26.126,26.173,26.026,26.07,34591.65
2025-12-27 10:45:00,26.076,26.086,26.031,26.064,11302.21
2025-12-27 11:00:00,26.064,26.151,26.046,26.103,9346.91
2025-12-27 11:15:00,26.103,26.197,26.1,26.133,16975.5
2025-12-27 11:30:00,26.138,26.196,26.107,26.16,18061.02
2025-12-27 11:45:00,26.16,26.16,26.106,26.109,33342.95
2025-12-27 12:00:00,26.106,26.17,26.059,26.075,21828.89
2025-12-27 12:15:00,26.075,26.075,25.964,25.992,31092.12
2025-12-27 12:30:00,25.989,26.061,25.957,25.969,10998.01
2025-12-27 12:45:00,25.976,26.065,25.927,26.064,32951.18
2025-12-27 13:00:00,26.063,26.069,25.996,26.001,16182.02
2025-12-27 13:15:00,26.0,26.035,25.731,25.762,72598.86
2025-12-27 13:30:00,25.767,25.792,25.71,25.768,35301.8
2025-12-27 13:45:00,25.771,25.859,25.76,25.84,27524.85
2025-12-27 14:00:00,25.843,25.913,25.837,25.885,38388.6
2025-12-27 14:15:00,25.886,25.894,25.811,25.862,15133.5
2025-12-27 14:30:00,25.868,25.954,25.867,25.95,38915.04
2025-12-27 14:45:00,25.945,25.949,25.785,25.819,45981.21
2025-12-27 15:00:00,25.825,25.941,25.824,25.888,25331.93
2025-12-27 15:15:00,25.887,25.95,25.886,25.924,8111.33
2025-12-27 15:30:00,25.923,25.97,25.87,25.943,38347.35
2025-12-27 15:45:00,25.943,25.971,25.907,25.963,15348.41
2025-12-27 16:00:00,25.962,25.98,25.803,25.806,48229.9
2025-12-27 16:15:00,25.806,25.813,25.71,25.723,59240.36
2025-12-27 16:30:00,25.725,25.741,25.638,25.653,79429.14
2025-12-27 16:45:00,25.653,25.698,25.475,25.492,146450.64
2025-12-27 17:00:00,25.493,25.605,25.472,25.495,83587.36
2025-12-27 17:15:00,25.491,25.5,25.381,25.397,91800.16
2025-12-27 17:30:00,25.397,25.485,25.381,25.445,98814.19
2025-12-27 17:45:00,25.446,25.564,25.432,25.542,95201.27
2025-12-27 18:00:00,25.546,25.565,25.438,25.545,40596.55
2025-12-27 18:15:00,25.54,25.653,25.483,25.645,61190.17
2025-12-27 18:30:00,25.639,25.65,25.568,25.606,12967.83
2025-12-27 18:45:00,25.606,25.632,25.576,25.617,12668.3
2025-12-27 19:00:00,25.618,25.657,25.583,25.645,14957.19
2025-12-27 19:15:00,25.646,25.675,25.607,25.635,10038.14
2025-12-27 19:30:00,25.638,25.712,25.6,25.712,16381.31
2025-12-27 19:45:00,25.71,25.713,25.667,25.698,8320.27
2025-12-27 20:00:00,25.698,25.746,25.666,25.684,12374.58
2025-12-27 20:15:00,25.684,25.692,25.584,25.62,35650.48
2025-12-27 20:30:00,25.625,25.643,25.598,25.627,10074.15
2025-12-27 20:45:00,25.625,25.679,25.625,25.671,10791.72
2025-12-27 21:00:00,25.669,26.153,25.636,26.102,130879.37
2025-12-27 21:15:00,26.104,26.13,25.934,25.945,44386.77
2025-12-27 21:30:00,25.954,26.021,25.935,25.957,18107.35
2025-12-27 21:45:00,25.957,25.999,25.956,25.989,5146.03
2025-12-27 22:00:00,25.989,25.997,25.908,25.945,13397.63
2025-12-27 22:15:00,25.945,25.998,25.84,25.858,26752.95
2025-12-27 22:30:00,25.857,25.859,25.754,25.774,35599.63
2025-12-27 22:45:00,25.775,25.937,25.756,25.779,103544.42
2025-12-27 23:00:00,25.779,25.847,25.768,25.837,16920.38
2025-12-27 23:15:00,25.837,25.863,25.771,25.85,18369.31
2025-12-27 23:30:00,25.851,25.852,25.769,25.806,11672.66
2025-12-27 23:45:00,25.806,26.083,25.803,25.967,144894.04
2025-12-28 00:00:00,25.968,26.011,25.893,25.902,18306.01
2025-12-28 00:15:00,25.903,25.941,25.885,25.912,9539.48
2025-12-28 00:30:00,25.91,26.086,25.881,26.043,46034.15
2025-12-28 00:45:00,26.043,26.05,25.971,26.006,11504.96
2025-12-28 01:00:00,26.015,26.065,25.967,25.98,41983.47
2025-12-28 01:15:00,25.98,26.025,25.878,25.958,71305.52
2025-12-28 01:30:00,25.959,26.055,25.923,26.003,76173.3
2025-12-28 01:45:00,26.003,26.055,25.881,25.898,43426.01
2025-12-28 02:00:00,25.897,25.952,25.868,25.949,12279.67
2025-12-28 02:15:00,25.949,25.999,25.941,25.969,17607.14
2025-12-28 02:30:00,25.969,26.027,25.959,25.997,5034.53
2025-12-28 02:45:00,26.008,26.016,25.983,26.013,6174.59
2025-12-28 03:00:00,26.013,26.024,25.96,25.96,10374.54
2025-12-28 03:15:00,25.96,26.003,25.954,25.996,5042.7
2025-12-28 03:30:00,25.997,26.121,25.997,26.107,19755.38
2025-12-28 03:45:00,26.114,26.204,26.084,26.096,26011.06
2025-12-28 04:00:00,26.098,26.238,26.068,26.13,52062.06
2025-12-28 04:15:00,26.137,26.309,26.129,26.216,69349.82
2025-12-28 04:30:00,26.216,26.312,26.146,26.292,27184.91
2025-12-28 04:45:00,26.294,26.296,26.228,26.245,25257.58
2025-12-28 05:00:00,26.245,26.245,26.114,26.115,22988.55
2025-12-28 05:15:00,26.115,26.121,26.0,26.004,26245.86
2025-12-28 05:30:00,26.004,26.073,25.999,26.031,32741.21
2025-12-28 05:45:00,26.026,26.044,25.964,26.007,18943.55
2025-12-28 06:00:00,26.008,26.071,25.874,25.896,34026.28
2025-12-28 06:15:00,25.896,25.968,25.896,25.943,9772.48
2025-12-28 06:30:00,25.944,25.996,25.93,25.959,11868.67
2025-12-28 06:45:00,25.96,25.98,25.792,25.823,83329.33
2025-12-28 07:00:00,25.823,25.887,25.805,25.809,28903.07
2025-12-28 07:15:00,25.81,25.818,25.718,25.721,34537.21
2025-12-28 07:30:00,25.721,25.788,25.71,25.782,18656.05
2025-12-28 07:45:00,25.785,25.847,25.785,25.815,14182.83
2025-12-28 08:00:00,25.817,25.843,25.755,25.833,14899.2
2025-12-28 08:15:00,25.833,25.844,25.758,25.782,16885.81
2025-12-28 08:30:00,25.787,25.882,25.757,25.813,12082.9
2025-12-28 08:45:00,25.815,25.876,25.801,25.864,11153.43
2025-12-28 09:00:00,25.867,25.877,25.824,25.866,5276.62
2025-12-28 09:15:00,25.865,25.905,25.855,25.874,6679.28
2025-12-28 09:30:00,25.875,25.876,25.789,25.874,7308.03
2025-12-28 09:45:00,25.875,25.929,25.853,25.92,10833.0
2025-12-28 10:00:00,25.924,25.98,25.902,25.928,9502.41
2025-12-28 10:15:00,25.929,25.993,25.912,25.948,8520.22
2025-12-28 10:30:00,25.949,26.038,25.929,25.991,6506.0
2025-12-28 10:45:00,25.992,25.993,25.923,25.924,12020.73
2025-12-28 11:00:00,25.93,25.968,25.9,25.92,12062.48
2025-12-28 11:15:00,25.92,25.938,25.888,25.889,13837.45
2025-12-28 11:30:00,25.895,25.906,25.854,25.865,13095.4
2025-12-28 11:45:00,25.861,25.908,25.831,25.86,27835.01
2025-12-28 12:00:00,25.861,25.89,25.829,25.885,7899.64
2025-12-28 12:15:00,25.881,25.889,25.848,25.865,6232.09
2025-12-28 12:30:00,25.864,25.893,25.795,25.834,4143.95
2025-12-28 12:45:00,25.831,25.874,25.736,25.809,29193.26
2025-12-28 13:00:00,25.808,25.892,25.808,25.826,6432.69
2025-12-28 13:15:00,25.826,25.894,25.82,25.871,6692.79
2025-12-28 13:30:00,25.871,25.901,25.86,25.866,6525.71
2025-12-28 13:45:00,25.867,25.89,25.844,25.886,4560.77
2025-12-28 14:00:00,25.887,25.904,25.846,25.846,6743.7
2025-12-28 14:15:00,25.845,25.874,25.77,25.826,10554.24
2025-12-28 14:30:00,25.825,25.883,25.791,25.854,5794.88
2025-12-28 14:45:00,25.854,25.903,25.849,25.862,7072.43
2025-12-28 15:00:00,25.861,25.908,25.798,25.845,61848.25
2025-12-28 15:15:00,25.845,25.878,25.818,25.827,6703.12
2025-12-28 15:30:00,25.827,25.833,25.41,25.457,247354.47
2025-12-28 15:45:00,25.456,25.521,25.067,25.163,581925.16
2025-12-28 16:00:00,25.161,25.335,25.074,25.096,350994.04
2025-12-28 16:15:00,25.094,25.32,25.079,25.297,283315.12
2025-12-28 16:30:00,25.303,25.424,25.266,25.276,144626.02
2025-12-28 16:45:00,25.283,25.393,25.164,25.242,135286.99
2025-12-28 17:00:00,25.241,25.45,25.226,25.41,64860.15
2025-12-28 17:15:00,25.417,25.473,25.364,25.412,54373.23
2025-12-28 17:30:00,25.412,25.438,25.345,25.388,25401.3
2025-12-28 17:45:00,25.387,25.39,25.294,25.341,30356.17
2025-12-28 18:00:00,25.343,25.379,25.275,25.32,52313.74
2025-12-28 18:15:00,25.319,25.319,25.178,25.27,74933.42
2025-12-28 18:30:00,25.269,25.347,25.229,25.311,12889.86
2025-12-28 18:45:00,25.31,25.31,25.113,25.134,45993.25
2025-12-28 19:00:00,25.142,25.241,25.14,25.17,28184.89
2025-12-28 19:15:00,25.166,25.166,25.024,25.082,57795.66
2025-12-28 19:30:00,25.083,25.143,25.063,25.066,28071.74
2025-12-28 19:45:00,25.065,25.086,24.909,24.975,154404.56
2025-12-28 20:00:00,24.974,25.005,24.919,24.974,41453.88
2025-12-28 20:15:00,24.974,25.126,24.967,25.124,31876.83
2025-12-28 20:30:00,25.123,25.167,25.093,25.167,32026.89
2025-12-28 20:45:00,25.159,25.211,24.947,24.982,60593.84
2025-12-28 21:00:00,24.979,25.043,24.844,24.883,131519.3
2025-12-28 21:15:00,24.883,24.899,24.816,24.88,103030.11
2025-12-28 21:30:00,24.88,25.071,24.868,25.026,100605.22
2025-12-28 21:45:00,25.026,25.077,25.023,25.066,32187.36
2025-12-28 22:00:00,25.065,25.067,24.952,24.956,24360.69
2025-12-28 22:15:00,24.958,25.126,24.948,25.116,21056.49
2025-12-28 22:30:00,25.121,25.131,25.07,25.084,31152.54
2025-12-28 22:45:00,25.083,25.284,25.052,25.272,59018.57
2025-12-28 23:00:00,25.272,25.312,25.182,25.226,79649.7
2025-12-28 23:15:00,25.227,25.453,25.227,25.342,187564.4
2025-12-28 23:30:00,25.332,25.436,25.298,25.403,55343.71
2025-12-28 23:45:00,25.402,25.452,25.323,25.358,52608.81
2025-12-29 00:00:00,25.355,25.383,25.252,25.334,45559.65
2025-12-29 00:15:00,25.341,25.682,25.335,25.603,162425.83
2025-12-29 00:30:00,25.608,25.877,25.601,25.84,298585.36
2025-12-29 00:45:00,25.832,26.048,25.738,25.982,229998.84
2025-12-29 01:00:00,25.983,26.002,25.781,25.901,208123.14
2025-12-29 01:15:00,25.897,25.902,25.761,25.795,135956.45
2025-12-29 01:30:00,25.794,26.101,25.75,25.957,140155.26
2025-12-29 01:45:00,25.96,26.193,25.96,26.097,260274.17
2025-12-29 02:00:00,26.098,26.288,26.016,26.207,316827.61
2025-12-29 02:15:00,26.216,26.275,26.057,26.139,235935.96
2025-12-29 02:30:00,26.138,26.195,26.06,26.072,115857.91
2025-12-29 02:45:00,26.072,26.213,26.066,26.086,94405.86
2025-12-29 03:00:00,26.085,26.123,25.959,26.091,114425.64
2025-12-29 03:15:00,26.09,26.09,25.947,25.955,38476.78
2025-12-29 03:30:00,25.954,26.186,25.9,26.152,107813.13
2025-12-29 03:45:00,26.149,26.181,26.073,26.093,137117.44
2025-12-29 04:00:00,26.098,26.127,25.928,25.981,160237.78
2025-12-29 04:15:00,25.984,26.059,25.949,26.059,48735.18
2025-12-29 04:30:00,26.054,26.161,26.037,26.087,26890.73
2025-12-29 04:45:00,26.085,26.143,26.064,26.107,26944.94
2025-12-29 05:00:00,26.107,26.291,26.107,26.214,108496.19
2025-12-29 05:15:00,26.216,26.232,26.123,26.13,42789.22
2025-12-29 05:30:00,26.134,26.191,26.1,26.136,34640.51
2025-12-29 05:45:00,26.133,26.176,26.014,26.035,40375.75
2025-12-29 06:00:00,26.05,26.061,25.94,26.048,28760.07
2025-12-29 06:15:00,26.053,26.183,26.046,26.117,33683.67
2025-12-29 06:30:00,26.122,26.16,26.009,26.04,35056.69
2025-12-29 06:45:00,26.042,26.06,25.9,25.918,59892.95
2025-12-29 07:00:00,25.918,25.943,25.789,25.913,99740.24
2025-12-29 07:15:00,25.915,26.0,25.915,25.967,48463.8
2025-12-29 07:30:00,25.965,26.153,25.963,26.036,41327.67
2025-12-29 07:45:00,26.037,26.051,25.93,25.935,64901.01
2025-12-29 08:00:00,25.935,25.966,25.813,25.956,57911.57
2025-12-29 08:15:00,25.956,26.101,25.912,26.046,32201.17
2025-12-29 08:30:00,26.046,26.116,25.921,25.95,35272.74
2025-12-29 08:45:00,25.95,26.016,25.864,25.881,23472.73
2025-12-29 09:00:00,25.88,26.001,25.721,25.89,148060.58
2025-12-29 09:15:00,25.89,26.041,25.873,25.976,62181.39
2025-12-29 09:30:00,25.976,25.988,25.638,25.701,84321.06
2025-12-29 09:45:00,25.703,25.726,25.52,25.725,153802.55
2025-12-29 10:00:00,25.726,25.915,25.681,25.781,111045.78
2025-12-29 10:15:00,25.787,25.796,25.6,25.624,156199.05
2025-12-29 10:30:00,25.624,25.8,25.6,25.699,144104.72
2025-12-29 10:45:00,25.707,25.814,25.633,25.718,54428.49
2025-12-29 11:00:00,25.717,25.72,25.563,25.667,78187.57
2025-12-29 11:15:00,25.668,25.711,25.56,25.586,74193.3
2025-12-29 11:30:00,25.592,25.664,25.578,25.631,19668.91
2025-12-29 11:45:00,25.635,25.673,25.585,25.655,17489.93
2025-12-29 12:00:00,25.654,25.682,25.333,25.408,157714.73
2025-12-29 12:15:00,25.409,25.57,25.31,25.545,113888.06
2025-12-29 12:30:00,25.551,25.721,25.489,25.644,76030.07
2025-12-29 12:45:00,25.646,25.732,25.619,25.706,27798.94
2025-12-29 13:00:00,25.707,25.818,25.616,25.689,98395.94
2025-12-29 13:15:00,25.688,25.695,25.559,25.676,64618.85
2025-12-29 13:30:00,25.677,25.715,25.635,25.651,42674.37
2025-12-29 13:45:00,25.651,25.69,25.571,25.684,48042.78
2025-12-29 14:00:00,25.683,25.811,25.668,25.806,48862.39
2025-12-29 14:15:00,25.806,25.822,25.728,25.769,75639.94
2025-12-29 14:30:00,25.776,25.947,25.757,25.934,121594.52
2025-12-29 14:45:00,25.937,25.969,25.755,25.779,127638.84
2025-12-29 15:00:00,25.781,25.932,25.744,25.932,61388.78
2025-12-29 15:15:00,25.934,26.1,25.894,26.09,169396.02
2025-12-29 15:30:00,26.09,26.13,25.972,26.019,84379.56
2025-12-29 15:45:00,26.021,26.073,25.962,26.027,33249.9
2025-12-29 16:00:00,26.027,26.45,26.027,26.306,210942.89
2025-12-29 16:15:00,26.306,26.306,26.082,26.123,73349.32
2025-12-29 16:30:00,26.124,26.236,26.07,26.099,72663.28
2025-12-29 16:45:00,26.077,26.409,26.071,26.272,183027.55
2025-12-29 17:00:00,26.274,26.36,26.227,26.24,41836.19
2025-12-29 17:15:00,26.24,26.302,26.009,26.126,71760.09
2025-12-29 17:30:00,26.126,26.139,25.968,26.026,53223.4
2025-12-29 17:45:00,26.034,26.186,26.034,26.172,33528.66
2025-12-29 18:00:00,26.169,26.169,26.044,26.098,30446.06
2025-12-29 18:15:00,26.098,26.134,25.992,26.01,18043.15
2025-12-29 18:30:00,26.011,26.056,25.845,25.849,81280.05
2025-12-29 18:45:00,25.849,25.933,25.775,25.809,76416.34
2025-12-29 19:00:00,25.812,25.958,25.742,25.875,55226.82
2025-12-29 19:15:00,25.876,25.898,25.801,25.838,47510.43
2025-12-29 19:30:00,25.838,25.881,25.645,25.7,118651.97
2025-12-29 19:45:00,25.7,25.721,25.607,25.645,103990.16
2025-12-29 20:00:00,25.643,25.817,25.643,25.79,86101.84
2025-12-29 20:15:00,25.794,25.842,25.741,25.755,46152.81
2025-12-29 20:30:00,25.755,25.782,25.716,25.767,18496.65
2025-12-29 20:45:00,25.77,25.875,25.755,25.798,40607.98
2025-12-29 21:00:00,25.796,25.979,25.776,25.954,60758.04
2025-12-29 21:15:00,25.955,25.959,25.816,25.849,89487.44
2025-12-29 21:30:00,25.856,26.0,25.816,25.994,97336.11
2025-12-29 21:45:00,25.99,25.99,25.887,25.905,38836.64
2025-12-29 22:00:00,25.904,25.914,25.764,25.796,47131.6
2025-12-29 22:15:00,25.796,25.922,25.792,25.829,68716.61
2025-12-29 22:30:00,25.841,25.899,25.833,25.854,17218.49
2025-12-29 22:45:00,25.853,25.899,25.846,25.879,2697.29
2025-12-29 23:00:00,25.874,25.914,25.817,25.902,8605.36
2025-12-29 23:15:00,25.902,25.929,25.779,25.783,22336.74
2025-12-29 23:30:00,25.783,25.817,25.629,25.655,85198.93
2025-12-29 23:45:00,25.655,25.794,25.651,25.789,28368.51
2025-12-30 00:00:00,25.794,25.86,25.778,25.781,22057.32
2025-12-30 00:15:00,25.78,25.846,25.717,25.72,15332.58
2025-12-30 00:30:00,25.723,25.725,25.485,25.6,128549.53
2025-12-30 00:45:00,25.6,25.636,25.581,25.6,52721.31
2025-12-30 01:00:00,25.592,25.603,25.501,25.529,27588.54
2025-12-30 01:15:00,25.526,25.591,25.507,25.559,8001.23
2025-12-30 01:30:00,25.559,25.627,25.547,25.59,32666.04
2025-12-30 01:45:00,25.59,25.622,25.583,25.595,22077.38
2025-12-30 02:00:00,25.595,25.603,25.452,25.489,16412.86
2025-12-30 02:15:00,25.49,25.554,25.466,25.488,5169.15
2025-12-30 02:30:00,25.488,25.513,25.4,25.504,75578.15
2025-12-30 02:45:00,25.504,25.532,25.453,25.466,16287.72
2025-12-30 03:00:00,25.465,25.473,25.39,25.42,8821.03
2025-12-30 03:15:00,25.424,25.582,25.37,25.582,32164.9
2025-12-30 03:30:00,25.582,25.678,25.491,25.67,63720.65
2025-12-30 03:45:00,25.67,25.885,25.668,25.76,80143.85
2025-12-30 04:00:00,25.758,25.786,25.73,25.78,14053.2
2025-12-30 04:15:00,25.779,25.977,25.761,25.901,55460.24
2025-12-30 04:30:00,25.9,26.034,25.878,25.963,47467.79
2025-12-30 04:45:00,25.963,25.973,25.808,25.906,29131.52
2025-12-30 05:00:00,25.906,26.246,25.905,26.228,99603.61
2025-12-30 05:15:00,26.234,26.273,25.897,25.995,175374.48
2025-12-30 05:30:00,25.994,26.258,25.922,26.154,157071.87
2025-12-30 05:45:00,26.153,26.278,26.108,26.158,125114.98
2025-12-30 06:00:00,26.152,26.362,26.132,26.353,117386.09
2025-12-30 06:15:00,26.353,26.416,26.286,26.391,144632.25
2025-12-30 06:30:00,26.39,26.44,26.245,26.42,89296.16
2025-12-30 06:45:00,26.418,26.44,26.294,26.334,101574.32
2025-12-30 07:00:00,26.329,26.4,26.223,26.371,110126.81
2025-12-30 07:15:00,26.37,26.414,26.111,26.208,54676.34
2025-12-30 07:30:00,26.205,26.298,26.156,26.215,39975.68
2025-12-30 07:45:00,26.216,26.261,26.1,26.14,52956.64
2025-12-30 08:00:00,26.135,26.642,26.135,26.533,245898.2
2025-12-30 08:15:00,26.542,26.698,26.276,26.276,196423.75
2025-12-30 08:30:00,26.276,26.416,26.271,26.35,44612.14
2025-12-30 08:45:00,26.35,26.356,26.015,26.045,134025.95
2025-12-30 09:00:00,26.038,26.064,25.838,25.838,110870.97
2025-12-30 09:15:00,25.841,25.892,25.759,25.872,60323.85
2025-12-30 09:30:00,25.87,25.889,25.76,25.84,59454.87
2025-12-30 09:45:00,25.841,26.03,25.79,25.8,170788.56
2025-12-30 10:00:00,25.8,25.993,25.727,25.914,142104.39
2025-12-30 10:15:00,25.905,25.917,25.826,25.859,20351.52
2025-12-30 10:30:00,25.854,25.936,25.825,25.846,26428.74
2025-12-30 10:45:00,25.839,25.864,25.753,25.852,41293.38
2025-12-30 11:00:00,25.846,25.947,25.819,25.881,48430.01
2025-12-30 11:15:00,25.88,25.885,25.77,25.784,29427.87
2025-12-30 11:30:00,25.783,25.826,25.756,25.81,17848.32
2025-12-30 11:45:00,25.809,25.896,25.774,25.883,44308.83
2025-12-30 12:00:00,25.882,25.883,25.679,25.842,29763.65
2025-12-30 12:15:00,25.84,25.856,25.675,25.742,21220.15
2025-12-30 12:30:00,25.741,25.778,25.715,25.733,6211.23
2025-12-30 12:45:00,25.73,25.73,25.675,25.7,7736.83
2025-12-30 13:00:00,25.7,25.739,25.645,25.679,14610.64
2025-12-30 13:15:00,25.68,25.82,25.664,25.806,13264.04
2025-12-30 13:30:00,25.806,25.834,25.682,25.706,13507.75
2025-12-30 13:45:00,25.702,25.702,25.576,25.67,55314.12
2025-12-30 14:00:00,25.665,25.692,25.532,25.631,67416.7
2025-12-30 14:15:00,25.631,25.639,25.355,25.435,284004.36
2025-12-30 14:30:00,25.444,25.604,25.406,25.599,92165.5
2025-12-30 14:45:00,25.604,25.822,25.518,25.706,93694.44
2025-12-30 15:00:00,25.706,25.743,25.525,25.609,67924.74
2025-12-30 15:15:00,25.609,25.717,25.574,25.681,40400.58
2025-12-30 15:30:00,25.681,25.715,25.629,25.69,31444.77
2025-12-30 15:45:00,25.69,25.831,25.638,25.773,42371.42
2025-12-30 16:00:00,25.776,25.812,25.681,25.705,27523.0
2025-12-30 16:15:00,25.705,25.917,25.703,25.875,71729.66
2025-12-30 16:30:00,25.875,25.906,25.663,25.666,31670.86
2025-12-30 16:45:00,25.667,25.689,25.532,25.631,69531.94
2025-12-30 17:00:00,25.631,25.707,25.585,25.614,60250.95
2025-12-30 17:15:00,25.614,25.763,25.613,25.728,57730.43
2025-12-30 17:30:00,25.728,25.728,25.67,25.676,30764.23
2025-12-30 17:45:00,25.676,25.736,25.548,25.692,92146.71
2025-12-30 18:00:00,25.69,25.748,25.62,25.678,62549.76
2025-12-30 18:15:00,25.679,25.734,25.679,25.719,52823.28
2025-12-30 18:30:00,25.72,25.755,25.71,25.737,6915.59
2025-12-30 18:45:00,25.73,25.73,25.573,25.672,73704.59
2025-12-30 19:00:00,25.671,25.684,25.537,25.64,61039.34
2025-12-30 19:15:00,25.63,25.747,25.614,25.729,34323.53
2025-12-30 19:30:00,25.728,25.842,25.713,25.822,28943.42
2025-12-30 19:45:00,25.822,26.0,25.793,25.989,35085.17
2025-12-30 20:00:00,25.995,26.04,25.78,25.781,165305.59
2025-12-30 20:15:00,25.782,25.853,25.763,25.814,36253.15
2025-12-30 20:30:00,25.812,25.89,25.804,25.856,15181.65
2025-12-30 20:45:00,25.849,25.875,25.771,25.814,21852.89
2025-12-30 21:00:00,25.805,25.894,25.783,25.893,18754.38
2025-12-30 21:15:00,25.894,25.951,25.863,25.951,12978.0
2025-12-30 21:30:00,25.951,25.979,25.817,25.871,45202.41
2025-12-30 21:45:00,25.871,25.944,25.863,25.911,4172.41
2025-12-30 22:00:00,25.913,25.976,25.821,25.964,58409.7
2025-12-30 22:15:00,25.966,26.016,25.843,26.001,109182.62
2025-12-30 22:30:00,26.001,26.022,25.925,25.948,40865.59
2025-12-30 22:45:00,25.948,25.982,25.852,25.972,23109.68
2025-12-30 23:00:00,25.968,26.024,25.911,25.913,10992.39
2025-12-30 23:15:00,25.91,25.979,25.909,25.972,13609.99
2025-12-30 23:30:00,25.972,26.093,25.972,26.029,28294.99
2025-12-30 23:45:00,26.03,26.034,25.893,25.971,18440.38
2025-12-31 00:00:00,25.971,25.971,25.839,25.857,56906.26
2025-12-31 00:15:00,25.858,25.925,25.792,25.868,25934.48
2025-12-31 00:30:00,25.867,25.939,25.8,25.924,8950.15
2025-12-31 00:45:00,25.922,25.973,25.892,25.908,23531.65
2025-12-31 01:00:00,25.908,26.022,25.885,26.001,19909.28
2025-12-31 01:15:00,26.002,26.093,25.967,26.068,39607.41
2025-12-31 01:30:00,26.068,26.118,26.034,26.055,76166.68
2025-12-31 01:45:00,26.057,26.113,26.001,26.102,41151.98
2025-12-31 02:00:00,26.105,26.117,25.978,26.018,36249.32
2025-12-31 02:15:00,26.018,26.048,25.939,25.973,87637.1
2025-12-31 02:30:00,25.974,25.979,25.835,25.862,70371.42
2025-12-31 02:45:00,25.863,25.867,25.785,25.81,41521.31
2025-12-31 03:00:00,25.811,25.887,25.8,25.81,37836.53
2025-12-31 03:15:00,25.816,25.816,25.755,25.791,31652.63
2025-12-31 03:30:00,25.792,25.792,25.689,25.717,36357.28
2025-12-31 03:45:00,25.718,25.847,25.71,25.83,35040.96
2025-12-31 04:00:00,25.831,25.963,25.787,25.915,77280.16
2025-12-31 04:15:00,25.916,25.999,25.873,25.998,31699.99
2025-12-31 04:30:00,25.999,26.087,25.918,25.944,88363.88
2025-12-31 04:45:00,25.945,25.959,25.848,25.901,66853.0
2025-12-31 05:00:00,25.894,25.95,25.776,25.8,61305.04
2025-12-31 05:15:00,25.8,25.895,25.745,25.879,73870.66
2025-12-31 05:30:00,25.873,25.907,25.83,25.902,30438.0
2025-12-31 05:45:00,25.905,25.906,25.83,25.849,26998.23
2025-12-31 06:00:00,25.851,25.866,25.738,25.758,44966.18
2025-12-31 06:15:00,25.759,25.879,25.727,25.843,19114.24
2025-12-31 06:30:00,25.836,25.863,25.78,25.836,20871.53
2025-12-31 06:45:00,25.836,25.946,25.835,25.939,6978.36
2025-12-31 07:00:00,25.936,25.958,25.9,25.924,11796.34
2025-12-31 07:15:00,25.928,25.945,25.866,25.896,9562.19
2025-12-31 07:30:00,25.905,25.907,25.768,25.777,13337.98
2025-12-31 07:45:00,25.777,25.798,25.74,25.77,14558.82
2025-12-31 08:00:00,25.76,25.862,25.74,25.78,38544.48
2025-12-31 08:15:00,25.783,25.784,25.712,25.739,36753.82
2025-12-31 08:30:00,25.74,25.8,25.712,25.788,55746.78
2025-12-31 08:45:00,25.786,25.817,25.719,25.804,19973.68
2025-12-31 09:00:00,25.804,25.85,25.767,25.797,10352.75
2025-12-31 09:15:00,25.803,25.895,25.8,25.88,6963.98
2025-12-31 09:30:00,25.88,25.911,25.854,25.895,11291.96
2025-12-31 09:45:00,25.892,25.919,25.827,25.864,47701.34
2025-12-31 10:00:00,25.855,25.904,25.819,25.899,19964.56
2025-12-31 10:15:00,25.9,25.93,25.826,25.846,34744.41
2025-12-31 10:30:00,25.846,25.853,25.801,25.823,32788.54
2025-12-31 10:45:00,25.817,25.835,25.749,25.832,33412.01
2025-12-31 11:00:00,25.834,25.888,25.774,25.78,39914.09
2025-12-31 11:15:00,25.785,25.797,25.745,25.797,13377.37
2025-12-31 11:30:00,25.796,25.803,25.727,25.78,33675.87
2025-12-31 11:45:00,25.776,25.844,25.755,25.792,25680.15
2025-12-31 12:00:00,25.788,25.804,25.764,25.766,36542.75
2025-12-31 12:15:00,25.766,25.815,25.765,25.815,9848.85
2025-12-31 12:30:00,25.814,25.862,25.773,25.773,73673.09
2025-12-31 12:45:00,25.773,25.805,25.76,25.803,63077.85
2025-12-31 13:00:00,25.802,25.913,25.782,25.903,61150.21
2025-12-31 13:15:00,25.903,25.991,25.903,25.955,43109.29
2025-12-31 13:30:00,25.954,26.026,25.872,25.958,52419.33
2025-12-31 13:45:00,25.962,26.084,25.911,26.061,45825.79
2025-12-31 14:00:00,26.066,26.238,26.047,26.146,68643.96
2025-12-31 14:15:00,26.146,26.149,25.99,26.053,64037.46
2025-12-31 14:30:00,26.053,26.055,25.956,26.027,35083.74
2025-12-31 14:45:00,26.027,26.064,25.91,25.994,64900.81
2025-12-31 15:00:00,25.993,26.04,25.932,25.985,46383.51
2025-12-31 15:15:00,25.984,25.996,25.89,25.93,30732.19
2025-12-31 15:30:00,25.929,25.958,25.784,25.882,78182.61
2025-12-31 15:45:00,25.887,25.999,25.848,25.927,45582.42
2025-12-31 16:00:00,25.928,26.0,25.92,25.979,20268.37
2025-12-31 16:15:00,25.978,26.1,25.822,25.865,53167.12
2025-12-31 16:30:00,25.861,25.915,25.803,25.843,111500.94
2025-12-31 16:45:00,25.835,26.019,25.818,25.925,35165.42
2025-12-31 17:00:00,25.925,25.925,25.62,25.777,110074.96
2025-12-31 17:15:00,25.775,25.822,25.567,25.76,134143.19
2025-12-31 17:30:00,25.757,25.757,25.636,25.678,23850.9
2025-12-31 17:45:00,25.677,25.705,25.59,25.603,48425.69
2025-12-31 18:00:00,25.61,25.759,25.576,25.71,26028.04
2025-12-31 18:15:00,25.714,25.77,25.689,25.759,20134.26
2025-12-31 18:30:00,25.757,25.79,25.726,25.787,27471.27
2025-12-31 18:45:00,25.79,25.808,25.682,25.724,17897.87
2025-12-31 19:00:00,25.725,25.818,25.725,25.786,12571.82
2025-12-31 19:15:00,25.779,25.839,25.751,25.82,19424.83
2025-12-31 19:30:00,25.818,25.849,25.752,25.774,24154.89
2025-12-31 19:45:00,25.775,25.802,25.75,25.755,14430.93
2025-12-31 20:00:00,25.754,25.91,25.727,25.777,46158.56
2025-12-31 20:15:00,25.781,25.809,25.564,25.577,86084.54
2025-12-31 20:30:00,25.585,25.69,25.342,25.459,214638.82
2025-12-31 20:45:00,25.472,25.508,25.3,25.423,84752.8
2025-12-31 21:00:00,25.411,25.538,25.406,25.507,55185.16
2025-12-31 21:15:00,25.506,25.555,25.49,25.509,15479.71
2025-12-31 21:30:00,25.509,25.677,25.498,25.654,17455.47
2025-12-31 21:45:00,25.659,25.703,25.6,25.634,33335.07
2025-12-31 22:00:00,25.634,25.705,25.572,25.649,37031.36
2025-12-31 22:15:00,25.652,25.652,25.588,25.64,13192.42
2025-12-31 22:30:00,25.641,25.642,25.518,25.53,17769.56
2025-12-31 22:45:00,25.53,25.598,25.514,25.522,24067.22
2025-12-31 23:00:00,25.523,25.53,25.457,25.511,15267.49
2025-12-31 23:15:00,25.511,25.516,25.32,25.487,54070.65
2025-12-31 23:30:00,25.486,25.54,25.41,25.461,76208.59
2025-12-31 23:45:00,25.461,25.482,25.417,25.45,60830.35
2026-01-01 00:00:00,25.45,25.524,25.417,25.462,28290.35
2026-01-01 00:15:00,25.461,25.559,25.45,25.547,40851.93
2026-01-01 00:30:00,25.545,25.58,25.491,25.555,32880.82
2026-01-01 00:45:00,25.559,25.601,25.535,25.6,16605.96
2026-01-01 01:00:00,25.601,26.076,25.595,26.043,96236.05
2026-01-01 01:15:00,26.042,26.043,25.855,25.861,50179.18
2026-01-01 01:30:00,25.861,25.894,25.797,25.838,59732.45
2026-01-01 01:45:00,25.838,25.965,25.794,25.796,58976.12
2026-01-01 02:00:00,25.796,25.804,25.738,25.804,35542.28
2026-01-01 02:15:00,25.804,25.861,25.778,25.824,32879.4
2026-01-01 02:30:00,25.824,25.832,25.62,25.663,67561.27
2026-01-01 02:45:00,25.657,25.736,25.639,25.707,54370.82
2026-01-01 03:00:00,25.707,25.718,25.545,25.55,60904.85
2026-01-01 03:15:00,25.55,25.56,25.482,25.533,102094.49
2026-01-01 03:30:00,25.533,25.6,25.492,25.583,55861.29
2026-01-01 03:45:00,25.582,25.669,25.55,25.576,71088.74
2026-01-01 04:00:00,25.581,25.604,25.542,25.55,13043.25
2026-01-01 04:15:00,25.551,25.607,25.432,25.565,82648.96
2026-01-01 04:30:00,25.565,25.565,25.461,25.464,3470.36
2026-01-01 04:45:00,25.469,25.5,25.405,25.46,29603.02
2026-01-01 05:00:00,25.46,25.601,25.442,25.589,30968.11
2026-01-01 05:15:00,25.59,25.674,25.589,25.665,11693.36
2026-01-01 05:30:00,25.665,25.678,25.57,25.628,19472.59
2026-01-01 05:45:00,25.628,25.637,25.486,25.51,80160.5
2026-01-01 06:00:00,25.51,25.664,25.394,25.659,47426.53
2026-01-01 06:15:00,25.66,25.668,25.58,25.601,20310.55
2026-01-01 06:30:00,25.601,25.618,25.504,25.514,13133.25
2026-01-01 06:45:00,25.511,25.573,25.499,25.511,24899.25
2026-01-01 07:00:00,25.512,25.58,25.499,25.574,27263.83
2026-01-01 07:15:00,25.576,25.636,25.573,25.6,18495.97
2026-01-01 07:30:00,25.601,25.655,25.601,25.627,14746.65
2026-01-01 07:45:00,25.626,25.713,25.618,25.668,30884.93
2026-01-01 08:00:00,25.669,25.697,25.596,25.62,30562.82
2026-01-01 08:15:00,25.617,25.627,25.58,25.588,9707.06
2026-01-01 08:30:00,25.589,25.609,25.558,25.575,6188.74
2026-01-01 08:45:00,25.583,25.657,25.572,25.624,14116.62
2026-01-01 09:00:00,25.622,25.718,25.622,25.666,8904.66
2026-01-01 09:15:00,25.667,25.734,25.667,25.721,17381.52
2026-01-01 09:30:00,25.718,25.857,25.71,25.81,42882.98
2026-01-01 09:45:00,25.811,25.811,25.725,25.753,5017.98
2026-01-01 10:00:00,25.754,25.789,25.721,25.732,9619.45
2026-01-01 10:15:00,25.736,25.786,25.687,25.778,17554.58
2026-01-01 10:30:00,25.778,25.779,25.684,25.686,21936.17
2026-01-01 10:45:00,25.685,25.712,25.673,25.702,12729.21
2026-01-01 11:00:00,25.705,25.736,25.674,25.686,13927.38
2026-01-01 11:15:00,25.687,25.715,25.644,25.645,16769.09
2026-01-01 11:30:00,25.645,25.701,25.644,25.651,16755.81
2026-01-01 11:45:00,25.651,25.78,25.65,25.779,22763.01
2026-01-01 12:00:00,25.78,25.783,25.712,25.713,10210.0
2026-01-01 12:15:00,25.711,25.712,25.644,25.694,32895.7
2026-01-01 12:30:00,25.694,25.752,25.669,25.728,16214.54
2026-01-01 12:45:00,25.727,25.741,25.689,25.689,11218.76
2026-01-01 13:00:00,25.689,25.699,25.667,25.683,7976.92
2026-01-01 13:15:00,25.683,25.719,25.63,25.639,16849.2
2026-01-01 13:30:00,25.64,25.64,25.588,25.611,16828.21
2026-01-01 13:45:00,25.606,25.632,25.5,25.502,32084.33
2026-01-01 14:00:00,25.502,25.595,25.432,25.587,71319.34
2026-01-01 14:15:00,25.586,25.586,25.365,25.415,35179.46
2026-01-01 14:30:00,25.417,25.477,25.385,25.43,34748.97
2026-01-01 14:45:00,25.44,25.46,25.182,25.292,281175.02
2026-01-01 15:00:00,25.293,25.383,25.129,25.181,220380.94
2026-01-01 15:15:00,25.181,25.193,25.003,25.185,236040.99
2026-01-01 15:30:00,25.184,25.184,24.515,24.595,663937.19
2026-01-01 15:45:00,24.604,24.604,24.02,24.278,1021085.01
2026-01-01 16:00:00,24.28,24.32,23.97,24.0,556785.18
2026-01-01 16:15:00,24.0,24.425,23.939,24.294,1109270.17
2026-01-01 16:30:00,24.293,24.509,24.26,24.311,280987.94
2026-01-01 16:45:00,24.311,24.459,24.304,24.445,188060.47
2026-01-01 17:00:00,24.444,24.473,24.35,24.443,176094.52
2026-01-01 17:15:00,24.443,24.468,24.339,24.468,63268.8
2026-01-01 17:30:00,24.467,24.619,24.439,24.459,155491.35
2026-01-01 17:45:00,24.457,24.536,24.395,24.402,47556.06
2026-01-01 18:00:00,24.402,24.501,24.379,24.393,96794.23
2026-01-01 18:15:00,24.384,24.393,24.181,24.206,97909.23
2026-01-01 18:30:00,24.206,24.375,24.206,24.313,120906.7
2026-01-01 18:45:00,24.313,24.385,24.284,24.355,57027.6
2026-01-01 19:00:00,24.354,24.407,24.236,24.247,44403.4
2026-01-01 19:15:00,24.239,24.283,24.073,24.269,176691.63
2026-01-01 19:30:00,24.27,24.378,24.27,24.362,91766.3
2026-01-01 19:45:00,24.362,24.401,24.181,24.39,154421.86
2026-01-01 20:00:00,24.389,24.43,24.341,24.412,60448.9
2026-01-01 20:15:00,24.414,24.491,24.01,24.143,256261.61
2026-01-01 20:30:00,24.144,24.211,23.786,23.898,245617.59
2026-01-01 20:45:00,23.898,24.088,23.83,24.074,116027.18
2026-01-01 21:00:00,24.075,24.229,24.069,24.145,126590.55
2026-01-01 21:15:00,24.15,24.215,24.1,24.189,58951.84
2026-01-01 21:30:00,24.189,24.191,24.069,24.071,20498.29
2026-01-01 21:45:00,24.07,24.166,24.057,24.08,16739.3
2026-01-01 22:00:00,24.073,24.169,24.059,24.142,18180.74
2026-01-01 22:15:00,24.153,24.153,24.106,24.139,35868.77
2026-01-01 22:30:00,24.139,24.151,24.057,24.083,30288.59
2026-01-01 22:45:00,24.082,24.101,24.057,24.095,38587.35
2026-01-01 23:00:00,24.094,24.244,24.079,24.107,128839.73
2026-01-01 23:15:00,24.107,24.235,24.095,24.177,52079.93
2026-01-01 23:30:00,24.176,24.214,24.125,24.201,57308.15
2026-01-01 23:45:00,24.198,24.246,24.129,24.231,42177.65
2026-01-02 00:00:00,24.232,24.234,24.057,24.131,82861.21
2026-01-02 00:15:00,24.132,24.358,24.095,24.297,129726.73
2026-01-02 00:30:00,24.291,24.367,24.143,24.158,48563.97
2026-01-02 00:45:00,24.162,24.376,24.151,24.353,90031.93
2026-01-02 01:00:00,24.353,24.515,24.319,24.435,137008.77
2026-01-02 01:15:00,24.424,24.495,24.393,24.439,38687.94
2026-01-02 01:30:00,24.43,24.44,24.329,24.36,36289.25
2026-01-02 01:45:00,24.355,24.396,24.332,24.378,5546.0
2026-01-02 02:00:00,24.378,24.382,24.284,24.295,28779.11
2026-01-02 02:15:00,24.303,24.306,24.158,24.233,56803.6
2026-01-02 02:30:00,24.239,24.353,24.158,24.225,50611.89
2026-01-02 02:45:00,24.224,24.311,24.208,24.247,25113.02
2026-01-02 03:00:00,24.245,24.53,24.177,24.485,67949.12
2026-01-02 03:15:00,24.483,24.521,24.337,24.385,57092.81
2026-01-02 03:30:00,24.384,24.605,24.384,24.471,58500.47
2026-01-02 03:45:00,24.472,24.563,24.405,24.498,61665.61
2026-01-02 04:00:00,24.498,24.615,24.435,24.441,69655.79
2026-01-02 04:15:00,24.444,24.541,24.433,24.532,32978.52
2026-01-02 04:30:00,24.532,24.644,24.531,24.612,25233.89
2026-01-02 04:45:00,24.605,24.811,24.605,24.737,135728.59
2026-01-02 05:00:00,24.74,24.785,24.575,24.649,90586.78
2026-01-02 05:15:00,24.652,24.753,24.376,24.484,73462.05
2026-01-02 05:30:00,24.49,24.497,24.4,24.463,56611.28
2026-01-02 05:45:00,24.461,24.729,24.446,24.716,145140.26
2026-01-02 06:00:00,24.716,24.761,24.594,24.711,115228.74
2026-01-02 06:15:00,24.709,24.721,24.6,24.618,99657.33
2026-01-02 06:30:00,24.618,24.71,24.59,24.624,43132.39
2026-01-02 06:45:00,24.624,24.682,24.543,24.587,68552.85
2026-01-02 07:00:00,24.587,24.617,24.52,24.57,32110.83
2026-01-02 07:15:00,24.569,24.582,24.419,24.476,47389.31
2026-01-02 07:30:00,24.477,24.484,24.229,24.308,69027.84
2026-01-02 07:45:00,24.308,24.331,24.161,24.295,53519.5
2026-01-02 08:00:00,24.295,24.43,24.266,24.43,26976.65
2026-01-02 08:15:00,24.429,24.437,24.358,24.391,10330.95
2026-01-02 08:30:00,24.392,24.443,24.336,24.42,22654.5
2026-01-02 08:45:00,24.421,24.487,24.412,24.483,9295.37
2026-01-02 09:00:00,24.477,24.638,24.434,24.614,57079.35
2026-01-02 09:15:00,24.609,24.689,24.578,24.611,45214.37
2026-01-02 09:30:00,24.611,24.769,24.611,24.757,80553.34
2026-01-02 09:45:00,24.757,24.888,24.683,24.783,232749.54
2026-01-02 10:00:00,24.784,24.998,24.782,24.949,196016.73
2026-01-02 10:15:00,24.945,24.955,24.758,24.777,69408.58
2026-01-02 10:30:00,24.776,24.849,24.72,24.755,59823.8
2026-01-02 10:45:00,24.759,24.878,24.752,24.835,40479.05
2026-01-02 11:00:00,24.83,24.836,24.563,24.583,134941.76
2026-01-02 11:15:00,24.583,24.627,24.533,24.569,47022.68
2026-01-02 11:30:00,24.569,24.609,24.398,24.466,65858.51
2026-01-02 11:45:00,24.466,24.505,24.416,24.462,33069.34
2026-01-02 12:00:00,24.46,24.525,24.431,24.518,28623.81
2026-01-02 12:15:00,24.512,24.547,24.502,24.522,14117.49
2026-01-02 12:30:00,24.522,24.615,24.469,24.577,36020.37
2026-01-02 12:45:00,24.577,24.577,24.438,24.448,39335.69
2026-01-02 13:00:00,24.447,24.643,24.447,24.473,71419.01
2026-01-02 13:15:00,24.472,24.604,24.472,24.573,49700.23
2026-01-02 13:30:00,24.57,24.575,24.456,24.492,32136.29
2026-01-02 13:45:00,24.491,24.648,24.483,24.549,83259.6
2026-01-02 14:00:00,24.55,24.614,24.334,24.398,44022.21
2026-01-02 14:15:00,24.398,24.488,24.259,24.441,75705.54
2026-01-02 14:30:00,24.441,24.645,24.295,24.509,278513.61
2026-01-02 14:45:00,24.518,24.71,24.444,24.569,171882.48
2026-01-02 15:00:00,24.57,24.615,24.372,24.483,65418.74
2026-01-02 15:15:00,24.48,24.533,24.336,24.494,74303.1
2026-01-02 15:30:00,24.49,24.609,24.471,24.574,35878.01
2026-01-02 15:45:00,24.574,24.663,24.475,24.494,54481.6
2026-01-02 16:00:00,24.495,24.547,24.4,24.519,67523.17
2026-01-02 16:15:00,24.52,24.676,24.514,24.601,81405.83
2026-01-02 16:30:00,24.606,24.878,24.594,24.604,212014.23
2026-01-02 16:45:00,24.605,24.681,24.498,24.6,87660.43
2026-01-02 17:00:00,24.604,24.718,24.6,24.695,64665.42
2026-01-02 17:15:00,24.694,24.762,24.562,24.603,116101.0
2026-01-02 17:30:00,24.603,24.622,24.433,24.48,100269.51
2026-01-02 17:45:00,24.479,24.576,24.402,24.576,49618.81
2026-01-02 18:00:00,24.575,24.617,24.459,24.563,60009.21
2026-01-02 18:15:00,24.565,24.65,24.524,24.612,72564.61
2026-01-02 18:30:00,24.612,24.612,24.512,24.532,70502.3
2026-01-02 18:45:00,24.532,24.578,24.403,24.572,88183.77
2026-01-02 19:00:00,24.573,24.673,24.531,24.664,102071.45
2026-01-02 19:15:00,24.663,24.727,24.519,24.572,44134.0
2026-01-02 19:30:00,24.581,24.64,24.535,24.554,57683.11
2026-01-02 19:45:00,24.552,24.656,24.529,24.611,76604.13
2026-01-02 20:00:00,24.62,24.628,24.583,24.628,88113.97
2026-01-02 20:15:00,24.626,24.651,24.366,24.442,196362.22
2026-01-02 20:30:00,24.439,24.538,24.427,24.527,23925.34
2026-01-02 20:45:00,24.526,24.527,24.057,24.153,270952.49
2026-01-02 21:00:00,24.153,24.401,24.142,24.288,79412.23
2026-01-02 21:15:00,24.287,24.334,24.121,24.285,78424.6
2026-01-02 21:30:00,24.284,24.348,24.231,24.34,93749.28
2026-01-02 21:45:00,24.336,24.462,24.289,24.45,52438.73
2026-01-02 22:00:00,24.448,24.531,24.4,24.502,57613.68
2026-01-02 22:15:00,24.501,24.581,24.433,24.473,49896.14
2026-01-02 22:30:00,24.473,24.585,24.464,24.489,38238.34
2026-01-02 22:45:00,24.496,24.528,24.454,24.468,45783.79
2026-01-02 23:00:00,24.467,24.578,24.453,24.52,89741.39
2026-01-02 23:15:00,24.516,24.548,24.469,24.507,21660.02
2026-01-02 23:30:00,24.511,24.64,24.447,24.617,42172.54
2026-01-02 23:45:00,24.616,24.616,24.516,24.582,29290.18
2026-01-03 00:00:00,24.581,24.599,24.522,24.581,36520.65
2026-01-03 00:15:00,24.581,24.597,24.533,24.58,35486.3
2026-01-03 00:30:00,24.579,24.589,24.526,24.57,26038.41
2026-01-03 00:45:00,24.57,24.592,24.561,24.584,34002.09
2026-01-03 01:00:00,24.583,24.725,24.555,24.645,85636.79
2026-01-03 01:15:00,24.645,24.673,24.614,24.648,36478.61
2026-01-03 01:30:00,24.647,24.75,24.631,24.739,94372.6
2026-01-03 01:45:00,24.74,24.749,24.596,24.598,48289.52
2026-01-03 02:00:00,24.598,24.599,24.436,24.492,83027.19
2026-01-03 02:15:00,24.489,24.51,24.401,24.459,54547.34
2026-01-03 02:30:00,24.461,24.516,24.456,24.497,25108.18
2026-01-03 02:45:00,24.501,24.509,24.487,24.501,75867.32
2026-01-03 03:00:00,24.5,24.519,24.429,24.445,51777.32
2026-01-03 03:15:00,24.449,24.5,24.446,24.486,67625.0
2026-01-03 03:30:00,24.486,24.509,24.442,24.499,35962.2
2026-01-03 03:45:00,24.498,24.578,24.491,24.55,59437.22
2026-01-03 04:00:00,24.551,24.611,24.547,24.586,58950.51
2026-01-03 04:15:00,24.593,24.61,24.571,24.601,34269.35
2026-01-03 04:30:00,24.6,24.648,24.521,24.555,61612.12
2026-01-03 04:45:00,24.555,24.612,24.555,24.596,45016.32
2026-01-03 05:00:00,24.597,24.625,24.575,24.587,43092.09
2026-01-03 05:15:00,24.586,24.857,24.58,24.8,231169.1
2026-01-03 05:30:00,24.8,24.915,24.704,24.723,189087.7
2026-01-03 05:45:00,24.719,24.903,24.713,24.865,70133.07
2026-01-03 06:00:00,24.865,25.197,24.859,25.063,291592.37
2026-01-03 06:15:00,25.067,25.178,24.994,25.138,75683.65
2026-01-03 06:30:00,25.138,25.229,25.016,25.017,128291.07
2026-01-03 06:45:00,25.017,25.048,24.84,24.877,78861.84
2026-01-03 07:00:00,24.878,24.898,24.636,24.693,64562.21
2026-01-03 07:15:00,24.693,24.712,24.312,24.382,159413.47
2026-01-03 07:30:00,24.377,24.611,24.308,24.556,105428.86
2026-01-03 07:45:00,24.556,24.613,24.476,24.511,36454.2
2026-01-03 08:00:00,24.511,24.567,24.362,24.567,77617.5
2026-01-03 08:15:00,24.559,24.655,24.479,24.617,106860.15
2026-01-03 08:30:00,24.61,24.627,24.427,24.606,85145.86
2026-01-03 08:45:00,24.602,24.619,24.5,24.531,28053.66
2026-01-03 09:00:00,24.533,24.544,24.285,24.306,149302.55
2026-01-03 09:15:00,24.306,24.45,24.275,24.41,46435.86
2026-01-03 09:30:00,24.416,24.552,24.4,24.532,59580.74
2026-01-03 09:45:00,24.532,24.56,24.473,24.475,28983.01
2026-01-03 10:00:00,24.475,24.665,24.426,24.611,112135.02
2026-01-03 10:15:00,24.613,24.658,24.6,24.645,39146.55
2026-01-03 10:30:00,24.645,24.681,24.6,24.63,43677.44
2026-01-03 10:45:00,24.63,24.643,24.6,24.601,33944.08
2026-01-03 11:00:00,24.601,24.629,24.445,24.528,116331.66
2026-01-03 11:15:00,24.533,24.577,24.399,24.408,144260.2
2026-01-03 11:30:00,24.409,24.488,24.355,24.453,58102.25
2026-01-03 11:45:00,24.454,24.454,24.381,24.385,6069.96
2026-01-03 12:00:00,24.39,24.414,24.344,24.412,8598.49
2026-01-03 12:15:00,24.413,24.479,24.401,24.477,8981.44
2026-01-03 12:30:00,24.478,24.48,24.3,24.394,73404.57
2026-01-03 12:45:00,24.396,24.582,24.378,24.564,49210.66
2026-01-03 13:00:00,24.564,24.614,24.519,24.565,34492.16
2026-01-03 13:15:00,24.561,24.722,24.556,24.672,116114.39
2026-01-03 13:30:00,24.672,24.717,24.622,24.639,38446.67
2026-01-03 13:45:00,24.635,24.671,24.585,24.639,12647.11
2026-01-03 14:00:00,24.645,24.687,24.565,24.646,35644.37
2026-01-03 14:15:00,24.646,24.746,24.613,24.707,35189.2
2026-01-03 14:30:00,24.713,24.77,24.682,24.703,13988.67
2026-01-03 14:45:00,24.708,24.759,24.65,24.694,26482.64
2026-01-03 15:00:00,24.695,24.756,24.662,24.714,15532.16
2026-01-03 15:15:00,24.715,24.904,24.68,24.844,40311.19
2026-01-03 15:30:00,24.848,24.925,24.744,24.881,89706.4
2026-01-03 15:45:00,24.88,24.972,24.697,24.782,96128.73
2026-01-03 16:00:00,24.783,24.843,24.696,24.806,47170.11
2026-01-03 16:15:00,24.806,24.858,24.721,24.847,26191.25
2026-01-03 16:30:00,24.847,24.976,24.837,24.888,92445.82
2026-01-03 16:45:00,24.894,25.009,24.854,24.944,69190.33
2026-01-03 17:00:00,24.95,25.009,24.891,24.917,39811.66
2026-01-03 17:15:00,24.908,24.949,24.874,24.881,16350.35
2026-01-03 17:30:00,24.882,24.95,24.858,24.932,14446.86
2026-01-03 17:45:00,24.933,24.945,24.895,24.906,14199.3
2026-01-03 18:00:00,24.91,24.977,24.827,24.974,21986.52
2026-01-03 18:15:00,24.974,25.053,24.911,25.042,37229.11
2026-01-03 18:30:00,25.038,25.11,24.951,25.103,110190.83
2026-01-03 18:45:00,25.094,25.19,24.992,24.995,151888.7
2026-01-03 19:00:00,25.003,25.018,24.888,24.891,16711.1
2026-01-03 19:15:00,24.891,24.906,24.822,24.855,49031.08
2026-01-03 19:30:00,24.856,24.894,24.742,24.829,55062.86
2026-01-03 19:45:00,24.829,24.831,24.785,24.8,12078.48
2026-01-03 20:00:00,24.804,24.804,24.593,24.679,77602.19
2026-01-03 20:15:00,24.677,24.732,24.474,24.482,194995.14
2026-01-03 20:30:00,24.482,24.707,24.476,24.699,62790.29
2026-01-03 20:45:00,24.698,24.776,24.688,24.767,39296.84
2026-01-03 21:00:00,24.767,24.845,24.721,24.81,40642.55
2026-01-03 21:15:00,24.811,25.003,24.81,24.991,75768.81
2026-01-03 21:30:00,24.991,25.19,24.94,25.153,158759.55
2026-01-03 21:45:00,25.153,25.342,25.053,25.324,142185.07
2026-01-03 22:00:00,25.318,25.407,25.169,25.246,331745.26
2026-01-03 22:15:00,25.244,25.438,25.243,25.363,144763.86
2026-01-03 22:30:00,25.363,25.371,25.269,25.279,87594.47
2026-01-03 22:45:00,25.279,25.371,25.267,25.37,67314.8
2026-01-03 23:00:00,25.371,25.384,25.245,25.326,78971.95
2026-01-03 23:15:00,25.327,25.371,25.3,25.367,35309.32
2026-01-03 23:30:00,25.362,25.433,25.309,25.371,76742.96
2026-01-03 23:45:00,25.371,25.391,25.314,25.379,50182.23
2026-01-04 00:00:00,25.376,25.578,25.348,25.371,209386.33
2026-01-04 00:15:00,25.376,25.408,25.128,25.149,112280.73
2026-01-04 00:30:00,25.148,25.333,25.148,25.221,87124.34
2026-01-04 00:45:00,25.208,25.34,25.187,25.335,43579.35
2026-01-04 01:00:00,25.335,25.375,25.182,25.329,178092.74
2026-01-04 01:15:00,25.325,25.337,25.139,25.199,73039.95
2026-01-04 01:30:00,25.196,25.286,25.159,25.269,36930.56
2026-01-04 01:45:00,25.27,25.328,25.25,25.276,25148.57
2026-01-04 02:00:00,25.276,25.296,25.221,25.231,26502.9
2026-01-04 02:15:00,25.23,25.294,25.168,25.188,28761.99
2026-01-04 02:30:00,25.186,25.245,25.039,25.16,89844.31
2026-01-04 02:45:00,25.164,25.176,25.038,25.125,56907.06
2026-01-04 03:00:00,25.125,25.179,25.045,25.17,57147.68
2026-01-04 03:15:00,25.162,25.26,25.101,25.188,62874.36
2026-01-04 03:30:00,25.2,25.289,25.163,25.286,29322.41
2026-01-04 03:45:00,25.284,25.358,25.256,25.295,15498.25
2026-01-04 04:00:00,25.296,25.3,25.219,25.258,55143.55
2026-01-04 04:15:00,25.258,25.353,25.243,25.273,36105.0
2026-01-04 04:30:00,25.272,25.337,25.228,25.246,24030.03
2026-01-04 04:45:00,25.245,25.268,25.091,25.151,88580.0
2026-01-04 05:00:00,25.151,25.221,25.144,25.221,13758.88
2026-01-04 05:15:00,25.221,25.25,25.184,25.225,21611.45
2026-01-04 05:30:00,25.225,25.225,25.071,25.101,30690.77
2026-01-04 05:45:00,25.102,25.181,25.097,25.16,19171.32
2026-01-04 06:00:00,25.16,25.286,25.127,25.208,29693.65
2026-01-04 06:15:00,25.21,25.269,25.156,25.159,11656.79
2026-01-04 06:30:00,25.16,25.188,24.951,24.982,78647.71
2026-01-04 06:45:00,24.979,25.164,24.979,25.132,45552.1
2026-01-04 07:00:00,25.133,25.258,25.121,25.168,65078.97
2026-01-04 07:15:00,25.168,25.28,25.093,25.23,94727.39
2026-01-04 07:30:00,25.238,25.262,25.174,25.184,18040.92
2026-01-04 07:45:00,25.184,25.227,25.103,25.143,29340.4
2026-01-04 08:00:00,25.143,25.165,25.052,25.152,29574.64
2026-01-04 08:15:00,25.144,25.163,24.854,24.932,183084.24
2026-01-04 08:30:00,24.932,25.008,24.881,25.003,84994.32
2026-01-04 08:45:00,24.999,25.037,24.973,24.984,23556.87
2026-01-04 09:00:00,24.982,25.05,24.981,25.047,20493.21
2026-01-04 09:15:00,25.047,25.079,24.972,25.022,33934.86
2026-01-04 09:30:00,25.023,25.06,24.965,24.983,23758.42
2026-01-04 09:45:00,24.982,25.071,24.974,25.039,16338.21
2026-01-04 10:00:00,25.035,25.159,25.029,25.154,39883.5
2026-01-04 10:15:00,25.154,25.241,25.135,25.241,38247.36
2026-01-04 10:30:00,25.238,25.316,25.219,25.316,55352.26
2026-01-04 10:45:00,25.317,25.342,25.245,25.275,19863.88
2026-01-04 11:00:00,25.275,25.318,25.22,25.243,12742.42
2026-01-04 11:15:00,25.249,25.342,25.237,25.275,22302.15
2026-01-04 11:30:00,25.273,25.314,25.234,25.3,29599.53
2026-01-04 11:45:00,25.297,25.3,25.183,25.243,29354.97
2026-01-04 12:00:00,25.237,25.34,25.11,25.125,41545.18
2026-01-04 12:15:00,25.121,25.189,25.118,25.18,9656.99
2026-01-04 12:30:00,25.183,25.279,25.128,25.131,26479.96
2026-01-04 12:45:00,25.131,25.175,25.12,25.144,18374.83
2026-01-04 13:00:00,25.143,25.198,25.113,25.116,14126.38
2026-01-04 13:15:00,25.116,25.165,25.066,25.134,16651.29
2026-01-04 13:30:00,25.136,25.223,25.129,25.21,9649.13
2026-01-04 13:45:00,25.206,25.296,25.2,25.296,17788.32
2026-01-04 14:00:00,25.287,25.576,25.259,25.537,146159.42
2026-01-04 14:15:00,25.535,25.595,25.501,25.555,53913.66
2026-01-04 14:30:00,25.556,25.771,25.508,25.663,244236.88
2026-01-04 14:45:00,25.668,25.84,25.573,25.796,73912.12
2026-01-04 15:00:00,25.784,25.941,25.7,25.864,125578.4
2026-01-04 15:15:00,25.869,26.051,25.808,25.896,153144.42
2026-01-04 15:30:00,25.896,26.054,25.854,25.96,71034.73
2026-01-04 15:45:00,25.961,26.15,25.833,26.148,136041.39
2026-01-04 16:00:00,26.148,26.406,26.056,26.195,262107.07
2026-01-04 16:15:00,26.209,26.212,26.077,26.176,48694.16
2026-01-04 16:30:00,26.176,26.317,26.16,26.232,52370.65
2026-01-04 16:45:00,26.24,26.302,26.16,26.176,104077.03
2026-01-04 17:00:00,26.177,26.23,26.089,26.11,85277.89
2026-01-04 17:15:00,26.11,26.234,26.11,26.159,48104.33
2026-01-04 17:30:00,26.16,26.183,26.111,26.119,22829.41
2026-01-04 17:45:00,26.122,26.146,25.933,26.016,145044.26
2026-01-04 18:00:00,26.02,26.071,25.87,25.909,135721.1
2026-01-04 18:15:00,25.918,25.949,25.839,25.865,49668.62
2026-01-04 18:30:00,25.859,25.975,25.751,25.955,77848.47
2026-01-04 18:45:00,25.965,25.972,25.854,25.877,30333.52
2026-01-04 19:00:00,25.883,25.885,25.785,25.881,30598.39
2026-01-04 19:15:00,25.867,25.991,25.867,25.931,22405.45
2026-01-04 19:30:00,25.933,25.967,25.821,25.844,34320.27
2026-01-04 19:45:00,25.85,25.869,25.795,25.859,27478.97
2026-01-04 20:00:00,25.86,26.003,25.815,25.995,35856.06
2026-01-04 20:15:00,25.999,26.2,25.964,26.2,58193.47
2026-01-04 20:30:00,26.2,26.264,26.166,26.166,82991.78
2026-01-04 20:45:00,26.176,26.471,26.132,26.452,120458.14
2026-01-04 21:00:00,26.456,26.605,26.389,26.563,258471.44
2026-01-04 21:15:00,26.561,26.781,26.522,26.595,328184.96
2026-01-04 21:30:00,26.6,26.8,26.508,26.545,271309.8
2026-01-04 21:45:00,26.544,26.724,26.467,26.53,176979.28
2026-01-04 22:00:00,26.531,26.689,26.495,26.505,132448.14
2026-01-04 22:15:00,26.509,26.534,26.333,26.428,96213.45
2026-01-04 22:30:00,26.429,26.442,26.307,26.404,36965.34
2026-01-04 22:45:00,26.405,26.487,26.259,26.442,187330.16
2026-01-04 23:00:00,26.443,26.615,26.405,26.409,296623.77
2026-01-04 23:15:00,26.424,26.65,26.385,26.54,81787.48
2026-01-04 23:30:00,26.541,26.672,26.485,26.653,62034.68
2026-01-04 23:45:00,26.661,26.889,26.654,26.871,188928.38
2026-01-05 00:00:00,26.871,26.923,26.502,26.55,272249.81
2026-01-05 00:15:00,26.556,26.693,26.493,26.577,93081.83
2026-01-05 00:30:00,26.575,26.827,26.523,26.814,88782.84
2026-01-05 00:45:00,26.821,26.94,26.737,26.89,132444.8
2026-01-05 01:00:00,26.893,27.0,26.785,26.929,131370.17
2026-01-05 01:15:00,26.935,26.943,26.731,26.935,137255.55
2026-01-05 01:30:00,26.927,27.363,26.919,27.145,393624.91
2026-01-05 01:45:00,27.145,27.386,27.08,27.128,232176.95
2026-01-05 02:00:00,27.127,27.231,26.743,26.772,320859.17
2026-01-05 02:15:00,26.772,26.795,26.354,26.46,352570.29
2026-01-05 02:30:00,26.466,26.579,26.33,26.401,203664.52
2026-01-05 02:45:00,26.405,26.584,26.387,26.579,75511.42
2026-01-05 03:00:00,26.58,26.631,26.487,26.504,59767.07
2026-01-05 03:15:00,26.505,26.569,26.401,26.424,58497.21
2026-01-05 03:30:00,26.435,26.525,26.344,26.383,31810.67
2026-01-05 03:45:00,26.39,26.502,26.379,26.428,28192.19
2026-01-05 04:00:00,26.43,26.507,26.15,26.254,76148.04
2026-01-05 04:15:00,26.254,26.355,26.148,26.196,87390.16
2026-01-05 04:30:00,26.206,26.423,26.148,26.355,103920.03
2026-01-05 04:45:00,26.359,26.643,26.349,26.542,70862.07
2026-01-05 05:00:00,26.547,26.576,26.439,26.447,21519.62
2026-01-05 05:15:00,26.444,26.572,26.394,26.43,79171.84
2026-01-05 05:30:00,26.432,26.46,26.333,26.375,66418.42
2026-01-05 05:45:00,26.376,26.397,26.215,26.277,48455.9
2026-01-05 06:00:00,26.28,26.38,26.276,26.325,13645.6
2026-01-05 06:15:00,26.326,26.403,26.234,26.247,39458.84
2026-01-05 06:30:00,26.255,26.41,26.166,26.323,83517.34
2026-01-05 06:45:00,26.322,26.393,26.3,26.324,34556.92
2026-01-05 07:00:00,26.32,26.444,26.301,26.387,15188.77
2026-01-05 07:15:00,26.388,26.517,26.373,26.514,11939.83
2026-01-05 07:30:00,26.506,26.552,26.322,26.334,16557.45
2026-01-05 07:45:00,26.34,26.483,26.275,26.409,21034.57
2026-01-05 08:00:00,26.401,26.452,26.374,26.404,7680.93
2026-01-05 08:15:00,26.398,26.51,26.394,26.452,10745.46
2026-01-05 08:30:00,26.453,26.49,26.344,26.353,32879.94
2026-01-05 08:45:00,26.362,26.489,26.362,26.442,7255.85
2026-01-05 09:00:00,26.441,26.473,26.305,26.358,12954.67
2026-01-05 09:15:00,26.352,26.544,26.333,26.518,23324.59
2026-01-05 09:30:00,26.522,26.717,26.48,26.67,88618.75
2026-01-05 09:45:00,26.668,26.766,26.566,26.586,60635.75
2026-01-05 10:00:00,26.588,26.67,26.369,26.417,160682.45
2026-01-05 10:15:00,26.417,26.443,25.933,26.0,333354.19
2026-01-05 10:30:00,26.001,26.221,25.947,26.182,291107.36
2026-01-05 10:45:00,26.173,26.327,26.056,26.114,170908.3
2026-01-05 11:00:00,26.109,26.19,26.049,26.125,130783.05
2026-01-05 11:15:00,26.12,26.565,26.083,26.341,249847.49
2026-01-05 11:30:00,26.342,26.397,26.223,26.236,107075.66
2026-01-05 11:45:00,26.239,26.348,26.152,26.348,53551.93
2026-01-05 12:00:00,26.342,26.363,26.279,26.287,20067.68
2026-01-05 12:15:00,26.292,26.337,26.071,26.24,108013.08
2026-01-05 12:30:00,26.239,26.239,26.004,26.05,127809.39
2026-01-05 12:45:00,26.053,26.168,26.037,26.15,46213.42
2026-01-05 13:00:00,26.15,26.183,26.109,26.144,27634.42
2026-01-05 13:15:00,26.143,26.162,25.911,25.96,140457.24
2026-01-05 13:30:00,25.959,26.0,25.841,25.917,161032.32
2026-01-05 13:45:00,25.924,26.016,25.9,26.007,38601.57
2026-01-05 14:00:00,26.005,26.04,25.858,25.928,89436.16
2026-01-05 14:15:00,25.923,25.976,25.85,25.919,72852.99
2026-01-05 14:30:00,25.919,26.267,25.8,26.228,221504.86
2026-01-05 14:45:00,26.224,26.286,25.945,26.15,276001.62
2026-01-05 15:00:00,26.149,26.175,25.951,26.014,89252.93
2026-01-05 15:15:00,26.014,26.171,25.981,26.155,66636.7
2026-01-05 15:30:00,26.155,26.48,26.136,26.417,122814.61
2026-01-05 15:45:00,26.417,26.581,26.381,26.422,156398.39
2026-01-05 16:00:00,26.421,26.703,26.381,26.658,191576.65
2026-01-05 16:15:00,26.659,26.703,26.306,26.516,194744.13
2026-01-05 16:30:00,26.511,26.692,26.376,26.404,164703.79
2026-01-05 16:45:00,26.404,26.504,26.372,26.434,50700.99
2026-01-05 17:00:00,26.435,26.51,26.368,26.414,39146.65
2026-01-05 17:15:00,26.415,26.427,26.169,26.411,74476.36
2026-01-05 17:30:00,26.419,26.688,26.395,26.677,66731.55
2026-01-05 17:45:00,26.676,26.93,26.623,26.689,97647.4
2026-01-05 18:00:00,26.689,26.838,26.618,26.831,48204.21
2026-01-05 18:15:00,26.833,26.849,26.705,26.774,52387.14
2026-01-05 18:30:00,26.779,27.1,26.754,27.053,176117.05
2026-01-05 18:45:00,27.055,27.182,27.014,27.103,172355.46
2026-01-05 19:00:00,27.105,27.107,26.875,26.927,97119.94
2026-01-05 19:15:00,26.925,27.2,26.87,27.189,80334.87
2026-01-05 19:30:00,27.182,27.2,26.911,26.981,141904.54
2026-01-05 19:45:00,26.98,27.078,26.91,27.073,46611.35
2026-01-05 20:00:00,27.073,27.294,27.035,27.283,113372.67
2026-01-05 20:15:00,27.281,27.467,27.261,27.464,241277.36
2026-01-05 20:30:00,27.459,27.484,27.0,27.071,263552.21
2026-01-05 20:45:00,27.07,27.127,26.814,26.903,189017.92
2026-01-05 21:00:00,26.907,27.05,26.895,26.958,51691.7
2026-01-05 21:15:00,26.969,27.05,26.7,26.745,104391.33
2026-01-05 21:30:00,26.747,26.943,26.683,26.891,121753.06
2026-01-05 21:45:00,26.897,26.907,26.5,26.537,129838.62
2026-01-05 22:00:00,26.535,26.649,26.391,26.649,286192.16
2026-01-05 22:15:00,26.648,26.801,26.532,26.654,250986.64
2026-01-05 22:30:00,26.653,26.871,26.606,26.857,175191.28
2026-01-05 22:45:00,26.862,26.877,26.762,26.869,94709.81
2026-01-05 23:00:00,26.87,26.899,26.79,26.848,77777.36
2026-01-05 23:15:00,26.848,26.907,26.794,26.838,22942.25
2026-01-05 23:30:00,26.839,26.865,26.676,26.693,75351.24
2026-01-05 23:45:00,26.693,26.695,26.461,26.507,115003.15
2026-01-06 00:00:00,26.507,26.684,26.456,26.549,84822.34
2026-01-06 00:15:00,26.547,26.716,26.534,26.707,35371.59
2026-01-06 00:30:00,26.707,26.707,26.396,26.497,76241.17
2026-01-06 00:45:00,26.496,26.496,26.351,26.414,99821.49
2026-01-06 01:00:00,26.413,26.474,26.3,26.444,115976.49
2026-01-06 01:15:00,26.444,26.672,26.435,26.652,58034.54
2026-01-06 01:30:00,26.649,26.785,26.544,26.756,194945.32
2026-01-06 01:45:00,26.757,26.828,26.467,26.495,206159.97
2026-01-06 02:00:00,26.488,26.549,26.356,26.409,119113.31
2026-01-06 02:15:00,26.409,26.504,26.34,26.341,105820.45
2026-01-06 02:30:00,26.341,26.411,26.19,26.402,208640.27
2026-01-06 02:45:00,26.396,26.396,26.283,26.291,37940.16
2026-01-06 03:00:00,26.291,26.35,26.182,26.233,98851.07
2026-01-06 03:15:00,26.231,26.243,26.1,26.147,73524.32
2026-01-06 03:30:00,26.15,26.58,26.15,26.46,144097.88
2026-01-06 03:45:00,26.463,26.6,26.334,26.399,171566.85
2026-01-06 04:00:00,26.401,26.557,26.391,26.531,108448.71
2026-01-06 04:15:00,26.533,26.656,26.488,26.488,99546.19
2026-01-06 04:30:00,26.487,26.741,26.48,26.622,91802.4
2026-01-06 04:45:00,26.619,26.717,26.614,26.667,47979.25
2026-01-06 05:00:00,26.653,26.716,26.519,26.534,118131.91
2026-01-06 05:15:00,26.528,26.647,26.4,26.48,75060.63
2026-01-06 05:30:00,26.491,26.606,26.461,26.463,63541.04
2026-01-06 05:45:00,26.462,26.726,26.461,26.645,87322.81
2026-01-06 06:00:00,26.64,26.917,26.566,26.906,234172.03
2026-01-06 06:15:00,26.905,27.034,26.826,27.023,119420.07
2026-01-06 06:30:00,27.023,27.131,26.862,27.093,170431.51
2026-01-06 06:45:00,27.091,27.12,26.906,26.958,149430.34
2026-01-06 07:00:00,26.954,27.03,26.653,26.716,245256.41
2026-01-06 07:15:00,26.722,26.745,26.503,26.562,67550.26
2026-01-06 07:30:00,26.559,26.692,26.346,26.438,84497.5
2026-01-06 07:45:00,26.437,26.456,26.329,26.388,41800.84
2026-01-06 08:00:00,26.385,26.661,26.33,26.621,98894.57
2026-01-06 08:15:00,26.619,26.63,26.522,26.586,41472.96
2026-01-06 08:30:00,26.587,26.653,26.551,26.608,14436.34
2026-01-06 08:45:00,26.616,26.648,26.521,26.521,10676.99
2026-01-06 09:00:00,26.524,26.65,26.523,26.617,21614.51
2026-01-06 09:15:00,26.616,26.739,26.616,26.672,27083.11
2026-01-06 09:30:00,26.672,26.692,26.553,26.652,36574.57
2026-01-06 09:45:00,26.646,26.684,26.455,26.476,72006.67
2026-01-06 10:00:00,26.476,26.512,26.283,26.416,97886.87
2026-01-06 10:15:00,26.412,26.464,26.19,26.416,241460.39
2026-01-06 10:30:00,26.418,26.542,26.377,26.466,125515.37
2026-01-06 10:45:00,26.458,26.695,26.424,26.527,114238.35
2026-01-06 11:00:00,26.527,26.873,26.513,26.855,136750.46
2026-01-06 11:15:00,26.854,27.04,26.854,26.959,233067.88
2026-01-06 11:30:00,26.968,26.992,26.844,26.871,91373.44
2026-01-06 11:45:00,26.876,26.928,26.803,26.923,39190.14
2026-01-06 12:00:00,26.922,27.101,26.88,27.1,57365.67
2026-01-06 12:15:00,27.1,27.27,27.098,27.233,169311.4
2026-01-06 12:30:00,27.228,27.256,27.12,27.18,107688.72
2026-01-06 12:45:00,27.179,27.295,27.179,27.26,83017.75
2026-01-06 13:00:00,27.26,27.295,27.164,27.253,52145.39
2026-01-06 13:15:00,27.254,27.298,27.142,27.239,52249.44
2026-01-06 13:30:00,27.23,27.262,27.14,27.204,45831.52
2026-01-06 13:45:00,27.202,27.202,27.011,27.142,49189.8
2026-01-06 14:00:00,27.15,27.338,27.063,27.261,119129.19
2026-01-06 14:15:00,27.261,27.431,27.261,27.309,206424.99
2026-01-06 14:30:00,27.299,27.436,27.235,27.259,138603.74
2026-01-06 14:45:00,27.259,27.288,27.0,27.08,182355.66
2026-01-06 15:00:00,27.074,27.259,27.04,27.238,76592.36
2026-01-06 15:15:00,27.238,27.439,27.238,27.342,133236.81
2026-01-06 15:30:00,27.354,27.43,27.047,27.16,130850.9
2026-01-06 15:45:00,27.159,27.273,27.033,27.169,72691.68
2026-01-06 16:00:00,27.168,27.37,27.061,27.339,93231.29
2026-01-06 16:15:00,27.339,27.36,26.902,26.934,270527.85
2026-01-06 16:30:00,26.925,27.081,26.773,26.863,179785.11
2026-01-06 16:45:00,26.873,27.08,26.8,27.073,114111.39
2026-01-06 17:00:00,27.073,27.192,26.931,27.152,128088.92
2026-01-06 17:15:00,27.151,27.499,27.068,27.322,185103.05
2026-01-06 17:30:00,27.321,27.374,27.03,27.048,128687.14
2026-01-06 17:45:00,27.048,27.048,26.699,26.719,196100.49
2026-01-06 18:00:00,26.713,26.883,26.607,26.69,269903.13
2026-01-06 18:15:00,26.69,26.758,26.477,26.661,245563.19
2026-01-06 18:30:00,26.661,26.831,26.6,26.756,140208.02
2026-01-06 18:45:00,26.756,26.949,26.755,26.935,84989.43
2026-01-06 19:00:00,26.935,27.36,26.787,27.36,218520.83
2026-01-06 19:15:00,27.356,27.567,27.264,27.41,456627.82
2026-01-06 19:30:00,27.408,27.441,27.24,27.249,64958.63
2026-01-06 19:45:00,27.241,27.433,27.067,27.089,184488.85
2026-01-06 20:00:00,27.08,27.437,27.064,27.344,110218.08
2026-01-06 20:15:00,27.345,27.582,27.319,27.386,104012.88
2026-01-06 20:30:00,27.378,27.588,27.372,27.551,85052.8
2026-01-06 20:45:00,27.551,27.583,27.373,27.46,91483.19
2026-01-06 21:00:00,27.461,27.499,27.272,27.493,93792.26
2026-01-06 21:15:00,27.493,27.87,27.476,27.722,352052.73
2026-01-06 21:30:00,27.73,27.898,27.691,27.779,217962.3
2026-01-06 21:45:00,27.779,27.805,27.433,27.531,137281.85
2026-01-06 22:00:00,27.531,27.672,27.44,27.441,85088.5
2026-01-06 22:15:00,27.441,27.507,27.362,27.485,52838.57
2026-01-06 22:30:00,27.495,27.53,27.365,27.433,63913.3
2026-01-06 22:45:00,27.433,27.623,27.368,27.623,37739.07
2026-01-06 23:00:00,27.622,28.001,27.619,27.91,186848.69
2026-01-06 23:15:00,27.912,28.045,27.901,27.95,168818.02
2026-01-06 23:30:00,27.953,28.163,27.943,28.1,211012.61
2026-01-06 23:45:00,28.1,28.38,28.07,28.241,228186.14
2026-01-07 00:00:00,28.241,28.38,28.034,28.044,240211.45
2026-01-07 00:15:00,28.043,28.098,27.953,27.997,132600.95
2026-01-07 00:30:00,27.997,28.059,27.861,27.935,114845.07
2026-01-07 00:45:00,27.936,27.936,27.625,27.648,209019.32
2026-01-07 01:00:00,27.646,27.91,27.643,27.796,78673.26
2026-01-07 01:15:00,27.797,27.797,27.456,27.706,132236.1
2026-01-07 01:30:00,27.705,27.796,27.581,27.708,53439.2
2026-01-07 01:45:00,27.713,27.808,27.61,27.764,46654.69
2026-01-07 02:00:00,27.765,27.801,27.597,27.785,41068.84
2026-01-07 02:15:00,27.785,27.933,27.653,27.853,56504.2
2026-01-07 02:30:00,27.853,28.007,27.75,27.911,41134.9
2026-01-07 02:45:00,27.912,28.029,27.876,27.885,58601.77
2026-01-07 03:00:00,27.886,27.947,27.704,27.777,79892.78
2026-01-07 03:15:00,27.784,27.848,27.649,27.739,95460.24
2026-01-07 03:30:00,27.746,27.829,27.664,27.712,74898.51
2026-01-07 03:45:00,27.711,27.807,27.647,27.807,23229.88
2026-01-07 04:00:00,27.807,27.993,27.786,27.858,24713.62
2026-01-07 04:15:00,27.858,27.873,27.708,27.714,14067.53
2026-01-07 04:30:00,27.711,27.765,27.579,27.649,34905.79
2026-01-07 04:45:00,27.65,27.65,27.418,27.435,88235.74
2026-01-07 05:00:00,27.443,27.53,27.407,27.51,31175.65
2026-01-07 05:15:00,27.51,27.578,27.449,27.567,45021.09
2026-01-07 05:30:00,27.573,27.7,27.558,27.697,77601.95
2026-01-07 05:45:00,27.697,27.697,27.432,27.451,43789.21
2026-01-07 06:00:00,27.448,27.57,27.391,27.51,48472.11
2026-01-07 06:15:00,27.512,27.549,27.427,27.429,62331.46
2026-01-07 06:30:00,27.434,27.47,27.291,27.3,75479.18
2026-01-07 06:45:00,27.306,27.455,27.304,27.406,48121.8
2026-01-07 07:00:00,27.405,27.533,27.387,27.491,18583.34
2026-01-07 07:15:00,27.495,27.57,27.487,27.519,10752.69
2026-01-07 07:30:00,27.52,27.625,27.482,27.592,9959.37
2026-01-07 07:45:00,27.585,27.648,27.537,27.615,23151.01
2026-01-07 08:00:00,27.615,27.696,27.602,27.695,49451.23
2026-01-07 08:15:00,27.687,27.743,27.441,27.539,49299.01
2026-01-07 08:30:00,27.54,27.689,27.54,27.613,23041.18
2026-01-07 08:45:00,27.613,27.622,27.503,27.516,27351.24
2026-01-07 09:00:00,27.52,27.603,27.266,27.266,63474.19
2026-01-07 09:15:00,27.276,27.379,27.232,27.345,72974.76
2026-01-07 09:30:00,27.343,27.35,27.141,27.242,64119.41
2026-01-07 09:45:00,27.229,27.237,27.058,27.12,132317.69
2026-01-07 10:00:00,27.107,27.315,27.078,27.25,67846.76
2026-01-07 10:15:00,27.25,27.329,27.13,27.263,116506.1
2026-01-07 10:30:00,27.264,27.519,27.263,27.423,242943.05
2026-01-07 10:45:00,27.425,27.557,27.396,27.504,139284.36
2026-01-07 11:00:00,27.501,27.559,27.419,27.446,175142.39
2026-01-07 11:15:00,27.446,27.459,27.292,27.301,101959.81
2026-01-07 11:30:00,27.302,27.343,27.168,27.192,96557.06
2026-01-07 11:45:00,27.196,27.204,26.986,27.038,236365.69
2026-01-07 12:00:00,27.034,27.061,26.967,26.985,68977.17
2026-01-07 12:15:00,26.986,27.093,26.982,26.987,69966.05
2026-01-07 12:30:00,26.987,27.001,26.83,26.883,164475.66
2026-01-07 12:45:00,26.883,26.963,26.8,26.822,122947.92
2026-01-07 13:00:00,26.819,26.915,26.771,26.809,114735.61
2026-01-07 13:15:00,26.809,27.007,26.796,26.97,124873.74
2026-01-07 13:30:00,26.968,27.045,26.949,27.027,38047.29
2026-01-07 13:45:00,27.035,27.062,26.901,26.906,41363.96
2026-01-07 14:00:00,26.91,26.913,26.7,26.782,121902.19
2026-01-07 14:15:00,26.782,26.801,26.582,26.589,157975.76
2026-01-07 14:30:00,26.598,26.878,26.568,26.73,199208.14
2026-01-07 14:45:00,26.727,26.882,26.716,26.804,87399.99
2026-01-07 15:00:00,26.814,26.837,26.585,26.652,115571.14
2026-01-07 15:15:00,26.654,26.716,26.51,26.7,218122.91
2026-01-07 15:30:00,26.701,26.701,26.517,26.597,129375.22
2026-01-07 15:45:00,26.598,26.649,26.487,26.487,86407.85
2026-01-07 16:00:00,26.487,26.737,26.481,26.713,84351.77
2026-01-07 16:15:00,26.713,26.899,26.711,26.815,139808.01
2026-01-07 16:30:00,26.815,26.815,26.557,26.766,88185.22
2026-01-07 16:45:00,26.767,26.806,26.574,26.69,88874.86
2026-01-07 17:00:00,26.69,26.832,26.624,26.757,79343.86
2026-01-07 17:15:00,26.765,26.949,26.755,26.885,57381.9
2026-01-07 17:30:00,26.886,26.888,26.777,26.847,34556.79
2026-01-07 17:45:00,26.849,26.877,26.629,26.735,60579.47
2026-01-07 18:00:00,26.735,26.768,26.664,26.726,25642.34
2026-01-07 18:15:00,26.726,27.199,26.641,26.93,102786.07
2026-01-07 18:30:00,26.929,27.076,26.909,26.946,68620.71
2026-01-07 18:45:00,26.946,26.975,26.732,26.798,82873.4
2026-01-07 19:00:00,26.799,26.896,26.7,26.733,137442.41
2026-01-07 19:15:00,26.734,27.061,26.688,27.024,135089.52
2026-01-07 19:30:00,27.014,27.081,26.805,26.831,85266.53
2026-01-07 19:45:00,26.833,26.984,26.83,26.888,18791.65
2026-01-07 20:00:00,26.889,27.116,26.826,26.86,126416.24
2026-01-07 20:15:00,26.86,26.921,26.742,26.799,65946.14
2026-01-07 20:30:00,26.8,26.921,26.793,26.858,25878.48
2026-01-07 20:45:00,26.862,26.867,26.721,26.806,43882.01
2026-01-07 21:00:00,26.806,26.82,26.716,26.776,37395.6
2026-01-07 21:15:00,26.773,26.998,26.755,26.809,157540.84
2026-01-07 21:30:00,26.806,27.007,26.636,26.718,214767.61
2026-01-07 21:45:00,26.711,26.854,26.514,26.601,185022.06
2026-01-07 22:00:00,26.594,26.821,26.558,26.706,169878.87
2026-01-07 22:15:00,26.702,26.848,26.669,26.815,21763.59
2026-01-07 22:30:00,26.818,27.049,26.815,26.884,152905.76
2026-01-07 22:45:00,26.884,26.921,26.804,26.903,27055.26
2026-01-07 23:00:00,26.903,26.903,26.712,26.792,16209.02
2026-01-07 23:15:00,26.796,27.018,26.795,27.018,41615.24
2026-01-07 23:30:00,27.019,27.05,26.844,26.864,48985.35
2026-01-07 23:45:00,26.865,27.0,26.836,26.875,47773.75
2026-01-08 00:00:00,26.876,26.98,26.826,26.839,20387.39
2026-01-08 00:15:00,26.841,26.9,26.755,26.808,28047.09
2026-01-08 00:30:00,26.808,26.911,26.8,26.911,11052.98
2026-01-08 00:45:00,26.911,27.089,26.911,26.979,74562.7
2026-01-08 01:00:00,26.984,27.038,26.932,27.009,34421.12
2026-01-08 01:15:00,27.01,27.039,26.932,27.021,13746.03
2026-01-08 01:30:00,27.019,27.029,26.915,26.922,19719.28
2026-01-08 01:45:00,26.923,26.924,26.825,26.835,43667.28
2026-01-08 02:00:00,26.836,26.922,26.798,26.872,18014.08
2026-01-08 02:15:00,26.875,26.919,26.671,26.715,37277.32
2026-01-08 02:30:00,26.717,26.751,26.615,26.668,48110.93
2026-01-08 02:45:00,26.672,26.763,26.62,26.749,14085.88
2026-01-08 03:00:00,26.75,26.849,26.716,26.729,58900.02
2026-01-08 03:15:00,26.729,26.808,26.609,26.609,45971.27
2026-01-08 03:30:00,26.615,26.704,26.5,26.558,112901.52
2026-01-08 03:45:00,26.559,26.559,26.363,26.514,156751.62
2026-01-08 04:00:00,26.515,26.53,26.359,26.465,75092.73
2026-01-08 04:15:00,26.466,26.623,26.46,26.531,61522.49
2026-01-08 04:30:00,26.529,26.58,26.476,26.485,19558.52
2026-01-08 04:45:00,26.485,26.564,26.473,26.537,22522.42
2026-01-08 05:00:00,26.538,26.732,26.513,26.65,47628.46
2026-01-08 05:15:00,26.644,26.683,26.58,26.583,24638.86
2026-01-08 05:30:00,26.583,26.674,26.511,26.534,20609.72
2026-01-08 05:45:00,26.534,26.616,26.506,26.536,48909.18
2026-01-08 06:00:00,26.537,26.61,26.37,26.459,79000.98
2026-01-08 06:15:00,26.462,26.495,26.253,26.302,170453.72
2026-01-08 06:30:00,26.309,26.394,26.3,26.353,43525.75
2026-01-08 06:45:00,26.353,26.357,26.161,26.202,88804.85
2026-01-08 07:00:00,26.213,26.463,26.131,26.427,156458.1
2026-01-08 07:15:00,26.427,26.577,26.402,26.576,84335.36
2026-01-08 07:30:00,26.577,26.605,26.487,26.552,44657.86
2026-01-08 07:45:00,26.555,26.717,26.54,26.707,112806.63
2026-01-08 08:00:00,26.7,26.747,26.606,26.705,38151.82
2026-01-08 08:15:00,26.705,26.707,26.419,26.58,127441.34
2026-01-08 08:30:00,26.583,26.613,26.395,26.4,71112.14
2026-01-08 08:45:00,26.4,26.436,26.3,26.388,91268.37
2026-01-08 09:00:00,26.388,26.521,26.388,26.483,15470.29
2026-01-08 09:15:00,26.48,26.48,26.238,26.238,35699.35
2026-01-08 09:30:00,26.239,26.258,26.15,26.204,57363.85
2026-01-08 09:45:00,26.209,26.262,26.101,26.108,61762.69
2026-01-08 10:00:00,26.108,26.115,25.83,26.03,527356.74
2026-01-08 10:15:00,26.033,26.209,26.003,26.193,132080.09
2026-01-08 10:30:00,26.195,26.212,26.124,26.162,25039.0
2026-01-08 10:45:00,26.162,26.311,26.159,26.273,32369.99
2026-01-08 11:00:00,26.264,26.318,26.15,26.195,35648.64
2026-01-08 11:15:00,26.197,26.245,26.01,26.106,92826.23
2026-01-08 11:30:00,26.106,26.139,26.046,26.059,30285.32
2026-01-08 11:45:00,26.067,26.152,26.054,26.149,25204.73
2026-01-08 12:00:00,26.15,26.15,25.974,26.019,56839.46
2026-01-08 12:15:00,26.019,26.046,25.877,25.988,93985.5
2026-01-08 12:30:00,25.988,26.044,25.861,25.982,57191.31
2026-01-08 12:45:00,25.982,26.008,25.918,25.967,30262.87
2026-01-08 13:00:00,25.966,25.989,25.891,25.94,49702.86
2026-01-08 13:15:00,25.936,26.028,25.88,26.013,56106.86
2026-01-08 13:30:00,26.011,26.036,25.853,25.907,79345.55
2026-01-08 13:45:00,25.907,25.944,25.818,25.922,56434.46
2026-01-08 14:00:00,25.922,25.93,25.75,25.839,107903.07
2026-01-08 14:15:00,25.839,25.84,25.703,25.799,175847.02
2026-01-08 14:30:00,25.791,26.02,25.7,25.917,168326.88
2026-01-08 14:45:00,25.918,26.182,25.866,26.165,199554.63
2026-01-08 15:00:00,26.165,26.293,25.99,26.223,202145.26
2026-01-08 15:15:00,26.223,26.269,26.163,26.191,82661.37
2026-01-08 15:30:00,26.191,26.197,25.963,26.086,137334.62
2026-01-08 15:45:00,26.086,26.205,26.05,26.191,49960.18
2026-01-08 16:00:00,26.191,26.248,26.096,26.142,66899.15
2026-01-08 16:15:00,26.142,26.142,26.02,26.128,61608.77
2026-01-08 16:30:00,26.128,26.153,26.003,26.106,59444.6
2026-01-08 16:45:00,26.103,26.162,26.0,26.125,53213.53
2026-01-08 17:00:00,26.129,26.305,26.085,26.141,87653.83
2026-01-08 17:15:00,26.14,26.191,26.001,26.012,35488.9
2026-01-08 17:30:00,26.011,26.157,26.003,26.129,70688.64
2026-01-08 17:45:00,26.122,26.237,26.121,26.194,47667.48
2026-01-08 18:00:00,26.194,26.251,26.117,26.117,82166.89
2026-01-08 18:15:00,26.118,26.123,25.94,25.977,204161.98
2026-01-08 18:30:00,25.978,26.002,25.761,25.827,122454.33
2026-01-08 18:45:00,25.827,26.0,25.827,25.975,84609.13
2026-01-08 19:00:00,25.977,26.087,25.96,25.999,97206.87
2026-01-08 19:15:00,25.993,26.036,25.951,25.968,57162.91
2026-01-08 19:30:00,25.969,26.064,25.968,25.988,35350.09
2026-01-08 19:45:00,25.994,26.017,25.892,25.95,35680.78
2026-01-08 20:00:00,25.95,25.95,25.632,25.655,199086.26
2026-01-08 20:15:00,25.658,25.77,25.61,25.694,83665.64
2026-01-08 20:30:00,25.69,25.794,25.69,25.729,35483.02
2026-01-08 20:45:00,25.733,25.87,25.721,25.843,27066.96
2026-01-08 21:00:00,25.848,25.89,25.828,25.855,38594.84
2026-01-08 21:15:00,25.86,25.878,25.775,25.798,32856.16
2026-01-08 21:30:00,25.799,25.875,25.732,25.796,33590.8
2026-01-08 21:45:00,25.797,25.91,25.785,25.866,32992.81
2026-01-08 22:00:00,25.876,25.962,25.825,25.928,54942.82
2026-01-08 22:15:00,25.93,25.931,25.822,25.844,27944.34
2026-01-08 22:30:00,25.844,25.852,25.639,25.641,62608.02
2026-01-08 22:45:00,25.641,25.765,25.639,25.738,39134.14
2026-01-08 23:00:00,25.738,25.769,25.697,25.709,26390.05
2026-01-08 23:15:00,25.709,25.733,25.682,25.69,39647.69
2026-01-08 23:30:00,25.691,25.704,25.573,25.665,82812.71
2026-01-08 23:45:00,25.665,25.706,25.626,25.663,26729.55
2026-01-09 00:00:00,25.663,25.669,25.538,25.582,63979.87
2026-01-09 00:15:00,25.582,25.662,25.515,25.522,136964.47
2026-01-09 00:30:00,25.523,25.619,25.5,25.565,47964.34
2026-01-09 00:45:00,25.564,25.646,25.551,25.604,32915.14
2026-01-09 01:00:00,25.604,25.624,25.469,25.525,80379.27
2026-01-09 01:15:00,25.525,25.731,25.465,25.694,114190.1
2026-01-09 01:30:00,25.694,25.751,25.42,25.514,77972.89
2026-01-09 01:45:00,25.516,25.56,25.431,25.489,37127.08
2026-01-09 02:00:00,25.491,25.711,25.467,25.688,47634.68
2026-01-09 02:15:00,25.685,25.735,25.642,25.65,30112.71
2026-01-09 02:30:00,25.651,25.68,25.601,25.644,20410.06
2026-01-09 02:45:00,25.644,25.652,25.587,25.616,14945.41
2026-01-09 03:00:00,25.616,25.64,25.489,25.558,106428.77
2026-01-09 03:15:00,25.558,25.602,25.523,25.586,23360.39
2026-01-09 03:30:00,25.59,25.735,25.571,25.715,24286.48
2026-01-09 03:45:00,25.711,25.787,25.709,25.728,16545.42
2026-01-09 04:00:00,25.735,25.79,25.687,25.716,26711.05
2026-01-09 04:15:00,25.719,25.788,25.695,25.78,12051.12
2026-01-09 04:30:00,25.781,25.858,25.744,25.793,55826.72
2026-01-09 04:45:00,25.793,25.904,25.791,25.859,82191.7
2026-01-09 05:00:00,25.86,25.925,25.859,25.92,20641.67
2026-01-09 05:15:00,25.916,25.942,25.805,25.876,52357.01
2026-01-09 05:30:00,25.891,26.001,25.83,25.977,51509.51
2026-01-09 05:45:00,25.98,26.031,25.972,26.004,25436.04
2026-01-09 06:00:00,26.003,26.065,25.919,26.064,36130.2
2026-01-09 06:15:00,26.066,26.119,26.043,26.094,49440.12
2026-01-09 06:30:00,26.091,26.19,26.075,26.123,72937.53
2026-01-09 06:45:00,26.122,26.208,26.103,26.175,42999.51
2026-01-09 07:00:00,26.176,26.182,26.081,26.087,34475.78
2026-01-09 07:15:00,26.096,26.115,26.06,26.072,43567.81
2026-01-09 07:30:00,26.079,26.087,26.005,26.012,28955.52
2026-01-09 07:45:00,26.013,26.128,26.007,26.086,11337.92
2026-01-09 08:00:00,26.089,26.124,25.837,25.921,64057.02
2026-01-09 08:15:00,25.922,25.952,25.886,25.93,24173.56
2026-01-09 08:30:00,25.931,25.978,25.613,25.633,196937.4
2026-01-09 08:45:00,25.634,25.678,25.449,25.508,300685.14
2026-01-09 09:00:00,25.51,25.595,25.305,25.327,272732.74
2026-01-09 09:15:00,25.327,25.45,25.27,25.422,208857.0
2026-01-09 09:30:00,25.42,25.444,25.314,25.346,164107.46
2026-01-09 09:45:00,25.345,25.446,25.252,25.363,156704.52
2026-01-09 10:00:00,25.354,25.382,25.278,25.319,169510.51
2026-01-09 10:15:00,25.318,25.396,25.251,25.292,247658.97
2026-01-09 10:30:00,25.281,25.379,25.237,25.251,250654.34
2026-01-09 10:45:00,25.251,25.353,25.236,25.302,78524.76
2026-01-09 11:00:00,25.299,25.486,25.295,25.473,111113.53
2026-01-09 11:15:00,25.473,25.518,25.452,25.517,65699.67
2026-01-09 11:30:00,25.517,25.649,25.469,25.502,80816.57
2026-01-09 11:45:00,25.501,25.553,25.434,25.506,42271.3
2026-01-09 12:00:00,25.506,25.507,25.361,25.402,69543.52
2026-01-09 12:15:00,25.4,25.402,25.319,25.377,67180.67
2026-01-09 12:30:00,25.377,25.476,25.376,25.395,40313.77
2026-01-09 12:45:00,25.394,25.516,25.377,25.511,73624.27
2026-01-09 13:00:00,25.512,25.587,25.464,25.548,46188.18
2026-01-09 13:15:00,25.546,25.683,25.542,25.654,30816.8
2026-01-09 13:30:00,25.65,25.776,25.559,25.665,107815.74
2026-01-09 13:45:00,25.661,25.665,25.521,25.56,53242.89
2026-01-09 14:00:00,25.563,25.591,25.373,25.454,87918.64
2026-01-09 14:15:00,25.454,25.577,25.44,25.526,63579.57
2026-01-09 14:30:00,25.532,25.608,25.405,25.43,96163.11
2026-01-09 14:45:00,25.435,25.58,25.394,25.548,70232.25
2026-01-09 15:00:00,25.55,25.628,25.465,25.607,92531.85
2026-01-09 15:15:00,25.604,25.91,25.51,25.892,105328.16
2026-01-09 15:30:00,25.884,25.99,25.711,25.728,177155.21
2026-01-09 15:45:00,25.726,25.845,25.509,25.621,96869.38
2026-01-09 16:00:00,25.618,25.879,25.575,25.853,68386.44
2026-01-09 16:15:00,25.853,25.864,25.671,25.705,52530.79
2026-01-09 16:30:00,25.704,25.709,25.604,25.686,39078.77
2026-01-09 16:45:00,25.688,25.743,25.599,25.696,58903.37
2026-01-09 17:00:00,25.696,25.797,25.65,25.701,29479.21
2026-01-09 17:15:00,25.702,25.704,25.535,25.637,70663.08
2026-01-09 17:30:00,25.642,25.771,25.589,25.721,50259.81
2026-01-09 17:45:00,25.722,25.839,25.672,25.76,63610.93
2026-01-09 18:00:00,25.761,25.925,25.635,25.658,165868.97
2026-01-09 18:15:00,25.66,25.66,25.298,25.373,341636.17
2026-01-09 18:30:00,25.37,25.49,25.309,25.444,112363.4
2026-01-09 18:45:00,25.455,25.51,25.405,25.48,11036.91
2026-01-09 19:00:00,25.485,25.486,25.268,25.281,63088.77
2026-01-09 19:15:00,25.282,25.285,25.02,25.154,381171.89
2026-01-09 19:30:00,25.157,25.16,25.02,25.102,90415.88
2026-01-09 19:45:00,25.099,25.206,25.089,25.105,32351.62
2026-01-09 20:00:00,25.112,25.198,25.09,25.178,25271.52
2026-01-09 20:15:00,25.177,25.188,24.91,25.007,239644.41
2026-01-09 20:30:00,25.008,25.055,24.937,24.959,41772.48
2026-01-09 20:45:00,24.962,25.055,24.96,25.024,39415.5
2026-01-09 21:00:00,25.04,25.055,24.987,25.041,33154.98
2026-01-09 21:15:00,25.04,25.116,25.02,25.112,61280.74
2026-01-09 21:30:00,25.113,25.152,25.076,25.121,85180.53
2026-01-09 21:45:00,25.122,25.152,24.999,25.114,88239.76
2026-01-09 22:00:00,25.118,25.152,25.085,25.147,21201.93
2026-01-09 22:15:00,25.147,25.152,25.088,25.151,28342.28
2026-01-09 22:30:00,25.145,25.199,25.139,25.192,31580.62
2026-01-09 22:45:00,25.193,25.199,25.137,25.17,23429.29
2026-01-09 23:00:00,25.174,25.195,25.0,25.042,124848.89
2026-01-09 23:15:00,25.037,25.112,25.028,25.078,22019.94
2026-01-09 23:30:00,25.079,25.112,25.025,25.07,16482.2
2026-01-09 23:45:00,25.079,25.129,25.009,25.054,13534.8
2026-01-10 00:00:00,25.055,25.074,24.9,24.9,61126.26
2026-01-10 00:15:00,24.901,24.929,24.601,24.909,565180.98
2026-01-10 00:30:00,24.908,25.047,24.849,24.866,222398.48
2026-01-10 00:45:00,24.864,24.864,24.59,24.645,254879.28
2026-01-10 01:00:00,24.652,24.704,24.401,24.644,363868.97
2026-01-10 01:15:00,24.644,24.699,24.588,24.618,72332.74
2026-01-10 01:30:00,24.619,24.682,24.602,24.646,62745.02
2026-01-10 01:45:00,24.648,24.664,24.535,24.605,52361.43
2026-01-10 02:00:00,24.605,24.625,24.49,24.57,42483.21
2026-01-10 02:15:00,24.571,24.666,24.497,24.522,94918.68
2026-01-10 02:30:00,24.517,24.522,24.31,24.354,195378.32
2026-01-10 02:45:00,24.351,24.512,24.312,24.422,189680.32
2026-01-10 03:00:00,24.425,24.473,24.32,24.383,87301.26
2026-01-10 03:15:00,24.379,24.395,24.282,24.356,82950.66
2026-01-10 03:30:00,24.356,24.365,24.208,24.26,114741.22
2026-01-10 03:45:00,24.26,24.403,24.23,24.403,129855.95
2026-01-10 04:00:00,24.399,24.415,24.231,24.285,121337.99
2026-01-10 04:15:00,24.289,24.407,24.274,24.32,64412.6
2026-01-10 04:30:00,24.32,24.385,24.302,24.374,28063.92
2026-01-10 04:45:00,24.374,24.401,24.336,24.352,13441.58
2026-01-10 05:00:00,24.357,24.434,24.31,24.39,30657.14
2026-01-10 05:15:00,24.391,24.426,24.353,24.396,24016.62
2026-01-10 05:30:00,24.398,24.398,24.312,24.357,29323.29
2026-01-10 05:45:00,24.357,24.412,24.301,24.302,14427.22
2026-01-10 06:00:00,24.302,24.363,24.293,24.356,12480.77
2026-01-10 06:15:00,24.357,24.366,24.212,24.296,36985.06
2026-01-10 06:30:00,24.296,24.328,24.224,24.318,14514.06
2026-01-10 06:45:00,24.315,24.331,24.275,24.304,6274.37
2026-01-10 07:00:00,24.304,24.364,24.294,24.341,19852.23
2026-01-10 07:15:00,24.34,24.344,24.176,24.236,65021.26
2026-01-10 07:30:00,24.234,24.278,24.18,24.247,49398.19
2026-01-10 07:45:00,24.251,24.338,24.239,24.331,37538.94
2026-01-10 08:00:00,24.332,24.366,24.251,24.314,30690.69
2026-01-10 08:15:00,24.314,24.355,24.294,24.347,19931.88
2026-01-10 08:30:00,24.347,24.351,24.239,24.308,41080.66
2026-01-10 08:45:00,24.308,24.388,24.297,24.387,16414.86
2026-01-10 09:00:00,24.386,24.636,24.368,24.586,165933.89
2026-01-10 09:15:00,24.585,24.588,24.495,24.572,45565.09
2026-01-10 09:30:00,24.574,24.582,24.525,24.55,34773.69
2026-01-10 09:45:00,24.55,24.634,24.549,24.617,45396.81
2026-01-10 10:00:00,24.616,24.616,24.556,24.595,30702.6
2026-01-10 10:15:00,24.592,24.597,24.564,24.584,15044.66
2026-01-10 10:30:00,24.583,24.635,24.565,24.623,34912.46
2026-01-10 10:45:00,24.621,24.681,24.598,24.676,25647.75
2026-01-10 11:00:00,24.676,24.677,24.575,24.588,19367.06
2026-01-10 11:15:00,24.588,24.616,24.544,24.558,5955.53
2026-01-10 11:30:00,24.561,24.579,24.484,24.502,16817.05
2026-01-10 11:45:00,24.502,24.569,24.46,24.552,28967.76
2026-01-10 12:00:00,24.561,24.6,24.538,24.599,17838.8
2026-01-10 12:15:00,24.595,24.628,24.549,24.58,27532.66
2026-01-10 12:30:00,24.581,24.588,24.508,24.537,34579.7
2026-01-10 12:45:00,24.537,24.587,24.514,24.587,6426.12
2026-01-10 13:00:00,24.585,24.585,24.512,24.524,16432.64
2026-01-10 13:15:00,24.524,24.57,24.516,24.521,6796.89
2026-01-10 13:30:00,24.521,24.557,24.51,24.55,17694.91
2026-01-10 13:45:00,24.552,24.562,24.5,24.511,20457.96
2026-01-10 14:00:00,24.511,24.511,24.415,24.456,27361.08
2026-01-10 14:15:00,24.456,24.456,24.332,24.371,104219.8
2026-01-10 14:30:00,24.383,24.389,24.313,24.388,43732.86
2026-01-10 14:45:00,24.389,24.389,24.187,24.283,76738.27
2026-01-10 15:00:00,24.283,24.319,24.243,24.282,44668.43
2026-01-10 15:15:00,24.282,24.284,24.231,24.265,56166.79
2026-01-10 15:30:00,24.265,24.328,24.239,24.32,22577.77
2026-01-10 15:45:00,24.32,24.329,24.273,24.317,14779.35
2026-01-10 16:00:00,24.317,24.33,24.264,24.31,31992.77
2026-01-10 16:15:00,24.307,24.309,24.252,24.3,11162.62
2026-01-10 16:30:00,24.3,24.303,24.236,24.251,23155.42
2026-01-10 16:45:00,24.268,24.276,24.009,24.126,163709.69
2026-01-10 17:00:00,24.126,24.211,24.112,24.207,28643.44
2026-01-10 17:15:00,24.211,24.242,24.184,24.205,25186.23
2026-01-10 17:30:00,24.202,24.209,24.139,24.171,18457.26
2026-01-10 17:45:00,24.171,24.177,23.855,23.949,201817.24
2026-01-10 18:00:00,23.948,24.007,23.913,23.933,87129.3
2026-01-10 18:15:00,23.932,24.063,23.914,24.057,70078.72
2026-01-10 18:30:00,24.058,24.098,23.91,24.092,198963.61
2026-01-10 18:45:00,24.092,24.122,24.054,24.057,21491.77
2026-01-10 19:00:00,24.061,24.144,24.055,24.124,42153.99
2026-01-10 19:15:00,24.124,24.125,24.065,24.065,22688.14
2026-01-10 19:30:00,24.065,24.121,24.047,24.108,12926.35
2026-01-10 19:45:00,24.117,24.125,24.094,24.117,8999.81
2026-01-10 20:00:00,24.112,24.153,24.112,24.143,10621.85
2026-01-10 20:15:00,24.143,24.178,24.116,24.151,21139.09
2026-01-10 20:30:00,24.149,24.152,24.08,24.092,21956.73
2026-01-10 20:45:00,24.091,24.16,24.08,24.156,41541.1
2026-01-10 21:00:00,24.152,24.201,24.12,24.171,68008.3
2026-01-10 21:15:00,24.17,24.228,24.162,24.197,57430.09
2026-01-10 21:30:00,24.197,24.242,24.176,24.184,17016.63
2026-01-10 21:45:00,24.183,24.183,24.128,24.139,13306.94
2026-01-10 22:00:00,24.137,24.211,24.102,24.102,10777.75
2026-01-10 22:15:00,24.101,24.125,24.032,24.049,31973.18
2026-01-10 22:30:00,24.051,24.102,24.051,24.055,12408.65
2026-01-10 22:45:00,24.055,24.059,23.784,23.87,132773.31
2026-01-10 23:00:00,23.868,23.98,23.828,23.97,94262.57
2026-01-10 23:15:00,23.967,23.976,23.889,23.954,14436.08
2026-01-10 23:30:00,23.954,24.039,23.923,24.035,22992.12
2026-01-10 23:45:00,24.031,24.057,23.999,24.02,22957.99
2026-01-11 00:00:00,24.02,24.066,23.969,24.066,38837.25
2026-01-11 00:15:00,24.066,24.108,24.039,24.088,30333.63
2026-01-11 00:30:00,24.081,24.139,24.063,24.078,31977.66
2026-01-11 00:45:00,24.077,24.142,24.077,24.106,21852.94
2026-01-11 01:00:00,24.104,24.173,24.012,24.105,141509.41
2026-01-11 01:15:00,24.106,24.146,24.073,24.117,12086.11
2026-01-11 01:30:00,24.117,24.179,24.089,24.179,5473.29
2026-01-11 01:45:00,24.178,24.183,24.125,24.133,6158.93
2026-01-11 02:00:00,24.132,24.14,24.05,24.098,17810.48
2026-01-11 02:15:00,24.098,24.127,24.039,24.081,20768.7
2026-01-11 02:30:00,24.08,24.114,24.004,24.114,36074.29
2026-01-11 02:45:00,24.106,24.149,24.072,24.149,14524.33
2026-01-11 03:00:00,24.14,24.146,24.103,24.142,13852.19
2026-01-11 03:15:00,24.143,24.181,24.085,24.105,20535.17
2026-01-11 03:30:00,24.112,24.145,24.081,24.134,17329.89
2026-01-11 03:45:00,24.132,24.2,24.117,24.191,7353.36
2026-01-11 04:00:00,24.192,24.199,24.152,24.172,14198.96
2026-01-11 04:15:00,24.173,24.186,24.134,24.171,7665.97
2026-01-11 04:30:00,24.171,24.209,24.16,24.182,5621.2
2026-01-11 04:45:00,24.185,24.242,24.174,24.233,19483.51
2026-01-11 05:00:00,24.23,24.258,24.225,24.25,16347.84
2026-01-11 05:15:00,24.25,24.272,24.225,24.234,9235.44
2026-01-11 05:30:00,24.235,24.304,24.235,24.297,50695.14
2026-01-11 05:45:00,24.297,24.318,24.267,24.29,19874.3
2026-01-11 06:00:00,24.29,24.318,24.26,24.3,8027.26
2026-01-11 06:15:00,24.301,24.36,24.2,24.36,31701.41
2026-01-11 06:30:00,24.361,24.473,24.33,24.42,31170.97
2026-01-11 06:45:00,24.422,24.429,24.338,24.376,10985.27
2026-01-11 07:00:00,24.376,24.409,24.342,24.4,11170.05
2026-01-11 07:15:00,24.4,24.463,24.381,24.455,21744.98
2026-01-11 07:30:00,24.462,24.483,24.401,24.483,19008.12
2026-01-11 07:45:00,24.478,24.485,24.44,24.447,15430.98
2026-01-11 08:00:00,24.447,24.448,24.355,24.385,27204.8
2026-01-11 08:15:00,24.385,24.426,24.353,24.356,14451.07
2026-01-11 08:30:00,24.354,24.383,24.308,24.345,14719.32
2026-01-11 08:45:00,24.346,24.445,24.314,24.429,18488.73
2026-01-11 09:00:00,24.419,24.468,24.369,24.463,14127.17
2026-01-11 09:15:00,24.462,24.51,24.418,24.464,14388.28
2026-01-11 09:30:00,24.463,24.463,24.332,24.349,44518.93
2026-01-11 09:45:00,24.349,24.417,24.349,24.402,15455.75
2026-01-11 10:00:00,24.4,24.441,24.357,24.424,15959.38
2026-01-11 10:15:00,24.428,24.465,24.409,24.452,12710.37
2026-01-11 10:30:00,24.448,24.502,24.348,24.465,134195.45
2026-01-11 10:45:00,24.462,24.462,24.387,24.39,17022.97
2026-01-11 11:00:00,24.398,24.407,24.379,24.379,8435.62
2026-01-11 11:15:00,24.379,24.411,24.373,24.378,12311.52
2026-01-11 11:30:00,24.378,24.44,24.366,24.393,17126.62
2026-01-11 11:45:00,24.391,24.434,24.391,24.426,6685.51
2026-01-11 12:00:00,24.428,24.468,24.404,24.457,41336.46
2026-01-11 12:15:00,24.456,24.522,24.427,24.514,46445.85
2026-01-11 12:30:00,24.513,24.585,24.492,24.54,62359.91
2026-01-11 12:45:00,24.548,24.604,24.533,24.596,54427.54
2026-01-11 13:00:00,24.592,24.626,24.565,24.585,56334.92
2026-01-11 13:15:00,24.587,24.619,24.507,24.57,28540.45
2026-01-11 13:30:00,24.567,24.568,24.5,24.514,7698.93
2026-01-11 13:45:00,24.519,24.611,24.516,24.56,41269.92
2026-01-11 14:00:00,24.564,24.568,24.494,24.551,20287.01
2026-01-11 14:15:00,24.544,24.554,24.516,24.554,10944.09
2026-01-11 14:30:00,24.555,24.6,24.524,24.556,11564.45
2026-01-11 14:45:00,24.557,24.601,24.527,24.584,22536.46
2026-01-11 15:00:00,24.59,24.625,24.462,24.51,38076.61
2026-01-11 15:15:00,24.507,24.599,24.441,24.441,23853.8
2026-01-11 15:30:00,24.448,24.493,24.42,24.468,17477.81
2026-01-11 15:45:00,24.47,24.47,24.361,24.421,30101.13
2026-01-11 16:00:00,24.421,24.545,24.374,24.391,73069.34
2026-01-11 16:15:00,24.392,24.567,24.39,24.52,26863.38
2026-01-11 16:30:00,24.524,24.643,24.522,24.552,34671.0
2026-01-11 16:45:00,24.546,24.59,24.5,24.513,13575.94
2026-01-11 17:00:00,24.515,24.6,24.494,24.58,16350.03
2026-01-11 17:15:00,24.582,24.608,24.554,24.577,36530.39
2026-01-11 17:30:00,24.581,24.611,24.46,24.544,47471.71
2026-01-11 17:45:00,24.545,24.592,24.524,24.555,8555.03
2026-01-11 18:00:00,24.565,24.572,24.472,24.517,17767.85
2026-01-11 18:15:00,24.516,24.573,24.514,24.521,9345.36
2026-01-11 18:30:00,24.52,24.64,24.505,24.612,35607.96
2026-01-11 18:45:00,24.612,24.653,24.59,24.615,15521.86
2026-01-11 19:00:00,24.615,24.65,24.564,24.621,24841.65
2026-01-11 19:15:00,24.622,24.638,24.571,24.601,13288.83
2026-01-11 19:30:00,24.602,24.63,24.57,24.583,20061.43
2026-01-11 19:45:00,24.582,24.583,24.514,24.546,34313.87
2026-01-11 20:00:00,24.542,24.542,24.424,24.478,25448.04
2026-01-11 20:15:00,24.478,24.527,24.406,24.504,26612.3
2026-01-11 20:30:00,24.502,24.545,24.451,24.514,18213.23
2026-01-11 20:45:00,24.519,24.536,24.493,24.513,34446.11
2026-01-11 21:00:00,24.512,24.512,24.416,24.461,26601.96
2026-01-11 21:15:00,24.452,24.488,24.44,24.468,10084.2
2026-01-11 21:30:00,24.469,24.514,24.454,24.482,11101.27
2026-01-11 21:45:00,24.479,24.501,24.417,24.459,17099.36
2026-01-11 22:00:00,24.454,24.454,24.236,24.312,132099.88
2026-01-11 22:15:00,24.317,24.398,24.263,24.377,71046.03
2026-01-11 22:30:00,24.376,24.46,24.36,24.457,30294.01
2026-01-11 22:45:00,24.455,24.455,24.351,24.358,19154.47
2026-01-11 23:00:00,24.351,24.4,24.26,24.397,36121.72
2026-01-11 23:15:00,24.398,24.428,24.343,24.372,45179.93
2026-01-11 23:30:00,24.37,24.373,24.277,24.341,22358.11
2026-01-11 23:45:00,24.34,24.42,24.306,24.42,16761.0
2026-01-12 00:00:00,24.421,24.445,24.281,24.29,27164.49
2026-01-12 00:15:00,24.292,24.441,24.285,24.433,31880.13
2026-01-12 00:30:00,24.422,24.485,24.343,24.387,37287.84
2026-01-12 00:45:00,24.387,24.531,24.299,24.508,47595.99
2026-01-12 01:00:00,24.508,24.693,24.43,24.657,190605.15
2026-01-12 01:15:00,24.653,24.725,24.593,24.699,71833.21
2026-01-12 01:30:00,24.7,24.704,24.51,24.584,47899.28
2026-01-12 01:45:00,24.587,24.735,24.548,24.718,68283.46
2026-01-12 02:00:00,24.719,24.816,24.697,24.812,94388.07
2026-01-12 02:15:00,24.814,24.967,24.799,24.94,174095.59
2026-01-12 02:30:00,24.94,25.1,24.87,25.092,129503.25
2026-01-12 02:45:00,25.093,25.392,25.093,25.207,366826.5
2026-01-12 03:00:00,25.214,25.281,25.045,25.127,216773.2
2026-01-12 03:15:00,25.125,25.158,25.042,25.114,102917.24
2026-01-12 03:30:00,25.121,25.17,25.0,25.022,84890.26
2026-01-12 03:45:00,25.029,25.029,24.83,24.879,87669.72
2026-01-12 04:00:00,24.88,24.997,24.78,24.993,71066.8
2026-01-12 04:15:00,24.995,25.0,24.872,24.972,42042.84
2026-01-12 04:30:00,24.97,25.065,24.948,25.064,26442.69
2026-01-12 04:45:00,25.064,25.101,25.005,25.043,35214.54
2026-01-12 05:00:00,25.04,25.072,24.962,24.97,12206.76
2026-01-12 05:15:00,24.965,25.011,24.861,24.961,64293.24
2026-01-12 05:30:00,24.951,25.017,24.915,24.956,26582.06
2026-01-12 05:45:00,24.955,24.964,24.827,24.827,27439.59
2026-01-12 06:00:00,24.826,24.91,24.782,24.906,37585.72
2026-01-12 06:15:00,24.906,24.924,24.781,24.828,27563.88
2026-01-12 06:30:00,24.828,24.863,24.785,24.827,40232.84
2026-01-12 06:45:00,24.827,24.882,24.77,24.875,31253.22
2026-01-12 07:00:00,24.875,25.033,24.855,24.951,36116.74
2026-01-12 07:15:00,24.969,25.009,24.917,24.996,30726.77
2026-01-12 07:30:00,24.996,24.996,24.76,24.782,93650.89
2026-01-12 07:45:00,24.782,24.84,24.689,24.71,67879.38
2026-01-12 08:00:00,24.72,24.85,24.592,24.72,219229.97
2026-01-12 08:15:00,24.72,24.746,24.522,24.535,139758.14
2026-01-12 08:30:00,24.535,24.556,24.263,24.361,205151.79
2026-01-12 08:45:00,24.347,24.505,24.262,24.471,107543.34
2026-01-12 09:00:00,24.468,24.53,24.434,24.511,53390.64
2026-01-12 09:15:00,24.513,24.539,24.334,24.351,91108.57
2026-01-12 09:30:00,24.357,24.43,24.278,24.341,69417.98
2026-01-12 09:45:00,24.341,24.387,24.064,24.081,268372.54
2026-01-12 10:00:00,24.081,24.14,23.859,24.081,251778.67
2026-01-12 10:15:00,24.08,24.185,23.976,23.995,76748.63
2026-01-12 10:30:00,23.995,24.035,23.97,23.981,41412.65
2026-01-12 10:45:00,23.98,24.022,23.888,23.917,40218.98
2026-01-12 11:00:00,23.915,23.949,23.604,23.92,321547.0
2026-01-12 11:15:00,23.917,24.079,23.904,24.017,78283.0
2026-01-12 11:30:00,24.02,24.087,23.998,24.041,56246.8
2026-01-12 11:45:00,24.042,24.065,23.95,23.992,68303.7
2026-01-12 12:00:00,23.987,24.033,23.945,24.017,24443.85
2026-01-12 12:15:00,24.016,24.107,24.005,24.039,44422.64
2026-01-12 12:30:00,24.039,24.062,23.828,23.851,54291.32
2026-01-12 12:45:00,23.851,23.979,23.828,23.931,59249.78
2026-01-12 13:00:00,23.931,23.986,23.75,23.777,77244.42
2026-01-12 13:15:00,23.784,23.872,23.69,23.77,71368.91
2026-01-12 13:30:00,23.769,23.818,23.625,23.723,62359.04
2026-01-12 13:45:00,23.716,23.84,23.64,23.773,85355.25
2026-01-12 14:00:00,23.773,23.825,23.704,23.778,60013.56
2026-01-12 14:15:00,23.78,23.782,23.101,23.389,676609.91
2026-01-12 14:30:00,23.386,23.579,23.329,23.44,197442.25
2026-01-12 14:45:00,23.453,23.549,23.342,23.444,139557.36
2026-01-12 15:00:00,23.443,23.455,23.336,23.405,50490.76
2026-01-12 15:15:00,23.406,23.533,23.367,23.41,89331.42
2026-01-12 15:30:00,23.401,23.591,23.262,23.535,285165.47
2026-01-12 15:45:00,23.531,23.635,23.473,23.589,155641.33
2026-01-12 16:00:00,23.581,23.738,23.525,23.593,199538.29
2026-01-12 16:15:00,23.6,23.78,23.483,23.773,135070.6
2026-01-12 16:30:00,23.777,23.798,23.602,23.648,122745.7
2026-01-12 16:45:00,23.639,23.722,23.623,23.625,66341.98
2026-01-12 17:00:00,23.624,23.803,23.59,23.76,216799.55
2026-01-12 17:15:00,23.76,23.803,23.522,23.6,125493.39
2026-01-12 17:30:00,23.599,23.611,23.256,23.442,338801.15
2026-01-12 17:45:00,23.432,23.5,23.407,23.442,108026.67
2026-01-12 18:00:00,23.441,23.601,23.431,23.585,62378.0
2026-01-12 18:15:00,23.585,23.739,23.582,23.732,54739.4
2026-01-12 18:30:00,23.732,23.747,23.499,23.606,116834.75
2026-01-12 18:45:00,23.604,23.78,23.602,23.756,34355.87
2026-01-12 19:00:00,23.755,23.755,23.653,23.712,36408.92
2026-01-12 19:15:00,23.712,23.838,23.693,23.828,78366.67
2026-01-12 19:30:00,23.828,23.909,23.823,23.892,59138.92
2026-01-12 19:45:00,23.892,23.93,23.881,23.9,146138.4
2026-01-12 20:00:00,23.906,24.052,23.87,24.0,136098.18
2026-01-12 20:15:00,24.001,24.11,23.969,24.109,146577.54
2026-01-12 20:30:00,24.105,24.142,24.05,24.107,152838.19
2026-01-12 20:45:00,24.106,24.142,23.981,24.106,175894.37
2026-01-12 21:00:00,24.09,24.139,24.021,24.112,153602.99
2026-01-12 21:15:00,24.112,24.136,23.982,23.989,70835.39
2026-01-12 21:30:00,23.982,24.01,23.919,23.925,53572.58
2026-01-12 21:45:00,23.927,23.952,23.848,23.929,172644.83
2026-01-12 22:00:00,23.929,24.046,23.886,23.896,97286.28
2026-01-12 22:15:00,23.896,23.936,23.854,23.899,35637.96
2026-01-12 22:30:00,23.899,23.949,23.899,23.937,22830.18
2026-01-12 22:45:00,23.938,23.938,23.729,23.91,162670.13
2026-01-12 23:00:00,23.909,23.925,23.764,23.764,50111.21
2026-01-12 23:15:00,23.763,23.806,23.69,23.772,64111.73
2026-01-12 23:30:00,23.772,23.816,23.719,23.774,37294.68
2026-01-12 23:45:00,23.765,23.8,23.717,23.76,22558.45
2026-01-13 00:00:00,23.758,23.934,23.738,23.913,56472.4
2026-01-13 00:15:00,23.914,24.143,23.909,24.104,122843.72
2026-01-13 00:30:00,24.104,24.19,23.973,24.073,122907.7
2026-01-13 00:45:00,24.075,24.181,24.021,24.18,99039.47
2026-01-13 01:00:00,24.181,24.203,24.103,24.155,106405.57
2026-01-13 01:15:00,24.145,24.252,24.11,24.111,77987.2
2026-01-13 01:30:00,24.111,24.116,24.059,24.062,47150.5
2026-01-13 01:45:00,24.063,24.116,24.001,24.052,26508.31
2026-01-13 02:00:00,24.053,24.174,24.053,24.103,12409.64
2026-01-13 02:15:00,24.104,24.255,24.104,24.106,31068.02
2026-01-13 02:30:00,24.106,24.17,24.083,24.134,29111.68
2026-01-13 02:45:00,24.134,24.246,24.129,24.17,42751.59
2026-01-13 03:00:00,24.169,24.253,24.143,24.223,35271.71
2026-01-13 03:15:00,24.223,24.249,24.197,24.197,25587.2
2026-01-13 03:30:00,24.197,24.205,24.121,24.178,41131.34
2026-01-13 03:45:00,24.176,24.237,24.134,24.235,27567.88
2026-01-13 04:00:00,24.236,24.336,24.233,24.332,31598.7
2026-01-13 04:15:00,24.333,24.378,24.231,24.258,63559.78
2026-01-13 04:30:00,24.258,24.322,24.19,24.318,41155.79
2026-01-13 04:45:00,24.321,24.378,24.286,24.371,17520.23
2026-01-13 05:00:00,24.372,24.417,24.35,24.401,59727.91
2026-01-13 05:15:00,24.398,24.489,24.377,24.44,58864.27
2026-01-13 05:30:00,24.445,24.461,24.283,24.299,39133.14
2026-01-13 05:45:00,24.303,24.407,24.284,24.404,28083.85
2026-01-13 06:00:00,24.402,24.441,24.334,24.376,26917.1
2026-01-13 06:15:00,24.371,24.425,24.359,24.398,9941.81
2026-01-13 06:30:00,24.396,24.44,24.381,24.383,9264.11
2026-01-13 06:45:00,24.381,24.453,24.361,24.425,27385.87
2026-01-13 07:00:00,24.429,24.478,24.403,24.468,26142.36
2026-01-13 07:15:00,24.47,24.493,24.406,24.408,34901.72
2026-01-13 07:30:00,24.408,24.409,24.269,24.292,46223.76
2026-01-13 07:45:00,24.292,24.312,24.254,24.275,23588.29
2026-01-13 08:00:00,24.276,24.337,24.268,24.322,22033.3
2026-01-13 08:15:00,24.322,24.413,24.315,24.381,23861.34
2026-01-13 08:30:00,24.39,24.498,24.376,24.458,41046.08
2026-01-13 08:45:00,24.458,24.591,24.458,24.56,89675.15
2026-01-13 09:00:00,24.568,24.679,24.54,24.626,164037.74
2026-01-13 09:15:00,24.632,24.662,24.481,24.517,153916.94
2026-01-13 09:30:00,24.514,24.539,24.333,24.395,101554.26
2026-01-13 09:45:00,24.393,24.448,24.312,24.34,76666.47
2026-01-13 10:00:00,24.339,24.345,24.256,24.262,30691.06
2026-01-13 10:15:00,24.262,24.271,24.172,24.206,70264.98
2026-01-13 10:30:00,24.206,24.215,24.045,24.148,168539.39
2026-01-13 10:45:00,24.146,24.271,24.12,24.255,125758.32
2026-01-13 11:00:00,24.255,24.337,24.219,24.261,83389.3
2026-01-13 11:15:00,24.254,24.409,24.254,24.359,45381.97
2026-01-13 11:30:00,24.361,24.389,24.329,24.349,30899.7
2026-01-13 11:45:00,24.351,24.378,24.301,24.306,16134.66
2026-01-13 12:00:00,24.307,24.373,24.306,24.308,19314.51
2026-01-13 12:15:00,24.304,24.519,24.3,24.508,50688.68
2026-01-13 12:30:00,24.508,24.645,24.477,24.589,145968.37
2026-01-13 12:45:00,24.594,24.641,24.332,24.389,155815.38
2026-01-13 13:00:00,24.389,24.443,24.364,24.37,16186.49
2026-01-13 13:15:00,24.37,24.437,24.339,24.39,44007.03
2026-01-13 13:30:00,24.4,24.612,24.257,24.478,273092.92
2026-01-13 13:45:00,24.477,24.549,24.384,24.39,169372.64
2026-01-13 14:00:00,24.39,24.471,24.297,24.447,23084.68
2026-01-13 14:15:00,24.446,24.546,24.446,24.546,46635.07
2026-01-13 14:30:00,24.545,24.692,24.492,24.545,147222.52
2026-01-13 14:45:00,24.55,24.582,24.42,24.481,81678.91
2026-01-13 15:00:00,24.481,24.491,24.326,24.365,114606.63
2026-01-13 15:15:00,24.363,24.363,24.252,24.347,77287.61
2026-01-13 15:30:00,24.346,24.569,24.296,24.329,358080.05
2026-01-13 15:45:00,24.328,24.4,24.249,24.395,55195.6
2026-01-13 16:00:00,24.395,24.675,24.391,24.472,194059.84
2026-01-13 16:15:00,24.467,24.609,24.467,24.521,68810.48
2026-01-13 16:30:00,24.521,24.741,24.478,24.642,175567.41
2026-01-13 16:45:00,24.648,24.716,24.573,24.588,73079.44
2026-01-13 17:00:00,24.591,24.615,24.472,24.518,46276.89
2026-01-13 17:15:00,24.51,24.614,24.389,24.599,101886.97
2026-01-13 17:30:00,24.601,24.628,24.522,24.574,82613.61
2026-01-13 17:45:00,24.573,24.648,24.471,24.508,93034.47
2026-01-13 18:00:00,24.498,24.598,24.462,24.594,35611.47
2026-01-13 18:15:00,24.591,24.698,24.585,24.649,64291.85
2026-01-13 18:30:00,24.649,24.717,24.619,24.642,25386.68
2026-01-13 18:45:00,24.65,24.933,24.65,24.831,199358.55
2026-01-13 19:00:00,24.827,24.908,24.744,24.897,83742.28
2026-01-13 19:15:00,24.897,25.039,24.867,24.948,115271.83
2026-01-13 19:30:00,24.952,25.039,24.9,25.01,157469.09
2026-01-13 19:45:00,25.011,25.043,24.937,24.974,80298.58
2026-01-13 20:00:00,24.978,25.175,24.967,25.103,109491.18
2026-01-13 20:15:00,25.104,25.116,24.925,24.932,68398.87
2026-01-13 20:30:00,24.931,24.941,24.846,24.92,59132.86
2026-01-13 20:45:00,24.919,24.985,24.877,24.914,32383.88
2026-01-13 21:00:00,24.914,24.976,24.875,24.886,41630.93
2026-01-13 21:15:00,24.891,24.928,24.85,24.851,22728.59
2026-01-13 21:30:00,24.852,24.896,24.709,24.749,55659.55
2026-01-13 21:45:00,24.748,24.836,24.737,24.747,24227.47
2026-01-13 22:00:00,24.751,25.355,24.721,25.187,459327.59
2026-01-13 22:15:00,25.187,25.357,24.989,25.193,357223.78
2026-01-13 22:30:00,25.202,25.585,25.202,25.585,343375.05
2026-01-13 22:45:00,25.577,25.842,25.559,25.786,411623.95
2026-01-13 23:00:00,25.786,25.852,25.649,25.69,221333.63
2026-01-13 23:15:00,25.685,25.75,25.561,25.6,211070.6
2026-01-13 23:30:00,25.6,25.632,25.401,25.537,315806.73
2026-01-13 23:45:00,25.536,25.776,25.48,25.767,131859.4
2026-01-14 00:00:00,25.766,25.873,25.712,25.735,153421.0
2026-01-14 00:15:00,25.741,25.8,25.67,25.738,46114.51
2026-01-14 00:30:00,25.735,25.795,25.62,25.746,80407.62
2026-01-14 00:45:00,25.746,25.76,25.62,25.711,47778.99
2026-01-14 01:00:00,25.712,25.829,25.682,25.827,29398.54
2026-01-14 01:15:00,25.827,25.906,25.814,25.817,68574.75
2026-01-14 01:30:00,25.817,25.908,25.741,25.766,48485.21
2026-01-14 01:45:00,25.764,25.764,25.627,25.672,69683.45
2026-01-14 02:00:00,25.676,25.823,25.649,25.798,41602.2
2026-01-14 02:15:00,25.807,25.904,25.782,25.903,34563.06
2026-01-14 02:30:00,25.904,25.912,25.825,25.869,29782.4
2026-01-14 02:45:00,25.87,25.879,25.734,25.768,35689.89
2026-01-14 03:00:00,25.762,25.79,25.701,25.733,19116.58
2026-01-14 03:15:00,25.729,25.801,25.725,25.78,17866.32
2026-01-14 03:30:00,25.78,25.922,25.771,25.922,32245.0
2026-01-14 03:45:00,25.921,26.136,25.913,26.075,237784.98
2026-01-14 04:00:00,26.07,26.118,25.824,25.831,49842.65
2026-01-14 04:15:00,25.825,26.016,25.815,26.006,68540.65
2026-01-14 04:30:00,26.004,26.04,25.92,25.959,89101.47
2026-01-14 04:45:00,25.96,26.051,25.944,25.966,18525.38
2026-01-14 05:00:00,25.963,25.994,25.856,25.905,73354.57
2026-01-14 05:15:00,25.908,25.938,25.726,25.765,37638.48
2026-01-14 05:30:00,25.764,25.828,25.731,25.736,28486.23
2026-01-14 05:45:00,25.734,25.855,25.715,25.81,26648.74
2026-01-14 06:00:00,25.81,25.923,25.778,25.915,35851.77
2026-01-14 06:15:00,25.915,25.956,25.855,25.862,19645.9
2026-01-14 06:30:00,25.863,25.999,25.73,25.992,33105.17
2026-01-14 06:45:00,25.991,26.138,25.924,26.133,55025.03
2026-01-14 07:00:00,26.13,26.149,25.974,26.012,49428.22
2026-01-14 07:15:00,26.021,26.123,25.977,26.053,121754.42
2026-01-14 07:30:00,26.053,26.08,25.964,26.062,55565.44
2026-01-14 07:45:00,26.062,26.211,26.052,26.192,42058.79
2026-01-14 08:00:00,26.193,26.378,26.181,26.364,73596.83
2026-01-14 08:15:00,26.365,26.547,26.101,26.184,133499.41
2026-01-14 08:30:00,26.184,26.268,26.173,26.199,52764.13
2026-01-14 08:45:00,26.199,26.291,26.07,26.073,94128.02
2026-01-14 09:00:00,26.075,26.122,25.979,26.1,190283.91
2026-01-14 09:15:00,26.099,26.195,26.051,26.115,38177.5
2026-01-14 09:30:00,26.115,26.146,25.92,25.947,47270.47
2026-01-14 09:45:00,25.947,25.983,25.828,25.852,41945.32
2026-01-14 10:00:00,25.851,26.0,25.803,25.994,114272.08
2026-01-14 10:15:00,26.0,26.02,25.93,25.973,44401.41
2026-01-14 10:30:00,25.973,26.086,25.933,26.075,84446.54
2026-01-14 10:45:00,26.071,26.155,26.05,26.12,72369.11
2026-01-14 11:00:00,26.121,26.121,25.943,26.057,41391.34
2026-01-14 11:15:00,26.055,26.099,25.987,26.032,51050.66
2026-01-14 11:30:00,26.021,26.021,25.913,26.005,39251.74
2026-01-14 11:45:00,26.01,26.017,25.812,25.823,60033.45
2026-01-14 12:00:00,25.825,25.914,25.751,25.907,36108.76
2026-01-14 12:15:00,25.908,26.05,25.903,26.022,40601.42
2026-01-14 12:30:00,26.02,26.073,26.0,26.031,12006.67
2026-01-14 12:45:00,26.033,26.073,25.95,25.982,15330.0
2026-01-14 13:00:00,25.984,26.032,25.967,26.003,15446.2
2026-01-14 13:15:00,26.005,26.078,25.967,26.062,72045.06
2026-01-14 13:30:00,26.072,26.079,25.99,26.068,34583.21
2026-01-14 13:45:00,26.068,26.077,25.826,25.829,66966.58
2026-01-14 14:00:00,25.829,26.004,25.811,25.993,73578.57
2026-01-14 14:15:00,25.993,26.123,25.95,26.113,60691.75
2026-01-14 14:30:00,26.112,26.443,26.084,26.346,286150.69
2026-01-14 14:45:00,26.347,26.615,26.261,26.312,348222.01
2026-01-14 15:00:00,26.312,26.378,26.037,26.337,289500.4
2026-01-14 15:15:00,26.337,26.47,26.276,26.395,162478.83
2026-01-14 15:30:00,26.396,26.536,26.177,26.208,189680.22
2026-01-14 15:45:00,26.217,26.339,26.15,26.339,116504.52
2026-01-14 16:00:00,26.339,26.486,26.326,26.486,89526.01
2026-01-14 16:15:00,26.487,26.626,26.335,26.594,167959.74
2026-01-14 16:30:00,26.594,26.75,26.55,26.729,181870.46
2026-01-14 16:45:00,26.709,26.878,26.578,26.641,199777.9
2026-01-14 17:00:00,26.642,26.743,26.577,26.602,150757.95
2026-01-14 17:15:00,26.603,26.651,26.44,26.441,123697.89
2026-01-14 17:30:00,26.442,26.446,26.202,26.394,202185.46
2026-01-14 17:45:00,26.391,26.409,26.112,26.147,178765.51
2026-01-14 18:00:00,26.147,26.147,25.849,25.965,440807.21
2026-01-14 18:15:00,25.965,26.1,25.81,26.086,221119.72
2026-01-14 18:30:00,26.086,26.112,25.81,25.871,153147.21
2026-01-14 18:45:00,25.872,26.18,25.833,26.165,94037.56
2026-01-14 19:00:00,26.165,26.203,26.031,26.173,73510.36
2026-01-14 19:15:00,26.17,26.411,26.157,26.363,142230.53
2026-01-14 19:30:00,26.374,26.389,26.153,26.35,147677.93
2026-01-14 19:45:00,26.345,26.407,26.303,26.34,165319.05
2026-01-14 20:00:00,26.342,26.468,26.243,26.457,194512.41
2026-01-14 20:15:00,26.456,26.459,26.157,26.176,141568.42
2026-01-14 20:30:00,26.176,26.259,26.112,26.122,133778.34
2026-01-14 20:45:00,26.123,26.238,25.973,26.221,121956.28
2026-01-14 21:00:00,26.22,26.299,26.125,26.138,81733.74
2026-01-14 21:15:00,26.138,26.198,26.091,26.124,40801.36
2026-01-14 21:30:00,26.124,26.142,26.029,26.052,42180.72
2026-01-14 21:45:00,26.053,26.086,25.887,25.934,116854.96
2026-01-14 22:00:00,25.934,26.038,25.93,26.016,51893.62
2026-01-14 22:15:00,26.016,26.021,25.92,25.932,44292.4
2026-01-14 22:30:00,25.931,25.952,25.71,25.799,141445.14
2026-01-14 22:45:00,25.799,25.857,25.641,25.686,133134.63
2026-01-14 23:00:00,25.681,25.987,25.681,25.867,202323.48
2026-01-14 23:15:00,25.867,25.997,25.822,25.822,83851.69
2026-01-14 23:30:00,25.821,25.837,25.752,25.792,38215.56
2026-01-14 23:45:00,25.794,26.001,25.783,25.961,141740.14
2026-01-15 00:00:00,25.967,25.982,25.82,25.848,43237.99
2026-01-15 00:15:00,25.853,25.87,25.734,25.743,32938.68
2026-01-15 00:30:00,25.746,25.781,25.664,25.76,80581.37
2026-01-15 00:45:00,25.747,25.967,25.665,25.924,144668.54
2026-01-15 01:00:00,25.926,26.104,25.901,25.93,131843.14
2026-01-15 01:15:00,25.931,25.935,25.732,25.764,88126.78
2026-01-15 01:30:00,25.762,25.816,25.466,25.519,348605.2
2026-01-15 01:45:00,25.519,25.57,25.363,25.475,381669.89
2026-01-15 02:00:00,25.464,25.555,25.395,25.399,129385.18
2026-01-15 02:15:00,25.399,25.5,25.305,25.356,263295.84
2026-01-15 02:30:00,25.358,25.375,25.169,25.253,344405.96
2026-01-15 02:45:00,25.252,25.252,25.086,25.148,272635.78
2026-01-15 03:00:00,25.149,25.191,25.073,25.127,119537.47
2026-01-15 03:15:00,25.118,25.218,24.841,24.86,355431.18
2026-01-15 03:30:00,24.86,24.951,24.742,24.84,301720.21
2026-01-15 03:45:00,24.84,24.861,24.712,24.725,193289.94
2026-01-15 04:00:00,24.724,24.895,24.707,24.863,151084.68
2026-01-15 04:15:00,24.864,24.864,24.733,24.835,186622.13
2026-01-15 04:30:00,24.832,24.909,24.787,24.849,69278.03
2026-01-15 04:45:00,24.849,25.392,24.807,25.272,582325.37
2026-01-15 05:00:00,25.273,25.281,25.144,25.214,106657.39
2026-01-15 05:15:00,25.21,25.222,25.131,25.175,38687.75
2026-01-15 05:30:00,25.175,25.212,25.127,25.175,34798.13
2026-01-15 05:45:00,25.176,25.227,25.077,25.092,63026.41
2026-01-15 06:00:00,25.092,25.143,25.035,25.045,46577.95
2026-01-15 06:15:00,25.045,25.152,25.031,25.051,67263.26
2026-01-15 06:30:00,25.051,25.053,24.912,24.929,89412.28
2026-01-15 06:45:00,24.925,24.956,24.871,24.883,42490.91
2026-01-15 07:00:00,24.884,24.98,24.868,24.949,62710.56
2026-01-15 07:15:00,24.95,25.109,24.944,25.027,55022.91
2026-01-15 07:30:00,25.027,25.1,25.012,25.021,44392.71
2026-01-15 07:45:00,25.019,25.038,24.943,25.025,57465.27
2026-01-15 08:00:00,25.026,25.065,24.942,24.999,27857.08
2026-01-15 08:15:00,25.0,25.06,24.977,24.999,19291.61
2026-01-15 08:30:00,25.0,25.146,24.996,25.079,54821.41
2026-01-15 08:45:00,25.081,25.176,25.064,25.139,44175.74
2026-01-15 09:00:00,25.14,25.211,25.059,25.105,44211.59
2026-01-15 09:15:00,25.105,25.113,24.954,24.988,80698.98
2026-01-15 09:30:00,24.989,25.198,24.938,25.126,124949.42
2026-01-15 09:45:00,25.126,25.284,25.091,25.126,156287.32
2026-01-15 10:00:00,25.127,25.179,25.018,25.029,93482.47
2026-01-15 10:15:00,25.033,25.191,25.017,25.137,93821.48
2026-01-15 10:30:00,25.141,25.247,25.126,25.205,74348.41
2026-01-15 10:45:00,25.208,25.302,25.199,25.286,57727.35
2026-01-15 11:00:00,25.287,25.347,25.187,25.21,71273.65
2026-01-15 11:15:00,25.211,25.262,25.195,25.259,37202.81
2026-01-15 11:30:00,25.262,25.325,25.213,25.232,39756.03
2026-01-15 11:45:00,25.234,25.282,25.148,25.209,36341.9
2026-01-15 12:00:00,25.209,25.323,25.178,25.271,37056.71
2026-01-15 12:15:00,25.271,25.277,25.117,25.194,56361.49
2026-01-15 12:30:00,25.194,25.251,25.168,25.232,35617.02
2026-01-15 12:45:00,25.232,25.323,25.209,25.298,43881.5
2026-01-15 13:00:00,25.299,25.321,25.227,25.246,36033.87
2026-01-15 13:15:00,25.249,25.389,25.249,25.372,51198.55
2026-01-15 13:30:00,25.375,25.491,25.3,25.457,77986.91
2026-01-15 13:45:00,25.456,25.571,25.427,25.504,97446.16
2026-01-15 14:00:00,25.504,25.6,25.43,25.554,88680.73
2026-01-15 14:15:00,25.554,25.555,25.26,25.277,97417.84
2026-01-15 14:30:00,25.278,25.359,25.062,25.102,115993.01
2026-01-15 14:45:00,25.1,25.4,25.06,25.218,140200.71
2026-01-15 15:00:00,25.218,25.285,25.097,25.133,79649.82
2026-01-15 15:15:00,25.132,25.194,24.761,24.785,350644.57
2026-01-15 15:30:00,24.789,24.901,24.548,24.66,373001.08
2026-01-15 15:45:00,24.66,24.9,24.492,24.9,176645.09
2026-01-15 16:00:00,24.897,25.02,24.785,24.923,108041.82
2026-01-15 16:15:00,24.926,24.951,24.76,24.777,85186.32
2026-01-15 16:30:00,24.781,25.275,24.781,25.211,266648.44
2026-01-15 16:45:00,25.209,25.209,24.96,24.985,201314.68
2026-01-15 17:00:00,24.986,25.049,24.837,24.946,79552.56
2026-01-15 17:15:00,24.946,25.053,24.892,25.053,41504.81
2026-01-15 17:30:00,25.054,25.207,25.005,25.153,39663.23
2026-01-15 17:45:00,25.153,25.169,24.827,24.858,92185.64
2026-01-15 18:00:00,24.86,24.941,24.662,24.72,109465.06
2026-01-15 18:15:00,24.727,24.799,24.629,24.773,79655.99
2026-01-15 18:30:00,24.766,24.806,24.527,24.676,74472.93
2026-01-15 18:45:00,24.678,24.712,24.587,24.619,28408.94
2026-01-15 19:00:00,24.617,24.721,24.5,24.653,101946.67
2026-01-15 19:15:00,24.653,24.765,24.599,24.631,52347.55
2026-01-15 19:30:00,24.635,24.762,24.578,24.708,65838.71
2026-01-15 19:45:00,24.707,25.046,24.7,25.0,366118.13
2026-01-15 20:00:00,25.0,25.2,24.913,24.965,256336.85
2026-01-15 20:15:00,24.956,24.967,24.586,24.599,198602.1
2026-01-15 20:30:00,24.599,24.666,24.487,24.532,238216.21
2026-01-15 20:45:00,24.533,24.533,24.337,24.4,195057.99
2026-01-15 21:00:00,24.4,24.582,24.368,24.505,101153.19
2026-01-15 21:15:00,24.505,24.579,24.502,24.541,29393.47
2026-01-15 21:30:00,24.548,24.575,24.512,24.555,40395.6
2026-01-15 21:45:00,24.551,24.566,24.42,24.454,20948.12
2026-01-15 22:00:00,24.453,24.544,24.42,24.507,37479.5
2026-01-15 22:15:00,24.5,24.624,24.467,24.62,29201.92
2026-01-15 22:30:00,24.618,24.656,24.534,24.568,65208.03
2026-01-15 22:45:00,24.566,24.642,24.549,24.629,15074.01
2026-01-15 23:00:00,24.622,24.649,24.575,24.642,15654.24
2026-01-15 23:15:00,24.645,24.71,24.62,24.669,9889.91
2026-01-15 23:30:00,24.664,24.679,24.623,24.628,8446.05
2026-01-15 23:45:00,24.624,24.725,24.624,24.724,12086.02
2026-01-16 00:00:00,24.725,24.783,24.715,24.742,18726.31
2026-01-16 00:15:00,24.742,24.83,24.736,24.793,23120.97
2026-01-16 00:30:00,24.793,24.866,24.789,24.844,18735.09
2026-01-16 00:45:00,24.846,24.855,24.765,24.77,13122.61
2026-01-16 01:00:00,24.771,24.816,24.724,24.737,28996.32
2026-01-16 01:15:00,24.738,24.791,24.706,24.769,16509.86
2026-01-16 01:30:00,24.768,24.83,24.705,24.716,10559.86
2026-01-16 01:45:00,24.716,24.766,24.673,24.695,17826.13
2026-01-16 02:00:00,24.694,24.695,24.568,24.632,27189.69
2026-01-16 02:15:00,24.629,24.681,24.531,24.68,19954.94
2026-01-16 02:30:00,24.677,24.7,24.648,24.685,21186.08
2026-01-16 02:45:00,24.686,24.752,24.499,24.639,188629.5
2026-01-16 03:00:00,24.639,24.709,24.637,24.705,23844.82
2026-01-16 03:15:00,24.704,24.704,24.641,24.652,19896.44
2026-01-16 03:30:00,24.651,24.651,24.577,24.636,27634.27
2026-01-16 03:45:00,24.639,24.647,24.55,24.585,47810.05
2026-01-16 04:00:00,24.584,24.634,24.573,24.611,29607.24
2026-01-16 04:15:00,24.61,24.77,24.603,24.685,43560.59
2026-01-16 04:30:00,24.689,24.721,24.584,24.623,20004.48
2026-01-16 04:45:00,24.622,24.645,24.482,24.585,40035.38
2026-01-16 05:00:00,24.584,24.666,24.561,24.595,80892.16
2026-01-16 05:15:00,24.595,24.65,24.564,24.629,27449.8
2026-01-16 05:30:00,24.628,24.776,24.628,24.742,39081.32
2026-01-16 05:45:00,24.739,24.953,24.724,24.885,51339.1
2026-01-16 06:00:00,24.885,24.939,24.864,24.936,31088.01
2026-01-16 06:15:00,24.936,25.028,24.889,24.989,29194.0
2026-01-16 06:30:00,24.99,25.04,24.962,24.987,26780.18
2026-01-16 06:45:00,24.986,24.993,24.936,24.969,15657.56
2026-01-16 07:00:00,24.969,24.978,24.884,24.978,36138.07
2026-01-16 07:15:00,24.969,25.007,24.931,24.959,14549.88
2026-01-16 07:30:00,24.958,24.979,24.774,24.789,47015.11
2026-01-16 07:45:00,24.788,24.849,24.779,24.822,16486.88
2026-01-16 08:00:00,24.821,24.947,24.811,24.94,25223.85
2026-01-16 08:15:00,24.936,25.068,24.93,25.058,16666.24
2026-01-16 08:30:00,25.059,25.115,24.994,25.053,46043.74
2026-01-16 08:45:00,25.052,25.054,24.904,24.941,65122.32
2026-01-16 09:00:00,24.941,24.986,24.905,24.916,26208.01
2026-01-16 09:15:00,24.915,24.935,24.822,24.928,61389.19
2026-01-16 09:30:00,24.927,25.019,24.914,25.005,119491.1
2026-01-16 09:45:00,25.004,25.007,24.859,24.859,170894.66
2026-01-16 10:00:00,24.859,24.884,24.82,24.841,55014.4
2026-01-16 10:15:00,24.838,24.842,24.718,24.718,32539.58
2026-01-16 10:30:00,24.718,24.751,24.686,24.73,60961.59
2026-01-16 10:45:00,24.727,24.913,24.713,24.896,79290.48
2026-01-16 11:00:00,24.895,24.93,24.861,24.869,19514.36
2026-01-16 11:15:00,24.869,25.02,24.846,25.017,25187.92
2026-01-16 11:30:00,25.014,25.075,25.004,25.017,66416.13
2026-01-16 11:45:00,25.017,25.131,24.991,25.13,46189.05
2026-01-16 12:00:00,25.13,25.15,25.029,25.065,52103.49
2026-01-16 12:15:00,25.064,25.078,25.012,25.061,34767.55
2026-01-16 12:30:00,25.061,25.061,24.981,25.008,26445.97
2026-01-16 12:45:00,25.01,25.011,24.899,24.989,39868.94
2026-01-16 13:00:00,24.989,24.992,24.909,24.991,8098.22
2026-01-16 13:15:00,24.991,25.05,24.906,25.05,23545.17
2026-01-16 13:30:00,25.05,25.158,24.879,24.96,99060.67
2026-01-16 13:45:00,24.959,25.03,24.958,25.022,13411.09
2026-01-16 14:00:00,25.021,25.108,25.018,25.103,19598.41
2026-01-16 14:15:00,25.1,25.19,25.042,25.19,47776.12
2026-01-16 14:30:00,25.19,25.243,25.091,25.092,89632.47
2026-01-16 14:45:00,25.091,25.167,25.007,25.018,42701.65
2026-01-16 15:00:00,25.011,25.199,24.967,25.167,97040.06
2026-01-16 15:15:00,25.169,25.169,24.865,24.872,165054.08
2026-01-16 15:30:00,24.868,25.027,24.782,24.898,89367.78
2026-01-16 15:45:00,24.892,24.923,24.58,24.819,261408.4
2026-01-16 16:00:00,24.815,24.868,24.737,24.847,55669.82
2026-01-16 16:15:00,24.855,24.891,24.8,24.809,65746.81
2026-01-16 16:30:00,24.818,24.995,24.761,24.992,65031.77
2026-01-16 16:45:00,24.995,25.046,24.809,24.85,48174.62
2026-01-16 17:00:00,24.852,24.907,24.791,24.891,34954.54
2026-01-16 17:15:00,24.882,24.92,24.762,24.835,36814.65
2026-01-16 17:30:00,24.826,25.01,24.826,25.01,49623.08
2026-01-16 17:45:00,25.01,25.109,24.961,25.078,40412.52
2026-01-16 18:00:00,25.074,25.105,24.998,25.058,42871.48
2026-01-16 18:15:00,25.053,25.11,24.986,25.024,18765.1
2026-01-16 18:30:00,25.024,25.06,24.95,24.964,30109.54
2026-01-16 18:45:00,24.966,24.994,24.884,24.885,28365.45
2026-01-16 19:00:00,24.884,24.898,24.833,24.861,11449.46
2026-01-16 19:15:00,24.86,24.881,24.729,24.737,42158.84
2026-01-16 19:30:00,24.736,24.864,24.733,24.815,19805.13
2026-01-16 19:45:00,24.82,24.889,24.795,24.822,14554.93
2026-01-16 20:00:00,24.821,24.821,24.664,24.767,43655.33
2026-01-16 20:15:00,24.767,24.873,24.76,24.867,15932.38
2026-01-16 20:30:00,24.867,24.94,24.858,24.921,42887.39
2026-01-16 20:45:00,24.919,25.04,24.899,24.991,51893.57
2026-01-16 21:00:00,24.986,25.015,24.916,24.959,30255.64
2026-01-16 21:15:00,24.958,24.958,24.805,24.892,75456.8
2026-01-16 21:30:00,24.892,24.987,24.873,24.976,27463.9
2026-01-16 21:45:00,24.976,25.05,24.922,24.975,74619.4
2026-01-16 22:00:00,24.976,24.988,24.821,24.899,62418.66
2026-01-16 22:15:00,24.896,24.984,24.881,24.928,9656.19
2026-01-16 22:30:00,24.929,24.953,24.782,24.832,49810.88
2026-01-16 22:45:00,24.836,24.9,24.835,24.894,21580.12
2026-01-16 23:00:00,24.9,24.924,24.879,24.916,10331.22
2026-01-16 23:15:00,24.917,25.139,24.885,25.059,128463.73
2026-01-16 23:30:00,25.05,25.068,24.96,24.961,12769.62
2026-01-16 23:45:00,24.973,25.029,24.973,24.999,8501.49
2026-01-17 00:00:00,25.009,25.023,24.94,24.972,6569.67
2026-01-17 00:15:00,24.962,25.005,24.943,24.978,19767.86
2026-01-17 00:30:00,24.973,25.018,24.965,25.0,5445.34
2026-01-17 00:45:00,25.001,25.007,24.95,24.984,6310.27
2026-01-17 01:00:00,24.988,25.026,24.934,24.934,28876.62
2026-01-17 01:15:00,24.933,25.029,24.875,24.988,97101.64
2026-01-17 01:30:00,24.984,24.997,24.944,24.973,5337.58
2026-01-17 01:45:00,24.978,24.989,24.954,24.968,1605.52
2026-01-17 02:00:00,24.976,24.999,24.874,24.882,29760.68
2026-01-17 02:15:00,24.882,24.919,24.85,24.864,7384.29
2026-01-17 02:30:00,24.864,24.92,24.838,24.863,8700.6
2026-01-17 02:45:00,24.864,24.899,24.852,24.884,10767.58
2026-01-17 03:00:00,24.892,24.896,24.81,24.865,31266.68
2026-01-17 03:15:00,24.869,24.897,24.851,24.864,6454.42
2026-01-17 03:30:00,24.866,24.878,24.786,24.855,19729.85
2026-01-17 03:45:00,24.858,24.858,24.812,24.817,5958.44
2026-01-17 04:00:00,24.813,24.814,24.778,24.795,22788.46
2026-01-17 04:15:00,24.797,24.83,24.749,24.829,45515.9
2026-01-17 04:30:00,24.829,24.878,24.824,24.843,12775.41
2026-01-17 04:45:00,24.843,24.883,24.822,24.864,8708.72
2026-01-17 05:00:00,24.862,24.907,24.842,24.876,9251.31
2026-01-17 05:15:00,24.877,24.877,24.812,24.859,23165.88
2026-01-17 05:30:00,24.86,24.89,24.836,24.889,14840.95
2026-01-17 05:45:00,24.889,24.93,24.845,24.86,35909.85
2026-01-17 06:00:00,24.861,24.89,24.861,24.881,7742.34
2026-01-17 06:15:00,24.882,24.908,24.866,24.902,9123.74
2026-01-17 06:30:00,24.904,24.994,24.904,24.954,23923.84
2026-01-17 06:45:00,24.953,25.036,24.95,24.992,25141.68
2026-01-17 07:00:00,24.991,25.0,24.945,24.991,12444.92
2026-01-17 07:15:00,24.986,25.031,24.982,25.009,10568.13
2026-01-17 07:30:00,25.011,25.016,24.962,24.966,11501.3
2026-01-17 07:45:00,24.966,24.966,24.907,24.95,24027.74
2026-01-17 08:00:00,24.949,25.085,24.949,25.065,44768.79
2026-01-17 08:15:00,25.065,25.172,25.052,25.15,27272.14
2026-01-17 08:30:00,25.159,25.16,25.085,25.1,17805.92
2026-01-17 08:45:00,25.105,25.22,25.105,25.219,26732.53
2026-01-17 09:00:00,25.219,25.258,25.205,25.238,34345.17
2026-01-17 09:15:00,25.238,25.279,25.155,25.275,28327.18
2026-01-17 09:30:00,25.274,25.349,25.24,25.283,42933.85
2026-01-17 09:45:00,25.285,25.296,25.208,25.272,10744.32
2026-01-17 10:00:00,25.272,25.34,25.258,25.331,16345.14
2026-01-17 10:15:00,25.332,25.337,25.25,25.257,22415.19
2026-01-17 10:30:00,25.261,25.294,25.225,25.243,34052.47
2026-01-17 10:45:00,25.238,25.281,25.136,25.192,44503.1
2026-01-17 11:00:00,25.193,25.249,25.135,25.244,26192.4
2026-01-17 11:15:00,25.249,25.287,25.234,25.287,15706.46
2026-01-17 11:30:00,25.287,25.299,25.217,25.229,18818.78
2026-01-17 11:45:00,25.226,25.279,25.175,25.275,15948.33
2026-01-17 12:00:00,25.269,25.311,25.215,25.311,29378.64
2026-01-17 12:15:00,25.308,25.32,25.124,25.177,44302.2
2026-01-17 12:30:00,25.177,25.192,25.068,25.101,18398.17
2026-01-17 12:45:00,25.102,25.171,25.087,25.166,13266.91
2026-01-17 13:00:00,25.169,25.215,25.147,25.187,22673.16
2026-01-17 13:15:00,25.186,25.265,25.185,25.25,36076.39
2026-01-17 13:30:00,25.251,25.443,25.251,25.387,72268.42
2026-01-17 13:45:00,25.381,25.409,25.333,25.355,24581.93
2026-01-17 14:00:00,25.36,25.36,25.283,25.32,25780.31
2026-01-17 14:15:00,25.319,25.425,25.31,25.425,29599.34
2026-01-17 14:30:00,25.426,25.463,25.359,25.454,55917.38
2026-01-17 14:45:00,25.451,25.479,25.433,25.472,18224.19
2026-01-17 15:00:00,25.471,25.54,25.416,25.526,52367.07
2026-01-17 15:15:00,25.539,25.544,25.393,25.456,57074.64
2026-01-17 15:30:00,25.451,25.58,25.443,25.554,20105.52
2026-01-17 15:45:00,25.552,25.67,25.489,25.663,71413.75
2026-01-17 16:00:00,25.664,25.725,25.582,25.589,70272.17
2026-01-17 16:15:00,25.59,25.612,25.487,25.567,77742.04
2026-01-17 16:30:00,25.56,25.572,25.404,25.464,36552.66
2026-01-17 16:45:00,25.462,25.48,25.352,25.454,26107.28
2026-01-17 17:00:00,25.452,25.526,25.428,25.522,23240.08
2026-01-17 17:15:00,25.521,25.601,25.515,25.601,23848.79
2026-01-17 17:30:00,25.601,25.62,25.545,25.619,16932.61
2026-01-17 17:45:00,25.62,25.696,25.595,25.696,44734.17
2026-01-17 18:00:00,25.697,25.766,25.656,25.75,83928.33
2026-01-17 18:15:00,25.75,25.835,25.75,25.8,87753.52
2026-01-17 18:30:00,25.8,25.802,25.739,25.8,33074.59
2026-01-17 18:45:00,25.801,25.81,25.76,25.804,14938.3
2026-01-17 19:00:00,25.806,25.81,25.731,25.77,25632.27
2026-01-17 19:15:00,25.771,25.771,25.65,25.705,45242.62
2026-01-17 19:30:00,25.698,25.763,25.627,25.717,23734.18
2026-01-17 19:45:00,25.712,25.715,25.591,25.653,27886.63
2026-01-17 20:00:00,25.653,25.725,25.642,25.673,11323.94
2026-01-17 20:15:00,25.676,25.708,25.573,25.613,27803.2
2026-01-17 20:30:00,25.614,25.649,25.614,25.647,8011.44
2026-01-17 20:45:00,25.648,25.681,25.639,25.68,15486.14
2026-01-17 21:00:00,25.681,25.721,25.657,25.657,24317.03
2026-01-17 21:15:00,25.657,25.688,25.631,25.657,10152.89
2026-01-17 21:30:00,25.655,25.655,25.559,25.592,27327.77
2026-01-17 21:45:00,25.592,25.639,25.523,25.585,23088.94
2026-01-17 22:00:00,25.58,25.603,25.448,25.452,32361.02
2026-01-17 22:15:00,25.452,25.547,25.451,25.515,36270.94
2026-01-17 22:30:00,25.511,25.543,25.444,25.455,37516.81
2026-01-17 22:45:00,25.451,25.469,25.35,25.416,65959.39
2026-01-17 23:00:00,25.408,25.498,25.35,25.46,38744.51
2026-01-17 23:15:00,25.459,25.588,25.379,25.518,197338.83
2026-01-17 23:30:00,25.521,25.548,25.386,25.506,176376.84
2026-01-17 23:45:00,25.507,25.513,25.38,25.421,71580.01
2026-01-18 00:00:00,25.421,25.502,25.407,25.486,13249.06
2026-01-18 00:15:00,25.494,25.567,25.494,25.528,15116.3
2026-01-18 00:30:00,25.526,25.562,25.448,25.487,18983.74
2026-01-18 00:45:00,25.487,25.495,25.38,25.388,27082.62
2026-01-18 01:00:00,25.389,25.39,25.238,25.326,72173.15
2026-01-18 01:15:00,25.327,25.389,25.285,25.341,33843.59
2026-01-18 01:30:00,25.343,25.413,25.339,25.398,17602.01
2026-01-18 01:45:00,25.4,25.432,25.356,25.427,10906.7
2026-01-18 02:00:00,25.428,25.493,25.422,25.455,4253.66
2026-01-18 02:15:00,25.455,25.507,25.409,25.444,15104.6
2026-01-18 02:30:00,25.445,25.445,25.328,25.377,28049.41
2026-01-18 02:45:00,25.377,25.409,25.337,25.406,7040.26
2026-01-18 03:00:00,25.407,25.469,25.387,25.463,7546.77
2026-01-18 03:15:00,25.463,25.527,25.448,25.514,9713.32
2026-01-18 03:30:00,25.522,25.561,25.475,25.479,16379.81
2026-01-18 03:45:00,25.479,25.502,25.445,25.482,10779.31
2026-01-18 04:00:00,25.483,25.517,25.431,25.466,19362.71
2026-01-18 04:15:00,25.467,25.518,25.424,25.513,9834.8
2026-01-18 04:30:00,25.513,25.552,25.465,25.552,12254.14
2026-01-18 04:45:00,25.542,25.741,25.535,25.698,49179.05
2026-01-18 05:00:00,25.698,25.717,25.557,25.619,44623.22
2026-01-18 05:15:00,25.619,25.647,25.555,25.64,22015.77
2026-01-18 05:30:00,25.64,25.741,25.605,25.738,8610.42
2026-01-18 05:45:00,25.738,25.81,25.687,25.81,51451.97
2026-01-18 06:00:00,25.81,25.881,25.759,25.849,41552.89
2026-01-18 06:15:00,25.846,25.907,25.8,25.9,23746.89
2026-01-18 06:30:00,25.894,25.942,25.871,25.896,16903.43
2026-01-18 06:45:00,25.895,26.04,25.878,25.968,69975.03
2026-01-18 07:00:00,25.967,25.968,25.82,25.857,40393.97
2026-01-18 07:15:00,25.857,25.979,25.814,25.945,24044.65
2026-01-18 07:30:00,25.946,25.946,25.816,25.903,45132.12
2026-01-18 07:45:00,25.902,25.932,25.839,25.841,8820.63
2026-01-18 08:00:00,25.842,25.87,25.729,25.756,35628.67
2026-01-18 08:15:00,25.756,25.878,25.756,25.809,11205.54
2026-01-18 08:30:00,25.814,25.845,25.743,25.802,29965.96
2026-01-18 08:45:00,25.803,25.834,25.764,25.803,10228.36
2026-01-18 09:00:00,25.804,25.961,25.804,25.89,51285.72
2026-01-18 09:15:00,25.89,25.973,25.864,25.95,11921.09
2026-01-18 09:30:00,25.951,26.04,25.926,25.978,43452.77
2026-01-18 09:45:00,25.984,26.002,25.913,25.981,28828.08
2026-01-18 10:00:00,25.982,25.987,25.847,25.857,22773.16
2026-01-18 10:15:00,25.857,26.03,25.825,26.011,25608.05
2026-01-18 10:30:00,26.012,26.136,26.004,26.131,69581.94
2026-01-18 10:45:00,26.132,26.132,26.043,26.053,30769.34
2026-01-18 11:00:00,26.054,26.062,25.971,26.025,37812.63
2026-01-18 11:15:00,26.029,26.062,25.924,25.924,33038.54
2026-01-18 11:30:00,25.924,25.986,25.913,25.98,14394.96
2026-01-18 11:45:00,25.981,26.026,25.963,26.016,12583.63
2026-01-18 12:00:00,26.017,26.031,25.932,25.945,15656.96
2026-01-18 12:15:00,25.945,25.949,25.831,25.851,28333.0
2026-01-18 12:30:00,25.854,25.912,25.81,25.89,23591.48
2026-01-18 12:45:00,25.891,25.892,25.69,25.857,30060.88
2026-01-18 13:00:00,25.857,25.868,25.767,25.834,12790.84
2026-01-18 13:15:00,25.833,25.85,25.709,25.759,16854.18
2026-01-18 13:30:00,25.756,25.903,25.754,25.88,28298.52
2026-01-18 13:45:00,25.881,25.922,25.867,25.873,15575.93
2026-01-18 14:00:00,25.869,25.923,25.821,25.923,10738.69
2026-01-18 14:15:00,25.924,25.988,25.877,25.89,18246.95
2026-01-18 14:30:00,25.892,25.946,25.87,25.872,6300.01
2026-01-18 14:45:00,25.872,25.878,25.738,25.759,14918.95
2026-01-18 15:00:00,25.757,25.798,25.709,25.741,38380.46
2026-01-18 15:15:00,25.742,25.881,25.741,25.858,36791.11
2026-01-18 15:30:00,25.855,25.92,25.833,25.86,18259.27
2026-01-18 15:45:00,25.867,25.883,25.82,25.832,28146.17
2026-01-18 16:00:00,25.829,25.893,25.782,25.83,9003.25
2026-01-18 16:15:00,25.831,25.863,25.703,25.703,52970.38
2026-01-18 16:30:00,25.707,25.86,25.618,25.67,233495.09
2026-01-18 16:45:00,25.669,25.789,25.619,25.741,88091.42
2026-01-18 17:00:00,25.741,25.782,25.672,25.688,43039.83
2026-01-18 17:15:00,25.693,25.769,25.652,25.722,50902.5
2026-01-18 17:30:00,25.724,25.731,25.455,25.48,133836.43
2026-01-18 17:45:00,25.48,25.626,25.46,25.546,101097.05
2026-01-18 18:00:00,25.543,25.595,25.497,25.587,26138.27
2026-01-18 18:15:00,25.588,25.742,25.587,25.729,84323.08
2026-01-18 18:30:00,25.73,25.76,25.678,25.72,26173.1
2026-01-18 18:45:00,25.721,25.74,25.649,25.665,47553.39
2026-01-18 19:00:00,25.671,25.708,25.652,25.674,11498.24
2026-01-18 19:15:00,25.675,25.679,25.534,25.535,55593.44
2026-01-18 19:30:00,25.535,25.535,25.228,25.312,371644.6
2026-01-18 19:45:00,25.312,25.328,25.059,25.173,267069.27
2026-01-18 20:00:00,25.173,25.173,25.013,25.022,91809.85
2026-01-18 20:15:00,25.023,25.227,25.006,25.192,109377.21
2026-01-18 20:30:00,25.189,25.207,25.119,25.159,35304.14
2026-01-18 20:45:00,25.159,25.196,25.142,25.191,7308.46
2026-01-18 21:00:00,25.196,25.278,25.181,25.262,18741.66
2026-01-18 21:15:00,25.262,25.274,25.011,25.041,94609.06
2026-01-18 21:30:00,25.041,25.051,24.899,24.955,159731.24
2026-01-18 21:45:00,24.955,25.041,24.928,24.956,85429.86
2026-01-18 22:00:00,24.956,25.045,24.937,25.045,84366.01
2026-01-18 22:15:00,25.045,25.1,25.0,25.097,40028.05
2026-01-18 22:30:00,25.095,25.155,25.079,25.143,27623.39
2026-01-18 22:45:00,25.143,25.172,25.127,25.14,9147.11
2026-01-18 23:00:00,25.14,25.14,24.9,24.951,82044.63
2026-01-18 23:15:00,24.951,24.998,24.76,24.786,89545.89
2026-01-18 23:30:00,24.786,24.898,24.65,24.716,93530.8
2026-01-18 23:45:00,24.716,24.716,24.337,24.461,388260.85
2026-01-19 00:00:00,24.461,24.466,23.011,23.843,1669820.41
2026-01-19 00:15:00,23.843,24.021,23.723,23.829,346184.59
2026-01-19 00:30:00,23.823,24.094,23.719,24.073,335697.21
2026-01-19 00:45:00,24.074,24.194,24.05,24.077,241471.12
2026-01-19 01:00:00,24.079,24.172,23.991,24.131,91430.72
2026-01-19 01:15:00,24.133,24.166,23.981,23.998,73775.84
2026-01-19 01:30:00,23.998,24.2,23.941,24.014,130019.79
2026-01-19 01:45:00,24.014,24.097,23.941,24.097,60527.81
2026-01-19 02:00:00,24.093,24.093,23.9,23.962,100040.18
2026-01-19 02:15:00,23.962,24.034,23.889,23.95,70815.58
2026-01-19 02:30:00,23.946,24.031,23.932,23.978,33760.75
2026-01-19 02:45:00,23.978,24.016,23.933,23.993,27500.19
2026-01-19 03:00:00,23.993,24.045,23.935,24.038,32508.89
2026-01-19 03:15:00,24.041,24.12,23.911,24.012,85270.62
2026-01-19 03:30:00,24.012,24.039,23.877,23.881,158630.76
2026-01-19 03:45:00,23.881,23.949,23.839,23.937,71647.74
2026-01-19 04:00:00,23.938,24.017,23.89,23.99,56763.27
2026-01-19 04:15:00,23.988,24.024,23.945,24.021,52721.93
2026-01-19 04:30:00,24.02,24.029,23.951,24.007,38822.22
2026-01-19 04:45:00,24.009,24.022,23.971,23.99,39743.44
2026-01-19 05:00:00,23.988,23.99,23.779,23.79,107793.88
2026-01-19 05:15:00,23.79,23.883,23.762,23.882,65207.92
2026-01-19 05:30:00,23.881,23.967,23.84,23.919,80465.87
2026-01-19 05:45:00,23.919,23.99,23.899,23.904,45658.62
2026-01-19 06:00:00,23.91,23.925,23.77,23.833,54566.21
2026-01-19 06:15:00,23.833,23.833,23.697,23.743,72095.04
2026-01-19 06:30:00,23.743,23.785,23.663,23.746,64711.07
2026-01-19 06:45:00,23.751,23.847,23.751,23.824,20464.59
2026-01-19 07:00:00,23.825,23.846,23.74,23.794,32442.23
2026-01-19 07:15:00,23.795,23.848,23.726,23.728,52075.22
2026-01-19 07:30:00,23.728,23.806,23.691,23.79,30606.22
2026-01-19 07:45:00,23.79,23.851,23.782,23.819,7984.18
2026-01-19 08:00:00,23.819,23.844,23.786,23.81,19183.5
2026-01-19 08:15:00,23.81,23.996,23.792,23.987,93880.12
2026-01-19 08:30:00,23.984,24.183,23.974,24.142,162961.71
2026-01-19 08:45:00,24.143,24.246,24.142,24.204,78347.59
2026-01-19 09:00:00,24.205,24.214,23.98,23.993,68572.44
2026-01-19 09:15:00,23.993,24.144,23.992,24.089,37616.9
2026-01-19 09:30:00,24.089,24.116,24.021,24.057,28853.67
2026-01-19 09:45:00,24.057,24.131,23.994,24.09,58927.14
2026-01-19 10:00:00,24.093,24.21,24.02,24.18,81980.86
2026-01-19 10:15:00,24.199,24.199,24.036,24.059,25982.41
2026-01-19 10:30:00,24.061,24.062,23.98,24.048,31971.39
2026-01-19 10:45:00,24.056,24.12,24.048,24.111,24888.85
2026-01-19 11:00:00,24.111,24.168,24.061,24.168,23823.18
2026-01-19 11:15:00,24.168,24.18,24.069,24.11,33483.33
2026-01-19 11:30:00,24.11,24.174,24.064,24.162,16641.58
2026-01-19 11:45:00,24.157,24.181,24.085,24.109,9001.4
2026-01-19 12:00:00,24.109,24.109,24.025,24.057,49243.51
2026-01-19 12:15:00,24.06,24.079,23.905,23.953,197028.4
2026-01-19 12:30:00,23.953,24.059,23.952,24.004,74476.14
2026-01-19 12:45:00,24.009,24.019,23.933,23.983,23714.82
2026-01-19 13:00:00,23.983,23.983,23.741,23.867,257660.5
2026-01-19 13:15:00,23.865,23.871,23.753,23.815,63662.35
2026-01-19 13:30:00,23.815,23.816,23.655,23.683,70370.08
2026-01-19 13:45:00,23.683,23.725,23.602,23.659,119640.56
2026-01-19 14:00:00,23.662,23.702,23.493,23.531,155942.65
2026-01-19 14:15:00,23.531,23.699,23.525,23.699,54062.92
2026-01-19 14:30:00,23.695,23.806,23.623,23.734,96667.8
2026-01-19 14:45:00,23.739,23.784,23.571,23.611,70043.58
2026-01-19 15:00:00,23.617,23.668,23.603,23.649,25531.61
2026-01-19 15:15:00,23.649,23.659,23.525,23.594,74117.92
2026-01-19 15:30:00,23.597,23.732,23.558,23.707,93234.57
2026-01-19 15:45:00,23.708,23.758,23.693,23.751,15094.76
2026-01-19 16:00:00,23.752,23.79,23.733,23.769,28051.73
2026-01-19 16:15:00,23.768,23.87,23.752,23.815,69091.67
2026-01-19 16:30:00,23.815,24.081,23.813,23.988,240840.93
2026-01-19 16:45:00,23.987,24.05,23.935,24.04,49284.29
2026-01-19 17:00:00,24.041,24.069,23.982,24.054,48503.99
2026-01-19 17:15:00,24.055,24.066,24.0,24.011,20700.23
2026-01-19 17:30:00,24.011,24.012,23.91,23.935,35219.76
2026-01-19 17:45:00,23.924,23.98,23.908,23.936,8672.84
2026-01-19 18:00:00,23.936,23.953,23.854,23.902,22280.97
2026-01-19 18:15:00,23.901,23.922,23.875,23.875,10707.27
2026-01-19 18:30:00,23.88,24.052,23.88,24.052,99006.49
2026-01-19 18:45:00,24.034,24.041,23.941,24.007,21110.16
2026-01-19 19:00:00,24.002,24.054,23.983,24.037,18382.1
2026-01-19 19:15:00,24.033,24.151,24.017,24.093,55029.69
2026-01-19 19:30:00,24.088,24.126,24.073,24.1,7983.89
2026-01-19 19:45:00,24.099,24.101,23.99,24.039,19286.06
2026-01-19 20:00:00,24.04,24.111,24.0,24.009,26989.8
2026-01-19 20:15:00,24.01,24.081,24.0,24.038,37180.82
2026-01-19 20:30:00,24.046,24.052,23.973,23.993,33232.34
2026-01-19 20:45:00,23.993,24.024,23.952,23.958,27770.27
2026-01-19 21:00:00,23.96,23.99,23.867,23.871,53585.99
2026-01-19 21:15:00,23.873,23.886,23.795,23.848,37906.57
2026-01-19 21:30:00,23.848,23.856,23.775,23.797,31800.31
2026-01-19 21:45:00,23.798,23.805,23.693,23.715,42098.38
2026-01-19 22:00:00,23.715,23.814,23.616,23.651,113626.94
2026-01-19 22:15:00,23.652,23.787,23.652,23.726,31097.27
2026-01-19 22:30:00,23.73,23.767,23.678,23.745,19445.69
2026-01-19 22:45:00,23.745,23.75,23.611,23.62,34596.2
2026-01-19 23:00:00,23.624,23.724,23.539,23.682,125911.07
2026-01-19 23:15:00,23.682,23.726,23.594,23.721,76408.05
2026-01-19 23:30:00,23.72,23.817,23.717,23.765,88064.43
2026-01-19 23:45:00,23.763,23.78,23.682,23.726,23166.05
2026-01-20 00:00:00,23.727,23.753,23.587,23.596,102531.59
2026-01-20 00:15:00,23.595,23.602,23.438,23.505,112019.42
2026-01-20 00:30:00,23.505,23.639,23.505,23.595,66945.43
2026-01-20 00:45:00,23.596,23.63,23.547,23.572,24370.86
2026-01-20 01:00:00,23.568,23.629,23.506,23.591,26630.41
2026-01-20 01:15:00,23.59,23.778,23.586,23.755,66700.02
2026-01-20 01:30:00,23.754,23.763,23.66,23.674,18892.69
2026-01-20 01:45:00,23.669,23.742,23.652,23.654,19253.27
2026-01-20 02:00:00,23.658,23.713,23.558,23.591,47193.17
2026-01-20 02:15:00,23.59,23.662,23.575,23.653,63524.7
2026-01-20 02:30:00,23.656,23.715,23.652,23.683,9710.91
2026-01-20 02:45:00,23.682,23.77,23.681,23.748,32718.4
2026-01-20 03:00:00,23.755,23.766,23.644,23.645,39069.03
2026-01-20 03:15:00,23.645,23.665,23.56,23.573,30879.11
2026-01-20 03:30:00,23.569,23.614,23.5,23.593,39294.44
2026-01-20 03:45:00,23.593,23.773,23.583,23.764,107826.01
2026-01-20 04:00:00,23.765,23.876,23.704,23.721,148036.5
2026-01-20 04:15:00,23.721,23.737,23.674,23.719,55438.03
2026-01-20 04:30:00,23.717,23.771,23.692,23.706,39934.4
2026-01-20 04:45:00,23.702,23.727,23.585,23.639,63178.93
2026-01-20 05:00:00,23.639,23.742,23.512,23.515,183227.82
2026-01-20 05:15:00,23.515,23.521,23.18,23.228,386057.86
2026-01-20 05:30:00,23.228,23.361,23.123,23.322,194682.88
2026-01-20 05:45:00,23.322,23.46,23.315,23.453,80148.7
2026-01-20 06:00:00,23.453,23.453,23.288,23.319,105982.44
2026-01-20 06:15:00,23.327,23.412,23.174,23.392,98281.19
2026-01-20 06:30:00,23.384,23.384,23.262,23.325,29320.91
2026-01-20 06:45:00,23.325,23.348,23.113,23.191,78819.82
2026-01-20 07:00:00,23.191,23.209,23.099,23.203,110987.91
2026-01-20 07:15:00,23.196,23.28,23.178,23.22,74326.25
2026-01-20 07:30:00,23.22,23.241,23.169,23.182,103142.39
2026-01-20 07:45:00,23.176,23.205,23.087,23.096,64053.22
2026-01-20 08:00:00,23.095,23.119,22.818,22.943,307290.53
2026-01-20 08:15:00,22.949,23.087,22.936,23.045,99741.78
2026-01-20 08:30:00,23.045,23.055,22.934,23.047,59804.47
2026-01-20 08:45:00,23.046,23.226,23.037,23.22,52147.17
2026-01-20 09:00:00,23.22,23.257,23.142,23.207,94264.36
2026-01-20 09:15:00,23.2,23.216,23.017,23.017,80452.89
2026-01-20 09:30:00,23.022,23.035,22.876,22.895,77338.44
2026-01-20 09:45:00,22.903,23.046,22.848,22.931,248248.4
2026-01-20 10:00:00,22.93,23.083,22.887,23.059,133843.25
2026-01-20 10:15:00,23.056,23.1,22.982,23.022,80303.41
2026-01-20 10:30:00,23.021,23.022,22.938,22.948,69248.4
2026-01-20 10:45:00,22.947,22.992,22.938,22.948,43729.01
2026-01-20 11:00:00,22.943,23.088,22.84,22.904,362200.85
2026-01-20 11:15:00,22.905,22.923,22.8,22.854,119880.06
2026-01-20 11:30:00,22.853,22.855,22.711,22.746,137320.51
2026-01-20 11:45:00,22.747,22.794,22.715,22.76,80622.78
2026-01-20 12:00:00,22.756,22.889,22.733,22.818,99155.61
2026-01-20 12:15:00,22.818,22.842,22.73,22.78,38658.66
2026-01-20 12:30:00,22.779,22.779,22.507,22.59,288237.12
2026-01-20 12:45:00,22.588,22.639,22.541,22.541,65480.0
2026-01-20 13:00:00,22.54,22.556,22.1,22.233,1162892.79
2026-01-20 13:15:00,22.233,22.25,22.0,22.172,445820.48
2026-01-20 13:30:00,22.172,22.221,21.99,22.12,286657.08
2026-01-20 13:45:00,22.12,22.125,21.581,21.766,1549855.08
2026-01-20 14:00:00,21.757,21.892,21.576,21.864,440492.92
2026-01-20 14:15:00,21.87,21.93,21.782,21.93,156414.6
2026-01-20 14:30:00,21.931,22.206,21.83,22.165,827686.48
2026-01-20 14:45:00,22.165,22.172,21.963,22.075,361196.68
2026-01-20 15:00:00,22.084,22.136,21.831,22.031,255813.16
2026-01-20 15:15:00,22.032,22.253,21.92,22.23,216388.4
2026-01-20 15:30:00,22.231,22.246,22.073,22.088,179454.72
2026-01-20 15:45:00,22.089,22.098,21.956,22.081,113554.1
2026-01-20 16:00:00,22.081,22.141,21.955,22.1,112080.54
2026-01-20 16:15:00,22.095,22.176,21.99,22.016,45988.91
2026-01-20 16:30:00,22.019,22.038,21.739,21.754,221752.97
2026-01-20 16:45:00,21.756,21.795,21.575,21.771,422012.69
2026-01-20 17:00:00,21.766,21.928,21.671,21.768,70029.18
2026-01-20 17:15:00,21.762,21.795,21.316,21.419,682909.46
2026-01-20 17:30:00,21.419,21.477,21.316,21.431,194193.42
2026-01-20 17:45:00,21.431,21.432,20.926,21.266,1580831.74
2026-01-20 18:00:00,21.268,21.496,21.268,21.479,298246.62
2026-01-20 18:15:00,21.478,21.505,21.325,21.42,339477.38
2026-01-20 18:30:00,21.417,21.454,21.312,21.375,71927.39
2026-01-20 18:45:00,21.372,21.571,21.336,21.543,160634.08
2026-01-20 19:00:00,21.553,21.612,21.419,21.534,126601.38
2026-01-20 19:15:00,21.53,21.571,21.397,21.402,101856.01
2026-01-20 19:30:00,21.41,21.536,21.38,21.481,129759.51
2026-01-20 19:45:00,21.481,21.563,21.437,21.54,91686.08
2026-01-20 20:00:00,21.536,21.586,21.461,21.564,67392.84
2026-01-20 20:15:00,21.565,21.811,21.564,21.802,193051.3
2026-01-20 20:30:00,21.805,21.849,21.671,21.7,225460.87
2026-01-20 20:45:00,21.7,21.722,21.538,21.552,132862.33
2026-01-20 21:00:00,21.558,21.572,21.512,21.523,39923.21
2026-01-20 21:15:00,21.524,21.524,21.376,21.384,114435.27
2026-01-20 21:30:00,21.385,21.387,21.287,21.304,84958.2
2026-01-20 21:45:00,21.305,21.318,21.16,21.211,160632.66
2026-01-20 22:00:00,21.21,21.387,21.141,21.355,234372.95
2026-01-20 22:15:00,21.354,21.361,21.218,21.266,111593.92
2026-01-20 22:30:00,21.266,21.391,20.909,21.357,424109.76
2026-01-20 22:45:00,21.363,21.4,21.276,21.31,100079.82
2026-01-20 23:00:00,21.312,21.344,21.15,21.172,99312.8
2026-01-20 23:15:00,21.173,21.208,21.076,21.145,98919.67
2026-01-20 23:30:00,21.146,21.214,21.08,21.088,65248.46
2026-01-20 23:45:00,21.088,21.093,20.792,20.978,623407.63
2026-01-21 00:00:00,20.981,21.155,20.935,20.952,146494.29
2026-01-21 00:15:00,20.95,21.101,20.871,21.005,282605.49
2026-01-21 00:30:00,21.009,21.28,20.966,21.216,186998.25
2026-01-21 00:45:00,21.209,21.259,21.111,21.174,68169.04
2026-01-21 01:00:00,21.175,21.44,21.132,21.433,156458.34
2026-01-21 01:15:00,21.428,21.505,21.377,21.474,198029.81
2026-01-21 01:30:00,21.475,21.565,21.407,21.426,107619.22
2026-01-21 01:45:00,21.418,21.459,21.34,21.379,40117.39
2026-01-21 02:00:00,21.379,21.449,21.379,21.446,36857.61
2026-01-21 02:15:00,21.445,21.489,21.361,21.364,28417.16
2026-01-21 02:30:00,21.364,21.372,21.168,21.286,156352.4
2026-01-21 02:45:00,21.284,21.32,21.255,21.311,54774.2
2026-01-21 03:00:00,21.315,21.378,21.304,21.353,16552.57
2026-01-21 03:15:00,21.351,21.425,21.345,21.373,17219.46
2026-01-21 03:30:00,21.37,21.476,21.329,21.467,12949.4
2026-01-21 03:45:00,21.465,21.496,21.39,21.437,55611.27
2026-01-21 04:00:00,21.425,21.535,21.412,21.451,27530.36
2026-01-21 04:15:00,21.45,21.623,21.426,21.612,89061.17
2026-01-21 04:30:00,21.608,21.625,21.526,21.615,57637.0
2026-01-21 04:45:00,21.611,21.611,21.486,21.543,35074.77
2026-01-21 05:00:00,21.542,21.57,21.521,21.562,21032.25
2026-01-21 05:15:00,21.56,21.611,21.522,21.611,32208.92
2026-01-21 05:30:00,21.611,21.754,21.608,21.739,110867.44
2026-01-21 05:45:00,21.736,21.782,21.615,21.69,135981.22
2026-01-21 06:00:00,21.687,21.701,21.587,21.597,125564.74
2026-01-21 06:15:00,21.597,21.6,21.479,21.544,129835.62
2026-01-21 06:30:00,21.549,21.553,21.433,21.454,51089.36
2026-01-21 06:45:00,21.455,21.494,21.402,21.43,36025.7
2026-01-21 07:00:00,21.429,21.496,21.383,21.417,61074.34
2026-01-21 07:15:00,21.416,21.457,21.348,21.375,40808.24
2026-01-21 07:30:00,21.372,21.377,21.221,21.286,86991.45
2026-01-21 07:45:00,21.285,21.3,21.229,21.262,69779.36
2026-01-21 08:00:00,21.258,21.266,21.166,21.166,84709.15
2026-01-21 08:15:00,21.166,21.223,21.136,21.149,67971.1
2026-01-21 08:30:00,21.148,21.198,21.0,21.008,167278.85
2026-01-21 08:45:00,21.011,21.049,20.971,21.019,95961.0
2026-01-21 09:00:00,21.018,21.02,20.864,20.893,112098.81
2026-01-21 09:15:00,20.896,21.105,20.896,21.078,155095.89
2026-01-21 09:30:00,21.08,21.157,20.986,21.005,116783.1
2026-01-21 09:45:00,21.005,21.025,20.96,20.986,41202.92
2026-01-21 10:00:00,20.979,21.149,20.97,21.04,143936.16
2026-01-21 10:15:00,21.047,21.056,20.92,20.926,57319.58
2026-01-21 10:30:00,20.922,21.01,20.851,20.855,91837.11
2026-01-21 10:45:00,20.855,20.855,20.546,20.602,621746.44
2026-01-21 11:00:00,20.601,20.84,20.586,20.816,284493.68
2026-01-21 11:15:00,20.813,20.973,20.796,20.964,138595.88
2026-01-21 11:30:00,20.964,20.982,20.941,20.964,74640.9
2026-01-21 11:45:00,20.965,20.985,20.667,20.697,231647.55
2026-01-21 12:00:00,20.698,20.751,20.493,20.592,350169.61
2026-01-21 12:15:00,20.6,20.656,20.516,20.627,115069.65
2026-01-21 12:30:00,20.624,20.777,20.587,20.752,64939.52
2026-01-21 12:45:00,20.757,20.886,20.728,20.862,72711.62
2026-01-21 13:00:00,20.859,20.946,20.847,20.916,58595.63
2026-01-21 13:15:00,20.915,20.958,20.85,20.853,67717.33
2026-01-21 13:30:00,20.854,20.923,20.723,20.76,106579.56
2026-01-21 13:45:00,20.762,20.815,20.705,20.752,63508.01
2026-01-21 14:00:00,20.745,21.235,20.724,21.189,237978.29
2026-01-21 14:15:00,21.192,21.25,21.057,21.135,256515.1
2026-01-21 14:30:00,21.136,21.309,21.113,21.167,164727.75
2026-01-21 14:45:00,21.17,21.219,21.018,21.152,83713.46
2026-01-21 15:00:00,21.16,21.351,21.102,21.349,158865.13
2026-01-21 15:15:00,21.348,21.408,21.192,21.228,157007.22
2026-01-21 15:30:00,21.227,21.274,21.156,21.274,69359.83
2026-01-21 15:45:00,21.274,21.61,21.25,21.581,352190.27
2026-01-21 16:00:00,21.58,21.67,21.367,21.37,355184.04
2026-01-21 16:15:00,21.367,21.501,21.19,21.439,322599.53
2026-01-21 16:30:00,21.439,21.447,20.826,20.846,469191.85
2026-01-21 16:45:00,20.845,21.198,20.833,20.857,277346.75
2026-01-21 17:00:00,20.864,21.05,20.689,20.711,368923.18
2026-01-21 17:15:00,20.724,20.944,20.639,20.725,336061.05
2026-01-21 17:30:00,20.72,20.758,20.461,20.669,511871.56
2026-01-21 17:45:00,20.663,20.733,20.6,20.701,120167.68
2026-01-21 18:00:00,20.695,20.885,20.536,20.832,144587.48
2026-01-21 18:15:00,20.834,20.858,20.737,20.807,46874.39
2026-01-21 18:30:00,20.808,20.859,20.718,20.817,33975.31
2026-01-21 18:45:00,20.817,20.965,20.812,20.884,54184.53
2026-01-21 19:00:00,20.883,20.921,20.777,20.838,50937.12
2026-01-21 19:15:00,20.842,21.099,20.816,21.089,94861.77
2026-01-21 19:30:00,21.094,21.693,21.061,21.633,974344.65
2026-01-21 19:45:00,21.631,22.031,21.631,21.874,745455.48
2026-01-21 20:00:00,21.881,21.953,21.675,21.768,265674.6
2026-01-21 20:15:00,21.761,21.786,21.528,21.568,211480.5
2026-01-21 20:30:00,21.568,21.654,21.478,21.621,174858.53
2026-01-21 20:45:00,21.624,21.968,21.622,21.903,201371.45
2026-01-21 21:00:00,21.905,21.976,21.82,21.916,92138.42
2026-01-21 21:15:00,21.916,22.029,21.824,21.842,71456.63
2026-01-21 21:30:00,21.838,21.971,21.823,21.939,23781.06
2026-01-21 21:45:00,21.944,21.951,21.838,21.864,34800.96
2026-01-21 22:00:00,21.869,22.095,21.837,21.975,128000.81
2026-01-21 22:15:00,21.968,21.968,21.739,21.768,65824.88
2026-01-21 22:30:00,21.766,21.846,21.723,21.801,78635.53
2026-01-21 22:45:00,21.8,21.81,21.67,21.676,60612.49
2026-01-21 23:00:00,21.674,21.77,21.66,21.764,24135.1
2026-01-21 23:15:00,21.766,21.766,21.641,21.693,15209.16
2026-01-21 23:30:00,21.691,21.71,21.48,21.48,44483.11
2026-01-21 23:45:00,21.487,21.528,21.417,21.526,56756.11
2026-01-22 00:00:00,21.529,21.633,21.528,21.621,77161.31
2026-01-22 00:15:00,21.624,21.719,21.6,21.708,61370.35
2026-01-22 00:30:00,21.706,21.893,21.704,21.822,143415.18
2026-01-22 00:45:00,21.817,21.939,21.793,21.903,74584.5
2026-01-22 01:00:00,21.898,22.007,21.873,21.973,85961.73
2026-01-22 01:15:00,21.968,22.059,21.957,22.048,68977.1
2026-01-22 01:30:00,22.042,22.058,21.949,22.008,71926.55
2026-01-22 01:45:00,22.002,22.097,21.971,22.081,75110.66
2026-01-22 02:00:00,22.079,22.161,22.021,22.161,95595.69
2026-01-22 02:15:00,22.16,22.2,22.109,22.123,93083.34
2026-01-22 02:30:00,22.124,22.124,22.012,22.072,43290.78
2026-01-22 02:45:00,22.072,22.072,21.933,21.991,45449.65
2026-01-22 03:00:00,21.992,22.11,21.992,22.058,15131.01
2026-01-22 03:15:00,22.054,22.054,21.8,21.854,208637.91
2026-01-22 03:30:00,21.853,21.853,21.571,21.624,259905.73
2026-01-22 03:45:00,21.625,21.646,21.473,21.566,151448.52
2026-01-22 04:00:00,21.57,21.679,21.566,21.663,44604.99
2026-01-22 04:15:00,21.668,21.776,21.663,21.749,34939.26
2026-01-22 04:30:00,21.749,21.833,21.729,21.833,32542.47
2026-01-22 04:45:00,21.828,21.862,21.773,21.808,29905.44
2026-01-22 05:00:00,21.808,21.864,21.768,21.859,36044.45
2026-01-22 05:15:00,21.859,21.877,21.728,21.776,60885.43
2026-01-22 05:30:00,21.775,21.806,21.739,21.773,28830.63
2026-01-22 05:45:00,21.772,21.788,21.667,21.763,23470.92
2026-01-22 06:00:00,21.762,21.843,21.696,21.743,26373.71
2026-01-22 06:15:00,21.744,21.764,21.638,21.643,21787.7
2026-01-22 06:30:00,21.65,21.791,21.65,21.759,38482.68
2026-01-22 06:45:00,21.756,21.839,21.756,21.812,18293.73
2026-01-22 07:00:00,21.813,21.839,21.772,21.801,42630.99
2026-01-22 07:15:00,21.802,21.829,21.749,21.783,62938.97
2026-01-22 07:30:00,21.781,21.96,21.758,21.947,67027.75
2026-01-22 07:45:00,21.948,21.948,21.872,21.931,19318.42
2026-01-22 08:00:00,21.931,22.042,21.869,21.884,61424.62
2026-01-22 08:15:00,21.891,21.972,21.888,21.927,23924.49
2026-01-22 08:30:00,21.929,22.002,21.915,22.001,25284.04
2026-01-22 08:45:00,22.001,22.087,21.986,22.082,41977.69
2026-01-22 09:00:00,22.082,22.184,22.054,22.183,57267.06
2026-01-22 09:15:00,22.179,22.212,22.017,22.04,95664.71
2026-01-22 09:30:00,22.04,22.174,21.954,22.152,152479.18
2026-01-22 09:45:00,22.152,22.156,21.969,21.973,52130.19
2026-01-22 10:00:00,21.973,21.983,21.915,21.934,54097.98
2026-01-22 10:15:00,21.935,21.991,21.86,21.876,97424.42
2026-01-22 10:30:00,21.876,21.881,21.807,21.875,99055.85
2026-01-22 10:45:00,21.871,21.947,21.828,21.888,100603.35
2026-01-22 11:00:00,21.885,21.979,21.846,21.911,31464.66
2026-01-22 11:15:00,21.912,21.949,21.822,21.859,40143.98
2026-01-22 11:30:00,21.859,21.906,21.818,21.856,17427.92
2026-01-22 11:45:00,21.855,21.882,21.806,21.807,36196.39
2026-01-22 12:00:00,21.807,21.848,21.802,21.832,56777.21
2026-01-22 12:15:00,21.829,21.871,21.81,21.826,74964.22
2026-01-22 12:30:00,21.827,21.856,21.8,21.819,205325.07
2026-01-22 12:45:00,21.819,21.83,21.8,21.803,36385.97
2026-01-22 13:00:00,21.8,21.822,21.727,21.75,120335.41
2026-01-22 13:15:00,21.752,21.928,21.721,21.919,73532.08
2026-01-22 13:30:00,21.912,21.979,21.686,21.755,109308.51
2026-01-22 13:45:00,21.757,21.812,21.609,21.679,55460.25
2026-01-22 14:00:00,21.676,21.749,21.568,21.732,72438.11
2026-01-22 14:15:00,21.732,21.732,21.509,21.526,65296.89
2026-01-22 14:30:00,21.526,21.62,21.421,21.488,154287.36
2026-01-22 14:45:00,21.493,21.499,21.231,21.426,225133.41
2026-01-22 15:00:00,21.424,21.47,21.34,21.418,94868.98
2026-01-22 15:15:00,21.414,21.536,21.092,21.199,361067.46
2026-01-22 15:30:00,21.199,21.386,21.17,21.368,120532.38
2026-01-22 15:45:00,21.375,21.479,21.251,21.27,55249.59
2026-01-22 16:00:00,21.267,21.408,21.169,21.209,106014.85
2026-01-22 16:15:00,21.21,21.341,21.145,21.241,51352.2
2026-01-22 16:30:00,21.247,21.294,21.159,21.265,51301.23
2026-01-22 16:45:00,21.267,21.406,21.252,21.337,105602.83
2026-01-22 17:00:00,21.336,21.56,21.32,21.48,92848.38
2026-01-22 17:15:00,21.486,21.621,21.477,21.558,85512.02
2026-01-22 17:30:00,21.565,21.588,21.487,21.519,44387.95
2026-01-22 17:45:00,21.523,21.734,21.523,21.716,93594.84
2026-01-22 18:00:00,21.716,21.75,21.642,21.65,45732.02
2026-01-22 18:15:00,21.652,21.745,21.62,21.643,26555.2
2026-01-22 18:30:00,21.643,21.699,21.268,21.281,393873.99
2026-01-22 18:45:00,21.281,21.3,21.112,21.183,243361.81
2026-01-22 19:00:00,21.183,21.406,21.176,21.38,139690.41
2026-01-22 19:15:00,21.38,21.45,21.321,21.421,100926.6
2026-01-22 19:30:00,21.421,21.549,21.387,21.541,51156.1
2026-01-22 19:45:00,21.541,21.542,21.377,21.418,61423.79
2026-01-22 20:00:00,21.416,21.482,21.387,21.471,31974.86
2026-01-22 20:15:00,21.47,21.498,21.269,21.319,100344.15
2026-01-22 20:30:00,21.315,21.386,21.26,21.319,51345.77
2026-01-22 20:45:00,21.318,21.384,21.301,21.376,7875.83
2026-01-22 21:00:00,21.378,21.432,21.333,21.383,14964.45
2026-01-22 21:15:00,21.382,21.468,21.373,21.45,19073.12
2026-01-22 21:30:00,21.454,21.469,21.382,21.388,16570.46
2026-01-22 21:45:00,21.385,21.447,21.315,21.34,21865.13
2026-01-22 22:00:00,21.342,21.394,21.275,21.389,48658.2
2026-01-22 22:15:00,21.384,21.43,21.313,21.392,4562.92
2026-01-22 22:30:00,21.395,21.4,21.308,21.341,11745.91
2026-01-22 22:45:00,21.341,21.394,21.341,21.385,5595.11
2026-01-22 23:00:00,21.384,21.397,21.286,21.384,23306.44
2026-01-22 23:15:00,21.377,21.458,21.376,21.427,11177.48
2026-01-22 23:30:00,21.429,21.47,21.345,21.348,10650.92
2026-01-22 23:45:00,21.349,21.45,21.344,21.439,12307.8
2026-01-23 00:00:00,21.443,21.455,21.369,21.445,22328.01
2026-01-23 00:15:00,21.445,21.514,21.424,21.502,27694.24
2026-01-23 00:30:00,21.502,21.575,21.48,21.552,58354.75
2026-01-23 00:45:00,21.551,21.629,21.547,21.6,18391.82
2026-01-23 01:00:00,21.6,21.668,21.595,21.651,31911.6
2026-01-23 01:15:00,21.654,21.699,21.621,21.666,44225.95
2026-01-23 01:30:00,21.666,21.717,21.622,21.715,38273.88
2026-01-23 01:45:00,21.714,21.727,21.684,21.723,20169.44
2026-01-23 02:00:00,21.722,21.756,21.658,21.753,41884.96
2026-01-23 02:15:00,21.752,21.758,21.649,21.692,36274.13
2026-01-23 02:30:00,21.692,21.719,21.655,21.68,10476.22
2026-01-23 02:45:00,21.679,21.72,21.643,21.644,9031.54
2026-01-23 03:00:00,21.643,21.693,21.604,21.666,17612.8
2026-01-23 03:15:00,21.665,21.774,21.662,21.759,17732.2
2026-01-23 03:30:00,21.759,21.794,21.715,21.776,18444.2
2026-01-23 03:45:00,21.775,21.806,21.752,21.806,31447.4
2026-01-23 04:00:00,21.805,21.829,21.733,21.829,26207.32
2026-01-23 04:15:00,21.828,21.846,21.759,21.787,29764.87
2026-01-23 04:30:00,21.785,21.836,21.774,21.816,10265.43
2026-01-23 04:45:00,21.815,21.846,21.801,21.821,46131.21
2026-01-23 05:00:00,21.813,21.845,21.786,21.804,20871.49
2026-01-23 05:15:00,21.803,21.803,21.674,21.736,29196.01
2026-01-23 05:30:00,21.735,21.789,21.692,21.743,14716.41
2026-01-23 05:45:00,21.743,21.75,21.641,21.713,22474.81
2026-01-23 06:00:00,21.714,21.779,21.713,21.731,25012.6
2026-01-23 06:15:00,21.731,21.771,21.565,21.596,39562.33
2026-01-23 06:30:00,21.596,21.634,21.525,21.625,47363.21
2026-01-23 06:45:00,21.625,21.634,21.451,21.463,39498.47
2026-01-23 07:00:00,21.463,21.494,21.393,21.424,27614.96
2026-01-23 07:15:00,21.43,21.561,21.421,21.536,60845.79
2026-01-23 07:30:00,21.533,21.573,21.505,21.515,41449.04
2026-01-23 07:45:00,21.514,21.525,21.434,21.445,28146.36
2026-01-23 08:00:00,21.445,21.485,21.32,21.33,79487.86
2026-01-23 08:15:00,21.33,21.388,21.303,21.321,48730.4
2026-01-23 08:30:00,21.321,21.351,21.219,21.305,59549.65
2026-01-23 08:45:00,21.304,21.324,21.2,21.201,34459.81
2026-01-23 09:00:00,21.203,21.253,21.138,21.146,66691.28
2026-01-23 09:15:00,21.147,21.151,21.025,21.077,84092.79
2026-01-23 09:30:00,21.077,21.099,20.918,21.045,167618.82
2026-01-23 09:45:00,21.039,21.045,20.878,20.901,117346.96
2026-01-23 10:00:00,20.901,21.047,20.837,21.04,153070.35
2026-01-23 10:15:00,21.04,21.116,20.981,21.097,164360.77
2026-01-23 10:30:00,21.096,21.125,20.926,21.004,75038.2
2026-01-23 10:45:00,21.003,21.083,20.978,21.034,64704.69
2026-01-23 11:00:00,21.035,21.163,21.009,21.157,84332.38
2026-01-23 11:15:00,21.157,21.23,21.151,21.175,101725.23
2026-01-23 11:30:00,21.18,21.265,21.172,21.216,56345.07
2026-01-23 11:45:00,21.216,21.237,21.171,21.237,41408.67
2026-01-23 12:00:00,21.231,21.26,21.187,21.192,53040.89
2026-01-23 12:15:00,21.192,21.287,21.153,21.269,60255.23
2026-01-23 12:30:00,21.267,21.289,21.159,21.277,70357.45
2026-01-23 12:45:00,21.277,21.343,21.225,21.323,55918.35
2026-01-23 13:00:00,21.32,21.42,21.311,21.4,87861.4
2026-01-23 13:15:00,21.396,21.454,21.35,21.425,130165.39
2026-01-23 13:30:00,21.425,21.453,21.368,21.442,58107.63
2026-01-23 13:45:00,21.441,21.529,21.427,21.481,94644.81
2026-01-23 14:00:00,21.477,21.589,21.44,21.585,87655.5
2026-01-23 14:15:00,21.585,21.689,21.568,21.682,86903.45
2026-01-23 14:30:00,21.68,21.69,21.338,21.455,270580.96
2026-01-23 14:45:00,21.452,21.578,21.371,21.477,87435.08
2026-01-23 15:00:00,21.48,21.671,21.464,21.55,252659.43
2026-01-23 15:15:00,21.55,21.78,21.451,21.754,200952.13
2026-01-23 15:30:00,21.749,21.853,21.721,21.781,92121.3
2026-01-23 15:45:00,21.78,22.351,21.776,22.338,445284.24
2026-01-23 16:00:00,22.334,22.489,22.233,22.47,375195.34
2026-01-23 16:15:00,22.465,22.5,22.255,22.285,276094.94
2026-01-23 16:30:00,22.284,22.551,22.224,22.477,243681.33
2026-01-23 16:45:00,22.474,22.623,22.38,22.408,176818.33
2026-01-23 17:00:00,22.403,22.423,22.278,22.38,66683.13
2026-01-23 17:15:00,22.384,22.879,22.375,22.864,404502.69
2026-01-23 17:30:00,22.863,23.082,22.746,22.898,436579.74
2026-01-23 17:45:00,22.898,23.055,22.741,22.742,264769.76
2026-01-23 18:00:00,22.742,22.925,22.608,22.767,199537.2
2026-01-23 18:15:00,22.758,22.864,22.691,22.789,50105.44
2026-01-23 18:30:00,22.793,22.83,22.667,22.786,67124.68
2026-01-23 18:45:00,22.785,22.913,22.706,22.84,67349.35
2026-01-23 19:00:00,22.843,22.843,22.602,22.697,100423.2
2026-01-23 19:15:00,22.695,22.759,22.54,22.544,147521.18
2026-01-23 19:30:00,22.545,22.574,22.318,22.438,230564.84
2026-01-23 19:45:00,22.442,22.469,22.272,22.395,86488.0
2026-01-23 20:00:00,22.395,22.538,22.304,22.505,74167.23
2026-01-23 20:15:00,22.505,22.558,22.447,22.527,83949.75
2026-01-23 20:30:00,22.525,22.525,22.379,22.467,139235.37
2026-01-23 20:45:00,22.473,22.598,22.447,22.56,64423.79
2026-01-23 21:00:00,22.561,22.688,22.54,22.636,101870.74
2026-01-23 21:15:00,22.635,22.655,22.566,22.588,34348.79
2026-01-23 21:30:00,22.587,22.599,22.461,22.479,51400.31
2026-01-23 21:45:00,22.48,22.536,22.381,22.404,66748.46
2026-01-23 22:00:00,22.404,22.512,22.382,22.488,46180.49
2026-01-23 22:15:00,22.485,22.604,22.437,22.55,26025.4
2026-01-23 22:30:00,22.551,22.744,22.539,22.638,44494.09
2026-01-23 22:45:00,22.642,22.699,22.607,22.667,26273.85
2026-01-23 23:00:00,22.661,22.663,22.581,22.619,11206.17
2026-01-23 23:15:00,22.616,22.634,22.526,22.617,30505.99
2026-01-23 23:30:00,22.617,22.619,22.534,22.534,13077.37
2026-01-23 23:45:00,22.534,22.65,22.527,22.641,22118.46
2026-01-24 00:00:00,22.641,22.698,22.632,22.648,27283.27
2026-01-24 00:15:00,22.648,22.708,22.617,22.62,67801.79
2026-01-24 00:30:00,22.62,22.86,22.62,22.709,88156.76
2026-01-24 00:45:00,22.711,22.789,22.677,22.753,54060.91
2026-01-24 01:00:00,22.753,22.862,22.742,22.847,81299.93
2026-01-24 01:15:00,22.848,22.91,22.602,22.834,178122.17
2026-01-24 01:30:00,22.833,22.834,22.628,22.745,205969.86
2026-01-24 01:45:00,22.744,22.923,22.718,22.918,48730.06
2026-01-24 02:00:00,22.916,23.037,22.9,23.017,93127.35
2026-01-24 02:15:00,23.017,23.05,22.955,23.01,118839.75
2026-01-24 02:30:00,23.01,23.16,22.967,23.032,198760.94
2026-01-24 02:45:00,23.031,23.093,23.0,23.082,56554.62
2026-01-24 03:00:00,23.082,23.27,23.053,23.264,92219.58
2026-01-24 03:15:00,23.267,23.3,23.135,23.285,99261.78
2026-01-24 03:30:00,23.285,23.3,23.097,23.104,66019.61
2026-01-24 03:45:00,23.104,23.112,22.972,23.108,57360.52
2026-01-24 04:00:00,23.106,23.168,22.999,23.023,59069.41
2026-01-24 04:15:00,23.022,23.053,22.903,22.919,64186.01
2026-01-24 04:30:00,22.919,23.032,22.917,22.92,37568.67
2026-01-24 04:45:00,22.917,22.988,22.882,22.987,27622.55
2026-01-24 05:00:00,22.987,23.017,22.937,22.962,31059.91
2026-01-24 05:15:00,22.961,23.038,22.961,23.008,14945.82
2026-01-24 05:30:00,23.007,23.007,22.936,22.973,17499.38
2026-01-24 05:45:00,22.973,23.047,22.953,23.033,14704.15
2026-01-24 06:00:00,23.033,23.038,22.963,22.993,27996.34
2026-01-24 06:15:00,22.995,23.024,22.887,22.918,30122.18
2026-01-24 06:30:00,22.918,22.953,22.864,22.864,25395.2
2026-01-24 06:45:00,22.864,22.89,22.837,22.889,42843.46
2026-01-24 07:00:00,22.889,22.916,22.86,22.879,19736.93
2026-01-24 07:15:00,22.879,22.986,22.842,22.888,37788.99
2026-01-24 07:30:00,22.888,22.934,22.845,22.859,26761.48
2026-01-24 07:45:00,22.862,22.899,22.811,22.814,31909.93
2026-01-24 08:00:00,22.816,22.927,22.812,22.916,32650.73
2026-01-24 08:15:00,22.916,23.035,22.873,23.023,30040.5
2026-01-24 08:30:00,23.026,23.293,23.003,23.271,52274.79
2026-01-24 08:45:00,23.269,23.463,23.218,23.447,107543.58
2026-01-24 09:00:00,23.451,23.456,23.308,23.41,70904.82
2026-01-24 09:15:00,23.401,23.401,23.302,23.311,34119.28
2026-01-24 09:30:00,23.31,23.365,23.282,23.326,50850.86
2026-01-24 09:45:00,23.322,23.384,23.295,23.325,19008.75
2026-01-24 10:00:00,23.324,23.376,23.301,23.312,14541.69
2026-01-24 10:15:00,23.313,23.338,23.279,23.308,18134.05
2026-01-24 10:30:00,23.308,23.327,23.272,23.307,24284.82
2026-01-24 10:45:00,23.307,23.401,23.28,23.322,54486.18
2026-01-24 11:00:00,23.322,23.386,23.292,23.385,47928.64
2026-01-24 11:15:00,23.385,23.397,23.308,23.316,21514.18
2026-01-24 11:30:00,23.316,23.321,23.199,23.212,46986.9
2026-01-24 11:45:00,23.212,23.23,23.176,23.212,18430.63
2026-01-24 12:00:00,23.212,23.245,23.168,23.231,14348.28
2026-01-24 12:15:00,23.231,23.273,23.207,23.237,14119.1
2026-01-24 12:30:00,23.237,23.265,23.196,23.248,22680.03
2026-01-24 12:45:00,23.248,23.27,23.147,23.161,39196.77
2026-01-24 13:00:00,23.161,23.187,23.03,23.052,45787.43
2026-01-24 13:15:00,23.052,23.11,23.028,23.108,41838.86
2026-01-24 13:30:00,23.109,23.238,23.098,23.228,39800.44
2026-01-24 13:45:00,23.228,23.34,23.203,23.203,58515.42
2026-01-24 14:00:00,23.211,23.328,23.174,23.313,49673.16
2026-01-24 14:15:00,23.313,23.338,23.253,23.289,42743.07
2026-01-24 14:30:00,23.289,23.425,23.278,23.396,84836.14
2026-01-24 14:45:00,23.397,23.452,23.333,23.433,50304.02
2026-01-24 15:00:00,23.439,23.462,23.307,23.324,66059.43
2026-01-24 15:15:00,23.326,23.338,23.18,23.19,43675.47
2026-01-24 15:30:00,23.191,23.197,23.056,23.061,61476.14
2026-01-24 15:45:00,23.063,23.09,23.002,23.039,69272.55
2026-01-24 16:00:00,23.042,23.156,23.024,23.097,56622.14
2026-01-24 16:15:00,23.094,23.094,22.907,23.028,81727.84
2026-01-24 16:30:00,23.027,23.031,22.941,22.994,17301.76
2026-01-24 16:45:00,22.992,23.061,22.989,22.994,34443.03
2026-01-24 17:00:00,22.998,23.117,22.96,23.078,18167.83
2026-01-24 17:15:00,23.074,23.267,23.069,23.227,51057.38
2026-01-24 17:30:00,23.228,23.253,23.137,23.202,61841.42
2026-01-24 17:45:00,23.201,23.368,23.119,23.318,131992.95
2026-01-24 18:00:00,23.319,23.389,23.287,23.376,58320.54
2026-01-24 18:15:00,23.381,23.466,23.369,23.439,102384.21
2026-01-24 18:30:00,23.437,23.59,23.396,23.521,135732.74
2026-01-24 18:45:00,23.52,23.659,23.513,23.605,128539.89
2026-01-24 19:00:00,23.605,23.665,23.488,23.524,108981.62
2026-01-24 19:15:00,23.529,23.565,23.501,23.527,124866.17
2026-01-24 19:30:00,23.528,23.59,23.491,23.555,32020.89
2026-01-24 19:45:00,23.555,23.57,23.421,23.434,60570.52
2026-01-24 20:00:00,23.433,23.48,23.423,23.474,21699.95
2026-01-24 20:15:00,23.477,23.526,23.454,23.485,24188.08
2026-01-24 20:30:00,23.482,23.505,23.404,23.454,42576.43
2026-01-24 20:45:00,23.454,23.593,23.323,23.564,96428.63
2026-01-24 21:00:00,23.557,23.599,23.503,23.52,59864.51
2026-01-24 21:15:00,23.518,23.585,23.504,23.544,25039.69
2026-01-24 21:30:00,23.544,23.605,23.527,23.584,18963.16
2026-01-24 21:45:00,23.583,23.608,23.576,23.607,30101.11
2026-01-24 22:00:00,23.607,23.61,23.584,23.598,114283.46
2026-01-24 22:15:00,23.598,23.61,23.593,23.61,24224.46
2026-01-24 22:30:00,23.61,23.61,23.57,23.588,65389.06
2026-01-24 22:45:00,23.588,23.692,23.536,23.663,199169.77
2026-01-24 23:00:00,23.664,23.744,23.594,23.698,115014.57
2026-01-24 23:15:00,23.701,23.701,23.473,23.522,100827.0
2026-01-24 23:30:00,23.521,23.544,23.166,23.182,292128.2
2026-01-24 23:45:00,23.182,23.278,23.154,23.196,107984.95
2026-01-25 00:00:00,23.198,23.338,23.196,23.26,70045.79
2026-01-25 00:15:00,23.259,23.283,23.194,23.274,60219.2
2026-01-25 00:30:00,23.273,23.3,23.18,23.235,47318.16
2026-01-25 00:45:00,23.235,23.279,23.154,23.247,65162.34
2026-01-25 01:00:00,23.248,23.414,23.246,23.326,101733.48
2026-01-25 01:15:00,23.326,23.347,23.249,23.269,19896.57
2026-01-25 01:30:00,23.272,23.276,22.983,23.14,141941.49
2026-01-25 01:45:00,23.14,23.279,23.092,23.256,131626.07
2026-01-25 02:00:00,23.256,23.314,23.251,23.294,36009.39
2026-01-25 02:15:00,23.295,23.317,23.26,23.276,9514.97
2026-01-25 02:30:00,23.273,23.299,23.218,23.229,6131.5
2026-01-25 02:45:00,23.231,23.257,23.194,23.194,19062.77
2026-01-25 03:00:00,23.199,23.293,23.093,23.115,35419.94
2026-01-25 03:15:00,23.116,23.116,22.929,22.954,130770.87
2026-01-25 03:30:00,22.954,23.03,22.915,22.995,69321.15
2026-01-25 03:45:00,22.995,23.014,22.921,22.926,64252.12
2026-01-25 04:00:00,22.929,22.985,22.825,22.839,73271.49
2026-01-25 04:15:00,22.842,22.906,22.791,22.86,84948.85
2026-01-25 04:30:00,22.863,22.905,22.712,22.774,91971.15
2026-01-25 04:45:00,22.774,22.889,22.761,22.866,40851.31
2026-01-25 05:00:00,22.865,22.962,22.853,22.926,42585.9
2026-01-25 05:15:00,22.926,22.93,22.856,22.915,14020.76
2026-01-25 05:30:00,22.906,22.913,22.808,22.902,20239.22
2026-01-25 05:45:00,22.903,22.975,22.903,22.96,15051.71
2026-01-25 06:00:00,22.955,22.955,22.843,22.857,16419.82
2026-01-25 06:15:00,22.861,22.922,22.839,22.871,19451.74
2026-01-25 06:30:00,22.872,22.923,22.855,22.888,24883.83
2026-01-25 06:45:00,22.891,22.943,22.878,22.943,25678.83
2026-01-25 07:00:00,22.932,22.933,22.864,22.876,27122.48
2026-01-25 07:15:00,22.876,22.904,22.755,22.86,25669.56
2026-01-25 07:30:00,22.861,22.906,22.808,22.875,17019.94
2026-01-25 07:45:00,22.874,22.916,22.866,22.897,11359.52
2026-01-25 08:00:00,22.894,22.956,22.884,22.939,35147.2
2026-01-25 08:15:00,22.939,22.99,22.92,22.965,27520.15
2026-01-25 08:30:00,22.964,22.964,22.63,22.751,131282.4
2026-01-25 08:45:00,22.75,22.752,22.333,22.438,525693.03
2026-01-25 09:00:00,22.437,22.562,22.404,22.477,130034.23
2026-01-25 09:15:00,22.477,22.499,22.356,22.387,85033.26
2026-01-25 09:30:00,22.387,22.464,22.356,22.45,100738.74
2026-01-25 09:45:00,22.452,22.47,22.333,22.335,57050.29
2026-01-25 10:00:00,22.338,22.418,22.33,22.408,63742.25
2026-01-25 10:15:00,22.411,22.538,22.378,22.517,69564.52
2026-01-25 10:30:00,22.527,22.534,22.454,22.484,37403.93
2026-01-25 10:45:00,22.485,22.53,22.454,22.496,40508.1
2026-01-25 11:00:00,22.501,22.501,22.419,22.434,47623.64
2026-01-25 11:15:00,22.446,22.536,22.446,22.517,26864.8
2026-01-25 11:30:00,22.517,22.539,22.456,22.466,14705.27
2026-01-25 11:45:00,22.462,22.516,22.445,22.495,12510.83
2026-01-25 12:00:00,22.494,22.562,22.457,22.562,15562.25
2026-01-25 12:15:00,22.559,22.593,22.512,22.545,19968.72
2026-01-25 12:30:00,22.544,22.557,22.511,22.543,9122.01
2026-01-25 12:45:00,22.542,22.628,22.532,22.616,40521.24
2026-01-25 13:00:00,22.615,22.641,22.593,22.609,11071.66
2026-01-25 13:15:00,22.608,22.719,22.533,22.543,90720.65
2026-01-25 13:30:00,22.544,22.617,22.524,22.563,20638.76
2026-01-25 13:45:00,22.561,22.629,22.548,22.621,21496.57
2026-01-25 14:00:00,22.619,22.631,22.49,22.519,37706.23
2026-01-25 14:15:00,22.517,22.561,22.417,22.464,68357.75
2026-01-25 14:30:00,22.465,22.534,22.42,22.483,82691.28
2026-01-25 14:45:00,22.482,22.559,22.434,22.538,15705.23
2026-01-25 15:00:00,22.539,22.674,22.508,22.654,38713.56
2026-01-25 15:15:00,22.65,22.706,22.618,22.686,27245.23
2026-01-25 15:30:00,22.685,22.686,22.618,22.63,16598.38
2026-01-25 15:45:00,22.622,22.622,22.42,22.447,100960.97
2026-01-25 16:00:00,22.449,22.602,22.327,22.363,174818.04
2026-01-25 16:15:00,22.365,22.436,22.1,22.322,377618.91
2026-01-25 16:30:00,22.312,22.36,22.111,22.189,182558.47
2026-01-25 16:45:00,22.196,22.272,22.15,22.226,83179.5
2026-01-25 17:00:00,22.226,22.29,22.118,22.118,53464.12
2026-01-25 17:15:00,22.116,22.176,22.032,22.111,84452.0
2026-01-25 17:30:00,22.11,22.165,22.055,22.157,53865.72
2026-01-25 17:45:00,22.157,22.2,22.117,22.194,63532.3
2026-01-25 18:00:00,22.195,22.305,22.081,22.197,137620.06
2026-01-25 18:15:00,22.196,22.279,22.074,22.098,65914.25
2026-01-25 18:30:00,22.09,22.198,22.0,22.145,146119.5
2026-01-25 18:45:00,22.145,22.273,22.145,22.237,83799.97
2026-01-25 19:00:00,22.239,22.284,21.971,21.984,235458.66
2026-01-25 19:15:00,21.986,22.043,21.752,21.765,423117.67
2026-01-25 19:30:00,21.765,21.935,21.744,21.856,221852.49
2026-01-25 19:45:00,21.856,21.856,21.654,21.8,120080.98
2026-01-25 20:00:00,21.801,21.943,21.794,21.908,65083.02
2026-01-25 20:15:00,21.905,22.015,21.878,21.992,116361.99
2026-01-25 20:30:00,21.991,22.0,21.769,21.814,92606.2
2026-01-25 20:45:00,21.812,21.982,21.749,21.977,149314.21
2026-01-25 21:00:00,21.976,22.224,21.944,22.132,224299.33
2026-01-25 21:15:00,22.132,22.139,22.025,22.079,43456.31
2026-01-25 21:30:00,22.078,22.089,21.916,21.933,50883.64
2026-01-25 21:45:00,21.934,22.024,21.893,21.916,38805.29
2026-01-25 22:00:00,21.922,21.925,21.822,21.907,57511.77
2026-01-25 22:15:00,21.906,21.914,21.733,21.738,56489.98
2026-01-25 22:30:00,21.738,22.106,21.621,21.918,193759.88
2026-01-25 22:45:00,21.919,21.927,21.848,21.923,44548.27
2026-01-25 23:00:00,21.924,22.134,21.8,22.057,195339.22
2026-01-25 23:15:00,22.056,22.193,21.951,22.077,135332.05
2026-01-25 23:30:00,22.079,22.176,22.046,22.156,51893.02
2026-01-25 23:45:00,22.163,22.286,22.131,22.204,145642.14
2026-01-26 00:00:00,22.205,22.309,22.161,22.196,146932.09
2026-01-26 00:15:00,22.196,22.245,21.884,21.961,251812.13
2026-01-26 00:30:00,21.961,22.032,21.91,21.934,51324.45
2026-01-26 00:45:00,21.935,22.113,21.823,22.113,144341.78
2026-01-26 01:00:00,22.114,22.506,22.088,22.412,311769.66
2026-01-26 01:15:00,22.415,22.467,22.283,22.36,141603.72
2026-01-26 01:30:00,22.361,22.52,22.283,22.347,153406.5
2026-01-26 01:45:00,22.347,22.447,22.309,22.33,45141.86
2026-01-26 02:00:00,22.337,22.353,22.153,22.153,68386.88
2026-01-26 02:15:00,22.152,22.262,22.108,22.256,42403.24
2026-01-26 02:30:00,22.264,22.368,22.221,22.243,93246.48
2026-01-26 02:45:00,22.244,22.305,22.05,22.089,87102.17
2026-01-26 03:00:00,22.09,22.159,22.036,22.104,61210.11
2026-01-26 03:15:00,22.107,22.118,22.006,22.01,24252.53
2026-01-26 03:30:00,22.011,22.044,21.904,21.971,83837.7
2026-01-26 03:45:00,21.97,21.986,21.874,21.962,47822.72
2026-01-26 04:00:00,21.962,22.07,21.936,22.063,34096.16
2026-01-26 04:15:00,22.061,22.323,22.052,22.313,48187.33
2026-01-26 04:30:00,22.311,22.335,22.194,22.209,38847.77
2026-01-26 04:45:00,22.201,22.261,22.2,22.218,23773.4
2026-01-26 05:00:00,22.219,22.233,22.123,22.125,54059.88
2026-01-26 05:15:00,22.125,22.188,22.125,22.181,33858.64
2026-01-26 05:30:00,22.181,22.234,22.12,22.162,22322.4
2026-01-26 05:45:00,22.169,22.267,22.131,22.224,50274.49
2026-01-26 06:00:00,22.224,22.226,22.04,22.04,81700.21
2026-01-26 06:15:00,22.041,22.13,22.04,22.117,50094.6
2026-01-26 06:30:00,22.117,22.152,22.055,22.15,61091.8
2026-01-26 06:45:00,22.153,22.219,22.118,22.16,47682.05
2026-01-26 07:00:00,22.16,22.176,22.121,22.149,35334.5
2026-01-26 07:15:00,22.149,22.259,22.141,22.153,47543.39
2026-01-26 07:30:00,22.153,22.231,22.114,22.187,30493.22
2026-01-26 07:45:00,22.187,22.321,22.166,22.313,48672.16
2026-01-26 08:00:00,22.314,22.34,22.2,22.203,72166.87
2026-01-26 08:15:00,22.198,22.419,22.15,22.411,106122.81
2026-01-26 08:30:00,22.414,22.523,22.391,22.5,163818.32
2026-01-26 08:45:00,22.501,22.6,22.394,22.541,301666.95
2026-01-26 09:00:00,22.536,22.585,22.313,22.32,108742.82
2026-01-26 09:15:00,22.32,22.342,22.056,22.085,157433.08
2026-01-26 09:30:00,22.085,22.18,22.06,22.16,68621.02
2026-01-26 09:45:00,22.167,22.22,22.094,22.208,36712.71
2026-01-26 10:00:00,22.209,22.402,22.177,22.391,97823.17
2026-01-26 10:15:00,22.392,22.527,22.391,22.507,80619.92
2026-01-26 10:30:00,22.509,22.53,22.369,22.379,63105.18
2026-01-26 10:45:00,22.38,22.382,22.288,22.3,33045.42
2026-01-26 11:00:00,22.305,22.363,22.035,22.063,125608.21
2026-01-26 11:15:00,22.064,22.299,22.021,22.27,139053.4
2026-01-26 11:30:00,22.273,22.374,22.191,22.312,149701.5
2026-01-26 11:45:00,22.312,22.337,22.263,22.276,60800.13
2026-01-26 12:00:00,22.275,22.4,22.257,22.326,71986.17
2026-01-26 12:15:00,22.327,22.352,22.256,22.268,23903.15
2026-01-26 12:30:00,22.27,22.273,22.186,22.198,39624.65
2026-01-26 12:45:00,22.198,22.272,22.18,22.256,31789.84
2026-01-26 13:00:00,22.255,22.328,22.23,22.322,36383.83
2026-01-26 13:15:00,22.313,22.4,22.301,22.334,34449.77
2026-01-26 13:30:00,22.337,22.424,22.289,22.319,97191.85
2026-01-26 13:45:00,22.325,22.416,22.278,22.382,23622.64
2026-01-26 14:00:00,22.382,22.419,22.226,22.246,44452.98
2026-01-26 14:15:00,22.245,22.326,22.139,22.172,71851.15
2026-01-26 14:30:00,22.172,22.529,22.111,22.421,233443.59
2026-01-26 14:45:00,22.43,22.517,22.332,22.478,107755.32
2026-01-26 15:00:00,22.476,22.75,22.408,22.728,129273.28
2026-01-26 15:15:00,22.736,22.882,22.633,22.701,215717.85
2026-01-26 15:30:00,22.701,22.732,22.344,22.434,245968.05
2026-01-26 15:45:00,22.437,22.505,22.376,22.449,63887.09
2026-01-26 16:00:00,22.449,22.653,22.401,22.565,153702.06
2026-01-26 16:15:00,22.561,23.209,22.52,23.013,331017.3
2026-01-26 16:30:00,23.015,23.204,23.0,23.177,218681.13
2026-01-26 16:45:00,23.174,23.578,23.12,23.483,414655.0
2026-01-26 17:00:00,23.483,23.828,23.475,23.635,320997.61
2026-01-26 17:15:00,23.635,23.777,23.438,23.536,191562.66
2026-01-26 17:30:00,23.534,23.776,23.368,23.767,278202.26
2026-01-26 17:45:00,23.766,23.911,23.681,23.864,205897.6
2026-01-26 18:00:00,23.863,23.876,23.74,23.788,88813.16
2026-01-26 18:15:00,23.782,23.95,23.69,23.938,82047.11
2026-01-26 18:30:00,23.938,24.039,23.839,23.896,213689.66
2026-01-26 18:45:00,23.894,24.21,23.894,24.2,346445.39
2026-01-26 19:00:00,24.2,24.396,24.199,24.391,501815.2
2026-01-26 19:15:00,24.389,24.41,24.071,24.089,205209.7
2026-01-26 19:30:00,24.092,24.265,24.062,24.165,91412.01
2026-01-26 19:45:00,24.165,24.235,23.885,24.1,183376.48
2026-01-26 20:00:00,24.1,24.193,24.045,24.069,69476.26
2026-01-26 20:15:00,24.068,24.236,23.985,24.144,69629.68
2026-01-26 20:30:00,24.151,24.183,23.947,24.015,98288.03
2026-01-26 20:45:00,24.014,24.078,23.965,24.058,26508.54
2026-01-26 21:00:00,24.058,24.22,23.983,24.207,66602.29
2026-01-26 21:15:00,24.206,24.493,24.189,24.434,159699.42
2026-01-26 21:30:00,24.429,24.76,24.429,24.673,281207.83
2026-01-26 21:45:00,24.679,24.964,24.652,24.797,303579.72
2026-01-26 22:00:00,24.807,24.998,24.683,24.861,209657.01
2026-01-26 22:15:00,24.861,24.87,24.631,24.722,134141.64
2026-01-26 22:30:00,24.718,25.232,24.651,25.11,339529.46
2026-01-26 22:45:00,25.113,25.324,25.03,25.078,229562.17
2026-01-26 23:00:00,25.077,25.196,24.977,25.142,155966.81
2026-01-26 23:15:00,25.144,25.149,24.944,24.969,232047.66
2026-01-26 23:30:00,24.969,25.132,24.9,24.901,89127.96
2026-01-26 23:45:00,24.904,25.002,24.809,24.927,94794.71
2026-01-27 00:00:00,24.929,25.086,24.896,25.032,112584.33
2026-01-27 00:15:00,25.033,25.176,24.895,25.101,215948.66
2026-01-27 00:30:00,25.101,25.2,25.061,25.188,91746.85
2026-01-27 00:45:00,25.191,25.487,25.153,25.313,187065.28
2026-01-27 01:00:00,25.315,25.33,25.149,25.202,107330.79
2026-01-27 01:15:00,25.201,25.477,25.191,25.342,96546.54
2026-01-27 01:30:00,25.345,25.564,25.311,25.45,135930.46
2026-01-27 01:45:00,25.455,25.574,25.394,25.536,83734.21
2026-01-27 02:00:00,25.544,25.784,25.529,25.577,246554.41
2026-01-27 02:15:00,25.577,25.714,25.551,25.579,82784.96
2026-01-27 02:30:00,25.579,25.859,25.579,25.846,169990.05
2026-01-27 02:45:00,25.851,26.0,25.799,25.871,205558.23
2026-01-27 03:00:00,25.869,25.944,25.798,25.944,113119.46
2026-01-27 03:15:00,25.943,26.44,25.926,26.264,451912.32
2026-01-27 03:30:00,26.264,26.455,26.156,26.361,186435.94
2026-01-27 03:45:00,26.361,26.445,26.0,26.1,205111.6
2026-01-27 04:00:00,26.1,26.767,26.034,26.599,340643.11
2026-01-27 04:15:00,26.598,26.733,26.501,26.543,176233.41
2026-01-27 04:30:00,26.534,26.81,26.52,26.642,185965.88
2026-01-27 04:45:00,26.641,26.931,26.6,26.913,179314.8
2026-01-27 05:00:00,26.914,26.914,26.692,26.754,144153.61
2026-01-27 05:15:00,26.754,26.946,26.65,26.873,181534.04
2026-01-27 05:30:00,26.873,27.423,26.868,26.934,335978.69
2026-01-27 05:45:00,26.92,26.962,26.775,26.818,146250.49
2026-01-27 06:00:00,26.818,27.328,26.818,27.306,182625.42
2026-01-27 06:15:00,27.307,27.343,27.148,27.202,123405.44
2026-01-27 06:30:00,27.204,27.43,27.112,27.337,149049.74
2026-01-27 06:45:00,27.337,27.337,27.049,27.115,103443.2
2026-01-27 07:00:00,27.115,27.298,26.965,27.266,115735.92
2026-01-27 07:15:00,27.266,27.52,27.231,27.484,185578.89
2026-01-27 07:30:00,27.471,27.793,27.417,27.693,255356.58
2026-01-27 07:45:00,27.694,27.742,27.337,27.412,231919.55
2026-01-27 08:00:00,27.418,27.636,27.27,27.426,74980.66
2026-01-27 08:15:00,27.436,27.735,27.436,27.648,110597.96
2026-01-27 08:30:00,27.648,28.0,27.564,27.989,341794.45
2026-01-27 08:45:00,27.987,28.081,27.781,27.812,214352.7
2026-01-27 09:00:00,27.813,28.01,27.402,27.451,358582.14
2026-01-27 09:15:00,27.451,27.628,27.245,27.48,459325.41
2026-01-27 09:30:00,27.48,27.8,27.477,27.686,192677.53
2026-01-27 09:45:00,27.686,27.8,27.491,27.561,181788.75
2026-01-27 10:00:00,27.562,27.769,27.51,27.716,150387.07
2026-01-27 10:15:00,27.719,27.838,27.6,27.682,141034.35
2026-01-27 10:30:00,27.682,27.689,27.335,27.474,151985.8
2026-01-27 10:45:00,27.47,27.561,27.2,27.219,127335.1
2026-01-27 11:00:00,27.223,27.531,27.2,27.491,189413.02
2026-01-27 11:15:00,27.492,27.615,27.471,27.511,68649.3
2026-01-27 11:30:00,27.512,27.737,27.462,27.695,85536.46
2026-01-27 11:45:00,27.696,27.848,27.672,27.724,89765.91
2026-01-27 12:00:00,27.721,27.758,27.615,27.646,36160.77
2026-01-27 12:15:00,27.639,28.019,27.564,27.977,182774.5
2026-01-27 12:30:00,27.976,28.171,27.522,27.607,244142.07
2026-01-27 12:45:00,27.603,27.677,27.505,27.628,83998.06
2026-01-27 13:00:00,27.644,27.656,27.442,27.488,130114.68
2026-01-27 13:15:00,27.486,27.54,27.353,27.371,90014.58
2026-01-27 13:30:00,27.371,27.611,27.319,27.565,91770.26
2026-01-27 13:45:00,27.558,27.558,27.225,27.304,110187.53
2026-01-27 14:00:00,27.303,27.547,27.252,27.52,122301.42
2026-01-27 14:15:00,27.522,27.676,27.479,27.482,145564.07
2026-01-27 14:30:00,27.484,27.62,27.245,27.302,152902.87
2026-01-27 14:45:00,27.303,27.462,27.131,27.356,202068.72
2026-01-27 15:00:00,27.358,27.744,27.308,27.703,195432.85
2026-01-27 15:15:00,27.698,27.788,27.478,27.498,73841.04
2026-01-27 15:30:00,27.498,27.85,27.472,27.705,150942.54
2026-01-27 15:45:00,27.705,28.18,27.683,28.163,324105.38
2026-01-27 16:00:00,28.153,28.294,27.86,27.934,306287.96
2026-01-27 16:15:00,27.938,28.016,27.831,27.954,330416.86
2026-01-27 16:30:00,27.953,28.145,27.852,28.118,149936.02
2026-01-27 16:45:00,28.116,28.941,28.093,28.487,408381.63
2026-01-27 17:00:00,28.487,28.57,27.905,27.922,353434.75
2026-01-27 17:15:00,27.925,28.046,27.509,27.561,475432.35
2026-01-27 17:30:00,27.561,27.761,27.408,27.523,259917.67
2026-01-27 17:45:00,27.527,27.843,27.473,27.778,121491.04
2026-01-27 18:00:00,27.777,28.017,27.618,28.0,152229.47
2026-01-27 18:15:00,27.999,28.1,27.858,27.977,146162.55
2026-01-27 18:30:00,27.984,28.118,27.868,28.1,136051.4
2026-01-27 18:45:00,28.1,28.442,28.1,28.358,236308.23
2026-01-27 19:00:00,28.365,28.637,28.299,28.57,318284.08
2026-01-27 19:15:00,28.572,28.909,28.473,28.853,356255.34
2026-01-27 19:30:00,28.848,28.999,28.66,28.96,238145.3
2026-01-27 19:45:00,28.962,29.12,28.746,28.789,286520.62
2026-01-27 20:00:00,28.783,29.125,28.731,29.101,313998.75
2026-01-27 20:15:00,29.104,29.504,29.083,29.264,729535.95
2026-01-27 20:30:00,29.254,29.491,29.17,29.431,393197.4
2026-01-27 20:45:00,29.429,29.793,29.429,29.751,410396.46
2026-01-27 21:00:00,29.751,29.836,29.531,29.591,384364.93
2026-01-27 21:15:00,29.6,29.883,29.562,29.639,311802.58
2026-01-27 21:30:00,29.643,29.839,29.6,29.776,248910.99
2026-01-27 21:45:00,29.778,29.868,29.7,29.775,118035.86
2026-01-27 22:00:00,29.771,29.887,29.527,29.762,338483.91
2026-01-27 22:15:00,29.762,29.9,29.647,29.883,143311.63
2026-01-27 22:30:00,29.874,30.359,29.779,30.236,769285.04
2026-01-27 22:45:00,30.231,30.484,30.154,30.468,543084.6
2026-01-27 23:00:00,30.468,30.756,30.332,30.687,419112.96
2026-01-27 23:15:00,30.687,30.779,30.479,30.612,267419.07
2026-01-27 23:30:00,30.616,30.8,30.44,30.535,268646.13
2026-01-27 23:45:00,30.534,30.96,30.515,30.814,319878.93
2026-01-28 00:00:00,30.8,31.237,30.709,30.891,654141.88
2026-01-28 00:15:00,30.89,31.185,30.76,31.009,294396.66
2026-01-28 00:30:00,31.018,31.165,30.788,30.996,356920.74
2026-01-28 00:45:00,30.992,31.6,30.956,31.466,495196.64
2026-01-28 01:00:00,31.459,33.258,31.4,31.99,1665245.39
2026-01-28 01:15:00,31.99,32.296,31.706,31.985,435381.05
2026-01-28 01:30:00,31.985,32.159,31.724,32.132,288811.02
2026-01-28 01:45:00,32.14,32.88,32.109,32.879,792343.1
2026-01-28 02:00:00,32.88,32.9,32.433,32.551,451983.73
2026-01-28 02:15:00,32.597,33.66,32.522,33.387,750689.98
2026-01-28 02:30:00,33.384,33.65,33.08,33.447,604912.06
2026-01-28 02:45:00,33.447,33.485,32.515,32.859,597019.68
2026-01-28 03:00:00,32.849,33.267,32.61,32.717,538310.78
2026-01-28 03:15:00,32.717,33.396,32.717,33.316,289305.14
2026-01-28 03:30:00,33.32,33.9,33.251,33.787,765026.82
2026-01-28 03:45:00,33.779,33.9,33.368,33.534,416778.68
2026-01-28 04:00:00,33.534,33.776,33.328,33.397,275113.45
2026-01-28 04:15:00,33.397,33.732,33.35,33.596,215030.46
2026-01-28 04:30:00,33.596,34.131,33.589,34.038,427121.72
2026-01-28 04:45:00,34.036,34.201,33.848,33.99,332455.26
2026-01-28 05:00:00,33.99,34.228,33.393,33.467,381487.79
2026-01-28 05:15:00,33.467,33.6,32.84,33.021,643090.57
2026-01-28 05:30:00,33.021,33.185,32.809,33.069,408713.75
2026-01-28 05:45:00,33.07,33.219,32.374,32.761,560528.31
2026-01-28 06:00:00,32.754,33.001,32.729,32.826,147599.74
2026-01-28 06:15:00,32.834,33.074,32.735,33.05,117579.32
2026-01-28 06:30:00,33.054,33.474,33.03,33.421,232604.03
2026-01-28 06:45:00,33.423,33.836,33.324,33.829,346042.74
2026-01-28 07:00:00,33.829,33.9,33.434,33.53,147449.81
2026-01-28 07:15:00,33.53,33.765,33.472,33.668,113245.58
2026-01-28 07:30:00,33.666,33.676,33.252,33.44,163090.24
2026-01-28 07:45:00,33.44,33.681,33.319,33.482,124981.58
2026-01-28 08:00:00,33.482,34.761,33.408,34.491,974804.59
2026-01-28 08:15:00,34.51,34.513,33.596,33.706,423315.69
2026-01-28 08:30:00,33.706,34.067,33.395,33.476,300636.92
2026-01-28 08:45:00,33.476,33.77,33.377,33.737,122182.72
2026-01-28 09:00:00,33.737,34.0,33.588,33.625,81904.35
2026-01-28 09:15:00,33.621,34.052,33.5,33.943,158881.41
2026-01-28 09:30:00,33.944,34.397,33.925,34.264,198567.36
2026-01-28 09:45:00,34.264,34.664,34.208,34.627,339421.79
2026-01-28 10:00:00,34.627,34.718,34.353,34.677,355842.96
2026-01-28 10:15:00,34.673,34.79,34.308,34.359,243900.69
2026-01-28 10:30:00,34.341,34.791,34.333,34.649,155378.47
2026-01-28 10:45:00,34.648,34.774,34.328,34.411,244848.56
2026-01-28 11:00:00,34.412,34.609,34.157,34.201,117880.74
2026-01-28 11:15:00,34.204,34.39,34.098,34.348,89651.98
2026-01-28 11:30:00,34.345,34.345,33.831,34.198,207239.07
2026-01-28 11:45:00,34.2,34.339,33.861,33.892,156415.67
2026-01-28 12:00:00,33.888,34.016,33.785,33.848,106406.12
2026-01-28 12:15:00,33.851,33.858,33.473,33.503,303743.46
2026-01-28 12:30:00,33.502,33.56,33.182,33.423,181635.85
2026-01-28 12:45:00,33.422,33.564,33.421,33.559,118155.12
2026-01-28 13:00:00,33.558,34.179,33.521,33.956,502486.64
2026-01-28 13:15:00,33.955,34.464,33.944,34.428,308772.96
2026-01-28 13:30:00,34.428,34.647,34.326,34.37,241653.52
2026-01-28 13:45:00,34.368,34.387,34.099,34.367,268568.41
2026-01-28 14:00:00,34.367,34.367,33.688,33.877,384388.89
2026-01-28 14:15:00,33.876,33.877,33.494,33.76,260657.53
2026-01-28 14:30:00,33.752,34.018,33.523,33.616,185558.48
2026-01-28 14:45:00,33.606,33.953,33.55,33.637,139142.37
2026-01-28 15:00:00,33.637,33.926,33.0,33.039,317018.82
2026-01-28 15:15:00,33.049,33.729,33.021,33.358,292864.12
2026-01-28 15:30:00,33.358,33.841,33.316,33.774,203953.99
2026-01-28 15:45:00,33.766,33.77,33.348,33.447,104678.09
2026-01-28 16:00:00,33.459,33.497,32.696,32.8,582523.24
2026-01-28 16:15:00,32.799,33.167,32.537,33.123,583723.7
2026-01-28 16:30:00,33.121,33.241,32.834,32.978,212170.92
2026-01-28 16:45:00,32.986,33.233,32.807,33.014,132966.91
2026-01-28 17:00:00,33.023,33.109,32.8,32.896,147497.85
2026-01-28 17:15:00,32.895,32.988,32.66,32.735,128715.13
2026-01-28 17:30:00,32.734,32.9,32.441,32.87,304598.09
2026-01-28 17:45:00,32.869,33.167,32.784,32.907,272235.86
2026-01-28 18:00:00,32.903,33.062,32.664,32.705,207775.49
2026-01-28 18:15:00,32.692,32.701,32.434,32.677,133968.21
2026-01-28 18:30:00,32.678,32.748,32.331,32.568,163326.98
2026-01-28 18:45:00,32.561,32.899,32.441,32.883,109816.8
2026-01-28 19:00:00,32.889,33.057,32.588,32.859,174980.21
2026-01-28 19:15:00,32.859,33.35,32.827,33.223,203197.39
2026-01-28 19:30:00,33.225,33.465,32.958,33.156,214038.62
2026-01-28 19:45:00,33.164,33.605,33.12,33.351,193792.28
2026-01-28 20:00:00,33.339,33.716,33.325,33.614,120002.45
2026-01-28 20:15:00,33.621,33.689,33.29,33.55,144904.68
2026-01-28 20:30:00,33.546,33.56,33.062,33.087,137845.97
2026-01-28 20:45:00,33.077,33.191,32.909,33.014,134198.65
2026-01-28 21:00:00,33.015,33.215,32.801,33.138,195482.01
2026-01-28 21:15:00,33.138,33.333,33.035,33.152,122594.14
2026-01-28 21:30:00,33.152,33.176,32.801,32.938,217962.31
2026-01-28 21:45:00,32.938,33.045,32.76,32.97,227198.38
2026-01-28 22:00:00,32.97,33.206,32.935,33.076,203008.38
2026-01-28 22:15:00,33.073,33.087,32.788,32.832,265161.21
2026-01-28 22:30:00,32.832,33.595,32.816,33.012,524449.44
2026-01-28 22:45:00,33.029,33.405,33.025,33.318,156302.83
2026-01-28 23:00:00,33.315,33.96,33.281,33.913,361344.69
2026-01-28 23:15:00,33.892,34.141,33.543,33.657,253091.96
2026-01-28 23:30:00,33.667,34.099,33.645,33.96,213017.31
2026-01-28 23:45:00,33.961,34.503,33.885,34.419,225141.53
2026-01-29 00:00:00,34.42,34.434,33.665,33.709,198859.42
2026-01-29 00:15:00,33.711,33.959,33.65,33.765,67146.22
2026-01-29 00:30:00,33.77,34.13,33.595,33.659,96954.65
2026-01-29 00:45:00,33.663,33.975,33.58,33.968,82576.36
2026-01-29 01:00:00,33.966,34.014,33.648,33.665,83023.72
2026-01-29 01:15:00,33.677,34.013,33.485,33.801,126679.88
2026-01-29 01:30:00,33.801,34.128,33.678,33.929,98210.14
2026-01-29 01:45:00,33.937,33.945,33.039,33.112,260276.68
2026-01-29 02:00:00,33.112,33.418,33.052,33.325,136415.12
2026-01-29 02:15:00,33.32,33.377,33.126,33.186,78341.5
2026-01-29 02:30:00,33.182,33.197,32.656,32.68,475040.54
2026-01-29 02:45:00,32.68,32.701,31.783,31.969,979473.3
2026-01-29 03:00:00,31.967,32.447,31.758,32.385,500074.11
2026-01-29 03:15:00,32.373,32.391,31.727,31.759,285877.37
2026-01-29 03:30:00,31.753,31.982,31.635,31.975,243027.23
2026-01-29 03:45:00,31.97,32.018,31.649,31.715,132232.71
2026-01-29 04:00:00,31.729,31.848,31.07,31.292,530471.16
2026-01-29 04:15:00,31.298,31.484,31.068,31.472,456435.07
2026-01-29 04:30:00,31.47,31.737,31.426,31.7,239203.8
2026-01-29 04:45:00,31.698,32.164,31.631,31.862,394769.09
2026-01-29 05:00:00,31.857,32.011,31.585,31.717,128155.79
2026-01-29 05:15:00,31.714,31.931,31.517,31.931,83322.66
2026-01-29 05:30:00,31.932,31.951,31.696,31.723,55363.33
2026-01-29 05:45:00,31.732,31.939,31.577,31.933,72522.13
2026-01-29 06:00:00,31.939,32.83,31.893,32.507,440641.9
2026-01-29 06:15:00,32.507,33.231,32.463,32.819,512464.4
2026-01-29 06:30:00,32.82,32.894,32.566,32.693,132705.97
2026-01-29 06:45:00,32.693,32.904,32.525,32.838,102994.67
2026-01-29 07:00:00,32.837,32.976,32.437,32.48,154482.57
2026-01-29 07:15:00,32.482,32.52,32.221,32.23,80640.15
2026-01-29 07:30:00,32.231,32.462,32.209,32.456,58827.42
2026-01-29 07:45:00,32.448,32.555,32.41,32.419,40379.13
2026-01-29 08:00:00,32.425,32.536,32.253,32.3,50054.25
2026-01-29 08:15:00,32.31,32.813,32.227,32.797,83011.34
2026-01-29 08:30:00,32.807,33.067,32.48,32.625,332786.28
2026-01-29 08:45:00,32.621,32.662,32.427,32.447,36163.83
2026-01-29 09:00:00,32.438,32.61,32.407,32.541,47234.19
2026-01-29 09:15:00,32.54,32.565,32.232,32.238,49396.72
2026-01-29 09:30:00,32.253,32.531,32.208,32.391,85244.3
2026-01-29 09:45:00,32.392,32.428,32.22,32.248,70287.99
2026-01-29 10:00:00,32.246,32.59,32.192,32.494,36436.44
2026-01-29 10:15:00,32.493,32.582,32.388,32.461,23132.26
2026-01-29 10:30:00,32.451,32.587,32.354,32.519,16720.71
2026-01-29 10:45:00,32.512,32.72,32.512,32.611,22140.63
2026-01-29 11:00:00,32.598,32.766,32.481,32.606,52799.6
2026-01-29 11:15:00,32.597,32.642,31.804,31.94,240992.23
2026-01-29 11:30:00,31.939,32.248,31.925,32.248,68424.1
2026-01-29 11:45:00,32.25,33.795,32.149,33.291,750175.31
2026-01-29 12:00:00,33.301,34.004,33.18,33.885,612628.39
2026-01-29 12:15:00,33.885,34.227,33.506,33.725,378383.25
2026-01-29 12:30:00,33.727,33.885,33.322,33.633,188560.29
2026-01-29 12:45:00,33.633,33.791,33.32,33.371,231586.05
2026-01-29 13:00:00,33.379,33.637,33.202,33.612,168341.21
2026-01-29 13:15:00,33.613,34.125,33.561,33.984,251954.82
2026-01-29 13:30:00,33.983,34.087,33.755,33.923,119057.39
2026-01-29 13:45:00,33.922,34.269,33.889,34.027,148464.16
2026-01-29 14:00:00,34.024,34.536,34.023,34.201,247090.43
2026-01-29 14:15:00,34.201,34.372,33.731,33.741,190828.4
2026-01-29 14:30:00,33.744,33.948,33.423,33.475,233389.91
2026-01-29 14:45:00,33.476,33.75,32.958,32.996,411485.92
2026-01-29 15:00:00,32.993,33.154,32.2,32.329,812024.55
2026-01-29 15:15:00,32.329,32.949,31.91,32.333,849971.55
2026-01-29 15:30:00,32.334,32.509,31.728,32.185,518498.97
2026-01-29 15:45:00,32.153,33.351,32.071,33.1,638941.16
2026-01-29 16:00:00,33.1,33.177,32.675,33.164,225883.69
2026-01-29 16:15:00,33.164,33.618,32.801,32.939,444898.42
2026-01-29 16:30:00,32.939,33.632,32.923,33.333,322706.01
2026-01-29 16:45:00,33.349,33.848,33.307,33.691,257506.41
2026-01-29 17:00:00,33.68,33.95,33.061,33.132,617919.12
2026-01-29 17:15:00,33.133,33.527,33.04,33.315,349114.98
2026-01-29 17:30:00,33.32,33.35,32.859,33.181,223467.81
2026-01-29 17:45:00,33.18,33.425,33.057,33.38,127550.78
2026-01-29 18:00:00,33.372,33.648,33.124,33.14,189142.79
2026-01-29 18:15:00,33.14,33.341,32.593,32.762,278835.86
2026-01-29 18:30:00,32.76,33.094,32.65,32.78,203072.04
2026-01-29 18:45:00,32.779,32.885,32.38,32.453,265090.65
2026-01-29 19:00:00,32.458,32.721,32.088,32.2,197257.08
2026-01-29 19:15:00,32.203,32.409,32.04,32.205,154409.43
2026-01-29 19:30:00,32.204,32.615,32.184,32.408,215368.1
2026-01-29 19:45:00,32.391,32.508,31.901,32.09,272229.37
2026-01-29 20:00:00,32.086,32.191,31.8,32.009,289463.45
2026-01-29 20:15:00,32.009,32.558,32.004,32.353,273707.93
2026-01-29 20:30:00,32.357,32.777,32.327,32.747,84323.98
2026-01-29 20:45:00,32.74,32.849,32.444,32.694,130005.46
2026-01-29 21:00:00,32.732,32.732,32.186,32.311,193501.52
2026-01-29 21:15:00,32.306,32.605,31.366,31.735,860058.7
2026-01-29 21:30:00,31.769,32.029,31.639,31.762,289166.17
2026-01-29 21:45:00,31.776,31.847,31.556,31.821,167335.49
2026-01-29 22:00:00,31.813,32.048,31.64,31.644,122214.66
2026-01-29 22:15:00,31.64,31.67,31.159,31.208,347779.79
2026-01-29 22:30:00,31.209,31.332,30.545,30.631,762774.38
2026-01-29 22:45:00,30.631,31.09,30.515,31.063,554787.05
2026-01-29 23:00:00,31.063,31.106,30.411,30.538,223977.7
2026-01-29 23:15:00,30.547,30.833,30.37,30.832,167606.51
2026-01-29 23:30:00,30.832,30.954,30.674,30.872,164590.83
2026-01-29 23:45:00,30.873,30.923,30.682,30.755,74360.36
2026-01-30 00:00:00,30.756,30.808,30.285,30.296,184903.23
2026-01-30 00:15:00,30.306,30.48,29.969,30.045,375475.69
2026-01-30 00:30:00,30.046,30.388,29.9,30.223,245028.49
2026-01-30 00:45:00,30.222,30.343,29.862,29.892,159560.34
2026-01-30 01:00:00,29.89,30.1,29.85,29.96,95294.59
2026-01-30 01:15:00,29.975,30.046,29.615,29.621,206563.55
2026-01-30 01:30:00,29.62,29.631,28.814,29.437,830053.99
2026-01-30 01:45:00,29.437,29.689,29.131,29.489,562160.23
2026-01-30 02:00:00,29.48,29.498,28.687,28.75,650660.52
2026-01-30 02:15:00,28.748,28.797,28.345,28.345,430350.0
2026-01-30 02:30:00,28.35,29.15,28.24,28.572,471075.09
2026-01-30 02:45:00,28.572,28.763,28.126,28.655,381230.32
2026-01-30 03:00:00,28.656,28.951,28.551,28.853,336206.82
2026-01-30 03:15:00,28.851,29.087,28.714,29.055,254193.52
2026-01-30 03:30:00,29.062,29.272,28.813,29.091,363466.88
2026-01-30 03:45:00,29.092,29.329,28.956,29.209,137399.39
2026-01-30 04:00:00,29.209,29.446,29.084,29.341,201370.88
2026-01-30 04:15:00,29.355,29.709,29.256,29.621,328075.63
2026-01-30 04:30:00,29.623,29.755,29.306,29.392,224519.03
2026-01-30 04:45:00,29.392,29.438,29.049,29.079,258461.88
2026-01-30 05:00:00,29.079,29.359,28.993,29.344,118154.95
2026-01-30 05:15:00,29.349,29.545,29.253,29.497,86008.89
2026-01-30 05:30:00,29.5,29.551,29.123,29.128,106602.98
2026-01-30 05:45:00,29.128,29.25,28.908,28.908,90499.12
2026-01-30 06:00:00,28.909,29.143,28.8,28.83,101903.75
2026-01-30 06:15:00,28.83,28.92,28.489,28.662,595598.56
2026-01-30 06:30:00,28.661,28.879,28.632,28.725,150075.22
2026-01-30 06:45:00,28.726,28.96,28.713,28.768,105705.55
2026-01-30 07:00:00,28.764,29.1,28.592,29.043,105382.57
2026-01-30 07:15:00,29.034,29.214,28.946,29.105,182472.29
2026-01-30 07:30:00,29.114,29.121,28.69,28.854,168774.83
2026-01-30 07:45:00,28.847,29.237,28.846,29.113,141928.31
2026-01-30 08:00:00,29.108,29.38,28.997,29.211,128590.14
2026-01-30 08:15:00,29.204,29.542,29.108,29.436,159103.61
2026-01-30 08:30:00,29.441,29.486,29.051,29.25,177261.18
2026-01-30 08:45:00,29.247,29.28,29.076,29.18,47981.87
2026-01-30 09:00:00,29.18,29.6,29.149,29.55,87842.72
2026-01-30 09:15:00,29.536,29.633,29.305,29.341,54437.0
2026-01-30 09:30:00,29.356,29.554,29.318,29.482,35709.75
2026-01-30 09:45:00,29.472,29.479,29.112,29.22,153871.71
2026-01-30 10:00:00,29.223,29.566,29.179,29.547,110421.04
2026-01-30 10:15:00,29.548,29.8,29.491,29.779,206815.19
2026-01-30 10:30:00,29.796,29.959,29.762,29.88,143161.29
2026-01-30 10:45:00,29.88,29.905,29.7,29.7,84099.78
2026-01-30 11:00:00,29.73,30.337,29.67,30.308,201678.89
2026-01-30 11:15:00,30.308,30.551,30.275,30.366,191805.28
2026-01-30 11:30:00,30.364,30.758,30.196,30.675,225109.54
2026-01-30 11:45:00,30.662,30.888,30.314,30.59,164105.34
2026-01-30 12:00:00,30.6,30.682,30.244,30.282,106020.79
2026-01-30 12:15:00,30.285,30.321,29.875,30.024,112450.67
2026-01-30 12:30:00,30.02,30.103,29.897,29.927,104962.92
2026-01-30 12:45:00,29.92,30.087,29.788,29.972,70814.02
2026-01-30 13:00:00,29.975,29.988,29.565,29.783,143581.18
2026-01-30 13:15:00,29.794,29.837,29.464,29.496,70303.44
2026-01-30 13:30:00,29.493,29.763,29.233,29.634,163430.97
2026-01-30 13:45:00,29.636,29.637,29.184,29.296,121397.12
2026-01-30 14:00:00,29.291,29.629,29.21,29.553,124647.08
2026-01-30 14:15:00,29.554,29.588,29.228,29.301,68122.1
2026-01-30 14:30:00,29.304,29.894,29.025,29.88,306095.02
2026-01-30 14:45:00,29.866,29.989,29.04,29.087,336078.52
2026-01-30 15:00:00,29.107,29.321,28.845,29.066,243372.96
2026-01-30 15:15:00,29.065,29.239,28.705,28.757,158770.97
2026-01-30 15:30:00,28.763,29.653,28.75,29.381,315249.83
2026-01-30 15:45:00,29.386,29.39,28.879,28.948,107225.33
2026-01-30 16:00:00,28.947,28.964,28.537,28.811,179010.74
2026-01-30 16:15:00,28.813,28.938,28.53,28.81,126416.55
2026-01-30 16:30:00,28.817,29.456,28.816,29.345,296642.99
2026-01-30 16:45:00,29.344,29.371,29.074,29.245,154334.37
2026-01-30 17:00:00,29.241,29.259,28.878,29.125,165445.04
2026-01-30 17:15:00,29.12,29.829,29.051,29.8,275783.25
2026-01-30 17:30:00,29.788,29.799,29.513,29.666,162995.37
2026-01-30 17:45:00,29.658,29.789,29.494,29.532,118791.08
2026-01-30 18:00:00,29.525,30.17,29.49,29.789,430935.42
2026-01-30 18:15:00,29.789,29.794,29.021,29.613,432715.77
2026-01-30 18:30:00,29.629,30.525,29.507,30.471,396304.0
2026-01-30 18:45:00,30.466,31.794,30.465,31.673,779922.01
2026-01-30 19:00:00,31.692,32.345,31.555,31.87,743730.31
2026-01-30 19:15:00,31.883,32.896,31.734,32.59,631127.02
2026-01-30 19:30:00,32.617,32.8,32.238,32.434,271206.67
2026-01-30 19:45:00,32.431,32.502,32.004,32.069,226940.87
2026-01-30 20:00:00,32.076,32.102,31.593,31.813,289698.98
2026-01-30 20:15:00,31.812,32.067,31.348,31.637,381591.84
2026-01-30 20:30:00,31.652,32.0,31.25,31.479,303430.63
2026-01-30 20:45:00,31.478,31.566,30.988,30.992,234325.75
2026-01-30 21:00:00,31.003,31.39,30.915,31.152,284855.97
2026-01-30 21:15:00,31.146,31.508,31.054,31.331,252123.93
2026-01-30 21:30:00,31.332,31.51,30.989,31.214,71959.16
2026-01-30 21:45:00,31.21,31.438,31.082,31.105,87445.11
2026-01-30 22:00:00,31.09,31.192,30.799,30.941,150373.38
2026-01-30 22:15:00,30.949,31.022,30.724,30.999,181979.07
2026-01-30 22:30:00,31.0,31.169,30.896,31.106,74998.36
2026-01-30 22:45:00,31.105,31.235,30.988,31.19,50362.3
2026-01-30 23:00:00,31.192,31.207,30.248,30.412,362212.45
2026-01-30 23:15:00,30.407,30.612,30.293,30.357,116396.66
2026-01-30 23:30:00,30.35,30.557,30.342,30.541,38581.72
2026-01-30 23:45:00,30.538,30.64,30.5,30.6,50600.03
2026-01-31 00:00:00,30.596,30.824,30.5,30.813,80005.32
2026-01-31 00:15:00,30.813,31.144,30.668,31.06,125272.55
2026-01-31 00:30:00,31.067,31.328,30.873,31.195,119761.93
2026-01-31 00:45:00,31.191,31.359,30.914,30.988,93151.51
2026-01-31 01:00:00,30.98,31.521,30.93,31.466,151769.83
2026-01-31 01:15:00,31.463,31.475,31.157,31.33,143908.68
2026-01-31 01:30:00,31.319,31.343,31.054,31.338,54497.27
2026-01-31 01:45:00,31.334,31.507,31.172,31.446,64900.55
2026-01-31 02:00:00,31.43,31.434,31.093,31.316,45279.89
2026-01-31 02:15:00,31.305,31.35,30.929,31.045,44722.28
2026-01-31 02:30:00,31.027,31.752,31.015,31.734,162735.35
2026-01-31 02:45:00,31.723,32.037,31.684,31.816,167698.39
2026-01-31 03:00:00,31.805,31.937,31.631,31.923,65516.87
2026-01-31 03:15:00,31.923,32.136,31.746,31.911,134015.24
2026-01-31 03:30:00,31.91,31.92,31.497,31.561,115619.92
2026-01-31 03:45:00,31.552,31.7,31.526,31.656,22758.89
2026-01-31 04:00:00,31.65,31.707,31.526,31.645,43021.56
2026-01-31 04:15:00,31.639,31.848,31.458,31.779,42455.27
2026-01-31 04:30:00,31.759,31.835,31.699,31.718,50374.01
2026-01-31 04:45:00,31.71,31.775,31.008,31.132,232165.17
2026-01-31 05:00:00,31.132,31.181,30.787,31.137,177312.21
2026-01-31 05:15:00,31.141,31.295,31.05,31.217,111733.15
2026-01-31 05:30:00,31.214,31.253,30.936,31.042,80753.03
2026-01-31 05:45:00,31.042,31.226,31.015,31.191,62392.36
2026-01-31 06:00:00,31.182,31.264,30.92,31.127,31346.05
2026-01-31 06:15:00,31.104,31.182,30.641,30.668,159956.98
2026-01-31 06:30:00,30.694,30.754,30.443,30.505,121520.22
2026-01-31 06:45:00,30.504,30.643,30.42,30.607,70356.68
2026-01-31 07:00:00,30.608,30.814,30.508,30.767,49892.05
2026-01-31 07:15:00,30.747,30.832,30.608,30.763,41907.85
2026-01-31 07:30:00,30.774,30.793,30.471,30.504,87966.64
2026-01-31 07:45:00,30.504,30.668,30.432,30.613,87979.14
2026-01-31 08:00:00,30.613,30.733,30.504,30.664,69424.75
2026-01-31 08:15:00,30.679,30.894,30.433,30.857,134914.77
2026-01-31 08:30:00,30.851,30.875,30.35,30.421,238049.91
2026-01-31 08:45:00,30.418,30.743,30.287,30.628,111186.05
2026-01-31 09:00:00,30.635,30.698,30.03,30.19,166904.34
2026-01-31 09:15:00,30.191,30.288,30.026,30.216,39959.52
2026-01-31 09:30:00,30.213,30.574,30.077,30.16,177852.33
2026-01-31 09:45:00,30.12,30.2,30.0,30.044,92905.43
2026-01-31 10:00:00,30.048,30.079,29.773,30.021,99177.95
2026-01-31 10:15:00,30.021,30.204,30.005,30.17,37136.11
2026-01-31 10:30:00,30.17,30.389,30.157,30.369,59107.66
2026-01-31 10:45:00,30.362,30.403,30.245,30.265,15204.29
2026-01-31 11:00:00,30.27,30.508,30.119,30.21,151662.91
2026-01-31 11:15:00,30.207,30.45,30.203,30.428,53575.58
2026-01-31 11:30:00,30.416,30.477,29.954,30.099,36002.73
2026-01-31 11:45:00,30.096,30.273,29.991,30.24,60128.31
2026-01-31 12:00:00,30.234,30.371,30.05,30.093,36078.2
2026-01-31 12:15:00,30.084,30.451,30.084,30.361,56343.48
2026-01-31 12:30:00,30.352,30.383,30.183,30.313,45254.1
2026-01-31 12:45:00,30.329,30.35,30.08,30.217,31037.26
2026-01-31 13:00:00,30.229,30.376,30.123,30.17,29915.57
2026-01-31 13:15:00,30.175,30.282,30.09,30.202,70048.59
2026-01-31 13:30:00,30.211,30.265,29.881,30.018,135612.86
2026-01-31 13:45:00,30.028,30.125,29.861,30.089,45764.82
2026-01-31 14:00:00,30.091,30.2,29.21,29.522,670764.79
2026-01-31 14:15:00,29.521,29.634,28.742,29.307,640513.02
2026-01-31 14:30:00,29.298,29.428,28.646,28.933,545435.61
2026-01-31 14:45:00,28.937,29.326,28.79,29.31,259173.08
2026-01-31 15:00:00,29.311,29.354,28.966,29.011,173396.96
2026-01-31 15:15:00,29.019,29.201,28.901,29.113,179089.75
2026-01-31 15:30:00,29.106,29.137,28.925,28.975,80519.62
2026-01-31 15:45:00,28.975,29.011,28.415,28.631,309738.09
2026-01-31 16:00:00,28.635,28.787,28.171,28.192,291831.44
2026-01-31 16:15:00,28.181,28.777,27.985,28.478,511110.12
2026-01-31 16:30:00,28.477,28.725,28.382,28.509,231668.25
2026-01-31 16:45:00,28.5,28.53,28.098,28.246,229585.88
2026-01-31 17:00:00,28.233,28.443,27.338,28.1,1052605.44
2026-01-31 17:15:00,28.1,28.571,28.02,28.314,566680.18
2026-01-31 17:30:00,28.286,28.413,27.835,28.375,344450.13
2026-01-31 17:45:00,28.38,28.733,28.304,28.608,382604.76
2026-01-31 18:00:00,28.619,28.721,28.203,28.316,162358.8
2026-01-31 18:15:00,28.314,28.314,27.985,28.276,240185.87
2026-01-31 18:30:00,28.276,28.582,27.184,28.582,537189.66
2026-01-31 18:45:00,28.582,29.528,28.256,29.127,1105740.21
2026-01-31 19:00:00,29.127,29.91,29.055,29.774,514734.28
2026-01-31 19:15:00,29.786,29.831,29.044,29.117,333060.1
2026-01-31 19:30:00,29.12,29.209,28.552,28.898,307248.84
2026-01-31 19:45:00,28.912,29.266,28.814,29.068,247533.33
2026-01-31 20:00:00,29.056,29.149,28.578,28.683,177635.42
2026-01-31 20:15:00,28.693,29.165,28.676,28.73,190028.8
2026-01-31 20:30:00,28.732,29.195,28.71,29.125,115048.21
2026-01-31 20:45:00,29.121,29.471,28.997,29.442,103700.06
2026-01-31 21:00:00,29.428,29.929,29.412,29.552,328077.6
2026-01-31 21:15:00,29.567,29.832,29.413,29.817,88879.08
2026-01-31 21:30:00,29.823,30.364,29.77,30.179,321226.76
2026-01-31 21:45:00,30.18,30.236,29.861,30.0,182600.81
2026-01-31 22:00:00,30.005,30.11,29.834,29.943,143781.13
2026-01-31 22:15:00,29.944,30.289,29.891,30.204,125187.0
2026-01-31 22:30:00,30.208,30.442,30.081,30.44,159057.14
2026-01-31 22:45:00,30.441,30.527,30.224,30.379,187789.47
2026-01-31 23:00:00,30.381,30.534,30.253,30.297,137627.02
2026-01-31 23:15:00,30.314,30.87,30.061,30.861,337252.81
2026-01-31 23:30:00,30.863,31.1,30.693,30.916,269490.19
2026-01-31 23:45:00,30.917,31.146,30.767,30.981,218760.7
2026-02-01 00:00:00,30.988,32.0,30.911,31.955,338571.12
2026-02-01 00:15:00,31.955,32.448,31.878,32.209,518524.69
2026-02-01 00:30:00,32.209,32.357,31.545,31.619,250027.21
2026-02-01 00:45:00,31.619,32.298,31.59,32.279,194492.75
2026-02-01 01:00:00,32.28,32.461,31.715,31.854,216232.22
2026-02-01 01:15:00,31.852,32.54,31.677,32.54,162479.8
2026-02-01 01:30:00,32.529,32.529,31.704,31.817,154894.72
2026-02-01 01:45:00,31.804,32.0,31.614,31.788,98100.23
2026-02-01 02:00:00,31.789,32.244,31.693,32.127,62644.92
2026-02-01 02:15:00,32.116,32.122,31.306,31.487,150216.67
2026-02-01 02:30:00,31.487,32.255,31.465,32.238,163335.32
2026-02-01 02:45:00,32.227,32.436,32.086,32.119,112079.22
2026-02-01 03:00:00,32.122,32.15,31.857,32.037,55029.26
2026-02-01 03:15:00,32.037,32.208,31.689,31.706,72132.73
2026-02-01 03:30:00,31.707,31.77,31.468,31.499,59502.25
2026-02-01 03:45:00,31.499,31.709,31.333,31.443,58713.05
2026-02-01 04:00:00,31.439,31.826,31.427,31.764,98395.56
2026-02-01 04:15:00,31.769,31.845,31.569,31.61,27169.04
2026-02-01 04:30:00,31.611,31.855,31.61,31.751,53941.91
2026-02-01 04:45:00,31.751,31.982,31.651,31.667,61794.46
2026-02-01 05:00:00,31.662,31.722,31.0,31.272,159992.23
2026-02-01 05:15:00,31.257,31.384,31.09,31.341,71372.84
2026-02-01 05:30:00,31.341,31.35,30.851,30.874,171930.93
2026-02-01 05:45:00,30.883,30.971,30.682,30.77,202579.58
2026-02-01 06:00:00,30.766,30.808,30.594,30.649,62070.86
2026-02-01 06:15:00,30.646,30.837,30.379,30.461,136295.79
2026-02-01 06:30:00,30.462,30.555,30.276,30.482,173974.5
2026-02-01 06:45:00,30.473,30.676,30.341,30.485,97987.64
2026-02-01 07:00:00,30.479,30.495,30.169,30.331,100703.92
2026-02-01 07:15:00,30.329,30.626,30.318,30.435,69363.1
2026-02-01 07:30:00,30.434,30.836,30.372,30.737,139201.71
2026-02-01 07:45:00,30.731,30.901,30.617,30.669,107034.65
2026-02-01 08:00:00,30.67,31.032,30.67,30.872,87238.52
2026-02-01 08:15:00,30.872,30.928,30.633,30.653,71776.05
2026-02-01 08:30:00,30.655,30.982,30.522,30.947,79254.21
2026-02-01 08:45:00,30.942,30.947,30.762,30.918,109208.91
2026-02-01 09:00:00,30.918,31.383,30.797,31.213,110725.29
2026-02-01 09:15:00,31.201,31.267,31.109,31.109,110365.52
2026-02-01 09:30:00,31.11,31.391,30.974,31.058,97498.73
2026-02-01 09:45:00,31.059,31.392,30.907,31.347,54017.41
2026-02-01 10:00:00,31.335,31.539,31.164,31.473,49954.07
2026-02-01 10:15:00,31.471,31.471,31.304,31.414,26602.68
2026-02-01 10:30:00,31.41,31.458,30.533,30.548,117325.03
2026-02-01 10:45:00,30.552,30.712,30.2,30.356,122184.61
2026-02-01 11:00:00,30.354,30.569,30.346,30.526,68139.99
2026-02-01 11:15:00,30.524,30.653,30.406,30.538,39189.25
2026-02-01 11:30:00,30.546,31.159,30.541,31.055,83137.78
2026-02-01 11:45:00,31.058,31.113,30.852,30.945,53767.2
2026-02-01 12:00:00,30.945,31.047,30.767,30.971,46463.03
2026-02-01 12:15:00,30.968,30.983,30.687,30.86,52630.99
2026-02-01 12:30:00,30.866,31.039,30.457,30.48,104329.9
2026-02-01 12:45:00,30.492,30.555,30.3,30.31,61739.63
2026-02-01 13:00:00,30.31,30.515,30.253,30.346,83280.9
2026-02-01 13:15:00,30.33,30.407,29.792,29.931,188673.45
2026-02-01 13:30:00,29.935,30.03,29.764,29.891,114641.71
2026-02-01 13:45:00,29.882,29.921,29.425,29.463,196599.57
2026-02-01 14:00:00,29.472,29.622,29.308,29.393,136672.82
2026-02-01 14:15:00,29.396,29.428,29.074,29.113,212196.4
2026-02-01 14:30:00,29.113,29.485,28.898,29.236,321213.19
2026-02-01 14:45:00,29.228,29.665,29.085,29.106,237355.92
2026-02-01 15:00:00,29.099,29.196,28.723,28.871,248908.83
2026-02-01 15:15:00,28.861,28.922,28.5,28.509,357389.11
2026-02-01 15:30:00,28.523,28.874,28.449,28.684,269448.15
2026-02-01 15:45:00,28.685,29.138,28.611,28.965,196776.76
2026-02-01 16:00:00,28.995,29.208,28.872,29.106,91987.46
2026-02-01 16:15:00,29.106,29.515,28.758,29.288,194448.78
2026-02-01 16:30:00,29.28,29.497,28.995,29.122,143935.16
2026-02-01 16:45:00,29.127,29.449,29.057,29.428,107708.55
2026-02-01 17:00:00,29.427,29.754,29.383,29.562,153030.7
2026-02-01 17:15:00,29.55,29.698,29.307,29.426,95225.05
2026-02-01 17:30:00,29.418,29.52,29.169,29.309,96159.47
2026-02-01 17:45:00,29.311,29.614,29.212,29.608,132000.44
2026-02-01 18:00:00,29.607,30.236,29.606,30.218,348040.43
2026-02-01 18:15:00,30.209,30.245,29.809,29.927,279680.51
2026-02-01 18:30:00,29.927,29.964,29.679,29.736,95458.99
2026-02-01 18:45:00,29.734,29.928,29.636,29.915,107823.93
2026-02-01 19:00:00,29.91,29.963,29.443,29.529,111193.9
2026-02-01 19:15:00,29.536,29.536,29.22,29.356,164042.16
2026-02-01 19:30:00,29.355,29.491,29.23,29.361,58863.25
2026-02-01 19:45:00,29.355,29.426,29.108,29.409,105484.19
2026-02-01 20:00:00,29.408,29.562,29.019,29.51,264930.75
2026-02-01 20:15:00,29.511,29.715,29.23,29.26,144670.61
2026-02-01 20:30:00,29.257,29.877,29.252,29.751,166494.43
2026-02-01 20:45:00,29.75,29.75,29.509,29.641,51103.68
2026-02-01 21:00:00,29.641,29.659,29.058,29.195,269648.37
2026-02-01 21:15:00,29.207,29.32,28.91,29.319,185621.09
2026-02-01 21:30:00,29.322,30.013,29.233,29.78,369178.39
2026-02-01 21:45:00,29.771,30.187,29.637,30.169,286820.43
2026-02-01 22:00:00,30.168,30.444,29.978,30.226,217834.26
2026-02-01 22:15:00,30.233,30.403,29.746,30.02,213065.58
2026-02-01 22:30:00,30.016,30.387,29.997,30.189,145254.02
2026-02-01 22:45:00,30.19,30.339,30.005,30.067,114557.76
2026-02-01 23:00:00,30.067,30.135,29.34,30.038,413886.42
2026-02-01 23:15:00,30.035,30.89,29.782,30.878,426493.74
2026-02-01 23:30:00,30.865,31.2,30.729,30.866,263353.08
2026-02-01 23:45:00,30.848,30.991,30.472,30.557,198901.19
2026-02-02 00:00:00,30.558,31.466,30.424,31.421,262403.08
2026-02-02 00:15:00,31.421,31.8,31.28,31.333,301011.38
2026-02-02 00:30:00,31.319,31.5,31.054,31.217,159537.49
2026-02-02 00:45:00,31.205,31.287,30.837,30.985,146576.67
2026-02-02 01:00:00,30.984,31.142,30.558,30.566,137585.02
2026-02-02 01:15:00,30.565,31.308,30.533,31.204,177904.6
2026-02-02 01:30:00,31.214,31.579,31.166,31.554,116698.19
2026-02-02 01:45:00,31.54,31.629,31.201,31.211,63268.89
2026-02-02 02:00:00,31.211,31.375,31.068,31.375,171293.9
2026-02-02 02:15:00,31.372,31.533,31.045,31.202,112738.59
2026-02-02 02:30:00,31.2,31.315,31.151,31.185,43805.1
2026-02-02 02:45:00,31.185,31.259,31.086,31.188,120152.63
2026-02-02 03:00:00,31.202,31.556,30.849,30.881,227531.63
2026-02-02 03:15:00,30.875,30.918,30.066,30.245,461915.45
2026-02-02 03:30:00,30.236,31.126,30.183,30.74,380768.02
2026-02-02 03:45:00,30.767,32.02,30.615,31.954,616503.21
2026-02-02 04:00:00,31.966,32.0,31.187,31.282,300389.83
2026-02-02 04:15:00,31.277,31.531,31.091,31.494,326070.18
2026-02-02 04:30:00,31.494,31.785,31.046,31.064,218537.97
2026-02-02 04:45:00,31.064,31.248,30.902,31.168,120781.59
2026-02-02 05:00:00,31.173,31.204,30.463,30.499,209200.46
2026-02-02 05:15:00,30.504,30.629,30.431,30.561,103388.44
2026-02-02 05:30:00,30.561,31.049,30.556,30.815,285732.63
2026-02-02 05:45:00,30.802,30.95,30.427,30.757,105853.06
2026-02-02 06:00:00,30.755,30.807,30.322,30.467,186640.84
2026-02-02 06:15:00,30.484,30.82,30.136,30.142,189806.38
2026-02-02 06:30:00,30.14,30.276,29.435,30.196,400238.13
2026-02-02 06:45:00,30.205,30.636,30.099,30.26,240461.04
2026-02-02 07:00:00,30.26,30.388,29.885,29.967,158508.27
2026-02-02 07:15:00,29.951,30.524,29.793,30.352,206796.44
2026-02-02 07:30:00,30.352,31.026,30.317,30.973,318635.68
2026-02-02 07:45:00,30.981,31.433,30.947,31.188,234329.8
2026-02-02 08:00:00,31.175,31.5,30.993,30.993,188864.36
2026-02-02 08:15:00,30.99,31.1,30.668,30.722,137628.81
2026-02-02 08:30:00,30.726,31.008,30.726,30.877,23341.05
2026-02-02 08:45:00,30.869,31.001,30.749,30.889,39319.05
2026-02-02 09:00:00,30.889,30.947,30.566,30.74,38261.88
2026-02-02 09:15:00,30.743,31.021,30.515,31.005,108986.4
2026-02-02 09:30:00,31.022,31.022,30.653,30.847,108279.57
2026-02-02 09:45:00,30.85,31.379,30.84,31.038,135836.06
2026-02-02 10:00:00,31.039,31.487,30.961,31.41,53588.78
2026-02-02 10:15:00,31.42,31.514,31.124,31.274,72395.04
2026-02-02 10:30:00,31.264,31.3,30.95,31.052,43985.02
2026-02-02 10:45:00,31.057,31.129,30.851,30.919,46374.77
2026-02-02 11:00:00,30.919,31.169,30.889,31.16,27976.83
2026-02-02 11:15:00,31.16,31.453,30.973,31.322,57856.28
2026-02-02 11:30:00,31.322,31.491,31.157,31.271,90726.77
2026-02-02 11:45:00,31.262,31.336,30.861,30.899,93594.06
2026-02-02 12:00:00,30.898,31.041,30.768,31.03,68891.52
2026-02-02 12:15:00,31.03,31.129,30.785,30.833,67389.66
2026-02-02 12:30:00,30.823,30.863,30.554,30.622,139430.21
2026-02-02 12:45:00,30.621,30.966,30.57,30.899,64241.06
2026-02-02 13:00:00,30.9,30.9,30.572,30.759,56363.02
2026-02-02 13:15:00,30.764,30.987,30.572,30.586,77583.66
2026-02-02 13:30:00,30.584,30.637,30.371,30.427,236123.23
2026-02-02 13:45:00,30.439,31.041,30.435,30.892,144188.3
2026-02-02 14:00:00,30.878,31.19,30.577,31.19,214639.29
2026-02-02 14:15:00,31.19,32.889,31.151,32.528,1522350.44
2026-02-02 14:30:00,32.528,33.333,32.118,32.377,1463688.87
2026-02-02 14:45:00,32.375,32.38,31.83,31.864,354000.92
2026-02-02 15:00:00,31.864,32.434,31.675,32.318,340889.4
2026-02-02 15:15:00,32.315,32.318,31.65,31.65,230642.07
2026-02-02 15:30:00,31.658,32.561,31.616,32.491,410990.84
2026-02-02 15:45:00,32.502,32.729,32.198,32.723,302887.68
2026-02-02 16:00:00,32.724,33.387,32.63,33.363,536678.17
2026-02-02 16:15:00,33.363,33.739,33.011,33.19,538434.3
2026-02-02 16:30:00,33.195,33.539,32.719,32.887,573309.78
2026-02-02 16:45:00,32.89,32.914,32.503,32.634,204711.34
2026-02-02 17:00:00,32.634,33.321,32.576,32.964,245708.93
2026-02-02 17:15:00,32.966,33.332,32.907,33.256,119022.17
2026-02-02 17:30:00,33.248,33.46,32.93,32.932,171202.51
2026-02-02 17:45:00,32.937,33.088,32.607,32.67,202611.61
2026-02-02 18:00:00,32.696,32.709,31.944,31.996,439506.62
2026-02-02 18:15:00,31.985,31.994,31.601,31.707,211833.74
2026-02-02 18:30:00,31.706,32.248,31.706,31.902,234109.22
2026-02-02 18:45:00,31.897,32.219,31.867,32.09,141385.02
2026-02-02 19:00:00,32.097,32.378,32.071,32.301,118219.96
2026-02-02 19:15:00,32.31,32.457,31.95,32.059,54531.23
2026-02-02 19:30:00,32.058,32.364,31.926,32.208,86571.51
2026-02-02 19:45:00,32.211,32.542,32.063,32.486,124030.83
2026-02-02 20:00:00,32.484,32.814,32.322,32.788,138977.21
2026-02-02 20:15:00,32.753,33.152,32.753,32.939,247949.25
2026-02-02 20:30:00,32.937,32.95,32.628,32.773,158413.46
2026-02-02 20:45:00,32.754,32.767,32.211,32.269,179915.53
2026-02-02 21:00:00,32.276,32.66,32.264,32.429,121843.69
2026-02-02 21:15:00,32.429,32.522,32.218,32.261,74039.7
2026-02-02 21:30:00,32.263,32.935,32.24,32.854,148712.43
2026-02-02 21:45:00,32.855,33.41,32.821,33.311,276259.21
2026-02-02 22:00:00,33.315,33.805,33.304,33.475,369075.2
2026-02-02 22:15:00,33.475,33.805,33.344,33.77,189462.55
2026-02-02 22:30:00,33.76,33.98,33.434,33.586,265048.73
2026-02-02 22:45:00,33.592,33.99,33.52,33.958,190350.16
2026-02-02 23:00:00,33.951,33.97,33.631,33.791,167907.09
2026-02-02 23:15:00,33.807,33.811,33.228,33.533,206082.8
2026-02-02 23:30:00,33.533,33.842,33.395,33.502,206035.41
2026-02-02 23:45:00,33.502,33.536,33.24,33.3,132047.72
2026-02-03 00:00:00,33.3,33.417,33.139,33.41,192044.47
2026-02-03 00:15:00,33.409,33.783,33.302,33.761,140579.95
2026-02-03 00:30:00,33.758,33.863,33.585,33.743,109039.96
2026-02-03 00:45:00,33.747,34.166,33.653,34.092,227833.53
2026-02-03 01:00:00,34.103,34.368,33.967,34.051,336212.03
2026-02-03 01:15:00,34.066,34.505,33.831,34.261,201775.08
2026-02-03 01:30:00,34.263,34.61,34.117,34.61,125629.39
2026-02-03 01:45:00,34.545,35.53,34.494,35.426,872219.14
2026-02-03 02:00:00,35.406,35.62,35.192,35.425,291795.0
2026-02-03 02:15:00,35.425,36.005,35.3,35.991,491598.67
2026-02-03 02:30:00,35.99,36.234,35.678,36.171,452271.15
2026-02-03 02:45:00,36.102,36.251,35.669,35.865,291992.96
2026-02-03 03:00:00,35.851,36.055,35.631,35.919,321328.69
2026-02-03 03:15:00,35.92,36.742,35.728,36.662,493615.08
2026-02-03 03:30:00,36.661,38.21,36.618,37.567,1652189.89
2026-02-03 03:45:00,37.566,38.142,37.519,37.899,618190.63
2026-02-03 04:00:00,37.908,38.441,37.671,38.39,486812.78
2026-02-03 04:15:00,38.403,38.408,37.371,37.468,639446.52
2026-02-03 04:30:00,37.475,38.108,37.46,38.098,310900.61
2026-02-03 04:45:00,38.098,38.158,37.536,37.79,270300.88
2026-02-03 05:00:00,37.844,37.844,37.022,37.079,353517.23
2026-02-03 05:15:00,37.078,37.398,36.928,37.064,329193.06
2026-02-03 05:30:00,37.064,37.311,36.905,37.308,259810.91
2026-02-03 05:45:00,37.304,37.546,37.087,37.225,260662.82
2026-02-03 06:00:00,37.217,37.562,37.134,37.25,116264.42
2026-02-03 06:15:00,37.253,37.418,36.862,36.895,119928.3
2026-02-03 06:30:00,36.9,37.048,36.698,36.918,134694.2
2026-02-03 06:45:00,36.913,37.308,36.848,37.054,145400.8
2026-02-03 07:00:00,37.035,37.426,36.759,37.313,146722.02
2026-02-03 07:15:00,37.313,37.385,36.921,36.945,107941.38
2026-02-03 07:30:00,36.944,37.315,36.907,37.08,106007.07
2026-02-03 07:45:00,37.084,37.295,37.078,37.275,188418.08
2026-02-03 08:00:00,37.278,37.498,36.864,36.931,200100.23
2026-02-03 08:15:00,36.938,37.961,36.937,37.618,311485.65
2026-02-03 08:30:00,37.618,37.743,37.414,37.723,85030.79
2026-02-03 08:45:00,37.727,37.818,37.309,37.549,134026.32
2026-02-03 09:00:00,37.552,37.607,37.053,37.098,152632.56
2026-02-03 09:15:00,37.099,37.233,36.293,36.335,429256.73
2026-02-03 09:30:00,36.335,37.031,36.298,36.931,169209.33
2026-02-03 09:45:00,36.929,37.157,36.728,37.048,106062.24
2026-02-03 10:00:00,37.049,37.157,36.924,36.99,72613.17
2026-02-03 10:15:00,36.991,37.15,36.712,36.785,67862.88
2026-02-03 10:30:00,36.785,36.789,36.037,36.045,232170.3
2026-02-03 10:45:00,36.06,36.324,35.672,36.002,428842.33
2026-02-03 11:00:00,36.002,36.149,35.905,36.011,36612.07
2026-02-03 11:15:00,36.03,36.382,35.929,36.329,137663.74
2026-02-03 11:30:00,36.332,36.5,36.134,36.197,131131.49
2026-02-03 11:45:00,36.197,36.345,36.039,36.058,73988.14
2026-02-03 12:00:00,36.061,36.405,36.024,36.304,101518.42
2026-02-03 12:15:00,36.319,36.349,35.751,36.17,145042.11
2026-02-03 12:30:00,36.155,36.342,36.007,36.24,46496.92
2026-02-03 12:45:00,36.231,36.357,35.871,36.081,72874.98
2026-02-03 13:00:00,36.063,36.25,35.829,35.938,34371.63
2026-02-03 13:15:00,35.948,36.032,35.618,35.807,177865.65
2026-02-03 13:30:00,35.807,35.956,35.515,35.881,111678.97
2026-02-03 13:45:00,35.89,36.239,35.777,36.155,155603.28
2026-02-03 14:00:00,36.164,36.365,35.865,35.99,107485.74
2026-02-03 14:15:00,35.986,36.004,35.617,35.891,144603.73
2026-02-03 14:30:00,35.881,36.079,35.264,35.374,375344.67
2026-02-03 14:45:00,35.374,35.62,34.852,34.935,477440.73
2026-02-03 15:00:00,34.921,34.95,34.2,34.2,600463.59
2026-02-03 15:15:00,34.229,34.883,34.094,34.255,651454.65
2026-02-03 15:30:00,34.255,34.319,33.598,33.751,659677.58
2026-02-03 15:45:00,33.75,34.267,33.531,34.192,566911.72
2026-02-03 16:00:00,34.195,34.208,33.3,33.87,703348.1
2026-02-03 16:15:00,33.882,33.882,33.152,33.357,491308.0
2026-02-03 16:30:00,33.357,33.452,33.045,33.093,333965.83
2026-02-03 16:45:00,33.093,33.645,32.798,33.601,848636.03
2026-02-03 17:00:00,33.619,33.792,33.205,33.212,345525.96
2026-02-03 17:15:00,33.212,33.689,33.001,33.154,395993.46
2026-02-03 17:30:00,33.137,33.318,32.55,32.602,326962.04
2026-02-03 17:45:00,32.604,32.885,32.3,32.324,425570.3
2026-02-03 18:00:00,32.309,33.102,32.258,32.669,513593.98
2026-02-03 18:15:00,32.665,33.22,32.633,33.215,378345.73
2026-02-03 18:30:00,33.215,33.284,32.861,33.022,433177.73
2026-02-03 18:45:00,33.023,33.297,32.401,32.599,481328.85
2026-02-03 19:00:00,32.594,34.18,32.583,34.065,696183.27
2026-02-03 19:15:00,34.068,34.737,33.752,34.044,1216182.62
2026-02-03 19:30:00,34.048,34.344,33.789,33.826,434346.84
2026-02-03 19:45:00,33.83,34.067,33.36,33.875,588225.6
2026-02-03 20:00:00,33.876,33.929,33.524,33.766,129944.26
2026-02-03 20:15:00,33.769,34.841,33.655,34.598,505491.4
2026-02-03 20:30:00,34.597,35.289,34.506,35.003,753544.41
2026-02-03 20:45:00,35.003,35.422,34.776,35.395,398397.47
2026-02-03 21:00:00,35.376,35.646,34.899,34.965,399285.23
2026-02-03 21:15:00,34.971,35.088,34.375,34.475,315588.22
2026-02-03 21:30:00,34.479,34.692,34.008,34.171,315755.59
2026-02-03 21:45:00,34.166,34.199,33.5,33.866,219698.59
2026-02-03 22:00:00,33.867,33.994,33.501,33.714,167697.48
2026-02-03 22:15:00,33.711,33.906,33.494,33.607,147315.27
2026-02-03 22:30:00,33.607,33.766,33.443,33.629,133267.03
2026-02-03 22:45:00,33.629,33.629,32.783,33.052,346287.67
2026-02-03 23:00:00,33.052,33.252,32.77,33.252,130016.05
2026-02-03 23:15:00,33.253,33.412,33.076,33.204,114533.87
2026-02-03 23:30:00,33.204,33.275,32.822,32.914,87765.45
2026-02-03 23:45:00,32.909,32.909,32.456,32.684,257431.07
2026-02-04 00:00:00,32.685,32.694,32.343,32.408,282126.3
2026-02-04 00:15:00,32.402,33.027,32.383,32.978,167342.92
2026-02-04 00:30:00,32.986,33.548,32.95,33.353,349993.87
2026-02-04 00:45:00,33.31,33.407,32.898,32.95,184758.51
2026-02-04 01:00:00,32.95,33.849,32.94,33.699,418222.91
2026-02-04 01:15:00,33.676,33.685,33.287,33.357,134496.76
2026-02-04 01:30:00,33.342,33.643,33.105,33.128,218753.98
2026-02-04 01:45:00,33.132,33.15,32.823,32.998,166228.08
2026-02-04 02:00:00,32.995,33.383,32.932,33.306,73705.35
2026-02-04 02:15:00,33.306,33.487,33.187,33.22,140777.73
2026-02-04 02:30:00,33.21,33.211,32.505,32.735,234039.86
2026-02-04 02:45:00,32.734,32.929,32.55,32.723,171709.14
2026-02-04 03:00:00,32.716,33.211,32.689,33.201,144357.71
2026-02-04 03:15:00,33.197,33.367,33.129,33.356,137500.57
2026-02-04 03:30:00,33.356,33.663,33.229,33.384,173883.98
2026-02-04 03:45:00,33.384,33.729,33.384,33.674,89324.48
2026-02-04 04:00:00,33.673,33.88,33.471,33.577,159562.05
2026-02-04 04:15:00,33.575,33.767,33.385,33.439,117586.26
2026-02-04 04:30:00,33.439,33.72,33.381,33.664,95707.32
2026-02-04 04:45:00,33.664,33.69,33.386,33.506,98958.85
2026-02-04 05:00:00,33.492,33.992,33.425,33.933,113523.84
2026-02-04 05:15:00,33.93,34.0,33.571,33.597,126933.06
2026-02-04 05:30:00,33.585,33.597,33.026,33.082,164895.17
2026-02-04 05:45:00,33.077,33.167,32.856,33.069,140726.31
2026-02-04 06:00:00,33.069,33.476,33.047,33.334,102221.48
2026-02-04 06:15:00,33.331,33.671,33.319,33.499,94593.46
2026-02-04 06:30:00,33.504,33.828,33.354,33.822,85745.43
2026-02-04 06:45:00,33.823,33.881,33.507,33.854,123356.32
2026-02-04 07:00:00,33.853,33.855,33.526,33.71,92512.46
2026-02-04 07:15:00,33.696,33.771,33.352,33.497,48749.94
2026-02-04 07:30:00,33.496,33.576,33.395,33.519,27448.65
2026-02-04 07:45:00,33.519,33.557,33.297,33.366,48772.94
2026-02-04 08:00:00,33.366,33.42,33.143,33.343,47484.33
2026-02-04 08:15:00,33.342,33.41,32.954,33.006,99617.52
2026-02-04 08:30:00,33.006,33.354,33.003,33.04,182550.61
2026-02-04 08:45:00,33.04,33.291,33.018,33.14,101827.0
2026-02-04 09:00:00,33.142,33.365,33.056,33.23,113334.83
2026-02-04 09:15:00,33.23,33.439,33.059,33.077,89246.21
2026-02-04 09:30:00,33.083,33.235,32.812,33.128,113405.91
2026-02-04 09:45:00,33.13,33.404,33.13,33.333,58557.67
2026-02-04 10:00:00,33.342,33.522,33.139,33.29,94628.27
2026-02-04 10:15:00,33.293,33.321,33.065,33.254,41578.74
2026-02-04 10:30:00,33.253,33.415,33.201,33.215,62863.71
2026-02-04 10:45:00,33.22,33.274,33.096,33.128,40721.54
2026-02-04 11:00:00,33.134,33.145,32.55,32.864,146737.64
2026-02-04 11:15:00,32.862,33.34,32.862,33.212,107128.16
2026-02-04 11:30:00,33.211,33.597,33.168,33.449,111221.03
2026-02-04 11:45:00,33.467,33.499,33.207,33.325,57822.09
2026-02-04 12:00:00,33.311,33.671,33.267,33.643,67032.02
2026-02-04 12:15:00,33.653,33.878,33.551,33.587,108171.09
2026-02-04 12:30:00,33.595,33.792,33.553,33.766,51157.76
2026-02-04 12:45:00,33.758,33.836,33.5,33.625,91660.76
2026-02-04 13:00:00,33.62,33.8,33.56,33.569,38237.09
2026-02-04 13:15:00,33.567,33.65,33.415,33.482,73993.02
2026-02-04 13:30:00,33.483,33.607,33.021,33.06,153231.36
2026-02-04 13:45:00,33.042,33.292,32.665,32.679,277352.28
2026-02-04 14:00:00,32.675,32.974,32.476,32.908,241769.19
2026-02-04 14:15:00,32.899,33.123,32.801,33.018,87925.91
2026-02-04 14:30:00,33.003,33.6,32.683,33.325,349554.98
2026-02-04 14:45:00,33.332,33.532,32.8,32.993,278127.0
2026-02-04 15:00:00,32.989,34.137,32.875,34.071,750979.25
2026-02-04 15:15:00,34.072,34.321,33.785,34.167,471939.53
2026-02-04 15:30:00,34.167,34.2,33.37,33.713,447832.64
2026-02-04 15:45:00,33.702,34.25,33.528,34.021,240889.17
2026-02-04 16:00:00,34.017,34.742,33.928,34.443,517218.89
2026-02-04 16:15:00,34.466,35.0,34.104,34.948,434137.03
2026-02-04 16:30:00,34.94,34.94,34.258,34.279,336010.56
2026-02-04 16:45:00,34.276,34.745,33.947,34.57,391160.41
2026-02-04 17:00:00,34.566,34.689,33.93,34.001,441257.63
2026-02-04 17:15:00,34.027,34.229,33.053,33.662,583814.42
2026-02-04 17:30:00,33.65,34.282,33.636,34.243,428900.42
2026-02-04 17:45:00,34.25,34.457,33.897,34.389,239631.95
2026-02-04 18:00:00,34.4,34.984,34.265,34.608,663553.38
2026-02-04 18:15:00,34.609,34.637,33.793,34.148,474533.34
2026-02-04 18:30:00,34.143,34.987,34.056,34.924,320529.53
2026-02-04 18:45:00,34.921,34.924,34.281,34.335,214761.53
2026-02-04 19:00:00,34.333,34.695,33.821,34.001,221161.42
2026-02-04 19:15:00,34.002,34.212,33.691,33.887,153473.4
2026-02-04 19:30:00,33.89,34.52,33.886,34.422,116130.23
2026-02-04 19:45:00,34.422,35.341,34.405,35.333,515101.22
2026-02-04 20:00:00,35.324,35.414,34.755,35.179,345417.96
2026-02-04 20:15:00,35.157,35.807,35.156,35.315,393183.31
2026-02-04 20:30:00,35.327,35.506,34.992,35.341,198206.96
2026-02-04 20:45:00,35.354,35.857,35.342,35.78,162473.31
2026-02-04 21:00:00,35.791,35.892,35.426,35.631,207349.98
2026-02-04 21:15:00,35.62,35.623,35.02,35.179,246515.52
2026-02-04 21:30:00,35.179,35.837,35.179,35.427,295809.09
2026-02-04 21:45:00,35.423,35.462,34.8,35.133,478003.82
2026-02-04 22:00:00,35.133,35.14,34.455,35.033,357637.72
2026-02-04 22:15:00,35.037,36.219,35.037,36.02,492332.92
2026-02-04 22:30:00,36.036,36.22,35.261,35.307,223647.88
2026-02-04 22:45:00,35.305,35.626,34.637,34.928,268489.9
2026-02-04 23:00:00,34.918,35.023,34.506,35.023,243617.43
2026-02-04 23:15:00,35.024,35.874,34.99,35.727,311463.06
2026-02-04 23:30:00,35.727,36.0,35.45,35.497,181775.94
2026-02-04 23:45:00,35.483,35.747,35.308,35.45,97251.23
2026-02-05 00:00:00,35.452,35.483,34.99,35.009,145009.04
2026-02-05 00:15:00,35.035,35.449,34.976,35.302,147856.6
2026-02-05 00:30:00,35.285,35.347,34.655,34.655,228327.48
2026-02-05 00:45:00,34.656,35.227,34.606,34.719,264095.87
2026-02-05 01:00:00,34.723,35.116,34.7,34.824,150794.04
2026-02-05 01:15:00,34.832,34.866,34.13,34.829,312254.4
2026-02-05 01:30:00,34.831,34.997,34.267,34.377,157512.83
2026-02-05 01:45:00,34.381,34.396,33.703,33.703,264688.2
2026-02-05 02:00:00,33.711,33.757,33.365,33.656,271698.83
2026-02-05 02:15:00,33.662,34.044,33.626,33.809,174458.92
2026-02-05 02:30:00,33.82,34.042,33.666,33.925,123127.31
2026-02-05 02:45:00,33.925,33.949,33.342,33.425,136710.5
2026-02-05 03:00:00,33.425,33.708,33.22,33.565,153244.51
2026-02-05 03:15:00,33.546,33.621,33.179,33.557,199502.58
2026-02-05 03:30:00,33.55,33.681,33.349,33.368,125119.29
2026-02-05 03:45:00,33.385,33.674,33.24,33.464,143702.04
2026-02-05 04:00:00,33.46,33.823,33.442,33.593,118101.28
2026-02-05 04:15:00,33.604,33.79,33.264,33.772,144767.09
2026-02-05 04:30:00,33.779,33.94,33.623,33.931,84924.53
2026-02-05 04:45:00,33.93,34.018,33.69,33.748,87138.66
2026-02-05 05:00:00,33.735,33.93,33.659,33.743,64746.65
2026-02-05 05:15:00,33.743,33.95,33.406,33.832,96890.06
2026-02-05 05:30:00,33.828,33.903,33.509,33.865,78945.79
2026-02-05 05:45:00,33.866,33.877,33.454,33.501,84270.77
2026-02-05 06:00:00,33.506,33.689,33.324,33.502,90732.26
2026-02-05 06:15:00,33.502,33.69,33.39,33.464,78752.07
2026-02-05 06:30:00,33.469,33.843,33.468,33.647,70325.62
2026-02-05 06:45:00,33.653,33.925,33.469,33.849,76602.71
2026-02-05 07:00:00,33.848,34.524,33.793,34.337,257430.6
2026-02-05 07:15:00,34.337,34.561,34.206,34.489,147460.37
2026-02-05 07:30:00,34.478,34.673,34.283,34.41,94399.28
2026-02-05 07:45:00,34.389,34.468,34.064,34.182,87574.53
2026-02-05 08:00:00,34.181,34.561,34.059,34.527,109196.01
2026-02-05 08:15:00,34.518,34.881,34.448,34.836,153888.5
2026-02-05 08:30:00,34.846,35.23,34.834,34.902,278032.15
2026-02-05 08:45:00,34.895,34.956,34.66,34.681,113668.29
2026-02-05 09:00:00,34.681,35.256,34.622,34.973,172313.32
2026-02-05 09:15:00,34.973,35.154,34.7,34.86,113556.74
2026-02-05 09:30:00,34.852,34.901,34.585,34.694,95288.09
2026-02-05 09:45:00,34.695,34.83,34.539,34.72,46812.85
2026-02-05 10:00:00,34.72,34.839,34.438,34.657,67901.65
2026-02-05 10:15:00,34.654,34.865,34.589,34.698,94003.16
2026-02-05 10:30:00,34.698,34.851,34.365,34.371,76164.44
2026-02-05 10:45:00,34.386,34.514,34.09,34.09,115223.85
2026-02-05 11:00:00,34.09,34.327,33.782,33.854,164890.04
2026-02-05 11:15:00,33.854,34.05,33.305,33.387,278509.83
2026-02-05 11:30:00,33.404,33.612,33.2,33.516,219024.65
2026-02-05 11:45:00,33.516,33.595,32.601,32.878,593618.42
2026-02-05 12:00:00,32.873,33.009,32.0,32.125,712437.05
2026-02-05 12:15:00,32.112,32.137,31.081,31.718,990151.49
2026-02-05 12:30:00,31.741,32.166,31.733,31.951,344273.32
2026-02-05 12:45:00,31.964,32.395,31.868,32.169,266626.86
2026-02-05 13:00:00,32.184,32.485,31.905,31.935,298796.03
2026-02-05 13:15:00,31.944,31.985,31.658,31.846,267129.66
2026-02-05 13:30:00,31.85,32.333,31.801,32.153,312500.54
2026-02-05 13:45:00,32.157,32.588,32.113,32.576,160978.7
2026-02-05 14:00:00,32.578,32.808,32.266,32.409,367334.98
2026-02-05 14:15:00,32.426,32.507,32.102,32.29,279383.96
2026-02-05 14:30:00,32.291,32.742,32.216,32.412,452239.59
2026-02-05 14:45:00,32.417,32.476,31.845,31.931,355809.33
2026-02-05 15:00:00,31.951,32.069,31.455,31.57,425058.5
2026-02-05 15:15:00,31.57,32.364,31.57,31.651,696680.9
2026-02-05 15:30:00,31.631,32.352,31.373,32.149,456924.89
2026-02-05 15:45:00,32.126,32.267,31.801,31.831,411857.79
2026-02-05 16:00:00,31.821,31.871,31.011,31.353,484676.14
2026-02-05 16:15:00,31.357,32.098,31.193,32.05,428267.49
2026-02-05 16:30:00,32.051,32.216,31.742,31.879,258002.87
2026-02-05 16:45:00,31.879,33.064,31.651,32.853,571383.59
2026-02-05 17:00:00,32.849,32.943,32.31,32.442,439873.86
2026-02-05 17:15:00,32.437,32.977,32.045,32.907,425178.7
2026-02-05 17:30:00,32.9,33.3,32.34,33.285,512372.78
2026-02-05 17:45:00,33.282,33.363,33.011,33.198,363679.48
2026-02-05 18:00:00,33.196,33.236,32.832,33.001,302436.44
2026-02-05 18:15:00,32.999,33.013,32.322,32.856,384633.57
2026-02-05 18:30:00,32.841,32.87,32.065,32.277,295635.43
2026-02-05 18:45:00,32.265,32.858,32.05,32.787,284833.33
2026-02-05 19:00:00,32.819,32.898,32.518,32.663,210051.24
2026-02-05 19:15:00,32.669,32.96,32.556,32.748,113193.03
2026-02-05 19:30:00,32.761,32.98,32.39,32.44,121128.57
2026-02-05 19:45:00,32.438,32.583,32.227,32.481,136059.89
2026-02-05 20:00:00,32.492,32.948,32.443,32.45,148431.83
2026-02-05 20:15:00,32.462,32.701,31.939,32.418,553757.96
2026-02-05 20:30:00,32.404,32.527,31.911,32.377,489437.54
2026-02-05 20:45:00,32.392,32.631,31.812,32.467,427598.18
2026-02-05 21:00:00,32.468,33.715,32.33,32.667,748269.54
2026-02-05 21:15:00,32.647,32.866,32.056,32.601,457220.3
2026-02-05 21:30:00,32.604,33.031,32.558,32.718,235136.01
2026-02-05 21:45:00,32.73,33.165,32.684,33.11,163671.14
2026-02-05 22:00:00,33.099,33.601,32.65,33.563,330694.68
2026-02-05 22:15:00,33.578,33.629,32.859,33.264,250247.22
2026-02-05 22:30:00,33.28,33.475,33.021,33.299,196046.61
2026-02-05 22:45:00,33.3,33.922,33.241,33.672,279354.25
2026-02-05 23:00:00,33.676,34.486,33.476,34.18,416992.42
2026-02-05 23:15:00,34.18,34.259,33.616,33.837,259131.0
2026-02-05 23:30:00,33.834,33.982,33.084,33.29,331666.54
2026-02-05 23:45:00,33.27,33.489,32.784,33.076,402877.93
2026-02-06 00:00:00,33.066,33.207,32.117,32.335,598639.98
2026-02-06 00:15:00,32.335,32.922,31.268,32.712,1352127.62
2026-02-06 00:30:00,32.716,33.5,32.426,33.189,641002.18
2026-02-06 00:45:00,33.199,33.645,33.088,33.185,382010.37
2026-02-06 01:00:00,33.174,34.219,33.131,34.032,550403.55
2026-02-06 01:15:00,34.033,34.06,33.631,33.911,227626.42
2026-02-06 01:30:00,33.919,35.8,33.856,35.671,1026373.49
2026-02-06 01:45:00,35.671,36.797,35.455,36.3,874984.96
2026-02-06 02:00:00,36.308,36.797,35.595,35.778,594562.44
2026-02-06 02:15:00,35.795,35.817,35.121,35.462,369901.28
2026-02-06 02:30:00,35.446,35.74,35.133,35.369,218761.55
2026-02-06 02:45:00,35.377,35.47,34.927,35.112,215066.0
2026-02-06 03:00:00,35.125,35.406,34.92,34.958,132952.99
2026-02-06 03:15:00,34.983,35.115,34.658,35.069,159539.12
2026-02-06 03:30:00,35.069,35.211,34.731,34.764,110026.25
2026-02-06 03:45:00,34.758,34.991,34.6,34.75,140897.57
2026-02-06 04:00:00,34.75,34.9,34.46,34.9,172928.0
2026-02-06 04:15:00,34.9,35.298,34.816,35.127,144947.66
2026-02-06 04:30:00,35.116,35.305,34.792,35.052,98353.0
2026-02-06 04:45:00,35.048,35.112,34.636,34.775,112333.96
2026-02-06 05:00:00,34.778,35.181,34.674,35.158,111483.58
2026-02-06 05:15:00,35.158,35.23,34.22,34.221,159852.98
2026-02-06 05:30:00,34.232,34.561,34.149,34.542,132361.55
2026-02-06 05:45:00,34.56,35.331,34.451,35.085,282519.92
2026-02-06 06:00:00,35.099,35.6,35.065,35.293,229780.63
2026-02-06 06:15:00,35.268,35.341,34.761,34.809,158476.78
2026-02-06 06:30:00,34.799,34.817,34.093,34.124,342900.61
2026-02-06 06:45:00,34.143,34.268,33.187,33.635,512228.79
2026-02-06 07:00:00,33.635,33.86,33.45,33.778,127850.42
2026-02-06 07:15:00,33.778,33.928,33.319,33.408,79512.79
2026-02-06 07:30:00,33.389,33.685,33.343,33.458,59517.31
2026-02-06 07:45:00,33.452,33.566,32.85,32.889,256084.01
2026-02-06 08:00:00,32.872,33.12,32.564,33.09,458868.42
2026-02-06 08:15:00,33.076,33.076,32.641,32.672,229422.57
2026-02-06 08:30:00,32.68,32.693,32.34,32.591,202127.06
2026-02-06 08:45:00,32.607,32.756,32.383,32.444,180371.0
2026-02-06 09:00:00,32.459,32.6,32.162,32.561,165653.62
2026-02-06 09:15:00,32.56,33.118,32.429,33.102,209146.21
2026-02-06 09:30:00,33.109,33.324,32.904,33.128,182177.18
2026-02-06 09:45:00,33.12,33.359,33.021,33.031,125849.66
2026-02-06 10:00:00,33.022,33.331,32.881,33.107,80795.44
2026-02-06 10:15:00,33.103,33.5,33.089,33.388,107219.44
2026-02-06 10:30:00,33.372,33.621,33.35,33.566,120332.03
2026-02-06 10:45:00,33.566,33.787,33.5,33.744,42476.7
2026-02-06 11:00:00,33.721,33.891,33.456,33.856,133847.04
2026-02-06 11:15:00,33.846,34.075,33.665,33.998,100698.78
2026-02-06 11:30:00,33.988,34.354,33.928,34.146,91529.87
2026-02-06 11:45:00,34.152,34.317,33.804,33.893,59415.06
2026-02-06 12:00:00,33.889,33.889,33.581,33.851,142692.06
2026-02-06 12:15:00,33.851,34.41,33.76,34.354,151097.85
2026-02-06 12:30:00,34.349,34.463,34.132,34.295,86111.25
2026-02-06 12:45:00,34.297,34.505,34.199,34.38,61658.77
2026-02-06 13:00:00,34.372,34.766,34.363,34.578,141603.69
2026-02-06 13:15:00,34.58,34.92,34.313,34.46,220274.76
2026-02-06 13:30:00,34.436,34.54,33.902,33.955,136664.28
2026-02-06 13:45:00,33.953,34.0,33.658,33.696,318511.84
2026-02-06 14:00:00,33.691,33.878,33.33,33.451,166456.59
2026-02-06 14:15:00,33.446,33.545,32.975,33.306,273881.59
2026-02-06 14:30:00,33.308,33.981,33.248,33.722,445546.82
2026-02-06 14:45:00,33.722,34.094,33.245,33.51,280742.14
2026-02-06 15:00:00,33.52,33.815,33.107,33.147,287233.21
2026-02-06 15:15:00,33.148,33.294,32.646,32.744,406504.09
2026-02-06 15:30:00,32.747,32.934,32.611,32.833,282881.5
2026-02-06 15:45:00,32.828,32.939,32.31,32.45,361846.43
2026-02-06 16:00:00,32.431,33.2,32.239,33.163,438263.89
2026-02-06 16:15:00,33.163,33.553,32.988,33.391,405477.57
2026-02-06 16:30:00,33.376,33.574,33.113,33.485,225800.83
2026-02-06 16:45:00,33.477,34.2,33.41,34.182,477208.56
2026-02-06 17:00:00,34.189,34.525,33.805,34.045,393758.66
2026-02-06 17:15:00,34.067,34.209,33.88,34.156,209854.41
2026-02-06 17:30:00,34.134,34.157,33.334,33.37,313304.77
2026-02-06 17:45:00,33.369,33.528,32.992,33.318,285369.21
2026-02-06 18:00:00,33.327,33.352,33.0,33.256,175956.03
2026-02-06 18:15:00,33.262,33.262,32.667,32.942,230153.53
2026-02-06 18:30:00,32.971,33.494,32.818,33.368,193886.15
2026-02-06 18:45:00,33.369,33.45,32.833,32.847,157815.28
2026-02-06 19:00:00,32.849,33.139,32.658,32.757,137533.65
2026-02-06 19:15:00,32.77,33.137,32.596,33.04,103074.53
2026-02-06 19:30:00,33.044,33.194,32.859,33.005,65167.47
2026-02-06 19:45:00,33.007,33.319,33.007,33.256,96947.62
2026-02-06 20:00:00,33.261,33.261,32.755,32.905,158691.5
2026-02-06 20:15:00,32.906,32.93,32.309,32.43,402900.6
2026-02-06 20:30:00,32.442,32.619,32.223,32.55,274642.29
2026-02-06 20:45:00,32.562,33.012,32.501,32.568,210332.21
2026-02-06 21:00:00,32.568,32.813,32.322,32.322,176061.79
2026-02-06 21:15:00,32.322,32.665,32.318,32.612,112181.03
2026-02-06 21:30:00,32.611,32.834,32.451,32.786,96373.29
2026-02-06 21:45:00,32.786,32.898,32.623,32.812,97229.16
2026-02-06 22:00:00,32.823,33.115,32.739,32.922,142897.26
2026-02-06 22:15:00,32.921,33.012,32.776,32.948,56880.23
2026-02-06 22:30:00,32.948,33.013,32.762,32.8,80700.32
2026-02-06 22:45:00,32.8,33.001,32.665,32.848,49184.17
2026-02-06 23:00:00,32.851,33.188,32.701,32.848,167479.91
2026-02-06 23:15:00,32.845,32.957,32.707,32.832,95161.99
2026-02-06 23:30:00,32.831,32.988,32.687,32.687,56225.89
2026-02-06 23:45:00,32.686,32.686,32.305,32.372,95611.28
2026-02-07 00:00:00,32.363,32.459,31.7,32.099,367807.16
2026-02-07 00:15:00,32.106,32.31,31.977,32.144,135510.85
2026-02-07 00:30:00,32.148,32.268,31.723,31.901,122922.03
2026-02-07 00:45:00,31.9,32.094,31.803,31.908,108453.05
2026-02-07 01:00:00,31.904,32.101,31.746,31.823,77188.55
2026-02-07 01:15:00,31.823,31.878,31.603,31.621,111193.36
2026-02-07 01:30:00,31.62,31.676,31.516,31.52,121922.89
2026-02-07 01:45:00,31.529,32.489,31.519,32.342,165498.98
2026-02-07 02:00:00,32.332,32.766,32.235,32.409,154641.41
2026-02-07 02:15:00,32.413,32.779,32.368,32.656,70562.01
2026-02-07 02:30:00,32.664,32.75,32.431,32.506,42641.3
2026-02-07 02:45:00,32.496,32.498,32.143,32.269,68542.5
2026-02-07 03:00:00,32.262,32.885,32.093,32.863,92488.45
2026-02-07 03:15:00,32.86,32.976,32.593,32.683,100028.19
2026-02-07 03:30:00,32.682,33.035,32.59,33.031,64416.57
2026-02-07 03:45:00,33.007,33.094,32.838,33.093,56998.89
2026-02-07 04:00:00,33.094,33.225,32.878,33.162,64320.34
2026-02-07 04:15:00,33.163,33.291,32.642,32.667,119666.18
2026-02-07 04:30:00,32.657,32.839,32.587,32.605,96760.49
2026-02-07 04:45:00,32.604,32.678,32.398,32.523,63312.73
2026-02-07 05:00:00,32.518,32.952,32.455,32.933,47431.14
2026-02-07 05:15:00,32.934,33.208,32.923,32.994,49676.18
2026-02-07 05:30:00,33.006,33.127,32.76,32.795,45398.59
2026-02-07 05:45:00,32.792,32.993,32.792,32.843,24014.04
2026-02-07 06:00:00,32.849,33.134,32.838,33.094,49682.56
2026-02-07 06:15:00,33.093,33.13,32.842,33.08,46338.07
2026-02-07 06:30:00,33.072,33.21,33.008,33.074,24460.45
2026-02-07 06:45:00,33.074,33.132,32.732,32.825,76403.22
2026-02-07 07:00:00,32.825,33.035,32.569,32.607,89734.04
2026-02-07 07:15:00,32.612,32.894,32.317,32.764,132521.02
2026-02-07 07:30:00,32.765,33.24,32.539,33.126,98700.84
2026-02-07 07:45:00,33.133,33.165,32.943,32.974,55276.2
2026-02-07 08:00:00,32.962,33.03,32.73,32.916,43127.27
2026-02-07 08:15:00,32.908,33.08,32.788,32.884,44253.0
2026-02-07 08:30:00,32.884,32.946,32.606,32.91,37764.64
2026-02-07 08:45:00,32.91,33.216,32.9,33.04,33021.99
2026-02-07 09:00:00,33.041,33.829,33.038,33.652,214226.63
2026-02-07 09:15:00,33.653,33.653,33.312,33.329,72424.91
2026-02-07 09:30:00,33.33,33.387,33.128,33.259,40436.89
2026-02-07 09:45:00,33.259,33.299,32.971,33.262,52500.45
2026-02-07 10:00:00,33.258,33.328,32.979,33.211,56406.62
2026-02-07 10:15:00,33.212,33.37,33.061,33.072,21566.69
2026-02-07 10:30:00,33.079,33.153,32.485,32.6,136546.96
2026-02-07 10:45:00,32.598,32.9,32.508,32.832,58042.06
2026-02-07 11:00:00,32.821,33.011,32.63,32.671,77821.7
2026-02-07 11:15:00,32.665,32.904,32.485,32.485,57553.51
2026-02-07 11:30:00,32.503,32.724,32.468,32.664,44527.39
2026-02-07 11:45:00,32.68,32.787,32.58,32.736,14920.08
2026-02-07 12:00:00,32.735,33.08,32.685,32.994,65507.05
2026-02-07 12:15:00,32.989,33.243,32.889,32.931,57569.76
2026-02-07 12:30:00,32.93,33.112,32.722,32.722,53925.0
2026-02-07 12:45:00,32.731,32.827,32.633,32.802,40503.52
2026-02-07 13:00:00,32.808,33.08,32.705,32.71,46362.53
2026-02-07 13:15:00,32.71,32.81,32.549,32.698,61774.27
2026-02-07 13:30:00,32.693,32.75,32.348,32.364,42695.57
2026-02-07 13:45:00,32.382,32.593,32.335,32.46,24653.53
2026-02-07 14:00:00,32.472,32.653,32.406,32.462,38376.11
2026-02-07 14:15:00,32.462,32.531,32.356,32.36,42045.53
2026-02-07 14:30:00,32.356,32.47,32.1,32.465,86511.44
2026-02-07 14:45:00,32.466,32.478,32.107,32.112,40134.69
2026-02-07 15:00:00,32.116,32.419,32.0,32.157,72639.32
2026-02-07 15:15:00,32.155,32.299,32.056,32.178,46088.65
2026-02-07 15:30:00,32.172,32.318,31.964,32.091,70571.63
2026-02-07 15:45:00,32.091,32.177,31.867,32.06,83634.49
2026-02-07 16:00:00,32.051,32.43,31.95,32.203,355629.59
2026-02-07 16:15:00,32.212,32.363,31.866,31.944,170562.12
2026-02-07 16:30:00,31.949,31.969,31.448,31.453,205762.24
2026-02-07 16:45:00,31.453,31.651,31.2,31.547,157895.84
2026-02-07 17:00:00,31.544,31.771,31.331,31.415,97230.4
2026-02-07 17:15:00,31.416,31.521,31.2,31.486,101308.23
2026-02-07 17:30:00,31.491,31.682,31.35,31.605,34770.39
2026-02-07 17:45:00,31.604,31.702,31.518,31.616,21508.05
2026-02-07 18:00:00,31.616,31.782,31.522,31.522,47068.03
2026-02-07 18:15:00,31.522,31.965,31.519,31.873,71822.13
2026-02-07 18:30:00,31.878,32.556,31.768,32.277,380062.5
2026-02-07 18:45:00,32.278,32.546,32.263,32.369,125449.57
2026-02-07 19:00:00,32.369,32.37,31.597,31.768,269947.55
2026-02-07 19:15:00,31.768,31.879,31.659,31.666,50426.55
2026-02-07 19:30:00,31.673,31.769,31.529,31.646,72334.83
2026-02-07 19:45:00,31.633,31.669,31.454,31.543,39853.66
2026-02-07 20:00:00,31.542,31.673,31.449,31.63,62378.22
2026-02-07 20:15:00,31.622,31.9,31.516,31.822,70826.72
2026-02-07 20:30:00,31.827,31.936,31.72,31.736,85495.62
2026-02-07 20:45:00,31.727,31.933,31.724,31.867,29377.89
2026-02-07 21:00:00,31.862,32.043,31.862,31.957,37739.81
2026-02-07 21:15:00,31.954,31.986,31.851,31.9,37761.85
2026-02-07 21:30:00,31.9,31.986,31.71,31.727,64546.93
2026-02-07 21:45:00,31.727,31.76,31.555,31.66,35676.01
2026-02-07 22:00:00,31.639,31.83,31.6,31.728,33409.7
2026-02-07 22:15:00,31.727,31.781,31.6,31.727,36253.53
2026-02-07 22:30:00,31.725,31.844,31.72,31.758,23895.18
2026-02-07 22:45:00,31.755,31.756,31.539,31.549,53124.55
2026-02-07 23:00:00,31.549,31.58,31.26,31.277,122665.69
2026-02-07 23:15:00,31.276,31.341,31.036,31.057,171336.68
2026-02-07 23:30:00,31.056,31.253,31.02,31.211,82784.87
2026-02-07 23:45:00,31.211,31.528,31.194,31.398,60314.44
2026-02-08 00:00:00,31.409,31.542,31.362,31.523,52472.75
2026-02-08 00:15:00,31.523,31.523,31.19,31.259,52735.81
2026-02-08 00:30:00,31.249,31.341,31.174,31.214,56518.72
2026-02-08 00:45:00,31.207,31.434,31.11,31.434,58426.57
2026-02-08 01:00:00,31.433,31.93,31.433,31.825,162708.83
2026-02-08 01:15:00,31.809,31.809,31.569,31.651,56018.17
2026-02-08 01:30:00,31.664,31.976,31.641,31.852,43379.96
2026-02-08 01:45:00,31.829,31.869,31.695,31.733,25363.04
2026-02-08 02:00:00,31.736,31.886,31.605,31.626,27959.05
2026-02-08 02:15:00,31.62,31.837,31.602,31.662,24243.38
2026-02-08 02:30:00,31.679,31.74,31.201,31.229,113733.9
2026-02-08 02:45:00,31.244,31.34,31.14,31.225,45225.75
2026-02-08 03:00:00,31.228,31.364,31.167,31.251,29818.27
2026-02-08 03:15:00,31.251,31.33,31.131,31.147,34423.2
2026-02-08 03:30:00,31.146,31.286,30.999,31.283,110958.29
2026-02-08 03:45:00,31.276,31.473,31.231,31.312,40607.27
2026-02-08 04:00:00,31.323,31.545,31.232,31.434,37715.28
2026-02-08 04:15:00,31.427,31.649,31.343,31.63,56426.58
2026-02-08 04:30:00,31.638,31.694,31.44,31.481,32579.04
2026-02-08 04:45:00,31.489,31.63,31.427,31.557,18267.55
2026-02-08 05:00:00,31.552,31.843,31.452,31.765,56021.98
2026-02-08 05:15:00,31.766,31.881,31.61,31.651,47367.42
2026-02-08 05:30:00,31.64,31.68,31.473,31.648,51495.33
2026-02-08 05:45:00,31.632,31.632,31.477,31.493,18959.45
2026-02-08 06:00:00,31.496,31.547,31.315,31.384,25333.8
2026-02-08 06:15:00,31.396,31.474,31.2,31.22,25688.95
2026-02-08 06:30:00,31.212,31.236,31.008,31.073,132039.83
2026-02-08 06:45:00,31.076,31.163,30.509,30.788,484174.62
2026-02-08 07:00:00,30.789,31.11,30.717,31.089,121783.88
2026-02-08 07:15:00,31.085,31.181,30.927,30.958,59763.58
2026-02-08 07:30:00,30.958,31.06,30.802,30.997,39747.32
2026-02-08 07:45:00,30.999,31.094,30.882,31.019,20187.16
2026-02-08 08:00:00,31.029,31.22,30.871,30.875,45826.59
2026-02-08 08:15:00,30.877,31.604,30.725,31.491,239477.75
2026-02-08 08:30:00,31.479,31.63,31.292,31.295,82281.19
2026-02-08 08:45:00,31.31,31.538,31.219,31.494,76220.09
2026-02-08 09:00:00,31.493,31.998,31.461,31.784,202197.38
2026-02-08 09:15:00,31.778,31.842,31.649,31.719,39812.68
2026-02-08 09:30:00,31.75,31.842,31.491,31.554,79409.73
2026-02-08 09:45:00,31.554,31.65,31.516,31.561,28733.16
2026-02-08 10:00:00,31.561,31.858,31.56,31.703,26220.03
2026-02-08 10:15:00,31.703,31.769,31.374,31.487,54066.04
2026-02-08 10:30:00,31.495,31.629,31.425,31.602,19340.41
2026-02-08 10:45:00,31.59,31.814,31.538,31.691,53837.34
2026-02-08 11:00:00,31.678,32.08,31.606,32.061,73999.66
2026-02-08 11:15:00,32.059,32.157,31.826,31.901,165731.63
2026-02-08 11:30:00,31.901,32.071,31.741,31.778,37474.38
2026-02-08 11:45:00,31.778,32.11,31.733,32.052,86123.72
2026-02-08 12:00:00,32.055,32.262,31.764,31.84,76593.82
2026-02-08 12:15:00,31.842,31.91,31.707,31.891,39041.83
2026-02-08 12:30:00,31.892,31.892,31.28,31.33,181218.51
2026-02-08 12:45:00,31.329,31.615,31.279,31.546,68254.72
2026-02-08 13:00:00,31.535,31.587,31.336,31.49,26072.9
2026-02-08 13:15:00,31.506,31.763,31.463,31.599,98687.78
2026-02-08 13:30:00,31.596,31.637,31.496,31.525,29720.39
2026-02-08 13:45:00,31.537,31.837,31.532,31.768,61891.23
2026-02-08 14:00:00,31.771,31.833,31.634,31.666,25732.71
2026-02-08 14:15:00,31.66,31.72,31.5,31.627,35904.02
2026-02-08 14:30:00,31.626,31.72,31.554,31.599,15089.88
2026-02-08 14:45:00,31.6,31.623,31.412,31.501,31713.61
2026-02-08 15:00:00,31.499,31.718,31.438,31.595,27166.17
2026-02-08 15:15:00,31.587,31.59,31.109,31.139,155975.42
2026-02-08 15:30:00,31.134,31.411,31.061,31.39,75954.18
2026-02-08 15:45:00,31.384,31.61,31.356,31.61,24841.66
2026-02-08 16:00:00,31.609,31.729,31.407,31.588,61242.83
2026-02-08 16:15:00,31.571,31.97,31.563,31.871,64297.07
2026-02-08 16:30:00,31.871,31.877,31.604,31.774,71626.08
2026-02-08 16:45:00,31.773,31.849,31.62,31.77,46435.77
2026-02-08 17:00:00,31.789,32.3,31.71,32.166,254041.66
2026-02-08 17:15:00,32.151,32.461,32.09,32.115,244970.9
2026-02-08 17:30:00,32.131,32.343,32.035,32.152,113809.17
2026-02-08 17:45:00,32.147,32.295,32.02,32.265,69789.24
2026-02-08 18:00:00,32.287,32.492,32.222,32.359,80601.04
2026-02-08 18:15:00,32.38,32.414,32.237,32.351,49654.28
2026-02-08 18:30:00,32.368,32.94,32.363,32.719,231955.91
2026-02-08 18:45:00,32.726,32.772,32.499,32.573,64471.38
2026-02-08 19:00:00,32.579,32.758,32.554,32.616,43687.97
2026-02-08 19:15:00,32.614,32.672,32.525,32.55,20222.85
2026-02-08 19:30:00,32.55,32.748,32.55,32.661,34500.24
2026-02-08 19:45:00,32.665,32.978,32.585,32.731,70705.17
2026-02-08 20:00:00,32.742,32.753,32.505,32.692,52901.18
2026-02-08 20:15:00,32.683,32.911,32.658,32.75,59194.89
2026-02-08 20:30:00,32.748,32.785,32.611,32.616,37723.8
2026-02-08 20:45:00,32.631,32.695,32.256,32.342,116210.5
2026-02-08 21:00:00,32.342,32.605,32.295,32.512,63006.0
2026-02-08 21:15:00,32.514,32.544,32.371,32.415,23523.69
2026-02-08 21:30:00,32.417,32.425,32.078,32.167,56841.74
2026-02-08 21:45:00,32.157,32.326,32.029,32.172,77019.45
2026-02-08 22:00:00,32.186,32.238,32.018,32.156,72072.51
2026-02-08 22:15:00,32.164,32.348,32.097,32.339,75559.1
2026-02-08 22:30:00,32.339,32.416,32.288,32.346,47447.16
2026-02-08 22:45:00,32.338,32.388,32.266,32.332,25212.47
2026-02-08 23:00:00,32.322,33.032,32.311,32.568,275525.58
2026-02-08 23:15:00,32.571,32.676,32.329,32.523,72645.02
2026-02-08 23:30:00,32.515,32.536,32.095,32.359,98201.85
2026-02-08 23:45:00,32.335,32.555,32.308,32.441,96164.84
2026-02-09 00:00:00,32.436,32.577,32.213,32.577,41804.31
2026-02-09 00:15:00,32.576,32.639,32.388,32.438,27022.93
2026-02-09 00:30:00,32.448,32.835,32.412,32.813,70708.02
2026-02-09 00:45:00,32.811,33.021,32.72,32.965,53789.0
2026-02-09 01:00:00,32.951,33.058,32.7,32.72,39812.7
2026-02-09 01:15:00,32.722,33.248,32.648,33.09,102278.95
2026-02-09 01:30:00,33.09,33.3,32.762,32.873,171746.8
2026-02-09 01:45:00,32.889,33.13,32.742,33.102,95309.22
2026-02-09 02:00:00,33.101,33.294,32.888,32.91,154065.96
2026-02-09 02:15:00,32.904,33.065,32.804,32.873,64609.49
2026-02-09 02:30:00,32.862,33.158,32.836,33.14,58923.52
2026-02-09 02:45:00,33.13,33.15,32.914,32.943,28294.55
2026-02-09 03:00:00,32.953,32.953,32.78,32.809,40094.93
2026-02-09 03:15:00,32.81,33.032,32.78,32.854,37446.76
2026-02-09 03:30:00,32.854,33.484,32.854,33.441,163139.04
2026-02-09 03:45:00,33.44,33.5,33.06,33.106,182670.79
2026-02-09 04:00:00,33.104,33.223,32.921,32.961,57483.76
2026-02-09 04:15:00,32.961,33.167,32.933,33.047,46150.05
2026-02-09 04:30:00,33.039,33.042,32.683,32.795,97283.09
2026-02-09 04:45:00,32.797,32.887,32.681,32.812,54601.87
2026-02-09 05:00:00,32.816,32.847,32.504,32.606,45737.44
2026-02-09 05:15:00,32.606,32.716,32.554,32.702,26145.0
2026-02-09 05:30:00,32.704,32.773,32.619,32.701,29100.05
2026-02-09 05:45:00,32.707,32.783,32.664,32.732,16849.42
2026-02-09 06:00:00,32.733,32.768,32.525,32.729,44669.06
2026-02-09 06:15:00,32.74,32.745,32.517,32.522,41014.76
2026-02-09 06:30:00,32.525,32.685,32.505,32.543,26456.16
2026-02-09 06:45:00,32.546,32.672,32.503,32.552,25858.74
2026-02-09 07:00:00,32.559,32.662,32.453,32.625,35607.27
2026-02-09 07:15:00,32.633,32.704,32.476,32.526,23052.84
2026-02-09 07:30:00,32.539,32.572,32.37,32.421,38233.73
2026-02-09 07:45:00,32.428,32.471,32.273,32.412,46838.91
2026-02-09 08:00:00,32.418,32.509,32.259,32.459,30465.96
2026-02-09 08:15:00,32.462,32.488,32.05,32.134,103892.49
2026-02-09 08:30:00,32.134,32.337,31.901,32.266,160981.73
2026-02-09 08:45:00,32.276,32.416,32.209,32.289,68958.64
2026-02-09 09:00:00,32.28,32.417,32.172,32.223,70288.0
2026-02-09 09:15:00,32.231,32.317,32.137,32.281,34049.92
2026-02-09 09:30:00,32.273,32.33,31.962,32.046,89992.52
2026-02-09 09:45:00,32.043,32.094,31.653,31.722,110354.29
2026-02-09 10:00:00,31.721,31.852,31.621,31.686,67574.54
2026-02-09 10:15:00,31.671,31.7,31.439,31.454,99097.25
2026-02-09 10:30:00,31.453,31.653,31.291,31.627,140592.86
2026-02-09 10:45:00,31.626,31.79,31.551,31.638,64517.72
2026-02-09 11:00:00,31.637,31.742,31.526,31.584,48015.43
2026-02-09 11:15:00,31.581,31.727,31.546,31.645,39599.96
2026-02-09 11:30:00,31.647,31.75,31.345,31.391,29572.76
2026-02-09 11:45:00,31.395,31.464,31.195,31.352,73316.49
2026-02-09 12:00:00,31.352,31.581,31.325,31.543,77376.01
2026-02-09 12:15:00,31.537,31.548,31.42,31.517,19520.83
2026-02-09 12:30:00,31.523,31.592,31.438,31.529,22538.08
2026-02-09 12:45:00,31.531,31.553,31.316,31.381,69963.9
2026-02-09 13:00:00,31.381,31.548,31.328,31.507,30351.02
2026-02-09 13:15:00,31.504,31.57,31.369,31.57,16766.46
2026-02-09 13:30:00,31.57,31.622,31.458,31.496,48092.19
2026-02-09 13:45:00,31.491,31.615,31.302,31.308,43208.13
2026-02-09 14:00:00,31.302,31.37,31.203,31.37,55203.21
2026-02-09 14:15:00,31.37,31.52,31.279,31.397,37058.75
2026-02-09 14:30:00,31.396,32.0,31.296,31.771,199126.64
2026-02-09 14:45:00,31.771,32.083,31.771,31.938,103263.12
2026-02-09 15:00:00,31.934,32.12,31.876,31.997,48841.1
2026-02-09 15:15:00,31.999,32.066,31.639,31.69,112944.31
2026-02-09 15:30:00,31.69,31.737,31.533,31.533,76868.39
2026-02-09 15:45:00,31.533,31.601,31.221,31.271,105861.45
2026-02-09 16:00:00,31.265,31.366,30.895,30.968,179061.94
2026-02-09 16:15:00,30.969,31.242,30.893,31.226,137490.43
2026-02-09 16:30:00,31.224,31.257,30.914,31.181,77627.8
2026-02-09 16:45:00,31.173,31.56,31.164,31.54,205390.55
2026-02-09 17:00:00,31.535,31.645,31.31,31.332,57336.6
2026-02-09 17:15:00,31.33,31.582,31.267,31.456,29476.62
2026-02-09 17:30:00,31.443,31.969,31.443,31.934,97091.55
2026-02-09 17:45:00,31.931,31.995,31.616,31.907,162672.5
2026-02-09 18:00:00,31.901,32.24,31.759,31.815,179100.0
2026-02-09 18:15:00,31.817,31.866,31.641,31.738,98252.07
2026-02-09 18:30:00,31.739,32.013,31.697,31.911,61316.07
2026-02-09 18:45:00,31.922,31.937,31.525,31.568,144390.07
2026-02-09 19:00:00,31.574,31.785,31.355,31.771,114769.08
2026-02-09 19:15:00,31.784,31.862,31.64,31.707,62393.8
2026-02-09 19:30:00,31.704,32.045,31.683,31.91,75547.26
2026-02-09 19:45:00,31.912,32.079,31.876,32.04,57206.88
2026-02-09 20:00:00,32.043,32.14,31.877,32.067,56653.81
2026-02-09 20:15:00,32.061,32.061,31.75,31.823,67271.27
2026-02-09 20:30:00,31.816,31.878,31.728,31.85,53358.49
2026-02-09 20:45:00,31.846,32.0,31.805,31.853,29599.07
2026-02-09 21:00:00,31.85,31.886,31.526,31.561,30574.72
2026-02-09 21:15:00,31.554,31.721,31.545,31.636,15224.71
2026-02-09 21:30:00,31.642,31.672,31.395,31.437,80630.29
2026-02-09 21:45:00,31.436,31.667,31.262,31.596,79322.66
2026-02-09 22:00:00,31.601,31.704,31.48,31.61,31366.14
2026-02-09 22:15:00,31.605,31.612,31.35,31.479,23793.42
2026-02-09 22:30:00,31.48,31.506,31.264,31.289,62833.9
2026-02-09 22:45:00,31.289,31.477,31.281,31.413,54881.28
2026-02-09 23:00:00,31.405,31.434,31.265,31.33,32667.58
2026-02-09 23:15:00,31.325,31.446,31.273,31.29,27724.84
2026-02-09 23:30:00,31.295,31.398,31.262,31.398,21879.53
2026-02-09 23:45:00,31.388,31.423,31.219,31.317,60207.73
2026-02-10 00:00:00,31.322,31.384,31.213,31.298,42313.26
2026-02-10 00:15:00,31.295,31.323,31.03,31.042,65059.95
2026-02-10 00:30:00,31.034,31.14,30.91,31.073,96248.95
2026-02-10 00:45:00,31.071,31.17,30.983,31.094,65731.57
2026-02-10 01:00:00,31.093,31.41,31.076,31.393,56536.88
2026-02-10 01:15:00,31.393,31.5,31.35,31.416,36204.92
2026-02-10 01:30:00,31.408,31.508,31.271,31.488,24876.71
2026-02-10 01:45:00,31.489,31.499,31.358,31.487,26039.15
2026-02-10 02:00:00,31.48,31.534,31.389,31.436,15239.73
2026-02-10 02:15:00,31.453,31.479,31.229,31.252,39619.12
2026-02-10 02:30:00,31.257,31.3,30.975,30.984,44005.78
2026-02-10 02:45:00,30.989,31.034,30.8,30.979,127096.97
2026-02-10 03:00:00,30.979,30.99,30.716,30.831,66879.0
2026-02-10 03:15:00,30.832,30.89,30.654,30.713,91138.65
2026-02-10 03:30:00,30.707,30.905,30.565,30.889,110203.77
2026-02-10 03:45:00,30.891,30.967,30.736,30.768,67226.14
2026-02-10 04:00:00,30.764,30.956,30.729,30.92,49242.83
2026-02-10 04:15:00,30.919,30.996,30.502,30.76,142112.05
2026-02-10 04:30:00,30.763,30.763,30.631,30.663,40109.53
2026-02-10 04:45:00,30.665,30.891,30.638,30.863,31775.36
2026-02-10 05:00:00,30.859,30.864,30.705,30.775,26637.28
2026-02-10 05:15:00,30.791,30.794,30.526,30.563,66506.58
2026-02-10 05:30:00,30.563,30.563,30.285,30.391,196661.2
2026-02-10 05:45:00,30.394,30.409,30.258,30.403,58237.15
2026-02-10 06:00:00,30.397,30.489,30.159,30.205,62108.78
2026-02-10 06:15:00,30.204,30.237,30.032,30.142,91836.2
2026-02-10 06:30:00,30.141,30.167,29.939,29.958,103897.14
2026-02-10 06:45:00,29.961,30.044,29.737,29.989,263018.35
2026-02-10 07:00:00,29.993,30.133,29.949,30.015,95627.59
2026-02-10 07:15:00,30.006,30.12,29.88,29.97,79573.06
2026-02-10 07:30:00,29.964,30.048,29.894,29.951,58767.3
2026-02-10 07:45:00,29.95,30.076,29.861,29.989,45209.46
2026-02-10 08:00:00,29.987,30.101,29.886,29.915,71932.03
2026-02-10 08:15:00,29.915,29.937,29.716,29.889,81413.33
2026-02-10 08:30:00,29.887,30.043,29.793,29.828,95005.8
2026-02-10 08:45:00,29.828,29.973,29.828,29.901,21088.66
2026-02-10 09:00:00,29.901,30.091,29.892,30.025,34298.09
2026-02-10 09:15:00,30.026,30.162,30.002,30.155,38820.43
2026-02-10 09:30:00,30.158,30.269,30.098,30.185,55146.75
2026-02-10 09:45:00,30.184,30.224,29.979,30.052,25120.88
2026-02-10 10:00:00,30.055,30.176,29.94,30.001,29682.82
2026-02-10 10:15:00,30.002,30.123,29.946,30.078,42776.14
2026-02-10 10:30:00,30.077,30.077,29.696,29.726,92598.42
2026-02-10 10:45:00,29.726,29.783,29.512,29.559,144265.89
2026-02-10 11:00:00,29.562,29.745,29.547,29.653,21660.52
2026-02-10 11:15:00,29.667,29.739,29.642,29.737,41609.8
2026-02-10 11:30:00,29.737,29.858,29.543,29.633,49044.91
2026-02-10 11:45:00,29.634,29.728,29.489,29.489,48628.99
2026-02-10 12:00:00,29.523,29.567,29.237,29.466,222032.88
2026-02-10 12:15:00,29.452,29.613,29.392,29.577,98287.05
2026-02-10 12:30:00,29.577,29.631,29.441,29.485,75050.12
2026-02-10 12:45:00,29.486,29.504,29.339,29.378,62965.74
2026-02-10 13:00:00,29.374,29.468,29.297,29.455,56715.82
2026-02-10 13:15:00,29.456,29.721,29.387,29.652,96563.16
2026-02-10 13:30:00,29.648,29.859,29.635,29.833,64853.69
2026-02-10 13:45:00,29.834,30.001,29.711,29.93,95244.35
2026-02-10 14:00:00,29.931,29.96,29.808,29.897,45091.7
2026-02-10 14:15:00,29.892,30.054,29.698,29.763,97994.38
2026-02-10 14:30:00,29.766,29.858,29.445,29.533,116132.8
2026-02-10 14:45:00,29.53,29.615,29.202,29.582,192980.84
2026-02-10 15:00:00,29.567,29.796,29.495,29.603,89433.15
2026-02-10 15:15:00,29.607,29.81,29.51,29.721,51913.55
2026-02-10 15:30:00,29.734,29.832,29.617,29.824,44121.27
2026-02-10 15:45:00,29.829,29.92,29.657,29.804,56704.22
2026-02-10 16:00:00,29.803,30.166,29.736,30.12,66451.7
2026-02-10 16:15:00,30.114,30.243,29.97,29.987,77081.8
2026-02-10 16:30:00,29.985,30.306,29.922,30.178,93134.61
2026-02-10 16:45:00,30.177,30.244,30.025,30.215,95881.96
2026-02-10 17:00:00,30.2,30.239,30.014,30.191,34795.82
2026-02-10 17:15:00,30.191,30.426,30.134,30.336,94367.98
2026-02-10 17:30:00,30.336,30.53,30.335,30.376,90878.79
2026-02-10 17:45:00,30.363,30.38,30.297,30.368,21631.31
2026-02-10 18:00:00,30.369,30.38,30.184,30.209,31313.38
2026-02-10 18:15:00,30.21,30.221,29.833,29.921,145053.44
2026-02-10 18:30:00,29.919,30.032,29.775,29.83,155409.43
2026-02-10 18:45:00,29.838,30.015,29.642,29.888,144773.48
2026-02-10 19:00:00,29.895,29.91,29.646,29.809,79206.3
2026-02-10 19:15:00,29.795,29.838,29.565,29.678,45466.31
2026-02-10 19:30:00,29.679,29.854,29.622,29.82,36358.22
2026-02-10 19:45:00,29.822,29.895,29.777,29.832,49204.98
2026-02-10 20:00:00,29.829,29.839,29.651,29.652,34859.35
2026-02-10 20:15:00,29.651,29.706,29.621,29.641,42585.35
2026-02-10 20:30:00,29.636,29.808,29.615,29.804,54114.52
2026-02-10 20:45:00,29.809,29.899,29.528,29.541,58183.39
2026-02-10 21:00:00,29.533,29.6,29.31,29.485,112128.74
2026-02-10 21:15:00,29.476,29.539,29.188,29.188,69486.8
2026-02-10 21:30:00,29.197,29.455,29.107,29.433,111650.05
2026-02-10 21:45:00,29.445,29.528,29.403,29.497,27574.24
2026-02-10 22:00:00,29.507,29.547,29.402,29.473,28046.23
2026-02-10 22:15:00,29.488,29.496,29.385,29.45,23549.78
2026-02-10 22:30:00,29.442,29.466,29.299,29.309,45519.62
2026-02-10 22:45:00,29.31,29.334,29.041,29.052,155970.8
2026-02-10 23:00:00,29.052,29.185,28.896,28.981,238774.71
2026-02-10 23:15:00,28.971,29.025,28.759,28.797,304506.61
2026-02-10 23:30:00,28.799,28.995,28.754,28.862,113472.2
2026-02-10 23:45:00,28.86,28.939,28.763,28.824,84877.53
2026-02-11 00:00:00,28.834,28.981,28.726,28.746,77332.74
2026-02-11 00:15:00,28.748,29.097,28.71,29.085,117063.9
2026-02-11 00:30:00,29.08,29.175,29.058,29.155,52301.48
2026-02-11 00:45:00,29.156,29.231,29.078,29.195,65325.51
2026-02-11 01:00:00,29.185,29.219,28.9,29.123,113941.02
2026-02-11 01:15:00,29.132,29.16,28.992,29.065,43322.01
2026-02-11 01:30:00,29.058,29.186,29.045,29.144,25402.41
2026-02-11 01:45:00,29.135,29.203,29.083,29.114,33856.16
2026-02-11 02:00:00,29.124,29.229,29.004,29.015,32555.08
2026-02-11 02:15:00,29.015,29.239,29.015,29.196,51260.24
2026-02-11 02:30:00,29.21,29.248,29.125,29.139,43113.56
2026-02-11 02:45:00,29.14,29.14,28.847,28.864,53373.03
2026-02-11 03:00:00,28.87,28.977,28.667,28.879,133646.19
2026-02-11 03:15:00,28.876,28.906,28.701,28.719,50111.38
2026-02-11 03:30:00,28.712,28.829,28.671,28.694,70784.68
2026-02-11 03:45:00,28.691,28.808,28.663,28.777,50429.49
2026-02-11 04:00:00,28.776,28.824,28.606,28.619,76928.58
2026-02-11 04:15:00,28.618,28.758,28.576,28.632,53545.64
2026-02-11 04:30:00,28.639,28.711,28.556,28.68,49156.11
2026-02-11 04:45:00,28.679,29.116,28.677,29.072,113668.71
2026-02-11 05:00:00,29.074,29.356,29.073,29.196,168283.16
2026-02-11 05:15:00,29.195,29.346,29.183,29.27,35411.45
2026-02-11 05:30:00,29.275,29.275,29.055,29.069,50066.79
2026-02-11 05:45:00,29.065,29.107,29.003,29.035,17722.18
2026-02-11 06:00:00,29.024,29.184,29.016,29.019,76005.31
2026-02-11 06:15:00,29.018,29.362,29.005,29.33,99256.55
2026-02-11 06:30:00,29.324,29.409,29.14,29.154,69790.16
2026-02-11 06:45:00,29.144,29.184,28.926,28.933,62177.16
2026-02-11 07:00:00,28.939,28.996,28.666,28.727,111215.75
2026-02-11 07:15:00,28.728,28.821,28.65,28.778,37294.53
2026-02-11 07:30:00,28.767,28.934,28.735,28.887,82486.37
2026-02-11 07:45:00,28.872,28.928,28.706,28.73,35685.73
2026-02-11 08:00:00,28.734,28.859,28.696,28.75,35778.33
2026-02-11 08:15:00,28.75,28.798,28.58,28.798,60632.2
2026-02-11 08:30:00,28.784,28.964,28.669,28.943,56491.72
2026-02-11 08:45:00,28.957,29.024,28.833,28.881,43722.95
2026-02-11 09:00:00,28.862,28.967,28.821,28.929,16833.03
2026-02-11 09:15:00,28.927,28.929,28.749,28.813,27903.36
2026-02-11 09:30:00,28.813,28.847,28.63,28.674,19965.42
2026-02-11 09:45:00,28.674,28.674,28.499,28.545,88206.53
2026-02-11 10:00:00,28.556,28.585,28.367,28.452,141286.28
2026-02-11 10:15:00,28.46,28.561,28.383,28.503,22398.54
2026-02-11 10:30:00,28.512,28.539,28.367,28.453,50028.85
2026-02-11 10:45:00,28.456,28.589,28.427,28.513,37428.62
2026-02-11 11:00:00,28.51,28.645,28.49,28.52,39934.78
2026-02-11 11:15:00,28.518,28.884,28.471,28.854,135133.16
2026-02-11 11:30:00,28.853,28.878,28.685,28.747,60431.3
2026-02-11 11:45:00,28.742,29.27,28.673,29.087,224325.72
2026-02-11 12:00:00,29.074,29.168,28.976,28.98,80328.39
2026-02-11 12:15:00,28.983,29.311,28.981,29.251,86234.36
2026-02-11 12:30:00,29.261,29.317,28.916,29.01,80281.16
2026-02-11 12:45:00,29.009,29.009,28.93,28.949,30178.97
2026-02-11 13:00:00,28.94,29.045,28.832,28.942,40302.87
2026-02-11 13:15:00,28.937,29.08,28.864,28.978,35961.47
2026-02-11 13:30:00,28.979,29.193,28.961,29.06,82864.39
2026-02-11 13:45:00,29.06,29.161,28.969,29.144,68571.0
2026-02-11 14:00:00,29.148,29.363,28.825,29.25,189207.41
2026-02-11 14:15:00,29.249,29.257,28.966,29.051,76033.44
2026-02-11 14:30:00,29.061,29.13,28.936,29.067,92003.21
2026-02-11 14:45:00,29.07,29.131,28.693,28.79,102986.49
2026-02-11 15:00:00,28.788,28.911,28.283,28.467,213447.97
2026-02-11 15:15:00,28.468,28.821,28.43,28.703,153030.0
2026-02-11 15:30:00,28.713,28.938,28.7,28.882,123568.52
2026-02-11 15:45:00,28.873,28.94,28.716,28.905,117093.24
2026-02-11 16:00:00,28.895,29.497,28.895,29.373,239018.02
2026-02-11 16:15:00,29.401,29.413,29.12,29.12,113948.72
2026-02-11 16:30:00,29.134,29.27,28.993,29.073,100555.71
2026-02-11 16:45:00,29.074,29.322,29.07,29.294,93280.69
2026-02-11 17:00:00,29.298,29.431,29.097,29.431,130261.07
2026-02-11 17:15:00,29.432,29.759,29.388,29.606,332040.14
2026-02-11 17:30:00,29.607,29.65,29.451,29.466,91611.83
2026-02-11 17:45:00,29.47,29.605,29.361,29.453,100593.39
2026-02-11 18:00:00,29.453,29.463,29.255,29.364,60968.26
2026-02-11 18:15:00,29.365,29.73,29.365,29.726,90538.34
2026-02-11 18:30:00,29.726,29.732,29.54,29.583,19346.14
2026-02-11 18:45:00,29.583,29.79,29.543,29.761,40001.51
2026-02-11 19:00:00,29.755,29.772,29.402,29.547,148066.0
2026-02-11 19:15:00,29.549,29.591,29.432,29.446,36500.64
2026-02-11 19:30:00,29.446,29.583,29.39,29.568,48600.16
2026-02-11 19:45:00,29.568,29.599,29.47,29.514,24337.67
2026-02-11 20:00:00,29.515,29.669,29.478,29.611,23165.13
2026-02-11 20:15:00,29.611,29.877,29.596,29.798,78518.51
2026-02-11 20:30:00,29.804,30.017,29.761,29.978,99376.36
2026-02-11 20:45:00,29.971,30.15,29.847,30.04,129285.78
2026-02-11 21:00:00,30.039,30.134,29.922,30.02,88037.9
2026-02-11 21:15:00,30.023,30.178,29.929,30.17,109940.3
2026-02-11 21:30:00,30.17,30.179,29.887,29.993,124043.01
2026-02-11 21:45:00,29.993,30.03,29.854,29.955,56823.17
2026-02-11 22:00:00,29.953,29.957,29.759,29.854,47211.17
2026-02-11 22:15:00,29.846,29.868,29.66,29.76,27492.45
2026-02-11 22:30:00,29.761,29.857,29.6,29.834,110381.39
2026-02-11 22:45:00,29.832,29.832,29.514,29.515,82145.89
2026-02-11 23:00:00,29.515,29.524,29.28,29.363,69302.87
2026-02-11 23:15:00,29.354,29.425,29.192,29.374,90188.3
2026-02-11 23:30:00,29.375,29.487,29.157,29.462,127080.22
2026-02-11 23:45:00,29.465,29.525,29.255,29.378,57976.21
2026-02-12 00:00:00,29.366,29.527,29.361,29.527,17924.63
2026-02-12 00:15:00,29.527,29.737,29.523,29.719,43269.93
2026-02-12 00:30:00,29.715,29.851,29.618,29.831,42132.94
2026-02-12 00:45:00,29.828,29.951,29.793,29.876,58884.81
2026-02-12 01:00:00,29.885,30.127,29.84,30.056,74384.86
2026-02-12 01:15:00,30.068,30.224,29.942,30.071,64695.5
2026-02-12 01:30:00,30.07,30.24,30.07,30.197,89458.7
2026-02-12 01:45:00,30.197,30.4,30.091,30.393,101543.57
2026-02-12 02:00:00,30.394,30.454,30.252,30.29,115094.18
2026-02-12 02:15:00,30.29,30.6,30.271,30.551,66617.47
2026-02-12 02:30:00,30.548,30.871,30.518,30.87,143338.41
2026-02-12 02:45:00,30.87,30.92,30.683,30.804,151751.95
2026-02-12 03:00:00,30.799,30.819,30.644,30.799,82111.96
2026-02-12 03:15:00,30.8,30.89,30.527,30.563,79356.87
2026-02-12 03:30:00,30.562,30.73,30.52,30.563,70726.6
2026-02-12 03:45:00,30.566,30.661,30.502,30.53,28580.61
2026-02-12 04:00:00,30.534,30.698,30.425,30.655,38033.1
2026-02-12 04:15:00,30.654,30.655,30.409,30.415,17497.19
2026-02-12 04:30:00,30.415,30.469,30.29,30.314,56227.15
2026-02-12 04:45:00,30.319,30.382,30.219,30.308,27422.78
2026-02-12 05:00:00,30.303,30.4,30.105,30.163,43562.38
2026-02-12 05:15:00,30.164,30.26,30.11,30.155,21232.29
2026-02-12 05:30:00,30.152,30.36,30.149,30.355,25417.57
2026-02-12 05:45:00,30.352,30.366,30.256,30.33,13985.03
2026-02-12 06:00:00,30.332,30.388,30.219,30.35,19237.53
2026-02-12 06:15:00,30.326,30.601,30.253,30.545,44045.11
2026-02-12 06:30:00,30.543,30.595,30.377,30.414,43060.72
2026-02-12 06:45:00,30.406,30.5,30.377,30.463,13679.67
2026-02-12 07:00:00,30.462,30.493,30.059,30.065,41006.11
2026-02-12 07:15:00,30.065,30.374,30.0,30.362,25833.82
2026-02-12 07:30:00,30.363,30.466,30.32,30.337,58071.64
2026-02-12 07:45:00,30.336,30.337,30.202,30.234,23942.78
2026-02-12 08:00:00,30.212,30.422,30.182,30.406,18466.77
2026-02-12 08:15:00,30.409,30.419,30.117,30.152,31595.35
2026-02-12 08:30:00,30.152,30.279,30.109,30.258,21992.22
2026-02-12 08:45:00,30.252,30.4,30.228,30.4,24104.22
2026-02-12 09:00:00,30.4,30.544,30.342,30.467,50576.27
2026-02-12 09:15:00,30.468,30.714,30.456,30.611,85317.37
2026-02-12 09:30:00,30.605,30.757,30.429,30.486,170384.51
2026-02-12 09:45:00,30.491,30.831,30.401,30.742,68739.13
2026-02-12 10:00:00,30.742,30.797,30.59,30.743,54605.06
2026-02-12 10:15:00,30.744,30.805,30.626,30.769,77425.19
2026-02-12 10:30:00,30.77,30.87,30.626,30.648,25336.69
2026-02-12 10:45:00,30.648,30.845,30.624,30.779,41436.67
2026-02-12 11:00:00,30.779,31.2,30.705,31.184,218856.09
2026-02-12 11:15:00,31.185,31.5,31.008,31.495,206482.84
2026-02-12 11:30:00,31.495,31.766,31.469,31.644,200393.11
2026-02-12 11:45:00,31.648,31.673,31.507,31.631,34526.32
2026-02-12 12:00:00,31.619,31.753,31.422,31.742,81089.39
2026-02-12 12:15:00,31.744,31.797,31.258,31.271,64909.69
2026-02-12 12:30:00,31.277,31.282,31.078,31.217,80592.48
2026-02-12 12:45:00,31.207,31.229,30.941,30.99,60224.26
2026-02-12 13:00:00,30.989,30.989,30.657,30.783,234064.33
2026-02-12 13:15:00,30.792,30.939,30.626,30.728,72102.39
2026-02-12 13:30:00,30.721,31.148,30.706,31.103,77173.69
2026-02-12 13:45:00,31.098,31.354,31.005,31.353,81136.49
2026-02-12 14:00:00,31.354,31.374,30.851,31.1,111428.1
2026-02-12 14:15:00,31.1,31.163,30.927,31.152,23158.36
2026-02-12 14:30:00,31.142,31.313,30.99,31.013,104569.77
2026-02-12 14:45:00,31.018,31.415,31.017,31.38,85551.09
2026-02-12 15:00:00,31.364,31.503,30.951,31.065,213227.2
2026-02-12 15:15:00,31.066,31.403,31.065,31.337,67229.22
2026-02-12 15:30:00,31.335,31.371,30.856,30.949,127887.05
2026-02-12 15:45:00,30.951,31.133,30.75,30.765,172536.21
2026-02-12 16:00:00,30.778,30.898,30.314,30.38,328541.7
2026-02-12 16:15:00,30.379,30.599,30.176,30.288,250326.96
2026-02-12 16:30:00,30.277,30.444,30.111,30.117,199384.77
2026-02-12 16:45:00,30.112,30.152,29.745,29.983,277976.84
2026-02-12 17:00:00,29.975,30.164,29.704,29.725,199110.78
2026-02-12 17:15:00,29.724,29.989,29.555,29.857,178650.34
2026-02-12 17:30:00,29.836,29.92,29.659,29.695,58059.61
2026-02-12 17:45:00,29.683,29.698,29.371,29.517,117514.2
2026-02-12 18:00:00,29.516,29.609,29.408,29.58,137287.81
2026-02-12 18:15:00,29.581,29.658,29.3,29.317,168882.36
2026-02-12 18:30:00,29.318,29.501,29.291,29.437,88384.39
2026-02-12 18:45:00,29.437,29.655,29.38,29.564,86233.1
2026-02-12 19:00:00,29.564,29.888,29.551,29.881,178578.62
2026-02-12 19:15:00,29.885,30.071,29.799,29.984,146227.12
2026-02-12 19:30:00,29.98,30.1,29.776,29.828,99044.49
2026-02-12 19:45:00,29.844,29.878,29.691,29.721,25064.15
2026-02-12 20:00:00,29.73,29.804,29.45,29.49,75005.54
2026-02-12 20:15:00,29.49,29.562,29.41,29.41,111071.98
2026-02-12 20:30:00,29.411,29.561,29.373,29.487,44230.31
2026-02-12 20:45:00,29.495,29.717,29.371,29.698,64746.67
2026-02-12 21:00:00,29.701,29.889,29.633,29.765,82409.85
2026-02-12 21:15:00,29.777,29.9,29.676,29.706,62296.27
2026-02-12 21:30:00,29.706,29.871,29.506,29.839,177368.61
2026-02-12 21:45:00,29.839,29.889,29.788,29.796,20634.28
2026-02-12 22:00:00,29.806,30.037,29.803,30.007,40596.9
2026-02-12 22:15:00,30.011,30.023,29.812,29.873,36335.62
2026-02-12 22:30:00,29.876,30.096,29.852,30.094,30265.45
2026-02-12 22:45:00,30.072,30.45,30.063,30.444,117437.93
2026-02-12 23:00:00,30.428,30.68,30.318,30.669,147164.9
2026-02-12 23:15:00,30.66,30.811,30.58,30.73,147174.53
2026-02-12 23:30:00,30.736,30.928,30.704,30.92,120193.27
2026-02-12 23:45:00,30.92,31.099,30.839,31.068,97609.4
2026-02-13 00:00:00,31.077,31.331,31.053,31.25,149065.33
2026-02-13 00:15:00,31.251,31.251,30.777,30.778,150516.21
2026-02-13 00:30:00,30.777,30.901,30.661,30.828,71467.03
2026-02-13 00:45:00,30.829,30.899,30.515,30.519,56080.87
2026-02-13 01:00:00,30.52,30.564,30.396,30.532,75478.95
2026-02-13 01:15:00,30.532,30.582,30.397,30.575,41656.32
2026-02-13 01:30:00,30.58,30.802,30.551,30.747,43529.14
2026-02-13 01:45:00,30.747,30.826,30.724,30.808,41911.19
2026-02-13 02:00:00,30.814,30.976,30.73,30.903,49324.51
2026-02-13 02:15:00,30.908,31.4,30.889,31.368,109123.12
2026-02-13 02:30:00,31.369,31.371,31.053,31.07,68506.03
2026-02-13 02:45:00,31.064,31.329,30.984,31.317,65401.34
2026-02-13 03:00:00,31.329,31.349,30.95,31.015,66561.77
2026-02-13 03:15:00,31.016,31.2,30.955,31.18,36259.08
2026-02-13 03:30:00,31.181,31.278,30.866,30.87,63298.82
2026-02-13 03:45:00,30.871,30.872,30.69,30.73,67692.0
2026-02-13 04:00:00,30.73,30.88,30.666,30.855,75782.56
2026-02-13 04:15:00,30.847,30.958,30.685,30.686,56586.41
2026-02-13 04:30:00,30.694,30.86,30.66,30.695,30276.06
2026-02-13 04:45:00,30.696,30.805,30.602,30.719,50249.09
2026-02-13 05:00:00,30.727,30.863,30.555,30.643,41770.1
2026-02-13 05:15:00,30.654,30.806,30.642,30.796,16745.35
2026-02-13 05:30:00,30.788,30.813,30.577,30.707,18267.83
2026-02-13 05:45:00,30.707,30.8,30.599,30.612,22937.32
2026-02-13 06:00:00,30.61,30.783,30.61,30.686,18861.74
2026-02-13 06:15:00,30.687,30.761,30.568,30.591,18183.99
2026-02-13 06:30:00,30.586,30.682,30.552,30.593,13618.93
2026-02-13 06:45:00,30.59,30.679,30.513,30.634,28602.94
2026-02-13 07:00:00,30.63,30.797,30.54,30.699,21885.74
2026-02-13 07:15:00,30.695,30.772,30.618,30.645,14702.13
2026-02-13 07:30:00,30.632,30.712,30.532,30.594,18608.53
2026-02-13 07:45:00,30.618,30.867,30.459,30.7,76280.23
2026-02-13 08:00:00,30.711,30.74,30.558,30.598,58645.76
2026-02-13 08:15:00,30.606,30.75,30.548,30.645,54607.9
2026-02-13 08:30:00,30.645,30.733,30.412,30.42,53468.98
2026-02-13 08:45:00,30.421,30.642,30.421,30.624,73995.54
2026-02-13 09:00:00,30.625,30.635,30.3,30.3,76968.03
2026-02-13 09:15:00,30.301,30.36,30.158,30.311,157938.85
2026-02-13 09:30:00,30.311,30.4,30.216,30.226,58973.19
2026-02-13 09:45:00,30.227,30.43,30.208,30.349,46708.54
2026-02-13 10:00:00,30.349,30.41,30.24,30.382,26065.25
2026-02-13 10:15:00,30.383,30.492,30.322,30.404,44859.52
2026-02-13 10:30:00,30.406,30.633,30.387,30.518,56358.57
2026-02-13 10:45:00,30.525,30.637,30.496,30.538,18886.64
2026-02-13 11:00:00,30.539,30.595,30.427,30.526,11683.67
2026-02-13 11:15:00,30.529,30.606,30.279,30.449,55658.15
2026-02-13 11:30:00,30.444,30.457,30.175,30.282,62868.28
2026-02-13 11:45:00,30.288,30.592,30.21,30.526,53917.76
2026-02-13 12:00:00,30.52,30.521,30.202,30.243,25448.09
2026-02-13 12:15:00,30.247,30.257,29.98,30.227,112096.62
2026-02-13 12:30:00,30.223,30.274,30.159,30.268,18784.49
2026-02-13 12:45:00,30.266,30.338,30.242,30.257,13404.91
2026-02-13 13:00:00,30.256,30.359,30.221,30.349,39639.26
2026-02-13 13:15:00,30.349,30.871,30.342,30.793,83146.81
2026-02-13 13:30:00,30.799,30.989,30.528,30.607,192536.16
2026-02-13 13:45:00,30.606,30.699,30.398,30.559,210363.28
2026-02-13 14:00:00,30.559,30.622,30.252,30.282,114183.27
2026-02-13 14:15:00,30.282,30.528,30.282,30.502,48159.52
2026-02-13 14:30:00,30.511,30.795,30.383,30.645,205093.88
2026-02-13 14:45:00,30.653,31.113,30.653,30.827,149179.77
2026-02-13 15:00:00,30.833,31.594,30.833,31.434,206726.2
2026-02-13 15:15:00,31.435,31.874,31.248,31.844,306615.94
2026-02-13 15:30:00,31.869,32.311,31.68,31.681,443421.56
2026-02-13 15:45:00,31.68,31.74,31.429,31.524,149593.34
2026-02-13 16:00:00,31.528,31.929,31.51,31.613,240314.75
2026-02-13 16:15:00,31.617,31.812,31.359,31.812,166624.79
2026-02-13 16:30:00,31.813,32.118,31.793,31.998,231871.14
2026-02-13 16:45:00,32.0,32.028,31.578,31.613,91989.85
2026-02-13 17:00:00,31.622,31.881,31.481,31.867,91298.37
2026-02-13 17:15:00,31.868,31.927,31.731,31.798,65345.58
2026-02-13 17:30:00,31.799,32.046,31.751,32.007,44111.1
2026-02-13 17:45:00,32.007,32.008,31.784,31.834,61855.44
2026-02-13 18:00:00,31.834,31.936,31.679,31.796,79693.1
2026-02-13 18:15:00,31.795,32.097,31.773,32.0,69780.75
2026-02-13 18:30:00,32.002,32.067,31.828,31.917,38620.76
2026-02-13 18:45:00,31.922,32.076,31.792,31.953,81747.68
2026-02-13 19:00:00,31.954,31.978,31.745,31.802,75182.43
2026-02-13 19:15:00,31.802,31.887,31.597,31.597,37679.67
2026-02-13 19:30:00,31.602,31.654,31.324,31.332,110358.6
2026-02-13 19:45:00,31.332,31.492,31.321,31.38,33208.75
2026-02-13 20:00:00,31.378,31.405,31.149,31.15,89025.12
2026-02-13 20:15:00,31.15,31.2,31.064,31.112,84794.12
2026-02-13 20:30:00,31.113,31.2,31.083,31.129,32845.24
2026-02-13 20:45:00,31.132,31.23,31.0,31.11,87653.76
2026-02-13 21:00:00,31.111,31.35,31.106,31.339,52975.15
2026-02-13 21:15:00,31.339,31.384,31.251,31.294,29031.87
2026-02-13 21:30:00,31.294,31.457,31.235,31.457,27150.41
2026-02-13 21:45:00,31.457,31.515,31.425,31.473,19992.01
2026-02-13 22:00:00,31.474,31.586,31.435,31.456,29617.85
2026-02-13 22:15:00,31.456,31.587,31.355,31.534,52862.33
2026-02-13 22:30:00,31.535,31.547,31.385,31.462,27613.39
2026-02-13 22:45:00,31.463,31.533,31.439,31.507,11655.1
2026-02-13 23:00:00,31.508,31.61,31.505,31.556,14861.7
2026-02-13 23:15:00,31.557,31.733,31.531,31.718,31553.82
2026-02-13 23:30:00,31.706,31.738,31.566,31.609,24525.44
2026-02-13 23:45:00,31.614,31.663,31.558,31.558,11348.24
2026-02-14 00:00:00,31.56,31.605,31.455,31.501,24635.0
2026-02-14 00:15:00,31.497,31.522,31.455,31.521,11457.32
2026-02-14 00:30:00,31.522,31.789,31.521,31.784,26546.8
2026-02-14 00:45:00,31.784,31.966,31.777,31.923,62666.68
2026-02-14 01:00:00,31.923,31.964,31.775,31.953,46855.49
2026-02-14 01:15:00,31.958,32.131,31.881,32.046,118027.46
2026-02-14 01:30:00,32.047,32.2,31.918,32.185,58908.72
2026-02-14 01:45:00,32.179,32.229,32.058,32.124,52597.55
2026-02-14 02:00:00,32.115,32.241,32.1,32.111,50208.31
2026-02-14 02:15:00,32.108,32.136,31.768,31.785,81555.68
2026-02-14 02:30:00,31.781,31.806,31.725,31.776,20008.08
2026-02-14 02:45:00,31.786,31.815,31.703,31.738,31182.77
2026-02-14 03:00:00,31.738,31.862,31.688,31.839,17896.49
2026-02-14 03:15:00,31.839,31.916,31.807,31.844,8741.02
2026-02-14 03:30:00,31.845,32.045,31.839,31.988,10351.68
2026-02-14 03:45:00,31.974,31.982,31.832,31.893,31606.3
2026-02-14 04:00:00,31.895,31.912,31.763,31.775,12159.67
2026-02-14 04:15:00,31.771,31.781,31.513,31.681,79549.0
2026-02-14 04:30:00,31.681,31.681,31.336,31.422,93966.3
2026-02-14 04:45:00,31.422,31.535,31.377,31.48,27751.09
2026-02-14 05:00:00,31.47,31.487,31.364,31.442,47563.03
2026-02-14 05:15:00,31.435,31.617,31.435,31.564,28784.88
2026-02-14 05:30:00,31.563,31.623,31.456,31.485,23091.48
2026-02-14 05:45:00,31.48,31.506,31.28,31.301,50675.77
2026-02-14 06:00:00,31.3,31.397,31.256,31.388,38977.03
2026-02-14 06:15:00,31.385,31.415,31.292,31.364,22077.68
2026-02-14 06:30:00,31.362,31.397,31.293,31.363,11440.33
2026-02-14 06:45:00,31.36,31.625,31.353,31.516,82135.05
2026-02-14 07:00:00,31.515,31.674,31.51,31.674,28345.31
2026-02-14 07:15:00,31.672,31.721,31.565,31.665,55541.01
2026-02-14 07:30:00,31.665,31.728,31.585,31.722,21809.34
2026-02-14 07:45:00,31.727,31.842,31.653,31.765,19605.96
2026-02-14 08:00:00,31.765,31.932,31.755,31.794,17243.38
2026-02-14 08:15:00,31.801,31.831,31.673,31.678,32698.2
2026-02-14 08:30:00,31.678,31.678,31.523,31.578,73049.61
2026-02-14 08:45:00,31.582,31.71,31.58,31.706,20934.58
2026-02-14 09:00:00,31.697,31.742,31.5,31.521,19534.37
2026-02-14 09:15:00,31.521,31.615,31.501,31.563,13444.9
2026-02-14 09:30:00,31.564,31.651,31.501,31.624,12981.44
2026-02-14 09:45:00,31.624,31.669,31.606,31.622,9926.88
2026-02-14 10:00:00,31.622,31.653,31.505,31.622,17899.55
2026-02-14 10:15:00,31.622,31.651,31.588,31.642,14308.54
2026-02-14 10:30:00,31.645,31.837,31.644,31.747,56467.63
2026-02-14 10:45:00,31.747,31.931,31.731,31.793,46106.65
2026-02-14 11:00:00,31.793,32.043,31.783,32.016,36056.67
2026-02-14 11:15:00,32.016,32.208,31.954,32.15,52117.96
2026-02-14 11:30:00,32.158,32.273,31.968,31.995,88792.92
2026-02-14 11:45:00,31.992,32.133,31.895,32.094,57687.35
2026-02-14 12:00:00,32.091,32.196,31.979,32.011,62577.12
2026-02-14 12:15:00,32.011,32.011,31.63,31.716,86766.46
2026-02-14 12:30:00,31.716,31.742,31.55,31.596,65470.94
2026-02-14 12:45:00,31.595,31.595,31.366,31.39,93066.98
2026-02-14 13:00:00,31.394,31.458,31.167,31.368,61658.21
2026-02-14 13:15:00,31.366,31.387,31.0,31.06,74943.15
2026-02-14 13:30:00,31.052,31.161,31.0,31.07,48221.55
2026-02-14 13:45:00,31.07,31.219,31.003,31.049,26236.54
2026-02-14 14:00:00,31.044,31.17,31.029,31.162,35075.35
2026-02-14 14:15:00,31.162,31.316,31.026,31.155,113495.78
2026-02-14 14:30:00,31.161,31.371,31.161,31.359,43288.63
2026-02-14 14:45:00,31.36,31.485,31.305,31.366,72808.39
2026-02-14 15:00:00,31.371,31.528,31.348,31.388,69168.32
2026-02-14 15:15:00,31.382,31.426,31.298,31.396,19880.45
2026-02-14 15:30:00,31.405,31.517,31.345,31.45,12139.72
2026-02-14 15:45:00,31.451,31.52,31.425,31.454,12226.71
2026-02-14 16:00:00,31.455,31.477,31.128,31.149,105472.56
2026-02-14 16:15:00,31.157,31.224,31.052,31.117,42951.85
2026-02-14 16:30:00,31.109,31.231,31.008,31.222,35884.97
2026-02-14 16:45:00,31.222,31.302,31.19,31.292,26318.51
2026-02-14 17:00:00,31.303,31.414,31.273,31.414,37847.62
2026-02-14 17:15:00,31.411,31.533,31.362,31.401,31022.71
2026-02-14 17:30:00,31.407,31.43,30.971,31.118,160327.29
2026-02-14 17:45:00,31.11,31.129,30.673,30.873,106502.93
2026-02-14 18:00:00,30.863,30.921,30.731,30.854,61229.88
2026-02-14 18:15:00,30.864,31.05,30.775,31.0,38842.04
2026-02-14 18:30:00,30.995,31.074,30.956,31.019,21439.48
2026-02-14 18:45:00,31.016,31.077,30.948,31.001,40124.71
2026-02-14 19:00:00,31.001,31.118,30.919,31.109,16249.26
2026-02-14 19:15:00,31.109,31.125,30.982,31.117,10587.48
2026-02-14 19:30:00,31.116,31.368,31.094,31.344,55764.5
2026-02-14 19:45:00,31.343,31.5,31.32,31.445,99323.94
2026-02-14 20:00:00,31.461,31.565,31.352,31.427,52351.39
2026-02-14 20:15:00,31.424,31.729,31.424,31.594,86396.5
2026-02-14 20:30:00,31.595,31.741,31.578,31.68,25363.53
2026-02-14 20:45:00,31.677,31.786,31.651,31.754,24669.31
2026-02-14 21:00:00,31.76,31.86,31.734,31.777,44667.52
2026-02-14 21:15:00,31.777,31.782,31.598,31.622,55601.18
2026-02-14 21:30:00,31.622,31.671,31.415,31.64,42534.4
2026-02-14 21:45:00,31.647,31.689,31.572,31.603,19306.4
2026-02-14 22:00:00,31.599,31.653,31.488,31.63,21410.58
2026-02-14 22:15:00,31.629,31.73,31.542,31.579,27067.44
2026-02-14 22:30:00,31.579,31.745,31.527,31.679,27834.23
2026-02-14 22:45:00,31.684,31.732,31.589,31.589,31282.24
2026-02-14 23:00:00,31.595,31.789,31.542,31.783,22316.2
2026-02-14 23:15:00,31.776,31.79,31.562,31.577,17342.32
2026-02-14 23:30:00,31.576,31.809,31.511,31.782,32086.54
2026-02-14 23:45:00,31.778,31.946,31.738,31.837,135231.52
2026-02-15 00:00:00,31.836,31.863,31.705,31.715,76519.67
2026-02-15 00:15:00,31.718,31.891,31.656,31.742,58569.03
2026-02-15 00:30:00,31.742,31.943,31.691,31.875,81098.04
2026-02-15 00:45:00,31.873,31.955,31.827,31.912,43911.86
2026-02-15 01:00:00,31.912,32.0,31.889,31.997,34979.73
2026-02-15 01:15:00,31.993,31.994,31.472,31.551,82386.16
2026-02-15 01:30:00,31.553,31.591,31.181,31.24,116926.25
2026-02-15 01:45:00,31.253,31.457,31.18,31.416,50620.56
2026-02-15 02:00:00,31.414,31.549,31.269,31.395,38742.91
2026-02-15 02:15:00,31.4,31.432,31.202,31.306,24797.85
2026-02-15 02:30:00,31.318,31.451,31.2,31.393,52958.09
2026-02-15 02:45:00,31.397,31.529,31.392,31.5,18044.93
2026-02-15 03:00:00,31.485,31.619,31.471,31.541,23714.29
2026-02-15 03:15:00,31.542,31.625,31.415,31.459,28712.34
2026-02-15 03:30:00,31.45,31.528,31.145,31.163,68553.93
2026-02-15 03:45:00,31.165,31.473,31.158,31.424,72807.47
2026-02-15 04:00:00,31.424,31.643,31.411,31.632,166266.74
2026-02-15 04:15:00,31.643,31.693,31.449,31.53,70376.79
2026-02-15 04:30:00,31.527,31.764,31.52,31.591,46024.8
2026-02-15 04:45:00,31.591,31.676,31.49,31.637,24565.08
2026-02-15 05:00:00,31.638,31.77,31.617,31.676,22576.25
2026-02-15 05:15:00,31.676,31.803,31.626,31.685,38549.67
2026-02-15 05:30:00,31.682,31.757,31.63,31.687,22632.2
2026-02-15 05:45:00,31.687,31.758,31.649,31.666,29818.87
2026-02-15 06:00:00,31.667,31.667,31.522,31.583,28519.08
2026-02-15 06:15:00,31.579,31.579,31.378,31.448,35760.25
2026-02-15 06:30:00,31.446,31.51,31.374,31.485,10020.97
2026-02-15 06:45:00,31.482,31.488,31.241,31.356,36313.08
2026-02-15 07:00:00,31.355,31.396,31.242,31.264,17698.63
2026-02-15 07:15:00,31.265,31.391,31.236,31.325,26063.12
2026-02-15 07:30:00,31.343,31.468,31.229,31.251,38553.57
2026-02-15 07:45:00,31.24,31.389,31.228,31.336,17938.16
2026-02-15 08:00:00,31.34,31.478,31.254,31.336,26040.93
2026-02-15 08:15:00,31.355,31.412,31.114,31.116,33435.25
2026-02-15 08:30:00,31.116,31.161,30.684,30.912,386659.83
2026-02-15 08:45:00,30.909,30.989,30.807,30.927,59089.06
2026-02-15 09:00:00,30.923,31.102,30.856,31.001,36344.02
2026-02-15 09:15:00,31.002,31.087,31.0,31.087,12256.94
2026-02-15 09:30:00,31.087,31.172,31.041,31.128,46662.44
2026-02-15 09:45:00,31.135,31.169,31.028,31.137,16180.43
2026-02-15 10:00:00,31.137,31.156,30.956,31.098,28634.41
2026-02-15 10:15:00,31.099,31.312,31.082,31.312,17296.43
2026-02-15 10:30:00,31.312,31.328,31.169,31.206,17038.75
2026-02-15 10:45:00,31.226,31.429,31.207,31.341,48468.5
2026-02-15 11:00:00,31.341,31.64,31.309,31.515,61875.37
2026-02-15 11:15:00,31.51,31.558,31.45,31.512,33252.04
2026-02-15 11:30:00,31.512,31.554,31.405,31.519,5014.87
2026-02-15 11:45:00,31.532,31.557,31.424,31.464,8089.4
2026-02-15 12:00:00,31.473,31.506,31.367,31.406,11909.27
2026-02-15 12:15:00,31.408,31.614,31.395,31.605,20354.37
2026-02-15 12:30:00,31.605,31.663,31.519,31.631,20829.08
2026-02-15 12:45:00,31.631,31.638,31.077,31.091,79828.01
2026-02-15 13:00:00,31.091,31.298,31.0,31.054,56221.14
2026-02-15 13:15:00,31.055,31.128,30.924,30.924,40271.19
2026-02-15 13:30:00,30.924,31.008,30.826,30.871,51524.1
2026-02-15 13:45:00,30.868,30.964,30.512,30.688,298697.3
2026-02-15 14:00:00,30.681,30.838,30.595,30.797,81327.87
2026-02-15 14:15:00,30.809,30.839,30.712,30.732,26440.75
2026-02-15 14:30:00,30.735,30.984,30.724,30.866,40367.79
2026-02-15 14:45:00,30.865,30.979,30.825,30.952,25348.45
2026-02-15 15:00:00,30.952,31.03,30.882,30.949,15335.87
2026-02-15 15:15:00,30.948,30.997,30.818,30.905,37927.66
2026-02-15 15:30:00,30.882,30.913,30.789,30.893,36596.93
2026-02-15 15:45:00,30.886,30.941,30.823,30.941,16978.56
2026-02-15 16:00:00,30.937,30.982,30.702,30.822,32863.63
2026-02-15 16:15:00,30.817,30.935,30.723,30.922,40612.41
2026-02-15 16:30:00,30.929,31.018,30.87,31.018,37843.38
2026-02-15 16:45:00,31.011,31.125,30.959,31.095,27847.19
2026-02-15 17:00:00,31.099,31.099,30.971,31.02,17380.54
2026-02-15 17:15:00,31.02,31.055,30.906,30.956,21781.12
2026-02-15 17:30:00,30.954,30.96,30.826,30.832,35788.27
2026-02-15 17:45:00,30.825,31.007,30.653,31.005,72990.03
2026-02-15 18:00:00,31.004,31.038,30.771,30.985,50290.13
2026-02-15 18:15:00,30.985,31.018,30.826,30.826,11175.65
2026-02-15 18:30:00,30.824,30.886,30.659,30.851,24151.05
2026-02-15 18:45:00,30.854,30.872,30.535,30.68,43352.17
2026-02-15 19:00:00,30.666,30.691,30.455,30.591,104199.58
2026-02-15 19:15:00,30.591,30.701,30.532,30.691,36234.93
2026-02-15 19:30:00,30.689,30.689,30.455,30.552,71040.98
2026-02-15 19:45:00,30.567,30.62,30.524,30.555,36138.38
2026-02-15 20:00:00,30.555,30.608,30.328,30.606,127905.07
2026-02-15 20:15:00,30.597,30.642,30.456,30.501,57180.63
2026-02-15 20:30:00,30.489,30.629,30.452,30.609,30785.75
2026-02-15 20:45:00,30.576,30.636,30.464,30.472,31863.49
2026-02-15 21:00:00,30.48,30.69,30.448,30.656,60202.52
2026-02-15 21:15:00,30.656,30.661,30.507,30.521,32868.79
2026-02-15 21:30:00,30.522,30.598,30.373,30.378,48841.2
2026-02-15 21:45:00,30.381,30.533,30.371,30.404,40241.5
2026-02-15 22:00:00,30.403,30.588,30.35,30.519,33766.02
2026-02-15 22:15:00,30.516,30.577,30.461,30.549,17387.39
2026-02-15 22:30:00,30.546,30.6,30.515,30.6,10813.41
2026-02-15 22:45:00,30.592,30.624,30.539,30.554,5301.21
2026-02-15 23:00:00,30.553,30.573,30.251,30.367,69503.93
2026-02-15 23:15:00,30.373,30.459,30.29,30.418,25685.71
2026-02-15 23:30:00,30.418,30.543,30.391,30.477,17648.5
2026-02-15 23:45:00,30.48,30.702,30.48,30.684,39366.56
2026-02-16 00:00:00,30.69,30.867,30.613,30.849,43171.72
2026-02-16 00:15:00,30.849,30.941,30.598,30.67,58946.06
2026-02-16 00:30:00,30.667,30.705,30.598,30.598,8228.84
2026-02-16 00:45:00,30.598,30.668,30.427,30.438,50297.73
2026-02-16 01:00:00,30.452,30.493,30.35,30.394,29119.95
2026-02-16 01:15:00,30.386,30.431,30.164,30.244,101100.12
2026-02-16 01:30:00,30.255,30.272,30.081,30.191,93775.69
2026-02-16 01:45:00,30.193,30.301,30.151,30.273,49053.28
2026-02-16 02:00:00,30.273,30.381,30.198,30.327,30601.83
2026-02-16 02:15:00,30.338,30.393,30.21,30.232,26114.86
2026-02-16 02:30:00,30.232,30.283,30.123,30.174,31614.02
2026-02-16 02:45:00,30.167,30.175,30.0,30.043,61532.88
2026-02-16 03:00:00,30.048,30.171,30.035,30.114,27554.15
2026-02-16 03:15:00,30.113,30.138,30.033,30.042,15906.02
2026-02-16 03:30:00,30.048,30.136,30.01,30.12,20332.0
2026-02-16 03:45:00,30.124,30.304,30.082,30.285,55338.97
2026-02-16 04:00:00,30.294,30.344,30.252,30.311,19045.67
2026-02-16 04:15:00,30.31,30.351,30.249,30.266,16282.96
2026-02-16 04:30:00,30.267,30.296,30.178,30.181,16776.07
2026-02-16 04:45:00,30.177,30.178,30.023,30.033,70686.58
2026-02-16 05:00:00,30.024,30.059,29.61,29.61,142313.93
2026-02-16 05:15:00,29.644,29.77,29.61,29.723,42752.71
2026-02-16 05:30:00,29.723,29.76,29.586,29.715,68849.01
2026-02-16 05:45:00,29.712,29.835,29.703,29.803,34088.94
2026-02-16 06:00:00,29.802,29.894,29.75,29.765,43164.5
2026-02-16 06:15:00,29.764,29.859,29.75,29.809,22348.89
2026-02-16 06:30:00,29.803,29.911,29.796,29.848,20116.74
2026-02-16 06:45:00,29.848,29.869,29.746,29.83,13196.53
2026-02-16 07:00:00,29.83,29.929,29.782,29.928,26014.0
2026-02-16 07:15:00,29.929,29.97,29.831,29.878,33947.5
2026-02-16 07:30:00,29.869,29.869,29.501,29.546,141911.65
2026-02-16 07:45:00,29.547,29.649,29.538,29.644,55328.65
2026-02-16 08:00:00,29.647,29.855,29.605,29.811,67263.61
2026-02-16 08:15:00,29.8,29.869,29.761,29.866,31436.61
2026-02-16 08:30:00,29.86,29.86,29.663,29.751,33938.43
2026-02-16 08:45:00,29.751,29.778,29.705,29.733,7892.14
2026-02-16 09:00:00,29.733,29.882,29.732,29.814,25207.46
2026-02-16 09:15:00,29.817,29.939,29.768,29.937,13711.6
2026-02-16 09:30:00,29.932,30.066,29.854,29.99,38808.39
2026-02-16 09:45:00,29.984,30.038,29.79,29.8,21502.2
2026-02-16 10:00:00,29.8,29.898,29.754,29.87,24372.71
2026-02-16 10:15:00,29.874,29.939,29.833,29.887,18790.14
2026-02-16 10:30:00,29.889,30.119,29.879,30.02,40659.06
2026-02-16 10:45:00,30.02,30.055,29.891,29.933,27759.63
2026-02-16 11:00:00,29.934,29.972,29.723,29.788,29656.93
2026-02-16 11:15:00,29.785,29.803,29.598,29.777,23532.73
2026-02-16 11:30:00,29.777,29.992,29.708,29.928,25995.53
2026-02-16 11:45:00,29.928,30.032,29.906,29.926,20207.71
2026-02-16 12:00:00,29.924,30.076,29.875,30.015,45308.62
2026-02-16 12:15:00,30.012,30.414,29.946,30.402,106652.62
2026-02-16 12:30:00,30.405,30.517,30.273,30.397,67793.45
2026-02-16 12:45:00,30.414,30.56,30.327,30.401,53741.95
2026-02-16 13:00:00,30.405,30.6,30.396,30.448,66731.37
2026-02-16 13:15:00,30.453,30.556,30.253,30.37,51486.71
2026-02-16 13:30:00,30.355,30.471,30.234,30.276,44495.22
2026-02-16 13:45:00,30.276,30.297,30.144,30.277,33982.59
2026-02-16 14:00:00,30.286,30.338,30.133,30.233,44279.15
2026-02-16 14:15:00,30.236,30.397,30.177,30.184,29113.9
2026-02-16 14:30:00,30.185,30.512,30.185,30.369,38522.08
2026-02-16 14:45:00,30.377,30.42,30.315,30.33,29127.36
2026-02-16 15:00:00,30.326,30.496,30.306,30.316,36072.74
2026-02-16 15:15:00,30.314,30.316,29.915,29.915,267380.8
2026-02-16 15:30:00,29.915,29.917,29.547,29.859,232991.54
2026-02-16 15:45:00,29.843,29.989,29.764,29.805,55685.83
2026-02-16 16:00:00,29.804,30.012,29.757,29.97,57000.4
2026-02-16 16:15:00,29.969,29.97,29.705,29.884,76748.2
2026-02-16 16:30:00,29.896,29.927,29.727,29.873,42751.98
2026-02-16 16:45:00,29.879,29.917,29.838,29.904,15024.05
2026-02-16 17:00:00,29.896,29.991,29.7,29.779,28817.44
2026-02-16 17:15:00,29.787,29.91,29.675,29.89,33676.92
2026-02-16 17:30:00,29.882,29.9,29.775,29.845,33961.6
2026-02-16 17:45:00,29.838,29.896,29.791,29.834,11852.31
2026-02-16 18:00:00,29.852,29.947,29.796,29.842,16755.51
2026-02-16 18:15:00,29.855,29.998,29.813,29.907,21278.72
2026-02-16 18:30:00,29.899,30.0,29.859,29.876,20956.47
2026-02-16 18:45:00,29.871,29.944,29.741,29.855,34842.01
2026-02-16 19:00:00,29.855,29.974,29.826,29.897,35356.24
2026-02-16 19:15:00,29.899,29.988,29.824,29.947,34640.07
2026-02-16 19:30:00,29.946,30.004,29.891,29.912,30185.87
2026-02-16 19:45:00,29.909,29.938,29.826,29.866,28048.31
2026-02-16 20:00:00,29.862,29.917,29.832,29.892,20081.23
2026-02-16 20:15:00,29.892,30.008,29.832,30.008,30790.68
2026-02-16 20:30:00,30.008,30.084,29.984,30.014,37658.06
2026-02-16 20:45:00,30.02,30.377,29.994,30.272,104575.08
2026-02-16 21:00:00,30.268,30.269,30.103,30.233,15021.25
2026-02-16 21:15:00,30.234,30.417,30.234,30.364,40826.66
2026-02-16 21:30:00,30.366,30.5,30.322,30.413,80169.16
2026-02-16 21:45:00,30.409,30.609,30.402,30.594,54243.4
2026-02-16 22:00:00,30.594,30.833,30.504,30.775,75227.32
2026-02-16 22:15:00,30.788,30.837,30.735,30.783,21476.4
2026-02-16 22:30:00,30.785,30.794,30.622,30.644,50942.15
2026-02-16 22:45:00,30.645,30.728,30.621,30.711,17961.34
2026-02-16 23:00:00,30.711,30.792,30.643,30.7,25587.04
2026-02-16 23:15:00,30.7,31.015,30.7,30.975,96791.0
2026-02-16 23:30:00,30.981,30.998,30.796,30.888,39432.17
2026-02-16 23:45:00,30.887,31.229,30.854,31.223,73641.37
2026-02-17 00:00:00,31.221,31.37,31.123,31.139,153066.38
2026-02-17 00:15:00,31.154,31.315,31.109,31.253,65712.68
2026-02-17 00:30:00,31.238,31.267,31.032,31.072,48766.25
2026-02-17 00:45:00,31.073,31.377,31.072,31.26,71567.56
2026-02-17 01:00:00,31.258,31.374,31.13,31.312,88574.45
2026-02-17 01:15:00,31.321,31.325,31.121,31.153,31196.56
2026-02-17 01:30:00,31.15,31.256,31.067,31.116,34090.64
2026-02-17 01:45:00,31.101,31.143,30.941,31.012,67860.39
2026-02-17 02:00:00,31.019,31.187,30.897,31.145,70736.86
2026-02-17 02:15:00,31.145,31.259,31.111,31.172,37477.38
2026-02-17 02:30:00,31.173,31.213,30.995,31.038,55357.44
2026-02-17 02:45:00,31.038,31.103,30.966,30.994,26414.66
2026-02-17 03:00:00,31.0,31.036,30.788,30.837,45129.16
2026-02-17 03:15:00,30.835,30.906,30.756,30.871,41301.51
2026-02-17 03:30:00,30.872,30.919,30.756,30.903,37061.98
2026-02-17 03:45:00,30.904,30.913,30.81,30.858,19125.9
2026-02-17 04:00:00,30.86,30.941,30.827,30.892,21759.5
2026-02-17 04:15:00,30.893,31.046,30.821,31.001,23849.1
2026-02-17 04:30:00,31.002,31.007,30.717,30.784,61885.24
2026-02-17 04:45:00,30.786,30.868,30.642,30.667,70755.77
2026-02-17 05:00:00,30.673,30.689,30.426,30.466,133612.87
2026-02-17 05:15:00,30.466,30.539,30.254,30.277,179613.01
2026-02-17 05:30:00,30.278,30.318,30.146,30.251,127187.57
2026-02-17 05:45:00,30.251,30.29,30.186,30.186,63385.91
2026-02-17 06:00:00,30.222,30.276,30.135,30.233,54544.12
2026-02-17 06:15:00,30.239,30.387,30.15,30.32,48445.73
2026-02-17 06:30:00,30.315,30.331,30.21,30.296,43744.26
2026-02-17 06:45:00,30.288,30.365,30.25,30.25,37354.58
2026-02-17 07:00:00,30.251,30.281,30.197,30.27,40723.41
2026-02-17 07:15:00,30.27,30.307,30.135,30.148,34736.74
2026-02-17 07:30:00,30.15,30.244,30.1,30.165,42722.77
2026-02-17 07:45:00,30.156,30.165,30.021,30.127,47467.6
2026-02-17 08:00:00,30.116,30.227,30.1,30.143,43617.58
2026-02-17 08:15:00,30.137,30.218,29.949,30.097,84537.48
2026-02-17 08:30:00,30.096,30.125,29.774,29.812,117533.65
2026-02-17 08:45:00,29.808,29.844,29.71,29.754,94065.8
2026-02-17 09:00:00,29.754,29.876,29.714,29.76,53823.11
2026-02-17 09:15:00,29.76,29.969,29.753,29.885,56136.28
2026-02-17 09:30:00,29.878,30.004,29.761,29.779,48929.99
2026-02-17 09:45:00,29.781,29.875,29.735,29.86,50113.52
2026-02-17 10:00:00,29.853,29.905,29.802,29.831,16350.08
2026-02-17 10:15:00,29.838,29.838,29.609,29.624,40223.14
2026-02-17 10:30:00,29.626,29.688,29.569,29.576,52532.93
2026-02-17 10:45:00,29.581,29.635,29.573,29.624,18820.74
2026-02-17 11:00:00,29.628,29.714,29.6,29.638,26192.48
2026-02-17 11:15:00,29.649,29.65,29.461,29.508,59063.64
2026-02-17 11:30:00,29.513,29.514,29.261,29.285,114203.04
2026-02-17 11:45:00,29.28,29.35,29.227,29.35,66178.03
2026-02-17 12:00:00,29.328,29.446,29.282,29.395,59403.02
2026-02-17 12:15:00,29.407,29.534,29.365,29.534,28590.47
2026-02-17 12:30:00,29.524,29.607,29.382,29.534,44477.36
2026-02-17 12:45:00,29.534,29.536,29.413,29.455,29106.97
2026-02-17 13:00:00,29.467,29.552,29.36,29.507,37928.51
2026-02-17 13:15:00,29.502,29.641,29.468,29.531,43824.84
2026-02-17 13:30:00,29.545,29.556,29.481,29.525,34923.89
2026-02-17 13:45:00,29.53,29.774,29.502,29.684,95924.01
2026-02-17 14:00:00,29.685,29.814,29.621,29.699,65261.58
2026-02-17 14:15:00,29.705,29.755,29.663,29.674,15767.07
2026-02-17 14:30:00,29.684,29.816,29.312,29.389,140628.36
2026-02-17 14:45:00,29.372,29.372,29.0,29.167,278668.34
2026-02-17 15:00:00,29.169,29.375,29.076,29.153,101245.61
2026-02-17 15:15:00,29.16,29.354,29.15,29.171,71032.11
2026-02-17 15:30:00,29.171,29.426,29.011,29.41,193444.38
2026-02-17 15:45:00,29.415,29.676,29.4,29.563,141713.75
2026-02-17 16:00:00,29.57,29.991,29.551,29.884,220876.05
2026-02-17 16:15:00,29.876,30.048,29.798,29.813,106999.77
2026-02-17 16:30:00,29.811,30.12,29.774,30.014,109059.24
2026-02-17 16:45:00,30.014,30.022,29.847,29.859,37641.45
2026-02-17 17:00:00,29.863,30.068,29.576,29.661,89691.63
2026-02-17 17:15:00,29.66,29.741,29.546,29.655,47512.17
2026-02-17 17:30:00,29.661,29.667,29.25,29.304,88205.94
2026-02-17 17:45:00,29.304,29.418,29.265,29.356,54540.56
2026-02-17 18:00:00,29.358,29.499,29.256,29.476,35803.34
2026-02-17 18:15:00,29.476,29.67,29.314,29.629,34831.4
2026-02-17 18:30:00,29.629,29.726,29.533,29.608,31890.25
2026-02-17 18:45:00,29.608,29.724,29.561,29.635,21317.68
2026-02-17 19:00:00,29.635,29.726,29.591,29.711,24651.93
2026-02-17 19:15:00,29.711,29.723,29.511,29.579,38638.9
2026-02-17 19:30:00,29.569,29.642,29.495,29.611,39595.39
2026-02-17 19:45:00,29.615,29.654,29.477,29.522,19614.92
2026-02-17 20:00:00,29.522,29.576,29.384,29.423,32285.83
2026-02-17 20:15:00,29.424,29.569,29.33,29.553,32335.68
2026-02-17 20:30:00,29.554,29.685,29.447,29.625,16691.52
2026-02-17 20:45:00,29.625,29.68,29.572,29.67,7473.42
2026-02-17 21:00:00,29.666,29.813,29.65,29.8,27230.54
2026-02-17 21:15:00,29.811,29.822,29.64,29.676,21503.15
2026-02-17 21:30:00,29.677,29.858,29.64,29.858,13031.04
2026-02-17 21:45:00,29.857,29.895,29.767,29.86,45842.94
2026-02-17 22:00:00,29.854,29.9,29.823,29.855,22933.78
2026-02-17 22:15:00,29.857,29.9,29.792,29.866,11465.14
2026-02-17 22:30:00,29.868,29.883,29.658,29.665,37723.28
2026-02-17 22:45:00,29.663,29.711,29.534,29.547,47131.13
2026-02-17 23:00:00,29.547,29.547,29.435,29.502,83468.63
2026-02-17 23:15:00,29.502,29.643,29.488,29.553,25338.36
2026-02-17 23:30:00,29.547,29.593,29.501,29.587,14403.31
2026-02-17 23:45:00,29.596,29.62,29.47,29.491,14593.66
2026-02-18 00:00:00,29.491,29.599,29.425,29.431,36973.25
2026-02-18 00:15:00,29.43,29.443,29.27,29.325,43100.96
2026-02-18 00:30:00,29.325,29.413,29.278,29.291,38095.22
2026-02-18 00:45:00,29.287,29.292,29.041,29.093,90726.93
2026-02-18 01:00:00,29.092,29.126,29.0,29.028,92270.53
2026-02-18 01:15:00,29.027,29.066,29.0,29.02,61436.63
2026-02-18 01:30:00,29.018,29.096,28.834,29.087,120780.34
2026-02-18 01:45:00,29.085,29.102,29.005,29.068,59587.02
2026-02-18 02:00:00,29.069,29.149,29.043,29.058,57103.9
2026-02-18 02:15:00,29.062,29.121,29.037,29.094,24605.86
2026-02-18 02:30:00,29.099,29.203,29.074,29.169,25830.62
2026-02-18 02:45:00,29.17,29.193,29.101,29.163,12204.82
2026-02-18 03:00:00,29.164,29.229,29.118,29.202,31381.95
2026-02-18 03:15:00,29.205,29.346,29.202,29.325,35669.28
2026-02-18 03:30:00,29.326,29.431,29.318,29.354,26050.01
2026-02-18 03:45:00,29.348,29.375,29.255,29.255,17925.27
2026-02-18 04:00:00,29.256,29.4,29.24,29.327,12370.58
2026-02-18 04:15:00,29.327,29.395,29.322,29.326,6261.54
2026-02-18 04:30:00,29.326,29.342,29.2,29.225,9513.05
2026-02-18 04:45:00,29.232,29.324,29.19,29.314,24600.4
2026-02-18 05:00:00,29.315,29.413,29.309,29.345,24408.74
2026-02-18 05:15:00,29.345,29.396,29.301,29.305,10988.41
2026-02-18 05:30:00,29.305,29.352,29.259,29.338,17799.38
2026-02-18 05:45:00,29.342,29.41,29.331,29.346,9646.95
2026-02-18 06:00:00,29.347,29.451,29.334,29.436,18263.01
2026-02-18 06:15:00,29.436,29.478,29.331,29.375,12324.82
2026-02-18 06:30:00,29.375,29.48,29.366,29.447,8969.1
2026-02-18 06:45:00,29.448,29.49,29.422,29.475,44496.74
2026-02-18 07:00:00,29.475,29.586,29.472,29.488,49163.25
2026-02-18 07:15:00,29.489,29.517,29.468,29.491,23955.78
2026-02-18 07:30:00,29.491,29.649,29.428,29.641,60360.98
2026-02-18 07:45:00,29.641,29.716,29.551,29.642,49226.86
2026-02-18 08:00:00,29.643,29.698,29.501,29.645,29620.75
2026-02-18 08:15:00,29.65,29.754,29.581,29.701,47997.62
2026-02-18 08:30:00,29.707,29.717,29.599,29.604,16908.26
2026-02-18 08:45:00,29.603,29.7,29.424,29.471,52071.81
2026-02-18 09:00:00,29.472,29.536,29.403,29.519,14353.65
2026-02-18 09:15:00,29.528,29.589,29.491,29.491,10210.88
2026-02-18 09:30:00,29.491,29.492,29.355,29.42,15772.16
2026-02-18 09:45:00,29.416,29.444,29.326,29.344,16135.52
2026-02-18 10:00:00,29.344,29.439,29.286,29.385,17673.73
2026-02-18 10:15:00,29.386,29.4,29.141,29.142,43792.67
2026-02-18 10:30:00,29.144,29.194,28.954,28.99,55553.35
2026-02-18 10:45:00,28.99,29.095,28.98,29.086,27138.93
2026-02-18 11:00:00,29.085,29.122,28.8,28.931,128119.45
2026-02-18 11:15:00,28.931,29.046,28.901,28.987,42365.58
2026-02-18 11:30:00,28.984,29.021,28.918,28.959,52798.29
2026-02-18 11:45:00,28.965,29.007,28.882,28.887,48554.39
2026-02-18 12:00:00,28.888,29.132,28.838,29.067,34324.41
2026-02-18 12:15:00,29.073,29.127,29.027,29.085,13700.34
2026-02-18 12:30:00,29.086,29.15,28.995,29.149,22592.41
2026-02-18 12:45:00,29.144,29.171,29.097,29.124,10213.34
2026-02-18 13:00:00,29.125,29.16,28.919,29.062,35673.18
2026-02-18 13:15:00,29.063,29.398,28.916,29.328,128670.12
2026-02-18 13:30:00,29.333,29.373,29.081,29.232,145380.42
2026-02-18 13:45:00,29.24,29.255,28.973,29.124,103053.0
2026-02-18 14:00:00,29.117,29.222,29.087,29.13,29579.85
2026-02-18 14:15:00,29.135,29.172,28.86,28.87,76176.11
2026-02-18 14:30:00,28.871,28.999,28.6,28.777,277537.51
2026-02-18 14:45:00,28.774,28.876,28.55,28.86,173057.94
2026-02-18 15:00:00,28.854,28.968,28.852,28.954,124533.21
2026-02-18 15:15:00,28.961,29.23,28.931,29.23,169710.68
2026-02-18 15:30:00,29.23,29.575,29.147,29.449,182289.09
2026-02-18 15:45:00,29.449,29.45,29.174,29.191,86253.8
2026-02-18 16:00:00,29.192,29.269,28.936,28.962,125893.79
2026-02-18 16:15:00,28.949,29.12,28.855,29.095,94238.35
2026-02-18 16:30:00,29.09,29.12,28.933,28.987,46197.54
2026-02-18 16:45:00,28.985,29.03,28.764,28.815,56986.75
2026-02-18 17:00:00,28.814,29.018,28.755,28.785,64275.76
2026-02-18 17:15:00,28.781,28.828,28.59,28.59,87260.8
2026-02-18 17:30:00,28.591,28.722,28.55,28.559,70802.24
2026-02-18 17:45:00,28.564,28.805,28.56,28.787,34796.6
2026-02-18 18:00:00,28.788,28.868,28.68,28.765,48841.88
2026-02-18 18:15:00,28.77,28.868,28.603,28.809,48117.6
2026-02-18 18:30:00,28.808,28.903,28.61,28.632,42892.99
2026-02-18 18:45:00,28.643,28.727,28.55,28.575,63115.93
2026-02-18 19:00:00,28.575,28.68,28.535,28.537,80674.82
2026-02-18 19:15:00,28.539,28.619,28.416,28.53,97174.15
2026-02-18 19:30:00,28.541,28.824,28.471,28.716,186272.94
2026-02-18 19:45:00,28.717,28.748,28.616,28.735,85024.84
2026-02-18 20:00:00,28.728,28.876,28.686,28.845,74131.77
2026-02-18 20:15:00,28.838,28.963,28.703,28.735,97481.97
2026-02-18 20:30:00,28.735,28.784,28.661,28.668,33491.36
2026-02-18 20:45:00,28.664,28.809,28.581,28.719,78000.73
2026-02-18 21:00:00,28.728,28.792,28.487,28.645,118365.7
2026-02-18 21:15:00,28.637,28.689,28.601,28.682,20053.85
2026-02-18 21:30:00,28.68,28.756,28.637,28.704,22638.05
2026-02-18 21:45:00,28.701,28.705,28.471,28.472,60042.62
2026-02-18 22:00:00,28.472,28.554,28.397,28.407,89623.12
2026-02-18 22:15:00,28.406,28.424,28.213,28.325,195034.56
2026-02-18 22:30:00,28.329,28.416,28.251,28.408,117844.2
2026-02-18 22:45:00,28.403,28.621,28.403,28.54,69614.52
2026-02-18 23:00:00,28.543,28.703,28.543,28.648,73347.34
2026-02-18 23:15:00,28.647,28.662,28.527,28.528,52071.79
2026-02-18 23:30:00,28.53,28.552,28.452,28.469,15359.51
2026-02-18 23:45:00,28.475,28.716,28.46,28.665,40278.08
2026-02-19 00:00:00,28.662,28.673,28.413,28.483,64275.95
2026-02-19 00:15:00,28.475,28.558,28.28,28.313,42613.72
2026-02-19 00:30:00,28.32,28.406,28.261,28.332,62057.71
2026-02-19 00:45:00,28.332,28.334,28.211,28.325,42473.49
2026-02-19 01:00:00,28.324,28.548,28.306,28.523,82534.79
2026-02-19 01:15:00,28.521,28.63,28.451,28.595,75900.71
2026-02-19 01:30:00,28.593,28.629,28.465,28.49,52081.05
2026-02-19 01:45:00,28.491,28.494,28.422,28.472,24481.6
2026-02-19 02:00:00,28.471,28.58,28.374,28.552,44868.95
2026-02-19 02:15:00,28.557,28.623,28.488,28.515,29072.39
2026-02-19 02:30:00,28.514,28.537,28.422,28.484,30310.98
2026-02-19 02:45:00,28.487,28.558,28.457,28.528,13351.23
2026-02-19 03:00:00,28.521,28.555,28.47,28.512,11141.48
2026-02-19 03:15:00,28.512,28.626,28.496,28.625,34478.73
2026-02-19 03:30:00,28.622,28.679,28.555,28.663,19209.59
2026-02-19 03:45:00,28.649,28.771,28.649,28.739,34831.89
2026-02-19 04:00:00,28.738,28.856,28.738,28.831,42177.55
2026-02-19 04:15:00,28.831,28.865,28.718,28.722,39036.01
2026-02-19 04:30:00,28.724,28.727,28.585,28.585,38209.6
2026-02-19 04:45:00,28.585,28.687,28.585,28.665,12254.58
2026-02-19 05:00:00,28.667,28.737,28.606,28.724,7045.4
2026-02-19 05:15:00,28.724,28.727,28.529,28.594,21433.84
2026-02-19 05:30:00,28.59,28.628,28.53,28.533,7725.69
2026-02-19 05:45:00,28.532,28.62,28.5,28.607,25963.46
2026-02-19 06:00:00,28.601,28.72,28.601,28.697,11898.97
2026-02-19 06:15:00,28.696,28.775,28.648,28.748,55084.2
2026-02-19 06:30:00,28.745,28.749,28.643,28.658,20761.78
2026-02-19 06:45:00,28.659,28.8,28.659,28.778,34688.96
2026-02-19 07:00:00,28.784,29.057,28.75,28.999,63031.52
2026-02-19 07:15:00,28.999,29.0,28.86,28.873,15765.5
2026-02-19 07:30:00,28.873,28.953,28.817,28.89,34095.89
2026-02-19 07:45:00,28.891,29.202,28.888,29.187,196753.63
2026-02-19 08:00:00,29.181,29.2,28.979,28.989,51649.31
2026-02-19 08:15:00,28.987,29.04,28.964,29.04,51958.75
2026-02-19 08:30:00,29.041,29.052,28.882,28.976,45477.08
2026-02-19 08:45:00,28.976,28.986,28.877,28.925,11036.07
2026-02-19 09:00:00,28.926,28.998,28.85,28.994,21109.83
2026-02-19 09:15:00,28.996,29.04,28.93,29.011,16890.32
2026-02-19 09:30:00,29.01,29.014,28.672,28.773,58470.22
2026-02-19 09:45:00,28.774,28.811,28.617,28.656,87159.84
2026-02-19 10:00:00,28.656,28.736,28.537,28.681,74043.74
2026-02-19 10:15:00,28.686,28.715,28.605,28.62,9911.94
2026-02-19 10:30:00,28.612,28.623,28.462,28.575,30043.59
2026-02-19 10:45:00,28.575,28.581,28.419,28.456,24246.79
2026-02-19 11:00:00,28.462,28.507,28.27,28.407,93120.53
2026-02-19 11:15:00,28.408,28.457,28.336,28.362,39339.62
2026-02-19 11:30:00,28.356,28.442,28.348,28.422,25113.67
2026-02-19 11:45:00,28.418,28.486,28.3,28.375,38328.43
2026-02-19 12:00:00,28.373,28.387,28.241,28.267,44467.68
2026-02-19 12:15:00,28.278,28.343,28.235,28.292,45923.69
2026-02-19 12:30:00,28.292,28.35,28.244,28.279,40614.54
2026-02-19 12:45:00,28.279,28.295,28.051,28.133,138416.69
2026-02-19 13:00:00,28.135,28.228,28.046,28.208,42036.04
2026-02-19 13:15:00,28.207,28.281,28.148,28.162,38369.34
2026-02-19 13:30:00,28.167,28.284,28.036,28.093,54404.47
2026-02-19 13:45:00,28.093,28.127,27.9,27.965,249232.21
2026-02-19 14:00:00,27.977,28.1,27.7,27.845,191159.06
2026-02-19 14:15:00,27.839,28.175,27.726,28.103,130592.8
2026-02-19 14:30:00,28.101,28.297,28.068,28.236,144103.28
2026-02-19 14:45:00,28.237,28.287,28.015,28.037,78671.11
2026-02-19 15:00:00,28.037,28.418,28.022,28.147,89864.61
2026-02-19 15:15:00,28.145,28.361,28.141,28.184,51800.94
2026-02-19 15:30:00,28.176,28.381,28.162,28.346,35256.77
2026-02-19 15:45:00,28.351,28.402,28.269,28.337,50785.36
2026-02-19 16:00:00,28.327,28.379,28.138,28.341,70258.65
2026-02-19 16:15:00,28.362,28.474,28.331,28.367,64816.63
2026-02-19 16:30:00,28.368,28.474,28.368,28.421,32308.05
2026-02-19 16:45:00,28.413,28.452,28.271,28.324,52552.03
2026-02-19 17:00:00,28.33,28.425,28.233,28.404,51817.01
2026-02-19 17:15:00,28.399,28.584,28.338,28.524,74448.68
2026-02-19 17:30:00,28.523,28.548,28.36,28.469,23887.59
2026-02-19 17:45:00,28.472,28.486,28.314,28.371,51169.64
2026-02-19 18:00:00,28.369,28.528,28.314,28.511,29492.2
2026-02-19 18:15:00,28.512,28.589,28.448,28.589,16597.66
2026-02-19 18:30:00,28.589,28.73,28.568,28.714,81240.37
2026-02-19 18:45:00,28.714,28.88,28.696,28.76,59617.12
2026-02-19 19:00:00,28.764,28.775,28.665,28.728,41193.19
2026-02-19 19:15:00,28.733,28.733,28.589,28.604,41055.9
2026-02-19 19:30:00,28.597,28.648,28.542,28.62,21961.2
2026-02-19 19:45:00,28.62,28.759,28.586,28.674,15114.62
2026-02-19 20:00:00,28.667,28.872,28.623,28.758,58999.6
2026-02-19 20:15:00,28.758,28.771,28.688,28.703,17067.85
2026-02-19 20:30:00,28.701,28.774,28.673,28.743,26955.51
2026-02-19 20:45:00,28.741,29.1,28.735,29.009,209244.21
2026-02-19 21:00:00,29.02,29.122,28.938,29.079,81544.87
2026-02-19 21:15:00,29.062,29.394,29.028,29.209,174256.97
2026-02-19 21:30:00,29.207,29.207,29.127,29.136,48440.5
2026-02-19 21:45:00,29.135,29.158,29.079,29.13,31404.59
2026-02-19 22:00:00,29.129,29.165,29.033,29.11,39423.77
2026-02-19 22:15:00,29.108,29.108,28.846,28.873,55925.05
2026-02-19 22:30:00,28.873,28.9,28.791,28.822,27520.21
2026-02-19 22:45:00,28.822,28.942,28.811,28.931,25995.35
2026-02-19 23:00:00,28.931,28.96,28.85,28.899,16766.83
2026-02-19 23:15:00,28.899,29.044,28.884,29.016,15307.96
2026-02-19 23:30:00,29.016,29.017,28.921,29.009,11956.75
2026-02-19 23:45:00,29.009,29.086,28.993,28.999,11344.9
2026-02-20 00:00:00,28.996,29.065,28.957,29.041,36430.23
2026-02-20 00:15:00,29.044,29.289,29.038,29.225,58866.26
2026-02-20 00:30:00,29.23,29.25,29.128,29.176,34231.88
2026-02-20 00:45:00,29.176,29.263,29.1,29.248,27707.77
2026-02-20 01:00:00,29.246,29.515,29.209,29.44,83994.35
2026-02-20 01:15:00,29.44,29.44,29.262,29.396,46875.26
2026-02-20 01:30:00,29.395,29.555,29.385,29.48,40754.99
2026-02-20 01:45:00,29.48,29.486,29.367,29.456,45308.04
2026-02-20 02:00:00,29.462,29.477,29.328,29.36,30892.51
2026-02-20 02:15:00,29.36,29.364,29.268,29.312,20338.85
2026-02-20 02:30:00,29.313,29.42,29.3,29.389,24310.82
2026-02-20 02:45:00,29.389,29.43,29.35,29.4,15739.83
2026-02-20 03:00:00,29.4,29.467,29.28,29.287,22032.4
2026-02-20 03:15:00,29.282,29.503,29.206,29.469,57852.65
2026-02-20 03:30:00,29.469,29.476,29.409,29.414,15835.5
2026-02-20 03:45:00,29.417,29.489,29.393,29.474,21573.25
2026-02-20 04:00:00,29.475,29.492,29.323,29.324,18273.39
2026-02-20 04:15:00,29.329,29.475,29.247,29.452,31161.96
2026-02-20 04:30:00,29.448,29.486,29.365,29.393,23099.09
2026-02-20 04:45:00,29.396,29.423,29.265,29.328,12902.16
2026-02-20 05:00:00,29.336,29.378,29.27,29.297,17859.73
2026-02-20 05:15:00,29.297,29.331,29.158,29.313,60074.96
2026-02-20 05:30:00,29.317,29.5,29.317,29.459,77942.35
2026-02-20 05:45:00,29.458,29.503,29.42,29.467,19980.27
2026-02-20 06:00:00,29.474,29.484,29.245,29.337,43823.59
2026-02-20 06:15:00,29.336,29.386,29.24,29.25,41918.36
2026-02-20 06:30:00,29.25,29.311,29.238,29.244,20442.42
2026-02-20 06:45:00,29.25,29.351,29.244,29.311,9029.56
2026-02-20 07:00:00,29.314,29.317,29.168,29.193,22334.31
2026-02-20 07:15:00,29.193,29.274,29.167,29.24,17231.28
2026-02-20 07:30:00,29.237,29.292,29.1,29.117,25720.24
2026-02-20 07:45:00,29.125,29.13,28.997,29.056,72342.83
2026-02-20 08:00:00,29.055,29.158,28.923,29.126,51289.68
2026-02-20 08:15:00,29.125,29.161,29.089,29.134,34393.87
2026-02-20 08:30:00,29.139,29.162,28.951,28.963,30836.73
2026-02-20 08:45:00,28.962,29.036,28.941,29.027,31235.83
2026-02-20 09:00:00,29.027,29.317,29.026,29.25,94440.64
2026-02-20 09:15:00,29.254,29.383,29.241,29.334,38691.08
2026-02-20 09:30:00,29.333,29.393,29.303,29.332,16189.66
2026-02-20 09:45:00,29.332,29.367,29.303,29.332,6734.19
2026-02-20 10:00:00,29.332,29.467,29.321,29.374,48245.87
2026-02-20 10:15:00,29.376,29.7,29.34,29.695,85787.24
2026-02-20 10:30:00,29.696,29.734,29.542,29.554,70830.29
2026-02-20 10:45:00,29.553,29.576,29.46,29.54,36077.74
2026-02-20 11:00:00,29.539,29.644,29.488,29.548,36271.82
2026-02-20 11:15:00,29.544,29.616,29.521,29.594,13062.38
2026-02-20 11:30:00,29.593,29.629,29.404,29.415,31296.93
2026-02-20 11:45:00,29.406,29.476,29.332,29.377,44097.01
2026-02-20 12:00:00,29.387,29.457,29.335,29.428,26594.11
2026-02-20 12:15:00,29.421,29.463,29.18,29.195,47112.99
2026-02-20 12:30:00,29.198,29.316,29.179,29.25,37763.26
2026-02-20 12:45:00,29.245,29.409,29.23,29.379,29505.09
2026-02-20 13:00:00,29.385,29.393,29.169,29.251,38733.74
2026-02-20 13:15:00,29.249,29.331,29.132,29.235,57578.67
2026-02-20 13:30:00,29.235,29.24,28.62,28.715,327452.87
2026-02-20 13:45:00,28.716,28.82,28.65,28.782,67993.03
2026-02-20 14:00:00,28.778,28.848,28.65,28.706,38848.75
2026-02-20 14:15:00,28.707,28.808,28.611,28.791,53003.19
2026-02-20 14:30:00,28.789,29.048,28.757,28.884,75999.19
2026-02-20 14:45:00,28.88,28.919,28.789,28.88,40828.97
2026-02-20 15:00:00,28.887,29.42,28.881,29.218,227260.76
2026-02-20 15:15:00,29.226,29.59,29.132,29.54,250898.25
2026-02-20 15:30:00,29.54,29.559,29.237,29.442,68242.83
2026-02-20 15:45:00,29.444,29.907,29.382,29.85,268051.53
2026-02-20 16:00:00,29.824,30.359,29.739,30.266,440129.63
2026-02-20 16:15:00,30.265,30.298,29.875,29.889,216997.48
2026-02-20 16:30:00,29.875,29.97,29.702,29.796,168293.18
2026-02-20 16:45:00,29.798,30.168,29.781,30.104,99614.9
2026-02-20 17:00:00,30.103,30.139,29.698,29.703,81714.51
2026-02-20 17:15:00,29.701,29.713,29.516,29.638,119694.43
2026-02-20 17:30:00,29.64,29.788,29.523,29.742,78881.4
2026-02-20 17:45:00,29.737,29.999,29.736,29.936,79983.49
2026-02-20 18:00:00,29.935,29.946,29.657,29.66,62425.08
2026-02-20 18:15:00,29.659,29.749,29.492,29.728,93950.08
2026-02-20 18:30:00,29.727,29.936,29.676,29.845,65414.74
2026-02-20 18:45:00,29.844,30.085,29.807,30.078,69018.89
2026-02-20 19:00:00,30.077,30.132,29.862,29.883,81036.37
2026-02-20 19:15:00,29.886,30.028,29.83,29.849,37679.14
2026-02-20 19:30:00,29.848,30.035,29.842,29.93,49539.6
2026-02-20 19:45:00,29.931,30.11,29.884,30.092,54160.66
2026-02-20 20:00:00,30.084,30.197,30.066,30.149,69588.08
2026-02-20 20:15:00,30.145,30.163,29.954,30.008,43451.61
2026-02-20 20:30:00,30.008,30.105,29.932,30.089,29822.59
2026-02-20 20:45:00,30.089,30.157,29.983,30.147,30012.42
2026-02-20 21:00:00,30.148,30.182,30.072,30.081,37474.74
2026-02-20 21:15:00,30.083,30.105,29.983,29.999,31237.22
2026-02-20 21:30:00,29.999,30.055,29.93,29.988,41261.24
2026-02-20 21:45:00,29.983,30.049,29.902,30.029,29565.18
2026-02-20 22:00:00,30.027,30.028,29.919,29.996,21580.74
2026-02-20 22:15:00,30.001,30.187,29.96,30.131,51714.26
2026-02-20 22:30:00,30.135,30.187,30.033,30.106,30984.4
2026-02-20 22:45:00,30.106,30.432,30.074,30.33,81272.75
2026-02-20 23:00:00,30.335,30.39,30.246,30.277,37965.54
2026-02-20 23:15:00,30.276,30.277,30.183,30.242,21167.07
2026-02-20 23:30:00,30.242,30.25,30.184,30.195,9963.98
2026-02-20 23:45:00,30.199,30.403,30.199,30.366,78619.32
2026-02-21 00:00:00,30.37,30.445,30.306,30.426,35849.3
2026-02-21 00:15:00,30.429,30.54,30.354,30.371,35887.11
2026-02-21 00:30:00,30.372,30.377,30.161,30.161,37844.08
2026-02-21 00:45:00,30.161,30.208,30.109,30.184,27169.68
2026-02-21 01:00:00,30.185,30.204,30.123,30.198,10783.53
2026-02-21 01:15:00,30.2,30.288,30.174,30.199,10983.02
2026-02-21 01:30:00,30.204,30.348,30.202,30.329,24652.7
2026-02-21 01:45:00,30.328,30.46,30.315,30.344,36214.57
2026-02-21 02:00:00,30.354,30.431,30.326,30.4,5834.02
2026-02-21 02:15:00,30.397,30.413,30.333,30.377,12320.14
2026-02-21 02:30:00,30.38,30.504,30.379,30.503,22615.88
2026-02-21 02:45:00,30.504,30.566,30.466,30.532,40738.7
2026-02-21 03:00:00,30.534,30.542,30.29,30.343,42541.66
2026-02-21 03:15:00,30.343,30.425,30.312,30.37,20761.86
2026-02-21 03:30:00,30.376,30.486,30.254,30.262,19215.61
2026-02-21 03:45:00,30.264,30.299,30.17,30.273,23320.64
2026-02-21 04:00:00,30.271,30.361,30.211,30.347,18433.43
2026-02-21 04:15:00,30.351,30.352,30.263,30.305,12415.33
2026-02-21 04:30:00,30.309,30.341,30.258,30.263,23028.01
2026-02-21 04:45:00,30.264,30.375,30.243,30.317,37877.02
2026-02-21 05:00:00,30.317,30.357,30.254,30.269,15993.31
2026-02-21 05:15:00,30.27,30.324,30.182,30.206,14637.17
2026-02-21 05:30:00,30.208,30.29,30.208,30.264,8442.46
2026-02-21 05:45:00,30.263,30.414,30.225,30.371,25455.19
2026-02-21 06:00:00,30.37,30.39,30.295,30.308,5595.13
2026-02-21 06:15:00,30.308,30.351,30.241,30.262,17195.81
2026-02-21 06:30:00,30.261,30.351,30.234,30.274,6713.95
2026-02-21 06:45:00,30.273,30.275,30.209,30.227,5769.21
2026-02-21 07:00:00,30.22,30.289,30.168,30.289,25010.63
2026-02-21 07:15:00,30.255,30.3,30.201,30.226,14995.59
2026-02-21 07:30:00,30.227,30.227,30.092,30.117,20558.13
2026-02-21 07:45:00,30.117,30.155,30.057,30.088,17609.98
2026-02-21 08:00:00,30.094,30.154,30.089,30.128,26396.39
2026-02-21 08:15:00,30.124,30.369,30.12,30.349,52438.94
2026-02-21 08:30:00,30.348,30.373,30.259,30.319,24384.37
2026-02-21 08:45:00,30.322,30.336,30.235,30.282,27913.97
2026-02-21 09:00:00,30.281,30.354,30.269,30.294,11457.29
2026-02-21 09:15:00,30.293,30.511,30.29,30.51,60737.93
2026-02-21 09:30:00,30.504,30.504,30.378,30.431,38216.51
2026-02-21 09:45:00,30.432,30.469,30.353,30.354,14303.53
2026-02-21 10:00:00,30.354,30.395,30.3,30.302,16378.86
2026-02-21 10:15:00,30.301,30.369,30.301,30.361,8933.18
2026-02-21 10:30:00,30.36,30.398,30.345,30.373,5699.84
2026-02-21 10:45:00,30.369,30.405,30.318,30.334,7350.16
2026-02-21 11:00:00,30.333,30.413,30.314,30.39,11634.54
2026-02-21 11:15:00,30.393,30.424,30.353,30.401,14230.58
2026-02-21 11:30:00,30.4,30.401,30.213,30.213,27343.92
2026-02-21 11:45:00,30.218,30.256,30.115,30.127,29258.37
2026-02-21 12:00:00,30.126,30.2,30.083,30.12,43033.62
2026-02-21 12:15:00,30.109,30.168,30.085,30.1,19495.89
2026-02-21 12:30:00,30.097,30.099,29.89,29.899,112292.18
2026-02-21 12:45:00,29.9,30.012,29.89,29.952,49392.38
2026-02-21 13:00:00,29.951,29.972,29.862,29.927,31950.17
2026-02-21 13:15:00,29.926,29.926,29.861,29.909,16424.11
2026-02-21 13:30:00,29.909,29.926,29.848,29.92,31680.63
2026-02-21 13:45:00,29.919,30.061,29.889,30.046,63865.55
2026-02-21 14:00:00,30.047,30.056,29.931,29.987,46835.32
2026-02-21 14:15:00,29.986,30.118,29.947,30.086,52462.14
2026-02-21 14:30:00,30.085,30.174,30.042,30.125,40226.88
2026-02-21 14:45:00,30.129,30.148,29.993,30.009,45780.08
2026-02-21 15:00:00,30.009,30.065,29.8,29.834,42886.96
2026-02-21 15:15:00,29.833,29.929,29.804,29.815,28684.59
2026-02-21 15:30:00,29.818,29.918,29.734,29.898,45320.15
2026-02-21 15:45:00,29.889,29.93,29.881,29.918,30910.59
2026-02-21 16:00:00,29.919,29.93,29.664,29.704,52949.43
2026-02-21 16:15:00,29.704,29.788,29.685,29.773,27714.95
2026-02-21 16:30:00,29.771,29.869,29.749,29.839,17085.62
2026-02-21 16:45:00,29.836,29.87,29.795,29.836,23119.32
2026-02-21 17:00:00,29.836,29.851,29.742,29.79,28266.54
2026-02-21 17:15:00,29.791,29.807,29.737,29.784,8334.05
2026-02-21 17:30:00,29.787,29.933,29.761,29.908,21853.44
2026-02-21 17:45:00,29.905,29.932,29.874,29.885,14408.72
2026-02-21 18:00:00,29.894,29.974,29.875,29.892,18220.86
2026-02-21 18:15:00,29.889,30.081,29.86,29.935,70062.45
2026-02-21 18:30:00,29.935,29.958,29.83,29.868,22829.11
2026-02-21 18:45:00,29.871,29.942,29.846,29.906,24671.57
2026-02-21 19:00:00,29.91,29.963,29.87,29.953,12032.74
2026-02-21 19:15:00,29.954,29.962,29.891,29.923,17363.49
2026-02-21 19:30:00,29.918,29.99,29.907,29.958,12384.74
2026-02-21 19:45:00,29.957,29.993,29.763,29.844,76146.17
2026-02-21 20:00:00,29.846,29.847,29.783,29.809,23317.22
2026-02-21 20:15:00,29.812,29.875,29.796,29.851,8020.55
2026-02-21 20:30:00,29.853,29.856,29.707,29.751,31692.97
2026-02-21 20:45:00,29.751,29.801,29.6,29.648,40321.06
2026-02-21 21:00:00,29.651,29.697,29.56,29.595,81380.7
2026-02-21 21:15:00,29.596,29.73,29.56,29.724,56250.34
2026-02-21 21:30:00,29.724,29.766,29.662,29.662,12926.53
2026-02-21 21:45:00,29.666,29.741,29.666,29.727,5658.9
2026-02-21 22:00:00,29.718,29.754,29.635,29.711,8654.29
2026-02-21 22:15:00,29.71,29.746,29.676,29.712,11643.14
2026-02-21 22:30:00,29.716,29.75,29.636,29.667,14091.63
2026-02-21 22:45:00,29.665,29.672,29.564,29.564,14544.54
2026-02-21 23:00:00,29.564,29.645,29.561,29.574,39469.67
2026-02-21 23:15:00,29.578,29.754,29.565,29.731,67380.29
2026-02-21 23:30:00,29.719,29.763,29.704,29.753,18846.78
2026-02-21 23:45:00,29.753,29.766,29.708,29.73,20309.77
2026-02-22 00:00:00,29.733,29.773,29.687,29.687,29432.99
2026-02-22 00:15:00,29.688,29.713,29.633,29.661,12527.01
2026-02-22 00:30:00,29.657,29.675,29.614,29.618,17024.8
2026-02-22 00:45:00,29.618,29.693,29.583,29.692,6586.28
2026-02-22 01:00:00,29.692,29.819,29.649,29.804,27626.38
2026-02-22 01:15:00,29.804,29.882,29.804,29.872,13402.93
2026-02-22 01:30:00,29.872,29.93,29.857,29.899,14252.26
2026-02-22 01:45:00,29.905,29.92,29.862,29.865,4463.48
2026-02-22 02:00:00,29.874,29.94,29.838,29.914,6816.58
2026-02-22 02:15:00,29.916,29.925,29.778,29.782,7313.69
2026-02-22 02:30:00,29.782,29.815,29.756,29.808,7537.83
2026-02-22 02:45:00,29.808,29.833,29.743,29.761,5592.57
2026-02-22 03:00:00,29.761,29.89,29.761,29.848,7560.75
2026-02-22 03:15:00,29.848,29.874,29.744,29.828,7230.13
2026-02-22 03:30:00,29.828,29.861,29.74,29.772,8501.11
2026-02-22 03:45:00,29.772,29.784,29.681,29.714,8451.49
2026-02-22 04:00:00,29.714,29.749,29.6,29.652,25122.58
2026-02-22 04:15:00,29.652,29.656,29.601,29.628,9186.08
2026-02-22 04:30:00,29.629,29.634,29.6,29.613,4815.7
2026-02-22 04:45:00,29.613,29.672,29.604,29.64,20234.02
2026-02-22 05:00:00,29.64,29.671,29.606,29.65,9569.01
2026-02-22 05:15:00,29.654,29.672,29.608,29.663,7134.0
2026-02-22 05:30:00,29.663,29.672,29.631,29.67,5669.12
2026-02-22 05:45:00,29.669,29.672,29.633,29.672,6596.67
2026-02-22 06:00:00,29.672,29.756,29.659,29.665,16000.17
2026-02-22 06:15:00,29.666,29.72,29.647,29.687,17000.52
2026-02-22 06:30:00,29.687,29.689,29.56,29.584,22508.4
2026-02-22 06:45:00,29.582,29.595,29.501,29.558,18638.43
2026-02-22 07:00:00,29.562,29.599,29.521,29.584,19063.56
2026-02-22 07:15:00,29.584,29.608,29.554,29.6,3348.19
2026-02-22 07:30:00,29.6,29.619,29.55,29.556,6863.98
2026-02-22 07:45:00,29.556,29.558,29.424,29.434,61968.21
2026-02-22 08:00:00,29.434,29.489,29.339,29.46,44685.87
2026-02-22 08:15:00,29.452,29.46,29.399,29.412,8346.75
2026-02-22 08:30:00,29.413,29.424,29.401,29.416,7208.18
2026-02-22 08:45:00,29.416,29.454,29.408,29.453,9407.06
2026-02-22 09:00:00,29.446,29.488,29.428,29.477,12347.63
2026-02-22 09:15:00,29.484,29.521,29.45,29.454,19704.32
2026-02-22 09:30:00,29.454,29.536,29.436,29.536,8661.57
2026-02-22 09:45:00,29.536,29.569,29.455,29.471,12316.84
2026-02-22 10:00:00,29.472,29.552,29.435,29.516,15749.74
2026-02-22 10:15:00,29.517,29.571,29.505,29.534,8230.73
2026-02-22 10:30:00,29.534,29.703,29.513,29.633,40180.14
2026-02-22 10:45:00,29.633,29.717,29.586,29.656,6535.04
2026-02-22 11:00:00,29.665,29.825,29.642,29.779,22524.65
2026-02-22 11:15:00,29.779,29.842,29.752,29.796,20595.6
2026-02-22 11:30:00,29.796,29.833,29.717,29.746,13448.86
2026-02-22 11:45:00,29.746,29.75,29.676,29.684,9312.89
2026-02-22 12:00:00,29.687,29.713,29.485,29.493,29774.15
2026-02-22 12:15:00,29.496,29.509,29.404,29.452,15354.45
2026-02-22 12:30:00,29.452,29.456,29.205,29.222,58660.0
2026-02-22 12:45:00,29.222,29.336,29.2,29.33,64416.88
2026-02-22 13:00:00,29.329,29.382,29.256,29.374,53776.94
2026-02-22 13:15:00,29.374,29.474,29.367,29.401,13762.28
2026-02-22 13:30:00,29.401,29.456,29.264,29.281,27393.17
2026-02-22 13:45:00,29.281,29.339,29.23,29.335,15323.77
2026-02-22 14:00:00,29.331,29.376,29.14,29.215,38406.64
2026-02-22 14:15:00,29.216,29.253,29.144,29.188,38119.71
2026-02-22 14:30:00,29.191,29.296,29.182,29.236,30629.2
2026-02-22 14:45:00,29.242,29.31,29.195,29.291,25072.28
2026-02-22 15:00:00,29.293,29.293,29.111,29.166,28372.0
2026-02-22 15:15:00,29.166,29.181,28.975,29.174,72078.49
2026-02-22 15:30:00,29.17,29.263,29.135,29.206,30239.59
2026-02-22 15:45:00,29.208,29.278,29.176,29.195,55554.04
2026-02-22 16:00:00,29.194,29.203,29.064,29.116,24397.72
2026-02-22 16:15:00,29.116,29.14,29.056,29.073,12568.28
2026-02-22 16:30:00,29.073,29.083,28.958,28.984,51209.01
2026-02-22 16:45:00,28.984,29.056,28.97,29.026,12858.65
2026-02-22 17:00:00,29.028,29.036,28.941,28.958,16386.87
2026-02-22 17:15:00,28.959,28.965,28.858,28.95,46490.88
2026-02-22 17:30:00,28.948,28.96,28.909,28.927,35060.05
2026-02-22 17:45:00,28.926,28.953,28.909,28.927,37215.74
2026-02-22 18:00:00,28.923,28.972,28.821,28.958,69516.31
2026-02-22 18:15:00,28.954,28.985,28.812,28.818,37100.49
2026-02-22 18:30:00,28.817,28.85,28.754,28.754,34671.49
2026-02-22 18:45:00,28.754,28.865,28.754,28.775,23217.83
2026-02-22 19:00:00,28.772,28.843,28.717,28.722,40863.36
2026-02-22 19:15:00,28.726,28.777,28.717,28.722,14525.76
2026-02-22 19:30:00,28.722,28.816,28.694,28.754,38687.33
2026-02-22 19:45:00,28.745,28.779,28.718,28.746,9770.39
2026-02-22 20:00:00,28.745,28.899,28.744,28.846,33896.2
2026-02-22 20:15:00,28.849,28.943,28.794,28.93,38340.45
2026-02-22 20:30:00,28.93,28.93,28.853,28.9,12244.13
2026-02-22 20:45:00,28.907,28.956,28.863,28.869,18815.83
2026-02-22 21:00:00,28.874,28.917,28.857,28.868,6734.44
2026-02-22 21:15:00,28.868,28.92,28.828,28.832,9086.09
2026-02-22 21:30:00,28.832,28.956,28.825,28.926,13315.46
2026-02-22 21:45:00,28.925,28.999,28.913,28.944,24484.17
2026-02-22 22:00:00,28.936,28.96,28.886,28.941,16917.26
2026-02-22 22:15:00,28.94,29.029,28.893,28.943,16951.35
2026-02-22 22:30:00,28.942,28.944,28.824,28.904,20494.3
2026-02-22 22:45:00,28.903,28.973,28.871,28.969,12155.0
2026-02-22 23:00:00,28.974,29.027,28.873,28.873,26125.27
2026-02-22 23:15:00,28.877,28.951,28.835,28.926,17568.79
2026-02-22 23:30:00,28.928,28.958,28.884,28.884,12564.55
2026-02-22 23:45:00,28.895,29.028,28.871,29.007,10015.9
2026-02-23 00:00:00,29.008,29.031,28.934,28.943,12128.65
2026-02-23 00:15:00,28.944,28.945,28.759,28.799,25259.32
2026-02-23 00:30:00,28.801,28.801,28.471,28.578,180738.1
2026-02-23 00:45:00,28.576,28.597,28.376,28.477,206366.65
2026-02-23 01:00:00,28.477,28.5,27.882,28.064,494832.71
2026-02-23 01:15:00,28.062,28.062,27.632,27.756,506105.8
2026-02-23 01:30:00,27.75,27.995,27.673,27.858,174147.77
2026-02-23 01:45:00,27.858,27.874,27.508,27.587,404936.08
2026-02-23 02:00:00,27.583,27.807,27.383,27.685,283563.72
2026-02-23 02:15:00,27.7,27.774,27.586,27.698,48517.4
2026-02-23 02:30:00,27.702,27.76,27.63,27.672,72150.14
2026-02-23 02:45:00,27.672,27.696,27.438,27.517,131652.79
2026-02-23 03:00:00,27.514,27.55,27.259,27.282,235587.41
2026-02-23 03:15:00,27.287,27.29,26.818,26.921,482235.42
2026-02-23 03:30:00,26.921,27.351,26.915,27.238,245314.74
2026-02-23 03:45:00,27.245,27.289,27.146,27.225,135826.49
2026-02-23 04:00:00,27.234,27.276,27.161,27.208,145646.41
2026-02-23 04:15:00,27.209,27.209,26.905,27.04,215309.81
2026-02-23 04:30:00,27.04,27.16,27.0,27.132,169810.89
2026-02-23 04:45:00,27.133,27.177,26.979,27.176,83059.27
2026-02-23 05:00:00,27.178,27.34,27.141,27.294,63711.53
2026-02-23 05:15:00,27.293,27.53,27.292,27.525,80556.02
2026-02-23 05:30:00,27.526,27.639,27.464,27.577,70490.67
2026-02-23 05:45:00,27.593,27.64,27.53,27.564,95334.11
2026-02-23 06:00:00,27.564,27.743,27.478,27.693,111707.45
2026-02-23 06:15:00,27.691,27.87,27.665,27.845,155054.11
2026-02-23 06:30:00,27.839,27.839,27.674,27.675,58914.59
2026-02-23 06:45:00,27.675,27.835,27.675,27.784,39148.83
2026-02-23 07:00:00,27.788,27.88,27.667,27.721,69780.37
2026-02-23 07:15:00,27.729,27.78,27.675,27.682,30998.09
2026-02-23 07:30:00,27.677,27.814,27.62,27.772,55319.56
2026-02-23 07:45:00,27.772,27.79,27.688,27.695,25074.53
2026-02-23 08:00:00,27.694,27.714,27.54,27.549,97441.15
2026-02-23 08:15:00,27.562,27.566,27.4,27.477,65299.45
2026-02-23 08:30:00,27.477,27.696,27.461,27.494,63730.7
2026-02-23 08:45:00,27.495,27.552,27.476,27.542,27728.22
2026-02-23 09:00:00,27.545,27.737,27.543,27.721,84662.78
2026-02-23 09:15:00,27.71,27.77,27.648,27.705,64915.94
2026-02-23 09:30:00,27.71,28.06,27.704,28.008,123834.71
2026-02-23 09:45:00,28.008,28.178,27.996,28.13,68211.61
2026-02-23 10:00:00,28.128,28.211,28.108,28.127,90855.86
2026-02-23 10:15:00,28.126,28.159,28.013,28.035,62008.41
2026-02-23 10:30:00,28.036,28.059,27.792,27.792,85960.55
2026-02-23 10:45:00,27.798,27.813,27.654,27.696,95951.69
2026-02-23 11:00:00,27.701,27.824,27.648,27.734,100098.36
2026-02-23 11:15:00,27.729,27.813,27.666,27.719,70316.76
2026-02-23 11:30:00,27.719,27.796,27.699,27.718,39617.15
2026-02-23 11:45:00,27.719,27.785,27.557,27.628,61135.03
2026-02-23 12:00:00,27.628,27.654,27.406,27.551,137390.4
2026-02-23 12:15:00,27.552,27.596,27.334,27.446,137810.72
2026-02-23 12:30:00,27.445,27.667,27.39,27.61,68961.41
2026-02-23 12:45:00,27.614,27.683,27.589,27.64,65255.11
2026-02-23 13:00:00,27.641,27.677,27.443,27.452,84627.33
2026-02-23 13:15:00,27.453,27.477,27.296,27.372,92385.65
2026-02-23 13:30:00,27.373,27.466,27.14,27.351,146173.27
2026-02-23 13:45:00,27.35,27.377,27.019,27.112,181080.76
2026-02-23 14:00:00,27.115,27.12,26.581,26.817,637419.89
2026-02-23 14:15:00,26.817,26.85,26.642,26.717,313997.8
2026-02-23 14:30:00,26.714,26.84,26.453,26.668,462633.22
2026-02-23 14:45:00,26.668,26.799,26.537,26.617,133592.6
2026-02-23 15:00:00,26.618,26.631,26.342,26.576,363248.43
2026-02-23 15:15:00,26.575,26.693,26.514,26.634,129745.84
2026-02-23 15:30:00,26.638,26.804,26.623,26.624,87581.94
2026-02-23 15:45:00,26.624,26.628,26.43,26.566,79244.86
2026-02-23 16:00:00,26.56,26.597,26.222,26.298,204795.1
2026-02-23 16:15:00,26.304,26.554,26.303,26.526,88082.21
2026-02-23 16:30:00,26.526,26.73,26.502,26.616,128986.06
2026-02-23 16:45:00,26.615,26.627,26.321,26.401,71755.52
2026-02-23 17:00:00,26.401,26.423,26.2,26.203,108590.94
2026-02-23 17:15:00,26.204,26.339,26.02,26.101,270558.3
2026-02-23 17:30:00,26.093,26.16,25.692,25.992,479503.28
2026-02-23 17:45:00,26.003,26.104,25.611,26.104,314202.63
2026-02-23 18:00:00,26.105,26.134,25.9,25.983,175200.05
2026-02-23 18:15:00,25.984,26.121,25.908,26.046,82949.6
2026-02-23 18:30:00,26.047,26.365,25.981,26.312,270945.79
2026-02-23 18:45:00,26.312,26.453,26.219,26.427,220246.76
2026-02-23 19:00:00,26.436,26.521,26.258,26.355,122908.65
2026-02-23 19:15:00,26.348,26.371,26.206,26.228,59141.75
2026-02-23 19:30:00,26.229,26.319,26.153,26.213,65453.54
2026-02-23 19:45:00,26.223,26.333,26.223,26.284,31528.65
2026-02-23 20:00:00,26.285,26.53,26.25,26.35,89615.52
2026-02-23 20:15:00,26.349,26.415,26.27,26.385,25977.0
2026-02-23 20:30:00,26.385,26.552,26.36,26.387,48321.98
2026-02-23 20:45:00,26.396,26.546,26.363,26.427,41658.91
2026-02-23 21:00:00,26.426,26.562,26.408,26.508,38163.67
2026-02-23 21:15:00,26.508,26.601,26.466,26.538,50745.83
2026-02-23 21:30:00,26.538,26.609,26.444,26.478,40871.85
2026-02-23 21:45:00,26.478,26.578,26.373,26.417,59309.73
2026-02-23 22:00:00,26.416,26.549,26.384,26.52,50346.3
2026-02-23 22:15:00,26.521,26.548,26.375,26.491,39461.58
2026-02-23 22:30:00,26.488,26.666,26.463,26.534,97622.16
2026-02-23 22:45:00,26.535,26.57,26.154,26.163,88036.81
2026-02-23 23:00:00,26.166,26.32,26.122,26.315,61968.69
2026-02-23 23:15:00,26.315,26.346,26.266,26.342,31918.27
2026-02-23 23:30:00,26.336,26.393,26.213,26.239,55932.13
2026-02-23 23:45:00,26.252,26.366,26.206,26.366,22836.95
2026-02-24 00:00:00,26.366,26.444,26.31,26.441,36931.23
2026-02-24 00:15:00,26.442,26.471,26.391,26.429,48992.72
2026-02-24 00:30:00,26.429,26.525,26.428,26.475,18461.93
2026-02-24 00:45:00,26.475,26.514,26.437,26.497,28044.25
2026-02-24 01:00:00,26.489,26.498,26.253,26.298,31615.57
2026-02-24 01:15:00,26.297,26.32,25.825,26.077,307698.8
2026-02-24 01:30:00,26.078,26.38,26.017,26.096,126234.75
2026-02-24 01:45:00,26.096,26.187,26.0,26.05,81977.22
2026-02-24 02:00:00,26.051,26.135,25.991,26.066,52686.38
2026-02-24 02:15:00,26.067,26.1,25.922,26.081,66327.09
2026-02-24 02:30:00,26.086,26.165,25.947,25.963,50052.8
2026-02-24 02:45:00,25.965,25.999,25.825,25.847,82792.96
2026-02-24 03:00:00,25.842,26.086,25.606,26.023,226672.27
2026-02-24 03:15:00,26.022,26.387,25.962,26.342,128022.38
2026-02-24 03:30:00,26.348,26.514,26.3,26.304,117121.55
2026-02-24 03:45:00,26.306,26.389,26.217,26.231,55899.35
2026-02-24 04:00:00,26.24,26.266,26.067,26.078,67050.5
2026-02-24 04:15:00,26.079,26.234,25.858,26.227,213755.52
2026-02-24 04:30:00,26.228,26.228,26.006,26.145,39287.22
2026-02-24 04:45:00,26.149,26.209,26.09,26.181,23190.92
2026-02-24 05:00:00,26.184,26.363,26.131,26.319,22633.47
2026-02-24 05:15:00,26.32,26.333,26.155,26.239,14797.42
2026-02-24 05:30:00,26.249,26.324,26.202,26.267,12290.68
2026-02-24 05:45:00,26.272,26.356,26.22,26.308,20198.24
2026-02-24 06:00:00,26.317,26.317,26.152,26.17,26972.78
2026-02-24 06:15:00,26.172,26.187,26.071,26.116,21290.12
2026-02-24 06:30:00,26.117,26.284,26.094,26.28,24506.29
2026-02-24 06:45:00,26.277,26.277,26.1,26.231,30989.75
2026-02-24 07:00:00,26.232,26.355,26.202,26.289,35460.14
2026-02-24 07:15:00,26.292,26.294,26.177,26.271,39089.48
2026-02-24 07:30:00,26.273,26.295,26.205,26.237,18327.18
2026-02-24 07:45:00,26.238,26.293,26.177,26.264,54188.63
2026-02-24 08:00:00,26.266,26.294,26.199,26.259,21691.92
2026-02-24 08:15:00,26.262,26.324,26.176,26.29,28789.11
2026-02-24 08:30:00,26.291,26.46,26.267,26.405,80067.5
2026-02-24 08:45:00,26.41,26.571,26.39,26.465,71708.6
2026-02-24 09:00:00,26.465,26.529,26.411,26.518,30309.7
2026-02-24 09:15:00,26.519,26.53,26.325,26.341,45686.81
2026-02-24 09:30:00,26.344,26.509,26.218,26.496,101931.39
2026-02-24 09:45:00,26.497,26.544,26.449,26.539,39248.62
2026-02-24 10:00:00,26.54,26.609,26.479,26.566,90233.26
2026-02-24 10:15:00,26.567,26.567,26.44,26.459,35154.54
2026-02-24 10:30:00,26.46,26.472,26.377,26.417,24614.84
2026-02-24 10:45:00,26.418,26.59,26.417,26.551,75331.36
2026-02-24 11:00:00,26.552,26.643,26.392,26.449,110320.41
2026-02-24 11:15:00,26.447,26.508,26.409,26.409,25314.0
2026-02-24 11:30:00,26.409,26.435,26.33,26.415,18714.96
2026-02-24 11:45:00,26.416,26.469,26.411,26.461,10136.12
2026-02-24 12:00:00,26.46,26.51,26.413,26.473,17520.39
2026-02-24 12:15:00,26.474,26.492,26.385,26.477,29169.99
2026-02-24 12:30:00,26.477,26.496,26.36,26.407,22494.19
2026-02-24 12:45:00,26.412,26.444,26.348,26.356,20896.06
2026-02-24 13:00:00,26.359,26.385,26.15,26.254,107293.73
2026-02-24 13:15:00,26.255,26.28,26.172,26.21,18693.95
2026-02-24 13:30:00,26.211,26.495,26.071,26.475,94986.79
2026-02-24 13:45:00,26.476,26.556,26.443,26.5,77766.62
2026-02-24 14:00:00,26.504,26.634,26.455,26.592,93392.79
2026-02-24 14:15:00,26.593,26.601,26.404,26.433,104316.69
2026-02-24 14:30:00,26.445,26.67,26.347,26.646,132404.01
2026-02-24 14:45:00,26.647,26.991,26.606,26.76,343838.96
2026-02-24 15:00:00,26.767,26.773,26.375,26.612,267091.27
2026-02-24 15:15:00,26.618,26.898,26.605,26.773,200165.96
2026-02-24 15:30:00,26.776,26.83,26.631,26.704,112808.4
2026-02-24 15:45:00,26.702,26.816,26.685,26.769,45826.99
2026-02-24 16:00:00,26.769,27.095,26.733,26.941,233501.85
2026-02-24 16:15:00,26.942,27.099,26.907,26.937,104806.13
2026-02-24 16:30:00,26.944,27.188,26.877,27.119,135100.22
2026-02-24 16:45:00,27.115,27.162,26.941,27.14,73301.11
2026-02-24 17:00:00,27.143,27.275,27.08,27.163,72678.12
2026-02-24 17:15:00,27.165,27.165,27.001,27.054,60779.79
2026-02-24 17:30:00,27.055,27.072,26.959,26.959,33066.9
2026-02-24 17:45:00,26.963,27.025,26.808,26.839,148170.21
2026-02-24 18:00:00,26.838,27.064,26.832,26.944,81293.79
2026-02-24 18:15:00,26.941,27.06,26.89,26.93,55238.36
2026-02-24 18:30:00,26.937,27.036,26.906,26.911,43242.46
2026-02-24 18:45:00,26.915,26.952,26.87,26.908,39738.7
2026-02-24 19:00:00,26.907,27.108,26.904,26.954,55850.45
2026-02-24 19:15:00,26.951,27.082,26.889,27.004,58873.95
2026-02-24 19:30:00,27.0,27.082,26.994,27.045,29306.65
2026-02-24 19:45:00,27.057,27.269,27.031,27.205,85355.05
2026-02-24 20:00:00,27.206,27.366,27.081,27.166,196708.56
2026-02-24 20:15:00,27.167,27.339,27.167,27.266,59349.17
2026-02-24 20:30:00,27.269,27.309,27.073,27.144,83085.1
2026-02-24 20:45:00,27.145,27.24,27.131,27.23,64306.47
2026-02-24 21:00:00,27.225,27.225,26.942,27.116,176800.89
2026-02-24 21:15:00,27.124,27.267,27.041,27.176,117304.84
2026-02-24 21:30:00,27.18,27.257,27.062,27.106,104622.9
2026-02-24 21:45:00,27.104,27.221,27.023,27.14,91255.89
2026-02-24 22:00:00,27.144,27.306,27.098,27.282,116309.75
2026-02-24 22:15:00,27.283,27.288,27.041,27.126,56213.41
2026-02-24 22:30:00,27.129,27.186,27.086,27.166,38313.54
2026-02-24 22:45:00,27.167,27.222,27.158,27.204,30776.62
2026-02-24 23:00:00,27.204,27.256,26.994,27.246,91403.96
2026-02-24 23:15:00,27.24,27.383,27.161,27.355,72058.8
2026-02-24 23:30:00,27.365,27.416,27.219,27.233,64599.2
2026-02-24 23:45:00,27.237,27.245,27.065,27.071,52985.87
2026-02-25 00:00:00,27.073,27.177,27.059,27.063,50310.66
2026-02-25 00:15:00,27.067,27.248,27.058,27.229,51058.27
2026-02-25 00:30:00,27.23,27.351,27.19,27.336,55583.51
2026-02-25 00:45:00,27.34,27.416,27.268,27.401,49034.81
2026-02-25 01:00:00,27.401,27.76,27.395,27.76,197994.67
2026-02-25 01:15:00,27.76,27.973,27.704,27.853,317514.87
2026-02-25 01:30:00,27.852,27.954,27.647,27.656,162636.69
2026-02-25 01:45:00,27.659,27.694,27.54,27.54,169173.22
2026-02-25 02:00:00,27.544,27.739,27.54,27.739,132188.26
2026-02-25 02:15:00,27.733,27.786,27.677,27.774,61437.56
2026-02-25 02:30:00,27.773,27.793,27.443,27.516,105458.9
2026-02-25 02:45:00,27.512,27.575,27.444,27.51,57151.3
2026-02-25 03:00:00,27.512,27.568,27.337,27.358,87539.33
2026-02-25 03:15:00,27.358,27.367,27.063,27.225,98104.85
2026-02-25 03:30:00,27.226,27.23,26.93,26.93,133162.31
2026-02-25 03:45:00,26.963,27.122,26.932,27.027,102974.32
2026-02-25 04:00:00,27.036,27.059,26.85,27.024,149535.54
2026-02-25 04:15:00,27.023,27.156,26.955,27.14,82337.02
2026-02-25 04:30:00,27.147,27.266,27.118,27.217,51401.2
2026-02-25 04:45:00,27.217,27.274,27.193,27.229,40850.3
2026-02-25 05:00:00,27.235,27.259,27.025,27.032,37204.49
2026-02-25 05:15:00,27.031,27.112,26.866,26.912,57813.75
2026-02-25 05:30:00,26.912,26.966,26.715,26.87,99505.13
2026-02-25 05:45:00,26.87,26.995,26.838,26.898,48742.11
2026-02-25 06:00:00,26.901,26.99,26.876,26.951,33690.07
2026-02-25 06:15:00,26.952,27.01,26.93,26.976,30791.88
2026-02-25 06:30:00,26.988,27.01,26.93,26.934,32951.55
2026-02-25 06:45:00,26.934,26.948,26.807,26.905,48414.14
2026-02-25 07:00:00,26.895,26.905,26.8,26.854,81292.84
2026-02-25 07:15:00,26.854,26.978,26.854,26.898,57964.46
2026-02-25 07:30:00,26.896,26.963,26.851,26.854,37359.38
2026-02-25 07:45:00,26.856,26.936,26.851,26.897,24595.04
2026-02-25 08:00:00,26.898,26.95,26.822,26.87,38141.36
2026-02-25 08:15:00,26.87,27.002,26.83,26.949,49179.92
2026-02-25 08:30:00,26.95,27.046,26.893,26.958,46466.85
2026-02-25 08:45:00,26.955,27.06,26.911,26.999,69226.84
2026-02-25 09:00:00,26.997,26.997,26.827,26.847,115453.03
2026-02-25 09:15:00,26.85,26.94,26.732,26.892,87730.82
2026-02-25 09:30:00,26.893,26.893,26.765,26.806,53781.11
2026-02-25 09:45:00,26.807,26.873,26.767,26.779,58857.79
2026-02-25 10:00:00,26.78,26.88,26.755,26.868,36606.08
2026-02-25 10:15:00,26.869,26.905,26.8,26.84,19001.6
2026-02-25 10:30:00,26.841,26.888,26.777,26.885,21087.87
2026-02-25 10:45:00,26.885,26.975,26.858,26.886,26776.77
2026-02-25 11:00:00,26.885,26.926,26.828,26.845,25040.32
2026-02-25 11:15:00,26.845,27.133,26.824,27.063,66827.95
2026-02-25 11:30:00,27.057,27.177,26.992,27.115,42332.56
2026-02-25 11:45:00,27.11,27.178,27.074,27.174,34443.65
2026-02-25 12:00:00,27.171,27.197,27.012,27.063,54078.63
2026-02-25 12:15:00,27.064,27.4,27.054,27.249,107860.9
2026-02-25 12:30:00,27.249,27.4,27.163,27.359,34975.06
2026-02-25 12:45:00,27.36,27.638,27.346,27.587,163652.7
2026-02-25 13:00:00,27.591,27.676,27.432,27.617,150558.67
2026-02-25 13:15:00,27.616,27.616,27.341,27.468,47860.72
2026-02-25 13:30:00,27.477,27.613,27.459,27.578,45518.96
2026-02-25 13:45:00,27.578,27.72,27.545,27.651,72832.36
2026-02-25 14:00:00,27.652,27.893,27.636,27.823,119935.78
2026-02-25 14:15:00,27.812,27.998,27.779,27.988,151144.22
2026-02-25 14:30:00,27.981,28.22,27.931,28.08,284819.12
2026-02-25 14:45:00,28.079,28.486,28.061,28.267,251288.29
2026-02-25 15:00:00,28.272,28.292,28.009,28.047,164257.93
2026-02-25 15:15:00,28.059,28.19,27.856,28.108,124846.15
2026-02-25 15:30:00,28.11,28.117,27.826,28.039,125953.28
2026-02-25 15:45:00,28.033,28.157,27.861,27.971,131315.91
2026-02-25 16:00:00,27.972,28.121,27.955,27.992,127451.19
2026-02-25 16:15:00,27.992,28.256,27.903,28.164,136143.02
2026-02-25 16:30:00,28.157,28.42,28.157,28.38,104985.52
2026-02-25 16:45:00,28.379,28.689,28.284,28.538,269714.54
2026-02-25 17:00:00,28.539,28.622,28.267,28.524,246192.44
2026-02-25 17:15:00,28.521,28.757,28.45,28.567,153650.9
2026-02-25 17:30:00,28.569,28.619,28.434,28.538,60623.72
2026-02-25 17:45:00,28.541,28.769,28.489,28.665,57587.28
2026-02-25 18:00:00,28.666,28.829,28.609,28.823,79267.67
2026-02-25 18:15:00,28.823,28.928,28.683,28.829,68367.52
2026-02-25 18:30:00,28.824,29.056,28.695,28.958,152475.89
2026-02-25 18:45:00,28.95,28.95,28.746,28.784,51649.23
2026-02-25 19:00:00,28.785,28.864,28.627,28.707,120629.95
2026-02-25 19:15:00,28.711,28.765,28.626,28.658,48517.55
2026-02-25 19:30:00,28.659,28.75,28.625,28.699,27579.31
2026-02-25 19:45:00,28.699,28.815,28.681,28.772,32443.9
2026-02-25 20:00:00,28.772,28.789,28.497,28.55,124552.58
2026-02-25 20:15:00,28.55,28.687,28.516,28.52,35337.61
2026-02-25 20:30:00,28.521,28.741,28.517,28.604,49189.57
2026-02-25 20:45:00,28.605,28.841,28.567,28.782,63176.77
2026-02-25 21:00:00,28.789,28.811,28.49,28.526,163433.32
2026-02-25 21:15:00,28.526,28.527,28.318,28.34,164631.83
2026-02-25 21:30:00,28.33,28.968,28.324,28.803,221543.51
2026-02-25 21:45:00,28.803,28.902,28.668,28.686,113869.24
2026-02-25 22:00:00,28.691,28.814,28.589,28.806,66069.25
2026-02-25 22:15:00,28.817,28.877,28.67,28.693,64548.84
2026-02-25 22:30:00,28.691,28.755,28.37,28.38,141648.76
2026-02-25 22:45:00,28.379,28.454,28.2,28.379,109944.0
2026-02-25 23:00:00,28.375,28.421,28.215,28.298,75236.77
2026-02-25 23:15:00,28.295,28.297,28.111,28.164,110305.92
2026-02-25 23:30:00,28.166,28.193,27.622,27.633,431405.91
2026-02-25 23:45:00,27.633,27.89,27.556,27.87,376503.45
2026-02-26 00:00:00,27.874,27.939,27.762,27.818,75276.34
2026-02-26 00:15:00,27.823,28.2,27.814,28.136,114207.52
2026-02-26 00:30:00,28.136,28.421,28.122,28.389,152716.27
2026-02-26 00:45:00,28.389,28.495,28.285,28.296,141203.31
2026-02-26 01:00:00,28.297,28.638,28.187,28.545,100891.16
2026-02-26 01:15:00,28.551,28.595,28.339,28.377,71416.7
2026-02-26 01:30:00,28.375,28.422,28.19,28.266,71154.17
2026-02-26 01:45:00,28.272,28.272,28.1,28.113,45008.15
2026-02-26 02:00:00,28.113,28.121,27.743,27.764,97757.07
2026-02-26 02:15:00,27.793,27.915,27.724,27.771,67930.83
2026-02-26 02:30:00,27.773,28.003,27.773,27.998,37950.51
2026-02-26 02:45:00,27.99,28.108,27.941,28.013,28146.71
2026-02-26 03:00:00,28.012,28.029,27.875,27.952,41083.44
2026-02-26 03:15:00,27.95,27.97,27.87,27.923,15615.24
2026-02-26 03:30:00,27.926,28.098,27.899,28.081,26805.65
2026-02-26 03:45:00,28.087,28.087,28.012,28.031,13974.3
2026-02-26 04:00:00,28.036,28.265,28.012,28.206,50971.5
2026-02-26 04:15:00,28.214,28.277,28.003,28.072,58714.72
2026-02-26 04:30:00,28.073,28.334,28.066,28.248,39589.43
2026-02-26 04:45:00,28.252,28.313,28.202,28.217,12692.37
2026-02-26 05:00:00,28.208,28.22,28.046,28.074,29506.83
2026-02-26 05:15:00,28.072,28.25,28.0,28.225,32487.51
2026-02-26 05:30:00,28.22,28.3,28.147,28.233,15454.9
2026-02-26 05:45:00,28.22,28.259,28.181,28.215,10377.06
2026-02-26 06:00:00,28.198,28.263,28.128,28.263,16322.67
2026-02-26 06:15:00,28.258,28.42,28.254,28.274,44275.52
2026-02-26 06:30:00,28.268,28.268,28.144,28.16,12618.2
2026-02-26 06:45:00,28.16,28.187,28.104,28.178,15330.92
2026-02-26 07:00:00,28.169,28.552,28.156,28.475,76532.47
2026-02-26 07:15:00,28.47,28.536,28.353,28.447,32602.16
2026-02-26 07:30:00,28.446,28.458,28.212,28.22,45369.28
2026-02-26 07:45:00,28.215,28.271,28.164,28.232,19737.28
2026-02-26 08:00:00,28.241,28.35,28.085,28.166,30136.03
2026-02-26 08:15:00,28.16,28.243,28.131,28.206,17948.18
2026-02-26 08:30:00,28.198,28.24,28.118,28.155,17614.87
2026-02-26 08:45:00,28.155,28.255,28.086,28.253,26114.84
2026-02-26 09:00:00,28.253,28.657,28.168,28.621,97187.73
2026-02-26 09:15:00,28.621,28.868,28.59,28.854,122227.94
2026-02-26 09:30:00,28.85,29.333,28.841,29.312,225487.61
2026-02-26 09:45:00,29.313,29.367,29.05,29.215,176003.94
2026-02-26 10:00:00,29.209,29.297,29.046,29.146,74576.93
2026-02-26 10:15:00,29.146,29.297,29.053,29.198,79143.45
2026-02-26 10:30:00,29.203,29.203,28.91,29.056,124088.83
2026-02-26 10:45:00,29.048,29.073,28.833,28.92,34748.04
2026-02-26 11:00:00,28.921,28.976,28.72,28.774,65913.15
2026-02-26 11:15:00,28.773,28.794,28.436,28.582,108166.34
2026-02-26 11:30:00,28.581,28.677,28.469,28.491,29888.29
2026-02-26 11:45:00,28.49,28.513,28.323,28.429,90386.04
2026-02-26 12:00:00,28.429,28.513,28.34,28.473,42446.49
2026-02-26 12:15:00,28.45,28.51,28.415,28.433,27625.88
2026-02-26 12:30:00,28.458,28.614,28.454,28.53,28529.41
2026-02-26 12:45:00,28.52,28.81,28.458,28.777,56923.81
2026-02-26 13:00:00,28.772,28.903,28.741,28.753,62436.73
2026-02-26 13:15:00,28.753,28.903,28.753,28.89,42747.95
2026-02-26 13:30:00,28.896,28.956,28.794,28.933,39358.26
2026-02-26 13:45:00,28.936,29.042,28.879,28.999,109099.05
2026-02-26 14:00:00,28.997,29.0,28.683,28.895,82023.58
2026-02-26 14:15:00,28.904,29.059,28.841,29.011,55489.01
2026-02-26 14:30:00,29.01,29.09,28.844,28.965,70858.6
2026-02-26 14:45:00,28.96,29.338,28.672,29.322,218245.07
2026-02-26 15:00:00,29.322,29.323,28.919,29.03,139728.23
2026-02-26 15:15:00,29.038,29.04,28.191,28.224,357924.84
2026-02-26 15:30:00,28.223,28.447,28.147,28.389,186449.27
2026-02-26 15:45:00,28.379,28.58,28.329,28.442,103770.0
2026-02-26 16:00:00,28.45,28.533,28.161,28.393,64004.43
2026-02-26 16:15:00,28.395,28.613,28.341,28.55,73099.97
2026-02-26 16:30:00,28.544,28.563,28.147,28.411,109857.4
2026-02-26 16:45:00,28.408,28.528,28.129,28.28,171887.06
2026-02-26 17:00:00,28.275,28.448,28.223,28.265,76257.86
2026-02-26 17:15:00,28.265,28.335,28.13,28.155,58318.63
2026-02-26 17:30:00,28.15,28.408,28.071,28.096,156576.62
2026-02-26 17:45:00,28.096,28.18,27.872,28.01,132555.41
2026-02-26 18:00:00,28.006,28.098,27.826,27.964,107354.32
2026-02-26 18:15:00,27.958,28.163,27.938,27.994,52582.65
2026-02-26 18:30:00,27.981,28.256,27.968,28.218,65942.07
2026-02-26 18:45:00,28.217,28.308,28.18,28.233,37187.5
2026-02-26 19:00:00,28.225,28.557,28.192,28.468,64325.39
2026-02-26 19:15:00,28.47,28.657,28.47,28.611,49362.38
2026-02-26 19:30:00,28.611,28.73,28.444,28.465,96994.24
2026-02-26 19:45:00,28.499,28.629,28.445,28.512,46281.62
2026-02-26 20:00:00,28.508,28.716,28.481,28.531,49245.22
2026-02-26 20:15:00,28.524,28.668,28.504,28.539,34087.36
2026-02-26 20:30:00,28.547,28.555,28.381,28.452,24338.57
2026-02-26 20:45:00,28.452,28.466,28.213,28.281,71122.31
2026-02-26 21:00:00,28.281,28.362,28.137,28.258,31258.75
2026-02-26 21:15:00,28.258,28.299,28.214,28.292,15265.14
2026-02-26 21:30:00,28.292,28.292,28.184,28.23,20446.57
2026-02-26 21:45:00,28.227,28.286,28.15,28.166,23432.14
2026-02-26 22:00:00,28.168,28.24,28.09,28.237,44727.32
2026-02-26 22:15:00,28.24,28.369,28.193,28.239,96209.2
2026-02-26 22:30:00,28.239,28.361,28.224,28.347,27394.5
2026-02-26 22:45:00,28.35,28.415,28.34,28.405,18207.34
2026-02-26 23:00:00,28.405,28.415,28.282,28.356,37013.81
2026-02-26 23:15:00,28.355,28.439,28.314,28.381,14000.87
2026-02-26 23:30:00,28.386,28.401,28.219,28.251,18596.4
2026-02-26 23:45:00,28.252,28.271,28.09,28.105,87258.81
2026-02-27 00:00:00,28.102,28.156,27.91,28.044,58471.33
2026-02-27 00:15:00,28.038,28.137,28.012,28.12,39850.05
2026-02-27 00:30:00,28.125,28.183,28.051,28.152,32975.9
2026-02-27 00:45:00,28.154,28.198,28.075,28.179,23706.85
2026-02-27 01:00:00,28.177,28.188,28.056,28.153,26610.5
2026-02-27 01:15:00,28.152,28.2,28.127,28.19,11861.17
2026-02-27 01:30:00,28.19,28.2,28.158,28.19,40726.35
2026-02-27 01:45:00,28.186,28.236,28.168,28.234,20611.48
2026-02-27 02:00:00,28.234,28.364,28.225,28.264,40094.16
2026-02-27 02:15:00,28.264,28.4,28.263,28.359,36416.79
2026-02-27 02:30:00,28.359,28.487,28.358,28.45,40034.39
2026-02-27 02:45:00,28.453,28.613,28.452,28.492,40354.98
2026-02-27 03:00:00,28.493,28.537,28.4,28.514,29824.1
2026-02-27 03:15:00,28.514,28.628,28.49,28.515,57245.35
2026-02-27 03:30:00,28.515,28.684,28.49,28.653,42015.04
2026-02-27 03:45:00,28.664,28.849,28.615,28.837,61426.96
2026-02-27 04:00:00,28.83,29.231,28.778,29.229,132972.65
2026-02-27 04:15:00,29.231,29.625,29.218,29.3,236503.27
2026-02-27 04:30:00,29.3,29.331,29.027,29.072,120403.49
2026-02-27 04:45:00,29.072,29.191,29.049,29.124,50366.49
2026-02-27 05:00:00,29.132,29.193,29.052,29.101,37182.21
2026-02-27 05:15:00,29.097,29.118,28.9,29.053,55033.33
2026-02-27 05:30:00,29.054,29.145,29.054,29.123,43890.65
2026-02-27 05:45:00,29.118,29.151,29.066,29.074,50849.89
2026-02-27 06:00:00,29.078,29.158,29.0,29.038,32104.14
2026-02-27 06:15:00,29.034,29.075,28.78,28.865,73334.9
2026-02-27 06:30:00,28.86,29.019,28.806,29.001,28363.08
2026-02-27 06:45:00,29.0,29.084,28.945,29.059,20672.99
2026-02-27 07:00:00,29.056,29.114,28.981,29.101,18961.06
2026-02-27 07:15:00,29.1,29.143,29.073,29.111,22830.52
2026-02-27 07:30:00,29.115,29.142,29.052,29.133,43305.15
2026-02-27 07:45:00,29.132,29.424,29.12,29.284,85680.43
2026-02-27 08:00:00,29.275,29.598,29.274,29.509,54028.69
2026-02-27 08:15:00,29.511,29.616,29.336,29.412,63773.94
2026-02-27 08:30:00,29.412,29.665,29.412,29.495,62055.97
2026-02-27 08:45:00,29.496,29.574,29.407,29.492,32784.59
2026-02-27 09:00:00,29.501,29.56,29.266,29.553,67938.57
2026-02-27 09:15:00,29.553,29.609,29.465,29.608,21771.81
2026-02-27 09:30:00,29.602,29.937,29.576,29.594,196138.44
2026-02-27 09:45:00,29.593,29.61,29.342,29.47,89341.76
2026-02-27 10:00:00,29.455,29.527,29.11,29.278,89393.42
2026-02-27 10:15:00,29.248,29.475,29.207,29.271,128623.49
2026-02-27 10:30:00,29.274,29.576,29.249,29.446,103135.44
2026-02-27 10:45:00,29.447,29.447,28.954,28.972,179801.54
2026-02-27 11:00:00,28.962,29.101,28.939,28.978,148162.49
2026-02-27 11:15:00,28.955,28.987,28.636,28.646,169645.64
2026-02-27 11:30:00,28.645,28.697,28.436,28.437,147570.84
2026-02-27 11:45:00,28.437,28.527,28.293,28.305,166480.3
2026-02-27 12:00:00,28.305,28.305,28.043,28.057,181712.68
2026-02-27 12:15:00,28.056,28.295,28.033,28.178,101368.29
2026-02-27 12:30:00,28.187,28.228,27.938,27.94,176849.13
2026-02-27 12:45:00,27.949,28.109,27.821,28.106,163752.0
2026-02-27 13:00:00,28.11,28.232,28.065,28.115,71501.71
2026-02-27 13:15:00,28.126,28.235,28.05,28.086,69426.11
2026-02-27 13:30:00,28.085,28.096,27.806,27.984,97792.83
2026-02-27 13:45:00,27.984,28.181,27.969,28.107,60268.31
2026-02-27 14:00:00,28.098,28.202,28.043,28.131,58870.07
2026-02-27 14:15:00,28.13,28.13,27.917,28.0,48218.47
2026-02-27 14:30:00,27.984,28.431,27.958,28.127,213020.65
2026-02-27 14:45:00,28.127,28.221,27.916,28.084,139032.96
2026-02-27 15:00:00,28.072,28.327,28.014,28.235,64273.34
2026-02-27 15:15:00,28.232,28.311,28.046,28.177,35624.33
2026-02-27 15:30:00,28.171,28.174,28.046,28.116,27149.0
2026-02-27 15:45:00,28.106,28.268,28.087,28.175,13524.37
2026-02-27 16:00:00,28.168,28.187,27.966,28.002,38719.44
2026-02-27 16:15:00,28.001,28.11,27.83,27.838,82837.13
2026-02-27 16:30:00,27.833,27.856,27.59,27.59,190882.82
2026-02-27 16:45:00,27.589,27.637,27.28,27.316,391582.69
2026-02-27 17:00:00,27.313,27.456,27.267,27.317,200570.72
2026-02-27 17:15:00,27.319,27.399,27.2,27.237,135822.61
2026-02-27 17:30:00,27.231,27.378,27.169,27.329,90357.72
2026-02-27 17:45:00,27.325,27.487,27.319,27.467,55770.08
2026-02-27 18:00:00,27.467,27.535,27.407,27.438,37900.05
2026-02-27 18:15:00,27.437,27.479,27.321,27.447,34059.16
2026-02-27 18:30:00,27.446,27.558,27.39,27.397,34608.69
2026-02-27 18:45:00,27.395,27.405,27.147,27.21,71094.91
2026-02-27 19:00:00,27.209,27.225,26.9,27.01,172398.14
2026-02-27 19:15:00,27.008,27.134,26.939,27.06,85886.79
2026-02-27 19:30:00,27.059,27.111,26.872,26.909,73636.75
2026-02-27 19:45:00,26.912,27.1,26.898,27.1,38164.7
2026-02-27 20:00:00,27.091,27.183,27.072,27.175,24134.94
2026-02-27 20:15:00,27.175,27.221,27.149,27.15,36946.34
2026-02-27 20:30:00,27.15,27.167,27.067,27.122,6621.91
2026-02-27 20:45:00,27.122,27.421,27.122,27.355,48183.67
2026-02-27 21:00:00,27.362,27.404,27.24,27.267,19604.94
2026-02-27 21:15:00,27.266,27.336,27.266,27.291,10096.81
2026-02-27 21:30:00,27.292,27.305,27.197,27.249,12659.21
2026-02-27 21:45:00,27.249,27.287,27.055,27.086,88296.6
2026-02-27 22:00:00,27.086,27.114,27.01,27.07,19200.28
2026-02-27 22:15:00,27.071,27.091,26.925,26.946,57425.08
2026-02-27 22:30:00,26.941,27.051,26.724,27.05,115444.54
2026-02-27 22:45:00,27.05,27.145,27.048,27.097,36252.53
2026-02-27 23:00:00,27.104,27.245,27.104,27.136,57978.04
2026-02-27 23:15:00,27.136,27.266,27.13,27.264,32331.18
2026-02-27 23:30:00,27.264,27.299,27.169,27.2,16886.31
2026-02-27 23:45:00,27.2,27.324,27.18,27.28,21464.24
2026-02-28 00:00:00,27.28,27.375,27.216,27.354,56879.07
2026-02-28 00:15:00,27.355,27.429,27.295,27.356,77972.4
2026-02-28 00:30:00,27.358,27.489,27.313,27.482,53420.2
2026-02-28 00:45:00,27.488,27.532,27.41,27.486,35436.69
2026-02-28 01:00:00,27.485,27.523,27.3,27.32,55445.72
2026-02-28 01:15:00,27.324,27.393,27.219,27.257,37968.17
2026-02-28 01:30:00,27.253,27.309,27.181,27.296,22996.02
2026-02-28 01:45:00,27.297,27.338,27.07,27.07,113626.66
2026-02-28 02:00:00,27.071,27.14,26.975,27.107,77729.37
2026-02-28 02:15:00,27.106,27.112,27.003,27.032,25401.78
2026-02-28 02:30:00,27.031,27.055,26.81,26.857,75818.96
2026-02-28 02:45:00,26.857,27.035,26.809,26.957,96272.67
2026-02-28 03:00:00,26.958,27.015,26.922,26.979,38151.3
2026-02-28 03:15:00,26.983,27.073,26.87,26.895,92270.85
2026-02-28 03:30:00,26.891,26.912,26.828,26.868,32905.37
2026-02-28 03:45:00,26.868,26.928,26.822,26.88,35066.17
2026-02-28 04:00:00,26.88,26.931,26.849,26.92,17945.42
2026-02-28 04:15:00,26.918,26.97,26.893,26.94,28520.25
2026-02-28 04:30:00,26.946,26.998,26.816,26.991,38925.11
2026-02-28 04:45:00,26.991,27.04,26.97,26.976,31187.81
2026-02-28 05:00:00,26.977,27.03,26.956,27.024,13023.95
2026-02-28 05:15:00,27.015,27.018,26.962,26.977,8460.56
2026-02-28 05:30:00,26.975,26.998,26.866,26.901,12405.98
2026-02-28 05:45:00,26.896,26.926,26.854,26.898,21637.28
2026-02-28 06:00:00,26.899,26.954,26.851,26.906,23699.49
2026-02-28 06:15:00,26.903,26.914,26.478,26.612,224822.99
2026-02-28 06:30:00,26.612,26.662,26.138,26.533,473751.94
2026-02-28 06:45:00,26.541,26.541,26.062,26.233,331143.12
2026-02-28 07:00:00,26.224,26.745,26.111,26.617,237002.79
2026-02-28 07:15:00,26.621,26.717,26.325,26.377,135457.85
2026-02-28 07:30:00,26.386,26.917,26.36,26.766,250775.5
2026-02-28 07:45:00,26.773,26.786,26.517,26.634,177331.76
2026-02-28 08:00:00,26.638,26.783,26.544,26.589,108991.31
2026-02-28 08:15:00,26.59,26.962,26.576,26.875,164567.22
2026-02-28 08:30:00,26.876,26.876,26.721,26.8,70521.17
2026-02-28 08:45:00,26.8,26.929,26.739,26.797,56571.64
2026-02-28 09:00:00,26.797,27.044,26.785,26.995,124559.03
2026-02-28 09:15:00,26.995,27.339,26.944,27.299,127798.61
2026-02-28 09:30:00,27.292,27.298,26.958,27.104,129796.06
2026-02-28 09:45:00,27.107,27.299,27.103,27.264,41397.05
2026-02-28 10:00:00,27.264,27.268,26.937,27.059,96292.42
2026-02-28 10:15:00,27.025,27.342,27.018,27.331,71970.9
2026-02-28 10:30:00,27.322,27.503,27.289,27.329,109010.53
2026-02-28 10:45:00,27.327,27.393,27.26,27.363,31660.87
2026-02-28 11:00:00,27.362,27.557,27.339,27.532,56454.09
2026-02-28 11:15:00,27.525,27.695,27.482,27.613,79737.92
2026-02-28 11:30:00,27.621,27.695,27.33,27.398,101057.85
2026-02-28 11:45:00,27.398,27.442,27.151,27.265,71637.45
2026-02-28 12:00:00,27.263,27.346,27.258,27.313,29331.92
2026-02-28 12:15:00,27.312,27.484,27.298,27.484,45081.72
2026-02-28 12:30:00,27.483,27.543,27.425,27.472,29799.5
2026-02-28 12:45:00,27.471,27.49,27.276,27.339,60294.97
2026-02-28 13:00:00,27.334,27.416,27.251,27.401,25572.49
2026-02-28 13:15:00,27.403,27.449,27.202,27.206,54624.03
2026-02-28 13:30:00,27.206,27.257,27.119,27.253,26419.74
2026-02-28 13:45:00,27.254,27.723,27.248,27.608,217124.24
2026-02-28 14:00:00,27.619,27.746,27.389,27.532,101288.48
2026-02-28 14:15:00,27.523,27.554,27.381,27.538,105148.02
2026-02-28 14:30:00,27.549,27.858,27.484,27.819,141390.79
2026-02-28 14:45:00,27.815,28.0,27.753,27.838,205687.08
2026-02-28 15:00:00,27.838,28.052,27.757,27.824,119812.17
2026-02-28 15:15:00,27.822,28.214,27.819,28.029,124137.23
2026-02-28 15:30:00,28.029,28.175,27.932,28.17,51092.65
2026-02-28 15:45:00,28.171,28.2,28.047,28.172,58492.16
2026-02-28 16:00:00,28.172,28.174,28.011,28.172,53686.37
2026-02-28 16:15:00,28.169,28.394,28.116,28.322,124356.23
2026-02-28 16:30:00,28.324,28.517,28.24,28.46,125319.31
2026-02-28 16:45:00,28.465,28.592,28.36,28.555,113954.7
2026-02-28 17:00:00,28.555,29.065,28.537,29.063,354531.11
2026-02-28 17:15:00,29.065,29.092,28.805,29.05,248454.86
2026-02-28 17:30:00,29.05,29.1,28.808,28.929,82837.39
2026-02-28 17:45:00,28.929,29.513,28.908,29.41,185852.2
2026-02-28 18:00:00,29.41,29.7,29.329,29.631,216514.65
2026-02-28 18:15:00,29.625,29.635,29.091,29.116,282903.12
2026-02-28 18:30:00,29.116,29.533,29.116,29.351,156950.46
2026-02-28 18:45:00,29.353,29.548,29.214,29.373,89643.22
2026-02-28 19:00:00,29.375,29.4,29.043,29.26,151541.96
2026-02-28 19:15:00,29.265,29.382,29.18,29.235,95392.73
2026-02-28 19:30:00,29.23,29.669,29.193,29.455,135393.67
2026-02-28 19:45:00,29.46,29.622,29.433,29.483,106807.25
2026-02-28 20:00:00,29.486,29.871,29.37,29.766,124844.61
2026-02-28 20:15:00,29.77,30.221,29.745,29.983,212391.74
2026-02-28 20:30:00,29.986,30.132,29.779,30.024,157640.25
2026-02-28 20:45:00,30.024,30.494,30.023,30.291,352023.28
2026-02-28 21:00:00,30.29,30.421,30.009,30.345,134777.19
2026-02-28 21:15:00,30.345,30.493,30.241,30.361,73866.73
2026-02-28 21:30:00,30.361,30.716,30.348,30.596,172225.86
2026-02-28 21:45:00,30.596,30.711,30.413,30.55,200162.02
2026-02-28 22:00:00,30.548,30.684,30.5,30.541,96594.92
2026-02-28 22:15:00,30.542,30.76,30.405,30.757,201606.47
2026-02-28 22:30:00,30.757,31.0,30.75,30.868,265277.46
2026-02-28 22:45:00,30.867,30.995,30.675,30.692,193440.8
2026-02-28 23:00:00,30.708,30.889,30.694,30.805,103102.14
2026-02-28 23:15:00,30.81,31.0,30.81,30.901,109764.69
2026-02-28 23:30:00,30.908,31.082,30.793,30.99,185217.84
2026-02-28 23:45:00,30.99,31.431,30.978,31.203,343883.27
2026-03-01 00:00:00,31.204,31.306,30.982,31.15,100273.08
2026-03-01 00:15:00,31.15,31.176,30.813,30.86,92126.97
2026-03-01 00:30:00,30.864,30.919,30.56,30.598,142928.96
2026-03-01 00:45:00,30.593,30.727,30.501,30.631,59520.64
2026-03-01 01:00:00,30.633,30.697,30.21,30.244,118242.54
2026-03-01 01:15:00,30.241,30.357,30.2,30.33,193627.06
2026-03-01 01:30:00,30.33,30.586,30.261,30.356,115534.47
2026-03-01 01:45:00,30.357,30.825,30.253,30.817,238789.19
2026-03-01 02:00:00,30.817,31.201,30.79,31.022,225106.39
2026-03-01 02:15:00,31.04,31.102,30.722,30.858,85447.96
2026-03-01 02:30:00,30.857,31.233,30.83,31.209,78355.3
2026-03-01 02:45:00,31.21,31.223,30.948,30.984,84819.03
2026-03-01 03:00:00,30.979,31.166,30.858,31.094,92592.81
2026-03-01 03:15:00,31.088,31.155,30.902,30.986,37212.39
2026-03-01 03:30:00,30.976,31.079,30.915,30.956,32541.2
2026-03-01 03:45:00,30.952,30.989,30.678,30.902,53628.12
2026-03-01 04:00:00,30.907,31.087,30.802,30.826,56471.09
2026-03-01 04:15:00,30.809,30.866,30.659,30.744,48210.96
2026-03-01 04:30:00,30.746,30.937,30.677,30.82,48654.98
2026-03-01 04:45:00,30.82,30.889,30.732,30.882,37310.6
2026-03-01 05:00:00,30.88,31.036,30.811,30.955,46420.56
2026-03-01 05:15:00,30.959,31.22,30.9,31.124,70157.54
2026-03-01 05:30:00,31.124,31.244,31.061,31.111,28512.53
2026-03-01 05:45:00,31.112,31.53,31.06,31.17,176461.92
2026-03-01 06:00:00,31.166,31.211,30.851,30.936,116544.56
2026-03-01 06:15:00,30.953,31.186,30.906,31.047,47833.5
2026-03-01 06:30:00,31.047,31.112,30.755,30.849,63233.17
2026-03-01 06:45:00,30.843,31.079,30.707,30.959,99662.58
2026-03-01 07:00:00,30.964,31.037,30.85,31.021,49422.86
2026-03-01 07:15:00,31.021,31.113,30.95,31.088,30863.4
2026-03-01 07:30:00,31.088,31.22,31.019,31.036,36959.57
2026-03-01 07:45:00,31.033,31.057,30.869,30.915,28780.92
2026-03-01 08:00:00,30.915,31.096,30.841,31.087,26840.48
2026-03-01 08:15:00,31.092,31.099,30.88,30.905,52701.64
2026-03-01 08:30:00,30.903,30.925,30.641,30.654,84272.99
2026-03-01 08:45:00,30.66,30.684,30.425,30.505,68773.76
2026-03-01 09:00:00,30.505,30.739,30.459,30.739,40474.85
2026-03-01 09:15:00,30.74,30.939,30.74,30.892,66889.93
2026-03-01 09:30:00,30.891,30.901,30.526,30.563,45804.76
2026-03-01 09:45:00,30.563,30.783,30.48,30.72,106622.93
2026-03-01 10:00:00,30.72,30.775,30.58,30.704,63652.24
2026-03-01 10:15:00,30.701,30.702,30.5,30.559,31349.36
2026-03-01 10:30:00,30.56,30.782,30.556,30.712,41505.39
2026-03-01 10:45:00,30.712,31.03,30.709,30.988,72344.94
2026-03-01 11:00:00,30.988,31.184,30.883,30.991,61057.53
2026-03-01 11:15:00,30.984,31.009,30.821,30.956,31172.12
2026-03-01 11:30:00,30.95,31.2,30.937,31.036,74596.31
2026-03-01 11:45:00,31.035,31.177,30.995,31.039,38945.49
2026-03-01 12:00:00,31.036,31.099,30.948,30.949,21334.54
2026-03-01 12:15:00,30.95,30.971,30.84,30.879,41088.92
2026-03-01 12:30:00,30.878,30.957,30.669,30.817,74042.98
2026-03-01 12:45:00,30.817,30.855,30.565,30.677,106180.04
2026-03-01 13:00:00,30.677,30.824,30.647,30.782,17402.71
2026-03-01 13:15:00,30.771,30.928,30.633,30.767,40543.12
2026-03-01 13:30:00,30.767,30.782,30.606,30.74,32192.85
2026-03-01 13:45:00,30.733,31.261,30.663,30.996,144789.31
2026-03-01 14:00:00,30.996,31.084,30.739,31.014,80084.21
2026-03-01 14:15:00,31.006,31.028,30.817,30.885,36084.83
2026-03-01 14:30:00,30.881,30.988,30.8,30.818,62096.84
2026-03-01 14:45:00,30.82,30.996,30.785,30.899,55748.69
2026-03-01 15:00:00,30.9,31.335,30.86,31.335,113945.4
2026-03-01 15:15:00,31.313,31.37,31.191,31.29,185639.71
2026-03-01 15:30:00,31.293,31.37,31.173,31.273,118773.67
2026-03-01 15:45:00,31.269,31.553,31.22,31.397,111093.75
2026-03-01 16:00:00,31.397,31.858,31.308,31.421,243735.79
2026-03-01 16:15:00,31.423,31.513,31.12,31.513,226842.53
2026-03-01 16:30:00,31.514,31.787,31.47,31.608,104205.32
2026-03-01 16:45:00,31.608,31.624,30.85,30.97,450293.68
2026-03-01 17:00:00,30.963,31.234,30.675,31.054,281498.54
2026-03-01 17:15:00,31.045,31.21,30.772,31.118,129076.27
2026-03-01 17:30:00,31.111,31.201,31.033,31.069,31463.17
2026-03-01 17:45:00,31.08,31.15,30.969,31.048,35265.65
2026-03-01 18:00:00,31.049,31.537,31.007,31.421,109711.19
2026-03-01 18:15:00,31.413,31.56,31.367,31.408,68064.78
2026-03-01 18:30:00,31.412,31.744,31.314,31.682,105463.54
2026-03-01 18:45:00,31.681,31.828,31.575,31.668,139690.72
2026-03-01 19:00:00,31.667,31.788,31.551,31.577,74544.4
2026-03-01 19:15:00,31.568,31.885,31.568,31.619,133828.3
2026-03-01 19:30:00,31.618,31.759,31.551,31.595,45105.12
2026-03-01 19:45:00,31.587,31.713,31.453,31.582,54145.69
2026-03-01 20:00:00,31.579,31.6,31.217,31.316,115178.5
2026-03-01 20:15:00,31.309,31.451,31.213,31.353,93381.1
2026-03-01 20:30:00,31.361,31.425,31.2,31.375,69665.08
2026-03-01 20:45:00,31.37,31.77,31.35,31.45,199793.68
2026-03-01 21:00:00,31.447,31.523,31.258,31.441,75502.59
2026-03-01 21:15:00,31.44,31.797,31.414,31.63,107422.96
2026-03-01 21:30:00,31.632,31.659,31.5,31.555,48886.05
2026-03-01 21:45:00,31.55,31.79,31.512,31.79,43244.33
2026-03-01 22:00:00,31.774,31.893,31.662,31.729,109712.64
2026-03-01 22:15:00,31.728,31.991,31.698,31.803,114820.41
2026-03-01 22:30:00,31.805,31.878,31.565,31.686,99055.99
2026-03-01 22:45:00,31.677,31.686,31.4,31.416,88241.11
2026-03-01 23:00:00,31.41,32.25,31.365,32.034,322645.9
2026-03-01 23:15:00,32.029,32.155,31.72,31.732,133694.07
2026-03-01 23:30:00,31.724,31.9,31.597,31.686,74105.92
2026-03-01 23:45:00,31.684,31.798,31.529,31.532,42399.08
2026-03-02 00:00:00,31.529,32.044,31.5,31.807,149530.34
2026-03-02 00:15:00,31.803,32.718,31.754,32.57,431127.41
2026-03-02 00:30:00,32.563,32.575,32.171,32.463,160329.53
2026-03-02 00:45:00,32.463,32.548,32.394,32.425,72725.8
2026-03-02 01:00:00,32.425,32.62,32.094,32.579,161730.15
2026-03-02 01:15:00,32.583,32.681,32.093,32.307,151927.64
2026-03-02 01:30:00,32.31,32.406,31.917,31.947,166196.93
2026-03-02 01:45:00,31.947,32.393,31.947,32.237,70616.81
2026-03-02 02:00:00,32.242,32.331,31.762,32.02,99159.1
2026-03-02 02:15:00,32.02,32.044,31.7,31.94,76529.74
2026-03-02 02:30:00,31.933,32.158,31.844,31.952,68927.07
2026-03-02 02:45:00,31.968,32.082,31.763,31.873,95747.78
2026-03-02 03:00:00,31.885,31.899,31.643,31.76,79342.55
2026-03-02 03:15:00,31.765,31.884,31.674,31.867,75375.73
2026-03-02 03:30:00,31.868,32.15,31.792,32.11,71263.39
2026-03-02 03:45:00,32.101,32.2,31.993,32.034,39083.86
2026-03-02 04:00:00,32.033,32.07,31.852,31.881,92710.27
2026-03-02 04:15:00,31.873,31.897,31.54,31.639,106311.27
2026-03-02 04:30:00,31.642,31.79,31.4,31.523,150015.54
2026-03-02 04:45:00,31.52,31.542,31.333,31.396,172773.09
2026-03-02 05:00:00,31.397,31.419,30.824,30.915,258796.68
2026-03-02 05:15:00,30.915,31.098,30.915,31.054,71481.43
2026-03-02 05:30:00,31.057,31.222,31.032,31.193,50248.49
2026-03-02 05:45:00,31.185,31.193,30.878,31.0,74039.16
2026-03-02 06:00:00,30.991,31.005,30.641,30.681,201191.77
2026-03-02 06:15:00,30.689,30.731,30.346,30.641,177085.8
2026-03-02 06:30:00,30.651,30.699,30.51,30.58,46957.24
2026-03-02 06:45:00,30.583,30.629,30.248,30.352,83877.44
2026-03-02 07:00:00,30.344,30.351,29.903,30.07,248220.52
2026-03-02 07:15:00,30.063,30.318,30.058,30.23,121563.84
2026-03-02 07:30:00,30.229,30.522,30.173,30.334,123372.16
2026-03-02 07:45:00,30.326,30.354,30.257,30.314,27473.86
2026-03-02 08:00:00,30.314,30.458,30.214,30.454,50307.15
2026-03-02 08:15:00,30.448,30.448,30.226,30.306,40687.36
2026-03-02 08:30:00,30.306,30.398,30.229,30.349,28319.24
2026-03-02 08:45:00,30.35,30.723,30.326,30.633,100471.51
2026-03-02 09:00:00,30.64,30.717,30.481,30.569,30417.89
2026-03-02 09:15:00,30.565,30.711,30.344,30.345,27796.76
2026-03-02 09:30:00,30.366,30.569,30.332,30.522,25908.25
2026-03-02 09:45:00,30.521,30.521,30.364,30.408,19889.26
2026-03-02 10:00:00,30.402,30.516,30.228,30.439,42285.92
2026-03-02 10:15:00,30.442,30.449,30.321,30.361,22509.67
2026-03-02 10:30:00,30.361,30.4,30.212,30.246,28598.02
2026-03-02 10:45:00,30.241,30.503,30.239,30.498,40221.23
2026-03-02 11:00:00,30.487,30.587,30.439,30.44,49998.62
2026-03-02 11:15:00,30.47,30.588,30.448,30.538,18617.37
2026-03-02 11:30:00,30.534,30.719,30.506,30.625,39331.52
2026-03-02 11:45:00,30.618,30.698,30.607,30.696,16263.44
2026-03-02 12:00:00,30.695,30.761,30.59,30.629,19976.1
2026-03-02 12:15:00,30.63,30.64,30.373,30.547,79794.61
2026-03-02 12:30:00,30.549,30.583,30.404,30.419,34660.85
2026-03-02 12:45:00,30.418,30.546,30.38,30.54,35467.48
2026-03-02 13:00:00,30.54,30.663,30.373,30.663,44854.75
2026-03-02 13:15:00,30.663,31.025,30.662,30.871,147640.7
2026-03-02 13:30:00,30.868,30.949,30.717,30.766,60091.83
2026-03-02 13:45:00,30.766,30.809,30.45,30.666,96198.91
2026-03-02 14:00:00,30.658,31.07,30.579,31.052,117392.88
2026-03-02 14:15:00,31.047,31.106,30.849,30.965,99729.55
2026-03-02 14:30:00,30.958,31.731,30.933,31.649,336534.2
2026-03-02 14:45:00,31.649,32.029,31.555,31.702,257413.76
2026-03-02 15:00:00,31.698,32.444,31.667,32.24,306859.44
2026-03-02 15:15:00,32.24,32.535,32.061,32.184,264093.9
2026-03-02 15:30:00,32.184,32.439,31.814,32.383,223967.82
2026-03-02 15:45:00,32.383,32.499,32.035,32.169,162956.92
2026-03-02 16:00:00,32.171,32.503,31.997,32.5,202012.04
2026-03-02 16:15:00,32.5,33.475,32.301,33.121,601698.09
2026-03-02 16:30:00,33.101,33.689,32.9,33.492,337757.98
2026-03-02 16:45:00,33.479,33.616,33.133,33.173,189407.5
2026-03-02 17:00:00,33.174,33.27,33.036,33.095,160064.19
2026-03-02 17:15:00,33.08,33.202,32.8,33.15,141969.1
2026-03-02 17:30:00,33.138,33.186,32.57,32.611,151493.52
2026-03-02 17:45:00,32.599,32.799,32.485,32.787,83924.12
2026-03-02 18:00:00,32.786,32.789,32.469,32.668,71525.77
2026-03-02 18:15:00,32.656,32.688,32.438,32.594,48515.56
2026-03-02 18:30:00,32.597,32.698,32.38,32.529,69939.62
2026-03-02 18:45:00,32.506,32.608,32.351,32.397,63991.3
2026-03-02 19:00:00,32.388,32.421,32.07,32.177,192266.73
2026-03-02 19:15:00,32.184,32.317,32.0,32.064,68327.05
2026-03-02 19:30:00,32.067,32.223,31.952,32.213,55140.2
2026-03-02 19:45:00,32.221,32.52,32.206,32.44,129461.6
2026-03-02 20:00:00,32.436,32.62,31.934,32.08,167812.96
2026-03-02 20:15:00,32.08,32.258,32.022,32.234,58242.12
2026-03-02 20:30:00,32.22,32.418,32.181,32.417,61797.76
2026-03-02 20:45:00,32.409,32.739,32.402,32.593,130779.38
2026-03-02 21:00:00,32.589,32.768,32.32,32.61,157645.43
2026-03-02 21:15:00,32.602,32.652,32.354,32.501,62234.42
2026-03-02 21:30:00,32.521,32.674,32.34,32.625,42723.74
2026-03-02 21:45:00,32.628,32.635,32.45,32.555,57756.66
2026-03-02 22:00:00,32.556,32.8,32.54,32.751,58738.15
2026-03-02 22:15:00,32.747,32.999,32.634,32.988,85914.96
2026-03-02 22:30:00,32.988,33.256,32.952,33.21,124471.79
2026-03-02 22:45:00,33.204,33.239,32.994,33.068,49001.6
2026-03-02 23:00:00,33.08,33.193,32.954,33.071,52204.4
2026-03-02 23:15:00,33.062,33.238,32.969,33.052,73139.38
2026-03-02 23:30:00,33.047,33.047,32.545,32.672,247824.34
2026-03-02 23:45:00,32.672,32.857,32.672,32.806,29860.42
2026-03-03 00:00:00,32.807,32.938,32.689,32.775,28999.51
