timestamp,open,high,low,close,volume
2025-10-06 00:00:00,0.71776,0.71787,0.71444,0.71787,12355.8
2025-10-06 00:15:00,0.72072,0.72441,0.71881,0.71881,6994.3
2025-10-06 00:30:00,0.71894,0.72095,0.71744,0.71954,4686.8
2025-10-06 00:45:00,0.71938,0.71954,0.71472,0.71686,385.2
2025-10-06 01:00:00,0.71623,0.71907,0.71405,0.71841,9033.5
2025-10-06 01:15:00,0.71796,0.72474,0.71675,0.72391,2062.7
2025-10-06 01:30:00,0.72476,0.72829,0.72413,0.72494,4628.6
2025-10-06 01:45:00,0.72401,0.72597,0.72272,0.72523,2384.8
2025-10-06 02:00:00,0.72499,0.72603,0.7236,0.72459,719.0
2025-10-06 02:15:00,0.72465,0.72624,0.72379,0.72427,85748.1
2025-10-06 02:30:00,0.72351,0.7249,0.72037,0.7249,9452.3
2025-10-06 02:45:00,0.72505,0.73205,0.72505,0.72758,4673.6
2025-10-06 03:00:00,0.72829,0.72918,0.72689,0.72766,938.9
2025-10-06 03:15:00,0.72788,0.73006,0.7266,0.72939,2321.1
2025-10-06 03:30:00,0.72973,0.73166,0.72855,0.72905,2944.7
2025-10-06 03:45:00,0.7285,0.72969,0.72736,0.72904,5017.2
2025-10-06 04:00:00,0.72907,0.72957,0.72574,0.7271,485.9
2025-10-06 04:15:00,0.72706,0.72785,0.72654,0.72654,458.4
2025-10-06 04:30:00,0.72655,0.72655,0.72312,0.72381,4419.5
2025-10-06 04:45:00,0.72371,0.72439,0.72178,0.72199,2248.7
2025-10-06 05:00:00,0.72171,0.72272,0.71958,0.71958,991.4
2025-10-06 05:15:00,0.71958,0.72336,0.71958,0.72336,2583.3
2025-10-06 05:30:00,0.7239,0.7239,0.72064,0.72224,895.0
2025-10-06 05:45:00,0.72237,0.72645,0.72237,0.72645,2678.7
2025-10-06 06:00:00,0.72617,0.73274,0.72588,0.73225,57355.8
2025-10-06 06:15:00,0.73251,0.7368,0.73017,0.7368,9863.7
2025-10-06 06:30:00,0.73706,0.73822,0.735,0.73609,35367.9
2025-10-06 06:45:00,0.73578,0.73591,0.73301,0.73419,6500.0
2025-10-06 07:00:00,0.73499,0.73677,0.7336,0.73508,6636.0
2025-10-06 07:15:00,0.73501,0.73649,0.73452,0.73537,1499.2
2025-10-06 07:30:00,0.73509,0.73509,0.72807,0.72908,5634.2
2025-10-06 07:45:00,0.72889,0.72913,0.72699,0.72855,6342.3
2025-10-06 08:00:00,0.72999,0.73224,0.72996,0.73012,12070.0
2025-10-06 08:15:00,0.73018,0.73093,0.72893,0.73061,5388.8
2025-10-06 08:30:00,0.73143,0.73481,0.73143,0.73252,23783.1
2025-10-06 08:45:00,0.73194,0.73415,0.73194,0.73349,26740.7
2025-10-06 09:00:00,0.7339,0.73653,0.7339,0.73439,8171.3
2025-10-06 09:15:00,0.73354,0.73574,0.73353,0.73459,1019.6
2025-10-06 09:30:00,0.73414,0.73605,0.73316,0.73493,8687.7
2025-10-06 09:45:00,0.73504,0.73794,0.73504,0.73709,8089.2
2025-10-06 10:00:00,0.73681,0.7378,0.73249,0.73334,32424.1
2025-10-06 10:15:00,0.73371,0.73553,0.73296,0.73475,6497.9
2025-10-06 10:30:00,0.73345,0.73451,0.7331,0.73354,8717.3
2025-10-06 10:45:00,0.73376,0.73737,0.73376,0.73607,4628.0
2025-10-06 11:00:00,0.73648,0.73674,0.73457,0.73542,11209.8
2025-10-06 11:15:00,0.73567,0.74153,0.73525,0.74153,5104.3
2025-10-06 11:30:00,0.74328,0.74328,0.7377,0.74128,2249.2
2025-10-06 11:45:00,0.74098,0.74164,0.7387,0.7388,9697.8
2025-10-06 12:00:00,0.73987,0.74391,0.73966,0.74391,12800.7
2025-10-06 12:15:00,0.74412,0.74656,0.74412,0.7449,88629.6
2025-10-06 12:30:00,0.74515,0.74628,0.74515,0.74628,4479.0
2025-10-06 12:45:00,0.74678,0.74837,0.74582,0.74736,5651.8
2025-10-06 13:00:00,0.74804,0.75034,0.74793,0.74857,37714.4
2025-10-06 13:15:00,0.74668,0.75461,0.74628,0.75235,65494.2
2025-10-06 13:30:00,0.75268,0.76312,0.75214,0.75535,79489.5
2025-10-06 13:45:00,0.75507,0.76298,0.75507,0.76235,62556.9
2025-10-06 14:00:00,0.76277,0.76277,0.75746,0.75746,144740.3
2025-10-06 14:15:00,0.75883,0.7606,0.75572,0.75738,57002.7
2025-10-06 14:30:00,0.75794,0.76065,0.75525,0.75623,7869.7
2025-10-06 14:45:00,0.75615,0.75851,0.75264,0.75422,33502.2
2025-10-06 15:00:00,0.75418,0.75606,0.75372,0.75596,6331.9
2025-10-06 15:15:00,0.75617,0.76154,0.75617,0.76136,11059.1
2025-10-06 15:30:00,0.76187,0.76258,0.75923,0.76103,20498.3
2025-10-06 15:45:00,0.7608,0.76144,0.75895,0.75895,33675.7
2025-10-06 16:00:00,0.7603,0.7627,0.75788,0.75912,10612.8
2025-10-06 16:15:00,0.75945,0.76155,0.75652,0.75665,2643.3
2025-10-06 16:30:00,0.75653,0.75856,0.75571,0.75682,5749.5
2025-10-06 16:45:00,0.75673,0.75836,0.75563,0.75836,1738.1
2025-10-06 17:00:00,0.75896,0.75923,0.75774,0.75878,34346.7
2025-10-06 17:15:00,0.75898,0.76406,0.75823,0.76305,13955.9
2025-10-06 17:30:00,0.76323,0.76376,0.75768,0.76288,22247.8
2025-10-06 17:45:00,0.76288,0.76586,0.76144,0.76144,11547.0
2025-10-06 18:00:00,0.76164,0.7635,0.76054,0.76231,7514.6
2025-10-06 18:15:00,0.76213,0.76346,0.76099,0.76122,3414.6
2025-10-06 18:30:00,0.76107,0.76111,0.75814,0.75903,16462.7
2025-10-06 18:45:00,0.75936,0.76368,0.75936,0.76262,56474.0
2025-10-06 19:00:00,0.76158,0.76206,0.76057,0.76206,4343.4
2025-10-06 19:15:00,0.76226,0.76266,0.76043,0.76226,2822.7
2025-10-06 19:30:00,0.76175,0.76382,0.76081,0.761,3941.0
2025-10-06 19:45:00,0.7608,0.76427,0.76048,0.76427,5281.8
2025-10-06 20:00:00,0.76383,0.76606,0.76344,0.76425,4181.4
2025-10-06 20:15:00,0.76257,0.76391,0.762,0.76271,1682.5
2025-10-06 20:30:00,0.76347,0.76347,0.76123,0.76133,892.7
2025-10-06 20:45:00,0.76143,0.76317,0.76135,0.76228,3035.5
2025-10-06 21:00:00,0.76223,0.76305,0.75984,0.75986,2451.4
2025-10-06 21:15:00,0.76018,0.76037,0.75613,0.75939,71106.5
2025-10-06 21:30:00,0.75934,0.76007,0.75779,0.7599,4858.0
2025-10-06 21:45:00,0.7599,0.7602,0.7581,0.75958,3885.5
2025-10-06 22:00:00,0.76012,0.76167,0.75933,0.76035,930.8
2025-10-06 22:15:00,0.76024,0.76104,0.76009,0.76069,24788.4
2025-10-06 22:30:00,0.762,0.76272,0.76022,0.76117,5598.4
2025-10-06 22:45:00,0.76122,0.76205,0.76051,0.76141,1138.0
2025-10-06 23:00:00,0.76214,0.76214,0.75803,0.75803,1316.8
2025-10-06 23:15:00,0.75765,0.75919,0.75684,0.75884,947.2
2025-10-06 23:30:00,0.75948,0.75948,0.75853,0.75883,552.4
2025-10-06 23:45:00,0.75867,0.75867,0.75757,0.75823,628.7
2025-10-07 00:00:00,0.75866,0.76105,0.75866,0.75994,17881.8
2025-10-07 00:15:00,0.75974,0.75978,0.75737,0.75825,2303.7
2025-10-07 00:30:00,0.75825,0.76174,0.75825,0.76174,8257.7
2025-10-07 00:45:00,0.76175,0.76175,0.75865,0.76115,1580.2
2025-10-07 01:00:00,0.76097,0.76356,0.76033,0.76105,49760.2
2025-10-07 01:15:00,0.7604,0.7604,0.75519,0.75697,29570.5
2025-10-07 01:30:00,0.75677,0.75691,0.75456,0.7558,47226.4
2025-10-07 01:45:00,0.75574,0.75574,0.75405,0.75473,953.7
2025-10-07 02:00:00,0.75447,0.75583,0.75414,0.75499,4646.2
2025-10-07 02:15:00,0.75492,0.7564,0.75373,0.75583,636.9
2025-10-07 02:30:00,0.75603,0.75603,0.75088,0.75223,1982.0
2025-10-07 02:45:00,0.75223,0.75304,0.75192,0.75192,2472.1
2025-10-07 03:00:00,0.75166,0.75301,0.75081,0.75301,487.6
2025-10-07 03:15:00,0.75285,0.75285,0.74905,0.74905,21481.1
2025-10-07 03:30:00,0.74877,0.74928,0.74738,0.74755,10578.3
2025-10-07 03:45:00,0.74779,0.74888,0.74751,0.74834,1147.7
2025-10-07 04:00:00,0.74827,0.74827,0.74344,0.74367,28239.5
2025-10-07 04:15:00,0.74346,0.7469,0.7426,0.74684,16307.3
2025-10-07 04:30:00,0.74812,0.75158,0.74774,0.75113,869.7
2025-10-07 04:45:00,0.75166,0.75545,0.75166,0.75319,37360.1
2025-10-07 05:00:00,0.75356,0.75359,0.74957,0.75079,5514.5
2025-10-07 05:15:00,0.75086,0.75114,0.74942,0.75042,7088.3
2025-10-07 05:30:00,0.75051,0.75332,0.74933,0.75298,6482.3
2025-10-07 05:45:00,0.75258,0.75303,0.74932,0.74951,5654.2
2025-10-07 06:00:00,0.74971,0.75028,0.74722,0.74755,31231.4
2025-10-07 06:15:00,0.74735,0.74735,0.74197,0.74277,15415.3
2025-10-07 06:30:00,0.74223,0.74374,0.73969,0.7405,61160.4
2025-10-07 06:45:00,0.7397,0.74117,0.73908,0.74043,7064.8
2025-10-07 07:00:00,0.74009,0.74274,0.74009,0.74226,12823.2
2025-10-07 07:15:00,0.74167,0.74227,0.73999,0.74188,7427.8
2025-10-07 07:30:00,0.74232,0.74233,0.73712,0.73849,22750.6
2025-10-07 07:45:00,0.73863,0.74024,0.73834,0.73875,1406.8
2025-10-07 08:00:00,0.73865,0.73865,0.73323,0.73382,20690.7
2025-10-07 08:15:00,0.73323,0.73476,0.73115,0.73156,42709.9
2025-10-07 08:30:00,0.73178,0.73659,0.72957,0.73644,63195.5
2025-10-07 08:45:00,0.73659,0.73735,0.73431,0.73609,9874.9
2025-10-07 09:00:00,0.73637,0.73928,0.73573,0.73928,5578.4
2025-10-07 09:15:00,0.73853,0.73966,0.73752,0.73878,11742.7
2025-10-07 09:30:00,0.73847,0.73928,0.73734,0.73778,3597.6
2025-10-07 09:45:00,0.73725,0.73826,0.73684,0.73755,22142.3
2025-10-07 10:00:00,0.73704,0.74067,0.73576,0.74067,13084.9
2025-10-07 10:15:00,0.74066,0.74066,0.73739,0.73752,483.1
2025-10-07 10:30:00,0.73856,0.74129,0.73843,0.73916,3714.9
2025-10-07 10:45:00,0.73893,0.73981,0.73842,0.73862,19704.7
2025-10-07 11:00:00,0.73811,0.73973,0.73811,0.73869,1477.2
2025-10-07 11:15:00,0.73841,0.74117,0.73841,0.73997,3101.4
2025-10-07 11:30:00,0.74114,0.74283,0.73976,0.74092,3893.4
2025-10-07 11:45:00,0.73995,0.74467,0.73995,0.74417,38050.9
2025-10-07 12:00:00,0.74319,0.74319,0.7408,0.74206,49870.5
2025-10-07 12:15:00,0.74104,0.74112,0.73907,0.73944,10572.9
2025-10-07 12:30:00,0.7376,0.74025,0.7375,0.74025,906.2
2025-10-07 12:45:00,0.74114,0.74577,0.74114,0.74532,33754.4
2025-10-07 13:00:00,0.7463,0.74659,0.744,0.74489,16577.8
2025-10-07 13:15:00,0.74488,0.74646,0.74377,0.74646,55242.6
2025-10-07 13:30:00,0.74607,0.74607,0.72932,0.73344,119439.0
2025-10-07 13:45:00,0.73302,0.73698,0.72994,0.73688,29982.4
2025-10-07 14:00:00,0.73643,0.73643,0.72341,0.72597,241597.5
2025-10-07 14:15:00,0.72584,0.72884,0.72033,0.72033,63241.2
2025-10-07 14:30:00,0.72177,0.72564,0.72075,0.72273,117811.5
2025-10-07 14:45:00,0.72273,0.72335,0.71974,0.71974,50699.1
2025-10-07 15:00:00,0.72054,0.72067,0.70938,0.71302,95654.2
2025-10-07 15:15:00,0.71732,0.71756,0.71371,0.71392,12501.9
2025-10-07 15:30:00,0.71363,0.71436,0.70777,0.71046,29595.6
2025-10-07 15:45:00,0.70854,0.71098,0.70718,0.7094,28551.4
2025-10-07 16:00:00,0.70864,0.7092,0.7039,0.70525,13888.3
2025-10-07 16:15:00,0.70436,0.70724,0.703,0.7046,126470.1
2025-10-07 16:30:00,0.70504,0.7135,0.70487,0.71271,29380.7
2025-10-07 16:45:00,0.71287,0.71759,0.71287,0.71398,5335.8
2025-10-07 17:00:00,0.71443,0.71755,0.71415,0.71452,3011.2
2025-10-07 17:15:00,0.71482,0.71522,0.71365,0.71378,8110.2
2025-10-07 17:30:00,0.71431,0.7148,0.71202,0.71259,5214.0
2025-10-07 17:45:00,0.71369,0.71404,0.70886,0.70886,3795.7
2025-10-07 18:00:00,0.70937,0.71264,0.7091,0.71202,4807.0
2025-10-07 18:15:00,0.71158,0.71158,0.70904,0.70947,1647.2
2025-10-07 18:30:00,0.71066,0.71084,0.70867,0.70978,9239.2
2025-10-07 18:45:00,0.70969,0.71061,0.709,0.70954,5257.2
2025-10-07 19:00:00,0.70884,0.71134,0.70884,0.70999,368.9
2025-10-07 19:15:00,0.71174,0.71237,0.70928,0.70928,1366.1
2025-10-07 19:30:00,0.70934,0.71093,0.70832,0.70832,430.1
2025-10-07 19:45:00,0.70854,0.71257,0.70731,0.70981,131708.5
2025-10-07 20:00:00,0.71035,0.71767,0.71035,0.71662,12674.4
2025-10-07 20:15:00,0.71643,0.72034,0.71606,0.72034,6266.4
2025-10-07 20:30:00,0.71957,0.72151,0.71957,0.71966,49262.9
2025-10-07 20:45:00,0.71983,0.72111,0.7184,0.7184,1755.1
2025-10-07 21:00:00,0.71759,0.72055,0.71702,0.71906,465.1
2025-10-07 21:15:00,0.72064,0.72248,0.72064,0.72229,9827.0
2025-10-07 21:30:00,0.72233,0.72272,0.71753,0.71761,138308.8
2025-10-07 21:45:00,0.7187,0.7187,0.71527,0.71731,9435.9
2025-10-07 22:00:00,0.71649,0.71799,0.71556,0.71742,7360.8
2025-10-07 22:15:00,0.71758,0.71955,0.71758,0.71858,1789.3
2025-10-07 22:30:00,0.71906,0.71956,0.71628,0.71719,4820.8
2025-10-07 22:45:00,0.71798,0.71823,0.71624,0.71624,1903.2
2025-10-07 23:00:00,0.71568,0.71609,0.7146,0.7146,5390.8
2025-10-07 23:15:00,0.71477,0.71557,0.71343,0.71483,44224.1
2025-10-07 23:30:00,0.71339,0.71339,0.71054,0.71159,1036.9
2025-10-07 23:45:00,0.71173,0.71255,0.70913,0.71166,7117.9
2025-10-08 00:00:00,0.71151,0.71424,0.71122,0.71233,2258.4
2025-10-08 00:15:00,0.71312,0.71567,0.71312,0.71369,2720.0
2025-10-08 00:30:00,0.71353,0.71741,0.71011,0.71633,31447.5
2025-10-08 00:45:00,0.71593,0.71811,0.71593,0.71615,804.9
2025-10-08 01:00:00,0.71665,0.71884,0.71563,0.71754,10481.1
2025-10-08 01:15:00,0.71665,0.7226,0.71665,0.7211,1307.9
2025-10-08 01:30:00,0.72134,0.72337,0.7209,0.72243,4633.3
2025-10-08 01:45:00,0.72145,0.72268,0.72109,0.72129,422.4
2025-10-08 02:00:00,0.72076,0.72076,0.71699,0.71794,3893.7
2025-10-08 02:15:00,0.71743,0.72038,0.71743,0.72005,4598.1
2025-10-08 02:30:00,0.71932,0.7194,0.71495,0.71559,17483.3
2025-10-08 02:45:00,0.71616,0.71866,0.71538,0.71657,436.5
2025-10-08 03:00:00,0.71608,0.71618,0.71084,0.71084,7149.0
2025-10-08 03:15:00,0.71188,0.71191,0.70118,0.7048,26697.1
2025-10-08 03:30:00,0.70489,0.70739,0.70332,0.70605,27355.4
2025-10-08 03:45:00,0.70611,0.70793,0.70512,0.70608,9117.9
2025-10-08 04:00:00,0.70609,0.70787,0.70171,0.70787,3120.3
2025-10-08 04:15:00,0.71083,0.71169,0.70724,0.70859,10876.3
2025-10-08 04:30:00,0.7102,0.71219,0.71003,0.71031,680.2
2025-10-08 04:45:00,0.71191,0.71191,0.70961,0.71044,674.4
2025-10-08 05:00:00,0.71058,0.71058,0.70755,0.70817,2458.0
2025-10-08 05:15:00,0.70827,0.70858,0.70496,0.70586,2706.3
2025-10-08 05:30:00,0.70607,0.70655,0.70464,0.70569,919.8
2025-10-08 05:45:00,0.70427,0.70657,0.70427,0.7059,1251.8
2025-10-08 06:00:00,0.70609,0.70768,0.7036,0.70759,6204.6
2025-10-08 06:15:00,0.70709,0.70772,0.70495,0.70495,7761.7
2025-10-08 06:30:00,0.70571,0.7071,0.70521,0.70579,8122.2
2025-10-08 06:45:00,0.70611,0.70863,0.70611,0.7078,456.8
2025-10-08 07:00:00,0.70781,0.70867,0.70659,0.70659,469.1
2025-10-08 07:15:00,0.70706,0.70849,0.7063,0.7083,418.6
2025-10-08 07:30:00,0.70863,0.70903,0.70684,0.70877,375.5
2025-10-08 07:45:00,0.70809,0.71255,0.70809,0.71255,393.6
2025-10-08 08:00:00,0.71254,0.71341,0.71132,0.71202,805.6
2025-10-08 08:15:00,0.71212,0.71353,0.7114,0.71242,47541.5
2025-10-08 08:30:00,0.71242,0.71928,0.71168,0.71876,39647.0
2025-10-08 08:45:00,0.71902,0.72039,0.71621,0.71621,4366.8
2025-10-08 09:00:00,0.71803,0.71979,0.71764,0.71798,7326.2
2025-10-08 09:15:00,0.71733,0.71752,0.71501,0.71571,2176.7
2025-10-08 09:30:00,0.71608,0.7161,0.71506,0.71573,897.9
2025-10-08 09:45:00,0.71487,0.7162,0.71433,0.7162,471.3
2025-10-08 10:00:00,0.71707,0.71995,0.71698,0.71777,322.3
2025-10-08 10:15:00,0.71787,0.71829,0.71721,0.71739,1238.6
2025-10-08 10:30:00,0.71731,0.71991,0.71695,0.71786,14390.5
2025-10-08 10:45:00,0.71827,0.71893,0.71749,0.71786,4732.6
2025-10-08 11:00:00,0.71823,0.7198,0.71678,0.7198,511.3
2025-10-08 11:15:00,0.71856,0.71856,0.71595,0.71622,8174.0
2025-10-08 11:30:00,0.7146,0.71487,0.71295,0.71322,3504.2
2025-10-08 11:45:00,0.71274,0.71433,0.71274,0.7141,1259.5
2025-10-08 12:00:00,0.71431,0.71621,0.71304,0.71621,3561.5
2025-10-08 12:15:00,0.71366,0.71366,0.71162,0.71313,1075.0
2025-10-08 12:30:00,0.71356,0.71456,0.71159,0.71386,1983.9
2025-10-08 12:45:00,0.71399,0.7141,0.71169,0.71279,1831.0
2025-10-08 13:00:00,0.71299,0.71419,0.71204,0.71331,441.1
2025-10-08 13:15:00,0.71335,0.71452,0.71213,0.71215,739.0
2025-10-08 13:30:00,0.71246,0.71441,0.71126,0.71126,663.6
2025-10-08 13:45:00,0.71096,0.71604,0.70975,0.71541,6573.6
2025-10-08 14:00:00,0.71561,0.72444,0.71561,0.72183,48217.7
2025-10-08 14:15:00,0.72174,0.72518,0.71907,0.71907,15107.2
2025-10-08 14:30:00,0.71959,0.71987,0.71503,0.71533,35295.5
2025-10-08 14:45:00,0.71482,0.71599,0.71047,0.71225,64918.0
2025-10-08 15:00:00,0.71377,0.71968,0.71315,0.71817,18452.2
2025-10-08 15:15:00,0.7171,0.71958,0.7165,0.71873,2991.1
2025-10-08 15:30:00,0.71784,0.71933,0.71784,0.7183,16536.2
2025-10-08 15:45:00,0.71771,0.71792,0.71568,0.71681,1080.7
2025-10-08 16:00:00,0.71676,0.72017,0.71522,0.72,783.2
2025-10-08 16:15:00,0.72049,0.72282,0.72049,0.72277,3100.2
2025-10-08 16:30:00,0.72247,0.72269,0.72094,0.72269,1451.1
2025-10-08 16:45:00,0.72249,0.7289,0.72181,0.7289,6896.1
2025-10-08 17:00:00,0.7286,0.73412,0.72783,0.73412,7094.3
2025-10-08 17:15:00,0.734,0.73946,0.734,0.73912,3324.9
2025-10-08 17:30:00,0.74013,0.74432,0.73934,0.74103,167212.6
2025-10-08 17:45:00,0.73966,0.74447,0.73966,0.74433,44649.1
2025-10-08 18:00:00,0.74356,0.74356,0.73971,0.74229,15034.9
2025-10-08 18:15:00,0.7402,0.74045,0.73728,0.73728,3907.0
2025-10-08 18:30:00,0.73702,0.73742,0.73297,0.73305,79096.3
2025-10-08 18:45:00,0.73378,0.73779,0.73359,0.73673,620.4
2025-10-08 19:00:00,0.73604,0.73748,0.733,0.733,7910.4
2025-10-08 19:15:00,0.73334,0.73612,0.73202,0.73448,1745.4
2025-10-08 19:30:00,0.73475,0.73641,0.73353,0.73382,8282.6
2025-10-08 19:45:00,0.7336,0.73518,0.7336,0.73495,4608.9
2025-10-08 20:00:00,0.73559,0.73568,0.73242,0.73389,6552.1
2025-10-08 20:15:00,0.73453,0.73603,0.73391,0.73399,1975.7
2025-10-08 20:30:00,0.73427,0.73427,0.7321,0.73276,1658.0
2025-10-08 20:45:00,0.73218,0.73218,0.72886,0.72887,9477.9
2025-10-08 21:00:00,0.72918,0.73218,0.72913,0.73104,438.8
2025-10-08 21:15:00,0.73066,0.73331,0.73066,0.73229,601.3
2025-10-08 21:30:00,0.73269,0.73326,0.73227,0.73315,420.0
2025-10-08 21:45:00,0.73251,0.73251,0.72998,0.73171,3501.9
2025-10-08 22:00:00,0.73152,0.73625,0.73152,0.73425,7878.0
2025-10-08 22:15:00,0.73498,0.73498,0.73337,0.73387,512.9
2025-10-08 22:30:00,0.73412,0.7347,0.73368,0.73434,1747.9
2025-10-08 22:45:00,0.73427,0.7345,0.73249,0.73249,1610.3
2025-10-08 23:00:00,0.73198,0.73256,0.73026,0.73071,8351.7
2025-10-08 23:15:00,0.73082,0.73251,0.73062,0.73251,6898.4
2025-10-08 23:30:00,0.73281,0.73292,0.73033,0.73053,10855.6
2025-10-08 23:45:00,0.73082,0.73132,0.72995,0.73105,3312.1
2025-10-09 00:00:00,0.73169,0.73237,0.72953,0.72953,10102.4
2025-10-09 00:15:00,0.72964,0.73279,0.72903,0.72903,4268.7
2025-10-09 00:30:00,0.72924,0.72966,0.72732,0.72868,137389.5
2025-10-09 00:45:00,0.72865,0.72967,0.72732,0.72732,2223.6
2025-10-09 01:00:00,0.72732,0.72738,0.72506,0.72506,2996.1
2025-10-09 01:15:00,0.72529,0.72671,0.72353,0.72353,9316.7
2025-10-09 01:30:00,0.72287,0.72293,0.72072,0.72089,52766.5
2025-10-09 01:45:00,0.72111,0.72468,0.72111,0.72441,34996.1
2025-10-09 02:00:00,0.72424,0.72425,0.71871,0.7213,90128.3
2025-10-09 02:15:00,0.72138,0.72138,0.71679,0.71707,2633.2
2025-10-09 02:30:00,0.71692,0.71827,0.70963,0.71073,97249.8
2025-10-09 02:45:00,0.71113,0.7123,0.7069,0.70902,21246.5
2025-10-09 03:00:00,0.70926,0.71594,0.70926,0.71474,79475.1
2025-10-09 03:15:00,0.71504,0.71773,0.71487,0.71735,6013.8
2025-10-09 03:30:00,0.71704,0.71912,0.71652,0.71664,11861.7
2025-10-09 03:45:00,0.71752,0.72,0.71724,0.7181,43499.4
2025-10-09 04:00:00,0.71765,0.71977,0.71653,0.71653,5102.9
2025-10-09 04:15:00,0.7164,0.72272,0.7163,0.72272,79284.5
2025-10-09 04:30:00,0.72222,0.72222,0.71743,0.71744,4013.3
2025-10-09 04:45:00,0.71733,0.7202,0.71733,0.7202,3441.1
2025-10-09 05:00:00,0.72008,0.72137,0.71875,0.71902,4415.7
2025-10-09 05:15:00,0.71862,0.71922,0.71654,0.71801,2904.4
2025-10-09 05:30:00,0.7185,0.72,0.71711,0.71711,762.0
2025-10-09 05:45:00,0.71672,0.7177,0.71543,0.71652,430.0
2025-10-09 06:00:00,0.71603,0.71627,0.71211,0.71223,55731.7
2025-10-09 06:15:00,0.71226,0.71398,0.71103,0.71287,13949.5
2025-10-09 06:30:00,0.71229,0.71453,0.71184,0.712,649.8
2025-10-09 06:45:00,0.71245,0.71319,0.70928,0.71074,1766.0
2025-10-09 07:00:00,0.70997,0.71143,0.70891,0.70991,2840.0
2025-10-09 07:15:00,0.71056,0.71117,0.70776,0.70841,5148.8
2025-10-09 07:30:00,0.70827,0.70827,0.70515,0.70585,1424.2
2025-10-09 07:45:00,0.70603,0.70975,0.70592,0.70617,6794.2
2025-10-09 08:00:00,0.70573,0.70727,0.70305,0.70308,20318.4
2025-10-09 08:15:00,0.70306,0.70355,0.6951,0.6951,133784.5
2025-10-09 08:30:00,0.69565,0.69839,0.694,0.69599,29139.9
2025-10-09 08:45:00,0.69592,0.69712,0.69143,0.69211,4481.3
2025-10-09 09:00:00,0.69261,0.69536,0.69261,0.6949,573.5
2025-10-09 09:15:00,0.69615,0.69729,0.69391,0.69631,1505.3
2025-10-09 09:30:00,0.69651,0.69886,0.69641,0.69658,44745.0
2025-10-09 09:45:00,0.69628,0.69819,0.69567,0.69683,54079.4
2025-10-09 10:00:00,0.69683,0.69886,0.69626,0.69785,46749.7
2025-10-09 10:15:00,0.69785,0.69822,0.69423,0.69435,1924.5
2025-10-09 10:30:00,0.69548,0.69928,0.69548,0.69771,6398.1
2025-10-09 10:45:00,0.69771,0.69918,0.69586,0.69739,46498.6
2025-10-09 11:00:00,0.69754,0.69946,0.69754,0.69839,2621.7
2025-10-09 11:15:00,0.6983,0.70097,0.69794,0.70077,5899.7
2025-10-09 11:30:00,0.70009,0.70106,0.69879,0.70105,1977.1
2025-10-09 11:45:00,0.70115,0.70165,0.69956,0.69977,5446.2
2025-10-09 12:00:00,0.69923,0.70327,0.6991,0.70264,23064.7
2025-10-09 12:15:00,0.70178,0.70333,0.70121,0.70194,5525.6
2025-10-09 12:30:00,0.70194,0.70754,0.7006,0.70618,40541.9
2025-10-09 12:45:00,0.7062,0.70764,0.70396,0.70633,7842.4
2025-10-09 13:00:00,0.7074,0.7074,0.70258,0.70276,1757.6
2025-10-09 13:15:00,0.70268,0.70413,0.70193,0.70314,977.3
2025-10-09 13:30:00,0.70234,0.70234,0.69707,0.69707,2780.7
2025-10-09 13:45:00,0.69696,0.70013,0.69391,0.69391,11840.3
2025-10-09 14:00:00,0.69299,0.69692,0.69146,0.69661,18788.1
2025-10-09 14:15:00,0.69703,0.69703,0.6905,0.69058,10842.3
2025-10-09 14:30:00,0.69054,0.69054,0.68577,0.68684,29991.7
2025-10-09 14:45:00,0.68633,0.6922,0.68594,0.69122,9296.9
2025-10-09 15:00:00,0.69317,0.69619,0.69317,0.69473,7882.7
2025-10-09 15:15:00,0.69442,0.69642,0.6907,0.6907,4825.1
2025-10-09 15:30:00,0.69044,0.69327,0.68788,0.68818,40532.4
2025-10-09 15:45:00,0.68823,0.692,0.68823,0.69034,169159.9
2025-10-09 16:00:00,0.68946,0.69242,0.68946,0.69132,13600.3
2025-10-09 16:15:00,0.69195,0.69374,0.68746,0.69023,2440.9
2025-10-09 16:30:00,0.69057,0.69161,0.68847,0.69154,4550.8
2025-10-09 16:45:00,0.69124,0.69124,0.6841,0.6841,7882.7
2025-10-09 17:00:00,0.68525,0.69216,0.68471,0.69141,9051.6
2025-10-09 17:15:00,0.69147,0.69414,0.6911,0.69227,7513.3
2025-10-09 17:30:00,0.69286,0.69663,0.69286,0.69462,38539.8
2025-10-09 17:45:00,0.69533,0.69862,0.69439,0.69862,11122.5
2025-10-09 18:00:00,0.69851,0.69922,0.69551,0.69733,19618.3
2025-10-09 18:15:00,0.69789,0.69909,0.69654,0.69709,641.4
2025-10-09 18:30:00,0.69719,0.69849,0.69517,0.69609,612.8
2025-10-09 18:45:00,0.69559,0.69624,0.69331,0.69331,148712.9
2025-10-09 19:00:00,0.69348,0.69571,0.69339,0.69523,3633.0
2025-10-09 19:15:00,0.69493,0.69869,0.69452,0.69869,1567.2
2025-10-09 19:30:00,0.69832,0.69832,0.69627,0.69654,1168.8
2025-10-09 19:45:00,0.69655,0.6977,0.69614,0.69657,2706.7
2025-10-09 20:00:00,0.6997,0.70087,0.69695,0.69695,6386.8
2025-10-09 20:15:00,0.69619,0.69799,0.69619,0.69692,16079.0
2025-10-09 20:30:00,0.69687,0.69739,0.69604,0.69611,1668.3
2025-10-09 20:45:00,0.69655,0.69735,0.6955,0.69558,21777.0
2025-10-09 21:00:00,0.69663,0.69842,0.69551,0.69842,34616.3
2025-10-09 21:15:00,0.69744,0.6994,0.69701,0.69719,1903.3
2025-10-09 21:30:00,0.69696,0.69918,0.69646,0.69918,8473.0
2025-10-09 21:45:00,0.69879,0.69971,0.69829,0.69924,8543.7
2025-10-09 22:00:00,0.70014,0.70082,0.69931,0.7007,2383.1
2025-10-09 22:15:00,0.70082,0.70576,0.70067,0.70457,360132.3
2025-10-09 22:30:00,0.70544,0.70755,0.70392,0.70755,16521.3
2025-10-09 22:45:00,0.70725,0.70891,0.70686,0.70686,8602.1
2025-10-09 23:00:00,0.70686,0.70686,0.70413,0.70413,14050.6
2025-10-09 23:15:00,0.70448,0.70633,0.70413,0.70592,641.6
2025-10-09 23:30:00,0.7066,0.7067,0.70564,0.70632,529.9
2025-10-09 23:45:00,0.70592,0.7072,0.70572,0.7066,2695.8
2025-10-10 00:00:00,0.70719,0.70799,0.7068,0.70721,8080.4
2025-10-10 00:15:00,0.70769,0.70861,0.70622,0.70861,614.4
2025-10-10 00:30:00,0.70831,0.71097,0.70782,0.70982,10819.3
2025-10-10 00:45:00,0.70801,0.71089,0.70754,0.7096,1205.7
2025-10-10 01:00:00,0.7099,0.7123,0.70972,0.71229,9716.3
2025-10-10 01:15:00,0.71143,0.7128,0.71085,0.71227,85398.0
2025-10-10 01:30:00,0.71245,0.71245,0.70816,0.70948,7008.7
2025-10-10 01:45:00,0.70861,0.70981,0.70772,0.70981,79806.3
2025-10-10 02:00:00,0.70999,0.70999,0.7062,0.70904,6095.8
2025-10-10 02:15:00,0.70905,0.71133,0.70905,0.71043,538.5
2025-10-10 02:30:00,0.7099,0.71058,0.70915,0.70974,3896.1
2025-10-10 02:45:00,0.70965,0.70971,0.708,0.70851,2815.8
2025-10-10 03:00:00,0.70873,0.70873,0.70452,0.70561,4645.4
2025-10-10 03:15:00,0.7063,0.71678,0.70566,0.71678,36878.0
2025-10-10 03:30:00,0.71724,0.72336,0.71724,0.72336,76796.5
2025-10-10 03:45:00,0.72405,0.72826,0.719,0.7195,25634.3
2025-10-10 04:00:00,0.72101,0.72361,0.7196,0.72185,33407.1
2025-10-10 04:15:00,0.72035,0.72109,0.71842,0.71904,383.3
2025-10-10 04:30:00,0.71923,0.72049,0.71646,0.71745,3360.9
2025-10-10 04:45:00,0.71824,0.71862,0.71717,0.71787,961.4
2025-10-10 05:00:00,0.71927,0.71927,0.71501,0.71686,1209.8
2025-10-10 05:15:00,0.71714,0.72191,0.71714,0.7213,3549.6
2025-10-10 05:30:00,0.72109,0.72361,0.71773,0.72287,10297.7
2025-10-10 05:45:00,0.72361,0.72743,0.72361,0.72571,34587.1
2025-10-10 06:00:00,0.72596,0.7286,0.72576,0.72724,77316.8
2025-10-10 06:15:00,0.72772,0.72772,0.72335,0.72335,1635.4
2025-10-10 06:30:00,0.72404,0.72464,0.71943,0.71945,5564.6
2025-10-10 06:45:00,0.72086,0.72091,0.71755,0.7195,4570.9
2025-10-10 07:00:00,0.72011,0.72011,0.71691,0.71913,4044.6
2025-10-10 07:15:00,0.71859,0.72079,0.71716,0.71836,2050.6
2025-10-10 07:30:00,0.71677,0.71879,0.71552,0.71781,605.9
2025-10-10 07:45:00,0.71784,0.71784,0.71356,0.71367,34231.2
2025-10-10 08:00:00,0.7138,0.71785,0.71351,0.7174,9010.1
2025-10-10 08:15:00,0.71954,0.72077,0.71638,0.71924,109373.5
2025-10-10 08:30:00,0.7189,0.7189,0.71524,0.71524,9146.1
2025-10-10 08:45:00,0.71574,0.72056,0.71497,0.72055,1732.3
2025-10-10 09:00:00,0.72041,0.72105,0.71857,0.71975,2147.2
2025-10-10 09:15:00,0.7209,0.72545,0.71853,0.72545,12365.8
2025-10-10 09:30:00,0.72438,0.72495,0.71962,0.72053,65288.2
2025-10-10 09:45:00,0.7208,0.72168,0.71671,0.7177,14222.7
2025-10-10 10:00:00,0.71819,0.72023,0.71819,0.71992,337.2
2025-10-10 10:15:00,0.72058,0.72197,0.72058,0.72075,44351.1
2025-10-10 10:30:00,0.72149,0.72202,0.71982,0.72202,46415.4
2025-10-10 10:45:00,0.72241,0.7256,0.72241,0.72491,116330.0
2025-10-10 11:00:00,0.72507,0.72732,0.7233,0.72356,14630.5
2025-10-10 11:15:00,0.72319,0.7239,0.72149,0.72336,6444.2
2025-10-10 11:30:00,0.72317,0.72447,0.72236,0.72276,1243.4
2025-10-10 11:45:00,0.72277,0.72539,0.72268,0.72398,1615.9
2025-10-10 12:00:00,0.72399,0.7291,0.72399,0.7262,258639.3
2025-10-10 12:15:00,0.72556,0.72674,0.72464,0.72525,82208.6
2025-10-10 12:30:00,0.72487,0.7261,0.72383,0.72442,2074.3
2025-10-10 12:45:00,0.7252,0.72644,0.72363,0.72605,15209.4
2025-10-10 13:00:00,0.72647,0.7297,0.72647,0.72776,37275.1
2025-10-10 13:15:00,0.72814,0.73193,0.72697,0.73146,3563.1
2025-10-10 13:30:00,0.73176,0.73341,0.72929,0.72932,67129.8
2025-10-10 13:45:00,0.73011,0.73025,0.72513,0.72712,36911.4
2025-10-10 14:00:00,0.72773,0.72849,0.72482,0.72532,23353.3
2025-10-10 14:15:00,0.72561,0.72561,0.71998,0.71998,148545.4
2025-10-10 14:30:00,0.72014,0.72187,0.7182,0.71991,8457.9
2025-10-10 14:45:00,0.71974,0.72056,0.70967,0.71284,32383.9
2025-10-10 15:00:00,0.71151,0.71151,0.70364,0.70952,335759.9
2025-10-10 15:15:00,0.70824,0.70824,0.69345,0.69856,50408.6
2025-10-10 15:30:00,0.69347,0.69347,0.6778,0.69269,157558.8
2025-10-10 15:45:00,0.69266,0.69273,0.68641,0.68686,63768.3
2025-10-10 16:00:00,0.68759,0.69267,0.68578,0.69014,17680.8
2025-10-10 16:15:00,0.68979,0.69342,0.68767,0.69133,60757.4
2025-10-10 16:30:00,0.6912,0.69472,0.69019,0.69019,10362.3
2025-10-10 16:45:00,0.68866,0.69005,0.68665,0.68708,40276.3
2025-10-10 17:00:00,0.687,0.68773,0.68287,0.68398,12646.5
2025-10-10 17:15:00,0.68412,0.68808,0.68348,0.68774,168094.6
2025-10-10 17:30:00,0.6879,0.6879,0.68017,0.68218,22290.9
2025-10-10 17:45:00,0.68082,0.68178,0.67709,0.6796,47488.9
2025-10-10 18:00:00,0.67905,0.68072,0.67881,0.67945,14302.2
2025-10-10 18:15:00,0.67994,0.68179,0.67831,0.67831,13992.0
2025-10-10 18:30:00,0.67881,0.67982,0.67635,0.67872,10057.7
2025-10-10 18:45:00,0.67883,0.68018,0.67557,0.67665,16798.7
2025-10-10 19:00:00,0.67601,0.67772,0.67296,0.67381,16718.6
2025-10-10 19:15:00,0.67287,0.67445,0.66,0.66,116104.9
2025-10-10 19:30:00,0.66,0.66996,0.65922,0.66953,52388.5
2025-10-10 19:45:00,0.67066,0.67066,0.66442,0.66442,16005.4
2025-10-10 20:00:00,0.66532,0.66713,0.66387,0.66691,70438.3
2025-10-10 20:15:00,0.66693,0.66954,0.66514,0.66903,5027.2
2025-10-10 20:30:00,0.66929,0.66929,0.66777,0.66881,11142.0
2025-10-10 20:45:00,0.66927,0.66927,0.60865,0.61512,420223.5
2025-10-10 21:00:00,0.61733,0.62487,0.542,0.55258,623630.1
2025-10-10 21:15:00,0.55206,0.56159,0.21636,0.3442,3232077.4
2025-10-10 21:30:00,0.33883,0.45774,0.33883,0.43516,925520.7
2025-10-10 21:45:00,0.4353,0.48419,0.43397,0.45345,549392.3
2025-10-10 22:00:00,0.45336,0.47001,0.39063,0.4356,1087293.2
2025-10-10 22:15:00,0.43573,0.44934,0.42996,0.44125,728930.3
2025-10-10 22:30:00,0.44098,0.46279,0.43843,0.46244,162987.6
2025-10-10 22:45:00,0.46213,0.47494,0.4593,0.47385,174671.7
2025-10-10 23:00:00,0.47385,0.47758,0.46777,0.47708,123779.1
2025-10-10 23:15:00,0.47766,0.49758,0.47682,0.49633,107614.1
2025-10-10 23:30:00,0.49457,0.51646,0.49409,0.51552,266505.8
2025-10-10 23:45:00,0.51646,0.51728,0.49255,0.49491,202330.8
2025-10-11 00:00:00,0.49506,0.5081,0.49469,0.50499,244204.0
2025-10-11 00:15:00,0.50323,0.50528,0.48564,0.50176,110412.7
2025-10-11 00:30:00,0.49999,0.50123,0.49437,0.49648,91204.2
2025-10-11 00:45:00,0.49723,0.50636,0.49723,0.49929,214287.6
2025-10-11 01:00:00,0.49918,0.50035,0.48826,0.49177,192970.1
2025-10-11 01:15:00,0.48958,0.48972,0.47925,0.48226,97615.0
2025-10-11 01:30:00,0.48283,0.48617,0.47477,0.47477,57063.9
2025-10-11 01:45:00,0.47489,0.48096,0.47293,0.47792,34692.5
2025-10-11 02:00:00,0.47691,0.4924,0.47691,0.4924,60734.3
2025-10-11 02:15:00,0.49255,0.50288,0.48942,0.50123,61442.0
2025-10-11 02:30:00,0.50224,0.50636,0.50066,0.50564,38093.3
2025-10-11 02:45:00,0.50483,0.50483,0.49923,0.49952,91728.5
2025-10-11 03:00:00,0.49943,0.50023,0.48425,0.48542,83295.8
2025-10-11 03:15:00,0.48586,0.48679,0.48058,0.48272,28820.1
2025-10-11 03:30:00,0.48076,0.48305,0.47827,0.48104,24051.4
2025-10-11 03:45:00,0.4818,0.48418,0.48114,0.48382,3551.3
2025-10-11 04:00:00,0.48349,0.48621,0.48302,0.48478,94416.9
2025-10-11 04:15:00,0.484,0.48782,0.484,0.48619,67209.4
2025-10-11 04:30:00,0.48601,0.48815,0.48232,0.48685,89122.2
2025-10-11 04:45:00,0.48697,0.49214,0.48277,0.49103,46094.6
2025-10-11 05:00:00,0.49053,0.49223,0.4867,0.48905,106044.3
2025-10-11 05:15:00,0.48717,0.48717,0.47696,0.47696,50305.8
2025-10-11 05:30:00,0.47581,0.4812,0.4752,0.47784,81123.4
2025-10-11 05:45:00,0.47882,0.48306,0.47833,0.47926,158791.5
2025-10-11 06:00:00,0.48013,0.48312,0.47876,0.48312,14661.1
2025-10-11 06:15:00,0.48322,0.48795,0.48125,0.48734,25494.3
2025-10-11 06:30:00,0.48731,0.48852,0.48517,0.48642,4181.3
2025-10-11 06:45:00,0.48691,0.48821,0.47773,0.48032,47606.7
2025-10-11 07:00:00,0.47906,0.48115,0.47618,0.48084,36172.3
2025-10-11 07:15:00,0.48206,0.48845,0.48085,0.4852,44843.8
2025-10-11 07:30:00,0.486,0.48731,0.47968,0.48145,924890.8
2025-10-11 07:45:00,0.48186,0.48396,0.47946,0.48277,504490.6
2025-10-11 08:00:00,0.48234,0.48295,0.4784,0.48276,29704.2
2025-10-11 08:15:00,0.48299,0.49706,0.48299,0.49245,150661.8
2025-10-11 08:30:00,0.49251,0.49623,0.49002,0.49399,69123.1
2025-10-11 08:45:00,0.49411,0.49826,0.49362,0.49676,108731.1
2025-10-11 09:00:00,0.49735,0.50525,0.4971,0.50088,71433.1
2025-10-11 09:15:00,0.50003,0.50141,0.49695,0.50024,64021.5
2025-10-11 09:30:00,0.50039,0.50039,0.495,0.495,7505.4
2025-10-11 09:45:00,0.49451,0.49532,0.49021,0.49176,5721.9
2025-10-11 10:00:00,0.49168,0.4977,0.49127,0.4977,21499.1
2025-10-11 10:15:00,0.49804,0.50027,0.49651,0.49954,32143.3
2025-10-11 10:30:00,0.49952,0.49989,0.49278,0.49313,21287.9
2025-10-11 10:45:00,0.49353,0.49432,0.49252,0.49308,2352.1
2025-10-11 11:00:00,0.49416,0.49417,0.48928,0.49058,75026.4
2025-10-11 11:15:00,0.49034,0.49152,0.48574,0.49131,78276.1
2025-10-11 11:30:00,0.49137,0.49149,0.48917,0.49129,112525.6
2025-10-11 11:45:00,0.49122,0.49308,0.49072,0.4917,104609.7
2025-10-11 12:00:00,0.49094,0.49309,0.48852,0.49289,23594.6
2025-10-11 12:15:00,0.49204,0.49323,0.48884,0.49011,28133.9
2025-10-11 12:30:00,0.49014,0.49028,0.48267,0.48465,17859.2
2025-10-11 12:45:00,0.48435,0.48435,0.47824,0.4798,29936.1
2025-10-11 13:00:00,0.47935,0.48168,0.47726,0.47924,9904.1
2025-10-11 13:15:00,0.47919,0.4793,0.47364,0.47734,29649.1
2025-10-11 13:30:00,0.47739,0.47739,0.46921,0.47641,128806.1
2025-10-11 13:45:00,0.476,0.48179,0.47569,0.48015,96229.7
2025-10-11 14:00:00,0.48016,0.48058,0.47772,0.47802,47065.8
2025-10-11 14:15:00,0.4782,0.4782,0.47522,0.47673,38629.2
2025-10-11 14:30:00,0.47695,0.48059,0.47674,0.47718,105298.0
2025-10-11 14:45:00,0.47746,0.48032,0.47715,0.48019,28338.7
2025-10-11 15:00:00,0.48018,0.48857,0.48018,0.48611,132352.3
2025-10-11 15:15:00,0.48492,0.48754,0.4834,0.48754,17063.9
2025-10-11 15:30:00,0.48719,0.48734,0.48178,0.48287,8320.1
2025-10-11 15:45:00,0.48318,0.48653,0.48318,0.48418,13748.5
2025-10-11 16:00:00,0.48414,0.48723,0.48234,0.48686,23516.2
2025-10-11 16:15:00,0.48702,0.48736,0.48335,0.48447,88966.5
2025-10-11 16:30:00,0.48416,0.48464,0.47874,0.48125,91683.8
2025-10-11 16:45:00,0.48104,0.48271,0.4803,0.48136,23828.1
2025-10-11 17:00:00,0.48277,0.48455,0.48165,0.48455,17064.5
2025-10-11 17:15:00,0.48489,0.48494,0.48239,0.48401,1322.8
2025-10-11 17:30:00,0.48366,0.48366,0.48056,0.48212,2640.0
2025-10-11 17:45:00,0.48176,0.48402,0.48067,0.48402,16600.7
2025-10-11 18:00:00,0.48348,0.48398,0.48194,0.48214,47988.3
2025-10-11 18:15:00,0.48219,0.48357,0.48189,0.48321,3608.5
2025-10-11 18:30:00,0.48374,0.48379,0.48112,0.48234,9051.5
2025-10-11 18:45:00,0.48222,0.48253,0.4792,0.4792,42496.4
2025-10-11 19:00:00,0.47814,0.47814,0.47198,0.47269,58133.1
2025-10-11 19:15:00,0.47337,0.47337,0.46298,0.46794,37990.4
2025-10-11 19:30:00,0.46663,0.46663,0.4615,0.4627,100977.1
2025-10-11 19:45:00,0.4636,0.4636,0.45532,0.45708,46938.4
2025-10-11 20:00:00,0.45831,0.45882,0.45309,0.45576,2603.7
2025-10-11 20:15:00,0.45632,0.45854,0.45143,0.45487,11388.7
2025-10-11 20:30:00,0.4551,0.4551,0.44694,0.44822,41981.4
2025-10-11 20:45:00,0.4518,0.4547,0.44599,0.4509,76993.4
2025-10-11 21:00:00,0.44844,0.44844,0.43857,0.44146,11925.0
2025-10-11 21:15:00,0.44149,0.45371,0.44149,0.44961,579311.1
2025-10-11 21:30:00,0.44955,0.45198,0.4475,0.44943,36851.5
2025-10-11 21:45:00,0.45063,0.45538,0.45063,0.45262,70046.5
2025-10-11 22:00:00,0.45344,0.45714,0.45337,0.45528,76889.6
2025-10-11 22:15:00,0.45553,0.45596,0.45304,0.45512,14389.0
2025-10-11 22:30:00,0.45586,0.45926,0.45579,0.45641,7878.2
2025-10-11 22:45:00,0.45673,0.45781,0.45563,0.45705,11148.2
2025-10-11 23:00:00,0.45737,0.45737,0.45441,0.45523,14653.8
2025-10-11 23:15:00,0.45523,0.45639,0.45472,0.45593,2907.9
2025-10-11 23:30:00,0.45698,0.45731,0.45516,0.45587,31675.2
2025-10-11 23:45:00,0.45582,0.45623,0.45406,0.45604,262746.4
2025-10-12 00:00:00,0.45575,0.45699,0.45457,0.45537,80170.7
2025-10-12 00:15:00,0.45701,0.45701,0.45235,0.45254,16027.4
2025-10-12 00:30:00,0.45393,0.45924,0.4537,0.45492,15848.5
2025-10-12 00:45:00,0.45451,0.45555,0.44971,0.45079,3879.7
2025-10-12 01:00:00,0.45053,0.45459,0.45053,0.45407,20489.0
2025-10-12 01:15:00,0.45407,0.45615,0.45031,0.45031,14312.6
2025-10-12 01:30:00,0.45061,0.45214,0.4493,0.45214,9946.7
2025-10-12 01:45:00,0.45163,0.45361,0.4469,0.44704,16492.1
2025-10-12 02:00:00,0.44767,0.44839,0.44592,0.44753,39976.8
2025-10-12 02:15:00,0.44757,0.45313,0.44757,0.45244,236049.4
2025-10-12 02:30:00,0.45247,0.45497,0.44741,0.44859,34560.8
2025-10-12 02:45:00,0.44869,0.44978,0.44466,0.44778,7857.7
2025-10-12 03:00:00,0.44796,0.45629,0.44729,0.45282,48668.3
2025-10-12 03:15:00,0.45292,0.45734,0.45081,0.45688,22828.0
2025-10-12 03:30:00,0.45593,0.46078,0.45566,0.45807,178355.8
2025-10-12 03:45:00,0.45808,0.45808,0.45523,0.45588,57043.6
2025-10-12 04:00:00,0.45613,0.46063,0.45452,0.46008,46770.0
2025-10-12 04:15:00,0.45991,0.46313,0.4598,0.46167,12968.8
2025-10-12 04:30:00,0.46087,0.46257,0.45936,0.45987,15247.4
2025-10-12 04:45:00,0.45975,0.46043,0.4586,0.4594,6834.1
2025-10-12 05:00:00,0.45999,0.46024,0.45785,0.4597,5864.7
2025-10-12 05:15:00,0.4597,0.46049,0.45837,0.45989,3709.9
2025-10-12 05:30:00,0.46003,0.46091,0.4593,0.45941,8876.1
2025-10-12 05:45:00,0.45955,0.46069,0.4591,0.45911,11483.3
2025-10-12 06:00:00,0.45879,0.46275,0.45872,0.46275,720.8
2025-10-12 06:15:00,0.46275,0.46615,0.46216,0.46459,27376.1
2025-10-12 06:30:00,0.46409,0.46498,0.46324,0.46498,4814.8
2025-10-12 06:45:00,0.46508,0.46569,0.46364,0.46441,18947.4
2025-10-12 07:00:00,0.46415,0.46611,0.46346,0.46346,4176.0
2025-10-12 07:15:00,0.46356,0.46433,0.46142,0.46142,1900.9
2025-10-12 07:30:00,0.4615,0.46177,0.4602,0.46138,2019.4
2025-10-12 07:45:00,0.46201,0.46305,0.4619,0.46221,40342.5
2025-10-12 08:00:00,0.46266,0.46408,0.46228,0.46311,100781.8
2025-10-12 08:15:00,0.46312,0.46422,0.46289,0.46332,20467.5
2025-10-12 08:30:00,0.46275,0.46275,0.45974,0.45978,3497.4
2025-10-12 08:45:00,0.459,0.45928,0.45672,0.45705,5274.7
2025-10-12 09:00:00,0.45642,0.45646,0.45232,0.45487,6639.8
2025-10-12 09:15:00,0.45546,0.45672,0.45505,0.4551,16456.2
2025-10-12 09:30:00,0.45493,0.45634,0.45431,0.45621,196467.0
2025-10-12 09:45:00,0.4565,0.4603,0.45631,0.46003,46438.7
2025-10-12 10:00:00,0.45987,0.46222,0.45763,0.45811,35029.8
2025-10-12 10:15:00,0.45823,0.45923,0.45621,0.45916,1785.3
2025-10-12 10:30:00,0.45796,0.45912,0.45734,0.45738,540.5
2025-10-12 10:45:00,0.4567,0.45792,0.45644,0.45661,1560.0
2025-10-12 11:00:00,0.45716,0.46056,0.45716,0.45973,6688.3
2025-10-12 11:15:00,0.45916,0.45916,0.45676,0.45814,4323.6
2025-10-12 11:30:00,0.45821,0.45875,0.45705,0.45803,5142.3
2025-10-12 11:45:00,0.45773,0.45793,0.45602,0.45697,13108.3
2025-10-12 12:00:00,0.45679,0.46065,0.45601,0.45966,860739.8
2025-10-12 12:15:00,0.4591,0.46174,0.45821,0.4615,685439.8
2025-10-12 12:30:00,0.46074,0.4622,0.45743,0.45946,265984.7
2025-10-12 12:45:00,0.45892,0.45947,0.45791,0.45889,1197.0
2025-10-12 13:00:00,0.45882,0.46173,0.45808,0.46083,18497.3
2025-10-12 13:15:00,0.46098,0.46098,0.4536,0.45616,34223.6
2025-10-12 13:30:00,0.45535,0.456,0.45141,0.45491,21819.0
2025-10-12 13:45:00,0.45242,0.45283,0.45018,0.45182,9094.9
2025-10-12 14:00:00,0.45176,0.45406,0.45167,0.45406,12313.2
2025-10-12 14:15:00,0.45436,0.45436,0.45246,0.45364,42653.2
2025-10-12 14:30:00,0.45407,0.45455,0.45107,0.45286,23116.9
2025-10-12 14:45:00,0.45373,0.47641,0.45373,0.4686,233435.4
2025-10-12 15:00:00,0.4695,0.48263,0.46904,0.48081,76917.0
2025-10-12 15:15:00,0.47952,0.48617,0.47829,0.48233,54513.4
2025-10-12 15:30:00,0.4819,0.4819,0.47324,0.47874,105863.5
2025-10-12 15:45:00,0.47772,0.48505,0.47772,0.48271,7279.6
2025-10-12 16:00:00,0.48455,0.4908,0.48455,0.48724,15876.1
2025-10-12 16:15:00,0.48601,0.48941,0.48509,0.48811,78415.5
2025-10-12 16:30:00,0.48789,0.4891,0.47971,0.4886,82830.3
2025-10-12 16:45:00,0.48883,0.49278,0.48265,0.48574,115358.0
2025-10-12 17:00:00,0.4873,0.48975,0.48609,0.48975,74287.6
2025-10-12 17:15:00,0.49205,0.49223,0.48783,0.4893,15127.4
2025-10-12 17:30:00,0.49018,0.49098,0.48875,0.48975,53424.1
2025-10-12 17:45:00,0.49141,0.49237,0.48628,0.48963,145096.2
2025-10-12 18:00:00,0.48985,0.49295,0.48974,0.49084,288776.4
2025-10-12 18:15:00,0.49161,0.49267,0.48815,0.4895,82056.4
2025-10-12 18:30:00,0.48935,0.49044,0.48359,0.48394,51133.6
2025-10-12 18:45:00,0.48337,0.48527,0.48228,0.48483,37020.8
2025-10-12 19:00:00,0.48526,0.4897,0.48526,0.48943,99958.1
2025-10-12 19:15:00,0.48987,0.49221,0.48987,0.49221,60808.7
2025-10-12 19:30:00,0.49287,0.49409,0.49145,0.49291,25609.6
2025-10-12 19:45:00,0.4935,0.49599,0.49225,0.49559,51451.5
2025-10-12 20:00:00,0.49518,0.49734,0.49433,0.49433,125828.4
2025-10-12 20:15:00,0.49268,0.49521,0.49254,0.49502,37796.9
2025-10-12 20:30:00,0.49354,0.4964,0.49354,0.49518,52777.5
2025-10-12 20:45:00,0.49517,0.49911,0.49228,0.49296,64974.5
2025-10-12 21:00:00,0.4931,0.49532,0.49126,0.49464,23360.4
2025-10-12 21:15:00,0.49482,0.49483,0.48635,0.48842,11513.7
2025-10-12 21:30:00,0.48928,0.48953,0.48374,0.48785,15193.5
2025-10-12 21:45:00,0.48784,0.49058,0.48784,0.48972,28688.3
2025-10-12 22:00:00,0.49033,0.49337,0.48804,0.48804,18043.4
2025-10-12 22:15:00,0.48945,0.49124,0.48704,0.48713,36630.6
2025-10-12 22:30:00,0.48759,0.4894,0.48627,0.48687,1215.5
2025-10-12 22:45:00,0.48708,0.4896,0.48624,0.48786,25516.9
2025-10-12 23:00:00,0.48755,0.48766,0.48443,0.48611,16470.8
2025-10-12 23:15:00,0.48405,0.4856,0.48223,0.48462,3422.7
2025-10-12 23:30:00,0.48512,0.48758,0.48462,0.48553,22952.7
2025-10-12 23:45:00,0.48583,0.48767,0.48522,0.48666,42621.6
2025-10-13 00:00:00,0.48666,0.48666,0.48279,0.48441,89490.9
2025-10-13 00:15:00,0.48511,0.49101,0.48455,0.48509,39779.3
2025-10-13 00:30:00,0.48465,0.48465,0.47846,0.48005,42191.5
2025-10-13 00:45:00,0.47951,0.48301,0.47929,0.48052,27557.2
2025-10-13 01:00:00,0.48057,0.48165,0.47766,0.47912,10868.7
2025-10-13 01:15:00,0.47878,0.48347,0.4785,0.48054,26737.7
2025-10-13 01:30:00,0.48041,0.4839,0.48041,0.48186,11918.6
2025-10-13 01:45:00,0.48205,0.48537,0.48166,0.48477,40360.8
2025-10-13 02:00:00,0.48536,0.48633,0.48147,0.48216,7048.9
2025-10-13 02:15:00,0.48153,0.48278,0.48,0.48038,6318.8
2025-10-13 02:30:00,0.48028,0.48159,0.47998,0.4807,1768.6
2025-10-13 02:45:00,0.48068,0.48326,0.48061,0.48218,42071.5
2025-10-13 03:00:00,0.48337,0.48518,0.48312,0.48376,12555.0
2025-10-13 03:15:00,0.4826,0.48361,0.48182,0.48263,12985.3
2025-10-13 03:30:00,0.48297,0.48307,0.47926,0.47974,738.3
2025-10-13 03:45:00,0.48013,0.48013,0.4777,0.47864,2712.8
2025-10-13 04:00:00,0.47909,0.47959,0.47608,0.47608,48277.6
2025-10-13 04:15:00,0.47696,0.47818,0.47522,0.47556,10949.7
2025-10-13 04:30:00,0.47625,0.47958,0.47625,0.47737,2208.9
2025-10-13 04:45:00,0.47662,0.48015,0.47662,0.4799,6929.5
2025-10-13 05:00:00,0.4799,0.4804,0.47714,0.47814,2057.7
2025-10-13 05:15:00,0.4783,0.47909,0.47723,0.47902,11901.8
2025-10-13 05:30:00,0.47795,0.47916,0.47691,0.47691,1469.2
2025-10-13 05:45:00,0.47668,0.47827,0.47641,0.47659,40421.6
2025-10-13 06:00:00,0.47683,0.47994,0.47401,0.47983,5967.1
2025-10-13 06:15:00,0.47981,0.48101,0.47822,0.48101,13618.6
2025-10-13 06:30:00,0.48122,0.48554,0.48072,0.48099,21031.0
2025-10-13 06:45:00,0.4805,0.48452,0.48007,0.48428,1544.3
2025-10-13 07:00:00,0.48441,0.4882,0.48298,0.48726,2347.9
2025-10-13 07:15:00,0.48734,0.49199,0.48713,0.49165,40392.3
2025-10-13 07:30:00,0.4916,0.49387,0.49023,0.49185,259410.5
2025-10-13 07:45:00,0.49168,0.49168,0.48607,0.48653,40386.1
2025-10-13 08:00:00,0.48653,0.49034,0.48553,0.49004,38431.1
2025-10-13 08:15:00,0.48962,0.49189,0.48869,0.49189,12623.6
2025-10-13 08:30:00,0.49262,0.4963,0.49262,0.49486,16323.6
2025-10-13 08:45:00,0.49496,0.49591,0.49229,0.49411,12952.1
2025-10-13 09:00:00,0.49484,0.49484,0.49023,0.49027,45045.7
2025-10-13 09:15:00,0.49036,0.49099,0.48815,0.48815,26622.2
2025-10-13 09:30:00,0.48844,0.4925,0.48844,0.49189,931.1
2025-10-13 09:45:00,0.49151,0.49574,0.49128,0.49574,16985.2
2025-10-13 10:00:00,0.4961,0.4966,0.49461,0.49508,18782.1
2025-10-13 10:15:00,0.4936,0.49818,0.4936,0.4952,53638.4
2025-10-13 10:30:00,0.49484,0.49553,0.49295,0.49477,596.1
2025-10-13 10:45:00,0.49417,0.49697,0.4939,0.49498,6616.3
2025-10-13 11:00:00,0.49016,0.49362,0.485,0.49022,73905.6
2025-10-13 11:15:00,0.48946,0.48958,0.47336,0.47336,38416.8
2025-10-13 11:30:00,0.47336,0.48194,0.47186,0.48083,172676.0
2025-10-13 11:45:00,0.48212,0.48248,0.47864,0.48022,107492.0
2025-10-13 12:00:00,0.47913,0.48752,0.4767,0.48667,86191.6
2025-10-13 12:15:00,0.48621,0.48621,0.48193,0.48288,6753.9
2025-10-13 12:30:00,0.48384,0.49055,0.48384,0.48727,86397.4
2025-10-13 12:45:00,0.48744,0.4883,0.48171,0.48208,109106.7
2025-10-13 13:00:00,0.48187,0.48312,0.47901,0.47932,20684.6
2025-10-13 13:15:00,0.48043,0.48285,0.47738,0.47831,13340.9
2025-10-13 13:30:00,0.47811,0.49475,0.47809,0.48595,275274.4
2025-10-13 13:45:00,0.48574,0.48862,0.47968,0.48862,77823.8
2025-10-13 14:00:00,0.48732,0.48809,0.48363,0.4848,38785.3
2025-10-13 14:15:00,0.48298,0.4845,0.47456,0.47636,46988.6
2025-10-13 14:30:00,0.47445,0.47927,0.47043,0.47604,409751.1
2025-10-13 14:45:00,0.47472,0.47472,0.46973,0.471,65509.0
2025-10-13 15:00:00,0.47296,0.47895,0.47218,0.47673,295413.2
2025-10-13 15:15:00,0.47812,0.48241,0.47697,0.47754,150109.2
2025-10-13 15:30:00,0.47715,0.47941,0.47596,0.47677,29134.1
2025-10-13 15:45:00,0.47724,0.48175,0.47724,0.47858,305150.0
2025-10-13 16:00:00,0.47877,0.48051,0.47766,0.47844,102604.5
2025-10-13 16:15:00,0.47853,0.47853,0.47213,0.47472,38281.1
2025-10-13 16:30:00,0.47535,0.47535,0.47155,0.47235,34876.8
2025-10-13 16:45:00,0.47233,0.47668,0.47184,0.47497,67117.4
2025-10-13 17:00:00,0.47415,0.48103,0.47405,0.47578,34735.8
2025-10-13 17:15:00,0.47638,0.47817,0.47463,0.47615,66847.7
2025-10-13 17:30:00,0.47615,0.47876,0.47507,0.47583,14799.7
2025-10-13 17:45:00,0.4757,0.48734,0.47448,0.48734,201721.6
2025-10-13 18:00:00,0.48748,0.48748,0.48086,0.48475,136126.6
2025-10-13 18:15:00,0.48554,0.49668,0.48554,0.49546,511104.1
2025-10-13 18:30:00,0.49601,0.49787,0.49417,0.49755,127944.1
2025-10-13 18:45:00,0.49736,0.49756,0.48986,0.49217,65638.7
2025-10-13 19:00:00,0.49245,0.4975,0.49231,0.4975,93157.7
2025-10-13 19:15:00,0.49555,0.49871,0.49555,0.49682,118124.1
2025-10-13 19:30:00,0.49791,0.50189,0.49768,0.50159,139644.2
2025-10-13 19:45:00,0.50251,0.50368,0.49962,0.50281,138928.9
2025-10-13 20:00:00,0.50311,0.5044,0.50081,0.50208,67855.4
2025-10-13 20:15:00,0.50185,0.50277,0.5,0.50263,83739.4
2025-10-13 20:30:00,0.50231,0.50545,0.50214,0.50542,25728.4
2025-10-13 20:45:00,0.50476,0.50907,0.50474,0.50907,25554.5
2025-10-13 21:00:00,0.50964,0.51129,0.50747,0.50815,20697.2
2025-10-13 21:15:00,0.50663,0.51052,0.50575,0.5072,45998.3
2025-10-13 21:30:00,0.50751,0.50896,0.50562,0.5079,76206.2
2025-10-13 21:45:00,0.5078,0.50881,0.50516,0.50551,85004.4
2025-10-13 22:00:00,0.50539,0.50815,0.50534,0.50644,39666.5
2025-10-13 22:15:00,0.50644,0.50847,0.50514,0.50516,26854.7
2025-10-13 22:30:00,0.50513,0.5062,0.50368,0.50585,34782.9
2025-10-13 22:45:00,0.50595,0.50855,0.50481,0.50727,193155.5
2025-10-13 23:00:00,0.50632,0.50854,0.50492,0.50647,71649.8
2025-10-13 23:15:00,0.50645,0.50797,0.50589,0.50731,78962.4
2025-10-13 23:30:00,0.50731,0.50948,0.5062,0.50747,30816.2
2025-10-13 23:45:00,0.5071,0.5071,0.50184,0.50185,24865.5
2025-10-14 00:00:00,0.50151,0.50385,0.50151,0.50193,161067.5
2025-10-14 00:15:00,0.50219,0.50567,0.50219,0.5029,12926.7
2025-10-14 00:30:00,0.5031,0.50491,0.50076,0.50198,205584.1
2025-10-14 00:45:00,0.50221,0.50226,0.49947,0.50078,28395.9
2025-10-14 01:00:00,0.5006,0.501,0.4961,0.49802,8477.9
2025-10-14 01:15:00,0.49799,0.50168,0.49742,0.50007,11393.2
2025-10-14 01:30:00,0.50035,0.50227,0.50017,0.50227,4014.3
2025-10-14 01:45:00,0.50213,0.50242,0.49998,0.50161,28196.3
2025-10-14 02:00:00,0.50148,0.50194,0.49709,0.49749,110273.0
2025-10-14 02:15:00,0.49737,0.49752,0.49276,0.49548,69048.4
2025-10-14 02:30:00,0.49535,0.49765,0.49265,0.49371,26335.0
2025-10-14 02:45:00,0.49394,0.49446,0.49098,0.49265,5106.4
2025-10-14 03:00:00,0.49267,0.49272,0.48706,0.48821,86916.0
2025-10-14 03:15:00,0.48867,0.4904,0.48526,0.48567,31996.2
2025-10-14 03:30:00,0.4858,0.48852,0.48571,0.48695,4332.2
2025-10-14 03:45:00,0.487,0.48935,0.4854,0.48608,74085.6
2025-10-14 04:00:00,0.48567,0.48747,0.48105,0.48312,143003.4
2025-10-14 04:15:00,0.48312,0.48478,0.48226,0.48392,20734.6
2025-10-14 04:30:00,0.48366,0.48366,0.47794,0.47944,37485.7
2025-10-14 04:45:00,0.47885,0.47986,0.47409,0.47673,43648.8
2025-10-14 05:00:00,0.47608,0.48065,0.47608,0.48019,56727.1
2025-10-14 05:15:00,0.48014,0.48114,0.4773,0.47745,195963.0
2025-10-14 05:30:00,0.47782,0.47794,0.4689,0.47114,532707.1
2025-10-14 05:45:00,0.47058,0.47383,0.47058,0.47237,42511.9
2025-10-14 06:00:00,0.47261,0.47611,0.47261,0.47321,93967.7
2025-10-14 06:15:00,0.47251,0.47287,0.46828,0.46972,21557.8
2025-10-14 06:30:00,0.46977,0.47132,0.45991,0.45993,146550.5
2025-10-14 06:45:00,0.46065,0.46308,0.45,0.45984,292314.1
2025-10-14 07:00:00,0.46001,0.46137,0.45615,0.45947,45629.3
2025-10-14 07:15:00,0.45858,0.46234,0.45702,0.46006,237338.9
2025-10-14 07:30:00,0.4595,0.4595,0.45527,0.45657,27420.3
2025-10-14 07:45:00,0.45697,0.45874,0.45586,0.45807,184640.7
2025-10-14 08:00:00,0.45815,0.45906,0.45461,0.45905,45792.1
2025-10-14 08:15:00,0.45871,0.45967,0.455,0.45944,30513.9
2025-10-14 08:30:00,0.45992,0.47241,0.45992,0.47159,97722.1
2025-10-14 08:45:00,0.47214,0.47626,0.46955,0.47347,113539.0
2025-10-14 09:00:00,0.47359,0.47881,0.47171,0.47531,242484.2
2025-10-14 09:15:00,0.47487,0.47589,0.47186,0.47243,54775.7
2025-10-14 09:30:00,0.47206,0.47501,0.47205,0.47341,137890.6
2025-10-14 09:45:00,0.4733,0.4735,0.46813,0.46964,33608.5
2025-10-14 10:00:00,0.46953,0.46953,0.46094,0.46094,35863.7
2025-10-14 10:15:00,0.46114,0.46114,0.45721,0.45909,26946.6
2025-10-14 10:30:00,0.45919,0.46233,0.45366,0.45755,46089.3
2025-10-14 10:45:00,0.45736,0.45936,0.45586,0.45849,17448.0
2025-10-14 11:00:00,0.45854,0.4614,0.45766,0.46087,39941.7
2025-10-14 11:15:00,0.46042,0.46042,0.45819,0.45819,13348.6
2025-10-14 11:30:00,0.45838,0.46177,0.45827,0.4586,11636.6
2025-10-14 11:45:00,0.45903,0.46046,0.45794,0.45862,9531.9
2025-10-14 12:00:00,0.4586,0.45925,0.45544,0.45869,193320.0
2025-10-14 12:15:00,0.45862,0.45876,0.45579,0.45686,10502.2
2025-10-14 12:30:00,0.45708,0.45802,0.45413,0.45517,23672.8
2025-10-14 12:45:00,0.45599,0.45713,0.45334,0.45334,13782.2
2025-10-14 13:00:00,0.45384,0.45488,0.45191,0.45253,79161.9
2025-10-14 13:15:00,0.45351,0.45776,0.45209,0.45776,35000.6
2025-10-14 13:30:00,0.45669,0.45974,0.44965,0.45528,83882.7
2025-10-14 13:45:00,0.45457,0.46148,0.45438,0.45757,59387.3
2025-10-14 14:00:00,0.45756,0.46071,0.45584,0.46071,10262.3
2025-10-14 14:15:00,0.46194,0.4668,0.46144,0.46192,54946.6
2025-10-14 14:30:00,0.46009,0.46416,0.45766,0.46332,9976.5
2025-10-14 14:45:00,0.46521,0.467,0.46034,0.46151,4168.2
2025-10-14 15:00:00,0.46069,0.46594,0.46006,0.46055,39475.4
2025-10-14 15:15:00,0.45999,0.46384,0.45875,0.46264,22392.5
2025-10-14 15:30:00,0.46518,0.47,0.46423,0.47,6972.1
2025-10-14 15:45:00,0.47031,0.4764,0.46916,0.47544,18992.3
2025-10-14 16:00:00,0.4754,0.47678,0.47094,0.47474,59441.4
2025-10-14 16:15:00,0.47611,0.48441,0.47443,0.48034,147848.4
2025-10-14 16:30:00,0.48087,0.48087,0.4757,0.47888,63446.2
2025-10-14 16:45:00,0.47937,0.48229,0.47491,0.47491,53092.1
2025-10-14 17:00:00,0.47524,0.48376,0.46962,0.48344,190266.9
2025-10-14 17:15:00,0.48295,0.48431,0.48193,0.48236,258386.7
2025-10-14 17:30:00,0.48271,0.48413,0.47943,0.48138,34193.8
2025-10-14 17:45:00,0.48121,0.48386,0.47985,0.48011,2958.8
2025-10-14 18:00:00,0.48042,0.48655,0.4802,0.48655,55803.2
2025-10-14 18:15:00,0.48705,0.48785,0.48451,0.48559,41489.1
2025-10-14 18:30:00,0.48643,0.48685,0.48265,0.48392,4338.4
2025-10-14 18:45:00,0.48381,0.48678,0.48227,0.48365,20661.0
2025-10-14 19:00:00,0.4838,0.4838,0.48216,0.48358,10791.9
2025-10-14 19:15:00,0.48422,0.48655,0.48384,0.48446,17285.1
2025-10-14 19:30:00,0.48456,0.48485,0.47214,0.47303,105930.1
2025-10-14 19:45:00,0.47241,0.48091,0.47241,0.47981,30968.0
2025-10-14 20:00:00,0.48017,0.48165,0.47659,0.47803,8406.7
2025-10-14 20:15:00,0.47755,0.48062,0.47744,0.47974,152310.6
2025-10-14 20:30:00,0.47913,0.48215,0.47913,0.48215,40565.2
2025-10-14 20:45:00,0.4818,0.48385,0.48173,0.48251,67010.8
2025-10-14 21:00:00,0.48303,0.48309,0.47902,0.47902,1823.5
2025-10-14 21:15:00,0.47954,0.48138,0.47942,0.48138,57163.4
2025-10-14 21:30:00,0.48158,0.48187,0.47979,0.48126,1052.2
2025-10-14 21:45:00,0.4814,0.48383,0.48075,0.48383,10637.8
2025-10-14 22:00:00,0.48435,0.48738,0.48435,0.48738,25776.9
2025-10-14 22:15:00,0.48637,0.48637,0.48444,0.48444,4180.9
2025-10-14 22:30:00,0.48435,0.48453,0.48287,0.48325,10707.0
2025-10-14 22:45:00,0.48301,0.48301,0.48059,0.48261,738.9
2025-10-14 23:00:00,0.48253,0.48499,0.48252,0.4843,6906.0
2025-10-14 23:15:00,0.48449,0.48493,0.48363,0.48435,13300.1
2025-10-14 23:30:00,0.48464,0.48522,0.4839,0.4843,13221.6
2025-10-14 23:45:00,0.4841,0.48594,0.4841,0.48448,3677.6
2025-10-15 00:00:00,0.48495,0.48515,0.48187,0.48259,43329.2
2025-10-15 00:15:00,0.48179,0.48253,0.48107,0.48193,6887.6
2025-10-15 00:30:00,0.48245,0.48245,0.47957,0.4818,6874.0
2025-10-15 00:45:00,0.48199,0.48381,0.48128,0.48371,13379.2
2025-10-15 01:00:00,0.48401,0.48401,0.47887,0.48184,95872.1
2025-10-15 01:15:00,0.48046,0.48118,0.47935,0.47936,546.0
2025-10-15 01:30:00,0.47819,0.48021,0.47819,0.47873,847.1
2025-10-15 01:45:00,0.47955,0.48224,0.47918,0.48224,17959.5
2025-10-15 02:00:00,0.48298,0.48298,0.48165,0.48262,21481.4
2025-10-15 02:15:00,0.48451,0.48755,0.48368,0.48755,5164.5
2025-10-15 02:30:00,0.48571,0.48571,0.48373,0.48393,662.1
2025-10-15 02:45:00,0.48384,0.48492,0.48343,0.48363,3314.7
2025-10-15 03:00:00,0.48418,0.48418,0.48233,0.48233,747.6
2025-10-15 03:15:00,0.48166,0.48239,0.47964,0.48187,1191.9
2025-10-15 03:30:00,0.48164,0.48164,0.47756,0.47772,177649.7
2025-10-15 03:45:00,0.47709,0.47875,0.47555,0.47855,2419.1
2025-10-15 04:00:00,0.47867,0.47887,0.47696,0.47845,3198.1
2025-10-15 04:15:00,0.47858,0.48099,0.47858,0.48053,4053.4
2025-10-15 04:30:00,0.48106,0.48106,0.47938,0.48,881.4
2025-10-15 04:45:00,0.48075,0.48467,0.48075,0.48386,2119.6
2025-10-15 05:00:00,0.48416,0.48637,0.48416,0.48627,4161.4
2025-10-15 05:15:00,0.48524,0.48657,0.48149,0.48149,17672.7
2025-10-15 05:30:00,0.48205,0.48321,0.48038,0.48321,2684.8
2025-10-15 05:45:00,0.48277,0.48277,0.48076,0.48162,4864.2
2025-10-15 06:00:00,0.48173,0.48235,0.47905,0.47956,173401.3
2025-10-15 06:15:00,0.47996,0.47996,0.4765,0.47849,912.5
2025-10-15 06:30:00,0.47816,0.4845,0.47729,0.48237,8105.4
2025-10-15 06:45:00,0.48252,0.48366,0.48252,0.48359,167273.6
2025-10-15 07:00:00,0.48361,0.48532,0.48324,0.48532,13321.2
2025-10-15 07:15:00,0.48573,0.48683,0.48353,0.48353,18395.4
2025-10-15 07:30:00,0.48363,0.48437,0.48266,0.48266,103608.8
2025-10-15 07:45:00,0.48286,0.48661,0.48266,0.48641,113778.2
2025-10-15 08:00:00,0.48633,0.48849,0.48548,0.48563,12644.5
2025-10-15 08:15:00,0.48673,0.48829,0.48542,0.48797,29055.6
2025-10-15 08:30:00,0.48841,0.49304,0.48841,0.49013,54047.1
2025-10-15 08:45:00,0.48992,0.48992,0.48477,0.48496,49738.7
2025-10-15 09:00:00,0.48368,0.485,0.48299,0.48376,10192.6
2025-10-15 09:15:00,0.48379,0.48379,0.47995,0.4802,4296.9
2025-10-15 09:30:00,0.4803,0.48104,0.47867,0.47974,5164.0
2025-10-15 09:45:00,0.48055,0.48107,0.47846,0.47892,11362.9
2025-10-15 10:00:00,0.47943,0.48139,0.47842,0.48121,8312.1
2025-10-15 10:15:00,0.48147,0.48147,0.47784,0.47836,4398.1
2025-10-15 10:30:00,0.47791,0.47883,0.47664,0.47846,610.6
2025-10-15 10:45:00,0.4793,0.4793,0.4774,0.47843,4840.3
2025-10-15 11:00:00,0.47947,0.47947,0.47725,0.47728,7208.8
2025-10-15 11:15:00,0.47729,0.47729,0.47269,0.47684,34210.0
2025-10-15 11:30:00,0.47626,0.47763,0.47492,0.47734,20907.2
2025-10-15 11:45:00,0.47699,0.47714,0.47506,0.47528,9476.4
2025-10-15 12:00:00,0.47509,0.47548,0.47364,0.47404,5873.5
2025-10-15 12:15:00,0.47352,0.47381,0.46645,0.46645,166119.9
2025-10-15 12:30:00,0.4688,0.47005,0.46645,0.46829,331302.5
2025-10-15 12:45:00,0.46829,0.47102,0.46829,0.47069,154405.3
2025-10-15 13:00:00,0.47073,0.47077,0.4657,0.46765,20646.3
2025-10-15 13:15:00,0.46764,0.46972,0.46714,0.46814,28925.4
2025-10-15 13:30:00,0.46722,0.47374,0.46624,0.46963,43670.3
2025-10-15 13:45:00,0.46954,0.47033,0.45993,0.46937,136271.6
2025-10-15 14:00:00,0.47024,0.476,0.47023,0.47537,34467.6
2025-10-15 14:15:00,0.47537,0.47635,0.47306,0.47364,76793.1
2025-10-15 14:30:00,0.47415,0.47415,0.4685,0.46873,19633.4
2025-10-15 14:45:00,0.46925,0.46925,0.4642,0.46595,1394.1
2025-10-15 15:00:00,0.46548,0.47003,0.46416,0.46659,10132.7
2025-10-15 15:15:00,0.46714,0.46942,0.46518,0.4673,83607.7
2025-10-15 15:30:00,0.46638,0.46638,0.46187,0.46227,25899.9
2025-10-15 15:45:00,0.46218,0.46348,0.45968,0.46311,372576.6
2025-10-15 16:00:00,0.46321,0.46438,0.46127,0.46301,65848.7
2025-10-15 16:15:00,0.46136,0.46479,0.46136,0.46349,10931.0
2025-10-15 16:30:00,0.46389,0.46408,0.46139,0.46139,76548.8
2025-10-15 16:45:00,0.46211,0.46425,0.46161,0.46161,46452.5
2025-10-15 17:00:00,0.4619,0.4619,0.45804,0.45813,16269.9
2025-10-15 17:15:00,0.45793,0.46124,0.45774,0.45946,12570.8
2025-10-15 17:30:00,0.45927,0.46125,0.45818,0.46056,13114.1
2025-10-15 17:45:00,0.46173,0.46362,0.46173,0.46362,91151.2
2025-10-15 18:00:00,0.46381,0.46381,0.46001,0.46154,227038.1
2025-10-15 18:15:00,0.46294,0.46327,0.46157,0.46205,1153.6
2025-10-15 18:30:00,0.46219,0.46275,0.46086,0.46086,6208.6
2025-10-15 18:45:00,0.46026,0.46356,0.46025,0.4633,2960.0
2025-10-15 19:00:00,0.46275,0.46275,0.45936,0.46034,4215.8
2025-10-15 19:15:00,0.46015,0.46224,0.46015,0.46214,2694.6
2025-10-15 19:30:00,0.46173,0.46192,0.45802,0.45878,7172.5
2025-10-15 19:45:00,0.45893,0.45947,0.456,0.45736,8246.2
2025-10-15 20:00:00,0.45761,0.45959,0.45761,0.45776,19274.1
2025-10-15 20:15:00,0.45784,0.45977,0.45551,0.45551,14374.9
2025-10-15 20:30:00,0.4554,0.45837,0.44961,0.45808,27187.5
2025-10-15 20:45:00,0.45809,0.45846,0.45413,0.45413,4544.0
2025-10-15 21:00:00,0.45435,0.45616,0.45108,0.45326,16179.9
2025-10-15 21:15:00,0.45259,0.45718,0.45259,0.4569,18329.4
2025-10-15 21:30:00,0.45592,0.45868,0.45592,0.45697,2396.8
2025-10-15 21:45:00,0.45691,0.45691,0.45164,0.45324,14508.4
2025-10-15 22:00:00,0.45323,0.45551,0.4531,0.45551,4050.5
2025-10-15 22:15:00,0.45548,0.45686,0.4548,0.45498,10451.4
2025-10-15 22:30:00,0.45491,0.45627,0.45463,0.45535,31278.8
2025-10-15 22:45:00,0.45554,0.45554,0.45208,0.45305,3365.4
2025-10-15 23:00:00,0.45314,0.45515,0.4522,0.45515,583.3
2025-10-15 23:15:00,0.4549,0.45551,0.45376,0.45471,2195.2
2025-10-15 23:30:00,0.45561,0.45707,0.45511,0.45642,13109.6
2025-10-15 23:45:00,0.45678,0.45678,0.45453,0.45543,1092.4
2025-10-16 00:00:00,0.45571,0.45623,0.45298,0.45298,68981.0
2025-10-16 00:15:00,0.45388,0.45664,0.45343,0.45603,2014.5
2025-10-16 00:30:00,0.45532,0.45534,0.4539,0.45448,1487.6
2025-10-16 00:45:00,0.45476,0.45587,0.45346,0.45365,3750.3
2025-10-16 01:00:00,0.45419,0.45857,0.45419,0.4572,836.9
2025-10-16 01:15:00,0.45729,0.4581,0.45565,0.45627,4428.4
2025-10-16 01:30:00,0.45647,0.45787,0.45647,0.45754,1077.8
2025-10-16 01:45:00,0.45714,0.46048,0.45702,0.45986,10040.4
2025-10-16 02:00:00,0.45999,0.46221,0.45856,0.46045,14237.9
2025-10-16 02:15:00,0.46024,0.46099,0.45972,0.46099,3672.2
2025-10-16 02:30:00,0.45973,0.46004,0.45656,0.45733,1881.9
2025-10-16 02:45:00,0.45684,0.46038,0.45653,0.46027,4410.4
2025-10-16 03:00:00,0.46013,0.46089,0.45803,0.45803,44419.0
2025-10-16 03:15:00,0.4581,0.45994,0.45782,0.45954,117086.4
2025-10-16 03:30:00,0.45825,0.45859,0.45667,0.45794,177581.5
2025-10-16 03:45:00,0.45773,0.4578,0.45593,0.45593,74864.8
2025-10-16 04:00:00,0.45621,0.4596,0.45621,0.45907,8737.0
2025-10-16 04:15:00,0.45957,0.46041,0.45899,0.4602,8362.7
2025-10-16 04:30:00,0.4603,0.46132,0.45817,0.45817,227162.8
2025-10-16 04:45:00,0.45727,0.4583,0.45566,0.45743,44519.9
2025-10-16 05:00:00,0.45728,0.45798,0.45548,0.45798,21638.0
2025-10-16 05:15:00,0.45816,0.45816,0.45632,0.45696,3503.6
2025-10-16 05:30:00,0.45771,0.46029,0.45771,0.45972,7476.8
2025-10-16 05:45:00,0.45985,0.45985,0.455,0.45667,1315.1
2025-10-16 06:00:00,0.45671,0.45787,0.45671,0.45777,25380.4
2025-10-16 06:15:00,0.45803,0.46006,0.45803,0.46006,1279.4
2025-10-16 06:30:00,0.46063,0.46177,0.46054,0.46144,6718.6
2025-10-16 06:45:00,0.46074,0.46311,0.46044,0.46114,11791.3
2025-10-16 07:00:00,0.46211,0.46211,0.45942,0.46002,663.6
2025-10-16 07:15:00,0.4597,0.4597,0.45644,0.45644,22768.8
2025-10-16 07:30:00,0.4565,0.45888,0.4565,0.45888,83542.6
2025-10-16 07:45:00,0.45867,0.45878,0.45693,0.45714,16440.9
2025-10-16 08:00:00,0.45783,0.45827,0.45546,0.4579,59610.6
2025-10-16 08:15:00,0.45795,0.45795,0.45474,0.45474,9998.9
2025-10-16 08:30:00,0.45473,0.45523,0.45196,0.45364,23054.4
2025-10-16 08:45:00,0.45332,0.45408,0.45318,0.4535,1378.2
2025-10-16 09:00:00,0.45353,0.45596,0.45225,0.45513,4356.5
2025-10-16 09:15:00,0.45486,0.45664,0.45317,0.45317,2233.9
2025-10-16 09:30:00,0.45291,0.45322,0.43985,0.45206,573453.1
2025-10-16 09:45:00,0.45364,0.45951,0.45294,0.4568,123579.4
2025-10-16 10:00:00,0.45626,0.46129,0.45626,0.4606,159629.2
2025-10-16 10:15:00,0.45989,0.4632,0.45919,0.45927,78766.3
2025-10-16 10:30:00,0.45876,0.45985,0.45833,0.45892,35334.0
2025-10-16 10:45:00,0.45981,0.46012,0.45826,0.45876,20171.0
2025-10-16 11:00:00,0.45939,0.46093,0.45845,0.45934,7120.8
2025-10-16 11:15:00,0.45961,0.45979,0.4571,0.4571,182998.5
2025-10-16 11:30:00,0.45618,0.45857,0.45618,0.45815,6870.3
2025-10-16 11:45:00,0.45943,0.46069,0.4586,0.46069,3255.7
2025-10-16 12:00:00,0.46072,0.46361,0.45992,0.45992,24704.4
2025-10-16 12:15:00,0.46046,0.46159,0.45992,0.46071,17322.9
2025-10-16 12:30:00,0.4613,0.46321,0.46012,0.46187,15915.3
2025-10-16 12:45:00,0.46279,0.46301,0.4608,0.4608,1597.9
2025-10-16 13:00:00,0.46037,0.46197,0.45955,0.45959,9513.3
2025-10-16 13:15:00,0.45982,0.46134,0.45797,0.46046,11863.9
2025-10-16 13:30:00,0.45998,0.46325,0.45998,0.46095,10374.9
2025-10-16 13:45:00,0.46185,0.46215,0.45697,0.45868,6674.3
2025-10-16 14:00:00,0.45808,0.45832,0.45247,0.453,34373.2
2025-10-16 14:15:00,0.45259,0.45425,0.44891,0.45063,45050.9
2025-10-16 14:30:00,0.45163,0.46018,0.45123,0.45968,33097.3
2025-10-16 14:45:00,0.45968,0.45968,0.45261,0.45261,25577.2
2025-10-16 15:00:00,0.45286,0.45377,0.44952,0.45271,14907.2
2025-10-16 15:15:00,0.45252,0.45295,0.4463,0.4464,2940.3
2025-10-16 15:30:00,0.44629,0.44838,0.44215,0.44394,29667.7
2025-10-16 15:45:00,0.44016,0.44166,0.43514,0.43686,62135.2
2025-10-16 16:00:00,0.43641,0.43984,0.42957,0.43828,166641.5
2025-10-16 16:15:00,0.43774,0.4388,0.43346,0.4343,55356.6
2025-10-16 16:30:00,0.43452,0.44005,0.43243,0.43792,36300.2
2025-10-16 16:45:00,0.43734,0.44837,0.4368,0.44837,26616.0
2025-10-16 17:00:00,0.44847,0.44847,0.44361,0.44428,64611.8
2025-10-16 17:15:00,0.44372,0.44778,0.44372,0.44611,2992.0
2025-10-16 17:30:00,0.44685,0.44685,0.44187,0.44196,5350.6
2025-10-16 17:45:00,0.44088,0.44233,0.44012,0.44076,11119.5
2025-10-16 18:00:00,0.44079,0.44085,0.43654,0.43675,25325.7
2025-10-16 18:15:00,0.4366,0.43814,0.43526,0.43526,11391.7
2025-10-16 18:30:00,0.43559,0.44041,0.4353,0.43942,33240.7
2025-10-16 18:45:00,0.43955,0.44038,0.43681,0.43757,7720.4
2025-10-16 19:00:00,0.43879,0.43942,0.43463,0.43463,53960.4
2025-10-16 19:15:00,0.43535,0.43543,0.43092,0.43207,19276.1
2025-10-16 19:30:00,0.43267,0.43267,0.42714,0.42876,37588.6
2025-10-16 19:45:00,0.42919,0.43301,0.42699,0.42934,57767.3
2025-10-16 20:00:00,0.43062,0.43123,0.42791,0.42791,66206.5
2025-10-16 20:15:00,0.42781,0.42943,0.42441,0.42645,47476.8
2025-10-16 20:30:00,0.42535,0.42611,0.42071,0.4235,31009.2
2025-10-16 20:45:00,0.42364,0.42534,0.42308,0.42403,40014.9
2025-10-16 21:00:00,0.42433,0.42513,0.42332,0.4245,9102.0
2025-10-16 21:15:00,0.42481,0.427,0.42454,0.42641,13547.6
2025-10-16 21:30:00,0.42671,0.42865,0.42671,0.4274,7837.3
2025-10-16 21:45:00,0.42762,0.42947,0.42762,0.42947,18002.6
2025-10-16 22:00:00,0.43019,0.43019,0.42602,0.42602,7925.1
2025-10-16 22:15:00,0.42645,0.42715,0.42586,0.42643,2202.5
2025-10-16 22:30:00,0.42589,0.42676,0.42432,0.42432,3030.0
2025-10-16 22:45:00,0.424,0.42547,0.42271,0.42308,20809.7
2025-10-16 23:00:00,0.4225,0.42557,0.4225,0.42557,3376.6
2025-10-16 23:15:00,0.42559,0.4279,0.42559,0.42649,11918.2
2025-10-16 23:30:00,0.42631,0.42694,0.42515,0.42564,10020.6
2025-10-16 23:45:00,0.42606,0.42719,0.42584,0.42718,2920.7
2025-10-17 00:00:00,0.42672,0.42742,0.42644,0.42693,15738.0
2025-10-17 00:15:00,0.42674,0.42781,0.42631,0.42689,4986.4
2025-10-17 00:30:00,0.42668,0.42845,0.42664,0.42691,7456.9
2025-10-17 00:45:00,0.42653,0.42788,0.42517,0.42769,7876.2
2025-10-17 01:00:00,0.42813,0.43227,0.42809,0.4305,591620.2
2025-10-17 01:15:00,0.43049,0.4318,0.42888,0.42977,217767.5
2025-10-17 01:30:00,0.42997,0.42997,0.4263,0.42741,21895.1
2025-10-17 01:45:00,0.4276,0.42847,0.4266,0.42819,14439.7
2025-10-17 02:00:00,0.42859,0.42958,0.42663,0.42691,79857.0
2025-10-17 02:15:00,0.42637,0.42686,0.424,0.42445,48987.3
2025-10-17 02:30:00,0.42445,0.42743,0.42437,0.42711,19827.2
2025-10-17 02:45:00,0.4273,0.42821,0.42645,0.42804,28144.8
2025-10-17 03:00:00,0.42873,0.42962,0.42826,0.42894,897.0
2025-10-17 03:15:00,0.42906,0.43034,0.42875,0.42935,3600.6
2025-10-17 03:30:00,0.42899,0.43074,0.4286,0.42875,4940.3
2025-10-17 03:45:00,0.42948,0.4316,0.42948,0.43156,51317.3
2025-10-17 04:00:00,0.43168,0.43242,0.43118,0.43229,1692.5
2025-10-17 04:15:00,0.43239,0.43309,0.43135,0.43157,5425.0
2025-10-17 04:30:00,0.43171,0.43395,0.43165,0.43301,4816.0
2025-10-17 04:45:00,0.43238,0.43299,0.43082,0.4312,49948.5
2025-10-17 05:00:00,0.431,0.431,0.42971,0.43033,4159.5
2025-10-17 05:15:00,0.43007,0.43134,0.42866,0.43117,713.1
2025-10-17 05:30:00,0.42994,0.43034,0.42758,0.42792,12418.6
2025-10-17 05:45:00,0.42848,0.42848,0.42635,0.42682,2953.3
2025-10-17 06:00:00,0.42776,0.42911,0.42702,0.428,3510.7
2025-10-17 06:15:00,0.4285,0.4285,0.42303,0.42395,100284.4
2025-10-17 06:30:00,0.42462,0.42462,0.41565,0.41788,40219.7
2025-10-17 06:45:00,0.4182,0.4182,0.41172,0.41375,66943.1
2025-10-17 07:00:00,0.41338,0.4137,0.40521,0.40716,83002.7
2025-10-17 07:15:00,0.40854,0.411,0.40619,0.40657,131884.4
2025-10-17 07:30:00,0.40687,0.40705,0.4024,0.40375,22694.5
2025-10-17 07:45:00,0.40394,0.40634,0.4,0.40103,17020.9
2025-10-17 08:00:00,0.40192,0.40349,0.39838,0.40142,63444.5
2025-10-17 08:15:00,0.4003,0.40066,0.3943,0.39766,118449.8
2025-10-17 08:30:00,0.39786,0.40335,0.39786,0.3996,83650.4
2025-10-17 08:45:00,0.3993,0.39943,0.39738,0.39855,42641.6
2025-10-17 09:00:00,0.3997,0.40292,0.39913,0.40103,49986.1
2025-10-17 09:15:00,0.40178,0.40392,0.401,0.40392,29358.0
2025-10-17 09:30:00,0.40433,0.41205,0.40433,0.40699,135027.3
2025-10-17 09:45:00,0.40837,0.40854,0.4056,0.40626,43633.0
2025-10-17 10:00:00,0.40591,0.40724,0.40175,0.40363,28796.2
2025-10-17 10:15:00,0.40325,0.40341,0.3979,0.40021,30175.7
2025-10-17 10:30:00,0.40093,0.40396,0.39892,0.4018,50380.4
2025-10-17 10:45:00,0.40163,0.40625,0.40163,0.40365,46789.2
2025-10-17 11:00:00,0.40451,0.41398,0.40413,0.41328,134586.5
2025-10-17 11:15:00,0.41418,0.41835,0.41354,0.41554,84023.7
2025-10-17 11:30:00,0.41531,0.41583,0.41271,0.41457,68856.0
2025-10-17 11:45:00,0.41601,0.4173,0.41488,0.41607,32847.3
2025-10-17 12:00:00,0.41654,0.4192,0.416,0.41799,29260.8
2025-10-17 12:15:00,0.41751,0.42061,0.41689,0.41737,22734.8
2025-10-17 12:30:00,0.41743,0.41802,0.41653,0.41691,5256.9
2025-10-17 12:45:00,0.41716,0.41716,0.4153,0.41546,18074.9
2025-10-17 13:00:00,0.41569,0.4176,0.41452,0.41452,12065.2
2025-10-17 13:15:00,0.41493,0.4177,0.41421,0.41646,10663.8
2025-10-17 13:30:00,0.417,0.42062,0.41363,0.41363,68038.9
2025-10-17 13:45:00,0.41509,0.42163,0.41229,0.41972,75997.2
2025-10-17 14:00:00,0.41913,0.42013,0.415,0.41881,29267.1
2025-10-17 14:15:00,0.41914,0.41914,0.41566,0.41566,15641.6
2025-10-17 14:30:00,0.41475,0.4165,0.40994,0.41465,33746.2
2025-10-17 14:45:00,0.41536,0.41941,0.41454,0.41466,45340.5
2025-10-17 15:00:00,0.4143,0.41775,0.4143,0.4159,2652.1
2025-10-17 15:15:00,0.41501,0.41795,0.41501,0.41725,5725.3
2025-10-17 15:30:00,0.41704,0.41776,0.41301,0.41678,84689.7
2025-10-17 15:45:00,0.41623,0.42116,0.41623,0.42116,80872.5
2025-10-17 16:00:00,0.42109,0.42681,0.42109,0.42439,25211.9
2025-10-17 16:15:00,0.42417,0.42583,0.42128,0.4215,54474.3
2025-10-17 16:30:00,0.42218,0.42312,0.41961,0.41979,27401.9
2025-10-17 16:45:00,0.41966,0.42105,0.41795,0.41831,37750.2
2025-10-17 17:00:00,0.41955,0.42049,0.41844,0.42038,36581.3
2025-10-17 17:15:00,0.42051,0.42051,0.41846,0.41913,48799.6
2025-10-17 17:30:00,0.41907,0.42089,0.41868,0.41995,3421.7
2025-10-17 17:45:00,0.41986,0.42253,0.41884,0.42114,12585.2
2025-10-17 18:00:00,0.42124,0.42299,0.42107,0.42155,14857.6
2025-10-17 18:15:00,0.4208,0.4249,0.4208,0.42346,8438.6
2025-10-17 18:30:00,0.42356,0.42503,0.42258,0.4227,4005.0
2025-10-17 18:45:00,0.42241,0.42322,0.41973,0.42028,4887.6
2025-10-17 19:00:00,0.42012,0.42167,0.41994,0.42112,6601.3
2025-10-17 19:15:00,0.42132,0.42152,0.41939,0.42002,4317.4
2025-10-17 19:30:00,0.41924,0.41924,0.41647,0.41801,4187.7
2025-10-17 19:45:00,0.418,0.41884,0.41747,0.41835,10258.6
2025-10-17 20:00:00,0.41843,0.42063,0.41745,0.42054,6062.1
2025-10-17 20:15:00,0.42065,0.42303,0.42015,0.42303,7129.4
2025-10-17 20:30:00,0.42276,0.42322,0.42123,0.42123,726660.1
2025-10-17 20:45:00,0.42151,0.42312,0.42151,0.42196,99329.5
2025-10-17 21:00:00,0.42197,0.42654,0.42197,0.42578,44972.6
2025-10-17 21:15:00,0.42641,0.42675,0.42392,0.4245,42189.2
2025-10-17 21:30:00,0.42421,0.42544,0.4239,0.4243,25574.6
2025-10-17 21:45:00,0.42463,0.42614,0.42381,0.42401,30623.3
2025-10-17 22:00:00,0.42419,0.42485,0.42214,0.42214,18905.7
2025-10-17 22:15:00,0.4219,0.42334,0.4219,0.42264,850.5
2025-10-17 22:30:00,0.42293,0.42293,0.4205,0.42091,4396.7
2025-10-17 22:45:00,0.42133,0.42205,0.42101,0.42174,44395.8
2025-10-17 23:00:00,0.42167,0.42174,0.4197,0.4197,4177.6
2025-10-17 23:15:00,0.41995,0.42018,0.41905,0.41905,6923.9
2025-10-17 23:30:00,0.41876,0.41945,0.4184,0.41906,1811.6
2025-10-17 23:45:00,0.41905,0.41905,0.41845,0.41878,27769.3
2025-10-18 00:00:00,0.41933,0.41933,0.4179,0.41836,16029.1
2025-10-18 00:15:00,0.41812,0.42075,0.41812,0.42058,4853.5
2025-10-18 00:30:00,0.42049,0.42127,0.41932,0.42127,2017.3
2025-10-18 00:45:00,0.4213,0.42139,0.41961,0.42003,5916.7
2025-10-18 01:00:00,0.42009,0.42188,0.42009,0.42188,2138.1
2025-10-18 01:15:00,0.42143,0.42423,0.42143,0.42423,8453.3
2025-10-18 01:30:00,0.42404,0.42404,0.42279,0.42312,3395.8
2025-10-18 01:45:00,0.42318,0.42462,0.42273,0.42432,6435.2
2025-10-18 02:00:00,0.4247,0.42609,0.42288,0.42288,10916.6
2025-10-18 02:15:00,0.42346,0.42421,0.42284,0.42421,1916.9
2025-10-18 02:30:00,0.42461,0.4247,0.4223,0.42269,3991.2
2025-10-18 02:45:00,0.4226,0.4226,0.4208,0.42185,2649.3
2025-10-18 03:00:00,0.42209,0.42317,0.42209,0.42272,21121.0
2025-10-18 03:15:00,0.42302,0.42394,0.42258,0.42375,37169.3
2025-10-18 03:30:00,0.42392,0.42466,0.42325,0.42325,2736.4
2025-10-18 03:45:00,0.42316,0.42406,0.42316,0.42328,5885.1
2025-10-18 04:00:00,0.42319,0.42319,0.42066,0.42066,7396.1
2025-10-18 04:15:00,0.42104,0.42108,0.4199,0.42108,12432.8
2025-10-18 04:30:00,0.42101,0.42101,0.41843,0.41898,17194.3
2025-10-18 04:45:00,0.4194,0.41969,0.41851,0.41867,4512.8
2025-10-18 05:00:00,0.41906,0.42029,0.41906,0.41964,2556.4
2025-10-18 05:15:00,0.41962,0.42027,0.41863,0.41871,1773.1
2025-10-18 05:30:00,0.41861,0.42,0.4178,0.42,1000.0
2025-10-18 05:45:00,0.42001,0.42249,0.42001,0.42249,23685.6
2025-10-18 06:00:00,0.42256,0.42433,0.42199,0.42415,13307.5
2025-10-18 06:15:00,0.4237,0.4237,0.42158,0.42158,8315.1
2025-10-18 06:30:00,0.42194,0.42194,0.41971,0.4204,4088.3
2025-10-18 06:45:00,0.42071,0.42328,0.42071,0.42275,3761.7
2025-10-18 07:00:00,0.42322,0.42973,0.42317,0.42744,55274.2
2025-10-18 07:15:00,0.42719,0.42719,0.42431,0.42588,20920.7
2025-10-18 07:30:00,0.42541,0.42613,0.42451,0.42549,14719.9
2025-10-18 07:45:00,0.42471,0.42518,0.42172,0.42172,9503.7
2025-10-18 08:00:00,0.42222,0.42372,0.42222,0.4232,6528.3
2025-10-18 08:15:00,0.42329,0.42448,0.42278,0.42318,9339.3
2025-10-18 08:30:00,0.42323,0.42347,0.42229,0.42229,8893.3
2025-10-18 08:45:00,0.42265,0.42268,0.42149,0.42175,6149.6
2025-10-18 09:00:00,0.42145,0.42224,0.4211,0.42186,5434.9
2025-10-18 09:15:00,0.42185,0.4251,0.4212,0.4245,3662.1
2025-10-18 09:30:00,0.4244,0.42468,0.42346,0.42467,11450.0
2025-10-18 09:45:00,0.42497,0.42593,0.42432,0.42514,3996.1
2025-10-18 10:00:00,0.42499,0.42556,0.42383,0.42439,2510.4
2025-10-18 10:15:00,0.42414,0.42477,0.42358,0.42477,2653.2
2025-10-18 10:30:00,0.42488,0.42695,0.42488,0.42632,12716.9
2025-10-18 10:45:00,0.42635,0.42677,0.42544,0.42667,28442.5
2025-10-18 11:00:00,0.42706,0.42831,0.42677,0.42782,9723.6
2025-10-18 11:15:00,0.42821,0.42871,0.42599,0.42624,21220.3
2025-10-18 11:30:00,0.42624,0.42746,0.4255,0.42737,1571.6
2025-10-18 11:45:00,0.42697,0.4278,0.42652,0.4278,20610.5
2025-10-18 12:00:00,0.42773,0.42804,0.42642,0.42804,8768.8
2025-10-18 12:15:00,0.42774,0.42888,0.42664,0.42747,3033.0
2025-10-18 12:30:00,0.42707,0.42778,0.42595,0.42676,2156.5
2025-10-18 12:45:00,0.42707,0.42707,0.42622,0.42628,4020.5
2025-10-18 13:00:00,0.42615,0.42615,0.42354,0.42468,13276.8
2025-10-18 13:15:00,0.42467,0.42467,0.42232,0.42386,1799.8
2025-10-18 13:30:00,0.42302,0.4233,0.42187,0.42264,850.4
2025-10-18 13:45:00,0.42246,0.42388,0.42186,0.42193,2319.0
2025-10-18 14:00:00,0.42272,0.42294,0.4197,0.42028,9273.0
2025-10-18 14:15:00,0.42099,0.42185,0.42099,0.42142,13842.0
2025-10-18 14:30:00,0.42261,0.424,0.42261,0.42349,19331.4
2025-10-18 14:45:00,0.4236,0.42461,0.42301,0.4233,3313.2
2025-10-18 15:00:00,0.42358,0.42464,0.42293,0.42293,6064.4
2025-10-18 15:15:00,0.42335,0.42406,0.42221,0.42274,5596.0
2025-10-18 15:30:00,0.4224,0.4224,0.42037,0.42198,595.4
2025-10-18 15:45:00,0.42238,0.42293,0.42149,0.42202,1406.3
2025-10-18 16:00:00,0.42188,0.42271,0.42056,0.42068,13085.7
2025-10-18 16:15:00,0.42105,0.42105,0.41929,0.41984,4622.7
2025-10-18 16:30:00,0.41984,0.41984,0.41819,0.41905,1679.7
2025-10-18 16:45:00,0.41864,0.42094,0.41864,0.42049,1813.8
2025-10-18 17:00:00,0.42049,0.42092,0.41952,0.4207,1981.5
2025-10-18 17:15:00,0.42096,0.42439,0.42096,0.42418,8869.5
2025-10-18 17:30:00,0.42375,0.42475,0.42299,0.42299,15121.8
2025-10-18 17:45:00,0.42288,0.42592,0.42288,0.42552,4403.1
2025-10-18 18:00:00,0.42595,0.42637,0.4245,0.42474,14808.4
2025-10-18 18:15:00,0.42462,0.4251,0.42407,0.42436,1134.6
2025-10-18 18:30:00,0.42477,0.42592,0.42468,0.42511,897.4
2025-10-18 18:45:00,0.42462,0.42468,0.42383,0.42441,25203.2
2025-10-18 19:00:00,0.42437,0.42516,0.42394,0.42408,1715.4
2025-10-18 19:15:00,0.42433,0.4256,0.42433,0.42553,2353.2
2025-10-18 19:30:00,0.42501,0.42526,0.42445,0.42456,13077.1
2025-10-18 19:45:00,0.42495,0.42545,0.42434,0.42545,4231.8
2025-10-18 20:00:00,0.42555,0.42725,0.42543,0.42572,1938.6
2025-10-18 20:15:00,0.42592,0.42782,0.42572,0.42782,1999.9
2025-10-18 20:30:00,0.42759,0.4284,0.42658,0.42694,4818.1
2025-10-18 20:45:00,0.42726,0.42787,0.42615,0.4265,2199.9
2025-10-18 21:00:00,0.42583,0.42602,0.42339,0.42444,19528.0
2025-10-18 21:15:00,0.4245,0.42549,0.4238,0.42549,1807.1
2025-10-18 21:30:00,0.42587,0.42629,0.42502,0.42521,3668.4
2025-10-18 21:45:00,0.42521,0.42749,0.42502,0.42703,1688.2
2025-10-18 22:00:00,0.42699,0.42805,0.42648,0.42701,15056.0
2025-10-18 22:15:00,0.42761,0.4285,0.42732,0.4285,5078.4
2025-10-18 22:30:00,0.4287,0.42927,0.42747,0.42766,5414.3
2025-10-18 22:45:00,0.4272,0.42787,0.42666,0.42779,31636.9
2025-10-18 23:00:00,0.42774,0.42799,0.42696,0.42704,29061.9
2025-10-18 23:15:00,0.4277,0.4277,0.42665,0.42752,52465.5
2025-10-18 23:30:00,0.42753,0.42764,0.42667,0.42667,50062.9
2025-10-18 23:45:00,0.42667,0.42726,0.42666,0.42718,10775.4
2025-10-19 00:00:00,0.42797,0.42797,0.42598,0.42628,43747.0
2025-10-19 00:15:00,0.42622,0.42694,0.42588,0.42588,5283.1
2025-10-19 00:30:00,0.42574,0.42574,0.4243,0.42463,3512.4
2025-10-19 00:45:00,0.42439,0.4257,0.424,0.42525,3431.2
2025-10-19 01:00:00,0.42518,0.42518,0.42394,0.42471,12403.1
2025-10-19 01:15:00,0.42444,0.42698,0.42444,0.42647,2709.5
2025-10-19 01:30:00,0.42636,0.42636,0.42517,0.42614,2643.6
2025-10-19 01:45:00,0.42612,0.42687,0.42612,0.42657,1338.9
2025-10-19 02:00:00,0.42682,0.42717,0.42602,0.42617,6523.5
2025-10-19 02:15:00,0.42633,0.42746,0.42609,0.42617,6108.8
2025-10-19 02:30:00,0.42644,0.42647,0.42525,0.42545,1910.0
2025-10-19 02:45:00,0.42503,0.42563,0.42479,0.42516,22899.3
2025-10-19 03:00:00,0.42526,0.42547,0.42502,0.42534,2333.2
2025-10-19 03:15:00,0.42567,0.42827,0.42567,0.42802,3435.7
2025-10-19 03:30:00,0.42877,0.43064,0.42829,0.43033,6440.5
2025-10-19 03:45:00,0.43078,0.43192,0.42982,0.43112,2373.8
2025-10-19 04:00:00,0.432,0.43211,0.4284,0.42849,7119.4
2025-10-19 04:15:00,0.42857,0.42857,0.42766,0.42774,2864.5
2025-10-19 04:30:00,0.42863,0.42863,0.42739,0.42739,4823.9
2025-10-19 04:45:00,0.4274,0.42761,0.42688,0.42731,1799.4
2025-10-19 05:00:00,0.42807,0.42868,0.42789,0.42789,1326.7
2025-10-19 05:15:00,0.4279,0.42972,0.42765,0.42821,2678.2
2025-10-19 05:30:00,0.42846,0.42906,0.42721,0.42721,1319.8
2025-10-19 05:45:00,0.4267,0.42692,0.426,0.4267,6351.1
2025-10-19 06:00:00,0.42668,0.42695,0.42522,0.42522,1261.6
2025-10-19 06:15:00,0.4255,0.4255,0.42461,0.42498,7729.0
2025-10-19 06:30:00,0.42498,0.42527,0.42401,0.42466,2316.3
2025-10-19 06:45:00,0.42463,0.42537,0.42434,0.42528,30358.9
2025-10-19 07:00:00,0.42531,0.42716,0.42527,0.42706,1977.5
2025-10-19 07:15:00,0.42715,0.42811,0.42632,0.42632,1719.3
2025-10-19 07:30:00,0.42686,0.42734,0.42531,0.42574,2288.6
2025-10-19 07:45:00,0.42551,0.42704,0.42501,0.42702,11878.3
2025-10-19 08:00:00,0.42732,0.4283,0.42597,0.42597,46860.1
2025-10-19 08:15:00,0.42626,0.4327,0.42324,0.42713,236867.4
2025-10-19 08:30:00,0.42701,0.42701,0.42468,0.42508,1962.2
2025-10-19 08:45:00,0.42478,0.42546,0.42356,0.42356,2929.1
2025-10-19 09:00:00,0.423,0.423,0.42141,0.4223,12828.1
2025-10-19 09:15:00,0.42314,0.42411,0.42056,0.42072,69819.7
2025-10-19 09:30:00,0.42066,0.42732,0.42066,0.42674,29112.7
2025-10-19 09:45:00,0.42703,0.43303,0.42643,0.42952,36126.3
2025-10-19 10:00:00,0.43026,0.43106,0.42817,0.42932,15824.3
2025-10-19 10:15:00,0.42945,0.4363,0.42844,0.43602,17090.0
2025-10-19 10:30:00,0.43511,0.43511,0.43358,0.43473,15894.7
2025-10-19 10:45:00,0.43456,0.43529,0.43344,0.43529,1168.3
2025-10-19 11:00:00,0.43597,0.43859,0.43597,0.43855,5689.7
2025-10-19 11:15:00,0.439,0.43928,0.43581,0.4364,31872.7
2025-10-19 11:30:00,0.43661,0.43678,0.43524,0.43524,2639.0
2025-10-19 11:45:00,0.4347,0.43505,0.43358,0.43446,1985.1
2025-10-19 12:00:00,0.43438,0.43512,0.43208,0.43217,189075.2
2025-10-19 12:15:00,0.43206,0.43321,0.43205,0.43254,3638.2
2025-10-19 12:30:00,0.43256,0.43343,0.4319,0.43197,6151.7
2025-10-19 12:45:00,0.43089,0.43204,0.43089,0.43204,10941.9
2025-10-19 13:00:00,0.43219,0.43328,0.43094,0.43244,5527.1
2025-10-19 13:15:00,0.43234,0.43332,0.43204,0.43292,4314.2
2025-10-19 13:30:00,0.43349,0.43676,0.43349,0.43632,21117.8
2025-10-19 13:45:00,0.43668,0.44085,0.43621,0.43917,17895.1
2025-10-19 14:00:00,0.43914,0.43914,0.43686,0.43805,12560.9
2025-10-19 14:15:00,0.43782,0.44185,0.43712,0.44086,7067.0
2025-10-19 14:30:00,0.44077,0.44139,0.43871,0.43919,18389.3
2025-10-19 14:45:00,0.43972,0.4409,0.43862,0.4405,7955.6
2025-10-19 15:00:00,0.44068,0.44094,0.43819,0.439,3083.0
2025-10-19 15:15:00,0.43878,0.43971,0.43745,0.43745,1710.6
2025-10-19 15:30:00,0.43715,0.43869,0.43715,0.43834,5147.9
2025-10-19 15:45:00,0.43844,0.43928,0.43804,0.43854,3966.6
2025-10-19 16:00:00,0.43892,0.43892,0.43764,0.43768,5707.8
2025-10-19 16:15:00,0.43776,0.43776,0.43666,0.43742,7608.0
2025-10-19 16:30:00,0.43702,0.44011,0.43679,0.44011,1930.5
2025-10-19 16:45:00,0.43985,0.44025,0.43886,0.43984,3651.3
2025-10-19 17:00:00,0.44006,0.44471,0.43967,0.44295,26041.6
2025-10-19 17:15:00,0.44392,0.44462,0.4402,0.44035,1139705.6
2025-10-19 17:30:00,0.4413,0.4413,0.43926,0.44013,20548.4
2025-10-19 17:45:00,0.43937,0.43966,0.43851,0.43874,12599.7
2025-10-19 18:00:00,0.4395,0.44004,0.43895,0.43959,4338.4
2025-10-19 18:15:00,0.43957,0.44023,0.43865,0.44023,11402.7
2025-10-19 18:30:00,0.4398,0.44132,0.43968,0.44105,20001.9
2025-10-19 18:45:00,0.44121,0.44121,0.4404,0.44051,20244.9
2025-10-19 19:00:00,0.44039,0.44093,0.43881,0.43881,27469.4
2025-10-19 19:15:00,0.43951,0.44084,0.43951,0.44084,23687.2
2025-10-19 19:30:00,0.44053,0.44126,0.44018,0.44064,31057.8
2025-10-19 19:45:00,0.44049,0.44119,0.4397,0.44117,25255.2
2025-10-19 20:00:00,0.44153,0.44264,0.44098,0.44183,17620.2
2025-10-19 20:15:00,0.44183,0.44241,0.44091,0.44241,7732.7
2025-10-19 20:30:00,0.44243,0.44243,0.4413,0.44231,4229.9
2025-10-19 20:45:00,0.44229,0.4438,0.44229,0.44351,12026.1
2025-10-19 21:00:00,0.44362,0.44385,0.44242,0.44254,6380.1
2025-10-19 21:15:00,0.44213,0.44213,0.4399,0.44019,13751.6
2025-10-19 21:30:00,0.43975,0.44135,0.43975,0.441,3562.7
2025-10-19 21:45:00,0.44124,0.44196,0.44107,0.44156,2488.8
2025-10-19 22:00:00,0.4427,0.44289,0.44148,0.44251,12633.7
2025-10-19 22:15:00,0.44222,0.44291,0.44159,0.44291,3400.7
2025-10-19 22:30:00,0.44271,0.44352,0.44247,0.44336,4667.2
2025-10-19 22:45:00,0.44335,0.44349,0.4425,0.44266,1225.5
2025-10-19 23:00:00,0.44275,0.44275,0.44072,0.44106,3910.0
2025-10-19 23:15:00,0.44091,0.44091,0.43969,0.44044,925.7
2025-10-19 23:30:00,0.44066,0.44108,0.43788,0.43802,3733.1
2025-10-19 23:45:00,0.43842,0.43856,0.43762,0.43841,2887.2
2025-10-20 00:00:00,0.43825,0.43825,0.43585,0.43585,31652.2
2025-10-20 00:15:00,0.43572,0.43584,0.43141,0.43274,16841.5
2025-10-20 00:30:00,0.43128,0.4353,0.43026,0.43486,14664.8
2025-10-20 00:45:00,0.43457,0.43641,0.43419,0.43641,39752.8
2025-10-20 01:00:00,0.43685,0.43773,0.43507,0.43651,6290.2
2025-10-20 01:15:00,0.43554,0.43693,0.43554,0.43651,50037.6
2025-10-20 01:30:00,0.43749,0.43837,0.43625,0.43644,620.0
2025-10-20 01:45:00,0.43643,0.43683,0.43529,0.43553,3878.2
2025-10-20 02:00:00,0.4358,0.43581,0.43284,0.4339,18590.0
2025-10-20 02:15:00,0.4339,0.43685,0.4339,0.43564,1186.9
2025-10-20 02:30:00,0.43581,0.43755,0.43495,0.43713,15280.6
2025-10-20 02:45:00,0.43715,0.4382,0.43677,0.43783,13587.2
2025-10-20 03:00:00,0.43812,0.43812,0.43701,0.4373,7988.9
2025-10-20 03:15:00,0.43787,0.43999,0.43787,0.4387,32660.8
2025-10-20 03:30:00,0.43957,0.44177,0.43883,0.44146,7775.7
2025-10-20 03:45:00,0.44152,0.45027,0.44121,0.4493,41621.7
2025-10-20 04:00:00,0.44953,0.45019,0.44801,0.44917,5462.7
2025-10-20 04:15:00,0.4489,0.44919,0.44765,0.44834,8072.5
2025-10-20 04:30:00,0.45044,0.45051,0.44875,0.449,17799.3
2025-10-20 04:45:00,0.44924,0.44942,0.44801,0.44942,25044.9
2025-10-20 05:00:00,0.4489,0.44994,0.44839,0.44994,1852.4
2025-10-20 05:15:00,0.44981,0.44981,0.44809,0.44879,3637.0
2025-10-20 05:30:00,0.44909,0.44928,0.44805,0.44855,10116.5
2025-10-20 05:45:00,0.44857,0.45105,0.44817,0.45004,22456.8
2025-10-20 06:00:00,0.44978,0.45175,0.44951,0.45077,33398.8
2025-10-20 06:15:00,0.45134,0.45284,0.45134,0.45184,1836.4
2025-10-20 06:30:00,0.4526,0.45497,0.4526,0.45497,18528.7
2025-10-20 06:45:00,0.45466,0.45549,0.45372,0.4545,5549.1
2025-10-20 07:00:00,0.45454,0.45454,0.45212,0.45212,11419.0
2025-10-20 07:15:00,0.45213,0.45321,0.45211,0.45259,11859.3
2025-10-20 07:30:00,0.45182,0.45209,0.45009,0.45066,4559.7
2025-10-20 07:45:00,0.45041,0.45056,0.44751,0.44836,52687.6
2025-10-20 08:00:00,0.44856,0.44856,0.4468,0.44741,9564.7
2025-10-20 08:15:00,0.44725,0.44779,0.44544,0.44657,4991.4
2025-10-20 08:30:00,0.44729,0.45102,0.44708,0.44802,722783.8
2025-10-20 08:45:00,0.44826,0.44902,0.44721,0.44809,67882.3
2025-10-20 09:00:00,0.44817,0.44969,0.44774,0.44941,36186.5
2025-10-20 09:15:00,0.44917,0.44931,0.4483,0.44902,24030.7
2025-10-20 09:30:00,0.44885,0.45012,0.44869,0.45008,21806.2
2025-10-20 09:45:00,0.44986,0.45005,0.44893,0.44964,5525.3
2025-10-20 10:00:00,0.4506,0.45117,0.44961,0.45055,11024.4
2025-10-20 10:15:00,0.45098,0.45269,0.4509,0.45268,21630.7
2025-10-20 10:30:00,0.4526,0.45317,0.4494,0.44959,27182.0
2025-10-20 10:45:00,0.4484,0.44938,0.44819,0.4491,2252.8
2025-10-20 11:00:00,0.44975,0.45023,0.44877,0.44877,1066.6
2025-10-20 11:15:00,0.4484,0.45061,0.4484,0.45016,1016.9
2025-10-20 11:30:00,0.44976,0.44976,0.44813,0.44869,3222.6
2025-10-20 11:45:00,0.44866,0.44979,0.44866,0.44946,1613.6
2025-10-20 12:00:00,0.44918,0.44976,0.44878,0.4489,8029.0
2025-10-20 12:15:00,0.44899,0.45026,0.44877,0.44984,4182.3
2025-10-20 12:30:00,0.45004,0.45063,0.44841,0.44841,9943.5
2025-10-20 12:45:00,0.44898,0.44944,0.44846,0.44944,5101.5
2025-10-20 13:00:00,0.45039,0.45127,0.44932,0.44932,20369.7
2025-10-20 13:15:00,0.44935,0.45069,0.44933,0.45069,27735.9
2025-10-20 13:30:00,0.45107,0.45444,0.45107,0.45402,21409.7
2025-10-20 13:45:00,0.45439,0.45581,0.45348,0.45528,20428.1
2025-10-20 14:00:00,0.45608,0.45638,0.45496,0.45534,14604.9
2025-10-20 14:15:00,0.45444,0.45712,0.45155,0.45712,296253.5
2025-10-20 14:30:00,0.45664,0.45664,0.45409,0.45419,17153.9
2025-10-20 14:45:00,0.4541,0.45614,0.4541,0.45505,22136.2
2025-10-20 15:00:00,0.45559,0.45616,0.45271,0.45271,4202.4
2025-10-20 15:15:00,0.45202,0.4536,0.45202,0.4532,4574.6
2025-10-20 15:30:00,0.45295,0.45385,0.45254,0.45311,7001.5
2025-10-20 15:45:00,0.45243,0.45382,0.449,0.449,7159.6
2025-10-20 16:00:00,0.44776,0.44776,0.43925,0.44707,89104.9
2025-10-20 16:15:00,0.44688,0.44879,0.44571,0.44652,24896.4
2025-10-20 16:30:00,0.44603,0.44603,0.44325,0.44473,33759.4
2025-10-20 16:45:00,0.44473,0.44523,0.44278,0.44487,25330.9
2025-10-20 17:00:00,0.44514,0.44715,0.44328,0.44328,1628.3
2025-10-20 17:15:00,0.4435,0.44479,0.44318,0.44373,6437.3
2025-10-20 17:30:00,0.44373,0.44373,0.44141,0.44223,17072.0
2025-10-20 17:45:00,0.44192,0.44523,0.44192,0.44418,27327.5
2025-10-20 18:00:00,0.44455,0.44508,0.44367,0.4439,8333.2
2025-10-20 18:15:00,0.4438,0.44473,0.44284,0.44473,10746.9
2025-10-20 18:30:00,0.44453,0.44606,0.44373,0.44483,42371.7
2025-10-20 18:45:00,0.44485,0.44613,0.44442,0.44587,17544.3
2025-10-20 19:00:00,0.44603,0.44676,0.44494,0.44541,19435.7
2025-10-20 19:15:00,0.44553,0.44721,0.44514,0.44721,12558.6
2025-10-20 19:30:00,0.44692,0.44993,0.44653,0.44983,11176.0
2025-10-20 19:45:00,0.4499,0.45104,0.44945,0.45008,20219.4
2025-10-20 20:00:00,0.45007,0.45056,0.44887,0.44994,15176.7
2025-10-20 20:15:00,0.4494,0.45081,0.44901,0.45081,17749.6
2025-10-20 20:30:00,0.44895,0.44965,0.44849,0.44962,10697.8
2025-10-20 20:45:00,0.44952,0.4515,0.44939,0.4513,10524.7
2025-10-20 21:00:00,0.45143,0.4519,0.45109,0.45136,100119.6
2025-10-20 21:15:00,0.45131,0.45131,0.44943,0.45094,5687.8
2025-10-20 21:30:00,0.45096,0.45096,0.4487,0.44949,13766.0
2025-10-20 21:45:00,0.44967,0.44967,0.44827,0.44944,2436.8
2025-10-20 22:00:00,0.4489,0.44926,0.44814,0.44906,12142.8
2025-10-20 22:15:00,0.44962,0.44973,0.44829,0.44857,4351.0
2025-10-20 22:30:00,0.44868,0.45096,0.44849,0.4503,386199.3
2025-10-20 22:45:00,0.45029,0.45029,0.44906,0.44958,6416.4
2025-10-20 23:00:00,0.44885,0.44929,0.44742,0.44778,55313.8
2025-10-20 23:15:00,0.44791,0.4484,0.44757,0.4479,118168.7
2025-10-20 23:30:00,0.44812,0.44826,0.44691,0.44719,144291.1
2025-10-20 23:45:00,0.44714,0.44735,0.44654,0.44735,204870.4
2025-10-21 00:00:00,0.44682,0.44682,0.44564,0.44626,48865.5
2025-10-21 00:15:00,0.44627,0.44703,0.44613,0.44653,3146.0
2025-10-21 00:30:00,0.44641,0.44761,0.44594,0.44692,5840.4
2025-10-21 00:45:00,0.44658,0.44658,0.44559,0.44578,24162.2
2025-10-21 01:00:00,0.44598,0.44598,0.44269,0.44358,9066.6
2025-10-21 01:15:00,0.44292,0.44474,0.44278,0.44451,8245.9
2025-10-21 01:30:00,0.44473,0.44486,0.4434,0.44366,1171.9
2025-10-21 01:45:00,0.44385,0.44385,0.44101,0.44171,4915.8
2025-10-21 02:00:00,0.442,0.442,0.43873,0.4394,6126.5
2025-10-21 02:15:00,0.43955,0.43995,0.43795,0.43822,2318.2
2025-10-21 02:30:00,0.43879,0.44045,0.43879,0.4391,1753.5
2025-10-21 02:45:00,0.43929,0.43946,0.43788,0.43788,2101.7
2025-10-21 03:00:00,0.43824,0.43892,0.43745,0.43755,84485.3
2025-10-21 03:15:00,0.43781,0.4386,0.43731,0.43815,207136.0
2025-10-21 03:30:00,0.4378,0.43822,0.43732,0.43768,2225.4
2025-10-21 03:45:00,0.43737,0.43752,0.4356,0.43587,13915.2
2025-10-21 04:00:00,0.43589,0.43589,0.43031,0.43141,51568.3
2025-10-21 04:15:00,0.43177,0.43225,0.43088,0.43225,17700.2
2025-10-21 04:30:00,0.43072,0.43072,0.42741,0.42834,23030.1
2025-10-21 04:45:00,0.42777,0.42873,0.4262,0.42695,13873.6
2025-10-21 05:00:00,0.42769,0.42778,0.4262,0.42667,9401.5
2025-10-21 05:15:00,0.42665,0.42886,0.42663,0.42791,9877.9
2025-10-21 05:30:00,0.42832,0.42993,0.42788,0.42818,51176.2
2025-10-21 05:45:00,0.42876,0.4288,0.42738,0.42767,12474.3
2025-10-21 06:00:00,0.42775,0.4278,0.42705,0.42768,4106.1
2025-10-21 06:15:00,0.42674,0.4305,0.42674,0.42989,28303.5
2025-10-21 06:30:00,0.4299,0.43113,0.42965,0.42965,15449.4
2025-10-21 06:45:00,0.42954,0.43148,0.42954,0.43088,1965.7
2025-10-21 07:00:00,0.43057,0.43086,0.42933,0.42933,6834.6
2025-10-21 07:15:00,0.42944,0.43149,0.42944,0.43139,2365.6
2025-10-21 07:30:00,0.43228,0.43309,0.43185,0.43195,4499.0
2025-10-21 07:45:00,0.43239,0.4333,0.43205,0.43276,6840.9
2025-10-21 08:00:00,0.4331,0.43312,0.43049,0.43078,65157.0
2025-10-21 08:15:00,0.43105,0.43168,0.43,0.43072,171728.5
2025-10-21 08:30:00,0.43,0.43042,0.42748,0.42748,15050.2
2025-10-21 08:45:00,0.42721,0.43041,0.42675,0.42937,16136.0
2025-10-21 09:00:00,0.42941,0.43024,0.42855,0.43024,1647.9
2025-10-21 09:15:00,0.43007,0.43141,0.42948,0.4304,2808.5
2025-10-21 09:30:00,0.43028,0.4306,0.42933,0.4296,2222.4
2025-10-21 09:45:00,0.4301,0.43092,0.42972,0.43028,7556.0
2025-10-21 10:00:00,0.43043,0.43264,0.43043,0.43209,7692.9
2025-10-21 10:15:00,0.43226,0.43265,0.43113,0.43148,3358.1
2025-10-21 10:30:00,0.43205,0.43494,0.43203,0.4331,16394.4
2025-10-21 10:45:00,0.43337,0.43784,0.43337,0.43592,29058.0
2025-10-21 11:00:00,0.43593,0.43652,0.43464,0.43539,17282.9
2025-10-21 11:15:00,0.43532,0.436,0.43481,0.43481,3057.9
2025-10-21 11:30:00,0.43437,0.43509,0.43369,0.43477,2885.5
2025-10-21 11:45:00,0.43438,0.43647,0.4343,0.43493,53960.9
2025-10-21 12:00:00,0.43457,0.43543,0.43397,0.43542,3758.2
2025-10-21 12:15:00,0.43543,0.44154,0.43543,0.43902,51909.5
2025-10-21 12:30:00,0.43922,0.44151,0.43833,0.44121,23643.4
2025-10-21 12:45:00,0.44122,0.44143,0.43853,0.43859,57136.6
2025-10-21 13:00:00,0.43918,0.4396,0.43619,0.43876,25525.1
2025-10-21 13:15:00,0.43886,0.43944,0.43768,0.43892,41259.9
2025-10-21 13:30:00,0.43886,0.44206,0.4378,0.43921,43889.3
2025-10-21 13:45:00,0.43838,0.43896,0.43609,0.43787,14122.5
2025-10-21 14:00:00,0.43879,0.44748,0.43823,0.44744,41837.0
2025-10-21 14:15:00,0.44618,0.45146,0.4452,0.44542,29458.6
2025-10-21 14:30:00,0.44512,0.44853,0.44512,0.44748,5865.7
2025-10-21 14:45:00,0.44701,0.459,0.44701,0.45841,258690.7
2025-10-21 15:00:00,0.45858,0.4641,0.45595,0.46169,794577.4
2025-10-21 15:15:00,0.46284,0.46651,0.46163,0.46253,76337.5
2025-10-21 15:30:00,0.46267,0.46486,0.45918,0.46326,120674.6
2025-10-21 15:45:00,0.46361,0.4648,0.46087,0.46206,51377.8
2025-10-21 16:00:00,0.46226,0.46443,0.46107,0.46443,47144.1
2025-10-21 16:15:00,0.46361,0.46603,0.46334,0.46465,22462.0
2025-10-21 16:30:00,0.46479,0.46551,0.4631,0.46427,53765.0
2025-10-21 16:45:00,0.46436,0.46586,0.45612,0.45612,96172.9
2025-10-21 17:00:00,0.45596,0.46041,0.45557,0.45897,36709.9
2025-10-21 17:15:00,0.45912,0.45912,0.45293,0.45869,25722.3
2025-10-21 17:30:00,0.45907,0.46167,0.45828,0.46167,12167.1
2025-10-21 17:45:00,0.4616,0.46224,0.46037,0.46057,13763.2
2025-10-21 18:00:00,0.46123,0.46266,0.45808,0.45844,59152.2
2025-10-21 18:15:00,0.45881,0.46055,0.45777,0.4594,4326.1
2025-10-21 18:30:00,0.45892,0.45949,0.4575,0.45875,3914.6
2025-10-21 18:45:00,0.45806,0.45989,0.45806,0.45914,9339.2
2025-10-21 19:00:00,0.45936,0.45992,0.45896,0.45967,1223.0
2025-10-21 19:15:00,0.45953,0.45953,0.45684,0.45819,2061.8
2025-10-21 19:30:00,0.45774,0.45833,0.4568,0.45775,4208.7
2025-10-21 19:45:00,0.45747,0.45826,0.45705,0.45768,79944.4
2025-10-21 20:00:00,0.45765,0.45765,0.45397,0.45504,24393.2
2025-10-21 20:15:00,0.45578,0.45578,0.45016,0.45225,16012.4
2025-10-21 20:30:00,0.45238,0.45355,0.45155,0.45294,1459.8
2025-10-21 20:45:00,0.45293,0.45293,0.45101,0.45196,9665.9
2025-10-21 21:00:00,0.45139,0.45295,0.45085,0.45145,7435.5
2025-10-21 21:15:00,0.45173,0.45174,0.4438,0.44679,36759.7
2025-10-21 21:30:00,0.44604,0.44943,0.44557,0.44929,15267.1
2025-10-21 21:45:00,0.4493,0.45002,0.44839,0.44976,10166.0
2025-10-21 22:00:00,0.44954,0.44967,0.44649,0.44791,4599.6
2025-10-21 22:15:00,0.44798,0.44884,0.44369,0.44414,15403.7
2025-10-21 22:30:00,0.445,0.44506,0.43902,0.44184,32843.0
2025-10-21 22:45:00,0.44184,0.44302,0.43948,0.43982,4934.4
2025-10-21 23:00:00,0.43933,0.44026,0.43852,0.44005,3542.7
2025-10-21 23:15:00,0.43911,0.44018,0.43723,0.4377,25620.0
2025-10-21 23:30:00,0.43723,0.43723,0.43198,0.43304,53692.5
2025-10-21 23:45:00,0.43273,0.43362,0.43175,0.43285,29994.6
2025-10-22 00:00:00,0.43237,0.43555,0.43232,0.43505,12547.5
2025-10-22 00:15:00,0.43541,0.4355,0.43149,0.43149,3651.5
2025-10-22 00:30:00,0.43241,0.43405,0.42942,0.43212,10627.0
2025-10-22 00:45:00,0.43265,0.43265,0.43122,0.43136,4833.0
2025-10-22 01:00:00,0.43136,0.43509,0.43136,0.43509,7179.8
2025-10-22 01:15:00,0.43329,0.43329,0.4309,0.43283,7093.7
2025-10-22 01:30:00,0.43245,0.43285,0.43085,0.43245,1702.4
2025-10-22 01:45:00,0.43272,0.43395,0.43177,0.43293,55834.7
2025-10-22 02:00:00,0.43364,0.43537,0.43279,0.43537,7742.1
2025-10-22 02:15:00,0.43367,0.43446,0.43309,0.43384,3909.5
2025-10-22 02:30:00,0.43374,0.43422,0.43268,0.43338,7978.3
2025-10-22 02:45:00,0.43312,0.43345,0.43283,0.43311,1500.2
2025-10-22 03:00:00,0.43288,0.43292,0.43069,0.43069,8248.1
2025-10-22 03:15:00,0.43104,0.43229,0.43039,0.43218,1567.4
2025-10-22 03:30:00,0.43213,0.43295,0.4309,0.43167,5380.1
2025-10-22 03:45:00,0.43181,0.43482,0.43141,0.43482,3647.2
2025-10-22 04:00:00,0.4347,0.438,0.4347,0.43618,8541.2
2025-10-22 04:15:00,0.43668,0.43668,0.43559,0.4359,4181.5
2025-10-22 04:30:00,0.43587,0.43734,0.43538,0.4364,5529.4
2025-10-22 04:45:00,0.43657,0.43668,0.43572,0.43655,19407.6
2025-10-22 05:00:00,0.43593,0.43627,0.43409,0.43434,16048.9
2025-10-22 05:15:00,0.43464,0.43464,0.4284,0.43046,15207.8
2025-10-22 05:30:00,0.43047,0.43169,0.43038,0.4316,11235.9
2025-10-22 05:45:00,0.43134,0.43269,0.4307,0.43184,24518.7
2025-10-22 06:00:00,0.43152,0.43195,0.43067,0.43157,9980.1
2025-10-22 06:15:00,0.43176,0.43178,0.43001,0.43022,31929.4
2025-10-22 06:30:00,0.43014,0.43182,0.43002,0.43087,33153.9
2025-10-22 06:45:00,0.4305,0.43117,0.42956,0.42975,9163.6
2025-10-22 07:00:00,0.42939,0.42982,0.428,0.42841,11389.0
2025-10-22 07:15:00,0.42853,0.4304,0.42849,0.4298,25540.1
2025-10-22 07:30:00,0.43024,0.4327,0.42955,0.43175,15550.1
2025-10-22 07:45:00,0.43164,0.43375,0.43088,0.43375,24079.1
2025-10-22 08:00:00,0.43252,0.43252,0.43115,0.43123,22548.5
2025-10-22 08:15:00,0.43065,0.43214,0.42964,0.43202,6734.0
2025-10-22 08:30:00,0.43134,0.43208,0.43047,0.43208,8102.4
2025-10-22 08:45:00,0.43258,0.43265,0.42994,0.43055,22515.7
2025-10-22 09:00:00,0.43093,0.43108,0.42963,0.42988,8780.4
2025-10-22 09:15:00,0.42973,0.43098,0.4284,0.43094,8477.8
2025-10-22 09:30:00,0.4311,0.43126,0.4282,0.4282,2302.4
2025-10-22 09:45:00,0.4277,0.42982,0.4277,0.42872,16291.5
2025-10-22 10:00:00,0.42895,0.43085,0.42873,0.42995,15854.6
2025-10-22 10:15:00,0.43028,0.43044,0.42851,0.42907,2175.8
2025-10-22 10:30:00,0.42878,0.42905,0.42723,0.4276,4926.0
2025-10-22 10:45:00,0.42758,0.42889,0.42721,0.42721,31550.3
2025-10-22 11:00:00,0.42748,0.4305,0.42333,0.43042,73661.3
2025-10-22 11:15:00,0.43174,0.43438,0.43172,0.43236,14268.3
2025-10-22 11:30:00,0.43256,0.43416,0.43134,0.43134,7131.4
2025-10-22 11:45:00,0.43145,0.43181,0.43012,0.43175,2850.4
2025-10-22 12:00:00,0.43163,0.43193,0.4301,0.4306,6069.5
2025-10-22 12:15:00,0.4314,0.43444,0.4314,0.4329,58588.8
2025-10-22 12:30:00,0.43201,0.43319,0.43181,0.43216,10223.8
2025-10-22 12:45:00,0.43179,0.43215,0.43045,0.4309,2738.6
2025-10-22 13:00:00,0.43121,0.43332,0.43,0.43269,5817.5
2025-10-22 13:15:00,0.43212,0.43301,0.43148,0.43153,48958.5
2025-10-22 13:30:00,0.43037,0.43338,0.42908,0.43097,16723.5
2025-10-22 13:45:00,0.43135,0.43626,0.43033,0.43613,81694.4
2025-10-22 14:00:00,0.43566,0.43671,0.4322,0.43291,25158.0
2025-10-22 14:15:00,0.43349,0.43356,0.42769,0.42919,49058.2
2025-10-22 14:30:00,0.42766,0.43161,0.42766,0.42895,3419.3
2025-10-22 14:45:00,0.42913,0.4335,0.42721,0.4327,32028.9
2025-10-22 15:00:00,0.4345,0.43554,0.43115,0.43136,23630.0
2025-10-22 15:15:00,0.42991,0.43025,0.42781,0.4285,8126.9
2025-10-22 15:30:00,0.42872,0.43299,0.42872,0.43281,8533.5
2025-10-22 15:45:00,0.43281,0.43374,0.43194,0.43209,7831.9
2025-10-22 16:00:00,0.43205,0.43301,0.4309,0.4309,13674.2
2025-10-22 16:15:00,0.43071,0.43215,0.42921,0.43138,5514.3
2025-10-22 16:30:00,0.43143,0.43294,0.42803,0.43107,44061.9
2025-10-22 16:45:00,0.43171,0.43317,0.42978,0.42987,10216.6
2025-10-22 17:00:00,0.42998,0.4314,0.42971,0.43045,20796.0
2025-10-22 17:15:00,0.4303,0.43052,0.4281,0.42856,7267.4
2025-10-22 17:30:00,0.42848,0.43006,0.42621,0.42623,5557.7
2025-10-22 17:45:00,0.42631,0.42759,0.42282,0.42449,11534.1
2025-10-22 18:00:00,0.42444,0.42632,0.42353,0.42374,15759.3
2025-10-22 18:15:00,0.42295,0.42532,0.4216,0.42441,70676.9
2025-10-22 18:30:00,0.42455,0.42515,0.42199,0.42199,18281.6
2025-10-22 18:45:00,0.42294,0.42358,0.42197,0.42289,17253.9
2025-10-22 19:00:00,0.42354,0.42797,0.42303,0.42659,25006.4
2025-10-22 19:15:00,0.42647,0.42759,0.42581,0.42605,28471.9
2025-10-22 19:30:00,0.42602,0.42646,0.42393,0.42402,46327.8
2025-10-22 19:45:00,0.42365,0.42429,0.41908,0.42328,39388.5
2025-10-22 20:00:00,0.42242,0.42417,0.42241,0.42299,12501.4
2025-10-22 20:15:00,0.42231,0.42231,0.4197,0.41976,7691.0
2025-10-22 20:30:00,0.41986,0.42152,0.4178,0.42149,95326.0
2025-10-22 20:45:00,0.42136,0.42136,0.4179,0.41843,38511.8
2025-10-22 21:00:00,0.41848,0.41848,0.40572,0.41046,158549.2
2025-10-22 21:15:00,0.40978,0.41308,0.40954,0.40954,100059.7
2025-10-22 21:30:00,0.4094,0.41154,0.40886,0.41003,31234.8
2025-10-22 21:45:00,0.41013,0.4122,0.41011,0.41126,11724.1
2025-10-22 22:00:00,0.41106,0.414,0.41106,0.41254,14630.0
2025-10-22 22:15:00,0.41149,0.4123,0.40977,0.40977,8064.3
2025-10-22 22:30:00,0.41059,0.41199,0.40936,0.41115,8519.5
2025-10-22 22:45:00,0.41157,0.41194,0.41033,0.41137,3311.6
2025-10-22 23:00:00,0.4119,0.41467,0.4119,0.41452,22000.3
2025-10-22 23:15:00,0.41462,0.41869,0.41462,0.41693,17992.4
2025-10-22 23:30:00,0.41752,0.41996,0.41752,0.41759,29897.8
2025-10-22 23:45:00,0.41758,0.41973,0.41758,0.41903,55971.0
2025-10-23 00:00:00,0.41875,0.42003,0.41828,0.42002,17249.2
2025-10-23 00:15:00,0.41972,0.42031,0.41801,0.41885,45777.9
2025-10-23 00:30:00,0.4191,0.42107,0.41894,0.41894,10699.9
2025-10-23 00:45:00,0.41918,0.42019,0.41893,0.41946,5006.9
2025-10-23 01:00:00,0.41961,0.4218,0.41961,0.42149,88385.0
2025-10-23 01:15:00,0.42195,0.42261,0.41938,0.42034,28070.1
2025-10-23 01:30:00,0.42113,0.42127,0.41961,0.42012,3268.0
2025-10-23 01:45:00,0.4202,0.42038,0.41947,0.41974,18962.3
2025-10-23 02:00:00,0.41983,0.42113,0.41937,0.42092,4284.9
2025-10-23 02:15:00,0.42107,0.42135,0.42041,0.42074,8519.8
2025-10-23 02:30:00,0.42111,0.42111,0.4204,0.42093,2574.6
2025-10-23 02:45:00,0.4209,0.4209,0.41955,0.42003,1905.9
2025-10-23 03:00:00,0.41994,0.42131,0.41993,0.42087,8324.7
2025-10-23 03:15:00,0.42109,0.42284,0.42051,0.42284,15510.4
2025-10-23 03:30:00,0.42284,0.42284,0.4207,0.42113,13438.9
2025-10-23 03:45:00,0.42081,0.42138,0.42038,0.42089,6536.3
2025-10-23 04:00:00,0.42095,0.42135,0.42048,0.42061,1294.4
2025-10-23 04:15:00,0.42061,0.42245,0.42049,0.42193,2881.2
2025-10-23 04:30:00,0.42192,0.42381,0.421,0.42381,49097.0
2025-10-23 04:45:00,0.42338,0.42338,0.42227,0.42227,4241.1
2025-10-23 05:00:00,0.42236,0.42318,0.42208,0.42318,1195.1
2025-10-23 05:15:00,0.42331,0.42331,0.42237,0.42266,1532.6
2025-10-23 05:30:00,0.42271,0.42299,0.42151,0.42187,2621.7
2025-10-23 05:45:00,0.42187,0.42307,0.42127,0.42307,2855.0
2025-10-23 06:00:00,0.42324,0.424,0.42279,0.424,4324.4
2025-10-23 06:15:00,0.4243,0.42925,0.4243,0.42839,97107.6
2025-10-23 06:30:00,0.42858,0.42878,0.42738,0.42796,28281.1
2025-10-23 06:45:00,0.4281,0.42959,0.4281,0.42933,6419.9
2025-10-23 07:00:00,0.42915,0.42921,0.42758,0.42759,5590.2
2025-10-23 07:15:00,0.42755,0.42795,0.42635,0.42743,15995.7
2025-10-23 07:30:00,0.4275,0.42848,0.42677,0.42797,54060.9
2025-10-23 07:45:00,0.42781,0.42883,0.42771,0.42791,3833.1
2025-10-23 08:00:00,0.42801,0.43032,0.42801,0.43032,37727.6
2025-10-23 08:15:00,0.43013,0.43041,0.42961,0.43037,9814.7
2025-10-23 08:30:00,0.4304,0.43057,0.42963,0.43031,10346.7
2025-10-23 08:45:00,0.43032,0.4313,0.42947,0.4298,2814.1
2025-10-23 09:00:00,0.4301,0.43058,0.42964,0.4298,17016.8
2025-10-23 09:15:00,0.43036,0.43089,0.42949,0.43061,2099.8
2025-10-23 09:30:00,0.43025,0.43084,0.43018,0.43076,1289.9
2025-10-23 09:45:00,0.4306,0.43186,0.43049,0.43165,983.7
2025-10-23 10:00:00,0.43188,0.43316,0.43188,0.4329,22661.1
2025-10-23 10:15:00,0.43286,0.43403,0.43212,0.4326,15540.8
2025-10-23 10:30:00,0.43158,0.43196,0.43055,0.43055,5870.9
2025-10-23 10:45:00,0.43072,0.43145,0.43039,0.43049,4084.7
2025-10-23 11:00:00,0.4302,0.43049,0.42926,0.4301,48288.1
2025-10-23 11:15:00,0.42997,0.4306,0.42982,0.4304,12867.2
2025-10-23 11:30:00,0.43009,0.43009,0.42776,0.42789,10254.3
2025-10-23 11:45:00,0.42779,0.42821,0.42695,0.42793,15074.1
2025-10-23 12:00:00,0.42757,0.42757,0.42345,0.42574,35262.7
2025-10-23 12:15:00,0.42562,0.42766,0.4255,0.42713,15161.5
2025-10-23 12:30:00,0.42701,0.42713,0.42565,0.42681,16742.8
2025-10-23 12:45:00,0.42738,0.42816,0.42678,0.42816,34178.2
2025-10-23 13:00:00,0.42838,0.4284,0.4265,0.42803,11311.5
2025-10-23 13:15:00,0.4284,0.4292,0.42767,0.42916,11118.0
2025-10-23 13:30:00,0.4296,0.43273,0.4296,0.43083,21499.3
2025-10-23 13:45:00,0.43065,0.43182,0.42993,0.43092,3740.2
2025-10-23 14:00:00,0.43107,0.43107,0.42775,0.4279,10042.9
2025-10-23 14:15:00,0.42756,0.42907,0.42609,0.42825,7917.4
2025-10-23 14:30:00,0.42835,0.43092,0.42835,0.42914,7066.0
2025-10-23 14:45:00,0.42873,0.42976,0.42813,0.4291,195183.1
2025-10-23 15:00:00,0.42946,0.43328,0.42796,0.43164,14417.2
2025-10-23 15:15:00,0.43259,0.43268,0.43025,0.43234,9939.2
2025-10-23 15:30:00,0.43233,0.43428,0.43153,0.43153,7488.6
2025-10-23 15:45:00,0.43197,0.43338,0.43182,0.43213,12741.5
2025-10-23 16:00:00,0.43241,0.43405,0.4319,0.43322,19937.8
2025-10-23 16:15:00,0.4328,0.43346,0.43215,0.43215,2125.3
2025-10-23 16:30:00,0.43256,0.43315,0.43158,0.43193,7434.2
2025-10-23 16:45:00,0.43241,0.437,0.43241,0.43639,24943.0
2025-10-23 17:00:00,0.43652,0.43652,0.4333,0.43461,36261.8
2025-10-23 17:15:00,0.43477,0.43583,0.43419,0.435,5020.1
2025-10-23 17:30:00,0.43488,0.43924,0.43488,0.43826,24675.1
2025-10-23 17:45:00,0.43834,0.4395,0.43822,0.43862,4186.9
2025-10-23 18:00:00,0.43906,0.43906,0.43664,0.43664,16668.1
2025-10-23 18:15:00,0.43695,0.43754,0.43615,0.43637,4412.1
2025-10-23 18:30:00,0.43604,0.43633,0.43467,0.43507,57447.9
2025-10-23 18:45:00,0.43509,0.43509,0.43357,0.43467,3242.7
2025-10-23 19:00:00,0.43417,0.43417,0.43227,0.43364,4822.2
2025-10-23 19:15:00,0.43329,0.43475,0.43264,0.43475,1413.0
2025-10-23 19:30:00,0.43399,0.43399,0.43333,0.43378,2268.3
2025-10-23 19:45:00,0.43381,0.43436,0.43323,0.43417,1063.7
2025-10-23 20:00:00,0.43408,0.4341,0.43167,0.43258,10027.6
2025-10-23 20:15:00,0.43269,0.43335,0.43236,0.43335,1838.9
2025-10-23 20:30:00,0.43274,0.43327,0.43199,0.43233,4109.4
2025-10-23 20:45:00,0.43242,0.43248,0.42762,0.42952,11785.2
2025-10-23 21:00:00,0.42963,0.43087,0.42935,0.42983,9877.1
2025-10-23 21:15:00,0.43008,0.43053,0.42962,0.43005,8789.5
2025-10-23 21:30:00,0.42971,0.43002,0.4293,0.42938,14042.7
2025-10-23 21:45:00,0.42938,0.4298,0.42914,0.42914,2558.5
2025-10-23 22:00:00,0.42934,0.43154,0.42934,0.43009,12976.4
2025-10-23 22:15:00,0.4303,0.43101,0.42999,0.43081,1005.1
2025-10-23 22:30:00,0.4313,0.4325,0.43127,0.4315,24265.0
2025-10-23 22:45:00,0.4314,0.43269,0.4314,0.43225,1879.8
2025-10-23 23:00:00,0.43197,0.43214,0.43118,0.43214,6709.1
2025-10-23 23:15:00,0.43166,0.43197,0.43125,0.43188,2527.4
2025-10-23 23:30:00,0.43136,0.43177,0.43099,0.43174,1439.8
2025-10-23 23:45:00,0.43193,0.43339,0.43178,0.43329,11428.1
2025-10-24 00:00:00,0.43358,0.43402,0.43214,0.43371,12501.6
2025-10-24 00:15:00,0.43419,0.43428,0.43267,0.43267,4597.1
2025-10-24 00:30:00,0.43266,0.43411,0.43266,0.43363,2708.6
2025-10-24 00:45:00,0.43388,0.43522,0.43374,0.43431,13667.5
2025-10-24 01:00:00,0.43422,0.43515,0.43422,0.43453,2208.1
2025-10-24 01:15:00,0.43432,0.43434,0.43205,0.43205,12237.6
2025-10-24 01:30:00,0.43223,0.43314,0.4322,0.43314,5798.9
2025-10-24 01:45:00,0.43324,0.43416,0.43303,0.43372,3349.1
2025-10-24 02:00:00,0.43345,0.43397,0.433,0.43315,2706.7
2025-10-24 02:15:00,0.43306,0.43355,0.43201,0.43258,9370.8
2025-10-24 02:30:00,0.43248,0.4331,0.43144,0.43253,6476.8
2025-10-24 02:45:00,0.43264,0.43332,0.4324,0.43312,4077.7
2025-10-24 03:00:00,0.43271,0.43291,0.43183,0.43225,17114.3
2025-10-24 03:15:00,0.43185,0.43215,0.43134,0.43155,2220.5
2025-10-24 03:30:00,0.43184,0.43184,0.43077,0.43124,6032.0
2025-10-24 03:45:00,0.43115,0.43194,0.43062,0.43155,9394.9
2025-10-24 04:00:00,0.43182,0.433,0.43083,0.43292,8428.1
2025-10-24 04:15:00,0.4328,0.43587,0.4321,0.43556,11495.6
2025-10-24 04:30:00,0.43556,0.43962,0.43556,0.43943,35813.9
2025-10-24 04:45:00,0.44,0.44122,0.43949,0.44022,10961.2
2025-10-24 05:00:00,0.44061,0.4413,0.43939,0.44067,9493.6
2025-10-24 05:15:00,0.44054,0.44106,0.43985,0.44076,4080.0
2025-10-24 05:30:00,0.44065,0.44174,0.44017,0.44154,2642.6
2025-10-24 05:45:00,0.4417,0.44303,0.4417,0.4421,11674.6
2025-10-24 06:00:00,0.44185,0.4426,0.44111,0.44161,86439.2
2025-10-24 06:15:00,0.44203,0.44228,0.44119,0.44228,999.7
2025-10-24 06:30:00,0.44208,0.44282,0.44195,0.44197,10378.0
2025-10-24 06:45:00,0.44203,0.4436,0.44157,0.4436,22686.7
2025-10-24 07:00:00,0.44249,0.44332,0.44158,0.44184,6863.9
2025-10-24 07:15:00,0.4418,0.44192,0.44088,0.44173,4571.3
2025-10-24 07:30:00,0.44156,0.44163,0.44033,0.44033,4956.9
2025-10-24 07:45:00,0.43939,0.43978,0.43844,0.43973,4650.7
2025-10-24 08:00:00,0.44002,0.44045,0.43817,0.44045,1988.2
2025-10-24 08:15:00,0.43955,0.44074,0.43955,0.44011,8160.3
2025-10-24 08:30:00,0.44003,0.44296,0.43957,0.44296,6235.9
2025-10-24 08:45:00,0.44381,0.44456,0.44285,0.4434,24118.2
2025-10-24 09:00:00,0.44339,0.4434,0.44224,0.44261,2204.1
2025-10-24 09:15:00,0.44243,0.443,0.44229,0.44287,2066.0
2025-10-24 09:30:00,0.44276,0.44276,0.44136,0.44165,2427.9
2025-10-24 09:45:00,0.44165,0.44189,0.44042,0.44081,1901.3
2025-10-24 10:00:00,0.44095,0.44127,0.44034,0.44104,5818.6
2025-10-24 10:15:00,0.441,0.441,0.43887,0.43936,5320.3
2025-10-24 10:30:00,0.43915,0.44044,0.43915,0.43971,10945.1
2025-10-24 10:45:00,0.43988,0.43994,0.43882,0.43921,5212.9
2025-10-24 11:00:00,0.43901,0.4396,0.43841,0.4396,3404.7
2025-10-24 11:15:00,0.43959,0.4397,0.4374,0.43787,36534.6
2025-10-24 11:30:00,0.43833,0.43926,0.43628,0.43897,10080.8
2025-10-24 11:45:00,0.43939,0.44098,0.43898,0.44083,2970.9
2025-10-24 12:00:00,0.44108,0.44312,0.44108,0.44273,6785.1
2025-10-24 12:15:00,0.44265,0.44403,0.44147,0.44403,5994.4
2025-10-24 12:30:00,0.44393,0.45131,0.44393,0.44737,164681.5
2025-10-24 12:45:00,0.44707,0.44742,0.44392,0.44479,8685.4
2025-10-24 13:00:00,0.44531,0.44593,0.44437,0.44437,6524.6
2025-10-24 13:15:00,0.44429,0.44556,0.44414,0.44435,2673.5
2025-10-24 13:30:00,0.44434,0.44504,0.44129,0.4413,11581.6
2025-10-24 13:45:00,0.44021,0.44205,0.43886,0.44185,29840.3
2025-10-24 14:00:00,0.44258,0.44262,0.43939,0.44005,3193.6
2025-10-24 14:15:00,0.44024,0.44024,0.43422,0.43621,17504.4
2025-10-24 14:30:00,0.43628,0.43802,0.43599,0.43772,7162.2
2025-10-24 14:45:00,0.43787,0.43811,0.4367,0.43798,7577.0
2025-10-24 15:00:00,0.43809,0.43897,0.4367,0.43861,15179.5
2025-10-24 15:15:00,0.43896,0.44058,0.43808,0.43937,9431.9
2025-10-24 15:30:00,0.43978,0.44001,0.43676,0.43715,23600.1
2025-10-24 15:45:00,0.43739,0.43739,0.43492,0.436,13485.7
2025-10-24 16:00:00,0.4366,0.4366,0.434,0.43507,14165.6
2025-10-24 16:15:00,0.43527,0.4369,0.43494,0.43576,8190.8
2025-10-24 16:30:00,0.43613,0.43613,0.43315,0.43374,26278.4
2025-10-24 16:45:00,0.43373,0.43528,0.43373,0.43505,7975.2
2025-10-24 17:00:00,0.43564,0.43779,0.43558,0.43607,116312.9
2025-10-24 17:15:00,0.43629,0.4389,0.43629,0.43826,3856.7
2025-10-24 17:30:00,0.43846,0.43849,0.43718,0.43737,2011.3
2025-10-24 17:45:00,0.43747,0.43769,0.43613,0.43658,100844.5
2025-10-24 18:00:00,0.43645,0.43821,0.43619,0.43809,5671.0
2025-10-24 18:15:00,0.43852,0.43917,0.43837,0.43875,17341.3
2025-10-24 18:30:00,0.43932,0.43939,0.43861,0.43939,4287.2
2025-10-24 18:45:00,0.43939,0.441,0.43939,0.441,14237.5
2025-10-24 19:00:00,0.441,0.44364,0.441,0.44304,14762.9
2025-10-24 19:15:00,0.44306,0.44433,0.44301,0.44429,3591.2
2025-10-24 19:30:00,0.44453,0.44458,0.4437,0.44458,5573.7
2025-10-24 19:45:00,0.44484,0.44538,0.44412,0.44486,6258.2
2025-10-24 20:00:00,0.44454,0.44521,0.44393,0.44483,4181.4
2025-10-24 20:15:00,0.44514,0.44745,0.44514,0.44666,59498.8
2025-10-24 20:30:00,0.44656,0.44689,0.44601,0.44655,1678.5
2025-10-24 20:45:00,0.44652,0.44708,0.44582,0.44672,8340.1
2025-10-24 21:00:00,0.44729,0.44765,0.44633,0.44664,14275.9
2025-10-24 21:15:00,0.44641,0.4481,0.44624,0.44749,22087.0
2025-10-24 21:30:00,0.44778,0.44778,0.44688,0.44697,984.9
2025-10-24 21:45:00,0.44749,0.44882,0.44749,0.44882,1114.1
2025-10-24 22:00:00,0.4492,0.4492,0.44781,0.44828,1429.6
2025-10-24 22:15:00,0.44882,0.44942,0.44839,0.44858,762.8
2025-10-24 22:30:00,0.44847,0.44931,0.44781,0.44781,3055.5
2025-10-24 22:45:00,0.44828,0.44835,0.44714,0.44808,2515.9
2025-10-24 23:00:00,0.44777,0.4482,0.44655,0.44688,4257.3
2025-10-24 23:15:00,0.44674,0.44794,0.44674,0.44775,2975.8
2025-10-24 23:30:00,0.44765,0.44858,0.44732,0.44732,23824.3
2025-10-24 23:45:00,0.44762,0.44798,0.44752,0.4478,5362.8
2025-10-25 00:00:00,0.44814,0.44814,0.44636,0.44636,44569.4
2025-10-25 00:15:00,0.44616,0.44685,0.44593,0.44623,11300.7
2025-10-25 00:30:00,0.4463,0.44734,0.44596,0.44644,11303.8
2025-10-25 00:45:00,0.44626,0.44716,0.44545,0.44585,2760.5
2025-10-25 01:00:00,0.4458,0.44648,0.4453,0.44648,2024.8
2025-10-25 01:15:00,0.44668,0.44668,0.44466,0.4463,3627.7
2025-10-25 01:30:00,0.44628,0.44676,0.44439,0.44458,1443.9
2025-10-25 01:45:00,0.44505,0.44534,0.44463,0.44527,4122.7
2025-10-25 02:00:00,0.44561,0.44674,0.44471,0.44496,5025.3
2025-10-25 02:15:00,0.44526,0.44546,0.44494,0.44511,1303.2
2025-10-25 02:30:00,0.44488,0.44557,0.44428,0.44507,6202.1
2025-10-25 02:45:00,0.44516,0.44604,0.44465,0.44496,10173.7
2025-10-25 03:00:00,0.44471,0.44488,0.44361,0.44407,10300.3
2025-10-25 03:15:00,0.44432,0.44447,0.44388,0.44392,1587.3
2025-10-25 03:30:00,0.44364,0.44393,0.44309,0.44365,5823.8
2025-10-25 03:45:00,0.44364,0.44364,0.44241,0.44275,6974.0
2025-10-25 04:00:00,0.44234,0.44327,0.44234,0.44323,4864.1
2025-10-25 04:15:00,0.44323,0.44475,0.44318,0.44366,13247.9
2025-10-25 04:30:00,0.44386,0.44434,0.44312,0.44312,8644.4
2025-10-25 04:45:00,0.44345,0.44404,0.44301,0.44333,8932.1
2025-10-25 05:00:00,0.44301,0.44301,0.44149,0.44191,4632.0
2025-10-25 05:15:00,0.44136,0.44225,0.44104,0.44177,3404.7
2025-10-25 05:30:00,0.44176,0.4422,0.4409,0.44181,9808.4
2025-10-25 05:45:00,0.44148,0.44202,0.44125,0.44183,8431.5
2025-10-25 06:00:00,0.44204,0.44222,0.44113,0.44174,5092.9
2025-10-25 06:15:00,0.44134,0.44155,0.44082,0.44114,926.5
2025-10-25 06:30:00,0.44103,0.44124,0.44038,0.4407,1686.3
2025-10-25 06:45:00,0.44058,0.44074,0.44018,0.44029,674.6
2025-10-25 07:00:00,0.44013,0.44074,0.4401,0.4403,5659.2
2025-10-25 07:15:00,0.44058,0.44178,0.44058,0.44114,11336.0
2025-10-25 07:30:00,0.44124,0.44319,0.43958,0.44027,39770.6
2025-10-25 07:45:00,0.44043,0.44043,0.4399,0.44012,876.1
2025-10-25 08:00:00,0.44012,0.44097,0.44005,0.44092,6046.5
2025-10-25 08:15:00,0.4411,0.44187,0.44077,0.44128,12976.0
2025-10-25 08:30:00,0.44135,0.44135,0.44032,0.44032,5835.4
2025-10-25 08:45:00,0.44076,0.4416,0.44076,0.4416,2362.2
2025-10-25 09:00:00,0.44177,0.44177,0.44097,0.44148,15004.9
2025-10-25 09:15:00,0.44157,0.44157,0.43998,0.44005,15267.3
2025-10-25 09:30:00,0.44046,0.44139,0.43976,0.44102,50659.7
2025-10-25 09:45:00,0.44109,0.44124,0.43965,0.44007,20698.4
2025-10-25 10:00:00,0.44026,0.44033,0.43847,0.43866,7856.1
2025-10-25 10:15:00,0.43924,0.43986,0.43924,0.43964,6532.2
2025-10-25 10:30:00,0.4395,0.44109,0.4395,0.44089,15528.8
2025-10-25 10:45:00,0.44057,0.44096,0.43992,0.44021,9459.3
2025-10-25 11:00:00,0.44003,0.441,0.43965,0.43999,30662.0
2025-10-25 11:15:00,0.43999,0.44172,0.43999,0.4416,4552.6
2025-10-25 11:30:00,0.44174,0.44279,0.44159,0.44238,13526.4
2025-10-25 11:45:00,0.44244,0.44306,0.44213,0.44266,11609.3
2025-10-25 12:00:00,0.44288,0.44454,0.44276,0.44425,15440.4
2025-10-25 12:15:00,0.44434,0.44503,0.44421,0.44477,8101.6
2025-10-25 12:30:00,0.44468,0.44494,0.444,0.44471,1241.4
2025-10-25 12:45:00,0.44491,0.4458,0.44458,0.4448,902.1
2025-10-25 13:00:00,0.44464,0.44464,0.44313,0.44371,2848.7
2025-10-25 13:15:00,0.44378,0.44522,0.44371,0.44448,1359.2
2025-10-25 13:30:00,0.44413,0.44488,0.44371,0.4444,3747.1
2025-10-25 13:45:00,0.44386,0.44458,0.44344,0.44417,1723.7
2025-10-25 14:00:00,0.44402,0.44404,0.44342,0.44392,12618.0
2025-10-25 14:15:00,0.44412,0.44591,0.44412,0.44512,5546.9
2025-10-25 14:30:00,0.44488,0.44624,0.44484,0.44583,9677.3
2025-10-25 14:45:00,0.44562,0.44659,0.44554,0.44634,13376.3
2025-10-25 15:00:00,0.4467,0.4467,0.44505,0.4451,4169.4
2025-10-25 15:15:00,0.44516,0.44639,0.44515,0.44639,3111.1
2025-10-25 15:30:00,0.44575,0.44643,0.44533,0.44533,10644.6
2025-10-25 15:45:00,0.44523,0.44627,0.44518,0.44587,3735.7
2025-10-25 16:00:00,0.44645,0.44664,0.44537,0.44571,7076.3
2025-10-25 16:15:00,0.4458,0.44659,0.44545,0.4464,2407.9
2025-10-25 16:30:00,0.44661,0.44715,0.44564,0.44564,3247.5
2025-10-25 16:45:00,0.44574,0.4463,0.44503,0.44544,1714.0
2025-10-25 17:00:00,0.44567,0.44814,0.44553,0.44814,6210.8
2025-10-25 17:15:00,0.44762,0.44762,0.44676,0.44678,1197.0
2025-10-25 17:30:00,0.44711,0.44736,0.44651,0.4467,49574.9
2025-10-25 17:45:00,0.44652,0.44672,0.44629,0.44656,11833.3
2025-10-25 18:00:00,0.44636,0.4472,0.44581,0.4471,7168.2
2025-10-25 18:15:00,0.44765,0.44851,0.4476,0.44851,29574.5
2025-10-25 18:30:00,0.4485,0.44999,0.4485,0.44954,3474.6
2025-10-25 18:45:00,0.44956,0.45,0.44864,0.44933,43515.4
2025-10-25 19:00:00,0.44927,0.44927,0.44839,0.44868,19534.3
2025-10-25 19:15:00,0.44873,0.44928,0.44863,0.44909,16449.3
2025-10-25 19:30:00,0.44917,0.44993,0.44917,0.44978,33302.6
2025-10-25 19:45:00,0.44978,0.44999,0.44939,0.44991,25776.9
2025-10-25 20:00:00,0.45,0.45065,0.45,0.45044,16116.0
2025-10-25 20:15:00,0.44994,0.45044,0.44973,0.45002,1800.4
2025-10-25 20:30:00,0.44962,0.44965,0.44797,0.44916,39481.8
2025-10-25 20:45:00,0.44895,0.44987,0.4488,0.4488,1617.8
2025-10-25 21:00:00,0.44893,0.44893,0.44831,0.44832,7008.6
2025-10-25 21:15:00,0.4479,0.44841,0.44737,0.448,11079.3
2025-10-25 21:30:00,0.44725,0.44748,0.44693,0.44703,20998.7
2025-10-25 21:45:00,0.44694,0.44777,0.44668,0.44776,4222.7
2025-10-25 22:00:00,0.44788,0.44788,0.44645,0.44653,2978.5
2025-10-25 22:15:00,0.44673,0.44698,0.44654,0.44681,27505.7
2025-10-25 22:30:00,0.44711,0.44802,0.4469,0.44802,47146.5
2025-10-25 22:45:00,0.44802,0.4489,0.44789,0.44802,12169.1
2025-10-25 23:00:00,0.44803,0.44812,0.44762,0.44812,20639.1
2025-10-25 23:15:00,0.44817,0.44831,0.44664,0.44693,21316.9
2025-10-25 23:30:00,0.44699,0.44736,0.44658,0.44714,1582.6
2025-10-25 23:45:00,0.4467,0.44687,0.44628,0.4464,3449.1
2025-10-26 00:00:00,0.4464,0.44677,0.44448,0.44579,13814.7
2025-10-26 00:15:00,0.44629,0.4471,0.44599,0.44707,1781.5
2025-10-26 00:30:00,0.44678,0.44735,0.44662,0.44711,1625.1
2025-10-26 00:45:00,0.44711,0.44733,0.446,0.44611,3587.2
2025-10-26 01:00:00,0.44602,0.44607,0.44511,0.44576,7829.7
2025-10-26 01:15:00,0.44545,0.44583,0.44451,0.44451,6560.6
2025-10-26 01:30:00,0.4444,0.445,0.44436,0.44436,12316.7
2025-10-26 01:45:00,0.44425,0.44465,0.44164,0.4428,4079.6
2025-10-26 02:00:00,0.44267,0.44267,0.44196,0.44248,19608.9
2025-10-26 02:15:00,0.44262,0.44265,0.442,0.4423,22717.7
2025-10-26 02:30:00,0.44257,0.44294,0.44158,0.44214,1672.3
2025-10-26 02:45:00,0.44208,0.44212,0.44023,0.44091,3961.5
2025-10-26 03:00:00,0.44091,0.44097,0.44005,0.44068,1234.1
2025-10-26 03:15:00,0.44043,0.44147,0.44043,0.44147,11553.9
2025-10-26 03:30:00,0.4412,0.4412,0.44,0.44,4418.5
2025-10-26 03:45:00,0.43997,0.44061,0.43932,0.44048,7054.5
2025-10-26 04:00:00,0.44042,0.44199,0.44024,0.44199,2384.8
2025-10-26 04:15:00,0.44171,0.44262,0.44162,0.4424,3945.4
2025-10-26 04:30:00,0.44229,0.44254,0.44118,0.44161,1312.7
2025-10-26 04:45:00,0.44149,0.44279,0.44149,0.44279,4723.1
2025-10-26 05:00:00,0.44248,0.44295,0.44188,0.44281,13106.9
2025-10-26 05:15:00,0.44281,0.44363,0.4428,0.44363,1038.6
2025-10-26 05:30:00,0.4433,0.44422,0.4431,0.44417,11048.1
2025-10-26 05:45:00,0.44441,0.44545,0.44441,0.44509,25395.3
2025-10-26 06:00:00,0.44501,0.44545,0.44381,0.44439,3990.4
2025-10-26 06:15:00,0.44444,0.44519,0.44395,0.44519,17476.6
2025-10-26 06:30:00,0.44517,0.44517,0.44416,0.44449,1113.0
2025-10-26 06:45:00,0.44459,0.44518,0.44434,0.44518,5511.6
2025-10-26 07:00:00,0.44467,0.44511,0.44383,0.44476,6845.3
2025-10-26 07:15:00,0.44538,0.44601,0.44532,0.44532,6945.5
2025-10-26 07:30:00,0.44522,0.44628,0.44501,0.44613,20188.2
2025-10-26 07:45:00,0.44635,0.44663,0.44573,0.44635,2398.5
2025-10-26 08:00:00,0.4466,0.44833,0.4466,0.44805,8419.1
2025-10-26 08:15:00,0.44827,0.44827,0.44755,0.44797,7430.2
2025-10-26 08:30:00,0.44816,0.44849,0.44737,0.44773,17814.8
2025-10-26 08:45:00,0.4478,0.44938,0.4478,0.44894,18079.0
2025-10-26 09:00:00,0.4499,0.4499,0.44819,0.4483,25774.4
2025-10-26 09:15:00,0.4484,0.45506,0.4484,0.45477,68086.0
2025-10-26 09:30:00,0.4555,0.4555,0.45267,0.45299,16311.1
2025-10-26 09:45:00,0.45297,0.45402,0.4521,0.45337,1387.9
2025-10-26 10:00:00,0.45428,0.45428,0.45203,0.45335,7100.5
2025-10-26 10:15:00,0.45344,0.45344,0.45166,0.4519,5293.9
2025-10-26 10:30:00,0.45196,0.45196,0.45077,0.45127,2360.5
2025-10-26 10:45:00,0.45132,0.45219,0.45117,0.4516,16029.8
2025-10-26 11:00:00,0.45159,0.45217,0.45075,0.45177,6984.0
2025-10-26 11:15:00,0.45191,0.45401,0.45191,0.45383,17644.4
2025-10-26 11:30:00,0.45411,0.45954,0.45411,0.45908,24687.9
2025-10-26 11:45:00,0.45976,0.46,0.45673,0.45858,15815.0
2025-10-26 12:00:00,0.45952,0.45977,0.45872,0.45976,6765.2
2025-10-26 12:15:00,0.46018,0.46099,0.45793,0.45846,5639.4
2025-10-26 12:30:00,0.4585,0.4598,0.45749,0.45749,5135.8
2025-10-26 12:45:00,0.45913,0.4602,0.45857,0.45955,3706.3
2025-10-26 13:00:00,0.45956,0.46006,0.45884,0.45914,90805.0
2025-10-26 13:15:00,0.45912,0.46127,0.45912,0.46127,3354.7
2025-10-26 13:30:00,0.46141,0.46344,0.46141,0.46319,2569.8
2025-10-26 13:45:00,0.46275,0.46343,0.46234,0.46267,17974.4
2025-10-26 14:00:00,0.4628,0.4628,0.46122,0.46273,3472.3
2025-10-26 14:15:00,0.46313,0.46313,0.46,0.46053,12262.1
2025-10-26 14:30:00,0.46065,0.46128,0.4601,0.46108,7844.1
2025-10-26 14:45:00,0.4608,0.46082,0.45978,0.46082,1060.1
2025-10-26 15:00:00,0.461,0.461,0.45871,0.45988,26406.4
2025-10-26 15:15:00,0.45997,0.46077,0.45938,0.46077,2490.0
2025-10-26 15:30:00,0.46141,0.46167,0.46027,0.46067,2948.0
2025-10-26 15:45:00,0.46077,0.46247,0.46077,0.46247,6823.2
2025-10-26 16:00:00,0.46295,0.46295,0.46063,0.46103,14278.6
2025-10-26 16:15:00,0.46055,0.46152,0.45929,0.4608,6917.7
2025-10-26 16:30:00,0.46019,0.46146,0.45984,0.46146,68488.2
2025-10-26 16:45:00,0.4615,0.46157,0.4597,0.45996,4657.1
2025-10-26 17:00:00,0.4595,0.46043,0.45913,0.46043,12291.0
2025-10-26 17:15:00,0.46034,0.46041,0.45971,0.45971,2664.8
2025-10-26 17:30:00,0.4599,0.46054,0.45985,0.45985,1654.5
2025-10-26 17:45:00,0.46005,0.46033,0.45946,0.45983,1714.8
2025-10-26 18:00:00,0.46076,0.46144,0.46031,0.46117,1272.3
2025-10-26 18:15:00,0.46113,0.46169,0.46,0.46027,4810.4
2025-10-26 18:30:00,0.46011,0.4614,0.45982,0.46105,2402.5
2025-10-26 18:45:00,0.46086,0.46127,0.4604,0.4604,3074.1
2025-10-26 19:00:00,0.46083,0.46083,0.4597,0.46008,16622.8
2025-10-26 19:15:00,0.46009,0.46075,0.45967,0.46064,3824.2
2025-10-26 19:30:00,0.46064,0.46105,0.46023,0.46105,12549.2
2025-10-26 19:45:00,0.46106,0.46106,0.46022,0.46066,2375.8
2025-10-26 20:00:00,0.46082,0.46082,0.45927,0.45936,1752.6
2025-10-26 20:15:00,0.45924,0.45974,0.45684,0.45706,6644.9
2025-10-26 20:30:00,0.45703,0.45848,0.45703,0.45845,31744.0
2025-10-26 20:45:00,0.45831,0.45843,0.45727,0.45727,14676.9
2025-10-26 21:00:00,0.45704,0.45908,0.457,0.45908,2513.4
2025-10-26 21:15:00,0.45938,0.4594,0.45722,0.45746,12964.5
2025-10-26 21:30:00,0.45701,0.46023,0.45701,0.46001,3466.4
2025-10-26 21:45:00,0.46044,0.46181,0.46021,0.4609,12024.9
2025-10-26 22:00:00,0.46204,0.47112,0.46204,0.46735,112144.2
2025-10-26 22:15:00,0.46784,0.46784,0.46439,0.46506,24477.9
2025-10-26 22:30:00,0.46598,0.46598,0.46416,0.46575,11586.1
2025-10-26 22:45:00,0.46594,0.46704,0.46594,0.46643,7821.6
2025-10-26 23:00:00,0.4663,0.46745,0.46579,0.46628,4939.4
2025-10-26 23:15:00,0.46664,0.46733,0.46621,0.46625,6001.4
2025-10-26 23:30:00,0.46599,0.46689,0.4655,0.46579,1925.2
2025-10-26 23:45:00,0.46589,0.46589,0.4641,0.4641,9943.2
2025-10-27 00:00:00,0.46473,0.46565,0.46346,0.46519,19013.1
2025-10-27 00:15:00,0.4652,0.46602,0.46491,0.46602,11018.4
2025-10-27 00:30:00,0.46615,0.46819,0.4654,0.46764,3880.6
2025-10-27 00:45:00,0.46733,0.4675,0.46562,0.4672,1344.0
2025-10-27 01:00:00,0.46597,0.46682,0.46569,0.46651,9627.7
2025-10-27 01:15:00,0.46626,0.46815,0.46553,0.46726,69535.1
2025-10-27 01:30:00,0.46708,0.46897,0.46668,0.46851,1010.3
2025-10-27 01:45:00,0.46816,0.46978,0.46816,0.46941,17995.4
2025-10-27 02:00:00,0.46932,0.47104,0.46877,0.4698,10096.6
2025-10-27 02:15:00,0.46938,0.47064,0.4682,0.4682,5860.5
2025-10-27 02:30:00,0.46807,0.46902,0.46707,0.46902,3470.5
2025-10-27 02:45:00,0.46932,0.46957,0.46812,0.46915,11337.5
2025-10-27 03:00:00,0.46956,0.47051,0.46956,0.46984,1631.1
2025-10-27 03:15:00,0.46994,0.47043,0.46822,0.46859,3214.3
2025-10-27 03:30:00,0.46776,0.46862,0.46721,0.46721,5915.4
2025-10-27 03:45:00,0.46763,0.46856,0.4672,0.46846,9867.2
2025-10-27 04:00:00,0.46852,0.46859,0.46749,0.46789,2948.3
2025-10-27 04:15:00,0.46808,0.46985,0.46808,0.46985,6613.3
2025-10-27 04:30:00,0.46995,0.47016,0.46889,0.47008,27606.2
2025-10-27 04:45:00,0.47026,0.47071,0.46927,0.47005,38710.0
2025-10-27 05:00:00,0.47004,0.47194,0.46995,0.47161,18138.9
2025-10-27 05:15:00,0.47181,0.47552,0.47181,0.47534,12093.3
2025-10-27 05:30:00,0.47553,0.47553,0.47361,0.47391,16496.8
2025-10-27 05:45:00,0.47369,0.47382,0.4722,0.47295,5052.4
2025-10-27 06:00:00,0.47295,0.47295,0.4699,0.47061,4539.8
2025-10-27 06:15:00,0.47059,0.47208,0.47022,0.47194,6409.0
2025-10-27 06:30:00,0.47201,0.47201,0.47007,0.47106,10778.7
2025-10-27 06:45:00,0.47122,0.47263,0.47087,0.47087,7370.2
2025-10-27 07:00:00,0.47082,0.47176,0.46861,0.46872,7695.3
2025-10-27 07:15:00,0.46835,0.46905,0.46802,0.46858,3854.0
2025-10-27 07:30:00,0.46839,0.46878,0.46398,0.46548,23444.0
2025-10-27 07:45:00,0.46559,0.46798,0.46559,0.46682,36354.3
2025-10-27 08:00:00,0.46704,0.46872,0.46634,0.46714,16365.0
2025-10-27 08:15:00,0.46737,0.46872,0.46175,0.46175,25380.6
2025-10-27 08:30:00,0.46342,0.46539,0.46342,0.46473,49026.4
2025-10-27 08:45:00,0.46479,0.46479,0.4626,0.46322,57885.6
2025-10-27 09:00:00,0.46325,0.46342,0.45896,0.46048,21522.1
2025-10-27 09:15:00,0.46117,0.4615,0.4596,0.45987,6925.5
2025-10-27 09:30:00,0.45926,0.46095,0.45926,0.46016,11346.7
2025-10-27 09:45:00,0.45996,0.46013,0.45871,0.46013,7709.9
2025-10-27 10:00:00,0.46001,0.46001,0.45867,0.45946,5403.9
2025-10-27 10:15:00,0.45982,0.46043,0.45932,0.45978,7595.0
2025-10-27 10:30:00,0.45934,0.45997,0.45907,0.45907,7405.4
2025-10-27 10:45:00,0.45923,0.46016,0.45888,0.45915,12097.5
2025-10-27 11:00:00,0.45917,0.46053,0.45917,0.45997,30169.6
2025-10-27 11:15:00,0.45976,0.46029,0.4559,0.45737,3326.8
2025-10-27 11:30:00,0.45727,0.46002,0.45702,0.46002,10149.7
2025-10-27 11:45:00,0.45976,0.46017,0.45791,0.46017,58365.9
2025-10-27 12:00:00,0.46011,0.46057,0.45931,0.45967,10955.5
2025-10-27 12:15:00,0.45921,0.45924,0.45842,0.45897,4040.1
2025-10-27 12:30:00,0.45799,0.45827,0.45571,0.4564,4574.1
2025-10-27 12:45:00,0.45645,0.45667,0.45542,0.45555,19321.9
2025-10-27 13:00:00,0.45565,0.45866,0.45565,0.45805,7047.7
2025-10-27 13:15:00,0.45835,0.45895,0.45704,0.45726,12895.6
2025-10-27 13:30:00,0.45805,0.45805,0.45166,0.45394,19612.0
2025-10-27 13:45:00,0.45425,0.45835,0.45364,0.45735,31866.3
2025-10-27 14:00:00,0.45783,0.45787,0.45379,0.45442,13254.1
2025-10-27 14:15:00,0.45412,0.45568,0.45317,0.45553,16876.1
2025-10-27 14:30:00,0.45519,0.45658,0.45411,0.45514,6648.6
2025-10-27 14:45:00,0.45618,0.45637,0.45456,0.4548,13160.0
2025-10-27 15:00:00,0.45524,0.45884,0.45524,0.45884,8601.5
2025-10-27 15:15:00,0.45916,0.45916,0.45651,0.45844,30855.5
2025-10-27 15:30:00,0.45824,0.45824,0.45697,0.45707,11515.8
2025-10-27 15:45:00,0.45731,0.45789,0.45643,0.45712,7194.1
2025-10-27 16:00:00,0.45706,0.46029,0.45706,0.45941,17211.3
2025-10-27 16:15:00,0.45976,0.46082,0.45886,0.45971,8987.8
2025-10-27 16:30:00,0.45936,0.46308,0.4593,0.46172,7907.1
2025-10-27 16:45:00,0.46132,0.46483,0.45877,0.46433,524157.7
2025-10-27 17:00:00,0.46463,0.4649,0.46307,0.4649,7377.4
2025-10-27 17:15:00,0.46478,0.46639,0.46424,0.46499,14744.9
2025-10-27 17:30:00,0.46419,0.46798,0.46419,0.46722,8441.2
2025-10-27 17:45:00,0.46664,0.46664,0.46512,0.46585,7316.7
2025-10-27 18:00:00,0.4661,0.46766,0.46484,0.46711,3053.5
2025-10-27 18:15:00,0.46711,0.46711,0.46335,0.46362,3582.1
2025-10-27 18:30:00,0.46381,0.46536,0.46354,0.46536,1696.5
2025-10-27 18:45:00,0.46536,0.46568,0.46309,0.46337,30609.1
2025-10-27 19:00:00,0.46355,0.46355,0.46057,0.46332,29119.3
2025-10-27 19:15:00,0.46295,0.46317,0.46178,0.46198,7658.2
2025-10-27 19:30:00,0.46168,0.46188,0.45903,0.45973,5947.0
2025-10-27 19:45:00,0.45978,0.4603,0.45874,0.45921,20055.9
2025-10-27 20:00:00,0.45866,0.45871,0.45625,0.45696,4020.3
2025-10-27 20:15:00,0.45702,0.45808,0.45599,0.456,36564.3
2025-10-27 20:30:00,0.4559,0.45629,0.45452,0.45582,5201.5
2025-10-27 20:45:00,0.45499,0.4564,0.4547,0.45529,12749.0
2025-10-27 21:00:00,0.45438,0.45619,0.45438,0.45536,11367.9
2025-10-27 21:15:00,0.45562,0.45652,0.45356,0.45393,22899.4
2025-10-27 21:30:00,0.45357,0.45614,0.45357,0.45583,4592.4
2025-10-27 21:45:00,0.45585,0.45748,0.45475,0.45475,12158.4
2025-10-27 22:00:00,0.45448,0.45622,0.45397,0.45594,4850.9
2025-10-27 22:15:00,0.45522,0.4562,0.45492,0.45549,1869.8
2025-10-27 22:30:00,0.45537,0.45537,0.45065,0.45128,3722.7
2025-10-27 22:45:00,0.45085,0.45269,0.45084,0.45111,20322.0
2025-10-27 23:00:00,0.45112,0.45139,0.44924,0.45022,7781.8
2025-10-27 23:15:00,0.44895,0.45116,0.44818,0.45093,17601.6
2025-10-27 23:30:00,0.45117,0.45261,0.45117,0.45129,3733.5
2025-10-27 23:45:00,0.4516,0.45202,0.45088,0.45146,1307.6
2025-10-28 00:00:00,0.45131,0.45229,0.4502,0.45115,7053.5
2025-10-28 00:15:00,0.45103,0.4535,0.45103,0.4535,3693.4
2025-10-28 00:30:00,0.45302,0.45302,0.4502,0.45049,1283.3
2025-10-28 00:45:00,0.45129,0.45201,0.44991,0.45144,1938.3
2025-10-28 01:00:00,0.4522,0.45456,0.4522,0.45371,3796.0
2025-10-28 01:15:00,0.45391,0.45391,0.45259,0.45305,4721.5
2025-10-28 01:30:00,0.45263,0.45424,0.4518,0.4541,2810.2
2025-10-28 01:45:00,0.45406,0.45444,0.4534,0.45341,2579.2
2025-10-28 02:00:00,0.45367,0.45428,0.4516,0.4516,2974.5
2025-10-28 02:15:00,0.45183,0.45211,0.44932,0.45113,21915.8
2025-10-28 02:30:00,0.45123,0.45268,0.45123,0.45221,1331.9
2025-10-28 02:45:00,0.45198,0.45198,0.44794,0.45138,11411.0
2025-10-28 03:00:00,0.45083,0.45252,0.44994,0.45009,8467.3
2025-10-28 03:15:00,0.44848,0.45105,0.44848,0.45098,4890.5
2025-10-28 03:30:00,0.45086,0.45086,0.44851,0.4497,11055.4
2025-10-28 03:45:00,0.44995,0.45029,0.44889,0.45029,9802.7
2025-10-28 04:00:00,0.44997,0.45128,0.44948,0.45128,7391.3
2025-10-28 04:15:00,0.45224,0.45251,0.45147,0.4515,6987.2
2025-10-28 04:30:00,0.45159,0.45238,0.45149,0.45238,2211.1
2025-10-28 04:45:00,0.45226,0.45606,0.45203,0.45486,3612.1
2025-10-28 05:00:00,0.45477,0.45599,0.45408,0.45408,36963.8
2025-10-28 05:15:00,0.45431,0.45494,0.45349,0.45349,2136.4
2025-10-28 05:30:00,0.45199,0.45231,0.45049,0.45049,2881.8
2025-10-28 05:45:00,0.45045,0.45045,0.44815,0.44897,150665.9
2025-10-28 06:00:00,0.44851,0.44962,0.44839,0.449,54301.7
2025-10-28 06:15:00,0.44893,0.44917,0.44841,0.44917,13093.0
2025-10-28 06:30:00,0.44872,0.45485,0.44872,0.45433,13830.0
2025-10-28 06:45:00,0.45471,0.45909,0.4547,0.45864,21931.5
2025-10-28 07:00:00,0.46037,0.46066,0.45658,0.45702,10867.2
2025-10-28 07:15:00,0.45694,0.45755,0.45547,0.45604,5996.7
2025-10-28 07:30:00,0.45586,0.45596,0.45452,0.45549,7795.0
2025-10-28 07:45:00,0.4552,0.45539,0.45353,0.45404,19795.1
2025-10-28 08:00:00,0.45488,0.45533,0.4539,0.45409,62331.0
2025-10-28 08:15:00,0.45432,0.45682,0.45431,0.45604,33988.9
2025-10-28 08:30:00,0.45592,0.45734,0.45565,0.45676,28290.5
2025-10-28 08:45:00,0.45696,0.45776,0.45622,0.45625,15883.1
2025-10-28 09:00:00,0.45643,0.45734,0.45524,0.45538,21892.4
2025-10-28 09:15:00,0.45539,0.45582,0.45319,0.45319,37812.0
2025-10-28 09:30:00,0.45315,0.45528,0.45298,0.45493,41036.7
2025-10-28 09:45:00,0.45466,0.45587,0.45416,0.45495,15751.5
2025-10-28 10:00:00,0.45493,0.45494,0.4532,0.454,2615.3
2025-10-28 10:15:00,0.45398,0.45459,0.45345,0.45446,10476.9
2025-10-28 10:30:00,0.45362,0.45373,0.45216,0.45216,13853.2
2025-10-28 10:45:00,0.45261,0.45335,0.4521,0.45324,12865.3
2025-10-28 11:00:00,0.45308,0.45359,0.45229,0.4532,6531.8
2025-10-28 11:15:00,0.45349,0.45552,0.45349,0.4543,58600.1
2025-10-28 11:30:00,0.45461,0.45551,0.45321,0.45339,66970.7
2025-10-28 11:45:00,0.45333,0.45333,0.45151,0.45222,26548.7
2025-10-28 12:00:00,0.45212,0.45302,0.45185,0.45302,27071.1
2025-10-28 12:15:00,0.45296,0.4533,0.45198,0.45248,20819.0
2025-10-28 12:30:00,0.45266,0.45403,0.45214,0.4539,34510.9
2025-10-28 12:45:00,0.45414,0.45745,0.45413,0.45659,14368.8
2025-10-28 13:00:00,0.45696,0.45992,0.45696,0.45884,9852.9
2025-10-28 13:15:00,0.45931,0.46127,0.45908,0.46015,8099.9
2025-10-28 13:30:00,0.4596,0.46089,0.45932,0.46037,13331.7
2025-10-28 13:45:00,0.46061,0.46192,0.45874,0.46009,12281.2
2025-10-28 14:00:00,0.46028,0.46036,0.45862,0.45984,18395.8
2025-10-28 14:15:00,0.45972,0.46177,0.4579,0.45891,16169.2
2025-10-28 14:30:00,0.45929,0.45931,0.45176,0.45176,14116.0
2025-10-28 14:45:00,0.45105,0.45542,0.44645,0.45448,96101.4
2025-10-28 15:00:00,0.45479,0.45694,0.45419,0.45659,15308.8
2025-10-28 15:15:00,0.45529,0.45569,0.45303,0.45303,3596.3
2025-10-28 15:30:00,0.4504,0.45302,0.45029,0.45082,9119.4
2025-10-28 15:45:00,0.45036,0.4534,0.45036,0.45175,7230.3
2025-10-28 16:00:00,0.4516,0.45338,0.4516,0.45291,3772.9
2025-10-28 16:15:00,0.45282,0.45282,0.4504,0.45205,10168.5
2025-10-28 16:30:00,0.4522,0.45531,0.4522,0.45362,29938.1
2025-10-28 16:45:00,0.45415,0.45678,0.45415,0.45522,2364.5
2025-10-28 17:00:00,0.45514,0.45609,0.45444,0.45576,12104.9
2025-10-28 17:15:00,0.45484,0.45581,0.45391,0.45392,3099.5
2025-10-28 17:30:00,0.45315,0.45442,0.45255,0.4535,5128.4
2025-10-28 17:45:00,0.45342,0.45364,0.45285,0.45332,3499.5
2025-10-28 18:00:00,0.4529,0.45418,0.45162,0.45418,2127.3
2025-10-28 18:15:00,0.45421,0.4543,0.45149,0.45158,5743.4
2025-10-28 18:30:00,0.45087,0.45204,0.44927,0.44927,2613.0
2025-10-28 18:45:00,0.44868,0.45037,0.44868,0.45014,17655.3
2025-10-28 19:00:00,0.45015,0.45077,0.44934,0.4497,10258.3
2025-10-28 19:15:00,0.44947,0.44947,0.443,0.44318,19386.2
2025-10-28 19:30:00,0.4431,0.44572,0.44151,0.44417,14655.2
2025-10-28 19:45:00,0.44345,0.44345,0.44,0.4416,28900.5
2025-10-28 20:00:00,0.44112,0.44176,0.4359,0.4377,40891.0
2025-10-28 20:15:00,0.43623,0.43823,0.43068,0.43298,77724.4
2025-10-28 20:30:00,0.43165,0.4363,0.42956,0.43466,89859.8
2025-10-28 20:45:00,0.43404,0.43412,0.43113,0.43308,5281.6
2025-10-28 21:00:00,0.43238,0.43264,0.42668,0.4309,54133.4
2025-10-28 21:15:00,0.43058,0.43088,0.42914,0.42938,9091.6
2025-10-28 21:30:00,0.42904,0.43362,0.42904,0.43362,13607.6
2025-10-28 21:45:00,0.4332,0.43434,0.43113,0.43113,40609.9
2025-10-28 22:00:00,0.43113,0.43171,0.43008,0.43086,13103.1
2025-10-28 22:15:00,0.43074,0.43343,0.43074,0.43343,10387.4
2025-10-28 22:30:00,0.43382,0.43516,0.43382,0.43516,153627.0
2025-10-28 22:45:00,0.43527,0.43741,0.43527,0.43675,4112.6
2025-10-28 23:00:00,0.43611,0.43611,0.43515,0.43515,24581.4
2025-10-28 23:15:00,0.43526,0.43605,0.43416,0.43475,3483.3
2025-10-28 23:30:00,0.43474,0.43605,0.43456,0.43496,3499.3
2025-10-28 23:45:00,0.43568,0.43597,0.43495,0.43495,1888.2
2025-10-29 00:00:00,0.43462,0.43596,0.43446,0.43596,25882.4
2025-10-29 00:15:00,0.43605,0.43691,0.43537,0.43567,8220.8
2025-10-29 00:30:00,0.43678,0.43678,0.43488,0.43525,4364.1
2025-10-29 00:45:00,0.43485,0.43493,0.43393,0.43481,3690.7
2025-10-29 01:00:00,0.43441,0.43511,0.4339,0.43506,50413.3
2025-10-29 01:15:00,0.43505,0.43556,0.43455,0.43457,25570.3
2025-10-29 01:30:00,0.43473,0.43851,0.43472,0.43656,26494.5
2025-10-29 01:45:00,0.43646,0.43664,0.43511,0.43664,21753.1
2025-10-29 02:00:00,0.43642,0.4366,0.43581,0.4366,2554.9
2025-10-29 02:15:00,0.43623,0.43632,0.43561,0.4361,14354.8
2025-10-29 02:30:00,0.43522,0.43632,0.43522,0.43586,13811.1
2025-10-29 02:45:00,0.43584,0.43656,0.43565,0.43582,1700.4
2025-10-29 03:00:00,0.43582,0.43586,0.43159,0.43466,382059.5
2025-10-29 03:15:00,0.43438,0.43498,0.43392,0.43422,4895.0
2025-10-29 03:30:00,0.43434,0.43516,0.43422,0.43462,49331.5
2025-10-29 03:45:00,0.4347,0.43522,0.43407,0.43437,25970.2
2025-10-29 04:00:00,0.43437,0.43501,0.43408,0.4348,19326.6
2025-10-29 04:15:00,0.43507,0.43526,0.43456,0.43489,13494.1
2025-10-29 04:30:00,0.43506,0.43616,0.43452,0.43472,30682.6
2025-10-29 04:45:00,0.43492,0.43522,0.43472,0.43492,38221.6
2025-10-29 05:00:00,0.43414,0.4357,0.43414,0.43498,10454.7
2025-10-29 05:15:00,0.43584,0.43664,0.43552,0.43629,59752.6
2025-10-29 05:30:00,0.43645,0.43746,0.43565,0.4363,4896.3
2025-10-29 05:45:00,0.43629,0.43629,0.43557,0.43618,15145.0
2025-10-29 06:00:00,0.43589,0.43671,0.4353,0.43568,30049.1
2025-10-29 06:15:00,0.43566,0.43583,0.43505,0.43505,15766.2
2025-10-29 06:30:00,0.43541,0.43542,0.43464,0.43481,6011.6
2025-10-29 06:45:00,0.4348,0.43667,0.4348,0.43636,14179.5
2025-10-29 07:00:00,0.43559,0.43584,0.43492,0.43572,7627.0
2025-10-29 07:15:00,0.43585,0.43863,0.43555,0.43798,22811.7
2025-10-29 07:30:00,0.43753,0.43753,0.43518,0.43518,4890.5
2025-10-29 07:45:00,0.43495,0.43758,0.43495,0.43704,1933.7
2025-10-29 08:00:00,0.43705,0.4377,0.43588,0.43588,14121.6
2025-10-29 08:15:00,0.43602,0.43658,0.43589,0.43641,4662.4
2025-10-29 08:30:00,0.43626,0.43639,0.43451,0.43504,5756.8
2025-10-29 08:45:00,0.4349,0.43529,0.43478,0.43497,27966.1
2025-10-29 09:00:00,0.43499,0.43536,0.43411,0.43426,17344.6
2025-10-29 09:15:00,0.435,0.43619,0.43489,0.43535,7756.8
2025-10-29 09:30:00,0.43555,0.43722,0.43545,0.43709,2706.3
2025-10-29 09:45:00,0.43713,0.43803,0.43701,0.43722,3143.7
2025-10-29 10:00:00,0.43714,0.43916,0.43708,0.43841,5106.0
2025-10-29 10:15:00,0.4382,0.44201,0.43793,0.44148,6807.2
2025-10-29 10:30:00,0.4416,0.44464,0.44107,0.44426,10596.3
2025-10-29 10:45:00,0.44445,0.44445,0.443,0.44341,4205.5
2025-10-29 11:00:00,0.44369,0.44766,0.44351,0.44578,15722.6
2025-10-29 11:15:00,0.44575,0.44625,0.44518,0.44597,8192.0
2025-10-29 11:30:00,0.44581,0.44649,0.44539,0.44588,2312.5
2025-10-29 11:45:00,0.44588,0.44678,0.445,0.445,6393.8
2025-10-29 12:00:00,0.44473,0.44677,0.44473,0.44609,2585.9
2025-10-29 12:15:00,0.44619,0.44686,0.44525,0.44551,26148.6
2025-10-29 12:30:00,0.44563,0.44656,0.44524,0.44627,5899.9
2025-10-29 12:45:00,0.44587,0.44805,0.44581,0.44689,1949.5
2025-10-29 13:00:00,0.44771,0.4491,0.44751,0.44819,15079.7
2025-10-29 13:15:00,0.44818,0.44899,0.44787,0.44841,13397.4
2025-10-29 13:30:00,0.4482,0.44959,0.44652,0.44836,30242.1
2025-10-29 13:45:00,0.44841,0.44854,0.4467,0.44689,32406.6
2025-10-29 14:00:00,0.4471,0.4471,0.44525,0.44675,6029.3
2025-10-29 14:15:00,0.44627,0.4466,0.44335,0.44335,15852.8
2025-10-29 14:30:00,0.44324,0.44626,0.44324,0.44542,5923.2
2025-10-29 14:45:00,0.44662,0.44733,0.44493,0.4458,4725.2
2025-10-29 15:00:00,0.44645,0.44677,0.44494,0.44503,10911.0
2025-10-29 15:15:00,0.44393,0.44607,0.44393,0.44425,3083.2
2025-10-29 15:30:00,0.44462,0.44462,0.43939,0.43977,20840.5
2025-10-29 15:45:00,0.44026,0.44026,0.43664,0.43939,28601.4
2025-10-29 16:00:00,0.43886,0.43886,0.43694,0.43822,51904.4
2025-10-29 16:15:00,0.43812,0.44291,0.43812,0.44194,9190.5
2025-10-29 16:30:00,0.44089,0.44095,0.43947,0.43982,2850.8
2025-10-29 16:45:00,0.43983,0.44055,0.43844,0.43879,2865.6
2025-10-29 17:00:00,0.43867,0.4406,0.43867,0.4397,14466.3
2025-10-29 17:15:00,0.43927,0.43963,0.43832,0.43853,3890.5
2025-10-29 17:30:00,0.43857,0.44675,0.43857,0.4467,8190.4
2025-10-29 17:45:00,0.447,0.4499,0.44566,0.4499,27756.5
2025-10-29 18:00:00,0.45014,0.45157,0.44589,0.44687,117517.2
2025-10-29 18:15:00,0.44517,0.44877,0.44517,0.44686,22734.4
2025-10-29 18:30:00,0.44726,0.45047,0.42548,0.43431,537705.6
2025-10-29 18:45:00,0.43203,0.44499,0.43176,0.44234,180623.8
2025-10-29 19:00:00,0.44269,0.4492,0.44177,0.44897,23612.1
2025-10-29 19:15:00,0.44944,0.44977,0.44621,0.44793,10844.1
2025-10-29 19:30:00,0.44758,0.44758,0.44214,0.4426,425529.9
2025-10-29 19:45:00,0.44441,0.44954,0.44372,0.44814,41455.1
2025-10-29 20:00:00,0.4488,0.45117,0.44528,0.44737,135504.3
2025-10-29 20:15:00,0.44784,0.45471,0.44765,0.45471,40398.4
2025-10-29 20:30:00,0.45464,0.45588,0.45181,0.4525,36783.4
2025-10-29 20:45:00,0.45221,0.45308,0.45095,0.45156,9281.7
2025-10-29 21:00:00,0.4513,0.4513,0.44881,0.44881,12433.5
2025-10-29 21:15:00,0.44887,0.44974,0.44887,0.44911,2434.2
2025-10-29 21:30:00,0.44997,0.45318,0.44997,0.45017,11740.7
2025-10-29 21:45:00,0.4506,0.45177,0.45027,0.45053,2839.8
2025-10-29 22:00:00,0.45081,0.45131,0.44989,0.45029,4650.6
2025-10-29 22:15:00,0.45038,0.45109,0.44961,0.45006,4509.2
2025-10-29 22:30:00,0.44926,0.44926,0.44803,0.44899,2402.7
2025-10-29 22:45:00,0.44886,0.44949,0.44791,0.44857,2821.4
2025-10-29 23:00:00,0.44823,0.44823,0.44407,0.44428,5623.6
2025-10-29 23:15:00,0.44408,0.44581,0.44391,0.44445,7879.6
2025-10-29 23:30:00,0.44353,0.44353,0.43828,0.43954,39624.8
2025-10-29 23:45:00,0.44003,0.44038,0.43903,0.44015,15121.5
2025-10-30 00:00:00,0.44001,0.44114,0.43722,0.43996,46665.2
2025-10-30 00:15:00,0.44103,0.44284,0.44102,0.44126,8113.6
2025-10-30 00:30:00,0.44015,0.44186,0.43939,0.44155,4247.9
2025-10-30 00:45:00,0.44041,0.44509,0.44041,0.44412,34808.2
2025-10-30 01:00:00,0.4439,0.4439,0.44118,0.44118,3416.9
2025-10-30 01:15:00,0.44058,0.44177,0.43948,0.44034,20100.8
2025-10-30 01:30:00,0.44008,0.44167,0.43991,0.44142,1395.8
2025-10-30 01:45:00,0.44144,0.44304,0.4412,0.44229,2536.6
2025-10-30 02:00:00,0.44109,0.44373,0.44109,0.44345,2395.9
2025-10-30 02:15:00,0.44391,0.4472,0.44391,0.44644,12234.4
2025-10-30 02:30:00,0.44648,0.44738,0.44558,0.44653,4711.8
2025-10-30 02:45:00,0.4458,0.44583,0.44491,0.44556,14784.2
2025-10-30 03:00:00,0.44545,0.44545,0.4436,0.44399,4493.8
2025-10-30 03:15:00,0.44478,0.44502,0.44371,0.44425,27718.8
2025-10-30 03:30:00,0.4441,0.44448,0.44214,0.44214,4207.2
2025-10-30 03:45:00,0.44196,0.44209,0.44098,0.44165,7773.7
2025-10-30 04:00:00,0.44114,0.44141,0.43313,0.43352,52977.3
2025-10-30 04:15:00,0.43363,0.43434,0.42279,0.42547,78405.5
2025-10-30 04:30:00,0.42656,0.43389,0.42374,0.43113,91400.2
2025-10-30 04:45:00,0.42964,0.43144,0.42776,0.42776,9724.0
2025-10-30 05:00:00,0.42787,0.429,0.42677,0.42826,3923.2
2025-10-30 05:15:00,0.42763,0.42763,0.42563,0.42602,32941.4
2025-10-30 05:30:00,0.4263,0.43297,0.42616,0.4328,45322.9
2025-10-30 05:45:00,0.43284,0.43542,0.43284,0.43482,8069.1
2025-10-30 06:00:00,0.43445,0.43521,0.43209,0.43245,10057.2
2025-10-30 06:15:00,0.43234,0.43234,0.43057,0.43065,1500.9
2025-10-30 06:30:00,0.43125,0.43461,0.43123,0.43421,9553.7
2025-10-30 06:45:00,0.43465,0.43475,0.43261,0.4329,2436.0
2025-10-30 07:00:00,0.4329,0.43629,0.43157,0.43613,14157.1
2025-10-30 07:15:00,0.43579,0.43842,0.43579,0.43739,10875.1
2025-10-30 07:30:00,0.43744,0.43872,0.43685,0.43872,14984.9
2025-10-30 07:45:00,0.43887,0.43887,0.43705,0.43751,20356.6
2025-10-30 08:00:00,0.43734,0.43734,0.43389,0.43413,12900.6
2025-10-30 08:15:00,0.43443,0.43443,0.43237,0.43271,24739.1
2025-10-30 08:30:00,0.43252,0.4337,0.43198,0.43341,134576.3
2025-10-30 08:45:00,0.43334,0.43343,0.43086,0.43114,8693.3
2025-10-30 09:00:00,0.43135,0.43191,0.42949,0.42971,11960.2
2025-10-30 09:15:00,0.42967,0.4301,0.42796,0.42994,11042.2
2025-10-30 09:30:00,0.43091,0.43111,0.42838,0.42906,4906.5
2025-10-30 09:45:00,0.42898,0.42928,0.428,0.42877,3347.1
2025-10-30 10:00:00,0.42795,0.42963,0.42744,0.42744,2448.5
2025-10-30 10:15:00,0.42765,0.42922,0.42752,0.42814,15768.7
2025-10-30 10:30:00,0.42791,0.42878,0.42563,0.42602,5026.8
2025-10-30 10:45:00,0.42548,0.42759,0.42548,0.42626,9251.0
2025-10-30 11:00:00,0.42672,0.42739,0.42551,0.42622,1807.2
2025-10-30 11:15:00,0.42541,0.42728,0.4254,0.42675,11355.4
2025-10-30 11:30:00,0.42705,0.42715,0.42562,0.42598,4922.7
2025-10-30 11:45:00,0.42613,0.42687,0.424,0.42425,4340.5
2025-10-30 12:00:00,0.42413,0.42447,0.42288,0.42303,17542.3
2025-10-30 12:15:00,0.42302,0.42328,0.41807,0.41807,24388.4
2025-10-30 12:30:00,0.41897,0.42106,0.41348,0.41398,50433.0
2025-10-30 12:45:00,0.4131,0.41649,0.4131,0.41599,33257.9
2025-10-30 13:00:00,0.41615,0.41761,0.41454,0.41676,11700.8
2025-10-30 13:15:00,0.41501,0.41539,0.413,0.41409,8449.3
2025-10-30 13:30:00,0.41414,0.41462,0.40746,0.40888,67986.9
2025-10-30 13:45:00,0.41024,0.41224,0.40846,0.40716,37392.3
2025-10-30 14:00:00,0.40716,0.41144,0.40716,0.40816,11571.0
2025-10-30 14:15:00,0.40949,0.41004,0.40744,0.40764,35097.9
2025-10-30 14:30:00,0.40877,0.41032,0.4066,0.41032,22902.8
2025-10-30 14:45:00,0.40982,0.41012,0.40797,0.40809,21055.6
2025-10-30 15:00:00,0.4081,0.40881,0.40345,0.4053,63273.1
2025-10-30 15:15:00,0.40478,0.40526,0.4023,0.40405,53068.2
2025-10-30 15:30:00,0.40316,0.40358,0.39994,0.40105,128522.5
2025-10-30 15:45:00,0.40125,0.40125,0.39934,0.40038,9984.9
2025-10-30 16:00:00,0.4,0.40359,0.39934,0.40305,11796.3
2025-10-30 16:15:00,0.40259,0.40259,0.40013,0.40175,23453.6
2025-10-30 16:30:00,0.40173,0.40173,0.39846,0.39887,42475.3
2025-10-30 16:45:00,0.39883,0.39941,0.39791,0.3989,15152.2
2025-10-30 17:00:00,0.39869,0.39869,0.39427,0.39507,49557.5
2025-10-30 17:15:00,0.39491,0.39531,0.3915,0.39196,45973.0
2025-10-30 17:30:00,0.39143,0.3925,0.3892,0.3925,40915.5
2025-10-30 17:45:00,0.3926,0.39676,0.3926,0.39454,93722.2
2025-10-30 18:00:00,0.39513,0.39587,0.3942,0.39451,13394.2
2025-10-30 18:15:00,0.39444,0.39554,0.39364,0.39381,11539.0
2025-10-30 18:30:00,0.39424,0.39514,0.39037,0.3908,7861.1
2025-10-30 18:45:00,0.3905,0.39269,0.3905,0.39082,3832.0
2025-10-30 19:00:00,0.39116,0.39198,0.38792,0.39096,90283.8
2025-10-30 19:15:00,0.39154,0.39154,0.3882,0.38955,37154.5
2025-10-30 19:30:00,0.39023,0.39064,0.38652,0.38885,17154.2
2025-10-30 19:45:00,0.38888,0.39061,0.38753,0.38774,26373.5
2025-10-30 20:00:00,0.38829,0.39194,0.3871,0.39026,21732.8
2025-10-30 20:15:00,0.39181,0.39242,0.39051,0.3907,20315.4
2025-10-30 20:30:00,0.3907,0.3926,0.38922,0.39133,24603.3
2025-10-30 20:45:00,0.39136,0.39303,0.39115,0.39276,23318.0
2025-10-30 21:00:00,0.3925,0.39414,0.39232,0.39254,12415.5
2025-10-30 21:15:00,0.39256,0.39314,0.39141,0.39242,9746.7
2025-10-30 21:30:00,0.39221,0.39235,0.3908,0.39209,22694.0
2025-10-30 21:45:00,0.39206,0.39416,0.39206,0.39235,4606.9
2025-10-30 22:00:00,0.39296,0.3934,0.39238,0.3931,12411.5
2025-10-30 22:15:00,0.394,0.39536,0.3937,0.39421,23841.7
2025-10-30 22:30:00,0.39412,0.39471,0.39343,0.39429,45880.3
2025-10-30 22:45:00,0.39368,0.39461,0.39316,0.39457,19692.4
2025-10-30 23:00:00,0.39515,0.39515,0.39361,0.39403,17894.1
2025-10-30 23:15:00,0.39452,0.3964,0.39407,0.39627,43930.7
2025-10-30 23:30:00,0.39646,0.39806,0.39646,0.39695,42075.0
2025-10-30 23:45:00,0.39671,0.4001,0.39671,0.39998,13119.9
2025-10-31 00:00:00,0.39993,0.40156,0.39949,0.40156,27431.2
2025-10-31 00:15:00,0.40078,0.40093,0.39865,0.39964,16147.3
2025-10-31 00:30:00,0.39958,0.40187,0.39958,0.40187,3540.6
2025-10-31 00:45:00,0.40227,0.40459,0.40133,0.40377,12711.1
2025-10-31 01:00:00,0.40373,0.40781,0.40359,0.40749,20426.6
2025-10-31 01:15:00,0.40749,0.40804,0.40679,0.40754,3654.7
2025-10-31 01:30:00,0.40743,0.40743,0.40574,0.40649,2376.0
2025-10-31 01:45:00,0.40638,0.40764,0.4063,0.40738,10153.3
2025-10-31 02:00:00,0.40759,0.40799,0.40282,0.40317,30750.0
2025-10-31 02:15:00,0.40365,0.40549,0.40365,0.40469,7443.7
2025-10-31 02:30:00,0.40491,0.40519,0.40361,0.40361,40250.5
2025-10-31 02:45:00,0.4031,0.40484,0.40242,0.40387,21487.5
2025-10-31 03:00:00,0.4041,0.40452,0.4028,0.40378,9339.7
2025-10-31 03:15:00,0.40364,0.40377,0.40147,0.40168,10011.8
2025-10-31 03:30:00,0.40166,0.40206,0.3996,0.40045,25214.0
2025-10-31 03:45:00,0.40073,0.40157,0.39991,0.40135,20672.5
2025-10-31 04:00:00,0.40162,0.40438,0.40086,0.40314,31686.6
2025-10-31 04:15:00,0.40326,0.40352,0.40173,0.40194,31043.4
2025-10-31 04:30:00,0.40222,0.40394,0.40172,0.40345,17611.1
2025-10-31 04:45:00,0.4038,0.40413,0.40312,0.40388,9842.0
2025-10-31 05:00:00,0.40324,0.4037,0.40217,0.40288,13069.9
2025-10-31 05:15:00,0.40337,0.40337,0.40194,0.40233,14921.6
2025-10-31 05:30:00,0.40228,0.40258,0.40101,0.40101,11586.4
2025-10-31 05:45:00,0.40159,0.40195,0.40034,0.40054,41815.9
2025-10-31 06:00:00,0.40084,0.40135,0.39971,0.39988,11132.9
2025-10-31 06:15:00,0.40018,0.4004,0.39937,0.3999,6317.2
2025-10-31 06:30:00,0.39978,0.39978,0.39815,0.39815,4112.7
2025-10-31 06:45:00,0.39845,0.39909,0.39807,0.39851,4387.9
2025-10-31 07:00:00,0.39892,0.40062,0.39859,0.39989,9618.5
2025-10-31 07:15:00,0.39949,0.39977,0.39869,0.39903,21902.7
2025-10-31 07:30:00,0.39942,0.39997,0.39845,0.39892,17360.5
2025-10-31 07:45:00,0.39874,0.39894,0.39793,0.39862,15291.1
2025-10-31 08:00:00,0.39806,0.39965,0.39718,0.39718,12748.5
2025-10-31 08:15:00,0.39646,0.39858,0.39646,0.39858,8051.9
2025-10-31 08:30:00,0.3983,0.39859,0.39716,0.39807,46974.8
2025-10-31 08:45:00,0.39816,0.39885,0.39773,0.39881,16343.0
2025-10-31 09:00:00,0.39875,0.39932,0.39741,0.39826,9226.1
2025-10-31 09:15:00,0.39813,0.39903,0.39739,0.39793,13390.6
2025-10-31 09:30:00,0.39862,0.39907,0.39827,0.39884,15081.7
2025-10-31 09:45:00,0.39937,0.40045,0.3991,0.39925,8515.8
2025-10-31 10:00:00,0.39925,0.39985,0.39854,0.39921,8091.6
2025-10-31 10:15:00,0.39933,0.39989,0.39856,0.39892,20693.0
2025-10-31 10:30:00,0.39879,0.40086,0.39818,0.40086,3003.7
2025-10-31 10:45:00,0.40097,0.40103,0.40002,0.40028,3459.2
2025-10-31 11:00:00,0.40048,0.4006,0.39937,0.39937,16776.9
2025-10-31 11:15:00,0.39913,0.40086,0.39902,0.40085,11464.0
2025-10-31 11:30:00,0.40072,0.4018,0.39949,0.40177,5190.9
2025-10-31 11:45:00,0.40228,0.40621,0.40228,0.40613,26096.1
2025-10-31 12:00:00,0.40565,0.40652,0.40392,0.40431,18548.3
2025-10-31 12:15:00,0.40488,0.40729,0.40488,0.4061,8910.1
2025-10-31 12:30:00,0.40647,0.40719,0.40353,0.40413,41919.0
2025-10-31 12:45:00,0.40435,0.40435,0.40207,0.40214,37155.8
2025-10-31 13:00:00,0.40179,0.40285,0.40015,0.4023,526527.4
2025-10-31 13:15:00,0.40262,0.40383,0.40063,0.40075,266410.3
2025-10-31 13:30:00,0.4004,0.40048,0.3986,0.39925,124275.3
2025-10-31 13:45:00,0.39983,0.40294,0.39963,0.40275,168741.2
2025-10-31 14:00:00,0.40204,0.40388,0.40067,0.40114,84421.2
2025-10-31 14:15:00,0.40036,0.40081,0.3983,0.39924,5133.7
2025-10-31 14:30:00,0.39888,0.40132,0.39888,0.40045,6154.1
2025-10-31 14:45:00,0.40042,0.4045,0.40001,0.40393,15442.0
2025-10-31 15:00:00,0.40266,0.40581,0.40216,0.40522,54808.8
2025-10-31 15:15:00,0.4056,0.40589,0.40398,0.40454,11928.1
2025-10-31 15:30:00,0.40457,0.40546,0.40344,0.40374,2311.9
2025-10-31 15:45:00,0.40462,0.40578,0.40369,0.40423,24362.5
2025-10-31 16:00:00,0.40391,0.40478,0.40155,0.40155,26556.5
2025-10-31 16:15:00,0.40121,0.4015,0.39952,0.40129,33562.5
2025-10-31 16:30:00,0.40123,0.40149,0.39843,0.39843,13362.8
2025-10-31 16:45:00,0.39815,0.39859,0.3914,0.39263,87160.0
2025-10-31 17:00:00,0.3923,0.39324,0.39111,0.39249,40716.1
2025-10-31 17:15:00,0.39179,0.39243,0.38746,0.38948,18199.0
2025-10-31 17:30:00,0.39035,0.39164,0.38893,0.39163,3567.4
2025-10-31 17:45:00,0.3926,0.3928,0.39003,0.39003,13829.6
2025-10-31 18:00:00,0.39053,0.39446,0.39053,0.39303,12914.7
2025-10-31 18:15:00,0.39353,0.39353,0.39148,0.39251,7337.3
2025-10-31 18:30:00,0.39263,0.39643,0.38956,0.39618,28315.1
2025-10-31 18:45:00,0.39479,0.39479,0.39308,0.39422,5091.4
2025-10-31 19:00:00,0.39326,0.39345,0.39175,0.39301,5578.5
2025-10-31 19:15:00,0.39312,0.3977,0.39312,0.39693,15649.1
2025-10-31 19:30:00,0.39776,0.40196,0.39738,0.40196,12051.0
2025-10-31 19:45:00,0.4023,0.40397,0.40194,0.4026,30288.0
2025-10-31 20:00:00,0.40255,0.40255,0.40044,0.40073,9443.4
2025-10-31 20:15:00,0.40112,0.402,0.40056,0.40056,15129.4
2025-10-31 20:30:00,0.40102,0.40102,0.39867,0.39902,23079.6
2025-10-31 20:45:00,0.39926,0.39969,0.3965,0.39668,15681.8
2025-10-31 21:00:00,0.39668,0.3976,0.39535,0.39535,5517.3
2025-10-31 21:15:00,0.39583,0.39635,0.39531,0.39582,780.3
2025-10-31 21:30:00,0.39579,0.397,0.39506,0.39564,4243.4
2025-10-31 21:45:00,0.39559,0.39632,0.39519,0.3958,2524.1
2025-10-31 22:00:00,0.3961,0.39821,0.39569,0.39821,2935.9
2025-10-31 22:15:00,0.39756,0.3985,0.39666,0.3974,13402.7
2025-10-31 22:30:00,0.39837,0.39888,0.39757,0.39761,2093.5
2025-10-31 22:45:00,0.39746,0.39878,0.39746,0.39797,12200.1
2025-10-31 23:00:00,0.3977,0.39832,0.39748,0.39748,3071.9
2025-10-31 23:15:00,0.39778,0.39922,0.39778,0.39922,2469.8
2025-10-31 23:30:00,0.39862,0.39921,0.39838,0.39917,863.3
2025-10-31 23:45:00,0.39927,0.39927,0.39837,0.39891,2375.1
2025-11-01 00:00:00,0.39863,0.39891,0.39782,0.3984,6676.9
2025-11-01 00:15:00,0.398,0.39896,0.39797,0.39896,1085.9
2025-11-01 00:30:00,0.39867,0.39893,0.39758,0.39893,1085.2
2025-11-01 00:45:00,0.39911,0.40109,0.39911,0.40109,5685.1
2025-11-01 01:00:00,0.40091,0.40211,0.39997,0.40025,19059.6
2025-11-01 01:15:00,0.40013,0.40078,0.39979,0.40068,2143.6
2025-11-01 01:30:00,0.40108,0.40137,0.39981,0.39981,2060.4
2025-11-01 01:45:00,0.39965,0.39965,0.39777,0.39777,2146.3
2025-11-01 02:00:00,0.39778,0.39801,0.3958,0.39612,4118.7
2025-11-01 02:15:00,0.39632,0.39827,0.39616,0.39827,1194.0
2025-11-01 02:30:00,0.39836,0.39893,0.39723,0.39893,1053.2
2025-11-01 02:45:00,0.39911,0.40079,0.39911,0.40055,13411.5
2025-11-01 03:00:00,0.40103,0.40169,0.40072,0.4013,21844.0
2025-11-01 03:15:00,0.40147,0.4023,0.40135,0.40147,1702.5
2025-11-01 03:30:00,0.40177,0.40274,0.40133,0.40274,3429.5
2025-11-01 03:45:00,0.40225,0.4024,0.40144,0.40174,900.4
2025-11-01 04:00:00,0.4019,0.40237,0.40059,0.40094,4122.8
2025-11-01 04:15:00,0.4007,0.4007,0.3993,0.40038,2454.1
2025-11-01 04:30:00,0.40061,0.40065,0.3991,0.4001,2608.2
2025-11-01 04:45:00,0.4004,0.40041,0.39926,0.39972,1871.4
2025-11-01 05:00:00,0.39954,0.39982,0.39815,0.39885,1698.2
2025-11-01 05:15:00,0.39856,0.39917,0.39856,0.39878,1526.4
2025-11-01 05:30:00,0.39877,0.39945,0.39841,0.3987,3127.6
2025-11-01 05:45:00,0.39841,0.39877,0.39747,0.39754,6414.5
2025-11-01 06:00:00,0.39785,0.39846,0.39785,0.39794,3053.8
2025-11-01 06:15:00,0.39777,0.39777,0.3968,0.39695,19355.8
2025-11-01 06:30:00,0.3974,0.39847,0.39634,0.39696,51943.3
2025-11-01 06:45:00,0.39738,0.39907,0.39704,0.39907,17938.8
2025-11-01 07:00:00,0.39979,0.40106,0.39913,0.40077,88206.5
2025-11-01 07:15:00,0.40098,0.40416,0.40098,0.40341,61441.7
2025-11-01 07:30:00,0.40372,0.4045,0.4028,0.4028,16790.4
2025-11-01 07:45:00,0.4029,0.40673,0.4024,0.40573,15740.5
2025-11-01 08:00:00,0.40672,0.40763,0.40567,0.4061,9839.9
2025-11-01 08:15:00,0.40611,0.4066,0.40467,0.4057,3759.1
2025-11-01 08:30:00,0.40537,0.40537,0.40374,0.40374,15821.7
2025-11-01 08:45:00,0.40357,0.40717,0.40357,0.40717,9034.6
2025-11-01 09:00:00,0.40724,0.40874,0.40599,0.40722,11645.1
2025-11-01 09:15:00,0.40703,0.40703,0.40573,0.40582,4411.5
2025-11-01 09:30:00,0.40543,0.40585,0.40373,0.40373,10787.3
2025-11-01 09:45:00,0.40414,0.40535,0.40414,0.40449,13992.8
2025-11-01 10:00:00,0.40494,0.40592,0.40376,0.40413,3515.7
2025-11-01 10:15:00,0.40451,0.406,0.40449,0.40449,3726.4
2025-11-01 10:30:00,0.40466,0.40686,0.40466,0.40626,6811.8
2025-11-01 10:45:00,0.40664,0.40713,0.40567,0.40567,9679.6
2025-11-01 11:00:00,0.40663,0.40978,0.40663,0.40782,15343.8
2025-11-01 11:15:00,0.40778,0.40836,0.40777,0.40797,6853.1
2025-11-01 11:30:00,0.40771,0.40929,0.40644,0.40874,15948.6
2025-11-01 11:45:00,0.40882,0.40955,0.40781,0.40924,17580.4
2025-11-01 12:00:00,0.40979,0.411,0.40939,0.40947,10217.2
2025-11-01 12:15:00,0.4094,0.4103,0.40899,0.41006,23772.9
2025-11-01 12:30:00,0.41016,0.41159,0.41003,0.41121,10728.4
2025-11-01 12:45:00,0.41114,0.41176,0.41019,0.41147,25563.4
2025-11-01 13:00:00,0.41205,0.41327,0.41135,0.41226,8718.4
2025-11-01 13:15:00,0.41253,0.41257,0.41001,0.41071,21786.6
2025-11-01 13:30:00,0.41061,0.41223,0.40699,0.40824,16232.9
2025-11-01 13:45:00,0.40754,0.40978,0.40724,0.40959,29799.1
2025-11-01 14:00:00,0.40971,0.41006,0.40533,0.40538,36144.0
2025-11-01 14:15:00,0.40538,0.4068,0.40478,0.40654,33702.8
2025-11-01 14:30:00,0.40626,0.4076,0.40579,0.40699,10775.7
2025-11-01 14:45:00,0.40685,0.40732,0.4051,0.40692,13306.5
2025-11-01 15:00:00,0.40657,0.41078,0.40637,0.40938,25179.1
2025-11-01 15:15:00,0.41003,0.41007,0.40659,0.40712,7671.1
2025-11-01 15:30:00,0.40761,0.40861,0.40656,0.40763,2933.9
2025-11-01 15:45:00,0.40794,0.40963,0.40732,0.40893,8216.3
2025-11-01 16:00:00,0.40999,0.41201,0.40896,0.4102,28479.1
2025-11-01 16:15:00,0.41136,0.41425,0.41136,0.41186,7951.4
2025-11-01 16:30:00,0.41226,0.4138,0.41226,0.41321,15262.0
2025-11-01 16:45:00,0.41272,0.41422,0.41245,0.41285,13831.7
2025-11-01 17:00:00,0.41181,0.414,0.41127,0.41293,6514.3
2025-11-01 17:15:00,0.41327,0.41466,0.41237,0.41428,4345.8
2025-11-01 17:30:00,0.41445,0.41486,0.41352,0.41379,7512.5
2025-11-01 17:45:00,0.41424,0.41476,0.41368,0.41428,12458.2
2025-11-01 18:00:00,0.41411,0.415,0.414,0.41416,4833.8
2025-11-01 18:15:00,0.41414,0.41507,0.41374,0.41449,5877.9
2025-11-01 18:30:00,0.41441,0.41533,0.41441,0.41533,19542.4
2025-11-01 18:45:00,0.41585,0.41585,0.41497,0.41517,2890.2
2025-11-01 19:00:00,0.41529,0.41529,0.41421,0.41423,8578.8
2025-11-01 19:15:00,0.41446,0.41446,0.41273,0.413,3961.0
2025-11-01 19:30:00,0.41323,0.41362,0.41283,0.41295,13671.8
2025-11-01 19:45:00,0.41357,0.41444,0.41313,0.41444,1280.0
2025-11-01 20:00:00,0.41484,0.41515,0.41422,0.41448,4405.8
2025-11-01 20:15:00,0.41439,0.4175,0.41416,0.4175,112865.4
2025-11-01 20:30:00,0.4175,0.41793,0.41659,0.41728,9378.7
2025-11-01 20:45:00,0.41717,0.41717,0.41567,0.4159,14893.9
2025-11-01 21:00:00,0.41634,0.41652,0.41487,0.41555,5213.7
2025-11-01 21:15:00,0.41567,0.41707,0.41514,0.41674,3681.8
2025-11-01 21:30:00,0.41704,0.41752,0.41448,0.41492,3406.6
2025-11-01 21:45:00,0.4148,0.4154,0.41167,0.41167,29337.2
2025-11-01 22:00:00,0.4125,0.41384,0.41244,0.41295,4671.7
2025-11-01 22:15:00,0.41255,0.41379,0.412,0.41359,2814.0
2025-11-01 22:30:00,0.41316,0.41438,0.41316,0.41428,4909.2
2025-11-01 22:45:00,0.41372,0.41538,0.41359,0.41538,10108.4
2025-11-01 23:00:00,0.41506,0.41506,0.41423,0.41457,9537.2
2025-11-01 23:15:00,0.41475,0.41475,0.41414,0.41444,17536.5
2025-11-01 23:30:00,0.41438,0.41497,0.41413,0.41458,7520.2
2025-11-01 23:45:00,0.41426,0.41709,0.41423,0.41683,14670.3
2025-11-02 00:00:00,0.41683,0.41683,0.41423,0.41512,25361.3
2025-11-02 00:15:00,0.41464,0.41499,0.41391,0.41456,12948.8
2025-11-02 00:30:00,0.41349,0.41458,0.41302,0.41367,17500.7
2025-11-02 00:45:00,0.41446,0.41446,0.41268,0.41268,118183.0
2025-11-02 01:00:00,0.413,0.41375,0.4117,0.41375,79970.4
2025-11-02 01:15:00,0.41356,0.41432,0.41323,0.41326,14694.3
2025-11-02 01:30:00,0.41321,0.41433,0.41256,0.41372,3413.4
2025-11-02 01:45:00,0.41382,0.41382,0.41216,0.41326,17465.0
2025-11-02 02:00:00,0.41288,0.41434,0.41247,0.41434,2999.9
2025-11-02 02:15:00,0.41407,0.41407,0.41263,0.41362,1500.3
2025-11-02 02:30:00,0.41352,0.41531,0.4135,0.4145,2881.2
2025-11-02 02:45:00,0.41458,0.41458,0.41313,0.41357,2296.7
2025-11-02 03:00:00,0.41309,0.41396,0.41287,0.41372,2089.1
2025-11-02 03:15:00,0.41335,0.41365,0.41252,0.41262,7286.3
2025-11-02 03:30:00,0.41279,0.41331,0.41212,0.41264,3311.3
2025-11-02 03:45:00,0.41245,0.41245,0.41055,0.41145,18647.3
2025-11-02 04:00:00,0.4113,0.41321,0.41091,0.41254,2101.2
2025-11-02 04:15:00,0.41294,0.41524,0.4124,0.4147,6522.4
2025-11-02 04:30:00,0.4148,0.41672,0.41341,0.41667,56682.0
2025-11-02 04:45:00,0.41614,0.41944,0.41614,0.41921,83637.4
2025-11-02 05:00:00,0.41908,0.4195,0.41803,0.41803,7413.9
2025-11-02 05:15:00,0.4189,0.41984,0.41747,0.41794,55506.2
2025-11-02 05:30:00,0.41807,0.41864,0.41688,0.41864,16147.9
2025-11-02 05:45:00,0.41982,0.4218,0.41918,0.4218,13708.7
2025-11-02 06:00:00,0.42092,0.4224,0.42015,0.4224,70221.3
2025-11-02 06:15:00,0.42217,0.42372,0.42217,0.42361,20869.3
2025-11-02 06:30:00,0.42369,0.42369,0.42158,0.42216,7469.0
2025-11-02 06:45:00,0.4222,0.4251,0.4222,0.425,24225.4
2025-11-02 07:00:00,0.42479,0.42541,0.42391,0.42431,26360.8
2025-11-02 07:15:00,0.42435,0.42481,0.4239,0.42407,46692.2
2025-11-02 07:30:00,0.4246,0.42581,0.42418,0.42511,17057.3
2025-11-02 07:45:00,0.42418,0.42629,0.42418,0.42603,35210.2
2025-11-02 08:00:00,0.42639,0.42659,0.42417,0.42566,16600.3
2025-11-02 08:15:00,0.42549,0.42707,0.42509,0.42559,23864.6
2025-11-02 08:30:00,0.42576,0.42586,0.42398,0.42398,38232.8
2025-11-02 08:45:00,0.4237,0.4242,0.42263,0.42417,5092.4
2025-11-02 09:00:00,0.42456,0.42586,0.42456,0.42586,29942.6
2025-11-02 09:15:00,0.42606,0.42768,0.4252,0.42717,3647.3
2025-11-02 09:30:00,0.42606,0.42642,0.42288,0.42316,76889.9
2025-11-02 09:45:00,0.42326,0.42326,0.42205,0.42272,27743.4
2025-11-02 10:00:00,0.42272,0.42415,0.42149,0.42318,13319.5
2025-11-02 10:15:00,0.42314,0.42362,0.42171,0.42254,19696.5
2025-11-02 10:30:00,0.42111,0.42306,0.42079,0.42219,4557.0
2025-11-02 10:45:00,0.42282,0.42282,0.42112,0.42215,8113.4
2025-11-02 11:00:00,0.42207,0.42403,0.421,0.42198,45778.5
2025-11-02 11:15:00,0.42196,0.4257,0.42196,0.4255,47165.2
2025-11-02 11:30:00,0.42532,0.42739,0.42437,0.42688,86894.2
2025-11-02 11:45:00,0.42742,0.42876,0.42742,0.42876,89251.7
2025-11-02 12:00:00,0.42877,0.42939,0.42736,0.42846,66216.1
2025-11-02 12:15:00,0.4285,0.43025,0.42783,0.42833,44720.3
2025-11-02 12:30:00,0.4285,0.42896,0.42569,0.42682,22095.0
2025-11-02 12:45:00,0.42631,0.42665,0.42509,0.42531,22048.5
2025-11-02 13:00:00,0.42532,0.42555,0.42406,0.42419,13949.4
2025-11-02 13:15:00,0.42468,0.42476,0.4218,0.42304,44915.6
2025-11-02 13:30:00,0.42285,0.42362,0.42186,0.4221,32127.8
2025-11-02 13:45:00,0.42187,0.42217,0.42111,0.42164,15866.3
2025-11-02 14:00:00,0.42201,0.42267,0.4198,0.4198,9353.4
2025-11-02 14:15:00,0.41979,0.41999,0.41495,0.41495,108546.1
2025-11-02 14:30:00,0.41526,0.41666,0.41266,0.41317,41756.3
2025-11-02 14:45:00,0.41274,0.41332,0.411,0.41215,21392.4
2025-11-02 15:00:00,0.4116,0.4116,0.4088,0.41056,17746.6
2025-11-02 15:15:00,0.41096,0.4141,0.41096,0.4141,4186.7
2025-11-02 15:30:00,0.4143,0.41559,0.41303,0.41324,28827.2
2025-11-02 15:45:00,0.4135,0.41451,0.41165,0.41219,32687.1
2025-11-02 16:00:00,0.41157,0.41245,0.40759,0.40799,72556.9
2025-11-02 16:15:00,0.40688,0.41144,0.40597,0.41115,13398.8
2025-11-02 16:30:00,0.41001,0.41287,0.40975,0.41287,23870.1
2025-11-02 16:45:00,0.41234,0.41449,0.4115,0.41429,13371.9
2025-11-02 17:00:00,0.41446,0.41497,0.41349,0.41385,12019.1
2025-11-02 17:15:00,0.41373,0.41415,0.41254,0.41287,1541.5
2025-11-02 17:30:00,0.41277,0.41277,0.41103,0.41135,5904.4
2025-11-02 17:45:00,0.41185,0.41267,0.41003,0.41267,1356.4
2025-11-02 18:00:00,0.41264,0.41264,0.41097,0.41097,15447.0
2025-11-02 18:15:00,0.41102,0.4119,0.41073,0.41145,2279.0
2025-11-02 18:30:00,0.41147,0.41227,0.41125,0.4116,1066.2
2025-11-02 18:45:00,0.4117,0.41201,0.40963,0.40996,1568.5
2025-11-02 19:00:00,0.41015,0.41044,0.40844,0.40912,6350.0
2025-11-02 19:15:00,0.40917,0.40917,0.40606,0.40606,8398.3
2025-11-02 19:30:00,0.40574,0.40719,0.40558,0.40605,1479.9
2025-11-02 19:45:00,0.40626,0.40859,0.40626,0.40852,18930.5
2025-11-02 20:00:00,0.40853,0.40931,0.40717,0.40717,2652.8
2025-11-02 20:15:00,0.40737,0.40918,0.40737,0.40895,2982.7
2025-11-02 20:30:00,0.40897,0.40992,0.40897,0.40933,2113.8
2025-11-02 20:45:00,0.40965,0.411,0.40961,0.41099,5565.8
2025-11-02 21:00:00,0.411,0.41249,0.411,0.4111,3008.8
2025-11-02 21:15:00,0.41097,0.41165,0.41069,0.41116,1446.0
2025-11-02 21:30:00,0.41129,0.41226,0.41129,0.41215,1311.2
2025-11-02 21:45:00,0.41246,0.41344,0.41161,0.41169,9038.7
2025-11-02 22:00:00,0.4114,0.41172,0.41077,0.41172,1849.1
2025-11-02 22:15:00,0.41152,0.41259,0.41102,0.4115,2896.4
2025-11-02 22:30:00,0.4116,0.4116,0.40938,0.40985,1962.3
2025-11-02 22:45:00,0.40938,0.41109,0.40888,0.41043,5701.0
2025-11-02 23:00:00,0.41093,0.41593,0.41093,0.41593,16673.2
2025-11-02 23:15:00,0.41714,0.41746,0.41535,0.41657,49058.1
2025-11-02 23:30:00,0.41696,0.41945,0.41638,0.41834,128012.2
2025-11-02 23:45:00,0.41863,0.42161,0.41852,0.42005,6067.3
2025-11-03 00:00:00,0.42001,0.42093,0.41952,0.42067,32684.1
2025-11-03 00:15:00,0.42093,0.42135,0.41767,0.41768,7425.7
2025-11-03 00:30:00,0.41777,0.41777,0.41593,0.41613,2349.6
2025-11-03 00:45:00,0.41665,0.41666,0.41201,0.41269,14308.1
2025-11-03 01:00:00,0.4119,0.41254,0.41083,0.41235,15719.8
2025-11-03 01:15:00,0.4124,0.41263,0.40911,0.41023,10099.8
2025-11-03 01:30:00,0.40947,0.40977,0.40748,0.4081,24490.7
2025-11-03 01:45:00,0.40836,0.4087,0.40593,0.40671,53396.0
2025-11-03 02:00:00,0.40668,0.40697,0.40275,0.40626,30032.4
2025-11-03 02:15:00,0.40569,0.40569,0.4023,0.4023,8627.1
2025-11-03 02:30:00,0.40203,0.40279,0.4004,0.40103,16940.0
2025-11-03 02:45:00,0.40067,0.40341,0.39896,0.40211,63095.5
2025-11-03 03:00:00,0.40221,0.40273,0.39522,0.39629,27967.7
2025-11-03 03:15:00,0.39588,0.39743,0.3938,0.3938,30302.7
2025-11-03 03:30:00,0.3936,0.3936,0.39015,0.39061,204730.3
2025-11-03 03:45:00,0.39004,0.39019,0.3862,0.38684,86513.8
2025-11-03 04:00:00,0.38691,0.38691,0.3827,0.38366,77896.3
2025-11-03 04:15:00,0.38388,0.38466,0.38222,0.38364,74392.4
2025-11-03 04:30:00,0.38345,0.38505,0.38229,0.38304,22513.2
2025-11-03 04:45:00,0.38324,0.3872,0.38312,0.38598,132201.5
2025-11-03 05:00:00,0.38617,0.39039,0.38617,0.39002,46144.5
2025-11-03 05:15:00,0.38923,0.39002,0.38758,0.38786,26699.0
2025-11-03 05:30:00,0.38814,0.38814,0.38334,0.38334,27674.9
2025-11-03 05:45:00,0.3834,0.38361,0.38195,0.38196,23479.5
2025-11-03 06:00:00,0.38195,0.38293,0.37883,0.37951,39707.6
2025-11-03 06:15:00,0.37983,0.38148,0.37964,0.38073,30411.6
2025-11-03 06:30:00,0.38043,0.38145,0.37872,0.37899,11045.4
2025-11-03 06:45:00,0.37899,0.38118,0.3753,0.38082,310263.3
2025-11-03 07:00:00,0.38046,0.38135,0.37902,0.38125,83261.5
2025-11-03 07:15:00,0.38112,0.38519,0.38069,0.38374,72153.6
2025-11-03 07:30:00,0.38292,0.38745,0.38272,0.38492,200602.5
2025-11-03 07:45:00,0.3848,0.38651,0.38407,0.38407,12570.4
2025-11-03 08:00:00,0.38364,0.38428,0.38223,0.38338,85617.7
2025-11-03 08:15:00,0.38322,0.38322,0.38053,0.3807,17157.4
2025-11-03 08:30:00,0.38076,0.38129,0.37921,0.37984,18390.6
2025-11-03 08:45:00,0.37976,0.38395,0.3784,0.38274,41068.9
2025-11-03 09:00:00,0.38271,0.38733,0.3818,0.38559,19100.1
2025-11-03 09:15:00,0.38567,0.38567,0.38184,0.38275,6135.7
2025-11-03 09:30:00,0.38317,0.38361,0.38071,0.38099,34152.9
2025-11-03 09:45:00,0.38082,0.38202,0.3795,0.37968,404585.2
2025-11-03 10:00:00,0.37983,0.38227,0.37983,0.38114,12398.5
2025-11-03 10:15:00,0.38147,0.38214,0.38086,0.38214,15598.3
2025-11-03 10:30:00,0.38167,0.38167,0.37885,0.37885,3225.8
2025-11-03 10:45:00,0.37913,0.37993,0.3762,0.3762,30970.5
2025-11-03 11:00:00,0.37727,0.38088,0.37727,0.37857,11759.1
2025-11-03 11:15:00,0.3783,0.3814,0.3783,0.38006,11897.1
2025-11-03 11:30:00,0.3801,0.38058,0.37938,0.38034,2778.8
2025-11-03 11:45:00,0.38094,0.38196,0.37998,0.38022,54212.1
2025-11-03 12:00:00,0.38022,0.3827,0.38009,0.38235,58549.1
2025-11-03 12:15:00,0.38258,0.38373,0.38214,0.38241,141149.4
2025-11-03 12:30:00,0.38241,0.3826,0.38018,0.38018,77122.1
2025-11-03 12:45:00,0.38029,0.38155,0.37969,0.37974,95509.4
2025-11-03 13:00:00,0.3795,0.38055,0.3784,0.37935,43798.0
2025-11-03 13:15:00,0.37913,0.38023,0.37777,0.38001,140602.8
2025-11-03 13:30:00,0.38018,0.38422,0.38018,0.38271,66040.1
2025-11-03 13:45:00,0.3831,0.38381,0.3816,0.38206,9301.7
2025-11-03 14:00:00,0.3822,0.3871,0.3822,0.38395,50655.8
2025-11-03 14:15:00,0.3837,0.38412,0.38268,0.3832,91491.7
2025-11-03 14:30:00,0.38305,0.38412,0.38173,0.38282,73947.5
2025-11-03 14:45:00,0.38295,0.38627,0.38238,0.38627,30337.9
2025-11-03 15:00:00,0.38568,0.38568,0.381,0.38106,3741.5
2025-11-03 15:15:00,0.3805,0.38112,0.36179,0.36249,362510.5
2025-11-03 15:30:00,0.36274,0.37216,0.34433,0.35899,658271.4
2025-11-03 15:45:00,0.3573,0.35927,0.3527,0.35377,44106.4
2025-11-03 16:00:00,0.35402,0.35857,0.35148,0.35847,76503.4
2025-11-03 16:15:00,0.35778,0.3629,0.35735,0.36117,38841.6
2025-11-03 16:30:00,0.36101,0.36275,0.36084,0.36115,40672.0
2025-11-03 16:45:00,0.36175,0.36263,0.35987,0.35995,22279.5
2025-11-03 17:00:00,0.35963,0.36165,0.35918,0.36035,70048.5
2025-11-03 17:15:00,0.35994,0.3673,0.35994,0.36176,42778.3
2025-11-03 17:30:00,0.36264,0.3665,0.36264,0.36497,13907.5
2025-11-03 17:45:00,0.36526,0.36768,0.36502,0.36768,19923.1
2025-11-03 18:00:00,0.36703,0.36797,0.36474,0.36474,91355.5
2025-11-03 18:15:00,0.36525,0.36525,0.36208,0.36211,26332.7
2025-11-03 18:30:00,0.36263,0.36263,0.35956,0.36032,10770.4
2025-11-03 18:45:00,0.36036,0.36036,0.35757,0.35814,7034.1
2025-11-03 19:00:00,0.35857,0.35857,0.35681,0.35843,14784.4
2025-11-03 19:15:00,0.35886,0.35986,0.35528,0.35534,19027.8
2025-11-03 19:30:00,0.3566,0.35721,0.35581,0.35693,6509.0
2025-11-03 19:45:00,0.35714,0.35714,0.3544,0.35454,12660.4
2025-11-03 20:00:00,0.35546,0.35546,0.35161,0.35215,55432.0
2025-11-03 20:15:00,0.35197,0.35199,0.34923,0.35034,39373.8
2025-11-03 20:30:00,0.35052,0.35165,0.34875,0.34921,26310.9
2025-11-03 20:45:00,0.34898,0.34898,0.34289,0.34543,60185.0
2025-11-03 21:00:00,0.34533,0.35122,0.34533,0.34769,160206.2
2025-11-03 21:15:00,0.3478,0.34906,0.34365,0.34724,92578.0
2025-11-03 21:30:00,0.34732,0.35163,0.34715,0.35049,77706.3
2025-11-03 21:45:00,0.35082,0.35143,0.34979,0.35043,23227.9
2025-11-03 22:00:00,0.35035,0.35076,0.34853,0.34853,15478.6
2025-11-03 22:15:00,0.34891,0.34955,0.34659,0.34669,9357.2
2025-11-03 22:30:00,0.3457,0.34882,0.34436,0.34791,48867.1
2025-11-03 22:45:00,0.34891,0.35199,0.34846,0.349,35510.4
2025-11-03 23:00:00,0.34726,0.34916,0.34614,0.34855,19609.2
2025-11-03 23:15:00,0.34836,0.35123,0.34808,0.35123,8065.6
2025-11-03 23:30:00,0.35176,0.35465,0.35176,0.35351,32676.8
2025-11-03 23:45:00,0.35324,0.35324,0.35191,0.35201,8108.0
2025-11-04 00:00:00,0.35279,0.35291,0.34982,0.35,45566.5
2025-11-04 00:15:00,0.35008,0.35095,0.34804,0.34879,34216.7
2025-11-04 00:30:00,0.34892,0.35741,0.34892,0.35741,63484.5
2025-11-04 00:45:00,0.35662,0.3569,0.35398,0.35593,18399.2
2025-11-04 01:00:00,0.35581,0.35634,0.35455,0.3559,15148.9
2025-11-04 01:15:00,0.35648,0.36053,0.35648,0.35862,15012.5
2025-11-04 01:30:00,0.35906,0.36089,0.3581,0.35881,30560.0
2025-11-04 01:45:00,0.35903,0.35903,0.3569,0.35784,13673.2
2025-11-04 02:00:00,0.35688,0.35905,0.35581,0.35878,12591.9
2025-11-04 02:15:00,0.3589,0.35965,0.35809,0.35829,265113.5
2025-11-04 02:30:00,0.35869,0.35932,0.35807,0.35827,20066.5
2025-11-04 02:45:00,0.35808,0.35906,0.35774,0.35856,32476.9
2025-11-04 03:00:00,0.35809,0.36141,0.35718,0.36141,20980.0
2025-11-04 03:15:00,0.36156,0.36275,0.35947,0.36243,18702.7
2025-11-04 03:30:00,0.36113,0.36371,0.36106,0.36342,48692.8
2025-11-04 03:45:00,0.36333,0.36339,0.36163,0.36339,20283.6
2025-11-04 04:00:00,0.3631,0.36696,0.36276,0.36506,143255.2
2025-11-04 04:15:00,0.3653,0.36596,0.36377,0.36567,11670.2
2025-11-04 04:30:00,0.36527,0.36666,0.36365,0.36365,14404.7
2025-11-04 04:45:00,0.36371,0.36435,0.3628,0.36307,4341.0
2025-11-04 05:00:00,0.36304,0.36379,0.36217,0.36261,7427.5
2025-11-04 05:15:00,0.36233,0.36241,0.35439,0.35439,79039.1
2025-11-04 05:30:00,0.35379,0.35379,0.34925,0.35091,72769.0
2025-11-04 05:45:00,0.35048,0.35087,0.3436,0.34484,43305.9
2025-11-04 06:00:00,0.3436,0.35265,0.34344,0.35265,38916.6
2025-11-04 06:15:00,0.35358,0.3588,0.35358,0.35574,110296.9
2025-11-04 06:30:00,0.35448,0.35607,0.3512,0.35146,18802.2
2025-11-04 06:45:00,0.35194,0.35323,0.35006,0.35146,20519.5
2025-11-04 07:00:00,0.3514,0.3514,0.34767,0.34827,19199.4
2025-11-04 07:15:00,0.34731,0.34948,0.3436,0.34395,70931.7
2025-11-04 07:30:00,0.3446,0.34829,0.34452,0.3446,13065.3
2025-11-04 07:45:00,0.34529,0.34693,0.34413,0.34653,9592.8
2025-11-04 08:00:00,0.34668,0.34759,0.34573,0.34613,22923.4
2025-11-04 08:15:00,0.34648,0.35357,0.34546,0.35184,60576.7
2025-11-04 08:30:00,0.35317,0.3574,0.35287,0.35477,89973.6
2025-11-04 08:45:00,0.35499,0.35508,0.35234,0.35333,56125.2
2025-11-04 09:00:00,0.35369,0.35433,0.35225,0.35269,13695.5
2025-11-04 09:15:00,0.35216,0.35392,0.3517,0.35389,10174.9
2025-11-04 09:30:00,0.3537,0.35498,0.35211,0.35476,242080.3
2025-11-04 09:45:00,0.35438,0.35689,0.35371,0.35673,16535.1
2025-11-04 10:00:00,0.35676,0.36005,0.35676,0.35864,17261.6
2025-11-04 10:15:00,0.35925,0.36013,0.35864,0.35919,8214.0
2025-11-04 10:30:00,0.35911,0.36026,0.35855,0.35908,49579.4
2025-11-04 10:45:00,0.35922,0.36013,0.35775,0.35963,52972.7
2025-11-04 11:00:00,0.36041,0.36562,0.36041,0.36552,47432.0
2025-11-04 11:15:00,0.36576,0.36789,0.3638,0.3638,18233.8
2025-11-04 11:30:00,0.36399,0.36399,0.36146,0.36223,21496.3
2025-11-04 11:45:00,0.36171,0.36263,0.36046,0.36244,19998.0
2025-11-04 12:00:00,0.36189,0.36189,0.35959,0.35959,44272.6
2025-11-04 12:15:00,0.35969,0.36047,0.35865,0.36013,31425.0
2025-11-04 12:30:00,0.36004,0.36033,0.3568,0.35703,2961.3
2025-11-04 12:45:00,0.35709,0.35868,0.35709,0.35836,3315.0
2025-11-04 13:00:00,0.35907,0.35965,0.35765,0.35965,10102.5
2025-11-04 13:15:00,0.35956,0.35957,0.35495,0.35495,13123.6
2025-11-04 13:30:00,0.35493,0.36002,0.35493,0.3576,93035.6
2025-11-04 13:45:00,0.35717,0.3576,0.35609,0.35686,35711.6
2025-11-04 14:00:00,0.35708,0.35708,0.35323,0.35429,17835.2
2025-11-04 14:15:00,0.35438,0.35593,0.35432,0.35593,9214.9
2025-11-04 14:30:00,0.35638,0.364,0.35531,0.36337,155867.4
2025-11-04 14:45:00,0.36409,0.36811,0.36363,0.3651,88524.7
2025-11-04 15:00:00,0.36512,0.36675,0.36156,0.36156,90591.9
2025-11-04 15:15:00,0.36142,0.36674,0.36142,0.36233,42549.8
2025-11-04 15:30:00,0.36192,0.36252,0.36087,0.36176,13304.3
2025-11-04 15:45:00,0.36057,0.36057,0.35575,0.35719,33314.3
2025-11-04 16:00:00,0.3572,0.35997,0.35703,0.35812,333999.7
2025-11-04 16:15:00,0.35784,0.3584,0.35122,0.3561,222098.3
2025-11-04 16:30:00,0.35605,0.35739,0.3512,0.35125,25282.2
2025-11-04 16:45:00,0.35194,0.35202,0.34892,0.34963,73144.1
2025-11-04 17:00:00,0.34893,0.34904,0.34023,0.34075,257592.5
2025-11-04 17:15:00,0.34159,0.34547,0.33704,0.34282,219902.7
2025-11-04 17:30:00,0.34369,0.34925,0.34369,0.34486,250724.8
2025-11-04 17:45:00,0.34467,0.34539,0.34311,0.34482,69374.0
2025-11-04 18:00:00,0.34485,0.34485,0.3397,0.34001,219787.7
2025-11-04 18:15:00,0.33989,0.34,0.33315,0.33414,563722.9
2025-11-04 18:30:00,0.33416,0.33847,0.32835,0.33847,560805.8
2025-11-04 18:45:00,0.3388,0.34054,0.33359,0.33966,587350.6
2025-11-04 19:00:00,0.33969,0.34206,0.33786,0.33979,150550.7
2025-11-04 19:15:00,0.33982,0.3432,0.33869,0.33995,90549.3
2025-11-04 19:30:00,0.34036,0.34036,0.33676,0.33705,64973.9
2025-11-04 19:45:00,0.33726,0.3377,0.33461,0.3348,51017.2
2025-11-04 20:00:00,0.33548,0.33625,0.33134,0.33169,25025.4
2025-11-04 20:15:00,0.33052,0.33082,0.31953,0.33044,465146.1
2025-11-04 20:30:00,0.33089,0.33921,0.32624,0.33921,160816.4
2025-11-04 20:45:00,0.3381,0.3382,0.33269,0.33421,57984.7
2025-11-04 21:00:00,0.33384,0.335,0.32968,0.33004,91273.3
2025-11-04 21:15:00,0.32961,0.33147,0.32618,0.327,444232.9
2025-11-04 21:30:00,0.32695,0.32695,0.31797,0.32196,209969.1
2025-11-04 21:45:00,0.32289,0.33567,0.32289,0.33567,349656.6
2025-11-04 22:00:00,0.33599,0.34344,0.33397,0.34344,230798.2
2025-11-04 22:15:00,0.34348,0.34453,0.34213,0.34421,52010.3
2025-11-04 22:30:00,0.34477,0.34728,0.34476,0.34563,53764.6
2025-11-04 22:45:00,0.34541,0.34754,0.34378,0.34543,11652.4
2025-11-04 23:00:00,0.3459,0.34937,0.34588,0.34742,45672.1
2025-11-04 23:15:00,0.34823,0.34899,0.34603,0.34806,373926.2
2025-11-04 23:30:00,0.34736,0.34766,0.34559,0.34671,97466.4
2025-11-04 23:45:00,0.34673,0.34723,0.34529,0.34541,7605.9
2025-11-05 00:00:00,0.34504,0.34647,0.34328,0.34424,72067.7
2025-11-05 00:15:00,0.34486,0.34635,0.3419,0.34247,7325.4
2025-11-05 00:30:00,0.34206,0.34257,0.33941,0.34,29484.8
2025-11-05 00:45:00,0.33977,0.34324,0.33977,0.34206,26138.7
2025-11-05 01:00:00,0.34229,0.3423,0.33754,0.33822,42595.2
2025-11-05 01:15:00,0.33836,0.33836,0.33049,0.33223,149452.6
2025-11-05 01:30:00,0.33131,0.33412,0.32807,0.32979,49819.9
2025-11-05 01:45:00,0.33004,0.3414,0.33001,0.34021,152681.2
2025-11-05 02:00:00,0.3408,0.34779,0.3408,0.34533,352215.4
2025-11-05 02:15:00,0.34413,0.34792,0.34413,0.34601,11414.1
2025-11-05 02:30:00,0.34664,0.35014,0.34629,0.35014,14364.0
2025-11-05 02:45:00,0.35008,0.35321,0.34797,0.35258,42636.0
2025-11-05 03:00:00,0.35379,0.35444,0.35136,0.35263,46172.6
2025-11-05 03:15:00,0.35244,0.35427,0.3509,0.35384,28597.6
2025-11-05 03:30:00,0.35386,0.35449,0.35303,0.3544,25443.5
2025-11-05 03:45:00,0.35431,0.35441,0.35223,0.35223,13058.3
2025-11-05 04:00:00,0.35286,0.35408,0.35228,0.35228,8429.8
2025-11-05 04:15:00,0.3525,0.35263,0.35021,0.35021,39620.9
2025-11-05 04:30:00,0.35038,0.3542,0.35038,0.35417,7925.2
2025-11-05 04:45:00,0.35411,0.35411,0.35152,0.35228,39471.2
2025-11-05 05:00:00,0.35254,0.35469,0.35226,0.35469,3838.6
2025-11-05 05:15:00,0.35443,0.35443,0.35201,0.35252,24003.6
2025-11-05 05:30:00,0.35235,0.3535,0.35201,0.35222,6972.3
2025-11-05 05:45:00,0.35169,0.35207,0.3512,0.3516,3523.3
2025-11-05 06:00:00,0.3515,0.3516,0.34927,0.34975,21506.5
2025-11-05 06:15:00,0.34927,0.35093,0.34846,0.34915,9956.3
2025-11-05 06:30:00,0.34935,0.35068,0.34904,0.34955,2063.7
2025-11-05 06:45:00,0.34936,0.35269,0.34907,0.35269,5968.1
2025-11-05 07:00:00,0.35232,0.35232,0.34991,0.35062,5803.1
2025-11-05 07:15:00,0.35007,0.35074,0.34936,0.34987,5772.8
2025-11-05 07:30:00,0.35001,0.35221,0.3499,0.3516,8494.8
2025-11-05 07:45:00,0.35179,0.35252,0.35168,0.35189,3779.9
2025-11-05 08:00:00,0.35206,0.35206,0.34982,0.34989,14051.7
2025-11-05 08:15:00,0.34942,0.3497,0.34606,0.34808,39601.8
2025-11-05 08:30:00,0.34732,0.34999,0.3473,0.3473,12408.2
2025-11-05 08:45:00,0.34793,0.34866,0.34603,0.34824,6553.2
2025-11-05 09:00:00,0.34814,0.35139,0.34706,0.34969,20646.2
2025-11-05 09:15:00,0.34939,0.35126,0.34868,0.35125,87974.9
2025-11-05 09:30:00,0.35141,0.35203,0.34915,0.35203,24646.8
2025-11-05 09:45:00,0.35172,0.35289,0.35153,0.35277,20889.3
2025-11-05 10:00:00,0.35257,0.35269,0.3501,0.35089,26129.6
2025-11-05 10:15:00,0.35066,0.35222,0.35015,0.35089,3807.2
2025-11-05 10:30:00,0.35164,0.35164,0.34935,0.35,42439.2
2025-11-05 10:45:00,0.34927,0.3498,0.3486,0.34877,6095.7
2025-11-05 11:00:00,0.34876,0.35315,0.34876,0.35314,12341.1
2025-11-05 11:15:00,0.35232,0.3559,0.35232,0.35391,10230.2
2025-11-05 11:30:00,0.3545,0.35608,0.35448,0.35548,3362.8
2025-11-05 11:45:00,0.35538,0.35727,0.35501,0.35625,19932.6
2025-11-05 12:00:00,0.35642,0.35654,0.35458,0.35469,16121.5
2025-11-05 12:15:00,0.35462,0.35915,0.35441,0.3581,28125.5
2025-11-05 12:30:00,0.35748,0.3582,0.35707,0.3582,35839.4
2025-11-05 12:45:00,0.35719,0.35727,0.35564,0.3569,25574.9
2025-11-05 13:00:00,0.35701,0.3572,0.35492,0.35518,9937.5
2025-11-05 13:15:00,0.35476,0.35636,0.35444,0.35626,5485.6
2025-11-05 13:30:00,0.35617,0.35871,0.35541,0.35816,36383.0
2025-11-05 13:45:00,0.35705,0.36096,0.35705,0.35871,28601.7
2025-11-05 14:00:00,0.3593,0.36096,0.35816,0.35816,37406.3
2025-11-05 14:15:00,0.35746,0.35846,0.35661,0.3569,11610.2
2025-11-05 14:30:00,0.35638,0.35851,0.35415,0.35691,24225.4
2025-11-05 14:45:00,0.35676,0.36114,0.35676,0.35874,22284.1
2025-11-05 15:00:00,0.35862,0.36064,0.35781,0.35942,79367.7
2025-11-05 15:15:00,0.36017,0.36122,0.35913,0.36122,24315.7
2025-11-05 15:30:00,0.36092,0.36308,0.36068,0.36252,16239.8
2025-11-05 15:45:00,0.36163,0.36321,0.36163,0.36321,34047.4
2025-11-05 16:00:00,0.36291,0.36348,0.36006,0.36006,27424.2
2025-11-05 16:15:00,0.36063,0.36102,0.35912,0.36102,46178.4
2025-11-05 16:30:00,0.36213,0.36489,0.36213,0.36434,29804.9
2025-11-05 16:45:00,0.36398,0.36712,0.36398,0.36699,80709.1
2025-11-05 17:00:00,0.36704,0.36704,0.36533,0.36533,11106.5
2025-11-05 17:15:00,0.36569,0.36838,0.36569,0.36748,35723.1
2025-11-05 17:30:00,0.3678,0.36904,0.36714,0.36882,7688.0
2025-11-05 17:45:00,0.36882,0.36966,0.36778,0.36966,16379.2
2025-11-05 18:00:00,0.36983,0.36987,0.36837,0.36862,19215.6
2025-11-05 18:15:00,0.36856,0.37017,0.36856,0.36999,20655.8
2025-11-05 18:30:00,0.37007,0.37315,0.37007,0.37163,35411.0
2025-11-05 18:45:00,0.37152,0.37326,0.37152,0.37247,38742.1
2025-11-05 19:00:00,0.37242,0.37342,0.37162,0.37335,93885.1
2025-11-05 19:15:00,0.37329,0.37482,0.37252,0.37291,16529.0
2025-11-05 19:30:00,0.37311,0.37613,0.3731,0.37388,24733.4
2025-11-05 19:45:00,0.37386,0.37443,0.37262,0.3739,37073.4
2025-11-05 20:00:00,0.37382,0.37701,0.37372,0.37665,77659.2
2025-11-05 20:15:00,0.37695,0.37695,0.37239,0.37288,17697.7
2025-11-05 20:30:00,0.37239,0.37379,0.37125,0.37157,11457.5
2025-11-05 20:45:00,0.37124,0.37189,0.37039,0.37175,3013.3
2025-11-05 21:00:00,0.37133,0.37152,0.37059,0.37115,3046.3
2025-11-05 21:15:00,0.37031,0.37099,0.36966,0.37023,9930.7
2025-11-05 21:30:00,0.37046,0.37075,0.36897,0.37036,96295.6
2025-11-05 21:45:00,0.37036,0.37184,0.37007,0.37033,61312.7
2025-11-05 22:00:00,0.37041,0.37151,0.36972,0.37049,33145.1
2025-11-05 22:15:00,0.37062,0.3717,0.3704,0.37149,1635.2
2025-11-05 22:30:00,0.37187,0.37359,0.3716,0.37328,5036.2
2025-11-05 22:45:00,0.37299,0.37467,0.37227,0.37457,19112.1
2025-11-05 23:00:00,0.3746,0.37483,0.3729,0.3731,3531.3
2025-11-05 23:15:00,0.3732,0.37424,0.37289,0.37388,13810.3
2025-11-05 23:30:00,0.37339,0.37339,0.37217,0.37282,4747.0
2025-11-05 23:45:00,0.37248,0.37255,0.37176,0.37205,2166.6
2025-11-06 00:00:00,0.37228,0.37251,0.37034,0.37151,73783.1
2025-11-06 00:15:00,0.37126,0.37201,0.36864,0.36972,11700.9
2025-11-06 00:30:00,0.36955,0.36961,0.36659,0.36697,12388.5
2025-11-06 00:45:00,0.36729,0.36931,0.36695,0.36868,35260.2
2025-11-06 01:00:00,0.36838,0.36838,0.36613,0.36682,9902.6
2025-11-06 01:15:00,0.36687,0.36706,0.36369,0.3639,8944.8
2025-11-06 01:30:00,0.36397,0.36676,0.36397,0.36585,24526.3
2025-11-06 01:45:00,0.36574,0.36774,0.36533,0.36759,24958.9
2025-11-06 02:00:00,0.36737,0.36737,0.36415,0.36426,6331.7
2025-11-06 02:15:00,0.36401,0.36664,0.36401,0.36527,7449.4
2025-11-06 02:30:00,0.36484,0.36953,0.36474,0.36929,42555.5
2025-11-06 02:45:00,0.36937,0.37046,0.36807,0.36834,59035.1
2025-11-06 03:00:00,0.36882,0.36966,0.36768,0.36812,46320.3
2025-11-06 03:15:00,0.3682,0.3692,0.36713,0.36713,87189.1
2025-11-06 03:30:00,0.36744,0.36823,0.36741,0.36789,49775.3
2025-11-06 03:45:00,0.36795,0.36813,0.36681,0.36681,55805.0
2025-11-06 04:00:00,0.36698,0.369,0.36674,0.36881,41108.4
2025-11-06 04:15:00,0.3686,0.3686,0.36744,0.3677,99514.0
2025-11-06 04:30:00,0.36745,0.36778,0.36666,0.36761,69242.7
2025-11-06 04:45:00,0.36795,0.36942,0.36738,0.36756,92427.8
2025-11-06 05:00:00,0.36746,0.36769,0.36377,0.3643,27173.6
2025-11-06 05:15:00,0.36356,0.36446,0.36314,0.36358,78203.3
2025-11-06 05:30:00,0.36373,0.36373,0.36149,0.36207,27029.3
2025-11-06 05:45:00,0.36229,0.36235,0.36099,0.36143,34662.8
2025-11-06 06:00:00,0.36154,0.36357,0.36154,0.36258,105843.4
2025-11-06 06:15:00,0.36303,0.3639,0.36241,0.363,37157.4
2025-11-06 06:30:00,0.36354,0.36401,0.36189,0.36288,38857.0
2025-11-06 06:45:00,0.36298,0.36307,0.36135,0.36159,77679.4
2025-11-06 07:00:00,0.36138,0.36342,0.36128,0.36226,29967.4
2025-11-06 07:15:00,0.36219,0.36338,0.35961,0.36281,56760.8
2025-11-06 07:30:00,0.36217,0.36217,0.3602,0.36074,12514.6
2025-11-06 07:45:00,0.36058,0.36117,0.36008,0.36067,3627.6
2025-11-06 08:00:00,0.36014,0.36083,0.35979,0.3608,2038.4
2025-11-06 08:15:00,0.36115,0.36208,0.3607,0.36141,9675.3
2025-11-06 08:30:00,0.36141,0.36188,0.36071,0.36087,4912.9
2025-11-06 08:45:00,0.36076,0.36089,0.3592,0.3606,4115.4
2025-11-06 09:00:00,0.36107,0.36219,0.35981,0.36219,3446.6
2025-11-06 09:15:00,0.36249,0.36319,0.3614,0.3614,50245.7
2025-11-06 09:30:00,0.36139,0.3627,0.36139,0.36146,5924.8
2025-11-06 09:45:00,0.36167,0.36191,0.35981,0.35981,52253.6
2025-11-06 10:00:00,0.36037,0.36048,0.35771,0.36004,9439.5
2025-11-06 10:15:00,0.3594,0.36202,0.35913,0.361,4087.9
2025-11-06 10:30:00,0.36128,0.36336,0.36108,0.36205,8930.1
2025-11-06 10:45:00,0.36225,0.36329,0.36113,0.36228,22434.3
2025-11-06 11:00:00,0.36234,0.36234,0.35983,0.36033,12636.3
2025-11-06 11:15:00,0.36028,0.36224,0.36028,0.36207,2664.9
2025-11-06 11:30:00,0.36186,0.36256,0.36154,0.36212,5457.2
2025-11-06 11:45:00,0.362,0.36241,0.36073,0.36083,11895.1
2025-11-06 12:00:00,0.36082,0.36187,0.3603,0.3603,4202.4
2025-11-06 12:15:00,0.36016,0.36055,0.35915,0.35954,2415.6
2025-11-06 12:30:00,0.35944,0.35993,0.3574,0.35769,7489.2
2025-11-06 12:45:00,0.35728,0.35798,0.35686,0.35698,5066.1
2025-11-06 13:00:00,0.35667,0.36006,0.35667,0.35965,3097.4
2025-11-06 13:15:00,0.35976,0.36507,0.35976,0.36453,28651.9
2025-11-06 13:30:00,0.36531,0.36688,0.36343,0.36688,282029.5
2025-11-06 13:45:00,0.36748,0.36803,0.36486,0.36495,11610.1
2025-11-06 14:00:00,0.36532,0.36612,0.36146,0.36246,12449.9
2025-11-06 14:15:00,0.36218,0.36374,0.36055,0.36093,23499.2
2025-11-06 14:30:00,0.36063,0.36133,0.35791,0.35992,13937.9
2025-11-06 14:45:00,0.36061,0.3637,0.35853,0.35934,76002.3
2025-11-06 15:00:00,0.35928,0.36208,0.35832,0.36027,41194.5
2025-11-06 15:15:00,0.35988,0.36416,0.35947,0.36069,164547.4
2025-11-06 15:30:00,0.3604,0.3604,0.35444,0.35444,48146.2
2025-11-06 15:45:00,0.35445,0.35584,0.35364,0.35527,64806.3
2025-11-06 16:00:00,0.35554,0.35727,0.35475,0.35475,11254.1
2025-11-06 16:15:00,0.35495,0.35505,0.35329,0.35487,6982.2
2025-11-06 16:30:00,0.35458,0.35458,0.34958,0.35089,18373.5
2025-11-06 16:45:00,0.35063,0.35567,0.35063,0.35455,65950.4
2025-11-06 17:00:00,0.35467,0.35755,0.35352,0.35465,78233.0
2025-11-06 17:15:00,0.35485,0.35744,0.3534,0.3574,53132.5
2025-11-06 17:30:00,0.3566,0.35927,0.35643,0.35784,32968.7
2025-11-06 17:45:00,0.35835,0.36096,0.35828,0.36047,66262.3
2025-11-06 18:00:00,0.36022,0.36115,0.35797,0.35904,62293.6
2025-11-06 18:15:00,0.35953,0.35953,0.35661,0.35839,57855.5
2025-11-06 18:30:00,0.35856,0.36432,0.35856,0.36377,36378.7
2025-11-06 18:45:00,0.36343,0.36583,0.36222,0.36268,10604.4
2025-11-06 19:00:00,0.36264,0.36307,0.36155,0.36302,10254.6
2025-11-06 19:15:00,0.36364,0.3641,0.36149,0.3641,6824.1
2025-11-06 19:30:00,0.36298,0.36452,0.36155,0.36239,8576.5
2025-11-06 19:45:00,0.36174,0.36451,0.36169,0.36381,9888.7
2025-11-06 20:00:00,0.36491,0.36639,0.36343,0.3635,36186.1
2025-11-06 20:15:00,0.3635,0.36498,0.36156,0.36167,4945.3
2025-11-06 20:30:00,0.36169,0.36184,0.35923,0.35923,7405.0
2025-11-06 20:45:00,0.36026,0.36231,0.3598,0.36128,17555.9
2025-11-06 21:00:00,0.36131,0.36233,0.36049,0.36118,45367.9
2025-11-06 21:15:00,0.36092,0.36257,0.36056,0.36257,12454.7
2025-11-06 21:30:00,0.36304,0.36483,0.36245,0.36445,16836.4
2025-11-06 21:45:00,0.36404,0.36531,0.36292,0.36392,6691.7
2025-11-06 22:00:00,0.36409,0.36427,0.36264,0.36284,1898.6
2025-11-06 22:15:00,0.36201,0.3638,0.36201,0.36248,30040.7
2025-11-06 22:30:00,0.36259,0.36415,0.36084,0.36092,6498.3
2025-11-06 22:45:00,0.3608,0.36415,0.35988,0.36415,10094.4
2025-11-06 23:00:00,0.36382,0.36382,0.36129,0.36223,3125.2
2025-11-06 23:15:00,0.36182,0.36236,0.36013,0.36183,2907.3
2025-11-06 23:30:00,0.36173,0.3622,0.36053,0.36177,1436.2
2025-11-06 23:45:00,0.36246,0.36449,0.36246,0.36429,1802.7
2025-11-07 00:00:00,0.36455,0.36749,0.36452,0.36627,50456.9
2025-11-07 00:15:00,0.36734,0.36807,0.36502,0.36536,30274.0
2025-11-07 00:30:00,0.36566,0.36757,0.36525,0.36757,4179.7
2025-11-07 00:45:00,0.36855,0.3701,0.36774,0.36853,383395.8
2025-11-07 01:00:00,0.36864,0.369,0.36497,0.36725,58393.0
2025-11-07 01:15:00,0.36687,0.3724,0.36687,0.37138,40350.7
2025-11-07 01:30:00,0.37158,0.37198,0.36674,0.36744,46574.1
2025-11-07 01:45:00,0.36679,0.37039,0.36531,0.37039,37955.8
2025-11-07 02:00:00,0.37015,0.37108,0.36906,0.3702,2999.1
2025-11-07 02:15:00,0.3703,0.37144,0.36832,0.36947,22262.6
2025-11-07 02:30:00,0.37035,0.37317,0.37016,0.37317,68686.6
2025-11-07 02:45:00,0.37365,0.37572,0.37241,0.37557,99574.5
2025-11-07 03:00:00,0.37565,0.37959,0.37518,0.37803,149562.4
2025-11-07 03:15:00,0.37833,0.37833,0.37659,0.37749,19244.1
2025-11-07 03:30:00,0.37717,0.37717,0.37575,0.37606,9699.3
2025-11-07 03:45:00,0.37587,0.37649,0.37413,0.37567,11245.2
2025-11-07 04:00:00,0.37576,0.3771,0.37227,0.37227,19239.0
2025-11-07 04:15:00,0.37306,0.37433,0.37306,0.37359,43166.3
2025-11-07 04:30:00,0.37359,0.37359,0.37025,0.37158,115599.5
2025-11-07 04:45:00,0.37106,0.3722,0.36912,0.37216,38621.6
2025-11-07 05:00:00,0.37257,0.37755,0.37228,0.37659,43903.1
2025-11-07 05:15:00,0.377,0.37754,0.37637,0.37693,6025.9
2025-11-07 05:30:00,0.37738,0.37836,0.37738,0.37785,6915.5
2025-11-07 05:45:00,0.37768,0.37953,0.37645,0.37953,2676.9
2025-11-07 06:00:00,0.37954,0.38144,0.37864,0.38141,36940.9
2025-11-07 06:15:00,0.38144,0.38525,0.38144,0.38482,17139.4
2025-11-07 06:30:00,0.38481,0.38512,0.38102,0.38154,11293.0
2025-11-07 06:45:00,0.38101,0.3818,0.3792,0.38,17098.9
2025-11-07 07:00:00,0.38,0.3812,0.37919,0.37964,29989.1
2025-11-07 07:15:00,0.37927,0.3806,0.37775,0.37863,32484.3
2025-11-07 07:30:00,0.37884,0.38137,0.37881,0.38122,9900.9
2025-11-07 07:45:00,0.38122,0.38672,0.38122,0.38655,42431.3
2025-11-07 08:00:00,0.38706,0.38759,0.38605,0.38698,39336.8
2025-11-07 08:15:00,0.38698,0.38698,0.38452,0.38504,127178.3
2025-11-07 08:30:00,0.38499,0.38515,0.3837,0.38455,157230.9
2025-11-07 08:45:00,0.38455,0.38604,0.38431,0.38604,9856.1
2025-11-07 09:00:00,0.38627,0.38627,0.38396,0.38619,132690.1
2025-11-07 09:15:00,0.38552,0.38923,0.38206,0.38245,52783.3
2025-11-07 09:30:00,0.38122,0.38439,0.37872,0.37991,18601.9
2025-11-07 09:45:00,0.38049,0.38488,0.38049,0.38476,73207.4
2025-11-07 10:00:00,0.38508,0.38724,0.38323,0.38323,8998.7
2025-11-07 10:15:00,0.38309,0.38353,0.38091,0.38353,12292.1
2025-11-07 10:30:00,0.38373,0.38556,0.38343,0.38487,42121.2
2025-11-07 10:45:00,0.38562,0.38563,0.38159,0.38331,2014.3
2025-11-07 11:00:00,0.38304,0.38304,0.3777,0.3777,38966.3
2025-11-07 11:15:00,0.37765,0.37984,0.37571,0.37755,16015.1
2025-11-07 11:30:00,0.37775,0.37982,0.37634,0.37851,9470.6
2025-11-07 11:45:00,0.37875,0.38322,0.3774,0.38059,28282.9
2025-11-07 12:00:00,0.38118,0.38235,0.37813,0.37813,25071.4
2025-11-07 12:15:00,0.3775,0.37796,0.37401,0.37436,40671.5
2025-11-07 12:30:00,0.37436,0.37356,0.3714,0.37195,14215.9
2025-11-07 12:45:00,0.37161,0.37297,0.36966,0.37233,38600.8
2025-11-07 13:00:00,0.37105,0.37618,0.37033,0.37462,20046.1
2025-11-07 13:15:00,0.37555,0.37868,0.37401,0.37401,11891.8
2025-11-07 13:30:00,0.37464,0.3778,0.37464,0.37676,35376.0
2025-11-07 13:45:00,0.37671,0.38103,0.37671,0.37916,14415.1
2025-11-07 14:00:00,0.37947,0.38347,0.37846,0.38188,51771.9
2025-11-07 14:15:00,0.38061,0.38061,0.37836,0.37975,7537.3
2025-11-07 14:30:00,0.37888,0.38556,0.37395,0.38545,76019.5
2025-11-07 14:45:00,0.38633,0.39238,0.38415,0.39119,67191.2
2025-11-07 15:00:00,0.3912,0.39614,0.38804,0.39614,140973.6
2025-11-07 15:15:00,0.39604,0.39892,0.39358,0.39782,49955.2
2025-11-07 15:30:00,0.39892,0.39915,0.39388,0.3945,288843.2
2025-11-07 15:45:00,0.39558,0.40067,0.39558,0.39863,34514.6
2025-11-07 16:00:00,0.39988,0.40491,0.39881,0.40088,283038.3
2025-11-07 16:15:00,0.40108,0.41145,0.40108,0.41037,205940.2
2025-11-07 16:30:00,0.4108,0.41329,0.40948,0.41326,41422.3
2025-11-07 16:45:00,0.41383,0.41867,0.41181,0.41315,284634.9
2025-11-07 17:00:00,0.41601,0.41769,0.41241,0.41769,189486.4
2025-11-07 17:15:00,0.41772,0.42347,0.41742,0.42275,33981.2
2025-11-07 17:30:00,0.42266,0.42475,0.4221,0.42411,25912.6
2025-11-07 17:45:00,0.4241,0.42969,0.42295,0.42942,197009.0
2025-11-07 18:00:00,0.4298,0.43416,0.42768,0.43416,273391.3
2025-11-07 18:15:00,0.43407,0.4362,0.43054,0.43367,90455.2
2025-11-07 18:30:00,0.43367,0.43546,0.43165,0.43546,202508.4
2025-11-07 18:45:00,0.43461,0.4375,0.42768,0.43029,294028.4
2025-11-07 19:00:00,0.42895,0.43025,0.42705,0.42958,34057.7
2025-11-07 19:15:00,0.42899,0.42936,0.427,0.42714,36258.1
2025-11-07 19:30:00,0.42682,0.43069,0.42682,0.42964,20951.1
2025-11-07 19:45:00,0.4301,0.43043,0.42551,0.42886,92802.3
2025-11-07 20:00:00,0.42929,0.43273,0.42858,0.43249,13427.9
2025-11-07 20:15:00,0.43199,0.43199,0.42842,0.4318,44917.6
2025-11-07 20:30:00,0.43259,0.43295,0.43077,0.43193,10682.9
2025-11-07 20:45:00,0.4317,0.43613,0.4317,0.43613,13124.2
2025-11-07 21:00:00,0.43569,0.43783,0.4345,0.43665,142494.5
2025-11-07 21:15:00,0.43696,0.43909,0.43379,0.43403,377193.6
2025-11-07 21:30:00,0.43446,0.43544,0.43348,0.43506,8940.0
2025-11-07 21:45:00,0.43492,0.43492,0.43211,0.43211,19655.3
2025-11-07 22:00:00,0.43224,0.43281,0.43015,0.43015,44474.0
2025-11-07 22:15:00,0.43102,0.43102,0.42837,0.43075,8732.9
2025-11-07 22:30:00,0.43169,0.43169,0.42905,0.42992,5637.7
2025-11-07 22:45:00,0.43015,0.43232,0.43015,0.43091,99858.0
2025-11-07 23:00:00,0.42998,0.42998,0.42402,0.42463,69563.9
2025-11-07 23:15:00,0.42474,0.42636,0.42323,0.42323,6188.2
2025-11-07 23:30:00,0.42328,0.42617,0.42328,0.42436,30392.2
2025-11-07 23:45:00,0.42455,0.42525,0.42272,0.42316,2771.5
2025-11-08 00:00:00,0.42414,0.42807,0.42364,0.42802,14067.8
2025-11-08 00:15:00,0.42897,0.42948,0.42419,0.42419,17756.8
2025-11-08 00:30:00,0.42432,0.4253,0.41915,0.42292,35738.4
2025-11-08 00:45:00,0.42331,0.4257,0.4175,0.4175,61767.7
2025-11-08 01:00:00,0.41783,0.42147,0.4175,0.41972,12583.8
2025-11-08 01:15:00,0.4207,0.42585,0.4207,0.42494,75003.3
2025-11-08 01:30:00,0.42501,0.42768,0.42442,0.42694,11941.8
2025-11-08 01:45:00,0.42677,0.42837,0.42622,0.42807,6621.8
2025-11-08 02:00:00,0.42834,0.43055,0.42821,0.42988,21772.2
2025-11-08 02:15:00,0.42973,0.4326,0.42837,0.4312,12042.7
2025-11-08 02:30:00,0.43179,0.43637,0.43179,0.43627,12093.4
2025-11-08 02:45:00,0.43612,0.43612,0.43119,0.43225,46501.7
2025-11-08 03:00:00,0.4312,0.43434,0.43091,0.43121,66667.9
2025-11-08 03:15:00,0.43228,0.4365,0.43228,0.43581,27897.6
2025-11-08 03:30:00,0.43424,0.43479,0.429,0.43168,73909.3
2025-11-08 03:45:00,0.4308,0.43249,0.42789,0.42817,29529.8
2025-11-08 04:00:00,0.42804,0.43371,0.42804,0.43281,20691.7
2025-11-08 04:15:00,0.4324,0.43453,0.43194,0.43223,11263.7
2025-11-08 04:30:00,0.43116,0.43439,0.43059,0.43372,18802.5
2025-11-08 04:45:00,0.43432,0.43511,0.42954,0.42954,149933.9
2025-11-08 05:00:00,0.43019,0.43096,0.42837,0.42913,24671.0
2025-11-08 05:15:00,0.42979,0.42979,0.42716,0.42974,73180.9
2025-11-08 05:30:00,0.42903,0.42903,0.42264,0.42363,76342.6
2025-11-08 05:45:00,0.42329,0.42434,0.42146,0.42146,5928.4
2025-11-08 06:00:00,0.42183,0.42267,0.41832,0.41832,42233.4
2025-11-08 06:15:00,0.42043,0.42216,0.417,0.4189,10842.2
2025-11-08 06:30:00,0.41942,0.42449,0.41894,0.42329,87266.0
2025-11-08 06:45:00,0.42327,0.42369,0.4222,0.42242,8490.6
2025-11-08 07:00:00,0.42293,0.42324,0.42024,0.42105,28490.8
2025-11-08 07:15:00,0.42219,0.42299,0.41945,0.42105,114739.0
2025-11-08 07:30:00,0.42272,0.42504,0.42166,0.42427,89812.5
2025-11-08 07:45:00,0.42401,0.42656,0.4236,0.42571,6561.3
2025-11-08 08:00:00,0.42532,0.42631,0.42469,0.4247,38169.4
2025-11-08 08:15:00,0.42425,0.42639,0.422,0.42575,33900.4
2025-11-08 08:30:00,0.42599,0.43163,0.42516,0.43083,56354.0
2025-11-08 08:45:00,0.43189,0.43237,0.4297,0.4297,4761.6
2025-11-08 09:00:00,0.42927,0.42943,0.42534,0.42567,58596.1
2025-11-08 09:15:00,0.4252,0.4283,0.42509,0.42777,167214.3
2025-11-08 09:30:00,0.42721,0.42762,0.42429,0.42458,84948.3
2025-11-08 09:45:00,0.42424,0.42453,0.42062,0.42264,181624.4
2025-11-08 10:00:00,0.42254,0.42414,0.42215,0.42403,7305.7
2025-11-08 10:15:00,0.42393,0.42638,0.42329,0.42637,5651.3
2025-11-08 10:30:00,0.42616,0.42673,0.4251,0.42618,683.9
2025-11-08 10:45:00,0.42749,0.42952,0.42736,0.42952,141529.5
2025-11-08 11:00:00,0.42811,0.43314,0.42795,0.43293,83428.3
2025-11-08 11:15:00,0.43362,0.43362,0.43042,0.43273,32803.3
2025-11-08 11:30:00,0.43283,0.43283,0.42768,0.42895,96867.1
2025-11-08 11:45:00,0.4283,0.4307,0.42817,0.43062,9087.7
2025-11-08 12:00:00,0.43022,0.43201,0.42857,0.42893,9310.4
2025-11-08 12:15:00,0.42857,0.43243,0.42857,0.43238,8135.7
2025-11-08 12:30:00,0.43163,0.43461,0.43156,0.43242,19141.5
2025-11-08 12:45:00,0.43206,0.43206,0.43025,0.43105,12656.2
2025-11-08 13:00:00,0.43141,0.43141,0.42754,0.43076,16882.4
2025-11-08 13:15:00,0.42989,0.43076,0.42817,0.42817,9494.7
2025-11-08 13:30:00,0.42859,0.42859,0.42322,0.42481,157064.2
2025-11-08 13:45:00,0.4242,0.42563,0.42129,0.42129,40688.0
2025-11-08 14:00:00,0.42209,0.42321,0.41793,0.41793,22263.9
2025-11-08 14:15:00,0.41886,0.41954,0.41623,0.41819,67513.2
2025-11-08 14:30:00,0.41846,0.42185,0.41769,0.41947,13264.7
2025-11-08 14:45:00,0.41949,0.42126,0.41888,0.42057,10764.9
2025-11-08 15:00:00,0.42086,0.42115,0.4176,0.41839,9514.7
2025-11-08 15:15:00,0.42065,0.42105,0.41487,0.41727,209662.7
2025-11-08 15:30:00,0.41752,0.41752,0.41205,0.41205,28796.3
2025-11-08 15:45:00,0.41351,0.41529,0.41271,0.41354,29808.1
2025-11-08 16:00:00,0.41362,0.41532,0.41022,0.41532,47070.6
2025-11-08 16:15:00,0.41525,0.41581,0.4121,0.41581,1613.4
2025-11-08 16:30:00,0.41439,0.41733,0.41351,0.41631,5006.1
2025-11-08 16:45:00,0.41557,0.41618,0.41474,0.41618,31616.0
2025-11-08 17:00:00,0.41623,0.41632,0.41358,0.41531,13338.6
2025-11-08 17:15:00,0.41604,0.41966,0.41604,0.41903,5686.8
2025-11-08 17:30:00,0.4187,0.41912,0.41799,0.4185,3384.0
2025-11-08 17:45:00,0.41846,0.41847,0.41695,0.41709,776.1
2025-11-08 18:00:00,0.41749,0.4208,0.41739,0.42007,24359.8
2025-11-08 18:15:00,0.41928,0.41928,0.4164,0.41697,3434.1
2025-11-08 18:30:00,0.41749,0.41838,0.41608,0.41717,1653.5
2025-11-08 18:45:00,0.41747,0.41934,0.4173,0.41934,16244.5
2025-11-08 19:00:00,0.41882,0.41952,0.4185,0.41891,5397.1
2025-11-08 19:15:00,0.41925,0.41925,0.41458,0.41516,6416.0
2025-11-08 19:30:00,0.41538,0.41758,0.41538,0.41687,7930.6
2025-11-08 19:45:00,0.41717,0.41826,0.41615,0.41826,3384.1
2025-11-08 20:00:00,0.41765,0.4181,0.41521,0.41521,5151.9
2025-11-08 20:15:00,0.41555,0.41723,0.41555,0.41704,27501.7
2025-11-08 20:30:00,0.41742,0.41885,0.41674,0.41885,7767.1
2025-11-08 20:45:00,0.41895,0.41966,0.41751,0.4178,18161.2
2025-11-08 21:00:00,0.41807,0.4188,0.41736,0.41736,5908.9
2025-11-08 21:15:00,0.41729,0.41839,0.41708,0.41833,2331.3
2025-11-08 21:30:00,0.41804,0.4195,0.41778,0.41922,123290.1
2025-11-08 21:45:00,0.41946,0.42074,0.41906,0.42009,9401.1
2025-11-08 22:00:00,0.41999,0.42136,0.41999,0.42106,2216.3
2025-11-08 22:15:00,0.42061,0.42318,0.42058,0.42219,13906.7
2025-11-08 22:30:00,0.42247,0.42307,0.42093,0.42107,1829.7
2025-11-08 22:45:00,0.42137,0.4233,0.42131,0.42224,6491.4
2025-11-08 23:00:00,0.42224,0.42224,0.42063,0.42198,4068.1
2025-11-08 23:15:00,0.42192,0.42234,0.42142,0.42194,3643.5
2025-11-08 23:30:00,0.42214,0.42311,0.42171,0.42232,8537.4
2025-11-08 23:45:00,0.42283,0.42366,0.42265,0.42283,1940.2
2025-11-09 00:00:00,0.42287,0.42321,0.42032,0.42042,44895.2
2025-11-09 00:15:00,0.42024,0.42029,0.41688,0.41817,129594.4
2025-11-09 00:30:00,0.41812,0.42082,0.41794,0.42064,3457.3
2025-11-09 00:45:00,0.42004,0.42044,0.41675,0.41784,10409.7
2025-11-09 01:00:00,0.41808,0.42236,0.41808,0.42008,4668.3
2025-11-09 01:15:00,0.42041,0.4207,0.41921,0.42006,2910.9
2025-11-09 01:30:00,0.41986,0.41986,0.41708,0.41802,8501.1
2025-11-09 01:45:00,0.41927,0.42005,0.41895,0.41919,27556.1
2025-11-09 02:00:00,0.41954,0.41979,0.41842,0.4187,16048.2
2025-11-09 02:15:00,0.41801,0.41899,0.41658,0.41658,1228.2
2025-11-09 02:30:00,0.41634,0.41634,0.40868,0.40926,599883.0
2025-11-09 02:45:00,0.40966,0.41124,0.4056,0.40692,69787.4
2025-11-09 03:00:00,0.40692,0.40834,0.40692,0.40767,8657.1
2025-11-09 03:15:00,0.40764,0.40819,0.40257,0.40377,43157.1
2025-11-09 03:30:00,0.40387,0.40549,0.40387,0.40464,5832.8
2025-11-09 03:45:00,0.40342,0.40526,0.40316,0.40423,16117.0
2025-11-09 04:00:00,0.40473,0.40634,0.40381,0.40634,4094.0
2025-11-09 04:15:00,0.40639,0.40905,0.40639,0.40776,11868.5
2025-11-09 04:30:00,0.40755,0.40814,0.40538,0.40548,11864.8
2025-11-09 04:45:00,0.40486,0.40619,0.40478,0.40548,11546.7
2025-11-09 05:00:00,0.4054,0.40625,0.40445,0.40555,9367.9
2025-11-09 05:15:00,0.40535,0.40719,0.40535,0.40719,15317.6
2025-11-09 05:30:00,0.40786,0.40795,0.40569,0.40632,19659.3
2025-11-09 05:45:00,0.40578,0.40739,0.40548,0.40722,38503.8
2025-11-09 06:00:00,0.40666,0.40703,0.40559,0.40703,15028.6
2025-11-09 06:15:00,0.40714,0.40969,0.40669,0.40969,25778.0
2025-11-09 06:30:00,0.40969,0.41131,0.40837,0.40925,29063.1
2025-11-09 06:45:00,0.40905,0.40905,0.40639,0.40709,4858.8
2025-11-09 07:00:00,0.40713,0.40992,0.40692,0.40978,133780.4
2025-11-09 07:15:00,0.40957,0.41149,0.40895,0.41114,11268.7
2025-11-09 07:30:00,0.41244,0.41498,0.41204,0.41344,9854.0
2025-11-09 07:45:00,0.41394,0.41414,0.41293,0.41398,4506.0
2025-11-09 08:00:00,0.41411,0.41411,0.41194,0.41308,2711.7
2025-11-09 08:15:00,0.41225,0.41239,0.40957,0.40957,7118.2
2025-11-09 08:30:00,0.40999,0.41114,0.40904,0.41034,4393.8
2025-11-09 08:45:00,0.40963,0.4107,0.40878,0.40962,11515.3
2025-11-09 09:00:00,0.41035,0.41267,0.41035,0.41186,7277.9
2025-11-09 09:15:00,0.41206,0.41467,0.41168,0.41168,9568.9
2025-11-09 09:30:00,0.41171,0.41179,0.4093,0.4093,3642.4
2025-11-09 09:45:00,0.4088,0.40919,0.40663,0.40691,22283.9
2025-11-09 10:00:00,0.40668,0.40668,0.40445,0.40445,11468.9
2025-11-09 10:15:00,0.40431,0.40662,0.40431,0.40662,2197.1
2025-11-09 10:30:00,0.40696,0.40828,0.40559,0.40828,8130.4
2025-11-09 10:45:00,0.4088,0.41098,0.4088,0.41098,16388.6
2025-11-09 11:00:00,0.412,0.41777,0.412,0.41777,21435.3
2025-11-09 11:15:00,0.41746,0.41746,0.41585,0.41714,12425.6
2025-11-09 11:30:00,0.4163,0.41693,0.4142,0.41585,8517.0
2025-11-09 11:45:00,0.41645,0.41694,0.4147,0.41503,2930.0
2025-11-09 12:00:00,0.41544,0.41745,0.41484,0.41688,9703.7
2025-11-09 12:15:00,0.41761,0.41873,0.41585,0.41585,42024.3
2025-11-09 12:30:00,0.41581,0.41722,0.41529,0.41607,21553.4
2025-11-09 12:45:00,0.41671,0.41722,0.4164,0.41662,21781.1
2025-11-09 13:00:00,0.41652,0.41769,0.4156,0.41741,7547.5
2025-11-09 13:15:00,0.41716,0.41824,0.41616,0.41824,17665.1
2025-11-09 13:30:00,0.4181,0.41967,0.41729,0.41849,8738.3
2025-11-09 13:45:00,0.41805,0.41898,0.41665,0.41666,5883.4
2025-11-09 14:00:00,0.41665,0.41906,0.41469,0.41802,17339.0
2025-11-09 14:15:00,0.4182,0.42772,0.41801,0.42727,534691.7
2025-11-09 14:30:00,0.42724,0.4286,0.42362,0.42426,85327.2
2025-11-09 14:45:00,0.42408,0.42408,0.42088,0.42143,28172.8
2025-11-09 15:00:00,0.42315,0.42776,0.423,0.42523,10978.2
2025-11-09 15:15:00,0.42503,0.42734,0.42423,0.42702,7968.5
2025-11-09 15:30:00,0.42655,0.42914,0.42604,0.42741,127063.1
2025-11-09 15:45:00,0.42658,0.42658,0.42272,0.42473,9175.1
2025-11-09 16:00:00,0.42434,0.42654,0.42024,0.42472,187102.4
2025-11-09 16:15:00,0.42511,0.4262,0.42137,0.42582,38134.6
2025-11-09 16:30:00,0.42434,0.4261,0.42411,0.42579,4824.7
2025-11-09 16:45:00,0.42579,0.42885,0.42579,0.42776,14445.1
2025-11-09 17:00:00,0.42772,0.42905,0.42738,0.42792,1479.4
2025-11-09 17:15:00,0.42795,0.42805,0.42442,0.42607,155495.0
2025-11-09 17:30:00,0.42586,0.42825,0.42576,0.42631,1484.6
2025-11-09 17:45:00,0.42753,0.4279,0.42699,0.42699,1291.8
2025-11-09 18:00:00,0.42723,0.42723,0.42485,0.42486,1488.2
2025-11-09 18:15:00,0.42402,0.42523,0.42402,0.42486,5173.7
2025-11-09 18:30:00,0.4247,0.42648,0.4247,0.42621,1977.5
2025-11-09 18:45:00,0.42633,0.43263,0.4262,0.43174,11525.8
2025-11-09 19:00:00,0.43163,0.43228,0.4304,0.4304,29249.3
2025-11-09 19:15:00,0.43038,0.43272,0.43019,0.43272,12033.1
2025-11-09 19:30:00,0.43265,0.43335,0.43042,0.43109,9313.8
2025-11-09 19:45:00,0.43089,0.43433,0.43089,0.43433,5997.8
2025-11-09 20:00:00,0.43413,0.43416,0.43015,0.4304,10832.1
2025-11-09 20:15:00,0.4321,0.43264,0.4312,0.4312,11800.7
2025-11-09 20:30:00,0.43089,0.43215,0.43038,0.43081,2951.3
2025-11-09 20:45:00,0.43015,0.43056,0.42984,0.43052,9887.2
2025-11-09 21:00:00,0.43164,0.43254,0.42963,0.4298,3423.8
2025-11-09 21:15:00,0.43033,0.43105,0.43002,0.43049,24568.6
2025-11-09 21:30:00,0.43026,0.43047,0.42979,0.4302,1642.7
2025-11-09 21:45:00,0.431,0.43118,0.42936,0.42999,2463.7
2025-11-09 22:00:00,0.43063,0.43152,0.43013,0.43029,11101.2
2025-11-09 22:15:00,0.43047,0.43148,0.42837,0.42837,9023.8
2025-11-09 22:30:00,0.42768,0.42809,0.4262,0.42726,4123.1
2025-11-09 22:45:00,0.42736,0.43091,0.42736,0.4297,1834.7
2025-11-09 23:00:00,0.42993,0.43413,0.42955,0.43009,21073.4
2025-11-09 23:15:00,0.43019,0.4307,0.42738,0.42738,4753.6
2025-11-09 23:30:00,0.42698,0.42822,0.42672,0.42773,1290.9
2025-11-09 23:45:00,0.42697,0.42852,0.42697,0.42852,1158.5
2025-11-10 00:00:00,0.42863,0.42917,0.42469,0.42896,35612.3
2025-11-10 00:15:00,0.42943,0.43217,0.42927,0.43006,19064.4
2025-11-10 00:30:00,0.42998,0.43366,0.42998,0.43337,34864.2
2025-11-10 00:45:00,0.4337,0.43589,0.43319,0.43357,12078.0
2025-11-10 01:00:00,0.43352,0.43536,0.43037,0.43272,35220.7
2025-11-10 01:15:00,0.4318,0.43435,0.43132,0.433,17893.9
2025-11-10 01:30:00,0.43308,0.43308,0.43055,0.43181,2704.3
2025-11-10 01:45:00,0.43213,0.43408,0.43147,0.43175,2566.2
2025-11-10 02:00:00,0.43186,0.43428,0.4312,0.43428,9853.2
2025-11-10 02:15:00,0.43406,0.43406,0.4321,0.43258,9278.2
2025-11-10 02:30:00,0.43274,0.43296,0.42996,0.42996,15696.4
2025-11-10 02:45:00,0.42977,0.43189,0.42933,0.43189,16038.8
2025-11-10 03:00:00,0.4323,0.43436,0.43187,0.43339,8716.8
2025-11-10 03:15:00,0.43345,0.43511,0.43343,0.4351,4408.6
2025-11-10 03:30:00,0.43509,0.43665,0.43399,0.4354,18527.0
2025-11-10 03:45:00,0.43488,0.43488,0.43356,0.4347,1091.8
2025-11-10 04:00:00,0.43467,0.43467,0.43338,0.43374,9208.2
2025-11-10 04:15:00,0.43344,0.43376,0.43133,0.43167,4077.6
2025-11-10 04:30:00,0.4312,0.43232,0.43067,0.43232,1861.6
2025-11-10 04:45:00,0.43213,0.43581,0.43213,0.43463,6080.7
2025-11-10 05:00:00,0.43445,0.4406,0.43445,0.4406,25147.3
2025-11-10 05:15:00,0.44046,0.44046,0.43542,0.43542,7891.6
2025-11-10 05:30:00,0.43637,0.43752,0.43399,0.43518,2035.6
2025-11-10 05:45:00,0.43582,0.43744,0.43563,0.43693,33556.5
2025-11-10 06:00:00,0.43733,0.43918,0.43635,0.4364,26366.1
2025-11-10 06:15:00,0.43671,0.43671,0.43291,0.4334,10022.6
2025-11-10 06:30:00,0.4331,0.43465,0.4331,0.43451,3954.5
2025-11-10 06:45:00,0.43516,0.43703,0.43479,0.43612,2029.6
2025-11-10 07:00:00,0.43659,0.4388,0.43564,0.43726,13343.0
2025-11-10 07:15:00,0.43721,0.43763,0.43506,0.43506,11797.7
2025-11-10 07:30:00,0.43506,0.43554,0.43345,0.43429,8699.8
2025-11-10 07:45:00,0.4345,0.43608,0.43439,0.43534,7084.4
2025-11-10 08:00:00,0.43561,0.43612,0.43263,0.43263,5447.3
2025-11-10 08:15:00,0.43284,0.43581,0.43284,0.43507,27482.9
2025-11-10 08:30:00,0.43505,0.43505,0.42932,0.43017,38839.6
2025-11-10 08:45:00,0.43027,0.43144,0.43027,0.43111,18513.0
2025-11-10 09:00:00,0.4314,0.43316,0.43113,0.43316,888.5
2025-11-10 09:15:00,0.43299,0.43624,0.43299,0.43624,17267.9
2025-11-10 09:30:00,0.43624,0.43869,0.43559,0.43869,18657.8
2025-11-10 09:45:00,0.43874,0.44207,0.43874,0.44003,173623.6
2025-11-10 10:00:00,0.44077,0.44251,0.43767,0.43767,82175.4
2025-11-10 10:15:00,0.43807,0.44024,0.43643,0.43643,10761.0
2025-11-10 10:30:00,0.43628,0.43628,0.43155,0.43323,175092.8
2025-11-10 10:45:00,0.43357,0.43546,0.43316,0.43412,173867.6
2025-11-10 11:00:00,0.43377,0.43885,0.43377,0.43881,107135.1
2025-11-10 11:15:00,0.43938,0.43938,0.43775,0.43855,13995.8
2025-11-10 11:30:00,0.43949,0.44006,0.43873,0.44006,13901.0
2025-11-10 11:45:00,0.4405,0.44141,0.43795,0.43844,2262.7
2025-11-10 12:00:00,0.4384,0.43889,0.43452,0.43754,578937.3
2025-11-10 12:15:00,0.43774,0.43864,0.43755,0.43774,1065.7
2025-11-10 12:30:00,0.43758,0.43824,0.4365,0.43784,2006.4
2025-11-10 12:45:00,0.43719,0.43763,0.43551,0.43639,48467.7
2025-11-10 13:00:00,0.43644,0.43974,0.43571,0.43767,2288.3
2025-11-10 13:15:00,0.43807,0.43872,0.43674,0.43872,1420.8
2025-11-10 13:30:00,0.43927,0.44239,0.43927,0.44018,17224.8
2025-11-10 13:45:00,0.43978,0.44076,0.43867,0.43963,2101.1
2025-11-10 14:00:00,0.4379,0.43812,0.43419,0.43497,309571.1
2025-11-10 14:15:00,0.43509,0.4364,0.43316,0.43417,33481.1
2025-11-10 14:30:00,0.43437,0.43498,0.43219,0.4345,18127.8
2025-11-10 14:45:00,0.43362,0.43362,0.4268,0.43002,62156.3
2025-11-10 15:00:00,0.43049,0.43391,0.43001,0.43085,38978.4
2025-11-10 15:15:00,0.43258,0.4339,0.43202,0.43348,27012.4
2025-11-10 15:30:00,0.43426,0.43692,0.43224,0.43692,17917.9
2025-11-10 15:45:00,0.43435,0.43435,0.42963,0.43225,7564.3
2025-11-10 16:00:00,0.43256,0.4342,0.4314,0.43345,7346.8
2025-11-10 16:15:00,0.43405,0.43405,0.43015,0.43108,2217.6
2025-11-10 16:30:00,0.43075,0.43208,0.42615,0.42615,17322.4
2025-11-10 16:45:00,0.4267,0.42856,0.42521,0.42646,17005.2
2025-11-10 17:00:00,0.42683,0.42941,0.42614,0.42935,9600.4
2025-11-10 17:15:00,0.428,0.42997,0.428,0.42893,3074.4
2025-11-10 17:30:00,0.42957,0.43385,0.42943,0.43309,608534.4
2025-11-10 17:45:00,0.43303,0.43403,0.43118,0.43224,3370.3
2025-11-10 18:00:00,0.43345,0.43348,0.43136,0.43159,7248.8
2025-11-10 18:15:00,0.43169,0.43309,0.43144,0.43309,2050.4
2025-11-10 18:30:00,0.43298,0.43426,0.43298,0.43376,25685.1
2025-11-10 18:45:00,0.43427,0.43475,0.43084,0.43084,7979.3
2025-11-10 19:00:00,0.43186,0.43437,0.42971,0.43437,7550.6
2025-11-10 19:15:00,0.435,0.43667,0.43428,0.43428,1372.6
2025-11-10 19:30:00,0.43396,0.43959,0.43263,0.43816,2511.3
2025-11-10 19:45:00,0.4386,0.44165,0.43759,0.43792,217978.6
2025-11-10 20:00:00,0.43877,0.44411,0.43797,0.44398,16788.4
2025-11-10 20:15:00,0.44378,0.44378,0.43934,0.43956,11728.6
2025-11-10 20:30:00,0.43861,0.44165,0.43791,0.44165,6939.3
2025-11-10 20:45:00,0.44154,0.44238,0.43882,0.43979,16784.0
2025-11-10 21:00:00,0.43979,0.43979,0.43451,0.43588,228863.4
2025-11-10 21:15:00,0.43618,0.43676,0.43442,0.4348,7063.8
2025-11-10 21:30:00,0.43557,0.43886,0.4354,0.43886,2977.6
2025-11-10 21:45:00,0.43987,0.44009,0.43694,0.43996,69413.4
2025-11-10 22:00:00,0.43965,0.44167,0.43511,0.43511,42419.0
2025-11-10 22:15:00,0.4353,0.43928,0.4353,0.43928,855.2
2025-11-10 22:30:00,0.44005,0.44781,0.44005,0.44755,24550.8
2025-11-10 22:45:00,0.44825,0.45319,0.44818,0.45082,307918.5
2025-11-10 23:00:00,0.45024,0.45241,0.44645,0.44781,118663.1
2025-11-10 23:15:00,0.44837,0.44942,0.44551,0.44667,14461.6
2025-11-10 23:30:00,0.44636,0.44639,0.4419,0.44245,36241.0
2025-11-10 23:45:00,0.44199,0.44425,0.44199,0.44365,4897.7
2025-11-11 00:00:00,0.44475,0.4466,0.44275,0.44413,47835.0
2025-11-11 00:15:00,0.44375,0.44485,0.43865,0.43926,417564.9
2025-11-11 00:30:00,0.43845,0.43975,0.43487,0.43487,14781.6
2025-11-11 00:45:00,0.43535,0.44045,0.43515,0.44022,5418.8
2025-11-11 01:00:00,0.44076,0.44322,0.43909,0.44281,4942.6
2025-11-11 01:15:00,0.44391,0.45245,0.44391,0.44634,39521.9
2025-11-11 01:30:00,0.44502,0.44537,0.44091,0.4412,5584.1
2025-11-11 01:45:00,0.44239,0.44441,0.43892,0.43963,1278.7
2025-11-11 02:00:00,0.44025,0.44345,0.43674,0.44321,7272.2
2025-11-11 02:15:00,0.44151,0.44254,0.43997,0.44254,7062.0
2025-11-11 02:30:00,0.44342,0.45119,0.44332,0.44818,98519.9
2025-11-11 02:45:00,0.44849,0.44936,0.44605,0.44837,5255.9
2025-11-11 03:00:00,0.44743,0.44997,0.44715,0.44857,213915.5
2025-11-11 03:15:00,0.44915,0.45003,0.44764,0.44858,51751.8
2025-11-11 03:30:00,0.44848,0.45011,0.44516,0.44634,214306.8
2025-11-11 03:45:00,0.446,0.44714,0.44568,0.44678,29020.5
2025-11-11 04:00:00,0.44666,0.4477,0.444,0.444,8250.7
2025-11-11 04:15:00,0.44438,0.44535,0.44159,0.44159,3178.2
2025-11-11 04:30:00,0.44113,0.44209,0.44009,0.4406,15687.3
2025-11-11 04:45:00,0.44061,0.44177,0.4389,0.43945,9506.2
2025-11-11 05:00:00,0.43965,0.43965,0.43477,0.43477,27043.9
2025-11-11 05:15:00,0.43459,0.43659,0.43199,0.43211,52191.6
2025-11-11 05:30:00,0.43319,0.43365,0.43116,0.43295,2373.3
2025-11-11 05:45:00,0.43332,0.43431,0.43172,0.43172,90213.3
2025-11-11 06:00:00,0.43182,0.43261,0.42987,0.4316,23777.1
2025-11-11 06:15:00,0.4316,0.43375,0.43065,0.43234,70716.7
2025-11-11 06:30:00,0.43275,0.43355,0.43244,0.43244,65165.6
2025-11-11 06:45:00,0.43226,0.43226,0.4296,0.43175,56341.6
2025-11-11 07:00:00,0.43206,0.43248,0.42837,0.43,9206.6
2025-11-11 07:15:00,0.42953,0.42961,0.4267,0.42911,28413.0
2025-11-11 07:30:00,0.42886,0.42952,0.4251,0.42658,12418.0
2025-11-11 07:45:00,0.42621,0.42669,0.42398,0.4247,20044.0
2025-11-11 08:00:00,0.42446,0.42725,0.42405,0.42636,15881.0
2025-11-11 08:15:00,0.42602,0.42695,0.42453,0.42453,4423.2
2025-11-11 08:30:00,0.42462,0.42492,0.42191,0.42362,7236.1
2025-11-11 08:45:00,0.42364,0.42553,0.42364,0.4248,7401.1
2025-11-11 09:00:00,0.42512,0.42951,0.42512,0.42771,9785.5
2025-11-11 09:15:00,0.42795,0.42844,0.42631,0.4276,5315.7
2025-11-11 09:30:00,0.42751,0.428,0.42497,0.42497,12342.4
2025-11-11 09:45:00,0.42408,0.42492,0.42352,0.42368,6726.7
2025-11-11 10:00:00,0.42379,0.42564,0.4235,0.42442,4445.7
2025-11-11 10:15:00,0.42486,0.42557,0.4238,0.42505,4576.2
2025-11-11 10:30:00,0.42493,0.42685,0.42485,0.42636,18541.2
2025-11-11 10:45:00,0.42672,0.42715,0.42519,0.42538,4267.2
2025-11-11 11:00:00,0.42591,0.42901,0.4259,0.42839,4756.3
2025-11-11 11:15:00,0.42776,0.4278,0.42626,0.42626,939.1
2025-11-11 11:30:00,0.42607,0.42676,0.42452,0.42634,8035.8
2025-11-11 11:45:00,0.42595,0.42602,0.42286,0.42405,10845.9
2025-11-11 12:00:00,0.42528,0.42768,0.42385,0.42633,4498.3
2025-11-11 12:15:00,0.4252,0.42558,0.42246,0.42246,2154.2
2025-11-11 12:30:00,0.42355,0.42355,0.42099,0.42194,10899.9
2025-11-11 12:45:00,0.42233,0.4243,0.42226,0.42332,9348.7
2025-11-11 13:00:00,0.42371,0.42767,0.42328,0.42656,7363.7
2025-11-11 13:15:00,0.42714,0.42756,0.42513,0.4258,17910.0
2025-11-11 13:30:00,0.42628,0.42677,0.4253,0.42654,3346.2
2025-11-11 13:45:00,0.42689,0.42781,0.42302,0.42302,5116.5
2025-11-11 14:00:00,0.42324,0.42408,0.42018,0.42208,39836.6
2025-11-11 14:15:00,0.42197,0.42564,0.42197,0.42343,15051.4
2025-11-11 14:30:00,0.42321,0.42545,0.42321,0.42443,8152.9
2025-11-11 14:45:00,0.42435,0.42926,0.42089,0.42926,13805.5
2025-11-11 15:00:00,0.4293,0.4293,0.42395,0.42592,32662.1
2025-11-11 15:15:00,0.42652,0.42672,0.42411,0.42411,3217.9
2025-11-11 15:30:00,0.42272,0.42388,0.42076,0.42277,5028.8
2025-11-11 15:45:00,0.42316,0.42319,0.42146,0.42284,2901.1
2025-11-11 16:00:00,0.42228,0.42432,0.42086,0.42281,10651.3
2025-11-11 16:15:00,0.42355,0.4252,0.42227,0.42227,8046.7
2025-11-11 16:30:00,0.42222,0.42415,0.42124,0.4234,30106.8
2025-11-11 16:45:00,0.42341,0.42506,0.4219,0.42229,19168.8
2025-11-11 17:00:00,0.42307,0.42599,0.42218,0.42522,3063.0
2025-11-11 17:15:00,0.42589,0.42589,0.42279,0.42289,28653.1
2025-11-11 17:30:00,0.42311,0.42351,0.41901,0.42137,19918.1
2025-11-11 17:45:00,0.42117,0.42179,0.41919,0.41956,56407.5
2025-11-11 18:00:00,0.41956,0.42094,0.4175,0.41865,71756.1
2025-11-11 18:15:00,0.41834,0.4195,0.41583,0.41812,7974.3
2025-11-11 18:30:00,0.41928,0.41928,0.41612,0.41639,7488.9
2025-11-11 18:45:00,0.41636,0.41909,0.41636,0.41742,16690.5
2025-11-11 19:00:00,0.41569,0.41635,0.41373,0.41563,70521.6
2025-11-11 19:15:00,0.41556,0.41732,0.41556,0.41646,4764.0
2025-11-11 19:30:00,0.41644,0.41696,0.41475,0.41537,2551.4
2025-11-11 19:45:00,0.41425,0.4156,0.41315,0.41367,5276.3
2025-11-11 20:00:00,0.41368,0.41456,0.41135,0.41236,26531.9
2025-11-11 20:15:00,0.41325,0.41325,0.41172,0.41172,9096.9
2025-11-11 20:30:00,0.41154,0.41154,0.40814,0.40868,35010.9
2025-11-11 20:45:00,0.4086,0.4092,0.40786,0.4083,4479.1
2025-11-11 21:00:00,0.40834,0.41109,0.40834,0.4099,46135.9
2025-11-11 21:15:00,0.4101,0.41151,0.40961,0.40997,79045.8
2025-11-11 21:30:00,0.40982,0.40982,0.40672,0.40736,70146.7
2025-11-11 21:45:00,0.40683,0.40875,0.40611,0.40803,50432.2
2025-11-11 22:00:00,0.40754,0.40895,0.40549,0.4085,6596.2
2025-11-11 22:15:00,0.40832,0.4106,0.4066,0.4106,11519.3
2025-11-11 22:30:00,0.41051,0.41195,0.41046,0.41135,23271.6
2025-11-11 22:45:00,0.41224,0.41225,0.41102,0.41121,21731.6
2025-11-11 23:00:00,0.41029,0.41035,0.40958,0.41005,4167.3
2025-11-11 23:15:00,0.40985,0.41077,0.40947,0.40985,1083.8
2025-11-11 23:30:00,0.40908,0.40908,0.40663,0.40822,2609.8
2025-11-11 23:45:00,0.40846,0.40846,0.4046,0.40584,6305.1
2025-11-12 00:00:00,0.40653,0.40886,0.40309,0.4048,47399.6
2025-11-12 00:15:00,0.40482,0.40792,0.40454,0.40644,4390.3
2025-11-12 00:30:00,0.40618,0.40699,0.40538,0.40687,21792.9
2025-11-12 00:45:00,0.40737,0.40767,0.40354,0.4039,4560.0
2025-11-12 01:00:00,0.4048,0.40876,0.4048,0.40876,5393.5
2025-11-12 01:15:00,0.4088,0.41064,0.40816,0.40868,61151.9
2025-11-12 01:30:00,0.41004,0.41034,0.40896,0.40993,2641.4
2025-11-12 01:45:00,0.4103,0.41085,0.40979,0.40989,5660.0
2025-11-12 02:00:00,0.40981,0.41159,0.40981,0.41128,15633.9
2025-11-12 02:15:00,0.41147,0.41157,0.40864,0.40979,6587.7
2025-11-12 02:30:00,0.40909,0.40955,0.4069,0.40894,1055.2
2025-11-12 02:45:00,0.40933,0.4112,0.40854,0.41093,2183.9
2025-11-12 03:00:00,0.41103,0.41207,0.41051,0.41151,8203.1
2025-11-12 03:15:00,0.41212,0.41251,0.41132,0.41165,1413.0
2025-11-12 03:30:00,0.41168,0.41245,0.41159,0.41243,4780.1
2025-11-12 03:45:00,0.41266,0.41347,0.41202,0.41231,14342.3
2025-11-12 04:00:00,0.41245,0.41322,0.41171,0.4128,2652.8
2025-11-12 04:15:00,0.41249,0.41273,0.41117,0.41127,1915.6
2025-11-12 04:30:00,0.41066,0.41123,0.41034,0.41034,770.9
2025-11-12 04:45:00,0.41,0.41126,0.4097,0.41126,1600.1
2025-11-12 05:00:00,0.41155,0.41155,0.41021,0.4108,17705.4
2025-11-12 05:15:00,0.41079,0.41359,0.41049,0.41348,3390.3
2025-11-12 05:30:00,0.41308,0.41315,0.41134,0.41258,2348.1
2025-11-12 05:45:00,0.41163,0.41241,0.41163,0.412,6196.7
2025-11-12 06:00:00,0.41202,0.41329,0.41189,0.41288,1699.0
2025-11-12 06:15:00,0.41268,0.41489,0.41268,0.41478,7570.5
2025-11-12 06:30:00,0.4145,0.41512,0.41408,0.41484,19205.2
2025-11-12 06:45:00,0.41469,0.4157,0.41469,0.41535,7595.4
2025-11-12 07:00:00,0.41464,0.41641,0.4143,0.41641,1761.8
2025-11-12 07:15:00,0.41652,0.41694,0.4153,0.41652,21044.1
2025-11-12 07:30:00,0.41622,0.41665,0.41523,0.41558,4067.4
2025-11-12 07:45:00,0.41557,0.41557,0.41178,0.41221,11820.0
2025-11-12 08:00:00,0.41245,0.41442,0.41221,0.4136,15614.8
2025-11-12 08:15:00,0.41373,0.41777,0.41373,0.41777,24973.5
2025-11-12 08:30:00,0.41812,0.4229,0.41812,0.42237,12812.5
2025-11-12 08:45:00,0.42247,0.42408,0.42055,0.42074,22429.1
2025-11-12 09:00:00,0.42141,0.42365,0.42082,0.42365,15960.6
2025-11-12 09:15:00,0.42322,0.42377,0.42209,0.42238,2826.2
2025-11-12 09:30:00,0.42238,0.42353,0.42116,0.42353,16971.3
2025-11-12 09:45:00,0.42294,0.42393,0.42294,0.42375,59089.2
2025-11-12 10:00:00,0.42467,0.42563,0.42467,0.42552,18682.5
2025-11-12 10:15:00,0.42594,0.4262,0.42456,0.42601,1851.9
2025-11-12 10:30:00,0.4262,0.42883,0.4262,0.42663,14067.6
2025-11-12 10:45:00,0.4271,0.43015,0.4271,0.42855,11268.0
2025-11-12 11:00:00,0.43027,0.43055,0.42884,0.42962,24029.2
2025-11-12 11:15:00,0.42937,0.42937,0.42714,0.42714,24008.8
2025-11-12 11:30:00,0.42719,0.42773,0.42629,0.42685,4302.9
2025-11-12 11:45:00,0.42701,0.42785,0.42684,0.4273,2555.1
2025-11-12 12:00:00,0.42744,0.42744,0.42636,0.42732,17698.6
2025-11-12 12:15:00,0.42745,0.4296,0.42702,0.42768,10102.1
2025-11-12 12:30:00,0.42618,0.42812,0.42556,0.42632,7608.1
2025-11-12 12:45:00,0.42613,0.42687,0.42577,0.42577,2990.5
2025-11-12 13:00:00,0.42637,0.42637,0.42567,0.42609,3538.6
2025-11-12 13:15:00,0.4259,0.42898,0.42508,0.42898,6942.9
2025-11-12 13:30:00,0.42865,0.43055,0.42734,0.43055,7445.7
2025-11-12 13:45:00,0.43022,0.43308,0.43022,0.43214,21506.8
2025-11-12 14:00:00,0.43247,0.43257,0.42997,0.43123,2685.4
2025-11-12 14:15:00,0.43093,0.43108,0.42951,0.42974,48468.8
2025-11-12 14:30:00,0.42949,0.42949,0.42649,0.42688,15457.3
2025-11-12 14:45:00,0.42751,0.42779,0.41601,0.42016,104779.3
2025-11-12 15:00:00,0.42121,0.42437,0.42024,0.42024,60011.5
2025-11-12 15:15:00,0.42147,0.42154,0.41852,0.42009,17971.1
2025-11-12 15:30:00,0.41976,0.42137,0.41412,0.41542,84403.6
2025-11-12 15:45:00,0.41588,0.41588,0.40774,0.40895,73278.2
2025-11-12 16:00:00,0.40883,0.40974,0.39673,0.39952,132289.4
2025-11-12 16:15:00,0.39938,0.40297,0.39795,0.39973,91934.8
2025-11-12 16:30:00,0.39891,0.40429,0.39891,0.40098,36750.5
2025-11-12 16:45:00,0.40171,0.40171,0.39723,0.39879,9424.3
2025-11-12 17:00:00,0.39869,0.39897,0.3947,0.3963,14812.7
2025-11-12 17:15:00,0.39639,0.3966,0.39435,0.3963,3842.1
2025-11-12 17:30:00,0.39602,0.40325,0.39602,0.39988,29189.8
2025-11-12 17:45:00,0.40027,0.40205,0.39923,0.40084,36888.0
2025-11-12 18:00:00,0.40063,0.40237,0.40047,0.40144,24971.4
2025-11-12 18:15:00,0.40202,0.40309,0.40006,0.40018,6108.9
2025-11-12 18:30:00,0.40014,0.40155,0.39915,0.39932,23529.3
2025-11-12 18:45:00,0.39871,0.39891,0.39635,0.39754,20100.1
2025-11-12 19:00:00,0.39669,0.39705,0.39359,0.39401,12358.7
2025-11-12 19:15:00,0.39417,0.39533,0.39358,0.39421,5582.0
2025-11-12 19:30:00,0.3943,0.3985,0.39198,0.3964,46901.9
2025-11-12 19:45:00,0.39583,0.39743,0.39523,0.39653,1757.0
2025-11-12 20:00:00,0.39607,0.39905,0.39544,0.39805,8131.1
2025-11-12 20:15:00,0.39873,0.40202,0.39873,0.40202,32187.5
2025-11-12 20:30:00,0.4019,0.40423,0.4019,0.40329,15189.6
2025-11-12 20:45:00,0.40367,0.40367,0.40196,0.40206,8032.6
2025-11-12 21:00:00,0.40194,0.40374,0.4014,0.40364,61701.7
2025-11-12 21:15:00,0.40304,0.40305,0.40056,0.40105,6140.6
2025-11-12 21:30:00,0.40103,0.40282,0.40103,0.402,7260.7
2025-11-12 21:45:00,0.40183,0.40183,0.40048,0.40139,4390.3
2025-11-12 22:00:00,0.40129,0.40131,0.40012,0.40012,1482.1
2025-11-12 22:15:00,0.40021,0.40105,0.39913,0.39928,3430.6
2025-11-12 22:30:00,0.39937,0.40129,0.399,0.40091,1920.8
2025-11-12 22:45:00,0.40096,0.40288,0.40096,0.40255,3015.0
2025-11-12 23:00:00,0.40155,0.40155,0.39885,0.3995,10185.6
2025-11-12 23:15:00,0.39914,0.40039,0.39914,0.39932,38594.3
2025-11-12 23:30:00,0.39937,0.39952,0.39793,0.39793,4417.2
2025-11-12 23:45:00,0.39759,0.39931,0.39759,0.39931,690.4
2025-11-13 00:00:00,0.3987,0.40135,0.3987,0.40014,14208.0
2025-11-13 00:15:00,0.40037,0.40175,0.39881,0.39918,5459.7
2025-11-13 00:30:00,0.39928,0.40305,0.39928,0.40166,4762.1
2025-11-13 00:45:00,0.40203,0.40228,0.4006,0.4006,5317.1
2025-11-13 01:00:00,0.40089,0.40772,0.40072,0.40661,21305.0
2025-11-13 01:15:00,0.40599,0.40659,0.4029,0.4029,10118.8
2025-11-13 01:30:00,0.40396,0.40809,0.40396,0.408,11019.8
2025-11-13 01:45:00,0.4079,0.4079,0.40499,0.40524,2813.4
2025-11-13 02:00:00,0.40557,0.40636,0.40457,0.4052,2907.6
2025-11-13 02:15:00,0.40532,0.40565,0.40258,0.40258,77862.7
2025-11-13 02:30:00,0.40279,0.40677,0.40279,0.40525,5566.6
2025-11-13 02:45:00,0.40477,0.40494,0.40306,0.40365,2055.8
2025-11-13 03:00:00,0.40377,0.40377,0.4001,0.4001,23203.0
2025-11-13 03:15:00,0.39924,0.40574,0.39731,0.40574,70000.0
2025-11-13 03:30:00,0.40605,0.41098,0.40605,0.41042,36796.9
2025-11-13 03:45:00,0.40958,0.41154,0.40831,0.40831,841.5
2025-11-13 04:00:00,0.40844,0.40844,0.40582,0.40791,213431.8
2025-11-13 04:15:00,0.40996,0.41118,0.40708,0.40978,17104.2
2025-11-13 04:30:00,0.40858,0.40938,0.40745,0.40861,6507.2
2025-11-13 04:45:00,0.40885,0.41031,0.40771,0.40916,20692.6
2025-11-13 05:00:00,0.40886,0.40886,0.40663,0.40665,6011.8
2025-11-13 05:15:00,0.40663,0.40862,0.40663,0.40862,1825.7
2025-11-13 05:30:00,0.40919,0.41241,0.40834,0.41209,2367.0
2025-11-13 05:45:00,0.41262,0.41599,0.41192,0.41494,26356.4
2025-11-13 06:00:00,0.41589,0.41732,0.41452,0.41634,36588.1
2025-11-13 06:15:00,0.41683,0.4175,0.41592,0.41735,6714.5
2025-11-13 06:30:00,0.41735,0.41771,0.41583,0.41622,4737.6
2025-11-13 06:45:00,0.41676,0.41754,0.4154,0.4155,1242.8
2025-11-13 07:00:00,0.41603,0.41703,0.41542,0.41667,46682.6
2025-11-13 07:15:00,0.41777,0.41777,0.41653,0.41672,4188.9
2025-11-13 07:30:00,0.41736,0.41814,0.41529,0.41632,3674.5
2025-11-13 07:45:00,0.41551,0.41594,0.41399,0.41468,12175.3
2025-11-13 08:00:00,0.41471,0.41704,0.41423,0.41606,11107.1
2025-11-13 08:15:00,0.41632,0.41706,0.41607,0.41681,7967.6
2025-11-13 08:30:00,0.41662,0.41846,0.41662,0.41707,3033.7
2025-11-13 08:45:00,0.41702,0.41705,0.416,0.41642,2238.8
2025-11-13 09:00:00,0.4168,0.41681,0.4106,0.41281,39063.1
2025-11-13 09:15:00,0.4125,0.4138,0.41232,0.41316,1929.2
2025-11-13 09:30:00,0.41347,0.41382,0.41071,0.41135,4691.2
2025-11-13 09:45:00,0.4112,0.41189,0.40964,0.41068,1702.0
2025-11-13 10:00:00,0.41061,0.41249,0.41061,0.41211,8547.4
2025-11-13 10:15:00,0.41232,0.41697,0.41228,0.41587,8078.4
2025-11-13 10:30:00,0.41573,0.41573,0.41282,0.41358,7723.4
2025-11-13 10:45:00,0.41368,0.41391,0.41252,0.41307,5540.9
2025-11-13 11:00:00,0.41348,0.41546,0.41339,0.41546,3275.8
2025-11-13 11:15:00,0.41517,0.4156,0.41334,0.41345,3398.2
2025-11-13 11:30:00,0.41352,0.41378,0.41281,0.41378,692.3
2025-11-13 11:45:00,0.41431,0.41431,0.41284,0.41341,3553.5
2025-11-13 12:00:00,0.41368,0.41407,0.41274,0.41316,13611.7
2025-11-13 12:15:00,0.41373,0.41535,0.41373,0.41473,2492.2
2025-11-13 12:30:00,0.41514,0.41744,0.41514,0.41582,14496.1
2025-11-13 12:45:00,0.4166,0.4177,0.4159,0.41756,5760.0
2025-11-13 13:00:00,0.41775,0.41967,0.41775,0.41967,20431.7
2025-11-13 13:15:00,0.41967,0.42125,0.41786,0.41786,25275.4
2025-11-13 13:30:00,0.41777,0.41937,0.41562,0.41708,28433.9
2025-11-13 13:45:00,0.41846,0.41961,0.41596,0.41692,8418.8
2025-11-13 14:00:00,0.41794,0.41794,0.41529,0.41569,14617.2
2025-11-13 14:15:00,0.4156,0.41859,0.41447,0.41729,7290.9
2025-11-13 14:30:00,0.41809,0.41891,0.41207,0.414,81678.5
2025-11-13 14:45:00,0.41434,0.42762,0.41434,0.42425,206335.5
2025-11-13 15:00:00,0.42385,0.42837,0.41939,0.42837,55099.8
2025-11-13 15:15:00,0.42876,0.42957,0.42246,0.42292,18219.3
2025-11-13 15:30:00,0.42336,0.42336,0.41684,0.41707,51356.6
2025-11-13 15:45:00,0.41739,0.41987,0.41493,0.41987,48122.0
2025-11-13 16:00:00,0.41981,0.42024,0.41532,0.41594,87600.0
2025-11-13 16:15:00,0.41693,0.41694,0.4093,0.41083,26852.3
2025-11-13 16:30:00,0.41064,0.41398,0.40816,0.4092,37919.9
2025-11-13 16:45:00,0.40973,0.4106,0.404,0.40472,45247.3
2025-11-13 17:00:00,0.4043,0.40628,0.40277,0.40362,17812.8
2025-11-13 17:15:00,0.40503,0.40503,0.40043,0.40323,22827.2
2025-11-13 17:30:00,0.40255,0.40439,0.39429,0.39626,33414.4
2025-11-13 17:45:00,0.3956,0.39615,0.39056,0.39056,49526.1
2025-11-13 18:00:00,0.39042,0.39203,0.38706,0.38837,37248.2
2025-11-13 18:15:00,0.38837,0.38962,0.3861,0.38771,54261.8
2025-11-13 18:30:00,0.38761,0.38868,0.38367,0.38868,37503.7
2025-11-13 18:45:00,0.38887,0.38986,0.38459,0.38732,45953.9
2025-11-13 19:00:00,0.38725,0.38946,0.38519,0.38542,61315.5
2025-11-13 19:15:00,0.38515,0.38803,0.38155,0.38744,87746.3
2025-11-13 19:30:00,0.38712,0.38712,0.37935,0.3817,37924.6
2025-11-13 19:45:00,0.3817,0.3817,0.37699,0.37909,37959.8
2025-11-13 20:00:00,0.37798,0.37945,0.37527,0.3784,296962.7
2025-11-13 20:15:00,0.37824,0.37841,0.37517,0.37741,12912.1
2025-11-13 20:30:00,0.37769,0.3814,0.37649,0.37892,54238.9
2025-11-13 20:45:00,0.37813,0.37862,0.37692,0.37788,44062.2
2025-11-13 21:00:00,0.37829,0.3805,0.37654,0.37663,42668.7
2025-11-13 21:15:00,0.37724,0.37724,0.37389,0.37447,19169.8
2025-11-13 21:30:00,0.37516,0.37632,0.37476,0.37632,6262.7
2025-11-13 21:45:00,0.37563,0.37832,0.37532,0.37832,30693.0
2025-11-13 22:00:00,0.37678,0.38182,0.37637,0.38166,7621.8
2025-11-13 22:15:00,0.38101,0.3842,0.37989,0.38414,23219.5
2025-11-13 22:30:00,0.38446,0.38703,0.38413,0.38681,66882.8
2025-11-13 22:45:00,0.38642,0.38841,0.38557,0.38784,57815.0
2025-11-13 23:00:00,0.38765,0.38946,0.38518,0.38935,285668.0
2025-11-13 23:15:00,0.38965,0.39201,0.38941,0.39082,258382.0
2025-11-13 23:30:00,0.39068,0.3944,0.39056,0.39418,124213.9
2025-11-13 23:45:00,0.39391,0.39391,0.38923,0.39052,116419.7
2025-11-14 00:00:00,0.39028,0.39139,0.38965,0.38998,68256.1
2025-11-14 00:15:00,0.38959,0.38989,0.38598,0.3896,91511.7
2025-11-14 00:30:00,0.3899,0.39358,0.3888,0.39114,34002.2
2025-11-14 00:45:00,0.39073,0.39102,0.38752,0.38831,20911.6
2025-11-14 01:00:00,0.38844,0.38948,0.38736,0.38848,1433.2
2025-11-14 01:15:00,0.38831,0.38958,0.38676,0.38723,34175.6
2025-11-14 01:30:00,0.38836,0.38868,0.38586,0.38647,3946.0
2025-11-14 01:45:00,0.38755,0.388,0.3862,0.3862,16242.5
2025-11-14 02:00:00,0.38676,0.39053,0.3865,0.39006,46279.5
2025-11-14 02:15:00,0.3911,0.39217,0.39058,0.39142,139950.3
2025-11-14 02:30:00,0.39153,0.39184,0.38937,0.38937,31223.3
2025-11-14 02:45:00,0.3894,0.3894,0.38659,0.38734,11783.2
2025-11-14 03:00:00,0.38778,0.38778,0.38498,0.38626,5134.3
2025-11-14 03:15:00,0.38556,0.38567,0.38406,0.38557,8259.8
2025-11-14 03:30:00,0.38481,0.38496,0.38185,0.38244,24111.8
2025-11-14 03:45:00,0.38225,0.38387,0.38217,0.38387,25238.6
2025-11-14 04:00:00,0.38381,0.38385,0.38054,0.38137,10702.4
2025-11-14 04:15:00,0.38152,0.38258,0.38076,0.38162,24714.8
2025-11-14 04:30:00,0.38074,0.38084,0.36606,0.37093,164029.5
2025-11-14 04:45:00,0.37241,0.37535,0.37184,0.37339,67372.7
2025-11-14 05:00:00,0.37453,0.37802,0.3743,0.37477,33706.2
2025-11-14 05:15:00,0.37453,0.37905,0.37443,0.3777,10556.6
2025-11-14 05:30:00,0.37741,0.38161,0.37637,0.3807,30097.4
2025-11-14 05:45:00,0.38137,0.38354,0.38112,0.383,31536.3
2025-11-14 06:00:00,0.38312,0.38312,0.38019,0.38289,36927.7
2025-11-14 06:15:00,0.38232,0.38248,0.38003,0.38039,7069.2
2025-11-14 06:30:00,0.38138,0.38161,0.37836,0.37957,19759.4
2025-11-14 06:45:00,0.37964,0.39018,0.37704,0.39018,49160.0
2025-11-14 07:00:00,0.38983,0.39107,0.38692,0.39006,9558.3
2025-11-14 07:15:00,0.39141,0.39161,0.38996,0.39037,21102.4
2025-11-14 07:30:00,0.39052,0.39052,0.38779,0.38883,6866.4
2025-11-14 07:45:00,0.39169,0.39208,0.38738,0.38754,6655.3
2025-11-14 08:00:00,0.38754,0.3885,0.38643,0.38687,26354.5
2025-11-14 08:15:00,0.38659,0.38786,0.38435,0.38516,11671.9
2025-11-14 08:30:00,0.38526,0.38591,0.38395,0.38395,40861.6
2025-11-14 08:45:00,0.38385,0.38424,0.38212,0.38387,7789.2
2025-11-14 09:00:00,0.38381,0.38444,0.38235,0.38277,4580.3
2025-11-14 09:15:00,0.38267,0.38292,0.38035,0.38105,107612.1
2025-11-14 09:30:00,0.38082,0.38097,0.37749,0.37969,67332.9
2025-11-14 09:45:00,0.37986,0.37988,0.37736,0.37742,14369.7
2025-11-14 10:00:00,0.37779,0.38043,0.37774,0.37992,40976.4
2025-11-14 10:15:00,0.38002,0.38193,0.3792,0.38163,18357.6
2025-11-14 10:30:00,0.38128,0.38247,0.38088,0.38195,18765.3
2025-11-14 10:45:00,0.38193,0.38196,0.38054,0.3806,9089.0
2025-11-14 11:00:00,0.38045,0.38116,0.37782,0.37822,16634.9
2025-11-14 11:15:00,0.37819,0.38088,0.37806,0.37826,11247.4
2025-11-14 11:30:00,0.37843,0.37856,0.37618,0.37771,7776.8
2025-11-14 11:45:00,0.37734,0.37892,0.37695,0.37856,28702.4
2025-11-14 12:00:00,0.37869,0.37886,0.37401,0.37425,21103.1
2025-11-14 12:15:00,0.37501,0.37749,0.37332,0.37639,5784.1
2025-11-14 12:30:00,0.37599,0.37726,0.37044,0.37044,66618.8
2025-11-14 12:45:00,0.37171,0.38135,0.37153,0.38036,141225.8
2025-11-14 13:00:00,0.3806,0.38348,0.3793,0.37939,29690.6
2025-11-14 13:15:00,0.3795,0.37979,0.37665,0.37726,38899.4
2025-11-14 13:30:00,0.37774,0.37863,0.37419,0.37498,20191.8
2025-11-14 13:45:00,0.37478,0.38003,0.37419,0.37889,70561.5
2025-11-14 14:00:00,0.37956,0.3827,0.3785,0.37931,24629.8
2025-11-14 14:15:00,0.37989,0.38282,0.37964,0.38025,37144.5
2025-11-14 14:30:00,0.38024,0.38986,0.37703,0.38894,151778.0
2025-11-14 14:45:00,0.38858,0.39107,0.38718,0.38844,45812.5
2025-11-14 15:00:00,0.38838,0.38838,0.38343,0.38343,29863.5
2025-11-14 15:15:00,0.3837,0.3898,0.3837,0.3898,19572.6
2025-11-14 15:30:00,0.38946,0.39018,0.38756,0.39018,13329.6
2025-11-14 15:45:00,0.39016,0.39432,0.38954,0.38954,17022.6
2025-11-14 16:00:00,0.38996,0.39045,0.3883,0.38919,21700.4
2025-11-14 16:15:00,0.38885,0.39358,0.38696,0.39278,23891.6
2025-11-14 16:30:00,0.39104,0.39401,0.39104,0.3915,8553.2
2025-11-14 16:45:00,0.39087,0.39341,0.39014,0.3925,84429.9
2025-11-14 17:00:00,0.39216,0.39321,0.39162,0.39224,10665.1
2025-11-14 17:15:00,0.39187,0.39187,0.3888,0.38929,9668.7
2025-11-14 17:30:00,0.38898,0.39006,0.38803,0.3886,4399.1
2025-11-14 17:45:00,0.389,0.389,0.38443,0.38536,15764.0
2025-11-14 18:00:00,0.38518,0.39018,0.38439,0.39018,27787.4
2025-11-14 18:15:00,0.39005,0.39005,0.38665,0.38843,2635.8
2025-11-14 18:30:00,0.38901,0.38919,0.38461,0.38498,6205.3
2025-11-14 18:45:00,0.38458,0.38562,0.38374,0.38437,7355.3
2025-11-14 19:00:00,0.385,0.38795,0.38435,0.38795,5295.1
2025-11-14 19:15:00,0.38867,0.39272,0.38865,0.39125,8532.5
2025-11-14 19:30:00,0.39084,0.39084,0.38891,0.38962,2798.2
2025-11-14 19:45:00,0.38999,0.39197,0.38999,0.39197,2600.3
2025-11-14 20:00:00,0.39239,0.39346,0.39086,0.39086,2752.7
2025-11-14 20:15:00,0.39135,0.39154,0.38881,0.38881,117725.1
2025-11-14 20:30:00,0.38835,0.38872,0.38094,0.38094,24861.5
2025-11-14 20:45:00,0.38081,0.3833,0.38053,0.38288,29460.1
2025-11-14 21:00:00,0.38306,0.38793,0.38122,0.38663,123087.2
2025-11-14 21:15:00,0.3866,0.38717,0.38493,0.38508,5158.3
2025-11-14 21:30:00,0.38547,0.38612,0.38487,0.38611,1746.8
2025-11-14 21:45:00,0.38571,0.38628,0.38507,0.38512,3629.3
2025-11-14 22:00:00,0.38545,0.38803,0.38348,0.38348,13381.3
2025-11-14 22:15:00,0.38277,0.38534,0.38257,0.38534,5011.3
2025-11-14 22:30:00,0.38545,0.38706,0.38514,0.3866,8408.8
2025-11-14 22:45:00,0.3866,0.38751,0.38113,0.38261,36859.9
2025-11-14 23:00:00,0.38218,0.38219,0.37063,0.3766,78241.5
2025-11-14 23:15:00,0.37655,0.3786,0.37433,0.37591,28274.0
2025-11-14 23:30:00,0.37501,0.37926,0.37491,0.37906,10531.0
2025-11-14 23:45:00,0.379,0.38094,0.377,0.37828,5054.8
2025-11-15 00:00:00,0.37833,0.38274,0.37792,0.38238,41122.0
2025-11-15 00:15:00,0.38277,0.38354,0.38158,0.3817,1551.7
2025-11-15 00:30:00,0.38228,0.38228,0.37936,0.38203,7602.0
2025-11-15 00:45:00,0.38174,0.38404,0.37999,0.38404,4150.0
2025-11-15 01:00:00,0.38389,0.38554,0.38129,0.38452,7200.7
2025-11-15 01:15:00,0.38485,0.38706,0.38456,0.38684,40756.6
2025-11-15 01:30:00,0.38693,0.38824,0.38693,0.3879,2134.2
2025-11-15 01:45:00,0.38735,0.3892,0.38696,0.38827,11461.1
2025-11-15 02:00:00,0.38781,0.38923,0.38711,0.3885,2238.8
2025-11-15 02:15:00,0.3881,0.38923,0.38766,0.38865,5361.0
2025-11-15 02:30:00,0.38845,0.38923,0.38723,0.38923,28271.7
2025-11-15 02:45:00,0.38917,0.39166,0.38875,0.39166,11451.6
2025-11-15 03:00:00,0.39145,0.3928,0.3908,0.39265,7886.7
2025-11-15 03:15:00,0.39313,0.39355,0.39233,0.39355,3372.8
2025-11-15 03:30:00,0.39358,0.39418,0.39226,0.39414,12302.1
2025-11-15 03:45:00,0.39378,0.39491,0.39285,0.39324,12396.6
2025-11-15 04:00:00,0.39368,0.39486,0.39299,0.39486,3236.0
2025-11-15 04:15:00,0.39526,0.39685,0.39523,0.39624,9874.4
2025-11-15 04:30:00,0.39562,0.39643,0.39379,0.39388,2387.4
2025-11-15 04:45:00,0.39444,0.39501,0.39372,0.39391,2622.4
2025-11-15 05:00:00,0.39389,0.39389,0.39174,0.3919,20672.2
2025-11-15 05:15:00,0.39217,0.39482,0.39217,0.39409,6763.4
2025-11-15 05:30:00,0.3938,0.39456,0.39284,0.39456,7463.6
2025-11-15 05:45:00,0.39466,0.39695,0.39465,0.3963,2716.7
2025-11-15 06:00:00,0.39656,0.39793,0.39567,0.39788,18225.8
2025-11-15 06:15:00,0.39761,0.39892,0.39747,0.39867,8080.3
2025-11-15 06:30:00,0.39857,0.40212,0.39857,0.40047,10950.8
2025-11-15 06:45:00,0.39987,0.40027,0.39832,0.39861,4588.8
2025-11-15 07:00:00,0.39873,0.39876,0.39625,0.39679,2992.6
2025-11-15 07:15:00,0.39605,0.3972,0.39594,0.39692,4315.7
2025-11-15 07:30:00,0.39693,0.39693,0.39352,0.39353,9668.1
2025-11-15 07:45:00,0.3936,0.39378,0.39272,0.39315,8370.7
2025-11-15 08:00:00,0.3932,0.3932,0.39096,0.39115,16723.1
2025-11-15 08:15:00,0.39154,0.39154,0.38922,0.38922,14410.7
2025-11-15 08:30:00,0.38927,0.39052,0.38765,0.38765,7959.7
2025-11-15 08:45:00,0.38706,0.38706,0.38469,0.38617,29641.8
2025-11-15 09:00:00,0.38593,0.38876,0.38532,0.38846,21873.4
2025-11-15 09:15:00,0.38858,0.39018,0.38748,0.38952,18891.4
2025-11-15 09:30:00,0.38914,0.38914,0.38759,0.3887,7633.9
2025-11-15 09:45:00,0.38819,0.38819,0.38571,0.386,12964.2
2025-11-15 10:00:00,0.3857,0.38641,0.38488,0.38632,8780.6
2025-11-15 10:15:00,0.38655,0.38751,0.38598,0.38631,4129.1
2025-11-15 10:30:00,0.3863,0.38869,0.38588,0.38869,17471.0
2025-11-15 10:45:00,0.3887,0.38975,0.38844,0.38975,7323.3
2025-11-15 11:00:00,0.38977,0.39044,0.38854,0.38975,2208.6
2025-11-15 11:15:00,0.38933,0.38984,0.38933,0.3895,1624.3
2025-11-15 11:30:00,0.39001,0.39021,0.38871,0.38889,6449.6
2025-11-15 11:45:00,0.38765,0.38881,0.38656,0.38881,9814.2
2025-11-15 12:00:00,0.38899,0.39012,0.38811,0.38944,31440.9
2025-11-15 12:15:00,0.38994,0.39269,0.38988,0.39239,11297.3
2025-11-15 12:30:00,0.39272,0.39309,0.39148,0.39228,7965.6
2025-11-15 12:45:00,0.39257,0.3939,0.39174,0.39328,32315.1
2025-11-15 13:00:00,0.39319,0.39416,0.39292,0.39375,2692.8
2025-11-15 13:15:00,0.39451,0.39751,0.39451,0.39589,13630.8
2025-11-15 13:30:00,0.39603,0.39603,0.3933,0.3933,8563.2
2025-11-15 13:45:00,0.39333,0.39534,0.39261,0.3939,18964.6
2025-11-15 14:00:00,0.39415,0.39415,0.39289,0.39319,7242.4
2025-11-15 14:15:00,0.39351,0.39351,0.39112,0.39112,8785.9
2025-11-15 14:30:00,0.39156,0.39279,0.39092,0.39167,4055.1
2025-11-15 14:45:00,0.39157,0.39265,0.39073,0.3925,33780.4
2025-11-15 15:00:00,0.39215,0.3924,0.39019,0.3924,3814.0
2025-11-15 15:15:00,0.39216,0.3936,0.39137,0.39282,32780.0
2025-11-15 15:30:00,0.39267,0.39267,0.39065,0.39167,5295.6
2025-11-15 15:45:00,0.39167,0.39231,0.39018,0.39048,2589.0
2025-11-15 16:00:00,0.39021,0.39112,0.38864,0.39011,23982.7
2025-11-15 16:15:00,0.38881,0.38905,0.38765,0.38825,2747.3
2025-11-15 16:30:00,0.38766,0.38971,0.38766,0.38912,13247.5
2025-11-15 16:45:00,0.3896,0.39108,0.38898,0.39059,8016.5
2025-11-15 17:00:00,0.39143,0.39283,0.39054,0.39094,13322.0
2025-11-15 17:15:00,0.39116,0.39526,0.39018,0.39198,11313.6
2025-11-15 17:30:00,0.3921,0.39328,0.3921,0.39328,3754.2
2025-11-15 17:45:00,0.3936,0.39575,0.3936,0.39575,8609.8
2025-11-15 18:00:00,0.39575,0.3975,0.39543,0.3975,25710.6
2025-11-15 18:15:00,0.39741,0.39741,0.39419,0.39472,4816.0
2025-11-15 18:30:00,0.39522,0.39554,0.39463,0.39463,2144.5
2025-11-15 18:45:00,0.39451,0.39492,0.39373,0.39442,25083.2
2025-11-15 19:00:00,0.39444,0.39565,0.39423,0.39441,42229.8
2025-11-15 19:15:00,0.39429,0.39449,0.39329,0.39369,43884.4
2025-11-15 19:30:00,0.39368,0.39432,0.39288,0.39415,42683.3
2025-11-15 19:45:00,0.39434,0.39434,0.39308,0.39348,51042.7
2025-11-15 20:00:00,0.39371,0.39493,0.39339,0.39493,44854.3
2025-11-15 20:15:00,0.39483,0.39483,0.39238,0.39331,38827.1
2025-11-15 20:30:00,0.39302,0.39302,0.39151,0.39203,1342.5
2025-11-15 20:45:00,0.39238,0.39262,0.39081,0.39117,4912.0
2025-11-15 21:00:00,0.39128,0.39366,0.39128,0.39347,1462.9
2025-11-15 21:15:00,0.39357,0.39476,0.39293,0.39335,2143.2
2025-11-15 21:30:00,0.39315,0.39325,0.38923,0.38949,2869.8
2025-11-15 21:45:00,0.39005,0.39012,0.38795,0.38878,46028.0
2025-11-15 22:00:00,0.38837,0.39054,0.38829,0.39054,2632.2
2025-11-15 22:15:00,0.3906,0.39091,0.3895,0.39074,2316.9
2025-11-15 22:30:00,0.39092,0.39101,0.3891,0.39042,3927.7
2025-11-15 22:45:00,0.39022,0.39185,0.3898,0.39185,5560.6
2025-11-15 23:00:00,0.39161,0.39173,0.39077,0.39116,1899.1
2025-11-15 23:15:00,0.39117,0.39197,0.39064,0.39088,6700.7
2025-11-15 23:30:00,0.39069,0.39108,0.38953,0.38953,4345.9
2025-11-15 23:45:00,0.38968,0.39003,0.38911,0.38932,3056.8
2025-11-16 00:00:00,0.38943,0.38977,0.38789,0.38808,80249.3
2025-11-16 00:15:00,0.38775,0.38798,0.38577,0.38594,68825.4
2025-11-16 00:30:00,0.38593,0.38779,0.38446,0.38779,24187.3
2025-11-16 00:45:00,0.38812,0.38879,0.38778,0.38778,8862.1
2025-11-16 01:00:00,0.38723,0.38923,0.38546,0.38923,12150.8
2025-11-16 01:15:00,0.38905,0.38905,0.38709,0.38808,41275.4
2025-11-16 01:30:00,0.38775,0.38775,0.38299,0.38451,24332.5
2025-11-16 01:45:00,0.38417,0.38765,0.3825,0.38765,6189.5
2025-11-16 02:00:00,0.38652,0.38923,0.38596,0.38818,14433.9
2025-11-16 02:15:00,0.38898,0.39255,0.38897,0.39229,10871.4
2025-11-16 02:30:00,0.3915,0.39358,0.3915,0.39358,9953.2
2025-11-16 02:45:00,0.39358,0.39492,0.39312,0.39486,15976.2
2025-11-16 03:00:00,0.39519,0.39548,0.39446,0.39494,11952.7
2025-11-16 03:15:00,0.39534,0.39802,0.39524,0.39646,96487.5
2025-11-16 03:30:00,0.39676,0.39714,0.39622,0.39672,7572.5
2025-11-16 03:45:00,0.39672,0.39707,0.39575,0.39594,4990.7
2025-11-16 04:00:00,0.39625,0.39627,0.39455,0.39456,4750.2
2025-11-16 04:15:00,0.39435,0.39473,0.39322,0.39421,9361.5
2025-11-16 04:30:00,0.39288,0.39298,0.39141,0.39298,40251.4
2025-11-16 04:45:00,0.3925,0.39386,0.3925,0.39386,9259.8
2025-11-16 05:00:00,0.3937,0.39678,0.3937,0.39678,5246.5
2025-11-16 05:15:00,0.39627,0.3978,0.39627,0.39631,14515.9
2025-11-16 05:30:00,0.39654,0.39683,0.39579,0.3958,8608.9
2025-11-16 05:45:00,0.39599,0.39631,0.39547,0.39566,4802.3
2025-11-16 06:00:00,0.3954,0.39712,0.39537,0.39653,11193.9
2025-11-16 06:15:00,0.39643,0.39714,0.39643,0.39663,5329.7
2025-11-16 06:30:00,0.39673,0.39683,0.3959,0.39651,8284.4
2025-11-16 06:45:00,0.39651,0.39661,0.39454,0.39454,4589.0
2025-11-16 07:00:00,0.39503,0.39574,0.39438,0.39439,5987.7
2025-11-16 07:15:00,0.39437,0.39508,0.39407,0.39508,10302.1
2025-11-16 07:30:00,0.39542,0.3971,0.3953,0.39618,14477.7
2025-11-16 07:45:00,0.39648,0.39827,0.39641,0.39827,14329.8
2025-11-16 08:00:00,0.39853,0.39884,0.39589,0.39608,31782.4
2025-11-16 08:15:00,0.39605,0.39618,0.39483,0.39483,4035.9
2025-11-16 08:30:00,0.39452,0.39511,0.39429,0.39494,7137.6
2025-11-16 08:45:00,0.39503,0.39589,0.3945,0.39531,70405.0
2025-11-16 09:00:00,0.39527,0.39554,0.39406,0.39547,83872.3
2025-11-16 09:15:00,0.39524,0.39638,0.39399,0.39609,81772.7
2025-11-16 09:30:00,0.39661,0.39765,0.3956,0.39663,93997.3
2025-11-16 09:45:00,0.39642,0.39973,0.39642,0.3997,83603.4
2025-11-16 10:00:00,0.39956,0.39956,0.39718,0.39817,107763.6
2025-11-16 10:15:00,0.39777,0.3985,0.39684,0.39693,53823.3
2025-11-16 10:30:00,0.39708,0.39784,0.39686,0.39711,18989.4
2025-11-16 10:45:00,0.39722,0.39754,0.39639,0.39658,1606.2
2025-11-16 11:00:00,0.3967,0.3969,0.39263,0.3928,32497.7
2025-11-16 11:15:00,0.39387,0.39405,0.38933,0.38981,37210.0
2025-11-16 11:30:00,0.38923,0.39012,0.38682,0.38682,12093.3
2025-11-16 11:45:00,0.3885,0.38873,0.38708,0.38768,5171.3
2025-11-16 12:00:00,0.3873,0.39017,0.38703,0.38885,9757.4
2025-11-16 12:15:00,0.38888,0.3903,0.38876,0.3898,5816.1
2025-11-16 12:30:00,0.38928,0.38928,0.3856,0.38895,17259.2
2025-11-16 12:45:00,0.3894,0.3899,0.38794,0.38839,26896.4
2025-11-16 13:00:00,0.3885,0.38952,0.38662,0.38865,137805.8
2025-11-16 13:15:00,0.3885,0.3889,0.38586,0.38586,23737.0
2025-11-16 13:30:00,0.38531,0.38644,0.38422,0.38422,22174.4
2025-11-16 13:45:00,0.38384,0.38463,0.38271,0.38447,9994.3
2025-11-16 14:00:00,0.38426,0.38527,0.38339,0.384,84451.6
2025-11-16 14:15:00,0.3841,0.38414,0.38326,0.38393,13633.4
2025-11-16 14:30:00,0.38378,0.38809,0.38352,0.38769,28594.4
2025-11-16 14:45:00,0.38766,0.38836,0.38705,0.38725,2091.2
2025-11-16 15:00:00,0.38741,0.38741,0.38578,0.38604,3311.3
2025-11-16 15:15:00,0.38578,0.38715,0.38405,0.38538,85467.8
2025-11-16 15:30:00,0.38516,0.38557,0.38439,0.38492,7716.0
2025-11-16 15:45:00,0.38446,0.38447,0.37749,0.37749,50360.8
2025-11-16 16:00:00,0.3779,0.38159,0.37659,0.37918,51951.5
2025-11-16 16:15:00,0.37919,0.37919,0.37683,0.37702,46143.4
2025-11-16 16:30:00,0.37618,0.37666,0.37447,0.37569,14459.3
2025-11-16 16:45:00,0.37597,0.37597,0.37108,0.37157,14887.0
2025-11-16 17:00:00,0.37195,0.37245,0.37067,0.37133,17009.2
2025-11-16 17:15:00,0.37115,0.37265,0.36877,0.3704,20680.0
2025-11-16 17:30:00,0.37089,0.3711,0.36861,0.36977,7426.0
2025-11-16 17:45:00,0.36923,0.37183,0.36601,0.37183,25778.7
2025-11-16 18:00:00,0.3707,0.38002,0.3707,0.37911,104487.2
2025-11-16 18:15:00,0.37964,0.38003,0.37495,0.37508,13685.5
2025-11-16 18:30:00,0.37566,0.37566,0.37092,0.37143,14150.9
2025-11-16 18:45:00,0.37146,0.37258,0.37033,0.37211,4932.7
2025-11-16 19:00:00,0.37243,0.37886,0.37228,0.3785,74361.4
2025-11-16 19:15:00,0.37902,0.37963,0.37579,0.37669,55008.8
2025-11-16 19:30:00,0.37692,0.37883,0.37593,0.37705,54386.6
2025-11-16 19:45:00,0.37665,0.37754,0.37433,0.37434,77696.2
2025-11-16 20:00:00,0.37455,0.37751,0.37401,0.3763,49382.6
2025-11-16 20:15:00,0.37608,0.37836,0.37457,0.37836,12136.9
2025-11-16 20:30:00,0.3778,0.3778,0.37534,0.37536,3002.6
2025-11-16 20:45:00,0.37553,0.37553,0.3734,0.3734,3098.2
2025-11-16 21:00:00,0.37398,0.37398,0.37061,0.3713,13009.8
2025-11-16 21:15:00,0.37159,0.37189,0.36944,0.36944,120060.8
2025-11-16 21:30:00,0.36961,0.37181,0.36961,0.37181,1876.9
2025-11-16 21:45:00,0.37152,0.37303,0.37152,0.37291,10104.7
2025-11-16 22:00:00,0.37139,0.37495,0.37036,0.37495,6831.3
2025-11-16 22:15:00,0.37394,0.37618,0.37394,0.37597,7781.0
2025-11-16 22:30:00,0.37516,0.37578,0.37334,0.37334,1412.7
2025-11-16 22:45:00,0.37334,0.38053,0.37334,0.37906,10984.0
2025-11-16 23:00:00,0.37858,0.3811,0.37092,0.37956,56692.1
2025-11-16 23:15:00,0.3799,0.38399,0.37868,0.38399,18126.8
2025-11-16 23:30:00,0.38377,0.38554,0.38299,0.38439,10614.4
2025-11-16 23:45:00,0.38379,0.3849,0.38257,0.38257,5152.7
2025-11-17 00:00:00,0.38255,0.38344,0.38186,0.38244,15752.9
2025-11-17 00:15:00,0.38244,0.38705,0.37883,0.38705,59441.2
2025-11-17 00:30:00,0.38706,0.39,0.3846,0.38832,195341.3
2025-11-17 00:45:00,0.38766,0.38937,0.38766,0.38826,4478.6
2025-11-17 01:00:00,0.38837,0.38864,0.38654,0.38733,11565.3
2025-11-17 01:15:00,0.38671,0.3876,0.38508,0.38704,1902.1
2025-11-17 01:30:00,0.38653,0.38684,0.38516,0.38516,796.7
2025-11-17 01:45:00,0.38557,0.38633,0.38411,0.38411,5280.3
2025-11-17 02:00:00,0.38458,0.38814,0.38414,0.38682,21773.1
2025-11-17 02:15:00,0.38676,0.38678,0.38511,0.38639,1700.2
2025-11-17 02:30:00,0.38641,0.38641,0.3854,0.38571,941.3
2025-11-17 02:45:00,0.38592,0.38695,0.38563,0.38643,1194.4
2025-11-17 03:00:00,0.38691,0.38879,0.38684,0.38879,4643.1
2025-11-17 03:15:00,0.38923,0.39018,0.38817,0.38817,25534.2
2025-11-17 03:30:00,0.38816,0.38905,0.38816,0.38866,1939.2
2025-11-17 03:45:00,0.3885,0.38867,0.38766,0.38856,2605.6
2025-11-17 04:00:00,0.38864,0.38864,0.38758,0.38763,13730.0
2025-11-17 04:15:00,0.38798,0.39166,0.38738,0.39127,7196.6
2025-11-17 04:30:00,0.39058,0.39095,0.38856,0.39087,5882.1
2025-11-17 04:45:00,0.39098,0.39098,0.38948,0.38956,30407.7
2025-11-17 05:00:00,0.39009,0.39009,0.38792,0.38796,2606.2
2025-11-17 05:15:00,0.38791,0.38867,0.38706,0.38783,7593.9
2025-11-17 05:30:00,0.38782,0.38788,0.38629,0.38741,4658.3
2025-11-17 05:45:00,0.38735,0.38768,0.38677,0.38677,3979.4
2025-11-17 06:00:00,0.38774,0.38779,0.3853,0.38577,3308.9
2025-11-17 06:15:00,0.38578,0.3884,0.38578,0.38699,3326.6
2025-11-17 06:30:00,0.38676,0.38679,0.38577,0.38592,918.1
2025-11-17 06:45:00,0.38612,0.3896,0.38612,0.38958,1568.7
2025-11-17 07:00:00,0.3899,0.39027,0.3885,0.38984,80954.3
2025-11-17 07:15:00,0.38997,0.39172,0.38997,0.39052,7640.3
2025-11-17 07:30:00,0.39039,0.39166,0.39039,0.39136,2982.7
2025-11-17 07:45:00,0.39184,0.39234,0.39091,0.3916,15410.2
2025-11-17 08:00:00,0.39182,0.39233,0.39078,0.39078,11602.9
2025-11-17 08:15:00,0.39068,0.39183,0.39061,0.39106,10070.4
2025-11-17 08:30:00,0.39092,0.39092,0.39005,0.39005,6040.9
2025-11-17 08:45:00,0.39026,0.39043,0.3896,0.3896,10237.1
2025-11-17 09:00:00,0.38977,0.39103,0.38782,0.39015,17329.7
2025-11-17 09:15:00,0.38987,0.39174,0.38987,0.39017,15454.6
2025-11-17 09:30:00,0.3902,0.39097,0.38886,0.38971,1043.6
2025-11-17 09:45:00,0.38936,0.38973,0.38865,0.38869,1318.4
2025-11-17 10:00:00,0.38862,0.3897,0.38856,0.3895,7206.8
2025-11-17 10:15:00,0.3898,0.39086,0.38916,0.38919,1752.8
2025-11-17 10:30:00,0.38891,0.38976,0.38841,0.38903,3968.1
2025-11-17 10:45:00,0.38902,0.39012,0.38902,0.38941,66793.9
2025-11-17 11:00:00,0.38951,0.39119,0.38951,0.39052,92258.0
2025-11-17 11:15:00,0.39083,0.39141,0.3905,0.39141,3463.2
2025-11-17 11:30:00,0.39217,0.39357,0.39073,0.39073,2456.2
2025-11-17 11:45:00,0.39083,0.39143,0.3896,0.39076,2368.0
2025-11-17 12:00:00,0.39104,0.39104,0.38915,0.38915,7842.0
2025-11-17 12:15:00,0.38926,0.38957,0.38868,0.38875,5928.7
2025-11-17 12:30:00,0.38855,0.38917,0.38758,0.38825,10805.6
2025-11-17 12:45:00,0.38819,0.38819,0.38703,0.38766,29806.6
2025-11-17 13:00:00,0.3878,0.38808,0.38415,0.38415,43691.0
2025-11-17 13:15:00,0.38409,0.38551,0.38258,0.38258,17716.8
2025-11-17 13:30:00,0.38372,0.38388,0.37934,0.37934,33695.3
2025-11-17 13:45:00,0.37878,0.37964,0.37583,0.37763,29501.0
2025-11-17 14:00:00,0.3784,0.38003,0.37595,0.37793,82945.8
2025-11-17 14:15:00,0.37844,0.38191,0.37777,0.37853,26126.5
2025-11-17 14:30:00,0.37832,0.39358,0.37808,0.38706,276074.4
2025-11-17 14:45:00,0.38665,0.39062,0.38401,0.38508,163541.1
2025-11-17 15:00:00,0.38541,0.38703,0.38053,0.38272,26151.8
2025-11-17 15:15:00,0.38273,0.38592,0.37776,0.38495,37693.3
2025-11-17 15:30:00,0.38576,0.38576,0.37929,0.38094,12228.5
2025-11-17 15:45:00,0.38153,0.38153,0.37774,0.37886,11787.5
2025-11-17 16:00:00,0.37896,0.37896,0.37357,0.37357,23380.3
2025-11-17 16:15:00,0.37342,0.37749,0.37165,0.37749,15307.8
2025-11-17 16:30:00,0.37671,0.37923,0.37554,0.37669,24274.8
2025-11-17 16:45:00,0.37669,0.38271,0.37636,0.38271,82895.0
2025-11-17 17:00:00,0.38271,0.3829,0.3797,0.37982,61811.6
2025-11-17 17:15:00,0.3794,0.38038,0.37608,0.37612,8228.2
2025-11-17 17:30:00,0.37598,0.3765,0.37154,0.37154,19241.7
2025-11-17 17:45:00,0.37156,0.3718,0.36968,0.37027,9071.0
2025-11-17 18:00:00,0.36981,0.37283,0.36863,0.36938,16512.6
2025-11-17 18:15:00,0.36863,0.3688,0.3648,0.3648,29014.2
2025-11-17 18:30:00,0.36479,0.36568,0.36224,0.36551,1734615.3
2025-11-17 18:45:00,0.36561,0.37016,0.36428,0.36467,52163.7
2025-11-17 19:00:00,0.36467,0.36598,0.36366,0.36366,11795.7
2025-11-17 19:15:00,0.36384,0.36402,0.36141,0.36274,210846.7
2025-11-17 19:30:00,0.3624,0.36479,0.35851,0.3606,141941.3
2025-11-17 19:45:00,0.35971,0.36033,0.35787,0.3595,88862.0
2025-11-17 20:00:00,0.35933,0.3613,0.35731,0.3586,34734.9
2025-11-17 20:15:00,0.35922,0.3611,0.35873,0.35892,70686.7
2025-11-17 20:30:00,0.35955,0.36008,0.35558,0.35558,15132.1
2025-11-17 20:45:00,0.35611,0.36135,0.35611,0.35949,89654.6
2025-11-17 21:00:00,0.36004,0.36302,0.35977,0.36174,62005.3
2025-11-17 21:15:00,0.36148,0.36148,0.35752,0.35853,10666.8
2025-11-17 21:30:00,0.35849,0.35897,0.35658,0.35741,13707.2
2025-11-17 21:45:00,0.3574,0.35946,0.35597,0.35899,32035.4
2025-11-17 22:00:00,0.35906,0.36116,0.3578,0.3604,77570.0
2025-11-17 22:15:00,0.36055,0.36225,0.35957,0.36187,29498.7
2025-11-17 22:30:00,0.36172,0.36323,0.36152,0.36322,34484.2
2025-11-17 22:45:00,0.36394,0.36394,0.36189,0.36209,4648.6
2025-11-17 23:00:00,0.36225,0.36308,0.36088,0.36189,4256.6
2025-11-17 23:15:00,0.36197,0.36297,0.36114,0.36121,29813.0
2025-11-17 23:30:00,0.36137,0.36257,0.36132,0.36195,1732.3
2025-11-17 23:45:00,0.36234,0.36519,0.36234,0.36464,21719.3
2025-11-18 00:00:00,0.36448,0.36521,0.36348,0.36471,11740.9
2025-11-18 00:15:00,0.36513,0.36623,0.36326,0.3637,14184.9
2025-11-18 00:30:00,0.36398,0.36398,0.36027,0.36099,9894.8
2025-11-18 00:45:00,0.36026,0.36966,0.35939,0.36951,50452.1
2025-11-18 01:00:00,0.36849,0.37164,0.36826,0.37045,30218.0
2025-11-18 01:15:00,0.37,0.37183,0.36765,0.36864,5155.4
2025-11-18 01:30:00,0.36935,0.37062,0.36878,0.37007,8076.0
2025-11-18 01:45:00,0.37017,0.37017,0.36877,0.36978,5076.8
2025-11-18 02:00:00,0.36947,0.36947,0.3664,0.36748,4191.0
2025-11-18 02:15:00,0.3678,0.37343,0.36443,0.37257,53417.7
2025-11-18 02:30:00,0.37376,0.37548,0.3719,0.37365,9836.0
2025-11-18 02:45:00,0.37495,0.37508,0.36928,0.36928,29148.4
2025-11-18 03:00:00,0.37053,0.37075,0.36618,0.37,42204.5
2025-11-18 03:15:00,0.37012,0.37215,0.3691,0.3691,45786.9
2025-11-18 03:30:00,0.36749,0.37836,0.36749,0.37748,36098.8
2025-11-18 03:45:00,0.37785,0.37912,0.37629,0.37912,18112.1
2025-11-18 04:00:00,0.3792,0.3792,0.37514,0.37514,6134.0
2025-11-18 04:15:00,0.37536,0.37664,0.3744,0.37506,33689.9
2025-11-18 04:30:00,0.37447,0.37688,0.37401,0.37401,48152.6
2025-11-18 04:45:00,0.37438,0.38029,0.37241,0.37978,30998.3
2025-11-18 05:00:00,0.37963,0.3811,0.37582,0.3811,21962.2
2025-11-18 05:15:00,0.38061,0.38659,0.38061,0.382,1085753.2
2025-11-18 05:30:00,0.3818,0.38269,0.37925,0.37925,57966.3
2025-11-18 05:45:00,0.38031,0.3805,0.37764,0.37764,22999.4
2025-11-18 06:00:00,0.37749,0.3784,0.37686,0.37811,50411.0
2025-11-18 06:15:00,0.37836,0.37842,0.37487,0.37487,38595.6
2025-11-18 06:30:00,0.37502,0.37502,0.37183,0.37205,14319.9
2025-11-18 06:45:00,0.37254,0.37379,0.37053,0.37053,20655.0
2025-11-18 07:00:00,0.3705,0.37359,0.36966,0.3722,5553.9
2025-11-18 07:15:00,0.37127,0.37309,0.36957,0.37166,6003.0
2025-11-18 07:30:00,0.37144,0.37348,0.37144,0.37288,8105.7
2025-11-18 07:45:00,0.37251,0.37304,0.37202,0.37212,2028.1
2025-11-18 08:00:00,0.37297,0.37332,0.37139,0.3717,13181.6
2025-11-18 08:15:00,0.37118,0.37328,0.37,0.3701,12102.9
2025-11-18 08:30:00,0.37038,0.37571,0.37038,0.37494,66474.1
2025-11-18 08:45:00,0.3747,0.37498,0.37363,0.37393,11537.2
2025-11-18 09:00:00,0.37393,0.37429,0.37248,0.3729,6865.8
2025-11-18 09:15:00,0.37301,0.37534,0.37135,0.37166,4678.3
2025-11-18 09:30:00,0.37131,0.37203,0.37099,0.37203,29937.3
2025-11-18 09:45:00,0.37241,0.3756,0.37221,0.3756,9566.6
2025-11-18 10:00:00,0.37563,0.37708,0.37544,0.3758,30203.6
2025-11-18 10:15:00,0.376,0.37699,0.37479,0.37554,5978.3
2025-11-18 10:30:00,0.37598,0.37733,0.3759,0.37643,2163.9
2025-11-18 10:45:00,0.37687,0.37751,0.37632,0.37751,6015.7
2025-11-18 11:00:00,0.37765,0.37815,0.37603,0.37603,3490.5
2025-11-18 11:15:00,0.37613,0.37755,0.37431,0.37564,7886.9
2025-11-18 11:30:00,0.37536,0.37536,0.37365,0.3753,3759.2
2025-11-18 11:45:00,0.37518,0.37532,0.3741,0.3741,2203.0
2025-11-18 12:00:00,0.37454,0.37454,0.37183,0.37183,21938.3
2025-11-18 12:15:00,0.37229,0.3746,0.37163,0.3733,2480.5
2025-11-18 12:30:00,0.37301,0.37703,0.37301,0.37703,11394.8
2025-11-18 12:45:00,0.37727,0.37727,0.37531,0.37683,8896.2
2025-11-18 13:00:00,0.37607,0.37607,0.3736,0.37452,4230.6
2025-11-18 13:15:00,0.37431,0.37539,0.37272,0.37341,2055.1
2025-11-18 13:30:00,0.37354,0.37663,0.37306,0.37457,13404.4
2025-11-18 13:45:00,0.37487,0.37667,0.37487,0.3759,3797.3
2025-11-18 14:00:00,0.37601,0.37601,0.37453,0.37528,5236.9
2025-11-18 14:15:00,0.37535,0.37836,0.3746,0.37717,17654.7
2025-11-18 14:30:00,0.37698,0.38072,0.37453,0.37618,44961.5
2025-11-18 14:45:00,0.37803,0.37803,0.37322,0.37322,9253.0
2025-11-18 15:00:00,0.37282,0.37891,0.37183,0.37891,26638.2
2025-11-18 15:15:00,0.37758,0.38361,0.37758,0.38237,67065.0
2025-11-18 15:30:00,0.38307,0.38371,0.38034,0.3812,22037.3
2025-11-18 15:45:00,0.38073,0.38126,0.37854,0.38085,12640.5
2025-11-18 16:00:00,0.38065,0.38384,0.37964,0.38272,25110.0
2025-11-18 16:15:00,0.38294,0.3879,0.38203,0.3879,58931.3
2025-11-18 16:30:00,0.38717,0.3886,0.38616,0.3869,9051.9
2025-11-18 16:45:00,0.38734,0.38734,0.38489,0.38551,4825.0
2025-11-18 17:00:00,0.38546,0.38568,0.38381,0.38404,8761.1
2025-11-18 17:15:00,0.38375,0.38513,0.38135,0.38135,9324.0
2025-11-18 17:30:00,0.38137,0.38281,0.38107,0.38241,3952.2
2025-11-18 17:45:00,0.38194,0.38229,0.38118,0.38228,2946.2
2025-11-18 18:00:00,0.38242,0.38494,0.38242,0.38476,5771.3
2025-11-18 18:15:00,0.38466,0.38466,0.38298,0.38337,11095.1
2025-11-18 18:30:00,0.38403,0.38426,0.38343,0.3836,1834.7
2025-11-18 18:45:00,0.38382,0.38563,0.38317,0.38317,15086.7
2025-11-18 19:00:00,0.38322,0.38431,0.38267,0.38398,3524.0
2025-11-18 19:15:00,0.38372,0.3847,0.38347,0.38347,2441.4
2025-11-18 19:30:00,0.38404,0.3842,0.38297,0.38297,1748.4
2025-11-18 19:45:00,0.38284,0.38284,0.38167,0.38224,2481.7
2025-11-18 20:00:00,0.38253,0.38314,0.3817,0.38175,4149.1
2025-11-18 20:15:00,0.38205,0.3832,0.38205,0.3832,1339.3
2025-11-18 20:30:00,0.38326,0.38326,0.38211,0.38239,11889.1
2025-11-18 20:45:00,0.38218,0.38284,0.38166,0.38166,11232.9
2025-11-18 21:00:00,0.38176,0.38193,0.38076,0.38191,8270.1
2025-11-18 21:15:00,0.38173,0.38191,0.38089,0.3816,2237.3
2025-11-18 21:30:00,0.38079,0.38079,0.37914,0.37962,12269.2
2025-11-18 21:45:00,0.37908,0.37908,0.3771,0.3771,8726.2
2025-11-18 22:00:00,0.3771,0.38122,0.37701,0.38122,17527.5
2025-11-18 22:15:00,0.38127,0.3831,0.38099,0.3831,6172.6
2025-11-18 22:30:00,0.38286,0.38389,0.38189,0.38194,7529.6
2025-11-18 22:45:00,0.3818,0.38206,0.38124,0.38206,1753.3
2025-11-18 23:00:00,0.38209,0.38209,0.3791,0.37947,13857.8
2025-11-18 23:15:00,0.37978,0.38039,0.37976,0.37976,1830.5
2025-11-18 23:30:00,0.37967,0.37971,0.37905,0.37948,2557.3
2025-11-18 23:45:00,0.37968,0.3804,0.37913,0.38037,2652.2
2025-11-19 00:00:00,0.38028,0.38028,0.37819,0.37879,12587.0
2025-11-19 00:15:00,0.37888,0.37888,0.37618,0.37795,6419.2
2025-11-19 00:30:00,0.37778,0.37971,0.37635,0.37971,18803.3
2025-11-19 00:45:00,0.37932,0.38055,0.37867,0.37952,4195.0
2025-11-19 01:00:00,0.37946,0.37956,0.37804,0.37884,2633.7
2025-11-19 01:15:00,0.37875,0.38269,0.37875,0.38202,6274.2
2025-11-19 01:30:00,0.38221,0.38239,0.38092,0.38186,2791.0
2025-11-19 01:45:00,0.38155,0.38155,0.38015,0.38078,2376.5
2025-11-19 02:00:00,0.38169,0.38433,0.38138,0.38433,13910.6
2025-11-19 02:15:00,0.38463,0.38482,0.38159,0.38204,6107.0
2025-11-19 02:30:00,0.3817,0.38268,0.38118,0.38128,3804.6
2025-11-19 02:45:00,0.38107,0.38255,0.38107,0.38145,3356.1
2025-11-19 03:00:00,0.38158,0.38217,0.38076,0.38142,3070.5
2025-11-19 03:15:00,0.38119,0.38119,0.37982,0.37991,3165.7
2025-11-19 03:30:00,0.37983,0.37983,0.37738,0.37801,5699.4
2025-11-19 03:45:00,0.37776,0.37807,0.3765,0.37687,11590.4
2025-11-19 04:00:00,0.37675,0.37696,0.3759,0.37653,5063.9
2025-11-19 04:15:00,0.37714,0.37798,0.37639,0.37642,8442.8
2025-11-19 04:30:00,0.37652,0.37652,0.37483,0.37542,12590.0
2025-11-19 04:45:00,0.37544,0.37594,0.37514,0.37518,5842.9
2025-11-19 05:00:00,0.37472,0.3754,0.37319,0.37358,8781.7
2025-11-19 05:15:00,0.37366,0.37386,0.37144,0.37152,7557.1
2025-11-19 05:30:00,0.37163,0.37163,0.36786,0.36786,16288.9
2025-11-19 05:45:00,0.36749,0.36969,0.36733,0.36968,7787.1
2025-11-19 06:00:00,0.36892,0.37166,0.36865,0.37097,11769.4
2025-11-19 06:15:00,0.37119,0.37134,0.36986,0.36986,8260.9
2025-11-19 06:30:00,0.37183,0.3721,0.37141,0.3719,8017.5
2025-11-19 06:45:00,0.3718,0.37341,0.37109,0.3729,8507.4
2025-11-19 07:00:00,0.37287,0.37478,0.37287,0.37443,4879.3
2025-11-19 07:15:00,0.37392,0.3756,0.37362,0.37503,12057.4
2025-11-19 07:30:00,0.37424,0.37726,0.37424,0.37708,13580.9
2025-11-19 07:45:00,0.37717,0.37834,0.37717,0.37807,16759.8
2025-11-19 08:00:00,0.37821,0.37826,0.37747,0.37777,5380.5
2025-11-19 08:15:00,0.37796,0.37945,0.37705,0.37945,6708.3
2025-11-19 08:30:00,0.37949,0.38004,0.37806,0.37831,2277.4
2025-11-19 08:45:00,0.37852,0.37882,0.3782,0.37846,806.7
2025-11-19 09:00:00,0.3787,0.3787,0.37649,0.37851,2403.0
2025-11-19 09:15:00,0.37833,0.37863,0.37634,0.37689,8407.0
2025-11-19 09:30:00,0.37738,0.37973,0.37738,0.37973,1426.4
2025-11-19 09:45:00,0.37946,0.38192,0.37894,0.38168,11320.7
2025-11-19 10:00:00,0.38194,0.38455,0.38133,0.3838,15923.3
2025-11-19 10:15:00,0.38356,0.38356,0.38189,0.38296,8972.6
2025-11-19 10:30:00,0.38247,0.38255,0.38145,0.38206,1042.0
2025-11-19 10:45:00,0.3817,0.3817,0.37999,0.38008,2447.3
2025-11-19 11:00:00,0.38006,0.38101,0.37966,0.38101,735.2
2025-11-19 11:15:00,0.38119,0.38166,0.38036,0.38094,1882.1
2025-11-19 11:30:00,0.38053,0.38192,0.38053,0.3809,1051.2
2025-11-19 11:45:00,0.38085,0.38109,0.38016,0.38087,1585.2
2025-11-19 12:00:00,0.38072,0.38241,0.38057,0.38156,2378.0
2025-11-19 12:15:00,0.38165,0.38235,0.38101,0.38235,5248.1
2025-11-19 12:30:00,0.38222,0.38235,0.38073,0.38161,7104.3
2025-11-19 12:45:00,0.38193,0.38257,0.38136,0.38227,2758.4
2025-11-19 13:00:00,0.38231,0.38259,0.38133,0.38145,2099.4
2025-11-19 13:15:00,0.38182,0.38216,0.38002,0.38091,2023.0
2025-11-19 13:30:00,0.38104,0.38133,0.37874,0.37874,1849.2
2025-11-19 13:45:00,0.37883,0.3793,0.37704,0.37704,8900.5
2025-11-19 14:00:00,0.37694,0.37765,0.37424,0.37716,18100.2
2025-11-19 14:15:00,0.37669,0.37711,0.37184,0.37268,47908.1
2025-11-19 14:30:00,0.37239,0.37675,0.37239,0.37589,25655.7
2025-11-19 14:45:00,0.3755,0.3769,0.37466,0.37616,21921.4
2025-11-19 15:00:00,0.37676,0.38238,0.37676,0.38044,37231.5
2025-11-19 15:15:00,0.3806,0.3806,0.37351,0.3753,23396.7
2025-11-19 15:30:00,0.37459,0.37459,0.37183,0.37329,32682.1
2025-11-19 15:45:00,0.37183,0.37183,0.36855,0.36867,60270.4
2025-11-19 16:00:00,0.36914,0.37229,0.36914,0.37002,30823.5
2025-11-19 16:15:00,0.37073,0.37073,0.36559,0.36652,90878.3
2025-11-19 16:30:00,0.36682,0.36682,0.36379,0.36508,14545.3
2025-11-19 16:45:00,0.36539,0.36589,0.36302,0.36359,9997.9
2025-11-19 17:00:00,0.36364,0.36533,0.36065,0.36072,23196.2
2025-11-19 17:15:00,0.36162,0.36262,0.36004,0.36262,6878.1
2025-11-19 17:30:00,0.36185,0.3628,0.35696,0.36102,28295.3
2025-11-19 17:45:00,0.36098,0.36296,0.36018,0.36177,41077.1
2025-11-19 18:00:00,0.36163,0.36371,0.36102,0.36349,15454.7
2025-11-19 18:15:00,0.3625,0.3625,0.35592,0.35669,11427.4
2025-11-19 18:30:00,0.35737,0.35924,0.35573,0.35573,8829.5
2025-11-19 18:45:00,0.35575,0.35805,0.35517,0.35805,33310.0
2025-11-19 19:00:00,0.35839,0.35926,0.35696,0.35791,20059.0
2025-11-19 19:15:00,0.35756,0.35756,0.35573,0.35623,1438.1
2025-11-19 19:30:00,0.35641,0.35681,0.35546,0.35644,1754.8
2025-11-19 19:45:00,0.35654,0.35894,0.35597,0.35795,10522.3
2025-11-19 20:00:00,0.35797,0.35954,0.35743,0.35954,1391.0
2025-11-19 20:15:00,0.35964,0.36209,0.35848,0.36209,11631.9
2025-11-19 20:30:00,0.36224,0.36393,0.3604,0.36261,61425.4
2025-11-19 20:45:00,0.36306,0.36674,0.36243,0.36674,12628.6
2025-11-19 21:00:00,0.36733,0.36987,0.36604,0.36719,43944.7
2025-11-19 21:15:00,0.36822,0.37618,0.36791,0.37225,64478.8
2025-11-19 21:30:00,0.37231,0.37495,0.37231,0.37354,3549.0
2025-11-19 21:45:00,0.37431,0.37472,0.3735,0.37437,14523.5
2025-11-19 22:00:00,0.37454,0.37454,0.37211,0.37211,22455.2
2025-11-19 22:15:00,0.37189,0.37254,0.37038,0.37254,11965.4
2025-11-19 22:30:00,0.37188,0.37198,0.37095,0.37163,872.3
2025-11-19 22:45:00,0.37175,0.37243,0.37111,0.37213,11802.6
2025-11-19 23:00:00,0.37175,0.37618,0.37175,0.37618,13774.8
2025-11-19 23:15:00,0.3768,0.3768,0.37474,0.37505,3746.0
2025-11-19 23:30:00,0.37488,0.37504,0.37386,0.37389,1141.4
2025-11-19 23:45:00,0.3734,0.37502,0.3734,0.37488,6628.0
2025-11-20 00:00:00,0.37478,0.37478,0.37351,0.3742,6514.4
2025-11-20 00:15:00,0.3743,0.37563,0.37423,0.37507,5544.7
2025-11-20 00:30:00,0.37499,0.37624,0.37471,0.37555,7719.9
2025-11-20 00:45:00,0.37547,0.37577,0.37315,0.37315,4939.3
2025-11-20 01:00:00,0.37322,0.3751,0.37309,0.37391,6563.3
2025-11-20 01:15:00,0.37379,0.37449,0.37342,0.37394,8184.9
2025-11-20 01:30:00,0.37401,0.37503,0.37394,0.37503,8281.6
2025-11-20 01:45:00,0.375,0.37554,0.37418,0.37472,4737.6
2025-11-20 02:00:00,0.37479,0.37716,0.37479,0.37586,11815.3
2025-11-20 02:15:00,0.37578,0.37578,0.37457,0.37515,1972.0
2025-11-20 02:30:00,0.37521,0.37607,0.3751,0.37519,6064.7
2025-11-20 02:45:00,0.37558,0.37625,0.37534,0.3761,4537.6
2025-11-20 03:00:00,0.37618,0.3766,0.3757,0.37625,3860.4
2025-11-20 03:15:00,0.37617,0.37728,0.37567,0.37567,12379.2
2025-11-20 03:30:00,0.37565,0.37664,0.37555,0.37613,6600.3
2025-11-20 03:45:00,0.37605,0.37649,0.37579,0.3759,4828.0
2025-11-20 04:00:00,0.37582,0.37722,0.37582,0.37722,21730.1
2025-11-20 04:15:00,0.37701,0.37701,0.37565,0.37629,10227.5
2025-11-20 04:30:00,0.37626,0.37777,0.37611,0.37777,11390.8
2025-11-20 04:45:00,0.37782,0.38158,0.37774,0.38158,22429.3
2025-11-20 05:00:00,0.38189,0.38316,0.3809,0.38217,42665.1
2025-11-20 05:15:00,0.38226,0.38226,0.38049,0.38049,18538.8
2025-11-20 05:30:00,0.38066,0.38109,0.38037,0.38071,8571.8
2025-11-20 05:45:00,0.38075,0.38174,0.38075,0.38082,3790.2
2025-11-20 06:00:00,0.38089,0.38221,0.38071,0.38144,4067.0
2025-11-20 06:15:00,0.38126,0.38198,0.38093,0.38197,9076.8
2025-11-20 06:30:00,0.38198,0.38278,0.38104,0.38104,10327.3
2025-11-20 06:45:00,0.3815,0.38376,0.38024,0.38348,6023.4
2025-11-20 07:00:00,0.3835,0.38487,0.38253,0.38429,10469.4
2025-11-20 07:15:00,0.38487,0.38648,0.38451,0.38648,10995.7
2025-11-20 07:30:00,0.38633,0.38698,0.38532,0.38615,37558.2
2025-11-20 07:45:00,0.38644,0.38684,0.38619,0.38667,4265.7
2025-11-20 08:00:00,0.38701,0.38755,0.38573,0.38573,63593.7
2025-11-20 08:15:00,0.38566,0.38681,0.38483,0.38559,72466.5
2025-11-20 08:30:00,0.38552,0.38572,0.38434,0.38452,36505.7
2025-11-20 08:45:00,0.38473,0.38517,0.38425,0.38473,10710.1
2025-11-20 09:00:00,0.38526,0.38631,0.38492,0.38631,21535.1
2025-11-20 09:15:00,0.38553,0.38645,0.38528,0.38542,24731.1
2025-11-20 09:30:00,0.38552,0.3873,0.38552,0.38615,16937.8
2025-11-20 09:45:00,0.3859,0.3859,0.38414,0.38485,13041.5
2025-11-20 10:00:00,0.38504,0.38504,0.38227,0.38287,44933.0
2025-11-20 10:15:00,0.38309,0.38375,0.38219,0.38375,1091.2
2025-11-20 10:30:00,0.38384,0.38443,0.38217,0.38217,1232.1
2025-11-20 10:45:00,0.38256,0.38373,0.38236,0.38363,2991.7
2025-11-20 11:00:00,0.38369,0.38446,0.38299,0.38406,3231.3
2025-11-20 11:15:00,0.38377,0.38415,0.38194,0.38249,16239.4
2025-11-20 11:30:00,0.3825,0.38432,0.3825,0.38399,932.4
2025-11-20 11:45:00,0.38441,0.38596,0.38441,0.38554,1924.9
2025-11-20 12:00:00,0.38585,0.38706,0.38543,0.38543,2789.2
2025-11-20 12:15:00,0.38624,0.38931,0.38624,0.38896,8389.9
2025-11-20 12:30:00,0.38987,0.39208,0.38987,0.39148,43206.5
2025-11-20 12:45:00,0.39169,0.39475,0.39158,0.39445,9782.5
2025-11-20 13:00:00,0.3949,0.39493,0.39331,0.39486,18612.7
2025-11-20 13:15:00,0.39463,0.39525,0.39149,0.3916,11281.2
2025-11-20 13:30:00,0.39369,0.39676,0.38989,0.39007,95272.6
2025-11-20 13:45:00,0.38958,0.3931,0.38957,0.39018,24225.6
2025-11-20 14:00:00,0.39057,0.39065,0.38681,0.38821,19326.2
2025-11-20 14:15:00,0.38827,0.39468,0.38811,0.39468,73529.2
2025-11-20 14:30:00,0.39508,0.39704,0.3923,0.39417,39628.8
2025-11-20 14:45:00,0.39314,0.39491,0.39141,0.39491,7297.8
2025-11-20 15:00:00,0.39371,0.39371,0.38673,0.38985,111980.2
2025-11-20 15:15:00,0.38991,0.39319,0.38976,0.39231,72131.4
2025-11-20 15:30:00,0.39164,0.3933,0.39049,0.39201,49850.1
2025-11-20 15:45:00,0.39185,0.39206,0.38862,0.38862,61623.4
2025-11-20 16:00:00,0.389,0.38928,0.37667,0.37768,90391.3
2025-11-20 16:15:00,0.3773,0.38087,0.37345,0.37749,59100.7
2025-11-20 16:30:00,0.37642,0.37677,0.36979,0.36979,16027.7
2025-11-20 16:45:00,0.37139,0.37161,0.36571,0.36705,81301.2
2025-11-20 17:00:00,0.36754,0.36843,0.36225,0.36391,27751.3
2025-11-20 17:15:00,0.36318,0.36321,0.36064,0.36177,34570.1
2025-11-20 17:30:00,0.36214,0.3644,0.35983,0.3613,31547.2
2025-11-20 17:45:00,0.36165,0.36182,0.35731,0.35928,42233.2
2025-11-20 18:00:00,0.35919,0.36225,0.35663,0.36069,20603.3
2025-11-20 18:15:00,0.36161,0.36213,0.35794,0.35794,2001.8
2025-11-20 18:30:00,0.35835,0.35904,0.35585,0.35679,6828.2
2025-11-20 18:45:00,0.35651,0.35729,0.35458,0.35581,11194.2
2025-11-20 19:00:00,0.35495,0.35533,0.35185,0.35509,24748.0
2025-11-20 19:15:00,0.35367,0.35971,0.35362,0.35971,28735.6
2025-11-20 19:30:00,0.35901,0.35991,0.35812,0.35991,7722.7
2025-11-20 19:45:00,0.36024,0.36398,0.36,0.36311,10666.4
2025-11-20 20:00:00,0.36328,0.36328,0.35864,0.35864,10307.4
2025-11-20 20:15:00,0.35872,0.36266,0.35861,0.36266,1806.1
2025-11-20 20:30:00,0.36311,0.36379,0.35984,0.36065,7616.0
2025-11-20 20:45:00,0.35971,0.36066,0.35879,0.35879,5106.5
2025-11-20 21:00:00,0.35955,0.3618,0.35955,0.3609,2401.3
2025-11-20 21:15:00,0.36101,0.36667,0.36024,0.36348,25779.8
2025-11-20 21:30:00,0.36407,0.36785,0.36407,0.36785,8057.8
2025-11-20 21:45:00,0.36826,0.3693,0.36626,0.36675,8284.2
2025-11-20 22:00:00,0.36662,0.37241,0.36662,0.37192,9620.2
2025-11-20 22:15:00,0.3728,0.37495,0.3727,0.37418,23897.6
2025-11-20 22:30:00,0.37436,0.37568,0.37117,0.37176,5778.6
2025-11-20 22:45:00,0.37166,0.37305,0.37041,0.37125,1341.7
2025-11-20 23:00:00,0.37066,0.37115,0.36612,0.36663,9763.3
2025-11-20 23:15:00,0.36691,0.36773,0.36479,0.36507,9426.0
2025-11-20 23:30:00,0.36482,0.3656,0.36096,0.36253,8783.6
2025-11-20 23:45:00,0.36203,0.36249,0.35971,0.35971,6200.9
2025-11-21 00:00:00,0.36045,0.36248,0.36034,0.36179,11191.4
2025-11-21 00:15:00,0.36243,0.36338,0.36124,0.36264,8804.8
2025-11-21 00:30:00,0.36253,0.36501,0.36121,0.3635,4387.1
2025-11-21 00:45:00,0.36346,0.36531,0.36346,0.36515,2321.8
2025-11-21 01:00:00,0.36531,0.36669,0.36483,0.36515,6250.9
2025-11-21 01:15:00,0.36515,0.36808,0.36297,0.3673,7735.0
2025-11-21 01:30:00,0.367,0.367,0.36464,0.36559,1552.8
2025-11-21 01:45:00,0.36578,0.36654,0.3649,0.36554,10790.5
2025-11-21 02:00:00,0.36554,0.36566,0.36084,0.36094,13324.0
2025-11-21 02:15:00,0.36094,0.36358,0.35916,0.36284,7070.9
2025-11-21 02:30:00,0.36244,0.36244,0.35706,0.35706,6533.2
2025-11-21 02:45:00,0.35829,0.35969,0.35376,0.35473,12644.3
2025-11-21 03:00:00,0.35461,0.36116,0.35457,0.3577,19003.7
2025-11-21 03:15:00,0.35849,0.35861,0.35591,0.35844,9234.0
2025-11-21 03:30:00,0.35869,0.36156,0.35718,0.36146,11600.7
2025-11-21 03:45:00,0.36187,0.36267,0.36095,0.36095,12481.9
2025-11-21 04:00:00,0.36078,0.36078,0.35825,0.35874,10127.6
2025-11-21 04:15:00,0.35817,0.35849,0.35646,0.35671,5263.4
2025-11-21 04:30:00,0.35669,0.35735,0.35268,0.35683,8487.1
2025-11-21 04:45:00,0.3577,0.35919,0.35497,0.35814,6093.5
2025-11-21 05:00:00,0.35782,0.35923,0.35647,0.35792,6114.5
2025-11-21 05:15:00,0.35774,0.35876,0.35711,0.35711,1891.9
2025-11-21 05:30:00,0.35745,0.35762,0.35337,0.35402,6376.5
2025-11-21 05:45:00,0.35407,0.35457,0.35193,0.35237,9427.0
2025-11-21 06:00:00,0.35285,0.35443,0.35133,0.35443,4621.5
2025-11-21 06:15:00,0.353,0.353,0.35109,0.35189,154985.6
2025-11-21 06:30:00,0.3517,0.3533,0.35084,0.35307,321511.0
2025-11-21 06:45:00,0.35257,0.35381,0.35236,0.35276,778.5
2025-11-21 07:00:00,0.35224,0.3527,0.35089,0.3506,2201.7
2025-11-21 07:15:00,0.35152,0.35152,0.34773,0.34855,133124.3
2025-11-21 07:30:00,0.34863,0.34899,0.31645,0.33728,361809.9
2025-11-21 07:45:00,0.33515,0.33586,0.33177,0.33343,104099.0
2025-11-21 08:00:00,0.33342,0.339,0.33148,0.33667,353327.9
2025-11-21 08:15:00,0.33606,0.33639,0.33369,0.33369,115273.3
2025-11-21 08:30:00,0.33429,0.33532,0.33199,0.33216,44855.9
2025-11-21 08:45:00,0.33217,0.33477,0.33177,0.33353,92424.1
2025-11-21 09:00:00,0.33376,0.33527,0.3329,0.3335,16014.5
2025-11-21 09:15:00,0.33268,0.33268,0.32884,0.32884,11629.2
2025-11-21 09:30:00,0.32835,0.32924,0.32729,0.32824,22321.9
2025-11-21 09:45:00,0.32774,0.32842,0.3267,0.32735,3385.7
2025-11-21 10:00:00,0.32771,0.33191,0.32546,0.32965,21785.1
2025-11-21 10:15:00,0.33002,0.33194,0.32918,0.32981,46677.6
2025-11-21 10:30:00,0.32948,0.33177,0.32816,0.32816,7420.5
2025-11-21 10:45:00,0.32854,0.32859,0.32651,0.32651,107027.4
2025-11-21 11:00:00,0.32678,0.32923,0.32617,0.32754,15244.5
2025-11-21 11:15:00,0.32738,0.32767,0.32545,0.32547,16472.1
2025-11-21 11:30:00,0.32498,0.32589,0.32156,0.32251,136878.9
2025-11-21 11:45:00,0.32285,0.32285,0.31965,0.32103,30448.9
2025-11-21 12:00:00,0.32108,0.32162,0.31904,0.32085,12243.6
2025-11-21 12:15:00,0.32028,0.32028,0.31184,0.31297,180470.4
2025-11-21 12:30:00,0.31434,0.32587,0.31434,0.32587,565462.4
2025-11-21 12:45:00,0.32557,0.32745,0.32248,0.32327,157021.8
2025-11-21 13:00:00,0.32326,0.32413,0.32124,0.32327,97514.5
2025-11-21 13:15:00,0.32359,0.32534,0.32127,0.32127,6272.1
2025-11-21 13:30:00,0.32148,0.32463,0.32082,0.32462,6640.2
2025-11-21 13:45:00,0.32423,0.32478,0.32175,0.32175,360560.2
2025-11-21 14:00:00,0.3219,0.32237,0.32,0.32025,12301.5
2025-11-21 14:15:00,0.32,0.32057,0.31877,0.3197,15017.5
2025-11-21 14:30:00,0.321,0.32777,0.321,0.32519,71725.1
2025-11-21 14:45:00,0.32459,0.32601,0.32285,0.32541,14389.8
2025-11-21 15:00:00,0.32446,0.32458,0.31947,0.32018,56891.8
2025-11-21 15:15:00,0.32029,0.32059,0.31783,0.3189,24758.0
2025-11-21 15:30:00,0.31925,0.31933,0.31376,0.31518,24448.7
2025-11-21 15:45:00,0.31587,0.31638,0.31194,0.31249,25494.0
2025-11-21 16:00:00,0.31312,0.31312,0.30743,0.30947,185149.6
2025-11-21 16:15:00,0.30987,0.31207,0.30695,0.31106,90000.2
2025-11-21 16:30:00,0.31107,0.31365,0.30878,0.30878,27363.5
2025-11-21 16:45:00,0.30859,0.31818,0.30712,0.31815,96406.1
2025-11-21 17:00:00,0.31814,0.32304,0.3174,0.32007,102981.2
2025-11-21 17:15:00,0.3223,0.32231,0.31984,0.32005,116950.3
2025-11-21 17:30:00,0.32088,0.324,0.32088,0.324,5272.0
2025-11-21 17:45:00,0.324,0.32442,0.31908,0.31965,93327.8
2025-11-21 18:00:00,0.31915,0.31982,0.31146,0.31146,66958.8
2025-11-21 18:15:00,0.31175,0.31286,0.31067,0.31273,55831.5
2025-11-21 18:30:00,0.31193,0.31684,0.31168,0.31654,22031.6
2025-11-21 18:45:00,0.31644,0.31969,0.31512,0.31793,32527.7
2025-11-21 19:00:00,0.31811,0.31811,0.31496,0.3157,22143.0
2025-11-21 19:15:00,0.31543,0.31834,0.31543,0.31797,25540.0
2025-11-21 19:30:00,0.31796,0.31796,0.31321,0.31346,64772.1
2025-11-21 19:45:00,0.31393,0.31428,0.31146,0.31148,25581.3
2025-11-21 20:00:00,0.31175,0.31175,0.30686,0.30891,56216.7
2025-11-21 20:15:00,0.30912,0.30912,0.30383,0.30383,393926.6
2025-11-21 20:30:00,0.30402,0.30638,0.30392,0.30566,8182.4
2025-11-21 20:45:00,0.30611,0.30696,0.30368,0.30496,35566.2
2025-11-21 21:00:00,0.30514,0.30514,0.30225,0.30314,16937.0
2025-11-21 21:15:00,0.30384,0.30892,0.30348,0.30839,17868.8
2025-11-21 21:30:00,0.30789,0.31013,0.3062,0.30922,34291.0
2025-11-21 21:45:00,0.30919,0.30971,0.30764,0.3081,10351.1
2025-11-21 22:00:00,0.30809,0.30887,0.30726,0.3077,15255.2
2025-11-21 22:15:00,0.30813,0.30846,0.30461,0.30461,16314.4
2025-11-21 22:30:00,0.30443,0.30443,0.30008,0.30112,51456.9
2025-11-21 22:45:00,0.30211,0.30211,0.29614,0.29697,103934.8
2025-11-21 23:00:00,0.29668,0.29682,0.29254,0.29656,70224.1
2025-11-21 23:15:00,0.29715,0.30327,0.29707,0.30327,92726.0
2025-11-21 23:30:00,0.30357,0.30641,0.303,0.30641,36684.9
2025-11-21 23:45:00,0.3066,0.30773,0.30646,0.30773,24326.0
2025-11-22 00:00:00,0.30799,0.30878,0.30615,0.30708,16783.2
2025-11-22 00:15:00,0.30642,0.30642,0.30222,0.30251,15645.7
2025-11-22 00:30:00,0.30227,0.30425,0.30217,0.30343,13649.3
2025-11-22 00:45:00,0.30285,0.30421,0.30243,0.30373,36396.0
2025-11-22 01:00:00,0.30471,0.3066,0.30471,0.30585,15434.2
2025-11-22 01:15:00,0.30523,0.30632,0.3051,0.30562,3731.5
2025-11-22 01:30:00,0.30599,0.30724,0.30552,0.30603,7888.6
2025-11-22 01:45:00,0.30633,0.30851,0.30633,0.30796,6361.3
2025-11-22 02:00:00,0.30827,0.30842,0.30654,0.307,5544.2
2025-11-22 02:15:00,0.3063,0.30739,0.30464,0.30613,11980.2
2025-11-22 02:30:00,0.30574,0.30574,0.30346,0.30382,4804.3
2025-11-22 02:45:00,0.30479,0.30599,0.30402,0.30599,3810.0
2025-11-22 03:00:00,0.30584,0.30638,0.30464,0.30582,8935.2
2025-11-22 03:15:00,0.30602,0.30629,0.30308,0.30308,2886.0
2025-11-22 03:30:00,0.30363,0.30416,0.30195,0.30338,7445.8
2025-11-22 03:45:00,0.30332,0.30355,0.30268,0.30268,3329.7
2025-11-22 04:00:00,0.30288,0.30288,0.29707,0.29747,33954.6
2025-11-22 04:15:00,0.29786,0.29869,0.29602,0.29799,6250.5
2025-11-22 04:30:00,0.29791,0.29806,0.29045,0.2912,142241.2
2025-11-22 04:45:00,0.29152,0.29657,0.29152,0.29515,359570.4
2025-11-22 05:00:00,0.29554,0.29576,0.2923,0.29396,23785.9
2025-11-22 05:15:00,0.29236,0.29249,0.29082,0.29239,55718.1
2025-11-22 05:30:00,0.29282,0.29282,0.28725,0.28876,37816.2
2025-11-22 05:45:00,0.29007,0.2922,0.28925,0.29136,17931.2
2025-11-22 06:00:00,0.29154,0.29234,0.28875,0.29234,6304.9
2025-11-22 06:15:00,0.29194,0.29649,0.29194,0.29521,26445.0
2025-11-22 06:30:00,0.29558,0.30019,0.29558,0.29915,101646.3
2025-11-22 06:45:00,0.29985,0.30096,0.29985,0.30024,3293.8
2025-11-22 07:00:00,0.30038,0.3013,0.29947,0.29947,8961.3
2025-11-22 07:15:00,0.30021,0.30163,0.29876,0.29945,42583.9
2025-11-22 07:30:00,0.29995,0.30308,0.29896,0.30235,19664.0
2025-11-22 07:45:00,0.30172,0.30302,0.30072,0.30284,40995.2
2025-11-22 08:00:00,0.30293,0.30302,0.30164,0.30164,30657.0
2025-11-22 08:15:00,0.30156,0.30175,0.29852,0.2993,14017.2
2025-11-22 08:30:00,0.29939,0.29939,0.29696,0.29803,21169.4
2025-11-22 08:45:00,0.29808,0.29893,0.29618,0.29681,44132.0
2025-11-22 09:00:00,0.29674,0.30035,0.29674,0.30035,44328.5
2025-11-22 09:15:00,0.29996,0.29996,0.29722,0.29742,24473.4
2025-11-22 09:30:00,0.29731,0.30288,0.29703,0.30158,15774.9
2025-11-22 09:45:00,0.3015,0.3027,0.30134,0.30139,7005.1
2025-11-22 10:00:00,0.30138,0.30332,0.30138,0.30189,25194.8
2025-11-22 10:15:00,0.30202,0.30202,0.29855,0.299,39561.6
2025-11-22 10:30:00,0.29892,0.29959,0.2979,0.29805,74602.6
2025-11-22 10:45:00,0.29913,0.29921,0.29755,0.29906,11610.0
2025-11-22 11:00:00,0.29998,0.30145,0.29902,0.30145,4331.6
2025-11-22 11:15:00,0.30145,0.30191,0.2995,0.30191,4461.9
2025-11-22 11:30:00,0.30119,0.3012,0.30027,0.30049,7427.2
2025-11-22 11:45:00,0.30067,0.30067,0.29922,0.29933,3761.9
2025-11-22 12:00:00,0.29929,0.29934,0.29614,0.29696,115206.4
2025-11-22 12:15:00,0.29711,0.29787,0.29587,0.29606,7475.3
2025-11-22 12:30:00,0.29655,0.29804,0.29655,0.29662,22990.6
2025-11-22 12:45:00,0.29647,0.29792,0.29628,0.2972,11175.1
2025-11-22 13:00:00,0.29719,0.29817,0.29488,0.29746,29135.1
2025-11-22 13:15:00,0.29767,0.29767,0.2961,0.29647,3911.5
2025-11-22 13:30:00,0.29651,0.29659,0.2944,0.29568,6150.6
2025-11-22 13:45:00,0.29579,0.29778,0.29579,0.29778,15822.7
2025-11-22 14:00:00,0.29764,0.30108,0.29764,0.30087,19971.5
2025-11-22 14:15:00,0.30047,0.30319,0.30047,0.30197,41273.3
2025-11-22 14:30:00,0.30204,0.30297,0.30123,0.3013,12601.1
2025-11-22 14:45:00,0.301,0.30276,0.3,0.30275,7269.5
2025-11-22 15:00:00,0.30288,0.30288,0.3016,0.30196,18200.9
2025-11-22 15:15:00,0.30225,0.30386,0.30208,0.30255,6562.9
2025-11-22 15:30:00,0.3024,0.3024,0.29641,0.29656,21939.7
2025-11-22 15:45:00,0.29622,0.29746,0.29587,0.29692,26132.8
2025-11-22 16:00:00,0.29731,0.30078,0.2971,0.29982,11439.2
2025-11-22 16:15:00,0.30001,0.30001,0.2986,0.29864,29507.1
2025-11-22 16:30:00,0.2989,0.30071,0.29883,0.30071,3854.4
2025-11-22 16:45:00,0.3013,0.30156,0.29942,0.30015,20052.7
2025-11-22 17:00:00,0.29982,0.30036,0.2986,0.29866,28273.3
2025-11-22 17:15:00,0.29866,0.29987,0.29828,0.29967,3183.0
2025-11-22 17:30:00,0.30014,0.30075,0.29889,0.29915,52333.8
2025-11-22 17:45:00,0.29894,0.29975,0.29837,0.29965,30909.2
2025-11-22 18:00:00,0.29948,0.30031,0.2989,0.30003,27726.2
2025-11-22 18:15:00,0.29972,0.30009,0.29937,0.30009,3521.5
2025-11-22 18:30:00,0.30008,0.30008,0.29783,0.29902,4315.0
2025-11-22 18:45:00,0.29892,0.30081,0.29892,0.2993,3045.5
2025-11-22 19:00:00,0.29972,0.30079,0.29949,0.30003,7292.2
2025-11-22 19:15:00,0.30052,0.30071,0.29866,0.29866,3843.3
2025-11-22 19:30:00,0.29873,0.29915,0.29802,0.29802,4346.7
2025-11-22 19:45:00,0.29815,0.29951,0.29815,0.29866,18770.1
2025-11-22 20:00:00,0.29911,0.3013,0.29911,0.3013,21595.6
2025-11-22 20:15:00,0.30118,0.30208,0.30096,0.30167,41103.1
2025-11-22 20:30:00,0.30086,0.30086,0.29835,0.29864,8591.5
2025-11-22 20:45:00,0.29906,0.29927,0.29697,0.298,6334.9
2025-11-22 21:00:00,0.29799,0.29999,0.29799,0.29886,2459.8
2025-11-22 21:15:00,0.29895,0.30054,0.29875,0.30035,5296.0
2025-11-22 21:30:00,0.30044,0.30084,0.29965,0.30056,5594.2
2025-11-22 21:45:00,0.30076,0.30089,0.3,0.30052,4445.9
2025-11-22 22:00:00,0.3007,0.3007,0.29884,0.3007,2459.9
2025-11-22 22:15:00,0.3013,0.30205,0.29999,0.29999,17329.7
2025-11-22 22:30:00,0.29978,0.30167,0.29978,0.30126,1529.9
2025-11-22 22:45:00,0.30155,0.30638,0.30155,0.30517,48707.5
2025-11-22 23:00:00,0.3052,0.30524,0.3028,0.3031,9003.1
2025-11-22 23:15:00,0.30336,0.30352,0.30123,0.30163,4430.4
2025-11-22 23:30:00,0.30159,0.30336,0.30159,0.30268,15587.2
2025-11-22 23:45:00,0.30258,0.30272,0.30186,0.30225,5994.2
2025-11-23 00:00:00,0.30237,0.30342,0.30237,0.30285,33798.2
2025-11-23 00:15:00,0.30284,0.30442,0.30284,0.30318,3639.9
2025-11-23 00:30:00,0.30285,0.30285,0.3013,0.30201,7433.9
2025-11-23 00:45:00,0.30201,0.30207,0.30096,0.30197,30803.0
2025-11-23 01:00:00,0.30261,0.3043,0.30258,0.3043,32644.3
2025-11-23 01:15:00,0.30459,0.30499,0.3042,0.30499,30079.4
2025-11-23 01:30:00,0.30514,0.30743,0.30514,0.30743,35325.6
2025-11-23 01:45:00,0.30761,0.3078,0.30597,0.30614,85730.9
2025-11-23 02:00:00,0.30704,0.3072,0.30516,0.30544,122509.4
2025-11-23 02:15:00,0.30593,0.30787,0.30575,0.30779,29803.1
2025-11-23 02:30:00,0.3068,0.30745,0.30672,0.30674,20114.1
2025-11-23 02:45:00,0.30762,0.30794,0.30596,0.30627,27884.4
2025-11-23 03:00:00,0.30619,0.30621,0.30446,0.30446,11469.1
2025-11-23 03:15:00,0.30408,0.30451,0.30308,0.30369,57198.3
2025-11-23 03:30:00,0.30338,0.30441,0.30338,0.30405,16060.6
2025-11-23 03:45:00,0.30404,0.3042,0.30319,0.3042,36077.8
2025-11-23 04:00:00,0.3048,0.30623,0.30432,0.30615,40967.0
2025-11-23 04:15:00,0.30555,0.30763,0.30545,0.30545,7956.5
2025-11-23 04:30:00,0.30538,0.30628,0.30506,0.3052,3757.8
2025-11-23 04:45:00,0.30548,0.30687,0.30548,0.30654,3255.7
2025-11-23 05:00:00,0.30654,0.30672,0.3058,0.30641,18342.5
2025-11-23 05:15:00,0.3065,0.30765,0.3065,0.30692,3128.6
2025-11-23 05:30:00,0.30698,0.30754,0.30642,0.30642,2652.5
2025-11-23 05:45:00,0.30659,0.3074,0.30642,0.30703,3378.6
2025-11-23 06:00:00,0.30672,0.30742,0.30564,0.30564,5063.0
2025-11-23 06:15:00,0.30525,0.30588,0.30426,0.30435,32206.6
2025-11-23 06:30:00,0.30453,0.30453,0.30346,0.30395,3376.6
2025-11-23 06:45:00,0.30397,0.30397,0.30283,0.30333,3137.0
2025-11-23 07:00:00,0.30343,0.30377,0.30182,0.30364,35134.0
2025-11-23 07:15:00,0.30338,0.30338,0.30008,0.30036,38962.0
2025-11-23 07:30:00,0.30062,0.30236,0.30062,0.30194,3665.2
2025-11-23 07:45:00,0.30194,0.3031,0.30178,0.30305,2969.2
2025-11-23 08:00:00,0.30286,0.3037,0.30286,0.30308,4023.8
2025-11-23 08:15:00,0.30284,0.30322,0.30244,0.30319,19652.2
2025-11-23 08:30:00,0.30249,0.30296,0.30216,0.30225,4595.0
2025-11-23 08:45:00,0.30243,0.30385,0.30243,0.30348,3481.9
2025-11-23 09:00:00,0.30335,0.30356,0.30268,0.30331,17443.1
2025-11-23 09:15:00,0.30337,0.30416,0.30306,0.30306,19215.5
2025-11-23 09:30:00,0.30327,0.30476,0.30327,0.3046,2909.0
2025-11-23 09:45:00,0.30438,0.30442,0.30393,0.30394,21199.5
2025-11-23 10:00:00,0.30406,0.30453,0.30348,0.3039,18568.5
2025-11-23 10:15:00,0.30431,0.30431,0.30303,0.30342,23733.0
2025-11-23 10:30:00,0.30338,0.30465,0.30321,0.30434,25641.9
2025-11-23 10:45:00,0.30449,0.30557,0.30449,0.30528,6322.7
2025-11-23 11:00:00,0.30487,0.30517,0.30366,0.30366,4212.5
2025-11-23 11:15:00,0.30423,0.30533,0.30305,0.30472,7383.5
2025-11-23 11:30:00,0.30484,0.3064,0.30482,0.3064,21526.8
2025-11-23 11:45:00,0.30659,0.30723,0.30631,0.30671,6847.3
2025-11-23 12:00:00,0.3069,0.30753,0.30646,0.30753,4538.0
2025-11-23 12:15:00,0.30737,0.30837,0.30737,0.30775,14421.9
2025-11-23 12:30:00,0.30767,0.30828,0.30606,0.30662,9570.6
2025-11-23 12:45:00,0.3065,0.30658,0.30566,0.3057,4758.2
2025-11-23 13:00:00,0.30605,0.30702,0.30553,0.30574,21684.2
2025-11-23 13:15:00,0.30582,0.30659,0.30533,0.3058,11915.9
2025-11-23 13:30:00,0.30599,0.30614,0.30519,0.30609,6996.8
2025-11-23 13:45:00,0.30653,0.3076,0.30621,0.30736,3815.0
2025-11-23 14:00:00,0.30764,0.30905,0.30604,0.30604,36362.5
2025-11-23 14:15:00,0.30603,0.30645,0.30525,0.3056,30780.3
2025-11-23 14:30:00,0.30518,0.30535,0.30443,0.30499,30074.0
2025-11-23 14:45:00,0.30477,0.30557,0.30306,0.3033,14353.0
2025-11-23 15:00:00,0.30366,0.30419,0.30296,0.30416,42159.3
2025-11-23 15:15:00,0.30437,0.30456,0.3034,0.30407,13365.8
2025-11-23 15:30:00,0.30416,0.30752,0.30416,0.30721,64302.7
2025-11-23 15:45:00,0.30735,0.30795,0.30645,0.30723,35362.3
2025-11-23 16:00:00,0.30726,0.30783,0.30614,0.30642,32633.0
2025-11-23 16:15:00,0.30654,0.30667,0.30571,0.30571,22169.6
2025-11-23 16:30:00,0.30575,0.30753,0.30556,0.30744,14392.2
2025-11-23 16:45:00,0.30708,0.30735,0.30366,0.30366,50480.7
2025-11-23 17:00:00,0.3041,0.30452,0.30359,0.30424,3656.2
2025-11-23 17:15:00,0.30389,0.30389,0.30219,0.30372,18187.1
2025-11-23 17:30:00,0.30318,0.30408,0.30261,0.30408,32850.4
2025-11-23 17:45:00,0.30375,0.30375,0.3015,0.30237,25252.7
2025-11-23 18:00:00,0.30242,0.30322,0.30219,0.30272,6393.2
2025-11-23 18:15:00,0.30282,0.30436,0.30269,0.30299,36504.5
2025-11-23 18:30:00,0.30298,0.30545,0.30288,0.30513,25813.5
2025-11-23 18:45:00,0.30442,0.30442,0.3038,0.30415,21349.4
2025-11-23 19:00:00,0.3042,0.3059,0.30419,0.30568,20852.7
2025-11-23 19:15:00,0.30588,0.30725,0.30587,0.30684,9481.3
2025-11-23 19:30:00,0.30665,0.30778,0.30665,0.3071,5193.2
2025-11-23 19:45:00,0.30711,0.30764,0.3059,0.3059,30925.3
2025-11-23 20:00:00,0.30624,0.30714,0.3058,0.30628,21629.6
2025-11-23 20:15:00,0.30656,0.30705,0.30608,0.3069,44147.3
2025-11-23 20:30:00,0.30652,0.30652,0.30563,0.30628,13223.8
2025-11-23 20:45:00,0.30607,0.30607,0.30569,0.30577,16128.9
2025-11-23 21:00:00,0.30545,0.30642,0.30467,0.30503,30292.9
2025-11-23 21:15:00,0.30512,0.30691,0.30512,0.30691,17497.3
2025-11-23 21:30:00,0.30702,0.30702,0.30586,0.30586,38233.5
2025-11-23 21:45:00,0.30546,0.30765,0.3052,0.30721,18303.4
2025-11-23 22:00:00,0.30676,0.30719,0.30488,0.30532,25094.0
2025-11-23 22:15:00,0.30511,0.30602,0.30479,0.30584,12093.3
2025-11-23 22:30:00,0.30574,0.30574,0.30464,0.30494,2949.9
2025-11-23 22:45:00,0.30512,0.30633,0.30512,0.30633,3264.2
2025-11-23 23:00:00,0.3063,0.30688,0.30345,0.30417,28557.5
2025-11-23 23:15:00,0.30413,0.30413,0.30152,0.30254,21747.0
2025-11-23 23:30:00,0.30274,0.3028,0.30128,0.30213,7088.3
2025-11-23 23:45:00,0.30199,0.30235,0.30061,0.30124,11614.6
2025-11-24 00:00:00,0.30067,0.30076,0.29853,0.29863,40919.2
2025-11-24 00:15:00,0.29916,0.3013,0.29821,0.30095,9729.4
2025-11-24 00:30:00,0.3003,0.30228,0.3002,0.30156,5565.7
2025-11-24 00:45:00,0.30129,0.30365,0.30059,0.30124,41143.5
2025-11-24 01:00:00,0.30099,0.30198,0.30072,0.30107,9574.9
2025-11-24 01:15:00,0.30112,0.30161,0.3003,0.30119,3034.7
2025-11-24 01:30:00,0.30098,0.30098,0.29961,0.29988,2742.3
2025-11-24 01:45:00,0.29975,0.30275,0.29975,0.30275,7345.7
2025-11-24 02:00:00,0.3022,0.30798,0.3022,0.30785,29631.1
2025-11-24 02:15:00,0.30878,0.31077,0.30822,0.30914,98486.4
2025-11-24 02:30:00,0.30876,0.30876,0.30655,0.30733,2594.9
2025-11-24 02:45:00,0.30781,0.30781,0.30672,0.30769,19356.8
2025-11-24 03:00:00,0.30828,0.30847,0.30708,0.30715,19838.0
2025-11-24 03:15:00,0.30775,0.31205,0.30775,0.30943,65470.1
2025-11-24 03:30:00,0.30963,0.31102,0.30932,0.30945,3738.2
2025-11-24 03:45:00,0.30999,0.31022,0.30918,0.30924,65189.5
2025-11-24 04:00:00,0.3097,0.31094,0.30924,0.30943,8610.5
2025-11-24 04:15:00,0.30892,0.30912,0.30361,0.30453,21801.4
2025-11-24 04:30:00,0.30475,0.30679,0.30469,0.30621,34723.6
2025-11-24 04:45:00,0.30629,0.30634,0.30535,0.30554,4238.0
2025-11-24 05:00:00,0.30545,0.31182,0.30519,0.31182,14180.0
2025-11-24 05:15:00,0.31218,0.31371,0.31218,0.31248,57200.3
2025-11-24 05:30:00,0.31299,0.31299,0.31079,0.31115,5415.2
2025-11-24 05:45:00,0.31136,0.31136,0.31023,0.31064,3655.8
2025-11-24 06:00:00,0.31091,0.31091,0.30699,0.30699,37234.9
2025-11-24 06:15:00,0.30772,0.30907,0.30745,0.30785,2639.5
2025-11-24 06:30:00,0.30732,0.30826,0.30691,0.30751,4658.0
2025-11-24 06:45:00,0.30741,0.30826,0.3066,0.30817,12893.5
2025-11-24 07:00:00,0.30789,0.30789,0.30631,0.30683,22574.9
2025-11-24 07:15:00,0.30694,0.3082,0.3066,0.30704,6799.5
2025-11-24 07:30:00,0.30702,0.3089,0.30696,0.3089,16971.3
2025-11-24 07:45:00,0.30842,0.30842,0.3066,0.30691,11498.9
2025-11-24 08:00:00,0.30682,0.30752,0.30619,0.30752,9525.2
2025-11-24 08:15:00,0.30768,0.30818,0.30723,0.30723,1167.2
2025-11-24 08:30:00,0.30732,0.3077,0.30693,0.30729,2745.3
2025-11-24 08:45:00,0.30712,0.30895,0.30684,0.30829,26172.6
2025-11-24 09:00:00,0.30845,0.30845,0.30516,0.30543,5319.2
2025-11-24 09:15:00,0.3052,0.3052,0.30141,0.30179,36151.4
2025-11-24 09:30:00,0.30227,0.30396,0.30227,0.30266,4153.6
2025-11-24 09:45:00,0.30283,0.30286,0.30214,0.30246,1303.5
2025-11-24 10:00:00,0.30216,0.30371,0.30211,0.30294,1067.8
2025-11-24 10:15:00,0.30293,0.30397,0.30293,0.30395,1170.3
2025-11-24 10:30:00,0.30305,0.30437,0.30285,0.3038,8289.3
2025-11-24 10:45:00,0.30373,0.30435,0.30342,0.30391,12411.0
2025-11-24 11:00:00,0.30396,0.30442,0.30273,0.30419,9700.9
2025-11-24 11:15:00,0.304,0.30452,0.30372,0.30429,11319.3
2025-11-24 11:30:00,0.30459,0.30585,0.30436,0.30506,12257.4
2025-11-24 11:45:00,0.30525,0.30603,0.30504,0.30603,25558.1
2025-11-24 12:00:00,0.30546,0.30612,0.30443,0.30461,15099.7
2025-11-24 12:15:00,0.30481,0.30579,0.30479,0.30537,7428.8
2025-11-24 12:30:00,0.30574,0.3062,0.30382,0.30382,22156.5
2025-11-24 12:45:00,0.30405,0.30447,0.30251,0.30358,132299.1
2025-11-24 13:00:00,0.30339,0.30708,0.30331,0.30561,49128.9
2025-11-24 13:15:00,0.30577,0.3065,0.30513,0.30636,10337.1
2025-11-24 13:30:00,0.30616,0.30765,0.30606,0.30751,12068.6
2025-11-24 13:45:00,0.30743,0.30772,0.30538,0.30549,8861.2
2025-11-24 14:00:00,0.30496,0.3052,0.30444,0.30457,9797.7
2025-11-24 14:15:00,0.30446,0.30489,0.30312,0.30312,12885.9
2025-11-24 14:30:00,0.30342,0.30989,0.30342,0.3036,168973.3
2025-11-24 14:45:00,0.30355,0.30775,0.30236,0.30775,26254.6
2025-11-24 15:00:00,0.3084,0.3099,0.30694,0.30869,69182.0
2025-11-24 15:15:00,0.30858,0.30872,0.3069,0.30805,5504.2
2025-11-24 15:30:00,0.30762,0.31143,0.30731,0.31131,23627.1
2025-11-24 15:45:00,0.31146,0.31323,0.31056,0.31127,25282.5
2025-11-24 16:00:00,0.31133,0.31426,0.31133,0.31264,49427.0
2025-11-24 16:15:00,0.31316,0.31575,0.31316,0.3144,100490.8
2025-11-24 16:30:00,0.3147,0.31505,0.31384,0.31446,2058.5
2025-11-24 16:45:00,0.31465,0.31566,0.31355,0.31412,8639.3
2025-11-24 17:00:00,0.31435,0.31533,0.31407,0.31416,8630.8
2025-11-24 17:15:00,0.31435,0.31993,0.31416,0.31921,94518.4
2025-11-24 17:30:00,0.31952,0.32104,0.31924,0.32064,25973.0
2025-11-24 17:45:00,0.32005,0.32344,0.32005,0.32343,16309.0
2025-11-24 18:00:00,0.32343,0.32479,0.32276,0.32395,37501.4
2025-11-24 18:15:00,0.32309,0.32394,0.32237,0.32237,19332.5
2025-11-24 18:30:00,0.32237,0.32264,0.32162,0.322,53033.7
2025-11-24 18:45:00,0.32229,0.32295,0.3216,0.32203,12962.4
2025-11-24 19:00:00,0.32175,0.32368,0.32175,0.32266,30815.4
2025-11-24 19:15:00,0.32241,0.32322,0.32238,0.32287,11954.2
2025-11-24 19:30:00,0.32286,0.32286,0.32078,0.32103,8825.1
2025-11-24 19:45:00,0.32096,0.32156,0.32063,0.32077,3937.9
2025-11-24 20:00:00,0.32076,0.32376,0.32052,0.32287,21624.5
2025-11-24 20:15:00,0.32238,0.32325,0.32186,0.32325,8191.7
2025-11-24 20:30:00,0.32254,0.32401,0.32254,0.32344,8440.9
2025-11-24 20:45:00,0.32373,0.32431,0.32321,0.32344,12453.7
2025-11-24 21:00:00,0.32307,0.32404,0.32303,0.32404,29522.9
2025-11-24 21:15:00,0.32354,0.32376,0.32303,0.32303,1274.7
2025-11-24 21:30:00,0.3231,0.32376,0.3214,0.32148,1701.6
2025-11-24 21:45:00,0.3211,0.32133,0.32048,0.32123,6763.5
2025-11-24 22:00:00,0.32132,0.32361,0.32132,0.32223,18747.9
2025-11-24 22:15:00,0.3214,0.32169,0.32079,0.32099,22146.7
2025-11-24 22:30:00,0.32135,0.32135,0.32036,0.32057,19366.8
2025-11-24 22:45:00,0.32057,0.32063,0.31965,0.32063,49928.7
2025-11-24 23:00:00,0.32058,0.32078,0.32006,0.32068,1291.6
2025-11-24 23:15:00,0.32068,0.32101,0.32029,0.32038,2488.9
2025-11-24 23:30:00,0.32011,0.32033,0.31929,0.31971,1519.5
2025-11-24 23:45:00,0.31958,0.31958,0.31819,0.31836,2296.0
2025-11-25 00:00:00,0.31834,0.3188,0.31775,0.31859,3876.1
2025-11-25 00:15:00,0.31838,0.31894,0.31747,0.31747,7532.4
2025-11-25 00:30:00,0.31783,0.31885,0.31709,0.31852,4325.1
2025-11-25 00:45:00,0.31915,0.31917,0.3178,0.31849,7637.2
2025-11-25 01:00:00,0.31852,0.32023,0.31825,0.31993,4943.5
2025-11-25 01:15:00,0.32012,0.32043,0.31913,0.31997,5859.5
2025-11-25 01:30:00,0.31918,0.3196,0.31874,0.31933,5106.5
2025-11-25 01:45:00,0.31933,0.31933,0.31728,0.31728,7772.5
2025-11-25 02:00:00,0.317,0.31843,0.31624,0.31756,4414.6
2025-11-25 02:15:00,0.31733,0.3177,0.31547,0.31547,8832.5
2025-11-25 02:30:00,0.31563,0.31682,0.3153,0.31682,2205.6
2025-11-25 02:45:00,0.31718,0.3185,0.31691,0.3185,16102.7
2025-11-25 03:00:00,0.31822,0.31908,0.31787,0.31791,5433.1
2025-11-25 03:15:00,0.31822,0.31912,0.31812,0.31905,17446.7
2025-11-25 03:30:00,0.31878,0.31878,0.31637,0.31677,11213.5
2025-11-25 03:45:00,0.31649,0.31725,0.31603,0.31725,3097.3
2025-11-25 04:00:00,0.3172,0.31845,0.31678,0.31845,5642.8
2025-11-25 04:15:00,0.31848,0.31884,0.31568,0.31639,7389.3
2025-11-25 04:30:00,0.31644,0.31711,0.3162,0.31628,1656.6
2025-11-25 04:45:00,0.31617,0.3172,0.31607,0.31677,1437.3
2025-11-25 05:00:00,0.31658,0.31658,0.31542,0.31616,2300.9
2025-11-25 05:15:00,0.31583,0.31669,0.31525,0.31576,15705.8
2025-11-25 05:30:00,0.31578,0.31669,0.31578,0.31651,5691.0
2025-11-25 05:45:00,0.31677,0.31677,0.31588,0.316,4341.9
2025-11-25 06:00:00,0.31578,0.31578,0.31498,0.31498,3670.5
2025-11-25 06:15:00,0.31516,0.31527,0.31362,0.31368,28144.4
2025-11-25 06:30:00,0.31367,0.31383,0.31307,0.31344,14330.5
2025-11-25 06:45:00,0.31357,0.31434,0.31315,0.31414,55481.7
2025-11-25 07:00:00,0.31349,0.31541,0.31349,0.31519,7992.6
2025-11-25 07:15:00,0.31486,0.31523,0.31406,0.31407,1535.1
2025-11-25 07:30:00,0.31452,0.3155,0.31428,0.31508,31910.1
2025-11-25 07:45:00,0.31484,0.31484,0.3133,0.3133,5503.5
2025-11-25 08:00:00,0.31375,0.31465,0.31365,0.31405,20143.1
2025-11-25 08:15:00,0.31416,0.31599,0.31416,0.31557,14126.2
2025-11-25 08:30:00,0.31577,0.31621,0.31533,0.31567,15148.9
2025-11-25 08:45:00,0.31567,0.31651,0.31424,0.31424,36456.0
2025-11-25 09:00:00,0.31487,0.31561,0.31469,0.31469,9795.3
2025-11-25 09:15:00,0.31467,0.3147,0.31331,0.31338,19967.6
2025-11-25 09:30:00,0.31369,0.31577,0.3135,0.31577,4616.1
2025-11-25 09:45:00,0.31551,0.31662,0.31504,0.31652,34848.5
2025-11-25 10:00:00,0.31644,0.31644,0.31541,0.31603,44418.0
2025-11-25 10:15:00,0.31605,0.31664,0.31504,0.31657,2461.8
2025-11-25 10:30:00,0.31627,0.31683,0.31593,0.31683,1209.9
2025-11-25 10:45:00,0.31672,0.3171,0.3161,0.31706,1110.9
2025-11-25 11:00:00,0.31719,0.31719,0.31594,0.31698,1568.0
2025-11-25 11:15:00,0.31678,0.31721,0.31599,0.31671,15730.3
2025-11-25 11:30:00,0.31627,0.31666,0.31571,0.3162,102512.8
2025-11-25 11:45:00,0.31598,0.31628,0.31549,0.31588,6525.9
2025-11-25 12:00:00,0.31603,0.31878,0.3159,0.31878,128438.7
2025-11-25 12:15:00,0.31899,0.31965,0.31778,0.3189,223894.8
2025-11-25 12:30:00,0.31935,0.31986,0.31836,0.31986,31058.5
2025-11-25 12:45:00,0.31948,0.32035,0.31915,0.31985,186508.4
2025-11-25 13:00:00,0.31965,0.31974,0.31837,0.31952,10965.5
2025-11-25 13:15:00,0.31963,0.32007,0.31948,0.31955,1038.1
2025-11-25 13:30:00,0.31954,0.31981,0.31571,0.31611,37843.4
2025-11-25 13:45:00,0.3159,0.31637,0.31497,0.31525,21210.1
2025-11-25 14:00:00,0.31613,0.31736,0.31561,0.31661,4822.3
2025-11-25 14:15:00,0.3166,0.3178,0.31599,0.31723,4839.7
2025-11-25 14:30:00,0.31716,0.318,0.314,0.31489,16565.5
2025-11-25 14:45:00,0.31352,0.31366,0.3101,0.31355,68786.7
2025-11-25 15:00:00,0.31163,0.31438,0.31022,0.31284,17874.2
2025-11-25 15:15:00,0.31244,0.31369,0.312,0.31361,9624.6
2025-11-25 15:30:00,0.31354,0.3159,0.31354,0.31585,6445.7
2025-11-25 15:45:00,0.3164,0.31641,0.31413,0.31532,12529.1
2025-11-25 16:00:00,0.31514,0.31596,0.31481,0.31508,7399.3
2025-11-25 16:15:00,0.31471,0.31797,0.3147,0.31788,7757.0
2025-11-25 16:30:00,0.31849,0.31938,0.31725,0.31833,2302.9
2025-11-25 16:45:00,0.31712,0.31813,0.31681,0.31782,19514.1
2025-11-25 17:00:00,0.31823,0.31908,0.31635,0.31908,8897.8
2025-11-25 17:15:00,0.31934,0.31934,0.31748,0.31885,14653.3
2025-11-25 17:30:00,0.31863,0.32152,0.31863,0.32088,118572.2
2025-11-25 17:45:00,0.32089,0.32157,0.31973,0.31973,29775.8
2025-11-25 18:00:00,0.32038,0.32106,0.31986,0.32042,7460.5
2025-11-25 18:15:00,0.32074,0.3224,0.32062,0.32112,7214.3
2025-11-25 18:30:00,0.32211,0.32228,0.32069,0.32089,4298.6
2025-11-25 18:45:00,0.32107,0.32157,0.31957,0.3196,9438.7
2025-11-25 19:00:00,0.32023,0.32023,0.31653,0.31688,14311.5
2025-11-25 19:15:00,0.31652,0.31692,0.31328,0.31356,16352.5
2025-11-25 19:30:00,0.31358,0.31613,0.31358,0.31613,5861.2
2025-11-25 19:45:00,0.31573,0.319,0.31573,0.31887,2124.4
2025-11-25 20:00:00,0.31907,0.32004,0.31889,0.31973,8977.1
2025-11-25 20:15:00,0.3194,0.32028,0.31908,0.32011,1212.2
2025-11-25 20:30:00,0.32007,0.32168,0.32007,0.32106,27236.5
2025-11-25 20:45:00,0.32095,0.32145,0.32072,0.32095,25373.7
2025-11-25 21:00:00,0.32081,0.3213,0.32057,0.32057,6483.0
2025-11-25 21:15:00,0.3207,0.32172,0.3201,0.32092,8058.3
2025-11-25 21:30:00,0.32076,0.32076,0.31969,0.32031,1307.2
2025-11-25 21:45:00,0.32046,0.32107,0.31973,0.31985,33147.8
2025-11-25 22:00:00,0.31908,0.31908,0.31631,0.31698,36437.0
2025-11-25 22:15:00,0.31732,0.31955,0.31731,0.31947,1108.0
2025-11-25 22:30:00,0.31966,0.32266,0.31966,0.32215,43447.3
2025-11-25 22:45:00,0.32202,0.32461,0.32123,0.32461,22997.1
2025-11-25 23:00:00,0.32445,0.32712,0.32325,0.32617,29147.4
2025-11-25 23:15:00,0.3261,0.32706,0.32548,0.32548,86600.9
2025-11-25 23:30:00,0.32543,0.32573,0.32482,0.32521,983.1
2025-11-25 23:45:00,0.32487,0.32487,0.32409,0.32468,5043.3
2025-11-26 00:00:00,0.32469,0.32512,0.32409,0.32436,47744.7
2025-11-26 00:15:00,0.32459,0.32576,0.32405,0.32473,1986.5
2025-11-26 00:30:00,0.32454,0.3252,0.3238,0.32422,22490.4
2025-11-26 00:45:00,0.3242,0.32485,0.32369,0.32418,15734.8
2025-11-26 01:00:00,0.32422,0.32422,0.32292,0.32356,73950.1
2025-11-26 01:15:00,0.32313,0.32376,0.32255,0.32374,22575.4
2025-11-26 01:30:00,0.32357,0.32592,0.32344,0.32544,2933.7
2025-11-26 01:45:00,0.32529,0.32539,0.32311,0.32311,12532.3
2025-11-26 02:00:00,0.3233,0.3233,0.32162,0.32196,29242.4
2025-11-26 02:15:00,0.32183,0.32245,0.32121,0.32127,4929.6
2025-11-26 02:30:00,0.32145,0.32158,0.32096,0.32119,8040.7
2025-11-26 02:45:00,0.32104,0.32122,0.3204,0.32061,3403.4
2025-11-26 03:00:00,0.3204,0.32088,0.32018,0.32088,5878.4
2025-11-26 03:15:00,0.3212,0.32166,0.32097,0.32119,4148.0
2025-11-26 03:30:00,0.321,0.321,0.31821,0.31834,14821.6
2025-11-26 03:45:00,0.31821,0.3185,0.31762,0.31778,22267.8
2025-11-26 04:00:00,0.31778,0.31849,0.31708,0.31754,14479.9
2025-11-26 04:15:00,0.31728,0.31851,0.31723,0.31811,53253.1
2025-11-26 04:30:00,0.31802,0.31812,0.31762,0.3178,1972.3
2025-11-26 04:45:00,0.31796,0.31796,0.31717,0.3174,8383.3
2025-11-26 05:00:00,0.31741,0.31822,0.31729,0.31822,11830.5
2025-11-26 05:15:00,0.31832,0.31977,0.31813,0.31962,4719.6
2025-11-26 05:30:00,0.31971,0.3213,0.31971,0.32113,27682.1
2025-11-26 05:45:00,0.32112,0.32149,0.32065,0.32082,5645.4
2025-11-26 06:00:00,0.32074,0.32092,0.32041,0.32041,17827.4
2025-11-26 06:15:00,0.3203,0.3204,0.31976,0.31996,3827.4
2025-11-26 06:30:00,0.31981,0.3213,0.31979,0.32108,2667.9
2025-11-26 06:45:00,0.32096,0.3224,0.32068,0.32201,9533.2
2025-11-26 07:00:00,0.32221,0.32221,0.3216,0.3216,1806.8
2025-11-26 07:15:00,0.32175,0.3221,0.3211,0.32149,2057.4
2025-11-26 07:30:00,0.32172,0.32226,0.32088,0.32133,16410.0
2025-11-26 07:45:00,0.32129,0.3216,0.32077,0.32136,2399.7
2025-11-26 08:00:00,0.3216,0.3216,0.31984,0.31984,5691.7
2025-11-26 08:15:00,0.31983,0.31983,0.31647,0.31842,141406.8
2025-11-26 08:30:00,0.31854,0.31894,0.31792,0.3183,55294.9
2025-11-26 08:45:00,0.31815,0.31896,0.31724,0.31733,13873.7
2025-11-26 09:00:00,0.31735,0.31824,0.31735,0.31805,18865.8
2025-11-26 09:15:00,0.31779,0.31779,0.31607,0.3162,3346.8
2025-11-26 09:30:00,0.31591,0.31653,0.31589,0.3161,18461.1
2025-11-26 09:45:00,0.31595,0.31595,0.3153,0.31575,17415.4
2025-11-26 10:00:00,0.31616,0.31736,0.31616,0.31705,3291.6
2025-11-26 10:15:00,0.31667,0.31672,0.316,0.31605,1624.6
2025-11-26 10:30:00,0.31603,0.31603,0.31461,0.31541,12171.6
2025-11-26 10:45:00,0.31537,0.31595,0.3152,0.31595,2365.9
2025-11-26 11:00:00,0.31576,0.31685,0.3157,0.31673,1062.5
2025-11-26 11:15:00,0.31673,0.31673,0.3158,0.31593,959.2
2025-11-26 11:30:00,0.3157,0.31589,0.315,0.31579,2992.3
2025-11-26 11:45:00,0.31629,0.3163,0.31532,0.3159,40122.6
2025-11-26 12:00:00,0.31585,0.31585,0.31359,0.31379,31347.0
2025-11-26 12:15:00,0.3134,0.31423,0.31286,0.31423,12987.7
2025-11-26 12:30:00,0.31412,0.31484,0.31332,0.31484,17597.4
2025-11-26 12:45:00,0.31461,0.315,0.31449,0.3145,966.2
2025-11-26 13:00:00,0.31439,0.31517,0.31437,0.31466,1891.6
2025-11-26 13:15:00,0.31516,0.31599,0.31483,0.31492,10999.9
2025-11-26 13:30:00,0.31501,0.31619,0.31382,0.3154,7749.1
2025-11-26 13:45:00,0.31542,0.31631,0.31531,0.31631,5949.2
2025-11-26 14:00:00,0.31625,0.31645,0.315,0.31645,4159.4
2025-11-26 14:15:00,0.31614,0.31614,0.31522,0.31557,2267.5
2025-11-26 14:30:00,0.31514,0.31564,0.31372,0.31452,13256.0
2025-11-26 14:45:00,0.31469,0.31617,0.31141,0.31141,80966.0
2025-11-26 15:00:00,0.3119,0.31343,0.3119,0.3125,6415.6
2025-11-26 15:15:00,0.31264,0.31402,0.31183,0.31402,8545.5
2025-11-26 15:30:00,0.3135,0.3135,0.31156,0.31156,4820.4
2025-11-26 15:45:00,0.31099,0.31169,0.31031,0.31169,8626.5
2025-11-26 16:00:00,0.31209,0.31295,0.3108,0.31295,20409.1
2025-11-26 16:15:00,0.31395,0.31467,0.31355,0.31383,27586.8
2025-11-26 16:30:00,0.31372,0.31545,0.31331,0.31444,64233.6
2025-11-26 16:45:00,0.31423,0.31423,0.31248,0.31343,3544.6
2025-11-26 17:00:00,0.31434,0.31488,0.31375,0.31402,11726.6
2025-11-26 17:15:00,0.31377,0.31949,0.31352,0.31912,75722.4
2025-11-26 17:30:00,0.31964,0.32245,0.3185,0.32202,16121.2
2025-11-26 17:45:00,0.32246,0.32473,0.32245,0.32432,22865.1
2025-11-26 18:00:00,0.32506,0.32617,0.32352,0.32617,59839.6
2025-11-26 18:15:00,0.32581,0.3281,0.32581,0.32741,12493.5
2025-11-26 18:30:00,0.32767,0.32767,0.32416,0.32416,3909.1
2025-11-26 18:45:00,0.32434,0.32619,0.32434,0.32619,47467.2
2025-11-26 19:00:00,0.32642,0.32642,0.32304,0.32323,25372.5
2025-11-26 19:15:00,0.32341,0.32375,0.32272,0.32334,3380.9
2025-11-26 19:30:00,0.32337,0.32382,0.32257,0.32371,18666.2
2025-11-26 19:45:00,0.32303,0.32378,0.3227,0.32372,9057.4
2025-11-26 20:00:00,0.32388,0.32398,0.32182,0.32319,28913.3
2025-11-26 20:15:00,0.32324,0.32357,0.32212,0.32301,2060.9
2025-11-26 20:30:00,0.32266,0.32278,0.32184,0.32184,1729.2
2025-11-26 20:45:00,0.32224,0.32293,0.32168,0.32293,15739.5
2025-11-26 21:00:00,0.32268,0.32297,0.32235,0.32246,7445.7
2025-11-26 21:15:00,0.32256,0.32535,0.32244,0.32535,5853.0
2025-11-26 21:30:00,0.32465,0.32585,0.32463,0.32585,1221.2
2025-11-26 21:45:00,0.32604,0.32766,0.32484,0.32543,20293.2
2025-11-26 22:00:00,0.3251,0.32608,0.3246,0.32551,36532.0
2025-11-26 22:15:00,0.3252,0.32613,0.32453,0.32532,1825.6
2025-11-26 22:30:00,0.32512,0.32574,0.325,0.32539,3862.9
2025-11-26 22:45:00,0.32508,0.32609,0.32508,0.32559,1404.7
2025-11-26 23:00:00,0.32572,0.32645,0.32522,0.32625,1318.3
2025-11-26 23:15:00,0.32604,0.32604,0.32421,0.32421,1244.6
2025-11-26 23:30:00,0.32429,0.32462,0.32405,0.32444,114640.7
2025-11-26 23:45:00,0.3241,0.32522,0.3241,0.32498,28678.1
2025-11-27 00:00:00,0.32486,0.32486,0.32347,0.32413,120386.1
2025-11-27 00:15:00,0.32398,0.32473,0.32373,0.32373,1190.9
2025-11-27 00:30:00,0.32363,0.32371,0.32292,0.32348,15331.9
2025-11-27 00:45:00,0.32362,0.3255,0.32357,0.32432,27766.3
2025-11-27 01:00:00,0.32451,0.32711,0.32451,0.32494,524565.2
2025-11-27 01:15:00,0.32476,0.32515,0.32381,0.32506,4165.2
2025-11-27 01:30:00,0.3253,0.32682,0.32514,0.32682,3507.6
2025-11-27 01:45:00,0.32645,0.32835,0.32623,0.32754,29491.1
2025-11-27 02:00:00,0.32741,0.32771,0.32598,0.3272,67712.7
2025-11-27 02:15:00,0.32733,0.32901,0.32733,0.32901,42390.1
2025-11-27 02:30:00,0.32902,0.32945,0.32801,0.32911,29607.1
2025-11-27 02:45:00,0.32883,0.32883,0.32566,0.32596,25246.7
2025-11-27 03:00:00,0.32609,0.32702,0.32609,0.32676,40508.4
2025-11-27 03:15:00,0.32666,0.32698,0.32598,0.32599,49359.5
2025-11-27 03:30:00,0.32588,0.32588,0.32435,0.32445,24160.3
2025-11-27 03:45:00,0.3247,0.32491,0.324,0.32458,3162.5
2025-11-27 04:00:00,0.32486,0.32737,0.32465,0.32737,12303.5
2025-11-27 04:15:00,0.32677,0.32706,0.32654,0.32665,1784.9
2025-11-27 04:30:00,0.32685,0.32747,0.32675,0.32714,4677.2
2025-11-27 04:45:00,0.32725,0.32753,0.32697,0.32712,36728.1
2025-11-27 05:00:00,0.32716,0.32766,0.32708,0.32749,1809.1
2025-11-27 05:15:00,0.3276,0.32815,0.32703,0.32743,1242.8
2025-11-27 05:30:00,0.32697,0.32697,0.32472,0.32494,9571.9
2025-11-27 05:45:00,0.32521,0.32584,0.32521,0.32525,1374.1
2025-11-27 06:00:00,0.32537,0.32644,0.3253,0.32644,847.3
2025-11-27 06:15:00,0.32641,0.32748,0.32596,0.32744,3751.6
2025-11-27 06:30:00,0.32734,0.32814,0.32733,0.32756,1227.3
2025-11-27 06:45:00,0.32744,0.32785,0.32714,0.32754,1605.3
2025-11-27 07:00:00,0.32766,0.32767,0.32716,0.32732,1227.9
2025-11-27 07:15:00,0.32718,0.32897,0.32696,0.32889,14477.2
2025-11-27 07:30:00,0.32872,0.32872,0.32765,0.32825,15745.3
2025-11-27 07:45:00,0.32858,0.32947,0.32845,0.32905,1903.7
2025-11-27 08:00:00,0.32905,0.32933,0.32752,0.32752,19656.9
2025-11-27 08:15:00,0.32771,0.32923,0.32726,0.32864,68583.2
2025-11-27 08:30:00,0.32879,0.3292,0.3283,0.32886,33728.6
2025-11-27 08:45:00,0.3288,0.33014,0.3288,0.33008,14876.9
2025-11-27 09:00:00,0.33,0.33036,0.32888,0.32888,38533.8
2025-11-27 09:15:00,0.329,0.33234,0.329,0.33161,25730.2
2025-11-27 09:30:00,0.33141,0.33331,0.33141,0.33226,11224.5
2025-11-27 09:45:00,0.33143,0.33184,0.33116,0.3314,26859.2
2025-11-27 10:00:00,0.33139,0.33178,0.33056,0.33056,17192.4
2025-11-27 10:15:00,0.33077,0.33166,0.33077,0.33145,1246.2
2025-11-27 10:30:00,0.33108,0.33287,0.33038,0.33197,10635.3
2025-11-27 10:45:00,0.33244,0.33346,0.33217,0.3324,9768.5
2025-11-27 11:00:00,0.33244,0.33315,0.33244,0.3329,2058.6
2025-11-27 11:15:00,0.33268,0.33281,0.33188,0.33253,3796.3
2025-11-27 11:30:00,0.33197,0.33289,0.33153,0.33155,242033.6
2025-11-27 11:45:00,0.33206,0.33317,0.33166,0.33317,1241.7
2025-11-27 12:00:00,0.33327,0.33426,0.3331,0.3331,407231.2
2025-11-27 12:15:00,0.33342,0.33342,0.33184,0.33255,24601.1
2025-11-27 12:30:00,0.33223,0.33286,0.33119,0.33121,12311.6
2025-11-27 12:45:00,0.33173,0.33173,0.32976,0.33098,45675.4
2025-11-27 13:00:00,0.33062,0.33249,0.33025,0.33223,184301.5
2025-11-27 13:15:00,0.33319,0.33487,0.33173,0.33482,17901.2
2025-11-27 13:30:00,0.33479,0.33525,0.33381,0.33431,12991.1
2025-11-27 13:45:00,0.33419,0.33531,0.33379,0.33421,13653.7
2025-11-27 14:00:00,0.33454,0.33454,0.33337,0.33398,4931.3
2025-11-27 14:15:00,0.3339,0.33522,0.33304,0.33522,12870.2
2025-11-27 14:30:00,0.33494,0.33612,0.3349,0.33541,19597.5
2025-11-27 14:45:00,0.33529,0.33704,0.33497,0.33627,11237.4
2025-11-27 15:00:00,0.33648,0.3375,0.33519,0.33541,12416.5
2025-11-27 15:15:00,0.33554,0.3376,0.33554,0.33751,24581.8
2025-11-27 15:30:00,0.33762,0.33922,0.33711,0.33922,32461.6
2025-11-27 15:45:00,0.33927,0.34224,0.33927,0.3421,47692.0
2025-11-27 16:00:00,0.34214,0.34277,0.34059,0.34251,47490.2
2025-11-27 16:15:00,0.34261,0.34263,0.34038,0.34091,18385.9
2025-11-27 16:30:00,0.34079,0.34307,0.34036,0.3425,43351.9
2025-11-27 16:45:00,0.34222,0.34261,0.34131,0.34234,16471.5
2025-11-27 17:00:00,0.34235,0.34258,0.3406,0.3411,18927.0
2025-11-27 17:15:00,0.34114,0.34143,0.34014,0.3404,21308.1
2025-11-27 17:30:00,0.33999,0.34099,0.3394,0.33956,1718.3
2025-11-27 17:45:00,0.33939,0.34001,0.33872,0.33933,4693.8
2025-11-27 18:00:00,0.33928,0.33941,0.33842,0.33842,8962.8
2025-11-27 18:15:00,0.33861,0.339,0.33789,0.33801,7256.1
2025-11-27 18:30:00,0.33807,0.33944,0.33755,0.33923,2168.3
2025-11-27 18:45:00,0.33915,0.33933,0.33817,0.33817,1645.8
2025-11-27 19:00:00,0.33804,0.33858,0.33743,0.33849,14392.9
2025-11-27 19:15:00,0.33849,0.33909,0.33652,0.33686,151479.4
2025-11-27 19:30:00,0.33716,0.33723,0.33632,0.3366,33314.9
2025-11-27 19:45:00,0.33668,0.33725,0.33668,0.33677,6228.8
2025-11-27 20:00:00,0.33708,0.33836,0.33701,0.33775,16387.6
2025-11-27 20:15:00,0.33805,0.33834,0.33779,0.33834,16485.3
2025-11-27 20:30:00,0.33834,0.33872,0.33752,0.3385,15548.4
2025-11-27 20:45:00,0.3386,0.33959,0.3386,0.33912,9771.7
2025-11-27 21:00:00,0.3392,0.33927,0.33878,0.33927,29813.6
2025-11-27 21:15:00,0.33914,0.34059,0.3388,0.33895,20826.9
2025-11-27 21:30:00,0.33955,0.33963,0.33883,0.33927,4147.8
2025-11-27 21:45:00,0.33912,0.33923,0.33821,0.33836,7124.2
2025-11-27 22:00:00,0.33812,0.33898,0.33805,0.33898,1630.1
2025-11-27 22:15:00,0.33914,0.33914,0.33776,0.33814,3112.8
2025-11-27 22:30:00,0.33857,0.33857,0.33397,0.33472,22566.7
2025-11-27 22:45:00,0.33473,0.33533,0.33413,0.33444,349477.0
2025-11-27 23:00:00,0.33469,0.33505,0.33312,0.33384,29965.4
2025-11-27 23:15:00,0.33428,0.33428,0.33307,0.33328,1951.5
2025-11-27 23:30:00,0.33345,0.33413,0.33269,0.33401,8569.4
2025-11-27 23:45:00,0.33422,0.33422,0.33324,0.3336,6746.0
2025-11-28 00:00:00,0.33364,0.33462,0.33361,0.33455,15036.6
2025-11-28 00:15:00,0.33432,0.33434,0.33372,0.33402,1740.7
2025-11-28 00:30:00,0.33403,0.33488,0.33311,0.33331,1574.0
2025-11-28 00:45:00,0.33345,0.33394,0.33345,0.33356,1773.9
2025-11-28 01:00:00,0.3341,0.33451,0.33216,0.33273,23760.7
2025-11-28 01:15:00,0.33273,0.33382,0.33245,0.33329,4919.2
2025-11-28 01:30:00,0.33323,0.33408,0.33281,0.33308,2341.4
2025-11-28 01:45:00,0.33376,0.33395,0.33158,0.33158,2090.3
2025-11-28 02:00:00,0.33203,0.33225,0.33052,0.33128,6132.9
2025-11-28 02:15:00,0.33181,0.33181,0.3292,0.32967,10329.3
2025-11-28 02:30:00,0.32889,0.32973,0.32877,0.32897,2808.5
2025-11-28 02:45:00,0.32923,0.33062,0.32903,0.33009,4415.9
2025-11-28 03:00:00,0.33014,0.33068,0.32917,0.33006,3246.6
2025-11-28 03:15:00,0.33001,0.33008,0.32937,0.32944,1487.9
2025-11-28 03:30:00,0.32972,0.33021,0.32923,0.32981,4801.0
2025-11-28 03:45:00,0.33011,0.33011,0.3296,0.32969,3955.8
2025-11-28 04:00:00,0.32987,0.33067,0.32976,0.33067,675.8
2025-11-28 04:15:00,0.33089,0.33157,0.33068,0.33115,2343.1
2025-11-28 04:30:00,0.33128,0.33244,0.32997,0.33047,1386.1
2025-11-28 04:45:00,0.33032,0.3305,0.32999,0.33014,3464.7
2025-11-28 05:00:00,0.33013,0.33025,0.32926,0.32965,7070.4
2025-11-28 05:15:00,0.32995,0.32995,0.32924,0.32972,1334.2
2025-11-28 05:30:00,0.32923,0.32924,0.32802,0.32854,32454.5
2025-11-28 05:45:00,0.32834,0.32975,0.32834,0.32922,13010.1
2025-11-28 06:00:00,0.32926,0.32931,0.32801,0.32821,56675.3
2025-11-28 06:15:00,0.3279,0.32831,0.32721,0.32761,4375.1
2025-11-28 06:30:00,0.32768,0.32809,0.32701,0.32786,4686.1
2025-11-28 06:45:00,0.32782,0.32877,0.32768,0.32794,1120.9
2025-11-28 07:00:00,0.32794,0.32888,0.32778,0.32869,1458.9
2025-11-28 07:15:00,0.32877,0.32957,0.32877,0.32957,1446.3
2025-11-28 07:30:00,0.32969,0.33019,0.32867,0.32907,1597.8
2025-11-28 07:45:00,0.32922,0.32975,0.32884,0.32926,29678.6
2025-11-28 08:00:00,0.32956,0.33391,0.32956,0.33391,74397.7
2025-11-28 08:15:00,0.33381,0.33599,0.3329,0.33502,19636.2
2025-11-28 08:30:00,0.33502,0.33531,0.33427,0.33445,48824.0
2025-11-28 08:45:00,0.33461,0.34052,0.33442,0.33921,46593.1
2025-11-28 09:00:00,0.34007,0.34028,0.33821,0.33911,151331.5
2025-11-28 09:15:00,0.33833,0.33843,0.3377,0.33784,6677.2
2025-11-28 09:30:00,0.33715,0.33754,0.33683,0.33732,3777.7
2025-11-28 09:45:00,0.33742,0.33751,0.3361,0.33642,1868.0
2025-11-28 10:00:00,0.33642,0.33656,0.33544,0.33558,10031.8
2025-11-28 10:15:00,0.33511,0.33573,0.33446,0.33446,5897.7
2025-11-28 10:30:00,0.33452,0.33573,0.3344,0.33495,3765.9
2025-11-28 10:45:00,0.33496,0.33572,0.33469,0.33469,1804.1
2025-11-28 11:00:00,0.33469,0.33469,0.33169,0.33169,34383.8
2025-11-28 11:15:00,0.33119,0.33138,0.32982,0.33138,58907.2
2025-11-28 11:30:00,0.33078,0.33119,0.33018,0.33097,903.8
2025-11-28 11:45:00,0.33036,0.33117,0.33027,0.33101,20072.5
2025-11-28 12:00:00,0.33097,0.33185,0.33087,0.33147,8039.7
2025-11-28 12:15:00,0.3314,0.33209,0.33123,0.33203,2793.6
2025-11-28 12:30:00,0.33194,0.33255,0.33183,0.33233,4699.0
2025-11-28 12:45:00,0.332,0.332,0.33112,0.33112,7716.6
2025-11-28 13:00:00,0.33084,0.33129,0.32969,0.33097,7197.1
2025-11-28 13:15:00,0.33083,0.33142,0.33072,0.33142,5187.8
2025-11-28 13:30:00,0.3312,0.33336,0.3312,0.33254,6347.0
2025-11-28 13:45:00,0.33278,0.33539,0.33278,0.33393,335387.3
2025-11-28 14:00:00,0.33398,0.33458,0.33382,0.33382,10292.3
2025-11-28 14:15:00,0.33406,0.33611,0.33393,0.33599,3076.6
2025-11-28 14:30:00,0.33606,0.33636,0.33244,0.33318,46617.3
2025-11-28 14:45:00,0.33203,0.33423,0.33177,0.33423,128034.2
2025-11-28 15:00:00,0.33431,0.33515,0.33346,0.33463,4071.3
2025-11-28 15:15:00,0.33469,0.3382,0.33469,0.33785,18047.8
2025-11-28 15:30:00,0.3388,0.3388,0.33707,0.3373,4389.5
2025-11-28 15:45:00,0.33692,0.33692,0.33549,0.33608,3962.9
2025-11-28 16:00:00,0.33659,0.33659,0.33502,0.33552,34436.8
2025-11-28 16:15:00,0.33512,0.33535,0.33031,0.33059,30919.1
2025-11-28 16:30:00,0.32971,0.33193,0.32971,0.33181,7363.0
2025-11-28 16:45:00,0.33185,0.332,0.32994,0.33008,3532.0
2025-11-28 17:00:00,0.33019,0.33127,0.32813,0.32838,58164.7
2025-11-28 17:15:00,0.32808,0.3291,0.32742,0.32742,33648.0
2025-11-28 17:30:00,0.32835,0.32835,0.32654,0.32688,10718.5
2025-11-28 17:45:00,0.32687,0.32921,0.32687,0.32738,29107.2
2025-11-28 18:00:00,0.32802,0.329,0.32571,0.32894,20720.1
2025-11-28 18:15:00,0.329,0.329,0.32776,0.32816,1215.7
2025-11-28 18:30:00,0.32876,0.32876,0.32732,0.32853,1676.8
2025-11-28 18:45:00,0.32883,0.32912,0.32802,0.32861,9597.0
2025-11-28 19:00:00,0.32896,0.32942,0.32859,0.32928,23797.5
2025-11-28 19:15:00,0.32917,0.33137,0.32903,0.33099,11960.2
2025-11-28 19:30:00,0.33088,0.33211,0.33037,0.33157,4019.5
2025-11-28 19:45:00,0.33157,0.3325,0.33083,0.33215,3397.7
2025-11-28 20:00:00,0.33137,0.33139,0.33029,0.33067,2826.9
2025-11-28 20:15:00,0.33027,0.33269,0.33027,0.33225,19552.0
2025-11-28 20:30:00,0.33254,0.33269,0.33186,0.33246,1506.7
2025-11-28 20:45:00,0.33216,0.33345,0.33194,0.33327,34848.7
2025-11-28 21:00:00,0.33353,0.33367,0.33236,0.33247,2777.0
2025-11-28 21:15:00,0.33238,0.33248,0.33168,0.33229,21127.7
2025-11-28 21:30:00,0.33246,0.33294,0.33192,0.33289,1351.3
2025-11-28 21:45:00,0.33215,0.33225,0.33063,0.33063,2062.0
2025-11-28 22:00:00,0.33078,0.3315,0.33005,0.33084,10797.8
2025-11-28 22:15:00,0.33018,0.33157,0.33,0.33098,5266.2
2025-11-28 22:30:00,0.3311,0.33218,0.33076,0.33159,1941.7
2025-11-28 22:45:00,0.3315,0.33339,0.33147,0.33339,1993.6
2025-11-28 23:00:00,0.33379,0.33463,0.3331,0.33441,14038.4
2025-11-28 23:15:00,0.3338,0.33392,0.33271,0.33271,1136.7
2025-11-28 23:30:00,0.33272,0.33272,0.33162,0.33162,1858.5
2025-11-28 23:45:00,0.3315,0.33191,0.33096,0.33101,2213.8
2025-11-29 00:00:00,0.3311,0.33197,0.3311,0.33183,9668.3
2025-11-29 00:15:00,0.33176,0.33207,0.331,0.33129,1705.5
2025-11-29 00:30:00,0.3312,0.33237,0.33031,0.33147,2741.7
2025-11-29 00:45:00,0.33135,0.33163,0.33083,0.33163,2051.1
2025-11-29 01:00:00,0.33167,0.33315,0.33167,0.33315,1528.9
2025-11-29 01:15:00,0.33315,0.33437,0.33243,0.3327,62520.5
2025-11-29 01:30:00,0.3327,0.33367,0.3325,0.33345,1597.5
2025-11-29 01:45:00,0.33351,0.33442,0.33351,0.33398,1290.1
2025-11-29 02:00:00,0.33427,0.3344,0.33335,0.33335,1456.1
2025-11-29 02:15:00,0.33311,0.3336,0.33269,0.3327,31779.9
2025-11-29 02:30:00,0.33288,0.33312,0.33219,0.33285,1819.6
2025-11-29 02:45:00,0.33278,0.33364,0.33265,0.33364,6879.0
2025-11-29 03:00:00,0.33376,0.33526,0.33376,0.33447,9839.7
2025-11-29 03:15:00,0.33441,0.33441,0.33305,0.33305,2836.6
2025-11-29 03:30:00,0.333,0.333,0.33193,0.33276,5208.4
2025-11-29 03:45:00,0.33258,0.33319,0.33242,0.33309,1222.5
2025-11-29 04:00:00,0.33273,0.33332,0.33261,0.33286,7199.9
2025-11-29 04:15:00,0.33274,0.33359,0.33232,0.33359,2868.3
2025-11-29 04:30:00,0.33359,0.33388,0.33307,0.33346,1280.3
2025-11-29 04:45:00,0.33359,0.33519,0.33352,0.33518,4548.1
2025-11-29 05:00:00,0.33472,0.33472,0.33247,0.33278,10857.4
2025-11-29 05:15:00,0.33247,0.33356,0.33247,0.33292,1646.4
2025-11-29 05:30:00,0.33276,0.33347,0.33237,0.33273,1496.4
2025-11-29 05:45:00,0.33284,0.33284,0.33147,0.33147,7332.8
2025-11-29 06:00:00,0.33148,0.33211,0.33129,0.33208,3090.6
2025-11-29 06:15:00,0.33217,0.3323,0.32947,0.32947,11522.3
2025-11-29 06:30:00,0.32937,0.32947,0.32713,0.32899,20515.9
2025-11-29 06:45:00,0.32878,0.32897,0.32796,0.32815,2208.0
2025-11-29 07:00:00,0.32785,0.32928,0.32785,0.32928,1576.2
2025-11-29 07:15:00,0.33026,0.33075,0.32912,0.32937,5306.6
2025-11-29 07:30:00,0.32952,0.33005,0.32914,0.33005,1360.9
2025-11-29 07:45:00,0.33005,0.33078,0.32974,0.33035,6790.7
2025-11-29 08:00:00,0.32989,0.33012,0.32932,0.33012,4121.9
2025-11-29 08:15:00,0.32992,0.33022,0.32937,0.32937,4646.4
2025-11-29 08:30:00,0.32928,0.32928,0.328,0.328,18946.1
2025-11-29 08:45:00,0.32759,0.32786,0.3275,0.3275,1129.0
2025-11-29 09:00:00,0.32772,0.32839,0.32744,0.32803,4634.6
2025-11-29 09:15:00,0.32812,0.32842,0.32751,0.32778,2806.9
2025-11-29 09:30:00,0.32731,0.32801,0.32714,0.32775,1682.1
2025-11-29 09:45:00,0.328,0.32809,0.32737,0.32745,1562.2
2025-11-29 10:00:00,0.32754,0.32832,0.32724,0.32775,49850.5
2025-11-29 10:15:00,0.32816,0.32951,0.32633,0.32951,79869.7
2025-11-29 10:30:00,0.32911,0.32947,0.32874,0.32938,29366.3
2025-11-29 10:45:00,0.32926,0.32978,0.32887,0.32919,31857.5
2025-11-29 11:00:00,0.32891,0.3302,0.32875,0.32988,12682.5
2025-11-29 11:15:00,0.32997,0.3301,0.32959,0.33001,1999.0
2025-11-29 11:30:00,0.33,0.33254,0.3298,0.33251,5535.0
2025-11-29 11:45:00,0.3322,0.33269,0.33199,0.33212,2388.9
2025-11-29 12:00:00,0.33264,0.33268,0.33134,0.33136,7607.3
2025-11-29 12:15:00,0.33111,0.3313,0.33018,0.3313,14316.3
2025-11-29 12:30:00,0.33112,0.33112,0.33037,0.33057,7375.7
2025-11-29 12:45:00,0.33078,0.331,0.32986,0.32986,6807.9
2025-11-29 13:00:00,0.32978,0.33057,0.3294,0.3294,30798.9
2025-11-29 13:15:00,0.32939,0.33033,0.32937,0.33033,2391.1
2025-11-29 13:30:00,0.33046,0.33065,0.32896,0.32917,4995.8
2025-11-29 13:45:00,0.32937,0.32978,0.32917,0.32927,2216.2
2025-11-29 14:00:00,0.32921,0.32921,0.32808,0.32824,4203.0
2025-11-29 14:15:00,0.32846,0.32855,0.32799,0.32799,2433.0
2025-11-29 14:30:00,0.32805,0.32826,0.32727,0.32767,4815.5
2025-11-29 14:45:00,0.32772,0.32836,0.32649,0.32661,27537.7
2025-11-29 15:00:00,0.32666,0.32705,0.32634,0.32641,2259.6
2025-11-29 15:15:00,0.32715,0.32928,0.32712,0.32787,4129.6
2025-11-29 15:30:00,0.32792,0.32849,0.32693,0.32715,10370.0
2025-11-29 15:45:00,0.32753,0.32801,0.32723,0.32789,48226.2
2025-11-29 16:00:00,0.32772,0.32845,0.3276,0.32766,3307.2
2025-11-29 16:15:00,0.32762,0.32849,0.32663,0.32667,5317.3
2025-11-29 16:30:00,0.32683,0.32692,0.32658,0.32658,8851.1
2025-11-29 16:45:00,0.32649,0.32707,0.32617,0.32659,32111.1
2025-11-29 17:00:00,0.32661,0.32683,0.32553,0.32601,34151.3
2025-11-29 17:15:00,0.326,0.32669,0.32558,0.32568,36803.9
2025-11-29 17:30:00,0.32565,0.32566,0.32313,0.32453,71539.8
2025-11-29 17:45:00,0.32453,0.32503,0.32347,0.32347,36237.5
2025-11-29 18:00:00,0.32333,0.32386,0.32222,0.32355,34136.2
2025-11-29 18:15:00,0.32374,0.32456,0.32295,0.32316,33157.4
2025-11-29 18:30:00,0.32306,0.32552,0.32245,0.32552,38581.8
2025-11-29 18:45:00,0.32472,0.32584,0.3246,0.32534,19404.5
2025-11-29 19:00:00,0.32518,0.32653,0.32495,0.32606,3171.3
2025-11-29 19:15:00,0.32602,0.3266,0.326,0.32629,1737.5
2025-11-29 19:30:00,0.3264,0.3264,0.3249,0.3249,1410.0
2025-11-29 19:45:00,0.3251,0.32539,0.32471,0.32525,1016.0
2025-11-29 20:00:00,0.32514,0.32562,0.32461,0.32461,3189.8
2025-11-29 20:15:00,0.32453,0.32534,0.32453,0.32501,1176.4
2025-11-29 20:30:00,0.32519,0.32573,0.32487,0.32549,14042.1
2025-11-29 20:45:00,0.32579,0.32829,0.32549,0.32818,7552.5
2025-11-29 21:00:00,0.32835,0.3284,0.32692,0.32692,8012.8
2025-11-29 21:15:00,0.32744,0.32814,0.32675,0.3279,6662.4
2025-11-29 21:30:00,0.32791,0.32849,0.32728,0.32834,6985.8
2025-11-29 21:45:00,0.32825,0.32861,0.32815,0.32815,12532.1
2025-11-29 22:00:00,0.32817,0.32817,0.32701,0.32705,3144.9
2025-11-29 22:15:00,0.32712,0.32749,0.32674,0.32674,2598.9
2025-11-29 22:30:00,0.32666,0.3273,0.32655,0.32709,5501.9
2025-11-29 22:45:00,0.3271,0.3271,0.32625,0.32649,4373.1
2025-11-29 23:00:00,0.32644,0.32644,0.3254,0.32576,18572.0
2025-11-29 23:15:00,0.32584,0.3275,0.32581,0.32709,3679.3
2025-11-29 23:30:00,0.32703,0.32739,0.327,0.32709,6308.7
2025-11-29 23:45:00,0.32708,0.32742,0.32662,0.32662,2464.8
2025-11-30 00:00:00,0.32653,0.32776,0.32647,0.32776,102118.9
2025-11-30 00:15:00,0.32766,0.32857,0.3273,0.32752,213866.6
2025-11-30 00:30:00,0.32752,0.32805,0.32712,0.32789,162323.8
2025-11-30 00:45:00,0.32789,0.32789,0.32747,0.3277,1371.9
2025-11-30 01:00:00,0.32773,0.3304,0.32751,0.32939,8730.8
2025-11-30 01:15:00,0.32934,0.32976,0.32822,0.32826,7578.1
2025-11-30 01:30:00,0.3284,0.3292,0.32824,0.32842,1192.6
2025-11-30 01:45:00,0.3285,0.32851,0.32807,0.32807,1390.0
2025-11-30 02:00:00,0.32811,0.32912,0.32811,0.32865,946.5
2025-11-30 02:15:00,0.32847,0.32879,0.32807,0.32846,17207.6
2025-11-30 02:30:00,0.32849,0.32849,0.32713,0.32713,13716.0
2025-11-30 02:45:00,0.32722,0.32742,0.32635,0.3265,4581.4
2025-11-30 03:00:00,0.32648,0.3266,0.32555,0.32555,6022.9
2025-11-30 03:15:00,0.32561,0.32586,0.32404,0.32517,20755.1
2025-11-30 03:30:00,0.32498,0.32709,0.32497,0.32709,2330.4
2025-11-30 03:45:00,0.32727,0.32825,0.32721,0.32781,1734.0
2025-11-30 04:00:00,0.32797,0.32854,0.32761,0.32808,3675.9
2025-11-30 04:15:00,0.32823,0.32823,0.32666,0.32666,6228.1
2025-11-30 04:30:00,0.32676,0.32676,0.32584,0.3259,2000.2
2025-11-30 04:45:00,0.3259,0.32642,0.32584,0.32642,1063.2
2025-11-30 05:00:00,0.32625,0.32625,0.32501,0.3255,1255.2
2025-11-30 05:15:00,0.32523,0.32562,0.32416,0.32456,9211.9
2025-11-30 05:30:00,0.32483,0.32512,0.324,0.32493,3067.1
2025-11-30 05:45:00,0.32488,0.3249,0.3241,0.3241,4411.0
2025-11-30 06:00:00,0.32471,0.32527,0.32416,0.32462,1641.9
2025-11-30 06:15:00,0.3246,0.32686,0.32451,0.32686,10430.4
2025-11-30 06:30:00,0.32724,0.32795,0.32718,0.32755,1421.9
2025-11-30 06:45:00,0.32748,0.32756,0.32652,0.32654,1932.2
2025-11-30 07:00:00,0.32658,0.32667,0.32575,0.32641,5604.0
2025-11-30 07:15:00,0.32641,0.32655,0.32585,0.32649,12684.7
2025-11-30 07:30:00,0.3266,0.32669,0.32607,0.32648,3444.1
2025-11-30 07:45:00,0.32646,0.32773,0.32632,0.32735,1424.9
2025-11-30 08:00:00,0.3273,0.3278,0.32691,0.32691,1279.9
2025-11-30 08:15:00,0.32703,0.32899,0.32651,0.32756,6062.4
2025-11-30 08:30:00,0.32719,0.32867,0.32696,0.32865,8753.5
2025-11-30 08:45:00,0.32795,0.32853,0.32749,0.32765,1576.7
2025-11-30 09:00:00,0.32765,0.32827,0.32723,0.32757,7183.5
2025-11-30 09:15:00,0.32762,0.32762,0.32633,0.32634,5875.6
2025-11-30 09:30:00,0.32621,0.32651,0.32591,0.32613,9279.9
2025-11-30 09:45:00,0.32666,0.32676,0.32611,0.32676,2206.3
2025-11-30 10:00:00,0.32641,0.32655,0.32539,0.3254,18944.8
2025-11-30 10:15:00,0.32532,0.32612,0.32518,0.32605,62370.7
2025-11-30 10:30:00,0.32622,0.32623,0.32516,0.32518,5499.1
2025-11-30 10:45:00,0.32517,0.32517,0.32447,0.32493,5254.2
2025-11-30 11:00:00,0.32492,0.3256,0.32433,0.32433,5146.0
2025-11-30 11:15:00,0.32452,0.32488,0.32442,0.32487,2357.1
2025-11-30 11:30:00,0.32489,0.32503,0.32422,0.32447,1315.0
2025-11-30 11:45:00,0.32437,0.32449,0.32299,0.32325,6627.3
2025-11-30 12:00:00,0.32307,0.32307,0.31981,0.32191,42993.6
2025-11-30 12:15:00,0.32213,0.32295,0.3215,0.32162,9537.2
2025-11-30 12:30:00,0.32147,0.32279,0.3206,0.32269,22670.6
2025-11-30 12:45:00,0.32293,0.324,0.32235,0.32304,12612.0
2025-11-30 13:00:00,0.32323,0.32523,0.3232,0.32495,22170.2
2025-11-30 13:15:00,0.32469,0.32742,0.32469,0.32652,49071.5
2025-11-30 13:30:00,0.32654,0.32694,0.3258,0.3261,39562.5
2025-11-30 13:45:00,0.32566,0.32596,0.32508,0.32579,30020.8
2025-11-30 14:00:00,0.32614,0.3262,0.3252,0.32532,3108.8
2025-11-30 14:15:00,0.32528,0.3256,0.32402,0.32419,63398.8
2025-11-30 14:30:00,0.32396,0.32403,0.32217,0.32217,1927.2
2025-11-30 14:45:00,0.32217,0.32271,0.32182,0.32237,6461.4
2025-11-30 15:00:00,0.3225,0.3225,0.31852,0.31943,41912.2
2025-11-30 15:15:00,0.31985,0.32054,0.31943,0.32054,14114.1
2025-11-30 15:30:00,0.32053,0.32053,0.31903,0.32043,3162.4
2025-11-30 15:45:00,0.32053,0.32116,0.32053,0.32081,1418.8
2025-11-30 16:00:00,0.32096,0.32358,0.32085,0.32325,31544.0
2025-11-30 16:15:00,0.32334,0.32495,0.32323,0.32453,22201.1
2025-11-30 16:30:00,0.32443,0.32488,0.3241,0.32412,1325.2
2025-11-30 16:45:00,0.32409,0.32479,0.32384,0.32425,18472.4
2025-11-30 17:00:00,0.32413,0.32413,0.32288,0.32325,8870.1
2025-11-30 17:15:00,0.3233,0.32357,0.32285,0.323,2456.8
2025-11-30 17:30:00,0.32323,0.32552,0.32323,0.32552,2765.4
2025-11-30 17:45:00,0.32559,0.32605,0.32489,0.32589,4272.0
2025-11-30 18:00:00,0.32525,0.32525,0.32405,0.32485,43060.6
2025-11-30 18:15:00,0.32467,0.32533,0.32415,0.32505,33069.1
2025-11-30 18:30:00,0.32511,0.32569,0.32491,0.32491,2172.2
2025-11-30 18:45:00,0.32473,0.32617,0.32473,0.32606,7097.3
2025-11-30 19:00:00,0.32616,0.32627,0.32557,0.32594,4032.0
2025-11-30 19:15:00,0.32594,0.32608,0.32563,0.32582,1219.7
2025-11-30 19:30:00,0.32545,0.32621,0.32545,0.32554,20387.6
2025-11-30 19:45:00,0.32523,0.32555,0.32435,0.32491,3603.7
2025-11-30 20:00:00,0.32502,0.32695,0.32485,0.3269,29586.6
2025-11-30 20:15:00,0.32673,0.32714,0.32433,0.32448,26193.6
2025-11-30 20:30:00,0.32512,0.32512,0.32364,0.32414,17690.6
2025-11-30 20:45:00,0.32436,0.32473,0.32395,0.32472,1630.7
2025-11-30 21:00:00,0.32479,0.32508,0.32379,0.32417,1817.4
2025-11-30 21:15:00,0.32442,0.32483,0.32313,0.32345,7875.4
2025-11-30 21:30:00,0.32369,0.32468,0.32349,0.32401,7122.5
2025-11-30 21:45:00,0.32405,0.32425,0.32366,0.32366,2170.2
2025-11-30 22:00:00,0.32394,0.32642,0.32394,0.32603,20818.0
2025-11-30 22:15:00,0.326,0.32626,0.32555,0.32555,14060.4
2025-11-30 22:30:00,0.32542,0.32542,0.32332,0.32388,2512.4
2025-11-30 22:45:00,0.32369,0.32521,0.32266,0.32487,28945.5
2025-11-30 23:00:00,0.32506,0.32506,0.3226,0.32315,4559.6
2025-11-30 23:15:00,0.32307,0.32312,0.32041,0.32086,20872.7
2025-11-30 23:30:00,0.32059,0.32094,0.31941,0.32049,8663.6
2025-11-30 23:45:00,0.32047,0.32113,0.31769,0.3182,355971.9
2025-12-01 00:00:00,0.31861,0.31973,0.30606,0.3076,847849.9
2025-12-01 00:15:00,0.3071,0.3076,0.30064,0.30239,229107.6
2025-12-01 00:30:00,0.30227,0.30275,0.29767,0.29827,78307.5
2025-12-01 00:45:00,0.29853,0.29853,0.29498,0.29632,161972.3
2025-12-01 01:00:00,0.29567,0.30008,0.29545,0.29824,57394.6
2025-12-01 01:15:00,0.29824,0.30002,0.29796,0.29796,26521.7
2025-12-01 01:30:00,0.29799,0.29854,0.29702,0.2982,40266.3
2025-12-01 01:45:00,0.29806,0.29829,0.29622,0.29622,11236.5
2025-12-01 02:00:00,0.29604,0.29876,0.29604,0.29728,73640.3
2025-12-01 02:15:00,0.29709,0.29831,0.29705,0.29788,125649.0
2025-12-01 02:30:00,0.29796,0.2983,0.29573,0.29824,42579.3
2025-12-01 02:45:00,0.2978,0.2978,0.29629,0.29638,7486.0
2025-12-01 03:00:00,0.29614,0.2968,0.29449,0.29542,50003.7
2025-12-01 03:15:00,0.29522,0.29522,0.29406,0.29422,10125.7
2025-12-01 03:30:00,0.29404,0.29404,0.29114,0.29314,306891.3
2025-12-01 03:45:00,0.29313,0.29313,0.29179,0.29186,47049.1
2025-12-01 04:00:00,0.29143,0.29197,0.29084,0.29102,16015.4
2025-12-01 04:15:00,0.29056,0.29165,0.28981,0.28981,45538.0
2025-12-01 04:30:00,0.29041,0.29265,0.2903,0.29159,70879.4
2025-12-01 04:45:00,0.29168,0.29273,0.29098,0.29244,15023.7
2025-12-01 05:00:00,0.29222,0.29406,0.29199,0.29351,15591.9
2025-12-01 05:15:00,0.29332,0.29478,0.29231,0.29442,39997.1
2025-12-01 05:30:00,0.29442,0.29554,0.29345,0.29474,29132.0
2025-12-01 05:45:00,0.29464,0.29529,0.29364,0.29364,21323.0
2025-12-01 06:00:00,0.29378,0.29467,0.29317,0.29369,12436.0
2025-12-01 06:15:00,0.29346,0.29347,0.29247,0.29249,5769.4
2025-12-01 06:30:00,0.29277,0.29393,0.29257,0.29366,3161.8
2025-12-01 06:45:00,0.29337,0.29397,0.29292,0.29292,196044.6
2025-12-01 07:00:00,0.29295,0.2932,0.2923,0.29255,18584.1
2025-12-01 07:15:00,0.29251,0.29312,0.29176,0.29231,34378.6
2025-12-01 07:30:00,0.29221,0.29364,0.29198,0.29303,54756.8
2025-12-01 07:45:00,0.2934,0.29393,0.29294,0.2937,26834.5
2025-12-01 08:00:00,0.29351,0.29439,0.29308,0.29334,22703.3
2025-12-01 08:15:00,0.29316,0.29499,0.29316,0.29469,79108.0
2025-12-01 08:30:00,0.29472,0.29528,0.29391,0.29528,46862.3
2025-12-01 08:45:00,0.29539,0.29547,0.29439,0.29458,4095.7
2025-12-01 09:00:00,0.29446,0.2961,0.29406,0.2943,10105.6
2025-12-01 09:15:00,0.29429,0.29452,0.29346,0.2938,2610.8
2025-12-01 09:30:00,0.29363,0.29364,0.29313,0.29337,7723.3
2025-12-01 09:45:00,0.29328,0.29342,0.29226,0.29269,11501.9
2025-12-01 10:00:00,0.29278,0.29294,0.29259,0.29262,1550.5
2025-12-01 10:15:00,0.29258,0.29291,0.29244,0.2928,2465.9
2025-12-01 10:30:00,0.29266,0.293,0.29219,0.29219,2331.1
2025-12-01 10:45:00,0.29237,0.29238,0.29155,0.29172,1064.9
2025-12-01 11:00:00,0.29163,0.29177,0.28807,0.28863,151392.7
2025-12-01 11:15:00,0.28887,0.28939,0.28881,0.28881,3698.4
2025-12-01 11:30:00,0.28869,0.28869,0.28786,0.28794,5694.2
2025-12-01 11:45:00,0.28788,0.28819,0.2874,0.28793,5385.7
2025-12-01 12:00:00,0.28805,0.28806,0.28665,0.28727,36565.5
2025-12-01 12:15:00,0.28727,0.28788,0.28708,0.28717,12831.9
2025-12-01 12:30:00,0.28725,0.28756,0.2862,0.28675,50335.0
2025-12-01 12:45:00,0.28684,0.29,0.28486,0.28969,262608.7
2025-12-01 13:00:00,0.28979,0.29339,0.28972,0.29071,103513.4
2025-12-01 13:15:00,0.29102,0.29158,0.28963,0.28984,45248.2
2025-12-01 13:30:00,0.28954,0.28962,0.28882,0.2892,20542.7
2025-12-01 13:45:00,0.28888,0.28917,0.28811,0.28896,4346.0
2025-12-01 14:00:00,0.28871,0.28961,0.28821,0.28892,20986.6
2025-12-01 14:15:00,0.28891,0.28891,0.28788,0.28875,4230.1
2025-12-01 14:30:00,0.28816,0.29174,0.28749,0.28957,47632.6
2025-12-01 14:45:00,0.28876,0.29,0.28841,0.28841,8822.0
2025-12-01 15:00:00,0.28836,0.28849,0.28597,0.28597,13850.7
2025-12-01 15:15:00,0.28607,0.28685,0.28268,0.2829,434304.3
2025-12-01 15:30:00,0.2827,0.28341,0.27931,0.28003,367209.7
2025-12-01 15:45:00,0.27983,0.28509,0.27923,0.28332,151833.7
2025-12-01 16:00:00,0.28373,0.28373,0.28108,0.28129,114609.7
2025-12-01 16:15:00,0.28169,0.28232,0.28065,0.28165,339989.2
2025-12-01 16:30:00,0.28139,0.2846,0.28126,0.28318,104160.6
2025-12-01 16:45:00,0.28288,0.28288,0.28052,0.28052,10317.4
2025-12-01 17:00:00,0.28074,0.28165,0.27977,0.27977,9096.3
2025-12-01 17:15:00,0.27901,0.27988,0.27841,0.27967,396025.5
2025-12-01 17:30:00,0.27918,0.27918,0.27766,0.27916,90150.7
2025-12-01 17:45:00,0.27906,0.27998,0.27737,0.27741,27106.6
2025-12-01 18:00:00,0.27767,0.28106,0.27767,0.28106,29534.8
2025-12-01 18:15:00,0.2813,0.28146,0.27953,0.2802,11463.6
2025-12-01 18:30:00,0.28024,0.28029,0.27928,0.27928,11620.2
2025-12-01 18:45:00,0.27948,0.28201,0.27887,0.28134,122572.1
2025-12-01 19:00:00,0.28119,0.28119,0.27984,0.28105,10913.2
2025-12-01 19:15:00,0.28125,0.28159,0.27966,0.27966,4838.7
2025-12-01 19:30:00,0.28002,0.28172,0.28002,0.28011,3714.9
2025-12-01 19:45:00,0.2801,0.28098,0.27969,0.28045,7151.9
2025-12-01 20:00:00,0.28089,0.28514,0.2808,0.28421,38828.0
2025-12-01 20:15:00,0.284,0.2841,0.28309,0.28309,5820.1
2025-12-01 20:30:00,0.28305,0.28409,0.28275,0.28348,2334.5
2025-12-01 20:45:00,0.28335,0.28376,0.28293,0.28293,1991.1
2025-12-01 21:00:00,0.28371,0.28468,0.28274,0.28326,11870.5
2025-12-01 21:15:00,0.28336,0.2875,0.28336,0.28658,17602.2
2025-12-01 21:30:00,0.28662,0.28785,0.28648,0.28754,14521.1
2025-12-01 21:45:00,0.28707,0.28707,0.28605,0.28642,10538.0
2025-12-01 22:00:00,0.28638,0.28805,0.28638,0.28649,12141.6
2025-12-01 22:15:00,0.28731,0.28741,0.28619,0.28705,4767.5
2025-12-01 22:30:00,0.28716,0.28731,0.28584,0.28717,5872.1
2025-12-01 22:45:00,0.28706,0.28828,0.28706,0.28711,5181.2
2025-12-01 23:00:00,0.28693,0.28825,0.28647,0.28668,5443.4
2025-12-01 23:15:00,0.28676,0.28807,0.28676,0.28797,4595.3
2025-12-01 23:30:00,0.2883,0.28845,0.28736,0.28756,3168.6
2025-12-01 23:45:00,0.28744,0.28764,0.28685,0.28703,3187.8
2025-12-02 00:00:00,0.28722,0.28782,0.28698,0.28726,76597.0
2025-12-02 00:15:00,0.28703,0.2874,0.2861,0.28628,3083.0
2025-12-02 00:30:00,0.28637,0.28735,0.28602,0.28602,8649.7
2025-12-02 00:45:00,0.28602,0.28678,0.28523,0.28524,12526.4
2025-12-02 01:00:00,0.28508,0.2892,0.28487,0.28579,12775.3
2025-12-02 01:15:00,0.2861,0.28621,0.28529,0.28579,3800.5
2025-12-02 01:30:00,0.28574,0.28629,0.28505,0.28552,4047.1
2025-12-02 01:45:00,0.2857,0.2857,0.28491,0.285,2798.5
2025-12-02 02:00:00,0.28508,0.28524,0.28381,0.28524,6315.2
2025-12-02 02:15:00,0.28584,0.28686,0.28584,0.28624,22048.5
2025-12-02 02:30:00,0.28613,0.28679,0.28582,0.28679,10109.5
2025-12-02 02:45:00,0.28711,0.28711,0.28565,0.28565,13112.8
2025-12-02 03:00:00,0.28584,0.28696,0.28565,0.28696,5404.5
2025-12-02 03:15:00,0.28685,0.28687,0.28495,0.28551,5259.1
2025-12-02 03:30:00,0.28552,0.28789,0.28505,0.28789,11543.3
2025-12-02 03:45:00,0.28779,0.28883,0.28779,0.28807,4429.5
2025-12-02 04:00:00,0.28885,0.28955,0.28847,0.28916,6208.0
2025-12-02 04:15:00,0.28878,0.28954,0.28878,0.28935,14200.4
2025-12-02 04:30:00,0.28915,0.28983,0.28904,0.28955,10914.3
2025-12-02 04:45:00,0.28983,0.28993,0.28904,0.28918,5712.6
2025-12-02 05:00:00,0.28919,0.28968,0.28823,0.28836,3317.3
2025-12-02 05:15:00,0.28834,0.28867,0.28765,0.28834,7606.5
2025-12-02 05:30:00,0.28798,0.28815,0.28727,0.28808,4609.1
2025-12-02 05:45:00,0.28786,0.28834,0.28745,0.28745,11373.3
2025-12-02 06:00:00,0.28764,0.28772,0.28637,0.28677,10909.8
2025-12-02 06:15:00,0.28676,0.28709,0.28585,0.28665,11261.4
2025-12-02 06:30:00,0.28696,0.28846,0.28686,0.28829,17496.3
2025-12-02 06:45:00,0.28837,0.28857,0.28807,0.28846,3577.0
2025-12-02 07:00:00,0.28837,0.28861,0.28805,0.2885,1594.1
2025-12-02 07:15:00,0.2884,0.28859,0.28751,0.28751,3600.9
2025-12-02 07:30:00,0.28788,0.28817,0.2875,0.28798,3916.5
2025-12-02 07:45:00,0.2876,0.28819,0.2876,0.28774,3556.1
2025-12-02 08:00:00,0.28778,0.2879,0.28583,0.28583,57793.1
2025-12-02 08:15:00,0.28582,0.28602,0.28486,0.28487,23361.0
2025-12-02 08:30:00,0.28486,0.28496,0.28366,0.28472,64951.1
2025-12-02 08:45:00,0.28474,0.28573,0.28402,0.28447,41861.9
2025-12-02 09:00:00,0.28456,0.28705,0.28456,0.28552,17958.7
2025-12-02 09:15:00,0.28545,0.28689,0.28501,0.28667,13947.0
2025-12-02 09:30:00,0.28629,0.28629,0.28571,0.28571,14998.6
2025-12-02 09:45:00,0.28557,0.28631,0.28557,0.28597,34908.6
2025-12-02 10:00:00,0.28576,0.28746,0.28568,0.28647,14748.6
2025-12-02 10:15:00,0.28656,0.28663,0.28582,0.28582,15282.6
2025-12-02 10:30:00,0.28612,0.28671,0.28607,0.28671,15289.0
2025-12-02 10:45:00,0.28681,0.2892,0.28671,0.28802,20698.4
2025-12-02 11:00:00,0.28821,0.28854,0.28767,0.28788,16417.4
2025-12-02 11:15:00,0.28783,0.28966,0.2874,0.28966,26970.6
2025-12-02 11:30:00,0.28946,0.28975,0.2887,0.28937,12178.2
2025-12-02 11:45:00,0.28947,0.29138,0.28947,0.29081,87866.7
2025-12-02 12:00:00,0.29132,0.29184,0.29051,0.29108,39330.8
2025-12-02 12:15:00,0.29089,0.29121,0.29004,0.29065,139813.4
2025-12-02 12:30:00,0.29063,0.29114,0.28983,0.29071,16892.6
2025-12-02 12:45:00,0.29073,0.29202,0.29072,0.29191,12374.7
2025-12-02 13:00:00,0.29209,0.29315,0.2913,0.29292,24603.0
2025-12-02 13:15:00,0.29323,0.29522,0.29323,0.2947,64929.5
2025-12-02 13:30:00,0.29461,0.29506,0.2941,0.29456,37594.2
2025-12-02 13:45:00,0.29462,0.29503,0.29332,0.29433,14959.3
2025-12-02 14:00:00,0.29425,0.29573,0.29368,0.29514,40576.4
2025-12-02 14:15:00,0.29541,0.29742,0.29492,0.29663,62478.9
2025-12-02 14:30:00,0.29664,0.2994,0.29614,0.2994,68026.0
2025-12-02 14:45:00,0.29965,0.30205,0.29965,0.302,42446.7
2025-12-02 15:00:00,0.30205,0.31234,0.30205,0.31119,684967.2
2025-12-02 15:15:00,0.31119,0.3153,0.31119,0.31128,161376.6
2025-12-02 15:30:00,0.31241,0.31843,0.31125,0.3172,337271.0
2025-12-02 15:45:00,0.31787,0.31988,0.31736,0.31905,85583.1
2025-12-02 16:00:00,0.31953,0.32182,0.31839,0.31887,23450.8
2025-12-02 16:15:00,0.31852,0.31853,0.314,0.31546,1492522.1
2025-12-02 16:30:00,0.31553,0.31806,0.31553,0.31701,16388.9
2025-12-02 16:45:00,0.31666,0.31925,0.31649,0.31864,89517.0
2025-12-02 17:00:00,0.31874,0.3198,0.31806,0.31901,38994.4
2025-12-02 17:15:00,0.31905,0.32072,0.31839,0.32054,18135.9
2025-12-02 17:30:00,0.321,0.32122,0.31923,0.31923,22380.0
2025-12-02 17:45:00,0.31923,0.31952,0.31827,0.3188,15132.1
2025-12-02 18:00:00,0.31944,0.3199,0.31796,0.31895,25642.9
2025-12-02 18:15:00,0.31817,0.31951,0.31798,0.31812,40487.4
2025-12-02 18:30:00,0.3184,0.31925,0.3174,0.31791,17313.7
2025-12-02 18:45:00,0.3178,0.31811,0.31649,0.31729,30800.2
2025-12-02 19:00:00,0.3175,0.31861,0.31711,0.3173,26473.9
2025-12-02 19:15:00,0.31735,0.31794,0.31723,0.31753,7541.6
2025-12-02 19:30:00,0.31714,0.31932,0.31714,0.31873,9226.9
2025-12-02 19:45:00,0.31835,0.31835,0.31654,0.31654,2486.1
2025-12-02 20:00:00,0.31647,0.31647,0.31482,0.31502,64546.9
2025-12-02 20:15:00,0.31502,0.31519,0.314,0.314,17574.8
2025-12-02 20:30:00,0.31342,0.31437,0.31179,0.31237,46523.7
2025-12-02 20:45:00,0.31284,0.31413,0.31241,0.31413,16026.6
2025-12-02 21:00:00,0.31403,0.31589,0.31403,0.31589,6264.7
2025-12-02 21:15:00,0.31589,0.31594,0.31428,0.31464,2133.2
2025-12-02 21:30:00,0.31472,0.31473,0.31407,0.31454,2337.0
2025-12-02 21:45:00,0.31455,0.31475,0.31394,0.31464,4260.2
2025-12-02 22:00:00,0.31457,0.31654,0.31457,0.31571,26751.2
2025-12-02 22:15:00,0.31584,0.31662,0.31561,0.3165,1772.2
2025-12-02 22:30:00,0.3166,0.31892,0.3166,0.31759,5566.3
2025-12-02 22:45:00,0.31749,0.31908,0.3174,0.31908,1774.6
2025-12-02 23:00:00,0.31899,0.31923,0.3184,0.3184,4935.0
2025-12-02 23:15:00,0.31833,0.31868,0.3177,0.31789,151430.9
2025-12-02 23:30:00,0.31813,0.31813,0.31636,0.31639,3773.4
2025-12-02 23:45:00,0.31626,0.31673,0.31609,0.31638,1873.8
2025-12-03 00:00:00,0.31679,0.31822,0.31679,0.3174,113874.2
2025-12-03 00:15:00,0.31775,0.31775,0.31637,0.31653,1580.0
2025-12-03 00:30:00,0.31652,0.3176,0.31543,0.3176,31686.5
2025-12-03 00:45:00,0.3179,0.3179,0.31611,0.31611,1569.8
2025-12-03 01:00:00,0.31623,0.31657,0.31584,0.31657,1556.7
2025-12-03 01:15:00,0.31651,0.31655,0.31526,0.31582,3120.8
2025-12-03 01:30:00,0.31602,0.31611,0.31517,0.31531,1067.2
2025-12-03 01:45:00,0.31555,0.31725,0.31555,0.31642,4209.1
2025-12-03 02:00:00,0.31657,0.3188,0.31637,0.3188,8027.0
2025-12-03 02:15:00,0.31821,0.3191,0.31782,0.31891,3866.3
2025-12-03 02:30:00,0.3182,0.31829,0.31748,0.31809,3804.5
2025-12-03 02:45:00,0.31794,0.31822,0.31716,0.31745,6156.8
2025-12-03 03:00:00,0.31763,0.3195,0.31736,0.3176,3618.4
2025-12-03 03:15:00,0.31781,0.31841,0.31743,0.31777,2019.9
2025-12-03 03:30:00,0.318,0.31819,0.31699,0.31702,2035.4
2025-12-03 03:45:00,0.31678,0.31726,0.31654,0.31654,1785.9
2025-12-03 04:00:00,0.31666,0.31698,0.31589,0.31668,68636.7
2025-12-03 04:15:00,0.31651,0.31915,0.31651,0.31783,9225.4
2025-12-03 04:30:00,0.31722,0.31855,0.31701,0.31855,50134.9
2025-12-03 04:45:00,0.31865,0.32093,0.31865,0.32009,40147.2
2025-12-03 05:00:00,0.32032,0.32182,0.32032,0.32074,9043.6
2025-12-03 05:15:00,0.31964,0.32064,0.31964,0.32023,8300.8
2025-12-03 05:30:00,0.32032,0.32159,0.31963,0.32092,43792.7
2025-12-03 05:45:00,0.32088,0.32146,0.32039,0.32039,1198.3
2025-12-03 06:00:00,0.32063,0.32365,0.32063,0.32276,13108.7
2025-12-03 06:15:00,0.32324,0.32531,0.32323,0.32531,46555.8
2025-12-03 06:30:00,0.32565,0.32565,0.3223,0.3223,14520.4
2025-12-03 06:45:00,0.32243,0.32243,0.3209,0.32169,9705.1
2025-12-03 07:00:00,0.32161,0.32225,0.32129,0.32149,41412.5
2025-12-03 07:15:00,0.32115,0.32196,0.32096,0.32129,7542.5
2025-12-03 07:30:00,0.32095,0.32095,0.31908,0.3196,19049.5
2025-12-03 07:45:00,0.31952,0.31961,0.31882,0.31911,2167.6
2025-12-03 08:00:00,0.32016,0.3208,0.31957,0.32036,29981.4
2025-12-03 08:15:00,0.32027,0.32058,0.31938,0.31987,40631.8
2025-12-03 08:30:00,0.3202,0.32156,0.3202,0.32156,43216.5
2025-12-03 08:45:00,0.3216,0.32244,0.3216,0.32183,2142.1
2025-12-03 09:00:00,0.32216,0.32303,0.32184,0.32297,1109.8
2025-12-03 09:15:00,0.32276,0.32292,0.32169,0.32169,3889.6
2025-12-03 09:30:00,0.3217,0.32209,0.32083,0.32209,28208.9
2025-12-03 09:45:00,0.32202,0.32246,0.32179,0.32235,1638.8
2025-12-03 10:00:00,0.32224,0.32331,0.32215,0.32261,53015.2
2025-12-03 10:15:00,0.32243,0.32399,0.32233,0.32317,36840.4
2025-12-03 10:30:00,0.32342,0.32342,0.32059,0.32063,10610.3
2025-12-03 10:45:00,0.32073,0.32112,0.31988,0.32007,10287.0
2025-12-03 11:00:00,0.32059,0.32097,0.31983,0.32042,1380.5
2025-12-03 11:15:00,0.32034,0.32107,0.31939,0.32078,6106.2
2025-12-03 11:30:00,0.32065,0.32105,0.32025,0.3204,9434.7
2025-12-03 11:45:00,0.32058,0.32158,0.32048,0.32126,31890.0
2025-12-03 12:00:00,0.32144,0.32202,0.32082,0.3211,4144.6
2025-12-03 12:15:00,0.32105,0.3216,0.32001,0.32001,9905.2
2025-12-03 12:30:00,0.32019,0.32019,0.31858,0.31931,9261.9
2025-12-03 12:45:00,0.31917,0.31961,0.31892,0.31941,13005.3
2025-12-03 13:00:00,0.31934,0.31989,0.31911,0.31938,944.0
2025-12-03 13:15:00,0.31957,0.32018,0.31936,0.32007,1184.2
2025-12-03 13:30:00,0.31944,0.32046,0.31916,0.32046,28151.1
2025-12-03 13:45:00,0.32013,0.32023,0.31929,0.31938,1436.6
2025-12-03 14:00:00,0.31985,0.31985,0.31239,0.31538,49593.5
2025-12-03 14:15:00,0.31535,0.31726,0.31535,0.31716,2355.1
2025-12-03 14:30:00,0.31713,0.32416,0.31474,0.32272,55189.0
2025-12-03 14:45:00,0.32172,0.32172,0.31762,0.31838,3309.0
2025-12-03 15:00:00,0.3191,0.32059,0.31747,0.31747,7407.9
2025-12-03 15:15:00,0.31828,0.32039,0.31767,0.31928,7669.1
2025-12-03 15:30:00,0.31913,0.32079,0.31913,0.32036,5366.7
2025-12-03 15:45:00,0.32046,0.32116,0.32009,0.32064,1802.5
2025-12-03 16:00:00,0.32099,0.32162,0.31868,0.31893,17595.1
2025-12-03 16:15:00,0.31891,0.31975,0.31876,0.31894,8613.5
2025-12-03 16:30:00,0.31912,0.32261,0.31912,0.32223,35722.2
2025-12-03 16:45:00,0.32203,0.32239,0.32095,0.32107,2367.2
2025-12-03 17:00:00,0.32114,0.32284,0.32114,0.32257,18701.2
2025-12-03 17:15:00,0.32288,0.32288,0.32114,0.32196,5491.2
2025-12-03 17:30:00,0.32215,0.32444,0.32215,0.32376,6934.3
2025-12-03 17:45:00,0.32403,0.32512,0.32403,0.32478,9159.1
2025-12-03 18:00:00,0.32516,0.32728,0.32516,0.32677,12486.5
2025-12-03 18:15:00,0.32658,0.32658,0.32471,0.32602,8469.2
2025-12-03 18:30:00,0.32538,0.32623,0.32522,0.32609,1500.8
2025-12-03 18:45:00,0.32538,0.32544,0.32254,0.32369,49884.0
2025-12-03 19:00:00,0.32319,0.32401,0.32278,0.32294,20703.6
2025-12-03 19:15:00,0.32304,0.32355,0.32279,0.32323,2805.6
2025-12-03 19:30:00,0.32274,0.32372,0.32191,0.32263,7083.7
2025-12-03 19:45:00,0.32302,0.3244,0.32293,0.32378,7284.8
2025-12-03 20:00:00,0.32367,0.3241,0.32286,0.32289,6869.3
2025-12-03 20:15:00,0.32307,0.32316,0.322,0.32242,2103.6
2025-12-03 20:30:00,0.3222,0.32322,0.3222,0.3229,979.2
2025-12-03 20:45:00,0.3232,0.3256,0.32311,0.32363,11629.9
2025-12-03 21:00:00,0.32333,0.32432,0.32305,0.32423,7684.8
2025-12-03 21:15:00,0.32429,0.32529,0.32428,0.32497,13182.1
2025-12-03 21:30:00,0.32488,0.32534,0.32425,0.32534,5384.0
2025-12-03 21:45:00,0.32483,0.32774,0.32442,0.32774,20866.7
2025-12-03 22:00:00,0.3276,0.32901,0.32573,0.32767,25880.7
2025-12-03 22:15:00,0.32745,0.32834,0.32677,0.32694,5844.0
2025-12-03 22:30:00,0.32743,0.32743,0.32623,0.32695,5321.0
2025-12-03 22:45:00,0.32754,0.331,0.32754,0.33005,27582.4
2025-12-03 23:00:00,0.33037,0.33241,0.32979,0.33008,13884.2
2025-12-03 23:15:00,0.32966,0.33007,0.32869,0.32902,1578.5
2025-12-03 23:30:00,0.32898,0.32898,0.32811,0.32851,7505.8
2025-12-03 23:45:00,0.3286,0.32876,0.32674,0.32715,34567.8
2025-12-04 00:00:00,0.32731,0.32782,0.32558,0.32558,51918.4
2025-12-04 00:15:00,0.32552,0.3269,0.32552,0.32621,11819.5
2025-12-04 00:30:00,0.32632,0.32658,0.32522,0.32649,1518.5
2025-12-04 00:45:00,0.32628,0.32727,0.32579,0.32627,4991.2
2025-12-04 01:00:00,0.32612,0.32999,0.3255,0.32999,24641.3
2025-12-04 01:15:00,0.3302,0.33027,0.32712,0.32753,37815.8
2025-12-04 01:30:00,0.32756,0.32813,0.32738,0.32751,12585.8
2025-12-04 01:45:00,0.3267,0.3267,0.32552,0.32552,8636.3
2025-12-04 02:00:00,0.32574,0.32667,0.32553,0.32667,18498.9
2025-12-04 02:15:00,0.32678,0.32775,0.32666,0.32726,754.7
2025-12-04 02:30:00,0.32742,0.3278,0.32673,0.3271,2619.1
2025-12-04 02:45:00,0.3272,0.32726,0.32665,0.32693,2503.7
2025-12-04 03:00:00,0.32688,0.32776,0.32639,0.32679,1114.9
2025-12-04 03:15:00,0.32631,0.32679,0.32585,0.32601,1747.5
2025-12-04 03:30:00,0.3259,0.3259,0.32497,0.32497,3949.4
2025-12-04 03:45:00,0.32483,0.32559,0.32458,0.32526,4169.6
2025-12-04 04:00:00,0.32537,0.32611,0.32514,0.32514,1951.3
2025-12-04 04:15:00,0.32503,0.32503,0.324,0.32433,2244.4
2025-12-04 04:30:00,0.32455,0.32471,0.32358,0.32419,10022.7
2025-12-04 04:45:00,0.324,0.32426,0.32354,0.32426,1314.6
2025-12-04 05:00:00,0.32483,0.32483,0.3234,0.32401,4371.1
2025-12-04 05:15:00,0.32431,0.32491,0.32343,0.32481,4062.6
2025-12-04 05:30:00,0.32521,0.3253,0.32418,0.32418,1707.2
2025-12-04 05:45:00,0.32433,0.32498,0.32373,0.32488,11418.4
2025-12-04 06:00:00,0.32545,0.32545,0.32457,0.32536,2449.1
2025-12-04 06:15:00,0.32546,0.32662,0.32491,0.32612,1700.2
2025-12-04 06:30:00,0.3266,0.32805,0.3266,0.32774,3479.3
2025-12-04 06:45:00,0.32773,0.32833,0.32733,0.32801,32893.0
2025-12-04 07:00:00,0.32783,0.32783,0.32528,0.3259,1523.8
2025-12-04 07:15:00,0.32593,0.32671,0.32523,0.32642,5278.3
2025-12-04 07:30:00,0.32662,0.32793,0.32642,0.32772,7915.1
2025-12-04 07:45:00,0.32773,0.32822,0.32713,0.32783,1136.3
2025-12-04 08:00:00,0.32769,0.3279,0.32566,0.32573,23739.1
2025-12-04 08:15:00,0.32555,0.32673,0.32555,0.32614,3544.5
2025-12-04 08:30:00,0.32591,0.32729,0.32563,0.32702,18513.2
2025-12-04 08:45:00,0.32702,0.32702,0.32573,0.32632,44779.1
2025-12-04 09:00:00,0.32686,0.32966,0.32652,0.32826,40625.5
2025-12-04 09:15:00,0.32822,0.3283,0.32725,0.32767,2518.1
2025-12-04 09:30:00,0.32767,0.32846,0.32746,0.32805,1577.1
2025-12-04 09:45:00,0.32794,0.32835,0.32746,0.32746,8946.6
2025-12-04 10:00:00,0.3276,0.32862,0.3276,0.32809,4515.4
2025-12-04 10:15:00,0.32776,0.32781,0.32707,0.32728,12958.9
2025-12-04 10:30:00,0.32718,0.3274,0.32615,0.32645,1354.6
2025-12-04 10:45:00,0.32648,0.32685,0.32539,0.32576,12002.6
2025-12-04 11:00:00,0.32523,0.32602,0.32523,0.32548,1849.6
2025-12-04 11:15:00,0.32563,0.32571,0.32463,0.32532,1906.7
2025-12-04 11:30:00,0.32553,0.32575,0.32416,0.32441,3067.2
2025-12-04 11:45:00,0.32421,0.32569,0.324,0.32539,12099.3
2025-12-04 12:00:00,0.32538,0.32591,0.32474,0.32494,1072.7
2025-12-04 12:15:00,0.32503,0.32519,0.3233,0.3233,1113.9
2025-12-04 12:30:00,0.32346,0.32469,0.32343,0.3243,2804.6
2025-12-04 12:45:00,0.3243,0.3246,0.32374,0.32406,1418.8
2025-12-04 13:00:00,0.32432,0.32515,0.32372,0.324,8334.8
2025-12-04 13:15:00,0.32433,0.32571,0.32433,0.32508,18339.1
2025-12-04 13:30:00,0.32475,0.32528,0.32298,0.32333,11999.9
2025-12-04 13:45:00,0.32344,0.32344,0.32213,0.32284,4487.0
2025-12-04 14:00:00,0.32298,0.32423,0.32268,0.32354,10800.3
2025-12-04 14:15:00,0.32346,0.32526,0.32346,0.32526,3433.2
2025-12-04 14:30:00,0.3247,0.32504,0.32321,0.32402,8387.4
2025-12-04 14:45:00,0.32389,0.32423,0.32155,0.3221,27307.5
2025-12-04 15:00:00,0.32184,0.32579,0.32184,0.3255,22647.0
2025-12-04 15:15:00,0.3254,0.32617,0.32346,0.32428,5570.1
2025-12-04 15:30:00,0.32439,0.32985,0.32426,0.3281,9676.6
2025-12-04 15:45:00,0.32841,0.32873,0.3268,0.32862,6495.7
2025-12-04 16:00:00,0.32864,0.32864,0.32559,0.32701,12096.8
2025-12-04 16:15:00,0.32719,0.32982,0.32719,0.32758,28401.6
2025-12-04 16:30:00,0.32727,0.32731,0.32532,0.32551,6768.6
2025-12-04 16:45:00,0.32577,0.32642,0.3247,0.32558,5880.5
2025-12-04 17:00:00,0.32567,0.3259,0.32434,0.32527,49258.6
2025-12-04 17:15:00,0.32566,0.32566,0.32475,0.32498,2203.4
2025-12-04 17:30:00,0.32483,0.32548,0.32215,0.32344,15601.3
2025-12-04 17:45:00,0.32364,0.32528,0.32321,0.32527,7309.7
2025-12-04 18:00:00,0.32564,0.32711,0.32441,0.32711,13298.7
2025-12-04 18:15:00,0.32648,0.3279,0.32571,0.3278,3600.9
2025-12-04 18:30:00,0.3273,0.32756,0.32463,0.32471,2550.0
2025-12-04 18:45:00,0.32475,0.3253,0.32401,0.32519,6144.6
2025-12-04 19:00:00,0.32521,0.32538,0.31823,0.31823,84294.8
2025-12-04 19:15:00,0.31873,0.31935,0.31533,0.31865,17190.8
2025-12-04 19:30:00,0.31841,0.32214,0.31841,0.32149,6082.4
2025-12-04 19:45:00,0.322,0.32282,0.32129,0.32129,15070.8
2025-12-04 20:00:00,0.32125,0.32224,0.31996,0.32118,10697.4
2025-12-04 20:15:00,0.32072,0.32206,0.32039,0.32074,12436.6
2025-12-04 20:30:00,0.32083,0.32185,0.32072,0.32161,4824.4
2025-12-04 20:45:00,0.32151,0.32352,0.32151,0.32233,10407.7
2025-12-04 21:00:00,0.32239,0.32317,0.32207,0.32207,9569.5
2025-12-04 21:15:00,0.3224,0.3228,0.32129,0.32129,1474.0
2025-12-04 21:30:00,0.3213,0.32176,0.32047,0.32047,5458.0
2025-12-04 21:45:00,0.32047,0.32047,0.31881,0.31881,13415.6
2025-12-04 22:00:00,0.31881,0.32068,0.31881,0.32047,3139.6
2025-12-04 22:15:00,0.32037,0.32086,0.31999,0.32057,4004.3
2025-12-04 22:30:00,0.32068,0.3221,0.32068,0.32131,9771.4
2025-12-04 22:45:00,0.32131,0.3223,0.32075,0.32138,6949.8
2025-12-04 23:00:00,0.32097,0.32124,0.32,0.32046,7545.2
2025-12-04 23:15:00,0.32038,0.3208,0.3201,0.32024,3956.5
2025-12-04 23:30:00,0.32005,0.32042,0.31881,0.31916,11124.8
2025-12-04 23:45:00,0.31901,0.31933,0.31823,0.3184,7537.9
2025-12-05 00:00:00,0.31857,0.31998,0.31857,0.31888,43250.4
2025-12-05 00:15:00,0.31898,0.32096,0.31859,0.31989,8077.4
2025-12-05 00:30:00,0.31975,0.32098,0.31975,0.32092,12538.4
2025-12-05 00:45:00,0.32044,0.32082,0.31973,0.3201,6973.5
2025-12-05 01:00:00,0.32,0.32168,0.31991,0.32018,6884.1
2025-12-05 01:15:00,0.32032,0.32218,0.32032,0.32149,15553.8
2025-12-05 01:30:00,0.32123,0.32146,0.32076,0.32104,8749.9
2025-12-05 01:45:00,0.32088,0.32173,0.32045,0.32061,3505.4
2025-12-05 02:00:00,0.3202,0.32066,0.31999,0.32049,4002.3
2025-12-05 02:15:00,0.32111,0.32311,0.32111,0.3231,3529.6
2025-12-05 02:30:00,0.32291,0.32362,0.3227,0.32294,141940.4
2025-12-05 02:45:00,0.32275,0.32293,0.32192,0.32197,60405.3
2025-12-05 03:00:00,0.32215,0.32248,0.32155,0.32238,1536.4
2025-12-05 03:15:00,0.32213,0.32218,0.32081,0.32095,3001.0
2025-12-05 03:30:00,0.32083,0.32121,0.3203,0.3203,2399.5
2025-12-05 03:45:00,0.32027,0.32085,0.31986,0.32038,9003.7
2025-12-05 04:00:00,0.32043,0.32126,0.32043,0.32084,4863.6
2025-12-05 04:15:00,0.32074,0.32074,0.31873,0.31874,3129.9
2025-12-05 04:30:00,0.31901,0.31901,0.31724,0.31762,179443.2
2025-12-05 04:45:00,0.31742,0.3193,0.31665,0.31869,161394.3
2025-12-05 05:00:00,0.31853,0.31995,0.31851,0.31937,19587.8
2025-12-05 05:15:00,0.31938,0.31966,0.31824,0.31842,3858.2
2025-12-05 05:30:00,0.31848,0.31922,0.31848,0.31922,21126.0
2025-12-05 05:45:00,0.31903,0.31915,0.31882,0.31907,15417.6
2025-12-05 06:00:00,0.31912,0.32231,0.31912,0.32195,34069.3
2025-12-05 06:15:00,0.32152,0.32231,0.32149,0.32215,9192.1
2025-12-05 06:30:00,0.32203,0.32312,0.32112,0.3223,1964.8
2025-12-05 06:45:00,0.32217,0.32283,0.32195,0.32283,1961.6
2025-12-05 07:00:00,0.32262,0.32545,0.32262,0.32438,9213.7
2025-12-05 07:15:00,0.32457,0.32457,0.32371,0.32396,2216.0
2025-12-05 07:30:00,0.32409,0.3246,0.32395,0.32419,2264.1
2025-12-05 07:45:00,0.32415,0.32538,0.32404,0.32505,2113.9
2025-12-05 08:00:00,0.32512,0.32593,0.32439,0.32593,30768.8
2025-12-05 08:15:00,0.32519,0.32532,0.3244,0.3251,26065.0
2025-12-05 08:30:00,0.32512,0.32521,0.32346,0.32395,10418.0
2025-12-05 08:45:00,0.32376,0.32412,0.3235,0.32367,1851.2
2025-12-05 09:00:00,0.32359,0.32369,0.3216,0.3218,8996.1
2025-12-05 09:15:00,0.32131,0.32131,0.31802,0.31813,13250.2
2025-12-05 09:30:00,0.31788,0.31806,0.3153,0.3153,129076.7
2025-12-05 09:45:00,0.31663,0.31686,0.31557,0.31616,22449.1
2025-12-05 10:00:00,0.31614,0.31842,0.31573,0.31802,18773.0
2025-12-05 10:15:00,0.31821,0.31968,0.31753,0.31887,42304.3
2025-12-05 10:30:00,0.31894,0.31944,0.31849,0.31935,5504.7
2025-12-05 10:45:00,0.31876,0.31886,0.31794,0.31865,6171.5
2025-12-05 11:00:00,0.31859,0.31905,0.31817,0.31905,52625.3
2025-12-05 11:15:00,0.31878,0.31886,0.31692,0.3179,26714.2
2025-12-05 11:30:00,0.31765,0.31777,0.31497,0.31523,17312.0
2025-12-05 11:45:00,0.31513,0.31716,0.31513,0.31628,37995.0
2025-12-05 12:00:00,0.31635,0.31651,0.31524,0.31551,35169.0
2025-12-05 12:15:00,0.3155,0.31665,0.3155,0.31648,26202.0
2025-12-05 12:30:00,0.31685,0.31855,0.31677,0.31761,28069.2
2025-12-05 12:45:00,0.3179,0.3187,0.31771,0.31854,4380.5
2025-12-05 13:00:00,0.31848,0.31986,0.31721,0.31887,15013.4
2025-12-05 13:15:00,0.31865,0.31873,0.31654,0.31672,5726.8
2025-12-05 13:30:00,0.3173,0.31735,0.31418,0.31459,34352.6
2025-12-05 13:45:00,0.314,0.31498,0.313,0.31337,16251.3
2025-12-05 14:00:00,0.31354,0.31466,0.3124,0.3124,20367.1
2025-12-05 14:15:00,0.31266,0.31312,0.31217,0.31312,5491.8
2025-12-05 14:30:00,0.3132,0.3148,0.31081,0.31159,33955.5
2025-12-05 14:45:00,0.31253,0.31319,0.31032,0.31114,57040.0
2025-12-05 15:00:00,0.31102,0.31873,0.31102,0.31619,69897.9
2025-12-05 15:15:00,0.31645,0.31707,0.31418,0.3147,16320.5
2025-12-05 15:30:00,0.31596,0.31744,0.31486,0.31496,23069.2
2025-12-05 15:45:00,0.31437,0.31549,0.31065,0.31168,21114.1
2025-12-05 16:00:00,0.31243,0.31244,0.30513,0.30682,409594.2
2025-12-05 16:15:00,0.30724,0.30878,0.30513,0.30671,16264.3
2025-12-05 16:30:00,0.30632,0.3066,0.29895,0.3002,75277.1
2025-12-05 16:45:00,0.30009,0.30146,0.29785,0.30116,66305.9
2025-12-05 17:00:00,0.30007,0.30143,0.29903,0.29947,18841.6
2025-12-05 17:15:00,0.29912,0.3004,0.29794,0.29794,7123.1
2025-12-05 17:30:00,0.29809,0.29956,0.29675,0.29827,12549.2
2025-12-05 17:45:00,0.29797,0.30108,0.2979,0.29954,49697.4
2025-12-05 18:00:00,0.29957,0.30185,0.29869,0.30061,52345.4
2025-12-05 18:15:00,0.30103,0.30103,0.29682,0.29751,16104.5
2025-12-05 18:30:00,0.29748,0.29753,0.29422,0.29498,24957.2
2025-12-05 18:45:00,0.29458,0.29601,0.29424,0.29455,15789.4
2025-12-05 19:00:00,0.2942,0.29624,0.29327,0.29592,16993.3
2025-12-05 19:15:00,0.29629,0.29838,0.29629,0.29798,9939.1
2025-12-05 19:30:00,0.29858,0.29906,0.29802,0.29833,6806.6
2025-12-05 19:45:00,0.29842,0.30002,0.29823,0.29844,18033.2
2025-12-05 20:00:00,0.29842,0.29916,0.29801,0.29916,20539.3
2025-12-05 20:15:00,0.2994,0.30031,0.2994,0.29968,10436.1
2025-12-05 20:30:00,0.29913,0.29937,0.29808,0.29808,10960.0
2025-12-05 20:45:00,0.29808,0.29808,0.29691,0.29748,2400.2
2025-12-05 21:00:00,0.29773,0.29946,0.29748,0.2992,11073.8
2025-12-05 21:15:00,0.29887,0.2996,0.29883,0.29891,14206.8
2025-12-05 21:30:00,0.29906,0.29959,0.29834,0.29856,2915.2
2025-12-05 21:45:00,0.29879,0.29898,0.29837,0.29869,5053.3
2025-12-05 22:00:00,0.2987,0.29913,0.29814,0.29874,4088.0
2025-12-05 22:15:00,0.2989,0.3006,0.2989,0.3006,4323.7
2025-12-05 22:30:00,0.30064,0.30132,0.30017,0.30102,11914.6
2025-12-05 22:45:00,0.3014,0.30181,0.30083,0.30095,8348.3
2025-12-05 23:00:00,0.30106,0.30108,0.29851,0.29943,21836.7
2025-12-05 23:15:00,0.29964,0.30103,0.29942,0.30103,2815.2
2025-12-05 23:30:00,0.30084,0.30129,0.30074,0.3009,5709.2
2025-12-05 23:45:00,0.30066,0.30075,0.30036,0.30036,3841.1
2025-12-06 00:00:00,0.3005,0.30059,0.29964,0.30048,42570.2
2025-12-06 00:15:00,0.30001,0.30037,0.299,0.30016,15037.7
2025-12-06 00:30:00,0.30048,0.30181,0.30044,0.30181,21350.8
2025-12-06 00:45:00,0.30155,0.30217,0.30131,0.30206,20094.4
2025-12-06 01:00:00,0.30149,0.30211,0.30107,0.30211,13108.8
2025-12-06 01:15:00,0.30225,0.30313,0.30171,0.30201,6008.6
2025-12-06 01:30:00,0.30164,0.30164,0.30088,0.30088,2030.8
2025-12-06 01:45:00,0.30099,0.30167,0.30042,0.3007,2134.3
2025-12-06 02:00:00,0.30058,0.30058,0.29957,0.30036,6321.7
2025-12-06 02:15:00,0.30045,0.30134,0.29993,0.30104,172693.5
2025-12-06 02:30:00,0.30121,0.30193,0.30089,0.30152,135220.7
2025-12-06 02:45:00,0.30142,0.30166,0.3011,0.30132,4777.7
2025-12-06 03:00:00,0.30137,0.30313,0.30133,0.3028,21103.1
2025-12-06 03:15:00,0.30243,0.3025,0.30133,0.30186,6165.8
2025-12-06 03:30:00,0.30187,0.30336,0.30187,0.30311,9447.7
2025-12-06 03:45:00,0.30286,0.30378,0.30261,0.30366,40844.4
2025-12-06 04:00:00,0.30375,0.30379,0.30259,0.30259,24522.1
2025-12-06 04:15:00,0.30255,0.30255,0.30067,0.30067,7211.6
2025-12-06 04:30:00,0.30071,0.30155,0.30042,0.30102,146640.7
2025-12-06 04:45:00,0.30101,0.30113,0.30067,0.30077,49751.4
2025-12-06 05:00:00,0.30084,0.30137,0.30061,0.3009,2759.6
2025-12-06 05:15:00,0.30074,0.30092,0.30026,0.30052,2242.7
2025-12-06 05:30:00,0.30051,0.30055,0.29971,0.30002,8911.1
2025-12-06 05:45:00,0.30017,0.30022,0.29989,0.30007,3185.2
2025-12-06 06:00:00,0.30001,0.30095,0.29955,0.30086,2496.9
2025-12-06 06:15:00,0.30086,0.30165,0.30036,0.30165,5123.2
2025-12-06 06:30:00,0.3016,0.30198,0.30128,0.30151,8606.9
2025-12-06 06:45:00,0.30143,0.30182,0.30143,0.30159,13355.6
2025-12-06 07:00:00,0.30162,0.30212,0.30162,0.30182,1931.4
2025-12-06 07:15:00,0.30182,0.30201,0.30121,0.30163,1107.8
2025-12-06 07:30:00,0.30131,0.30293,0.30105,0.30293,5876.9
2025-12-06 07:45:00,0.30361,0.30384,0.30331,0.30331,1872.4
2025-12-06 08:00:00,0.30344,0.30384,0.30092,0.30127,30123.5
2025-12-06 08:15:00,0.30206,0.30236,0.30107,0.30107,813.1
2025-12-06 08:30:00,0.30122,0.30144,0.30064,0.30129,7162.0
2025-12-06 08:45:00,0.30129,0.30136,0.29959,0.29959,7240.1
2025-12-06 09:00:00,0.30018,0.3029,0.30018,0.3029,55640.6
2025-12-06 09:15:00,0.30309,0.30368,0.30251,0.30368,2413.0
2025-12-06 09:30:00,0.30365,0.30439,0.30339,0.30408,3152.5
2025-12-06 09:45:00,0.30438,0.30471,0.304,0.30414,16416.8
2025-12-06 10:00:00,0.30353,0.30374,0.30265,0.30318,4856.3
2025-12-06 10:15:00,0.30302,0.30336,0.3019,0.3019,3853.4
2025-12-06 10:30:00,0.3018,0.30201,0.30146,0.30201,8653.6
2025-12-06 10:45:00,0.30204,0.30204,0.30122,0.30144,9296.4
2025-12-06 11:00:00,0.3014,0.30227,0.30087,0.30194,1593.0
2025-12-06 11:15:00,0.30207,0.30311,0.30196,0.30241,4264.5
2025-12-06 11:30:00,0.3028,0.30347,0.30264,0.30345,3704.8
2025-12-06 11:45:00,0.30333,0.30429,0.30333,0.30407,7511.8
2025-12-06 12:00:00,0.30404,0.3051,0.30388,0.30466,35956.3
2025-12-06 12:15:00,0.30428,0.30564,0.30407,0.30537,33095.9
2025-12-06 12:30:00,0.30575,0.30682,0.30575,0.30674,5124.4
2025-12-06 12:45:00,0.30683,0.30704,0.30623,0.30665,8862.5
2025-12-06 13:00:00,0.30673,0.30673,0.3055,0.30599,6403.8
2025-12-06 13:15:00,0.30607,0.3062,0.30558,0.30588,2868.0
2025-12-06 13:30:00,0.30593,0.30693,0.30583,0.30659,1799.4
2025-12-06 13:45:00,0.30651,0.30662,0.30569,0.3058,3499.4
2025-12-06 14:00:00,0.30586,0.3063,0.30505,0.3063,3695.1
2025-12-06 14:15:00,0.30631,0.31053,0.30631,0.30798,55539.9
2025-12-06 14:30:00,0.30848,0.30948,0.30837,0.30842,41383.2
2025-12-06 14:45:00,0.30912,0.30974,0.30858,0.30891,2670.7
2025-12-06 15:00:00,0.30903,0.30903,0.3074,0.30782,5715.4
2025-12-06 15:15:00,0.30765,0.30765,0.30637,0.30675,5756.3
2025-12-06 15:30:00,0.30657,0.30696,0.3058,0.30696,24338.5
2025-12-06 15:45:00,0.30688,0.30729,0.30609,0.30615,136723.3
2025-12-06 16:00:00,0.30637,0.30863,0.30629,0.30817,13866.2
2025-12-06 16:15:00,0.30802,0.30906,0.30788,0.30906,2271.5
2025-12-06 16:30:00,0.30919,0.31226,0.30879,0.31172,318331.6
2025-12-06 16:45:00,0.3119,0.31288,0.31115,0.31132,144730.6
2025-12-06 17:00:00,0.31158,0.31266,0.3111,0.31121,42239.0
2025-12-06 17:15:00,0.31136,0.31455,0.31131,0.31448,12320.9
2025-12-06 17:30:00,0.31427,0.31453,0.31372,0.314,7541.3
2025-12-06 17:45:00,0.31391,0.31613,0.31391,0.31613,7680.4
2025-12-06 18:00:00,0.3161,0.31746,0.31566,0.31746,7703.7
2025-12-06 18:15:00,0.31747,0.31798,0.31565,0.31723,55944.0
2025-12-06 18:30:00,0.31724,0.31724,0.3158,0.31682,9771.3
2025-12-06 18:45:00,0.31686,0.31799,0.31554,0.31608,8674.5
2025-12-06 19:00:00,0.31581,0.31679,0.31277,0.31316,24813.9
2025-12-06 19:15:00,0.31265,0.3141,0.31265,0.31336,4490.6
2025-12-06 19:30:00,0.31255,0.31255,0.31146,0.31146,4681.2
2025-12-06 19:45:00,0.312,0.31353,0.31187,0.31353,5529.5
2025-12-06 20:00:00,0.31391,0.31484,0.31264,0.31305,24216.4
2025-12-06 20:15:00,0.313,0.31381,0.313,0.31358,1802.0
2025-12-06 20:30:00,0.31378,0.31423,0.31359,0.31419,2985.5
2025-12-06 20:45:00,0.31407,0.31485,0.31368,0.31485,17040.8
2025-12-06 21:00:00,0.31436,0.31798,0.31403,0.31534,45181.7
2025-12-06 21:15:00,0.31529,0.31606,0.31429,0.31447,6193.6
2025-12-06 21:30:00,0.31435,0.31522,0.3142,0.31483,13481.1
2025-12-06 21:45:00,0.31454,0.31462,0.31379,0.31442,3060.5
2025-12-06 22:00:00,0.31425,0.31464,0.31339,0.31463,10220.4
2025-12-06 22:15:00,0.31495,0.315,0.31272,0.31272,4233.6
2025-12-06 22:30:00,0.31282,0.31329,0.31213,0.31252,4135.8
2025-12-06 22:45:00,0.31266,0.31316,0.31245,0.31298,2048.5
2025-12-06 23:00:00,0.31275,0.31338,0.31238,0.31264,18976.2
2025-12-06 23:15:00,0.31278,0.31297,0.31198,0.31238,13281.4
2025-12-06 23:30:00,0.31236,0.31289,0.31199,0.31246,12123.0
2025-12-06 23:45:00,0.31228,0.31416,0.31228,0.31415,87468.5
2025-12-07 00:00:00,0.31419,0.31616,0.3138,0.31606,132936.7
2025-12-07 00:15:00,0.31633,0.31745,0.31597,0.31627,87483.4
2025-12-07 00:30:00,0.31636,0.31806,0.31589,0.31775,25392.3
2025-12-07 00:45:00,0.31792,0.31861,0.31685,0.31829,51641.8
2025-12-07 01:00:00,0.31826,0.31826,0.31616,0.31722,2304.8
2025-12-07 01:15:00,0.31726,0.31774,0.31551,0.31609,8788.2
2025-12-07 01:30:00,0.31653,0.31705,0.3165,0.31657,17754.0
2025-12-07 01:45:00,0.31618,0.31699,0.31589,0.3159,82026.3
2025-12-07 02:00:00,0.31557,0.31606,0.31513,0.31568,1912.4
2025-12-07 02:15:00,0.31591,0.31707,0.31591,0.31634,2587.2
2025-12-07 02:30:00,0.31633,0.31774,0.31611,0.31642,1479.1
2025-12-07 02:45:00,0.3165,0.31661,0.31595,0.31637,19309.6
2025-12-07 03:00:00,0.31611,0.31668,0.3158,0.3158,2235.6
2025-12-07 03:15:00,0.31537,0.31646,0.31537,0.31596,5759.8
2025-12-07 03:30:00,0.31586,0.31667,0.31586,0.31601,8432.0
2025-12-07 03:45:00,0.31601,0.31663,0.31591,0.31663,34344.6
2025-12-07 04:00:00,0.31702,0.31702,0.31583,0.31648,1883.8
2025-12-07 04:15:00,0.31647,0.31703,0.31556,0.31575,1621.3
2025-12-07 04:30:00,0.31565,0.31565,0.31432,0.31473,5832.4
2025-12-07 04:45:00,0.31479,0.3152,0.31458,0.31466,2377.2
2025-12-07 05:00:00,0.31481,0.31578,0.31481,0.31553,1618.4
2025-12-07 05:15:00,0.31604,0.3167,0.31552,0.31612,16082.8
2025-12-07 05:30:00,0.3165,0.31946,0.3163,0.31928,6408.9
2025-12-07 05:45:00,0.31907,0.31907,0.31762,0.31772,2924.4
2025-12-07 06:00:00,0.31772,0.31965,0.31772,0.31937,31099.8
2025-12-07 06:15:00,0.31908,0.32102,0.31889,0.3209,17793.5
2025-12-07 06:30:00,0.32053,0.32072,0.31979,0.3204,8590.2
2025-12-07 06:45:00,0.32041,0.32049,0.31917,0.31986,1720.2
2025-12-07 07:00:00,0.32002,0.32002,0.31811,0.31827,5509.8
2025-12-07 07:15:00,0.31818,0.31818,0.31728,0.31728,6132.2
2025-12-07 07:30:00,0.31717,0.31717,0.3153,0.3153,5935.1
2025-12-07 07:45:00,0.3153,0.31667,0.31503,0.31582,114392.2
2025-12-07 08:00:00,0.31602,0.31606,0.31372,0.31372,100275.9
2025-12-07 08:15:00,0.31426,0.31516,0.31426,0.31484,12047.7
2025-12-07 08:30:00,0.31482,0.31558,0.31439,0.31509,28995.2
2025-12-07 08:45:00,0.31515,0.31515,0.31312,0.31339,28610.8
2025-12-07 09:00:00,0.31345,0.31415,0.31333,0.31403,24870.6
2025-12-07 09:15:00,0.314,0.314,0.31177,0.31225,22569.0
2025-12-07 09:30:00,0.31228,0.31285,0.3115,0.3115,2337.8
2025-12-07 09:45:00,0.31168,0.31207,0.31127,0.31136,4981.8
2025-12-07 10:00:00,0.31126,0.3122,0.31083,0.312,6264.6
2025-12-07 10:15:00,0.3121,0.31219,0.3116,0.31178,31987.3
2025-12-07 10:30:00,0.31179,0.31208,0.31055,0.31152,54512.1
2025-12-07 10:45:00,0.31122,0.31183,0.31011,0.31051,9402.1
2025-12-07 11:00:00,0.31058,0.31108,0.31058,0.31104,3100.1
2025-12-07 11:15:00,0.31097,0.31177,0.31068,0.31072,22786.1
2025-12-07 11:30:00,0.31072,0.31139,0.31054,0.31139,11569.7
2025-12-07 11:45:00,0.3111,0.3111,0.30955,0.30973,10910.8
2025-12-07 12:00:00,0.30976,0.31049,0.30948,0.31005,5939.5
2025-12-07 12:15:00,0.31012,0.31056,0.30934,0.30948,1540.1
2025-12-07 12:30:00,0.30962,0.30984,0.30941,0.30951,1283.7
2025-12-07 12:45:00,0.30953,0.31121,0.30953,0.31051,2049.2
2025-12-07 13:00:00,0.31098,0.31126,0.30947,0.30995,2724.6
2025-12-07 13:15:00,0.31008,0.31042,0.30704,0.3082,10551.7
2025-12-07 13:30:00,0.30802,0.30908,0.30748,0.30748,12614.9
2025-12-07 13:45:00,0.3073,0.30785,0.30696,0.30776,25063.4
2025-12-07 14:00:00,0.30763,0.30809,0.30638,0.30692,14504.9
2025-12-07 14:15:00,0.30672,0.30718,0.29884,0.30185,212828.2
2025-12-07 14:30:00,0.30116,0.30179,0.29842,0.29976,173000.5
2025-12-07 14:45:00,0.3,0.30021,0.2974,0.29808,116151.0
2025-12-07 15:00:00,0.29763,0.30273,0.29719,0.30174,159971.2
2025-12-07 15:15:00,0.30193,0.30204,0.30013,0.30069,135409.3
2025-12-07 15:30:00,0.30062,0.30217,0.30005,0.30035,21065.9
2025-12-07 15:45:00,0.3003,0.30785,0.30023,0.30704,55290.8
2025-12-07 16:00:00,0.30679,0.30679,0.30473,0.30556,15516.7
2025-12-07 16:15:00,0.30563,0.30636,0.30373,0.30373,33780.4
2025-12-07 16:30:00,0.30399,0.30446,0.30247,0.30314,1780.4
2025-12-07 16:45:00,0.30314,0.3052,0.30241,0.3052,15903.9
2025-12-07 17:00:00,0.30548,0.30549,0.30404,0.30427,12415.7
2025-12-07 17:15:00,0.30566,0.31277,0.30556,0.31223,28895.2
2025-12-07 17:30:00,0.31297,0.31496,0.31126,0.31156,91823.0
2025-12-07 17:45:00,0.31209,0.31249,0.31111,0.31203,8712.1
2025-12-07 18:00:00,0.31253,0.31399,0.31253,0.31351,1653.3
2025-12-07 18:15:00,0.31337,0.31532,0.31306,0.31464,11698.7
2025-12-07 18:30:00,0.31523,0.31562,0.31352,0.31396,5180.4
2025-12-07 18:45:00,0.31386,0.31396,0.31286,0.31312,2277.4
2025-12-07 19:00:00,0.31347,0.31347,0.31116,0.31153,6728.7
2025-12-07 19:15:00,0.31189,0.31201,0.311,0.31134,2796.6
2025-12-07 19:30:00,0.3114,0.31357,0.31135,0.31356,2991.7
2025-12-07 19:45:00,0.31363,0.31403,0.31332,0.31381,23746.7
2025-12-07 20:00:00,0.31404,0.31404,0.31326,0.31371,2398.4
2025-12-07 20:15:00,0.31364,0.3153,0.31343,0.31503,10017.6
2025-12-07 20:30:00,0.31494,0.31654,0.31415,0.31654,15010.9
2025-12-07 20:45:00,0.31584,0.31654,0.31552,0.31654,8491.6
2025-12-07 21:00:00,0.31633,0.31713,0.31548,0.31548,9585.2
2025-12-07 21:15:00,0.31555,0.31555,0.31441,0.31441,8114.0
2025-12-07 21:30:00,0.31428,0.31435,0.30981,0.31052,8874.3
2025-12-07 21:45:00,0.31051,0.31071,0.30513,0.30773,49572.7
2025-12-07 22:00:00,0.30733,0.30773,0.29997,0.30407,192301.1
2025-12-07 22:15:00,0.30345,0.30345,0.30165,0.30287,21212.6
2025-12-07 22:30:00,0.30299,0.30627,0.30299,0.30562,31897.5
2025-12-07 22:45:00,0.30591,0.30693,0.30217,0.30249,22692.2
2025-12-07 23:00:00,0.303,0.30423,0.30179,0.30279,12849.1
2025-12-07 23:15:00,0.30296,0.30528,0.30284,0.30511,43790.8
2025-12-07 23:30:00,0.30486,0.30486,0.30218,0.30257,2687.8
2025-12-07 23:45:00,0.30243,0.30477,0.30234,0.30458,8267.0
2025-12-08 00:00:00,0.30448,0.3052,0.30308,0.30479,18744.5
2025-12-08 00:15:00,0.30469,0.30641,0.30415,0.30617,3395.0
2025-12-08 00:30:00,0.30584,0.30758,0.30515,0.30602,92709.4
2025-12-08 00:45:00,0.3052,0.30551,0.3044,0.3044,3299.2
2025-12-08 01:00:00,0.30448,0.30784,0.30448,0.30734,15729.8
2025-12-08 01:15:00,0.30709,0.31009,0.30615,0.30946,6374.3
2025-12-08 01:30:00,0.30988,0.31362,0.30988,0.31144,10553.8
2025-12-08 01:45:00,0.31124,0.31124,0.30855,0.30956,76077.2
2025-12-08 02:00:00,0.30889,0.30998,0.30873,0.30901,10574.5
2025-12-08 02:15:00,0.30916,0.31017,0.30916,0.31017,8625.5
2025-12-08 02:30:00,0.31019,0.31109,0.30986,0.31109,16928.6
2025-12-08 02:45:00,0.31126,0.31299,0.31121,0.31299,5085.1
2025-12-08 03:00:00,0.31291,0.31379,0.31247,0.31305,5670.0
2025-12-08 03:15:00,0.31322,0.31499,0.31311,0.31497,5247.6
2025-12-08 03:30:00,0.31466,0.31495,0.31314,0.3133,6754.4
2025-12-08 03:45:00,0.31313,0.31381,0.31293,0.31362,5791.2
2025-12-08 04:00:00,0.31447,0.31579,0.31447,0.31557,10946.6
2025-12-08 04:15:00,0.31564,0.3165,0.31485,0.31485,6659.7
2025-12-08 04:30:00,0.31511,0.31811,0.31498,0.31594,12319.0
2025-12-08 04:45:00,0.31579,0.31605,0.31537,0.31588,4929.2
2025-12-08 05:00:00,0.31519,0.31519,0.31408,0.31439,9538.1
2025-12-08 05:15:00,0.314,0.31505,0.31368,0.31486,3150.9
2025-12-08 05:30:00,0.31516,0.31635,0.31486,0.31532,2791.7
2025-12-08 05:45:00,0.31462,0.31563,0.31462,0.31494,1475.0
2025-12-08 06:00:00,0.3151,0.31624,0.31486,0.31624,1985.0
2025-12-08 06:15:00,0.31654,0.31758,0.31646,0.31719,67509.8
2025-12-08 06:30:00,0.3174,0.31911,0.31739,0.31888,53359.5
2025-12-08 06:45:00,0.31892,0.31981,0.31844,0.31844,55711.1
2025-12-08 07:00:00,0.31854,0.31945,0.31836,0.31877,57079.2
2025-12-08 07:15:00,0.3187,0.32076,0.31829,0.32044,54999.1
2025-12-08 07:30:00,0.32119,0.32277,0.32074,0.32086,79787.9
2025-12-08 07:45:00,0.32104,0.32157,0.32044,0.32091,40319.6
2025-12-08 08:00:00,0.32108,0.32187,0.3208,0.32167,17659.7
2025-12-08 08:15:00,0.32248,0.32376,0.32227,0.32363,5139.7
2025-12-08 08:30:00,0.32383,0.32383,0.32237,0.32353,35572.1
2025-12-08 08:45:00,0.32352,0.32408,0.32228,0.32397,34842.5
2025-12-08 09:00:00,0.32388,0.32872,0.32388,0.32587,63592.6
2025-12-08 09:15:00,0.32502,0.32711,0.32502,0.3261,3316.7
2025-12-08 09:30:00,0.32591,0.32636,0.32547,0.32636,2992.9
2025-12-08 09:45:00,0.32659,0.32682,0.32549,0.32549,13413.3
2025-12-08 10:00:00,0.32555,0.32602,0.32498,0.32508,19505.8
2025-12-08 10:15:00,0.32516,0.32518,0.32348,0.32348,6992.5
2025-12-08 10:30:00,0.32354,0.32443,0.3232,0.32361,1401.5
2025-12-08 10:45:00,0.32354,0.32383,0.32327,0.32342,81168.8
2025-12-08 11:00:00,0.32336,0.32337,0.32265,0.32337,7738.6
2025-12-08 11:15:00,0.32335,0.32379,0.32151,0.32151,9668.0
2025-12-08 11:30:00,0.32174,0.32174,0.32059,0.3209,13125.5
2025-12-08 11:45:00,0.32086,0.32148,0.32034,0.32072,11675.9
2025-12-08 12:00:00,0.32135,0.32135,0.32045,0.32045,4245.3
2025-12-08 12:15:00,0.32051,0.32051,0.31933,0.31987,18459.2
2025-12-08 12:30:00,0.32021,0.32021,0.31877,0.31877,18340.7
2025-12-08 12:45:00,0.31922,0.32168,0.31907,0.32127,92236.6
2025-12-08 13:00:00,0.32137,0.32361,0.321,0.32235,7252.5
2025-12-08 13:15:00,0.32232,0.32238,0.32114,0.32145,90863.5
2025-12-08 13:30:00,0.32148,0.32188,0.3205,0.32168,3465.3
2025-12-08 13:45:00,0.32189,0.32261,0.32065,0.32077,2723.3
2025-12-08 14:00:00,0.32072,0.32189,0.32072,0.32183,28545.9
2025-12-08 14:15:00,0.32183,0.32202,0.3197,0.32054,7762.2
2025-12-08 14:30:00,0.3201,0.324,0.31914,0.324,45613.6
2025-12-08 14:45:00,0.32395,0.3251,0.32251,0.32295,38720.0
2025-12-08 15:00:00,0.32382,0.32474,0.32018,0.32135,24535.4
2025-12-08 15:15:00,0.32131,0.32294,0.31785,0.31961,23097.0
2025-12-08 15:30:00,0.3195,0.32174,0.31821,0.31821,42086.2
2025-12-08 15:45:00,0.31855,0.32114,0.31852,0.32093,101999.1
2025-12-08 16:00:00,0.32009,0.32145,0.3187,0.31986,89791.6
2025-12-08 16:15:00,0.32019,0.32372,0.3196,0.32353,17562.8
2025-12-08 16:30:00,0.324,0.32534,0.32272,0.324,7149.5
2025-12-08 16:45:00,0.32368,0.32389,0.32048,0.321,10264.7
2025-12-08 17:00:00,0.32152,0.32376,0.3201,0.32186,6836.0
2025-12-08 17:15:00,0.32197,0.32295,0.32022,0.32052,5309.6
2025-12-08 17:30:00,0.32101,0.32152,0.31911,0.31911,12415.2
2025-12-08 17:45:00,0.31908,0.32186,0.31852,0.32136,2243.6
2025-12-08 18:00:00,0.3215,0.32247,0.32029,0.32029,9624.6
2025-12-08 18:15:00,0.32052,0.32151,0.31878,0.31878,8055.3
2025-12-08 18:30:00,0.31827,0.31944,0.31747,0.31944,11137.0
2025-12-08 18:45:00,0.32002,0.32003,0.3158,0.3166,38151.0
2025-12-08 19:00:00,0.3174,0.3188,0.31716,0.31772,19947.5
2025-12-08 19:15:00,0.31767,0.31786,0.31661,0.31739,2053.0
2025-12-08 19:30:00,0.31722,0.31839,0.3171,0.3174,4143.9
2025-12-08 19:45:00,0.31777,0.31883,0.31738,0.31738,1628.8
2025-12-08 20:00:00,0.31769,0.31917,0.31769,0.31818,40132.7
2025-12-08 20:15:00,0.31817,0.31865,0.31803,0.31812,5448.5
2025-12-08 20:30:00,0.31803,0.31852,0.31753,0.31843,4092.7
2025-12-08 20:45:00,0.3188,0.32128,0.31841,0.31981,12107.8
2025-12-08 21:00:00,0.32009,0.32162,0.31923,0.31923,10897.4
2025-12-08 21:15:00,0.31917,0.32057,0.31917,0.32057,6397.7
2025-12-08 21:30:00,0.32181,0.32197,0.32039,0.32117,24981.3
2025-12-08 21:45:00,0.32125,0.32151,0.32074,0.32121,41252.8
2025-12-08 22:00:00,0.32147,0.32147,0.31945,0.31965,4682.9
2025-12-08 22:15:00,0.31981,0.32024,0.31955,0.32009,34035.9
2025-12-08 22:30:00,0.31976,0.32012,0.31813,0.31832,4307.0
2025-12-08 22:45:00,0.31833,0.31926,0.31833,0.31901,5817.1
2025-12-08 23:00:00,0.31951,0.31951,0.31785,0.31785,2237.5
2025-12-08 23:15:00,0.31806,0.31806,0.31644,0.31694,5711.6
2025-12-08 23:30:00,0.31704,0.31758,0.31663,0.31732,3836.1
2025-12-08 23:45:00,0.31722,0.31802,0.31711,0.31794,3575.8
2025-12-09 00:00:00,0.318,0.31849,0.31767,0.31849,41111.6
2025-12-09 00:15:00,0.31846,0.31896,0.31801,0.31809,3028.0
2025-12-09 00:30:00,0.31661,0.31706,0.31597,0.31672,7778.4
2025-12-09 00:45:00,0.31684,0.3169,0.3158,0.31658,10300.7
2025-12-09 01:00:00,0.3166,0.31716,0.31565,0.31638,95447.6
2025-12-09 01:15:00,0.31626,0.31683,0.31515,0.31547,8606.3
2025-12-09 01:30:00,0.31519,0.31562,0.31471,0.31512,9601.4
2025-12-09 01:45:00,0.31506,0.31574,0.31392,0.31531,6479.3
2025-12-09 02:00:00,0.31563,0.31715,0.3153,0.31634,9081.1
2025-12-09 02:15:00,0.31615,0.3173,0.31595,0.3173,13236.8
2025-12-09 02:30:00,0.31724,0.31741,0.31682,0.3173,5349.7
2025-12-09 02:45:00,0.3172,0.31738,0.31548,0.31548,6875.3
2025-12-09 03:00:00,0.31516,0.31572,0.31465,0.31482,6533.8
2025-12-09 03:15:00,0.31493,0.31511,0.31368,0.31498,9320.7
2025-12-09 03:30:00,0.31519,0.31845,0.31519,0.31814,29428.1
2025-12-09 03:45:00,0.31833,0.31898,0.31761,0.31859,7562.1
2025-12-09 04:00:00,0.31882,0.31882,0.31712,0.31712,13871.2
2025-12-09 04:15:00,0.31704,0.31731,0.31621,0.31629,3918.9
2025-12-09 04:30:00,0.31601,0.31601,0.31329,0.31386,36436.7
2025-12-09 04:45:00,0.31416,0.31463,0.31416,0.31462,14338.7
2025-12-09 05:00:00,0.31462,0.31531,0.31362,0.31422,1868.0
2025-12-09 05:15:00,0.31412,0.31501,0.31371,0.31472,5398.6
2025-12-09 05:30:00,0.31503,0.31738,0.31503,0.31737,6738.4
2025-12-09 05:45:00,0.3173,0.31757,0.31581,0.31619,2096.0
2025-12-09 06:00:00,0.31608,0.3168,0.31476,0.31511,2381.2
2025-12-09 06:15:00,0.31499,0.31546,0.31428,0.31462,3362.7
2025-12-09 06:30:00,0.31449,0.31488,0.31335,0.31487,152330.0
2025-12-09 06:45:00,0.31498,0.31616,0.31498,0.31541,1889.5
2025-12-09 07:00:00,0.31559,0.31587,0.31505,0.31518,3155.8
2025-12-09 07:15:00,0.31529,0.31731,0.31521,0.31731,5217.6
2025-12-09 07:30:00,0.31745,0.31877,0.31715,0.31856,10199.1
2025-12-09 07:45:00,0.31863,0.31865,0.31733,0.31745,5811.0
2025-12-09 08:00:00,0.31756,0.31776,0.31657,0.31722,18844.5
2025-12-09 08:15:00,0.31724,0.31743,0.31563,0.31563,2544.3
2025-12-09 08:30:00,0.31566,0.31589,0.31511,0.31528,5901.4
2025-12-09 08:45:00,0.31607,0.31607,0.31546,0.31565,5186.2
2025-12-09 09:00:00,0.31553,0.31557,0.3146,0.31493,4575.0
2025-12-09 09:15:00,0.31505,0.31506,0.31415,0.31433,2672.8
2025-12-09 09:30:00,0.31439,0.31439,0.3135,0.31354,3273.9
2025-12-09 09:45:00,0.31371,0.31388,0.31312,0.3135,6042.6
2025-12-09 10:00:00,0.31367,0.31448,0.31351,0.31417,4489.8
2025-12-09 10:15:00,0.31418,0.31466,0.31395,0.31453,3740.2
2025-12-09 10:30:00,0.31453,0.31524,0.31277,0.3138,68855.5
2025-12-09 10:45:00,0.31382,0.31457,0.31349,0.31456,1448.9
2025-12-09 11:00:00,0.31466,0.31529,0.31456,0.31493,40775.1
2025-12-09 11:15:00,0.31531,0.31531,0.31449,0.31515,1848.7
2025-12-09 11:30:00,0.31475,0.31535,0.31443,0.31531,1348.9
2025-12-09 11:45:00,0.31562,0.31562,0.31428,0.31485,25595.8
2025-12-09 12:00:00,0.31471,0.31565,0.31471,0.31542,793.9
2025-12-09 12:15:00,0.3158,0.31847,0.3158,0.31771,79329.6
2025-12-09 12:30:00,0.31778,0.31867,0.31751,0.31852,138376.2
2025-12-09 12:45:00,0.31857,0.3192,0.31854,0.31885,1905.7
2025-12-09 13:00:00,0.31885,0.31916,0.31838,0.31866,16954.6
2025-12-09 13:15:00,0.31873,0.31954,0.31833,0.3192,15671.2
2025-12-09 13:30:00,0.31965,0.32008,0.31706,0.31706,7860.8
2025-12-09 13:45:00,0.31736,0.31872,0.31734,0.31872,41400.8
2025-12-09 14:00:00,0.31875,0.31994,0.31858,0.31867,15571.6
2025-12-09 14:15:00,0.31859,0.31942,0.31731,0.31749,2181.3
2025-12-09 14:30:00,0.31731,0.32006,0.31731,0.31817,6425.8
2025-12-09 14:45:00,0.31788,0.31828,0.31731,0.3181,7849.7
2025-12-09 15:00:00,0.31869,0.32581,0.31869,0.32066,37581.9
2025-12-09 15:15:00,0.32071,0.32416,0.32071,0.32364,2437.3
2025-12-09 15:30:00,0.32398,0.32835,0.32271,0.32835,227373.0
2025-12-09 15:45:00,0.32893,0.33212,0.32872,0.33183,40227.6
2025-12-09 16:00:00,0.33234,0.3391,0.33234,0.33866,153428.0
2025-12-09 16:15:00,0.33899,0.33985,0.33685,0.33772,21994.2
2025-12-09 16:30:00,0.33773,0.3442,0.33773,0.34263,240816.2
2025-12-09 16:45:00,0.34334,0.34617,0.342,0.34527,27607.3
2025-12-09 17:00:00,0.34525,0.34806,0.34525,0.34741,66107.6
2025-12-09 17:15:00,0.34704,0.34742,0.3442,0.34643,59832.6
2025-12-09 17:30:00,0.34627,0.34701,0.34384,0.34494,40357.6
2025-12-09 17:45:00,0.34516,0.34684,0.34503,0.34684,9948.2
2025-12-09 18:00:00,0.34701,0.34745,0.34489,0.34745,245850.4
2025-12-09 18:15:00,0.34795,0.34795,0.34636,0.34678,8302.1
2025-12-09 18:30:00,0.34699,0.34699,0.34524,0.3455,14389.9
2025-12-09 18:45:00,0.3446,0.34521,0.34371,0.34512,12438.8
2025-12-09 19:00:00,0.3456,0.3456,0.34242,0.34394,29118.3
2025-12-09 19:15:00,0.34388,0.34394,0.34322,0.34371,13051.8
2025-12-09 19:30:00,0.34379,0.34491,0.34306,0.34306,13655.7
2025-12-09 19:45:00,0.34309,0.34414,0.34226,0.34413,16625.5
2025-12-09 20:00:00,0.34403,0.34417,0.3431,0.3436,6039.4
2025-12-09 20:15:00,0.34367,0.34367,0.33748,0.33993,26583.9
2025-12-09 20:30:00,0.33992,0.34035,0.33753,0.33955,15878.5
2025-12-09 20:45:00,0.33955,0.3414,0.33947,0.33972,17845.9
2025-12-09 21:00:00,0.33974,0.34055,0.33852,0.33982,24803.4
2025-12-09 21:15:00,0.33974,0.33974,0.33852,0.33941,8626.9
2025-12-09 21:30:00,0.339,0.339,0.337,0.33713,50924.2
2025-12-09 21:45:00,0.33685,0.33685,0.33246,0.33498,37882.0
2025-12-09 22:00:00,0.33549,0.33742,0.33482,0.33742,3645.8
2025-12-09 22:15:00,0.33691,0.33792,0.33658,0.33762,21834.4
2025-12-09 22:30:00,0.33752,0.34016,0.33752,0.33935,11666.0
2025-12-09 22:45:00,0.33954,0.33985,0.33763,0.33883,3092.0
2025-12-09 23:00:00,0.33887,0.33912,0.33806,0.33813,42298.5
2025-12-09 23:15:00,0.33821,0.34031,0.33779,0.34031,73760.1
2025-12-09 23:30:00,0.34017,0.34031,0.33899,0.33973,5791.0
2025-12-09 23:45:00,0.33973,0.33973,0.33795,0.33855,4872.0
2025-12-10 00:00:00,0.33864,0.33979,0.33864,0.33941,9050.9
2025-12-10 00:15:00,0.33893,0.33893,0.33701,0.33754,13699.5
2025-12-10 00:30:00,0.33768,0.33774,0.3363,0.33662,1122.2
2025-12-10 00:45:00,0.33699,0.33716,0.33525,0.33525,7516.0
2025-12-10 01:00:00,0.3356,0.33585,0.33349,0.33359,10359.4
2025-12-10 01:15:00,0.33328,0.33493,0.33328,0.33414,13528.7
2025-12-10 01:30:00,0.33422,0.33422,0.33234,0.33292,5722.3
2025-12-10 01:45:00,0.33248,0.33342,0.33248,0.33294,4821.2
2025-12-10 02:00:00,0.33279,0.33279,0.33148,0.33245,12236.2
2025-12-10 02:15:00,0.33323,0.33429,0.33254,0.33417,15271.9
2025-12-10 02:30:00,0.3335,0.33431,0.33333,0.33407,1507.2
2025-12-10 02:45:00,0.33362,0.33453,0.33323,0.33453,4733.3
2025-12-10 03:00:00,0.33518,0.33549,0.33421,0.33523,2686.0
2025-12-10 03:15:00,0.33539,0.33539,0.33458,0.33514,7146.5
2025-12-10 03:30:00,0.33502,0.33593,0.33502,0.33593,1479.4
2025-12-10 03:45:00,0.33592,0.33592,0.3341,0.33438,959.7
2025-12-10 04:00:00,0.33403,0.33462,0.33374,0.33434,6472.6
2025-12-10 04:15:00,0.33414,0.3353,0.33308,0.33361,7751.6
2025-12-10 04:30:00,0.33325,0.33399,0.33325,0.33375,6079.2
2025-12-10 04:45:00,0.33371,0.33401,0.33347,0.33361,3465.2
2025-12-10 05:00:00,0.33364,0.33533,0.33364,0.33533,1767.4
2025-12-10 05:15:00,0.33535,0.33616,0.33524,0.33559,5350.6
2025-12-10 05:30:00,0.33529,0.33529,0.33418,0.33458,3152.4
2025-12-10 05:45:00,0.33561,0.33561,0.33469,0.33494,4950.2
2025-12-10 06:00:00,0.33507,0.33523,0.33444,0.33503,2748.3
2025-12-10 06:15:00,0.33476,0.33476,0.33381,0.33444,10162.5
2025-12-10 06:30:00,0.33457,0.33556,0.33438,0.33527,3203.9
2025-12-10 06:45:00,0.33476,0.33538,0.3342,0.3342,985.0
2025-12-10 07:00:00,0.33417,0.33417,0.33293,0.33321,4158.8
2025-12-10 07:15:00,0.33318,0.33318,0.33177,0.33208,4294.8
2025-12-10 07:30:00,0.33222,0.33258,0.33179,0.33251,1454.8
2025-12-10 07:45:00,0.33247,0.33281,0.33239,0.33279,3929.3
2025-12-10 08:00:00,0.3327,0.33303,0.33217,0.33245,6014.2
2025-12-10 08:15:00,0.33228,0.33241,0.33143,0.33171,49266.7
2025-12-10 08:30:00,0.33162,0.33174,0.33049,0.33067,38970.9
2025-12-10 08:45:00,0.33031,0.33104,0.33008,0.33009,2620.8
2025-12-10 09:00:00,0.32965,0.33019,0.32923,0.32937,14943.9
2025-12-10 09:15:00,0.32943,0.32958,0.32911,0.32953,785.1
2025-12-10 09:30:00,0.32971,0.33044,0.32971,0.33034,1284.3
2025-12-10 09:45:00,0.33056,0.33273,0.33056,0.33264,5242.5
2025-12-10 10:00:00,0.33316,0.33577,0.33246,0.33279,7145.6
2025-12-10 10:15:00,0.3326,0.3326,0.32953,0.32953,4665.2
2025-12-10 10:30:00,0.32943,0.3299,0.32792,0.32884,8255.8
2025-12-10 10:45:00,0.32879,0.32905,0.32829,0.32844,3042.0
2025-12-10 11:00:00,0.32835,0.32945,0.32834,0.32834,2364.1
2025-12-10 11:15:00,0.32854,0.32889,0.32842,0.32862,2130.2
2025-12-10 11:30:00,0.32812,0.32869,0.32797,0.32841,1277.7
2025-12-10 11:45:00,0.32808,0.32906,0.32769,0.32877,3140.3
2025-12-10 12:00:00,0.32914,0.32943,0.32826,0.32826,6409.5
2025-12-10 12:15:00,0.32826,0.32873,0.32785,0.32793,23406.8
2025-12-10 12:30:00,0.32834,0.32883,0.32812,0.3286,1407.9
2025-12-10 12:45:00,0.3288,0.32958,0.32796,0.32948,1283.7
2025-12-10 13:00:00,0.32937,0.33005,0.32906,0.32926,1871.3
2025-12-10 13:15:00,0.32913,0.33007,0.32872,0.32982,5251.8
2025-12-10 13:30:00,0.32981,0.32981,0.3285,0.32911,3386.0
2025-12-10 13:45:00,0.32979,0.33016,0.32881,0.33016,2936.9
2025-12-10 14:00:00,0.33024,0.33043,0.32948,0.33011,2629.5
2025-12-10 14:15:00,0.32993,0.33024,0.32962,0.32979,2063.6
2025-12-10 14:30:00,0.33004,0.33088,0.32917,0.3297,3785.9
2025-12-10 14:45:00,0.32951,0.3297,0.32854,0.32949,6786.8
2025-12-10 15:00:00,0.33,0.33252,0.33,0.33189,3245.7
2025-12-10 15:15:00,0.33212,0.333,0.33121,0.33197,17696.8
2025-12-10 15:30:00,0.33207,0.33236,0.32923,0.33152,5014.0
2025-12-10 15:45:00,0.33084,0.33162,0.32937,0.32987,2007.9
2025-12-10 16:00:00,0.32974,0.33166,0.32931,0.33151,6548.5
2025-12-10 16:15:00,0.33141,0.33433,0.33141,0.33381,4790.3
2025-12-10 16:30:00,0.33361,0.33361,0.33173,0.33193,4484.7
2025-12-10 16:45:00,0.33203,0.33351,0.33186,0.33207,3498.7
2025-12-10 17:00:00,0.33205,0.33269,0.33182,0.33255,3746.9
2025-12-10 17:15:00,0.33257,0.33506,0.33239,0.33401,5679.5
2025-12-10 17:30:00,0.33359,0.33359,0.33239,0.33248,2553.4
2025-12-10 17:45:00,0.33269,0.33275,0.33096,0.33105,4926.3
2025-12-10 18:00:00,0.33095,0.33223,0.33037,0.33184,16096.1
2025-12-10 18:15:00,0.33171,0.33261,0.33035,0.33122,12138.4
2025-12-10 18:30:00,0.33129,0.33826,0.33129,0.3345,75648.7
2025-12-10 18:45:00,0.33475,0.3357,0.33177,0.33319,6778.8
2025-12-10 19:00:00,0.3334,0.33995,0.33003,0.33706,76119.4
2025-12-10 19:15:00,0.33651,0.3376,0.33316,0.33316,5498.8
2025-12-10 19:30:00,0.33411,0.3385,0.33397,0.3352,11823.7
2025-12-10 19:45:00,0.33562,0.33742,0.33452,0.33742,5924.8
2025-12-10 20:00:00,0.33713,0.34213,0.33495,0.34213,30728.2
2025-12-10 20:15:00,0.34188,0.34464,0.33548,0.3379,584597.6
2025-12-10 20:30:00,0.3384,0.33983,0.33801,0.33844,29948.7
2025-12-10 20:45:00,0.33822,0.3386,0.33129,0.33208,39112.7
2025-12-10 21:00:00,0.33236,0.3337,0.32963,0.33191,132315.9
2025-12-10 21:15:00,0.33161,0.33338,0.33147,0.33147,102349.6
2025-12-10 21:30:00,0.33149,0.33149,0.32943,0.32943,11304.5
2025-12-10 21:45:00,0.32984,0.32984,0.32609,0.32611,33409.5
2025-12-10 22:00:00,0.32635,0.32765,0.32366,0.32415,23104.4
2025-12-10 22:15:00,0.32412,0.32635,0.32237,0.32565,19980.8
2025-12-10 22:30:00,0.32544,0.32813,0.32525,0.32794,34337.8
2025-12-10 22:45:00,0.32804,0.32898,0.32693,0.32814,58262.3
2025-12-10 23:00:00,0.32742,0.32806,0.3264,0.32703,82255.9
2025-12-10 23:15:00,0.32697,0.32697,0.32549,0.32549,2007.8
2025-12-10 23:30:00,0.32504,0.32538,0.32373,0.32402,5111.3
2025-12-10 23:45:00,0.32419,0.32429,0.32337,0.32338,1877.5
2025-12-11 00:00:00,0.32279,0.3237,0.32244,0.32245,8587.5
2025-12-11 00:15:00,0.32236,0.32257,0.3212,0.3212,10892.5
2025-12-11 00:30:00,0.32113,0.32113,0.31583,0.31618,40404.8
2025-12-11 00:45:00,0.31725,0.31745,0.3145,0.3166,25206.7
2025-12-11 01:00:00,0.31619,0.31619,0.31348,0.3137,36513.4
2025-12-11 01:15:00,0.3142,0.31451,0.31217,0.31411,11613.9
2025-12-11 01:30:00,0.31523,0.31547,0.31362,0.31373,2286.2
2025-12-11 01:45:00,0.31331,0.31331,0.31073,0.31073,150381.6
2025-12-11 02:00:00,0.31059,0.31059,0.30856,0.30891,189278.8
2025-12-11 02:15:00,0.30918,0.30967,0.30729,0.30837,22327.1
2025-12-11 02:30:00,0.30822,0.30963,0.30787,0.30963,7369.0
2025-12-11 02:45:00,0.30865,0.30924,0.30805,0.30829,14020.4
2025-12-11 03:00:00,0.30848,0.30848,0.30476,0.30597,28325.0
2025-12-11 03:15:00,0.30543,0.30672,0.30538,0.30538,6162.5
2025-12-11 03:30:00,0.3052,0.30565,0.30482,0.30527,15011.0
2025-12-11 03:45:00,0.30532,0.30614,0.30532,0.30535,43953.0
2025-12-11 04:00:00,0.30521,0.30671,0.304,0.3062,18172.6
2025-12-11 04:15:00,0.3063,0.3075,0.30569,0.30736,5102.5
2025-12-11 04:30:00,0.30675,0.30857,0.30675,0.30846,15266.1
2025-12-11 04:45:00,0.30838,0.31044,0.3082,0.30985,28835.5
2025-12-11 05:00:00,0.30955,0.30965,0.30892,0.30892,5063.7
2025-12-11 05:15:00,0.30902,0.30987,0.30891,0.30959,5425.9
2025-12-11 05:30:00,0.3096,0.3105,0.3096,0.31011,6221.9
2025-12-11 05:45:00,0.3101,0.3109,0.3101,0.31031,2200.6
2025-12-11 06:00:00,0.31021,0.3104,0.3098,0.31003,1259.7
2025-12-11 06:15:00,0.31015,0.31015,0.30833,0.30865,3612.9
2025-12-11 06:30:00,0.3086,0.31095,0.3086,0.3102,6525.1
2025-12-11 06:45:00,0.3103,0.31069,0.3094,0.3099,25968.7
2025-12-11 07:00:00,0.3099,0.3099,0.3092,0.30926,7104.7
2025-12-11 07:15:00,0.30926,0.30938,0.3086,0.30876,2874.3
2025-12-11 07:30:00,0.30899,0.30928,0.30874,0.3088,4288.7
2025-12-11 07:45:00,0.3086,0.30902,0.30814,0.30814,10095.6
2025-12-11 08:00:00,0.30822,0.30822,0.30708,0.30723,26169.8
2025-12-11 08:15:00,0.30724,0.30768,0.30671,0.30738,69314.1
2025-12-11 08:30:00,0.3071,0.3071,0.30594,0.30611,6585.8
2025-12-11 08:45:00,0.3061,0.30701,0.30587,0.30644,10749.8
2025-12-11 09:00:00,0.30643,0.30705,0.30603,0.30628,36350.9
2025-12-11 09:15:00,0.30648,0.30711,0.30631,0.30676,8781.2
2025-12-11 09:30:00,0.30711,0.30741,0.30623,0.30623,2421.6
2025-12-11 09:45:00,0.30622,0.30622,0.30495,0.30554,1761.7
2025-12-11 10:00:00,0.30548,0.30609,0.30548,0.30584,27307.3
2025-12-11 10:15:00,0.30562,0.30562,0.30491,0.30509,5021.4
2025-12-11 10:30:00,0.30486,0.30487,0.30444,0.30477,4752.0
2025-12-11 10:45:00,0.30474,0.30615,0.30474,0.30574,15536.6
2025-12-11 11:00:00,0.30555,0.30624,0.30527,0.30624,2094.8
2025-12-11 11:15:00,0.30553,0.30662,0.30544,0.30639,7038.7
2025-12-11 11:30:00,0.30648,0.30697,0.30636,0.30687,14600.3
2025-12-11 11:45:00,0.30707,0.30709,0.30669,0.30694,4108.7
2025-12-11 12:00:00,0.3067,0.30682,0.30609,0.3062,19204.1
2025-12-11 12:15:00,0.3065,0.30683,0.30546,0.3055,13097.8
2025-12-11 12:30:00,0.30551,0.30553,0.3027,0.30435,13700.4
2025-12-11 12:45:00,0.30417,0.30484,0.3035,0.30394,73711.5
2025-12-11 13:00:00,0.30408,0.30516,0.30408,0.30472,47642.4
2025-12-11 13:15:00,0.30412,0.3046,0.30382,0.30416,38039.2
2025-12-11 13:30:00,0.30353,0.30487,0.30353,0.30428,7356.9
2025-12-11 13:45:00,0.30435,0.30526,0.30413,0.30464,7068.4
2025-12-11 14:00:00,0.3046,0.30537,0.30411,0.30441,4604.0
2025-12-11 14:15:00,0.30443,0.30458,0.30364,0.30364,1729.0
2025-12-11 14:30:00,0.30302,0.30582,0.3015,0.30458,13241.5
2025-12-11 14:45:00,0.30409,0.30409,0.30099,0.30275,52614.6
2025-12-11 15:00:00,0.30192,0.30493,0.3015,0.30401,12590.6
2025-12-11 15:15:00,0.30352,0.3066,0.30299,0.30463,14649.3
2025-12-11 15:30:00,0.30394,0.30422,0.30166,0.30207,14098.1
2025-12-11 15:45:00,0.30309,0.30309,0.30114,0.30243,2024.6
2025-12-11 16:00:00,0.30274,0.30274,0.30008,0.30092,17577.2
2025-12-11 16:15:00,0.30071,0.30153,0.30044,0.30044,25887.0
2025-12-11 16:30:00,0.30096,0.30287,0.3002,0.30287,16218.4
2025-12-11 16:45:00,0.30316,0.30339,0.30089,0.30119,4973.2
2025-12-11 17:00:00,0.30143,0.30171,0.30104,0.30146,2900.2
2025-12-11 17:15:00,0.30158,0.30444,0.30157,0.30401,5783.7
2025-12-11 17:30:00,0.30402,0.30491,0.30402,0.30472,2146.5
2025-12-11 17:45:00,0.30471,0.30569,0.30394,0.30424,6092.0
2025-12-11 18:00:00,0.30421,0.30571,0.30421,0.30511,2840.0
2025-12-11 18:15:00,0.30509,0.30551,0.30467,0.3051,3520.3
2025-12-11 18:30:00,0.30509,0.30974,0.30462,0.3097,54639.7
2025-12-11 18:45:00,0.30989,0.30995,0.30671,0.30691,31307.3
2025-12-11 19:00:00,0.30785,0.30894,0.30701,0.30776,8033.8
2025-12-11 19:15:00,0.30803,0.31057,0.30771,0.3103,25437.6
2025-12-11 19:30:00,0.3104,0.31223,0.3104,0.31138,10490.6
2025-12-11 19:45:00,0.31115,0.31156,0.30797,0.30861,59887.0
2025-12-11 20:00:00,0.30852,0.31099,0.30847,0.31099,4918.8
2025-12-11 20:15:00,0.31036,0.31081,0.30901,0.30971,6823.2
2025-12-11 20:30:00,0.3099,0.31276,0.30972,0.31234,19522.5
2025-12-11 20:45:00,0.31229,0.31321,0.31132,0.31312,25746.9
2025-12-11 21:00:00,0.31311,0.31519,0.31311,0.31445,56986.1
2025-12-11 21:15:00,0.3153,0.31936,0.31525,0.31786,109053.6
2025-12-11 21:30:00,0.31883,0.3215,0.31883,0.31942,107223.8
2025-12-11 21:45:00,0.31961,0.32042,0.31895,0.31895,19513.4
2025-12-11 22:00:00,0.32062,0.32062,0.31764,0.31768,29103.5
2025-12-11 22:15:00,0.31842,0.31846,0.31386,0.31445,18101.3
2025-12-11 22:30:00,0.31454,0.3161,0.31354,0.31482,10614.3
2025-12-11 22:45:00,0.31481,0.31536,0.31324,0.3149,4067.8
2025-12-11 23:00:00,0.31519,0.31519,0.31235,0.31272,10534.9
2025-12-11 23:15:00,0.31245,0.31344,0.31243,0.31258,2720.5
2025-12-11 23:30:00,0.31252,0.31383,0.31252,0.31373,1410.9
2025-12-11 23:45:00,0.31383,0.31411,0.31336,0.3139,1220.6
2025-12-12 00:00:00,0.31391,0.31487,0.31391,0.31485,54132.4
2025-12-12 00:15:00,0.31476,0.31626,0.3146,0.3151,10621.4
2025-12-12 00:30:00,0.31493,0.31566,0.31428,0.31428,2146.0
2025-12-12 00:45:00,0.31423,0.31436,0.30868,0.30956,66368.9
2025-12-12 01:00:00,0.30981,0.3114,0.30963,0.31084,15806.4
2025-12-12 01:15:00,0.31078,0.31387,0.31078,0.31297,4283.4
2025-12-12 01:30:00,0.31269,0.31323,0.31215,0.31215,12239.5
2025-12-12 01:45:00,0.3126,0.3126,0.31126,0.31171,2990.0
2025-12-12 02:00:00,0.31162,0.31473,0.3112,0.31439,5440.7
2025-12-12 02:15:00,0.31419,0.31479,0.31322,0.31322,13405.9
2025-12-12 02:30:00,0.31319,0.31363,0.31279,0.31285,6164.1
2025-12-12 02:45:00,0.31282,0.31303,0.31136,0.31303,10626.5
2025-12-12 03:00:00,0.31283,0.31347,0.31187,0.31187,19181.9
2025-12-12 03:15:00,0.3114,0.31146,0.31034,0.31055,5105.0
2025-12-12 03:30:00,0.31048,0.31145,0.31048,0.31145,24728.5
2025-12-12 03:45:00,0.31144,0.31155,0.31073,0.31102,2164.3
2025-12-12 04:00:00,0.31096,0.31143,0.31081,0.31081,3100.2
2025-12-12 04:15:00,0.31072,0.31146,0.31055,0.31055,2636.1
2025-12-12 04:30:00,0.31066,0.31119,0.31054,0.31119,1993.3
2025-12-12 04:45:00,0.3112,0.31152,0.311,0.3112,21483.0
2025-12-12 05:00:00,0.31172,0.3131,0.31158,0.31158,19811.6
2025-12-12 05:15:00,0.31167,0.31236,0.31126,0.31146,1392.5
2025-12-12 05:30:00,0.31168,0.31468,0.31148,0.31468,2405.4
2025-12-12 05:45:00,0.31485,0.31587,0.31473,0.31572,5392.7
2025-12-12 06:00:00,0.31617,0.31946,0.31617,0.31946,9548.1
2025-12-12 06:15:00,0.31956,0.31956,0.31803,0.31803,2445.0
2025-12-12 06:30:00,0.31784,0.31784,0.31674,0.31677,1898.5
2025-12-12 06:45:00,0.31696,0.31696,0.31566,0.31604,1808.9
2025-12-12 07:00:00,0.3162,0.31641,0.31503,0.31567,2208.5
2025-12-12 07:15:00,0.31565,0.31615,0.31534,0.31562,1206.2
2025-12-12 07:30:00,0.31553,0.31566,0.31451,0.315,1907.4
2025-12-12 07:45:00,0.31484,0.315,0.31435,0.31442,2906.5
2025-12-12 08:00:00,0.31459,0.31537,0.31424,0.31534,14132.9
2025-12-12 08:15:00,0.31532,0.31532,0.31359,0.3139,27162.0
2025-12-12 08:30:00,0.31384,0.31385,0.31304,0.31381,6240.2
2025-12-12 08:45:00,0.31372,0.31495,0.31336,0.31479,2544.1
2025-12-12 09:00:00,0.31518,0.31531,0.3143,0.31527,3053.3
2025-12-12 09:15:00,0.31572,0.31615,0.31428,0.31428,3356.3
2025-12-12 09:30:00,0.31487,0.31533,0.31459,0.3147,2033.0
2025-12-12 09:45:00,0.31468,0.31731,0.31468,0.31731,3720.8
2025-12-12 10:00:00,0.31702,0.31869,0.31694,0.31853,9003.8
2025-12-12 10:15:00,0.31862,0.31862,0.31713,0.3176,6351.6
2025-12-12 10:30:00,0.318,0.318,0.3171,0.31729,2468.5
2025-12-12 10:45:00,0.31709,0.31745,0.31683,0.31703,27146.5
2025-12-12 11:00:00,0.31706,0.31706,0.3162,0.31641,9283.9
2025-12-12 11:15:00,0.3161,0.31713,0.3158,0.31678,21640.8
2025-12-12 11:30:00,0.31677,0.31782,0.31673,0.31769,31134.8
2025-12-12 11:45:00,0.31741,0.31801,0.31741,0.31796,5110.4
2025-12-12 12:00:00,0.318,0.31817,0.3176,0.31808,10972.1
2025-12-12 12:15:00,0.31809,0.31824,0.3175,0.3175,5146.0
2025-12-12 12:30:00,0.31883,0.3189,0.31812,0.3183,15061.6
2025-12-12 12:45:00,0.31833,0.32034,0.31825,0.31998,24314.2
2025-12-12 13:00:00,0.31915,0.31952,0.31883,0.31926,1610.2
2025-12-12 13:15:00,0.31925,0.32085,0.31912,0.32033,40886.5
2025-12-12 13:30:00,0.32092,0.32153,0.32,0.32,12709.0
2025-12-12 13:45:00,0.32031,0.32084,0.31986,0.32015,4186.1
2025-12-12 14:00:00,0.32025,0.32042,0.31971,0.31987,4859.6
2025-12-12 14:15:00,0.31975,0.32102,0.3196,0.31964,28224.9
2025-12-12 14:30:00,0.31937,0.32176,0.31881,0.31987,49937.8
2025-12-12 14:45:00,0.32007,0.32007,0.31741,0.31805,9334.3
2025-12-12 15:00:00,0.31805,0.31805,0.31393,0.31514,15373.1
2025-12-12 15:15:00,0.31484,0.31551,0.30823,0.30823,61260.0
2025-12-12 15:30:00,0.30875,0.30957,0.30484,0.30648,35826.0
2025-12-12 15:45:00,0.30639,0.30726,0.29937,0.30005,51280.2
2025-12-12 16:00:00,0.30054,0.3011,0.29762,0.29829,63360.3
2025-12-12 16:15:00,0.29768,0.29835,0.29427,0.29822,54697.2
2025-12-12 16:30:00,0.29819,0.29819,0.2941,0.29507,5880.3
2025-12-12 16:45:00,0.29474,0.29707,0.29424,0.29621,28311.4
2025-12-12 17:00:00,0.2963,0.30107,0.2963,0.29972,40514.4
2025-12-12 17:15:00,0.29959,0.30133,0.29734,0.29734,22070.6
2025-12-12 17:30:00,0.29691,0.29903,0.29691,0.29834,22083.5
2025-12-12 17:45:00,0.29865,0.29951,0.29838,0.29862,10039.5
2025-12-12 18:00:00,0.2989,0.30261,0.29863,0.30193,35854.3
2025-12-12 18:15:00,0.30185,0.30304,0.30042,0.3011,10955.2
2025-12-12 18:30:00,0.30173,0.3038,0.30173,0.30267,41430.4
2025-12-12 18:45:00,0.30264,0.30301,0.30065,0.30078,36425.9
2025-12-12 19:00:00,0.30111,0.30111,0.29868,0.29875,54508.3
2025-12-12 19:15:00,0.29884,0.30024,0.29855,0.29942,3760.0
2025-12-12 19:30:00,0.29962,0.3003,0.29915,0.29928,4794.8
2025-12-12 19:45:00,0.29891,0.30082,0.29862,0.30082,16484.5
2025-12-12 20:00:00,0.3013,0.30203,0.30126,0.30159,160665.9
2025-12-12 20:15:00,0.3013,0.30217,0.301,0.30116,3363.3
2025-12-12 20:30:00,0.30102,0.3016,0.30076,0.30128,4589.8
2025-12-12 20:45:00,0.3012,0.30189,0.30116,0.30144,6113.0
2025-12-12 21:00:00,0.3018,0.30305,0.30156,0.30246,168842.2
2025-12-12 21:15:00,0.30247,0.30354,0.30245,0.30342,11934.9
2025-12-12 21:30:00,0.30368,0.30443,0.30368,0.30443,4456.6
2025-12-12 21:45:00,0.30475,0.3049,0.30351,0.30365,9315.3
2025-12-12 22:00:00,0.30371,0.30505,0.30368,0.30455,4317.1
2025-12-12 22:15:00,0.30461,0.30655,0.30447,0.30617,11982.7
2025-12-12 22:30:00,0.30576,0.30718,0.30548,0.30712,7523.3
2025-12-12 22:45:00,0.30719,0.3075,0.30704,0.30713,7575.0
2025-12-12 23:00:00,0.30753,0.3082,0.30715,0.308,12984.2
2025-12-12 23:15:00,0.308,0.30812,0.30735,0.30735,19687.7
2025-12-12 23:30:00,0.30734,0.30734,0.30644,0.30644,3321.7
2025-12-12 23:45:00,0.30644,0.30727,0.30615,0.30727,2829.3
2025-12-13 00:00:00,0.30738,0.30809,0.30703,0.30788,57416.2
2025-12-13 00:15:00,0.30757,0.30817,0.30746,0.30746,1546.0
2025-12-13 00:30:00,0.30753,0.30811,0.30731,0.30769,2115.9
2025-12-13 00:45:00,0.30763,0.30763,0.30691,0.30709,1891.4
2025-12-13 01:00:00,0.3072,0.30763,0.3065,0.3065,1199.5
2025-12-13 01:15:00,0.30649,0.30771,0.30644,0.30746,6762.9
2025-12-13 01:30:00,0.30748,0.30759,0.30623,0.30656,2437.1
2025-12-13 01:45:00,0.30665,0.30699,0.30659,0.30699,1774.5
2025-12-13 02:00:00,0.30722,0.30819,0.30722,0.30728,14967.8
2025-12-13 02:15:00,0.30728,0.30794,0.30728,0.30794,2069.9
2025-12-13 02:30:00,0.30803,0.30848,0.30802,0.30824,60995.2
2025-12-13 02:45:00,0.30817,0.30878,0.30803,0.30854,69792.3
2025-12-13 03:00:00,0.30853,0.30853,0.30775,0.3082,12116.1
2025-12-13 03:15:00,0.30832,0.30945,0.30832,0.3093,9108.6
2025-12-13 03:30:00,0.30918,0.31146,0.30908,0.31129,8580.8
2025-12-13 03:45:00,0.31159,0.31177,0.31013,0.31024,3336.1
2025-12-13 04:00:00,0.31042,0.31089,0.30992,0.31005,4574.4
2025-12-13 04:15:00,0.31091,0.31145,0.31067,0.31111,3681.2
2025-12-13 04:30:00,0.31116,0.31121,0.31047,0.31088,1993.8
2025-12-13 04:45:00,0.31074,0.31155,0.31074,0.31117,1965.2
2025-12-13 05:00:00,0.31119,0.31154,0.31076,0.31076,2130.6
2025-12-13 05:15:00,0.311,0.311,0.30993,0.30993,2723.2
2025-12-13 05:30:00,0.30991,0.30992,0.3089,0.3089,5091.2
2025-12-13 05:45:00,0.30878,0.30895,0.30861,0.30875,3318.7
2025-12-13 06:00:00,0.30868,0.30875,0.30817,0.30828,1855.6
2025-12-13 06:15:00,0.30822,0.3084,0.3078,0.30794,8087.2
2025-12-13 06:30:00,0.30777,0.30831,0.30776,0.30804,1447.6
2025-12-13 06:45:00,0.30787,0.30817,0.30759,0.30782,1774.6
2025-12-13 07:00:00,0.30797,0.30972,0.30797,0.30938,22013.1
2025-12-13 07:15:00,0.30921,0.31157,0.30921,0.31132,5768.6
2025-12-13 07:30:00,0.31143,0.31162,0.3108,0.3108,2069.8
2025-12-13 07:45:00,0.31077,0.31142,0.31077,0.31114,3550.4
2025-12-13 08:00:00,0.31123,0.31173,0.31123,0.31169,18924.0
2025-12-13 08:15:00,0.31163,0.31349,0.31163,0.3122,26096.6
2025-12-13 08:30:00,0.31223,0.31262,0.31173,0.31206,18614.2
2025-12-13 08:45:00,0.31218,0.31325,0.31209,0.31247,5991.0
2025-12-13 09:00:00,0.31291,0.31324,0.31291,0.31298,6171.3
2025-12-13 09:15:00,0.31265,0.31318,0.3124,0.31259,4884.0
2025-12-13 09:30:00,0.31272,0.31382,0.31266,0.31317,42645.8
2025-12-13 09:45:00,0.31317,0.31317,0.31225,0.31225,8213.4
2025-12-13 10:00:00,0.31222,0.31278,0.31205,0.3125,7973.8
2025-12-13 10:15:00,0.31258,0.31471,0.31258,0.31471,3475.7
2025-12-13 10:30:00,0.31458,0.31523,0.31415,0.31523,5822.8
2025-12-13 10:45:00,0.31485,0.31501,0.3143,0.31462,1268.8
2025-12-13 11:00:00,0.31467,0.31498,0.31397,0.31408,1876.6
2025-12-13 11:15:00,0.31386,0.31449,0.31342,0.3135,3655.2
2025-12-13 11:30:00,0.31355,0.31382,0.31315,0.31334,8898.4
2025-12-13 11:45:00,0.31335,0.31446,0.31318,0.31439,3225.2
2025-12-13 12:00:00,0.31484,0.31582,0.31466,0.31582,8813.5
2025-12-13 12:15:00,0.31584,0.31627,0.31543,0.31553,3537.3
2025-12-13 12:30:00,0.31586,0.31623,0.31471,0.31471,3029.6
2025-12-13 12:45:00,0.31472,0.31627,0.31472,0.31625,1986.5
2025-12-13 13:00:00,0.31652,0.31654,0.31482,0.31482,4441.4
2025-12-13 13:15:00,0.31476,0.31551,0.31428,0.31428,9238.0
2025-12-13 13:30:00,0.31391,0.31462,0.31271,0.31271,7320.3
2025-12-13 13:45:00,0.31235,0.31235,0.31186,0.31223,6087.5
2025-12-13 14:00:00,0.31227,0.31276,0.31183,0.31276,9287.3
2025-12-13 14:15:00,0.3129,0.31296,0.31085,0.31085,9172.6
2025-12-13 14:30:00,0.31125,0.31174,0.31125,0.31162,2439.7
2025-12-13 14:45:00,0.31163,0.31259,0.31163,0.31212,15804.9
2025-12-13 15:00:00,0.31235,0.31469,0.31227,0.31469,2843.2
2025-12-13 15:15:00,0.31468,0.31504,0.31403,0.31498,7946.0
2025-12-13 15:30:00,0.31495,0.31574,0.31436,0.31436,10722.0
2025-12-13 15:45:00,0.31446,0.31516,0.31388,0.31516,6904.9
2025-12-13 16:00:00,0.31521,0.31744,0.31521,0.31744,5210.2
2025-12-13 16:15:00,0.31744,0.31744,0.31593,0.31643,17746.5
2025-12-13 16:30:00,0.31634,0.31657,0.31562,0.31646,2000.0
2025-12-13 16:45:00,0.31625,0.31673,0.31625,0.31631,1564.2
2025-12-13 17:00:00,0.31639,0.3167,0.31566,0.31661,7589.6
2025-12-13 17:15:00,0.31633,0.3165,0.31526,0.3155,3287.3
2025-12-13 17:30:00,0.31488,0.31595,0.31479,0.31594,1317.2
2025-12-13 17:45:00,0.31574,0.31574,0.3151,0.31518,1887.0
2025-12-13 18:00:00,0.31502,0.31612,0.31492,0.31588,9327.4
2025-12-13 18:15:00,0.31643,0.31643,0.31607,0.31616,1363.1
2025-12-13 18:30:00,0.31599,0.31631,0.31579,0.31613,2069.8
2025-12-13 18:45:00,0.31611,0.31627,0.31491,0.31522,6113.6
2025-12-13 19:00:00,0.31542,0.31616,0.31535,0.31605,2519.2
2025-12-13 19:15:00,0.31594,0.31594,0.3144,0.3144,3859.2
2025-12-13 19:30:00,0.3144,0.31511,0.3144,0.31495,3905.0
2025-12-13 19:45:00,0.31478,0.31521,0.31409,0.31414,28672.0
2025-12-13 20:00:00,0.31435,0.31464,0.31435,0.31436,3482.6
2025-12-13 20:15:00,0.31436,0.31453,0.31424,0.31441,3489.0
2025-12-13 20:30:00,0.3143,0.31438,0.31366,0.31366,58910.7
2025-12-13 20:45:00,0.31432,0.31484,0.31389,0.31389,10631.2
2025-12-13 21:00:00,0.31422,0.31447,0.31362,0.31383,1742.4
2025-12-13 21:15:00,0.31399,0.31448,0.31393,0.31403,5970.3
2025-12-13 21:30:00,0.31394,0.31398,0.31237,0.31393,10196.7
2025-12-13 21:45:00,0.31402,0.3147,0.3133,0.3147,2444.6
2025-12-13 22:00:00,0.31474,0.31557,0.31411,0.31426,10033.1
2025-12-13 22:15:00,0.3142,0.31492,0.3142,0.31463,2106.5
2025-12-13 22:30:00,0.31464,0.3158,0.31456,0.3158,15249.6
2025-12-13 22:45:00,0.31574,0.31574,0.31473,0.31498,1534.5
2025-12-13 23:00:00,0.31469,0.3153,0.3146,0.31525,5134.0
2025-12-13 23:15:00,0.31496,0.3159,0.31487,0.3159,2456.5
2025-12-13 23:30:00,0.31602,0.31627,0.31589,0.31589,5850.3
2025-12-13 23:45:00,0.31598,0.31604,0.31493,0.31493,1492.5
2025-12-14 00:00:00,0.31494,0.31554,0.31403,0.31487,53668.6
2025-12-14 00:15:00,0.31481,0.315,0.31361,0.31401,4255.7
2025-12-14 00:30:00,0.31399,0.31508,0.31399,0.31486,3118.9
2025-12-14 00:45:00,0.31484,0.31503,0.31419,0.3145,3598.0
2025-12-14 01:00:00,0.31465,0.31561,0.31465,0.31528,9625.0
2025-12-14 01:15:00,0.31542,0.31572,0.31474,0.31522,8844.7
2025-12-14 01:30:00,0.31514,0.31514,0.3137,0.31397,2445.3
2025-12-14 01:45:00,0.31409,0.31443,0.31393,0.31416,2750.0
2025-12-14 02:00:00,0.31442,0.31521,0.31442,0.31507,1449.1
2025-12-14 02:15:00,0.31443,0.31508,0.31436,0.31503,3197.0
2025-12-14 02:30:00,0.315,0.31531,0.31434,0.31434,3144.8
2025-12-14 02:45:00,0.31438,0.31474,0.31427,0.31474,1517.4
2025-12-14 03:00:00,0.31492,0.3155,0.31478,0.31479,2654.4
2025-12-14 03:15:00,0.31469,0.31473,0.31387,0.31398,1215.0
2025-12-14 03:30:00,0.31366,0.31366,0.31315,0.31331,1497.9
2025-12-14 03:45:00,0.31333,0.31336,0.31296,0.31318,6223.1
2025-12-14 04:00:00,0.31288,0.31318,0.31232,0.31255,3607.6
2025-12-14 04:15:00,0.31262,0.31271,0.31168,0.31168,4320.2
2025-12-14 04:30:00,0.31168,0.31168,0.31032,0.31038,9728.8
2025-12-14 04:45:00,0.31035,0.31087,0.31,0.31057,5186.2
2025-12-14 05:00:00,0.3103,0.31093,0.30952,0.30952,8340.0
2025-12-14 05:15:00,0.30958,0.30971,0.30909,0.30965,18674.8
2025-12-14 05:30:00,0.30947,0.31061,0.30919,0.31061,11957.8
2025-12-14 05:45:00,0.31058,0.31077,0.31007,0.31048,10790.9
2025-12-14 06:00:00,0.31011,0.31011,0.30891,0.30935,5199.6
2025-12-14 06:15:00,0.30928,0.30965,0.3081,0.3081,6239.6
2025-12-14 06:30:00,0.3079,0.30875,0.30738,0.30875,2853.6
2025-12-14 06:45:00,0.3087,0.30884,0.30795,0.30832,10332.1
2025-12-14 07:00:00,0.30858,0.30937,0.30822,0.3093,2656.9
2025-12-14 07:15:00,0.30941,0.30941,0.30849,0.30855,23999.1
2025-12-14 07:30:00,0.30836,0.30836,0.30736,0.30774,3219.9
2025-12-14 07:45:00,0.30776,0.30894,0.30776,0.30809,11280.2
2025-12-14 08:00:00,0.30837,0.30993,0.30837,0.30919,7811.6
2025-12-14 08:15:00,0.30906,0.30906,0.30834,0.30872,24558.8
2025-12-14 08:30:00,0.30852,0.30852,0.30743,0.30744,12281.7
2025-12-14 08:45:00,0.30744,0.30744,0.30673,0.30673,19384.9
2025-12-14 09:00:00,0.30675,0.3076,0.30672,0.30715,2257.0
2025-12-14 09:15:00,0.3071,0.3075,0.30696,0.30696,2342.1
2025-12-14 09:30:00,0.30687,0.30791,0.30687,0.30728,4526.1
2025-12-14 09:45:00,0.30717,0.30764,0.30697,0.30754,3416.9
2025-12-14 10:00:00,0.30758,0.30782,0.30546,0.3061,24115.4
2025-12-14 10:15:00,0.30644,0.3081,0.30609,0.30732,26498.5
2025-12-14 10:30:00,0.30704,0.30704,0.30609,0.30665,2215.8
2025-12-14 10:45:00,0.30719,0.30729,0.30684,0.30689,3166.6
2025-12-14 11:00:00,0.30695,0.30704,0.3062,0.30667,8267.6
2025-12-14 11:15:00,0.30656,0.30656,0.30545,0.30572,12683.3
2025-12-14 11:30:00,0.30551,0.30591,0.30306,0.30306,44223.1
2025-12-14 11:45:00,0.30268,0.30544,0.30217,0.30544,18016.1
2025-12-14 12:00:00,0.30539,0.30631,0.30417,0.30539,7153.8
2025-12-14 12:15:00,0.30541,0.30747,0.30541,0.30676,14651.1
2025-12-14 12:30:00,0.30705,0.30778,0.30702,0.30778,18220.2
2025-12-14 12:45:00,0.30821,0.30823,0.30693,0.30699,7583.5
2025-12-14 13:00:00,0.30693,0.30693,0.30533,0.30605,1918.3
2025-12-14 13:15:00,0.30604,0.30619,0.30562,0.30573,1635.5
2025-12-14 13:30:00,0.30616,0.30645,0.3055,0.30585,3063.6
2025-12-14 13:45:00,0.30552,0.30663,0.30552,0.30663,14930.0
2025-12-14 14:00:00,0.30734,0.30761,0.30626,0.3065,47754.8
2025-12-14 14:15:00,0.30651,0.30656,0.30574,0.30605,7756.1
2025-12-14 14:30:00,0.30579,0.30579,0.30347,0.30347,6124.7
2025-12-14 14:45:00,0.30353,0.30424,0.30271,0.30382,9477.3
2025-12-14 15:00:00,0.30334,0.30488,0.30274,0.30326,14764.9
2025-12-14 15:15:00,0.30345,0.3043,0.30292,0.30355,1987.3
2025-12-14 15:30:00,0.30351,0.30446,0.30306,0.30419,5045.2
2025-12-14 15:45:00,0.30394,0.30394,0.30338,0.30352,2038.3
2025-12-14 16:00:00,0.30305,0.3035,0.30287,0.3035,6222.5
2025-12-14 16:15:00,0.30349,0.3052,0.30303,0.30481,15187.9
2025-12-14 16:30:00,0.30499,0.30499,0.30249,0.30249,4742.5
2025-12-14 16:45:00,0.30295,0.30348,0.30256,0.30335,12598.0
2025-12-14 17:00:00,0.30385,0.30391,0.30038,0.30056,15631.3
2025-12-14 17:15:00,0.30134,0.30158,0.30059,0.30064,30252.0
2025-12-14 17:30:00,0.30009,0.30037,0.29942,0.30027,16265.2
2025-12-14 17:45:00,0.3003,0.30039,0.29977,0.30014,5895.3
2025-12-14 18:00:00,0.30004,0.30098,0.29991,0.30096,5599.4
2025-12-14 18:15:00,0.30093,0.30217,0.29963,0.29982,7181.4
2025-12-14 18:30:00,0.29978,0.3012,0.29978,0.30032,4639.5
2025-12-14 18:45:00,0.30054,0.30206,0.29993,0.30193,7266.4
2025-12-14 19:00:00,0.30177,0.30177,0.29999,0.30008,7849.7
2025-12-14 19:15:00,0.30006,0.30029,0.29965,0.30026,5411.6
2025-12-14 19:30:00,0.30035,0.30063,0.29938,0.29978,3752.9
2025-12-14 19:45:00,0.29984,0.30017,0.29984,0.30013,2075.1
2025-12-14 20:00:00,0.30051,0.30217,0.29876,0.30217,17036.6
2025-12-14 20:15:00,0.30249,0.30289,0.30139,0.30139,8643.7
2025-12-14 20:30:00,0.30125,0.30228,0.30119,0.30186,19733.3
2025-12-14 20:45:00,0.30164,0.30207,0.30115,0.30128,12709.3
2025-12-14 21:00:00,0.30095,0.30131,0.3004,0.30085,7233.8
2025-12-14 21:15:00,0.30113,0.30229,0.30113,0.30134,7388.6
2025-12-14 21:30:00,0.30102,0.30123,0.30031,0.30057,11053.1
2025-12-14 21:45:00,0.30059,0.30059,0.29902,0.29913,115304.9
2025-12-14 22:00:00,0.29949,0.30112,0.29949,0.3007,20275.3
2025-12-14 22:15:00,0.30078,0.30078,0.29967,0.29989,20020.8
2025-12-14 22:30:00,0.29914,0.30006,0.29817,0.29956,23979.2
2025-12-14 22:45:00,0.29958,0.30069,0.29937,0.30065,44887.9
2025-12-14 23:00:00,0.30122,0.30262,0.29958,0.29988,26174.2
2025-12-14 23:15:00,0.29997,0.30091,0.29956,0.30059,29280.9
2025-12-14 23:30:00,0.3008,0.3012,0.29646,0.3007,70040.7
2025-12-14 23:45:00,0.30089,0.3015,0.29998,0.30019,28772.2
2025-12-15 00:00:00,0.3004,0.30215,0.29977,0.29984,28495.4
2025-12-15 00:15:00,0.30035,0.30295,0.3,0.30295,80487.7
2025-12-15 00:30:00,0.30295,0.30341,0.30116,0.30145,3356.4
2025-12-15 00:45:00,0.30143,0.30324,0.30123,0.30312,2110.1
2025-12-15 01:00:00,0.3033,0.30388,0.30249,0.30388,4900.0
2025-12-15 01:15:00,0.30376,0.30386,0.30293,0.30335,3139.1
2025-12-15 01:30:00,0.30357,0.30808,0.30306,0.3057,32308.7
2025-12-15 01:45:00,0.30582,0.30716,0.30581,0.30711,1039.9
2025-12-15 02:00:00,0.30726,0.30927,0.30726,0.30852,18127.6
2025-12-15 02:15:00,0.30905,0.3126,0.30898,0.3111,21023.2
2025-12-15 02:30:00,0.31125,0.31125,0.30824,0.30824,27023.5
2025-12-15 02:45:00,0.30823,0.30823,0.30722,0.3074,21778.5
2025-12-15 03:00:00,0.30732,0.30828,0.30683,0.3071,11172.4
2025-12-15 03:15:00,0.30791,0.30876,0.30791,0.3084,1912.7
2025-12-15 03:30:00,0.30828,0.30835,0.30787,0.30803,3003.7
2025-12-15 03:45:00,0.30793,0.3085,0.30793,0.30821,2392.5
2025-12-15 04:00:00,0.30846,0.30942,0.30836,0.30911,2068.8
2025-12-15 04:15:00,0.30899,0.30946,0.30813,0.30826,2087.7
2025-12-15 04:30:00,0.30854,0.30963,0.30853,0.30921,4119.0
2025-12-15 04:45:00,0.30923,0.30991,0.30912,0.30975,7009.0
2025-12-15 05:00:00,0.30968,0.30968,0.30888,0.30934,6344.2
2025-12-15 05:15:00,0.30926,0.3117,0.30926,0.3117,55784.8
2025-12-15 05:30:00,0.31161,0.31248,0.31161,0.31229,3804.7
2025-12-15 05:45:00,0.31248,0.31334,0.31242,0.31327,8928.4
2025-12-15 06:00:00,0.31359,0.31428,0.31171,0.31186,10928.2
2025-12-15 06:15:00,0.31158,0.31196,0.31146,0.31183,6656.8
2025-12-15 06:30:00,0.31161,0.31173,0.31116,0.31141,10160.5
2025-12-15 06:45:00,0.31135,0.31306,0.3112,0.31222,4646.8
2025-12-15 07:00:00,0.31252,0.31335,0.30845,0.30885,38847.1
2025-12-15 07:15:00,0.30861,0.30879,0.3084,0.30868,3708.8
2025-12-15 07:30:00,0.30885,0.30908,0.30817,0.30836,4112.9
2025-12-15 07:45:00,0.30838,0.30951,0.30828,0.30941,6069.0
2025-12-15 08:00:00,0.30948,0.31075,0.30857,0.30857,6233.4
2025-12-15 08:15:00,0.30877,0.31005,0.30877,0.30998,9049.7
2025-12-15 08:30:00,0.30995,0.30995,0.30891,0.30952,49240.2
2025-12-15 08:45:00,0.30943,0.30943,0.3088,0.30902,2497.5
2025-12-15 09:00:00,0.30914,0.3101,0.30914,0.30973,1945.6
2025-12-15 09:15:00,0.30973,0.31003,0.30934,0.30934,52897.9
2025-12-15 09:30:00,0.30918,0.30945,0.30886,0.30918,2400.1
2025-12-15 09:45:00,0.30917,0.31052,0.30908,0.31016,2868.1
2025-12-15 10:00:00,0.31013,0.31081,0.30979,0.31054,7660.8
2025-12-15 10:15:00,0.3103,0.31146,0.31001,0.31146,3719.3
2025-12-15 10:30:00,0.3121,0.31241,0.3107,0.31137,3209.8
2025-12-15 10:45:00,0.31152,0.31152,0.31058,0.31064,12680.6
2025-12-15 11:00:00,0.31045,0.3111,0.31042,0.31085,4481.9
2025-12-15 11:15:00,0.3109,0.31118,0.31052,0.31052,5422.1
2025-12-15 11:30:00,0.31049,0.31085,0.30892,0.30892,1731.2
2025-12-15 11:45:00,0.30904,0.30965,0.30895,0.30953,2274.9
2025-12-15 12:00:00,0.30957,0.31009,0.30916,0.31007,5622.2
2025-12-15 12:15:00,0.31033,0.3119,0.31033,0.31172,2530.4
2025-12-15 12:30:00,0.31197,0.31654,0.31197,0.31389,105885.9
2025-12-15 12:45:00,0.31343,0.31355,0.31288,0.31321,8337.4
2025-12-15 13:00:00,0.3135,0.31358,0.3091,0.31067,102587.2
2025-12-15 13:15:00,0.31058,0.31058,0.3087,0.30892,4890.2
2025-12-15 13:30:00,0.30861,0.30979,0.30793,0.30957,4720.6
2025-12-15 13:45:00,0.30952,0.31015,0.30928,0.30944,50676.8
2025-12-15 14:00:00,0.30944,0.31035,0.30938,0.31031,9865.5
2025-12-15 14:15:00,0.31126,0.31332,0.3097,0.31014,67446.3
2025-12-15 14:30:00,0.31002,0.3129,0.30848,0.31049,24260.0
2025-12-15 14:45:00,0.31017,0.31017,0.3009,0.30477,89349.0
2025-12-15 15:00:00,0.30383,0.30436,0.29914,0.30009,81690.8
2025-12-15 15:15:00,0.30007,0.30007,0.29242,0.29264,69791.8
2025-12-15 15:30:00,0.29315,0.2953,0.2908,0.29388,43771.6
2025-12-15 15:45:00,0.29402,0.29575,0.29074,0.2912,126200.6
2025-12-15 16:00:00,0.29199,0.29199,0.29001,0.29095,20962.7
2025-12-15 16:15:00,0.28996,0.29275,0.2899,0.29227,5077.3
2025-12-15 16:30:00,0.2917,0.2917,0.2868,0.2881,16320.3
2025-12-15 16:45:00,0.28769,0.28892,0.28706,0.28783,6686.2
2025-12-15 17:00:00,0.28819,0.28819,0.28657,0.28663,2296.1
2025-12-15 17:15:00,0.28606,0.28767,0.28576,0.28653,6657.4
2025-12-15 17:30:00,0.28666,0.28737,0.2855,0.28661,9525.6
2025-12-15 17:45:00,0.28663,0.28677,0.28473,0.28485,17863.2
2025-12-15 18:00:00,0.28489,0.2857,0.28415,0.28501,4273.5
2025-12-15 18:15:00,0.28494,0.28593,0.28341,0.28341,254225.2
2025-12-15 18:30:00,0.28342,0.28544,0.28118,0.28416,27911.2
2025-12-15 18:45:00,0.28443,0.28673,0.28433,0.28642,147844.8
2025-12-15 19:00:00,0.28653,0.29018,0.28647,0.28752,81340.5
2025-12-15 19:15:00,0.28724,0.28904,0.28709,0.2883,4497.4
2025-12-15 19:30:00,0.28803,0.28934,0.28802,0.28885,19354.3
2025-12-15 19:45:00,0.28854,0.28854,0.28693,0.28728,5949.7
2025-12-15 20:00:00,0.28694,0.28694,0.28486,0.28507,3986.7
2025-12-15 20:15:00,0.28468,0.28468,0.28333,0.28452,3311.1
2025-12-15 20:30:00,0.28453,0.28702,0.28408,0.28607,6068.3
2025-12-15 20:45:00,0.28599,0.28599,0.28506,0.28515,4100.6
2025-12-15 21:00:00,0.28519,0.28532,0.28445,0.28509,2094.5
2025-12-15 21:15:00,0.28527,0.2879,0.28522,0.28764,4820.8
2025-12-15 21:30:00,0.2885,0.28926,0.28772,0.28782,6806.9
2025-12-15 21:45:00,0.2879,0.28858,0.2879,0.28857,2552.7
2025-12-15 22:00:00,0.28844,0.28877,0.28807,0.28807,2706.8
2025-12-15 22:15:00,0.28825,0.28909,0.28757,0.28909,10227.6
2025-12-15 22:30:00,0.28929,0.28979,0.28869,0.28878,3080.7
2025-12-15 22:45:00,0.28878,0.29067,0.28878,0.29062,3653.8
2025-12-15 23:00:00,0.29065,0.29298,0.29065,0.29298,11869.9
2025-12-15 23:15:00,0.29251,0.29251,0.29119,0.29165,12596.3
2025-12-15 23:30:00,0.2917,0.29244,0.2912,0.29244,5164.9
2025-12-15 23:45:00,0.29211,0.29278,0.2921,0.29266,2668.3
2025-12-16 00:00:00,0.29266,0.29321,0.29148,0.29148,19763.3
2025-12-16 00:15:00,0.29141,0.2924,0.291,0.29207,8368.1
2025-12-16 00:30:00,0.29141,0.29141,0.28974,0.29047,14774.7
2025-12-16 00:45:00,0.29017,0.29023,0.28836,0.28836,4019.4
2025-12-16 01:00:00,0.28814,0.29003,0.28814,0.28893,5014.6
2025-12-16 01:15:00,0.28901,0.28945,0.28711,0.28726,61516.7
2025-12-16 01:30:00,0.28728,0.28798,0.28679,0.28679,7794.3
2025-12-16 01:45:00,0.28682,0.28781,0.28682,0.28707,11613.8
2025-12-16 02:00:00,0.28678,0.28772,0.28633,0.28761,1336.5
2025-12-16 02:15:00,0.28774,0.29025,0.28688,0.29009,2351.5
2025-12-16 02:30:00,0.29005,0.29025,0.2888,0.28903,9139.2
2025-12-16 02:45:00,0.28914,0.28943,0.28854,0.2888,2845.8
2025-12-16 03:00:00,0.289,0.28932,0.28737,0.28758,5001.0
2025-12-16 03:15:00,0.28775,0.28815,0.28757,0.28784,1110.3
2025-12-16 03:30:00,0.28783,0.28932,0.28702,0.28887,5517.6
2025-12-16 03:45:00,0.28884,0.28962,0.28878,0.28914,5401.9
2025-12-16 04:00:00,0.28921,0.28975,0.2879,0.2879,5432.5
2025-12-16 04:15:00,0.2877,0.28786,0.2863,0.28631,2351.8
2025-12-16 04:30:00,0.28611,0.28618,0.28544,0.28553,1170.8
2025-12-16 04:45:00,0.28545,0.2868,0.28322,0.28678,18660.1
2025-12-16 05:00:00,0.2866,0.28667,0.28606,0.28606,1715.2
2025-12-16 05:15:00,0.28612,0.28693,0.28612,0.2868,39694.2
2025-12-16 05:30:00,0.28641,0.2875,0.28641,0.28721,9957.9
2025-12-16 05:45:00,0.28726,0.28764,0.2862,0.28654,11787.1
2025-12-16 06:00:00,0.28639,0.28766,0.28639,0.28715,7434.3
2025-12-16 06:15:00,0.28748,0.28779,0.28724,0.28764,3996.8
2025-12-16 06:30:00,0.28773,0.28773,0.28708,0.28708,2613.0
2025-12-16 06:45:00,0.28704,0.2886,0.28704,0.28841,3979.2
2025-12-16 07:00:00,0.28829,0.28905,0.28754,0.28754,12309.8
2025-12-16 07:15:00,0.28702,0.28702,0.2853,0.28536,8861.0
2025-12-16 07:30:00,0.28537,0.28593,0.2832,0.2832,7230.4
2025-12-16 07:45:00,0.28347,0.28462,0.28347,0.28417,4394.7
2025-12-16 08:00:00,0.28444,0.28585,0.2844,0.28585,18364.8
2025-12-16 08:15:00,0.28525,0.28574,0.28515,0.28551,3551.0
2025-12-16 08:30:00,0.28557,0.28612,0.28496,0.28612,12627.1
2025-12-16 08:45:00,0.28623,0.28667,0.2852,0.2858,33562.2
2025-12-16 09:00:00,0.28579,0.28579,0.28539,0.28565,3942.7
2025-12-16 09:15:00,0.28572,0.28585,0.28506,0.28525,25471.4
2025-12-16 09:30:00,0.28545,0.28624,0.28532,0.286,84612.4
2025-12-16 09:45:00,0.2859,0.28609,0.28535,0.28576,2314.9
2025-12-16 10:00:00,0.28598,0.28642,0.28548,0.28629,8264.5
2025-12-16 10:15:00,0.28634,0.28821,0.28634,0.28774,47271.5
2025-12-16 10:30:00,0.28772,0.29299,0.2876,0.29215,140369.8
2025-12-16 10:45:00,0.29264,0.29309,0.29134,0.29188,75109.2
2025-12-16 11:00:00,0.29201,0.29216,0.2911,0.29202,44554.9
2025-12-16 11:15:00,0.29206,0.29548,0.29206,0.29548,11255.5
2025-12-16 11:30:00,0.29535,0.29609,0.29436,0.29477,9778.6
2025-12-16 11:45:00,0.29479,0.29581,0.29468,0.29563,7839.5
2025-12-16 12:00:00,0.29573,0.29631,0.29549,0.29579,11169.8
2025-12-16 12:15:00,0.2958,0.29591,0.29384,0.29384,9906.4
2025-12-16 12:30:00,0.29422,0.29456,0.29308,0.2935,2229.6
2025-12-16 12:45:00,0.29378,0.29451,0.29324,0.2936,36156.9
2025-12-16 13:00:00,0.29304,0.29356,0.29286,0.29287,18481.1
2025-12-16 13:15:00,0.29328,0.29459,0.29293,0.29413,9091.3
2025-12-16 13:30:00,0.29447,0.29691,0.28957,0.29169,47306.1
2025-12-16 13:45:00,0.29199,0.29307,0.2904,0.2904,5134.2
2025-12-16 14:00:00,0.29028,0.29228,0.28789,0.29215,79089.2
2025-12-16 14:15:00,0.2916,0.29338,0.29109,0.29261,5697.2
2025-12-16 14:30:00,0.29328,0.29495,0.29156,0.29166,30618.6
2025-12-16 14:45:00,0.29163,0.29573,0.29005,0.29289,40997.5
2025-12-16 15:00:00,0.2931,0.29345,0.29112,0.29182,18567.5
2025-12-16 15:15:00,0.29235,0.29235,0.29,0.29197,46254.2
2025-12-16 15:30:00,0.29258,0.29323,0.29178,0.29288,43306.3
2025-12-16 15:45:00,0.29308,0.29741,0.29267,0.29604,33397.5
2025-12-16 16:00:00,0.29641,0.29655,0.29421,0.29421,20401.6
2025-12-16 16:15:00,0.29459,0.29675,0.29427,0.29622,11358.7
2025-12-16 16:30:00,0.29561,0.29619,0.29325,0.29386,5940.9
2025-12-16 16:45:00,0.29454,0.2958,0.29413,0.29489,3274.2
2025-12-16 17:00:00,0.29498,0.29739,0.29498,0.29713,15466.2
2025-12-16 17:15:00,0.29633,0.29658,0.2936,0.29392,3058.7
2025-12-16 17:30:00,0.29458,0.29507,0.29293,0.29328,15060.7
2025-12-16 17:45:00,0.29353,0.29373,0.29285,0.2929,23249.1
2025-12-16 18:00:00,0.29306,0.29388,0.29216,0.29349,43077.3
2025-12-16 18:15:00,0.29367,0.29367,0.29224,0.29231,8944.1
2025-12-16 18:30:00,0.29293,0.2951,0.29293,0.29508,23876.7
2025-12-16 18:45:00,0.29509,0.29622,0.2946,0.29461,8379.1
2025-12-16 19:00:00,0.29459,0.29459,0.29156,0.29156,7375.4
2025-12-16 19:15:00,0.29154,0.29175,0.29112,0.29116,10110.2
2025-12-16 19:30:00,0.29177,0.29261,0.29131,0.29238,3080.9
2025-12-16 19:45:00,0.29259,0.29459,0.29247,0.29326,8840.8
2025-12-16 20:00:00,0.29343,0.29385,0.29295,0.29324,14312.4
2025-12-16 20:15:00,0.29308,0.29326,0.29245,0.29292,3188.2
2025-12-16 20:30:00,0.29278,0.29441,0.29271,0.29432,2399.8
2025-12-16 20:45:00,0.2941,0.29451,0.29316,0.29369,10188.6
2025-12-16 21:00:00,0.29347,0.29377,0.29286,0.29355,2881.1
2025-12-16 21:15:00,0.29375,0.29375,0.29264,0.29343,1733.6
2025-12-16 21:30:00,0.29351,0.29462,0.29351,0.29443,2943.0
2025-12-16 21:45:00,0.29455,0.29476,0.29371,0.29371,5794.1
2025-12-16 22:00:00,0.29375,0.2942,0.2923,0.29251,2698.6
2025-12-16 22:15:00,0.29276,0.29397,0.29274,0.29333,3879.4
2025-12-16 22:30:00,0.29364,0.29364,0.29312,0.29355,3051.7
2025-12-16 22:45:00,0.29342,0.29374,0.29276,0.29298,14700.8
2025-12-16 23:00:00,0.29283,0.29308,0.29191,0.29191,40229.8
2025-12-16 23:15:00,0.29227,0.2926,0.29195,0.29208,2841.6
2025-12-16 23:30:00,0.29213,0.29266,0.29181,0.29266,3471.1
2025-12-16 23:45:00,0.29275,0.29297,0.29215,0.2928,3577.9
2025-12-17 00:00:00,0.29282,0.29291,0.29185,0.29185,70376.2
2025-12-17 00:15:00,0.29213,0.29244,0.29161,0.29209,2090.4
2025-12-17 00:30:00,0.29201,0.29208,0.29118,0.2917,2029.6
2025-12-17 00:45:00,0.29173,0.29192,0.29129,0.29149,5496.9
2025-12-17 01:00:00,0.29149,0.29363,0.29148,0.29316,2755.2
2025-12-17 01:15:00,0.29313,0.29541,0.29302,0.2946,9585.0
2025-12-17 01:30:00,0.29479,0.2951,0.29336,0.29339,3301.6
2025-12-17 01:45:00,0.29337,0.29353,0.29219,0.29276,3936.9
2025-12-17 02:00:00,0.2929,0.29324,0.29146,0.29157,5792.8
2025-12-17 02:15:00,0.29145,0.2921,0.29064,0.29196,13290.0
2025-12-17 02:30:00,0.29196,0.29256,0.29166,0.29256,6268.3
2025-12-17 02:45:00,0.29254,0.29435,0.29254,0.29377,9193.3
2025-12-17 03:00:00,0.29402,0.29488,0.2936,0.29373,3520.0
2025-12-17 03:15:00,0.29373,0.2939,0.293,0.293,6349.2
2025-12-17 03:30:00,0.29277,0.29288,0.29156,0.2917,1142.2
2025-12-17 03:45:00,0.29169,0.29211,0.29129,0.29179,1269.3
2025-12-17 04:00:00,0.29181,0.29242,0.29176,0.29218,3273.5
2025-12-17 04:15:00,0.29167,0.29171,0.29009,0.29037,2892.1
2025-12-17 04:30:00,0.29034,0.29057,0.28992,0.29044,17159.4
2025-12-17 04:45:00,0.29024,0.29047,0.29012,0.29032,4520.1
2025-12-17 05:00:00,0.29013,0.29156,0.28873,0.29132,10546.3
2025-12-17 05:15:00,0.29135,0.29143,0.28864,0.2893,4621.3
2025-12-17 05:30:00,0.2891,0.28974,0.28861,0.28972,6400.1
2025-12-17 05:45:00,0.28951,0.29099,0.28951,0.29022,10905.4
2025-12-17 06:00:00,0.29003,0.29167,0.28995,0.29144,8131.2
2025-12-17 06:15:00,0.29157,0.29158,0.29094,0.29097,4546.1
2025-12-17 06:30:00,0.29103,0.29117,0.29014,0.2902,3729.1
2025-12-17 06:45:00,0.29015,0.29034,0.29002,0.29029,6903.1
2025-12-17 07:00:00,0.29007,0.29075,0.28947,0.28971,2514.0
2025-12-17 07:15:00,0.28971,0.29006,0.28949,0.28972,3495.7
2025-12-17 07:30:00,0.28975,0.29115,0.28953,0.2902,5259.1
2025-12-17 07:45:00,0.29014,0.29027,0.28953,0.28953,4637.0
2025-12-17 08:00:00,0.28946,0.28946,0.2886,0.28903,4476.5
2025-12-17 08:15:00,0.28909,0.28924,0.28736,0.28759,5434.1
2025-12-17 08:30:00,0.28764,0.28849,0.28703,0.28829,31430.0
2025-12-17 08:45:00,0.28832,0.28847,0.28783,0.28786,6220.5
2025-12-17 09:00:00,0.2879,0.28798,0.28733,0.28791,10675.6
2025-12-17 09:15:00,0.28795,0.28814,0.28619,0.28666,94586.0
2025-12-17 09:30:00,0.28683,0.28785,0.28666,0.28785,5878.3
2025-12-17 09:45:00,0.28775,0.28788,0.2871,0.28719,4798.6
2025-12-17 10:00:00,0.28719,0.28749,0.28618,0.28749,8161.2
2025-12-17 10:15:00,0.2871,0.28737,0.28668,0.28713,10899.8
2025-12-17 10:30:00,0.28679,0.28749,0.28616,0.28746,46605.9
2025-12-17 10:45:00,0.28752,0.28774,0.28644,0.2867,10542.0
2025-12-17 11:00:00,0.28672,0.28854,0.28672,0.28826,10641.1
2025-12-17 11:15:00,0.28829,0.28856,0.28798,0.28809,9986.6
2025-12-17 11:30:00,0.28813,0.28974,0.28809,0.28915,29952.0
2025-12-17 11:45:00,0.28915,0.28949,0.2885,0.28915,62300.7
2025-12-17 12:00:00,0.28909,0.2901,0.28909,0.28987,27873.8
2025-12-17 12:15:00,0.28977,0.28981,0.28857,0.28871,4727.0
2025-12-17 12:30:00,0.28873,0.28924,0.28794,0.28794,51758.8
2025-12-17 12:45:00,0.28813,0.28951,0.28792,0.2889,10558.6
2025-12-17 13:00:00,0.28887,0.29005,0.28833,0.28857,11372.5
2025-12-17 13:15:00,0.28835,0.28932,0.28804,0.28912,5158.8
2025-12-17 13:30:00,0.28892,0.29086,0.28872,0.29086,11466.4
2025-12-17 13:45:00,0.2907,0.29308,0.29055,0.29284,43937.8
2025-12-17 14:00:00,0.29308,0.29391,0.29259,0.29301,27241.0
2025-12-17 14:15:00,0.29309,0.2943,0.29243,0.29255,13180.0
2025-12-17 14:30:00,0.29254,0.29331,0.28994,0.29026,40426.3
2025-12-17 14:45:00,0.29084,0.2995,0.28713,0.29869,187206.8
2025-12-17 15:00:00,0.29938,0.3044,0.29737,0.30424,103657.6
2025-12-17 15:15:00,0.30415,0.3058,0.30027,0.30106,55527.0
2025-12-17 15:30:00,0.30128,0.3013,0.29257,0.29376,29033.1
2025-12-17 15:45:00,0.29358,0.29379,0.28658,0.28695,94930.4
2025-12-17 16:00:00,0.28723,0.28959,0.28459,0.28469,30394.0
2025-12-17 16:15:00,0.28455,0.28455,0.27764,0.27793,111608.6
2025-12-17 16:30:00,0.27784,0.28142,0.27642,0.27837,26645.2
2025-12-17 16:45:00,0.27829,0.2802,0.27817,0.27985,20940.3
2025-12-17 17:00:00,0.27975,0.28098,0.27631,0.27769,11852.0
2025-12-17 17:15:00,0.2776,0.28098,0.277,0.27945,8571.4
2025-12-17 17:30:00,0.27937,0.27979,0.27584,0.27584,14686.3
2025-12-17 17:45:00,0.27582,0.27709,0.27469,0.27555,16925.4
2025-12-17 18:00:00,0.27617,0.27759,0.27547,0.27709,22515.8
2025-12-17 18:15:00,0.27695,0.27844,0.27628,0.27707,13240.2
2025-12-17 18:30:00,0.27715,0.27756,0.27391,0.27534,128661.9
2025-12-17 18:45:00,0.27524,0.27524,0.27254,0.27254,22020.7
2025-12-17 19:00:00,0.27288,0.27333,0.27132,0.27234,69266.7
2025-12-17 19:15:00,0.27252,0.27402,0.27218,0.27271,13675.5
2025-12-17 19:30:00,0.27264,0.27378,0.27248,0.27294,48814.2
2025-12-17 19:45:00,0.27302,0.2759,0.27302,0.27566,27978.9
2025-12-17 20:00:00,0.27565,0.27595,0.27451,0.27476,44491.8
2025-12-17 20:15:00,0.27471,0.27841,0.27471,0.27823,89931.9
2025-12-17 20:30:00,0.27823,0.27823,0.27595,0.27688,113319.3
2025-12-17 20:45:00,0.27703,0.27703,0.27491,0.27527,9079.2
2025-12-17 21:00:00,0.2754,0.27607,0.27511,0.27568,21495.4
2025-12-17 21:15:00,0.27551,0.27551,0.2741,0.27415,37026.6
2025-12-17 21:30:00,0.27425,0.27425,0.27257,0.27283,16778.6
2025-12-17 21:45:00,0.2729,0.2729,0.27173,0.27228,8019.5
2025-12-17 22:00:00,0.27209,0.27217,0.26936,0.27181,69758.5
2025-12-17 22:15:00,0.27212,0.27308,0.2712,0.27308,24130.9
2025-12-17 22:30:00,0.27214,0.27252,0.27172,0.2719,3036.2
2025-12-17 22:45:00,0.27187,0.27361,0.27171,0.27291,5613.4
2025-12-17 23:00:00,0.27222,0.27243,0.27162,0.27162,2816.7
2025-12-17 23:15:00,0.27169,0.272,0.27142,0.27183,6072.7
2025-12-17 23:30:00,0.27174,0.2729,0.27174,0.27282,6665.2
2025-12-17 23:45:00,0.27271,0.27297,0.27254,0.2728,4037.2
2025-12-18 00:00:00,0.27321,0.27329,0.27205,0.2725,11629.9
2025-12-18 00:15:00,0.27241,0.27322,0.2723,0.27322,4724.2
2025-12-18 00:30:00,0.27338,0.27354,0.27266,0.27287,4870.1
2025-12-18 00:45:00,0.27305,0.27354,0.27305,0.27324,3528.6
2025-12-18 01:00:00,0.27322,0.27322,0.27036,0.27068,12452.2
2025-12-18 01:15:00,0.27097,0.27097,0.26977,0.27048,3552.0
2025-12-18 01:30:00,0.27045,0.27137,0.2702,0.27127,4482.5
2025-12-18 01:45:00,0.27136,0.27155,0.2703,0.27103,7435.4
2025-12-18 02:00:00,0.27077,0.27294,0.27068,0.27285,7358.9
2025-12-18 02:15:00,0.27267,0.27433,0.27167,0.27232,12444.4
2025-12-18 02:30:00,0.2723,0.27369,0.27212,0.27321,10457.6
2025-12-18 02:45:00,0.2735,0.27363,0.27235,0.27267,4329.4
2025-12-18 03:00:00,0.27255,0.27258,0.27184,0.27188,5652.7
2025-12-18 03:15:00,0.27157,0.2716,0.27,0.27,6177.8
2025-12-18 03:30:00,0.26974,0.27024,0.26892,0.26964,12582.0
2025-12-18 03:45:00,0.26974,0.27008,0.26945,0.26987,7744.7
2025-12-18 04:00:00,0.27003,0.27136,0.26994,0.27009,19367.8
2025-12-18 04:15:00,0.27021,0.27105,0.26985,0.27012,4960.1
2025-12-18 04:30:00,0.27011,0.27118,0.27011,0.27118,14049.7
2025-12-18 04:45:00,0.27108,0.27108,0.27041,0.27049,4556.6
2025-12-18 05:00:00,0.27032,0.27067,0.26841,0.26869,4261.1
2025-12-18 05:15:00,0.26828,0.26835,0.26672,0.26722,13016.7
2025-12-18 05:30:00,0.26713,0.26844,0.26654,0.26817,24159.3
2025-12-18 05:45:00,0.26823,0.26823,0.26712,0.26746,8821.6
2025-12-18 06:00:00,0.26708,0.26837,0.26698,0.26837,4623.0
2025-12-18 06:15:00,0.26821,0.26844,0.26787,0.26796,3742.5
2025-12-18 06:30:00,0.26821,0.26885,0.26821,0.26824,14660.2
2025-12-18 06:45:00,0.26818,0.26925,0.26776,0.26875,2713.0
2025-12-18 07:00:00,0.26907,0.27067,0.26867,0.27022,25757.1
2025-12-18 07:15:00,0.2704,0.27063,0.26993,0.27052,7493.5
2025-12-18 07:30:00,0.27065,0.27082,0.26936,0.26937,23140.0
2025-12-18 07:45:00,0.2694,0.27009,0.2694,0.27009,7783.8
2025-12-18 08:00:00,0.27021,0.27299,0.27021,0.27299,32372.4
2025-12-18 08:15:00,0.2728,0.27462,0.2722,0.27406,28101.6
2025-12-18 08:30:00,0.27412,0.27453,0.27369,0.27369,47654.2
2025-12-18 08:45:00,0.27363,0.27363,0.27238,0.27256,5691.6
2025-12-18 09:00:00,0.27247,0.27288,0.27209,0.27247,4883.8
2025-12-18 09:15:00,0.27238,0.2728,0.27216,0.27253,10717.6
2025-12-18 09:30:00,0.27269,0.27341,0.27253,0.27335,16282.7
2025-12-18 09:45:00,0.27329,0.27346,0.27226,0.27246,9226.2
2025-12-18 10:00:00,0.27245,0.2743,0.27209,0.2743,16725.9
2025-12-18 10:15:00,0.2743,0.27489,0.2741,0.27456,23769.6
2025-12-18 10:30:00,0.27437,0.27493,0.27426,0.27449,5962.7
2025-12-18 10:45:00,0.27465,0.27473,0.27425,0.27463,6459.4
2025-12-18 11:00:00,0.2746,0.2746,0.27306,0.27357,41200.0
2025-12-18 11:15:00,0.27297,0.27366,0.27297,0.27345,7741.1
2025-12-18 11:30:00,0.27354,0.27419,0.27325,0.27325,7192.2
2025-12-18 11:45:00,0.27328,0.27429,0.27328,0.27382,5259.5
2025-12-18 12:00:00,0.27389,0.27471,0.27359,0.27365,24332.1
2025-12-18 12:15:00,0.27355,0.27431,0.27326,0.27333,6118.6
2025-12-18 12:30:00,0.27358,0.27541,0.27358,0.27516,8043.8
2025-12-18 12:45:00,0.27511,0.27518,0.27393,0.27493,5276.5
2025-12-18 13:00:00,0.27509,0.27978,0.27509,0.27906,80573.4
2025-12-18 13:15:00,0.27783,0.27785,0.27669,0.27669,5554.6
2025-12-18 13:30:00,0.2773,0.28298,0.2773,0.28291,154800.7
2025-12-18 13:45:00,0.28275,0.28445,0.28235,0.28445,54865.4
2025-12-18 14:00:00,0.28437,0.28669,0.28024,0.28024,165732.4
2025-12-18 14:15:00,0.28044,0.28423,0.28044,0.2838,49486.4
2025-12-18 14:30:00,0.28383,0.28635,0.27877,0.27935,100007.7
2025-12-18 14:45:00,0.27978,0.28148,0.27834,0.28063,69585.0
2025-12-18 15:00:00,0.281,0.28185,0.27849,0.27918,19731.8
2025-12-18 15:15:00,0.27913,0.28352,0.279,0.28352,17840.8
2025-12-18 15:30:00,0.28441,0.28569,0.28201,0.285,45197.3
2025-12-18 15:45:00,0.28451,0.28451,0.282,0.28241,22405.0
2025-12-18 16:00:00,0.28238,0.28252,0.28051,0.28051,33888.3
2025-12-18 16:15:00,0.28058,0.28062,0.27844,0.27918,153970.1
2025-12-18 16:30:00,0.2793,0.28051,0.27896,0.28042,121478.5
2025-12-18 16:45:00,0.28052,0.28113,0.28037,0.28097,7618.7
2025-12-18 17:00:00,0.28089,0.28099,0.27042,0.27067,97751.7
2025-12-18 17:15:00,0.27059,0.27059,0.26168,0.2646,86738.2
2025-12-18 17:30:00,0.2643,0.26776,0.26307,0.26726,46059.1
2025-12-18 17:45:00,0.2673,0.2678,0.26541,0.26651,94856.6
2025-12-18 18:00:00,0.26662,0.26987,0.26598,0.26918,19440.7
2025-12-18 18:15:00,0.26855,0.26871,0.2654,0.2654,7616.2
2025-12-18 18:30:00,0.26604,0.26669,0.26514,0.2656,9207.4
2025-12-18 18:45:00,0.26511,0.26514,0.26135,0.2618,107611.7
2025-12-18 19:00:00,0.26187,0.26337,0.26027,0.26176,127391.7
2025-12-18 19:15:00,0.26201,0.26224,0.26067,0.26166,16334.7
2025-12-18 19:30:00,0.26222,0.26273,0.25777,0.2585,35884.6
2025-12-18 19:45:00,0.25795,0.25795,0.25508,0.25571,161346.0
2025-12-18 20:00:00,0.25551,0.25921,0.25523,0.25863,30587.0
2025-12-18 20:15:00,0.25869,0.25902,0.25736,0.25753,31108.3
2025-12-18 20:30:00,0.25761,0.25766,0.25677,0.2574,5992.8
2025-12-18 20:45:00,0.25748,0.2577,0.25663,0.25674,22008.9
2025-12-18 21:00:00,0.25694,0.26041,0.25694,0.26041,89208.1
2025-12-18 21:15:00,0.26,0.26215,0.2596,0.26215,251844.3
2025-12-18 21:30:00,0.26228,0.2628,0.26082,0.26109,6906.7
2025-12-18 21:45:00,0.2612,0.26357,0.26112,0.26357,9907.6
2025-12-18 22:00:00,0.26359,0.26508,0.26359,0.26368,18954.4
2025-12-18 22:15:00,0.26372,0.26439,0.26317,0.26358,13413.7
2025-12-18 22:30:00,0.26408,0.26426,0.26308,0.26308,5824.5
2025-12-18 22:45:00,0.26278,0.26388,0.26274,0.26306,3499.2
2025-12-18 23:00:00,0.26296,0.26296,0.26189,0.26238,5073.9
2025-12-18 23:15:00,0.26233,0.26233,0.26098,0.26105,16253.1
2025-12-18 23:30:00,0.26131,0.26207,0.26098,0.26101,23250.0
2025-12-18 23:45:00,0.26107,0.26107,0.25997,0.26012,5510.4
2025-12-19 00:00:00,0.25969,0.26099,0.25969,0.26035,15087.8
2025-12-19 00:15:00,0.26019,0.26043,0.25946,0.25961,5244.9
2025-12-19 00:30:00,0.25972,0.25972,0.2575,0.25801,24296.9
2025-12-19 00:45:00,0.25788,0.25845,0.25722,0.25843,13242.6
2025-12-19 01:00:00,0.25827,0.25827,0.25646,0.25725,22399.6
2025-12-19 01:15:00,0.25745,0.25803,0.25659,0.25697,3122.6
2025-12-19 01:30:00,0.25656,0.25739,0.2562,0.25706,5467.6
2025-12-19 01:45:00,0.25714,0.2574,0.25583,0.25701,21715.7
2025-12-19 02:00:00,0.25701,0.25738,0.25638,0.25725,59571.6
2025-12-19 02:15:00,0.25707,0.25855,0.25701,0.25855,4831.4
2025-12-19 02:30:00,0.25847,0.25855,0.25752,0.25758,24283.3
2025-12-19 02:45:00,0.25889,0.2589,0.25799,0.25806,6528.5
2025-12-19 03:00:00,0.25797,0.26194,0.25777,0.26163,19078.0
2025-12-19 03:15:00,0.26236,0.2672,0.26031,0.2669,35590.4
2025-12-19 03:30:00,0.26727,0.26836,0.26377,0.26505,97128.8
2025-12-19 03:45:00,0.26507,0.26629,0.26389,0.26479,101278.0
2025-12-19 04:00:00,0.2648,0.26686,0.26424,0.26673,74534.8
2025-12-19 04:15:00,0.26664,0.26711,0.26582,0.266,3551.8
2025-12-19 04:30:00,0.26555,0.26599,0.26494,0.26509,3259.3
2025-12-19 04:45:00,0.26522,0.26548,0.2651,0.26524,6908.7
2025-12-19 05:00:00,0.26485,0.26493,0.26351,0.26391,7416.2
2025-12-19 05:15:00,0.2643,0.26437,0.26345,0.26345,3746.4
2025-12-19 05:30:00,0.26355,0.26428,0.26328,0.26357,3073.0
2025-12-19 05:45:00,0.26362,0.26416,0.2635,0.2637,17485.4
2025-12-19 06:00:00,0.26385,0.26411,0.26354,0.26392,13966.0
2025-12-19 06:15:00,0.26383,0.26409,0.26346,0.26392,5334.7
2025-12-19 06:30:00,0.2637,0.2637,0.26321,0.2635,9846.5
2025-12-19 06:45:00,0.26357,0.26526,0.26315,0.26492,18381.5
2025-12-19 07:00:00,0.26577,0.27045,0.26577,0.26896,15756.6
2025-12-19 07:15:00,0.26885,0.26885,0.26667,0.26696,6277.3
2025-12-19 07:30:00,0.26683,0.26697,0.26628,0.26694,7247.1
2025-12-19 07:45:00,0.26679,0.26794,0.26654,0.26791,3695.8
2025-12-19 08:00:00,0.26811,0.26955,0.26805,0.26836,81887.4
2025-12-19 08:15:00,0.26865,0.26891,0.26794,0.26794,2194.0
2025-12-19 08:30:00,0.26794,0.26919,0.26757,0.26907,74967.1
2025-12-19 08:45:00,0.26921,0.26924,0.26879,0.26901,6890.5
2025-12-19 09:00:00,0.26935,0.26946,0.26751,0.26751,22559.5
2025-12-19 09:15:00,0.26761,0.26761,0.26638,0.26656,20030.1
2025-12-19 09:30:00,0.26636,0.26636,0.26589,0.2663,1594.3
2025-12-19 09:45:00,0.2661,0.2669,0.2661,0.26679,4557.4
2025-12-19 10:00:00,0.26711,0.26775,0.26669,0.26734,2112.6
2025-12-19 10:15:00,0.26763,0.26793,0.26661,0.26675,40116.6
2025-12-19 10:30:00,0.26683,0.26694,0.26654,0.26673,2895.7
2025-12-19 10:45:00,0.26692,0.26712,0.26674,0.26682,7350.2
2025-12-19 11:00:00,0.26634,0.26731,0.26585,0.26723,5282.7
2025-12-19 11:15:00,0.26725,0.26781,0.26687,0.2678,8476.0
2025-12-19 11:30:00,0.26772,0.26836,0.2673,0.26822,7441.0
2025-12-19 11:45:00,0.26836,0.26837,0.26747,0.26761,7425.3
2025-12-19 12:00:00,0.26769,0.26854,0.26688,0.26808,10927.1
2025-12-19 12:15:00,0.2684,0.26876,0.26812,0.26812,7177.1
2025-12-19 12:30:00,0.26775,0.2681,0.26721,0.26782,13545.2
2025-12-19 12:45:00,0.26782,0.26813,0.26728,0.26807,45130.2
2025-12-19 13:00:00,0.26816,0.26996,0.26807,0.26975,5760.8
2025-12-19 13:15:00,0.26982,0.27009,0.26895,0.26961,2891.9
2025-12-19 13:30:00,0.26965,0.26989,0.26878,0.26968,138950.0
2025-12-19 13:45:00,0.2698,0.27015,0.26956,0.27001,3521.5
2025-12-19 14:00:00,0.26994,0.27144,0.26939,0.27074,13385.2
2025-12-19 14:15:00,0.27105,0.27183,0.26941,0.27009,17307.9
2025-12-19 14:30:00,0.27025,0.27549,0.26967,0.27549,81871.7
2025-12-19 14:45:00,0.27552,0.27616,0.27238,0.27441,25682.7
2025-12-19 15:00:00,0.27398,0.27523,0.27317,0.27523,24250.7
2025-12-19 15:15:00,0.2759,0.27976,0.27183,0.27377,91586.7
2025-12-19 15:30:00,0.27346,0.27567,0.27273,0.27475,18263.2
2025-12-19 15:45:00,0.27454,0.27488,0.27294,0.27386,1440.4
2025-12-19 16:00:00,0.27414,0.27846,0.27384,0.27846,30027.6
2025-12-19 16:15:00,0.27865,0.27866,0.27803,0.27842,4200.8
2025-12-19 16:30:00,0.27876,0.28152,0.27876,0.27919,11601.5
2025-12-19 16:45:00,0.27919,0.27919,0.27649,0.27649,27724.2
2025-12-19 17:00:00,0.27663,0.27918,0.27663,0.2786,9812.2
2025-12-19 17:15:00,0.27854,0.27952,0.27709,0.27709,9964.7
2025-12-19 17:30:00,0.27635,0.27635,0.27358,0.27501,8977.3
2025-12-19 17:45:00,0.27357,0.27479,0.27181,0.27181,12378.4
2025-12-19 18:00:00,0.27182,0.27307,0.27175,0.27282,27790.7
2025-12-19 18:15:00,0.27394,0.27555,0.27394,0.27522,17163.7
2025-12-19 18:30:00,0.27556,0.27556,0.27426,0.27461,2397.3
2025-12-19 18:45:00,0.27493,0.27747,0.27467,0.27682,10027.3
2025-12-19 19:00:00,0.27668,0.27792,0.27668,0.27756,6476.6
2025-12-19 19:15:00,0.27789,0.27992,0.27789,0.27983,11713.4
2025-12-19 19:30:00,0.27986,0.28352,0.27982,0.28258,16924.7
2025-12-19 19:45:00,0.28263,0.28354,0.28196,0.28205,2244.4
2025-12-19 20:00:00,0.28212,0.28386,0.2809,0.2814,24260.0
2025-12-19 20:15:00,0.28147,0.2828,0.28147,0.28181,2058.3
2025-12-19 20:30:00,0.28151,0.28338,0.28128,0.28136,14178.6
2025-12-19 20:45:00,0.28138,0.28248,0.28054,0.28113,5517.1
2025-12-19 21:00:00,0.28134,0.28134,0.28031,0.28042,7869.9
2025-12-19 21:15:00,0.28039,0.28089,0.27999,0.2801,6589.2
2025-12-19 21:30:00,0.28012,0.28051,0.28,0.28029,3487.1
2025-12-19 21:45:00,0.28022,0.28041,0.27978,0.27985,3470.3
2025-12-19 22:00:00,0.28024,0.28118,0.28024,0.2805,23621.9
2025-12-19 22:15:00,0.28047,0.2811,0.28046,0.2811,5203.0
2025-12-19 22:30:00,0.28136,0.28249,0.28117,0.28231,5202.2
2025-12-19 22:45:00,0.28228,0.28254,0.2816,0.2816,17354.9
2025-12-19 23:00:00,0.2811,0.2811,0.28004,0.28004,40290.4
2025-12-19 23:15:00,0.28011,0.28083,0.28011,0.28083,3280.6
2025-12-19 23:30:00,0.28063,0.28063,0.2797,0.28,3291.4
2025-12-19 23:45:00,0.27987,0.27998,0.27943,0.27947,3102.4
2025-12-20 00:00:00,0.27953,0.27962,0.27864,0.27962,10654.3
2025-12-20 00:15:00,0.27979,0.27979,0.27857,0.27926,4110.1
2025-12-20 00:30:00,0.27929,0.27942,0.27862,0.27942,1087.1
2025-12-20 00:45:00,0.27939,0.27947,0.27875,0.27897,2359.8
2025-12-20 01:00:00,0.27895,0.27973,0.27887,0.27964,6118.7
2025-12-20 01:15:00,0.27962,0.28006,0.27881,0.27893,8501.0
2025-12-20 01:30:00,0.27888,0.27898,0.27768,0.27768,5614.1
2025-12-20 01:45:00,0.27774,0.27818,0.27774,0.27801,7020.5
2025-12-20 02:00:00,0.27804,0.27839,0.27804,0.27812,2280.6
2025-12-20 02:15:00,0.27823,0.27867,0.27781,0.27794,4403.8
2025-12-20 02:30:00,0.27782,0.27858,0.27782,0.27858,7843.0
2025-12-20 02:45:00,0.27847,0.27847,0.27807,0.27816,4424.5
2025-12-20 03:00:00,0.27817,0.2783,0.27726,0.27731,15940.7
2025-12-20 03:15:00,0.27736,0.27828,0.27726,0.2782,3127.2
2025-12-20 03:30:00,0.27825,0.27955,0.27825,0.27933,7689.4
2025-12-20 03:45:00,0.27937,0.27937,0.27812,0.27812,3440.5
2025-12-20 04:00:00,0.27829,0.27844,0.27678,0.27697,4986.2
2025-12-20 04:15:00,0.27674,0.27705,0.27657,0.27677,4040.2
2025-12-20 04:30:00,0.27667,0.2769,0.27665,0.27672,1459.0
2025-12-20 04:45:00,0.27655,0.27672,0.2759,0.27612,8931.4
2025-12-20 05:00:00,0.27598,0.27632,0.27542,0.27594,7197.9
2025-12-20 05:15:00,0.27592,0.27641,0.27581,0.27611,3373.8
2025-12-20 05:30:00,0.27602,0.27701,0.27595,0.27642,1409.7
2025-12-20 05:45:00,0.27598,0.27641,0.2758,0.27598,2729.8
2025-12-20 06:00:00,0.27606,0.27682,0.27589,0.27679,1653.9
2025-12-20 06:15:00,0.27684,0.27695,0.27654,0.27654,2408.8
2025-12-20 06:30:00,0.27638,0.27659,0.27636,0.27654,4935.7
2025-12-20 06:45:00,0.27658,0.27711,0.27629,0.27711,6930.0
2025-12-20 07:00:00,0.27746,0.27817,0.27737,0.27746,1486.6
2025-12-20 07:15:00,0.27776,0.2792,0.27726,0.2792,7048.8
2025-12-20 07:30:00,0.27927,0.2805,0.27891,0.27971,3542.0
2025-12-20 07:45:00,0.27972,0.28061,0.27972,0.28057,3898.4
2025-12-20 08:00:00,0.2809,0.28159,0.28086,0.28143,37655.6
2025-12-20 08:15:00,0.28156,0.28409,0.28156,0.28381,75965.7
2025-12-20 08:30:00,0.2841,0.2842,0.28262,0.28285,28855.7
2025-12-20 08:45:00,0.28235,0.28297,0.28187,0.28187,2079.9
2025-12-20 09:00:00,0.28191,0.28262,0.28177,0.28185,6459.8
2025-12-20 09:15:00,0.28179,0.28212,0.28157,0.28203,3462.3
2025-12-20 09:30:00,0.28247,0.28294,0.28231,0.2825,9911.6
2025-12-20 09:45:00,0.28258,0.28258,0.28187,0.28187,2502.5
2025-12-20 10:00:00,0.28218,0.28224,0.28174,0.28174,4420.3
2025-12-20 10:15:00,0.28147,0.28147,0.28,0.28066,42875.0
2025-12-20 10:30:00,0.28057,0.28057,0.27928,0.27989,5617.1
2025-12-20 10:45:00,0.27973,0.2798,0.27914,0.27925,4150.1
2025-12-20 11:00:00,0.27932,0.27951,0.27906,0.27951,2608.3
2025-12-20 11:15:00,0.27969,0.28132,0.27958,0.28094,1928.5
2025-12-20 11:30:00,0.28136,0.28152,0.28108,0.28139,1238.2
2025-12-20 11:45:00,0.28131,0.28196,0.28129,0.28196,2051.2
2025-12-20 12:00:00,0.28209,0.28226,0.28102,0.28106,3237.2
2025-12-20 12:15:00,0.28117,0.28117,0.28064,0.28078,6490.1
2025-12-20 12:30:00,0.28074,0.28074,0.28007,0.28023,2032.4
2025-12-20 12:45:00,0.28019,0.2811,0.28019,0.28105,3329.3
2025-12-20 13:00:00,0.28113,0.28168,0.28033,0.28168,5598.1
2025-12-20 13:15:00,0.28209,0.28211,0.27844,0.27882,81124.4
2025-12-20 13:30:00,0.27861,0.27972,0.27861,0.27958,2864.7
2025-12-20 13:45:00,0.2796,0.28021,0.27946,0.28021,2916.9
2025-12-20 14:00:00,0.27981,0.27981,0.27795,0.27866,15944.0
2025-12-20 14:15:00,0.27869,0.27982,0.27869,0.27982,7774.0
2025-12-20 14:30:00,0.27963,0.28006,0.27941,0.27969,8580.9
2025-12-20 14:45:00,0.27968,0.28068,0.27968,0.28038,15585.4
2025-12-20 15:00:00,0.28038,0.28038,0.27963,0.2799,6919.2
2025-12-20 15:15:00,0.27989,0.28019,0.27876,0.27887,3386.0
2025-12-20 15:30:00,0.27907,0.27959,0.27901,0.27931,9785.1
2025-12-20 15:45:00,0.27938,0.27941,0.27912,0.27921,5339.6
2025-12-20 16:00:00,0.27908,0.27982,0.27899,0.27969,5128.5
2025-12-20 16:15:00,0.27971,0.27971,0.27946,0.27954,2130.9
2025-12-20 16:30:00,0.27937,0.27953,0.27864,0.27884,2528.6
2025-12-20 16:45:00,0.27872,0.27959,0.27864,0.27958,3200.0
2025-12-20 17:00:00,0.27998,0.28079,0.27998,0.28025,2767.3
2025-12-20 17:15:00,0.28043,0.28144,0.28039,0.28131,7909.2
2025-12-20 17:30:00,0.28137,0.28137,0.27979,0.27998,1682.8
2025-12-20 17:45:00,0.27997,0.28041,0.27982,0.28,1850.9
2025-12-20 18:00:00,0.28008,0.28011,0.27917,0.2795,1464.5
2025-12-20 18:15:00,0.27945,0.27966,0.27937,0.27945,1598.6
2025-12-20 18:30:00,0.27945,0.27969,0.27922,0.27938,3091.8
2025-12-20 18:45:00,0.27939,0.28034,0.27922,0.27959,17033.8
2025-12-20 19:00:00,0.27934,0.27988,0.27907,0.27952,5415.1
2025-12-20 19:15:00,0.27929,0.27929,0.27888,0.27912,4468.7
2025-12-20 19:30:00,0.27907,0.27907,0.27873,0.27883,3358.4
2025-12-20 19:45:00,0.27894,0.27894,0.2785,0.27879,1858.3
2025-12-20 20:00:00,0.27869,0.27909,0.27868,0.27906,6695.2
2025-12-20 20:15:00,0.27907,0.27907,0.27887,0.27887,3127.9
2025-12-20 20:30:00,0.27879,0.27913,0.27859,0.2786,2572.7
2025-12-20 20:45:00,0.27861,0.27916,0.27861,0.279,2233.7
2025-12-20 21:00:00,0.27929,0.27995,0.27923,0.27956,2442.3
2025-12-20 21:15:00,0.27953,0.27963,0.2791,0.27915,3024.6
2025-12-20 21:30:00,0.27923,0.27972,0.27923,0.27945,3601.1
2025-12-20 21:45:00,0.27954,0.27954,0.27862,0.27862,3782.0
2025-12-20 22:00:00,0.27867,0.27881,0.27794,0.27855,3121.2
2025-12-20 22:15:00,0.27845,0.27855,0.27803,0.27841,5576.0
2025-12-20 22:30:00,0.27843,0.27943,0.27838,0.27911,2821.6
2025-12-20 22:45:00,0.27921,0.27993,0.279,0.27943,5097.5
2025-12-20 23:00:00,0.27941,0.27955,0.27864,0.2789,2674.2
2025-12-20 23:15:00,0.27891,0.27914,0.27803,0.2783,3544.9
2025-12-20 23:30:00,0.2785,0.27871,0.27775,0.27785,2766.1
2025-12-20 23:45:00,0.27806,0.27819,0.27792,0.27803,2842.5
2025-12-21 00:00:00,0.27803,0.27879,0.27787,0.27787,2584.8
2025-12-21 00:15:00,0.27776,0.2782,0.27776,0.27805,4572.8
2025-12-21 00:30:00,0.27797,0.27797,0.27651,0.27683,9361.7
2025-12-21 00:45:00,0.27699,0.27703,0.27647,0.27656,3933.2
2025-12-21 01:00:00,0.2764,0.27673,0.27606,0.27606,7934.0
2025-12-21 01:15:00,0.27606,0.27645,0.2759,0.27612,6358.3
2025-12-21 01:30:00,0.27592,0.27615,0.27422,0.27422,15234.0
2025-12-21 01:45:00,0.2745,0.27538,0.27428,0.27491,4491.3
2025-12-21 02:00:00,0.2747,0.27517,0.27466,0.27467,4030.6
2025-12-21 02:15:00,0.2748,0.27481,0.27342,0.27449,10280.5
2025-12-21 02:30:00,0.27432,0.27456,0.27341,0.27362,3332.2
2025-12-21 02:45:00,0.27385,0.27401,0.27321,0.27371,122756.1
2025-12-21 03:00:00,0.27373,0.27508,0.27373,0.27478,4887.9
2025-12-21 03:15:00,0.2749,0.27568,0.27489,0.27503,22867.0
2025-12-21 03:30:00,0.27518,0.27564,0.27514,0.27546,7480.6
2025-12-21 03:45:00,0.27552,0.27567,0.27539,0.27545,5535.5
2025-12-21 04:00:00,0.27553,0.27579,0.27533,0.2754,3834.9
2025-12-21 04:15:00,0.27549,0.27587,0.27511,0.27571,1866.6
2025-12-21 04:30:00,0.27561,0.27565,0.2751,0.2751,6439.1
2025-12-21 04:45:00,0.27513,0.2754,0.27513,0.27531,5808.8
2025-12-21 05:00:00,0.27537,0.27622,0.27537,0.27622,4209.7
2025-12-21 05:15:00,0.27627,0.27722,0.27627,0.27687,5233.1
2025-12-21 05:30:00,0.27701,0.27714,0.27607,0.27607,3900.8
2025-12-21 05:45:00,0.27612,0.27622,0.27598,0.27607,5661.1
2025-12-21 06:00:00,0.27607,0.27614,0.27575,0.27592,4375.2
2025-12-21 06:15:00,0.27604,0.27637,0.27535,0.27552,3243.5
2025-12-21 06:30:00,0.27572,0.27575,0.27543,0.27554,2621.9
2025-12-21 06:45:00,0.27566,0.27648,0.27566,0.2761,11715.9
2025-12-21 07:00:00,0.27589,0.27627,0.27586,0.27605,2156.3
2025-12-21 07:15:00,0.27602,0.27638,0.27602,0.27627,3322.5
2025-12-21 07:30:00,0.276,0.27614,0.27576,0.27576,2418.7
2025-12-21 07:45:00,0.27578,0.27617,0.27566,0.27607,4174.7
2025-12-21 08:00:00,0.27615,0.27615,0.27518,0.27536,8172.3
2025-12-21 08:15:00,0.27536,0.27598,0.27524,0.27598,9653.7
2025-12-21 08:30:00,0.27594,0.27763,0.27592,0.2774,70440.7
2025-12-21 08:45:00,0.27721,0.27736,0.27657,0.27694,81114.0
2025-12-21 09:00:00,0.27693,0.27754,0.27574,0.27623,46470.8
2025-12-21 09:15:00,0.27611,0.27677,0.27611,0.27631,9903.7
2025-12-21 09:30:00,0.27623,0.27754,0.27623,0.27652,5721.2
2025-12-21 09:45:00,0.27659,0.27732,0.2765,0.27666,28735.4
2025-12-21 10:00:00,0.27696,0.27732,0.27606,0.27606,1707.7
2025-12-21 10:15:00,0.27634,0.27679,0.27605,0.27665,8675.3
2025-12-21 10:30:00,0.27673,0.27673,0.275,0.27546,2036.1
2025-12-21 10:45:00,0.27526,0.27535,0.27441,0.27516,5092.9
2025-12-21 11:00:00,0.27515,0.2753,0.27472,0.27492,17876.7
2025-12-21 11:15:00,0.27492,0.27557,0.27466,0.27539,1741.3
2025-12-21 11:30:00,0.27539,0.27547,0.275,0.27503,4413.0
2025-12-21 11:45:00,0.27482,0.27482,0.27447,0.27457,2830.6
2025-12-21 12:00:00,0.27461,0.27507,0.27429,0.27488,8739.4
2025-12-21 12:15:00,0.27502,0.27544,0.27465,0.27465,2836.8
2025-12-21 12:30:00,0.27467,0.27496,0.2725,0.2727,5260.0
2025-12-21 12:45:00,0.27227,0.27279,0.27181,0.27241,10860.4
2025-12-21 13:00:00,0.27221,0.27221,0.26859,0.27018,16845.0
2025-12-21 13:15:00,0.26902,0.26903,0.26714,0.26742,5514.7
2025-12-21 13:30:00,0.26707,0.26772,0.26575,0.2659,8812.7
2025-12-21 13:45:00,0.26559,0.26569,0.26325,0.26382,16647.1
2025-12-21 14:00:00,0.26346,0.26615,0.26321,0.26492,33524.5
2025-12-21 14:15:00,0.26494,0.26539,0.26476,0.265,187577.2
2025-12-21 14:30:00,0.26476,0.26521,0.26409,0.26503,24336.5
2025-12-21 14:45:00,0.26502,0.2653,0.2645,0.26521,13463.4
2025-12-21 15:00:00,0.26497,0.26598,0.26489,0.26563,2705.1
2025-12-21 15:15:00,0.26567,0.26567,0.26464,0.26525,3931.2
2025-12-21 15:30:00,0.26532,0.26579,0.26456,0.2649,1760.4
2025-12-21 15:45:00,0.26502,0.26707,0.26487,0.26664,28685.1
2025-12-21 16:00:00,0.26637,0.26721,0.26637,0.2664,40054.1
2025-12-21 16:15:00,0.26632,0.26933,0.26589,0.26861,9319.0
2025-12-21 16:30:00,0.26875,0.26902,0.26875,0.26893,2736.2
2025-12-21 16:45:00,0.26889,0.26913,0.26833,0.26903,12471.2
2025-12-21 17:00:00,0.26933,0.27074,0.26897,0.27074,9934.6
2025-12-21 17:15:00,0.27037,0.27096,0.26954,0.26954,48179.8
2025-12-21 17:30:00,0.2699,0.27021,0.26868,0.26875,1403.6
2025-12-21 17:45:00,0.2688,0.26892,0.26842,0.26868,2986.1
2025-12-21 18:00:00,0.2686,0.26861,0.26658,0.26676,24633.2
2025-12-21 18:15:00,0.2669,0.26812,0.26688,0.26809,2531.1
2025-12-21 18:30:00,0.26803,0.26868,0.26803,0.26867,7604.8
2025-12-21 18:45:00,0.26862,0.26922,0.26862,0.26922,4640.6
2025-12-21 19:00:00,0.2695,0.27031,0.26918,0.26961,4428.5
2025-12-21 19:15:00,0.26988,0.27033,0.26988,0.27006,8323.7
2025-12-21 19:30:00,0.26971,0.26988,0.26848,0.26969,32817.3
2025-12-21 19:45:00,0.26988,0.27097,0.26968,0.27075,8521.9
2025-12-21 20:00:00,0.27062,0.27093,0.27008,0.27021,4825.1
2025-12-21 20:15:00,0.26994,0.27005,0.26869,0.26904,13858.9
2025-12-21 20:30:00,0.26908,0.26924,0.2688,0.26901,2145.8
2025-12-21 20:45:00,0.26907,0.26931,0.26883,0.26931,5408.2
2025-12-21 21:00:00,0.26928,0.26998,0.26897,0.2698,1422.8
2025-12-21 21:15:00,0.26984,0.2702,0.26944,0.26944,27148.2
2025-12-21 21:30:00,0.26936,0.26999,0.26892,0.26901,5898.9
2025-12-21 21:45:00,0.26838,0.26839,0.26758,0.26814,2831.4
2025-12-21 22:00:00,0.26791,0.26903,0.26791,0.26903,25259.9
2025-12-21 22:15:00,0.26921,0.26962,0.26834,0.26903,5215.9
2025-12-21 22:30:00,0.26915,0.27007,0.26901,0.27007,1912.3
2025-12-21 22:45:00,0.27018,0.27211,0.2701,0.27204,12809.9
2025-12-21 23:00:00,0.27216,0.27383,0.27216,0.27232,14257.5
2025-12-21 23:15:00,0.27305,0.27314,0.27196,0.272,2388.1
2025-12-21 23:30:00,0.27097,0.27202,0.27097,0.27144,2966.6
2025-12-21 23:45:00,0.27162,0.2724,0.27162,0.2719,2490.5
2025-12-22 00:00:00,0.27201,0.27706,0.27201,0.27669,41695.8
2025-12-22 00:15:00,0.27746,0.27888,0.27371,0.2746,23981.6
2025-12-22 00:30:00,0.27484,0.27535,0.2737,0.27528,8352.4
2025-12-22 00:45:00,0.2754,0.2757,0.27421,0.27421,11075.7
2025-12-22 01:00:00,0.2739,0.27521,0.2739,0.27459,8543.0
2025-12-22 01:15:00,0.2746,0.27652,0.2746,0.27571,15803.5
2025-12-22 01:30:00,0.2755,0.27714,0.2755,0.27563,14792.5
2025-12-22 01:45:00,0.27572,0.27617,0.27334,0.27355,6700.3
2025-12-22 02:00:00,0.2735,0.2735,0.26922,0.27099,249155.5
2025-12-22 02:15:00,0.27064,0.2714,0.2701,0.27073,5458.4
2025-12-22 02:30:00,0.27085,0.27195,0.27085,0.2714,11035.5
2025-12-22 02:45:00,0.27176,0.27238,0.27176,0.27202,6599.5
2025-12-22 03:00:00,0.27218,0.27433,0.2712,0.27319,12668.0
2025-12-22 03:15:00,0.2732,0.27477,0.27309,0.27413,9671.2
2025-12-22 03:30:00,0.2745,0.27509,0.27395,0.27427,16021.8
2025-12-22 03:45:00,0.27457,0.27508,0.2738,0.27384,7441.3
2025-12-22 04:00:00,0.2741,0.27432,0.27331,0.27331,5727.1
2025-12-22 04:15:00,0.27331,0.27532,0.27331,0.27522,42815.7
2025-12-22 04:30:00,0.27501,0.27501,0.2736,0.27441,211216.2
2025-12-22 04:45:00,0.27459,0.27469,0.274,0.2744,4330.1
2025-12-22 05:00:00,0.27454,0.27469,0.27339,0.27379,3995.9
2025-12-22 05:15:00,0.27385,0.27419,0.27327,0.2733,2061.9
2025-12-22 05:30:00,0.273,0.27442,0.27279,0.27377,3113.1
2025-12-22 05:45:00,0.27391,0.27447,0.27345,0.27345,4040.1
2025-12-22 06:00:00,0.2735,0.27394,0.27326,0.27352,2238.3
2025-12-22 06:15:00,0.27364,0.27514,0.27364,0.27397,2446.2
2025-12-22 06:30:00,0.27408,0.27524,0.27408,0.27524,2965.3
2025-12-22 06:45:00,0.27504,0.27513,0.2743,0.2743,2242.1
2025-12-22 07:00:00,0.2747,0.27632,0.2747,0.27618,6370.5
2025-12-22 07:15:00,0.27627,0.27627,0.27564,0.276,10182.4
2025-12-22 07:30:00,0.27614,0.27639,0.27525,0.27569,2220.8
2025-12-22 07:45:00,0.2757,0.2757,0.27514,0.2756,11944.9
2025-12-22 08:00:00,0.2757,0.27709,0.27514,0.27545,46018.2
2025-12-22 08:15:00,0.27564,0.27944,0.27564,0.27943,16740.8
2025-12-22 08:30:00,0.27949,0.27949,0.27775,0.27818,16880.7
2025-12-22 08:45:00,0.27803,0.27808,0.2755,0.27563,2876.8
2025-12-22 09:00:00,0.27559,0.27587,0.27486,0.27486,3896.6
2025-12-22 09:15:00,0.27522,0.2766,0.27522,0.27614,3518.0
2025-12-22 09:30:00,0.27542,0.27626,0.27497,0.27529,2131.2
2025-12-22 09:45:00,0.27493,0.27602,0.27472,0.27568,5243.3
2025-12-22 10:00:00,0.27584,0.27677,0.27531,0.27677,10596.4
2025-12-22 10:15:00,0.27687,0.27702,0.27615,0.27649,5808.5
2025-12-22 10:30:00,0.2766,0.27705,0.27657,0.27657,4200.4
2025-12-22 10:45:00,0.27625,0.27625,0.27549,0.27586,6515.0
2025-12-22 11:00:00,0.27569,0.27569,0.27521,0.27547,7365.4
2025-12-22 11:15:00,0.27547,0.27565,0.2748,0.27554,3161.5
2025-12-22 11:30:00,0.27563,0.27651,0.27524,0.27573,13247.8
2025-12-22 11:45:00,0.27563,0.27653,0.27554,0.27595,2409.0
2025-12-22 12:00:00,0.27631,0.27653,0.27561,0.27616,12830.0
2025-12-22 12:15:00,0.2765,0.27703,0.2765,0.27681,24556.6
2025-12-22 12:30:00,0.27696,0.27844,0.27551,0.27589,108709.8
2025-12-22 12:45:00,0.27588,0.27644,0.27585,0.27644,24562.6
2025-12-22 13:00:00,0.27641,0.27725,0.27579,0.2763,3308.7
2025-12-22 13:15:00,0.27636,0.27686,0.27583,0.27633,3774.8
2025-12-22 13:30:00,0.27649,0.27649,0.27487,0.27511,5116.4
2025-12-22 13:45:00,0.27522,0.27641,0.27521,0.27632,13422.4
2025-12-22 14:00:00,0.27636,0.27807,0.27636,0.27764,13792.6
2025-12-22 14:15:00,0.27791,0.27829,0.27688,0.27704,50877.1
2025-12-22 14:30:00,0.27647,0.27857,0.27542,0.27663,21403.8
2025-12-22 14:45:00,0.27684,0.27876,0.27651,0.27719,6497.7
2025-12-22 15:00:00,0.27715,0.27884,0.2755,0.27557,22977.7
2025-12-22 15:15:00,0.27586,0.27703,0.27455,0.27623,23599.0
2025-12-22 15:30:00,0.27624,0.27624,0.27371,0.27568,26700.8
2025-12-22 15:45:00,0.27561,0.27737,0.27498,0.27714,121475.3
2025-12-22 16:00:00,0.27728,0.27773,0.27643,0.27733,5333.9
2025-12-22 16:15:00,0.27773,0.2779,0.2771,0.27768,6069.5
2025-12-22 16:30:00,0.27759,0.2776,0.27552,0.27611,6750.8
2025-12-22 16:45:00,0.27602,0.27653,0.27598,0.27653,1860.3
2025-12-22 17:00:00,0.27653,0.27668,0.27488,0.27556,2966.0
2025-12-22 17:15:00,0.27529,0.27612,0.27524,0.27593,2178.6
2025-12-22 17:30:00,0.27598,0.27691,0.27552,0.2764,2169.2
2025-12-22 17:45:00,0.27581,0.27596,0.27552,0.27577,1683.7
2025-12-22 18:00:00,0.27577,0.27613,0.27541,0.27574,2869.0
2025-12-22 18:15:00,0.27594,0.27644,0.27533,0.27617,7187.5
2025-12-22 18:30:00,0.27621,0.27679,0.2758,0.2765,27322.3
2025-12-22 18:45:00,0.27639,0.27648,0.27412,0.2748,12673.3
2025-12-22 19:00:00,0.27475,0.27475,0.27227,0.27305,17832.6
2025-12-22 19:15:00,0.27295,0.27381,0.27181,0.27181,5507.1
2025-12-22 19:30:00,0.27181,0.27217,0.27096,0.27191,8041.4
2025-12-22 19:45:00,0.27148,0.2717,0.26963,0.27019,6322.0
2025-12-22 20:00:00,0.26963,0.27128,0.26963,0.27047,7540.4
2025-12-22 20:15:00,0.27033,0.27033,0.26806,0.26821,56188.2
2025-12-22 20:30:00,0.26842,0.26928,0.26819,0.26855,3379.9
2025-12-22 20:45:00,0.26965,0.26994,0.26795,0.26861,25013.2
2025-12-22 21:00:00,0.26851,0.2696,0.26851,0.26932,1473.0
2025-12-22 21:15:00,0.26931,0.26991,0.26908,0.26972,381459.7
2025-12-22 21:30:00,0.26993,0.27133,0.26993,0.27129,33281.0
2025-12-22 21:45:00,0.27113,0.27113,0.2695,0.26987,11359.4
2025-12-22 22:00:00,0.26961,0.26963,0.26892,0.26962,16697.6
2025-12-22 22:15:00,0.2697,0.27097,0.2697,0.27036,6524.7
2025-12-22 22:30:00,0.27051,0.27061,0.27001,0.27021,3748.7
2025-12-22 22:45:00,0.2702,0.27242,0.2702,0.27224,7407.6
2025-12-22 23:00:00,0.27217,0.27242,0.27102,0.27242,2768.8
2025-12-22 23:15:00,0.27186,0.27198,0.2715,0.27192,25266.1
2025-12-22 23:30:00,0.2718,0.27211,0.27123,0.27142,10052.0
2025-12-22 23:45:00,0.27109,0.27153,0.27092,0.27144,17695.4
2025-12-23 00:00:00,0.27164,0.27164,0.27118,0.27159,14381.6
2025-12-23 00:15:00,0.2718,0.27302,0.2718,0.27294,2932.6
2025-12-23 00:30:00,0.27253,0.27444,0.27253,0.2731,14898.8
2025-12-23 00:45:00,0.27322,0.27375,0.27271,0.27328,17924.5
2025-12-23 01:00:00,0.27273,0.2732,0.27227,0.27227,4494.3
2025-12-23 01:15:00,0.27227,0.27227,0.27148,0.27155,9769.9
2025-12-23 01:30:00,0.27145,0.27191,0.27065,0.27121,4114.5
2025-12-23 01:45:00,0.27111,0.2718,0.27111,0.27147,23607.6
2025-12-23 02:00:00,0.27122,0.27306,0.27102,0.27252,34052.0
2025-12-23 02:15:00,0.27284,0.27313,0.27225,0.27244,5148.5
2025-12-23 02:30:00,0.27266,0.27285,0.26981,0.27023,42542.2
2025-12-23 02:45:00,0.26986,0.27055,0.26967,0.26974,2989.1
2025-12-23 03:00:00,0.26969,0.26982,0.26828,0.26982,222061.5
2025-12-23 03:15:00,0.2698,0.27057,0.2696,0.2696,2146.8
2025-12-23 03:30:00,0.26964,0.27038,0.26929,0.27029,2149.0
2025-12-23 03:45:00,0.27008,0.27012,0.26964,0.26981,2104.9
2025-12-23 04:00:00,0.2697,0.27059,0.26922,0.2699,3297.8
2025-12-23 04:15:00,0.26991,0.27008,0.2696,0.2696,1445.6
2025-12-23 04:30:00,0.2697,0.26972,0.26877,0.26927,47075.3
2025-12-23 04:45:00,0.26927,0.26935,0.26873,0.26897,18357.3
2025-12-23 05:00:00,0.26908,0.26939,0.2685,0.26921,5974.0
2025-12-23 05:15:00,0.26918,0.26968,0.26894,0.26968,29792.8
2025-12-23 05:30:00,0.26972,0.26972,0.26744,0.26895,38325.2
2025-12-23 05:45:00,0.26884,0.26936,0.26849,0.26916,11506.9
2025-12-23 06:00:00,0.26909,0.2692,0.26843,0.26879,12829.7
2025-12-23 06:15:00,0.26882,0.26882,0.26606,0.26681,388148.6
2025-12-23 06:30:00,0.26635,0.26753,0.26635,0.26738,17627.4
2025-12-23 06:45:00,0.26744,0.26755,0.26691,0.26691,6955.5
2025-12-23 07:00:00,0.26726,0.26758,0.26653,0.26663,9720.4
2025-12-23 07:15:00,0.26663,0.26744,0.26641,0.2672,15866.4
2025-12-23 07:30:00,0.26709,0.26748,0.26695,0.26707,5777.2
2025-12-23 07:45:00,0.26691,0.26764,0.26677,0.26705,5349.6
2025-12-23 08:00:00,0.2671,0.26809,0.26683,0.26761,9536.6
2025-12-23 08:15:00,0.26764,0.26837,0.26764,0.26812,6354.2
2025-12-23 08:30:00,0.26802,0.26825,0.26759,0.26762,4685.0
2025-12-23 08:45:00,0.2674,0.2674,0.26579,0.2658,3289.4
2025-12-23 09:00:00,0.26595,0.26677,0.2659,0.26673,4587.4
2025-12-23 09:15:00,0.26664,0.26664,0.26529,0.26639,3960.7
2025-12-23 09:30:00,0.26648,0.26687,0.26566,0.2666,5632.5
2025-12-23 09:45:00,0.26707,0.26736,0.26697,0.26723,17085.6
2025-12-23 10:00:00,0.26739,0.2682,0.26739,0.26777,3413.0
2025-12-23 10:15:00,0.26768,0.26867,0.26768,0.26827,5227.4
2025-12-23 10:30:00,0.26819,0.26827,0.26787,0.26823,5167.7
2025-12-23 10:45:00,0.26815,0.26882,0.26808,0.26824,2766.1
2025-12-23 11:00:00,0.2684,0.26915,0.26824,0.26881,3238.7
2025-12-23 11:15:00,0.26886,0.2697,0.26885,0.26907,16896.0
2025-12-23 11:30:00,0.26905,0.26905,0.26863,0.26876,2868.6
2025-12-23 11:45:00,0.269,0.26904,0.26831,0.26858,3125.5
2025-12-23 12:00:00,0.26835,0.26835,0.26728,0.26734,3127.0
2025-12-23 12:15:00,0.26707,0.26707,0.26599,0.26599,2311.6
2025-12-23 12:30:00,0.26601,0.26715,0.26601,0.26699,2195.1
2025-12-23 12:45:00,0.26717,0.26752,0.26711,0.26719,10514.0
2025-12-23 13:00:00,0.26672,0.2675,0.26672,0.2675,2552.1
2025-12-23 13:15:00,0.26751,0.26751,0.26671,0.26738,1925.3
2025-12-23 13:30:00,0.26771,0.26792,0.26448,0.26668,23649.9
2025-12-23 13:45:00,0.26597,0.26607,0.26469,0.26549,5309.3
2025-12-23 14:00:00,0.26559,0.26681,0.26538,0.26594,2895.3
2025-12-23 14:15:00,0.2658,0.2659,0.2648,0.2651,1428.2
2025-12-23 14:30:00,0.26519,0.26681,0.26496,0.26555,182614.3
2025-12-23 14:45:00,0.2653,0.2653,0.2615,0.26349,73319.3
2025-12-23 15:00:00,0.26339,0.26479,0.26278,0.2632,10514.8
2025-12-23 15:15:00,0.26304,0.26528,0.26304,0.26411,8020.5
2025-12-23 15:30:00,0.2648,0.26543,0.26453,0.26483,8185.8
2025-12-23 15:45:00,0.26442,0.26529,0.26419,0.26529,6691.4
2025-12-23 16:00:00,0.26506,0.2679,0.26449,0.26658,44689.9
2025-12-23 16:15:00,0.26674,0.26881,0.26674,0.26793,14949.0
2025-12-23 16:30:00,0.26794,0.26801,0.26705,0.26762,4609.6
2025-12-23 16:45:00,0.26771,0.26963,0.2676,0.26897,19461.3
2025-12-23 17:00:00,0.26913,0.27043,0.26866,0.26904,5866.9
2025-12-23 17:15:00,0.26909,0.27002,0.26906,0.26906,6095.6
2025-12-23 17:30:00,0.2684,0.26957,0.26802,0.26886,29508.6
2025-12-23 17:45:00,0.26866,0.26866,0.26541,0.26541,9992.5
2025-12-23 18:00:00,0.26582,0.26707,0.26567,0.26694,1636.1
2025-12-23 18:15:00,0.26681,0.26881,0.26681,0.26877,5840.7
2025-12-23 18:30:00,0.26895,0.27203,0.26887,0.27192,106141.5
2025-12-23 18:45:00,0.27196,0.27196,0.27065,0.27095,9122.3
2025-12-23 19:00:00,0.27091,0.27105,0.26967,0.27008,3016.4
2025-12-23 19:15:00,0.27008,0.27024,0.26908,0.26947,137015.9
2025-12-23 19:30:00,0.26962,0.27033,0.26949,0.26986,63243.6
2025-12-23 19:45:00,0.26986,0.26993,0.26911,0.26971,36307.3
2025-12-23 20:00:00,0.26984,0.27027,0.26933,0.27006,68576.5
2025-12-23 20:15:00,0.27017,0.2712,0.27017,0.27066,72394.5
2025-12-23 20:30:00,0.27086,0.27398,0.27068,0.27398,13038.1
2025-12-23 20:45:00,0.27392,0.27435,0.27185,0.27185,71273.3
2025-12-23 21:00:00,0.27204,0.27239,0.27103,0.27174,14062.7
2025-12-23 21:15:00,0.27145,0.27183,0.27115,0.27125,15788.3
2025-12-23 21:30:00,0.27105,0.27129,0.27052,0.27092,102172.9
2025-12-23 21:45:00,0.27106,0.27113,0.27013,0.27015,23466.4
2025-12-23 22:00:00,0.27012,0.27062,0.26939,0.2695,5924.0
2025-12-23 22:15:00,0.2696,0.27014,0.26908,0.26925,1864.1
2025-12-23 22:30:00,0.26917,0.26994,0.26845,0.26986,7627.7
2025-12-23 22:45:00,0.26995,0.27026,0.26911,0.2693,3213.8
2025-12-23 23:00:00,0.26918,0.26918,0.26869,0.26896,5893.4
2025-12-23 23:15:00,0.26902,0.26975,0.26847,0.26975,2318.8
2025-12-23 23:30:00,0.26964,0.27076,0.26964,0.27036,14667.2
2025-12-23 23:45:00,0.27021,0.27044,0.2699,0.27013,1533.4
2025-12-24 00:00:00,0.27021,0.27122,0.2701,0.27035,48697.9
2025-12-24 00:15:00,0.27055,0.27095,0.27003,0.27056,3571.0
2025-12-24 00:30:00,0.27052,0.27089,0.26987,0.27089,2209.1
2025-12-24 00:45:00,0.27099,0.2714,0.27029,0.27098,19677.3
2025-12-24 01:00:00,0.27121,0.27206,0.27088,0.27094,8098.2
2025-12-24 01:15:00,0.27071,0.27094,0.27052,0.27065,2235.5
2025-12-24 01:30:00,0.27053,0.27053,0.26884,0.26884,2338.8
2025-12-24 01:45:00,0.26874,0.26943,0.26855,0.26935,7053.8
2025-12-24 02:00:00,0.26927,0.26941,0.26804,0.26832,6167.2
2025-12-24 02:15:00,0.26832,0.26864,0.26818,0.26827,6947.8
2025-12-24 02:30:00,0.26822,0.2685,0.26557,0.26615,16211.5
2025-12-24 02:45:00,0.26628,0.26657,0.26557,0.26588,10620.3
2025-12-24 03:00:00,0.26576,0.26577,0.26443,0.26472,11622.1
2025-12-24 03:15:00,0.26453,0.26638,0.26433,0.26617,4193.3
2025-12-24 03:30:00,0.26627,0.26727,0.26627,0.26726,5742.6
2025-12-24 03:45:00,0.26719,0.26777,0.26704,0.26765,2462.2
2025-12-24 04:00:00,0.26772,0.26883,0.26731,0.26846,5885.6
2025-12-24 04:15:00,0.26832,0.26838,0.26681,0.26709,1937.6
2025-12-24 04:30:00,0.26687,0.26687,0.26611,0.26655,3505.9
2025-12-24 04:45:00,0.26649,0.26652,0.26532,0.26532,39052.7
2025-12-24 05:00:00,0.26556,0.26605,0.26551,0.26578,2060.2
2025-12-24 05:15:00,0.26551,0.26608,0.26477,0.26477,2914.1
2025-12-24 05:30:00,0.26487,0.26497,0.2634,0.26367,3622.9
2025-12-24 05:45:00,0.26357,0.26485,0.26311,0.26485,5655.7
2025-12-24 06:00:00,0.2647,0.26501,0.26401,0.26401,2465.8
2025-12-24 06:15:00,0.26317,0.26357,0.26276,0.26293,23371.9
2025-12-24 06:30:00,0.26267,0.26306,0.26254,0.26271,6742.3
2025-12-24 06:45:00,0.26277,0.2631,0.26255,0.26269,6537.7
2025-12-24 07:00:00,0.26281,0.26322,0.26272,0.26277,5131.7
2025-12-24 07:15:00,0.26276,0.26323,0.26255,0.26264,1827.9
2025-12-24 07:30:00,0.26273,0.26385,0.26273,0.26333,3653.9
2025-12-24 07:45:00,0.26325,0.26392,0.26183,0.26185,22478.5
2025-12-24 08:00:00,0.26175,0.26286,0.26175,0.2623,7317.2
2025-12-24 08:15:00,0.26182,0.26258,0.26109,0.26178,8225.1
2025-12-24 08:30:00,0.26172,0.26215,0.26109,0.26215,28151.2
2025-12-24 08:45:00,0.26213,0.26213,0.26138,0.26138,2754.8
2025-12-24 09:00:00,0.26144,0.26291,0.26144,0.26257,7420.9
2025-12-24 09:15:00,0.26253,0.26267,0.26218,0.26221,12797.2
2025-12-24 09:30:00,0.26228,0.26236,0.26186,0.26219,4150.9
2025-12-24 09:45:00,0.26208,0.26265,0.26175,0.26191,3111.8
2025-12-24 10:00:00,0.2619,0.26299,0.2619,0.26269,3044.2
2025-12-24 10:15:00,0.26276,0.26298,0.26236,0.26257,6646.7
2025-12-24 10:30:00,0.26249,0.26285,0.26247,0.26257,3622.7
2025-12-24 10:45:00,0.26255,0.26281,0.26153,0.26153,2077.6
2025-12-24 11:00:00,0.26181,0.26317,0.26181,0.26286,3655.1
2025-12-24 11:15:00,0.2626,0.26278,0.26217,0.26217,7510.0
2025-12-24 11:30:00,0.26236,0.26267,0.26228,0.26253,4503.4
2025-12-24 11:45:00,0.26263,0.26282,0.26234,0.26261,3920.7
2025-12-24 12:00:00,0.26257,0.26313,0.26238,0.26313,4348.1
2025-12-24 12:15:00,0.26304,0.26403,0.26304,0.26381,2524.3
2025-12-24 12:30:00,0.26392,0.26509,0.26392,0.26483,8012.6
2025-12-24 12:45:00,0.26472,0.26516,0.26424,0.26484,4570.5
2025-12-24 13:00:00,0.26472,0.26472,0.26396,0.26397,36363.6
2025-12-24 13:15:00,0.26397,0.26403,0.26347,0.26365,2909.2
2025-12-24 13:30:00,0.26368,0.26377,0.26265,0.26314,5342.4
2025-12-24 13:45:00,0.26318,0.26367,0.26309,0.26309,4418.5
2025-12-24 14:00:00,0.26327,0.26548,0.26327,0.26528,31907.8
2025-12-24 14:15:00,0.26529,0.26529,0.26297,0.26297,33866.6
2025-12-24 14:30:00,0.26349,0.26456,0.25963,0.26367,38855.6
2025-12-24 14:45:00,0.26357,0.26498,0.26253,0.26263,21312.5
2025-12-24 15:00:00,0.26286,0.26447,0.26265,0.26269,5487.1
2025-12-24 15:15:00,0.26248,0.2633,0.26166,0.26264,45038.6
2025-12-24 15:30:00,0.26317,0.26654,0.26317,0.26635,46310.3
2025-12-24 15:45:00,0.26625,0.26719,0.26511,0.26578,10313.6
2025-12-24 16:00:00,0.26579,0.26623,0.26511,0.26609,4253.3
2025-12-24 16:15:00,0.26559,0.26565,0.26322,0.2635,6721.8
2025-12-24 16:30:00,0.26372,0.26672,0.26372,0.2654,21389.0
2025-12-24 16:45:00,0.26513,0.2656,0.26431,0.26451,5783.8
2025-12-24 17:00:00,0.26467,0.26518,0.26421,0.26445,5370.7
2025-12-24 17:15:00,0.26425,0.26465,0.26381,0.26413,4818.0
2025-12-24 17:30:00,0.26422,0.26435,0.26298,0.26325,6253.0
2025-12-24 17:45:00,0.26302,0.26337,0.26188,0.26192,7182.1
2025-12-24 18:00:00,0.26212,0.26221,0.26133,0.26195,6966.3
2025-12-24 18:15:00,0.26224,0.26276,0.26204,0.26235,3834.2
2025-12-24 18:30:00,0.26222,0.26222,0.26161,0.26183,3119.3
2025-12-24 18:45:00,0.26175,0.26182,0.26155,0.26175,2615.8
2025-12-24 19:00:00,0.26165,0.26206,0.26129,0.26156,145224.3
2025-12-24 19:15:00,0.26159,0.26182,0.26114,0.26165,9985.3
2025-12-24 19:30:00,0.26192,0.26281,0.26184,0.26281,5517.7
2025-12-24 19:45:00,0.26272,0.26326,0.26261,0.2628,4722.7
2025-12-24 20:00:00,0.26315,0.26382,0.26294,0.26322,3912.1
2025-12-24 20:15:00,0.26324,0.264,0.26324,0.26377,49322.8
2025-12-24 20:30:00,0.26388,0.26439,0.26337,0.26358,4096.5
2025-12-24 20:45:00,0.26358,0.26368,0.26275,0.26275,3496.3
2025-12-24 21:00:00,0.26303,0.26333,0.26264,0.26283,5695.3
2025-12-24 21:15:00,0.26274,0.26302,0.26274,0.26289,3646.9
2025-12-24 21:30:00,0.2629,0.26374,0.2629,0.26337,10601.8
2025-12-24 21:45:00,0.26337,0.26353,0.26309,0.26337,3311.3
2025-12-24 22:00:00,0.26342,0.26522,0.26336,0.26464,37904.1
2025-12-24 22:15:00,0.26476,0.26495,0.26436,0.26463,17986.0
2025-12-24 22:30:00,0.26485,0.26609,0.26485,0.26582,16519.1
2025-12-24 22:45:00,0.26561,0.26573,0.26529,0.2654,2805.7
2025-12-24 23:00:00,0.26553,0.26553,0.26362,0.264,6858.8
2025-12-24 23:15:00,0.26398,0.26423,0.26351,0.26357,4057.3
2025-12-24 23:30:00,0.26358,0.26395,0.26321,0.26335,3018.5
2025-12-24 23:45:00,0.26341,0.26355,0.26319,0.26326,5989.8
2025-12-25 00:00:00,0.26317,0.26359,0.26272,0.26291,41815.3
2025-12-25 00:15:00,0.26291,0.26336,0.26262,0.26273,150251.2
2025-12-25 00:30:00,0.26234,0.263,0.26167,0.26167,78244.2
2025-12-25 00:45:00,0.26152,0.26154,0.26094,0.26102,7812.8
2025-12-25 01:00:00,0.26106,0.26181,0.26106,0.26155,1700.6
2025-12-25 01:15:00,0.26179,0.26189,0.26137,0.26157,36224.4
2025-12-25 01:30:00,0.2615,0.26231,0.26111,0.26229,5342.8
2025-12-25 01:45:00,0.26228,0.26279,0.26207,0.26235,4106.9
2025-12-25 02:00:00,0.26233,0.26261,0.26155,0.26261,5674.7
2025-12-25 02:15:00,0.2628,0.26391,0.2626,0.26391,25437.3
2025-12-25 02:30:00,0.26389,0.26437,0.26381,0.26437,14993.5
2025-12-25 02:45:00,0.26476,0.26501,0.26444,0.26498,10607.5
2025-12-25 03:00:00,0.26508,0.26519,0.26367,0.26377,8644.0
2025-12-25 03:15:00,0.26388,0.26451,0.2637,0.26416,8544.9
2025-12-25 03:30:00,0.26385,0.26443,0.26368,0.26417,5047.8
2025-12-25 03:45:00,0.26425,0.26481,0.26411,0.26467,19435.4
2025-12-25 04:00:00,0.26469,0.26488,0.26414,0.26477,9205.7
2025-12-25 04:15:00,0.26553,0.26606,0.26506,0.26595,24589.2
2025-12-25 04:30:00,0.26611,0.26634,0.26584,0.26634,2905.3
2025-12-25 04:45:00,0.26641,0.26641,0.26576,0.26602,2394.7
2025-12-25 05:00:00,0.26597,0.26604,0.26424,0.26433,8594.0
2025-12-25 05:15:00,0.26443,0.26494,0.26438,0.26484,3712.4
2025-12-25 05:30:00,0.26492,0.26493,0.26394,0.26421,4636.3
2025-12-25 05:45:00,0.26423,0.26423,0.26381,0.26391,7920.2
2025-12-25 06:00:00,0.26373,0.26374,0.26354,0.26363,2410.2
2025-12-25 06:15:00,0.26353,0.26412,0.26353,0.26395,4645.0
2025-12-25 06:30:00,0.26393,0.26466,0.26383,0.26455,23890.5
2025-12-25 06:45:00,0.26456,0.26518,0.26456,0.26457,1608.1
2025-12-25 07:00:00,0.26467,0.26476,0.26386,0.26387,2051.5
2025-12-25 07:15:00,0.26376,0.26389,0.26311,0.26344,20755.8
2025-12-25 07:30:00,0.26345,0.26394,0.26341,0.26394,3696.7
2025-12-25 07:45:00,0.26413,0.26544,0.26413,0.26527,71406.2
2025-12-25 08:00:00,0.26535,0.26686,0.26516,0.26585,44508.6
2025-12-25 08:15:00,0.26557,0.26557,0.26335,0.26368,10542.1
2025-12-25 08:30:00,0.26375,0.26414,0.26355,0.26365,2662.7
2025-12-25 08:45:00,0.26357,0.26421,0.2635,0.26376,2132.6
2025-12-25 09:00:00,0.26367,0.26367,0.26268,0.26277,3164.6
2025-12-25 09:15:00,0.26266,0.26284,0.26223,0.26232,1961.0
2025-12-25 09:30:00,0.26251,0.26253,0.26222,0.26223,1574.0
2025-12-25 09:45:00,0.26232,0.26261,0.26232,0.26235,2053.2
2025-12-25 10:00:00,0.2622,0.26222,0.26076,0.26076,29931.7
2025-12-25 10:15:00,0.26067,0.26121,0.26067,0.26069,24938.2
2025-12-25 10:30:00,0.26071,0.26071,0.25869,0.25903,16584.5
2025-12-25 10:45:00,0.25894,0.25955,0.25894,0.25935,15257.6
2025-12-25 11:00:00,0.25931,0.25984,0.25911,0.25959,12696.7
2025-12-25 11:15:00,0.25959,0.25983,0.25953,0.25983,2327.0
2025-12-25 11:30:00,0.25972,0.26023,0.25947,0.25994,2686.2
2025-12-25 11:45:00,0.26004,0.26053,0.25984,0.26015,15574.9
2025-12-25 12:00:00,0.25988,0.26068,0.25988,0.26009,4345.8
2025-12-25 12:15:00,0.26005,0.26159,0.26005,0.26159,4717.0
2025-12-25 12:30:00,0.26176,0.26189,0.26138,0.26138,2253.3
2025-12-25 12:45:00,0.26129,0.26235,0.26129,0.26226,2700.9
2025-12-25 13:00:00,0.26226,0.26231,0.26209,0.26229,32354.9
2025-12-25 13:15:00,0.26221,0.26233,0.26115,0.26214,30499.1
2025-12-25 13:30:00,0.26203,0.2632,0.26172,0.2632,6247.1
2025-12-25 13:45:00,0.26275,0.26303,0.26219,0.26233,1611.5
2025-12-25 14:00:00,0.26214,0.26254,0.26119,0.26133,15824.2
2025-12-25 14:15:00,0.26123,0.26146,0.25925,0.25946,6202.3
2025-12-25 14:30:00,0.25942,0.25995,0.25936,0.2595,2049.9
2025-12-25 14:45:00,0.25953,0.26017,0.25953,0.26009,2540.8
2025-12-25 15:00:00,0.26031,0.26041,0.25949,0.25958,2981.0
2025-12-25 15:15:00,0.25979,0.26233,0.25944,0.26121,80370.3
2025-12-25 15:30:00,0.26117,0.26288,0.25997,0.26253,12761.9
2025-12-25 15:45:00,0.26285,0.26296,0.26151,0.2619,18407.0
2025-12-25 16:00:00,0.26201,0.26247,0.26149,0.26225,130672.8
2025-12-25 16:15:00,0.26237,0.26353,0.26237,0.2634,9919.7
2025-12-25 16:30:00,0.26341,0.26385,0.26239,0.26271,102534.0
2025-12-25 16:45:00,0.26261,0.26262,0.25956,0.25984,16985.3
2025-12-25 17:00:00,0.2599,0.26002,0.25917,0.25945,12724.2
2025-12-25 17:15:00,0.25935,0.25935,0.25725,0.25747,56036.0
2025-12-25 17:30:00,0.25745,0.258,0.25691,0.25769,60945.9
2025-12-25 17:45:00,0.25749,0.2589,0.25747,0.25836,63535.2
2025-12-25 18:00:00,0.25848,0.25936,0.2584,0.25928,8061.6
2025-12-25 18:15:00,0.2595,0.25995,0.25916,0.25995,2089.5
2025-12-25 18:30:00,0.25996,0.26183,0.25996,0.26112,3930.5
2025-12-25 18:45:00,0.26125,0.26179,0.26113,0.26138,4204.0
2025-12-25 19:00:00,0.2615,0.26174,0.26135,0.26156,2483.1
2025-12-25 19:15:00,0.26159,0.26159,0.26086,0.26123,4629.4
2025-12-25 19:30:00,0.2613,0.26157,0.26075,0.26138,2954.6
2025-12-25 19:45:00,0.2612,0.26259,0.26087,0.26259,5689.1
2025-12-25 20:00:00,0.26294,0.26304,0.26156,0.26304,3975.4
2025-12-25 20:15:00,0.26304,0.26311,0.26177,0.26177,5930.4
2025-12-25 20:30:00,0.26196,0.26231,0.26143,0.26143,2373.7
2025-12-25 20:45:00,0.26158,0.26271,0.26158,0.2627,2392.0
2025-12-25 21:00:00,0.26294,0.26318,0.26235,0.26318,88696.9
2025-12-25 21:15:00,0.26301,0.2634,0.26279,0.2631,3274.1
2025-12-25 21:30:00,0.263,0.26318,0.2625,0.2627,2400.5
2025-12-25 21:45:00,0.2627,0.26307,0.26222,0.26307,5138.9
2025-12-25 22:00:00,0.2631,0.26328,0.26139,0.26251,15106.7
2025-12-25 22:15:00,0.26239,0.26247,0.26178,0.26186,2440.0
2025-12-25 22:30:00,0.26151,0.26247,0.26067,0.26067,2226.1
2025-12-25 22:45:00,0.25956,0.25989,0.25453,0.25647,29894.5
2025-12-25 23:00:00,0.25646,0.25698,0.25341,0.25636,39570.1
2025-12-25 23:15:00,0.25611,0.25689,0.25608,0.25626,15378.0
2025-12-25 23:30:00,0.25501,0.25561,0.25145,0.25205,32304.4
2025-12-25 23:45:00,0.25189,0.25225,0.25109,0.252,12550.8
2025-12-26 00:00:00,0.25176,0.25305,0.25131,0.25211,134466.4
2025-12-26 00:15:00,0.25208,0.25383,0.2514,0.2519,178113.2
2025-12-26 00:30:00,0.25222,0.25319,0.25163,0.25165,6663.8
2025-12-26 00:45:00,0.25203,0.25342,0.25166,0.25342,9035.0
2025-12-26 01:00:00,0.25341,0.25457,0.25312,0.25457,5344.6
2025-12-26 01:15:00,0.255,0.25501,0.25429,0.25474,4424.7
2025-12-26 01:30:00,0.25447,0.25477,0.25436,0.25448,4474.5
2025-12-26 01:45:00,0.25446,0.25495,0.25437,0.25463,15801.7
2025-12-26 02:00:00,0.25466,0.2604,0.25466,0.26032,44268.2
2025-12-26 02:15:00,0.26055,0.26608,0.26055,0.26518,92457.2
2025-12-26 02:30:00,0.26625,0.26693,0.2648,0.26541,14688.6
2025-12-26 02:45:00,0.26562,0.26613,0.26512,0.26559,5311.8
2025-12-26 03:00:00,0.26562,0.26643,0.26478,0.26567,16350.1
2025-12-26 03:15:00,0.2658,0.2658,0.26353,0.26368,11719.2
2025-12-26 03:30:00,0.26422,0.26488,0.26401,0.26423,3525.5
2025-12-26 03:45:00,0.26463,0.26509,0.26408,0.26456,4512.4
2025-12-26 04:00:00,0.26478,0.26478,0.26234,0.26312,10262.4
2025-12-26 04:15:00,0.26333,0.26373,0.26311,0.26373,7065.5
2025-12-26 04:30:00,0.26402,0.26651,0.26382,0.26651,10945.2
2025-12-26 04:45:00,0.26608,0.26639,0.26552,0.26591,10013.6
2025-12-26 05:00:00,0.26559,0.26613,0.26493,0.26493,7018.5
2025-12-26 05:15:00,0.26502,0.26541,0.26472,0.265,15836.7
2025-12-26 05:30:00,0.26489,0.2654,0.2645,0.26498,2216.6
2025-12-26 05:45:00,0.26489,0.26587,0.26456,0.26566,4575.5
2025-12-26 06:00:00,0.26572,0.26688,0.2656,0.26661,3904.1
2025-12-26 06:15:00,0.26677,0.26756,0.26573,0.26577,15852.7
2025-12-26 06:30:00,0.26567,0.26588,0.26457,0.26547,3541.6
2025-12-26 06:45:00,0.26538,0.26847,0.26455,0.26777,27768.2
2025-12-26 07:00:00,0.26613,0.26672,0.26564,0.26672,27031.7
2025-12-26 07:15:00,0.26692,0.26711,0.26644,0.26644,3950.1
2025-12-26 07:30:00,0.2664,0.2664,0.26436,0.26437,2274.3
2025-12-26 07:45:00,0.26459,0.26459,0.26353,0.26374,1802.9
2025-12-26 08:00:00,0.26375,0.26521,0.26375,0.26515,150643.0
2025-12-26 08:15:00,0.2651,0.26626,0.26494,0.26601,28931.1
2025-12-26 08:30:00,0.26598,0.26598,0.26523,0.26579,85324.5
2025-12-26 08:45:00,0.26582,0.26795,0.26552,0.26624,87865.0
2025-12-26 09:00:00,0.26662,0.26711,0.26502,0.26502,72653.6
2025-12-26 09:15:00,0.26533,0.26549,0.26505,0.26549,2921.5
2025-12-26 09:30:00,0.26581,0.26608,0.26567,0.26599,3766.6
2025-12-26 09:45:00,0.26598,0.26688,0.26598,0.26688,61411.0
2025-12-26 10:00:00,0.2669,0.26697,0.26638,0.26681,3308.4
2025-12-26 10:15:00,0.26681,0.26681,0.26631,0.2666,2501.2
2025-12-26 10:30:00,0.26642,0.26689,0.26636,0.2667,5161.1
2025-12-26 10:45:00,0.2667,0.26718,0.2666,0.2668,5410.8
2025-12-26 11:00:00,0.26681,0.26719,0.26662,0.26693,9155.3
2025-12-26 11:15:00,0.2669,0.26701,0.26631,0.26695,3334.4
2025-12-26 11:30:00,0.26687,0.26708,0.2667,0.26699,14684.0
2025-12-26 11:45:00,0.26698,0.26747,0.26688,0.2672,16001.6
2025-12-26 12:00:00,0.26731,0.26842,0.26731,0.26837,162847.6
2025-12-26 12:15:00,0.26817,0.26847,0.26735,0.26842,203671.1
2025-12-26 12:30:00,0.26839,0.26908,0.26792,0.26898,14618.7
2025-12-26 12:45:00,0.26962,0.26996,0.26928,0.26984,15854.5
2025-12-26 13:00:00,0.26991,0.27277,0.26991,0.27192,18296.8
2025-12-26 13:15:00,0.27145,0.27169,0.2693,0.26945,13437.1
2025-12-26 13:30:00,0.26946,0.26977,0.26865,0.26865,58374.6
2025-12-26 13:45:00,0.26901,0.26975,0.26895,0.26906,2976.2
2025-12-26 14:00:00,0.26906,0.26927,0.26841,0.26857,8327.1
2025-12-26 14:15:00,0.26835,0.26887,0.26817,0.26817,5855.5
2025-12-26 14:30:00,0.26802,0.26858,0.26716,0.26774,12257.5
2025-12-26 14:45:00,0.26715,0.26754,0.26353,0.26414,37588.2
2025-12-26 15:00:00,0.26384,0.26442,0.26124,0.26215,47201.6
2025-12-26 15:15:00,0.26193,0.2629,0.26131,0.26257,54893.1
2025-12-26 15:30:00,0.26297,0.26398,0.26276,0.26307,12197.0
2025-12-26 15:45:00,0.26294,0.26418,0.26266,0.26348,5885.1
2025-12-26 16:00:00,0.26337,0.26399,0.2623,0.26262,90060.3
2025-12-26 16:15:00,0.26271,0.26299,0.2622,0.26249,14020.0
2025-12-26 16:30:00,0.26258,0.26299,0.26175,0.26248,17297.9
2025-12-26 16:45:00,0.26245,0.26272,0.25923,0.25924,32386.4
2025-12-26 17:00:00,0.25976,0.26097,0.25936,0.26008,99712.5
2025-12-26 17:15:00,0.26008,0.26264,0.25927,0.26241,259880.7
2025-12-26 17:30:00,0.26205,0.26373,0.26205,0.26333,28423.4
2025-12-26 17:45:00,0.26353,0.26403,0.2627,0.26291,34829.8
2025-12-26 18:00:00,0.26285,0.26405,0.26285,0.26405,5927.1
2025-12-26 18:15:00,0.26394,0.26474,0.26374,0.26417,11102.0
2025-12-26 18:30:00,0.26414,0.26592,0.26414,0.26569,11516.5
2025-12-26 18:45:00,0.26569,0.26571,0.26491,0.2653,3734.1
2025-12-26 19:00:00,0.26535,0.26721,0.26497,0.26604,167941.4
2025-12-26 19:15:00,0.26635,0.26684,0.26568,0.26657,3964.7
2025-12-26 19:30:00,0.26683,0.26779,0.26683,0.26762,41254.9
2025-12-26 19:45:00,0.26762,0.26809,0.26705,0.26734,8341.6
2025-12-26 20:00:00,0.26737,0.26764,0.26665,0.26704,2846.5
2025-12-26 20:15:00,0.26745,0.26785,0.26729,0.26739,2961.3
2025-12-26 20:30:00,0.26744,0.26813,0.26737,0.26813,23162.9
2025-12-26 20:45:00,0.26828,0.26901,0.26781,0.26793,65226.3
2025-12-26 21:00:00,0.26796,0.26848,0.26756,0.26805,7829.4
2025-12-26 21:15:00,0.26799,0.26801,0.26741,0.26758,4002.4
2025-12-26 21:30:00,0.26688,0.26715,0.26651,0.26688,90902.0
2025-12-26 21:45:00,0.26722,0.26746,0.26641,0.26642,69684.3
2025-12-26 22:00:00,0.26625,0.26733,0.26612,0.26656,53394.2
2025-12-26 22:15:00,0.26692,0.26733,0.2665,0.26681,43307.2
2025-12-26 22:30:00,0.26675,0.2668,0.26606,0.26625,16006.7
2025-12-26 22:45:00,0.26626,0.26658,0.26616,0.26653,4398.0
2025-12-26 23:00:00,0.26699,0.2676,0.26688,0.26697,5431.9
2025-12-26 23:15:00,0.26707,0.26708,0.26666,0.26681,3077.4
2025-12-26 23:30:00,0.26688,0.26737,0.26679,0.26692,2698.1
2025-12-26 23:45:00,0.26696,0.26775,0.26696,0.26771,2472.3
2025-12-27 00:00:00,0.2677,0.26977,0.26762,0.26915,23424.3
2025-12-27 00:15:00,0.26925,0.26925,0.26775,0.26802,23564.9
2025-12-27 00:30:00,0.26785,0.26866,0.26758,0.26846,3249.1
2025-12-27 00:45:00,0.26826,0.26892,0.26816,0.26886,3661.9
2025-12-27 01:00:00,0.26898,0.26899,0.26873,0.26885,4516.2
2025-12-27 01:15:00,0.26888,0.26897,0.26808,0.2688,2171.0
2025-12-27 01:30:00,0.26887,0.26966,0.26885,0.26965,4343.3
2025-12-27 01:45:00,0.26955,0.27116,0.26942,0.27116,2093.1
2025-12-27 02:00:00,0.27105,0.27106,0.27035,0.27035,5404.8
2025-12-27 02:15:00,0.27018,0.27028,0.2697,0.27028,1259.8
2025-12-27 02:30:00,0.27028,0.27089,0.27027,0.27074,2037.0
2025-12-27 02:45:00,0.27083,0.27234,0.27083,0.27223,97148.0
2025-12-27 03:00:00,0.27209,0.27229,0.27092,0.271,3296.5
2025-12-27 03:15:00,0.27102,0.27217,0.27102,0.27172,3640.4
2025-12-27 03:30:00,0.272,0.2725,0.27156,0.27159,7958.9
2025-12-27 03:45:00,0.27165,0.27226,0.27165,0.27203,4373.1
2025-12-27 04:00:00,0.27223,0.27243,0.27162,0.27162,8561.1
2025-12-27 04:15:00,0.27168,0.27173,0.27135,0.27146,4298.3
2025-12-27 04:30:00,0.27139,0.27139,0.27077,0.27091,1627.3
2025-12-27 04:45:00,0.27044,0.27082,0.27044,0.27071,2354.7
2025-12-27 05:00:00,0.27078,0.27099,0.27018,0.27033,7839.3
2025-12-27 05:15:00,0.27041,0.27048,0.27013,0.27016,4196.0
2025-12-27 05:30:00,0.27046,0.27075,0.27,0.27,2480.3
2025-12-27 05:45:00,0.27013,0.27065,0.27009,0.27027,2907.7
2025-12-27 06:00:00,0.27036,0.27044,0.26996,0.27027,2959.9
2025-12-27 06:15:00,0.27027,0.27039,0.26991,0.27036,3884.1
2025-12-27 06:30:00,0.27022,0.27022,0.26945,0.26977,103674.7
2025-12-27 06:45:00,0.26986,0.26994,0.26957,0.26984,2451.9
2025-12-27 07:00:00,0.26984,0.27087,0.26984,0.27067,4055.5
2025-12-27 07:15:00,0.27059,0.27127,0.27045,0.27123,2021.8
2025-12-27 07:30:00,0.27126,0.27127,0.27066,0.27086,4129.7
2025-12-27 07:45:00,0.27053,0.27084,0.27035,0.27044,21949.3
2025-12-27 08:00:00,0.27077,0.27118,0.2707,0.27086,21971.9
2025-12-27 08:15:00,0.27088,0.27109,0.27076,0.27076,8036.8
2025-12-27 08:30:00,0.27075,0.27075,0.2703,0.2705,29719.8
2025-12-27 08:45:00,0.27043,0.27045,0.27022,0.27038,1380.5
2025-12-27 09:00:00,0.27062,0.27111,0.27062,0.27077,3707.7
2025-12-27 09:15:00,0.27102,0.27166,0.27035,0.27051,6162.3
2025-12-27 09:30:00,0.27064,0.27079,0.27018,0.27018,1939.1
2025-12-27 09:45:00,0.2705,0.2705,0.26968,0.27002,1564.3
2025-12-27 10:00:00,0.26998,0.27039,0.26946,0.27019,5690.0
2025-12-27 10:15:00,0.2702,0.27037,0.26963,0.26963,1871.4
2025-12-27 10:30:00,0.26919,0.26966,0.26838,0.26903,11986.5
2025-12-27 10:45:00,0.26905,0.27073,0.26905,0.27065,4443.4
2025-12-27 11:00:00,0.27079,0.27131,0.27052,0.27098,9381.7
2025-12-27 11:15:00,0.27102,0.2725,0.27099,0.27208,2322.2
2025-12-27 11:30:00,0.27211,0.27251,0.2716,0.2716,4003.1
2025-12-27 11:45:00,0.2716,0.27425,0.2716,0.27425,22321.4
2025-12-27 12:00:00,0.27451,0.275,0.27278,0.27313,36093.9
2025-12-27 12:15:00,0.27334,0.27344,0.2727,0.27328,4372.7
2025-12-27 12:30:00,0.27309,0.27357,0.27291,0.27345,3459.7
2025-12-27 12:45:00,0.27384,0.27384,0.27284,0.27313,1783.9
2025-12-27 13:00:00,0.27328,0.27328,0.27235,0.27316,2047.8
2025-12-27 13:15:00,0.27332,0.27332,0.27185,0.27194,3539.8
2025-12-27 13:30:00,0.27204,0.27204,0.27143,0.27145,2053.4
2025-12-27 13:45:00,0.27173,0.27173,0.27113,0.27133,49016.2
2025-12-27 14:00:00,0.27168,0.27258,0.27168,0.27237,7714.5
2025-12-27 14:15:00,0.27236,0.27266,0.27205,0.27258,9030.1
2025-12-27 14:30:00,0.27275,0.27362,0.27259,0.27325,77152.7
2025-12-27 14:45:00,0.27324,0.27368,0.27286,0.27351,3507.9
2025-12-27 15:00:00,0.27353,0.27363,0.27325,0.27348,4101.3
2025-12-27 15:15:00,0.27337,0.27395,0.27327,0.27391,41173.6
2025-12-27 15:30:00,0.27388,0.27428,0.27344,0.27394,3101.5
2025-12-27 15:45:00,0.27384,0.27424,0.27353,0.2738,21957.9
2025-12-27 16:00:00,0.27398,0.27549,0.27398,0.275,27872.1
2025-12-27 16:15:00,0.27499,0.27569,0.27487,0.27506,12380.8
2025-12-27 16:30:00,0.27507,0.27562,0.27503,0.27513,4681.8
2025-12-27 16:45:00,0.27543,0.27564,0.27507,0.27521,26335.6
2025-12-27 17:00:00,0.27522,0.27561,0.27511,0.27521,9379.0
2025-12-27 17:15:00,0.27532,0.27533,0.27473,0.27531,22453.9
2025-12-27 17:30:00,0.27553,0.27579,0.27436,0.27469,14675.7
2025-12-27 17:45:00,0.27478,0.27478,0.2737,0.27403,40249.9
2025-12-27 18:00:00,0.27423,0.27454,0.27362,0.27367,1542.3
2025-12-27 18:15:00,0.27363,0.27363,0.27312,0.27328,2315.9
2025-12-27 18:30:00,0.27325,0.27349,0.27297,0.27298,3173.2
2025-12-27 18:45:00,0.27399,0.27458,0.27399,0.27421,5333.2
2025-12-27 19:00:00,0.27415,0.27419,0.27333,0.27362,11610.9
2025-12-27 19:15:00,0.27361,0.27361,0.27324,0.27324,3631.6
2025-12-27 19:30:00,0.27325,0.27331,0.27302,0.27323,2684.6
2025-12-27 19:45:00,0.27311,0.27338,0.27297,0.27309,3805.4
2025-12-27 20:00:00,0.27333,0.27418,0.27322,0.27334,7266.6
2025-12-27 20:15:00,0.27364,0.27364,0.27288,0.27298,5265.6
2025-12-27 20:30:00,0.27294,0.27321,0.27257,0.27269,3928.4
2025-12-27 20:45:00,0.27274,0.27287,0.27271,0.27287,6391.4
2025-12-27 21:00:00,0.27286,0.27439,0.27286,0.27423,7118.5
2025-12-27 21:15:00,0.27453,0.27563,0.27427,0.27563,4484.5
2025-12-27 21:30:00,0.27561,0.27652,0.27549,0.2763,7778.7
2025-12-27 21:45:00,0.27609,0.27648,0.27609,0.27646,5127.5
2025-12-27 22:00:00,0.27645,0.27929,0.27641,0.27929,36888.4
2025-12-27 22:15:00,0.27937,0.27952,0.27557,0.276,87432.5
2025-12-27 22:30:00,0.27592,0.27592,0.27438,0.27482,4723.7
2025-12-27 22:45:00,0.27477,0.27604,0.27452,0.27571,1825.2
2025-12-27 23:00:00,0.27596,0.27703,0.27568,0.27681,12880.8
2025-12-27 23:15:00,0.2772,0.27764,0.2765,0.2766,8616.9
2025-12-27 23:30:00,0.27683,0.27696,0.27633,0.27639,49982.3
2025-12-27 23:45:00,0.27632,0.27994,0.27632,0.27822,55895.9
2025-12-28 00:00:00,0.27839,0.27943,0.27745,0.27756,61115.9
2025-12-28 00:15:00,0.27751,0.27801,0.27751,0.27756,1740.2
2025-12-28 00:30:00,0.27735,0.27774,0.27725,0.27725,4780.5
2025-12-28 00:45:00,0.27746,0.27755,0.27692,0.27712,14116.1
2025-12-28 01:00:00,0.27723,0.2778,0.2765,0.2765,2778.4
2025-12-28 01:15:00,0.27627,0.27633,0.27555,0.2758,8638.0
2025-12-28 01:30:00,0.27558,0.27629,0.27549,0.27581,2132.3
2025-12-28 01:45:00,0.27581,0.27594,0.27543,0.27594,5072.1
2025-12-28 02:00:00,0.27591,0.2763,0.2758,0.27608,9607.2
2025-12-28 02:15:00,0.27615,0.27665,0.27588,0.27637,8505.2
2025-12-28 02:30:00,0.27636,0.27728,0.27628,0.27707,4976.7
2025-12-28 02:45:00,0.2772,0.27738,0.27654,0.27654,5541.1
2025-12-28 03:00:00,0.27648,0.27648,0.27571,0.27607,10598.3
2025-12-28 03:15:00,0.27602,0.27638,0.2758,0.27608,2920.3
2025-12-28 03:30:00,0.27627,0.27697,0.27627,0.27647,4870.5
2025-12-28 03:45:00,0.27656,0.27713,0.27642,0.27703,8217.8
2025-12-28 04:00:00,0.27676,0.27736,0.27667,0.2773,5794.3
2025-12-28 04:15:00,0.27699,0.27778,0.27689,0.2775,18017.4
2025-12-28 04:30:00,0.27753,0.27754,0.27666,0.27666,4005.1
2025-12-28 04:45:00,0.27673,0.27693,0.27652,0.27673,1904.4
2025-12-28 05:00:00,0.27684,0.27696,0.27647,0.27659,1664.9
2025-12-28 05:15:00,0.2766,0.27676,0.27614,0.27633,106209.2
2025-12-28 05:30:00,0.27653,0.27771,0.27653,0.27733,4034.2
2025-12-28 05:45:00,0.27761,0.27763,0.27669,0.27681,2088.1
2025-12-28 06:00:00,0.27665,0.27715,0.27654,0.27703,4695.1
2025-12-28 06:15:00,0.27707,0.27734,0.27659,0.27672,2143.5
2025-12-28 06:30:00,0.27678,0.27824,0.27678,0.27768,2961.8
2025-12-28 06:45:00,0.27767,0.27783,0.2772,0.27752,11171.2
2025-12-28 07:00:00,0.27744,0.27793,0.27728,0.27782,2899.7
2025-12-28 07:15:00,0.27833,0.27833,0.27736,0.27755,3061.6
2025-12-28 07:30:00,0.27743,0.27756,0.27685,0.27702,3307.0
2025-12-28 07:45:00,0.27703,0.27762,0.27694,0.27731,3992.3
2025-12-28 08:00:00,0.27736,0.27825,0.27731,0.27789,7209.1
2025-12-28 08:15:00,0.27794,0.27794,0.27728,0.27728,2101.3
2025-12-28 08:30:00,0.27742,0.27844,0.27696,0.27794,41500.8
2025-12-28 08:45:00,0.278,0.27802,0.27708,0.27708,65152.4
2025-12-28 09:00:00,0.27712,0.27717,0.27672,0.27705,9417.5
2025-12-28 09:15:00,0.27707,0.27736,0.27699,0.27729,3193.8
2025-12-28 09:30:00,0.27715,0.27726,0.27593,0.27641,13658.7
2025-12-28 09:45:00,0.27641,0.27663,0.2762,0.27663,2384.1
2025-12-28 10:00:00,0.27665,0.27769,0.27653,0.27745,2717.2
2025-12-28 10:15:00,0.27763,0.27763,0.27722,0.27738,6191.3
2025-12-28 10:30:00,0.27752,0.27763,0.27673,0.27673,2216.1
2025-12-28 10:45:00,0.27673,0.27683,0.2765,0.2767,7328.7
2025-12-28 11:00:00,0.27667,0.27746,0.27667,0.27746,2010.7
2025-12-28 11:15:00,0.27754,0.27754,0.27644,0.27654,2153.3
2025-12-28 11:30:00,0.27644,0.27651,0.27472,0.27504,2864.9
2025-12-28 11:45:00,0.27518,0.27575,0.27513,0.27543,2730.7
2025-12-28 12:00:00,0.27543,0.27559,0.27508,0.27541,19928.1
2025-12-28 12:15:00,0.27536,0.27542,0.27498,0.27527,9821.2
2025-12-28 12:30:00,0.27532,0.2754,0.27405,0.27414,42256.8
2025-12-28 12:45:00,0.27424,0.27451,0.27398,0.2742,9723.3
2025-12-28 13:00:00,0.27421,0.27548,0.27409,0.27467,3555.2
2025-12-28 13:15:00,0.27478,0.27511,0.27456,0.27461,4917.4
2025-12-28 13:30:00,0.27474,0.27534,0.27464,0.27517,3114.1
2025-12-28 13:45:00,0.27531,0.27545,0.27468,0.27525,5686.3
2025-12-28 14:00:00,0.27525,0.27565,0.27525,0.27565,1615.4
2025-12-28 14:15:00,0.27554,0.27705,0.27554,0.2765,2403.2
2025-12-28 14:30:00,0.27694,0.27741,0.27636,0.27703,8813.5
2025-12-28 14:45:00,0.27695,0.27744,0.27649,0.27673,3578.9
2025-12-28 15:00:00,0.27668,0.27733,0.27663,0.27663,2539.7
2025-12-28 15:15:00,0.27664,0.27703,0.27613,0.27613,16132.6
2025-12-28 15:30:00,0.27602,0.27602,0.27528,0.27532,10728.8
2025-12-28 15:45:00,0.2754,0.27601,0.27539,0.27543,3022.0
2025-12-28 16:00:00,0.27564,0.27591,0.27545,0.27588,5750.6
2025-12-28 16:15:00,0.27585,0.27585,0.27472,0.27495,2938.5
2025-12-28 16:30:00,0.27491,0.27543,0.27491,0.2753,2654.1
2025-12-28 16:45:00,0.27535,0.27571,0.27512,0.27523,2098.6
2025-12-28 17:00:00,0.27518,0.27636,0.27518,0.27589,10688.7
2025-12-28 17:15:00,0.27592,0.27659,0.27575,0.2759,12347.8
2025-12-28 17:30:00,0.27582,0.27582,0.27522,0.27536,3241.5
2025-12-28 17:45:00,0.27524,0.27543,0.275,0.27521,10427.9
2025-12-28 18:00:00,0.27539,0.27546,0.2742,0.27425,4379.9
2025-12-28 18:15:00,0.27424,0.27424,0.27187,0.27324,35230.2
2025-12-28 18:30:00,0.2729,0.27306,0.27269,0.27273,2390.2
2025-12-28 18:45:00,0.27266,0.27266,0.2712,0.2712,8988.0
2025-12-28 19:00:00,0.27122,0.27241,0.27114,0.27203,8256.0
2025-12-28 19:15:00,0.27206,0.27241,0.27108,0.27108,44654.6
2025-12-28 19:30:00,0.27122,0.2717,0.27082,0.27082,2231.2
2025-12-28 19:45:00,0.27057,0.27097,0.26996,0.27085,12796.7
2025-12-28 20:00:00,0.27056,0.27073,0.26974,0.27043,7320.2
2025-12-28 20:15:00,0.2705,0.27122,0.2705,0.27122,2743.0
2025-12-28 20:30:00,0.27101,0.27121,0.2709,0.27119,6579.7
2025-12-28 20:45:00,0.271,0.27133,0.27039,0.27039,6428.7
2025-12-28 21:00:00,0.27053,0.27082,0.26987,0.26988,4407.0
2025-12-28 21:15:00,0.27014,0.27023,0.26938,0.26974,8255.1
2025-12-28 21:30:00,0.26972,0.27063,0.26972,0.27047,3221.3
2025-12-28 21:45:00,0.27045,0.27088,0.27042,0.2708,2164.5
2025-12-28 22:00:00,0.27082,0.27103,0.27066,0.27103,2799.6
2025-12-28 22:15:00,0.27113,0.27135,0.27074,0.27132,12581.0
2025-12-28 22:30:00,0.2712,0.27149,0.27091,0.2714,1951.1
2025-12-28 22:45:00,0.27144,0.27332,0.27144,0.27287,19070.7
2025-12-28 23:00:00,0.27305,0.27335,0.27151,0.27158,3588.3
2025-12-28 23:15:00,0.27168,0.27256,0.27168,0.27179,2543.1
2025-12-28 23:30:00,0.27164,0.27267,0.27119,0.27267,2509.4
2025-12-28 23:45:00,0.27258,0.27393,0.27258,0.27351,6562.9
2025-12-29 00:00:00,0.27369,0.27441,0.27353,0.27366,38188.9
2025-12-29 00:15:00,0.27374,0.2766,0.27366,0.27658,16582.0
2025-12-29 00:30:00,0.2768,0.27833,0.27611,0.27645,15420.8
2025-12-29 00:45:00,0.27686,0.27729,0.27619,0.27619,5320.5
2025-12-29 01:00:00,0.2762,0.2762,0.27407,0.27407,10861.0
2025-12-29 01:15:00,0.27388,0.27429,0.27323,0.27428,19851.4
2025-12-29 01:30:00,0.27408,0.27827,0.2735,0.27687,9700.2
2025-12-29 01:45:00,0.27699,0.27784,0.27699,0.27744,4065.0
2025-12-29 02:00:00,0.27743,0.28051,0.27743,0.27895,50428.6
2025-12-29 02:15:00,0.27925,0.27936,0.27705,0.27773,32563.5
2025-12-29 02:30:00,0.27805,0.27813,0.27723,0.27742,1632.6
2025-12-29 02:45:00,0.27749,0.27769,0.27708,0.27759,2074.9
2025-12-29 03:00:00,0.27757,0.2787,0.27757,0.2787,2305.3
2025-12-29 03:15:00,0.2786,0.27894,0.27813,0.27881,2734.7
2025-12-29 03:30:00,0.27922,0.283,0.27898,0.28217,47405.6
2025-12-29 03:45:00,0.28222,0.2825,0.28151,0.28236,4407.8
2025-12-29 04:00:00,0.28277,0.2828,0.28125,0.2816,5785.6
2025-12-29 04:15:00,0.28199,0.28199,0.28113,0.28174,2659.0
2025-12-29 04:30:00,0.28142,0.28333,0.2814,0.28261,2041.7
2025-12-29 04:45:00,0.28215,0.28219,0.28145,0.28196,4090.0
2025-12-29 05:00:00,0.28202,0.28202,0.28103,0.28164,1607.4
2025-12-29 05:15:00,0.28136,0.28184,0.28116,0.28175,2143.5
2025-12-29 05:30:00,0.2815,0.28352,0.28141,0.28352,3572.3
2025-12-29 05:45:00,0.28361,0.28361,0.28169,0.28184,15045.2
2025-12-29 06:00:00,0.28171,0.28171,0.28052,0.28111,1029.9
2025-12-29 06:15:00,0.28104,0.28215,0.28104,0.28171,2067.6
2025-12-29 06:30:00,0.28148,0.28233,0.28137,0.28224,1681.3
2025-12-29 06:45:00,0.28207,0.2821,0.28089,0.28099,5087.2
2025-12-29 07:00:00,0.28089,0.28123,0.27879,0.27938,100346.4
2025-12-29 07:15:00,0.27949,0.2798,0.27903,0.27961,29041.3
2025-12-29 07:30:00,0.27951,0.2815,0.27951,0.28066,9527.8
2025-12-29 07:45:00,0.28081,0.28178,0.28081,0.28133,2127.4
2025-12-29 08:00:00,0.28153,0.28183,0.28125,0.28129,16999.3
2025-12-29 08:15:00,0.28129,0.28204,0.28129,0.28174,40443.7
2025-12-29 08:30:00,0.28166,0.28176,0.28078,0.28078,59216.4
2025-12-29 08:45:00,0.28077,0.28129,0.27996,0.28051,9672.5
2025-12-29 09:00:00,0.28063,0.28065,0.27956,0.27961,1677.4
2025-12-29 09:15:00,0.27947,0.28001,0.27947,0.2795,2968.5
2025-12-29 09:30:00,0.2796,0.2797,0.27481,0.27543,42217.9
2025-12-29 09:45:00,0.27526,0.27609,0.27398,0.27609,7409.5
2025-12-29 10:00:00,0.27622,0.27809,0.27605,0.27715,6676.9
2025-12-29 10:15:00,0.27722,0.27759,0.27681,0.27755,4356.8
2025-12-29 10:30:00,0.27755,0.27783,0.27737,0.27781,2303.0
2025-12-29 10:45:00,0.27782,0.27833,0.2774,0.2774,2447.8
2025-12-29 11:00:00,0.27735,0.27785,0.2766,0.27785,1412.7
2025-12-29 11:15:00,0.27747,0.27819,0.2772,0.27721,4763.8
2025-12-29 11:30:00,0.27693,0.27706,0.27616,0.27616,2514.8
2025-12-29 11:45:00,0.27629,0.2765,0.2756,0.27579,1976.1
2025-12-29 12:00:00,0.27565,0.27574,0.26988,0.27083,77825.8
2025-12-29 12:15:00,0.27055,0.27233,0.26944,0.2715,25189.2
2025-12-29 12:30:00,0.27283,0.27304,0.27202,0.27214,50309.2
2025-12-29 12:45:00,0.27222,0.27291,0.27208,0.27277,2980.7
2025-12-29 13:00:00,0.27239,0.2732,0.27236,0.27284,1877.5
2025-12-29 13:15:00,0.27262,0.27332,0.27144,0.2717,1730.7
2025-12-29 13:30:00,0.27123,0.27192,0.27123,0.2718,4184.4
2025-12-29 13:45:00,0.27179,0.2721,0.27082,0.27129,10397.5
2025-12-29 14:00:00,0.27133,0.27134,0.27032,0.27082,12352.7
2025-12-29 14:15:00,0.27099,0.27106,0.26951,0.2709,5182.9
2025-12-29 14:30:00,0.27084,0.27543,0.27084,0.27441,38901.4
2025-12-29 14:45:00,0.2744,0.27461,0.27107,0.27158,19976.2
2025-12-29 15:00:00,0.27197,0.27367,0.27167,0.27309,63089.7
2025-12-29 15:15:00,0.27346,0.27399,0.27219,0.2737,10185.7
2025-12-29 15:30:00,0.2737,0.27459,0.27358,0.27459,5208.4
2025-12-29 15:45:00,0.27415,0.27415,0.27245,0.27278,3648.6
2025-12-29 16:00:00,0.2728,0.2734,0.27259,0.27334,8467.2
2025-12-29 16:15:00,0.27232,0.27265,0.27142,0.27168,5663.1
2025-12-29 16:30:00,0.2715,0.27207,0.27118,0.27143,4479.7
2025-12-29 16:45:00,0.27183,0.27258,0.27128,0.27146,2225.2
2025-12-29 17:00:00,0.27143,0.27257,0.27143,0.27205,1695.1
2025-12-29 17:15:00,0.27155,0.27224,0.27044,0.27085,3463.9
2025-12-29 17:30:00,0.27092,0.27125,0.2703,0.27067,8357.0
2025-12-29 17:45:00,0.27106,0.27388,0.27106,0.27364,2117.4
2025-12-29 18:00:00,0.27385,0.27479,0.27334,0.27347,4723.0
2025-12-29 18:15:00,0.27363,0.27457,0.27279,0.27279,2267.7
2025-12-29 18:30:00,0.27288,0.27369,0.27277,0.27287,5272.7
2025-12-29 18:45:00,0.27264,0.27295,0.27125,0.27152,19861.8
2025-12-29 19:00:00,0.27171,0.2738,0.27082,0.27314,11523.0
2025-12-29 19:15:00,0.27328,0.27348,0.27164,0.27184,5097.8
2025-12-29 19:30:00,0.27192,0.27236,0.27082,0.27108,2707.7
2025-12-29 19:45:00,0.2713,0.2713,0.27085,0.27087,1792.2
2025-12-29 20:00:00,0.27087,0.27134,0.27061,0.27134,2862.4
2025-12-29 20:15:00,0.27123,0.27184,0.26995,0.27031,17528.4
2025-12-29 20:30:00,0.2699,0.27051,0.26931,0.26931,10400.4
2025-12-29 20:45:00,0.26941,0.27004,0.26926,0.26993,9212.2
2025-12-29 21:00:00,0.26997,0.27169,0.26988,0.27169,2521.2
2025-12-29 21:15:00,0.2717,0.2717,0.27046,0.27066,2676.6
2025-12-29 21:30:00,0.27055,0.27113,0.27036,0.27113,2001.1
2025-12-29 21:45:00,0.27086,0.27096,0.27037,0.27082,5261.1
2025-12-29 22:00:00,0.27037,0.2705,0.2699,0.27012,4697.9
2025-12-29 22:15:00,0.27005,0.27083,0.27004,0.27014,8011.0
2025-12-29 22:30:00,0.27003,0.27103,0.27003,0.27071,11361.3
2025-12-29 22:45:00,0.27072,0.27072,0.26999,0.27,12775.3
2025-12-29 23:00:00,0.26991,0.27,0.26868,0.26971,12225.7
2025-12-29 23:15:00,0.26971,0.26983,0.2681,0.26846,6118.8
2025-12-29 23:30:00,0.26821,0.26901,0.26821,0.2687,9131.3
2025-12-29 23:45:00,0.26873,0.26909,0.26831,0.26903,6178.7
2025-12-30 00:00:00,0.26893,0.2706,0.2689,0.2702,25372.2
2025-12-30 00:15:00,0.26999,0.27042,0.26887,0.26887,8261.7
2025-12-30 00:30:00,0.26886,0.26887,0.26765,0.26876,104476.6
2025-12-30 00:45:00,0.26895,0.26946,0.26885,0.26933,62469.6
2025-12-30 01:00:00,0.26943,0.27011,0.26848,0.26954,9764.6
2025-12-30 01:15:00,0.2694,0.27017,0.26915,0.26967,9927.2
2025-12-30 01:30:00,0.2696,0.26984,0.26888,0.26974,5919.0
2025-12-30 01:45:00,0.26963,0.27062,0.26952,0.2696,15569.7
2025-12-30 02:00:00,0.26973,0.26981,0.26895,0.26909,7535.8
2025-12-30 02:15:00,0.26919,0.27,0.26876,0.26876,6011.8
2025-12-30 02:30:00,0.26878,0.26921,0.26756,0.26824,2615.5
2025-12-30 02:45:00,0.26835,0.26844,0.26751,0.26812,3812.1
2025-12-30 03:00:00,0.26821,0.2683,0.26711,0.26728,8102.7
2025-12-30 03:15:00,0.26666,0.26844,0.2663,0.26796,21327.7
2025-12-30 03:30:00,0.26774,0.26774,0.26683,0.26724,2317.3
2025-12-30 03:45:00,0.26727,0.26874,0.26727,0.26812,10577.7
2025-12-30 04:00:00,0.26822,0.26841,0.26717,0.26745,6315.4
2025-12-30 04:15:00,0.26737,0.26945,0.26737,0.26945,9432.3
2025-12-30 04:30:00,0.26956,0.26958,0.26882,0.26924,3250.2
2025-12-30 04:45:00,0.26936,0.26936,0.26863,0.26863,4202.8
2025-12-30 05:00:00,0.26863,0.26869,0.26811,0.26843,2226.9
2025-12-30 05:15:00,0.26834,0.26847,0.26752,0.26767,4339.3
2025-12-30 05:30:00,0.26732,0.26744,0.26619,0.2665,2752.1
2025-12-30 05:45:00,0.26678,0.26769,0.26678,0.26752,7299.8
2025-12-30 06:00:00,0.2677,0.26874,0.26767,0.26857,60078.6
2025-12-30 06:15:00,0.269,0.26936,0.2687,0.26903,1919.2
2025-12-30 06:30:00,0.269,0.2703,0.269,0.26975,21195.9
2025-12-30 06:45:00,0.26957,0.26989,0.26896,0.26902,2973.5
2025-12-30 07:00:00,0.26869,0.26941,0.26858,0.26938,3804.9
2025-12-30 07:15:00,0.26958,0.26981,0.2683,0.2683,4627.2
2025-12-30 07:30:00,0.26822,0.26908,0.26816,0.26874,1635.9
2025-12-30 07:45:00,0.26868,0.26877,0.26837,0.26859,9902.0
2025-12-30 08:00:00,0.26864,0.27483,0.26864,0.2746,49254.9
2025-12-30 08:15:00,0.27414,0.27539,0.27258,0.27264,33785.9
2025-12-30 08:30:00,0.2727,0.27351,0.2727,0.27305,76291.6
2025-12-30 08:45:00,0.27286,0.2732,0.27255,0.27275,12090.2
2025-12-30 09:00:00,0.27287,0.27324,0.2724,0.27255,15456.9
2025-12-30 09:15:00,0.27229,0.27287,0.27228,0.2728,5150.1
2025-12-30 09:30:00,0.27298,0.27363,0.27298,0.27339,5690.1
2025-12-30 09:45:00,0.27351,0.27478,0.27336,0.27441,14609.1
2025-12-30 10:00:00,0.27467,0.27476,0.27419,0.27419,6290.4
2025-12-30 10:15:00,0.27426,0.27479,0.27339,0.27341,9356.6
2025-12-30 10:30:00,0.2732,0.27351,0.27233,0.27343,7400.7
2025-12-30 10:45:00,0.27355,0.27362,0.27273,0.27309,9307.5
2025-12-30 11:00:00,0.27307,0.27336,0.27272,0.27324,1289.8
2025-12-30 11:15:00,0.27326,0.27343,0.27264,0.27285,12129.5
2025-12-30 11:30:00,0.27283,0.2733,0.27265,0.27265,2421.5
2025-12-30 11:45:00,0.27293,0.27416,0.27291,0.27404,15867.1
2025-12-30 12:00:00,0.27422,0.27446,0.27391,0.27413,2514.5
2025-12-30 12:15:00,0.27426,0.27442,0.27381,0.27381,5414.5
2025-12-30 12:30:00,0.27395,0.27432,0.27317,0.27335,1628.5
2025-12-30 12:45:00,0.2733,0.27353,0.2729,0.27312,2713.7
2025-12-30 13:00:00,0.27313,0.27407,0.27304,0.27397,103525.6
2025-12-30 13:15:00,0.274,0.2749,0.27389,0.27457,23337.7
2025-12-30 13:30:00,0.27467,0.27468,0.27367,0.27397,3020.6
2025-12-30 13:45:00,0.27425,0.27425,0.27367,0.27387,2411.2
2025-12-30 14:00:00,0.27384,0.27384,0.27082,0.27158,804096.5
2025-12-30 14:15:00,0.27164,0.27293,0.27087,0.27087,51517.0
2025-12-30 14:30:00,0.27077,0.2721,0.27006,0.27162,87653.7
2025-12-30 14:45:00,0.2715,0.27532,0.27139,0.27368,24078.2
2025-12-30 15:00:00,0.27372,0.27424,0.27111,0.27171,23068.0
2025-12-30 15:15:00,0.27187,0.2732,0.27187,0.27308,4948.4
2025-12-30 15:30:00,0.27259,0.27359,0.2725,0.27339,4845.0
2025-12-30 15:45:00,0.27309,0.27488,0.27309,0.27446,107168.2
2025-12-30 16:00:00,0.27479,0.27479,0.27352,0.27352,10056.0
2025-12-30 16:15:00,0.27381,0.27605,0.27381,0.27469,4699.1
2025-12-30 16:30:00,0.27457,0.27457,0.27169,0.27183,11250.6
2025-12-30 16:45:00,0.27194,0.2721,0.27131,0.2721,8756.7
2025-12-30 17:00:00,0.27211,0.27276,0.27205,0.27205,6378.4
2025-12-30 17:15:00,0.27215,0.27215,0.27131,0.27131,3368.1
2025-12-30 17:30:00,0.27137,0.2719,0.27077,0.27088,5140.8
2025-12-30 17:45:00,0.27044,0.27126,0.26936,0.27096,16141.2
2025-12-30 18:00:00,0.27059,0.27136,0.27059,0.27129,2161.4
2025-12-30 18:15:00,0.27132,0.27142,0.27071,0.27094,2654.1
2025-12-30 18:30:00,0.27084,0.27101,0.2707,0.2709,2736.9
2025-12-30 18:45:00,0.27097,0.27097,0.26999,0.27091,2674.7
2025-12-30 19:00:00,0.27048,0.27072,0.26914,0.27024,19413.5
2025-12-30 19:15:00,0.27013,0.27157,0.26985,0.27157,6098.7
2025-12-30 19:30:00,0.27163,0.27258,0.27163,0.27195,75241.8
2025-12-30 19:45:00,0.272,0.2727,0.27181,0.27257,51772.7
2025-12-30 20:00:00,0.27204,0.27204,0.27145,0.27185,3800.7
2025-12-30 20:15:00,0.27161,0.27205,0.27122,0.27122,2329.6
2025-12-30 20:30:00,0.27114,0.27135,0.27093,0.27132,4218.4
2025-12-30 20:45:00,0.27095,0.27095,0.27009,0.2704,77130.9
2025-12-30 21:00:00,0.2704,0.27142,0.27035,0.27083,5559.4
2025-12-30 21:15:00,0.27092,0.27111,0.27039,0.27039,1659.6
2025-12-30 21:30:00,0.26992,0.2702,0.26959,0.26964,2647.0
2025-12-30 21:45:00,0.26983,0.27015,0.26958,0.27015,2552.9
2025-12-30 22:00:00,0.27015,0.27083,0.2701,0.2708,5763.9
2025-12-30 22:15:00,0.27059,0.27082,0.27031,0.27052,11154.5
2025-12-30 22:30:00,0.27055,0.27055,0.26962,0.26972,2697.6
2025-12-30 22:45:00,0.26985,0.27033,0.26982,0.27032,99024.8
2025-12-30 23:00:00,0.27062,0.27207,0.27046,0.27126,8894.3
2025-12-30 23:15:00,0.27116,0.27186,0.27086,0.27186,2512.4
2025-12-30 23:30:00,0.27175,0.27206,0.27145,0.27156,1633.7
2025-12-30 23:45:00,0.27156,0.27189,0.27153,0.27153,2757.7
2025-12-31 00:00:00,0.27143,0.27143,0.2688,0.26894,82938.5
2025-12-31 00:15:00,0.26913,0.26992,0.26889,0.26992,12629.7
2025-12-31 00:30:00,0.26972,0.27019,0.26925,0.2696,3751.3
2025-12-31 00:45:00,0.26962,0.26962,0.26879,0.2693,3094.6
2025-12-31 01:00:00,0.26896,0.27003,0.26891,0.27003,4848.3
2025-12-31 01:15:00,0.2704,0.2722,0.27023,0.27154,25596.7
2025-12-31 01:30:00,0.27131,0.27248,0.27131,0.27167,11002.1
2025-12-31 01:45:00,0.27218,0.27218,0.27111,0.27111,2957.0
2025-12-31 02:00:00,0.27075,0.27133,0.2705,0.27133,3022.7
2025-12-31 02:15:00,0.27145,0.27173,0.27095,0.2712,5559.4
2025-12-31 02:30:00,0.2712,0.27158,0.27018,0.27018,4346.7
2025-12-31 02:45:00,0.27014,0.27055,0.26991,0.27032,5325.2
2025-12-31 03:00:00,0.27038,0.27104,0.27038,0.2704,7292.3
2025-12-31 03:15:00,0.27033,0.27033,0.26931,0.2695,6071.2
2025-12-31 03:30:00,0.2694,0.26955,0.26878,0.2691,7964.4
2025-12-31 03:45:00,0.26934,0.26944,0.26889,0.2694,3090.9
2025-12-31 04:00:00,0.2695,0.26983,0.26912,0.26944,5977.9
2025-12-31 04:15:00,0.26941,0.26969,0.2688,0.26912,2898.4
2025-12-31 04:30:00,0.26909,0.26936,0.26902,0.26914,23982.6
2025-12-31 04:45:00,0.26905,0.26927,0.26905,0.26917,2072.1
2025-12-31 05:00:00,0.26908,0.2697,0.26902,0.26959,3394.2
2025-12-31 05:15:00,0.26957,0.26991,0.2694,0.26991,4517.7
2025-12-31 05:30:00,0.26998,0.26998,0.26902,0.26937,3733.8
2025-12-31 05:45:00,0.26933,0.26946,0.26904,0.26912,3389.5
2025-12-31 06:00:00,0.26911,0.27022,0.26891,0.26981,12111.3
2025-12-31 06:15:00,0.26979,0.26979,0.26927,0.26928,11459.6
2025-12-31 06:30:00,0.26933,0.26951,0.26907,0.26942,3350.1
2025-12-31 06:45:00,0.2693,0.27008,0.2693,0.27,4515.3
2025-12-31 07:00:00,0.27,0.27022,0.26969,0.27022,9270.2
2025-12-31 07:15:00,0.27027,0.27027,0.26889,0.26973,4440.8
2025-12-31 07:30:00,0.26951,0.27018,0.26951,0.27007,2327.1
2025-12-31 07:45:00,0.26992,0.27029,0.26981,0.27016,9362.1
2025-12-31 08:00:00,0.27004,0.27112,0.27004,0.27092,4896.7
2025-12-31 08:15:00,0.27054,0.2707,0.27026,0.27042,23136.1
2025-12-31 08:30:00,0.27042,0.27042,0.26829,0.26844,83850.1
2025-12-31 08:45:00,0.26841,0.26852,0.26791,0.2681,11976.0
2025-12-31 09:00:00,0.26824,0.26905,0.26824,0.26867,5018.6
2025-12-31 09:15:00,0.26883,0.26913,0.26863,0.26863,3267.2
2025-12-31 09:30:00,0.26821,0.26901,0.26821,0.26877,3934.3
2025-12-31 09:45:00,0.26879,0.26975,0.26879,0.26941,7961.0
2025-12-31 10:00:00,0.26944,0.26951,0.26863,0.26882,4930.9
2025-12-31 10:15:00,0.26908,0.26908,0.2682,0.26841,3344.2
2025-12-31 10:30:00,0.26851,0.26851,0.26767,0.26787,20633.8
2025-12-31 10:45:00,0.26794,0.26814,0.26746,0.26764,7241.8
2025-12-31 11:00:00,0.26782,0.26968,0.26763,0.26952,13647.9
2025-12-31 11:15:00,0.26913,0.26958,0.26899,0.26951,28769.2
2025-12-31 11:30:00,0.2694,0.27011,0.26909,0.27011,6025.8
2025-12-31 11:45:00,0.26977,0.27035,0.26957,0.27035,12791.6
2025-12-31 12:00:00,0.27025,0.27025,0.26961,0.2699,7874.6
2025-12-31 12:15:00,0.2698,0.26989,0.2691,0.26923,16574.9
2025-12-31 12:30:00,0.26907,0.26988,0.26869,0.26869,9574.0
2025-12-31 12:45:00,0.26889,0.26915,0.26828,0.26902,3092.6
2025-12-31 13:00:00,0.26882,0.26949,0.26862,0.26907,5774.3
2025-12-31 13:15:00,0.26898,0.26993,0.26876,0.26974,58652.0
2025-12-31 13:30:00,0.2697,0.2697,0.26894,0.26923,2320.9
2025-12-31 13:45:00,0.26923,0.27093,0.26923,0.2705,5147.4
2025-12-31 14:00:00,0.27061,0.27267,0.27061,0.27225,14967.6
2025-12-31 14:15:00,0.27225,0.27228,0.27101,0.27125,15819.6
2025-12-31 14:30:00,0.27117,0.27141,0.26921,0.26949,13289.0
2025-12-31 14:45:00,0.2696,0.27091,0.2687,0.27062,14987.5
2025-12-31 15:00:00,0.27043,0.27083,0.26846,0.26972,53468.5
2025-12-31 15:15:00,0.2692,0.26964,0.26855,0.26934,9313.6
2025-12-31 15:30:00,0.26908,0.26908,0.26683,0.26776,23125.0
2025-12-31 15:45:00,0.26787,0.26867,0.2676,0.2677,17398.9
2025-12-31 16:00:00,0.26768,0.2679,0.26678,0.26748,56325.2
2025-12-31 16:15:00,0.26721,0.26846,0.26646,0.26669,6164.2
2025-12-31 16:30:00,0.26625,0.26625,0.26013,0.26211,50939.6
2025-12-31 16:45:00,0.26174,0.26296,0.26152,0.26206,24271.4
2025-12-31 17:00:00,0.26207,0.26207,0.2608,0.2608,30418.3
2025-12-31 17:15:00,0.26078,0.26268,0.26073,0.26206,13910.9
2025-12-31 17:30:00,0.26187,0.26217,0.26061,0.26077,3400.2
2025-12-31 17:45:00,0.26077,0.26139,0.2603,0.26128,78939.0
2025-12-31 18:00:00,0.26135,0.26238,0.26005,0.26173,16470.4
2025-12-31 18:15:00,0.2618,0.2629,0.2618,0.26259,3787.6
2025-12-31 18:30:00,0.26238,0.26288,0.26238,0.26263,3843.5
2025-12-31 18:45:00,0.26245,0.26245,0.26131,0.26131,35224.4
2025-12-31 19:00:00,0.26156,0.26293,0.26156,0.2629,20631.4
2025-12-31 19:15:00,0.263,0.26546,0.26272,0.26546,7264.9
2025-12-31 19:30:00,0.26516,0.26571,0.26495,0.26495,6303.8
2025-12-31 19:45:00,0.26535,0.26535,0.2646,0.26461,20082.3
2025-12-31 20:00:00,0.264,0.2642,0.26234,0.26307,6091.5
2025-12-31 20:15:00,0.26317,0.26545,0.26306,0.26538,29891.9
2025-12-31 20:30:00,0.26429,0.26575,0.26383,0.26541,2993.3
2025-12-31 20:45:00,0.26571,0.26763,0.26555,0.26701,56462.9
2025-12-31 21:00:00,0.26696,0.26753,0.26659,0.26746,11592.4
2025-12-31 21:15:00,0.26746,0.26814,0.26742,0.26792,3696.9
2025-12-31 21:30:00,0.26794,0.26883,0.26774,0.26882,4173.9
2025-12-31 21:45:00,0.26892,0.26901,0.26832,0.26863,6384.2
2025-12-31 22:00:00,0.26866,0.26905,0.26814,0.2686,8470.5
2025-12-31 22:15:00,0.26873,0.26955,0.268,0.26955,22778.4
2025-12-31 22:30:00,0.26934,0.26958,0.26887,0.26887,2170.9
2025-12-31 22:45:00,0.26892,0.26898,0.2684,0.26866,11471.4
2025-12-31 23:00:00,0.26822,0.26902,0.2681,0.26851,3145.3
2025-12-31 23:15:00,0.26851,0.2688,0.2684,0.26859,2312.4
2025-12-31 23:30:00,0.2684,0.26861,0.2681,0.26828,2128.6
2025-12-31 23:45:00,0.26827,0.26827,0.26769,0.26769,1960.6
2026-01-01 00:00:00,0.26775,0.26885,0.26775,0.26866,80975.9
2026-01-01 00:15:00,0.26886,0.27078,0.26886,0.27078,6008.6
2026-01-01 00:30:00,0.27067,0.27067,0.26811,0.26849,2452.8
2026-01-01 00:45:00,0.26839,0.26892,0.26801,0.26801,1689.9
2026-01-01 01:00:00,0.26812,0.26947,0.26812,0.26944,3871.6
2026-01-01 01:15:00,0.26964,0.26965,0.26752,0.26752,5190.8
2026-01-01 01:30:00,0.26761,0.26762,0.26662,0.26709,49577.8
2026-01-01 01:45:00,0.26714,0.26721,0.26672,0.26679,1312.6
2026-01-01 02:00:00,0.26678,0.26741,0.26674,0.26712,9857.2
2026-01-01 02:15:00,0.26693,0.2674,0.26692,0.26709,4920.7
2026-01-01 02:30:00,0.26708,0.26756,0.26605,0.26605,3844.9
2026-01-01 02:45:00,0.2665,0.26662,0.26592,0.26627,2413.3
2026-01-01 03:00:00,0.26638,0.26688,0.26619,0.26681,1852.5
2026-01-01 03:15:00,0.26688,0.26701,0.26652,0.26693,2434.8
2026-01-01 03:30:00,0.26674,0.26674,0.26635,0.26642,1694.4
2026-01-01 03:45:00,0.26638,0.26642,0.26576,0.26576,1225.0
2026-01-01 04:00:00,0.26591,0.26591,0.26468,0.26487,5674.1
2026-01-01 04:15:00,0.26491,0.26501,0.2645,0.2649,2047.8
2026-01-01 04:30:00,0.26488,0.26488,0.26406,0.26406,1787.5
2026-01-01 04:45:00,0.26425,0.26544,0.26425,0.26544,26090.7
2026-01-01 05:00:00,0.26573,0.26728,0.26573,0.26728,14406.2
2026-01-01 05:15:00,0.26738,0.26787,0.26736,0.26779,1515.8
2026-01-01 05:30:00,0.26761,0.26836,0.26761,0.26836,2168.3
2026-01-01 05:45:00,0.26829,0.26963,0.26829,0.26963,6651.3
2026-01-01 06:00:00,0.26972,0.27005,0.269,0.26942,1598.8
2026-01-01 06:15:00,0.26947,0.27006,0.26905,0.26905,3776.0
2026-01-01 06:30:00,0.26937,0.26976,0.26915,0.26973,6239.3
2026-01-01 06:45:00,0.26963,0.26974,0.2689,0.26913,2479.4
2026-01-01 07:00:00,0.26918,0.26954,0.26897,0.26902,2485.5
2026-01-01 07:15:00,0.26908,0.27014,0.26904,0.26954,3325.5
2026-01-01 07:30:00,0.26975,0.27004,0.26953,0.26964,1841.3
2026-01-01 07:45:00,0.26954,0.26984,0.26938,0.26984,1649.5
2026-01-01 08:00:00,0.26977,0.27006,0.26955,0.26974,9705.1
2026-01-01 08:15:00,0.26993,0.27018,0.26978,0.27008,4708.4
2026-01-01 08:30:00,0.27004,0.2703,0.26902,0.2696,24047.9
2026-01-01 08:45:00,0.26987,0.27156,0.26958,0.27156,4004.1
2026-01-01 09:00:00,0.27163,0.27242,0.27155,0.27182,4936.0
2026-01-01 09:15:00,0.27187,0.27241,0.27187,0.27229,2405.3
2026-01-01 09:30:00,0.27235,0.27364,0.27235,0.27364,3668.9
2026-01-01 09:45:00,0.27344,0.27362,0.27301,0.2733,4027.1
2026-01-01 10:00:00,0.2734,0.27438,0.27329,0.2739,9829.6
2026-01-01 10:15:00,0.27388,0.27388,0.27268,0.27274,3849.1
2026-01-01 10:30:00,0.27305,0.27338,0.27258,0.27326,17285.8
2026-01-01 10:45:00,0.27357,0.27411,0.27314,0.27395,16905.1
2026-01-01 11:00:00,0.27391,0.274,0.27309,0.27328,7632.5
2026-01-01 11:15:00,0.27337,0.27338,0.27327,0.27334,7895.5
2026-01-01 11:30:00,0.27373,0.27384,0.27345,0.27361,2990.1
2026-01-01 11:45:00,0.27373,0.27494,0.27365,0.2737,11863.1
2026-01-01 12:00:00,0.27418,0.27418,0.27328,0.27344,1781.5
2026-01-01 12:15:00,0.27265,0.27292,0.27234,0.27286,6059.6
2026-01-01 12:30:00,0.27276,0.27332,0.27233,0.27332,118642.6
2026-01-01 12:45:00,0.27338,0.27419,0.27338,0.27419,7831.8
2026-01-01 13:00:00,0.27377,0.27488,0.27366,0.27464,6040.8
2026-01-01 13:15:00,0.27465,0.27601,0.27464,0.27493,5372.7
2026-01-01 13:30:00,0.2752,0.27672,0.27462,0.27594,13612.1
2026-01-01 13:45:00,0.27689,0.2773,0.27591,0.2768,165205.2
2026-01-01 14:00:00,0.27695,0.27769,0.27651,0.27761,3765.1
2026-01-01 14:15:00,0.27751,0.27751,0.27619,0.27648,10370.4
2026-01-01 14:30:00,0.27648,0.27766,0.27618,0.27728,9563.3
2026-01-01 14:45:00,0.27789,0.27942,0.27728,0.27798,70647.6
2026-01-01 15:00:00,0.27847,0.27907,0.27769,0.2781,4509.2
2026-01-01 15:15:00,0.27795,0.27905,0.27789,0.2787,25050.3
2026-01-01 15:30:00,0.2788,0.28211,0.2788,0.28061,55729.5
2026-01-01 15:45:00,0.28039,0.28324,0.28039,0.28151,20819.3
2026-01-01 16:00:00,0.28168,0.2829,0.28079,0.28154,216569.7
2026-01-01 16:15:00,0.28245,0.28284,0.28082,0.28198,23161.6
2026-01-01 16:30:00,0.28188,0.28313,0.28171,0.28286,2376.1
2026-01-01 16:45:00,0.28229,0.2833,0.28229,0.28298,7327.7
2026-01-01 17:00:00,0.28318,0.28561,0.28318,0.28561,59755.7
2026-01-01 17:15:00,0.28569,0.28759,0.28541,0.28557,31900.8
2026-01-01 17:30:00,0.2854,0.2869,0.2854,0.28573,161787.8
2026-01-01 17:45:00,0.28583,0.28607,0.28512,0.28596,58574.9
2026-01-01 18:00:00,0.28598,0.28629,0.28536,0.28608,24529.0
2026-01-01 18:15:00,0.28557,0.28667,0.28557,0.28624,6806.6
2026-01-01 18:30:00,0.28639,0.28684,0.286,0.28613,124009.4
2026-01-01 18:45:00,0.28623,0.28697,0.28602,0.28697,3273.0
2026-01-01 19:00:00,0.28703,0.28918,0.28686,0.28826,33098.3
2026-01-01 19:15:00,0.28831,0.28851,0.28817,0.28832,3952.6
2026-01-01 19:30:00,0.2884,0.29048,0.28754,0.29002,59980.9
2026-01-01 19:45:00,0.28933,0.2917,0.2892,0.2917,19033.7
2026-01-01 20:00:00,0.29225,0.29316,0.28997,0.28997,5938.9
2026-01-01 20:15:00,0.28942,0.29034,0.28937,0.28973,122581.6
2026-01-01 20:30:00,0.2899,0.29008,0.28896,0.29006,37616.8
2026-01-01 20:45:00,0.28974,0.2905,0.28958,0.28995,2219.2
2026-01-01 21:00:00,0.28995,0.28995,0.2886,0.28956,30972.5
2026-01-01 21:15:00,0.28964,0.29037,0.28947,0.28976,4399.5
2026-01-01 21:30:00,0.28974,0.29032,0.28943,0.28972,1073.8
2026-01-01 21:45:00,0.28963,0.2907,0.28963,0.2906,2441.1
2026-01-01 22:00:00,0.29064,0.29296,0.29064,0.29252,66966.9
2026-01-01 22:15:00,0.29298,0.29386,0.29298,0.29386,23885.4
2026-01-01 22:30:00,0.29386,0.29456,0.29324,0.29324,2592.8
2026-01-01 22:45:00,0.29384,0.29582,0.29384,0.29582,33466.0
2026-01-01 23:00:00,0.29577,0.29739,0.29535,0.29606,24351.0
2026-01-01 23:15:00,0.29616,0.29675,0.29582,0.29582,13606.8
2026-01-01 23:30:00,0.29582,0.29668,0.29532,0.29631,11207.5
2026-01-01 23:45:00,0.29638,0.2968,0.29581,0.29641,2693.8
2026-01-02 00:00:00,0.297,0.29768,0.2959,0.29673,85963.6
2026-01-02 00:15:00,0.29692,0.29692,0.29578,0.29649,5253.3
2026-01-02 00:30:00,0.29631,0.2965,0.29548,0.29548,1500.6
2026-01-02 00:45:00,0.29618,0.29658,0.29616,0.29658,4988.8
2026-01-02 01:00:00,0.29672,0.29696,0.29583,0.29635,24007.8
2026-01-02 01:15:00,0.29614,0.29857,0.2961,0.29821,5218.4
2026-01-02 01:30:00,0.29752,0.29754,0.2967,0.29719,3880.1
2026-01-02 01:45:00,0.29727,0.29758,0.29637,0.29708,3859.4
2026-01-02 02:00:00,0.29677,0.29772,0.29642,0.29686,9757.1
2026-01-02 02:15:00,0.29691,0.2976,0.29615,0.29659,1798.8
2026-01-02 02:30:00,0.29646,0.29697,0.29627,0.2966,2468.6
2026-01-02 02:45:00,0.29663,0.29744,0.29663,0.29744,4264.7
2026-01-02 03:00:00,0.29735,0.29903,0.29671,0.29903,10597.1
2026-01-02 03:15:00,0.29859,0.29897,0.298,0.29857,29734.6
2026-01-02 03:30:00,0.29878,0.30068,0.29878,0.29978,14347.8
2026-01-02 03:45:00,0.30016,0.30135,0.29872,0.29914,2583.7
2026-01-02 04:00:00,0.29957,0.29977,0.29786,0.29814,11073.6
2026-01-02 04:15:00,0.29804,0.29827,0.29696,0.29719,3007.2
2026-01-02 04:30:00,0.29728,0.2977,0.29659,0.29743,2351.3
2026-01-02 04:45:00,0.29724,0.29833,0.29712,0.29832,3857.6
2026-01-02 05:00:00,0.29835,0.29838,0.29736,0.29736,3286.4
2026-01-02 05:15:00,0.29746,0.29788,0.29687,0.29711,3315.3
2026-01-02 05:30:00,0.29703,0.29766,0.29694,0.29766,2517.3
2026-01-02 05:45:00,0.29751,0.29835,0.2972,0.29827,5664.8
2026-01-02 06:00:00,0.29845,0.29889,0.29813,0.29839,54238.9
2026-01-02 06:15:00,0.2984,0.29869,0.29767,0.298,1999.1
2026-01-02 06:30:00,0.29778,0.29803,0.29753,0.29788,6303.0
2026-01-02 06:45:00,0.2983,0.2983,0.29668,0.29669,2164.2
2026-01-02 07:00:00,0.2967,0.29681,0.29653,0.29653,2484.2
2026-01-02 07:15:00,0.29653,0.29655,0.29498,0.29502,7792.0
2026-01-02 07:30:00,0.29513,0.29513,0.29438,0.29438,2204.0
2026-01-02 07:45:00,0.29481,0.29487,0.29438,0.29438,2882.1
2026-01-02 08:00:00,0.29424,0.29619,0.29409,0.29606,2652.8
2026-01-02 08:15:00,0.29583,0.29583,0.29485,0.29485,2003.5
2026-01-02 08:30:00,0.29483,0.29493,0.29435,0.29435,8915.8
2026-01-02 08:45:00,0.2945,0.2952,0.29446,0.2952,31727.4
2026-01-02 09:00:00,0.29552,0.2962,0.29483,0.29483,7390.2
2026-01-02 09:15:00,0.29511,0.29511,0.29446,0.29446,44805.0
2026-01-02 09:30:00,0.29446,0.29654,0.29442,0.29654,97285.1
2026-01-02 09:45:00,0.29654,0.29944,0.29625,0.29781,23274.9
2026-01-02 10:00:00,0.29816,0.29865,0.29765,0.29817,56184.1
2026-01-02 10:15:00,0.29807,0.29827,0.29729,0.29764,17633.7
2026-01-02 10:30:00,0.29756,0.29778,0.29691,0.29691,5365.9
2026-01-02 10:45:00,0.29697,0.29837,0.29697,0.29815,4059.6
2026-01-02 11:00:00,0.29734,0.29734,0.29623,0.29634,9163.1
2026-01-02 11:15:00,0.29648,0.29733,0.2964,0.29666,35169.6
2026-01-02 11:30:00,0.29704,0.29716,0.29538,0.29598,4231.8
2026-01-02 11:45:00,0.29583,0.29635,0.29536,0.29621,10262.2
2026-01-02 12:00:00,0.29595,0.29633,0.29564,0.29585,37112.1
2026-01-02 12:15:00,0.29577,0.29601,0.2954,0.29566,39982.3
2026-01-02 12:30:00,0.29574,0.30102,0.29566,0.30061,38311.0
2026-01-02 12:45:00,0.30079,0.30099,0.30011,0.30094,2230.9
2026-01-02 13:00:00,0.30066,0.30224,0.30034,0.30076,88227.6
2026-01-02 13:15:00,0.30086,0.30147,0.29992,0.30055,80361.1
2026-01-02 13:30:00,0.30044,0.30084,0.30024,0.30076,33061.4
2026-01-02 13:45:00,0.30069,0.3007,0.29943,0.29943,4964.7
2026-01-02 14:00:00,0.29885,0.30022,0.29777,0.29792,11383.2
2026-01-02 14:15:00,0.29791,0.29793,0.29574,0.29755,50631.4
2026-01-02 14:30:00,0.29763,0.30071,0.29552,0.29887,431438.6
2026-01-02 14:45:00,0.29888,0.30251,0.29696,0.29893,428846.8
2026-01-02 15:00:00,0.29908,0.29984,0.29634,0.29744,465378.9
2026-01-02 15:15:00,0.29711,0.29876,0.29622,0.2983,24624.5
2026-01-02 15:30:00,0.29804,0.3009,0.29804,0.29951,18084.4
2026-01-02 15:45:00,0.29962,0.3001,0.29808,0.29813,6164.9
2026-01-02 16:00:00,0.29865,0.30015,0.29779,0.30015,17295.2
2026-01-02 16:15:00,0.30021,0.30262,0.30021,0.30099,27929.1
2026-01-02 16:30:00,0.30115,0.3043,0.30013,0.30058,53705.8
2026-01-02 16:45:00,0.30083,0.30306,0.30032,0.30306,9296.3
2026-01-02 17:00:00,0.30333,0.30469,0.30262,0.30262,55996.8
2026-01-02 17:15:00,0.30303,0.30349,0.30204,0.30252,12157.1
2026-01-02 17:30:00,0.30197,0.30197,0.30053,0.30117,42472.0
2026-01-02 17:45:00,0.30123,0.30148,0.29977,0.3004,38323.2
2026-01-02 18:00:00,0.30042,0.30182,0.30042,0.30136,25468.8
2026-01-02 18:15:00,0.30137,0.30188,0.30095,0.30102,4826.8
2026-01-02 18:30:00,0.30102,0.30104,0.30014,0.30064,31951.7
2026-01-02 18:45:00,0.30066,0.30139,0.29944,0.30077,23346.1
2026-01-02 19:00:00,0.30106,0.30168,0.30051,0.30168,13178.0
2026-01-02 19:15:00,0.30171,0.30312,0.30171,0.30246,4932.0
2026-01-02 19:30:00,0.30268,0.30337,0.30247,0.30337,87717.4
2026-01-02 19:45:00,0.30344,0.30386,0.30289,0.30373,18193.8
2026-01-02 20:00:00,0.30388,0.3045,0.30355,0.30384,8385.7
2026-01-02 20:15:00,0.30362,0.30362,0.30274,0.30275,34140.9
2026-01-02 20:30:00,0.30274,0.30312,0.30224,0.30312,10493.0
2026-01-02 20:45:00,0.30303,0.30313,0.30201,0.30297,8191.0
2026-01-02 21:00:00,0.30305,0.30306,0.30255,0.30282,8508.0
2026-01-02 21:15:00,0.30275,0.30394,0.30243,0.30394,22848.4
2026-01-02 21:30:00,0.30381,0.30426,0.30341,0.30412,1300.5
2026-01-02 21:45:00,0.30422,0.30467,0.30347,0.3038,7905.1
2026-01-02 22:00:00,0.30368,0.30652,0.30352,0.30402,7923.8
2026-01-02 22:15:00,0.30444,0.30455,0.30383,0.30412,1209.0
2026-01-02 22:30:00,0.30422,0.30482,0.30397,0.30478,2203.0
2026-01-02 22:45:00,0.30481,0.30582,0.30481,0.30514,27530.7
2026-01-02 23:00:00,0.30475,0.3053,0.30475,0.30509,138966.5
2026-01-02 23:15:00,0.30529,0.30601,0.30473,0.30473,129683.8
2026-01-02 23:30:00,0.30496,0.30575,0.30464,0.30559,11685.0
2026-01-02 23:45:00,0.30527,0.30622,0.30507,0.30622,1459.8
2026-01-03 00:00:00,0.3058,0.30604,0.30533,0.30589,102666.5
2026-01-03 00:15:00,0.30557,0.30639,0.30484,0.30564,14806.5
2026-01-03 00:30:00,0.30558,0.30586,0.30507,0.30574,6253.6
2026-01-03 00:45:00,0.30585,0.30592,0.30433,0.30433,1678.0
2026-01-03 01:00:00,0.3041,0.30529,0.30346,0.30517,2551.2
2026-01-03 01:15:00,0.30517,0.30528,0.30409,0.30477,9589.2
2026-01-03 01:30:00,0.30475,0.30535,0.30464,0.30525,2871.1
2026-01-03 01:45:00,0.30525,0.30548,0.30489,0.30548,1668.9
2026-01-03 02:00:00,0.30525,0.30567,0.30443,0.30567,3165.1
2026-01-03 02:15:00,0.30598,0.30689,0.30595,0.30642,9901.4
2026-01-03 02:30:00,0.30625,0.30703,0.30625,0.30693,22542.8
2026-01-03 02:45:00,0.30703,0.30818,0.30691,0.30753,9711.1
2026-01-03 03:00:00,0.30689,0.30719,0.30618,0.30619,6484.1
2026-01-03 03:15:00,0.30601,0.30601,0.30509,0.30521,4558.1
2026-01-03 03:30:00,0.30504,0.30741,0.30479,0.30722,18897.1
2026-01-03 03:45:00,0.30703,0.30816,0.30672,0.30778,19561.1
2026-01-03 04:00:00,0.3078,0.3078,0.30604,0.30627,31829.8
2026-01-03 04:15:00,0.30605,0.30638,0.30591,0.30632,4239.8
2026-01-03 04:30:00,0.30631,0.30672,0.30631,0.30662,3311.8
2026-01-03 04:45:00,0.30666,0.30689,0.30626,0.30662,3241.0
2026-01-03 05:00:00,0.307,0.30803,0.307,0.308,2461.0
2026-01-03 05:15:00,0.30762,0.30776,0.30731,0.3074,9896.2
2026-01-03 05:30:00,0.30738,0.30788,0.30619,0.30647,5748.3
2026-01-03 05:45:00,0.30644,0.30809,0.30644,0.30808,6307.0
2026-01-03 06:00:00,0.30797,0.30912,0.30792,0.30881,11706.8
2026-01-03 06:15:00,0.3086,0.30896,0.30723,0.30743,24217.8
2026-01-03 06:30:00,0.30765,0.30813,0.30535,0.30535,4813.2
2026-01-03 06:45:00,0.30593,0.30593,0.3045,0.30504,24501.8
2026-01-03 07:00:00,0.30507,0.30568,0.30316,0.30316,43228.2
2026-01-03 07:15:00,0.30344,0.30387,0.30061,0.30123,344171.9
2026-01-03 07:30:00,0.30114,0.30367,0.30086,0.30277,15556.2
2026-01-03 07:45:00,0.30254,0.30278,0.30162,0.30183,18793.9
2026-01-03 08:00:00,0.30186,0.30274,0.30094,0.3018,13852.5
2026-01-03 08:15:00,0.30168,0.30356,0.30156,0.30356,20498.9
2026-01-03 08:30:00,0.30331,0.30553,0.30314,0.30538,28213.1
2026-01-03 08:45:00,0.30533,0.306,0.305,0.3058,63934.9
2026-01-03 09:00:00,0.3062,0.3069,0.3041,0.30447,27957.7
2026-01-03 09:15:00,0.30427,0.30484,0.30355,0.30427,2672.7
2026-01-03 09:30:00,0.30418,0.30484,0.30355,0.30404,17522.3
2026-01-03 09:45:00,0.30435,0.30438,0.30248,0.30248,1576.1
2026-01-03 10:00:00,0.30261,0.30268,0.30213,0.30224,4944.1
2026-01-03 10:15:00,0.3024,0.30269,0.30216,0.30234,1992.3
2026-01-03 10:30:00,0.30259,0.30297,0.30201,0.3026,8010.7
2026-01-03 10:45:00,0.30263,0.30263,0.30197,0.30197,11155.4
2026-01-03 11:00:00,0.30206,0.30219,0.30142,0.30182,8849.3
2026-01-03 11:15:00,0.30204,0.30253,0.30186,0.30207,6718.3
2026-01-03 11:30:00,0.30216,0.30233,0.30187,0.30233,10163.4
2026-01-03 11:45:00,0.30242,0.30271,0.30212,0.30271,12713.5
2026-01-03 12:00:00,0.30311,0.30317,0.30221,0.30287,5445.2
2026-01-03 12:15:00,0.30296,0.3045,0.30296,0.3045,2323.9
2026-01-03 12:30:00,0.30445,0.30481,0.30403,0.30481,4427.2
2026-01-03 12:45:00,0.30492,0.30589,0.30475,0.30502,9044.4
2026-01-03 13:00:00,0.30486,0.30552,0.3047,0.30548,1299.0
2026-01-03 13:15:00,0.30526,0.30626,0.30517,0.30556,4163.3
2026-01-03 13:30:00,0.30543,0.30614,0.30532,0.30564,5300.6
2026-01-03 13:45:00,0.30561,0.30683,0.30561,0.30671,4601.1
2026-01-03 14:00:00,0.30703,0.30717,0.30628,0.30645,10412.4
2026-01-03 14:15:00,0.30644,0.30702,0.30605,0.30691,2280.5
2026-01-03 14:30:00,0.30701,0.30823,0.30701,0.30785,4184.0
2026-01-03 14:45:00,0.30771,0.30771,0.30659,0.30699,1688.7
2026-01-03 15:00:00,0.30723,0.30724,0.30621,0.30651,1344.6
2026-01-03 15:15:00,0.30641,0.30683,0.30599,0.30634,2978.7
2026-01-03 15:30:00,0.3064,0.30661,0.30591,0.3061,53498.7
2026-01-03 15:45:00,0.30625,0.30656,0.30556,0.30559,8452.0
2026-01-03 16:00:00,0.30663,0.30785,0.30599,0.30741,4201.5
2026-01-03 16:15:00,0.30736,0.30944,0.30736,0.30944,28597.7
2026-01-03 16:30:00,0.30946,0.31102,0.30896,0.31026,355992.2
2026-01-03 16:45:00,0.31045,0.31114,0.3099,0.31024,13578.1
2026-01-03 17:00:00,0.31036,0.31036,0.30876,0.30907,34771.4
2026-01-03 17:15:00,0.30934,0.30992,0.30925,0.30949,1505.1
2026-01-03 17:30:00,0.30955,0.31074,0.30955,0.31043,5638.6
2026-01-03 17:45:00,0.31016,0.31016,0.30939,0.3094,5261.5
2026-01-03 18:00:00,0.30907,0.30923,0.308,0.30859,9021.9
2026-01-03 18:15:00,0.30874,0.30975,0.30861,0.30954,1844.0
2026-01-03 18:30:00,0.30955,0.31013,0.30895,0.30925,1460.1
2026-01-03 18:45:00,0.30934,0.30985,0.30893,0.30951,1814.2
2026-01-03 19:00:00,0.30934,0.30937,0.30858,0.30914,11412.8
2026-01-03 19:15:00,0.3095,0.30975,0.30896,0.30898,7305.0
2026-01-03 19:30:00,0.30925,0.30927,0.30883,0.30883,1001.7
2026-01-03 19:45:00,0.309,0.30931,0.30851,0.30931,1734.2
2026-01-03 20:00:00,0.30974,0.30974,0.30726,0.30785,2128.1
2026-01-03 20:15:00,0.30815,0.30937,0.30815,0.30937,33738.3
2026-01-03 20:30:00,0.3092,0.30955,0.30895,0.30931,20866.9
2026-01-03 20:45:00,0.30912,0.30914,0.30822,0.30822,1663.3
2026-01-03 21:00:00,0.30828,0.30828,0.30776,0.3078,1860.0
2026-01-03 21:15:00,0.30815,0.30956,0.30815,0.30906,1485.2
2026-01-03 21:30:00,0.30895,0.30986,0.30843,0.30844,1810.1
2026-01-03 21:45:00,0.30843,0.30901,0.30827,0.30892,3958.9
2026-01-03 22:00:00,0.30845,0.30883,0.30806,0.30806,3147.9
2026-01-03 22:15:00,0.30853,0.30972,0.30853,0.30914,14478.8
2026-01-03 22:30:00,0.30924,0.31197,0.30924,0.31108,120693.7
2026-01-03 22:45:00,0.31107,0.31162,0.31091,0.31162,141262.1
2026-01-03 23:00:00,0.31115,0.31115,0.3098,0.31014,11308.8
2026-01-03 23:15:00,0.3102,0.31153,0.31018,0.31132,5485.3
2026-01-03 23:30:00,0.31131,0.31141,0.31028,0.3105,2542.4
2026-01-03 23:45:00,0.31048,0.31062,0.31009,0.31046,2404.9
2026-01-04 00:00:00,0.31046,0.31363,0.30965,0.31235,201259.8
2026-01-04 00:15:00,0.31231,0.31251,0.31068,0.31068,9843.7
2026-01-04 00:30:00,0.3107,0.31214,0.3107,0.31152,7476.1
2026-01-04 00:45:00,0.31072,0.31272,0.31072,0.31219,4700.4
2026-01-04 01:00:00,0.31206,0.31223,0.31107,0.31125,9549.6
2026-01-04 01:15:00,0.31117,0.31141,0.3104,0.31125,8710.9
2026-01-04 01:30:00,0.31117,0.31255,0.31051,0.31192,6932.7
2026-01-04 01:45:00,0.31234,0.31257,0.31187,0.31222,2576.7
2026-01-04 02:00:00,0.31253,0.31298,0.31251,0.31279,2323.9
2026-01-04 02:15:00,0.31265,0.3144,0.31263,0.31381,5499.1
2026-01-04 02:30:00,0.31348,0.31399,0.31248,0.3126,9413.1
2026-01-04 02:45:00,0.31264,0.31307,0.31196,0.31307,11430.0
2026-01-04 03:00:00,0.31327,0.31572,0.31321,0.31543,13832.0
2026-01-04 03:15:00,0.31485,0.31549,0.31427,0.31467,3500.7
2026-01-04 03:30:00,0.31474,0.31545,0.31474,0.31494,3843.9
2026-01-04 03:45:00,0.31506,0.31552,0.31463,0.31484,10124.4
2026-01-04 04:00:00,0.31448,0.31512,0.31426,0.31506,9554.6
2026-01-04 04:15:00,0.31559,0.31562,0.31453,0.31504,5620.2
2026-01-04 04:30:00,0.31456,0.31456,0.31372,0.31383,1940.6
2026-01-04 04:45:00,0.31373,0.31418,0.31263,0.31292,2745.0
2026-01-04 05:00:00,0.31304,0.31353,0.31274,0.31321,9690.2
2026-01-04 05:15:00,0.31314,0.31413,0.31314,0.31384,21573.7
2026-01-04 05:30:00,0.31381,0.31414,0.31292,0.31347,6184.0
2026-01-04 05:45:00,0.31339,0.3159,0.31339,0.31581,2266.7
2026-01-04 06:00:00,0.31615,0.31643,0.31532,0.31549,2579.7
2026-01-04 06:15:00,0.31531,0.31644,0.31491,0.31501,3103.4
2026-01-04 06:30:00,0.31521,0.31592,0.31313,0.31321,36367.4
2026-01-04 06:45:00,0.31364,0.31401,0.31259,0.31321,17910.5
2026-01-04 07:00:00,0.3132,0.31412,0.31299,0.31372,10583.5
2026-01-04 07:15:00,0.31342,0.31352,0.31218,0.3126,7666.1
2026-01-04 07:30:00,0.31248,0.31488,0.31227,0.31488,248846.1
2026-01-04 07:45:00,0.31495,0.31547,0.31435,0.31435,3287.6
2026-01-04 08:00:00,0.31443,0.31443,0.31205,0.31334,5275.3
2026-01-04 08:15:00,0.31359,0.31429,0.3128,0.3131,7814.8
2026-01-04 08:30:00,0.31321,0.31473,0.31321,0.3144,5232.2
2026-01-04 08:45:00,0.31466,0.31498,0.31434,0.31438,61781.2
2026-01-04 09:00:00,0.31464,0.31464,0.3137,0.31415,12496.4
2026-01-04 09:15:00,0.31435,0.3168,0.3143,0.31544,2807.7
2026-01-04 09:30:00,0.31621,0.31747,0.31582,0.31582,23563.3
2026-01-04 09:45:00,0.31572,0.3166,0.31551,0.31589,11413.6
2026-01-04 10:00:00,0.31611,0.31685,0.31547,0.31654,6618.5
2026-01-04 10:15:00,0.31633,0.31644,0.31486,0.31521,6827.5
2026-01-04 10:30:00,0.31471,0.31563,0.314,0.31442,31770.8
2026-01-04 10:45:00,0.31452,0.31482,0.31392,0.31443,1311.7
2026-01-04 11:00:00,0.31437,0.31504,0.31348,0.31502,11818.7
2026-01-04 11:15:00,0.31396,0.31515,0.31396,0.31488,1065.3
2026-01-04 11:30:00,0.31521,0.31673,0.31521,0.31611,24294.6
2026-01-04 11:45:00,0.31624,0.31646,0.3156,0.3162,9961.0
2026-01-04 12:00:00,0.31659,0.31827,0.31607,0.31807,13392.9
2026-01-04 12:15:00,0.31807,0.31957,0.31785,0.31885,56311.8
2026-01-04 12:30:00,0.31896,0.31951,0.31717,0.31741,15376.2
2026-01-04 12:45:00,0.31734,0.31762,0.31654,0.31709,1612.1
2026-01-04 13:00:00,0.31644,0.3175,0.31598,0.31726,1399.5
2026-01-04 13:15:00,0.31706,0.31706,0.31553,0.31654,25485.9
2026-01-04 13:30:00,0.31652,0.31821,0.31652,0.31813,3819.8
2026-01-04 13:45:00,0.31793,0.31914,0.31743,0.319,3200.1
2026-01-04 14:00:00,0.31921,0.31921,0.31813,0.31904,3897.2
2026-01-04 14:15:00,0.31914,0.31953,0.31783,0.31802,3041.5
2026-01-04 14:30:00,0.31803,0.31966,0.31772,0.31883,23675.2
2026-01-04 14:45:00,0.31859,0.32014,0.31814,0.32013,12134.9
2026-01-04 15:00:00,0.31979,0.32172,0.31957,0.32172,35626.0
2026-01-04 15:15:00,0.32117,0.32117,0.31966,0.32007,29578.2
2026-01-04 15:30:00,0.32036,0.32115,0.31915,0.32002,47105.7
2026-01-04 15:45:00,0.31995,0.32057,0.31884,0.32026,36249.4
2026-01-04 16:00:00,0.32052,0.32221,0.32048,0.32209,24644.7
2026-01-04 16:15:00,0.32222,0.324,0.32155,0.32283,51895.1
2026-01-04 16:30:00,0.32276,0.32441,0.32266,0.32392,24295.2
2026-01-04 16:45:00,0.32413,0.32477,0.32406,0.32406,17336.9
2026-01-04 17:00:00,0.32425,0.32455,0.32346,0.32346,2848.9
2026-01-04 17:15:00,0.3237,0.3238,0.32202,0.32202,16254.1
2026-01-04 17:30:00,0.32272,0.32328,0.3219,0.32229,1489.0
2026-01-04 17:45:00,0.3223,0.32395,0.3223,0.32317,6648.6
2026-01-04 18:00:00,0.32312,0.32371,0.32275,0.32312,4079.9
2026-01-04 18:15:00,0.32313,0.32323,0.32129,0.32143,16714.3
2026-01-04 18:30:00,0.32138,0.3216,0.32001,0.32117,5623.2
2026-01-04 18:45:00,0.32096,0.32134,0.32005,0.32117,9658.4
2026-01-04 19:00:00,0.32091,0.32091,0.3158,0.3158,21552.6
2026-01-04 19:15:00,0.31592,0.31751,0.31592,0.31677,3890.9
2026-01-04 19:30:00,0.31687,0.31776,0.31656,0.31677,4713.7
2026-01-04 19:45:00,0.31681,0.3182,0.31681,0.3182,2446.9
2026-01-04 20:00:00,0.31809,0.31872,0.31749,0.31827,3817.8
2026-01-04 20:15:00,0.31817,0.31847,0.31746,0.31838,4570.5
2026-01-04 20:30:00,0.31798,0.31827,0.31767,0.31804,1853.8
2026-01-04 20:45:00,0.31796,0.31825,0.31712,0.31729,1497.8
2026-01-04 21:00:00,0.31709,0.3197,0.31668,0.31938,5057.0
2026-01-04 21:15:00,0.31947,0.32004,0.31926,0.31926,4807.7
2026-01-04 21:30:00,0.31872,0.31872,0.31656,0.3167,3353.1
2026-01-04 21:45:00,0.31733,0.31816,0.31681,0.31816,2939.0
2026-01-04 22:00:00,0.3183,0.31985,0.3178,0.31798,5718.6
2026-01-04 22:15:00,0.31755,0.31896,0.31755,0.31867,2069.5
2026-01-04 22:30:00,0.31866,0.31866,0.31778,0.31779,2406.9
2026-01-04 22:45:00,0.3179,0.31855,0.31776,0.31845,2549.6
2026-01-04 23:00:00,0.31865,0.32073,0.31865,0.31899,36444.1
2026-01-04 23:15:00,0.31893,0.32073,0.31893,0.31925,6633.3
2026-01-04 23:30:00,0.31933,0.31949,0.31888,0.31888,3502.6
2026-01-04 23:45:00,0.31861,0.31957,0.31793,0.31946,4977.6
2026-01-05 00:00:00,0.31945,0.32162,0.31844,0.31917,47263.3
2026-01-05 00:15:00,0.3197,0.31975,0.31715,0.31835,4821.1
2026-01-05 00:30:00,0.31803,0.31908,0.31716,0.3188,117792.8
2026-01-05 00:45:00,0.31966,0.32156,0.31906,0.32015,5512.5
2026-01-05 01:00:00,0.32026,0.32247,0.31969,0.32152,17716.5
2026-01-05 01:15:00,0.32182,0.32188,0.31986,0.32102,21642.2
2026-01-05 01:30:00,0.32079,0.32333,0.32064,0.32221,20172.0
2026-01-05 01:45:00,0.32206,0.32326,0.32165,0.32176,17436.7
2026-01-05 02:00:00,0.32232,0.32272,0.32011,0.3203,18372.5
2026-01-05 02:15:00,0.3206,0.32166,0.3189,0.31906,25396.5
2026-01-05 02:30:00,0.31858,0.32035,0.31853,0.32035,1849.8
2026-01-05 02:45:00,0.32042,0.32162,0.32032,0.32162,2480.2
2026-01-05 03:00:00,0.32179,0.3218,0.31984,0.32007,1394.1
2026-01-05 03:15:00,0.31997,0.32029,0.31931,0.31931,1451.9
2026-01-05 03:30:00,0.31971,0.32044,0.3196,0.31969,6163.8
2026-01-05 03:45:00,0.32009,0.32054,0.31989,0.31993,1124.4
2026-01-05 04:00:00,0.32,0.32075,0.31843,0.31843,8544.7
2026-01-05 04:15:00,0.31873,0.31913,0.31583,0.31585,8374.6
2026-01-05 04:30:00,0.31593,0.31593,0.31381,0.31544,23015.3
2026-01-05 04:45:00,0.31574,0.31647,0.3156,0.31638,20529.7
2026-01-05 05:00:00,0.31594,0.31643,0.31535,0.3161,18085.0
2026-01-05 05:15:00,0.31629,0.3178,0.31629,0.31741,11736.8
2026-01-05 05:30:00,0.31747,0.31873,0.3174,0.31837,81516.9
2026-01-05 05:45:00,0.31831,0.31831,0.31644,0.31644,2055.0
2026-01-05 06:00:00,0.3166,0.31669,0.31604,0.31604,6177.5
2026-01-05 06:15:00,0.31609,0.31684,0.31462,0.31492,59927.1
2026-01-05 06:30:00,0.31456,0.3155,0.31372,0.3155,5258.8
2026-01-05 06:45:00,0.31568,0.31661,0.31541,0.31617,5772.0
2026-01-05 07:00:00,0.31582,0.31699,0.31543,0.3168,1603.6
2026-01-05 07:15:00,0.31715,0.31791,0.31688,0.31789,5036.7
2026-01-05 07:30:00,0.31823,0.31983,0.31821,0.31977,26016.1
2026-01-05 07:45:00,0.31975,0.31975,0.31858,0.31867,14878.7
2026-01-05 08:00:00,0.31863,0.31913,0.31838,0.31877,3997.2
2026-01-05 08:15:00,0.31859,0.31892,0.3174,0.31741,9195.6
2026-01-05 08:30:00,0.3174,0.3176,0.31547,0.31564,58189.6
2026-01-05 08:45:00,0.31599,0.31648,0.3157,0.3157,2211.5
2026-01-05 09:00:00,0.31561,0.31565,0.31272,0.31324,21631.5
2026-01-05 09:15:00,0.31326,0.3143,0.31326,0.3141,3909.0
2026-01-05 09:30:00,0.3141,0.315,0.31362,0.31448,4486.1
2026-01-05 09:45:00,0.3144,0.31469,0.31356,0.31393,14754.1
2026-01-05 10:00:00,0.31432,0.31583,0.31432,0.31553,16727.1
2026-01-05 10:15:00,0.31533,0.3157,0.31478,0.31478,2034.3
2026-01-05 10:30:00,0.3143,0.3143,0.31242,0.31326,3906.7
2026-01-05 10:45:00,0.31347,0.31429,0.31347,0.3139,46340.6
2026-01-05 11:00:00,0.31383,0.31415,0.31326,0.31326,2137.4
2026-01-05 11:15:00,0.31331,0.31438,0.31324,0.31355,1314.2
2026-01-05 11:30:00,0.31366,0.31388,0.31299,0.31359,1999.3
2026-01-05 11:45:00,0.31378,0.31496,0.31369,0.31496,1348.3
2026-01-05 12:00:00,0.31485,0.31505,0.3142,0.31493,3726.8
2026-01-05 12:15:00,0.3149,0.31491,0.31376,0.31434,9991.4
2026-01-05 12:30:00,0.31431,0.31552,0.31422,0.31518,8719.3
2026-01-05 12:45:00,0.31551,0.31711,0.31551,0.3163,19392.2
2026-01-05 13:00:00,0.31625,0.31627,0.31535,0.31578,1864.0
2026-01-05 13:15:00,0.31594,0.31643,0.3152,0.31611,4347.1
2026-01-05 13:30:00,0.31554,0.31554,0.31369,0.3141,9975.8
2026-01-05 13:45:00,0.31429,0.31519,0.3138,0.31517,3174.5
2026-01-05 14:00:00,0.31536,0.31584,0.31423,0.31483,2492.9
2026-01-05 14:15:00,0.3146,0.31635,0.31459,0.31562,10042.5
2026-01-05 14:30:00,0.31644,0.31931,0.31462,0.31864,14124.8
2026-01-05 14:45:00,0.31837,0.32025,0.31676,0.31895,13833.9
2026-01-05 15:00:00,0.31895,0.31979,0.31648,0.31697,73389.4
2026-01-05 15:15:00,0.31777,0.31967,0.31751,0.31826,1252.1
2026-01-05 15:30:00,0.31868,0.3238,0.31868,0.32265,48456.4
2026-01-05 15:45:00,0.3231,0.32352,0.32205,0.3229,9496.5
2026-01-05 16:00:00,0.32328,0.32414,0.32259,0.32372,7877.0
2026-01-05 16:15:00,0.32323,0.32373,0.32175,0.32315,17583.4
2026-01-05 16:30:00,0.32209,0.32347,0.32186,0.32268,49846.5
2026-01-05 16:45:00,0.32214,0.32323,0.32193,0.32244,34239.1
2026-01-05 17:00:00,0.32217,0.32318,0.32192,0.32241,1654.7
2026-01-05 17:15:00,0.32259,0.32259,0.31798,0.31825,24978.2
2026-01-05 17:30:00,0.31921,0.32205,0.31921,0.32195,4185.8
2026-01-05 17:45:00,0.32222,0.32644,0.32222,0.32511,67248.7
2026-01-05 18:00:00,0.32521,0.32526,0.3241,0.32498,4834.2
2026-01-05 18:15:00,0.32515,0.3267,0.32451,0.3267,15803.7
2026-01-05 18:30:00,0.32597,0.32732,0.32569,0.32695,62095.4
2026-01-05 18:45:00,0.32711,0.32909,0.32692,0.3286,43539.9
2026-01-05 19:00:00,0.32796,0.32856,0.32778,0.32798,11907.6
2026-01-05 19:15:00,0.32729,0.32744,0.32676,0.32744,5223.8
2026-01-05 19:30:00,0.32766,0.32877,0.32663,0.32673,3269.3
2026-01-05 19:45:00,0.32656,0.32664,0.32551,0.3257,11892.1
2026-01-05 20:00:00,0.3259,0.32838,0.3259,0.32798,7605.5
2026-01-05 20:15:00,0.32808,0.33123,0.32803,0.33123,31830.9
2026-01-05 20:30:00,0.33058,0.33058,0.32728,0.32817,14246.6
2026-01-05 20:45:00,0.32835,0.3284,0.32656,0.32773,19164.3
2026-01-05 21:00:00,0.32766,0.32861,0.32739,0.32759,3086.3
2026-01-05 21:15:00,0.32779,0.32908,0.32769,0.32779,5191.4
2026-01-05 21:30:00,0.3276,0.32838,0.32717,0.32837,1473.4
2026-01-05 21:45:00,0.32818,0.32819,0.32766,0.32784,1068.7
2026-01-05 22:00:00,0.32799,0.32932,0.3276,0.32932,9498.5
2026-01-05 22:15:00,0.32981,0.33142,0.32981,0.3308,25983.0
2026-01-05 22:30:00,0.33096,0.33365,0.33096,0.33337,26200.9
2026-01-05 22:45:00,0.3335,0.33392,0.33119,0.33254,39467.3
2026-01-05 23:00:00,0.33194,0.33264,0.3299,0.3299,4046.2
2026-01-05 23:15:00,0.33072,0.3309,0.32883,0.32938,4154.3
2026-01-05 23:30:00,0.32989,0.33006,0.32891,0.33006,1497.7
2026-01-05 23:45:00,0.32961,0.33001,0.3293,0.32939,11515.7
2026-01-06 00:00:00,0.3293,0.33076,0.32863,0.32908,54585.6
2026-01-06 00:15:00,0.32925,0.32983,0.32845,0.32947,35451.6
2026-01-06 00:30:00,0.32881,0.32881,0.3253,0.32617,27838.8
2026-01-06 00:45:00,0.32673,0.32923,0.32622,0.32923,6313.1
2026-01-06 01:00:00,0.32923,0.33177,0.32895,0.32993,31696.7
2026-01-06 01:15:00,0.33053,0.33234,0.32971,0.33234,13258.3
2026-01-06 01:30:00,0.33216,0.33216,0.32987,0.32987,11161.6
2026-01-06 01:45:00,0.32984,0.32984,0.32729,0.32737,3015.3
2026-01-06 02:00:00,0.3276,0.3284,0.32732,0.32834,10897.1
2026-01-06 02:15:00,0.32774,0.32919,0.32774,0.32863,1195.2
2026-01-06 02:30:00,0.32931,0.32931,0.32717,0.32768,2630.1
2026-01-06 02:45:00,0.32778,0.32778,0.32685,0.32752,947.0
2026-01-06 03:00:00,0.32723,0.33028,0.32711,0.32909,31605.7
2026-01-06 03:15:00,0.3294,0.32999,0.32882,0.32928,3152.1
2026-01-06 03:30:00,0.32961,0.3322,0.32961,0.33111,7039.1
2026-01-06 03:45:00,0.33139,0.3319,0.32995,0.33043,26403.2
2026-01-06 04:00:00,0.33022,0.33052,0.32932,0.3303,1649.6
2026-01-06 04:15:00,0.33068,0.33099,0.33024,0.33062,5484.9
2026-01-06 04:30:00,0.33058,0.33142,0.33031,0.33031,2706.6
2026-01-06 04:45:00,0.33022,0.33086,0.32976,0.32976,1340.2
2026-01-06 05:00:00,0.33021,0.33054,0.32963,0.33042,4819.5
2026-01-06 05:15:00,0.33057,0.33057,0.3286,0.32889,1472.1
2026-01-06 05:30:00,0.32931,0.32972,0.32832,0.3288,31927.5
2026-01-06 05:45:00,0.3285,0.32886,0.32777,0.3283,16445.4
2026-01-06 06:00:00,0.32803,0.32892,0.32803,0.32831,3080.4
2026-01-06 06:15:00,0.32801,0.32802,0.32667,0.32756,4546.9
2026-01-06 06:30:00,0.32786,0.33016,0.32786,0.33016,4683.7
2026-01-06 06:45:00,0.33002,0.33039,0.32857,0.3286,4030.6
2026-01-06 07:00:00,0.32866,0.32869,0.32739,0.32751,8679.4
2026-01-06 07:15:00,0.32761,0.32841,0.32618,0.32648,3681.6
2026-01-06 07:30:00,0.32688,0.327,0.32523,0.32595,6256.0
2026-01-06 07:45:00,0.3261,0.32619,0.32475,0.32566,13446.2
2026-01-06 08:00:00,0.32598,0.32862,0.32598,0.32752,8293.2
2026-01-06 08:15:00,0.32769,0.32811,0.32661,0.32661,2713.1
2026-01-06 08:30:00,0.32707,0.32707,0.32613,0.32642,67732.2
2026-01-06 08:45:00,0.3265,0.32691,0.32614,0.32651,1849.5
2026-01-06 09:00:00,0.32625,0.32829,0.32598,0.32778,13138.3
2026-01-06 09:15:00,0.3277,0.32893,0.3277,0.32818,1475.2
2026-01-06 09:30:00,0.32829,0.32923,0.3281,0.32923,1616.9
2026-01-06 09:45:00,0.3288,0.32931,0.32863,0.32875,1584.9
2026-01-06 10:00:00,0.32869,0.32931,0.32796,0.32904,1703.2
2026-01-06 10:15:00,0.32905,0.32955,0.32818,0.32945,7501.3
2026-01-06 10:30:00,0.3294,0.32976,0.32906,0.32973,1332.9
2026-01-06 10:45:00,0.32974,0.32976,0.3288,0.32894,3512.7
2026-01-06 11:00:00,0.32879,0.33083,0.32875,0.33042,31660.0
2026-01-06 11:15:00,0.33045,0.33176,0.32987,0.3314,3759.4
2026-01-06 11:30:00,0.33113,0.33183,0.33113,0.33174,1363.4
2026-01-06 11:45:00,0.33196,0.3322,0.33095,0.33155,4404.8
2026-01-06 12:00:00,0.33155,0.33248,0.33109,0.33248,15443.0
2026-01-06 12:15:00,0.33254,0.33408,0.33254,0.33341,5205.0
2026-01-06 12:30:00,0.3336,0.33387,0.33329,0.3336,1510.6
2026-01-06 12:45:00,0.3337,0.33487,0.33329,0.33479,7326.3
2026-01-06 13:00:00,0.33425,0.33468,0.33373,0.33465,6974.9
2026-01-06 13:15:00,0.33462,0.33543,0.33422,0.3354,15772.2
2026-01-06 13:30:00,0.33549,0.33599,0.3345,0.33525,25127.1
2026-01-06 13:45:00,0.33524,0.33524,0.33362,0.33362,9601.6
2026-01-06 14:00:00,0.33367,0.33803,0.33321,0.33688,10824.0
2026-01-06 14:15:00,0.33732,0.34033,0.33732,0.34029,14851.1
2026-01-06 14:30:00,0.33935,0.33955,0.33596,0.33599,23473.4
2026-01-06 14:45:00,0.33576,0.3361,0.33056,0.33237,20866.9
2026-01-06 15:00:00,0.33218,0.33431,0.33204,0.33268,9056.5
2026-01-06 15:15:00,0.33346,0.33498,0.33346,0.33416,5414.8
2026-01-06 15:30:00,0.33436,0.33436,0.32684,0.3277,66614.7
2026-01-06 15:45:00,0.32729,0.32849,0.32625,0.32838,5218.9
2026-01-06 16:00:00,0.32835,0.32886,0.32336,0.32594,57433.8
2026-01-06 16:15:00,0.32648,0.32687,0.32242,0.3228,91985.3
2026-01-06 16:30:00,0.32309,0.32395,0.32049,0.32152,168498.2
2026-01-06 16:45:00,0.32089,0.32327,0.31965,0.32257,105609.3
2026-01-06 17:00:00,0.32247,0.32372,0.32167,0.32256,34687.3
2026-01-06 17:15:00,0.32267,0.32331,0.32107,0.32293,12169.1
2026-01-06 17:30:00,0.3231,0.32393,0.32077,0.32096,123279.1
2026-01-06 17:45:00,0.32073,0.32095,0.31458,0.31511,79119.6
2026-01-06 18:00:00,0.31479,0.31872,0.31387,0.31829,24413.0
2026-01-06 18:15:00,0.31827,0.31899,0.31782,0.3183,91780.7
2026-01-06 18:30:00,0.3181,0.31928,0.31783,0.31926,5759.0
2026-01-06 18:45:00,0.31947,0.3203,0.31917,0.31943,46799.6
2026-01-06 19:00:00,0.31951,0.32063,0.31845,0.32063,77948.9
2026-01-06 19:15:00,0.32064,0.32064,0.31942,0.31989,3595.4
2026-01-06 19:30:00,0.32025,0.32059,0.31883,0.31896,1446.9
2026-01-06 19:45:00,0.3192,0.31966,0.31845,0.31907,5898.7
2026-01-06 20:00:00,0.31932,0.32157,0.31932,0.32145,18585.4
2026-01-06 20:15:00,0.32157,0.32339,0.32135,0.32292,352019.8
2026-01-06 20:30:00,0.32289,0.32475,0.32288,0.32438,32802.2
2026-01-06 20:45:00,0.32467,0.32496,0.32404,0.32434,22843.6
2026-01-06 21:00:00,0.32442,0.3266,0.32325,0.3266,20225.6
2026-01-06 21:15:00,0.3267,0.33269,0.3267,0.33069,45180.8
2026-01-06 21:30:00,0.33117,0.33302,0.33036,0.33148,27885.8
2026-01-06 21:45:00,0.33151,0.33151,0.32981,0.3312,26705.6
2026-01-06 22:00:00,0.33117,0.33199,0.33026,0.33042,30302.2
2026-01-06 22:15:00,0.33077,0.33077,0.3283,0.32901,6049.6
2026-01-06 22:30:00,0.32884,0.32884,0.32773,0.32838,13128.0
2026-01-06 22:45:00,0.32837,0.32976,0.32825,0.32864,23884.5
2026-01-06 23:00:00,0.32886,0.33036,0.3286,0.33018,6585.0
2026-01-06 23:15:00,0.33025,0.33025,0.32877,0.32966,6864.8
2026-01-06 23:30:00,0.32966,0.33146,0.32946,0.33048,17500.6
2026-01-06 23:45:00,0.33036,0.33177,0.32993,0.33122,125317.8
2026-01-07 00:00:00,0.33123,0.33178,0.33007,0.33007,51943.3
2026-01-07 00:15:00,0.3301,0.33049,0.32839,0.32866,11324.2
2026-01-07 00:30:00,0.32878,0.32879,0.3267,0.32698,9678.4
2026-01-07 00:45:00,0.32675,0.32694,0.3245,0.3245,35266.2
2026-01-07 01:00:00,0.32457,0.32601,0.32426,0.32493,9305.1
2026-01-07 01:15:00,0.32456,0.32523,0.32256,0.32486,6345.2
2026-01-07 01:30:00,0.32455,0.32455,0.32312,0.32332,1849.7
2026-01-07 01:45:00,0.32334,0.32342,0.32238,0.32279,3471.4
2026-01-07 02:00:00,0.32285,0.32395,0.32222,0.32327,3553.2
2026-01-07 02:15:00,0.32307,0.32326,0.32218,0.32315,39287.0
2026-01-07 02:30:00,0.32244,0.32442,0.32234,0.3243,2015.5
2026-01-07 02:45:00,0.3243,0.32536,0.3243,0.32474,5213.6
2026-01-07 03:00:00,0.32544,0.32544,0.32442,0.32528,2799.3
2026-01-07 03:15:00,0.32491,0.3258,0.3249,0.32526,1813.5
2026-01-07 03:30:00,0.32505,0.32505,0.32313,0.32319,4270.3
2026-01-07 03:45:00,0.32329,0.3236,0.32329,0.32348,2589.7
2026-01-07 04:00:00,0.32366,0.32485,0.3236,0.32426,4130.6
2026-01-07 04:15:00,0.32418,0.32457,0.3239,0.3243,3198.4
2026-01-07 04:30:00,0.32435,0.32436,0.32294,0.32423,2519.1
2026-01-07 04:45:00,0.32404,0.32404,0.32304,0.32326,1298.6
2026-01-07 05:00:00,0.3233,0.32369,0.32319,0.32358,4626.4
2026-01-07 05:15:00,0.32379,0.32446,0.32339,0.32368,11319.6
2026-01-07 05:30:00,0.324,0.3261,0.324,0.3252,14672.1
2026-01-07 05:45:00,0.32458,0.32458,0.32369,0.32382,1785.3
2026-01-07 06:00:00,0.32393,0.32472,0.3235,0.32397,78195.5
2026-01-07 06:15:00,0.3241,0.32478,0.32405,0.32451,74702.5
2026-01-07 06:30:00,0.32461,0.32461,0.32312,0.32331,5302.3
2026-01-07 06:45:00,0.32331,0.32363,0.32306,0.32324,32681.4
2026-01-07 07:00:00,0.32334,0.32448,0.32334,0.32448,35562.8
2026-01-07 07:15:00,0.32455,0.32717,0.32455,0.32717,4596.5
2026-01-07 07:30:00,0.3271,0.32879,0.32686,0.32877,9901.3
2026-01-07 07:45:00,0.32859,0.32981,0.32816,0.32981,2362.3
2026-01-07 08:00:00,0.32981,0.33102,0.32961,0.3304,17759.3
2026-01-07 08:15:00,0.33033,0.33155,0.32915,0.32924,4306.4
2026-01-07 08:30:00,0.32915,0.33016,0.32904,0.32953,32936.8
2026-01-07 08:45:00,0.32943,0.3322,0.32943,0.3311,14665.5
2026-01-07 09:00:00,0.33064,0.33114,0.3295,0.33008,19568.9
2026-01-07 09:15:00,0.33024,0.3308,0.3279,0.3279,8414.0
2026-01-07 09:30:00,0.32883,0.32883,0.32538,0.32538,11361.4
2026-01-07 09:45:00,0.32553,0.32553,0.32406,0.32457,3938.8
2026-01-07 10:00:00,0.32443,0.32586,0.32443,0.32555,29002.8
2026-01-07 10:15:00,0.32532,0.32532,0.32373,0.32413,4886.6
2026-01-07 10:30:00,0.32414,0.3256,0.32378,0.32515,1220.1
2026-01-07 10:45:00,0.32557,0.32557,0.3245,0.32524,10145.8
2026-01-07 11:00:00,0.32444,0.3254,0.32408,0.32529,8743.9
2026-01-07 11:15:00,0.32542,0.32551,0.32489,0.32499,4695.9
2026-01-07 11:30:00,0.32494,0.32606,0.32477,0.32575,3736.8
2026-01-07 11:45:00,0.32515,0.3254,0.32438,0.32531,1681.2
2026-01-07 12:00:00,0.32539,0.32544,0.32395,0.32429,1535.9
2026-01-07 12:15:00,0.32426,0.32432,0.32289,0.32302,975.1
2026-01-07 12:30:00,0.32321,0.32323,0.3213,0.32175,9026.8
2026-01-07 12:45:00,0.32193,0.3224,0.32092,0.32092,22593.5
2026-01-07 13:00:00,0.32139,0.32231,0.32087,0.32087,25328.1
2026-01-07 13:15:00,0.32096,0.32309,0.32096,0.3225,51421.4
2026-01-07 13:30:00,0.32232,0.32263,0.32143,0.3216,1994.6
2026-01-07 13:45:00,0.3217,0.32181,0.31968,0.31994,2411.1
2026-01-07 14:00:00,0.32012,0.32012,0.31644,0.31678,23077.9
2026-01-07 14:15:00,0.31707,0.31724,0.3153,0.31538,19923.7
2026-01-07 14:30:00,0.31662,0.31908,0.31359,0.31829,40665.4
2026-01-07 14:45:00,0.3186,0.31987,0.3186,0.31945,11405.9
2026-01-07 15:00:00,0.3192,0.3192,0.3153,0.31559,8006.7
2026-01-07 15:15:00,0.31505,0.31536,0.3127,0.31536,9367.6
2026-01-07 15:30:00,0.31441,0.31583,0.31382,0.3144,6998.8
2026-01-07 15:45:00,0.31452,0.31553,0.3143,0.31512,3842.8
2026-01-07 16:00:00,0.31465,0.31678,0.31465,0.31674,8957.3
2026-01-07 16:15:00,0.31715,0.3178,0.31633,0.31654,11063.4
2026-01-07 16:30:00,0.31704,0.31731,0.31462,0.31678,153345.0
2026-01-07 16:45:00,0.31676,0.31755,0.31638,0.31675,2649.8
2026-01-07 17:00:00,0.31668,0.31779,0.31634,0.31722,7919.2
2026-01-07 17:15:00,0.31722,0.31907,0.31722,0.31883,2584.2
2026-01-07 17:30:00,0.31908,0.31941,0.31818,0.31859,3712.2
2026-01-07 17:45:00,0.3185,0.31867,0.31659,0.31705,3062.8
2026-01-07 18:00:00,0.31735,0.31842,0.3167,0.31842,127476.6
2026-01-07 18:15:00,0.3182,0.31849,0.31644,0.31849,25652.8
2026-01-07 18:30:00,0.31858,0.31984,0.31856,0.31856,8339.5
2026-01-07 18:45:00,0.31844,0.31909,0.317,0.31809,11259.5
2026-01-07 19:00:00,0.3182,0.31879,0.31563,0.31587,28625.7
2026-01-07 19:15:00,0.31602,0.31645,0.31526,0.31645,8765.0
2026-01-07 19:30:00,0.31644,0.31894,0.31644,0.31812,2413.5
2026-01-07 19:45:00,0.31856,0.31894,0.3181,0.3184,1167.1
2026-01-07 20:00:00,0.31841,0.31898,0.31644,0.31644,3057.6
2026-01-07 20:15:00,0.31636,0.31664,0.31536,0.31553,3207.3
2026-01-07 20:30:00,0.31553,0.317,0.31553,0.31612,7051.3
2026-01-07 20:45:00,0.31602,0.31641,0.3158,0.31627,1230.2
2026-01-07 21:00:00,0.31628,0.31695,0.31464,0.31651,502321.7
2026-01-07 21:15:00,0.31642,0.31696,0.31589,0.31675,356841.6
2026-01-07 21:30:00,0.31675,0.31738,0.31604,0.31651,40795.5
2026-01-07 21:45:00,0.31606,0.31644,0.31527,0.31527,2567.9
2026-01-07 22:00:00,0.31545,0.31573,0.31423,0.31514,8604.5
2026-01-07 22:15:00,0.31518,0.31644,0.31512,0.31619,13224.8
2026-01-07 22:30:00,0.31628,0.31751,0.31588,0.31625,13006.5
2026-01-07 22:45:00,0.31619,0.31634,0.31462,0.31529,3081.4
2026-01-07 23:00:00,0.315,0.31548,0.31343,0.31547,6989.9
2026-01-07 23:15:00,0.31633,0.31846,0.31633,0.31801,15766.8
2026-01-07 23:30:00,0.31787,0.31797,0.31644,0.31644,2425.1
2026-01-07 23:45:00,0.3164,0.31704,0.31608,0.31704,10178.1
2026-01-08 00:00:00,0.31667,0.31735,0.31638,0.3165,25064.8
2026-01-08 00:15:00,0.31638,0.31686,0.31592,0.3164,2332.0
2026-01-08 00:30:00,0.3167,0.3167,0.3159,0.31646,2849.4
2026-01-08 00:45:00,0.31667,0.31784,0.31667,0.31743,11577.9
2026-01-08 01:00:00,0.3175,0.31841,0.31738,0.31807,11257.6
2026-01-08 01:15:00,0.31766,0.31803,0.31685,0.31789,13323.9
2026-01-08 01:30:00,0.31823,0.31823,0.31653,0.31682,2082.5
2026-01-08 01:45:00,0.31669,0.31773,0.31669,0.31762,15165.1
2026-01-08 02:00:00,0.31712,0.31811,0.31668,0.31781,6484.5
2026-01-08 02:15:00,0.31769,0.31839,0.31582,0.31609,4521.5
2026-01-08 02:30:00,0.31645,0.31648,0.31514,0.31554,1466.8
2026-01-08 02:45:00,0.31615,0.31615,0.31482,0.31559,3973.3
2026-01-08 03:00:00,0.31549,0.31748,0.31549,0.31718,4109.4
2026-01-08 03:15:00,0.31718,0.31738,0.31556,0.31569,3568.6
2026-01-08 03:30:00,0.31544,0.31618,0.31209,0.31209,8835.3
2026-01-08 03:45:00,0.31346,0.31381,0.31293,0.31312,9335.1
2026-01-08 04:00:00,0.31293,0.31439,0.3126,0.31332,5433.2
2026-01-08 04:15:00,0.31346,0.31575,0.31319,0.31575,5096.6
2026-01-08 04:30:00,0.31596,0.31638,0.31552,0.31599,8971.6
2026-01-08 04:45:00,0.31636,0.31636,0.31514,0.31557,22949.9
2026-01-08 05:00:00,0.31608,0.31715,0.31554,0.31653,7373.0
2026-01-08 05:15:00,0.31653,0.31715,0.31646,0.31661,2407.4
2026-01-08 05:30:00,0.31683,0.31798,0.31644,0.31645,10773.7
2026-01-08 05:45:00,0.31649,0.31649,0.31523,0.31539,8219.3
2026-01-08 06:00:00,0.31542,0.31593,0.31312,0.31333,9971.8
2026-01-08 06:15:00,0.31321,0.31337,0.31188,0.31239,11198.3
2026-01-08 06:30:00,0.31206,0.31378,0.31206,0.31336,17646.6
2026-01-08 06:45:00,0.31335,0.31335,0.30946,0.30946,14728.8
2026-01-08 07:00:00,0.3098,0.31065,0.30775,0.31065,39255.4
2026-01-08 07:15:00,0.31079,0.31308,0.31045,0.31308,15028.6
2026-01-08 07:30:00,0.31312,0.3145,0.3131,0.31387,19070.1
2026-01-08 07:45:00,0.3141,0.31463,0.3138,0.31436,7862.1
2026-01-08 08:00:00,0.31445,0.31535,0.31439,0.31518,32379.4
2026-01-08 08:15:00,0.31533,0.31606,0.31519,0.31588,17741.8
2026-01-08 08:30:00,0.31575,0.31575,0.31382,0.31406,17301.7
2026-01-08 08:45:00,0.31406,0.31407,0.31209,0.31222,8628.5
2026-01-08 09:00:00,0.31265,0.31357,0.31255,0.3132,93539.1
2026-01-08 09:15:00,0.31259,0.31296,0.31023,0.31023,6211.1
2026-01-08 09:30:00,0.3104,0.31084,0.30956,0.31011,7455.7
2026-01-08 09:45:00,0.31043,0.31084,0.30936,0.3096,4211.9
2026-01-08 10:00:00,0.30941,0.30941,0.3067,0.30896,48420.2
2026-01-08 10:15:00,0.30886,0.3114,0.30856,0.3113,46327.5
2026-01-08 10:30:00,0.31141,0.31172,0.31055,0.31094,15337.1
2026-01-08 10:45:00,0.31105,0.31276,0.31105,0.31225,16967.2
2026-01-08 11:00:00,0.31238,0.31255,0.30964,0.30983,3170.9
2026-01-08 11:15:00,0.3099,0.31009,0.30785,0.30867,4330.9
2026-01-08 11:30:00,0.30849,0.30891,0.30768,0.30848,1531.7
2026-01-08 11:45:00,0.30827,0.30907,0.30807,0.30885,3263.7
2026-01-08 12:00:00,0.30903,0.30911,0.30629,0.30656,25867.6
2026-01-08 12:15:00,0.30639,0.30695,0.30614,0.30662,1623.0
2026-01-08 12:30:00,0.30678,0.30708,0.30527,0.30618,40514.0
2026-01-08 12:45:00,0.3064,0.3064,0.30554,0.30598,16908.5
2026-01-08 13:00:00,0.30611,0.30704,0.30611,0.30672,3401.5
2026-01-08 13:15:00,0.30722,0.30729,0.30614,0.30711,4999.4
2026-01-08 13:30:00,0.30724,0.30724,0.30521,0.30608,2410.0
2026-01-08 13:45:00,0.30647,0.30647,0.30508,0.30599,1219.6
2026-01-08 14:00:00,0.30556,0.30681,0.3045,0.30681,42184.3
2026-01-08 14:15:00,0.30591,0.30623,0.30416,0.30488,5692.8
2026-01-08 14:30:00,0.30527,0.30661,0.30451,0.30469,17496.7
2026-01-08 14:45:00,0.30404,0.32113,0.30404,0.3145,264812.5
2026-01-08 15:00:00,0.31477,0.31591,0.31063,0.31404,846023.5
2026-01-08 15:15:00,0.31432,0.31667,0.3127,0.31667,96583.8
2026-01-08 15:30:00,0.31565,0.31908,0.31426,0.31908,67184.5
2026-01-08 15:45:00,0.31765,0.31894,0.31644,0.3184,88186.1
2026-01-08 16:00:00,0.31865,0.3194,0.31633,0.31771,127444.0
2026-01-08 16:15:00,0.31729,0.31742,0.31508,0.31611,76681.5
2026-01-08 16:30:00,0.3161,0.31741,0.31325,0.31525,172467.0
2026-01-08 16:45:00,0.31594,0.31664,0.31512,0.31602,15109.4
2026-01-08 17:00:00,0.31695,0.31908,0.31695,0.31794,57924.6
2026-01-08 17:15:00,0.31766,0.31773,0.31578,0.31578,2271.5
2026-01-08 17:30:00,0.31648,0.31695,0.31536,0.31648,3361.3
2026-01-08 17:45:00,0.31628,0.31825,0.31622,0.31745,106672.7
2026-01-08 18:00:00,0.31747,0.3175,0.31625,0.31625,31523.3
2026-01-08 18:15:00,0.3157,0.3159,0.31525,0.31566,1157.6
2026-01-08 18:30:00,0.31599,0.31616,0.31414,0.31477,21830.3
2026-01-08 18:45:00,0.31483,0.31559,0.31436,0.31505,15199.5
2026-01-08 19:00:00,0.31546,0.31678,0.31488,0.3155,329522.4
2026-01-08 19:15:00,0.31486,0.31486,0.31368,0.31428,21727.5
2026-01-08 19:30:00,0.31496,0.31616,0.31475,0.31475,5832.3
2026-01-08 19:45:00,0.31484,0.31537,0.31404,0.31449,7351.6
2026-01-08 20:00:00,0.31408,0.31408,0.31126,0.31212,100661.8
2026-01-08 20:15:00,0.3125,0.31299,0.31139,0.31164,14822.5
2026-01-08 20:30:00,0.31209,0.31328,0.31208,0.31324,12333.5
2026-01-08 20:45:00,0.31313,0.31363,0.31284,0.31309,1394.0
2026-01-08 21:00:00,0.31357,0.31526,0.31356,0.31526,9813.1
2026-01-08 21:15:00,0.31533,0.31575,0.31456,0.31484,3871.9
2026-01-08 21:30:00,0.31484,0.31603,0.31444,0.31553,20304.9
2026-01-08 21:45:00,0.31524,0.31625,0.31524,0.31582,1468.3
2026-01-08 22:00:00,0.31643,0.3182,0.31631,0.31798,11638.1
2026-01-08 22:15:00,0.31789,0.31808,0.31687,0.31699,123127.3
2026-01-08 22:30:00,0.317,0.31701,0.31443,0.31522,234433.9
2026-01-08 22:45:00,0.31527,0.31696,0.31527,0.31677,130992.4
2026-01-08 23:00:00,0.31688,0.31723,0.31629,0.31638,218377.2
2026-01-08 23:15:00,0.31658,0.31718,0.31599,0.31599,7600.1
2026-01-08 23:30:00,0.31595,0.31595,0.314,0.31463,14292.3
2026-01-08 23:45:00,0.31476,0.31495,0.31416,0.31426,1346.4
2026-01-09 00:00:00,0.3143,0.31506,0.3143,0.31476,27794.5
2026-01-09 00:15:00,0.31501,0.31525,0.31419,0.31419,1254.9
2026-01-09 00:30:00,0.31468,0.31538,0.31458,0.31516,18138.2
2026-01-09 00:45:00,0.31525,0.31525,0.31471,0.31499,2430.1
2026-01-09 01:00:00,0.31511,0.31529,0.3148,0.31481,2951.7
2026-01-09 01:15:00,0.31494,0.31715,0.31269,0.31636,13430.1
2026-01-09 01:30:00,0.31724,0.31724,0.31181,0.31251,47155.3
2026-01-09 01:45:00,0.31257,0.31343,0.31234,0.31341,6475.5
2026-01-09 02:00:00,0.31326,0.31548,0.31293,0.31523,5191.9
2026-01-09 02:15:00,0.31514,0.31522,0.3147,0.3147,1943.1
2026-01-09 02:30:00,0.31469,0.3148,0.31379,0.31426,3378.4
2026-01-09 02:45:00,0.31432,0.31454,0.31323,0.31335,6626.7
2026-01-09 03:00:00,0.31326,0.31638,0.31326,0.31638,2545.3
2026-01-09 03:15:00,0.31612,0.31668,0.31462,0.31488,18985.0
2026-01-09 03:30:00,0.31502,0.31577,0.315,0.31555,1999.6
2026-01-09 03:45:00,0.31563,0.31787,0.31563,0.31786,8444.8
2026-01-09 04:00:00,0.3178,0.31852,0.31746,0.31781,3863.0
2026-01-09 04:15:00,0.3176,0.31821,0.31747,0.31796,1864.1
2026-01-09 04:30:00,0.31814,0.31822,0.31593,0.31634,1811.7
2026-01-09 04:45:00,0.31643,0.31696,0.31642,0.31652,1694.3
2026-01-09 05:00:00,0.31648,0.31735,0.31648,0.31669,4332.0
2026-01-09 05:15:00,0.31676,0.31683,0.31557,0.31594,715.6
2026-01-09 05:30:00,0.31575,0.31585,0.31462,0.31531,18182.0
2026-01-09 05:45:00,0.31529,0.31548,0.31486,0.31498,1898.3
2026-01-09 06:00:00,0.31523,0.31529,0.31462,0.31529,2026.9
2026-01-09 06:15:00,0.31493,0.31563,0.31472,0.31472,1032.3
2026-01-09 06:30:00,0.31463,0.3159,0.31462,0.3159,15065.0
2026-01-09 06:45:00,0.31643,0.31683,0.31619,0.3165,5487.1
2026-01-09 07:00:00,0.31604,0.31628,0.31516,0.3155,3217.3
2026-01-09 07:15:00,0.31559,0.3167,0.31541,0.31667,1254.2
2026-01-09 07:30:00,0.3164,0.31665,0.31548,0.31606,3757.9
2026-01-09 07:45:00,0.31601,0.31625,0.31539,0.31589,4485.3
2026-01-09 08:00:00,0.31581,0.31634,0.31472,0.31561,16491.2
2026-01-09 08:15:00,0.31586,0.31634,0.3158,0.31607,1383.3
2026-01-09 08:30:00,0.31575,0.31592,0.314,0.31407,12481.6
2026-01-09 08:45:00,0.31357,0.31374,0.31055,0.31193,256636.5
2026-01-09 09:00:00,0.31242,0.31462,0.31242,0.31433,672412.8
2026-01-09 09:15:00,0.31429,0.31572,0.31399,0.31572,18648.5
2026-01-09 09:30:00,0.31546,0.31672,0.31546,0.31573,5031.9
2026-01-09 09:45:00,0.31543,0.31543,0.31413,0.31413,11836.3
2026-01-09 10:00:00,0.31467,0.31494,0.31357,0.31458,4627.3
2026-01-09 10:15:00,0.31443,0.31461,0.31369,0.31379,1296.6
2026-01-09 10:30:00,0.31342,0.31406,0.31327,0.31394,8747.3
2026-01-09 10:45:00,0.31373,0.31537,0.31373,0.31498,29133.3
2026-01-09 11:00:00,0.31517,0.31606,0.31499,0.31606,1557.4
2026-01-09 11:15:00,0.31644,0.3165,0.31559,0.31595,2045.5
2026-01-09 11:30:00,0.31596,0.31643,0.31472,0.31501,5516.4
2026-01-09 11:45:00,0.31528,0.31532,0.31408,0.31438,1184.6
2026-01-09 12:00:00,0.31398,0.3146,0.31322,0.31322,3273.1
2026-01-09 12:15:00,0.31257,0.31257,0.31215,0.31253,14281.6
2026-01-09 12:30:00,0.31255,0.31283,0.31169,0.31205,27287.0
2026-01-09 12:45:00,0.31185,0.31249,0.31166,0.31233,23637.9
2026-01-09 13:00:00,0.31246,0.31451,0.31246,0.31399,54056.7
2026-01-09 13:15:00,0.31462,0.31515,0.31427,0.31515,2822.9
2026-01-09 13:30:00,0.31536,0.31609,0.31322,0.31467,176952.4
2026-01-09 13:45:00,0.31497,0.31608,0.31456,0.31541,1627.6
2026-01-09 14:00:00,0.31539,0.31539,0.31215,0.31219,10534.2
2026-01-09 14:15:00,0.31218,0.31351,0.31218,0.31299,2576.5
2026-01-09 14:30:00,0.31321,0.314,0.31093,0.31107,155890.2
2026-01-09 14:45:00,0.31175,0.31175,0.30956,0.31069,11594.2
2026-01-09 15:00:00,0.31083,0.31125,0.30852,0.31043,16474.3
2026-01-09 15:15:00,0.31034,0.31831,0.31006,0.31797,70298.8
2026-01-09 15:30:00,0.31733,0.32109,0.31658,0.31753,136106.9
2026-01-09 15:45:00,0.31803,0.31994,0.31559,0.31729,9171.3
2026-01-09 16:00:00,0.31838,0.32323,0.31829,0.32305,20169.9
2026-01-09 16:15:00,0.32323,0.32384,0.31988,0.32015,7218.5
2026-01-09 16:30:00,0.32027,0.32095,0.31879,0.32004,17381.3
2026-01-09 16:45:00,0.31967,0.3214,0.31967,0.32135,855.2
2026-01-09 17:00:00,0.32168,0.32171,0.31933,0.3196,8250.4
2026-01-09 17:15:00,0.31978,0.31978,0.31654,0.31783,7945.0
2026-01-09 17:30:00,0.31745,0.31809,0.31644,0.31716,1619.3
2026-01-09 17:45:00,0.31712,0.32042,0.31712,0.31993,9444.2
2026-01-09 18:00:00,0.31992,0.32006,0.31811,0.31844,37647.8
2026-01-09 18:15:00,0.31835,0.31835,0.31456,0.31465,11188.4
2026-01-09 18:30:00,0.31472,0.31598,0.31312,0.31598,17882.7
2026-01-09 18:45:00,0.31588,0.31674,0.31551,0.31655,1818.2
2026-01-09 19:00:00,0.31593,0.31593,0.314,0.314,1547.7
2026-01-09 19:15:00,0.3139,0.3139,0.31238,0.3129,4391.7
2026-01-09 19:30:00,0.31258,0.31258,0.31146,0.31252,3833.8
2026-01-09 19:45:00,0.31216,0.31394,0.31216,0.31319,1276.0
2026-01-09 20:00:00,0.3129,0.31413,0.31285,0.31377,5884.9
2026-01-09 20:15:00,0.31373,0.31465,0.31343,0.31419,26177.8
2026-01-09 20:30:00,0.31439,0.31644,0.31371,0.31371,1663.7
2026-01-09 20:45:00,0.31385,0.31461,0.31385,0.31412,25886.1
2026-01-09 21:00:00,0.31362,0.31461,0.31322,0.31391,7342.0
2026-01-09 21:15:00,0.31374,0.31613,0.31353,0.31605,17420.2
2026-01-09 21:30:00,0.31564,0.31654,0.31514,0.31523,1311.4
2026-01-09 21:45:00,0.31511,0.31582,0.31478,0.31567,10695.9
2026-01-09 22:00:00,0.31588,0.31662,0.31543,0.31543,8431.6
2026-01-09 22:15:00,0.31575,0.31594,0.31462,0.31574,928.2
2026-01-09 22:30:00,0.3158,0.31734,0.31579,0.31579,28478.6
2026-01-09 22:45:00,0.31607,0.31671,0.31592,0.31654,1624.9
2026-01-09 23:00:00,0.31635,0.31672,0.31575,0.31662,2312.3
2026-01-09 23:15:00,0.31644,0.31646,0.31565,0.31582,1590.0
2026-01-09 23:30:00,0.3156,0.3157,0.31448,0.31448,9380.3
2026-01-09 23:45:00,0.31463,0.31525,0.31451,0.31463,9472.6
2026-01-10 00:00:00,0.31481,0.31519,0.314,0.314,42444.5
2026-01-10 00:15:00,0.31398,0.31406,0.31328,0.31406,2812.4
2026-01-10 00:30:00,0.31435,0.31477,0.31325,0.31341,3955.4
2026-01-10 00:45:00,0.31349,0.31382,0.31287,0.31381,7608.6
2026-01-10 01:00:00,0.31429,0.31488,0.31372,0.31428,2568.5
2026-01-10 01:15:00,0.31482,0.31536,0.31448,0.31503,1744.3
2026-01-10 01:30:00,0.31476,0.31536,0.31476,0.31508,1019.5
2026-01-10 01:45:00,0.31519,0.3154,0.31456,0.31487,1108.9
2026-01-10 02:00:00,0.31489,0.31498,0.31416,0.31455,6762.6
2026-01-10 02:15:00,0.31445,0.31475,0.31434,0.31454,1399.7
2026-01-10 02:30:00,0.31433,0.31438,0.31257,0.31268,3758.0
2026-01-10 02:45:00,0.31252,0.31328,0.31252,0.31328,34089.0
2026-01-10 03:00:00,0.31329,0.31346,0.31182,0.31215,5265.5
2026-01-10 03:15:00,0.31212,0.31318,0.31212,0.31309,1422.6
2026-01-10 03:30:00,0.31319,0.31319,0.31218,0.31259,963.0
2026-01-10 03:45:00,0.31272,0.31429,0.31272,0.31405,1154.6
2026-01-10 04:00:00,0.31411,0.31418,0.31235,0.31262,1656.9
2026-01-10 04:15:00,0.3128,0.31337,0.31178,0.3122,2099.1
2026-01-10 04:30:00,0.3123,0.31359,0.3123,0.31338,1181.5
2026-01-10 04:45:00,0.31318,0.31406,0.31294,0.31323,5955.5
2026-01-10 05:00:00,0.31334,0.31353,0.31285,0.31341,1339.3
2026-01-10 05:15:00,0.31361,0.31361,0.31291,0.31291,3640.3
2026-01-10 05:30:00,0.3129,0.31392,0.31258,0.31367,1584.5
2026-01-10 05:45:00,0.31357,0.31378,0.31266,0.31266,1485.8
2026-01-10 06:00:00,0.31292,0.31322,0.31281,0.31281,1318.7
2026-01-10 06:15:00,0.31291,0.31291,0.31129,0.31239,3100.0
2026-01-10 06:30:00,0.31232,0.31322,0.31227,0.31322,1640.3
2026-01-10 06:45:00,0.31367,0.31436,0.31367,0.31414,1879.4
2026-01-10 07:00:00,0.31409,0.31715,0.31409,0.31705,11434.9
2026-01-10 07:15:00,0.31715,0.31745,0.31601,0.31621,7260.1
2026-01-10 07:30:00,0.31633,0.31664,0.31572,0.31594,1417.6
2026-01-10 07:45:00,0.31581,0.31747,0.31581,0.31722,3431.0
2026-01-10 08:00:00,0.31738,0.31919,0.31734,0.3188,8499.2
2026-01-10 08:15:00,0.31884,0.31918,0.31784,0.31823,28074.8
2026-01-10 08:30:00,0.31827,0.31827,0.31751,0.31783,1762.7
2026-01-10 08:45:00,0.31784,0.31886,0.31763,0.31884,8735.9
2026-01-10 09:00:00,0.31899,0.32006,0.31882,0.3193,19209.1
2026-01-10 09:15:00,0.31939,0.32017,0.31939,0.31989,8596.6
2026-01-10 09:30:00,0.31995,0.32066,0.31947,0.32024,3537.8
2026-01-10 09:45:00,0.32012,0.32089,0.31964,0.31964,1564.8
2026-01-10 10:00:00,0.31984,0.32013,0.31937,0.31984,1722.1
2026-01-10 10:15:00,0.31997,0.32,0.31922,0.31999,5384.5
2026-01-10 10:30:00,0.31982,0.32148,0.31982,0.3209,2926.5
2026-01-10 10:45:00,0.32099,0.322,0.32099,0.32159,22315.7
2026-01-10 11:00:00,0.32177,0.32177,0.32067,0.32096,5353.2
2026-01-10 11:15:00,0.32107,0.32112,0.32066,0.32094,17037.7
2026-01-10 11:30:00,0.32095,0.32212,0.32052,0.32212,7388.2
2026-01-10 11:45:00,0.32222,0.32229,0.32142,0.32216,2809.3
2026-01-10 12:00:00,0.32236,0.3235,0.32217,0.3231,10565.4
2026-01-10 12:15:00,0.3231,0.3236,0.32299,0.32299,918.9
2026-01-10 12:30:00,0.32284,0.32387,0.32277,0.32358,1521.8
2026-01-10 12:45:00,0.32385,0.32758,0.32375,0.32703,23302.5
2026-01-10 13:00:00,0.3271,0.32729,0.32544,0.32612,4143.4
2026-01-10 13:15:00,0.32609,0.32729,0.32541,0.32584,5698.2
2026-01-10 13:30:00,0.3256,0.32596,0.32497,0.32497,7540.2
2026-01-10 13:45:00,0.32497,0.32511,0.32288,0.32332,7199.3
2026-01-10 14:00:00,0.32322,0.32325,0.32087,0.32101,13009.0
2026-01-10 14:15:00,0.32076,0.32242,0.32,0.32197,13562.4
2026-01-10 14:30:00,0.32198,0.32198,0.32151,0.32159,8207.5
2026-01-10 14:45:00,0.3221,0.32298,0.3221,0.32298,1941.2
2026-01-10 15:00:00,0.32328,0.3244,0.32319,0.32358,4477.7
2026-01-10 15:15:00,0.32352,0.32352,0.32169,0.32198,34850.8
2026-01-10 15:30:00,0.32193,0.32255,0.32174,0.32222,17985.5
2026-01-10 15:45:00,0.32223,0.32223,0.32163,0.3219,2105.0
2026-01-10 16:00:00,0.32187,0.32187,0.31993,0.3202,2049.5
2026-01-10 16:15:00,0.32008,0.32088,0.31983,0.32029,16810.5
2026-01-10 16:30:00,0.31998,0.32036,0.31965,0.32028,4871.7
2026-01-10 16:45:00,0.32016,0.32045,0.31992,0.32008,4228.4
2026-01-10 17:00:00,0.32027,0.32161,0.32027,0.32123,9380.4
2026-01-10 17:15:00,0.32103,0.32163,0.321,0.32156,1846.3
2026-01-10 17:30:00,0.32163,0.32163,0.32062,0.32076,2748.0
2026-01-10 17:45:00,0.3208,0.3208,0.31909,0.31909,6061.7
2026-01-10 18:00:00,0.31949,0.31949,0.31803,0.31828,41413.9
2026-01-10 18:15:00,0.31861,0.3197,0.31775,0.3197,3233.1
2026-01-10 18:30:00,0.31982,0.32016,0.31954,0.31984,25962.8
2026-01-10 18:45:00,0.31985,0.32055,0.31964,0.32022,7522.5
2026-01-10 19:00:00,0.3204,0.32326,0.31999,0.32326,24347.7
2026-01-10 19:15:00,0.32306,0.32383,0.32265,0.32375,12386.9
2026-01-10 19:30:00,0.32372,0.32372,0.32213,0.32281,4070.5
2026-01-10 19:45:00,0.32271,0.32286,0.32209,0.32277,11603.0
2026-01-10 20:00:00,0.32314,0.32314,0.32233,0.32251,7962.6
2026-01-10 20:15:00,0.32255,0.32333,0.3222,0.32333,2819.6
2026-01-10 20:30:00,0.32359,0.3236,0.32188,0.32188,4823.7
2026-01-10 20:45:00,0.3219,0.32238,0.32169,0.322,12241.5
2026-01-10 21:00:00,0.3219,0.32214,0.32094,0.32111,3210.0
2026-01-10 21:15:00,0.32113,0.32168,0.321,0.32135,941.0
2026-01-10 21:30:00,0.32111,0.32124,0.3198,0.32032,2239.9
2026-01-10 21:45:00,0.3201,0.3201,0.31912,0.31941,3602.3
2026-01-10 22:00:00,0.31953,0.31973,0.31877,0.31893,18358.6
2026-01-10 22:15:00,0.31859,0.31899,0.31811,0.31811,5438.9
2026-01-10 22:30:00,0.31851,0.31926,0.31848,0.31874,1691.6
2026-01-10 22:45:00,0.31855,0.31866,0.31611,0.31611,13972.5
2026-01-10 23:00:00,0.3161,0.31747,0.3161,0.31661,24946.2
2026-01-10 23:15:00,0.31661,0.3175,0.31636,0.3175,4462.6
2026-01-10 23:30:00,0.31745,0.31769,0.31703,0.3175,3931.4
2026-01-10 23:45:00,0.3176,0.31832,0.31739,0.31757,23563.5
2026-01-11 00:00:00,0.31804,0.31804,0.31644,0.31746,27520.8
2026-01-11 00:15:00,0.3175,0.31787,0.31705,0.31766,1799.6
2026-01-11 00:30:00,0.31771,0.31775,0.31672,0.31681,1237.1
2026-01-11 00:45:00,0.3167,0.31858,0.31668,0.31825,1216.1
2026-01-11 01:00:00,0.31831,0.3185,0.31752,0.31769,1138.4
2026-01-11 01:15:00,0.31785,0.31817,0.31755,0.31817,7433.8
2026-01-11 01:30:00,0.31751,0.31908,0.31744,0.31908,1176.0
2026-01-11 01:45:00,0.3193,0.31941,0.31858,0.31912,1502.1
2026-01-11 02:00:00,0.31941,0.31949,0.31826,0.31949,1329.9
2026-01-11 02:15:00,0.31954,0.3198,0.31893,0.31918,7537.0
2026-01-11 02:30:00,0.31906,0.31906,0.318,0.31842,1465.7
2026-01-11 02:45:00,0.31842,0.31842,0.31759,0.31761,1447.0
2026-01-11 03:00:00,0.31751,0.31811,0.31751,0.3179,1480.1
2026-01-11 03:15:00,0.318,0.31863,0.31773,0.31783,1278.1
2026-01-11 03:30:00,0.31784,0.31857,0.3177,0.31854,1531.1
2026-01-11 03:45:00,0.31851,0.31891,0.31832,0.31866,1280.6
2026-01-11 04:00:00,0.31844,0.31854,0.31782,0.31797,1911.3
2026-01-11 04:15:00,0.31789,0.31804,0.31715,0.31736,1332.5
2026-01-11 04:30:00,0.31738,0.31997,0.31738,0.31862,10331.9
2026-01-11 04:45:00,0.31872,0.32026,0.31864,0.32018,2504.0
2026-01-11 05:00:00,0.32018,0.32073,0.32002,0.32022,1304.0
2026-01-11 05:15:00,0.32001,0.32011,0.31921,0.31946,2422.0
2026-01-11 05:30:00,0.31937,0.31982,0.31923,0.31982,7711.2
2026-01-11 05:45:00,0.31964,0.32026,0.31945,0.31967,11224.5
2026-01-11 06:00:00,0.31975,0.31975,0.31912,0.31948,1770.2
2026-01-11 06:15:00,0.31951,0.31956,0.31716,0.31759,7973.5
2026-01-11 06:30:00,0.31748,0.31811,0.31718,0.31787,1387.2
2026-01-11 06:45:00,0.31804,0.31958,0.31804,0.31937,2438.2
2026-01-11 07:00:00,0.31929,0.31986,0.31919,0.31949,1996.4
2026-01-11 07:15:00,0.3197,0.31989,0.31904,0.31989,1557.0
2026-01-11 07:30:00,0.3199,0.32106,0.31987,0.32106,9518.5
2026-01-11 07:45:00,0.32074,0.3211,0.32033,0.32099,15781.0
2026-01-11 08:00:00,0.32085,0.32085,0.31995,0.32013,1906.8
2026-01-11 08:15:00,0.32061,0.32087,0.32026,0.32042,16037.8
2026-01-11 08:30:00,0.32051,0.32149,0.32024,0.32024,918.9
2026-01-11 08:45:00,0.32024,0.32091,0.31967,0.31987,23373.1
2026-01-11 09:00:00,0.31989,0.32017,0.31976,0.32011,7893.6
2026-01-11 09:15:00,0.32016,0.32058,0.32007,0.32057,3265.4
2026-01-11 09:30:00,0.32058,0.32058,0.31965,0.32025,7034.5
2026-01-11 09:45:00,0.32038,0.3211,0.32025,0.3211,1218.5
2026-01-11 10:00:00,0.32105,0.32118,0.32002,0.32113,1647.2
2026-01-11 10:15:00,0.32096,0.32096,0.3205,0.32072,2147.4
2026-01-11 10:30:00,0.32056,0.32072,0.31966,0.31967,1348.5
2026-01-11 10:45:00,0.31957,0.32023,0.31957,0.32013,1732.8
2026-01-11 11:00:00,0.32023,0.3205,0.31979,0.32031,6146.6
2026-01-11 11:15:00,0.32025,0.3206,0.32011,0.3203,5122.6
2026-01-11 11:30:00,0.3203,0.32074,0.32023,0.32074,7614.5
2026-01-11 11:45:00,0.32058,0.32105,0.32024,0.32075,1891.1
2026-01-11 12:00:00,0.32107,0.32213,0.32098,0.32201,6048.9
2026-01-11 12:15:00,0.32211,0.32272,0.32176,0.3222,6757.5
2026-01-11 12:30:00,0.32211,0.32287,0.32171,0.32277,1234.3
2026-01-11 12:45:00,0.32258,0.3237,0.3221,0.32234,3248.5
2026-01-11 13:00:00,0.32253,0.32261,0.32166,0.32185,5361.9
2026-01-11 13:15:00,0.32197,0.322,0.32058,0.32059,2250.1
2026-01-11 13:30:00,0.32057,0.32068,0.31997,0.31997,1620.5
2026-01-11 13:45:00,0.32024,0.32073,0.31992,0.31992,2096.0
2026-01-11 14:00:00,0.32001,0.32097,0.32001,0.32068,1878.5
2026-01-11 14:15:00,0.32082,0.32153,0.32056,0.32153,1697.5
2026-01-11 14:30:00,0.32152,0.32152,0.32049,0.32058,2241.4
2026-01-11 14:45:00,0.3211,0.32313,0.32097,0.32313,1840.5
2026-01-11 15:00:00,0.32219,0.32219,0.32024,0.3206,6014.6
2026-01-11 15:15:00,0.3205,0.32079,0.32001,0.3202,21996.4
2026-01-11 15:30:00,0.32001,0.32045,0.31899,0.3192,6257.0
2026-01-11 15:45:00,0.3193,0.3193,0.31715,0.3184,31264.9
2026-01-11 16:00:00,0.3184,0.31912,0.3184,0.31841,1457.1
2026-01-11 16:15:00,0.31799,0.32081,0.31799,0.32081,6692.6
2026-01-11 16:30:00,0.32138,0.323,0.32138,0.32185,10231.1
2026-01-11 16:45:00,0.32184,0.32187,0.3204,0.32075,1822.6
2026-01-11 17:00:00,0.32112,0.3219,0.32079,0.3219,3542.8
2026-01-11 17:15:00,0.32157,0.32157,0.3206,0.32097,16711.3
2026-01-11 17:30:00,0.32088,0.321,0.31923,0.31995,6865.7
2026-01-11 17:45:00,0.32063,0.32263,0.32044,0.32261,5716.2
2026-01-11 18:00:00,0.32159,0.32179,0.31979,0.32035,19347.3
2026-01-11 18:15:00,0.32024,0.32024,0.31909,0.3197,6208.3
2026-01-11 18:30:00,0.31946,0.31976,0.31895,0.31946,1996.6
2026-01-11 18:45:00,0.31989,0.32076,0.31956,0.32018,32760.0
2026-01-11 19:00:00,0.32044,0.32123,0.3198,0.32122,4358.5
2026-01-11 19:15:00,0.32052,0.32052,0.31999,0.32018,1687.7
2026-01-11 19:30:00,0.31998,0.32021,0.31946,0.31955,3259.5
2026-01-11 19:45:00,0.31945,0.31945,0.31814,0.31835,32129.1
2026-01-11 20:00:00,0.31831,0.31831,0.31495,0.31582,61417.0
2026-01-11 20:15:00,0.31563,0.31563,0.31387,0.31452,5725.8
2026-01-11 20:30:00,0.31444,0.31593,0.31411,0.31472,58181.3
2026-01-11 20:45:00,0.31469,0.31522,0.31458,0.31491,1489.7
2026-01-11 21:00:00,0.31429,0.31431,0.31312,0.31356,8885.6
2026-01-11 21:15:00,0.3135,0.31466,0.31347,0.31423,3311.0
2026-01-11 21:30:00,0.31423,0.31469,0.31389,0.31437,25896.9
2026-01-11 21:45:00,0.31487,0.31677,0.31467,0.31677,9053.3
2026-01-11 22:00:00,0.31599,0.31599,0.31237,0.31295,97929.5
2026-01-11 22:15:00,0.3134,0.31404,0.31232,0.31386,13414.4
2026-01-11 22:30:00,0.31339,0.31451,0.31287,0.31451,12116.7
2026-01-11 22:45:00,0.31428,0.31429,0.31307,0.31322,6568.0
2026-01-11 23:00:00,0.31281,0.31386,0.30996,0.31333,74578.1
2026-01-11 23:15:00,0.314,0.31577,0.31378,0.31388,10772.2
2026-01-11 23:30:00,0.31368,0.31469,0.31307,0.31469,1157.7
2026-01-11 23:45:00,0.31458,0.31549,0.31436,0.31548,906.0
2026-01-12 00:00:00,0.31553,0.31629,0.31482,0.3153,26060.2
2026-01-12 00:15:00,0.3156,0.31746,0.3154,0.31656,78428.6
2026-01-12 00:30:00,0.31684,0.31734,0.31274,0.31306,15195.1
2026-01-12 00:45:00,0.31265,0.31536,0.31146,0.31536,140672.1
2026-01-12 01:00:00,0.31644,0.31936,0.31637,0.31818,27854.8
2026-01-12 01:15:00,0.31826,0.31968,0.31789,0.31968,5955.5
2026-01-12 01:30:00,0.32,0.32,0.31685,0.31787,8319.9
2026-01-12 01:45:00,0.31858,0.31918,0.31798,0.31864,836.3
2026-01-12 02:00:00,0.31928,0.3224,0.31928,0.3224,22233.9
2026-01-12 02:15:00,0.32271,0.32344,0.3213,0.32278,14578.0
2026-01-12 02:30:00,0.3231,0.32373,0.32248,0.32373,3593.7
2026-01-12 02:45:00,0.32395,0.32696,0.32395,0.32659,65331.3
2026-01-12 03:00:00,0.32717,0.32835,0.3258,0.32812,23640.1
2026-01-12 03:15:00,0.32835,0.33113,0.32835,0.33097,7641.5
2026-01-12 03:30:00,0.33112,0.33234,0.32728,0.32728,16129.9
2026-01-12 03:45:00,0.32717,0.32752,0.3257,0.3257,8303.2
2026-01-12 04:00:00,0.32591,0.32624,0.324,0.32507,5592.6
2026-01-12 04:15:00,0.32512,0.32587,0.32446,0.32478,10652.2
2026-01-12 04:30:00,0.32491,0.32756,0.32486,0.32725,20314.2
2026-01-12 04:45:00,0.32742,0.3279,0.32701,0.3272,7407.3
2026-01-12 05:00:00,0.32737,0.32768,0.3258,0.32665,3931.5
2026-01-12 05:15:00,0.3264,0.32801,0.32638,0.32748,6393.3
2026-01-12 05:30:00,0.32716,0.32747,0.32518,0.32518,1880.4
2026-01-12 05:45:00,0.32535,0.32569,0.32495,0.32534,1179.4
2026-01-12 06:00:00,0.32527,0.32566,0.32475,0.32504,9725.8
2026-01-12 06:15:00,0.32524,0.32524,0.32325,0.32352,5986.7
2026-01-12 06:30:00,0.32352,0.32368,0.322,0.3225,3762.3
2026-01-12 06:45:00,0.32236,0.32238,0.32182,0.32221,5718.5
2026-01-12 07:00:00,0.32183,0.32454,0.32182,0.32284,5101.0
2026-01-12 07:15:00,0.32332,0.32332,0.32118,0.32176,3805.1
2026-01-12 07:30:00,0.32073,0.32073,0.31862,0.31865,13668.5
2026-01-12 07:45:00,0.31886,0.31886,0.31748,0.31796,4181.9
2026-01-12 08:00:00,0.31836,0.31995,0.31836,0.31985,4817.7
2026-01-12 08:15:00,0.31913,0.32008,0.31859,0.31861,13607.9
2026-01-12 08:30:00,0.31858,0.31858,0.31313,0.31316,114445.4
2026-01-12 08:45:00,0.31312,0.31442,0.31154,0.31431,90799.7
2026-01-12 09:00:00,0.31455,0.31517,0.31413,0.315,16603.7
2026-01-12 09:15:00,0.31476,0.31554,0.3143,0.31443,39904.1
2026-01-12 09:30:00,0.31513,0.31536,0.31458,0.31523,5672.3
2026-01-12 09:45:00,0.31491,0.31522,0.31416,0.31451,1801.5
2026-01-12 10:00:00,0.31478,0.31589,0.3145,0.31501,31840.9
2026-01-12 10:15:00,0.31501,0.31558,0.31445,0.31555,46841.7
2026-01-12 10:30:00,0.31564,0.31624,0.31474,0.31474,11687.2
2026-01-12 10:45:00,0.31449,0.31463,0.31368,0.31385,18293.8
2026-01-12 11:00:00,0.31374,0.314,0.31358,0.31374,5462.3
2026-01-12 11:15:00,0.31365,0.31477,0.31315,0.31426,7130.0
2026-01-12 11:30:00,0.31416,0.31516,0.31377,0.31387,4649.0
2026-01-12 11:45:00,0.31404,0.31465,0.31384,0.31404,11552.4
2026-01-12 12:00:00,0.31397,0.31397,0.31326,0.31338,7368.1
2026-01-12 12:15:00,0.31328,0.31398,0.31322,0.31322,7159.4
2026-01-12 12:30:00,0.31288,0.31302,0.3121,0.3124,1753.1
2026-01-12 12:45:00,0.31233,0.31334,0.31231,0.31242,2656.8
2026-01-12 13:00:00,0.31239,0.31299,0.3099,0.30991,21442.0
2026-01-12 13:15:00,0.31033,0.31098,0.30982,0.31024,2280.4
2026-01-12 13:30:00,0.31008,0.31113,0.30889,0.30912,9602.1
2026-01-12 13:45:00,0.30908,0.30948,0.308,0.30873,11167.0
2026-01-12 14:00:00,0.30845,0.31098,0.30845,0.31068,3864.2
2026-01-12 14:15:00,0.31079,0.31088,0.30646,0.30797,18902.8
2026-01-12 14:30:00,0.30797,0.31351,0.30797,0.31117,13377.2
2026-01-12 14:45:00,0.31107,0.31217,0.31005,0.31143,47436.0
2026-01-12 15:00:00,0.31129,0.31145,0.31037,0.31145,33773.1
2026-01-12 15:15:00,0.31152,0.31462,0.31152,0.31416,22377.0
2026-01-12 15:30:00,0.31425,0.31565,0.31352,0.31565,10163.5
2026-01-12 15:45:00,0.31524,0.31524,0.31402,0.31483,6742.3
2026-01-12 16:00:00,0.31502,0.31588,0.31454,0.31505,9898.8
2026-01-12 16:15:00,0.31564,0.31825,0.31429,0.31825,21511.5
2026-01-12 16:30:00,0.31858,0.31963,0.31703,0.31774,115855.1
2026-01-12 16:45:00,0.31731,0.31805,0.31612,0.31796,14015.1
2026-01-12 17:00:00,0.31792,0.31854,0.31631,0.31709,7097.7
2026-01-12 17:15:00,0.31725,0.31725,0.31429,0.31476,3890.5
2026-01-12 17:30:00,0.31406,0.31421,0.31155,0.31382,22226.1
2026-01-12 17:45:00,0.31329,0.31405,0.31288,0.31332,1850.6
2026-01-12 18:00:00,0.31307,0.31436,0.3128,0.31395,2299.9
2026-01-12 18:15:00,0.31375,0.31504,0.31364,0.31489,23400.5
2026-01-12 18:30:00,0.31485,0.31485,0.31127,0.31194,13839.4
2026-01-12 18:45:00,0.31179,0.31261,0.31179,0.31226,29083.6
2026-01-12 19:00:00,0.31229,0.31296,0.31106,0.31226,21487.6
2026-01-12 19:15:00,0.31268,0.31356,0.31256,0.31293,6489.0
2026-01-12 19:30:00,0.31321,0.31374,0.31263,0.31302,1319.8
2026-01-12 19:45:00,0.31259,0.31377,0.3123,0.31342,19602.9
2026-01-12 20:00:00,0.31357,0.31586,0.31307,0.31526,24428.9
2026-01-12 20:15:00,0.31465,0.31465,0.31322,0.31322,15123.5
2026-01-12 20:30:00,0.31344,0.3136,0.31121,0.31145,10003.0
2026-01-12 20:45:00,0.31138,0.31193,0.3112,0.31131,1907.6
2026-01-12 21:00:00,0.31135,0.31156,0.30978,0.31102,6041.1
2026-01-12 21:15:00,0.31094,0.31094,0.30926,0.30926,8586.2
2026-01-12 21:30:00,0.30968,0.30968,0.30854,0.30862,5986.5
2026-01-12 21:45:00,0.30871,0.3088,0.3066,0.30823,25721.5
2026-01-12 22:00:00,0.30815,0.31,0.30815,0.31,35538.3
2026-01-12 22:15:00,0.30949,0.30973,0.30855,0.30944,21870.9
2026-01-12 22:30:00,0.30916,0.30996,0.30885,0.30959,10826.8
2026-01-12 22:45:00,0.30949,0.30949,0.30896,0.30937,1673.2
2026-01-12 23:00:00,0.30949,0.30949,0.30755,0.30837,8963.1
2026-01-12 23:15:00,0.30837,0.30938,0.30794,0.30926,6217.4
2026-01-12 23:30:00,0.30907,0.30956,0.30827,0.30865,17848.3
2026-01-12 23:45:00,0.30846,0.30913,0.30825,0.30873,3229.9
2026-01-13 00:00:00,0.30867,0.31021,0.30846,0.30972,72076.2
2026-01-13 00:15:00,0.30947,0.31049,0.30931,0.30946,6231.4
2026-01-13 00:30:00,0.30929,0.31019,0.30893,0.30941,2320.2
2026-01-13 00:45:00,0.30961,0.31024,0.30957,0.31014,2562.2
2026-01-13 01:00:00,0.31077,0.31173,0.31018,0.31163,1913.4
2026-01-13 01:15:00,0.31164,0.31206,0.31153,0.31153,435.8
2026-01-13 01:30:00,0.31163,0.31163,0.30938,0.3094,17233.7
2026-01-13 01:45:00,0.30958,0.31078,0.30958,0.31077,2962.8
2026-01-13 02:00:00,0.31087,0.31372,0.31087,0.31305,12709.0
2026-01-13 02:15:00,0.31331,0.31376,0.31208,0.31269,15324.7
2026-01-13 02:30:00,0.31295,0.31307,0.31157,0.31167,1585.2
2026-01-13 02:45:00,0.31155,0.31203,0.31096,0.31103,6265.7
2026-01-13 03:00:00,0.31117,0.31146,0.30956,0.31078,8624.9
2026-01-13 03:15:00,0.31128,0.31344,0.311,0.31344,12553.7
2026-01-13 03:30:00,0.31317,0.31356,0.31174,0.31344,3417.2
2026-01-13 03:45:00,0.31293,0.31385,0.31241,0.3128,814.3
2026-01-13 04:00:00,0.31279,0.3153,0.31279,0.3153,24194.3
2026-01-13 04:15:00,0.3153,0.31542,0.31373,0.31447,13580.9
2026-01-13 04:30:00,0.31397,0.31471,0.31324,0.31471,1623.3
2026-01-13 04:45:00,0.31436,0.31516,0.31404,0.31516,1183.6
2026-01-13 05:00:00,0.3153,0.31668,0.3153,0.31668,1367.9
2026-01-13 05:15:00,0.317,0.31992,0.31689,0.31834,31994.0
2026-01-13 05:30:00,0.31867,0.31867,0.31716,0.31752,3962.7
2026-01-13 05:45:00,0.31723,0.3182,0.31712,0.31735,15039.7
2026-01-13 06:00:00,0.31762,0.31875,0.31748,0.31781,2840.7
2026-01-13 06:15:00,0.31806,0.31866,0.31788,0.31788,3067.9
2026-01-13 06:30:00,0.31847,0.31858,0.31815,0.31815,2988.8
2026-01-13 06:45:00,0.3189,0.32058,0.31875,0.32057,12843.4
2026-01-13 07:00:00,0.3202,0.3202,0.31876,0.31947,2403.6
2026-01-13 07:15:00,0.31932,0.31943,0.31856,0.31874,3193.0
2026-01-13 07:30:00,0.31869,0.31869,0.31768,0.31784,2268.4
2026-01-13 07:45:00,0.31784,0.31793,0.31727,0.31773,15840.8
2026-01-13 08:00:00,0.31781,0.31955,0.31781,0.31854,19627.4
2026-01-13 08:15:00,0.31865,0.31876,0.31744,0.31758,2160.5
2026-01-13 08:30:00,0.31773,0.31875,0.31683,0.31875,14301.7
2026-01-13 08:45:00,0.31877,0.32026,0.31877,0.31919,25236.8
2026-01-13 09:00:00,0.31954,0.32014,0.3194,0.31996,13393.5
2026-01-13 09:15:00,0.31997,0.3207,0.31932,0.31985,2091.6
2026-01-13 09:30:00,0.32007,0.32148,0.31914,0.31994,4935.4
2026-01-13 09:45:00,0.31963,0.32128,0.31931,0.31978,5063.7
2026-01-13 10:00:00,0.32023,0.32209,0.32023,0.32142,27049.7
2026-01-13 10:15:00,0.32137,0.32183,0.32085,0.32159,6877.7
2026-01-13 10:30:00,0.32148,0.32201,0.32013,0.3206,1455.2
2026-01-13 10:45:00,0.32036,0.3227,0.32036,0.32267,5004.5
2026-01-13 11:00:00,0.3227,0.32276,0.322,0.32253,974.2
2026-01-13 11:15:00,0.32259,0.32433,0.32259,0.32419,29693.6
2026-01-13 11:30:00,0.32433,0.32652,0.32372,0.32392,15839.8
2026-01-13 11:45:00,0.32354,0.32481,0.3231,0.3246,5703.0
2026-01-13 12:00:00,0.32509,0.32713,0.32481,0.32667,74055.1
2026-01-13 12:15:00,0.32616,0.32806,0.32595,0.32615,49553.0
2026-01-13 12:30:00,0.32636,0.32687,0.32603,0.32684,2097.0
2026-01-13 12:45:00,0.32685,0.33075,0.32639,0.32865,17230.8
2026-01-13 13:00:00,0.32873,0.32944,0.32776,0.32818,56571.3
2026-01-13 13:15:00,0.32817,0.32899,0.32728,0.32899,2208.1
2026-01-13 13:30:00,0.32953,0.33406,0.32953,0.33406,74277.6
2026-01-13 13:45:00,0.33431,0.33431,0.33271,0.33344,18282.0
2026-01-13 14:00:00,0.3335,0.33429,0.33287,0.33356,16818.7
2026-01-13 14:15:00,0.33385,0.33975,0.33385,0.33975,433000.8
2026-01-13 14:30:00,0.33938,0.34274,0.339,0.34145,126669.5
2026-01-13 14:45:00,0.34158,0.34173,0.33631,0.33631,88902.2
2026-01-13 15:00:00,0.33638,0.33857,0.33487,0.33652,42570.7
2026-01-13 15:15:00,0.33662,0.33724,0.33358,0.33673,27137.0
2026-01-13 15:30:00,0.3374,0.34145,0.33736,0.34145,63301.3
2026-01-13 15:45:00,0.34165,0.34419,0.33975,0.34356,76577.9
2026-01-13 16:00:00,0.34365,0.34949,0.34365,0.34783,43933.3
2026-01-13 16:15:00,0.34777,0.34905,0.34644,0.34794,14071.1
2026-01-13 16:30:00,0.34844,0.35395,0.34844,0.35261,486545.4
2026-01-13 16:45:00,0.3528,0.35658,0.35277,0.35421,98350.2
2026-01-13 17:00:00,0.35458,0.35611,0.34993,0.35018,111824.8
2026-01-13 17:15:00,0.35025,0.35244,0.34835,0.35179,487143.7
2026-01-13 17:30:00,0.3522,0.35443,0.35032,0.35357,166298.9
2026-01-13 17:45:00,0.35406,0.36319,0.35406,0.36065,216384.1
2026-01-13 18:00:00,0.35988,0.36493,0.35781,0.3629,206372.6
2026-01-13 18:15:00,0.36306,0.36644,0.35842,0.35889,385126.0
2026-01-13 18:30:00,0.35951,0.36208,0.35785,0.36014,136182.8
2026-01-13 18:45:00,0.35892,0.36219,0.35656,0.35695,231198.9
2026-01-13 19:00:00,0.35662,0.35662,0.35279,0.35449,177403.8
2026-01-13 19:15:00,0.35516,0.35685,0.3545,0.35602,44081.7
2026-01-13 19:30:00,0.35631,0.35651,0.35395,0.35428,37056.3
2026-01-13 19:45:00,0.35467,0.35588,0.35446,0.35527,27821.9
2026-01-13 20:00:00,0.35625,0.35717,0.35479,0.35568,13740.0
2026-01-13 20:15:00,0.35529,0.35542,0.35358,0.35407,13268.8
2026-01-13 20:30:00,0.35373,0.35457,0.35156,0.35415,37728.3
2026-01-13 20:45:00,0.35463,0.35475,0.35303,0.35451,11588.9
2026-01-13 21:00:00,0.35437,0.35868,0.35437,0.35782,170804.1
2026-01-13 21:15:00,0.35782,0.36279,0.35782,0.3613,141794.0
2026-01-13 21:30:00,0.36108,0.36108,0.35884,0.36058,38917.5
2026-01-13 21:45:00,0.36089,0.36308,0.36089,0.36286,33493.9
2026-01-13 22:00:00,0.36314,0.376,0.36207,0.369,507720.0
2026-01-13 22:15:00,0.36882,0.37151,0.36686,0.37036,156077.7
2026-01-13 22:30:00,0.37002,0.37501,0.36956,0.373,241692.7
2026-01-13 22:45:00,0.37312,0.37405,0.36944,0.37047,108682.2
2026-01-13 23:00:00,0.37166,0.37166,0.36852,0.36889,108341.9
2026-01-13 23:15:00,0.36859,0.36972,0.36647,0.36727,62255.2
2026-01-13 23:30:00,0.36707,0.36734,0.36532,0.36707,77058.2
2026-01-13 23:45:00,0.36708,0.36732,0.36532,0.3671,11045.1
2026-01-14 00:00:00,0.36692,0.37044,0.36687,0.36897,164972.4
2026-01-14 00:15:00,0.36932,0.36948,0.36564,0.36766,75327.5
2026-01-14 00:30:00,0.36609,0.36707,0.36557,0.36608,19449.8
2026-01-14 00:45:00,0.3656,0.36733,0.3645,0.36729,18016.2
2026-01-14 01:00:00,0.36653,0.36816,0.3665,0.36652,20370.8
2026-01-14 01:15:00,0.3665,0.3665,0.36398,0.36478,16255.9
2026-01-14 01:30:00,0.36465,0.36549,0.3636,0.36436,91274.8
2026-01-14 01:45:00,0.36429,0.36564,0.36356,0.36496,74159.1
2026-01-14 02:00:00,0.36471,0.36471,0.36285,0.36385,80471.8
2026-01-14 02:15:00,0.36355,0.36355,0.36171,0.36202,18258.8
2026-01-14 02:30:00,0.36187,0.36187,0.36074,0.36142,12599.6
2026-01-14 02:45:00,0.36144,0.36208,0.35972,0.36002,6077.3
2026-01-14 03:00:00,0.36013,0.36083,0.35976,0.36046,3415.0
2026-01-14 03:15:00,0.36041,0.36166,0.36012,0.36145,40724.7
2026-01-14 03:30:00,0.36124,0.3617,0.36105,0.36155,4027.9
2026-01-14 03:45:00,0.36143,0.36259,0.36094,0.36257,72888.3
2026-01-14 04:00:00,0.3623,0.3624,0.36006,0.36035,6195.7
2026-01-14 04:15:00,0.36024,0.36158,0.36024,0.36123,3892.1
2026-01-14 04:30:00,0.361,0.36235,0.36097,0.36112,51235.8
2026-01-14 04:45:00,0.36082,0.36141,0.36039,0.36039,3703.5
2026-01-14 05:00:00,0.36,0.36018,0.35834,0.35932,20062.3
2026-01-14 05:15:00,0.3594,0.35992,0.35803,0.3582,4035.2
2026-01-14 05:30:00,0.3581,0.35932,0.35764,0.35913,9426.7
2026-01-14 05:45:00,0.35943,0.361,0.35943,0.36017,452621.8
2026-01-14 06:00:00,0.35985,0.36006,0.3591,0.36006,9189.4
2026-01-14 06:15:00,0.36029,0.36046,0.35845,0.35845,9691.9
2026-01-14 06:30:00,0.35845,0.35951,0.35717,0.35951,11005.6
2026-01-14 06:45:00,0.35952,0.3624,0.35946,0.3624,41892.1
2026-01-14 07:00:00,0.36201,0.3627,0.36047,0.36067,66268.7
2026-01-14 07:15:00,0.36088,0.36152,0.3598,0.3598,21827.8
2026-01-14 07:30:00,0.35981,0.36174,0.35931,0.3612,20949.9
2026-01-14 07:45:00,0.36122,0.3617,0.35999,0.36039,13146.4
2026-01-14 08:00:00,0.36064,0.36181,0.36035,0.36181,12417.3
2026-01-14 08:15:00,0.36182,0.36193,0.3614,0.36181,77162.8
2026-01-14 08:30:00,0.36186,0.36218,0.36163,0.36197,61102.1
2026-01-14 08:45:00,0.36197,0.36235,0.36164,0.36209,15164.1
2026-01-14 09:00:00,0.36165,0.36333,0.36165,0.36333,26087.9
2026-01-14 09:15:00,0.36298,0.36298,0.36189,0.36198,5868.7
2026-01-14 09:30:00,0.36188,0.36235,0.3611,0.3611,80370.4
2026-01-14 09:45:00,0.36128,0.36205,0.36128,0.36165,7698.0
2026-01-14 10:00:00,0.3619,0.36441,0.36176,0.36441,52853.0
2026-01-14 10:15:00,0.36412,0.36412,0.3602,0.36151,94739.8
2026-01-14 10:30:00,0.36187,0.362,0.35971,0.36027,16272.8
2026-01-14 10:45:00,0.36044,0.36155,0.36044,0.36146,3123.5
2026-01-14 11:00:00,0.36148,0.36255,0.36047,0.36097,15691.1
2026-01-14 11:15:00,0.36097,0.36363,0.36039,0.36363,8756.2
2026-01-14 11:30:00,0.36243,0.36305,0.36156,0.36223,2154.7
2026-01-14 11:45:00,0.36236,0.36236,0.36145,0.36175,5155.1
2026-01-14 12:00:00,0.36226,0.36351,0.36217,0.36338,20761.9
2026-01-14 12:15:00,0.36316,0.36316,0.36206,0.36278,53039.0
2026-01-14 12:30:00,0.36252,0.36282,0.36162,0.36173,92006.1
2026-01-14 12:45:00,0.36161,0.36239,0.36087,0.36239,288390.2
2026-01-14 13:00:00,0.3619,0.36219,0.361,0.3617,35237.2
2026-01-14 13:15:00,0.36179,0.36335,0.36163,0.36236,19559.6
2026-01-14 13:30:00,0.3617,0.3617,0.3597,0.35977,3983.6
2026-01-14 13:45:00,0.3596,0.35965,0.35413,0.35551,864256.4
2026-01-14 14:00:00,0.3551,0.35872,0.3551,0.35852,135749.9
2026-01-14 14:15:00,0.35819,0.35893,0.35779,0.35783,227699.9
2026-01-14 14:30:00,0.35772,0.35951,0.35682,0.35831,41783.1
2026-01-14 14:45:00,0.35791,0.36144,0.35779,0.35804,573095.3
2026-01-14 15:00:00,0.35814,0.36024,0.35529,0.35964,1559096.6
2026-01-14 15:15:00,0.35984,0.36096,0.3588,0.35983,204247.2
2026-01-14 15:30:00,0.35873,0.36016,0.35699,0.35789,132944.7
2026-01-14 15:45:00,0.35804,0.35908,0.35734,0.35856,45647.4
2026-01-14 16:00:00,0.35883,0.36409,0.35883,0.36133,1411349.2
2026-01-14 16:15:00,0.36135,0.36145,0.35868,0.35882,367747.3
2026-01-14 16:30:00,0.35897,0.36021,0.35717,0.35995,94111.1
2026-01-14 16:45:00,0.359,0.36009,0.35788,0.35848,4129.1
2026-01-14 17:00:00,0.35852,0.35945,0.35851,0.35901,24991.4
2026-01-14 17:15:00,0.35876,0.35957,0.35843,0.35859,20011.1
2026-01-14 17:30:00,0.35809,0.35822,0.35438,0.35748,24808.8
2026-01-14 17:45:00,0.35676,0.35749,0.35502,0.3556,18640.8
2026-01-14 18:00:00,0.35569,0.35748,0.35558,0.35558,23553.7
2026-01-14 18:15:00,0.35526,0.35585,0.35388,0.35567,11569.5
2026-01-14 18:30:00,0.35604,0.35604,0.35057,0.35082,87787.1
2026-01-14 18:45:00,0.35009,0.35344,0.34979,0.35245,60942.7
2026-01-14 19:00:00,0.35189,0.35325,0.35165,0.35188,5347.7
2026-01-14 19:15:00,0.35254,0.35661,0.35254,0.35661,43280.2
2026-01-14 19:30:00,0.35717,0.35798,0.35446,0.35518,17205.5
2026-01-14 19:45:00,0.35498,0.35546,0.35422,0.35456,2575.0
2026-01-14 20:00:00,0.35457,0.35625,0.35407,0.3552,9688.9
2026-01-14 20:15:00,0.35499,0.35518,0.35349,0.3536,4395.4
2026-01-14 20:30:00,0.35377,0.35485,0.35377,0.35388,18109.2
2026-01-14 20:45:00,0.35366,0.35434,0.35296,0.35434,11721.1
2026-01-14 21:00:00,0.35423,0.35548,0.35414,0.35414,4424.2
2026-01-14 21:15:00,0.35407,0.35604,0.35347,0.35604,295896.2
2026-01-14 21:30:00,0.35506,0.35508,0.35339,0.35341,38284.9
2026-01-14 21:45:00,0.35344,0.35402,0.35226,0.3533,365036.2
2026-01-14 22:00:00,0.3535,0.3535,0.35229,0.35261,38362.0
2026-01-14 22:15:00,0.35251,0.3534,0.35211,0.35241,1188.5
2026-01-14 22:30:00,0.35237,0.35274,0.35055,0.35084,3593.1
2026-01-14 22:45:00,0.35064,0.35148,0.35046,0.35126,39393.1
2026-01-14 23:00:00,0.35109,0.3525,0.35109,0.3523,51310.3
2026-01-14 23:15:00,0.35271,0.35276,0.3508,0.35081,3565.2
2026-01-14 23:30:00,0.3508,0.35122,0.35023,0.3507,10209.2
2026-01-14 23:45:00,0.35127,0.35134,0.35102,0.35102,5411.8
2026-01-15 00:00:00,0.35127,0.35277,0.35005,0.35277,30303.6
2026-01-15 00:15:00,0.35285,0.3549,0.35209,0.35209,305333.4
2026-01-15 00:30:00,0.35232,0.35321,0.35163,0.35272,12090.6
2026-01-15 00:45:00,0.35261,0.35407,0.3513,0.35407,41844.9
2026-01-15 01:00:00,0.35435,0.35536,0.35408,0.35408,56392.5
2026-01-15 01:15:00,0.35407,0.35485,0.35327,0.35442,29703.3
2026-01-15 01:30:00,0.35446,0.3554,0.35298,0.35405,131514.2
2026-01-15 01:45:00,0.35429,0.35444,0.35312,0.35327,26346.9
2026-01-15 02:00:00,0.35331,0.35414,0.35258,0.35268,14270.4
2026-01-15 02:15:00,0.35255,0.35386,0.35236,0.35247,1178.7
2026-01-15 02:30:00,0.35275,0.35294,0.35018,0.35185,12666.5
2026-01-15 02:45:00,0.35174,0.35174,0.35022,0.35074,5244.6
2026-01-15 03:00:00,0.35097,0.35157,0.35028,0.35095,21070.5
2026-01-15 03:15:00,0.35145,0.35189,0.34739,0.34739,296279.7
2026-01-15 03:30:00,0.34736,0.34829,0.34499,0.34702,57405.7
2026-01-15 03:45:00,0.34623,0.34753,0.3462,0.34753,14280.6
2026-01-15 04:00:00,0.34689,0.34885,0.34683,0.34854,28151.0
2026-01-15 04:15:00,0.34887,0.34978,0.34806,0.3486,10897.7
2026-01-15 04:30:00,0.34842,0.34958,0.34842,0.34926,6523.3
2026-01-15 04:45:00,0.34909,0.34988,0.34908,0.34937,6720.4
2026-01-15 05:00:00,0.34944,0.35022,0.34899,0.34927,6511.2
2026-01-15 05:15:00,0.34939,0.34964,0.34818,0.34828,2695.1
2026-01-15 05:30:00,0.34849,0.34849,0.34758,0.34845,7721.4
2026-01-15 05:45:00,0.34835,0.34867,0.34772,0.34772,57926.6
2026-01-15 06:00:00,0.34838,0.3488,0.3476,0.34851,47452.0
2026-01-15 06:15:00,0.34867,0.35155,0.34855,0.35082,15339.5
2026-01-15 06:30:00,0.35045,0.35045,0.34841,0.34845,7381.9
2026-01-15 06:45:00,0.34825,0.34861,0.34785,0.34836,4195.7
2026-01-15 07:00:00,0.34816,0.34947,0.34816,0.34903,5521.3
2026-01-15 07:15:00,0.34901,0.35164,0.34901,0.35143,60193.7
2026-01-15 07:30:00,0.35144,0.35463,0.35144,0.35451,46786.9
2026-01-15 07:45:00,0.35484,0.35557,0.35344,0.35344,63828.6
2026-01-15 08:00:00,0.35363,0.35401,0.35326,0.35394,16368.7
2026-01-15 08:15:00,0.35428,0.35443,0.35163,0.35163,14119.1
2026-01-15 08:30:00,0.3516,0.35266,0.35138,0.35252,15327.2
2026-01-15 08:45:00,0.35251,0.35282,0.35213,0.35269,27035.6
2026-01-15 09:00:00,0.35254,0.35261,0.35117,0.35117,142652.9
2026-01-15 09:15:00,0.35107,0.35281,0.35054,0.35281,10267.4
2026-01-15 09:30:00,0.35226,0.35505,0.35141,0.35505,21874.4
2026-01-15 09:45:00,0.35511,0.35661,0.35511,0.35539,18481.0
2026-01-15 10:00:00,0.35548,0.3558,0.35494,0.35519,156175.1
2026-01-15 10:15:00,0.35557,0.35758,0.35477,0.35477,117208.0
2026-01-15 10:30:00,0.35477,0.35519,0.35431,0.35456,15146.7
2026-01-15 10:45:00,0.35463,0.35547,0.35463,0.35529,1241.3
2026-01-15 11:00:00,0.35529,0.35609,0.35498,0.35589,7566.4
2026-01-15 11:15:00,0.35592,0.35592,0.35478,0.3548,2251.8
2026-01-15 11:30:00,0.35509,0.35517,0.35367,0.35496,2469.3
2026-01-15 11:45:00,0.35497,0.35608,0.35497,0.3557,5506.2
2026-01-15 12:00:00,0.3558,0.36023,0.35547,0.35957,45366.1
2026-01-15 12:15:00,0.35932,0.3627,0.35884,0.3627,10048.0
2026-01-15 12:30:00,0.36212,0.36479,0.35557,0.35618,70129.9
2026-01-15 12:45:00,0.35602,0.35717,0.35398,0.35705,20092.9
2026-01-15 13:00:00,0.357,0.35712,0.35574,0.35574,46685.4
2026-01-15 13:15:00,0.35574,0.35785,0.35503,0.35731,12151.4
2026-01-15 13:30:00,0.35734,0.35734,0.35402,0.35542,274861.5
2026-01-15 13:45:00,0.35625,0.35673,0.35518,0.35523,346744.5
2026-01-15 14:00:00,0.35516,0.35579,0.35439,0.35471,5530.9
2026-01-15 14:15:00,0.35458,0.35458,0.35245,0.35295,21935.9
2026-01-15 14:30:00,0.35287,0.3537,0.349,0.34994,33994.6
2026-01-15 14:45:00,0.3491,0.35079,0.34701,0.34892,24575.7
2026-01-15 15:00:00,0.34914,0.3508,0.34881,0.34939,20592.9
2026-01-15 15:15:00,0.34916,0.34946,0.34592,0.34613,44546.1
2026-01-15 15:30:00,0.34596,0.34735,0.34331,0.34436,44990.4
2026-01-15 15:45:00,0.34443,0.34488,0.3403,0.34398,97358.2
2026-01-15 16:00:00,0.34443,0.34464,0.34055,0.3433,33122.9
2026-01-15 16:15:00,0.34316,0.34387,0.34238,0.34327,9911.9
2026-01-15 16:30:00,0.34334,0.34748,0.343,0.34689,58053.6
2026-01-15 16:45:00,0.34624,0.34754,0.34608,0.34633,12662.3
2026-01-15 17:00:00,0.34596,0.34736,0.34499,0.34532,32245.4
2026-01-15 17:15:00,0.34447,0.34611,0.34447,0.34577,6833.5
2026-01-15 17:30:00,0.34553,0.34794,0.34553,0.3475,14227.4
2026-01-15 17:45:00,0.34732,0.34767,0.34281,0.34283,22694.9
2026-01-15 18:00:00,0.34371,0.34462,0.34098,0.34126,65363.7
2026-01-15 18:15:00,0.34133,0.34182,0.33959,0.34182,15887.1
2026-01-15 18:30:00,0.34128,0.34179,0.33649,0.33997,780876.7
2026-01-15 18:45:00,0.3397,0.34071,0.33885,0.33909,205502.3
2026-01-15 19:00:00,0.33933,0.33933,0.33661,0.33825,118016.5
2026-01-15 19:15:00,0.3378,0.33965,0.33702,0.33729,12653.6
2026-01-15 19:30:00,0.33743,0.33945,0.33685,0.33794,34397.2
2026-01-15 19:45:00,0.33792,0.33929,0.33792,0.33911,16108.1
2026-01-15 20:00:00,0.33901,0.34138,0.33887,0.34138,9012.7
2026-01-15 20:15:00,0.34138,0.34139,0.33805,0.33805,16832.4
2026-01-15 20:30:00,0.33823,0.33879,0.33742,0.33742,9354.3
2026-01-15 20:45:00,0.3374,0.3374,0.33577,0.33627,21680.6
2026-01-15 21:00:00,0.33651,0.33845,0.33651,0.33845,8398.9
2026-01-15 21:15:00,0.33837,0.33955,0.33814,0.33925,2311.6
2026-01-15 21:30:00,0.33894,0.33916,0.33861,0.33892,3664.9
2026-01-15 21:45:00,0.33899,0.33928,0.3384,0.33852,3841.8
2026-01-15 22:00:00,0.33866,0.33985,0.33843,0.33922,21073.1
2026-01-15 22:15:00,0.33962,0.34129,0.33962,0.34114,14599.1
2026-01-15 22:30:00,0.3411,0.34195,0.34072,0.34075,16598.6
2026-01-15 22:45:00,0.34069,0.34076,0.33924,0.33924,6736.2
2026-01-15 23:00:00,0.33892,0.33997,0.33866,0.33997,16849.9
2026-01-15 23:15:00,0.33996,0.34079,0.33981,0.33989,1881.3
2026-01-15 23:30:00,0.34004,0.34106,0.34004,0.34102,2990.7
2026-01-15 23:45:00,0.34095,0.34131,0.34056,0.34077,16199.3
2026-01-16 00:00:00,0.34071,0.34139,0.34044,0.34139,75568.9
2026-01-16 00:15:00,0.34136,0.34193,0.34094,0.34144,37047.4
2026-01-16 00:30:00,0.34128,0.34158,0.341,0.34134,6517.0
2026-01-16 00:45:00,0.3408,0.34166,0.34065,0.34065,36396.5
2026-01-16 01:00:00,0.34071,0.34079,0.33975,0.34003,2690.9
2026-01-16 01:15:00,0.34027,0.34125,0.34027,0.34082,2114.2
2026-01-16 01:30:00,0.34092,0.34314,0.34092,0.3417,8613.7
2026-01-16 01:45:00,0.34158,0.34209,0.34127,0.34127,2181.7
2026-01-16 02:00:00,0.34107,0.34107,0.33752,0.33814,45627.9
2026-01-16 02:15:00,0.33837,0.34256,0.33817,0.34256,7738.2
2026-01-16 02:30:00,0.34247,0.34302,0.34181,0.34275,84426.3
2026-01-16 02:45:00,0.3429,0.34422,0.34284,0.34379,11175.3
2026-01-16 03:00:00,0.34378,0.34402,0.34316,0.34316,2262.8
2026-01-16 03:15:00,0.34295,0.34295,0.34164,0.34174,2667.3
2026-01-16 03:30:00,0.3416,0.34187,0.33989,0.34157,13453.5
2026-01-16 03:45:00,0.34159,0.34168,0.34033,0.34043,9123.3
2026-01-16 04:00:00,0.34038,0.34072,0.33989,0.34052,2294.4
2026-01-16 04:15:00,0.34051,0.34072,0.33961,0.33983,5399.0
2026-01-16 04:30:00,0.3395,0.33964,0.33815,0.33815,19867.9
2026-01-16 04:45:00,0.33847,0.33853,0.33643,0.33748,10489.8
2026-01-16 05:00:00,0.33751,0.33855,0.33749,0.3383,11164.0
2026-01-16 05:15:00,0.33806,0.33939,0.33777,0.33802,8724.7
2026-01-16 05:30:00,0.33813,0.33994,0.33813,0.33984,26168.9
2026-01-16 05:45:00,0.33973,0.34084,0.33967,0.33971,5773.2
2026-01-16 06:00:00,0.33986,0.33998,0.33881,0.33908,8081.0
2026-01-16 06:15:00,0.33898,0.33993,0.33898,0.33974,2202.8
2026-01-16 06:30:00,0.33967,0.34074,0.33955,0.34045,2617.5
2026-01-16 06:45:00,0.34054,0.34097,0.34026,0.34085,10006.3
2026-01-16 07:00:00,0.34065,0.34175,0.34029,0.34164,11014.0
2026-01-16 07:15:00,0.34155,0.34186,0.34027,0.34027,8237.3
2026-01-16 07:30:00,0.34007,0.34015,0.33953,0.33973,5367.2
2026-01-16 07:45:00,0.33973,0.3401,0.33954,0.33995,2706.0
2026-01-16 08:00:00,0.34029,0.34115,0.34011,0.34071,10136.7
2026-01-16 08:15:00,0.34079,0.34119,0.34049,0.34088,2726.4
2026-01-16 08:30:00,0.34128,0.3418,0.34098,0.34167,3618.3
2026-01-16 08:45:00,0.34153,0.34175,0.34059,0.34073,5579.9
2026-01-16 09:00:00,0.34075,0.34105,0.34049,0.34063,3969.2
2026-01-16 09:15:00,0.34046,0.34046,0.33984,0.34041,2619.8
2026-01-16 09:30:00,0.34028,0.34057,0.33993,0.34057,1837.7
2026-01-16 09:45:00,0.34086,0.34152,0.34077,0.34104,6562.3
2026-01-16 10:00:00,0.34117,0.34125,0.34003,0.34043,10043.8
2026-01-16 10:15:00,0.34041,0.34041,0.3395,0.34007,15884.4
2026-01-16 10:30:00,0.33993,0.34006,0.33937,0.33937,2451.0
2026-01-16 10:45:00,0.33955,0.33975,0.33925,0.33929,1979.2
2026-01-16 11:00:00,0.33939,0.34008,0.33858,0.33858,8119.3
2026-01-16 11:15:00,0.33871,0.33978,0.33831,0.33978,3272.7
2026-01-16 11:30:00,0.33977,0.34062,0.33913,0.33913,2305.9
2026-01-16 11:45:00,0.33898,0.33984,0.33869,0.33905,10615.4
2026-01-16 12:00:00,0.3392,0.33929,0.33848,0.3386,1688.5
2026-01-16 12:15:00,0.33867,0.33902,0.33838,0.33884,5363.8
2026-01-16 12:30:00,0.33845,0.33865,0.33746,0.33746,3048.6
2026-01-16 12:45:00,0.33741,0.3376,0.33727,0.3376,3817.6
2026-01-16 13:00:00,0.33765,0.33776,0.33636,0.3368,122969.5
2026-01-16 13:15:00,0.33672,0.33672,0.33518,0.33597,54012.0
2026-01-16 13:30:00,0.33606,0.33637,0.33432,0.33575,11082.0
2026-01-16 13:45:00,0.33596,0.33607,0.33528,0.3354,25736.4
2026-01-16 14:00:00,0.33534,0.33628,0.33522,0.33537,5929.8
2026-01-16 14:15:00,0.33534,0.33643,0.33393,0.33643,387291.7
2026-01-16 14:30:00,0.33681,0.33681,0.33539,0.33625,19834.9
2026-01-16 14:45:00,0.33617,0.33686,0.33545,0.33545,44852.1
2026-01-16 15:00:00,0.33516,0.33687,0.33474,0.33649,6484.6
2026-01-16 15:15:00,0.33593,0.33593,0.33113,0.33113,91396.5
2026-01-16 15:30:00,0.33143,0.33143,0.32789,0.32844,124501.7
2026-01-16 15:45:00,0.32773,0.3279,0.32551,0.3279,180878.2
2026-01-16 16:00:00,0.32757,0.32812,0.3264,0.3279,26600.3
2026-01-16 16:15:00,0.32803,0.33025,0.32734,0.32921,22635.5
2026-01-16 16:30:00,0.32882,0.3305,0.32882,0.33038,48138.4
2026-01-16 16:45:00,0.33052,0.33127,0.32916,0.32916,38405.3
2026-01-16 17:00:00,0.3291,0.3291,0.32691,0.32702,11031.7
2026-01-16 17:15:00,0.32705,0.32781,0.32562,0.3274,13960.0
2026-01-16 17:30:00,0.32771,0.32943,0.32771,0.32943,10573.8
2026-01-16 17:45:00,0.32942,0.33013,0.32867,0.33013,306761.0
2026-01-16 18:00:00,0.33052,0.33132,0.33052,0.33112,13714.1
2026-01-16 18:15:00,0.33066,0.33176,0.33066,0.33159,8381.6
2026-01-16 18:30:00,0.33169,0.33177,0.33098,0.33137,4626.8
2026-01-16 18:45:00,0.33134,0.33134,0.33009,0.33023,6568.4
2026-01-16 19:00:00,0.32994,0.3302,0.32886,0.32895,4065.4
2026-01-16 19:15:00,0.3287,0.33009,0.3283,0.32933,7222.5
2026-01-16 19:30:00,0.32921,0.33194,0.32921,0.33138,26505.4
2026-01-16 19:45:00,0.33127,0.33269,0.33127,0.33269,11967.4
2026-01-16 20:00:00,0.33267,0.33286,0.33039,0.33183,5556.3
2026-01-16 20:15:00,0.33189,0.33475,0.33189,0.33475,7951.5
2026-01-16 20:30:00,0.33487,0.33836,0.33487,0.33694,67857.4
2026-01-16 20:45:00,0.33697,0.33804,0.33653,0.33781,5821.9
2026-01-16 21:00:00,0.3379,0.33908,0.33731,0.33738,24829.1
2026-01-16 21:15:00,0.33693,0.33756,0.33656,0.33746,13488.9
2026-01-16 21:30:00,0.33797,0.33876,0.33787,0.33835,2706.0
2026-01-16 21:45:00,0.33835,0.33881,0.33798,0.33821,39603.9
2026-01-16 22:00:00,0.33812,0.3395,0.33776,0.33862,72254.1
2026-01-16 22:15:00,0.3388,0.33965,0.33819,0.33866,13883.6
2026-01-16 22:30:00,0.33836,0.33927,0.33767,0.33767,36929.3
2026-01-16 22:45:00,0.33816,0.33928,0.33816,0.33914,3471.7
2026-01-16 23:00:00,0.33949,0.33968,0.33787,0.3383,2940.8
2026-01-16 23:15:00,0.33843,0.33887,0.33807,0.33884,1698.3
2026-01-16 23:30:00,0.33877,0.33905,0.33795,0.33811,1353.5
2026-01-16 23:45:00,0.33816,0.33954,0.33804,0.33947,2886.9
2026-01-17 00:00:00,0.33976,0.33993,0.33874,0.33993,29701.2
2026-01-17 00:15:00,0.33987,0.34045,0.33864,0.33917,85902.1
2026-01-17 00:30:00,0.33899,0.34156,0.33855,0.34106,68505.8
2026-01-17 00:45:00,0.34091,0.34193,0.34091,0.34138,18133.8
2026-01-17 01:00:00,0.34144,0.34267,0.34092,0.34231,7168.3
2026-01-17 01:15:00,0.34255,0.34355,0.34229,0.34355,13334.6
2026-01-17 01:30:00,0.34354,0.34355,0.34165,0.34244,3597.2
2026-01-17 01:45:00,0.34221,0.34327,0.34221,0.3425,3974.2
2026-01-17 02:00:00,0.34308,0.34352,0.34102,0.34115,45052.2
2026-01-17 02:15:00,0.34046,0.34144,0.34019,0.34019,16636.8
2026-01-17 02:30:00,0.34013,0.34038,0.33947,0.34005,2914.6
2026-01-17 02:45:00,0.34039,0.34052,0.34018,0.34049,1216.1
2026-01-17 03:00:00,0.34103,0.34117,0.34019,0.34096,5410.9
2026-01-17 03:15:00,0.34102,0.34262,0.34102,0.34179,4447.1
2026-01-17 03:30:00,0.3418,0.34189,0.33993,0.34024,4481.7
2026-01-17 03:45:00,0.3406,0.34164,0.34027,0.34152,8966.1
2026-01-17 04:00:00,0.34132,0.34132,0.3396,0.34044,6316.2
2026-01-17 04:15:00,0.34027,0.34105,0.3398,0.34105,1716.3
2026-01-17 04:30:00,0.34117,0.34246,0.34117,0.34197,6370.7
2026-01-17 04:45:00,0.34168,0.34351,0.34168,0.34274,26443.5
2026-01-17 05:00:00,0.34295,0.34357,0.34289,0.34357,5394.1
2026-01-17 05:15:00,0.34353,0.34487,0.34348,0.34467,13225.5
2026-01-17 05:30:00,0.34486,0.34549,0.34418,0.34477,11676.0
2026-01-17 05:45:00,0.34446,0.34474,0.34354,0.3439,1471.8
2026-01-17 06:00:00,0.34369,0.34491,0.34329,0.34491,2432.8
2026-01-17 06:15:00,0.34431,0.34488,0.34401,0.34456,1463.4
2026-01-17 06:30:00,0.34458,0.34459,0.34345,0.34345,1258.0
2026-01-17 06:45:00,0.34344,0.34379,0.34263,0.34346,1564.0
2026-01-17 07:00:00,0.34306,0.34388,0.34246,0.34388,1069.3
2026-01-17 07:15:00,0.34396,0.34708,0.34396,0.34698,8641.4
2026-01-17 07:30:00,0.34695,0.34752,0.34599,0.34599,8521.4
2026-01-17 07:45:00,0.34674,0.3475,0.34661,0.34709,6376.2
2026-01-17 08:00:00,0.347,0.35019,0.347,0.34921,76262.2
2026-01-17 08:15:00,0.3491,0.34941,0.34794,0.34817,3928.0
2026-01-17 08:30:00,0.34793,0.3503,0.34703,0.35007,5840.2
2026-01-17 08:45:00,0.35059,0.35249,0.34923,0.35013,32094.5
2026-01-17 09:00:00,0.35095,0.35095,0.34865,0.34869,81982.5
2026-01-17 09:15:00,0.34842,0.34976,0.34842,0.34879,1820.6
2026-01-17 09:30:00,0.34874,0.34892,0.34753,0.34791,4794.0
2026-01-17 09:45:00,0.34769,0.34811,0.34717,0.3477,3558.1
2026-01-17 10:00:00,0.34771,0.34884,0.34721,0.34869,3992.2
2026-01-17 10:15:00,0.34851,0.35222,0.34851,0.35184,11182.2
2026-01-17 10:30:00,0.35174,0.35174,0.34939,0.34954,4799.8
2026-01-17 10:45:00,0.34957,0.3502,0.3494,0.34998,8961.0
2026-01-17 11:00:00,0.3495,0.35035,0.34927,0.34927,1023.9
2026-01-17 11:15:00,0.3494,0.35124,0.34897,0.35053,35979.0
2026-01-17 11:30:00,0.35026,0.35041,0.34781,0.34822,10211.6
2026-01-17 11:45:00,0.34767,0.3484,0.34735,0.34801,62535.7
2026-01-17 12:00:00,0.34765,0.34902,0.3475,0.34892,4086.8
2026-01-17 12:15:00,0.34912,0.35353,0.34911,0.35338,31195.0
2026-01-17 12:30:00,0.35327,0.35385,0.35236,0.35385,39714.1
2026-01-17 12:45:00,0.35411,0.35414,0.35084,0.35182,11353.6
2026-01-17 13:00:00,0.3525,0.3525,0.34961,0.35041,4482.5
2026-01-17 13:15:00,0.34955,0.35054,0.34955,0.34967,1872.7
2026-01-17 13:30:00,0.34971,0.35169,0.34971,0.35018,2735.5
2026-01-17 13:45:00,0.34999,0.35085,0.34999,0.35033,5552.2
2026-01-17 14:00:00,0.35046,0.35056,0.34965,0.35045,3393.6
2026-01-17 14:15:00,0.35026,0.35047,0.34956,0.34995,1880.2
2026-01-17 14:30:00,0.35006,0.35556,0.35006,0.35381,176058.4
2026-01-17 14:45:00,0.3537,0.35465,0.3531,0.35459,2461.9
2026-01-17 15:00:00,0.35429,0.355,0.35348,0.3535,18664.0
2026-01-17 15:15:00,0.3533,0.35336,0.35034,0.35046,18481.3
2026-01-17 15:30:00,0.3504,0.35306,0.3504,0.35133,36821.6
2026-01-17 15:45:00,0.35163,0.35307,0.35137,0.35277,15681.0
2026-01-17 16:00:00,0.3534,0.35443,0.35291,0.3536,45783.3
2026-01-17 16:15:00,0.35328,0.35346,0.35082,0.35132,48136.2
2026-01-17 16:30:00,0.35201,0.35201,0.34846,0.34873,35697.8
2026-01-17 16:45:00,0.34902,0.34981,0.34831,0.34981,23578.5
2026-01-17 17:00:00,0.34999,0.35117,0.34885,0.35068,22690.5
2026-01-17 17:15:00,0.35074,0.35075,0.34912,0.34912,6388.3
2026-01-17 17:30:00,0.3491,0.34917,0.34749,0.34856,21839.6
2026-01-17 17:45:00,0.34875,0.34914,0.3476,0.34867,4735.5
2026-01-17 18:00:00,0.34878,0.34918,0.34783,0.34909,15190.0
2026-01-17 18:15:00,0.34917,0.34996,0.34858,0.34858,2921.0
2026-01-17 18:30:00,0.34858,0.34936,0.34858,0.34876,1523.3
2026-01-17 18:45:00,0.34876,0.34941,0.34876,0.34938,13285.7
2026-01-17 19:00:00,0.34922,0.35001,0.34912,0.34966,1646.7
2026-01-17 19:15:00,0.34965,0.35018,0.34889,0.35018,14361.4
2026-01-17 19:30:00,0.34968,0.34968,0.34862,0.34897,4361.1
2026-01-17 19:45:00,0.34853,0.34926,0.34798,0.34925,67399.7
2026-01-17 20:00:00,0.34962,0.35,0.34834,0.34919,61251.5
2026-01-17 20:15:00,0.34938,0.34979,0.34827,0.34866,106023.2
2026-01-17 20:30:00,0.34846,0.34866,0.34804,0.34816,7037.6
2026-01-17 20:45:00,0.34813,0.3485,0.34794,0.34842,45347.9
2026-01-17 21:00:00,0.34842,0.34842,0.3471,0.34713,25029.8
2026-01-17 21:15:00,0.34736,0.34799,0.34711,0.34758,1892.2
2026-01-17 21:30:00,0.34719,0.34734,0.34663,0.34725,5218.0
2026-01-17 21:45:00,0.34732,0.34817,0.34732,0.34811,23571.0
2026-01-17 22:00:00,0.34811,0.3485,0.34743,0.34775,14605.0
2026-01-17 22:15:00,0.34778,0.34824,0.34701,0.34701,7194.8
2026-01-17 22:30:00,0.34672,0.34672,0.34524,0.34594,24799.7
2026-01-17 22:45:00,0.34583,0.34644,0.34511,0.34603,14132.3
2026-01-17 23:00:00,0.34548,0.34657,0.34516,0.34657,9052.4
2026-01-17 23:15:00,0.34625,0.34677,0.34539,0.34582,61549.7
2026-01-17 23:30:00,0.34584,0.34651,0.34557,0.3464,1206.8
2026-01-17 23:45:00,0.3461,0.34688,0.34601,0.34635,1839.7
2026-01-18 00:00:00,0.34645,0.35002,0.34645,0.35002,3443.0
2026-01-18 00:15:00,0.34921,0.34982,0.34799,0.34828,100315.7
2026-01-18 00:30:00,0.34875,0.34885,0.34661,0.34701,59702.8
2026-01-18 00:45:00,0.34691,0.3473,0.3461,0.34621,11625.9
2026-01-18 01:00:00,0.34622,0.34712,0.3438,0.3438,17682.0
2026-01-18 01:15:00,0.34368,0.34461,0.3433,0.34354,6003.4
2026-01-18 01:30:00,0.34357,0.34367,0.34292,0.34356,2221.1
2026-01-18 01:45:00,0.3434,0.34351,0.34233,0.343,4735.2
2026-01-18 02:00:00,0.3431,0.34483,0.3431,0.34377,2372.9
2026-01-18 02:15:00,0.34392,0.34425,0.34203,0.34241,9050.7
2026-01-18 02:30:00,0.34231,0.34241,0.34149,0.3422,7961.0
2026-01-18 02:45:00,0.34235,0.3427,0.34196,0.34249,10813.3
2026-01-18 03:00:00,0.34243,0.34341,0.34226,0.34331,5225.1
2026-01-18 03:15:00,0.34334,0.34334,0.34243,0.3433,1528.9
2026-01-18 03:30:00,0.34324,0.34395,0.34303,0.34303,6578.6
2026-01-18 03:45:00,0.34336,0.34336,0.34188,0.34207,147349.3
2026-01-18 04:00:00,0.34164,0.34164,0.34021,0.34056,10373.5
2026-01-18 04:15:00,0.34034,0.34054,0.34011,0.3404,3809.0
2026-01-18 04:30:00,0.34068,0.34068,0.34006,0.34049,6152.9
2026-01-18 04:45:00,0.34048,0.34125,0.34047,0.3411,927.7
2026-01-18 05:00:00,0.34087,0.34102,0.34023,0.34074,1952.9
2026-01-18 05:15:00,0.34079,0.34114,0.34052,0.34081,2129.8
2026-01-18 05:30:00,0.34054,0.34081,0.34009,0.34061,1524.1
2026-01-18 05:45:00,0.34075,0.34647,0.34039,0.34554,75246.1
2026-01-18 06:00:00,0.34553,0.34592,0.34265,0.34301,24020.5
2026-01-18 06:15:00,0.34318,0.34318,0.34178,0.34178,7405.8
2026-01-18 06:30:00,0.34165,0.34203,0.34146,0.34168,7286.5
2026-01-18 06:45:00,0.34166,0.34184,0.34139,0.34145,3121.3
2026-01-18 07:00:00,0.3414,0.3414,0.3363,0.33678,57200.8
2026-01-18 07:15:00,0.33706,0.33882,0.33703,0.33882,8712.9
2026-01-18 07:30:00,0.33882,0.33972,0.33771,0.33959,14466.3
2026-01-18 07:45:00,0.3396,0.33993,0.3391,0.3391,4638.0
2026-01-18 08:00:00,0.33896,0.33951,0.33867,0.33913,4836.7
2026-01-18 08:15:00,0.33902,0.33934,0.33827,0.33909,7417.8
2026-01-18 08:30:00,0.33906,0.33906,0.3385,0.33858,12344.9
2026-01-18 08:45:00,0.33831,0.33898,0.33792,0.33874,2023.4
2026-01-18 09:00:00,0.33869,0.33913,0.33831,0.3391,19219.0
2026-01-18 09:15:00,0.33877,0.33908,0.33825,0.33855,1901.6
2026-01-18 09:30:00,0.33854,0.33951,0.33844,0.33935,11727.2
2026-01-18 09:45:00,0.33937,0.34063,0.33937,0.34033,33222.5
2026-01-18 10:00:00,0.34049,0.34049,0.33937,0.33985,5422.0
2026-01-18 10:15:00,0.33992,0.34072,0.33992,0.34011,7439.1
2026-01-18 10:30:00,0.33997,0.33998,0.33926,0.33983,3059.2
2026-01-18 10:45:00,0.33977,0.34061,0.3395,0.34058,1305.2
2026-01-18 11:00:00,0.34062,0.34126,0.34004,0.34077,7374.4
2026-01-18 11:15:00,0.34069,0.34136,0.34038,0.34038,1566.5
2026-01-18 11:30:00,0.34005,0.34164,0.34005,0.34132,6729.7
2026-01-18 11:45:00,0.3411,0.34155,0.34033,0.34033,36780.1
2026-01-18 12:00:00,0.34057,0.34063,0.33983,0.34033,3341.3
2026-01-18 12:15:00,0.34029,0.34114,0.3398,0.34114,2940.9
2026-01-18 12:30:00,0.3412,0.3412,0.33981,0.34068,1778.8
2026-01-18 12:45:00,0.34056,0.34107,0.33863,0.33909,6963.8
2026-01-18 13:00:00,0.33891,0.33918,0.33754,0.33826,9636.5
2026-01-18 13:15:00,0.33849,0.33878,0.33726,0.33751,54461.3
2026-01-18 13:30:00,0.33754,0.33954,0.33754,0.33948,38682.3
2026-01-18 13:45:00,0.33944,0.33946,0.33836,0.33847,1381.0
2026-01-18 14:00:00,0.33805,0.3394,0.33721,0.3394,10211.7
2026-01-18 14:15:00,0.33987,0.34045,0.33878,0.33885,27225.9
2026-01-18 14:30:00,0.33921,0.33971,0.33789,0.33789,9571.4
2026-01-18 14:45:00,0.33769,0.33789,0.33586,0.33648,26149.1
2026-01-18 15:00:00,0.33695,0.33752,0.33565,0.33752,3305.9
2026-01-18 15:15:00,0.33772,0.33993,0.33772,0.33993,32687.0
2026-01-18 15:30:00,0.33965,0.34075,0.33964,0.34062,4265.8
2026-01-18 15:45:00,0.34056,0.34133,0.34004,0.3413,11053.6
2026-01-18 16:00:00,0.34141,0.34245,0.34024,0.3423,30106.4
2026-01-18 16:15:00,0.34239,0.34357,0.34184,0.34206,16868.5
2026-01-18 16:30:00,0.34232,0.3425,0.34188,0.34204,2089.9
2026-01-18 16:45:00,0.34176,0.34187,0.34075,0.34131,8033.3
2026-01-18 17:00:00,0.34135,0.34161,0.34045,0.34045,10221.1
2026-01-18 17:15:00,0.33998,0.34092,0.33998,0.34079,4354.7
2026-01-18 17:30:00,0.3406,0.3407,0.33876,0.33876,3208.8
2026-01-18 17:45:00,0.3392,0.34132,0.3392,0.34117,10309.5
2026-01-18 18:00:00,0.34063,0.34139,0.34036,0.34087,2432.8
2026-01-18 18:15:00,0.34119,0.34373,0.34051,0.34358,11883.9
2026-01-18 18:30:00,0.34371,0.3451,0.34325,0.34364,6884.1
2026-01-18 18:45:00,0.34375,0.345,0.34375,0.34379,14744.1
2026-01-18 19:00:00,0.3445,0.34456,0.34272,0.34324,16974.4
2026-01-18 19:15:00,0.3432,0.3432,0.34193,0.34193,3497.7
2026-01-18 19:30:00,0.3417,0.34222,0.34127,0.34184,1833.4
2026-01-18 19:45:00,0.3416,0.3416,0.34024,0.341,4791.1
2026-01-18 20:00:00,0.34099,0.34115,0.33993,0.34086,44947.9
2026-01-18 20:15:00,0.34164,0.34447,0.34164,0.34447,53238.2
2026-01-18 20:30:00,0.34482,0.34483,0.34271,0.34324,24262.9
2026-01-18 20:45:00,0.34334,0.34351,0.34272,0.34313,1415.2
2026-01-18 21:00:00,0.34333,0.34377,0.34299,0.34377,2065.4
2026-01-18 21:15:00,0.3436,0.3436,0.3428,0.34296,12694.4
2026-01-18 21:30:00,0.34318,0.34318,0.34249,0.343,4319.8
2026-01-18 21:45:00,0.34366,0.34423,0.3432,0.34334,1269.7
2026-01-18 22:00:00,0.34335,0.34494,0.34328,0.34439,28738.2
2026-01-18 22:15:00,0.34405,0.34405,0.34261,0.34261,1026.5
2026-01-18 22:30:00,0.3429,0.34387,0.34274,0.34347,4406.1
2026-01-18 22:45:00,0.34349,0.34469,0.34349,0.34449,12518.0
2026-01-18 23:00:00,0.34383,0.34383,0.33934,0.33944,102835.6
2026-01-18 23:15:00,0.33947,0.34048,0.33285,0.33384,65077.3
2026-01-18 23:30:00,0.33269,0.33438,0.33127,0.33127,28339.6
2026-01-18 23:45:00,0.33166,0.33166,0.32312,0.32314,59666.6
2026-01-19 00:00:00,0.32318,0.32356,0.29351,0.30368,730322.7
2026-01-19 00:15:00,0.30319,0.30514,0.29975,0.30207,135688.8
2026-01-19 00:30:00,0.30005,0.30473,0.29944,0.30473,114447.8
2026-01-19 00:45:00,0.30458,0.30536,0.30368,0.30405,81751.7
2026-01-19 01:00:00,0.30401,0.30718,0.3033,0.30538,27575.3
2026-01-19 01:15:00,0.30568,0.30653,0.3045,0.3047,12371.7
2026-01-19 01:30:00,0.30497,0.30716,0.30484,0.30509,35287.7
2026-01-19 01:45:00,0.30528,0.30703,0.30386,0.30669,41743.7
2026-01-19 02:00:00,0.30672,0.30871,0.3062,0.30835,7619.8
2026-01-19 02:15:00,0.30806,0.30984,0.30806,0.30943,5849.3
2026-01-19 02:30:00,0.30933,0.31039,0.30933,0.30995,28969.2
2026-01-19 02:45:00,0.30968,0.31035,0.30936,0.30972,31801.1
2026-01-19 03:00:00,0.30954,0.30997,0.30869,0.30975,55843.3
2026-01-19 03:15:00,0.31057,0.31146,0.31023,0.31146,2306.9
2026-01-19 03:30:00,0.31101,0.31195,0.31064,0.31155,15331.8
2026-01-19 03:45:00,0.31159,0.31361,0.3114,0.31244,9075.7
2026-01-19 04:00:00,0.31207,0.3123,0.31039,0.31039,19502.3
2026-01-19 04:15:00,0.31046,0.31079,0.3092,0.31016,49059.6
2026-01-19 04:30:00,0.31047,0.31137,0.3103,0.3103,12141.1
2026-01-19 04:45:00,0.30957,0.31064,0.30898,0.30898,9039.4
2026-01-19 05:00:00,0.3093,0.30995,0.30813,0.30813,39109.3
2026-01-19 05:15:00,0.30814,0.30823,0.30748,0.308,65598.4
2026-01-19 05:30:00,0.30829,0.31061,0.30829,0.30889,48631.5
2026-01-19 05:45:00,0.30889,0.31109,0.30889,0.31078,7677.0
2026-01-19 06:00:00,0.31106,0.31106,0.30897,0.30923,91983.9
2026-01-19 06:15:00,0.30942,0.31102,0.30942,0.31094,7692.1
2026-01-19 06:30:00,0.31106,0.31182,0.30955,0.30964,1952.2
2026-01-19 06:45:00,0.31012,0.31012,0.30912,0.30925,2992.5
2026-01-19 07:00:00,0.30952,0.30987,0.30854,0.30905,2397.5
2026-01-19 07:15:00,0.30922,0.31149,0.30922,0.31119,19824.9
2026-01-19 07:30:00,0.31189,0.31189,0.31003,0.31003,3493.7
2026-01-19 07:45:00,0.31041,0.31079,0.30971,0.31021,14292.3
2026-01-19 08:00:00,0.30966,0.30975,0.30928,0.30936,12167.4
2026-01-19 08:15:00,0.30951,0.31207,0.30951,0.31144,19137.2
2026-01-19 08:30:00,0.31063,0.3119,0.31043,0.31121,54726.4
2026-01-19 08:45:00,0.31115,0.31246,0.31115,0.31182,290889.0
2026-01-19 09:00:00,0.31187,0.31199,0.31061,0.31104,22742.9
2026-01-19 09:15:00,0.31129,0.31258,0.31129,0.31258,1735.2
2026-01-19 09:30:00,0.31285,0.3136,0.31213,0.31213,6246.5
2026-01-19 09:45:00,0.31229,0.31261,0.31174,0.312,1988.1
2026-01-19 10:00:00,0.31224,0.31224,0.31106,0.31175,3943.6
2026-01-19 10:15:00,0.31203,0.31232,0.31063,0.31093,5022.6
2026-01-19 10:30:00,0.31064,0.31095,0.3099,0.31003,4060.8
2026-01-19 10:45:00,0.31016,0.31022,0.30953,0.30989,1715.3
2026-01-19 11:00:00,0.31046,0.31081,0.31007,0.31007,2371.9
2026-01-19 11:15:00,0.31007,0.31026,0.30941,0.30948,4837.6
2026-01-19 11:30:00,0.30955,0.31123,0.30871,0.31083,9711.6
2026-01-19 11:45:00,0.3103,0.31075,0.30857,0.30949,22673.4
2026-01-19 12:00:00,0.30918,0.30943,0.30751,0.30844,6995.4
2026-01-19 12:15:00,0.30847,0.30853,0.30748,0.30779,2175.8
2026-01-19 12:30:00,0.30821,0.30841,0.3079,0.30808,7078.4
2026-01-19 12:45:00,0.3079,0.30852,0.3073,0.30779,7882.8
2026-01-19 13:00:00,0.30797,0.30907,0.3069,0.30827,29226.7
2026-01-19 13:15:00,0.30815,0.30837,0.30727,0.30749,7241.6
2026-01-19 13:30:00,0.30752,0.30794,0.30693,0.3077,11618.6
2026-01-19 13:45:00,0.30799,0.30822,0.30741,0.30799,3742.9
2026-01-19 14:00:00,0.30818,0.30916,0.30802,0.30888,13293.2
2026-01-19 14:15:00,0.30905,0.31106,0.30905,0.31067,3370.7
2026-01-19 14:30:00,0.31105,0.31219,0.31056,0.31217,3273.4
2026-01-19 14:45:00,0.31167,0.31179,0.31091,0.31093,19687.0
2026-01-19 15:00:00,0.311,0.3116,0.31031,0.31061,3928.5
2026-01-19 15:15:00,0.31082,0.31085,0.30917,0.30922,15009.3
2026-01-19 15:30:00,0.30913,0.30986,0.3089,0.30914,4283.4
2026-01-19 15:45:00,0.30938,0.30975,0.30929,0.30973,20605.5
2026-01-19 16:00:00,0.30955,0.30996,0.3087,0.30996,17914.3
2026-01-19 16:15:00,0.30987,0.31247,0.30968,0.31247,41114.1
2026-01-19 16:30:00,0.3121,0.31293,0.31176,0.31277,247725.6
2026-01-19 16:45:00,0.31311,0.31543,0.31311,0.31525,12806.0
2026-01-19 17:00:00,0.31543,0.31599,0.31482,0.31599,10257.4
2026-01-19 17:15:00,0.3156,0.31584,0.31481,0.31504,19255.5
2026-01-19 17:30:00,0.31502,0.31555,0.31416,0.31449,4378.7
2026-01-19 17:45:00,0.31459,0.3174,0.31438,0.31595,10430.6
2026-01-19 18:00:00,0.31572,0.31627,0.31368,0.31373,9349.0
2026-01-19 18:15:00,0.31369,0.31491,0.31369,0.31409,12339.9
2026-01-19 18:30:00,0.31409,0.31531,0.31352,0.31531,278706.5
2026-01-19 18:45:00,0.3154,0.31601,0.31508,0.31579,21648.9
2026-01-19 19:00:00,0.31607,0.3188,0.31607,0.3188,24571.6
2026-01-19 19:15:00,0.31873,0.32379,0.31873,0.32262,43329.7
2026-01-19 19:30:00,0.32261,0.32319,0.32191,0.32319,13420.1
2026-01-19 19:45:00,0.32308,0.32349,0.32141,0.32199,1464.9
2026-01-19 20:00:00,0.32254,0.32258,0.32117,0.32133,10178.0
2026-01-19 20:15:00,0.3212,0.32226,0.32089,0.32168,10827.5
2026-01-19 20:30:00,0.32138,0.32154,0.31996,0.31996,4624.8
2026-01-19 20:45:00,0.31984,0.32042,0.31962,0.32014,7741.1
2026-01-19 21:00:00,0.32047,0.32061,0.31813,0.31814,12694.1
2026-01-19 21:15:00,0.31787,0.3186,0.31747,0.31822,4094.9
2026-01-19 21:30:00,0.3181,0.31827,0.31777,0.31816,1365.1
2026-01-19 21:45:00,0.31783,0.31846,0.31712,0.31846,8975.0
2026-01-19 22:00:00,0.31834,0.31892,0.31648,0.31676,6453.8
2026-01-19 22:15:00,0.31707,0.31859,0.31707,0.31859,15841.5
2026-01-19 22:30:00,0.31831,0.31831,0.3159,0.316,5056.6
2026-01-19 22:45:00,0.31611,0.3165,0.31461,0.31461,17790.8
2026-01-19 23:00:00,0.31472,0.31685,0.31472,0.31612,17505.5
2026-01-19 23:15:00,0.31542,0.31802,0.31507,0.31773,12783.0
2026-01-19 23:30:00,0.318,0.32089,0.318,0.32016,236769.7
2026-01-19 23:45:00,0.3202,0.3202,0.31893,0.31927,19242.8
2026-01-20 00:00:00,0.31934,0.31997,0.31852,0.31989,34389.6
2026-01-20 00:15:00,0.3201,0.3201,0.31779,0.31858,30459.5
2026-01-20 00:30:00,0.31868,0.31868,0.31745,0.31808,16076.3
2026-01-20 00:45:00,0.31806,0.31806,0.31709,0.31723,2787.3
2026-01-20 01:00:00,0.31743,0.31746,0.31531,0.31713,6306.7
2026-01-20 01:15:00,0.31706,0.32082,0.31674,0.32082,30285.3
2026-01-20 01:30:00,0.32032,0.32039,0.31807,0.31807,5517.2
2026-01-20 01:45:00,0.31806,0.31943,0.31789,0.31844,8106.2
2026-01-20 02:00:00,0.318,0.31839,0.31725,0.31784,4023.0
2026-01-20 02:15:00,0.31775,0.31814,0.31713,0.31724,3714.0
2026-01-20 02:30:00,0.31816,0.32146,0.318,0.32144,6979.2
2026-01-20 02:45:00,0.32162,0.32284,0.32162,0.3225,36493.0
2026-01-20 03:00:00,0.32266,0.32315,0.31972,0.31974,4831.3
2026-01-20 03:15:00,0.31975,0.32051,0.31842,0.31882,2264.1
2026-01-20 03:30:00,0.31877,0.31976,0.31742,0.31976,8201.8
2026-01-20 03:45:00,0.31998,0.32162,0.31974,0.31974,5881.5
2026-01-20 04:00:00,0.31914,0.31914,0.3182,0.31839,6282.2
2026-01-20 04:15:00,0.31822,0.31832,0.31769,0.31807,1317.5
2026-01-20 04:30:00,0.31868,0.31967,0.31822,0.31957,7179.8
2026-01-20 04:45:00,0.31964,0.32006,0.31839,0.31839,12131.0
2026-01-20 05:00:00,0.31822,0.32005,0.31645,0.31702,16306.0
2026-01-20 05:15:00,0.31669,0.31839,0.31608,0.31799,2451.0
2026-01-20 05:30:00,0.3176,0.31848,0.3176,0.31778,2395.5
2026-01-20 05:45:00,0.31787,0.31917,0.31633,0.31724,194908.2
2026-01-20 06:00:00,0.31724,0.31724,0.31514,0.31533,19016.8
2026-01-20 06:15:00,0.31537,0.31594,0.312,0.31594,17817.2
2026-01-20 06:30:00,0.31553,0.31553,0.31322,0.31525,5305.2
2026-01-20 06:45:00,0.31482,0.31482,0.31231,0.31305,12898.9
2026-01-20 07:00:00,0.3132,0.31496,0.31306,0.31467,7899.7
2026-01-20 07:15:00,0.31447,0.31515,0.31286,0.31286,7826.7
2026-01-20 07:30:00,0.31285,0.31285,0.31193,0.31202,3221.0
2026-01-20 07:45:00,0.31175,0.3119,0.31031,0.31031,21297.4
2026-01-20 08:00:00,0.30998,0.31071,0.30805,0.30994,53183.0
2026-01-20 08:15:00,0.3094,0.3112,0.30929,0.31066,27225.2
2026-01-20 08:30:00,0.30988,0.30988,0.30657,0.30745,11189.4
2026-01-20 08:45:00,0.30786,0.30924,0.30742,0.30924,12237.4
2026-01-20 09:00:00,0.30892,0.30948,0.30865,0.30905,4867.6
2026-01-20 09:15:00,0.30904,0.30904,0.3074,0.30777,10459.3
2026-01-20 09:30:00,0.30779,0.30839,0.30697,0.30697,114082.7
2026-01-20 09:45:00,0.30783,0.31182,0.3075,0.31116,24854.5
2026-01-20 10:00:00,0.31077,0.31765,0.31077,0.31765,27852.7
2026-01-20 10:15:00,0.31759,0.31785,0.31473,0.31475,63815.3
2026-01-20 10:30:00,0.31503,0.31519,0.31339,0.31341,2911.0
2026-01-20 10:45:00,0.31352,0.31377,0.31164,0.31164,6381.9
2026-01-20 11:00:00,0.31209,0.31238,0.31146,0.31146,8038.0
2026-01-20 11:15:00,0.31172,0.31172,0.31075,0.31109,7220.3
2026-01-20 11:30:00,0.31111,0.31111,0.30783,0.30792,21308.5
2026-01-20 11:45:00,0.30906,0.30913,0.3078,0.30786,8776.9
2026-01-20 12:00:00,0.30791,0.30993,0.30784,0.30952,19954.5
2026-01-20 12:15:00,0.31003,0.31182,0.31003,0.31138,36827.0
2026-01-20 12:30:00,0.31154,0.31154,0.30977,0.31053,4629.9
2026-01-20 12:45:00,0.31037,0.31092,0.31011,0.31047,6662.2
2026-01-20 13:00:00,0.3103,0.3103,0.30753,0.30753,31857.4
2026-01-20 13:15:00,0.30722,0.30862,0.30713,0.30826,1994.0
2026-01-20 13:30:00,0.30841,0.30903,0.30782,0.30815,7895.0
2026-01-20 13:45:00,0.3077,0.3077,0.30597,0.30624,7398.9
2026-01-20 14:00:00,0.30623,0.30845,0.30623,0.30655,14457.8
2026-01-20 14:15:00,0.30644,0.30676,0.30535,0.30543,6160.4
2026-01-20 14:30:00,0.30563,0.30997,0.30522,0.30686,22286.1
2026-01-20 14:45:00,0.30703,0.30892,0.30582,0.30617,17441.8
2026-01-20 15:00:00,0.30622,0.30622,0.30149,0.3049,65209.5
2026-01-20 15:15:00,0.30406,0.30518,0.30281,0.30406,3856.2
2026-01-20 15:30:00,0.30394,0.30493,0.30341,0.30343,4952.2
2026-01-20 15:45:00,0.30326,0.30336,0.30228,0.30333,2593.6
2026-01-20 16:00:00,0.30361,0.30531,0.30323,0.30462,21083.3
2026-01-20 16:15:00,0.30438,0.30554,0.30237,0.30255,7377.2
2026-01-20 16:30:00,0.30265,0.30323,0.29957,0.29998,14018.0
2026-01-20 16:45:00,0.29998,0.30125,0.29896,0.30013,19394.9
2026-01-20 17:00:00,0.29968,0.30306,0.29933,0.30168,5399.1
2026-01-20 17:15:00,0.30174,0.30174,0.30002,0.30037,6909.5
2026-01-20 17:30:00,0.30059,0.30059,0.29866,0.29878,5927.1
2026-01-20 17:45:00,0.29882,0.29971,0.29712,0.29896,26394.6
2026-01-20 18:00:00,0.29999,0.29999,0.2991,0.29935,7570.1
2026-01-20 18:15:00,0.29883,0.29941,0.29748,0.29834,5559.0
2026-01-20 18:30:00,0.29835,0.29906,0.29724,0.29773,8992.0
2026-01-20 18:45:00,0.29739,0.29821,0.29681,0.29799,10363.6
2026-01-20 19:00:00,0.29799,0.30047,0.29799,0.29923,13667.4
2026-01-20 19:15:00,0.2994,0.29994,0.29874,0.29874,3763.7
2026-01-20 19:30:00,0.29864,0.30033,0.29782,0.29929,570591.3
2026-01-20 19:45:00,0.29942,0.30062,0.29942,0.30004,10560.2
2026-01-20 20:00:00,0.30014,0.30071,0.29904,0.3005,24938.3
2026-01-20 20:15:00,0.30056,0.30476,0.30056,0.30476,10064.7
2026-01-20 20:30:00,0.30525,0.30525,0.30311,0.30361,10060.1
2026-01-20 20:45:00,0.30352,0.30538,0.30348,0.30538,11979.5
2026-01-20 21:00:00,0.3054,0.30638,0.30466,0.30466,22227.2
2026-01-20 21:15:00,0.30446,0.30454,0.30326,0.30332,15638.2
2026-01-20 21:30:00,0.3034,0.30381,0.30271,0.3035,2499.3
2026-01-20 21:45:00,0.30368,0.30368,0.30258,0.30305,8560.8
2026-01-20 22:00:00,0.3029,0.3038,0.30247,0.3029,9096.5
2026-01-20 22:15:00,0.30283,0.30309,0.3013,0.30176,25095.9
2026-01-20 22:30:00,0.30217,0.30271,0.29692,0.30193,34012.3
2026-01-20 22:45:00,0.30242,0.30242,0.30113,0.30113,12142.1
2026-01-20 23:00:00,0.30097,0.30104,0.29966,0.30057,26695.7
2026-01-20 23:15:00,0.3007,0.30072,0.29871,0.29941,21685.2
2026-01-20 23:30:00,0.29941,0.30059,0.29941,0.30001,7671.5
2026-01-20 23:45:00,0.30001,0.30011,0.29932,0.2998,13395.9
2026-01-21 00:00:00,0.2998,0.30161,0.2998,0.30107,23565.5
2026-01-21 00:15:00,0.30073,0.30212,0.3006,0.30098,24663.1
2026-01-21 00:30:00,0.30096,0.30205,0.30074,0.30163,22574.9
2026-01-21 00:45:00,0.30233,0.30513,0.30233,0.30505,41528.6
2026-01-21 01:00:00,0.30509,0.30672,0.30493,0.30672,19880.0
2026-01-21 01:15:00,0.30685,0.30828,0.30685,0.3072,22825.0
2026-01-21 01:30:00,0.3076,0.30762,0.30637,0.30652,12051.9
2026-01-21 01:45:00,0.30645,0.30726,0.30645,0.30712,1760.3
2026-01-21 02:00:00,0.3075,0.30972,0.3075,0.30972,14925.8
2026-01-21 02:15:00,0.30965,0.31009,0.30922,0.31009,18329.6
2026-01-21 02:30:00,0.3099,0.31143,0.30883,0.31143,11944.6
2026-01-21 02:45:00,0.31146,0.31372,0.31074,0.31233,12328.5
2026-01-21 03:00:00,0.31221,0.31261,0.31071,0.3119,5327.6
2026-01-21 03:15:00,0.31227,0.31434,0.31218,0.31405,16288.1
2026-01-21 03:30:00,0.31408,0.31408,0.31255,0.31364,9307.3
2026-01-21 03:45:00,0.31405,0.31405,0.31224,0.31224,4452.7
2026-01-21 04:00:00,0.31234,0.3128,0.31135,0.31141,10578.1
2026-01-21 04:15:00,0.31138,0.31347,0.31138,0.31338,6878.9
2026-01-21 04:30:00,0.31349,0.31367,0.31265,0.31278,2458.3
2026-01-21 04:45:00,0.31294,0.31324,0.31254,0.31254,6853.3
2026-01-21 05:00:00,0.31198,0.3123,0.31167,0.3119,5855.1
2026-01-21 05:15:00,0.31212,0.31212,0.31093,0.31093,9388.9
2026-01-21 05:30:00,0.31088,0.31088,0.30965,0.30979,7945.8
2026-01-21 05:45:00,0.30971,0.31117,0.30971,0.31039,13582.8
2026-01-21 06:00:00,0.31061,0.31061,0.30844,0.30844,50315.9
2026-01-21 06:15:00,0.30837,0.31296,0.30837,0.31076,132573.8
2026-01-21 06:30:00,0.31106,0.31107,0.30973,0.31042,55344.5
2026-01-21 06:45:00,0.31053,0.31112,0.30983,0.31047,2428.2
2026-01-21 07:00:00,0.31026,0.31154,0.30985,0.31095,2217.3
2026-01-21 07:15:00,0.31146,0.31262,0.31146,0.31262,1555.5
2026-01-21 07:30:00,0.31228,0.31228,0.30971,0.31001,17566.8
2026-01-21 07:45:00,0.30994,0.31057,0.3097,0.31057,20463.0
2026-01-21 08:00:00,0.31067,0.31251,0.31058,0.31175,23313.9
2026-01-21 08:15:00,0.31123,0.31125,0.30966,0.30966,1518.6
2026-01-21 08:30:00,0.30976,0.30986,0.30702,0.3071,14849.9
2026-01-21 08:45:00,0.30709,0.31007,0.30709,0.31007,12748.6
2026-01-21 09:00:00,0.31008,0.31008,0.30844,0.30864,2236.2
2026-01-21 09:15:00,0.30913,0.30953,0.30862,0.30941,7368.2
2026-01-21 09:30:00,0.30911,0.3092,0.30858,0.30888,2305.6
2026-01-21 09:45:00,0.30897,0.30987,0.30879,0.30968,6628.6
2026-01-21 10:00:00,0.30976,0.31213,0.30964,0.31104,7804.2
2026-01-21 10:15:00,0.31121,0.3116,0.31046,0.31072,6192.6
2026-01-21 10:30:00,0.31045,0.31285,0.31016,0.31238,29457.6
2026-01-21 10:45:00,0.31271,0.31292,0.31079,0.31079,2257.7
2026-01-21 11:00:00,0.31096,0.3121,0.31088,0.31188,5436.0
2026-01-21 11:15:00,0.31197,0.31292,0.31147,0.31224,7033.0
2026-01-21 11:30:00,0.31215,0.31252,0.31088,0.31105,1742.8
2026-01-21 11:45:00,0.31131,0.31131,0.30699,0.30728,4391.8
2026-01-21 12:00:00,0.30757,0.30849,0.30259,0.30308,50868.7
2026-01-21 12:15:00,0.30322,0.30412,0.30225,0.30289,12789.2
2026-01-21 12:30:00,0.30266,0.30591,0.30263,0.30575,3268.5
2026-01-21 12:45:00,0.3061,0.3067,0.3058,0.3066,1712.3
2026-01-21 13:00:00,0.30646,0.30795,0.30646,0.30737,4517.9
2026-01-21 13:15:00,0.30744,0.30755,0.30537,0.30562,3293.4
2026-01-21 13:30:00,0.30543,0.3059,0.30384,0.30384,13689.1
2026-01-21 13:45:00,0.30402,0.30541,0.30326,0.30448,14140.7
2026-01-21 14:00:00,0.30429,0.31402,0.30429,0.3134,104634.1
2026-01-21 14:15:00,0.31253,0.31369,0.31147,0.3122,27945.4
2026-01-21 14:30:00,0.31297,0.31546,0.31194,0.31233,43275.6
2026-01-21 14:45:00,0.31265,0.31462,0.31254,0.31439,6446.9
2026-01-21 15:00:00,0.3143,0.3143,0.31289,0.31389,6625.1
2026-01-21 15:15:00,0.31386,0.31574,0.31185,0.31185,13571.9
2026-01-21 15:30:00,0.31188,0.31188,0.30974,0.31118,9253.8
2026-01-21 15:45:00,0.31194,0.31375,0.31134,0.31374,6901.2
2026-01-21 16:00:00,0.31384,0.31405,0.31199,0.3123,9325.6
2026-01-21 16:15:00,0.31185,0.31192,0.30761,0.30916,28268.2
2026-01-21 16:30:00,0.30876,0.30876,0.30096,0.30132,34309.2
2026-01-21 16:45:00,0.30104,0.30446,0.29876,0.29883,17434.4
2026-01-21 17:00:00,0.29944,0.30313,0.29704,0.29704,80814.4
2026-01-21 17:15:00,0.29725,0.29954,0.29637,0.29806,14363.8
2026-01-21 17:30:00,0.29737,0.29805,0.29455,0.29724,33871.9
2026-01-21 17:45:00,0.29685,0.29952,0.29685,0.2994,29379.2
2026-01-21 18:00:00,0.29883,0.30106,0.29883,0.30041,24619.9
2026-01-21 18:15:00,0.30091,0.30091,0.29805,0.29821,7304.1
2026-01-21 18:30:00,0.29859,0.30062,0.2983,0.30022,27813.5
2026-01-21 18:45:00,0.2996,0.30379,0.2996,0.30244,10795.2
2026-01-21 19:00:00,0.30276,0.30276,0.30026,0.30116,7496.2
2026-01-21 19:15:00,0.30106,0.30878,0.30057,0.30878,52640.9
2026-01-21 19:30:00,0.30842,0.31285,0.30771,0.31281,25742.7
2026-01-21 19:45:00,0.31312,0.31525,0.31239,0.3143,20171.4
2026-01-21 20:00:00,0.31472,0.31491,0.31236,0.31236,5866.7
2026-01-21 20:15:00,0.31225,0.31225,0.30926,0.30962,43563.0
2026-01-21 20:30:00,0.30973,0.31074,0.30878,0.31026,146287.3
2026-01-21 20:45:00,0.31009,0.31373,0.31009,0.3136,16785.9
2026-01-21 21:00:00,0.31382,0.31638,0.31329,0.31388,25198.1
2026-01-21 21:15:00,0.31407,0.31654,0.31403,0.31484,23425.1
2026-01-21 21:30:00,0.31487,0.31675,0.31487,0.31633,6194.1
2026-01-21 21:45:00,0.31652,0.31664,0.31528,0.31579,1545.5
2026-01-21 22:00:00,0.31588,0.31695,0.31565,0.31579,9549.3
2026-01-21 22:15:00,0.31559,0.31567,0.31232,0.31316,18437.0
2026-01-21 22:30:00,0.3132,0.31339,0.31185,0.31185,4768.0
2026-01-21 22:45:00,0.31245,0.31315,0.31165,0.31246,1605.4
2026-01-21 23:00:00,0.3125,0.3135,0.31137,0.3135,13486.4
2026-01-21 23:15:00,0.31216,0.31239,0.30988,0.31102,8104.7
2026-01-21 23:30:00,0.31116,0.31116,0.30821,0.30821,7299.7
2026-01-21 23:45:00,0.30806,0.30846,0.3067,0.30842,14303.1
2026-01-22 00:00:00,0.30858,0.31065,0.30858,0.31065,37435.4
2026-01-22 00:15:00,0.31101,0.3115,0.31054,0.31143,8431.9
2026-01-22 00:30:00,0.31092,0.31285,0.31089,0.31272,17961.8
2026-01-22 00:45:00,0.31212,0.31261,0.31129,0.31129,2666.3
2026-01-22 01:00:00,0.31162,0.31252,0.31154,0.31179,19115.0
2026-01-22 01:15:00,0.3116,0.31478,0.3116,0.31478,17361.3
2026-01-22 01:30:00,0.31473,0.31622,0.31458,0.31622,11399.3
2026-01-22 01:45:00,0.31562,0.31798,0.31519,0.31798,4952.4
2026-01-22 02:00:00,0.31735,0.31878,0.31638,0.31758,16360.3
2026-01-22 02:15:00,0.3178,0.31937,0.3178,0.31898,14154.3
2026-01-22 02:30:00,0.31896,0.32041,0.31896,0.32041,8563.8
2026-01-22 02:45:00,0.32003,0.32065,0.31922,0.32019,7939.3
2026-01-22 03:00:00,0.32069,0.32218,0.32041,0.32181,11602.7
2026-01-22 03:15:00,0.32166,0.32166,0.32024,0.32096,1213.3
2026-01-22 03:30:00,0.32036,0.32036,0.31823,0.31932,1756.6
2026-01-22 03:45:00,0.32005,0.32005,0.31889,0.31889,1918.1
2026-01-22 04:00:00,0.31888,0.32017,0.31829,0.31899,17754.9
2026-01-22 04:15:00,0.31885,0.32162,0.31874,0.32162,5682.9
2026-01-22 04:30:00,0.32105,0.322,0.31963,0.32189,16344.1
2026-01-22 04:45:00,0.32226,0.32226,0.32078,0.32151,4475.4
2026-01-22 05:00:00,0.32171,0.32553,0.32114,0.32194,190567.0
2026-01-22 05:15:00,0.32205,0.32221,0.32105,0.32143,116452.5
2026-01-22 05:30:00,0.32047,0.32094,0.31965,0.32062,9584.6
2026-01-22 05:45:00,0.32102,0.32165,0.31981,0.32015,11090.2
2026-01-22 06:00:00,0.31926,0.31951,0.31785,0.31785,7013.8
2026-01-22 06:15:00,0.31864,0.31892,0.31542,0.31562,8950.6
2026-01-22 06:30:00,0.31678,0.31702,0.31603,0.31672,6084.7
2026-01-22 06:45:00,0.3163,0.31723,0.3163,0.31716,3646.7
2026-01-22 07:00:00,0.31706,0.31713,0.31581,0.31581,2465.8
2026-01-22 07:15:00,0.31641,0.3165,0.31525,0.31525,22100.4
2026-01-22 07:30:00,0.3145,0.31662,0.3144,0.31608,9708.8
2026-01-22 07:45:00,0.31579,0.3159,0.31511,0.31511,1321.4
2026-01-22 08:00:00,0.31541,0.31679,0.3147,0.3147,6388.9
2026-01-22 08:15:00,0.31522,0.31568,0.31483,0.31495,17614.5
2026-01-22 08:30:00,0.31479,0.31479,0.31377,0.3144,13884.9
2026-01-22 08:45:00,0.31463,0.3178,0.31447,0.31748,3556.3
2026-01-22 09:00:00,0.31769,0.31808,0.31659,0.31808,11858.2
2026-01-22 09:15:00,0.31827,0.31889,0.31731,0.31731,3459.1
2026-01-22 09:30:00,0.31768,0.31843,0.31741,0.31843,1108.3
2026-01-22 09:45:00,0.31843,0.31865,0.31704,0.31704,1590.7
2026-01-22 10:00:00,0.31728,0.31735,0.31672,0.31672,2132.8
2026-01-22 10:15:00,0.31648,0.31649,0.31555,0.31555,1771.1
2026-01-22 10:30:00,0.31555,0.31579,0.31502,0.31573,7881.3
2026-01-22 10:45:00,0.31559,0.31561,0.31469,0.31524,1764.2
2026-01-22 11:00:00,0.31542,0.31542,0.314,0.31405,2955.3
2026-01-22 11:15:00,0.31405,0.31408,0.31248,0.31257,13973.5
2026-01-22 11:30:00,0.31248,0.31292,0.31169,0.31215,12255.1
2026-01-22 11:45:00,0.31226,0.31229,0.31096,0.31114,1579.3
2026-01-22 12:00:00,0.31095,0.31158,0.31056,0.31098,8171.7
2026-01-22 12:15:00,0.31114,0.31205,0.31056,0.31092,8286.0
2026-01-22 12:30:00,0.31093,0.31136,0.3096,0.31013,11420.2
2026-01-22 12:45:00,0.31013,0.31039,0.31008,0.31014,3056.6
2026-01-22 13:00:00,0.31025,0.31115,0.31025,0.31064,5588.3
2026-01-22 13:15:00,0.31084,0.31165,0.31043,0.31165,10262.3
2026-01-22 13:30:00,0.31227,0.31285,0.3096,0.31032,10705.2
2026-01-22 13:45:00,0.30991,0.31069,0.30869,0.30994,7801.0
2026-01-22 14:00:00,0.3102,0.31098,0.30909,0.31045,75695.9
2026-01-22 14:15:00,0.31055,0.31055,0.30805,0.3084,6172.1
2026-01-22 14:30:00,0.30983,0.31074,0.30798,0.30851,60719.9
2026-01-22 14:45:00,0.30841,0.30854,0.30566,0.30624,12698.2
2026-01-22 15:00:00,0.30613,0.30703,0.30566,0.30678,1914.3
2026-01-22 15:15:00,0.30703,0.30788,0.30284,0.30284,69200.7
2026-01-22 15:30:00,0.30314,0.30685,0.30283,0.30685,42821.7
2026-01-22 15:45:00,0.30797,0.30805,0.30491,0.30562,42197.1
2026-01-22 16:00:00,0.30562,0.30704,0.30461,0.30507,6892.5
2026-01-22 16:15:00,0.30504,0.30685,0.3046,0.30587,157848.2
2026-01-22 16:30:00,0.30587,0.30723,0.30553,0.30723,10380.8
2026-01-22 16:45:00,0.30745,0.3109,0.30745,0.30987,49707.1
2026-01-22 17:00:00,0.31036,0.31138,0.30959,0.30998,31337.0
2026-01-22 17:15:00,0.30987,0.31028,0.3073,0.30755,7992.2
2026-01-22 17:30:00,0.30749,0.30819,0.30708,0.30749,42811.9
2026-01-22 17:45:00,0.30814,0.31062,0.30814,0.31062,32385.7
2026-01-22 18:00:00,0.31002,0.31002,0.30849,0.30849,3763.2
2026-01-22 18:15:00,0.30879,0.30968,0.30836,0.30893,974.2
2026-01-22 18:30:00,0.30918,0.31037,0.30887,0.30887,5362.2
2026-01-22 18:45:00,0.30873,0.30873,0.3066,0.3066,8976.6
2026-01-22 19:00:00,0.30721,0.30762,0.30619,0.30729,10913.1
2026-01-22 19:15:00,0.30748,0.30756,0.30664,0.30703,11969.2
2026-01-22 19:30:00,0.30727,0.30881,0.30727,0.30789,1447.4
2026-01-22 19:45:00,0.30769,0.30842,0.30648,0.3076,18761.7
2026-01-22 20:00:00,0.30731,0.30769,0.30693,0.30769,5598.5
2026-01-22 20:15:00,0.30801,0.30801,0.30549,0.30552,5077.6
2026-01-22 20:30:00,0.30524,0.30576,0.30443,0.30443,6198.6
2026-01-22 20:45:00,0.30479,0.30593,0.30479,0.30559,7461.8
2026-01-22 21:00:00,0.30548,0.30696,0.30548,0.30648,1892.2
2026-01-22 21:15:00,0.30638,0.30769,0.30626,0.30728,4447.4
2026-01-22 21:30:00,0.30757,0.30757,0.30666,0.30687,6089.4
2026-01-22 21:45:00,0.30628,0.30745,0.30628,0.30744,2193.8
2026-01-22 22:00:00,0.30741,0.30842,0.30694,0.30785,12688.1
2026-01-22 22:15:00,0.30774,0.30825,0.3067,0.30723,7649.2
2026-01-22 22:30:00,0.30723,0.30723,0.30583,0.30674,3968.7
2026-01-22 22:45:00,0.30665,0.30695,0.30644,0.3066,38914.3
2026-01-22 23:00:00,0.30601,0.3061,0.30471,0.30582,17396.5
2026-01-22 23:15:00,0.30631,0.30743,0.30602,0.30643,11467.8
2026-01-22 23:30:00,0.30693,0.30762,0.30629,0.30629,6986.0
2026-01-22 23:45:00,0.30647,0.30721,0.30629,0.30706,5438.3
2026-01-23 00:00:00,0.30742,0.30842,0.30633,0.30842,32109.6
2026-01-23 00:15:00,0.30867,0.30911,0.30742,0.30849,39446.9
2026-01-23 00:30:00,0.30809,0.30854,0.30772,0.30827,7955.9
2026-01-23 00:45:00,0.3086,0.3091,0.3082,0.3091,4167.4
2026-01-23 01:00:00,0.30804,0.30953,0.30804,0.309,19384.7
2026-01-23 01:15:00,0.30921,0.30957,0.30806,0.30861,24095.1
2026-01-23 01:30:00,0.3091,0.31182,0.30897,0.31182,7380.8
2026-01-23 01:45:00,0.31162,0.31278,0.3116,0.31278,10768.0
2026-01-23 02:00:00,0.31208,0.3124,0.31186,0.31233,3730.9
2026-01-23 02:15:00,0.31193,0.3121,0.3115,0.31163,6556.5
2026-01-23 02:30:00,0.31171,0.31223,0.3117,0.31201,875.9
2026-01-23 02:45:00,0.31271,0.31281,0.31149,0.31162,1945.8
2026-01-23 03:00:00,0.31143,0.31215,0.31084,0.31215,1543.2
2026-01-23 03:15:00,0.31266,0.3161,0.31266,0.31596,34338.3
2026-01-23 03:30:00,0.31644,0.31654,0.31439,0.31461,21029.4
2026-01-23 03:45:00,0.31464,0.31464,0.31373,0.31424,2366.0
2026-01-23 04:00:00,0.31437,0.31543,0.31373,0.31543,17186.2
2026-01-23 04:15:00,0.31506,0.31671,0.31443,0.31671,15138.7
2026-01-23 04:30:00,0.3162,0.3181,0.3162,0.31791,15486.9
2026-01-23 04:45:00,0.31771,0.31887,0.31765,0.31774,21504.7
2026-01-23 05:00:00,0.31757,0.31757,0.31656,0.31724,2822.7
2026-01-23 05:15:00,0.31723,0.31785,0.31594,0.31648,132232.2
2026-01-23 05:30:00,0.3167,0.31671,0.31541,0.31541,6722.6
2026-01-23 05:45:00,0.31455,0.31527,0.31345,0.31527,23142.5
2026-01-23 06:00:00,0.31518,0.3158,0.31461,0.31513,11227.8
2026-01-23 06:15:00,0.31489,0.31523,0.31139,0.31139,7895.6
2026-01-23 06:30:00,0.31253,0.31339,0.31232,0.31327,10422.4
2026-01-23 06:45:00,0.31336,0.31369,0.31027,0.31137,131703.3
2026-01-23 07:00:00,0.31139,0.31172,0.31026,0.31115,10005.2
2026-01-23 07:15:00,0.31115,0.31215,0.31115,0.31129,4444.3
2026-01-23 07:30:00,0.31153,0.31188,0.31119,0.31119,3075.2
2026-01-23 07:45:00,0.31053,0.31177,0.31053,0.3111,1258.0
2026-01-23 08:00:00,0.31139,0.31182,0.31092,0.31142,2680.8
2026-01-23 08:15:00,0.31213,0.31213,0.3106,0.3106,4990.7
2026-01-23 08:30:00,0.31077,0.31115,0.30813,0.30881,31972.2
2026-01-23 08:45:00,0.30907,0.30908,0.30686,0.30769,14920.1
2026-01-23 09:00:00,0.3083,0.30903,0.30826,0.3087,20934.3
2026-01-23 09:15:00,0.30873,0.30873,0.30788,0.30788,13800.5
2026-01-23 09:30:00,0.30798,0.3089,0.30682,0.30847,3918.6
2026-01-23 09:45:00,0.30791,0.30835,0.30781,0.30828,5482.5
2026-01-23 10:00:00,0.30838,0.30945,0.30771,0.30941,18452.5
2026-01-23 10:15:00,0.30936,0.30954,0.3076,0.3076,5259.4
2026-01-23 10:30:00,0.30795,0.30797,0.30673,0.30715,1230.9
2026-01-23 10:45:00,0.30714,0.30763,0.30698,0.30721,1321.1
2026-01-23 11:00:00,0.30743,0.30826,0.30725,0.30804,4485.7
2026-01-23 11:15:00,0.30811,0.30846,0.3075,0.30838,1996.9
2026-01-23 11:30:00,0.30822,0.30891,0.30759,0.30759,4864.7
2026-01-23 11:45:00,0.30817,0.30836,0.30747,0.30814,2856.0
2026-01-23 12:00:00,0.30854,0.30881,0.30815,0.30823,11985.7
2026-01-23 12:15:00,0.30785,0.30789,0.30742,0.30784,1549.7
2026-01-23 12:30:00,0.30722,0.30768,0.3066,0.30725,10649.8
2026-01-23 12:45:00,0.3073,0.30806,0.30722,0.30806,874.3
2026-01-23 13:00:00,0.3077,0.30821,0.30769,0.30821,2493.6
2026-01-23 13:15:00,0.30846,0.30916,0.30825,0.30888,6923.4
2026-01-23 13:30:00,0.3083,0.30886,0.30732,0.30805,12345.5
2026-01-23 13:45:00,0.30802,0.30843,0.3074,0.30788,10545.7
2026-01-23 14:00:00,0.30749,0.30804,0.30673,0.30699,15773.8
2026-01-23 14:15:00,0.3069,0.30762,0.30673,0.30711,11119.7
2026-01-23 14:30:00,0.30721,0.30721,0.3013,0.3019,32244.0
2026-01-23 14:45:00,0.30215,0.30283,0.29933,0.30154,18775.1
2026-01-23 15:00:00,0.30151,0.3029,0.30086,0.30152,12249.7
2026-01-23 15:15:00,0.30128,0.30443,0.30038,0.30327,10954.2
2026-01-23 15:30:00,0.30347,0.30581,0.30323,0.305,23911.8
2026-01-23 15:45:00,0.30502,0.30842,0.30502,0.30829,20553.8
2026-01-23 16:00:00,0.30855,0.30899,0.3078,0.30866,5123.6
2026-01-23 16:15:00,0.30965,0.30965,0.30673,0.30673,4753.5
2026-01-23 16:30:00,0.30669,0.3126,0.30564,0.31209,25353.7
2026-01-23 16:45:00,0.31219,0.3141,0.31078,0.31078,8372.5
2026-01-23 17:00:00,0.31086,0.31086,0.30826,0.30977,12506.1
2026-01-23 17:15:00,0.30965,0.31609,0.30965,0.31608,109748.5
2026-01-23 17:30:00,0.31649,0.31739,0.31407,0.31492,20952.7
2026-01-23 17:45:00,0.31563,0.31574,0.31288,0.31288,1820.7
2026-01-23 18:00:00,0.313,0.31536,0.31241,0.31393,14113.4
2026-01-23 18:15:00,0.31382,0.31415,0.31321,0.31372,4033.2
2026-01-23 18:30:00,0.31351,0.3148,0.3133,0.3136,4548.9
2026-01-23 18:45:00,0.3136,0.3136,0.31189,0.31238,1825.3
2026-01-23 19:00:00,0.31203,0.31203,0.30941,0.31019,7470.4
2026-01-23 19:15:00,0.30902,0.30902,0.30638,0.30673,21785.3
2026-01-23 19:30:00,0.30564,0.30597,0.30428,0.30574,12572.3
2026-01-23 19:45:00,0.30584,0.30591,0.30421,0.30556,1999.8
2026-01-23 20:00:00,0.3058,0.30616,0.30508,0.30589,6040.1
2026-01-23 20:15:00,0.30581,0.30581,0.30393,0.30441,7387.8
2026-01-23 20:30:00,0.30384,0.30389,0.30053,0.3022,139654.4
2026-01-23 20:45:00,0.30199,0.30238,0.30112,0.30224,7228.2
2026-01-23 21:00:00,0.30184,0.30434,0.30184,0.30434,13544.0
2026-01-23 21:15:00,0.30427,0.30427,0.30317,0.30406,2047.3
2026-01-23 21:30:00,0.30313,0.30362,0.30253,0.30304,3893.7
2026-01-23 21:45:00,0.30312,0.30367,0.30257,0.30257,5355.8
2026-01-23 22:00:00,0.30319,0.30488,0.30319,0.30431,12163.6
2026-01-23 22:15:00,0.30376,0.30548,0.30376,0.30548,18993.6
2026-01-23 22:30:00,0.30519,0.30564,0.30457,0.30457,4512.5
2026-01-23 22:45:00,0.30473,0.30591,0.30473,0.30554,2216.5
2026-01-23 23:00:00,0.3053,0.3053,0.30426,0.30486,8035.4
2026-01-23 23:15:00,0.30464,0.30504,0.30406,0.3045,12007.3
2026-01-23 23:30:00,0.30395,0.30443,0.30357,0.30357,1629.3
2026-01-23 23:45:00,0.30369,0.30419,0.30328,0.30404,9489.4
2026-01-24 00:00:00,0.30449,0.30554,0.30404,0.30431,11698.7
2026-01-24 00:15:00,0.30443,0.30499,0.30407,0.30408,32902.7
2026-01-24 00:30:00,0.30447,0.30495,0.30347,0.30377,4594.9
2026-01-24 00:45:00,0.30324,0.30404,0.30322,0.30326,2122.8
2026-01-24 01:00:00,0.30311,0.30349,0.30291,0.30324,1047.8
2026-01-24 01:15:00,0.30319,0.30327,0.30266,0.30297,2012.0
2026-01-24 01:30:00,0.30282,0.30347,0.30204,0.30347,10019.4
2026-01-24 01:45:00,0.3035,0.30397,0.30285,0.30339,1994.3
2026-01-24 02:00:00,0.30389,0.30501,0.30389,0.30434,5594.9
2026-01-24 02:15:00,0.30395,0.30414,0.30355,0.30394,525.3
2026-01-24 02:30:00,0.30379,0.30432,0.30353,0.30381,1878.8
2026-01-24 02:45:00,0.3039,0.30405,0.30348,0.30405,1019.6
2026-01-24 03:00:00,0.30434,0.30638,0.30428,0.30599,1653.5
2026-01-24 03:15:00,0.30588,0.30656,0.30514,0.30656,1072.2
2026-01-24 03:30:00,0.3066,0.30673,0.30559,0.30576,14396.8
2026-01-24 03:45:00,0.30573,0.30597,0.30505,0.30563,10443.4
2026-01-24 04:00:00,0.30575,0.30614,0.30524,0.30556,4491.3
2026-01-24 04:15:00,0.30551,0.30566,0.30482,0.30482,974.8
2026-01-24 04:30:00,0.30483,0.30504,0.30456,0.30487,1258.2
2026-01-24 04:45:00,0.30496,0.30528,0.30441,0.30476,1637.9
2026-01-24 05:00:00,0.30487,0.30487,0.30384,0.30404,870.6
2026-01-24 05:15:00,0.30402,0.30438,0.30366,0.30376,2982.2
2026-01-24 05:30:00,0.30376,0.30384,0.30333,0.30334,1054.6
2026-01-24 05:45:00,0.30382,0.30441,0.30352,0.30441,991.9
2026-01-24 06:00:00,0.30451,0.30539,0.30451,0.305,1408.1
2026-01-24 06:15:00,0.30497,0.30516,0.30462,0.30462,882.7
2026-01-24 06:30:00,0.30475,0.30513,0.30463,0.30492,1258.5
2026-01-24 06:45:00,0.30503,0.30505,0.30451,0.30451,2345.1
2026-01-24 07:00:00,0.30482,0.30529,0.30462,0.30483,1731.2
2026-01-24 07:15:00,0.30469,0.30469,0.30402,0.30431,1256.3
2026-01-24 07:30:00,0.3045,0.30465,0.30437,0.30447,56158.7
2026-01-24 07:45:00,0.30464,0.30474,0.304,0.304,45582.2
2026-01-24 08:00:00,0.30427,0.30427,0.30371,0.30406,2197.6
2026-01-24 08:15:00,0.30378,0.30415,0.30363,0.30415,1848.5
2026-01-24 08:30:00,0.30415,0.30507,0.30415,0.30507,75043.4
2026-01-24 08:45:00,0.30507,0.3055,0.3047,0.30533,14768.8
2026-01-24 09:00:00,0.30531,0.30531,0.30438,0.30503,4977.5
2026-01-24 09:15:00,0.30463,0.30463,0.30396,0.30425,1982.2
2026-01-24 09:30:00,0.3042,0.3043,0.3038,0.30402,975.2
2026-01-24 09:45:00,0.30401,0.30401,0.30358,0.30384,3574.9
2026-01-24 10:00:00,0.304,0.30418,0.3038,0.30394,1833.3
2026-01-24 10:15:00,0.30392,0.30428,0.30347,0.30428,4572.6
2026-01-24 10:30:00,0.30435,0.3046,0.3041,0.3046,919.0
2026-01-24 10:45:00,0.30428,0.30431,0.30375,0.30404,1353.0
2026-01-24 11:00:00,0.30395,0.30458,0.30395,0.30421,776.1
2026-01-24 11:15:00,0.30418,0.30423,0.30359,0.30359,1564.6
2026-01-24 11:30:00,0.30349,0.30413,0.30349,0.30406,1242.8
2026-01-24 11:45:00,0.30406,0.30418,0.30375,0.30395,1203.7
2026-01-24 12:00:00,0.30431,0.3049,0.30418,0.3048,1373.5
2026-01-24 12:15:00,0.30451,0.30495,0.30441,0.3047,1405.1
2026-01-24 12:30:00,0.3047,0.30546,0.30438,0.30458,4545.3
2026-01-24 12:45:00,0.30462,0.30462,0.30423,0.30459,34873.1
2026-01-24 13:00:00,0.30466,0.30467,0.30372,0.304,19683.2
2026-01-24 13:15:00,0.30399,0.30407,0.30328,0.30328,12908.5
2026-01-24 13:30:00,0.30361,0.30379,0.30335,0.30355,1446.5
2026-01-24 13:45:00,0.30386,0.30404,0.30225,0.30225,4555.0
2026-01-24 14:00:00,0.30202,0.30305,0.3009,0.30296,14474.4
2026-01-24 14:15:00,0.30277,0.30336,0.30249,0.30285,34321.0
2026-01-24 14:30:00,0.30306,0.30428,0.30306,0.30409,1385.6
2026-01-24 14:45:00,0.30375,0.30438,0.30321,0.30321,1542.7
2026-01-24 15:00:00,0.30346,0.30409,0.30346,0.30385,37428.7
2026-01-24 15:15:00,0.30376,0.30391,0.30255,0.30284,3277.7
2026-01-24 15:30:00,0.30272,0.303,0.30093,0.30123,2013.5
2026-01-24 15:45:00,0.30115,0.30115,0.30064,0.30102,1759.0
2026-01-24 16:00:00,0.30098,0.30186,0.30092,0.30139,2924.2
2026-01-24 16:15:00,0.301,0.301,0.29964,0.30076,5626.5
2026-01-24 16:30:00,0.30075,0.30094,0.30032,0.30052,1499.9
2026-01-24 16:45:00,0.301,0.3019,0.301,0.30128,924.8
2026-01-24 17:00:00,0.30151,0.30205,0.30096,0.3019,2639.8
2026-01-24 17:15:00,0.30167,0.30246,0.30167,0.30189,1167.8
2026-01-24 17:30:00,0.30189,0.3024,0.30158,0.30213,1558.3
2026-01-24 17:45:00,0.30203,0.30266,0.30199,0.30266,1826.9
2026-01-24 18:00:00,0.30276,0.30294,0.30201,0.30251,2732.2
2026-01-24 18:15:00,0.30243,0.30272,0.30221,0.30221,862.0
2026-01-24 18:30:00,0.30231,0.30316,0.30206,0.30285,1616.8
2026-01-24 18:45:00,0.30283,0.30283,0.302,0.30205,1672.0
2026-01-24 19:00:00,0.30217,0.30222,0.30112,0.30118,2869.1
2026-01-24 19:15:00,0.30118,0.30146,0.30066,0.30114,3534.8
2026-01-24 19:30:00,0.30153,0.30153,0.30124,0.30148,4554.1
2026-01-24 19:45:00,0.30157,0.30159,0.30115,0.30122,14011.0
2026-01-24 20:00:00,0.30139,0.30173,0.30139,0.30153,1457.6
2026-01-24 20:15:00,0.30176,0.30323,0.30176,0.3029,3652.3
2026-01-24 20:30:00,0.3029,0.30318,0.30251,0.30266,1490.2
2026-01-24 20:45:00,0.30276,0.30296,0.30254,0.30294,1161.0
2026-01-24 21:00:00,0.3029,0.30306,0.30192,0.30258,1786.3
2026-01-24 21:15:00,0.30271,0.303,0.30253,0.30269,5129.4
2026-01-24 21:30:00,0.30269,0.30342,0.30247,0.30342,3199.3
2026-01-24 21:45:00,0.30358,0.30401,0.30346,0.30356,2225.1
2026-01-24 22:00:00,0.30379,0.30456,0.30309,0.30418,5611.0
2026-01-24 22:15:00,0.30457,0.3047,0.30388,0.3045,986.3
2026-01-24 22:30:00,0.30426,0.30426,0.30355,0.30355,6051.8
2026-01-24 22:45:00,0.30376,0.30467,0.30349,0.30422,3299.5
2026-01-24 23:00:00,0.30438,0.30472,0.30401,0.30408,3141.6
2026-01-24 23:15:00,0.30437,0.30441,0.30347,0.30378,2911.1
2026-01-24 23:30:00,0.30398,0.30405,0.30357,0.3036,9949.5
2026-01-24 23:45:00,0.30341,0.3038,0.30319,0.30358,12931.3
2026-01-25 00:00:00,0.30383,0.30417,0.30357,0.30413,11521.1
2026-01-25 00:15:00,0.30423,0.30497,0.30388,0.30444,26354.8
2026-01-25 00:30:00,0.30429,0.30463,0.30399,0.30419,4813.0
2026-01-25 00:45:00,0.30391,0.30566,0.30391,0.30565,6133.7
2026-01-25 01:00:00,0.30561,0.30629,0.3053,0.30546,8482.6
2026-01-25 01:15:00,0.30548,0.30576,0.30456,0.30482,2818.3
2026-01-25 01:30:00,0.30444,0.3046,0.30256,0.30275,3581.8
2026-01-25 01:45:00,0.30308,0.30336,0.30245,0.30323,2115.9
2026-01-25 02:00:00,0.30398,0.30456,0.30389,0.30419,1362.9
2026-01-25 02:15:00,0.30437,0.30437,0.30356,0.30361,679.7
2026-01-25 02:30:00,0.30361,0.30369,0.30199,0.30199,7994.1
2026-01-25 02:45:00,0.30178,0.30289,0.30178,0.30253,6762.1
2026-01-25 03:00:00,0.30271,0.30331,0.30241,0.30241,1963.4
2026-01-25 03:15:00,0.30251,0.30251,0.30068,0.30088,3233.5
2026-01-25 03:30:00,0.30022,0.30029,0.2993,0.2999,6508.4
2026-01-25 03:45:00,0.29957,0.3,0.29912,0.29956,1771.1
2026-01-25 04:00:00,0.29956,0.30054,0.2989,0.2989,5897.1
2026-01-25 04:15:00,0.29931,0.3001,0.29928,0.3001,1990.8
2026-01-25 04:30:00,0.30073,0.30139,0.30027,0.30068,1554.3
2026-01-25 04:45:00,0.30067,0.30078,0.29958,0.29958,1633.9
2026-01-25 05:00:00,0.29942,0.29986,0.29933,0.29973,1628.2
2026-01-25 05:15:00,0.29983,0.29983,0.29914,0.29958,1227.4
2026-01-25 05:30:00,0.29966,0.29966,0.29871,0.29932,2780.9
2026-01-25 05:45:00,0.29915,0.30066,0.29901,0.30054,96863.5
2026-01-25 06:00:00,0.30002,0.30048,0.2994,0.2994,2147.9
2026-01-25 06:15:00,0.29935,0.30067,0.29935,0.30017,1464.1
2026-01-25 06:30:00,0.30055,0.30167,0.30055,0.30167,824.3
2026-01-25 06:45:00,0.3012,0.30136,0.2999,0.2999,2227.4
2026-01-25 07:00:00,0.29995,0.29995,0.29871,0.29871,4356.4
2026-01-25 07:15:00,0.29871,0.30022,0.29805,0.30022,2286.2
2026-01-25 07:30:00,0.29936,0.30094,0.29928,0.30061,2503.9
2026-01-25 07:45:00,0.30084,0.301,0.30021,0.30036,899.6
2026-01-25 08:00:00,0.30036,0.30073,0.30029,0.3005,9766.1
2026-01-25 08:15:00,0.3006,0.3006,0.29968,0.29983,4451.5
2026-01-25 08:30:00,0.29991,0.29991,0.29738,0.29858,17784.1
2026-01-25 08:45:00,0.29844,0.29867,0.29763,0.29867,10116.1
2026-01-25 09:00:00,0.29859,0.29892,0.29804,0.29852,4505.8
2026-01-25 09:15:00,0.29892,0.29997,0.29892,0.29997,6272.5
2026-01-25 09:30:00,0.29997,0.30329,0.29997,0.30301,51511.3
2026-01-25 09:45:00,0.30286,0.30383,0.30201,0.30219,6126.3
2026-01-25 10:00:00,0.30238,0.30282,0.30184,0.30282,3505.6
2026-01-25 10:15:00,0.30289,0.30495,0.30289,0.30495,12017.9
2026-01-25 10:30:00,0.30534,0.30536,0.30431,0.3046,7200.5
2026-01-25 10:45:00,0.30489,0.30495,0.30347,0.30359,4842.5
2026-01-25 11:00:00,0.3027,0.30276,0.30184,0.30248,3679.0
2026-01-25 11:15:00,0.30254,0.30309,0.30253,0.30309,6270.6
2026-01-25 11:30:00,0.30296,0.30321,0.30226,0.30227,1314.1
2026-01-25 11:45:00,0.30234,0.30234,0.30081,0.3015,2192.4
2026-01-25 12:00:00,0.30145,0.30145,0.30022,0.30076,3068.6
2026-01-25 12:15:00,0.30089,0.30089,0.29876,0.29938,6262.8
2026-01-25 12:30:00,0.2988,0.29957,0.29848,0.29957,3745.1
2026-01-25 12:45:00,0.29954,0.30061,0.29953,0.30061,4692.2
2026-01-25 13:00:00,0.30084,0.30105,0.30014,0.30034,2937.5
2026-01-25 13:15:00,0.30046,0.30082,0.29988,0.3001,1899.4
2026-01-25 13:30:00,0.30009,0.30106,0.29969,0.30106,1900.4
2026-01-25 13:45:00,0.30126,0.30311,0.30126,0.30157,9173.0
2026-01-25 14:00:00,0.30176,0.30176,0.29914,0.29924,2763.2
2026-01-25 14:15:00,0.29924,0.30004,0.29668,0.29767,17054.8
2026-01-25 14:30:00,0.29811,0.29811,0.29727,0.29777,4655.0
2026-01-25 14:45:00,0.29743,0.29866,0.29688,0.29866,4110.2
2026-01-25 15:00:00,0.29847,0.30001,0.29847,0.29948,3500.6
2026-01-25 15:15:00,0.29902,0.30022,0.29818,0.30022,5487.0
2026-01-25 15:30:00,0.29968,0.29981,0.29857,0.29876,1474.4
2026-01-25 15:45:00,0.29858,0.29858,0.29786,0.29846,3225.3
2026-01-25 16:00:00,0.29813,0.29813,0.29287,0.29287,88342.1
2026-01-25 16:15:00,0.29282,0.29338,0.28858,0.29024,139831.0
2026-01-25 16:30:00,0.29016,0.29084,0.28899,0.28935,90572.2
2026-01-25 16:45:00,0.28929,0.29081,0.28848,0.29081,8526.1
2026-01-25 17:00:00,0.29094,0.29174,0.28972,0.29016,3540.7
2026-01-25 17:15:00,0.28941,0.28995,0.28899,0.28953,1377.4
2026-01-25 17:30:00,0.28935,0.29085,0.28935,0.29085,68163.9
2026-01-25 17:45:00,0.29091,0.29092,0.28946,0.28946,8563.2
2026-01-25 18:00:00,0.28973,0.28973,0.28558,0.28803,29496.0
2026-01-25 18:15:00,0.28859,0.28909,0.28705,0.28716,4805.8
2026-01-25 18:30:00,0.28672,0.28684,0.28466,0.28466,8859.1
2026-01-25 18:45:00,0.28532,0.28627,0.28504,0.28613,7795.3
2026-01-25 19:00:00,0.2864,0.28748,0.28609,0.28609,2484.9
2026-01-25 19:15:00,0.28597,0.28597,0.28175,0.28206,609924.7
2026-01-25 19:30:00,0.2822,0.28414,0.2814,0.28374,109659.3
2026-01-25 19:45:00,0.28291,0.28291,0.27857,0.28008,10569.7
2026-01-25 20:00:00,0.28062,0.28299,0.28062,0.28164,18083.3
2026-01-25 20:15:00,0.28141,0.28259,0.28141,0.28218,7221.5
2026-01-25 20:30:00,0.28214,0.28227,0.28052,0.28116,4422.1
2026-01-25 20:45:00,0.28134,0.28294,0.28116,0.28294,29150.2
2026-01-25 21:00:00,0.28352,0.28508,0.28352,0.28437,45108.1
2026-01-25 21:15:00,0.285,0.28596,0.28488,0.28553,4113.8
2026-01-25 21:30:00,0.28596,0.28609,0.28368,0.28447,7464.5
2026-01-25 21:45:00,0.28436,0.28525,0.28394,0.28484,8011.9
2026-01-25 22:00:00,0.28475,0.28484,0.28311,0.28379,12057.1
2026-01-25 22:15:00,0.28417,0.28417,0.28232,0.28282,8324.9
2026-01-25 22:30:00,0.28282,0.28391,0.28216,0.28342,34042.5
2026-01-25 22:45:00,0.28336,0.28338,0.28172,0.28315,13039.3
2026-01-25 23:00:00,0.28337,0.28494,0.2823,0.28454,5460.1
2026-01-25 23:15:00,0.2842,0.2859,0.2842,0.28474,2713.3
2026-01-25 23:30:00,0.28471,0.285,0.28391,0.2847,72470.8
2026-01-25 23:45:00,0.28528,0.28683,0.28528,0.28613,4206.5
2026-01-26 00:00:00,0.286,0.28755,0.2855,0.28755,31548.8
2026-01-26 00:15:00,0.28756,0.28911,0.28739,0.28743,11399.0
2026-01-26 00:30:00,0.28761,0.28772,0.28554,0.28554,7076.2
2026-01-26 00:45:00,0.28596,0.28851,0.28565,0.28807,1596.5
2026-01-26 01:00:00,0.28836,0.29339,0.28836,0.29223,35466.9
2026-01-26 01:15:00,0.29246,0.29284,0.29115,0.29115,12881.5
2026-01-26 01:30:00,0.29153,0.29283,0.29153,0.29225,4393.9
2026-01-26 01:45:00,0.29271,0.29469,0.29271,0.29309,9391.2
2026-01-26 02:00:00,0.29323,0.29323,0.29073,0.29073,6034.3
2026-01-26 02:15:00,0.29076,0.29182,0.29046,0.29152,3385.8
2026-01-26 02:30:00,0.29151,0.29157,0.29067,0.29087,2702.0
2026-01-26 02:45:00,0.29095,0.2914,0.29029,0.29056,2890.4
2026-01-26 03:00:00,0.29093,0.29285,0.29093,0.29151,3900.9
2026-01-26 03:15:00,0.2919,0.2919,0.29037,0.29037,1550.0
2026-01-26 03:30:00,0.29037,0.29041,0.28913,0.28921,4152.9
2026-01-26 03:45:00,0.28927,0.28937,0.28829,0.28846,7783.2
2026-01-26 04:00:00,0.28926,0.29065,0.28926,0.29032,6027.3
2026-01-26 04:15:00,0.29026,0.29273,0.29003,0.29233,5121.0
2026-01-26 04:30:00,0.29275,0.29294,0.29162,0.29168,15483.6
2026-01-26 04:45:00,0.29132,0.29165,0.29122,0.29139,1145.7
2026-01-26 05:00:00,0.29179,0.29179,0.29115,0.29174,27573.7
2026-01-26 05:15:00,0.29151,0.29169,0.29138,0.29169,4938.6
2026-01-26 05:30:00,0.2917,0.29261,0.29149,0.2923,5997.3
2026-01-26 05:45:00,0.29196,0.29238,0.29153,0.29177,1325.2
2026-01-26 06:00:00,0.29153,0.29158,0.29081,0.29082,4843.9
2026-01-26 06:15:00,0.29081,0.2919,0.29074,0.29137,88713.7
2026-01-26 06:30:00,0.2926,0.29292,0.29199,0.29292,3849.5
2026-01-26 06:45:00,0.29355,0.29593,0.29355,0.29542,390187.0
2026-01-26 07:00:00,0.29598,0.29632,0.29456,0.29631,345888.3
2026-01-26 07:15:00,0.29634,0.29713,0.29557,0.29569,10338.0
2026-01-26 07:30:00,0.29558,0.29601,0.29467,0.29507,3063.4
2026-01-26 07:45:00,0.29488,0.29597,0.29446,0.29524,1397.5
2026-01-26 08:00:00,0.29544,0.29578,0.29515,0.29578,3648.5
2026-01-26 08:15:00,0.29583,0.29866,0.29544,0.29671,62672.1
2026-01-26 08:30:00,0.29671,0.29683,0.29568,0.29568,11900.3
2026-01-26 08:45:00,0.2956,0.29678,0.29528,0.29576,1382.2
2026-01-26 09:00:00,0.2957,0.2957,0.29365,0.29365,3963.7
2026-01-26 09:15:00,0.2937,0.29395,0.29347,0.29347,6863.6
2026-01-26 09:30:00,0.29351,0.29426,0.29328,0.29426,3571.3
2026-01-26 09:45:00,0.29376,0.29386,0.29264,0.29264,2013.6
2026-01-26 10:00:00,0.29328,0.29476,0.29328,0.29411,12831.0
2026-01-26 10:15:00,0.29405,0.29467,0.29356,0.29467,25208.2
2026-01-26 10:30:00,0.29438,0.29438,0.29359,0.29394,11939.2
2026-01-26 10:45:00,0.29393,0.29459,0.29372,0.29459,1299.4
2026-01-26 11:00:00,0.29451,0.29529,0.29451,0.29529,2787.2
2026-01-26 11:15:00,0.295,0.29511,0.29418,0.29418,3284.0
2026-01-26 11:30:00,0.29447,0.2945,0.29394,0.29428,33207.0
2026-01-26 11:45:00,0.29443,0.29494,0.29422,0.29494,13063.5
2026-01-26 12:00:00,0.29463,0.29587,0.29463,0.29539,5713.7
2026-01-26 12:15:00,0.29548,0.29559,0.29488,0.29499,3921.8
2026-01-26 12:30:00,0.29466,0.29527,0.29423,0.29472,1576.4
2026-01-26 12:45:00,0.29472,0.29553,0.29451,0.29553,3687.4
2026-01-26 13:00:00,0.29573,0.29679,0.29569,0.29637,12471.2
2026-01-26 13:15:00,0.29643,0.29821,0.29625,0.29745,55002.5
2026-01-26 13:30:00,0.29762,0.29812,0.2969,0.2972,1651.7
2026-01-26 13:45:00,0.29739,0.29806,0.29691,0.29743,3285.3
2026-01-26 14:00:00,0.2972,0.29782,0.29539,0.29539,6008.8
2026-01-26 14:15:00,0.29554,0.29605,0.29521,0.29542,84660.0
2026-01-26 14:30:00,0.29513,0.29955,0.29399,0.2977,177200.2
2026-01-26 14:45:00,0.29831,0.29857,0.29635,0.29842,5439.8
2026-01-26 15:00:00,0.29899,0.30129,0.29744,0.30117,46645.4
2026-01-26 15:15:00,0.3013,0.30148,0.29864,0.29864,6872.1
2026-01-26 15:30:00,0.29842,0.29842,0.2947,0.29482,21554.1
2026-01-26 15:45:00,0.29512,0.29675,0.29463,0.2961,31585.8
2026-01-26 16:00:00,0.29683,0.29805,0.29556,0.29556,12177.2
2026-01-26 16:15:00,0.29562,0.29697,0.29493,0.29651,27142.8
2026-01-26 16:30:00,0.29671,0.29697,0.29512,0.29512,24612.4
2026-01-26 16:45:00,0.2952,0.29788,0.2951,0.29633,4648.5
2026-01-26 17:00:00,0.29611,0.29705,0.29532,0.29536,8072.3
2026-01-26 17:15:00,0.29553,0.29592,0.29421,0.29435,5580.3
2026-01-26 17:30:00,0.29435,0.29524,0.29265,0.29499,156278.5
2026-01-26 17:45:00,0.29539,0.29619,0.29459,0.29554,3228.7
2026-01-26 18:00:00,0.29547,0.29549,0.2949,0.295,3849.8
2026-01-26 18:15:00,0.2951,0.29704,0.29449,0.29703,74393.9
2026-01-26 18:30:00,0.29719,0.29826,0.29585,0.29585,25608.6
2026-01-26 18:45:00,0.29573,0.29692,0.29573,0.29692,13240.7
2026-01-26 19:00:00,0.29697,0.29778,0.29655,0.29683,6542.1
2026-01-26 19:15:00,0.29702,0.29702,0.29635,0.2964,11802.1
2026-01-26 19:30:00,0.29637,0.29717,0.29615,0.29666,7521.8
2026-01-26 19:45:00,0.29675,0.29724,0.29562,0.29634,182852.9
2026-01-26 20:00:00,0.29614,0.29696,0.29585,0.29585,11934.7
2026-01-26 20:15:00,0.29582,0.2967,0.29525,0.29561,4755.7
2026-01-26 20:30:00,0.29563,0.29574,0.2952,0.29531,35800.2
2026-01-26 20:45:00,0.29568,0.29568,0.29465,0.2949,32220.4
2026-01-26 21:00:00,0.2949,0.29547,0.29449,0.29528,2475.7
2026-01-26 21:15:00,0.29538,0.29636,0.29484,0.29636,1153.4
2026-01-26 21:30:00,0.29689,0.30026,0.29644,0.29949,87685.3
2026-01-26 21:45:00,0.29948,0.29989,0.29906,0.29926,9409.5
2026-01-26 22:00:00,0.29972,0.30037,0.29919,0.2998,2136.5
2026-01-26 22:15:00,0.29957,0.29957,0.29848,0.29866,2172.3
2026-01-26 22:30:00,0.29856,0.29998,0.29856,0.29906,2552.9
2026-01-26 22:45:00,0.29901,0.29946,0.29852,0.29852,1180.1
2026-01-26 23:00:00,0.29874,0.29874,0.29742,0.29781,14427.6
2026-01-26 23:15:00,0.29745,0.29799,0.29745,0.29792,3557.3
2026-01-26 23:30:00,0.29822,0.29882,0.29803,0.29809,1949.7
2026-01-26 23:45:00,0.29753,0.29758,0.29722,0.29758,1432.6
2026-01-27 00:00:00,0.2972,0.29762,0.29633,0.2964,49212.7
2026-01-27 00:15:00,0.2963,0.29699,0.29617,0.29672,10277.7
2026-01-27 00:30:00,0.29624,0.29764,0.29624,0.29745,1811.6
2026-01-27 00:45:00,0.29707,0.29783,0.29692,0.29757,1571.0
2026-01-27 01:00:00,0.29748,0.29748,0.29643,0.2968,2951.6
2026-01-27 01:15:00,0.29679,0.29847,0.29663,0.29819,43062.1
2026-01-27 01:30:00,0.29827,0.29921,0.29815,0.29888,32771.1
2026-01-27 01:45:00,0.29885,0.29983,0.29841,0.29889,2887.0
2026-01-27 02:00:00,0.29929,0.29999,0.29839,0.29877,8368.7
2026-01-27 02:15:00,0.29862,0.29887,0.29779,0.29779,2575.2
2026-01-27 02:30:00,0.29805,0.29857,0.29766,0.29811,2198.6
2026-01-27 02:45:00,0.29773,0.29872,0.29773,0.29841,20985.6
2026-01-27 03:00:00,0.29839,0.29891,0.29734,0.29734,9392.3
2026-01-27 03:15:00,0.29723,0.29755,0.29718,0.29735,1787.2
2026-01-27 03:30:00,0.29713,0.29715,0.29636,0.29688,9529.1
2026-01-27 03:45:00,0.29672,0.29672,0.29601,0.2963,1889.1
2026-01-27 04:00:00,0.29637,0.29785,0.29637,0.29748,16305.9
2026-01-27 04:15:00,0.29727,0.29768,0.29642,0.29642,8997.8
2026-01-27 04:30:00,0.29669,0.29669,0.29623,0.29623,22228.1
2026-01-27 04:45:00,0.29606,0.29692,0.29574,0.29672,2887.5
2026-01-27 05:00:00,0.29683,0.29683,0.29573,0.29597,2583.9
2026-01-27 05:15:00,0.29573,0.29615,0.29524,0.29615,5315.0
2026-01-27 05:30:00,0.29607,0.29615,0.29569,0.29587,24786.6
2026-01-27 05:45:00,0.29579,0.29597,0.29547,0.29558,2357.5
2026-01-27 06:00:00,0.29577,0.29604,0.2948,0.29521,2153.3
2026-01-27 06:15:00,0.2951,0.29564,0.29507,0.29507,5307.9
2026-01-27 06:30:00,0.2948,0.295,0.29429,0.29429,3683.5
2026-01-27 06:45:00,0.2942,0.29448,0.29418,0.29441,3300.2
2026-01-27 07:00:00,0.29441,0.29522,0.29425,0.29522,24056.7
2026-01-27 07:15:00,0.29522,0.29523,0.2944,0.29511,3193.6
2026-01-27 07:30:00,0.29528,0.29622,0.2951,0.29583,3759.9
2026-01-27 07:45:00,0.29578,0.29603,0.2949,0.29509,2439.0
2026-01-27 08:00:00,0.29535,0.29591,0.2948,0.2948,11443.8
2026-01-27 08:15:00,0.29484,0.29497,0.29448,0.29472,13480.0
2026-01-27 08:30:00,0.29488,0.29495,0.29419,0.29438,2669.0
2026-01-27 08:45:00,0.29424,0.29514,0.29421,0.29486,18824.1
2026-01-27 09:00:00,0.29493,0.29514,0.29406,0.29406,2576.8
2026-01-27 09:15:00,0.294,0.29455,0.29364,0.29444,23918.7
2026-01-27 09:30:00,0.29425,0.29506,0.29408,0.29472,3416.8
2026-01-27 09:45:00,0.29462,0.29494,0.29388,0.29402,3486.5
2026-01-27 10:00:00,0.29404,0.29447,0.29385,0.29435,20407.8
2026-01-27 10:15:00,0.29429,0.2949,0.29405,0.29471,3417.2
2026-01-27 10:30:00,0.29445,0.29445,0.29372,0.29424,3572.3
2026-01-27 10:45:00,0.29431,0.2946,0.29411,0.29439,9559.2
2026-01-27 11:00:00,0.29478,0.29478,0.2942,0.29467,3045.9
2026-01-27 11:15:00,0.2949,0.29547,0.29486,0.29546,3516.1
2026-01-27 11:30:00,0.29545,0.29667,0.29544,0.29667,18358.2
2026-01-27 11:45:00,0.29607,0.29635,0.2957,0.29583,3402.4
2026-01-27 12:00:00,0.29578,0.29609,0.29545,0.29559,15860.5
2026-01-27 12:15:00,0.29568,0.29589,0.29545,0.29546,3460.5
2026-01-27 12:30:00,0.2956,0.29567,0.29422,0.29431,4258.7
2026-01-27 12:45:00,0.29451,0.29523,0.29442,0.29523,11474.7
2026-01-27 13:00:00,0.29558,0.29568,0.29506,0.29568,3847.7
2026-01-27 13:15:00,0.29547,0.29561,0.29446,0.29457,4203.4
2026-01-27 13:30:00,0.29457,0.29607,0.2944,0.29537,3249.7
2026-01-27 13:45:00,0.29505,0.29505,0.29411,0.29421,2315.9
2026-01-27 14:00:00,0.29415,0.29551,0.29381,0.29551,2421.3
2026-01-27 14:15:00,0.29629,0.29729,0.29551,0.29551,40000.3
2026-01-27 14:30:00,0.29546,0.29577,0.2932,0.2937,6179.3
2026-01-27 14:45:00,0.29329,0.29411,0.29243,0.29368,7420.5
2026-01-27 15:00:00,0.29344,0.29559,0.2931,0.29434,16162.5
2026-01-27 15:15:00,0.29422,0.29433,0.2927,0.2927,5785.6
2026-01-27 15:30:00,0.29275,0.2935,0.29221,0.29339,7887.2
2026-01-27 15:45:00,0.29381,0.29663,0.29381,0.29663,8691.2
2026-01-27 16:00:00,0.29682,0.29877,0.29609,0.29867,33244.5
2026-01-27 16:15:00,0.29836,0.29917,0.29654,0.29654,13908.1
2026-01-27 16:30:00,0.29728,0.30144,0.29704,0.30112,29937.3
2026-01-27 16:45:00,0.30123,0.3014,0.29934,0.29979,21249.1
2026-01-27 17:00:00,0.29998,0.3003,0.29523,0.29523,27534.4
2026-01-27 17:15:00,0.29501,0.29501,0.29266,0.29439,17810.1
2026-01-27 17:30:00,0.29471,0.2957,0.29174,0.29174,6385.4
2026-01-27 17:45:00,0.29195,0.29262,0.29159,0.29255,4863.7
2026-01-27 18:00:00,0.29265,0.29461,0.29205,0.29347,20446.7
2026-01-27 18:15:00,0.2939,0.29438,0.29309,0.29366,5221.1
2026-01-27 18:30:00,0.29418,0.29448,0.29328,0.29405,2662.6
2026-01-27 18:45:00,0.29413,0.29805,0.29413,0.2975,19655.7
2026-01-27 19:00:00,0.29689,0.29734,0.29592,0.29692,16214.4
2026-01-27 19:15:00,0.2972,0.2975,0.29663,0.29667,2980.3
2026-01-27 19:30:00,0.2968,0.29767,0.29612,0.29767,2678.0
2026-01-27 19:45:00,0.29766,0.29857,0.29756,0.29768,6834.6
2026-01-27 20:00:00,0.29785,0.29982,0.29782,0.29982,8780.7
2026-01-27 20:15:00,0.29961,0.30278,0.29961,0.30278,39228.2
2026-01-27 20:30:00,0.30291,0.30299,0.30093,0.30093,20872.7
2026-01-27 20:45:00,0.30128,0.30375,0.30113,0.30324,76282.3
2026-01-27 21:00:00,0.30314,0.30314,0.30109,0.30126,6776.4
2026-01-27 21:15:00,0.30137,0.30145,0.30057,0.30061,11782.5
2026-01-27 21:30:00,0.30051,0.30051,0.29915,0.29964,15073.5
2026-01-27 21:45:00,0.29928,0.30003,0.29919,0.29959,2246.3
2026-01-27 22:00:00,0.29972,0.30066,0.29972,0.30026,6313.3
2026-01-27 22:15:00,0.30034,0.30045,0.29951,0.30023,5793.0
2026-01-27 22:30:00,0.30023,0.30336,0.30007,0.30336,47548.2
2026-01-27 22:45:00,0.30306,0.30306,0.30162,0.30223,5121.2
2026-01-27 23:00:00,0.30165,0.30183,0.30026,0.30061,14174.1
2026-01-27 23:15:00,0.30101,0.30144,0.30028,0.30144,13564.4
2026-01-27 23:30:00,0.30124,0.30252,0.30114,0.30203,1908.9
2026-01-27 23:45:00,0.30182,0.30244,0.30119,0.30173,6233.4
2026-01-28 00:00:00,0.30191,0.30191,0.30125,0.30166,33841.1
2026-01-28 00:15:00,0.30173,0.30201,0.3011,0.30148,88154.5
2026-01-28 00:30:00,0.30113,0.30122,0.30015,0.30023,1492.0
2026-01-28 00:45:00,0.30056,0.30362,0.30056,0.30344,20062.8
2026-01-28 01:00:00,0.3033,0.3035,0.30195,0.30215,10488.0
2026-01-28 01:15:00,0.30231,0.30234,0.30096,0.30136,19873.9
2026-01-28 01:30:00,0.30116,0.30169,0.30072,0.30129,26168.6
2026-01-28 01:45:00,0.30108,0.30231,0.30108,0.30201,5385.9
2026-01-28 02:00:00,0.30211,0.3022,0.30094,0.30133,33234.8
2026-01-28 02:15:00,0.30118,0.30258,0.30097,0.30216,5142.4
2026-01-28 02:30:00,0.30196,0.3026,0.30154,0.30173,45007.3
2026-01-28 02:45:00,0.30161,0.30276,0.30151,0.30225,1893.9
2026-01-28 03:00:00,0.30246,0.30251,0.30147,0.30171,3753.6
2026-01-28 03:15:00,0.30164,0.30233,0.30127,0.30193,6397.0
2026-01-28 03:30:00,0.30192,0.30234,0.30121,0.30169,3204.6
2026-01-28 03:45:00,0.3017,0.30187,0.30122,0.30167,23212.3
2026-01-28 04:00:00,0.30153,0.30194,0.30063,0.3007,1968.9
2026-01-28 04:15:00,0.30076,0.30077,0.29982,0.29987,4147.8
2026-01-28 04:30:00,0.29997,0.30059,0.29977,0.30014,2404.0
2026-01-28 04:45:00,0.30007,0.30062,0.29956,0.30025,3355.5
2026-01-28 05:00:00,0.30102,0.30142,0.29972,0.29972,2121.7
2026-01-28 05:15:00,0.29951,0.30012,0.29916,0.29936,2021.5
2026-01-28 05:30:00,0.2998,0.30114,0.2998,0.30113,2006.9
2026-01-28 05:45:00,0.30108,0.30178,0.30106,0.30164,1828.8
2026-01-28 06:00:00,0.30173,0.30273,0.30173,0.30201,14987.2
2026-01-28 06:15:00,0.30216,0.30254,0.30087,0.301,3376.9
2026-01-28 06:30:00,0.30127,0.3014,0.29995,0.30044,2901.6
2026-01-28 06:45:00,0.30044,0.30134,0.30012,0.30104,41047.9
2026-01-28 07:00:00,0.30075,0.30075,0.29961,0.29968,3539.4
2026-01-28 07:15:00,0.2997,0.29982,0.29868,0.29938,10386.6
2026-01-28 07:30:00,0.29891,0.30008,0.29818,0.30002,2841.4
2026-01-28 07:45:00,0.29992,0.30012,0.29939,0.29998,1262.3
2026-01-28 08:00:00,0.30018,0.30022,0.29948,0.30013,10902.2
2026-01-28 08:15:00,0.30008,0.3003,0.29939,0.29939,3229.6
2026-01-28 08:30:00,0.29942,0.29959,0.29858,0.29902,14648.3
2026-01-28 08:45:00,0.29862,0.29914,0.29829,0.29858,2024.6
2026-01-28 09:00:00,0.29869,0.29958,0.29862,0.29862,2662.0
2026-01-28 09:15:00,0.29847,0.29872,0.2978,0.2983,4622.8
2026-01-28 09:30:00,0.2984,0.3004,0.2984,0.30033,8265.2
2026-01-28 09:45:00,0.30025,0.30055,0.29984,0.3004,2866.5
2026-01-28 10:00:00,0.30087,0.30088,0.30006,0.30071,13499.3
2026-01-28 10:15:00,0.30097,0.3013,0.29948,0.29981,8610.2
2026-01-28 10:30:00,0.29989,0.30018,0.2996,0.30006,9825.2
2026-01-28 10:45:00,0.29984,0.30005,0.29943,0.29961,2276.5
2026-01-28 11:00:00,0.29962,0.29981,0.29879,0.29879,2084.9
2026-01-28 11:15:00,0.29909,0.30041,0.29908,0.29978,36322.7
2026-01-28 11:30:00,0.2999,0.30047,0.29961,0.30036,2517.5
2026-01-28 11:45:00,0.30095,0.30314,0.30027,0.30294,45228.5
2026-01-28 12:00:00,0.30327,0.3033,0.30188,0.30195,9107.5
2026-01-28 12:15:00,0.3021,0.30241,0.30114,0.30172,17116.0
2026-01-28 12:30:00,0.30173,0.30192,0.30034,0.30042,2389.5
2026-01-28 12:45:00,0.30049,0.30109,0.30008,0.30099,2215.0
2026-01-28 13:00:00,0.30113,0.30203,0.30113,0.30194,6611.9
2026-01-28 13:15:00,0.30163,0.30221,0.30068,0.30126,37964.7
2026-01-28 13:30:00,0.30159,0.30221,0.30096,0.30128,38536.6
2026-01-28 13:45:00,0.30146,0.30146,0.29996,0.30049,2169.8
2026-01-28 14:00:00,0.3005,0.30056,0.29927,0.29938,12608.1
2026-01-28 14:15:00,0.29942,0.29942,0.29749,0.29796,7333.6
2026-01-28 14:30:00,0.29801,0.29959,0.29794,0.29895,6438.8
2026-01-28 14:45:00,0.29855,0.2992,0.29765,0.29827,76363.6
2026-01-28 15:00:00,0.29842,0.29978,0.29628,0.29639,89552.8
2026-01-28 15:15:00,0.29659,0.29773,0.29574,0.29708,113988.0
2026-01-28 15:30:00,0.29705,0.29758,0.29655,0.29686,7201.5
2026-01-28 15:45:00,0.29726,0.29731,0.29573,0.29615,4146.7
2026-01-28 16:00:00,0.29653,0.29653,0.2944,0.2945,36891.2
2026-01-28 16:15:00,0.29469,0.29688,0.29459,0.29688,3774.9
2026-01-28 16:30:00,0.29666,0.29747,0.29479,0.29509,6077.5
2026-01-28 16:45:00,0.29529,0.29619,0.29504,0.2951,17370.3
2026-01-28 17:00:00,0.29581,0.29639,0.29539,0.29599,3270.2
2026-01-28 17:15:00,0.29587,0.29627,0.29504,0.29532,6473.7
2026-01-28 17:30:00,0.29528,0.29637,0.29356,0.29608,9025.3
2026-01-28 17:45:00,0.29655,0.29917,0.29634,0.29784,79794.4
2026-01-28 18:00:00,0.29743,0.29743,0.29541,0.29621,87825.6
2026-01-28 18:15:00,0.2964,0.29691,0.2955,0.29576,19422.2
2026-01-28 18:30:00,0.29571,0.29604,0.29491,0.29531,6496.4
2026-01-28 18:45:00,0.29539,0.29589,0.29479,0.29584,61522.2
2026-01-28 19:00:00,0.29575,0.29747,0.29515,0.2957,33982.8
2026-01-28 19:15:00,0.2957,0.29901,0.29565,0.29687,361978.4
2026-01-28 19:30:00,0.29647,0.29746,0.29554,0.29566,6485.2
2026-01-28 19:45:00,0.29605,0.29897,0.29605,0.29819,159939.0
2026-01-28 20:00:00,0.29813,0.29929,0.29813,0.2989,56902.5
2026-01-28 20:15:00,0.2993,0.30156,0.29907,0.30112,14501.4
2026-01-28 20:30:00,0.30126,0.30126,0.29812,0.29831,6114.6
2026-01-28 20:45:00,0.29831,0.29902,0.29724,0.29841,18519.9
2026-01-28 21:00:00,0.29856,0.30113,0.29596,0.29996,22525.1
2026-01-28 21:15:00,0.29924,0.30014,0.29884,0.29963,5215.4
2026-01-28 21:30:00,0.29925,0.30074,0.29838,0.30025,28886.4
2026-01-28 21:45:00,0.29999,0.30225,0.29984,0.29984,8756.7
2026-01-28 22:00:00,0.30019,0.30089,0.29999,0.30028,6503.8
2026-01-28 22:15:00,0.29968,0.30213,0.29946,0.30204,4200.9
2026-01-28 22:30:00,0.30221,0.30312,0.30164,0.30257,6466.5
2026-01-28 22:45:00,0.30262,0.30346,0.30243,0.30303,14078.4
2026-01-28 23:00:00,0.30359,0.30384,0.30184,0.30282,58306.9
2026-01-28 23:15:00,0.30282,0.30402,0.30201,0.30259,9896.9
2026-01-28 23:30:00,0.30262,0.30262,0.30104,0.30203,7371.4
2026-01-28 23:45:00,0.30187,0.30244,0.30079,0.30107,2969.7
2026-01-29 00:00:00,0.30118,0.30191,0.29934,0.29934,58480.3
2026-01-29 00:15:00,0.29938,0.29964,0.29859,0.29859,17055.5
2026-01-29 00:30:00,0.29899,0.29899,0.29691,0.29694,58890.7
2026-01-29 00:45:00,0.29691,0.29787,0.29615,0.2978,10959.1
2026-01-29 01:00:00,0.29794,0.29895,0.29752,0.29752,4159.7
2026-01-29 01:15:00,0.29783,0.29783,0.29458,0.2963,18409.6
2026-01-29 01:30:00,0.2963,0.2963,0.29482,0.29519,15137.4
2026-01-29 01:45:00,0.29537,0.29567,0.29396,0.29447,16830.2
2026-01-29 02:00:00,0.29452,0.29529,0.2941,0.29458,23422.7
2026-01-29 02:15:00,0.29458,0.2949,0.29408,0.29408,3472.7
2026-01-29 02:30:00,0.29385,0.29385,0.28825,0.28913,99277.5
2026-01-29 02:45:00,0.28905,0.28939,0.28703,0.28838,13101.5
2026-01-29 03:00:00,0.28839,0.29027,0.28753,0.28997,6349.2
2026-01-29 03:15:00,0.29003,0.2903,0.28778,0.28789,4671.9
2026-01-29 03:30:00,0.28816,0.28847,0.28744,0.28847,4494.0
2026-01-29 03:45:00,0.28862,0.28862,0.28653,0.28739,218999.8
2026-01-29 04:00:00,0.28713,0.28744,0.28575,0.28599,7600.5
2026-01-29 04:15:00,0.28629,0.28723,0.28545,0.28723,4029.0
2026-01-29 04:30:00,0.28735,0.28764,0.28673,0.28721,4989.3
2026-01-29 04:45:00,0.28719,0.2878,0.28709,0.28739,19716.6
2026-01-29 05:00:00,0.28738,0.28835,0.28702,0.28722,3655.9
2026-01-29 05:15:00,0.28723,0.28772,0.28693,0.2871,16610.8
2026-01-29 05:30:00,0.28699,0.2879,0.28669,0.28687,38522.7
2026-01-29 05:45:00,0.28697,0.28706,0.28652,0.28666,1900.4
2026-01-29 06:00:00,0.28656,0.28746,0.28656,0.28726,19543.1
2026-01-29 06:15:00,0.28758,0.28866,0.28758,0.28846,16907.8
2026-01-29 06:30:00,0.28847,0.2893,0.28766,0.28848,37700.8
2026-01-29 06:45:00,0.28846,0.28889,0.28766,0.28875,5366.4
2026-01-29 07:00:00,0.28882,0.29016,0.28865,0.28921,6688.2
2026-01-29 07:15:00,0.28907,0.28945,0.28829,0.2883,21791.7
2026-01-29 07:30:00,0.2883,0.28879,0.28781,0.28818,2312.0
2026-01-29 07:45:00,0.28809,0.28828,0.28733,0.28748,3214.4
2026-01-29 08:00:00,0.28781,0.28781,0.28625,0.28634,14230.4
2026-01-29 08:15:00,0.28643,0.28806,0.28575,0.28805,84770.2
2026-01-29 08:30:00,0.28806,0.28828,0.28582,0.28643,27261.3
2026-01-29 08:45:00,0.28651,0.28705,0.28568,0.28607,26196.4
2026-01-29 09:00:00,0.28602,0.28723,0.28602,0.28642,18475.6
2026-01-29 09:15:00,0.28642,0.28662,0.2861,0.28628,2674.5
2026-01-29 09:30:00,0.28641,0.28725,0.28628,0.28693,5176.6
2026-01-29 09:45:00,0.28693,0.28716,0.28611,0.2863,6676.5
2026-01-29 10:00:00,0.28644,0.2868,0.28623,0.28629,21145.7
2026-01-29 10:15:00,0.28631,0.28661,0.28611,0.2862,5587.7
2026-01-29 10:30:00,0.28612,0.28628,0.28513,0.28521,25257.2
2026-01-29 10:45:00,0.28509,0.28569,0.28465,0.28534,65155.9
2026-01-29 11:00:00,0.28493,0.28546,0.28482,0.28494,5589.2
2026-01-29 11:15:00,0.28494,0.28514,0.28382,0.28421,52258.6
2026-01-29 11:30:00,0.28403,0.28472,0.28403,0.2841,3715.6
2026-01-29 11:45:00,0.284,0.2848,0.28378,0.284,4458.9
2026-01-29 12:00:00,0.28404,0.28516,0.28397,0.28476,15213.9
2026-01-29 12:15:00,0.28488,0.28498,0.28454,0.28462,12534.8
2026-01-29 12:30:00,0.28445,0.28474,0.28268,0.2834,8221.6
2026-01-29 12:45:00,0.28353,0.28381,0.28292,0.28381,41103.0
2026-01-29 13:00:00,0.28365,0.28484,0.28365,0.28483,7683.2
2026-01-29 13:15:00,0.28486,0.28564,0.28453,0.28551,6416.6
2026-01-29 13:30:00,0.28512,0.28533,0.28471,0.28471,5027.9
2026-01-29 13:45:00,0.28461,0.28556,0.28461,0.28539,122290.9
2026-01-29 14:00:00,0.28569,0.2868,0.28466,0.28508,385461.8
2026-01-29 14:15:00,0.2852,0.28532,0.28326,0.28326,114311.7
2026-01-29 14:30:00,0.28316,0.28417,0.28112,0.28161,29427.4
2026-01-29 14:45:00,0.28128,0.28193,0.27752,0.27783,43865.8
2026-01-29 15:00:00,0.27791,0.27791,0.26818,0.26863,539373.0
2026-01-29 15:15:00,0.26865,0.27208,0.26689,0.27123,100667.6
2026-01-29 15:30:00,0.2714,0.27183,0.26537,0.26537,58482.7
2026-01-29 15:45:00,0.26539,0.26862,0.26529,0.26774,36847.9
2026-01-29 16:00:00,0.26755,0.26827,0.26489,0.26827,61891.0
2026-01-29 16:15:00,0.26828,0.27052,0.26828,0.26848,15787.2
2026-01-29 16:30:00,0.26885,0.2702,0.26875,0.27009,65379.6
2026-01-29 16:45:00,0.27006,0.27265,0.27006,0.27265,11522.3
2026-01-29 17:00:00,0.27268,0.27549,0.27268,0.27417,51458.6
2026-01-29 17:15:00,0.27424,0.27546,0.27159,0.27159,81610.1
2026-01-29 17:30:00,0.27114,0.27114,0.26848,0.26864,21614.4
2026-01-29 17:45:00,0.26886,0.26886,0.26702,0.26702,19226.9
2026-01-29 18:00:00,0.26703,0.26823,0.26687,0.26743,29212.8
2026-01-29 18:15:00,0.26743,0.2676,0.26344,0.264,51670.8
2026-01-29 18:30:00,0.26343,0.26511,0.2622,0.2642,46276.9
2026-01-29 18:45:00,0.26407,0.26407,0.26119,0.26148,24191.7
2026-01-29 19:00:00,0.2613,0.26194,0.26047,0.26103,94954.0
2026-01-29 19:15:00,0.26151,0.26187,0.26029,0.26121,14170.5
2026-01-29 19:30:00,0.26133,0.26503,0.26132,0.26425,71196.7
2026-01-29 19:45:00,0.26457,0.26477,0.26354,0.26392,6763.4
2026-01-29 20:00:00,0.26358,0.26503,0.26329,0.2649,8298.9
2026-01-29 20:15:00,0.26472,0.26631,0.26472,0.26631,5192.8
2026-01-29 20:30:00,0.26631,0.26746,0.26631,0.26742,33865.0
2026-01-29 20:45:00,0.26725,0.26963,0.26725,0.26963,9616.6
2026-01-29 21:00:00,0.26963,0.27126,0.26963,0.27126,10996.9
2026-01-29 21:15:00,0.27086,0.27086,0.27004,0.27043,8938.7
2026-01-29 21:30:00,0.27029,0.27115,0.27029,0.27115,2957.0
2026-01-29 21:45:00,0.27114,0.27121,0.27015,0.2705,3145.4
2026-01-29 22:00:00,0.27054,0.27144,0.27012,0.27012,1689.2
2026-01-29 22:15:00,0.26986,0.27015,0.26896,0.26997,20660.0
2026-01-29 22:30:00,0.27059,0.27059,0.26954,0.26975,4059.5
2026-01-29 22:45:00,0.26965,0.26997,0.26953,0.2698,4393.9
2026-01-29 23:00:00,0.26951,0.26957,0.26853,0.26903,8436.0
2026-01-29 23:15:00,0.26883,0.26909,0.26836,0.26882,3702.8
2026-01-29 23:30:00,0.26879,0.26905,0.26833,0.26875,5918.4
2026-01-29 23:45:00,0.26923,0.26934,0.2688,0.26934,11251.5
2026-01-30 00:00:00,0.26942,0.27073,0.26942,0.27004,29453.7
2026-01-30 00:15:00,0.26996,0.27036,0.26957,0.26987,27414.5
2026-01-30 00:30:00,0.26995,0.27103,0.26988,0.27055,8592.4
2026-01-30 00:45:00,0.27063,0.27181,0.27048,0.27087,5111.5
2026-01-30 01:00:00,0.27106,0.27231,0.27098,0.27201,10286.0
2026-01-30 01:15:00,0.27241,0.27288,0.27147,0.27198,94181.3
2026-01-30 01:30:00,0.27197,0.2728,0.25998,0.26497,94606.2
2026-01-30 01:45:00,0.26516,0.26819,0.2638,0.26768,149866.8
2026-01-30 02:00:00,0.26729,0.26749,0.26416,0.26426,31318.5
2026-01-30 02:15:00,0.26433,0.26437,0.26067,0.26085,34539.9
2026-01-30 02:30:00,0.26153,0.26552,0.2605,0.26522,20653.1
2026-01-30 02:45:00,0.26565,0.26592,0.26314,0.26345,18426.6
2026-01-30 03:00:00,0.26369,0.26555,0.26352,0.26481,16966.0
2026-01-30 03:15:00,0.26429,0.26498,0.26358,0.26358,3933.2
2026-01-30 03:30:00,0.26361,0.26379,0.26253,0.2632,4648.2
2026-01-30 03:45:00,0.26315,0.2632,0.262,0.26265,7455.1
2026-01-30 04:00:00,0.26239,0.26409,0.26239,0.26371,6018.1
2026-01-30 04:15:00,0.26385,0.26717,0.26369,0.26634,33019.1
2026-01-30 04:30:00,0.26645,0.26739,0.26558,0.26652,16339.4
2026-01-30 04:45:00,0.26671,0.26692,0.26605,0.26609,26766.1
2026-01-30 05:00:00,0.26587,0.26616,0.26413,0.26449,11653.3
2026-01-30 05:15:00,0.26459,0.26538,0.26384,0.26538,9432.3
2026-01-30 05:30:00,0.26522,0.26522,0.26394,0.26438,9467.0
2026-01-30 05:45:00,0.26443,0.26443,0.26388,0.26423,4624.5
2026-01-30 06:00:00,0.26415,0.26415,0.26191,0.26224,17886.5
2026-01-30 06:15:00,0.26215,0.26222,0.25976,0.26061,14729.6
2026-01-30 06:30:00,0.26027,0.26094,0.25966,0.26016,7193.7
2026-01-30 06:45:00,0.25994,0.26112,0.25876,0.26062,19765.5
2026-01-30 07:00:00,0.2606,0.26587,0.2606,0.26544,18260.4
2026-01-30 07:15:00,0.26518,0.26597,0.26463,0.26469,18278.8
2026-01-30 07:30:00,0.26474,0.26492,0.2637,0.26385,4340.2
2026-01-30 07:45:00,0.26369,0.26544,0.26369,0.26472,7747.8
2026-01-30 08:00:00,0.26469,0.265,0.26388,0.26492,20863.7
2026-01-30 08:15:00,0.26502,0.26525,0.26451,0.26457,46359.8
2026-01-30 08:30:00,0.264,0.26407,0.26203,0.26291,24806.1
2026-01-30 08:45:00,0.26293,0.26349,0.26265,0.26325,7725.0
2026-01-30 09:00:00,0.26353,0.26426,0.26348,0.26387,23618.8
2026-01-30 09:15:00,0.2632,0.26413,0.26294,0.26352,4355.2
2026-01-30 09:30:00,0.26401,0.26506,0.26395,0.26502,52118.4
2026-01-30 09:45:00,0.26436,0.26464,0.26303,0.264,18841.3
2026-01-30 10:00:00,0.26413,0.26461,0.26352,0.26461,23480.8
2026-01-30 10:15:00,0.26451,0.26561,0.26381,0.2651,5560.2
2026-01-30 10:30:00,0.26488,0.26497,0.26387,0.26408,3902.2
2026-01-30 10:45:00,0.26378,0.26463,0.26378,0.26461,4126.2
2026-01-30 11:00:00,0.26472,0.26511,0.2645,0.26458,19807.6
2026-01-30 11:15:00,0.26477,0.26477,0.26387,0.26418,5080.5
2026-01-30 11:30:00,0.26412,0.26516,0.26412,0.26484,8460.1
2026-01-30 11:45:00,0.26506,0.26949,0.26506,0.26769,157901.5
2026-01-30 12:00:00,0.26825,0.26845,0.26717,0.26741,119951.4
2026-01-30 12:15:00,0.26746,0.26776,0.26634,0.26687,16405.7
2026-01-30 12:30:00,0.26675,0.26714,0.26624,0.26657,5876.4
2026-01-30 12:45:00,0.26613,0.26671,0.26603,0.26659,5146.3
2026-01-30 13:00:00,0.26686,0.26702,0.26525,0.26666,6255.4
2026-01-30 13:15:00,0.26628,0.26694,0.26572,0.26615,6820.8
2026-01-30 13:30:00,0.26602,0.26675,0.26421,0.26483,20537.3
2026-01-30 13:45:00,0.26411,0.26437,0.26294,0.26335,24496.1
2026-01-30 14:00:00,0.26399,0.26514,0.26399,0.2644,4930.2
2026-01-30 14:15:00,0.26407,0.26433,0.26376,0.26376,20234.4
2026-01-30 14:30:00,0.2643,0.26679,0.26377,0.2659,43505.1
2026-01-30 14:45:00,0.26599,0.26599,0.26279,0.26329,10411.1
2026-01-30 15:00:00,0.26385,0.26516,0.26326,0.26401,6080.1
2026-01-30 15:15:00,0.26438,0.26459,0.26122,0.26205,15132.2
2026-01-30 15:30:00,0.26176,0.26634,0.26097,0.26614,40750.7
2026-01-30 15:45:00,0.26553,0.2662,0.26436,0.26436,11284.1
2026-01-30 16:00:00,0.26414,0.26539,0.26321,0.26539,17638.8
2026-01-30 16:15:00,0.26505,0.26556,0.26239,0.26556,28057.5
2026-01-30 16:30:00,0.2647,0.26746,0.2647,0.26701,13383.6
2026-01-30 16:45:00,0.26628,0.26631,0.26474,0.26494,10504.1
2026-01-30 17:00:00,0.26524,0.26553,0.2637,0.26456,15068.4
2026-01-30 17:15:00,0.26418,0.26732,0.26382,0.26713,13502.7
2026-01-30 17:30:00,0.2668,0.2668,0.26499,0.26598,35373.2
2026-01-30 17:45:00,0.26613,0.26647,0.26504,0.26515,4605.5
2026-01-30 18:00:00,0.26519,0.26566,0.26335,0.26357,8366.6
2026-01-30 18:15:00,0.26364,0.26364,0.25764,0.26144,66936.6
2026-01-30 18:30:00,0.26241,0.2662,0.2613,0.2662,42353.9
2026-01-30 18:45:00,0.26619,0.26963,0.2653,0.26866,53785.3
2026-01-30 19:00:00,0.26941,0.27049,0.26825,0.26885,12564.6
2026-01-30 19:15:00,0.26851,0.26979,0.26834,0.26924,10439.3
2026-01-30 19:30:00,0.26932,0.26932,0.2671,0.26753,9770.3
2026-01-30 19:45:00,0.26717,0.26839,0.26676,0.26725,11977.5
2026-01-30 20:00:00,0.26714,0.26715,0.26484,0.26539,14599.6
2026-01-30 20:15:00,0.26536,0.2663,0.26317,0.26372,10911.1
2026-01-30 20:30:00,0.26468,0.26564,0.26151,0.26328,20228.0
2026-01-30 20:45:00,0.26311,0.26399,0.26242,0.26248,8132.5
2026-01-30 21:00:00,0.26301,0.26362,0.26212,0.2628,5194.9
2026-01-30 21:15:00,0.26319,0.26548,0.26319,0.26332,10057.1
2026-01-30 21:30:00,0.2631,0.26407,0.26245,0.26294,8873.3
2026-01-30 21:45:00,0.26299,0.26445,0.26299,0.26426,9378.7
2026-01-30 22:00:00,0.26386,0.26448,0.26256,0.26282,9095.7
2026-01-30 22:15:00,0.26275,0.26275,0.26132,0.26172,9073.4
2026-01-30 22:30:00,0.26197,0.26316,0.26197,0.26285,90415.0
2026-01-30 22:45:00,0.26277,0.26351,0.26261,0.2628,6766.6
2026-01-30 23:00:00,0.26269,0.26283,0.2609,0.26113,8275.5
2026-01-30 23:15:00,0.26132,0.2618,0.26049,0.26086,7037.2
2026-01-30 23:30:00,0.26079,0.26154,0.26054,0.26154,5076.3
2026-01-30 23:45:00,0.26178,0.2625,0.26157,0.26239,16235.6
2026-01-31 00:00:00,0.26263,0.26263,0.26156,0.26201,31731.5
2026-01-31 00:15:00,0.26181,0.26202,0.26119,0.26189,37810.3
2026-01-31 00:30:00,0.26169,0.26284,0.26159,0.26245,18364.9
2026-01-31 00:45:00,0.26208,0.26222,0.26154,0.26154,17297.4
2026-01-31 01:00:00,0.2616,0.26287,0.26134,0.26252,2655.2
2026-01-31 01:15:00,0.26221,0.2629,0.262,0.26282,5036.4
2026-01-31 01:30:00,0.26252,0.26252,0.26144,0.26235,3455.2
2026-01-31 01:45:00,0.26253,0.26253,0.26171,0.2622,7448.1
2026-01-31 02:00:00,0.26239,0.26239,0.26165,0.26219,3403.4
2026-01-31 02:15:00,0.2621,0.26214,0.2615,0.26185,2054.2
2026-01-31 02:30:00,0.26195,0.26323,0.26171,0.26282,31469.5
2026-01-31 02:45:00,0.26282,0.26314,0.26264,0.26271,2905.4
2026-01-31 03:00:00,0.26281,0.2629,0.26197,0.26223,2834.0
2026-01-31 03:15:00,0.26238,0.26238,0.26213,0.26226,2056.3
2026-01-31 03:30:00,0.26224,0.26224,0.26174,0.26197,3437.9
2026-01-31 03:45:00,0.26196,0.26196,0.26131,0.26154,2953.6
2026-01-31 04:00:00,0.2613,0.26227,0.2613,0.26182,2818.7
2026-01-31 04:15:00,0.26196,0.26202,0.26134,0.2617,3444.2
2026-01-31 04:30:00,0.26146,0.26146,0.26046,0.26086,2370.9
2026-01-31 04:45:00,0.26046,0.26046,0.25952,0.25966,2309.4
2026-01-31 05:00:00,0.25952,0.25952,0.2586,0.25915,6203.2
2026-01-31 05:15:00,0.2591,0.26006,0.25897,0.25987,4213.0
2026-01-31 05:30:00,0.25989,0.26018,0.25915,0.26007,5387.6
2026-01-31 05:45:00,0.26001,0.26046,0.25966,0.25997,6327.2
2026-01-31 06:00:00,0.2602,0.2602,0.25946,0.25946,1796.8
2026-01-31 06:15:00,0.25938,0.25978,0.25685,0.25753,16018.5
2026-01-31 06:30:00,0.25759,0.25798,0.25679,0.2575,17467.0
2026-01-31 06:45:00,0.25764,0.25866,0.2574,0.25832,25994.2
2026-01-31 07:00:00,0.25834,0.25847,0.25784,0.25788,1171.5
2026-01-31 07:15:00,0.25798,0.25825,0.25763,0.25778,35596.9
2026-01-31 07:30:00,0.25767,0.25767,0.25453,0.25617,55844.0
2026-01-31 07:45:00,0.25602,0.2572,0.25602,0.25707,3851.3
2026-01-31 08:00:00,0.2572,0.25779,0.25599,0.25623,32034.2
2026-01-31 08:15:00,0.25599,0.25599,0.25224,0.25441,225719.4
2026-01-31 08:30:00,0.25393,0.25411,0.2508,0.25223,141032.1
2026-01-31 08:45:00,0.25245,0.25452,0.25177,0.25395,68379.9
2026-01-31 09:00:00,0.25404,0.25487,0.25368,0.25487,11243.8
2026-01-31 09:15:00,0.25479,0.25495,0.25336,0.25372,12005.5
2026-01-31 09:30:00,0.25431,0.25603,0.25431,0.25451,208866.2
2026-01-31 09:45:00,0.2546,0.2546,0.25363,0.2539,2656.7
2026-01-31 10:00:00,0.2537,0.25418,0.25277,0.25283,5606.1
2026-01-31 10:15:00,0.25303,0.25408,0.25293,0.25408,2544.3
2026-01-31 10:30:00,0.25418,0.25527,0.25418,0.25474,3328.4
2026-01-31 10:45:00,0.25495,0.25495,0.25399,0.25399,6070.4
2026-01-31 11:00:00,0.25408,0.25413,0.25302,0.25317,4847.4
2026-01-31 11:15:00,0.25324,0.25408,0.25324,0.25404,3880.4
2026-01-31 11:30:00,0.25393,0.25404,0.25264,0.25264,3491.2
2026-01-31 11:45:00,0.25262,0.25298,0.25205,0.25232,7391.8
2026-01-31 12:00:00,0.25219,0.25279,0.25198,0.25215,36227.9
2026-01-31 12:15:00,0.25199,0.25268,0.25199,0.25268,3091.4
2026-01-31 12:30:00,0.25243,0.25243,0.25153,0.25202,3949.2
2026-01-31 12:45:00,0.25236,0.25236,0.25104,0.25145,2429.4
2026-01-31 13:00:00,0.25128,0.2515,0.25035,0.25098,7300.6
2026-01-31 13:15:00,0.25093,0.25106,0.25,0.25035,12047.9
2026-01-31 13:30:00,0.25073,0.25084,0.24904,0.24971,10697.2
2026-01-31 13:45:00,0.24993,0.25051,0.24961,0.25028,18526.6
2026-01-31 14:00:00,0.25127,0.25152,0.2475,0.24832,225249.0
2026-01-31 14:15:00,0.24835,0.24888,0.23843,0.23982,171550.6
2026-01-31 14:30:00,0.23948,0.24078,0.23506,0.23583,177730.7
2026-01-31 14:45:00,0.23536,0.23986,0.23484,0.23934,21634.9
2026-01-31 15:00:00,0.23977,0.24291,0.23977,0.24051,60349.7
2026-01-31 15:15:00,0.24051,0.24134,0.2397,0.24064,40126.6
2026-01-31 15:30:00,0.2406,0.24165,0.23981,0.23995,27290.6
2026-01-31 15:45:00,0.24006,0.24053,0.23804,0.23865,31953.8
2026-01-31 16:00:00,0.23912,0.23914,0.23742,0.23805,30490.7
2026-01-31 16:15:00,0.23827,0.24188,0.23702,0.23939,35168.4
2026-01-31 16:30:00,0.23931,0.23973,0.23841,0.23898,5638.6
2026-01-31 16:45:00,0.23895,0.23931,0.23631,0.23766,38938.8
2026-01-31 17:00:00,0.23767,0.238,0.22231,0.23013,487322.1
2026-01-31 17:15:00,0.22823,0.22986,0.22615,0.22737,107152.3
2026-01-31 17:30:00,0.22768,0.22891,0.22511,0.22579,40931.6
2026-01-31 17:45:00,0.22683,0.22686,0.22426,0.22609,14454.1
2026-01-31 18:00:00,0.22598,0.22705,0.22526,0.22596,78051.0
2026-01-31 18:15:00,0.22545,0.22626,0.2235,0.22564,31724.9
2026-01-31 18:30:00,0.22593,0.2262,0.20875,0.21962,361107.1
2026-01-31 18:45:00,0.21962,0.2255,0.21865,0.22361,228106.9
2026-01-31 19:00:00,0.22369,0.22832,0.22369,0.22748,82894.4
2026-01-31 19:15:00,0.22768,0.22892,0.22581,0.22704,30001.3
2026-01-31 19:30:00,0.22714,0.22714,0.22312,0.22358,39496.9
2026-01-31 19:45:00,0.2235,0.22565,0.2234,0.22488,210992.4
2026-01-31 20:00:00,0.22478,0.22591,0.2239,0.2239,40895.7
2026-01-31 20:15:00,0.22402,0.22772,0.22363,0.22433,27807.6
2026-01-31 20:30:00,0.22438,0.22573,0.22345,0.22566,27636.6
2026-01-31 20:45:00,0.22575,0.22694,0.22523,0.22684,19678.3
2026-01-31 21:00:00,0.2266,0.22864,0.22646,0.22677,100958.3
2026-01-31 21:15:00,0.22681,0.22877,0.22609,0.22877,14636.0
2026-01-31 21:30:00,0.22847,0.23049,0.22777,0.23012,96640.6
2026-01-31 21:45:00,0.23002,0.23049,0.22953,0.22959,3252.8
2026-01-31 22:00:00,0.22996,0.23034,0.22834,0.22834,3407.5
2026-01-31 22:15:00,0.22853,0.2291,0.22772,0.22841,8849.6
2026-01-31 22:30:00,0.22901,0.22903,0.2275,0.22789,6158.6
2026-01-31 22:45:00,0.22791,0.22952,0.22772,0.22918,35768.3
2026-01-31 23:00:00,0.22902,0.23024,0.22902,0.22981,4970.0
2026-01-31 23:15:00,0.22971,0.23547,0.22971,0.23408,53940.3
2026-01-31 23:30:00,0.23387,0.23467,0.23308,0.23327,2769.8
2026-01-31 23:45:00,0.23317,0.23407,0.23238,0.23396,4639.4
2026-02-01 00:00:00,0.23416,0.23636,0.23402,0.23636,20049.2
2026-02-01 00:15:00,0.2363,0.23688,0.23578,0.23604,24645.3
2026-02-01 00:30:00,0.23597,0.23626,0.23464,0.23587,18692.4
2026-02-01 00:45:00,0.23549,0.23608,0.23534,0.23598,6234.6
2026-02-01 01:00:00,0.23594,0.23611,0.2339,0.23454,4664.9
2026-02-01 01:15:00,0.23444,0.2355,0.23301,0.2355,17577.7
2026-02-01 01:30:00,0.23539,0.2355,0.23479,0.23547,18457.3
2026-02-01 01:45:00,0.23517,0.23647,0.23516,0.23637,4577.1
2026-02-01 02:00:00,0.2365,0.23738,0.236,0.23707,9560.0
2026-02-01 02:15:00,0.23697,0.23727,0.23605,0.23655,16291.3
2026-02-01 02:30:00,0.23663,0.23811,0.23646,0.23761,4131.3
2026-02-01 02:45:00,0.23761,0.23869,0.23737,0.23779,4787.6
2026-02-01 03:00:00,0.23768,0.23826,0.23676,0.23795,4257.2
2026-02-01 03:15:00,0.23792,0.23832,0.23744,0.23813,14811.7
2026-02-01 03:30:00,0.23801,0.23812,0.23727,0.23727,7547.4
2026-02-01 03:45:00,0.23747,0.23818,0.23747,0.23798,4904.9
2026-02-01 04:00:00,0.23804,0.23873,0.23765,0.23799,61784.7
2026-02-01 04:15:00,0.23841,0.23874,0.23749,0.23778,93051.1
2026-02-01 04:30:00,0.23767,0.23795,0.23726,0.23785,3959.5
2026-02-01 04:45:00,0.23795,0.23815,0.23753,0.23782,4614.5
2026-02-01 05:00:00,0.23778,0.23849,0.23724,0.23809,5041.2
2026-02-01 05:15:00,0.23809,0.23898,0.23757,0.23887,8346.2
2026-02-01 05:30:00,0.23876,0.23876,0.23694,0.23694,5419.9
2026-02-01 05:45:00,0.23664,0.23737,0.23664,0.23725,4713.1
2026-02-01 06:00:00,0.23738,0.23866,0.23728,0.23824,3987.1
2026-02-01 06:15:00,0.23846,0.23968,0.23836,0.23908,21733.4
2026-02-01 06:30:00,0.23905,0.23967,0.23754,0.23844,5400.3
2026-02-01 06:45:00,0.23833,0.23866,0.23793,0.23845,4657.4
2026-02-01 07:00:00,0.23832,0.23864,0.23754,0.23774,6059.7
2026-02-01 07:15:00,0.23774,0.2381,0.23703,0.23761,4339.1
2026-02-01 07:30:00,0.23742,0.24047,0.23702,0.24003,10044.2
2026-02-01 07:45:00,0.23993,0.24025,0.23885,0.23914,17964.2
2026-02-01 08:00:00,0.23913,0.23958,0.23882,0.239,4529.1
2026-02-01 08:15:00,0.2387,0.23898,0.23802,0.23834,21263.2
2026-02-01 08:30:00,0.23834,0.24028,0.23831,0.24027,73214.1
2026-02-01 08:45:00,0.24017,0.24017,0.23867,0.23902,5449.1
2026-02-01 09:00:00,0.23889,0.23918,0.23836,0.23836,5418.0
2026-02-01 09:15:00,0.23836,0.23836,0.237,0.23734,4505.6
2026-02-01 09:30:00,0.237,0.23833,0.23696,0.2383,25268.1
2026-02-01 09:45:00,0.23821,0.23936,0.2379,0.23919,6754.2
2026-02-01 10:00:00,0.23913,0.24008,0.23883,0.24008,4746.0
2026-02-01 10:15:00,0.23954,0.23954,0.23824,0.23879,47856.9
2026-02-01 10:30:00,0.23864,0.23893,0.23498,0.23498,13646.3
2026-02-01 10:45:00,0.23497,0.23588,0.2343,0.23474,28285.8
2026-02-01 11:00:00,0.23463,0.23539,0.23463,0.23529,5877.4
2026-02-01 11:15:00,0.23522,0.23522,0.23416,0.23454,5214.4
2026-02-01 11:30:00,0.23437,0.23645,0.23416,0.23622,6238.8
2026-02-01 11:45:00,0.23622,0.23625,0.23512,0.23546,5595.1
2026-02-01 12:00:00,0.2356,0.23575,0.23402,0.23479,16468.1
2026-02-01 12:15:00,0.23451,0.23465,0.2327,0.23328,7873.3
2026-02-01 12:30:00,0.23307,0.23456,0.23307,0.23375,5840.5
2026-02-01 12:45:00,0.23344,0.23396,0.23313,0.23349,6303.9
2026-02-01 13:00:00,0.2334,0.2355,0.2334,0.23532,10556.1
2026-02-01 13:15:00,0.23529,0.23534,0.23463,0.23514,5787.6
2026-02-01 13:30:00,0.23521,0.23533,0.23372,0.23401,4193.9
2026-02-01 13:45:00,0.234,0.2344,0.23176,0.23281,210739.2
2026-02-01 14:00:00,0.23257,0.23322,0.23161,0.23168,11402.2
2026-02-01 14:15:00,0.23168,0.23207,0.22997,0.2304,15964.9
2026-02-01 14:30:00,0.23027,0.23159,0.22832,0.23062,51349.5
2026-02-01 14:45:00,0.23092,0.23419,0.23065,0.23263,29908.4
2026-02-01 15:00:00,0.23218,0.23218,0.22929,0.22929,5178.6
2026-02-01 15:15:00,0.22927,0.22954,0.2253,0.22606,48940.1
2026-02-01 15:30:00,0.22576,0.22654,0.22264,0.22525,138642.0
2026-02-01 15:45:00,0.22515,0.22832,0.22491,0.22707,71564.8
2026-02-01 16:00:00,0.22687,0.22867,0.22549,0.22756,279291.0
2026-02-01 16:15:00,0.22752,0.22975,0.22468,0.22827,139868.6
2026-02-01 16:30:00,0.22834,0.22879,0.22609,0.2264,29171.9
2026-02-01 16:45:00,0.2265,0.22788,0.22625,0.22747,18425.4
2026-02-01 17:00:00,0.22751,0.22845,0.2271,0.22808,17535.7
2026-02-01 17:15:00,0.22794,0.22794,0.22617,0.22715,5216.2
2026-02-01 17:30:00,0.22752,0.22752,0.22564,0.2266,4649.7
2026-02-01 17:45:00,0.22661,0.22796,0.22579,0.22796,7176.5
2026-02-01 18:00:00,0.22813,0.23266,0.22813,0.23251,154990.5
2026-02-01 18:15:00,0.23231,0.23317,0.23089,0.232,38233.2
2026-02-01 18:30:00,0.23171,0.2319,0.23007,0.23007,9817.4
2026-02-01 18:45:00,0.23006,0.23051,0.22913,0.23013,7068.3
2026-02-01 19:00:00,0.23005,0.23054,0.22913,0.22932,4617.5
2026-02-01 19:15:00,0.22922,0.23001,0.22842,0.2298,23417.6
2026-02-01 19:30:00,0.2297,0.2303,0.22897,0.22928,8700.8
2026-02-01 19:45:00,0.22864,0.22864,0.22702,0.22833,60032.8
2026-02-01 20:00:00,0.228,0.22872,0.22765,0.22783,15320.9
2026-02-01 20:15:00,0.22778,0.22828,0.22622,0.22626,6557.5
2026-02-01 20:30:00,0.22719,0.23137,0.22719,0.2302,24517.4
2026-02-01 20:45:00,0.23023,0.23026,0.22866,0.22887,4262.8
2026-02-01 21:00:00,0.22879,0.22897,0.22685,0.2278,5998.3
2026-02-01 21:15:00,0.2278,0.2278,0.22654,0.22737,12378.3
2026-02-01 21:30:00,0.22773,0.22859,0.22704,0.22705,3371.3
2026-02-01 21:45:00,0.22615,0.22754,0.22615,0.22665,146344.9
2026-02-01 22:00:00,0.22725,0.23118,0.22661,0.22989,177333.4
2026-02-01 22:15:00,0.22993,0.22993,0.22709,0.22893,104208.2
2026-02-01 22:30:00,0.22912,0.23111,0.22912,0.22969,25048.6
2026-02-01 22:45:00,0.2303,0.2303,0.22867,0.22921,9016.1
2026-02-01 23:00:00,0.22813,0.22813,0.22156,0.22602,58369.2
2026-02-01 23:15:00,0.22642,0.22842,0.22444,0.22842,67826.1
2026-02-01 23:30:00,0.22776,0.23145,0.22702,0.2296,33635.3
2026-02-01 23:45:00,0.2293,0.2293,0.22694,0.2272,11827.4
2026-02-02 00:00:00,0.22782,0.23015,0.22551,0.22977,36852.9
2026-02-02 00:15:00,0.22985,0.23241,0.22985,0.23192,38965.3
2026-02-02 00:30:00,0.23174,0.23448,0.23173,0.23249,659351.0
2026-02-02 00:45:00,0.23279,0.23279,0.23099,0.23133,28681.4
2026-02-02 01:00:00,0.23123,0.23254,0.22832,0.22848,78277.0
2026-02-02 01:15:00,0.22875,0.23478,0.22797,0.23458,76667.5
2026-02-02 01:30:00,0.23417,0.23417,0.23277,0.23345,8295.4
2026-02-02 01:45:00,0.23314,0.23316,0.23195,0.23218,7563.9
2026-02-02 02:00:00,0.23216,0.23223,0.2305,0.23073,79536.7
2026-02-02 02:15:00,0.23101,0.23311,0.23101,0.23311,30100.2
2026-02-02 02:30:00,0.23201,0.23277,0.23089,0.23107,87077.0
2026-02-02 02:45:00,0.23104,0.23114,0.22978,0.22998,81458.6
2026-02-02 03:00:00,0.22995,0.22995,0.22632,0.22632,13948.5
2026-02-02 03:15:00,0.22655,0.22689,0.2213,0.22178,49278.4
2026-02-02 03:30:00,0.22148,0.22329,0.21996,0.2214,105410.0
2026-02-02 03:45:00,0.22167,0.22976,0.22167,0.22946,120495.0
2026-02-02 04:00:00,0.22939,0.22939,0.22568,0.22568,11581.5
2026-02-02 04:15:00,0.22578,0.23148,0.22578,0.23148,79805.2
2026-02-02 04:30:00,0.23215,0.23242,0.23008,0.23008,96377.3
2026-02-02 04:45:00,0.23001,0.23001,0.22787,0.22819,91035.1
2026-02-02 05:00:00,0.22791,0.22812,0.22461,0.22527,26653.4
2026-02-02 05:15:00,0.22528,0.22546,0.22217,0.22269,28506.0
2026-02-02 05:30:00,0.22296,0.22397,0.22173,0.22312,176368.1
2026-02-02 05:45:00,0.22312,0.22562,0.22312,0.22422,11007.3
2026-02-02 06:00:00,0.22401,0.22459,0.22169,0.22395,16426.0
2026-02-02 06:15:00,0.22347,0.22683,0.22347,0.22464,196754.1
2026-02-02 06:30:00,0.22474,0.23049,0.22042,0.22739,376893.1
2026-02-02 06:45:00,0.22772,0.22844,0.22592,0.22658,21850.2
2026-02-02 07:00:00,0.2266,0.22815,0.22568,0.22632,159866.2
2026-02-02 07:15:00,0.22627,0.22724,0.22544,0.22564,36155.3
2026-02-02 07:30:00,0.22574,0.22688,0.22564,0.22639,61634.5
2026-02-02 07:45:00,0.22683,0.22763,0.2254,0.22573,14236.9
2026-02-02 08:00:00,0.22548,0.22646,0.22548,0.22629,35470.4
2026-02-02 08:15:00,0.22617,0.22654,0.22561,0.22561,13023.6
2026-02-02 08:30:00,0.22584,0.22808,0.22584,0.2275,20076.8
2026-02-02 08:45:00,0.22756,0.22846,0.22728,0.22781,45197.0
2026-02-02 09:00:00,0.22795,0.22795,0.22633,0.22633,12749.9
2026-02-02 09:15:00,0.22637,0.22911,0.22637,0.22911,24805.1
2026-02-02 09:30:00,0.22898,0.23049,0.22784,0.2289,116609.3
2026-02-02 09:45:00,0.2291,0.23098,0.2291,0.2295,306730.5
2026-02-02 10:00:00,0.2297,0.23039,0.22966,0.23017,7882.7
2026-02-02 10:15:00,0.23011,0.23011,0.22873,0.22945,17574.3
2026-02-02 10:30:00,0.22966,0.23016,0.22905,0.22944,2709.2
2026-02-02 10:45:00,0.22943,0.22952,0.22899,0.22923,3123.3
2026-02-02 11:00:00,0.22945,0.22979,0.22872,0.22979,3504.8
2026-02-02 11:15:00,0.22978,0.22978,0.22925,0.22975,6124.2
2026-02-02 11:30:00,0.22983,0.23055,0.22962,0.22969,21447.4
2026-02-02 11:45:00,0.22988,0.23068,0.22904,0.22921,33225.1
2026-02-02 12:00:00,0.22942,0.22955,0.22906,0.22955,2662.1
2026-02-02 12:15:00,0.2294,0.23071,0.22934,0.22963,6827.9
2026-02-02 12:30:00,0.22958,0.22985,0.22887,0.22937,3633.3
2026-02-02 12:45:00,0.22918,0.23083,0.22918,0.23013,37959.6
2026-02-02 13:00:00,0.23013,0.23018,0.22891,0.22995,230523.7
2026-02-02 13:15:00,0.22985,0.23112,0.22944,0.23042,2975.3
2026-02-02 13:30:00,0.23036,0.23102,0.23011,0.23064,225601.5
2026-02-02 13:45:00,0.23068,0.23179,0.23033,0.2313,8540.9
2026-02-02 14:00:00,0.23105,0.23111,0.22894,0.22931,32291.9
2026-02-02 14:15:00,0.22968,0.23073,0.22914,0.23033,48451.5
2026-02-02 14:30:00,0.23073,0.23418,0.23073,0.23264,358772.7
2026-02-02 14:45:00,0.23259,0.23399,0.23161,0.232,145123.5
2026-02-02 15:00:00,0.23193,0.23391,0.23133,0.23391,152490.5
2026-02-02 15:15:00,0.2334,0.23533,0.23309,0.23443,135134.4
2026-02-02 15:30:00,0.23429,0.23666,0.23382,0.23544,31379.0
2026-02-02 15:45:00,0.23564,0.23583,0.23433,0.23491,7767.9
2026-02-02 16:00:00,0.23471,0.23517,0.23436,0.23458,32177.1
2026-02-02 16:15:00,0.23483,0.23553,0.23359,0.23506,180926.5
2026-02-02 16:30:00,0.23487,0.23495,0.2337,0.234,55132.6
2026-02-02 16:45:00,0.23338,0.23367,0.232,0.23218,141030.6
2026-02-02 17:00:00,0.2324,0.23397,0.23209,0.23315,84552.0
2026-02-02 17:15:00,0.2331,0.23335,0.23188,0.23188,54749.1
2026-02-02 17:30:00,0.23188,0.23243,0.22982,0.2302,463479.2
2026-02-02 17:45:00,0.23038,0.23065,0.229,0.22978,303840.2
2026-02-02 18:00:00,0.22986,0.22992,0.22912,0.22933,71775.8
2026-02-02 18:15:00,0.22966,0.22991,0.22863,0.22887,264741.1
2026-02-02 18:30:00,0.22905,0.23089,0.22905,0.22981,102724.6
2026-02-02 18:45:00,0.22998,0.23037,0.22961,0.23032,52792.9
2026-02-02 19:00:00,0.2304,0.2304,0.22939,0.22964,5393.7
2026-02-02 19:15:00,0.22981,0.22981,0.22911,0.2294,29698.2
2026-02-02 19:30:00,0.22925,0.22964,0.22864,0.22964,9429.5
2026-02-02 19:45:00,0.22955,0.22962,0.22863,0.22962,3182.3
2026-02-02 20:00:00,0.22832,0.22969,0.22831,0.22918,31504.5
2026-02-02 20:15:00,0.22914,0.22977,0.2291,0.22947,21806.9
2026-02-02 20:30:00,0.22927,0.22984,0.22865,0.22897,10314.8
2026-02-02 20:45:00,0.22896,0.22972,0.22859,0.22934,70023.6
2026-02-02 21:00:00,0.2294,0.23087,0.2294,0.23038,143415.1
2026-02-02 21:15:00,0.23047,0.23055,0.22995,0.23024,4536.7
2026-02-02 21:30:00,0.23024,0.23093,0.23024,0.23074,13809.3
2026-02-02 21:45:00,0.23053,0.23122,0.23049,0.2305,321675.0
2026-02-02 22:00:00,0.23043,0.23124,0.23043,0.23086,28981.1
2026-02-02 22:15:00,0.23078,0.23096,0.23023,0.23067,4025.8
2026-02-02 22:30:00,0.2306,0.23127,0.2306,0.23113,13297.5
2026-02-02 22:45:00,0.23113,0.23127,0.23052,0.23062,5110.5
2026-02-02 23:00:00,0.23082,0.23082,0.23011,0.2305,49279.9
2026-02-02 23:15:00,0.23048,0.23064,0.2295,0.22975,12066.5
2026-02-02 23:30:00,0.22968,0.23005,0.22951,0.22975,25204.8
2026-02-02 23:45:00,0.22954,0.22969,0.22923,0.22956,13995.2
2026-02-03 00:00:00,0.22968,0.23022,0.22786,0.22814,65037.4
2026-02-03 00:15:00,0.22818,0.22928,0.22807,0.22928,161061.9
2026-02-03 00:30:00,0.22917,0.22934,0.22765,0.22813,8775.3
2026-02-03 00:45:00,0.22841,0.22931,0.22811,0.22931,8665.1
2026-02-03 01:00:00,0.22901,0.22951,0.22865,0.22889,12747.0
2026-02-03 01:15:00,0.2289,0.2289,0.2275,0.22829,54674.6
2026-02-03 01:30:00,0.22809,0.22857,0.22792,0.22847,66539.6
2026-02-03 01:45:00,0.22854,0.22918,0.22844,0.22914,15067.7
2026-02-03 02:00:00,0.22915,0.22915,0.22737,0.22739,11983.2
2026-02-03 02:15:00,0.22683,0.22793,0.22683,0.22703,9664.6
2026-02-03 02:30:00,0.22705,0.22718,0.22615,0.22664,11132.7
2026-02-03 02:45:00,0.22642,0.22647,0.22532,0.22532,9061.0
2026-02-03 03:00:00,0.225,0.22609,0.22443,0.22572,10800.4
2026-02-03 03:15:00,0.22579,0.22638,0.22477,0.22638,67945.6
2026-02-03 03:30:00,0.22634,0.22848,0.22616,0.22824,34090.9
2026-02-03 03:45:00,0.22829,0.22988,0.22794,0.22936,24061.0
2026-02-03 04:00:00,0.22935,0.22975,0.22815,0.22971,22029.5
2026-02-03 04:15:00,0.22981,0.22993,0.22904,0.22904,13269.5
2026-02-03 04:30:00,0.22919,0.23142,0.22906,0.23139,23926.6
2026-02-03 04:45:00,0.2313,0.23142,0.2303,0.23054,41780.7
2026-02-03 05:00:00,0.23038,0.2304,0.22873,0.22889,9201.3
2026-02-03 05:15:00,0.2288,0.22954,0.22847,0.22901,33067.1
2026-02-03 05:30:00,0.22895,0.22919,0.22856,0.22856,5064.2
2026-02-03 05:45:00,0.22892,0.22904,0.22804,0.22804,11145.1
2026-02-03 06:00:00,0.22809,0.22823,0.22636,0.22653,32880.4
2026-02-03 06:15:00,0.22646,0.22857,0.22641,0.22857,15403.2
2026-02-03 06:30:00,0.2285,0.22899,0.22816,0.22821,22248.7
2026-02-03 06:45:00,0.22836,0.22946,0.22826,0.22935,7448.3
2026-02-03 07:00:00,0.22918,0.23051,0.22897,0.23021,25342.5
2026-02-03 07:15:00,0.23018,0.23018,0.22937,0.22962,5222.6
2026-02-03 07:30:00,0.22944,0.23076,0.22944,0.23007,12268.7
2026-02-03 07:45:00,0.23006,0.23018,0.2294,0.22959,13532.6
2026-02-03 08:00:00,0.22961,0.22971,0.22901,0.22902,15863.0
2026-02-03 08:15:00,0.22905,0.23089,0.229,0.2307,87725.6
2026-02-03 08:30:00,0.2307,0.23094,0.23015,0.23085,109685.6
2026-02-03 08:45:00,0.23089,0.23089,0.22916,0.22946,18487.3
2026-02-03 09:00:00,0.22951,0.23007,0.22755,0.22763,84194.8
2026-02-03 09:15:00,0.22721,0.22733,0.22531,0.2255,62039.2
2026-02-03 09:30:00,0.22567,0.2273,0.2256,0.22713,89851.7
2026-02-03 09:45:00,0.22703,0.22762,0.22691,0.22734,17177.6
2026-02-03 10:00:00,0.22746,0.22861,0.22711,0.22828,30772.3
2026-02-03 10:15:00,0.22843,0.22888,0.22804,0.22881,15956.1
2026-02-03 10:30:00,0.2286,0.2286,0.22735,0.22769,27683.0
2026-02-03 10:45:00,0.22762,0.22791,0.22754,0.22783,11719.0
2026-02-03 11:00:00,0.22787,0.22828,0.22762,0.2277,8313.4
2026-02-03 11:15:00,0.22774,0.22815,0.2275,0.22775,11597.1
2026-02-03 11:30:00,0.22762,0.22816,0.2276,0.22777,4691.1
2026-02-03 11:45:00,0.22801,0.2286,0.22786,0.22791,40159.3
2026-02-03 12:00:00,0.22806,0.22956,0.22736,0.22874,20356.0
2026-02-03 12:15:00,0.22895,0.22965,0.22834,0.22955,11105.1
2026-02-03 12:30:00,0.22945,0.2296,0.22895,0.22942,45510.6
2026-02-03 12:45:00,0.2292,0.22981,0.2292,0.22929,13546.4
2026-02-03 13:00:00,0.22925,0.22942,0.22854,0.22897,28816.4
2026-02-03 13:15:00,0.22908,0.22917,0.22845,0.22874,7065.4
2026-02-03 13:30:00,0.22901,0.22933,0.2283,0.22871,89863.0
2026-02-03 13:45:00,0.22848,0.22965,0.22808,0.22904,171008.7
2026-02-03 14:00:00,0.22899,0.22975,0.22887,0.22967,191874.1
2026-02-03 14:15:00,0.22961,0.22993,0.22844,0.22942,132650.1
2026-02-03 14:30:00,0.22923,0.22948,0.22602,0.22695,255069.5
2026-02-03 14:45:00,0.22651,0.22798,0.22417,0.22441,139683.1
2026-02-03 15:00:00,0.22426,0.22662,0.22378,0.22384,298140.3
2026-02-03 15:15:00,0.22384,0.22923,0.22352,0.22783,115485.1
2026-02-03 15:30:00,0.22756,0.22888,0.22634,0.22634,55806.1
2026-02-03 15:45:00,0.22594,0.2261,0.22225,0.22348,591394.4
2026-02-03 16:00:00,0.22345,0.22348,0.21735,0.21752,520516.3
2026-02-03 16:15:00,0.21769,0.21804,0.21597,0.21706,957314.6
2026-02-03 16:30:00,0.21707,0.21744,0.21494,0.21566,114353.3
2026-02-03 16:45:00,0.2159,0.21647,0.21464,0.21627,46647.0
2026-02-03 17:00:00,0.21639,0.21689,0.21387,0.21479,76057.0
2026-02-03 17:15:00,0.21471,0.21508,0.21387,0.21473,176401.4
2026-02-03 17:30:00,0.21385,0.2141,0.21194,0.21232,293606.5
2026-02-03 17:45:00,0.21167,0.21348,0.21059,0.21098,263874.5
2026-02-03 18:00:00,0.21068,0.21152,0.2099,0.2105,82860.6
2026-02-03 18:15:00,0.21033,0.21072,0.20755,0.20828,120084.1
2026-02-03 18:30:00,0.20805,0.20934,0.2069,0.20781,163781.7
2026-02-03 18:45:00,0.20734,0.20868,0.20657,0.20731,340991.4
2026-02-03 19:00:00,0.20694,0.21354,0.20663,0.21319,436260.1
2026-02-03 19:15:00,0.21326,0.21527,0.21261,0.21376,89518.5
2026-02-03 19:30:00,0.21428,0.21702,0.21416,0.2155,135698.4
2026-02-03 19:45:00,0.2153,0.2153,0.21367,0.21438,7528.3
2026-02-03 20:00:00,0.21417,0.21417,0.21095,0.21095,722450.6
2026-02-03 20:15:00,0.21092,0.21616,0.21,0.2154,713042.8
2026-02-03 20:30:00,0.21548,0.2229,0.21548,0.22159,624808.1
2026-02-03 20:45:00,0.2216,0.2235,0.22032,0.22149,127526.1
2026-02-03 21:00:00,0.22106,0.22397,0.22091,0.22275,33425.5
2026-02-03 21:15:00,0.22302,0.22302,0.21973,0.21994,329059.7
2026-02-03 21:30:00,0.21933,0.21992,0.21813,0.21898,25264.0
2026-02-03 21:45:00,0.21878,0.21886,0.21748,0.21817,18977.3
2026-02-03 22:00:00,0.21833,0.21836,0.21575,0.21575,31651.2
2026-02-03 22:15:00,0.21602,0.21622,0.2146,0.2162,98680.1
2026-02-03 22:30:00,0.21653,0.21705,0.21584,0.21614,32657.2
2026-02-03 22:45:00,0.21587,0.21604,0.2142,0.21443,6312.7
2026-02-03 23:00:00,0.21428,0.21478,0.21208,0.21431,1189153.7
2026-02-03 23:15:00,0.21449,0.21506,0.2139,0.2139,80761.1
2026-02-03 23:30:00,0.21354,0.21383,0.21292,0.21292,44789.1
2026-02-03 23:45:00,0.21315,0.21315,0.21126,0.21255,138074.1
2026-02-04 00:00:00,0.21281,0.21291,0.21198,0.21202,188634.2
2026-02-04 00:15:00,0.21193,0.21289,0.21181,0.21289,282284.4
2026-02-04 00:30:00,0.21305,0.2157,0.21292,0.21518,32326.2
2026-02-04 00:45:00,0.21528,0.21573,0.21518,0.21542,31492.1
2026-02-04 01:00:00,0.21575,0.2199,0.21575,0.2199,53436.5
2026-02-04 01:15:00,0.21961,0.22,0.21892,0.21892,57471.2
2026-02-04 01:30:00,0.21902,0.21998,0.21871,0.21987,8346.8
2026-02-04 01:45:00,0.21967,0.21967,0.21809,0.21916,20774.1
2026-02-04 02:00:00,0.21875,0.21943,0.21824,0.21881,7542.6
2026-02-04 02:15:00,0.21876,0.21967,0.21859,0.21907,34430.6
2026-02-04 02:30:00,0.21903,0.21903,0.21752,0.21854,9430.0
2026-02-04 02:45:00,0.21881,0.21882,0.21803,0.2184,11486.9
2026-02-04 03:00:00,0.21868,0.22127,0.21854,0.22093,23281.6
2026-02-04 03:15:00,0.22098,0.22165,0.22047,0.22065,17177.0
2026-02-04 03:30:00,0.22058,0.22297,0.22058,0.22181,100564.3
2026-02-04 03:45:00,0.22242,0.22252,0.22209,0.22211,9016.9
2026-02-04 04:00:00,0.22185,0.22335,0.2216,0.22267,12684.7
2026-02-04 04:15:00,0.22267,0.22314,0.22237,0.22266,10545.3
2026-02-04 04:30:00,0.22225,0.22297,0.22225,0.22246,8459.0
2026-02-04 04:45:00,0.22236,0.22304,0.22234,0.22256,9575.3
2026-02-04 05:00:00,0.22246,0.22288,0.22246,0.22246,7895.2
2026-02-04 05:15:00,0.2226,0.2226,0.22159,0.22225,11411.6
2026-02-04 05:30:00,0.22208,0.22246,0.22163,0.22188,7568.8
2026-02-04 05:45:00,0.22182,0.22219,0.2203,0.22124,17359.5
2026-02-04 06:00:00,0.22136,0.22358,0.22117,0.22348,17205.3
2026-02-04 06:15:00,0.22326,0.22326,0.22206,0.22216,19332.6
2026-02-04 06:30:00,0.22217,0.22287,0.22186,0.22287,13456.6
2026-02-04 06:45:00,0.22287,0.22367,0.22201,0.22201,21303.5
2026-02-04 07:00:00,0.22213,0.22227,0.22067,0.22201,10095.9
2026-02-04 07:15:00,0.22209,0.22209,0.22107,0.2213,12001.9
2026-02-04 07:30:00,0.22127,0.22247,0.22127,0.22236,7582.5
2026-02-04 07:45:00,0.22257,0.22297,0.22186,0.22247,9459.4
2026-02-04 08:00:00,0.22278,0.22307,0.22223,0.2225,103768.6
2026-02-04 08:15:00,0.2227,0.22349,0.2224,0.22279,44508.4
2026-02-04 08:30:00,0.22268,0.22387,0.22239,0.22387,126602.3
2026-02-04 08:45:00,0.2237,0.2251,0.22369,0.22476,200776.4
2026-02-04 09:00:00,0.22472,0.22482,0.22385,0.22385,21748.1
2026-02-04 09:15:00,0.22387,0.22444,0.22343,0.2238,80775.1
2026-02-04 09:30:00,0.22422,0.22469,0.22218,0.22258,62657.1
2026-02-04 09:45:00,0.2228,0.22384,0.22276,0.22345,109926.4
2026-02-04 10:00:00,0.22364,0.22484,0.22363,0.22445,47143.6
2026-02-04 10:15:00,0.22444,0.22557,0.22444,0.22557,39787.5
2026-02-04 10:30:00,0.22517,0.22588,0.22497,0.22588,38174.9
2026-02-04 10:45:00,0.22586,0.22671,0.22532,0.22597,42522.5
2026-02-04 11:00:00,0.22568,0.22587,0.22429,0.2252,18021.0
2026-02-04 11:15:00,0.22509,0.2271,0.22469,0.22639,43596.4
2026-02-04 11:30:00,0.22636,0.22816,0.22569,0.22611,73536.4
2026-02-04 11:45:00,0.22572,0.22762,0.2257,0.22762,16595.4
2026-02-04 12:00:00,0.2276,0.22862,0.22695,0.22825,107945.4
2026-02-04 12:15:00,0.22832,0.22983,0.22531,0.2258,82475.7
2026-02-04 12:30:00,0.22538,0.22622,0.22538,0.22606,10562.6
2026-02-04 12:45:00,0.226,0.22615,0.22506,0.22601,12878.3
2026-02-04 13:00:00,0.22605,0.22707,0.22587,0.22666,18370.9
2026-02-04 13:15:00,0.22676,0.22679,0.22555,0.22586,15164.3
2026-02-04 13:30:00,0.22588,0.22633,0.2236,0.2236,30488.8
2026-02-04 13:45:00,0.22362,0.22417,0.2214,0.2214,21997.2
2026-02-04 14:00:00,0.22105,0.22233,0.22102,0.22161,8801.3
2026-02-04 14:15:00,0.22143,0.22174,0.22017,0.2205,15771.1
2026-02-04 14:30:00,0.22082,0.22273,0.21745,0.22124,232383.2
2026-02-04 14:45:00,0.22082,0.22289,0.21853,0.21853,19285.7
2026-02-04 15:00:00,0.21846,0.22261,0.21778,0.2219,106209.5
2026-02-04 15:15:00,0.22171,0.22229,0.21997,0.2205,83511.3
2026-02-04 15:30:00,0.2205,0.22053,0.21597,0.21917,74498.5
2026-02-04 15:45:00,0.21917,0.22082,0.2185,0.2198,46719.5
2026-02-04 16:00:00,0.21991,0.2223,0.21932,0.22129,137722.9
2026-02-04 16:15:00,0.22129,0.22141,0.21868,0.22028,405497.7
2026-02-04 16:30:00,0.21983,0.21983,0.21644,0.21726,99315.1
2026-02-04 16:45:00,0.21713,0.21984,0.21642,0.21878,83798.0
2026-02-04 17:00:00,0.21866,0.22009,0.21707,0.21938,159410.6
2026-02-04 17:15:00,0.21947,0.22064,0.21617,0.21631,193798.8
2026-02-04 17:30:00,0.21659,0.21964,0.21641,0.21931,189339.9
2026-02-04 17:45:00,0.21901,0.22035,0.21778,0.21969,160875.0
2026-02-04 18:00:00,0.21942,0.21973,0.21561,0.21611,48141.3
2026-02-04 18:15:00,0.21611,0.22067,0.21527,0.21907,288080.3
2026-02-04 18:30:00,0.21889,0.22359,0.21879,0.22342,126506.8
2026-02-04 18:45:00,0.22331,0.22331,0.22012,0.22012,52563.7
2026-02-04 19:00:00,0.22028,0.22131,0.21931,0.21969,13886.7
2026-02-04 19:15:00,0.22,0.22079,0.21859,0.21868,16988.2
2026-02-04 19:30:00,0.21892,0.22083,0.21856,0.22061,22315.1
2026-02-04 19:45:00,0.22076,0.2241,0.22054,0.22399,59349.0
2026-02-04 20:00:00,0.22418,0.22439,0.22219,0.22245,18282.1
2026-02-04 20:15:00,0.22283,0.2235,0.22255,0.22302,63236.5
2026-02-04 20:30:00,0.22289,0.22322,0.22189,0.22189,10652.3
2026-02-04 20:45:00,0.22211,0.22249,0.2215,0.22186,10671.8
2026-02-04 21:00:00,0.22191,0.22267,0.22019,0.22068,29944.9
2026-02-04 21:15:00,0.22068,0.22081,0.21869,0.21938,18918.7
2026-02-04 21:30:00,0.2193,0.2197,0.21693,0.21744,49785.4
2026-02-04 21:45:00,0.21756,0.21824,0.21622,0.21802,26090.9
2026-02-04 22:00:00,0.21817,0.21817,0.2137,0.21558,22680.8
2026-02-04 22:15:00,0.21585,0.22146,0.21585,0.22131,50118.4
2026-02-04 22:30:00,0.22111,0.22111,0.21617,0.2166,17211.3
2026-02-04 22:45:00,0.21681,0.21774,0.21528,0.21568,12343.9
2026-02-04 23:00:00,0.21568,0.2168,0.21548,0.21669,11305.6
2026-02-04 23:15:00,0.21661,0.22028,0.21638,0.21969,61571.9
2026-02-04 23:30:00,0.21969,0.22093,0.2192,0.21944,18337.7
2026-02-04 23:45:00,0.21942,0.22011,0.21888,0.21898,12076.2
2026-02-05 00:00:00,0.21919,0.21919,0.2183,0.21844,64963.4
2026-02-05 00:15:00,0.21851,0.22024,0.21824,0.2202,27588.6
2026-02-05 00:30:00,0.22003,0.22003,0.21769,0.21855,16946.1
2026-02-05 00:45:00,0.21856,0.21925,0.21828,0.21862,6089.1
2026-02-05 01:00:00,0.21875,0.22105,0.21862,0.2205,7227.0
2026-02-05 01:15:00,0.22016,0.2218,0.21686,0.22126,78411.9
2026-02-05 01:30:00,0.22171,0.22197,0.21865,0.21977,103194.6
2026-02-05 01:45:00,0.21984,0.21987,0.21821,0.21821,18998.5
2026-02-05 02:00:00,0.21859,0.21864,0.21643,0.21643,18671.2
2026-02-05 02:15:00,0.21652,0.2185,0.216,0.21819,50788.4
2026-02-05 02:30:00,0.21839,0.22007,0.21817,0.21905,19899.7
2026-02-05 02:45:00,0.21855,0.21855,0.2156,0.21589,21087.3
2026-02-05 03:00:00,0.21612,0.21792,0.2158,0.2167,118718.9
2026-02-05 03:15:00,0.2168,0.21787,0.21536,0.21655,12388.3
2026-02-05 03:30:00,0.21671,0.21671,0.21469,0.21523,26331.1
2026-02-05 03:45:00,0.21538,0.2156,0.21482,0.21508,32042.7
2026-02-05 04:00:00,0.21536,0.2166,0.21426,0.21462,96818.7
2026-02-05 04:15:00,0.21471,0.21605,0.21439,0.21454,31875.5
2026-02-05 04:30:00,0.21425,0.21606,0.21408,0.21606,18650.5
2026-02-05 04:45:00,0.21603,0.21617,0.21409,0.21468,114410.5
2026-02-05 05:00:00,0.21477,0.21534,0.2137,0.21457,25633.6
2026-02-05 05:15:00,0.21445,0.21493,0.21175,0.21383,65074.6
2026-02-05 05:30:00,0.21371,0.21759,0.2131,0.217,27247.4
2026-02-05 05:45:00,0.21702,0.21702,0.21467,0.21489,8664.6
2026-02-05 06:00:00,0.21477,0.21523,0.2131,0.21331,8275.8
2026-02-05 06:15:00,0.21331,0.21382,0.21177,0.21198,11005.8
2026-02-05 06:30:00,0.21227,0.21337,0.21227,0.21257,67646.9
2026-02-05 06:45:00,0.2127,0.21319,0.2111,0.2118,62628.5
2026-02-05 07:00:00,0.21168,0.21496,0.21161,0.2122,95806.8
2026-02-05 07:15:00,0.21231,0.21449,0.212,0.21401,11331.8
2026-02-05 07:30:00,0.21417,0.21417,0.21198,0.21238,5520.1
2026-02-05 07:45:00,0.21239,0.21239,0.21108,0.21138,48446.8
2026-02-05 08:00:00,0.21156,0.21328,0.21156,0.21243,360783.2
2026-02-05 08:15:00,0.2125,0.21364,0.21232,0.21344,27766.2
2026-02-05 08:30:00,0.21346,0.21484,0.21346,0.21361,56198.3
2026-02-05 08:45:00,0.21319,0.21376,0.21281,0.21289,4038.7
2026-02-05 09:00:00,0.21323,0.21498,0.21275,0.21454,28491.5
2026-02-05 09:15:00,0.21418,0.21513,0.21332,0.21361,63837.5
2026-02-05 09:30:00,0.21354,0.21363,0.21225,0.2124,4121.5
2026-02-05 09:45:00,0.21259,0.21297,0.21238,0.21264,3954.2
2026-02-05 10:00:00,0.2129,0.2129,0.2119,0.21266,9518.1
2026-02-05 10:15:00,0.21273,0.21366,0.21262,0.21273,8417.9
2026-02-05 10:30:00,0.2129,0.21294,0.21092,0.21093,415899.8
2026-02-05 10:45:00,0.21099,0.21102,0.20762,0.2085,33829.9
2026-02-05 11:00:00,0.20882,0.20962,0.2068,0.2069,22384.5
2026-02-05 11:15:00,0.20709,0.20778,0.20338,0.20369,98412.7
2026-02-05 11:30:00,0.2044,0.20845,0.20375,0.20803,39577.9
2026-02-05 11:45:00,0.20815,0.20823,0.20601,0.2066,85780.7
2026-02-05 12:00:00,0.2068,0.2079,0.2063,0.20668,67404.7
2026-02-05 12:15:00,0.20671,0.20799,0.2049,0.20719,150255.2
2026-02-05 12:30:00,0.207,0.20827,0.20636,0.20667,42927.0
2026-02-05 12:45:00,0.20692,0.20784,0.20625,0.20723,26713.6
2026-02-05 13:00:00,0.20751,0.20914,0.2074,0.20752,45868.5
2026-02-05 13:15:00,0.2075,0.2077,0.20598,0.20609,4832.7
2026-02-05 13:30:00,0.20698,0.20788,0.20639,0.20669,400815.7
2026-02-05 13:45:00,0.2067,0.20687,0.2055,0.2058,11619.3
2026-02-05 14:00:00,0.20608,0.20845,0.20605,0.20634,109781.3
2026-02-05 14:15:00,0.20673,0.20733,0.20565,0.20724,9595.7
2026-02-05 14:30:00,0.20726,0.21039,0.20681,0.20895,123166.9
2026-02-05 14:45:00,0.20866,0.20981,0.20526,0.2057,30186.0
2026-02-05 15:00:00,0.20593,0.20679,0.19767,0.19812,1040465.3
2026-02-05 15:15:00,0.19863,0.20115,0.193,0.1934,813409.6
2026-02-05 15:30:00,0.19345,0.19642,0.18996,0.19614,862757.7
2026-02-05 15:45:00,0.19627,0.199,0.19396,0.19442,326102.0
2026-02-05 16:00:00,0.19472,0.19633,0.1927,0.19399,334494.3
2026-02-05 16:15:00,0.19366,0.1996,0.19283,0.19867,271946.1
2026-02-05 16:30:00,0.19925,0.20064,0.19658,0.19658,685004.2
2026-02-05 16:45:00,0.19657,0.19977,0.19518,0.1975,164273.2
2026-02-05 17:00:00,0.19763,0.20004,0.19406,0.19485,395445.7
2026-02-05 17:15:00,0.19489,0.19759,0.19121,0.19672,156527.9
2026-02-05 17:30:00,0.19674,0.1971,0.19319,0.19417,100546.1
2026-02-05 17:45:00,0.19394,0.1947,0.19229,0.19247,16768.1
2026-02-05 18:00:00,0.19224,0.19375,0.19213,0.19254,20386.8
2026-02-05 18:15:00,0.19194,0.19229,0.18979,0.19158,69662.1
2026-02-05 18:30:00,0.19161,0.19208,0.18985,0.19016,158849.4
2026-02-05 18:45:00,0.19058,0.19392,0.19004,0.19346,150494.0
2026-02-05 19:00:00,0.19352,0.19352,0.19153,0.19243,46074.4
2026-02-05 19:15:00,0.19166,0.19231,0.19031,0.19133,12147.3
2026-02-05 19:30:00,0.19129,0.19268,0.19112,0.19148,74096.8
2026-02-05 19:45:00,0.19146,0.19148,0.18986,0.19034,26010.5
2026-02-05 20:00:00,0.19042,0.19202,0.1902,0.1902,78379.9
2026-02-05 20:15:00,0.18934,0.18934,0.18076,0.18368,310264.9
2026-02-05 20:30:00,0.18328,0.18918,0.18289,0.18749,174849.7
2026-02-05 20:45:00,0.18731,0.18771,0.18254,0.18439,216641.9
2026-02-05 21:00:00,0.18438,0.18945,0.18435,0.18482,242259.2
2026-02-05 21:15:00,0.18472,0.18836,0.18265,0.18669,287140.4
2026-02-05 21:30:00,0.1886,0.18895,0.18585,0.18585,56594.6
2026-02-05 21:45:00,0.18575,0.18679,0.18363,0.18363,70040.8
2026-02-05 22:00:00,0.18342,0.1849,0.18175,0.18345,104259.5
2026-02-05 22:15:00,0.18356,0.18657,0.18013,0.18612,85567.9
2026-02-05 22:30:00,0.18643,0.18763,0.18379,0.18448,155973.2
2026-02-05 22:45:00,0.18477,0.1857,0.18354,0.18375,41750.2
2026-02-05 23:00:00,0.18377,0.18839,0.18377,0.18767,28866.2
2026-02-05 23:15:00,0.18746,0.18764,0.18516,0.18597,9603.2
2026-02-05 23:30:00,0.18625,0.18636,0.18267,0.18294,19391.3
2026-02-05 23:45:00,0.18284,0.18355,0.18099,0.18182,137859.9
2026-02-06 00:00:00,0.18194,0.183,0.16705,0.16824,1056405.0
2026-02-06 00:15:00,0.16884,0.1714,0.15939,0.16685,1359642.4
2026-02-06 00:30:00,0.1666,0.17574,0.16623,0.17292,239315.7
2026-02-06 00:45:00,0.17372,0.17712,0.17274,0.17526,80331.1
2026-02-06 01:00:00,0.17477,0.17858,0.17434,0.17756,444634.3
2026-02-06 01:15:00,0.17789,0.18057,0.17748,0.1779,1040479.5
2026-02-06 01:30:00,0.17822,0.17902,0.17732,0.17902,22346.5
2026-02-06 01:45:00,0.17887,0.18157,0.17885,0.18157,12349.9
2026-02-06 02:00:00,0.18148,0.1831,0.17961,0.18009,93852.9
2026-02-06 02:15:00,0.17981,0.18019,0.17646,0.17725,146766.0
2026-02-06 02:30:00,0.1774,0.17892,0.17707,0.17871,13667.7
2026-02-06 02:45:00,0.17792,0.17792,0.17462,0.17519,30440.9
2026-02-06 03:00:00,0.17564,0.17664,0.17396,0.17433,24630.3
2026-02-06 03:15:00,0.17432,0.17493,0.17354,0.17461,45176.0
2026-02-06 03:30:00,0.17441,0.17542,0.1737,0.17399,48899.9
2026-02-06 03:45:00,0.17415,0.17469,0.17337,0.17438,59777.7
2026-02-06 04:00:00,0.17447,0.17447,0.1728,0.1738,32255.4
2026-02-06 04:15:00,0.1738,0.17679,0.1737,0.17638,10200.5
2026-02-06 04:30:00,0.17563,0.17639,0.17441,0.17491,2713.8
2026-02-06 04:45:00,0.17496,0.17646,0.17496,0.17606,3902.3
2026-02-06 05:00:00,0.17597,0.17869,0.1756,0.17846,14997.8
2026-02-06 05:15:00,0.17828,0.17828,0.17617,0.1769,82515.3
2026-02-06 05:30:00,0.17686,0.17879,0.17682,0.17807,73899.3
2026-02-06 05:45:00,0.17827,0.18038,0.17762,0.17898,27528.4
2026-02-06 06:00:00,0.1792,0.18031,0.17918,0.17944,19963.9
2026-02-06 06:15:00,0.17933,0.17933,0.17772,0.17805,32950.2
2026-02-06 06:30:00,0.17816,0.17824,0.17462,0.17462,17346.8
2026-02-06 06:45:00,0.17511,0.17511,0.17304,0.17304,14745.6
2026-02-06 07:00:00,0.17325,0.17327,0.17109,0.17174,104741.4
2026-02-06 07:15:00,0.17158,0.17254,0.17084,0.17254,13253.0
2026-02-06 07:30:00,0.17255,0.17478,0.17255,0.17425,27810.1
2026-02-06 07:45:00,0.17405,0.17468,0.17307,0.17325,9880.1
2026-02-06 08:00:00,0.17345,0.17411,0.17264,0.17332,36063.4
2026-02-06 08:15:00,0.17286,0.17296,0.1714,0.17153,42843.9
2026-02-06 08:30:00,0.17133,0.17189,0.17048,0.17079,25557.4
2026-02-06 08:45:00,0.1711,0.17204,0.17094,0.17102,17093.4
2026-02-06 09:00:00,0.17111,0.17163,0.17079,0.17114,17125.7
2026-02-06 09:15:00,0.17101,0.17197,0.17074,0.17147,19123.1
2026-02-06 09:30:00,0.17136,0.17447,0.17136,0.17447,49608.4
2026-02-06 09:45:00,0.17498,0.17863,0.17455,0.17843,36835.5
2026-02-06 10:00:00,0.17826,0.1788,0.17748,0.1777,21036.5
2026-02-06 10:15:00,0.17836,0.18101,0.17834,0.18,16035.5
2026-02-06 10:30:00,0.18009,0.18108,0.17976,0.18047,39979.5
2026-02-06 10:45:00,0.1802,0.182,0.1802,0.18189,25160.0
2026-02-06 11:00:00,0.1817,0.1821,0.1814,0.18199,12470.5
2026-02-06 11:15:00,0.18196,0.18225,0.18121,0.1819,11119.0
2026-02-06 11:30:00,0.18221,0.18311,0.18201,0.18268,41386.3
2026-02-06 11:45:00,0.1827,0.18388,0.18238,0.18299,21269.6
2026-02-06 12:00:00,0.18291,0.18351,0.18202,0.18281,55071.9
2026-02-06 12:15:00,0.1835,0.18417,0.18297,0.18399,10356.0
2026-02-06 12:30:00,0.18389,0.18432,0.18389,0.18419,4886.0
2026-02-06 12:45:00,0.18429,0.18429,0.18339,0.1839,20706.0
2026-02-06 13:00:00,0.18341,0.18476,0.18341,0.18358,32146.8
2026-02-06 13:15:00,0.18392,0.18579,0.18292,0.18459,72799.7
2026-02-06 13:30:00,0.1848,0.18667,0.1848,0.18615,15872.4
2026-02-06 13:45:00,0.18638,0.18657,0.18555,0.18586,26879.3
2026-02-06 14:00:00,0.18583,0.18638,0.18543,0.18617,7139.6
2026-02-06 14:15:00,0.18597,0.18687,0.18508,0.18687,13287.6
2026-02-06 14:30:00,0.18685,0.19135,0.18685,0.19063,263900.2
2026-02-06 14:45:00,0.19139,0.19242,0.18944,0.19046,148456.1
2026-02-06 15:00:00,0.19039,0.19039,0.188,0.188,88907.0
2026-02-06 15:15:00,0.18785,0.18975,0.18783,0.18891,32005.5
2026-02-06 15:30:00,0.18896,0.19044,0.18877,0.18979,29691.3
2026-02-06 15:45:00,0.19021,0.19077,0.18938,0.18977,28382.3
2026-02-06 16:00:00,0.18975,0.19236,0.18908,0.19235,91515.4
2026-02-06 16:15:00,0.1923,0.19472,0.19202,0.19425,72392.8
2026-02-06 16:30:00,0.19394,0.19561,0.19394,0.19479,29908.7
2026-02-06 16:45:00,0.19507,0.1957,0.19392,0.19438,63891.6
2026-02-06 17:00:00,0.19471,0.19657,0.19396,0.19613,70318.3
2026-02-06 17:15:00,0.19594,0.1983,0.19594,0.1983,62250.3
2026-02-06 17:30:00,0.1983,0.20038,0.19748,0.19902,136257.8
2026-02-06 17:45:00,0.19975,0.20022,0.19799,0.19871,71921.3
2026-02-06 18:00:00,0.19827,0.19877,0.19347,0.1946,39055.2
2026-02-06 18:15:00,0.19479,0.19479,0.19273,0.19274,88707.9
2026-02-06 18:30:00,0.19274,0.19395,0.19202,0.19379,14031.4
2026-02-06 18:45:00,0.1935,0.19418,0.19238,0.19306,201429.6
2026-02-06 19:00:00,0.19346,0.19358,0.19214,0.19214,84307.4
2026-02-06 19:15:00,0.19246,0.19369,0.19202,0.19272,56772.8
2026-02-06 19:30:00,0.19275,0.19337,0.19248,0.19337,23212.6
2026-02-06 19:45:00,0.19337,0.19454,0.19327,0.19426,27157.3
2026-02-06 20:00:00,0.19424,0.19424,0.19212,0.19252,8291.5
2026-02-06 20:15:00,0.19241,0.19273,0.19181,0.1925,10108.2
2026-02-06 20:30:00,0.19254,0.19488,0.19238,0.19369,130977.4
2026-02-06 20:45:00,0.1939,0.19421,0.19256,0.19284,10971.0
2026-02-06 21:00:00,0.19298,0.19334,0.19207,0.19271,6209.1
2026-02-06 21:15:00,0.19288,0.19526,0.19261,0.19526,317842.6
2026-02-06 21:30:00,0.19471,0.19496,0.19411,0.19454,19691.8
2026-02-06 21:45:00,0.19474,0.19532,0.1947,0.19523,1908.0
2026-02-06 22:00:00,0.19544,0.19658,0.19516,0.19516,23851.0
2026-02-06 22:15:00,0.19544,0.19582,0.19542,0.19568,16595.0
2026-02-06 22:30:00,0.19595,0.19799,0.19595,0.19767,15213.4
2026-02-06 22:45:00,0.19706,0.19793,0.19671,0.19709,15371.8
2026-02-06 23:00:00,0.19704,0.19807,0.19623,0.19647,17908.7
2026-02-06 23:15:00,0.19638,0.19638,0.19508,0.19616,24059.5
2026-02-06 23:30:00,0.19616,0.19737,0.19616,0.19687,12262.8
2026-02-06 23:45:00,0.19719,0.19745,0.19674,0.19723,7397.4
2026-02-07 00:00:00,0.19705,0.19705,0.19473,0.19557,49253.8
2026-02-07 00:15:00,0.19548,0.19567,0.19276,0.19294,172636.0
2026-02-07 00:30:00,0.19318,0.19332,0.19247,0.19264,2626.1
2026-02-07 00:45:00,0.19245,0.19421,0.19245,0.19341,30585.3
2026-02-07 01:00:00,0.1934,0.19378,0.19258,0.19258,2540.3
2026-02-07 01:15:00,0.1928,0.19417,0.1928,0.19406,2779.4
2026-02-07 01:30:00,0.19366,0.19435,0.19346,0.19397,2443.2
2026-02-07 01:45:00,0.19405,0.19533,0.19383,0.19512,3052.6
2026-02-07 02:00:00,0.19499,0.19553,0.19449,0.19548,13645.1
2026-02-07 02:15:00,0.19556,0.19602,0.19543,0.19555,7445.5
2026-02-07 02:30:00,0.19535,0.19575,0.19512,0.19533,3865.2
2026-02-07 02:45:00,0.19533,0.19572,0.19464,0.19533,5414.5
2026-02-07 03:00:00,0.19528,0.19731,0.19528,0.19687,13467.2
2026-02-07 03:15:00,0.19682,0.19758,0.19637,0.19738,12894.1
2026-02-07 03:30:00,0.19686,0.19775,0.19681,0.19775,8392.8
2026-02-07 03:45:00,0.19724,0.19732,0.1969,0.19703,53431.4
2026-02-07 04:00:00,0.19723,0.19879,0.19723,0.19855,245384.6
2026-02-07 04:15:00,0.19798,0.19868,0.19665,0.1968,44664.5
2026-02-07 04:30:00,0.19759,0.19786,0.19601,0.19601,111853.5
2026-02-07 04:45:00,0.19594,0.1961,0.19566,0.19566,4518.2
2026-02-07 05:00:00,0.19582,0.19622,0.19543,0.1957,16858.8
2026-02-07 05:15:00,0.1958,0.19642,0.1951,0.1951,6744.3
2026-02-07 05:30:00,0.19505,0.19603,0.19489,0.19558,4576.0
2026-02-07 05:45:00,0.19558,0.19579,0.19497,0.1954,4202.6
2026-02-07 06:00:00,0.19531,0.19651,0.19531,0.1961,2422.6
2026-02-07 06:15:00,0.19598,0.19598,0.19499,0.19559,3490.7
2026-02-07 06:30:00,0.19518,0.19554,0.19463,0.19463,61708.7
2026-02-07 06:45:00,0.19466,0.19492,0.19154,0.19154,64996.3
2026-02-07 07:00:00,0.19163,0.19257,0.18918,0.18918,38837.0
2026-02-07 07:15:00,0.18936,0.18956,0.187,0.18954,40734.0
2026-02-07 07:30:00,0.18943,0.19152,0.18832,0.19081,19107.1
2026-02-07 07:45:00,0.19061,0.19061,0.18924,0.18945,4321.9
2026-02-07 08:00:00,0.18938,0.18969,0.18859,0.18922,36904.4
2026-02-07 08:15:00,0.1892,0.19016,0.18862,0.18973,62321.3
2026-02-07 08:30:00,0.18964,0.19065,0.18937,0.18974,61035.7
2026-02-07 08:45:00,0.18963,0.19071,0.18963,0.19048,41371.1
2026-02-07 09:00:00,0.19037,0.19106,0.19037,0.19106,5108.6
2026-02-07 09:15:00,0.19081,0.19095,0.19002,0.19002,1601.1
2026-02-07 09:30:00,0.1903,0.1903,0.18943,0.18971,56703.0
2026-02-07 09:45:00,0.18982,0.18994,0.18929,0.18958,9276.2
2026-02-07 10:00:00,0.18949,0.19027,0.18949,0.18976,4740.4
2026-02-07 10:15:00,0.18964,0.18993,0.18955,0.18986,9226.0
2026-02-07 10:30:00,0.18974,0.18985,0.18883,0.18941,19897.2
2026-02-07 10:45:00,0.18926,0.18999,0.1889,0.18999,39717.0
2026-02-07 11:00:00,0.19015,0.19015,0.18982,0.19004,2117.8
2026-02-07 11:15:00,0.18978,0.19004,0.18964,0.18982,1849.0
2026-02-07 11:30:00,0.19001,0.19018,0.18946,0.18971,3500.6
2026-02-07 11:45:00,0.1898,0.19049,0.1896,0.19028,10838.2
2026-02-07 12:00:00,0.19005,0.19404,0.19005,0.19388,17438.2
2026-02-07 12:15:00,0.19402,0.19765,0.19402,0.1964,48946.6
2026-02-07 12:30:00,0.19641,0.19813,0.19641,0.19667,26210.3
2026-02-07 12:45:00,0.19651,0.19689,0.19597,0.19657,17151.8
2026-02-07 13:00:00,0.19685,0.19722,0.19602,0.1964,9734.8
2026-02-07 13:15:00,0.19632,0.19652,0.19556,0.19573,4515.3
2026-02-07 13:30:00,0.19542,0.19576,0.19427,0.19438,5631.2
2026-02-07 13:45:00,0.19447,0.19567,0.19447,0.19545,28337.3
2026-02-07 14:00:00,0.19545,0.19572,0.1947,0.1947,5453.9
2026-02-07 14:15:00,0.19501,0.19561,0.19459,0.19506,3140.9
2026-02-07 14:30:00,0.19493,0.19501,0.19338,0.19398,12793.3
2026-02-07 14:45:00,0.19414,0.19414,0.19227,0.19248,4270.7
2026-02-07 15:00:00,0.1924,0.19399,0.1924,0.19342,7608.5
2026-02-07 15:15:00,0.19488,0.1961,0.19421,0.19581,8789.9
2026-02-07 15:30:00,0.19579,0.19706,0.19571,0.19602,16579.9
2026-02-07 15:45:00,0.19611,0.19661,0.19599,0.19649,1873.8
2026-02-07 16:00:00,0.19674,0.20206,0.19649,0.20001,963425.3
2026-02-07 16:15:00,0.19994,0.20223,0.19708,0.19835,284017.1
2026-02-07 16:30:00,0.19849,0.19849,0.19745,0.19773,50362.6
2026-02-07 16:45:00,0.19756,0.19756,0.19645,0.19693,56498.7
2026-02-07 17:00:00,0.19693,0.19717,0.1953,0.19541,12059.2
2026-02-07 17:15:00,0.19569,0.19675,0.19548,0.19603,14828.8
2026-02-07 17:30:00,0.19623,0.19712,0.19581,0.19662,2444.0
2026-02-07 17:45:00,0.19652,0.1966,0.19563,0.19593,3138.9
2026-02-07 18:00:00,0.1963,0.19657,0.1961,0.19616,24797.2
2026-02-07 18:15:00,0.19616,0.19841,0.19616,0.19763,16707.5
2026-02-07 18:30:00,0.19812,0.1995,0.19806,0.19891,15850.5
2026-02-07 18:45:00,0.19865,0.19924,0.19834,0.19852,4662.1
2026-02-07 19:00:00,0.1981,0.1981,0.19687,0.19726,15272.3
2026-02-07 19:15:00,0.19727,0.19746,0.19685,0.19746,2496.8
2026-02-07 19:30:00,0.19713,0.19713,0.19669,0.19702,1928.7
2026-02-07 19:45:00,0.19696,0.19708,0.19653,0.19674,3117.0
2026-02-07 20:00:00,0.19656,0.19734,0.19635,0.19667,107769.3
2026-02-07 20:15:00,0.19667,0.19683,0.19617,0.19683,5120.1
2026-02-07 20:30:00,0.19662,0.19694,0.19625,0.19682,36725.0
2026-02-07 20:45:00,0.19671,0.19761,0.19671,0.1973,44653.2
2026-02-07 21:00:00,0.19753,0.19801,0.19662,0.1975,88669.0
2026-02-07 21:15:00,0.19821,0.19821,0.19725,0.19777,7579.1
2026-02-07 21:30:00,0.19782,0.19792,0.19703,0.19722,9207.9
2026-02-07 21:45:00,0.1969,0.19732,0.19679,0.19721,4527.4
2026-02-07 22:00:00,0.19724,0.19782,0.19713,0.19722,9596.9
2026-02-07 22:15:00,0.19752,0.19752,0.19683,0.19742,2400.3
2026-02-07 22:30:00,0.19739,0.19742,0.19669,0.19712,9081.6
2026-02-07 22:45:00,0.19701,0.19701,0.19669,0.19687,5338.8
2026-02-07 23:00:00,0.19671,0.19682,0.1961,0.1965,4951.4
2026-02-07 23:15:00,0.19642,0.19652,0.1956,0.19612,183058.1
2026-02-07 23:30:00,0.19602,0.19652,0.19602,0.19636,4585.6
2026-02-07 23:45:00,0.1964,0.19663,0.19622,0.19636,3598.9
2026-02-08 00:00:00,0.19626,0.19626,0.19558,0.19563,10423.8
2026-02-08 00:15:00,0.19573,0.19573,0.19491,0.19495,25788.7
2026-02-08 00:30:00,0.19493,0.19562,0.19476,0.19534,8333.8
2026-02-08 00:45:00,0.19516,0.1957,0.19513,0.19547,33455.1
2026-02-08 01:00:00,0.19572,0.19627,0.19572,0.19598,1260.3
2026-02-08 01:15:00,0.19602,0.1961,0.19509,0.19521,9999.4
2026-02-08 01:30:00,0.19518,0.19567,0.19508,0.19527,1793.3
2026-02-08 01:45:00,0.19538,0.19545,0.19472,0.19516,17513.6
2026-02-08 02:00:00,0.19541,0.19563,0.19503,0.1954,2225.3
2026-02-08 02:15:00,0.19519,0.19619,0.1948,0.19485,20079.4
2026-02-08 02:30:00,0.19477,0.19505,0.19411,0.19433,20458.8
2026-02-08 02:45:00,0.1943,0.1947,0.19405,0.19431,155002.3
2026-02-08 03:00:00,0.19447,0.19487,0.19421,0.19421,2556.1
2026-02-08 03:15:00,0.19447,0.19456,0.19408,0.1944,6885.4
2026-02-08 03:30:00,0.19433,0.19466,0.19394,0.19413,2334.4
2026-02-08 03:45:00,0.19419,0.19419,0.19332,0.1935,7030.8
2026-02-08 04:00:00,0.19347,0.19385,0.19331,0.19341,7094.8
2026-02-08 04:15:00,0.1934,0.19442,0.19289,0.19425,5633.3
2026-02-08 04:30:00,0.19425,0.19434,0.19339,0.19343,3971.5
2026-02-08 04:45:00,0.19353,0.19375,0.19332,0.19371,2509.5
2026-02-08 05:00:00,0.19391,0.19441,0.19364,0.19441,2238.6
2026-02-08 05:15:00,0.19441,0.19441,0.19383,0.19396,4693.8
2026-02-08 05:30:00,0.19389,0.19389,0.19323,0.19342,4928.1
2026-02-08 05:45:00,0.19321,0.19341,0.19291,0.19315,1673.1
2026-02-08 06:00:00,0.19313,0.19324,0.19266,0.19324,2174.3
2026-02-08 06:15:00,0.19317,0.19354,0.19286,0.19327,16181.1
2026-02-08 06:30:00,0.19346,0.19357,0.1928,0.1928,4381.6
2026-02-08 06:45:00,0.1929,0.19311,0.19263,0.19273,6292.8
2026-02-08 07:00:00,0.19289,0.19297,0.19188,0.19247,8145.4
2026-02-08 07:15:00,0.19234,0.19245,0.19154,0.19209,25008.7
2026-02-08 07:30:00,0.19184,0.19283,0.19184,0.1923,54537.5
2026-02-08 07:45:00,0.19248,0.19287,0.19226,0.19287,2710.3
2026-02-08 08:00:00,0.19273,0.19381,0.19273,0.19307,160726.3
2026-02-08 08:15:00,0.19293,0.19494,0.19251,0.1948,12716.6
2026-02-08 08:30:00,0.19461,0.19602,0.19405,0.19455,5080.4
2026-02-08 08:45:00,0.19439,0.19544,0.19439,0.19544,4093.6
2026-02-08 09:00:00,0.19552,0.19591,0.19502,0.19502,2834.9
2026-02-08 09:15:00,0.19479,0.195,0.19436,0.19457,1889.0
2026-02-08 09:30:00,0.19446,0.19473,0.19279,0.19279,7047.5
2026-02-08 09:45:00,0.19308,0.19339,0.19296,0.19323,3988.4
2026-02-08 10:00:00,0.19347,0.1941,0.19347,0.19383,5968.4
2026-02-08 10:15:00,0.19403,0.19413,0.19202,0.19221,15022.6
2026-02-08 10:30:00,0.19228,0.19272,0.19187,0.19241,2956.2
2026-02-08 10:45:00,0.19225,0.19294,0.19225,0.19251,1667.5
2026-02-08 11:00:00,0.19262,0.19405,0.19262,0.19405,2970.8
2026-02-08 11:15:00,0.19402,0.19516,0.19402,0.19468,47656.6
2026-02-08 11:30:00,0.19438,0.19597,0.19438,0.19537,12376.8
2026-02-08 11:45:00,0.19525,0.19576,0.19504,0.19564,3622.8
2026-02-08 12:00:00,0.19598,0.19598,0.19479,0.19484,2451.7
2026-02-08 12:15:00,0.19498,0.19527,0.19459,0.19517,3088.4
2026-02-08 12:30:00,0.19509,0.19509,0.19395,0.19414,5680.9
2026-02-08 12:45:00,0.19426,0.19501,0.19423,0.19501,4433.3
2026-02-08 13:00:00,0.19473,0.19517,0.19367,0.19409,25138.9
2026-02-08 13:15:00,0.19405,0.19522,0.194,0.19454,7545.9
2026-02-08 13:30:00,0.19477,0.19488,0.19362,0.19377,21117.1
2026-02-08 13:45:00,0.19395,0.19469,0.19373,0.19469,45455.7
2026-02-08 14:00:00,0.19476,0.19507,0.19442,0.19442,4528.0
2026-02-08 14:15:00,0.19436,0.19454,0.19392,0.19445,4289.6
2026-02-08 14:30:00,0.19462,0.19544,0.19462,0.19484,4684.0
2026-02-08 14:45:00,0.1951,0.19517,0.19472,0.19485,1597.7
2026-02-08 15:00:00,0.19479,0.19536,0.19468,0.19483,3784.0
2026-02-08 15:15:00,0.19468,0.19485,0.19229,0.19229,42348.4
2026-02-08 15:30:00,0.1922,0.19322,0.1922,0.19314,4376.7
2026-02-08 15:45:00,0.19303,0.19303,0.1921,0.19259,51110.7
2026-02-08 16:00:00,0.19277,0.19315,0.19213,0.19262,4989.0
2026-02-08 16:15:00,0.19265,0.1929,0.19246,0.19261,3390.5
2026-02-08 16:30:00,0.1924,0.19245,0.18972,0.18972,48902.1
2026-02-08 16:45:00,0.18973,0.18973,0.18637,0.18728,24613.0
2026-02-08 17:00:00,0.1876,0.18855,0.1874,0.1884,237395.7
2026-02-08 17:15:00,0.18828,0.18915,0.18797,0.18834,15892.1
2026-02-08 17:30:00,0.18857,0.18983,0.18847,0.18975,184649.6
2026-02-08 17:45:00,0.18943,0.19002,0.18943,0.19002,7591.6
2026-02-08 18:00:00,0.19007,0.19103,0.18996,0.19042,187022.4
2026-02-08 18:15:00,0.19067,0.19078,0.18978,0.19056,66998.2
2026-02-08 18:30:00,0.19091,0.19299,0.19083,0.19219,97924.1
2026-02-08 18:45:00,0.19232,0.1927,0.19177,0.19189,21094.0
2026-02-08 19:00:00,0.19177,0.1921,0.19145,0.1917,4340.1
2026-02-08 19:15:00,0.19202,0.19211,0.19153,0.19168,6100.5
2026-02-08 19:30:00,0.1916,0.192,0.19151,0.19178,1547.6
2026-02-08 19:45:00,0.19188,0.19247,0.1915,0.19219,4875.0
2026-02-08 20:00:00,0.1922,0.19233,0.19053,0.19082,44293.8
2026-02-08 20:15:00,0.19045,0.19122,0.19038,0.19074,12553.1
2026-02-08 20:30:00,0.1906,0.19131,0.1906,0.19107,20072.7
2026-02-08 20:45:00,0.19101,0.19101,0.18948,0.18963,63011.5
2026-02-08 21:00:00,0.18966,0.1905,0.18966,0.19019,70968.7
2026-02-08 21:15:00,0.1904,0.19049,0.18986,0.19005,7543.0
2026-02-08 21:30:00,0.19001,0.19002,0.18828,0.18884,283889.9
2026-02-08 21:45:00,0.18899,0.18958,0.18856,0.18956,77186.4
2026-02-08 22:00:00,0.18942,0.19011,0.18942,0.19002,15517.4
2026-02-08 22:15:00,0.19003,0.19062,0.19002,0.1904,12947.6
2026-02-08 22:30:00,0.19041,0.19041,0.18943,0.18999,2438.8
2026-02-08 22:45:00,0.18993,0.19069,0.1898,0.19069,39925.3
2026-02-08 23:00:00,0.19078,0.19475,0.19078,0.19181,92315.9
2026-02-08 23:15:00,0.19223,0.19223,0.18949,0.19005,8689.2
2026-02-08 23:30:00,0.18982,0.19014,0.18859,0.19002,9818.9
2026-02-08 23:45:00,0.19014,0.19119,0.1898,0.1898,5855.3
2026-02-09 00:00:00,0.19025,0.19092,0.18934,0.19029,597827.4
2026-02-09 00:15:00,0.19027,0.19062,0.18913,0.18913,315319.0
2026-02-09 00:30:00,0.18941,0.18954,0.18827,0.18901,15238.1
2026-02-09 00:45:00,0.18868,0.18981,0.18868,0.18979,9098.8
2026-02-09 01:00:00,0.18973,0.19027,0.18962,0.18972,3720.5
2026-02-09 01:15:00,0.18961,0.19197,0.18961,0.19146,3708.5
2026-02-09 01:30:00,0.19126,0.19126,0.18873,0.18945,4808.3
2026-02-09 01:45:00,0.18907,0.19045,0.18907,0.18981,26291.5
2026-02-09 02:00:00,0.18983,0.18989,0.18918,0.18938,2369.1
2026-02-09 02:15:00,0.18911,0.18954,0.18911,0.18949,4191.7
2026-02-09 02:30:00,0.18938,0.19155,0.18938,0.19117,7246.9
2026-02-09 02:45:00,0.19105,0.19119,0.1905,0.19052,5690.5
2026-02-09 03:00:00,0.19055,0.1909,0.1905,0.19062,52571.6
2026-02-09 03:15:00,0.19067,0.19125,0.19063,0.19125,54093.1
2026-02-09 03:30:00,0.19139,0.19327,0.19139,0.19297,301562.6
2026-02-09 03:45:00,0.19256,0.19335,0.19245,0.19295,2868.3
2026-02-09 04:00:00,0.19299,0.19299,0.19199,0.1922,17510.7
2026-02-09 04:15:00,0.19208,0.19257,0.19208,0.19246,2713.9
2026-02-09 04:30:00,0.19221,0.19221,0.19144,0.19163,4799.5
2026-02-09 04:45:00,0.19172,0.19212,0.1916,0.19185,2151.4
2026-02-09 05:00:00,0.19149,0.19177,0.19118,0.19166,5771.7
2026-02-09 05:15:00,0.19177,0.19234,0.19164,0.19225,6534.4
2026-02-09 05:30:00,0.19241,0.19251,0.19172,0.19172,12933.8
2026-02-09 05:45:00,0.19184,0.19184,0.19146,0.19183,2620.3
2026-02-09 06:00:00,0.19181,0.19182,0.19065,0.19065,4487.3
2026-02-09 06:15:00,0.19094,0.19094,0.18951,0.18962,9653.4
2026-02-09 06:30:00,0.18954,0.18989,0.18919,0.18982,2375.7
2026-02-09 06:45:00,0.18983,0.19012,0.18965,0.18989,5947.4
2026-02-09 07:00:00,0.1899,0.19022,0.18968,0.19022,30999.3
2026-02-09 07:15:00,0.19001,0.19009,0.18951,0.18983,9880.3
2026-02-09 07:30:00,0.18977,0.18978,0.18869,0.18869,17820.1
2026-02-09 07:45:00,0.1888,0.18901,0.18851,0.18851,62739.5
2026-02-09 08:00:00,0.1888,0.18913,0.18848,0.18866,70643.3
2026-02-09 08:15:00,0.18853,0.18853,0.18723,0.18723,42395.8
2026-02-09 08:30:00,0.18728,0.18739,0.18557,0.18723,45855.9
2026-02-09 08:45:00,0.18703,0.18721,0.18656,0.18656,26522.3
2026-02-09 09:00:00,0.18653,0.18678,0.18613,0.18613,8530.2
2026-02-09 09:15:00,0.18622,0.18627,0.18543,0.18569,53396.2
2026-02-09 09:30:00,0.18551,0.18586,0.18483,0.18524,14259.5
2026-02-09 09:45:00,0.18506,0.18541,0.18456,0.18513,29824.4
2026-02-09 10:00:00,0.18515,0.18525,0.18462,0.18471,47933.3
2026-02-09 10:15:00,0.18451,0.18451,0.18266,0.18266,118276.6
2026-02-09 10:30:00,0.18266,0.18272,0.18116,0.18142,127629.4
2026-02-09 10:45:00,0.18144,0.18222,0.18117,0.18189,22769.8
2026-02-09 11:00:00,0.18225,0.18374,0.18225,0.18296,69015.1
2026-02-09 11:15:00,0.18302,0.1837,0.18261,0.18351,4710.6
2026-02-09 11:30:00,0.1835,0.1835,0.18295,0.18307,13009.4
2026-02-09 11:45:00,0.18325,0.18339,0.18294,0.18339,30169.2
2026-02-09 12:00:00,0.18337,0.18441,0.18337,0.18441,12527.3
2026-02-09 12:15:00,0.18434,0.18434,0.18378,0.18378,12507.7
2026-02-09 12:30:00,0.18379,0.18469,0.18378,0.18446,15517.6
2026-02-09 12:45:00,0.18445,0.18455,0.18395,0.18423,3490.3
2026-02-09 13:00:00,0.18426,0.18458,0.18304,0.18439,492552.0
2026-02-09 13:15:00,0.18437,0.18437,0.18373,0.18396,13658.7
2026-02-09 13:30:00,0.18374,0.18403,0.18308,0.18341,34713.3
2026-02-09 13:45:00,0.18333,0.18334,0.18212,0.18239,75502.8
2026-02-09 14:00:00,0.18233,0.18286,0.18163,0.18234,18858.3
2026-02-09 14:15:00,0.18244,0.18264,0.18175,0.18225,43440.3
2026-02-09 14:30:00,0.18229,0.18602,0.18154,0.18482,754128.5
2026-02-09 14:45:00,0.18471,0.18607,0.18447,0.18571,363439.9
2026-02-09 15:00:00,0.18589,0.1875,0.18589,0.18641,47542.4
2026-02-09 15:15:00,0.18632,0.18673,0.1842,0.18436,41217.1
2026-02-09 15:30:00,0.18466,0.18737,0.18405,0.18727,89145.5
2026-02-09 15:45:00,0.18728,0.18756,0.18644,0.18732,303354.7
2026-02-09 16:00:00,0.18754,0.18763,0.18562,0.18591,98257.2
2026-02-09 16:15:00,0.18584,0.18695,0.18584,0.18695,21719.1
2026-02-09 16:30:00,0.18728,0.18895,0.18615,0.18869,66085.6
2026-02-09 16:45:00,0.18918,0.19078,0.18901,0.18912,210731.0
2026-02-09 17:00:00,0.18897,0.18964,0.18791,0.18791,38921.1
2026-02-09 17:15:00,0.18841,0.1886,0.188,0.1883,9328.6
2026-02-09 17:30:00,0.18847,0.19226,0.18847,0.19189,228594.5
2026-02-09 17:45:00,0.19197,0.19197,0.19116,0.19165,143911.5
2026-02-09 18:00:00,0.19182,0.19209,0.19066,0.19066,22649.1
2026-02-09 18:15:00,0.19055,0.19062,0.18859,0.1886,42534.6
2026-02-09 18:30:00,0.18898,0.18989,0.18881,0.18978,8443.3
2026-02-09 18:45:00,0.18986,0.19014,0.18907,0.1895,32666.3
2026-02-09 19:00:00,0.18966,0.18988,0.18908,0.18912,110455.6
2026-02-09 19:15:00,0.1894,0.18948,0.18886,0.18893,142603.7
2026-02-09 19:30:00,0.18925,0.19046,0.18925,0.19035,14294.6
2026-02-09 19:45:00,0.19013,0.19091,0.19008,0.1905,2462.1
2026-02-09 20:00:00,0.19058,0.19098,0.18997,0.19077,15793.8
2026-02-09 20:15:00,0.19074,0.19074,0.18873,0.18873,10185.4
2026-02-09 20:30:00,0.18876,0.1899,0.18845,0.1899,161649.4
2026-02-09 20:45:00,0.1896,0.18982,0.18891,0.18938,5206.8
2026-02-09 21:00:00,0.18964,0.18964,0.18879,0.18894,5903.6
2026-02-09 21:15:00,0.18912,0.18939,0.18885,0.18923,10798.4
2026-02-09 21:30:00,0.18911,0.18911,0.18713,0.18777,7762.9
2026-02-09 21:45:00,0.18751,0.18988,0.1874,0.18939,22400.6
2026-02-09 22:00:00,0.18935,0.19044,0.18933,0.19044,3705.0
2026-02-09 22:15:00,0.19064,0.19064,0.18974,0.18982,2662.5
2026-02-09 22:30:00,0.18984,0.18992,0.18952,0.18991,12014.9
2026-02-09 22:45:00,0.18997,0.19021,0.1896,0.18981,8379.5
2026-02-09 23:00:00,0.18994,0.19006,0.18935,0.18961,5435.0
2026-02-09 23:15:00,0.18948,0.18974,0.18916,0.18931,2509.0
2026-02-09 23:30:00,0.18931,0.18968,0.18925,0.18937,9573.6
2026-02-09 23:45:00,0.18935,0.18935,0.18859,0.18898,3068.1
2026-02-10 00:00:00,0.18898,0.18925,0.18826,0.18845,69229.6
2026-02-10 00:15:00,0.18864,0.18877,0.18764,0.18812,117633.9
2026-02-10 00:30:00,0.18806,0.18877,0.18802,0.18805,25153.8
2026-02-10 00:45:00,0.188,0.18837,0.18791,0.18828,1742.0
2026-02-10 01:00:00,0.1884,0.18897,0.18829,0.18897,76909.4
2026-02-10 01:15:00,0.18877,0.18942,0.18848,0.18921,3330.9
2026-02-10 01:30:00,0.18891,0.1895,0.18867,0.18921,32533.9
2026-02-10 01:45:00,0.18922,0.18942,0.18897,0.18897,1293.2
2026-02-10 02:00:00,0.18918,0.18925,0.18886,0.18886,294715.5
2026-02-10 02:15:00,0.18899,0.18929,0.18843,0.18852,11254.7
2026-02-10 02:30:00,0.18847,0.18868,0.1878,0.18804,3277.8
2026-02-10 02:45:00,0.18804,0.18828,0.18769,0.18814,2709.4
2026-02-10 03:00:00,0.18811,0.18825,0.18685,0.18712,7060.1
2026-02-10 03:15:00,0.18699,0.18699,0.18561,0.18576,38281.6
2026-02-10 03:30:00,0.18551,0.1856,0.18432,0.18511,13205.8
2026-02-10 03:45:00,0.18489,0.18597,0.18489,0.18597,3475.1
2026-02-10 04:00:00,0.18591,0.18682,0.1859,0.18673,3452.0
2026-02-10 04:15:00,0.18691,0.18711,0.18671,0.18691,3855.9
2026-02-10 04:30:00,0.18682,0.1869,0.18619,0.1866,4471.4
2026-02-10 04:45:00,0.18648,0.18729,0.18648,0.1872,5237.4
2026-02-10 05:00:00,0.18719,0.18719,0.18647,0.18676,2065.6
2026-02-10 05:15:00,0.18677,0.1868,0.1859,0.1859,3925.9
2026-02-10 05:30:00,0.18564,0.18627,0.18508,0.18518,15713.7
2026-02-10 05:45:00,0.18518,0.18518,0.18418,0.18454,5695.8
2026-02-10 06:00:00,0.18433,0.18481,0.1842,0.18444,4166.1
2026-02-10 06:15:00,0.18455,0.18455,0.18344,0.18371,8728.7
2026-02-10 06:30:00,0.1839,0.18419,0.183,0.18311,2612.4
2026-02-10 06:45:00,0.18323,0.18323,0.18089,0.18168,25795.8
2026-02-10 07:00:00,0.18161,0.18329,0.18161,0.18272,40841.0
2026-02-10 07:15:00,0.18255,0.18293,0.18213,0.18293,2950.2
2026-02-10 07:30:00,0.18294,0.18311,0.18251,0.1827,3206.9
2026-02-10 07:45:00,0.18258,0.18292,0.18242,0.18264,2825.5
2026-02-10 08:00:00,0.18281,0.18293,0.18261,0.18261,15838.9
2026-02-10 08:15:00,0.18258,0.1836,0.18248,0.18359,9066.8
2026-02-10 08:30:00,0.18328,0.18383,0.183,0.18366,13332.2
2026-02-10 08:45:00,0.18343,0.18364,0.18333,0.18351,2065.0
2026-02-10 09:00:00,0.18343,0.18446,0.18343,0.18395,2040.9
2026-02-10 09:15:00,0.18387,0.18413,0.18374,0.18388,3656.8
2026-02-10 09:30:00,0.18388,0.18396,0.18358,0.18385,2009.5
2026-02-10 09:45:00,0.18403,0.18405,0.18321,0.18363,11533.8
2026-02-10 10:00:00,0.1838,0.18396,0.18327,0.18327,4117.5
2026-02-10 10:15:00,0.1835,0.18392,0.18303,0.18334,6967.4
2026-02-10 10:30:00,0.18324,0.18326,0.18267,0.18282,5633.8
2026-02-10 10:45:00,0.1826,0.18276,0.18246,0.18266,7728.5
2026-02-10 11:00:00,0.18269,0.18274,0.18247,0.1826,2156.4
2026-02-10 11:15:00,0.18259,0.18265,0.18236,0.18249,3704.0
2026-02-10 11:30:00,0.18262,0.18295,0.18165,0.18165,3911.6
2026-02-10 11:45:00,0.18198,0.18234,0.18142,0.18154,4729.4
2026-02-10 12:00:00,0.18175,0.18237,0.18175,0.18176,11822.6
2026-02-10 12:15:00,0.18176,0.18176,0.18135,0.18158,3014.7
2026-02-10 12:30:00,0.18142,0.18153,0.18044,0.18064,9843.8
2026-02-10 12:45:00,0.18058,0.18085,0.18047,0.18058,6743.4
2026-02-10 13:00:00,0.18063,0.1809,0.18034,0.18071,10031.6
2026-02-10 13:15:00,0.18063,0.18102,0.1805,0.181,7152.8
2026-02-10 13:30:00,0.181,0.1821,0.18073,0.18189,7665.6
2026-02-10 13:45:00,0.18199,0.1821,0.1816,0.18197,16693.4
2026-02-10 14:00:00,0.18209,0.18244,0.18187,0.18244,32359.3
2026-02-10 14:15:00,0.18252,0.18412,0.18252,0.18353,20238.0
2026-02-10 14:30:00,0.18353,0.18455,0.18157,0.18278,60231.9
2026-02-10 14:45:00,0.18295,0.18333,0.18156,0.18289,117984.6
2026-02-10 15:00:00,0.18261,0.18426,0.1819,0.18272,57934.9
2026-02-10 15:15:00,0.18263,0.18483,0.18242,0.1844,18849.1
2026-02-10 15:30:00,0.1845,0.18543,0.18441,0.18472,28155.3
2026-02-10 15:45:00,0.18452,0.18471,0.18372,0.18402,14811.0
2026-02-10 16:00:00,0.18422,0.18493,0.18275,0.18493,57547.3
2026-02-10 16:15:00,0.18473,0.18507,0.18368,0.18422,14662.9
2026-02-10 16:30:00,0.18375,0.18482,0.18375,0.18431,7585.0
2026-02-10 16:45:00,0.18434,0.18449,0.18297,0.18346,11712.6
2026-02-10 17:00:00,0.18349,0.18349,0.18251,0.18251,11117.0
2026-02-10 17:15:00,0.18261,0.18365,0.18261,0.18344,2788.7
2026-02-10 17:30:00,0.18324,0.1845,0.18324,0.18409,12727.7
2026-02-10 17:45:00,0.18401,0.18414,0.18329,0.1834,25547.9
2026-02-10 18:00:00,0.18393,0.18393,0.18286,0.1831,5157.4
2026-02-10 18:15:00,0.18314,0.18346,0.18122,0.18173,12340.3
2026-02-10 18:30:00,0.18156,0.18202,0.1809,0.18161,5812.1
2026-02-10 18:45:00,0.18158,0.18158,0.18023,0.18108,33306.2
2026-02-10 19:00:00,0.18117,0.18126,0.18067,0.18115,6754.4
2026-02-10 19:15:00,0.18106,0.18126,0.18044,0.18074,4420.4
2026-02-10 19:30:00,0.18109,0.1826,0.18109,0.18238,15403.7
2026-02-10 19:45:00,0.18225,0.18251,0.18169,0.18178,18102.3
2026-02-10 20:00:00,0.18205,0.18205,0.18116,0.18116,13565.2
2026-02-10 20:15:00,0.18137,0.18174,0.18125,0.18154,3684.4
2026-02-10 20:30:00,0.18154,0.18229,0.18146,0.18221,5439.8
2026-02-10 20:45:00,0.18249,0.1825,0.18182,0.18197,4116.4
2026-02-10 21:00:00,0.18186,0.18234,0.18186,0.18207,1819.7
2026-02-10 21:15:00,0.18211,0.18242,0.18154,0.18154,4262.2
2026-02-10 21:30:00,0.18152,0.18166,0.18103,0.18121,4344.8
2026-02-10 21:45:00,0.18119,0.182,0.18119,0.18159,4282.6
2026-02-10 22:00:00,0.18161,0.18212,0.18149,0.18212,5020.8
2026-02-10 22:15:00,0.18201,0.1826,0.1817,0.1826,4964.6
2026-02-10 22:30:00,0.1825,0.18311,0.1824,0.18252,2103.9
2026-02-10 22:45:00,0.18269,0.18269,0.18177,0.18189,7237.5
2026-02-10 23:00:00,0.18207,0.18242,0.18181,0.1821,8777.7
2026-02-10 23:15:00,0.18204,0.18251,0.182,0.18251,2812.5
2026-02-10 23:30:00,0.18235,0.18311,0.18235,0.18288,11727.8
2026-02-10 23:45:00,0.18281,0.18284,0.18249,0.18262,2904.4
2026-02-11 00:00:00,0.18269,0.18317,0.18269,0.18307,50154.1
2026-02-11 00:15:00,0.18293,0.18385,0.18292,0.18352,15474.4
2026-02-11 00:30:00,0.18336,0.18358,0.18305,0.18323,4211.1
2026-02-11 00:45:00,0.18334,0.18378,0.18331,0.18359,2599.0
2026-02-11 01:00:00,0.18361,0.18386,0.18339,0.18385,4291.7
2026-02-11 01:15:00,0.18386,0.18424,0.18347,0.18363,5244.7
2026-02-11 01:30:00,0.18361,0.18412,0.18345,0.18409,2499.5
2026-02-11 01:45:00,0.1843,0.1843,0.18373,0.18397,3244.6
2026-02-11 02:00:00,0.1844,0.18483,0.18438,0.1846,60239.8
2026-02-11 02:15:00,0.18447,0.18508,0.18447,0.18497,10308.6
2026-02-11 02:30:00,0.18527,0.18542,0.18503,0.18505,4602.4
2026-02-11 02:45:00,0.1849,0.18495,0.18397,0.18398,59442.9
2026-02-11 03:00:00,0.1841,0.18418,0.18322,0.18322,32620.4
2026-02-11 03:15:00,0.18316,0.18341,0.18194,0.18331,41989.6
2026-02-11 03:30:00,0.1832,0.18476,0.1832,0.1842,7095.2
2026-02-11 03:45:00,0.1841,0.18413,0.18305,0.1832,3463.4
2026-02-11 04:00:00,0.18337,0.18337,0.18253,0.18257,3938.1
2026-02-11 04:15:00,0.18244,0.18273,0.18136,0.18187,99125.4
2026-02-11 04:30:00,0.18186,0.18186,0.18012,0.18089,70194.3
2026-02-11 04:45:00,0.18083,0.18104,0.17962,0.18042,5950.3
2026-02-11 05:00:00,0.18043,0.18117,0.18043,0.18056,12104.5
2026-02-11 05:15:00,0.18056,0.18083,0.17966,0.17986,4877.2
2026-02-11 05:30:00,0.17999,0.17999,0.17891,0.17931,20076.9
2026-02-11 05:45:00,0.1791,0.17932,0.17871,0.17894,4811.3
2026-02-11 06:00:00,0.17894,0.17923,0.17712,0.17712,27223.6
2026-02-11 06:15:00,0.17724,0.17864,0.17651,0.17835,107279.8
2026-02-11 06:30:00,0.17825,0.17854,0.1775,0.1775,57930.0
2026-02-11 06:45:00,0.17731,0.17731,0.17613,0.17657,4176.4
2026-02-11 07:00:00,0.17659,0.17711,0.17613,0.17614,6866.8
2026-02-11 07:15:00,0.17662,0.17704,0.17572,0.17702,10700.0
2026-02-11 07:30:00,0.17692,0.17804,0.17651,0.17691,5101.2
2026-02-11 07:45:00,0.17691,0.17741,0.17689,0.17708,3156.9
2026-02-11 08:00:00,0.17715,0.17715,0.17656,0.17688,25280.9
2026-02-11 08:15:00,0.17698,0.17698,0.17599,0.17651,23850.8
2026-02-11 08:30:00,0.17659,0.17659,0.17604,0.17627,7506.5
2026-02-11 08:45:00,0.17637,0.17659,0.17614,0.17659,9543.5
2026-02-11 09:00:00,0.17659,0.17687,0.17587,0.17605,8563.0
2026-02-11 09:15:00,0.17619,0.17639,0.1759,0.17639,7437.1
2026-02-11 09:30:00,0.17667,0.17673,0.17586,0.17586,4632.8
2026-02-11 09:45:00,0.17577,0.1759,0.17553,0.17566,5735.5
2026-02-11 10:00:00,0.17575,0.17589,0.1753,0.17548,29270.5
2026-02-11 10:15:00,0.17543,0.17581,0.17533,0.1756,1764.3
2026-02-11 10:30:00,0.17577,0.17577,0.1746,0.17498,18252.4
2026-02-11 10:45:00,0.17508,0.17527,0.17469,0.17516,2879.5
2026-02-11 11:00:00,0.17523,0.17571,0.17514,0.1754,18294.3
2026-02-11 11:15:00,0.17539,0.17651,0.17527,0.17624,4692.3
2026-02-11 11:30:00,0.17629,0.17666,0.17629,0.17649,2059.5
2026-02-11 11:45:00,0.17639,0.17698,0.17617,0.17657,4072.2
2026-02-11 12:00:00,0.17643,0.17675,0.17613,0.17642,20877.0
2026-02-11 12:15:00,0.17643,0.17742,0.1764,0.17711,28664.7
2026-02-11 12:30:00,0.17719,0.1772,0.17657,0.17658,2247.6
2026-02-11 12:45:00,0.17673,0.17678,0.17636,0.17678,6156.6
2026-02-11 13:00:00,0.17681,0.17707,0.17663,0.17693,2978.7
2026-02-11 13:15:00,0.17684,0.17702,0.17634,0.17634,3987.6
2026-02-11 13:30:00,0.17649,0.17904,0.17649,0.17822,105118.9
2026-02-11 13:45:00,0.17844,0.17962,0.17764,0.17945,13232.3
2026-02-11 14:00:00,0.17946,0.18634,0.17946,0.18535,194731.3
2026-02-11 14:15:00,0.18609,0.18619,0.18141,0.18141,37508.7
2026-02-11 14:30:00,0.18124,0.18207,0.17795,0.17861,44149.1
2026-02-11 14:45:00,0.17834,0.17837,0.17532,0.17537,192899.7
2026-02-11 15:00:00,0.17559,0.17637,0.17302,0.17365,53674.3
2026-02-11 15:15:00,0.17415,0.1759,0.17413,0.17426,23383.0
2026-02-11 15:30:00,0.17445,0.17518,0.17415,0.17509,175023.2
2026-02-11 15:45:00,0.17493,0.1756,0.17333,0.1752,41271.8
2026-02-11 16:00:00,0.17532,0.17831,0.17514,0.17811,240270.1
2026-02-11 16:15:00,0.1784,0.1784,0.17645,0.17658,35107.2
2026-02-11 16:30:00,0.17655,0.17713,0.17475,0.1756,41182.2
2026-02-11 16:45:00,0.17526,0.17538,0.17426,0.17438,36561.5
2026-02-11 17:00:00,0.17407,0.17477,0.17367,0.17453,84829.9
2026-02-11 17:15:00,0.17463,0.17722,0.17453,0.17701,43257.4
2026-02-11 17:30:00,0.17701,0.17791,0.1768,0.17682,48888.4
2026-02-11 17:45:00,0.17674,0.17732,0.17629,0.17629,21893.0
2026-02-11 18:00:00,0.17622,0.17627,0.17479,0.17536,65617.3
2026-02-11 18:15:00,0.17548,0.17832,0.17548,0.1781,25207.8
2026-02-11 18:30:00,0.17768,0.17842,0.17709,0.17781,7541.8
2026-02-11 18:45:00,0.1779,0.17901,0.17786,0.17807,10238.6
2026-02-11 19:00:00,0.1783,0.17884,0.1779,0.17824,22133.5
2026-02-11 19:15:00,0.17842,0.17843,0.1774,0.1774,4676.0
2026-02-11 19:30:00,0.1769,0.17782,0.17651,0.17769,11079.2
2026-02-11 19:45:00,0.1773,0.17744,0.17666,0.17694,11962.2
2026-02-11 20:00:00,0.17697,0.1773,0.17632,0.17729,9962.0
2026-02-11 20:15:00,0.17751,0.17751,0.1758,0.17599,7479.7
2026-02-11 20:30:00,0.17625,0.17703,0.17625,0.17703,7140.6
2026-02-11 20:45:00,0.1769,0.17886,0.1769,0.17885,6341.3
2026-02-11 21:00:00,0.17872,0.17919,0.17852,0.17909,6161.5
2026-02-11 21:15:00,0.17859,0.1812,0.17859,0.1812,74741.7
2026-02-11 21:30:00,0.18125,0.18152,0.1803,0.18034,18379.6
2026-02-11 21:45:00,0.18015,0.18101,0.18015,0.18055,3176.1
2026-02-11 22:00:00,0.18045,0.18074,0.17998,0.18069,30965.4
2026-02-11 22:15:00,0.1806,0.18089,0.18012,0.18041,15198.4
2026-02-11 22:30:00,0.18042,0.18082,0.1799,0.1799,2386.7
2026-02-11 22:45:00,0.1796,0.17974,0.17837,0.17869,8534.6
2026-02-11 23:00:00,0.1785,0.17922,0.17751,0.17789,9142.1
2026-02-11 23:15:00,0.17771,0.17816,0.17682,0.17692,8850.2
2026-02-11 23:30:00,0.17741,0.17769,0.17657,0.17769,5287.8
2026-02-11 23:45:00,0.17777,0.17794,0.17723,0.17747,3278.3
2026-02-12 00:00:00,0.17809,0.17923,0.17796,0.17915,391377.6
2026-02-12 00:15:00,0.17924,0.17957,0.17835,0.1787,350578.9
2026-02-12 00:30:00,0.17875,0.17996,0.17862,0.17983,121424.5
2026-02-12 00:45:00,0.17974,0.18002,0.17918,0.17926,6030.0
2026-02-12 01:00:00,0.17919,0.17964,0.17916,0.17954,4901.7
2026-02-12 01:15:00,0.17954,0.18032,0.17935,0.18022,5901.1
2026-02-12 01:30:00,0.18012,0.18049,0.1796,0.17989,3826.2
2026-02-12 01:45:00,0.17981,0.17988,0.17939,0.17939,3291.0
2026-02-12 02:00:00,0.17943,0.17997,0.17896,0.17896,23584.6
2026-02-12 02:15:00,0.17922,0.17945,0.17905,0.1794,2979.2
2026-02-12 02:30:00,0.1796,0.18094,0.1796,0.18094,3855.9
2026-02-12 02:45:00,0.1808,0.18081,0.17991,0.17991,40166.1
2026-02-12 03:00:00,0.18003,0.18072,0.17985,0.18052,4892.6
2026-02-12 03:15:00,0.18062,0.18062,0.17991,0.18001,2012.4
2026-02-12 03:30:00,0.1801,0.18069,0.18001,0.18069,3563.3
2026-02-12 03:45:00,0.18057,0.18086,0.18037,0.18086,5797.4
2026-02-12 04:00:00,0.18079,0.18099,0.18043,0.18099,3603.0
2026-02-12 04:15:00,0.18083,0.18083,0.18004,0.18034,58334.1
2026-02-12 04:30:00,0.18041,0.18172,0.18041,0.18172,4261.6
2026-02-12 04:45:00,0.18179,0.18179,0.1807,0.18102,4697.4
2026-02-12 05:00:00,0.18111,0.18126,0.18058,0.18058,2709.8
2026-02-12 05:15:00,0.18056,0.18134,0.17994,0.18111,12941.4
2026-02-12 05:30:00,0.18102,0.18227,0.18102,0.18216,27081.8
2026-02-12 05:45:00,0.18197,0.18243,0.18173,0.18222,4472.0
2026-02-12 06:00:00,0.18225,0.18286,0.18198,0.18245,21681.7
2026-02-12 06:15:00,0.18253,0.18362,0.18236,0.18335,6042.8
2026-02-12 06:30:00,0.1835,0.18385,0.18332,0.18384,7775.0
2026-02-12 06:45:00,0.18372,0.18372,0.1829,0.1829,3267.9
2026-02-12 07:00:00,0.18311,0.18319,0.18213,0.18241,7447.1
2026-02-12 07:15:00,0.18249,0.18381,0.18247,0.1835,3093.6
2026-02-12 07:30:00,0.18331,0.18371,0.18328,0.18328,57415.9
2026-02-12 07:45:00,0.1834,0.18417,0.1834,0.18417,5237.0
2026-02-12 08:00:00,0.18431,0.18457,0.18395,0.18413,23887.8
2026-02-12 08:15:00,0.18416,0.18416,0.18232,0.18308,441586.3
2026-02-12 08:30:00,0.18243,0.18285,0.18145,0.18252,1492720.5
2026-02-12 08:45:00,0.18236,0.18314,0.18213,0.18271,94221.4
2026-02-12 09:00:00,0.18253,0.18285,0.18232,0.18264,16670.3
2026-02-12 09:15:00,0.18269,0.18331,0.1826,0.18321,3448.8
2026-02-12 09:30:00,0.18312,0.18411,0.18312,0.18369,3415.7
2026-02-12 09:45:00,0.18376,0.18376,0.18302,0.18351,46790.4
2026-02-12 10:00:00,0.18342,0.18371,0.18288,0.18288,9079.8
2026-02-12 10:15:00,0.18307,0.18307,0.18256,0.1829,3647.0
2026-02-12 10:30:00,0.18275,0.18325,0.18268,0.18268,31168.6
2026-02-12 10:45:00,0.18273,0.18427,0.18273,0.18427,258018.9
2026-02-12 11:00:00,0.18427,0.18462,0.18346,0.18346,89869.0
2026-02-12 11:15:00,0.18349,0.18652,0.18339,0.18521,2416178.4
2026-02-12 11:30:00,0.18542,0.18548,0.1846,0.18464,67291.5
2026-02-12 11:45:00,0.18465,0.1849,0.18444,0.18449,2180.3
2026-02-12 12:00:00,0.18458,0.18458,0.1832,0.1832,9995.5
2026-02-12 12:15:00,0.18336,0.18336,0.18258,0.18268,15816.9
2026-02-12 12:30:00,0.18259,0.18278,0.18217,0.18241,4498.2
2026-02-12 12:45:00,0.18205,0.18236,0.18144,0.18187,6437.8
2026-02-12 13:00:00,0.18164,0.18168,0.18089,0.18099,4366.5
2026-02-12 13:15:00,0.18107,0.18107,0.17946,0.17971,8950.3
2026-02-12 13:30:00,0.17981,0.1811,0.17981,0.18098,56933.5
2026-02-12 13:45:00,0.18075,0.18178,0.18064,0.18157,15430.8
2026-02-12 14:00:00,0.18158,0.18158,0.17996,0.18005,14379.5
2026-02-12 14:15:00,0.18,0.18049,0.1796,0.18034,10236.0
2026-02-12 14:30:00,0.18024,0.18156,0.18024,0.18067,12630.2
2026-02-12 14:45:00,0.18071,0.18176,0.18026,0.18085,9892.3
2026-02-12 15:00:00,0.181,0.18116,0.17924,0.18035,14443.5
2026-02-12 15:15:00,0.18064,0.18254,0.18024,0.18243,14440.8
2026-02-12 15:30:00,0.18278,0.18286,0.18035,0.18087,46454.0
2026-02-12 15:45:00,0.18106,0.18106,0.17887,0.17887,9077.4
2026-02-12 16:00:00,0.17914,0.17957,0.17704,0.17704,92529.7
2026-02-12 16:15:00,0.177,0.17785,0.17596,0.17624,26509.3
2026-02-12 16:30:00,0.17623,0.17847,0.1758,0.17847,50475.8
2026-02-12 16:45:00,0.17836,0.17836,0.17635,0.17673,34081.0
2026-02-12 17:00:00,0.17672,0.17774,0.17654,0.17691,71634.3
2026-02-12 17:15:00,0.17688,0.17851,0.17665,0.17787,39847.8
2026-02-12 17:30:00,0.17816,0.17913,0.17759,0.17832,153270.5
2026-02-12 17:45:00,0.17822,0.17833,0.17684,0.17685,8160.7
2026-02-12 18:00:00,0.17686,0.17835,0.17677,0.17794,38646.8
2026-02-12 18:15:00,0.17798,0.17798,0.17702,0.1772,18933.5
2026-02-12 18:30:00,0.17681,0.17833,0.17681,0.17831,18932.6
2026-02-12 18:45:00,0.1781,0.17879,0.17789,0.17839,4720.4
2026-02-12 19:00:00,0.17841,0.17884,0.17817,0.17874,47361.8
2026-02-12 19:15:00,0.17892,0.18183,0.17866,0.18103,70750.3
2026-02-12 19:30:00,0.1809,0.18332,0.1809,0.18152,188284.6
2026-02-12 19:45:00,0.18152,0.18188,0.18023,0.18023,124529.2
2026-02-12 20:00:00,0.1804,0.18071,0.17929,0.17951,65619.9
2026-02-12 20:15:00,0.17958,0.17999,0.17909,0.17957,8471.8
2026-02-12 20:30:00,0.17908,0.17961,0.17879,0.17914,4934.8
2026-02-12 20:45:00,0.17939,0.17939,0.17809,0.17854,45031.5
2026-02-12 21:00:00,0.17887,0.17946,0.17882,0.17939,2118.9
2026-02-12 21:15:00,0.17935,0.17974,0.17883,0.17908,10772.7
2026-02-12 21:30:00,0.17903,0.18005,0.17884,0.17963,3242.9
2026-02-12 21:45:00,0.17963,0.17992,0.17943,0.1796,9759.4
2026-02-12 22:00:00,0.17972,0.17973,0.17906,0.17954,4898.4
2026-02-12 22:15:00,0.17945,0.17986,0.17925,0.17974,2771.8
2026-02-12 22:30:00,0.17986,0.18084,0.17986,0.18044,6356.2
2026-02-12 22:45:00,0.18096,0.18224,0.18084,0.18213,14612.5
2026-02-12 23:00:00,0.18202,0.18286,0.18199,0.18214,9940.9
2026-02-12 23:15:00,0.18218,0.18306,0.18218,0.18306,3841.8
2026-02-12 23:30:00,0.18295,0.18334,0.18264,0.18314,6180.3
2026-02-12 23:45:00,0.18307,0.18307,0.18254,0.18254,7114.2
2026-02-13 00:00:00,0.18248,0.18337,0.18232,0.18296,103312.0
2026-02-13 00:15:00,0.18294,0.18297,0.18209,0.18209,12934.5
2026-02-13 00:30:00,0.18206,0.18206,0.18089,0.18104,24373.3
2026-02-13 00:45:00,0.1808,0.18152,0.18063,0.1812,383075.2
2026-02-13 01:00:00,0.18122,0.18174,0.18089,0.18161,1373399.0
2026-02-13 01:15:00,0.18171,0.18188,0.18089,0.18134,27166.7
2026-02-13 01:30:00,0.18145,0.18167,0.1812,0.18135,72693.0
2026-02-13 01:45:00,0.18122,0.18161,0.18069,0.1808,64534.8
2026-02-13 02:00:00,0.18111,0.1814,0.18111,0.18123,22101.6
2026-02-13 02:15:00,0.18123,0.18154,0.18082,0.18116,81391.9
2026-02-13 02:30:00,0.18096,0.18114,0.18069,0.1811,50864.3
2026-02-13 02:45:00,0.18121,0.18171,0.18109,0.18148,70345.9
2026-02-13 03:00:00,0.18137,0.18145,0.18022,0.1804,81772.1
2026-02-13 03:15:00,0.18012,0.1809,0.18012,0.18079,36981.5
2026-02-13 03:30:00,0.18092,0.18151,0.1809,0.18099,61581.1
2026-02-13 03:45:00,0.18084,0.18084,0.18029,0.1803,64229.1
2026-02-13 04:00:00,0.18037,0.18051,0.17973,0.17973,3661.0
2026-02-13 04:15:00,0.17995,0.1802,0.17939,0.18004,35559.2
2026-02-13 04:30:00,0.17973,0.18014,0.17972,0.17974,14926.2
2026-02-13 04:45:00,0.17974,0.18018,0.17973,0.17998,68938.7
2026-02-13 05:00:00,0.17989,0.1801,0.1792,0.1796,9216.6
2026-02-13 05:15:00,0.1796,0.1801,0.1794,0.17982,16389.9
2026-02-13 05:30:00,0.18007,0.18039,0.1797,0.18,13328.3
2026-02-13 05:45:00,0.18001,0.18001,0.1793,0.17948,2645.7
2026-02-13 06:00:00,0.17953,0.17962,0.17941,0.17954,7833.8
2026-02-13 06:15:00,0.17956,0.17983,0.17862,0.1787,10124.0
2026-02-13 06:30:00,0.17869,0.17928,0.17869,0.17928,6483.0
2026-02-13 06:45:00,0.1792,0.18072,0.1792,0.18059,4040.6
2026-02-13 07:00:00,0.18069,0.18132,0.18042,0.18123,16452.7
2026-02-13 07:15:00,0.18134,0.18172,0.18124,0.18138,1620507.8
2026-02-13 07:30:00,0.18149,0.18155,0.18044,0.18044,97021.9
2026-02-13 07:45:00,0.18034,0.18087,0.18032,0.18063,61035.7
2026-02-13 08:00:00,0.18067,0.18094,0.18046,0.1808,75488.7
2026-02-13 08:15:00,0.1808,0.18174,0.1807,0.18162,11336.2
2026-02-13 08:30:00,0.18184,0.18243,0.18148,0.18211,4267.1
2026-02-13 08:45:00,0.18215,0.18282,0.18212,0.18252,6821.0
2026-02-13 09:00:00,0.1824,0.1824,0.1817,0.1817,98240.0
2026-02-13 09:15:00,0.1817,0.18196,0.18163,0.18188,10338.1
2026-02-13 09:30:00,0.18187,0.18206,0.18166,0.18168,30363.7
2026-02-13 09:45:00,0.18167,0.18185,0.18156,0.18168,5600.8
2026-02-13 10:00:00,0.18168,0.18217,0.18159,0.18217,46268.1
2026-02-13 10:15:00,0.18217,0.18267,0.18207,0.18208,17146.7
2026-02-13 10:30:00,0.1822,0.18273,0.18216,0.18254,15756.3
2026-02-13 10:45:00,0.18265,0.18265,0.18201,0.18202,21519.4
2026-02-13 11:00:00,0.18199,0.18207,0.18062,0.18062,1037643.6
2026-02-13 11:15:00,0.18084,0.18196,0.18061,0.18182,1434606.3
2026-02-13 11:30:00,0.18176,0.18176,0.18125,0.18142,10111.7
2026-02-13 11:45:00,0.1815,0.18167,0.18109,0.18152,8968.9
2026-02-13 12:00:00,0.1813,0.18152,0.18041,0.1806,6298.1
2026-02-13 12:15:00,0.18068,0.18098,0.18049,0.18088,1977.5
2026-02-13 12:30:00,0.18099,0.18115,0.18067,0.18082,2549.5
2026-02-13 12:45:00,0.18087,0.18135,0.18076,0.18108,19131.9
2026-02-13 13:00:00,0.18119,0.18168,0.18096,0.18138,37676.0
2026-02-13 13:15:00,0.18146,0.18305,0.18146,0.18305,53906.1
2026-02-13 13:30:00,0.18321,0.18388,0.18214,0.18214,68005.8
2026-02-13 13:45:00,0.18202,0.18268,0.18182,0.1824,8063.3
2026-02-13 14:00:00,0.18235,0.18247,0.18134,0.18166,163605.5
2026-02-13 14:15:00,0.18164,0.18257,0.18164,0.18257,226493.7
2026-02-13 14:30:00,0.18254,0.18423,0.18216,0.18326,169663.6
2026-02-13 14:45:00,0.18333,0.18543,0.18268,0.18268,1197675.6
2026-02-13 15:00:00,0.18375,0.1866,0.18343,0.18594,266442.6
2026-02-13 15:15:00,0.18601,0.18792,0.1855,0.18761,1547972.5
2026-02-13 15:30:00,0.18793,0.18939,0.1863,0.18652,174391.6
2026-02-13 15:45:00,0.18647,0.1865,0.18538,0.1857,75312.6
2026-02-13 16:00:00,0.18611,0.18753,0.18545,0.18702,890350.8
2026-02-13 16:15:00,0.18705,0.18807,0.18684,0.18797,271213.9
2026-02-13 16:30:00,0.18806,0.18931,0.18785,0.18896,231188.2
2026-02-13 16:45:00,0.18892,0.18929,0.18831,0.18868,198544.0
2026-02-13 17:00:00,0.18868,0.18868,0.18766,0.18863,84181.8
2026-02-13 17:15:00,0.18866,0.18953,0.1885,0.18934,115180.3
2026-02-13 17:30:00,0.18924,0.19053,0.18917,0.19028,1716512.4
2026-02-13 17:45:00,0.19002,0.19028,0.18913,0.18926,1581483.3
2026-02-13 18:00:00,0.18926,0.18928,0.18837,0.18837,339185.4
2026-02-13 18:15:00,0.18827,0.18947,0.18827,0.18907,45958.0
2026-02-13 18:30:00,0.18891,0.18999,0.1889,0.18959,65071.5
2026-02-13 18:45:00,0.18979,0.19009,0.18938,0.18949,42404.6
2026-02-13 19:00:00,0.18949,0.19002,0.18928,0.18972,107016.0
2026-02-13 19:15:00,0.18962,0.1901,0.18942,0.18946,63863.8
2026-02-13 19:30:00,0.1893,0.18944,0.18889,0.18928,42334.8
2026-02-13 19:45:00,0.18931,0.1903,0.18931,0.1897,48668.3
2026-02-13 20:00:00,0.18984,0.19022,0.18951,0.18954,51984.5
2026-02-13 20:15:00,0.1897,0.19024,0.18952,0.18993,40491.6
2026-02-13 20:30:00,0.19003,0.19041,0.18963,0.19015,38110.0
2026-02-13 20:45:00,0.19001,0.19034,0.18981,0.19003,50953.1
2026-02-13 21:00:00,0.19025,0.19176,0.19023,0.1914,52814.3
2026-02-13 21:15:00,0.19129,0.19161,0.19074,0.19083,54879.5
2026-02-13 21:30:00,0.19066,0.19125,0.19054,0.19116,43661.4
2026-02-13 21:45:00,0.19126,0.19126,0.19076,0.19106,45902.9
2026-02-13 22:00:00,0.1912,0.19187,0.19067,0.19067,45022.2
2026-02-13 22:15:00,0.19046,0.19077,0.19037,0.19075,5001.8
2026-02-13 22:30:00,0.1908,0.1908,0.19007,0.19031,2887.0
2026-02-13 22:45:00,0.19,0.19027,0.18943,0.18982,43163.2
2026-02-13 23:00:00,0.18992,0.18996,0.18934,0.18984,5762.1
2026-02-13 23:15:00,0.18994,0.1901,0.18964,0.18976,2639.8
2026-02-13 23:30:00,0.18973,0.18996,0.18923,0.18923,2797.1
2026-02-13 23:45:00,0.18926,0.18956,0.18926,0.18945,1670.8
2026-02-14 00:00:00,0.18926,0.19026,0.18926,0.19007,274167.4
2026-02-14 00:15:00,0.19018,0.19018,0.18951,0.18985,113429.1
2026-02-14 00:30:00,0.1899,0.19095,0.18989,0.19095,66949.9
2026-02-14 00:45:00,0.19107,0.19118,0.19062,0.19081,27526.8
2026-02-14 01:00:00,0.19061,0.19061,0.19008,0.19028,56505.9
2026-02-14 01:15:00,0.19037,0.1906,0.1902,0.19027,30465.1
2026-02-14 01:30:00,0.19057,0.19057,0.19012,0.19035,4362.7
2026-02-14 01:45:00,0.19043,0.19061,0.19034,0.19034,11034.2
2026-02-14 02:00:00,0.19038,0.19085,0.19027,0.19085,33215.2
2026-02-14 02:15:00,0.1908,0.19093,0.19016,0.1903,22384.2
2026-02-14 02:30:00,0.19033,0.19072,0.19016,0.19065,12708.9
2026-02-14 02:45:00,0.19074,0.19076,0.19051,0.19072,2262.5
2026-02-14 03:00:00,0.19065,0.19147,0.19061,0.19147,56568.2
2026-02-14 03:15:00,0.19161,0.1917,0.19087,0.19133,26632.4
2026-02-14 03:30:00,0.1912,0.19214,0.1912,0.19156,4748.1
2026-02-14 03:45:00,0.19168,0.19168,0.19129,0.19162,2674.7
2026-02-14 04:00:00,0.19168,0.19168,0.19097,0.19117,22985.0
2026-02-14 04:15:00,0.19124,0.19124,0.19075,0.19112,5452.7
2026-02-14 04:30:00,0.19125,0.19152,0.19111,0.1915,4219.9
2026-02-14 04:45:00,0.19141,0.19157,0.1911,0.1911,2216.9
2026-02-14 05:00:00,0.19114,0.19191,0.19085,0.19191,3046.5
2026-02-14 05:15:00,0.19192,0.19192,0.19101,0.19101,2369.6
2026-02-14 05:30:00,0.19117,0.19121,0.1907,0.19121,31282.8
2026-02-14 05:45:00,0.1912,0.19121,0.19063,0.19072,2498.1
2026-02-14 06:00:00,0.19044,0.19081,0.1897,0.19004,2251.6
2026-02-14 06:15:00,0.19007,0.19032,0.19007,0.19009,1954.2
2026-02-14 06:30:00,0.19014,0.19016,0.18977,0.18977,36316.4
2026-02-14 06:45:00,0.18975,0.19019,0.18959,0.19007,2720.4
2026-02-14 07:00:00,0.19019,0.19112,0.19019,0.19112,7711.2
2026-02-14 07:15:00,0.19119,0.19147,0.19103,0.19129,5762.1
2026-02-14 07:30:00,0.19138,0.19162,0.19119,0.19162,3433.3
2026-02-14 07:45:00,0.19142,0.19169,0.19091,0.19133,5140.5
2026-02-14 08:00:00,0.19119,0.19285,0.19119,0.19268,31262.9
2026-02-14 08:15:00,0.19256,0.19263,0.19228,0.19231,7383.8
2026-02-14 08:30:00,0.19246,0.19353,0.19246,0.19301,30631.2
2026-02-14 08:45:00,0.19307,0.19356,0.19289,0.19339,56658.7
2026-02-14 09:00:00,0.19348,0.19365,0.19325,0.19335,26261.6
2026-02-14 09:15:00,0.19316,0.19333,0.19303,0.19315,19191.1
2026-02-14 09:30:00,0.19315,0.19337,0.19291,0.19296,3271.1
2026-02-14 09:45:00,0.19293,0.19333,0.19279,0.19295,5544.7
2026-02-14 10:00:00,0.19293,0.19293,0.19226,0.19234,26162.2
2026-02-14 10:15:00,0.19234,0.19263,0.19178,0.19204,28701.0
2026-02-14 10:30:00,0.19213,0.19227,0.19184,0.19184,4088.8
2026-02-14 10:45:00,0.19184,0.19218,0.19174,0.1921,2292.0
2026-02-14 11:00:00,0.19216,0.19276,0.19207,0.19253,5032.1
2026-02-14 11:15:00,0.19248,0.19421,0.19247,0.194,9016.5
2026-02-14 11:30:00,0.19397,0.19405,0.19348,0.19362,4602.7
2026-02-14 11:45:00,0.1937,0.19432,0.1937,0.19384,22884.2
2026-02-14 12:00:00,0.19396,0.19445,0.19386,0.19428,32131.0
2026-02-14 12:15:00,0.19457,0.19486,0.19413,0.19455,7995.3
2026-02-14 12:30:00,0.19447,0.19471,0.19401,0.19414,6669.8
2026-02-14 12:45:00,0.19424,0.19424,0.19311,0.19311,13658.3
2026-02-14 13:00:00,0.19329,0.19348,0.1923,0.19324,35266.9
2026-02-14 13:15:00,0.19337,0.19364,0.19252,0.19252,27842.8
2026-02-14 13:30:00,0.19268,0.19322,0.19243,0.19271,4239.7
2026-02-14 13:45:00,0.19293,0.19351,0.1927,0.1932,28314.8
2026-02-14 14:00:00,0.19328,0.1938,0.19315,0.1938,9234.6
2026-02-14 14:15:00,0.1937,0.19408,0.19309,0.1935,8964.4
2026-02-14 14:30:00,0.19372,0.19471,0.1937,0.19411,66479.9
2026-02-14 14:45:00,0.19411,0.196,0.19388,0.19591,24197.7
2026-02-14 15:00:00,0.19578,0.19578,0.1946,0.19479,27987.9
2026-02-14 15:15:00,0.1946,0.19509,0.19449,0.19449,2479.5
2026-02-14 15:30:00,0.19449,0.19522,0.19439,0.19491,3320.2
2026-02-14 15:45:00,0.19498,0.19614,0.19487,0.19614,14287.5
2026-02-14 16:00:00,0.19626,0.19633,0.19557,0.19582,57586.0
2026-02-14 16:15:00,0.19562,0.19573,0.19473,0.19513,2118.4
2026-02-14 16:30:00,0.19518,0.19685,0.19451,0.19685,85740.7
2026-02-14 16:45:00,0.19634,0.19807,0.19622,0.1979,51051.2
2026-02-14 17:00:00,0.19766,0.19824,0.1969,0.19789,19941.5
2026-02-14 17:15:00,0.19768,0.19873,0.19768,0.19856,13966.3
2026-02-14 17:30:00,0.19847,0.19864,0.19691,0.19691,4011.0
2026-02-14 17:45:00,0.19691,0.19697,0.19623,0.19628,3545.3
2026-02-14 18:00:00,0.19635,0.19721,0.19635,0.19721,3108.2
2026-02-14 18:15:00,0.19718,0.19778,0.19718,0.19725,9787.0
2026-02-14 18:30:00,0.19761,0.1978,0.19734,0.1978,1214.0
2026-02-14 18:45:00,0.19774,0.19797,0.1975,0.19769,3664.1
2026-02-14 19:00:00,0.19768,0.19823,0.19743,0.19782,2966.9
2026-02-14 19:15:00,0.19749,0.19903,0.19711,0.19884,4836.8
2026-02-14 19:30:00,0.19885,0.19963,0.1987,0.19884,27048.9
2026-02-14 19:45:00,0.19885,0.20007,0.19871,0.1998,115893.6
2026-02-14 20:00:00,0.19978,0.20068,0.1987,0.19879,76854.1
2026-02-14 20:15:00,0.19886,0.19909,0.19798,0.19857,39306.9
2026-02-14 20:30:00,0.19816,0.19835,0.19765,0.19794,1504.9
2026-02-14 20:45:00,0.19793,0.1986,0.19775,0.1986,5372.5
2026-02-14 21:00:00,0.19904,0.19967,0.19895,0.19938,8996.1
2026-02-14 21:15:00,0.19946,0.19958,0.19861,0.19883,5532.8
2026-02-14 21:30:00,0.19879,0.19885,0.19742,0.19802,12498.6
2026-02-14 21:45:00,0.19804,0.19841,0.19771,0.19823,1737.7
2026-02-14 22:00:00,0.19813,0.19935,0.19813,0.19922,161221.0
2026-02-14 22:15:00,0.19942,0.19942,0.19824,0.19885,14375.1
2026-02-14 22:30:00,0.19869,0.20011,0.19869,0.20002,2481.6
2026-02-14 22:45:00,0.19972,0.20003,0.19891,0.19891,2061.4
2026-02-14 23:00:00,0.19877,0.1991,0.19843,0.19852,3379.2
2026-02-14 23:15:00,0.19882,0.19888,0.1974,0.19764,16630.1
2026-02-14 23:30:00,0.19751,0.19782,0.19683,0.1974,31642.4
2026-02-14 23:45:00,0.19753,0.19753,0.197,0.19702,2527.7
2026-02-15 00:00:00,0.1971,0.19747,0.19644,0.19663,75912.0
2026-02-15 00:15:00,0.19656,0.19656,0.19573,0.19577,194001.8
2026-02-15 00:30:00,0.1957,0.19609,0.19535,0.19563,164263.3
2026-02-15 00:45:00,0.19594,0.19641,0.19543,0.196,6520.5
2026-02-15 01:00:00,0.19614,0.19722,0.19614,0.19703,4698.1
2026-02-15 01:15:00,0.19709,0.19709,0.19551,0.19564,16142.9
2026-02-15 01:30:00,0.19597,0.19623,0.19542,0.19544,1072.3
2026-02-15 01:45:00,0.19546,0.19631,0.19546,0.19625,1604.1
2026-02-15 02:00:00,0.19623,0.197,0.19581,0.19604,4014.7
2026-02-15 02:15:00,0.19604,0.19622,0.19508,0.19526,3843.6
2026-02-15 02:30:00,0.19497,0.19548,0.19436,0.19548,21217.9
2026-02-15 02:45:00,0.19545,0.19563,0.19476,0.19538,10873.0
2026-02-15 03:00:00,0.19528,0.19577,0.19528,0.19534,26901.3
2026-02-15 03:15:00,0.19524,0.1956,0.19488,0.19505,9621.0
2026-02-15 03:30:00,0.19473,0.1948,0.19243,0.19305,228574.0
2026-02-15 03:45:00,0.19339,0.19563,0.19332,0.19552,49053.2
2026-02-15 04:00:00,0.1957,0.1981,0.19564,0.19788,45559.0
2026-02-15 04:15:00,0.19796,0.19826,0.19569,0.19569,5133.2
2026-02-15 04:30:00,0.19535,0.19634,0.19535,0.19602,9196.9
2026-02-15 04:45:00,0.19586,0.19621,0.19534,0.19578,7461.4
2026-02-15 05:00:00,0.19577,0.19639,0.19556,0.19639,3679.3
2026-02-15 05:15:00,0.19618,0.19702,0.19608,0.19645,71204.2
2026-02-15 05:30:00,0.19648,0.19708,0.19638,0.19708,2000.5
2026-02-15 05:45:00,0.19727,0.19738,0.19663,0.19686,2005.0
2026-02-15 06:00:00,0.19685,0.19695,0.19649,0.19691,66576.0
2026-02-15 06:15:00,0.19678,0.19727,0.19658,0.19668,13490.8
2026-02-15 06:30:00,0.19667,0.197,0.19648,0.19685,4865.3
2026-02-15 06:45:00,0.19661,0.19661,0.19584,0.1963,1833.2
2026-02-15 07:00:00,0.19628,0.19696,0.19608,0.19696,86662.5
2026-02-15 07:15:00,0.19685,0.19744,0.19674,0.19697,21044.9
2026-02-15 07:30:00,0.1968,0.19818,0.1968,0.19727,23787.3
2026-02-15 07:45:00,0.19717,0.1976,0.19697,0.19741,20316.9
2026-02-15 08:00:00,0.19753,0.19813,0.19695,0.19705,6426.3
2026-02-15 08:15:00,0.19708,0.19744,0.19544,0.19544,8956.4
2026-02-15 08:30:00,0.19541,0.19541,0.1928,0.19359,23883.5
2026-02-15 08:45:00,0.19368,0.19435,0.19354,0.19416,7503.4
2026-02-15 09:00:00,0.19424,0.19543,0.19394,0.19526,6155.6
2026-02-15 09:15:00,0.19526,0.19535,0.19454,0.19455,3900.7
2026-02-15 09:30:00,0.19483,0.1951,0.1943,0.19477,2352.4
2026-02-15 09:45:00,0.19464,0.19508,0.19449,0.19499,7782.5
2026-02-15 10:00:00,0.19497,0.19501,0.19363,0.19391,32648.3
2026-02-15 10:15:00,0.19383,0.1939,0.19302,0.19361,12164.3
2026-02-15 10:30:00,0.19362,0.19371,0.19285,0.19371,22050.6
2026-02-15 10:45:00,0.19363,0.19427,0.19363,0.19426,2549.3
2026-02-15 11:00:00,0.19421,0.19436,0.19405,0.19424,5429.5
2026-02-15 11:15:00,0.19413,0.19441,0.19381,0.19394,1826.4
2026-02-15 11:30:00,0.19395,0.19431,0.19382,0.1941,1921.9
2026-02-15 11:45:00,0.19421,0.1944,0.19398,0.19421,9726.7
2026-02-15 12:00:00,0.19421,0.19426,0.19285,0.19287,5262.2
2026-02-15 12:15:00,0.19305,0.19346,0.19276,0.19331,2854.5
2026-02-15 12:30:00,0.19345,0.19383,0.19253,0.19301,4855.5
2026-02-15 12:45:00,0.19315,0.19315,0.18895,0.18895,100594.0
2026-02-15 13:00:00,0.18985,0.18985,0.189,0.18946,7302.4
2026-02-15 13:15:00,0.18968,0.18976,0.18876,0.18876,3957.1
2026-02-15 13:30:00,0.18884,0.18884,0.18727,0.18775,140206.1
2026-02-15 13:45:00,0.18732,0.18816,0.18646,0.18735,9736.9
2026-02-15 14:00:00,0.1874,0.18807,0.18735,0.18759,19498.0
2026-02-15 14:15:00,0.18775,0.18825,0.18764,0.18807,40370.9
2026-02-15 14:30:00,0.18802,0.18922,0.18802,0.18916,39330.4
2026-02-15 14:45:00,0.189,0.18935,0.18887,0.18927,8972.6
2026-02-15 15:00:00,0.18918,0.18964,0.18907,0.18964,11901.5
2026-02-15 15:15:00,0.18948,0.18953,0.18896,0.18897,5962.2
2026-02-15 15:30:00,0.18887,0.18919,0.18876,0.18917,2213.9
2026-02-15 15:45:00,0.18918,0.18936,0.1889,0.18918,7382.7
2026-02-15 16:00:00,0.18918,0.18954,0.18831,0.18903,9148.0
2026-02-15 16:15:00,0.18899,0.18979,0.18899,0.18979,5335.7
2026-02-15 16:30:00,0.18979,0.18979,0.18895,0.18923,5583.2
2026-02-15 16:45:00,0.18919,0.18972,0.18916,0.18946,5197.2
2026-02-15 17:00:00,0.18944,0.18983,0.18941,0.18964,27553.2
2026-02-15 17:15:00,0.18964,0.18964,0.18893,0.18895,28645.4
2026-02-15 17:30:00,0.18881,0.1896,0.18849,0.18856,3906.4
2026-02-15 17:45:00,0.1884,0.1884,0.18533,0.18693,67745.4
2026-02-15 18:00:00,0.18671,0.18719,0.186,0.18703,16481.1
2026-02-15 18:15:00,0.18693,0.18768,0.18662,0.187,10231.0
2026-02-15 18:30:00,0.1867,0.18678,0.18589,0.18676,13796.9
2026-02-15 18:45:00,0.18686,0.18686,0.18566,0.18613,6039.3
2026-02-15 19:00:00,0.18632,0.18652,0.18488,0.18555,10770.9
2026-02-15 19:15:00,0.18583,0.18707,0.18553,0.18696,11213.7
2026-02-15 19:30:00,0.18696,0.18699,0.1858,0.18606,4159.9
2026-02-15 19:45:00,0.18638,0.18664,0.18614,0.18645,15891.8
2026-02-15 20:00:00,0.18625,0.18711,0.18582,0.18662,8852.9
2026-02-15 20:15:00,0.18714,0.18739,0.18652,0.18724,2659.9
2026-02-15 20:30:00,0.18727,0.18808,0.18727,0.18796,32269.5
2026-02-15 20:45:00,0.18808,0.18816,0.18745,0.18762,18577.3
2026-02-15 21:00:00,0.18775,0.18839,0.18771,0.18829,5096.3
2026-02-15 21:15:00,0.18809,0.18832,0.18789,0.18806,16734.2
2026-02-15 21:30:00,0.18807,0.18878,0.18766,0.18779,19651.8
2026-02-15 21:45:00,0.18773,0.18806,0.18757,0.18796,30645.6
2026-02-15 22:00:00,0.18789,0.18809,0.18749,0.1876,2599.3
2026-02-15 22:15:00,0.18759,0.1883,0.18758,0.18817,5408.4
2026-02-15 22:30:00,0.1882,0.18879,0.18819,0.18819,9507.2
2026-02-15 22:45:00,0.18823,0.18877,0.18823,0.18837,3382.5
2026-02-15 23:00:00,0.18841,0.18841,0.18669,0.18728,8151.9
2026-02-15 23:15:00,0.18735,0.18818,0.18698,0.18818,5668.0
2026-02-15 23:30:00,0.18822,0.18881,0.18822,0.18857,2640.9
2026-02-15 23:45:00,0.18877,0.18946,0.18877,0.18929,16482.2
2026-02-16 00:00:00,0.18922,0.19016,0.18902,0.19011,129628.3
2026-02-16 00:15:00,0.19008,0.19036,0.1891,0.1891,75912.2
2026-02-16 00:30:00,0.18915,0.18969,0.18893,0.18895,27518.5
2026-02-16 00:45:00,0.18887,0.18946,0.18887,0.189,38172.2
2026-02-16 01:00:00,0.18901,0.19,0.18896,0.18926,79267.6
2026-02-16 01:15:00,0.18926,0.18945,0.18829,0.18846,32258.5
2026-02-16 01:30:00,0.18873,0.18873,0.18787,0.18835,5958.6
2026-02-16 01:45:00,0.18834,0.18873,0.18834,0.18854,21189.6
2026-02-16 02:00:00,0.18867,0.18892,0.18815,0.18874,2237.3
2026-02-16 02:15:00,0.18878,0.18887,0.18815,0.18815,2959.2
2026-02-16 02:30:00,0.18845,0.18845,0.18793,0.18796,2490.8
2026-02-16 02:45:00,0.18814,0.18814,0.18733,0.18741,20528.6
2026-02-16 03:00:00,0.18769,0.18801,0.18759,0.18782,16633.8
2026-02-16 03:15:00,0.18772,0.18804,0.18758,0.18773,9951.8
2026-02-16 03:30:00,0.18799,0.18815,0.18769,0.18813,2987.1
2026-02-16 03:45:00,0.18806,0.18847,0.18791,0.18824,28270.7
2026-02-16 04:00:00,0.18824,0.18924,0.18824,0.1891,9330.3
2026-02-16 04:15:00,0.18896,0.18942,0.18896,0.18912,2287.9
2026-02-16 04:30:00,0.18934,0.18934,0.18873,0.18873,2168.4
2026-02-16 04:45:00,0.18864,0.18977,0.18855,0.18973,2581.2
2026-02-16 05:00:00,0.18976,0.18994,0.18807,0.18807,17404.7
2026-02-16 05:15:00,0.18791,0.18804,0.1868,0.1868,56441.7
2026-02-16 05:30:00,0.18726,0.18744,0.18631,0.18693,10232.6
2026-02-16 05:45:00,0.18699,0.18709,0.18669,0.18709,2171.7
2026-02-16 06:00:00,0.1869,0.18743,0.1869,0.18723,2109.5
2026-02-16 06:15:00,0.1875,0.18758,0.18712,0.18752,2797.0
2026-02-16 06:30:00,0.18794,0.18891,0.18794,0.1885,2059.5
2026-02-16 06:45:00,0.18859,0.18871,0.18818,0.18818,2173.9
2026-02-16 07:00:00,0.18814,0.18823,0.18772,0.18823,2426.8
2026-02-16 07:15:00,0.1882,0.18859,0.1878,0.18814,2563.1
2026-02-16 07:30:00,0.18792,0.18817,0.18718,0.18728,2579.8
2026-02-16 07:45:00,0.18737,0.18776,0.18736,0.18776,1923.9
2026-02-16 08:00:00,0.1877,0.18847,0.1877,0.18802,8307.0
2026-02-16 08:15:00,0.18803,0.18879,0.18803,0.18831,17845.9
2026-02-16 08:30:00,0.18844,0.18844,0.188,0.18824,3681.4
2026-02-16 08:45:00,0.18807,0.18856,0.188,0.18826,3815.7
2026-02-16 09:00:00,0.18837,0.18951,0.18833,0.18906,5877.3
2026-02-16 09:15:00,0.18909,0.18914,0.18871,0.1891,3766.5
2026-02-16 09:30:00,0.18874,0.1896,0.18854,0.18949,3365.4
2026-02-16 09:45:00,0.1893,0.18966,0.18909,0.1894,2877.2
2026-02-16 10:00:00,0.1894,0.18959,0.18923,0.18925,4590.7
2026-02-16 10:15:00,0.18927,0.18927,0.18849,0.18873,4252.8
2026-02-16 10:30:00,0.18887,0.189,0.18829,0.18839,3185.0
2026-02-16 10:45:00,0.18859,0.18867,0.18812,0.18816,3594.2
2026-02-16 11:00:00,0.18834,0.18849,0.18657,0.18688,5631.6
2026-02-16 11:15:00,0.1866,0.1872,0.1856,0.1872,16543.0
2026-02-16 11:30:00,0.18716,0.18757,0.18707,0.18715,6813.7
2026-02-16 11:45:00,0.18752,0.18835,0.18726,0.18822,7117.5
2026-02-16 12:00:00,0.18793,0.18812,0.18788,0.1879,7628.4
2026-02-16 12:15:00,0.18789,0.18983,0.1875,0.18983,83318.6
2026-02-16 12:30:00,0.18927,0.19016,0.18908,0.19016,37053.5
2026-02-16 12:45:00,0.19004,0.19115,0.18993,0.19092,26339.4
2026-02-16 13:00:00,0.19128,0.19226,0.19093,0.19123,165007.9
2026-02-16 13:15:00,0.19131,0.19146,0.18855,0.18945,15931.9
2026-02-16 13:30:00,0.18904,0.19006,0.18851,0.18924,2250.6
2026-02-16 13:45:00,0.1893,0.1893,0.18739,0.188,4512.8
2026-02-16 14:00:00,0.18778,0.18854,0.18755,0.18763,23110.0
2026-02-16 14:15:00,0.18792,0.18829,0.1865,0.18689,20077.9
2026-02-16 14:30:00,0.1868,0.18897,0.1868,0.1886,13130.0
2026-02-16 14:45:00,0.18853,0.18942,0.18806,0.18863,3839.7
2026-02-16 15:00:00,0.18869,0.18955,0.18853,0.18853,56012.9
2026-02-16 15:15:00,0.18829,0.18857,0.18769,0.18769,2046.6
2026-02-16 15:30:00,0.18789,0.18789,0.18438,0.18517,17174.1
2026-02-16 15:45:00,0.18498,0.18569,0.18498,0.18539,7051.0
2026-02-16 16:00:00,0.18514,0.18711,0.18504,0.18651,18297.0
2026-02-16 16:15:00,0.18648,0.18665,0.18595,0.18649,37869.4
2026-02-16 16:30:00,0.18608,0.18608,0.18507,0.18575,5987.1
2026-02-16 16:45:00,0.18586,0.18642,0.18575,0.18642,43540.0
2026-02-16 17:00:00,0.18621,0.1868,0.18592,0.18623,2821.7
2026-02-16 17:15:00,0.18628,0.1867,0.18551,0.1867,3499.3
2026-02-16 17:30:00,0.18672,0.18718,0.18672,0.1869,4687.5
2026-02-16 17:45:00,0.18707,0.18707,0.1864,0.18647,2792.0
2026-02-16 18:00:00,0.18667,0.18739,0.18667,0.18731,5038.8
2026-02-16 18:15:00,0.18734,0.18769,0.18716,0.18728,6038.2
2026-02-16 18:30:00,0.1872,0.18761,0.18705,0.18721,3231.7
2026-02-16 18:45:00,0.18698,0.18711,0.18658,0.18671,7794.7
2026-02-16 19:00:00,0.18672,0.18685,0.18661,0.1868,2117.1
2026-02-16 19:15:00,0.1867,0.1873,0.18619,0.1871,8528.0
2026-02-16 19:30:00,0.187,0.18816,0.18681,0.18816,8560.1
2026-02-16 19:45:00,0.18804,0.18805,0.18768,0.18772,2857.3
2026-02-16 20:00:00,0.18774,0.18774,0.18729,0.18729,4511.1
2026-02-16 20:15:00,0.18744,0.18844,0.18721,0.18844,3169.5
2026-02-16 20:30:00,0.18859,0.18878,0.18818,0.18848,12726.4
2026-02-16 20:45:00,0.18847,0.18933,0.18827,0.18921,19819.6
2026-02-16 21:00:00,0.18931,0.1894,0.18875,0.18929,5681.3
2026-02-16 21:15:00,0.18955,0.1899,0.18937,0.18937,4390.9
2026-02-16 21:30:00,0.18928,0.18957,0.18909,0.18957,15399.3
2026-02-16 21:45:00,0.18947,0.19118,0.18947,0.19108,13153.2
2026-02-16 22:00:00,0.19091,0.19141,0.19049,0.19068,57239.5
2026-02-16 22:15:00,0.19076,0.19076,0.19007,0.19026,4917.3
2026-02-16 22:30:00,0.19008,0.19067,0.19005,0.19067,5717.1
2026-02-16 22:45:00,0.19048,0.19048,0.18986,0.19014,3252.2
2026-02-16 23:00:00,0.19015,0.19036,0.18987,0.19031,6767.3
2026-02-16 23:15:00,0.19018,0.19067,0.18998,0.18998,35270.3
2026-02-16 23:30:00,0.19004,0.19004,0.18964,0.18984,18058.4
2026-02-16 23:45:00,0.18967,0.19022,0.18966,0.19022,2042.4
2026-02-17 00:00:00,0.19012,0.19044,0.18961,0.19011,41407.1
2026-02-17 00:15:00,0.19008,0.19009,0.18945,0.18997,141077.2
2026-02-17 00:30:00,0.18996,0.18997,0.18923,0.18929,48847.9
2026-02-17 00:45:00,0.18943,0.1899,0.18892,0.18892,3103.0
2026-02-17 01:00:00,0.18921,0.18972,0.18898,0.18931,9170.7
2026-02-17 01:15:00,0.18936,0.18936,0.18882,0.18924,3666.0
2026-02-17 01:30:00,0.18904,0.18943,0.18898,0.18915,3331.9
2026-02-17 01:45:00,0.18908,0.18913,0.18834,0.18837,2967.9
2026-02-17 02:00:00,0.1884,0.18969,0.18762,0.18952,4422.1
2026-02-17 02:15:00,0.18965,0.18983,0.18943,0.18974,2410.1
2026-02-17 02:30:00,0.18992,0.19004,0.18966,0.19004,2695.4
2026-02-17 02:45:00,0.19002,0.1901,0.18971,0.18974,3674.9
2026-02-17 03:00:00,0.18971,0.18971,0.18916,0.18926,3153.2
2026-02-17 03:15:00,0.18925,0.18947,0.18896,0.18916,6898.0
2026-02-17 03:30:00,0.18908,0.18924,0.18885,0.18904,3137.6
2026-02-17 03:45:00,0.18908,0.18921,0.18859,0.18877,8910.4
2026-02-17 04:00:00,0.18876,0.18904,0.18857,0.18884,9465.2
2026-02-17 04:15:00,0.18884,0.1897,0.18865,0.18953,9519.1
2026-02-17 04:30:00,0.18932,0.18932,0.18822,0.18891,4195.6
2026-02-17 04:45:00,0.18901,0.1891,0.18863,0.1887,4830.2
2026-02-17 05:00:00,0.18874,0.18885,0.18824,0.18834,4030.8
2026-02-17 05:15:00,0.18824,0.18831,0.18735,0.18737,2945.5
2026-02-17 05:30:00,0.18737,0.18762,0.18643,0.18751,17890.0
2026-02-17 05:45:00,0.18778,0.18779,0.18744,0.18757,3273.4
2026-02-17 06:00:00,0.18782,0.18832,0.18773,0.18813,4560.9
2026-02-17 06:15:00,0.18813,0.1884,0.18782,0.1884,2394.1
2026-02-17 06:30:00,0.18833,0.18861,0.18795,0.18838,4666.9
2026-02-17 06:45:00,0.1885,0.1888,0.1884,0.1885,3304.6
2026-02-17 07:00:00,0.18838,0.18842,0.18817,0.1883,2512.0
2026-02-17 07:15:00,0.18826,0.18841,0.18809,0.18819,2678.3
2026-02-17 07:30:00,0.1881,0.18887,0.18804,0.18877,6039.5
2026-02-17 07:45:00,0.18879,0.189,0.18829,0.18829,6897.7
2026-02-17 08:00:00,0.18849,0.18926,0.18849,0.18917,10177.5
2026-02-17 08:15:00,0.18935,0.18935,0.18872,0.18872,66514.5
2026-02-17 08:30:00,0.1888,0.18886,0.18766,0.18785,10387.0
2026-02-17 08:45:00,0.1879,0.1879,0.18725,0.18731,7326.3
2026-02-17 09:00:00,0.18748,0.1876,0.18669,0.18679,28012.9
2026-02-17 09:15:00,0.1869,0.18719,0.18679,0.18697,4391.0
2026-02-17 09:30:00,0.18688,0.18706,0.18665,0.18694,2798.2
2026-02-17 09:45:00,0.18714,0.18772,0.18705,0.18747,9810.4
2026-02-17 10:00:00,0.1874,0.18787,0.1874,0.18766,5062.6
2026-02-17 10:15:00,0.18758,0.18758,0.18555,0.18565,81276.1
2026-02-17 10:30:00,0.18586,0.18607,0.18559,0.18607,2920.7
2026-02-17 10:45:00,0.18598,0.18652,0.18598,0.1863,55455.2
2026-02-17 11:00:00,0.18651,0.18735,0.18622,0.1873,31529.6
2026-02-17 11:15:00,0.1872,0.18788,0.18709,0.1874,20785.9
2026-02-17 11:30:00,0.18754,0.18754,0.18675,0.18707,22525.3
2026-02-17 11:45:00,0.18696,0.18745,0.18685,0.18727,5263.2
2026-02-17 12:00:00,0.18726,0.18806,0.18704,0.1876,31073.9
2026-02-17 12:15:00,0.18741,0.18805,0.18739,0.18802,3436.5
2026-02-17 12:30:00,0.18797,0.18856,0.18797,0.18825,8517.1
2026-02-17 12:45:00,0.18807,0.18807,0.18695,0.18715,7188.7
2026-02-17 13:00:00,0.18727,0.18792,0.18645,0.18792,69250.6
2026-02-17 13:15:00,0.18792,0.18862,0.18784,0.18784,17790.7
2026-02-17 13:30:00,0.18796,0.18796,0.18742,0.18763,2658.2
2026-02-17 13:45:00,0.18755,0.18892,0.18753,0.18826,16408.9
2026-02-17 14:00:00,0.18824,0.18875,0.18815,0.18836,2269.2
2026-02-17 14:15:00,0.18837,0.18851,0.18811,0.18828,3485.8
2026-02-17 14:30:00,0.18828,0.18904,0.1856,0.1856,8590.9
2026-02-17 14:45:00,0.18502,0.18567,0.18402,0.18472,17479.2
2026-02-17 15:00:00,0.18454,0.18615,0.18443,0.18542,30859.1
2026-02-17 15:15:00,0.18529,0.18649,0.18451,0.18451,25007.0
2026-02-17 15:30:00,0.1851,0.18518,0.18351,0.1851,25868.2
2026-02-17 15:45:00,0.18519,0.18659,0.18518,0.18649,21737.9
2026-02-17 16:00:00,0.18637,0.18908,0.18637,0.18807,12177.4
2026-02-17 16:15:00,0.18808,0.18884,0.18699,0.18699,43436.1
2026-02-17 16:30:00,0.18726,0.1896,0.18678,0.18859,11193.7
2026-02-17 16:45:00,0.18847,0.18866,0.18693,0.18693,6313.9
2026-02-17 17:00:00,0.18714,0.18758,0.18512,0.18574,95212.0
2026-02-17 17:15:00,0.1856,0.1865,0.1856,0.1865,11268.4
2026-02-17 17:30:00,0.18666,0.18666,0.18483,0.18483,7923.5
2026-02-17 17:45:00,0.18483,0.18564,0.18435,0.18564,6882.3
2026-02-17 18:00:00,0.1856,0.18586,0.18529,0.18581,8035.6
2026-02-17 18:15:00,0.18564,0.18875,0.1856,0.18858,5904.4
2026-02-17 18:30:00,0.18857,0.18984,0.18814,0.18952,8277.6
2026-02-17 18:45:00,0.18929,0.18942,0.18873,0.18892,5156.9
2026-02-17 19:00:00,0.18886,0.18892,0.18836,0.18885,8572.3
2026-02-17 19:15:00,0.18866,0.18875,0.1876,0.1876,7185.6
2026-02-17 19:30:00,0.18743,0.18786,0.18724,0.18759,3113.4
2026-02-17 19:45:00,0.1876,0.1879,0.18702,0.18735,11200.3
2026-02-17 20:00:00,0.1873,0.18755,0.18676,0.18676,4893.7
2026-02-17 20:15:00,0.18675,0.1868,0.18633,0.18673,2274.0
2026-02-17 20:30:00,0.18652,0.18695,0.18602,0.18695,2810.6
2026-02-17 20:45:00,0.18671,0.18697,0.18648,0.18648,2257.5
2026-02-17 21:00:00,0.18663,0.18722,0.18633,0.18722,8946.5
2026-02-17 21:15:00,0.18724,0.18724,0.18655,0.18656,2640.7
2026-02-17 21:30:00,0.18643,0.18659,0.18624,0.18652,2534.2
2026-02-17 21:45:00,0.18646,0.18703,0.18641,0.18691,5703.8
2026-02-17 22:00:00,0.187,0.18712,0.18666,0.18674,7460.5
2026-02-17 22:15:00,0.18667,0.18703,0.18658,0.18672,7093.6
2026-02-17 22:30:00,0.18693,0.18719,0.18665,0.18674,26450.1
2026-02-17 22:45:00,0.18666,0.18672,0.18607,0.18659,5435.0
2026-02-17 23:00:00,0.18646,0.18674,0.18615,0.18629,5626.0
2026-02-17 23:15:00,0.18637,0.18685,0.18633,0.18665,3120.2
2026-02-17 23:30:00,0.18651,0.18685,0.18628,0.18669,28568.6
2026-02-17 23:45:00,0.18688,0.18689,0.18662,0.18679,2879.5
2026-02-18 00:00:00,0.18666,0.18697,0.18664,0.18669,33181.7
2026-02-18 00:15:00,0.18673,0.18688,0.18638,0.1868,29884.4
2026-02-18 00:30:00,0.18688,0.1871,0.18658,0.18675,4570.2
2026-02-18 00:45:00,0.18639,0.18649,0.18584,0.18623,3007.1
2026-02-18 01:00:00,0.18606,0.18635,0.1853,0.18562,3311.7
2026-02-18 01:15:00,0.18572,0.18611,0.1856,0.1856,2837.6
2026-02-18 01:30:00,0.18553,0.18577,0.18527,0.18567,3722.4
2026-02-18 01:45:00,0.18586,0.18606,0.18563,0.18606,25723.2
2026-02-18 02:00:00,0.18607,0.1873,0.18605,0.18688,26204.6
2026-02-18 02:15:00,0.18701,0.18711,0.18651,0.18658,5049.2
2026-02-18 02:30:00,0.18642,0.18733,0.18628,0.18716,2856.4
2026-02-18 02:45:00,0.18733,0.18733,0.18692,0.18701,4064.1
2026-02-18 03:00:00,0.18701,0.18731,0.18686,0.18731,8658.2
2026-02-18 03:15:00,0.18732,0.18774,0.18732,0.18774,5262.5
2026-02-18 03:30:00,0.18756,0.18784,0.18746,0.18773,6074.5
2026-02-18 03:45:00,0.18765,0.18792,0.18741,0.18771,4502.9
2026-02-18 04:00:00,0.18774,0.18779,0.18708,0.18728,50635.5
2026-02-18 04:15:00,0.18726,0.18766,0.18716,0.18716,2275.2
2026-02-18 04:30:00,0.18731,0.18742,0.18704,0.18732,3460.8
2026-02-18 04:45:00,0.18729,0.18759,0.18717,0.18726,5748.6
2026-02-18 05:00:00,0.18736,0.18746,0.18722,0.18743,5485.3
2026-02-18 05:15:00,0.18744,0.18782,0.18738,0.1874,3719.4
2026-02-18 05:30:00,0.18726,0.18751,0.18703,0.18743,9613.5
2026-02-18 05:45:00,0.18738,0.18798,0.18738,0.18763,6919.8
2026-02-18 06:00:00,0.18783,0.18787,0.18754,0.18787,6063.5
2026-02-18 06:15:00,0.18775,0.1879,0.1874,0.1879,3060.5
2026-02-18 06:30:00,0.18791,0.18811,0.18774,0.188,24559.2
2026-02-18 06:45:00,0.188,0.18815,0.18744,0.18751,7333.1
2026-02-18 07:00:00,0.18765,0.18791,0.18752,0.18762,15365.1
2026-02-18 07:15:00,0.1878,0.1878,0.1875,0.18779,6525.1
2026-02-18 07:30:00,0.18789,0.18873,0.18789,0.18871,25264.0
2026-02-18 07:45:00,0.18861,0.18929,0.1885,0.18858,11531.8
2026-02-18 08:00:00,0.18886,0.18907,0.1885,0.18856,11612.6
2026-02-18 08:15:00,0.18864,0.18938,0.18864,0.18896,5617.2
2026-02-18 08:30:00,0.18919,0.18919,0.18825,0.18826,11569.1
2026-02-18 08:45:00,0.18828,0.1885,0.18798,0.18807,9056.5
2026-02-18 09:00:00,0.1882,0.18831,0.18791,0.18805,19415.3
2026-02-18 09:15:00,0.18791,0.18806,0.18777,0.18797,10975.9
2026-02-18 09:30:00,0.18799,0.18857,0.18798,0.18853,9461.1
2026-02-18 09:45:00,0.18845,0.18852,0.18817,0.18824,12117.1
2026-02-18 10:00:00,0.18849,0.18897,0.18824,0.18867,5369.6
2026-02-18 10:15:00,0.18877,0.18877,0.18826,0.18836,4397.2
2026-02-18 10:30:00,0.18836,0.18836,0.18759,0.18759,3375.3
2026-02-18 10:45:00,0.18745,0.18763,0.1872,0.18739,3203.5
2026-02-18 11:00:00,0.18745,0.18749,0.18545,0.18632,11218.7
2026-02-18 11:15:00,0.18647,0.18668,0.18627,0.18664,7629.4
2026-02-18 11:30:00,0.18657,0.187,0.18655,0.18693,8330.2
2026-02-18 11:45:00,0.18705,0.18714,0.18628,0.18632,5620.7
2026-02-18 12:00:00,0.18643,0.18668,0.18628,0.18633,4991.8
2026-02-18 12:15:00,0.18638,0.18647,0.18598,0.18635,9013.5
2026-02-18 12:30:00,0.18643,0.18643,0.18504,0.18595,19511.9
2026-02-18 12:45:00,0.18595,0.18614,0.18562,0.18562,32557.5
2026-02-18 13:00:00,0.18596,0.18596,0.18512,0.18557,2830.7
2026-02-18 13:15:00,0.18548,0.18573,0.18506,0.18554,3638.6
2026-02-18 13:30:00,0.18543,0.18555,0.18422,0.18432,11280.3
2026-02-18 13:45:00,0.18445,0.18445,0.18344,0.18402,6687.1
2026-02-18 14:00:00,0.18427,0.18443,0.18384,0.18419,106500.2
2026-02-18 14:15:00,0.18442,0.18442,0.18362,0.18362,17955.7
2026-02-18 14:30:00,0.18333,0.18457,0.18329,0.18412,13934.6
2026-02-18 14:45:00,0.18396,0.18489,0.18295,0.18456,7866.4
2026-02-18 15:00:00,0.1847,0.18597,0.18468,0.18558,9243.3
2026-02-18 15:15:00,0.1857,0.18624,0.1856,0.18601,6480.5
2026-02-18 15:30:00,0.18601,0.18859,0.18587,0.18795,30009.1
2026-02-18 15:45:00,0.18775,0.18783,0.18615,0.18625,139694.9
2026-02-18 16:00:00,0.18651,0.18666,0.18461,0.18468,139986.9
2026-02-18 16:15:00,0.18458,0.18503,0.18444,0.18484,3813.2
2026-02-18 16:30:00,0.18487,0.18497,0.18415,0.18457,161210.9
2026-02-18 16:45:00,0.18435,0.1846,0.18363,0.18394,3630.3
2026-02-18 17:00:00,0.18395,0.18573,0.17213,0.177,1147730.4
2026-02-18 17:15:00,0.177,0.18074,0.17644,0.17758,3066492.5
2026-02-18 17:30:00,0.17727,0.17931,0.17714,0.1777,563947.4
2026-02-18 17:45:00,0.17778,0.17824,0.1774,0.17814,1660788.3
2026-02-18 18:00:00,0.17814,0.17859,0.17787,0.17859,686192.5
2026-02-18 18:15:00,0.1786,0.1786,0.17631,0.17747,153516.1
2026-02-18 18:30:00,0.17739,0.17739,0.1742,0.1742,1999903.7
2026-02-18 18:45:00,0.17456,0.17531,0.1742,0.17468,179039.8
2026-02-18 19:00:00,0.1744,0.1754,0.17422,0.17437,152219.4
2026-02-18 19:15:00,0.17424,0.17471,0.17336,0.17377,253324.0
2026-02-18 19:30:00,0.17383,0.17413,0.17165,0.17287,624774.1
2026-02-18 19:45:00,0.17278,0.1732,0.17257,0.17285,345386.3
2026-02-18 20:00:00,0.17264,0.17402,0.17264,0.174,1148829.4
2026-02-18 20:15:00,0.1734,0.17366,0.17283,0.17318,59398.4
2026-02-18 20:30:00,0.17317,0.17419,0.17317,0.17376,18191.2
2026-02-18 20:45:00,0.17358,0.17396,0.17112,0.17112,24397.1
2026-02-18 21:00:00,0.17144,0.17144,0.16999,0.17008,567713.9
2026-02-18 21:15:00,0.17002,0.17006,0.16863,0.16947,1366692.9
2026-02-18 21:30:00,0.16947,0.16997,0.16918,0.16935,118665.2
2026-02-18 21:45:00,0.16921,0.16928,0.16703,0.16703,147751.2
2026-02-18 22:00:00,0.16719,0.16775,0.16511,0.16603,198692.7
2026-02-18 22:15:00,0.1661,0.16677,0.16597,0.16677,203730.9
2026-02-18 22:30:00,0.16669,0.16819,0.16661,0.1674,319877.2
2026-02-18 22:45:00,0.16772,0.16772,0.16671,0.16704,153472.1
2026-02-18 23:00:00,0.16701,0.1674,0.16684,0.16704,430335.1
2026-02-18 23:15:00,0.16686,0.16723,0.16624,0.16645,11318.4
2026-02-18 23:30:00,0.16656,0.16656,0.16543,0.16543,21845.8
2026-02-18 23:45:00,0.16555,0.16575,0.16472,0.16503,17798.5
2026-02-19 00:00:00,0.16522,0.16609,0.1647,0.1655,545144.8
2026-02-19 00:15:00,0.16559,0.16575,0.16492,0.16512,264850.8
2026-02-19 00:30:00,0.1652,0.1652,0.16463,0.16517,417503.2
2026-02-19 00:45:00,0.16512,0.16554,0.16201,0.16349,4983633.8
2026-02-19 01:00:00,0.16345,0.16414,0.1625,0.16353,96964.3
2026-02-19 01:15:00,0.16374,0.16389,0.16255,0.16373,181190.6
2026-02-19 01:30:00,0.16391,0.1646,0.16317,0.16402,12928.7
2026-02-19 01:45:00,0.16405,0.16505,0.16396,0.16433,81626.1
2026-02-19 02:00:00,0.16428,0.16428,0.16331,0.16404,149568.5
2026-02-19 02:15:00,0.16424,0.16462,0.16264,0.16302,104055.6
2026-02-19 02:30:00,0.16302,0.16302,0.16063,0.16063,1007731.6
2026-02-19 02:45:00,0.1608,0.1609,0.15952,0.15963,296038.2
2026-02-19 03:00:00,0.1592,0.16039,0.15842,0.16028,160001.5
2026-02-19 03:15:00,0.16029,0.16038,0.15972,0.15972,102673.1
2026-02-19 03:30:00,0.15948,0.15948,0.15815,0.15902,144233.3
2026-02-19 03:45:00,0.15877,0.16014,0.15834,0.16007,216905.6
2026-02-19 04:00:00,0.15996,0.15997,0.15633,0.15736,594952.6
2026-02-19 04:15:00,0.15719,0.15768,0.1566,0.15762,61683.3
2026-02-19 04:30:00,0.15788,0.1584,0.15732,0.15732,24513.5
2026-02-19 04:45:00,0.15724,0.15748,0.15447,0.15461,92287.3
2026-02-19 05:00:00,0.15439,0.15606,0.15358,0.15514,173757.2
2026-02-19 05:15:00,0.1548,0.1548,0.15136,0.15229,297950.6
2026-02-19 05:30:00,0.15222,0.15305,0.15147,0.15214,52162.1
2026-02-19 05:45:00,0.15243,0.15312,0.15201,0.15281,53225.4
2026-02-19 06:00:00,0.15281,0.15289,0.15226,0.15257,118470.9
2026-02-19 06:15:00,0.15225,0.15225,0.14907,0.15065,570117.2
2026-02-19 06:30:00,0.15033,0.15207,0.15033,0.151,355394.4
2026-02-19 06:45:00,0.15094,0.15155,0.15016,0.15017,614512.3
2026-02-19 07:00:00,0.15056,0.15056,0.14756,0.14835,161595.1
2026-02-19 07:15:00,0.14829,0.14834,0.1464,0.14762,502999.0
2026-02-19 07:30:00,0.14727,0.14824,0.1459,0.14629,169691.4
2026-02-19 07:45:00,0.14684,0.14746,0.14575,0.14597,280612.6
2026-02-19 08:00:00,0.14608,0.14608,0.14404,0.14466,683881.3
2026-02-19 08:15:00,0.1446,0.14551,0.14136,0.14151,903500.6
2026-02-19 08:30:00,0.14195,0.14253,0.1403,0.1415,707124.3
2026-02-19 08:45:00,0.14152,0.14345,0.14146,0.14178,470483.2
2026-02-19 09:00:00,0.14175,0.14259,0.14041,0.14205,1242021.5
2026-02-19 09:15:00,0.14207,0.14403,0.14192,0.14358,1091863.8
2026-02-19 09:30:00,0.14374,0.14659,0.14355,0.14616,1993412.8
2026-02-19 09:45:00,0.14634,0.14665,0.14349,0.14368,519597.4
2026-02-19 10:00:00,0.14368,0.14368,0.14164,0.14269,689267.8
2026-02-19 10:15:00,0.14279,0.14487,0.14279,0.14357,388904.5
2026-02-19 10:30:00,0.14387,0.14437,0.14248,0.14286,529044.3
2026-02-19 10:45:00,0.14278,0.14315,0.14148,0.14176,665807.4
2026-02-19 11:00:00,0.1417,0.1431,0.14153,0.14291,440311.5
2026-02-19 11:15:00,0.14287,0.14349,0.14132,0.14154,382790.0
2026-02-19 11:30:00,0.14165,0.14227,0.14044,0.14226,1009530.1
2026-02-19 11:45:00,0.14208,0.14229,0.14107,0.14156,243493.0
2026-02-19 12:00:00,0.14169,0.1428,0.14104,0.14249,629494.7
2026-02-19 12:15:00,0.14269,0.14297,0.14179,0.1428,407550.7
2026-02-19 12:30:00,0.14272,0.14429,0.14267,0.14383,283648.3
2026-02-19 12:45:00,0.14388,0.1439,0.14241,0.14246,264735.2
2026-02-19 13:00:00,0.14244,0.14246,0.1376,0.14009,2300800.7
2026-02-19 13:15:00,0.14009,0.14183,0.14009,0.14163,603484.9
2026-02-19 13:30:00,0.14168,0.14242,0.13878,0.13931,692018.4
2026-02-19 13:45:00,0.13948,0.1406,0.13916,0.13971,316809.1
2026-02-19 14:00:00,0.13979,0.14089,0.13809,0.13909,523801.5
2026-02-19 14:15:00,0.13894,0.14022,0.13815,0.13941,127517.4
2026-02-19 14:30:00,0.13946,0.14,0.13641,0.13741,1012152.3
2026-02-19 14:45:00,0.13759,0.1397,0.13708,0.13804,710894.9
2026-02-19 15:00:00,0.13811,0.13957,0.13772,0.13812,1275481.0
2026-02-19 15:15:00,0.13816,0.13895,0.13747,0.13817,632446.8
2026-02-19 15:30:00,0.13821,0.14063,0.13802,0.14015,915476.5
2026-02-19 15:45:00,0.14013,0.14086,0.13863,0.13925,1021250.0
2026-02-19 16:00:00,0.13925,0.13991,0.13768,0.1396,554747.8
2026-02-19 16:15:00,0.13995,0.14047,0.1385,0.13896,643236.4
2026-02-19 16:30:00,0.13905,0.13988,0.13882,0.13884,185865.4
2026-02-19 16:45:00,0.13877,0.13877,0.13741,0.13784,536795.4
2026-02-19 17:00:00,0.13783,0.13824,0.134,0.13664,2237358.9
2026-02-19 17:15:00,0.13617,0.13851,0.13611,0.1378,971132.0
2026-02-19 17:30:00,0.13791,0.13791,0.13547,0.13619,162943.4
2026-02-19 17:45:00,0.13618,0.13631,0.13436,0.13598,587813.4
2026-02-19 18:00:00,0.13577,0.13744,0.13547,0.13743,144319.0
2026-02-19 18:15:00,0.13734,0.13815,0.13645,0.13802,466517.2
2026-02-19 18:30:00,0.13804,0.13855,0.13714,0.13844,180820.7
2026-02-19 18:45:00,0.1383,0.13875,0.13718,0.13738,305921.1
2026-02-19 19:00:00,0.13751,0.13838,0.13695,0.13816,329133.9
2026-02-19 19:15:00,0.1379,0.13806,0.13739,0.1376,233784.9
2026-02-19 19:30:00,0.1377,0.13787,0.13663,0.13713,452022.1
2026-02-19 19:45:00,0.13694,0.1382,0.13682,0.138,258545.4
2026-02-19 20:00:00,0.13802,0.13935,0.13788,0.13849,274303.2
2026-02-19 20:15:00,0.13843,0.13897,0.13801,0.13892,211268.4
2026-02-19 20:30:00,0.13896,0.13955,0.13885,0.13903,483057.2
2026-02-19 20:45:00,0.13905,0.13955,0.1372,0.13751,2339178.7
2026-02-19 21:00:00,0.13747,0.13848,0.13738,0.13848,279988.0
2026-02-19 21:15:00,0.13855,0.13935,0.13828,0.13914,754718.8
2026-02-19 21:30:00,0.13925,0.13931,0.13873,0.13904,230539.2
2026-02-19 21:45:00,0.13906,0.13914,0.13759,0.13776,467734.5
2026-02-19 22:00:00,0.13758,0.13782,0.13689,0.13716,445997.4
2026-02-19 22:15:00,0.13719,0.13791,0.13648,0.13752,248841.0
2026-02-19 22:30:00,0.13747,0.13747,0.13633,0.13706,174289.2
2026-02-19 22:45:00,0.13705,0.13831,0.13661,0.13791,357168.2
2026-02-19 23:00:00,0.13805,0.139,0.13764,0.13841,312229.3
2026-02-19 23:15:00,0.13832,0.13908,0.13815,0.13842,305634.7
2026-02-19 23:30:00,0.13834,0.13906,0.13821,0.13833,240652.2
2026-02-19 23:45:00,0.13835,0.13895,0.13835,0.13891,387951.4
2026-02-20 00:00:00,0.13894,0.13909,0.13506,0.13543,1201269.1
2026-02-20 00:15:00,0.13531,0.13674,0.13509,0.13666,546581.5
2026-02-20 00:30:00,0.1368,0.13928,0.13666,0.13719,575021.1
2026-02-20 00:45:00,0.13707,0.13817,0.13627,0.13662,617997.8
2026-02-20 01:00:00,0.13646,0.13735,0.13604,0.13648,272870.6
2026-02-20 01:15:00,0.13659,0.13758,0.13619,0.13733,227753.9
2026-02-20 01:30:00,0.13742,0.13807,0.1364,0.13676,154693.4
2026-02-20 01:45:00,0.1365,0.13734,0.13642,0.13734,132095.4
2026-02-20 02:00:00,0.1374,0.13858,0.13731,0.13844,120521.9
2026-02-20 02:15:00,0.13839,0.13922,0.13791,0.13916,294189.1
2026-02-20 02:30:00,0.13911,0.13969,0.13825,0.13855,295258.5
2026-02-20 02:45:00,0.13826,0.13826,0.12709,0.13051,1659759.4
2026-02-20 03:00:00,0.13046,0.1316,0.12753,0.12915,2260702.2
2026-02-20 03:15:00,0.12917,0.1304,0.12808,0.13002,1427836.7
2026-02-20 03:30:00,0.13007,0.13079,0.12926,0.13037,1000071.0
2026-02-20 03:45:00,0.13041,0.1308,0.12878,0.1292,221410.2
2026-02-20 04:00:00,0.12919,0.13076,0.12879,0.13076,424560.2
2026-02-20 04:15:00,0.13033,0.13033,0.1276,0.12807,455987.8
2026-02-20 04:30:00,0.128,0.12879,0.12782,0.12862,128173.5
2026-02-20 04:45:00,0.12865,0.12923,0.12827,0.12923,98278.8
2026-02-20 05:00:00,0.12918,0.12951,0.12846,0.12915,342722.2
2026-02-20 05:15:00,0.12923,0.12956,0.12846,0.1287,291023.9
2026-02-20 05:30:00,0.12905,0.13053,0.12905,0.1304,158045.0
2026-02-20 05:45:00,0.13041,0.1323,0.13041,0.13164,762655.1
2026-02-20 06:00:00,0.13168,0.13175,0.1308,0.13094,189396.8
2026-02-20 06:15:00,0.13089,0.1314,0.13088,0.1314,79996.4
2026-02-20 06:30:00,0.13127,0.13273,0.13125,0.13214,177347.4
2026-02-20 06:45:00,0.13218,0.13295,0.13187,0.1329,437563.4
2026-02-20 07:00:00,0.133,0.13356,0.13252,0.13263,551166.0
2026-02-20 07:15:00,0.13263,0.13264,0.13079,0.1308,527773.3
2026-02-20 07:30:00,0.13062,0.13073,0.12925,0.12988,593348.9
2026-02-20 07:45:00,0.12999,0.13012,0.12958,0.12979,995470.1
2026-02-20 08:00:00,0.12985,0.1299,0.12902,0.12917,393233.7
2026-02-20 08:15:00,0.12905,0.12905,0.12833,0.12848,284612.9
2026-02-20 08:30:00,0.12844,0.12909,0.12829,0.12888,181581.5
2026-02-20 08:45:00,0.12891,0.12891,0.12834,0.12878,86560.2
2026-02-20 09:00:00,0.12875,0.12915,0.12772,0.12854,550548.2
2026-02-20 09:15:00,0.1285,0.12931,0.12793,0.12931,376795.0
2026-02-20 09:30:00,0.12938,0.13,0.12938,0.12954,104171.3
2026-02-20 09:45:00,0.12957,0.13076,0.12956,0.13046,146945.7
2026-02-20 10:00:00,0.13039,0.13164,0.13037,0.13141,112159.2
2026-02-20 10:15:00,0.13133,0.13154,0.13007,0.13007,118982.7
2026-02-20 10:30:00,0.1299,0.13031,0.12897,0.12943,121444.4
2026-02-20 10:45:00,0.12927,0.12927,0.12834,0.12879,186935.0
2026-02-20 11:00:00,0.1289,0.12967,0.1289,0.12916,193331.0
2026-02-20 11:15:00,0.12908,0.12926,0.12573,0.12739,873346.5
2026-02-20 11:30:00,0.12739,0.12769,0.12642,0.12688,615971.2
2026-02-20 11:45:00,0.12679,0.12761,0.12676,0.12738,288955.9
2026-02-20 12:00:00,0.1273,0.12738,0.12605,0.12633,332292.6
2026-02-20 12:15:00,0.12626,0.12667,0.12494,0.12558,258185.3
2026-02-20 12:30:00,0.12552,0.12696,0.12544,0.12683,176504.6
2026-02-20 12:45:00,0.1268,0.12711,0.12637,0.12678,138517.1
2026-02-20 13:00:00,0.12663,0.12669,0.12548,0.12583,185267.4
2026-02-20 13:15:00,0.1257,0.12638,0.12518,0.12638,175770.7
2026-02-20 13:30:00,0.1264,0.1264,0.12437,0.12577,454612.1
2026-02-20 13:45:00,0.12604,0.12683,0.12541,0.12683,225349.5
2026-02-20 14:00:00,0.12687,0.12735,0.12663,0.12674,121747.5
2026-02-20 14:15:00,0.12673,0.12758,0.12649,0.12706,184397.0
2026-02-20 14:30:00,0.12704,0.12899,0.12677,0.12899,261347.4
2026-02-20 14:45:00,0.12852,0.12854,0.12793,0.12825,83965.2
2026-02-20 15:00:00,0.12824,0.1316,0.12815,0.13001,606998.9
2026-02-20 15:15:00,0.13037,0.13432,0.13029,0.13375,1094013.9
2026-02-20 15:30:00,0.13396,0.1345,0.1318,0.13199,187592.4
2026-02-20 15:45:00,0.13208,0.13357,0.13188,0.13281,146087.8
2026-02-20 16:00:00,0.13268,0.13354,0.1312,0.13148,1840580.2
2026-02-20 16:15:00,0.13148,0.13148,0.12973,0.13007,2880023.3
2026-02-20 16:30:00,0.1299,0.13046,0.12947,0.12984,70982.2
2026-02-20 16:45:00,0.12981,0.13094,0.12974,0.13074,91401.5
2026-02-20 17:00:00,0.1305,0.1305,0.12782,0.12787,635922.0
2026-02-20 17:15:00,0.12789,0.12819,0.1265,0.12805,276205.6
2026-02-20 17:30:00,0.12807,0.12883,0.12796,0.12876,486976.4
2026-02-20 17:45:00,0.12867,0.12984,0.12865,0.12976,987064.3
2026-02-20 18:00:00,0.12972,0.1299,0.12883,0.12883,1737066.8
2026-02-20 18:15:00,0.12887,0.12906,0.12822,0.12867,151195.1
2026-02-20 18:30:00,0.12878,0.12985,0.12832,0.12834,157007.3
2026-02-20 18:45:00,0.12838,0.12877,0.12764,0.12806,89734.3
2026-02-20 19:00:00,0.12798,0.12847,0.12708,0.12712,669215.3
2026-02-20 19:15:00,0.12713,0.12797,0.12713,0.12764,404508.5
2026-02-20 19:30:00,0.12779,0.12888,0.12779,0.12807,891241.7
2026-02-20 19:45:00,0.12807,0.12871,0.12801,0.12851,612159.3
2026-02-20 20:00:00,0.12839,0.12884,0.12819,0.12884,81557.4
2026-02-20 20:15:00,0.12889,0.12895,0.12778,0.12778,106361.4
2026-02-20 20:30:00,0.12791,0.12797,0.12663,0.12767,164072.9
2026-02-20 20:45:00,0.12776,0.12776,0.12691,0.1276,103886.0
2026-02-20 21:00:00,0.12759,0.12788,0.12738,0.12765,103528.8
2026-02-20 21:15:00,0.12759,0.12778,0.12728,0.12733,63866.0
2026-02-20 21:30:00,0.12742,0.12765,0.12707,0.12745,149279.7
2026-02-20 21:45:00,0.12716,0.12759,0.12716,0.12741,59083.5
2026-02-20 22:00:00,0.12731,0.12767,0.12715,0.12724,122930.8
2026-02-20 22:15:00,0.12727,0.12761,0.12675,0.12744,127053.4
2026-02-20 22:30:00,0.12746,0.12753,0.12682,0.12703,238449.7
2026-02-20 22:45:00,0.12703,0.12727,0.1269,0.12722,113292.3
2026-02-20 23:00:00,0.12712,0.1274,0.12671,0.1268,140333.2
2026-02-20 23:15:00,0.12681,0.12736,0.12673,0.12736,183622.1
2026-02-20 23:30:00,0.12755,0.1284,0.1272,0.12746,157066.8
2026-02-20 23:45:00,0.12765,0.12861,0.12765,0.12819,197519.6
2026-02-21 00:00:00,0.12828,0.12854,0.12772,0.12826,354229.5
2026-02-21 00:15:00,0.12832,0.12883,0.12719,0.12754,107109.5
2026-02-21 00:30:00,0.12749,0.12765,0.12707,0.12765,78212.0
2026-02-21 00:45:00,0.12768,0.12769,0.1274,0.12757,87233.5
2026-02-21 01:00:00,0.1276,0.12825,0.1276,0.12807,94107.7
2026-02-21 01:15:00,0.12806,0.12866,0.12736,0.12864,63351.7
2026-02-21 01:30:00,0.12869,0.13013,0.12869,0.12974,467574.1
2026-02-21 01:45:00,0.12963,0.12989,0.12898,0.12946,67372.2
2026-02-21 02:00:00,0.12939,0.12993,0.12913,0.1299,19216.6
2026-02-21 02:15:00,0.12984,0.13124,0.12978,0.13098,106900.7
2026-02-21 02:30:00,0.13098,0.1327,0.13098,0.13145,346737.3
2026-02-21 02:45:00,0.13141,0.13177,0.13068,0.13102,194721.5
2026-02-21 03:00:00,0.13116,0.1314,0.13049,0.1305,55103.4
2026-02-21 03:15:00,0.13049,0.13073,0.13018,0.13021,10852.5
2026-02-21 03:30:00,0.1303,0.1303,0.12955,0.12963,40982.6
2026-02-21 03:45:00,0.12969,0.13105,0.12962,0.13101,32007.7
2026-02-21 04:00:00,0.1311,0.13193,0.13053,0.13053,836049.9
2026-02-21 04:15:00,0.13068,0.13108,0.13068,0.13073,213581.2
2026-02-21 04:30:00,0.13078,0.13114,0.13074,0.131,11576.0
2026-02-21 04:45:00,0.13068,0.1314,0.13027,0.131,310979.1
2026-02-21 05:00:00,0.131,0.1321,0.131,0.13195,73438.7
2026-02-21 05:15:00,0.13198,0.1333,0.13154,0.1333,109993.3
2026-02-21 05:30:00,0.13308,0.1335,0.13251,0.13258,103359.5
2026-02-21 05:45:00,0.13231,0.13232,0.13123,0.1314,60595.5
2026-02-21 06:00:00,0.13144,0.13184,0.13135,0.13169,33594.9
2026-02-21 06:15:00,0.13177,0.13218,0.13158,0.13158,25880.4
2026-02-21 06:30:00,0.13152,0.13152,0.13025,0.13058,41660.8
2026-02-21 06:45:00,0.13051,0.13051,0.12981,0.1302,45105.2
2026-02-21 07:00:00,0.13029,0.13029,0.12983,0.13,111672.6
2026-02-21 07:15:00,0.13003,0.13022,0.1299,0.13018,40600.1
2026-02-21 07:30:00,0.13031,0.13184,0.13031,0.13144,180057.1
2026-02-21 07:45:00,0.13157,0.13192,0.1313,0.13171,34995.3
2026-02-21 08:00:00,0.13156,0.13183,0.13127,0.13178,166125.3
2026-02-21 08:15:00,0.1318,0.13194,0.13122,0.13193,4680.7
2026-02-21 08:30:00,0.13178,0.13198,0.13151,0.13193,8034.3
2026-02-21 08:45:00,0.13194,0.13284,0.13185,0.13259,182375.5
2026-02-21 09:00:00,0.13252,0.13454,0.13252,0.13355,88874.2
2026-02-21 09:15:00,0.13355,0.1357,0.13355,0.13453,673818.0
2026-02-21 09:30:00,0.13453,0.13476,0.13353,0.13357,233089.5
2026-02-21 09:45:00,0.13413,0.1343,0.13293,0.13301,71446.3
2026-02-21 10:00:00,0.13305,0.13398,0.13305,0.13381,20144.0
2026-02-21 10:15:00,0.13392,0.13491,0.13355,0.13358,33453.4
2026-02-21 10:30:00,0.13358,0.13533,0.13348,0.13414,33687.3
2026-02-21 10:45:00,0.13393,0.13398,0.13275,0.13301,110142.1
2026-02-21 11:00:00,0.13305,0.13317,0.1325,0.13253,106762.2
2026-02-21 11:15:00,0.13246,0.1332,0.13246,0.13274,116733.2
2026-02-21 11:30:00,0.13284,0.13291,0.13121,0.1314,40659.6
2026-02-21 11:45:00,0.13141,0.1316,0.13099,0.13147,56395.8
2026-02-21 12:00:00,0.13153,0.1318,0.13114,0.13152,87098.9
2026-02-21 12:15:00,0.13179,0.13196,0.1313,0.13154,169261.1
2026-02-21 12:30:00,0.13152,0.13152,0.1301,0.13025,235919.6
2026-02-21 12:45:00,0.13032,0.13054,0.13003,0.13046,100835.7
2026-02-21 13:00:00,0.13043,0.13069,0.13042,0.13042,30901.6
2026-02-21 13:15:00,0.13026,0.13027,0.1299,0.13013,25186.3
2026-02-21 13:30:00,0.13001,0.13017,0.1297,0.12993,17505.0
2026-02-21 13:45:00,0.12989,0.13078,0.12989,0.13074,97221.8
2026-02-21 14:00:00,0.13061,0.13069,0.13023,0.13041,31828.5
2026-02-21 14:15:00,0.13024,0.13119,0.1298,0.1298,38138.3
2026-02-21 14:30:00,0.12986,0.13037,0.12986,0.13013,30037.6
2026-02-21 14:45:00,0.13012,0.13012,0.12868,0.12917,63861.2
2026-02-21 15:00:00,0.12941,0.12944,0.12886,0.12905,86563.5
2026-02-21 15:15:00,0.12899,0.12975,0.12889,0.1292,15763.5
2026-02-21 15:30:00,0.12921,0.13,0.12921,0.12987,85000.1
2026-02-21 15:45:00,0.12974,0.13008,0.12966,0.12999,15231.3
2026-02-21 16:00:00,0.12982,0.13004,0.12897,0.12908,92910.5
2026-02-21 16:15:00,0.12922,0.12951,0.12805,0.12864,795067.2
2026-02-21 16:30:00,0.1286,0.12869,0.12827,0.12866,47645.0
2026-02-21 16:45:00,0.12831,0.12842,0.12768,0.12791,158676.1
2026-02-21 17:00:00,0.12805,0.12847,0.12755,0.12795,154661.4
2026-02-21 17:15:00,0.1278,0.1279,0.12695,0.12751,158544.3
2026-02-21 17:30:00,0.12744,0.12811,0.12741,0.12811,49312.5
2026-02-21 17:45:00,0.12805,0.12827,0.12791,0.12792,45090.5
2026-02-21 18:00:00,0.12828,0.12871,0.12828,0.12848,86996.1
2026-02-21 18:15:00,0.12846,0.12869,0.12825,0.12842,48057.8
2026-02-21 18:30:00,0.1284,0.12927,0.1284,0.12883,67280.8
2026-02-21 18:45:00,0.12883,0.12926,0.12883,0.12925,30811.1
2026-02-21 19:00:00,0.12934,0.12934,0.12879,0.12879,190075.3
2026-02-21 19:15:00,0.12878,0.12885,0.12843,0.12885,28212.2
2026-02-21 19:30:00,0.1288,0.12882,0.1284,0.1284,46233.8
2026-02-21 19:45:00,0.12847,0.12847,0.12802,0.1283,27649.7
2026-02-21 20:00:00,0.1283,0.12831,0.12788,0.12788,11962.5
2026-02-21 20:15:00,0.1279,0.12822,0.1279,0.12816,5357.6
2026-02-21 20:30:00,0.12807,0.12817,0.12778,0.12788,16333.1
2026-02-21 20:45:00,0.12806,0.12811,0.12759,0.12759,10569.6
2026-02-21 21:00:00,0.12759,0.12811,0.12749,0.12811,21606.2
2026-02-21 21:15:00,0.12794,0.12888,0.12792,0.12865,43307.2
2026-02-21 21:30:00,0.12883,0.12895,0.1286,0.1286,12676.4
2026-02-21 21:45:00,0.12864,0.12932,0.1286,0.12908,106527.2
2026-02-21 22:00:00,0.1291,0.12949,0.12854,0.12872,96905.1
2026-02-21 22:15:00,0.12875,0.12879,0.12817,0.12817,9861.2
2026-02-21 22:30:00,0.12815,0.12827,0.12756,0.12776,65203.9
2026-02-21 22:45:00,0.12785,0.12822,0.12785,0.12822,29720.6
2026-02-21 23:00:00,0.12829,0.12847,0.12801,0.12816,27024.0
2026-02-21 23:15:00,0.12807,0.12886,0.12804,0.12884,58717.9
2026-02-21 23:30:00,0.12868,0.12906,0.12863,0.12864,19207.4
2026-02-21 23:45:00,0.12856,0.12863,0.12816,0.12839,85242.3
2026-02-22 00:00:00,0.12826,0.12827,0.12523,0.12671,627969.4
2026-02-22 00:15:00,0.12666,0.12708,0.12613,0.12613,85886.7
2026-02-22 00:30:00,0.12605,0.12621,0.12317,0.12419,606292.5
2026-02-22 00:45:00,0.1241,0.12585,0.12409,0.12585,282156.0
2026-02-22 01:00:00,0.12582,0.12628,0.12548,0.12613,221046.3
2026-02-22 01:15:00,0.12605,0.12605,0.12571,0.12584,22548.7
2026-02-22 01:30:00,0.12592,0.12594,0.12546,0.12546,34282.6
2026-02-22 01:45:00,0.12554,0.12636,0.12546,0.12588,37367.7
2026-02-22 02:00:00,0.12603,0.12662,0.12586,0.12609,31051.9
2026-02-22 02:15:00,0.12607,0.12611,0.12499,0.12499,52874.7
2026-02-22 02:30:00,0.1249,0.1253,0.12463,0.12496,20646.7
2026-02-22 02:45:00,0.12496,0.1254,0.12474,0.12514,51132.2
2026-02-22 03:00:00,0.12531,0.12567,0.12531,0.12548,42831.5
2026-02-22 03:15:00,0.12548,0.12548,0.12473,0.12498,10194.8
2026-02-22 03:30:00,0.12489,0.12547,0.12482,0.12518,12748.5
2026-02-22 03:45:00,0.1251,0.12525,0.12485,0.12485,12541.6
2026-02-22 04:00:00,0.12488,0.12547,0.12488,0.12547,16700.0
2026-02-22 04:15:00,0.12541,0.12542,0.12519,0.1253,3147.3
2026-02-22 04:30:00,0.12518,0.12557,0.12514,0.12519,10517.5
2026-02-22 04:45:00,0.12519,0.12524,0.12472,0.12489,5321.3
2026-02-22 05:00:00,0.12481,0.12512,0.1248,0.12483,18495.7
2026-02-22 05:15:00,0.12483,0.12493,0.12425,0.1248,25277.9
2026-02-22 05:30:00,0.12485,0.12527,0.1247,0.12517,4021.5
2026-02-22 05:45:00,0.12526,0.12541,0.12502,0.12541,8181.3
2026-02-22 06:00:00,0.12536,0.12573,0.12504,0.12504,15637.8
2026-02-22 06:15:00,0.12503,0.12565,0.12499,0.12533,17098.8
2026-02-22 06:30:00,0.12528,0.12564,0.12528,0.12561,27553.2
2026-02-22 06:45:00,0.12566,0.12574,0.12533,0.12539,97029.1
2026-02-22 07:00:00,0.12548,0.12548,0.12497,0.12526,218194.3
2026-02-22 07:15:00,0.12532,0.12602,0.12532,0.12579,109238.5
2026-02-22 07:30:00,0.12583,0.12615,0.12551,0.12555,3532.9
2026-02-22 07:45:00,0.12551,0.12551,0.12462,0.12473,11447.0
2026-02-22 08:00:00,0.12473,0.12528,0.12437,0.12528,86108.5
2026-02-22 08:15:00,0.12529,0.12554,0.12468,0.12487,63740.9
2026-02-22 08:30:00,0.12485,0.12511,0.12464,0.12497,12304.6
2026-02-22 08:45:00,0.12496,0.12498,0.12353,0.1242,33118.2
2026-02-22 09:00:00,0.12433,0.12515,0.12426,0.12507,51408.6
2026-02-22 09:15:00,0.12516,0.12546,0.12514,0.12537,4661.3
2026-02-22 09:30:00,0.12535,0.1254,0.12484,0.12501,10128.3
2026-02-22 09:45:00,0.12499,0.12499,0.12463,0.12489,2860.4
2026-02-22 10:00:00,0.12497,0.12528,0.12486,0.12513,92705.1
2026-02-22 10:15:00,0.12517,0.12526,0.12497,0.12497,11889.6
2026-02-22 10:30:00,0.12497,0.12513,0.12473,0.12478,33120.9
2026-02-22 10:45:00,0.12478,0.12478,0.12456,0.12473,89614.0
2026-02-22 11:00:00,0.12474,0.1251,0.12472,0.12505,26632.7
2026-02-22 11:15:00,0.12507,0.12511,0.12447,0.1245,240989.8
2026-02-22 11:30:00,0.12448,0.12448,0.12393,0.124,120178.3
2026-02-22 11:45:00,0.124,0.12422,0.12369,0.12401,326960.8
2026-02-22 12:00:00,0.12391,0.12417,0.12222,0.12265,332419.1
2026-02-22 12:15:00,0.12243,0.12287,0.12243,0.12267,222055.6
2026-02-22 12:30:00,0.12271,0.12273,0.12177,0.12197,471072.7
2026-02-22 12:45:00,0.12197,0.12216,0.12148,0.12148,120852.9
2026-02-22 13:00:00,0.12151,0.12203,0.12092,0.12143,554137.1
2026-02-22 13:15:00,0.12146,0.12227,0.12146,0.12215,84862.5
2026-02-22 13:30:00,0.12213,0.12246,0.1218,0.1218,302710.4
2026-02-22 13:45:00,0.1218,0.12208,0.12171,0.12192,24790.3
2026-02-22 14:00:00,0.12212,0.12268,0.12212,0.1224,37648.5
2026-02-22 14:15:00,0.12243,0.12324,0.12202,0.12246,76270.0
2026-02-22 14:30:00,0.12245,0.12279,0.12232,0.12236,91248.6
2026-02-22 14:45:00,0.12234,0.12235,0.12169,0.1218,61788.2
2026-02-22 15:00:00,0.12173,0.12207,0.12141,0.12172,40040.5
2026-02-22 15:15:00,0.12172,0.12199,0.12141,0.12195,65015.7
2026-02-22 15:30:00,0.12196,0.12351,0.12193,0.12349,154037.8
2026-02-22 15:45:00,0.12347,0.12369,0.12338,0.1235,66820.6
2026-02-22 16:00:00,0.12357,0.12366,0.12289,0.12289,238165.3
2026-02-22 16:15:00,0.12297,0.12368,0.12286,0.12328,29710.0
2026-02-22 16:30:00,0.12316,0.12414,0.12306,0.12373,56420.4
2026-02-22 16:45:00,0.12373,0.12503,0.12373,0.12492,23515.2
2026-02-22 17:00:00,0.12492,0.12506,0.12431,0.12434,93001.2
2026-02-22 17:15:00,0.12453,0.12471,0.1244,0.1245,92932.2
2026-02-22 17:30:00,0.12434,0.12452,0.1232,0.12443,45350.9
2026-02-22 17:45:00,0.12443,0.12521,0.12434,0.1248,301467.4
2026-02-22 18:00:00,0.1249,0.12492,0.12402,0.12402,146033.5
2026-02-22 18:15:00,0.12402,0.12412,0.12352,0.12355,36599.4
2026-02-22 18:30:00,0.12357,0.12367,0.12312,0.12313,16026.5
2026-02-22 18:45:00,0.1232,0.1237,0.1232,0.12355,182383.5
2026-02-22 19:00:00,0.12364,0.1239,0.12257,0.12274,55959.4
2026-02-22 19:15:00,0.12274,0.12286,0.12254,0.12272,22691.6
2026-02-22 19:30:00,0.12263,0.12274,0.12242,0.12274,19506.9
2026-02-22 19:45:00,0.12274,0.12301,0.12272,0.12286,29159.6
2026-02-22 20:00:00,0.12289,0.12291,0.12213,0.12224,48772.5
2026-02-22 20:15:00,0.12224,0.12236,0.1221,0.1222,198518.7
2026-02-22 20:30:00,0.1222,0.1223,0.12199,0.12208,74094.1
2026-02-22 20:45:00,0.12208,0.12212,0.12127,0.12158,49003.8
2026-02-22 21:00:00,0.12167,0.12202,0.1215,0.1216,129682.8
2026-02-22 21:15:00,0.1216,0.12195,0.12046,0.12068,29953.3
2026-02-22 21:30:00,0.12069,0.12227,0.12069,0.12173,2054310.1
2026-02-22 21:45:00,0.12185,0.1222,0.12159,0.12168,1010642.9
2026-02-22 22:00:00,0.1217,0.12208,0.1217,0.12182,837386.9
2026-02-22 22:15:00,0.12183,0.12233,0.1217,0.1217,279106.1
2026-02-22 22:30:00,0.12162,0.12189,0.12146,0.12178,312420.1
2026-02-22 22:45:00,0.12178,0.1221,0.12169,0.1218,61075.0
2026-02-22 23:00:00,0.12191,0.12251,0.1219,0.12231,22452.9
2026-02-22 23:15:00,0.12232,0.12263,0.12198,0.12228,117723.8
2026-02-22 23:30:00,0.12228,0.12228,0.12172,0.12178,39780.6
2026-02-22 23:45:00,0.1218,0.12275,0.12176,0.12219,280211.0
2026-02-23 00:00:00,0.12225,0.12292,0.12193,0.12204,367828.3
2026-02-23 00:15:00,0.12204,0.12204,0.12142,0.1218,75368.2
2026-02-23 00:30:00,0.12171,0.12171,0.1206,0.12143,100606.4
2026-02-23 00:45:00,0.12151,0.12187,0.12055,0.12057,70688.2
2026-02-23 01:00:00,0.12063,0.12072,0.11605,0.11701,2205143.8
2026-02-23 01:15:00,0.11691,0.11693,0.1147,0.11549,985967.8
2026-02-23 01:30:00,0.11519,0.11622,0.11503,0.11599,201862.1
2026-02-23 01:45:00,0.11578,0.11612,0.11433,0.11508,686798.9
2026-02-23 02:00:00,0.11516,0.11615,0.1149,0.11573,2717068.7
2026-02-23 02:15:00,0.11587,0.11595,0.11522,0.11542,185763.6
2026-02-23 02:30:00,0.11542,0.11598,0.11518,0.11574,178076.3
2026-02-23 02:45:00,0.11586,0.11593,0.11518,0.11547,83265.1
2026-02-23 03:00:00,0.11558,0.11611,0.11546,0.11586,122069.1
2026-02-23 03:15:00,0.11586,0.11588,0.11513,0.11514,148662.5
2026-02-23 03:30:00,0.11518,0.11575,0.11465,0.11572,226960.8
2026-02-23 03:45:00,0.11586,0.11586,0.11523,0.11536,458235.2
2026-02-23 04:00:00,0.11538,0.11578,0.11487,0.11535,165640.5
2026-02-23 04:15:00,0.11536,0.11587,0.11504,0.11547,104282.9
2026-02-23 04:30:00,0.11536,0.11541,0.11481,0.11484,54364.4
2026-02-23 04:45:00,0.11477,0.11656,0.11474,0.11642,204621.0
2026-02-23 05:00:00,0.1164,0.11731,0.11621,0.11683,256962.2
2026-02-23 05:15:00,0.1169,0.1178,0.11664,0.11704,137528.6
2026-02-23 05:30:00,0.1173,0.11748,0.11701,0.11713,30689.6
2026-02-23 05:45:00,0.11717,0.11735,0.11696,0.11735,56938.8
2026-02-23 06:00:00,0.11743,0.12067,0.11743,0.12058,313591.0
2026-02-23 06:15:00,0.1206,0.12124,0.12039,0.1208,413196.4
2026-02-23 06:30:00,0.1209,0.12129,0.12076,0.12104,68965.3
2026-02-23 06:45:00,0.12106,0.12185,0.12106,0.12166,38646.0
2026-02-23 07:00:00,0.12138,0.12142,0.12068,0.12105,388335.5
2026-02-23 07:15:00,0.12112,0.12132,0.12068,0.12097,121061.0
2026-02-23 07:30:00,0.12093,0.12169,0.12093,0.12137,107751.0
2026-02-23 07:45:00,0.12125,0.1215,0.12099,0.12099,12688.1
2026-02-23 08:00:00,0.12096,0.12116,0.12072,0.12096,1257808.0
2026-02-23 08:15:00,0.12106,0.12352,0.12102,0.1229,1881523.3
2026-02-23 08:30:00,0.12273,0.12314,0.12153,0.12235,89946.0
2026-02-23 08:45:00,0.12229,0.12262,0.12201,0.12261,72527.2
2026-02-23 09:00:00,0.12264,0.12355,0.12264,0.12282,245276.9
2026-02-23 09:15:00,0.12302,0.12325,0.12244,0.1232,209726.9
2026-02-23 09:30:00,0.12322,0.12647,0.12303,0.12453,321292.3
2026-02-23 09:45:00,0.12465,0.12549,0.12442,0.12543,160689.5
2026-02-23 10:00:00,0.1255,0.12579,0.12478,0.12485,261517.2
2026-02-23 10:15:00,0.12478,0.12509,0.12407,0.12407,340709.1
2026-02-23 10:30:00,0.12408,0.12413,0.12355,0.12385,373506.1
2026-02-23 10:45:00,0.12386,0.124,0.12357,0.12393,41886.3
2026-02-23 11:00:00,0.12392,0.12431,0.12359,0.12419,67413.4
2026-02-23 11:15:00,0.12416,0.12423,0.1238,0.12394,32640.4
2026-02-23 11:30:00,0.12398,0.124,0.12344,0.12354,54724.9
2026-02-23 11:45:00,0.12355,0.12452,0.12347,0.12447,90114.1
2026-02-23 12:00:00,0.1244,0.12494,0.12382,0.12462,33582.3
2026-02-23 12:15:00,0.12468,0.12468,0.12409,0.12437,127308.1
2026-02-23 12:30:00,0.12437,0.12586,0.12403,0.12574,282937.6
2026-02-23 12:45:00,0.12574,0.12574,0.12479,0.12492,19004.1
2026-02-23 13:00:00,0.12502,0.12502,0.12408,0.12412,203500.0
2026-02-23 13:15:00,0.12408,0.12413,0.12366,0.12371,109641.7
2026-02-23 13:30:00,0.12369,0.12369,0.12287,0.12317,104343.6
2026-02-23 13:45:00,0.12315,0.12316,0.12254,0.12273,459389.0
2026-02-23 14:00:00,0.12273,0.12297,0.12241,0.12287,93655.0
2026-02-23 14:15:00,0.12288,0.12288,0.12177,0.12194,182273.6
2026-02-23 14:30:00,0.12195,0.12292,0.12195,0.12288,430062.4
2026-02-23 14:45:00,0.12287,0.12328,0.12222,0.12261,412041.1
2026-02-23 15:00:00,0.12275,0.12275,0.12185,0.12223,508921.3
2026-02-23 15:15:00,0.12219,0.12264,0.12183,0.12198,163621.0
2026-02-23 15:30:00,0.1219,0.12206,0.12137,0.12183,168575.2
2026-02-23 15:45:00,0.12186,0.12191,0.12097,0.12104,248026.1
2026-02-23 16:00:00,0.12104,0.12127,0.12061,0.12079,103343.7
2026-02-23 16:15:00,0.1209,0.12246,0.1209,0.12214,173709.2
2026-02-23 16:30:00,0.12202,0.12207,0.12134,0.12153,12929.0
2026-02-23 16:45:00,0.12142,0.12142,0.12093,0.12103,9824.2
2026-02-23 17:00:00,0.12112,0.12112,0.11961,0.11961,563012.3
2026-02-23 17:15:00,0.11963,0.11977,0.11864,0.11873,305297.1
2026-02-23 17:30:00,0.11855,0.11921,0.11831,0.11875,150492.6
2026-02-23 17:45:00,0.11884,0.11919,0.11797,0.11912,121838.6
2026-02-23 18:00:00,0.11926,0.11944,0.11884,0.11894,112929.0
2026-02-23 18:15:00,0.11883,0.1189,0.11844,0.11883,56646.8
2026-02-23 18:30:00,0.11884,0.1195,0.11863,0.11875,233911.8
2026-02-23 18:45:00,0.11871,0.11871,0.11717,0.11732,3608582.9
2026-02-23 19:00:00,0.11738,0.11788,0.11709,0.11709,1234866.7
2026-02-23 19:15:00,0.11716,0.11761,0.11711,0.11724,304526.2
2026-02-23 19:30:00,0.11724,0.11754,0.11674,0.11714,547584.7
2026-02-23 19:45:00,0.11722,0.1174,0.11652,0.11702,425011.7
2026-02-23 20:00:00,0.11685,0.11705,0.11634,0.11665,317370.4
2026-02-23 20:15:00,0.11656,0.11709,0.11643,0.11666,806390.8
2026-02-23 20:30:00,0.11667,0.11758,0.11657,0.1174,577383.1
2026-02-23 20:45:00,0.11746,0.11831,0.11739,0.11818,343477.9
2026-02-23 21:00:00,0.11833,0.11939,0.11825,0.11939,689038.1
2026-02-23 21:15:00,0.11932,0.11974,0.11905,0.11949,187822.7
2026-02-23 21:30:00,0.11976,0.12042,0.11915,0.11975,100898.0
2026-02-23 21:45:00,0.11986,0.12023,0.11985,0.12023,91456.0
2026-02-23 22:00:00,0.12025,0.1215,0.12009,0.12106,129924.5
2026-02-23 22:15:00,0.12115,0.12147,0.12095,0.12105,110835.5
2026-02-23 22:30:00,0.12118,0.12134,0.12099,0.12106,98869.4
2026-02-23 22:45:00,0.12107,0.12124,0.12055,0.12078,139399.6
2026-02-23 23:00:00,0.12076,0.1213,0.12074,0.12103,136693.3
2026-02-23 23:15:00,0.12119,0.12163,0.12104,0.12138,69319.4
2026-02-23 23:30:00,0.12143,0.12161,0.12111,0.12111,45635.0
2026-02-23 23:45:00,0.12121,0.1217,0.12121,0.12168,109651.9
2026-02-24 00:00:00,0.1217,0.12237,0.11996,0.12048,1812174.7
2026-02-24 00:15:00,0.12058,0.12118,0.12058,0.12086,272801.5
2026-02-24 00:30:00,0.12086,0.12179,0.12055,0.12153,62868.6
2026-02-24 00:45:00,0.12155,0.12207,0.12151,0.12176,83027.3
2026-02-24 01:00:00,0.12175,0.12175,0.12022,0.12034,71015.8
2026-02-24 01:15:00,0.12042,0.12124,0.11867,0.12089,310950.0
2026-02-24 01:30:00,0.12079,0.12116,0.12038,0.12061,208869.5
2026-02-24 01:45:00,0.12062,0.12078,0.12008,0.1202,73827.5
2026-02-24 02:00:00,0.12013,0.1203,0.11971,0.1198,76318.6
2026-02-24 02:15:00,0.11984,0.12015,0.11939,0.12009,41538.7
2026-02-24 02:30:00,0.12011,0.12029,0.11948,0.11952,80659.2
2026-02-24 02:45:00,0.11953,0.11953,0.1188,0.11889,95199.7
2026-02-24 03:00:00,0.11881,0.11886,0.11812,0.11839,152399.3
2026-02-24 03:15:00,0.11842,0.11868,0.11802,0.11823,60129.8
2026-02-24 03:30:00,0.11818,0.11852,0.11803,0.1181,116106.7
2026-02-24 03:45:00,0.11814,0.11854,0.118,0.11831,142237.5
2026-02-24 04:00:00,0.11832,0.11868,0.11742,0.11742,49479.1
2026-02-24 04:15:00,0.11746,0.1184,0.11704,0.11801,238932.0
2026-02-24 04:30:00,0.11795,0.11795,0.11738,0.1177,69324.7
2026-02-24 04:45:00,0.1177,0.11773,0.11727,0.11752,129635.1
2026-02-24 05:00:00,0.11751,0.11817,0.11744,0.11751,292347.0
2026-02-24 05:15:00,0.11752,0.11752,0.11606,0.11657,525154.0
2026-02-24 05:30:00,0.11651,0.11681,0.11621,0.11637,232331.6
2026-02-24 05:45:00,0.11636,0.11689,0.1163,0.11689,119238.5
2026-02-24 06:00:00,0.11689,0.11691,0.11649,0.11669,168170.8
2026-02-24 06:15:00,0.1167,0.117,0.11642,0.11649,16257.6
2026-02-24 06:30:00,0.11648,0.11651,0.11613,0.11636,45976.9
2026-02-24 06:45:00,0.11631,0.11633,0.11538,0.11566,80062.6
2026-02-24 07:00:00,0.11567,0.1171,0.11567,0.11685,441824.8
2026-02-24 07:15:00,0.11685,0.11705,0.11652,0.11698,39121.9
2026-02-24 07:30:00,0.11699,0.11699,0.11653,0.11659,160365.4
2026-02-24 07:45:00,0.1166,0.11689,0.11653,0.11671,68615.3
2026-02-24 08:00:00,0.11674,0.11674,0.11524,0.11538,212440.3
2026-02-24 08:15:00,0.11538,0.11567,0.11506,0.11545,44388.7
2026-02-24 08:30:00,0.11543,0.11613,0.1154,0.11575,211385.5
2026-02-24 08:45:00,0.11585,0.11618,0.11575,0.11601,185298.3
2026-02-24 09:00:00,0.11601,0.11628,0.11589,0.11591,115269.0
2026-02-24 09:15:00,0.11598,0.11614,0.11571,0.11571,21112.6
2026-02-24 09:30:00,0.11561,0.11639,0.11531,0.11636,114191.3
2026-02-24 09:45:00,0.11634,0.11646,0.11596,0.11604,155129.0
2026-02-24 10:00:00,0.116,0.11626,0.11591,0.11607,274010.0
2026-02-24 10:15:00,0.11607,0.11713,0.11597,0.1168,127171.0
2026-02-24 10:30:00,0.11689,0.11719,0.1168,0.117,51639.3
2026-02-24 10:45:00,0.11704,0.11717,0.11675,0.11681,23605.9
2026-02-24 11:00:00,0.11681,0.11689,0.11669,0.11681,32705.2
2026-02-24 11:15:00,0.11681,0.11742,0.11679,0.11718,23989.9
2026-02-24 11:30:00,0.11716,0.11716,0.11675,0.11678,33785.0
2026-02-24 11:45:00,0.11678,0.11744,0.11668,0.11744,92865.4
2026-02-24 12:00:00,0.11734,0.11758,0.11699,0.11713,179685.3
2026-02-24 12:15:00,0.11706,0.11719,0.11686,0.11719,24474.9
2026-02-24 12:30:00,0.11719,0.11737,0.11646,0.11646,28636.4
2026-02-24 12:45:00,0.11646,0.11679,0.11639,0.11679,43111.4
2026-02-24 13:00:00,0.11686,0.11686,0.11623,0.11628,120828.4
2026-02-24 13:15:00,0.11614,0.1163,0.11468,0.1148,487878.3
2026-02-24 13:30:00,0.1148,0.11611,0.11466,0.11588,593085.4
2026-02-24 13:45:00,0.11578,0.11592,0.11551,0.1156,385770.5
2026-02-24 14:00:00,0.1156,0.1156,0.11475,0.11482,453222.3
2026-02-24 14:15:00,0.11483,0.11506,0.11441,0.11473,53351.8
2026-02-24 14:30:00,0.11472,0.11614,0.11417,0.11558,627579.5
2026-02-24 14:45:00,0.11559,0.11709,0.11515,0.11652,400786.7
2026-02-24 15:00:00,0.11643,0.11739,0.11597,0.11654,215184.3
2026-02-24 15:15:00,0.11654,0.11734,0.1164,0.11688,260322.5
2026-02-24 15:30:00,0.11692,0.11692,0.11566,0.11585,106099.6
2026-02-24 15:45:00,0.11584,0.11827,0.11583,0.11788,5574077.9
2026-02-24 16:00:00,0.11746,0.1184,0.11652,0.11765,1606196.8
2026-02-24 16:15:00,0.11763,0.11777,0.11691,0.11714,300343.2
2026-02-24 16:30:00,0.11711,0.11817,0.11644,0.11788,123297.6
2026-02-24 16:45:00,0.11796,0.11866,0.11708,0.11866,81796.5
2026-02-24 17:00:00,0.11858,0.1188,0.11812,0.11854,216039.5
2026-02-24 17:15:00,0.11843,0.11858,0.11825,0.11828,173229.5
2026-02-24 17:30:00,0.11833,0.1186,0.1178,0.11795,227364.5
2026-02-24 17:45:00,0.11794,0.11794,0.11755,0.11755,137251.4
2026-02-24 18:00:00,0.1175,0.11764,0.11628,0.11628,161556.0
2026-02-24 18:15:00,0.11618,0.11696,0.11598,0.1166,32102.6
2026-02-24 18:30:00,0.1166,0.11673,0.11631,0.11639,227961.1
2026-02-24 18:45:00,0.11647,0.11664,0.11642,0.11646,79041.2
2026-02-24 19:00:00,0.11656,0.11756,0.11651,0.11675,68507.8
2026-02-24 19:15:00,0.11666,0.11701,0.11644,0.11677,46272.7
2026-02-24 19:30:00,0.11682,0.11774,0.11665,0.11759,62394.6
2026-02-24 19:45:00,0.11759,0.11792,0.11693,0.11694,68318.2
2026-02-24 20:00:00,0.11703,0.11715,0.11659,0.11701,67901.0
2026-02-24 20:15:00,0.11686,0.11775,0.11686,0.1176,76713.1
2026-02-24 20:30:00,0.1176,0.11778,0.11745,0.11763,66049.6
2026-02-24 20:45:00,0.11772,0.11772,0.11714,0.1173,13484.1
2026-02-24 21:00:00,0.11736,0.11736,0.11644,0.11669,148791.3
2026-02-24 21:15:00,0.11667,0.11687,0.11627,0.11682,27831.3
2026-02-24 21:30:00,0.1169,0.11732,0.11677,0.11732,33318.6
2026-02-24 21:45:00,0.11736,0.11772,0.11724,0.11742,29139.9
2026-02-24 22:00:00,0.11741,0.11865,0.11739,0.11858,102706.2
2026-02-24 22:15:00,0.11848,0.11848,0.11788,0.11799,61079.5
2026-02-24 22:30:00,0.11785,0.11792,0.11758,0.11781,185261.8
2026-02-24 22:45:00,0.11778,0.11791,0.11764,0.11785,8175.7
2026-02-24 23:00:00,0.11787,0.11849,0.11768,0.11795,30669.4
2026-02-24 23:15:00,0.11795,0.11848,0.11783,0.11848,14370.2
2026-02-24 23:30:00,0.11853,0.11886,0.1183,0.11843,6159.1
2026-02-24 23:45:00,0.11845,0.11845,0.11772,0.11772,14009.3
2026-02-25 00:00:00,0.11755,0.11807,0.11745,0.1178,146321.5
2026-02-25 00:15:00,0.1177,0.11799,0.11729,0.11777,39193.6
2026-02-25 00:30:00,0.11789,0.11809,0.11775,0.11802,77364.6
2026-02-25 00:45:00,0.11826,0.11826,0.11768,0.11769,21693.1
2026-02-25 01:00:00,0.11771,0.12117,0.11758,0.12087,197658.0
2026-02-25 01:15:00,0.12092,0.12288,0.12036,0.12182,718201.8
2026-02-25 01:30:00,0.12171,0.12188,0.1209,0.1209,95056.4
2026-02-25 01:45:00,0.12095,0.12103,0.12051,0.12066,45831.2
2026-02-25 02:00:00,0.12066,0.1218,0.12063,0.12132,357045.3
2026-02-25 02:15:00,0.12096,0.12096,0.1203,0.12083,96875.0
2026-02-25 02:30:00,0.12096,0.12096,0.11959,0.11977,51911.4
2026-02-25 02:45:00,0.1198,0.11995,0.11964,0.1197,213154.7
2026-02-25 03:00:00,0.1197,0.11978,0.11843,0.11895,350110.6
2026-02-25 03:15:00,0.11875,0.11875,0.11763,0.11786,326702.1
2026-02-25 03:30:00,0.11786,0.11831,0.11774,0.11816,42899.3
2026-02-25 03:45:00,0.11797,0.1182,0.11758,0.1176,74994.0
2026-02-25 04:00:00,0.11766,0.11789,0.11665,0.11727,41485.1
2026-02-25 04:15:00,0.11722,0.11736,0.11693,0.117,15517.6
2026-02-25 04:30:00,0.11697,0.11764,0.11686,0.11759,14190.3
2026-02-25 04:45:00,0.11758,0.11772,0.11715,0.11734,565881.1
2026-02-25 05:00:00,0.11736,0.11807,0.1172,0.11801,37137.3
2026-02-25 05:15:00,0.11768,0.11778,0.11718,0.11723,33824.7
2026-02-25 05:30:00,0.11749,0.1175,0.11644,0.1169,11091.7
2026-02-25 05:45:00,0.11687,0.11745,0.11685,0.1174,56551.0
2026-02-25 06:00:00,0.11739,0.1185,0.11739,0.11825,38438.1
2026-02-25 06:15:00,0.11847,0.11893,0.1179,0.11877,61676.6
2026-02-25 06:30:00,0.11862,0.11977,0.1186,0.11949,72422.8
2026-02-25 06:45:00,0.11947,0.11947,0.11835,0.11862,69350.4
2026-02-25 07:00:00,0.11855,0.11875,0.11763,0.11777,16646.6
2026-02-25 07:15:00,0.11759,0.11796,0.11741,0.1176,29697.4
2026-02-25 07:30:00,0.11751,0.118,0.11751,0.11781,65477.2
2026-02-25 07:45:00,0.11782,0.11811,0.11776,0.11811,35776.5
2026-02-25 08:00:00,0.11807,0.11819,0.11759,0.11768,59852.2
2026-02-25 08:15:00,0.11756,0.11813,0.11667,0.11756,29245.1
2026-02-25 08:30:00,0.11738,0.11788,0.1172,0.11755,26182.5
2026-02-25 08:45:00,0.11765,0.11812,0.11765,0.11771,36348.7
2026-02-25 09:00:00,0.1177,0.11816,0.11738,0.11813,15953.7
2026-02-25 09:15:00,0.11802,0.11838,0.11802,0.11819,10852.9
2026-02-25 09:30:00,0.11812,0.11812,0.11745,0.11747,50292.9
2026-02-25 09:45:00,0.11749,0.11786,0.11749,0.11786,5182.6
2026-02-25 10:00:00,0.11787,0.11866,0.11787,0.11858,91401.8
2026-02-25 10:15:00,0.1184,0.11867,0.11822,0.11861,19879.7
2026-02-25 10:30:00,0.11873,0.11902,0.11839,0.11843,458066.2
2026-02-25 10:45:00,0.11838,0.11873,0.11834,0.11873,21612.8
2026-02-25 11:00:00,0.11863,0.11863,0.11797,0.11797,57170.7
2026-02-25 11:15:00,0.11787,0.11939,0.11779,0.11921,154231.5
2026-02-25 11:30:00,0.11896,0.11955,0.1189,0.11901,81828.8
2026-02-25 11:45:00,0.11916,0.11935,0.11906,0.11925,140307.3
2026-02-25 12:00:00,0.11914,0.11926,0.11878,0.11906,64614.5
2026-02-25 12:15:00,0.11901,0.11969,0.11875,0.11962,66066.9
2026-02-25 12:30:00,0.11962,0.11993,0.11906,0.11946,7947.5
2026-02-25 12:45:00,0.11961,0.12023,0.11961,0.12001,29266.0
2026-02-25 13:00:00,0.12003,0.12021,0.11956,0.11956,46858.9
2026-02-25 13:15:00,0.11941,0.12051,0.11923,0.12042,56532.1
2026-02-25 13:30:00,0.12044,0.12108,0.12009,0.1204,339234.9
2026-02-25 13:45:00,0.1205,0.12103,0.12006,0.12006,199027.3
2026-02-25 14:00:00,0.12008,0.12096,0.12008,0.12089,70708.6
2026-02-25 14:15:00,0.12088,0.12112,0.12065,0.12098,62675.5
2026-02-25 14:30:00,0.12076,0.12167,0.12065,0.12126,184585.1
2026-02-25 14:45:00,0.12138,0.12285,0.12138,0.12228,253387.2
2026-02-25 15:00:00,0.12251,0.12281,0.12166,0.12245,283524.5
2026-02-25 15:15:00,0.1224,0.1237,0.12227,0.12291,487499.9
2026-02-25 15:30:00,0.12272,0.1238,0.12264,0.1238,36050.1
2026-02-25 15:45:00,0.12385,0.12452,0.12278,0.12312,754094.9
2026-02-25 16:00:00,0.12333,0.1246,0.12322,0.12407,84433.1
2026-02-25 16:15:00,0.12376,0.12528,0.12353,0.12498,341634.3
2026-02-25 16:30:00,0.12488,0.12547,0.12458,0.12501,15336.5
2026-02-25 16:45:00,0.12499,0.12598,0.12499,0.12587,39224.9
2026-02-25 17:00:00,0.12565,0.12647,0.1255,0.12564,70933.6
2026-02-25 17:15:00,0.12565,0.12673,0.1256,0.12657,149822.7
2026-02-25 17:30:00,0.12649,0.12666,0.12579,0.12595,104455.7
2026-02-25 17:45:00,0.12604,0.12645,0.12585,0.12618,30309.1
2026-02-25 18:00:00,0.1264,0.12648,0.12476,0.12608,212046.6
2026-02-25 18:15:00,0.12614,0.12756,0.12612,0.12756,130557.3
2026-02-25 18:30:00,0.12727,0.12743,0.12689,0.12714,315785.5
2026-02-25 18:45:00,0.1271,0.12714,0.1266,0.12706,154362.0
2026-02-25 19:00:00,0.12673,0.12673,0.12577,0.12619,249140.7
2026-02-25 19:15:00,0.12627,0.1276,0.12627,0.12729,109209.5
2026-02-25 19:30:00,0.12714,0.12818,0.12682,0.12818,96858.0
2026-02-25 19:45:00,0.12816,0.12933,0.12808,0.1286,129813.0
2026-02-25 20:00:00,0.12877,0.12896,0.12821,0.12823,52392.0
2026-02-25 20:15:00,0.12822,0.12851,0.1276,0.12845,24007.0
2026-02-25 20:30:00,0.12836,0.13015,0.12836,0.13012,328462.9
2026-02-25 20:45:00,0.1302,0.1304,0.12935,0.12983,90380.1
2026-02-25 21:00:00,0.12984,0.1302,0.12936,0.12953,60592.2
2026-02-25 21:15:00,0.12965,0.13183,0.12934,0.12984,193663.7
2026-02-25 21:30:00,0.12953,0.133,0.12953,0.13211,205835.2
2026-02-25 21:45:00,0.13247,0.13341,0.13043,0.13084,273537.8
2026-02-25 22:00:00,0.1315,0.13154,0.12947,0.1302,59403.6
2026-02-25 22:15:00,0.13023,0.13024,0.1287,0.1287,75177.1
2026-02-25 22:30:00,0.12871,0.12901,0.12703,0.12768,87967.1
2026-02-25 22:45:00,0.12738,0.12801,0.12644,0.12729,39063.6
2026-02-25 23:00:00,0.12732,0.12811,0.12656,0.12763,40286.3
2026-02-25 23:15:00,0.12761,0.12761,0.12554,0.12562,89745.2
2026-02-25 23:30:00,0.1254,0.1255,0.12303,0.12319,1078244.2
2026-02-25 23:45:00,0.12336,0.12411,0.12278,0.12403,435935.9
2026-02-26 00:00:00,0.12401,0.12424,0.12326,0.1239,413434.1
2026-02-26 00:15:00,0.12392,0.12435,0.12366,0.12407,236373.5
2026-02-26 00:30:00,0.12376,0.12441,0.12264,0.12364,102120.3
2026-02-26 00:45:00,0.12353,0.12461,0.12343,0.12452,60090.6
2026-02-26 01:00:00,0.12435,0.12545,0.12418,0.12506,116239.5
2026-02-26 01:15:00,0.12497,0.12585,0.1247,0.12509,25744.0
2026-02-26 01:30:00,0.12506,0.12542,0.12493,0.12497,41188.7
2026-02-26 01:45:00,0.1247,0.12502,0.12421,0.12421,293427.4
2026-02-26 02:00:00,0.12418,0.12418,0.12289,0.12324,492673.5
2026-02-26 02:15:00,0.12334,0.12429,0.12331,0.12414,112109.8
2026-02-26 02:30:00,0.12421,0.12546,0.12421,0.12488,69114.7
2026-02-26 02:45:00,0.12496,0.12537,0.12448,0.12517,15921.5
2026-02-26 03:00:00,0.12499,0.12515,0.12437,0.12449,51507.9
2026-02-26 03:15:00,0.12447,0.12467,0.12408,0.12467,15010.7
2026-02-26 03:30:00,0.12487,0.12615,0.12487,0.12615,35323.4
2026-02-26 03:45:00,0.12608,0.12646,0.12578,0.12578,668800.1
2026-02-26 04:00:00,0.12564,0.1266,0.12501,0.12586,725205.5
2026-02-26 04:15:00,0.12597,0.12617,0.12492,0.12506,10715.5
2026-02-26 04:30:00,0.12507,0.12565,0.12498,0.12552,13186.6
2026-02-26 04:45:00,0.12552,0.12555,0.12528,0.12536,46312.3
2026-02-26 05:00:00,0.12518,0.12518,0.12343,0.12356,48944.7
2026-02-26 05:15:00,0.12351,0.12414,0.12285,0.12413,66064.3
2026-02-26 05:30:00,0.12401,0.12427,0.12356,0.12404,43914.0
2026-02-26 05:45:00,0.12432,0.12433,0.12401,0.12401,8209.6
2026-02-26 06:00:00,0.12396,0.12492,0.12348,0.12435,16804.6
2026-02-26 06:15:00,0.12443,0.12444,0.12376,0.12376,45550.4
2026-02-26 06:30:00,0.12354,0.12361,0.12264,0.12293,22348.5
2026-02-26 06:45:00,0.12284,0.12322,0.12277,0.12313,12382.1
2026-02-26 07:00:00,0.12303,0.12343,0.12297,0.12302,22046.7
2026-02-26 07:15:00,0.123,0.12313,0.12267,0.12296,13878.9
2026-02-26 07:30:00,0.12289,0.12297,0.12247,0.12258,19665.7
2026-02-26 07:45:00,0.12263,0.12376,0.12254,0.12376,18751.5
2026-02-26 08:00:00,0.12402,0.12407,0.12347,0.12351,37437.5
2026-02-26 08:15:00,0.12351,0.12399,0.12338,0.12366,100607.0
2026-02-26 08:30:00,0.12367,0.12375,0.12315,0.12344,79749.2
2026-02-26 08:45:00,0.1235,0.12368,0.12313,0.12313,19122.9
2026-02-26 09:00:00,0.12307,0.1243,0.12301,0.12402,112734.3
2026-02-26 09:15:00,0.12402,0.12427,0.1238,0.12404,51070.7
2026-02-26 09:30:00,0.12394,0.12505,0.12394,0.12477,180213.4
2026-02-26 09:45:00,0.12475,0.12495,0.12376,0.12376,60831.0
2026-02-26 10:00:00,0.12373,0.12407,0.12285,0.12286,19009.7
2026-02-26 10:15:00,0.12288,0.12293,0.12197,0.12197,25129.8
2026-02-26 10:30:00,0.1219,0.12207,0.12163,0.12177,40960.3
2026-02-26 10:45:00,0.12182,0.12183,0.12118,0.12159,34753.9
2026-02-26 11:00:00,0.12149,0.1221,0.12113,0.12113,78684.3
2026-02-26 11:15:00,0.12116,0.12139,0.12096,0.12137,51209.7
2026-02-26 11:30:00,0.12144,0.12151,0.12128,0.12138,17436.3
2026-02-26 11:45:00,0.12138,0.12138,0.12105,0.12134,172454.3
2026-02-26 12:00:00,0.12127,0.12164,0.121,0.1216,1553940.8
2026-02-26 12:15:00,0.12156,0.12254,0.12155,0.12254,49045.7
2026-02-26 12:30:00,0.12254,0.1228,0.1224,0.12241,93023.0
2026-02-26 12:45:00,0.12235,0.12287,0.12235,0.12253,249843.9
2026-02-26 13:00:00,0.12265,0.1229,0.12222,0.12236,216100.5
2026-02-26 13:15:00,0.12236,0.12342,0.12236,0.12332,17278.9
2026-02-26 13:30:00,0.12314,0.12314,0.12257,0.12266,11899.4
2026-02-26 13:45:00,0.12262,0.12291,0.12194,0.12208,17912.2
2026-02-26 14:00:00,0.12224,0.12264,0.12161,0.12231,18615.9
2026-02-26 14:15:00,0.12231,0.12271,0.12222,0.12222,16667.1
2026-02-26 14:30:00,0.12208,0.12289,0.12152,0.12208,47446.4
2026-02-26 14:45:00,0.12204,0.1228,0.12152,0.12278,27634.3
2026-02-26 15:00:00,0.12264,0.12278,0.12222,0.12239,185443.9
2026-02-26 15:15:00,0.12237,0.12237,0.12096,0.1213,22981.5
2026-02-26 15:30:00,0.12125,0.12247,0.12077,0.12228,64615.1
2026-02-26 15:45:00,0.12248,0.12248,0.12162,0.12171,82714.8
2026-02-26 16:00:00,0.12171,0.12189,0.12048,0.12048,272304.2
2026-02-26 16:15:00,0.12037,0.12126,0.12036,0.12094,11575.0
2026-02-26 16:30:00,0.12099,0.12099,0.11902,0.11937,168145.5
2026-02-26 16:45:00,0.11933,0.11933,0.11704,0.11747,82103.3
2026-02-26 17:00:00,0.11732,0.11826,0.11732,0.11761,74238.2
2026-02-26 17:15:00,0.1176,0.11819,0.11732,0.11752,208894.8
2026-02-26 17:30:00,0.1173,0.1175,0.1168,0.117,60637.8
2026-02-26 17:45:00,0.11693,0.11695,0.11605,0.11621,47628.9
2026-02-26 18:00:00,0.11614,0.11646,0.11564,0.11565,132833.9
2026-02-26 18:15:00,0.11565,0.1159,0.11508,0.11519,202638.6
2026-02-26 18:30:00,0.11531,0.11757,0.11529,0.11671,277316.3
2026-02-26 18:45:00,0.11677,0.11749,0.11652,0.11748,110830.6
2026-02-26 19:00:00,0.11745,0.11952,0.11733,0.11924,302319.1
2026-02-26 19:15:00,0.11954,0.11961,0.11907,0.1193,11893.6
2026-02-26 19:30:00,0.11922,0.11965,0.11922,0.11936,13994.8
2026-02-26 19:45:00,0.11969,0.11969,0.11916,0.11941,25563.2
2026-02-26 20:00:00,0.11932,0.11995,0.11926,0.11935,18582.1
2026-02-26 20:15:00,0.11933,0.11977,0.11921,0.11933,101258.7
2026-02-26 20:30:00,0.11939,0.11941,0.11859,0.11878,11444.5
2026-02-26 20:45:00,0.11869,0.11898,0.11848,0.11864,15721.8
2026-02-26 21:00:00,0.11871,0.11873,0.118,0.1182,35528.8
2026-02-26 21:15:00,0.11814,0.11879,0.11809,0.11879,34022.4
2026-02-26 21:30:00,0.11866,0.11905,0.11845,0.11905,28762.3
2026-02-26 21:45:00,0.11901,0.11903,0.11854,0.11865,14665.4
2026-02-26 22:00:00,0.11863,0.11902,0.11852,0.11882,26801.7
2026-02-26 22:15:00,0.11882,0.1189,0.11863,0.11881,9271.7
2026-02-26 22:30:00,0.11872,0.11921,0.1187,0.11903,87706.2
2026-02-26 22:45:00,0.11903,0.1191,0.11876,0.11905,8133.4
2026-02-26 23:00:00,0.11913,0.11973,0.11892,0.11924,37940.4
2026-02-26 23:15:00,0.11922,0.11961,0.11894,0.11961,8928.6
2026-02-26 23:30:00,0.11964,0.1197,0.11924,0.11926,8216.0
2026-02-26 23:45:00,0.11924,0.11927,0.11914,0.11923,2592.7
2026-02-27 00:00:00,0.11937,0.11942,0.11898,0.11918,135758.5
2026-02-27 00:15:00,0.11918,0.11918,0.11865,0.11876,57538.1
2026-02-27 00:30:00,0.11879,0.11898,0.11818,0.11838,36943.3
2026-02-27 00:45:00,0.11828,0.11907,0.11822,0.11905,26541.9
2026-02-27 01:00:00,0.11909,0.11909,0.11862,0.11886,62933.6
2026-02-27 01:15:00,0.11874,0.11944,0.11874,0.11907,11764.9
2026-02-27 01:30:00,0.11902,0.11943,0.11891,0.1191,35233.5
2026-02-27 01:45:00,0.11904,0.11932,0.11903,0.1193,14706.6
2026-02-27 02:00:00,0.11928,0.12006,0.11928,0.11994,32672.9
2026-02-27 02:15:00,0.11973,0.12025,0.11952,0.12014,16638.4
2026-02-27 02:30:00,0.12023,0.12059,0.11994,0.12006,82368.7
2026-02-27 02:45:00,0.11987,0.12048,0.11984,0.12022,14401.7
2026-02-27 03:00:00,0.12026,0.12026,0.11934,0.11945,42153.7
2026-02-27 03:15:00,0.11946,0.11972,0.119,0.11911,12748.9
2026-02-27 03:30:00,0.11932,0.11943,0.11912,0.11932,21283.2
2026-02-27 03:45:00,0.11932,0.12001,0.1193,0.11973,23803.9
2026-02-27 04:00:00,0.11977,0.12247,0.11977,0.12242,102368.1
2026-02-27 04:15:00,0.12244,0.12278,0.1218,0.1218,32055.7
2026-02-27 04:30:00,0.12188,0.12205,0.12141,0.12146,17102.4
2026-02-27 04:45:00,0.1214,0.12249,0.12129,0.12206,179986.3
2026-02-27 05:00:00,0.12204,0.12235,0.12191,0.12205,46444.2
2026-02-27 05:15:00,0.12201,0.12237,0.12149,0.12217,21731.7
2026-02-27 05:30:00,0.12224,0.12268,0.12224,0.12241,40780.8
2026-02-27 05:45:00,0.12233,0.12235,0.12183,0.12186,9862.1
2026-02-27 06:00:00,0.12194,0.12234,0.12178,0.12226,37290.2
2026-02-27 06:15:00,0.12226,0.12254,0.1218,0.12197,69331.4
2026-02-27 06:30:00,0.12212,0.12326,0.12208,0.12318,34379.2
2026-02-27 06:45:00,0.12305,0.12366,0.12298,0.12336,31418.0
2026-02-27 07:00:00,0.12333,0.12333,0.12237,0.12297,35649.0
2026-02-27 07:15:00,0.1229,0.12327,0.1227,0.12292,11718.6
2026-02-27 07:30:00,0.12316,0.12338,0.12285,0.12324,29385.4
2026-02-27 07:45:00,0.12348,0.12475,0.12348,0.12448,63887.1
2026-02-27 08:00:00,0.12452,0.12577,0.12452,0.12549,123177.3
2026-02-27 08:15:00,0.12539,0.12625,0.12495,0.12566,357332.0
2026-02-27 08:30:00,0.12583,0.12629,0.12527,0.12596,62763.2
2026-02-27 08:45:00,0.12615,0.12673,0.12566,0.12673,16333.4
2026-02-27 09:00:00,0.1266,0.12724,0.1264,0.12701,153679.3
2026-02-27 09:15:00,0.12695,0.1281,0.12695,0.12769,51459.2
2026-02-27 09:30:00,0.12784,0.1283,0.12702,0.12719,26972.7
2026-02-27 09:45:00,0.12673,0.12775,0.12645,0.12716,68803.4
2026-02-27 10:00:00,0.12697,0.12759,0.12557,0.12557,171814.9
2026-02-27 10:15:00,0.12528,0.12557,0.1247,0.1251,42771.1
2026-02-27 10:30:00,0.12534,0.12635,0.12511,0.12511,29657.0
2026-02-27 10:45:00,0.12518,0.12548,0.12392,0.12397,17592.5
2026-02-27 11:00:00,0.12388,0.12422,0.12374,0.12397,45774.0
2026-02-27 11:15:00,0.12367,0.12432,0.12342,0.12373,27780.4
2026-02-27 11:30:00,0.12365,0.12365,0.12163,0.12185,52637.7
2026-02-27 11:45:00,0.12189,0.12293,0.12187,0.12265,156435.8
2026-02-27 12:00:00,0.12259,0.12306,0.12227,0.12258,51623.7
2026-02-27 12:15:00,0.12256,0.12339,0.12225,0.12285,16105.2
2026-02-27 12:30:00,0.12277,0.12315,0.12217,0.12246,21401.3
2026-02-27 12:45:00,0.12224,0.12254,0.12194,0.1224,16092.4
2026-02-27 13:00:00,0.12264,0.1232,0.12264,0.12308,64401.0
2026-02-27 13:15:00,0.12319,0.12326,0.12256,0.12256,21938.6
2026-02-27 13:30:00,0.12241,0.12241,0.12053,0.12184,126280.1
2026-02-27 13:45:00,0.12185,0.12255,0.12176,0.12254,30565.5
2026-02-27 14:00:00,0.12249,0.12297,0.12249,0.12259,23752.5
2026-02-27 14:15:00,0.1225,0.1225,0.12141,0.1215,29246.6
2026-02-27 14:30:00,0.12157,0.12238,0.12099,0.12189,99686.0
2026-02-27 14:45:00,0.12185,0.1224,0.12139,0.12139,71556.6
2026-02-27 15:00:00,0.12132,0.12268,0.12132,0.12185,23163.6
2026-02-27 15:15:00,0.12236,0.12236,0.12151,0.12169,48066.5
2026-02-27 15:30:00,0.12173,0.12208,0.12096,0.12127,71819.0
2026-02-27 15:45:00,0.12133,0.12166,0.12132,0.12142,11102.5
2026-02-27 16:00:00,0.12137,0.12144,0.12039,0.12135,98020.0
2026-02-27 16:15:00,0.12104,0.12152,0.12104,0.12114,36157.7
2026-02-27 16:30:00,0.12106,0.12125,0.12059,0.12079,12713.3
2026-02-27 16:45:00,0.12068,0.12068,0.11946,0.11977,137081.9
2026-02-27 17:00:00,0.11987,0.12028,0.11964,0.11976,19230.7
2026-02-27 17:15:00,0.11961,0.11983,0.11923,0.11933,41062.6
2026-02-27 17:30:00,0.1193,0.12102,0.11911,0.12073,49671.6
2026-02-27 17:45:00,0.12071,0.12167,0.12053,0.12167,39692.9
2026-02-27 18:00:00,0.1215,0.12207,0.1214,0.12144,99409.4
2026-02-27 18:15:00,0.12131,0.12175,0.12058,0.12133,119167.6
2026-02-27 18:30:00,0.12113,0.12165,0.12113,0.12141,20841.7
2026-02-27 18:45:00,0.12126,0.1214,0.12041,0.1205,63895.0
2026-02-27 19:00:00,0.12048,0.12059,0.11887,0.11905,131272.9
2026-02-27 19:15:00,0.11885,0.1195,0.11881,0.11929,133790.7
2026-02-27 19:30:00,0.11919,0.11926,0.11803,0.11812,69971.2
2026-02-27 19:45:00,0.11822,0.11908,0.11822,0.11889,93755.2
2026-02-27 20:00:00,0.11901,0.11969,0.11901,0.11966,108624.3
2026-02-27 20:15:00,0.11964,0.11976,0.11938,0.11938,107462.1
2026-02-27 20:30:00,0.11938,0.11944,0.11894,0.11918,40672.5
2026-02-27 20:45:00,0.11917,0.11925,0.1189,0.1189,51532.3
2026-02-27 21:00:00,0.1189,0.11928,0.11888,0.11899,34160.0
2026-02-27 21:15:00,0.11895,0.11902,0.11854,0.11859,16323.5
2026-02-27 21:30:00,0.11858,0.11858,0.11772,0.11798,76630.6
2026-02-27 21:45:00,0.11797,0.11813,0.11755,0.11813,42353.7
2026-02-27 22:00:00,0.11815,0.11838,0.11771,0.11796,54919.0
2026-02-27 22:15:00,0.11802,0.1181,0.1172,0.11736,47347.1
2026-02-27 22:30:00,0.11718,0.11769,0.11583,0.11768,338053.6
2026-02-27 22:45:00,0.11772,0.11818,0.11764,0.11818,100549.3
2026-02-27 23:00:00,0.11819,0.11919,0.11819,0.11889,133219.3
2026-02-27 23:15:00,0.11899,0.11953,0.11878,0.11953,25451.4
2026-02-27 23:30:00,0.11954,0.11966,0.11942,0.11954,155191.8
2026-02-27 23:45:00,0.11959,0.11975,0.1195,0.11971,11478.2
2026-02-28 00:00:00,0.1196,0.1198,0.11934,0.1198,440872.9
2026-02-28 00:15:00,0.11987,0.11998,0.11935,0.11939,47748.7
2026-02-28 00:30:00,0.11934,0.11965,0.11901,0.11958,197232.9
2026-02-28 00:45:00,0.11963,0.12012,0.11963,0.12012,25280.6
2026-02-28 01:00:00,0.12014,0.1202,0.11994,0.11996,9506.3
2026-02-28 01:15:00,0.12,0.12008,0.11955,0.11955,6637.5
2026-02-28 01:30:00,0.11962,0.11993,0.11931,0.11975,51959.5
2026-02-28 01:45:00,0.11966,0.11988,0.11962,0.11973,31520.9
2026-02-28 02:00:00,0.11944,0.11966,0.11934,0.11962,9998.4
2026-02-28 02:15:00,0.11963,0.12048,0.11955,0.12047,22979.1
2026-02-28 02:30:00,0.1204,0.12041,0.1201,0.1203,57697.0
2026-02-28 02:45:00,0.12035,0.12035,0.11992,0.11994,4855.3
2026-02-28 03:00:00,0.11983,0.12015,0.11983,0.12013,8571.9
2026-02-28 03:15:00,0.12017,0.12021,0.11969,0.11974,41652.5
2026-02-28 03:30:00,0.11969,0.11969,0.11832,0.11832,16551.3
2026-02-28 03:45:00,0.11846,0.1186,0.11805,0.11812,5613.2
2026-02-28 04:00:00,0.1181,0.11833,0.11791,0.11829,41139.8
2026-02-28 04:15:00,0.11821,0.11845,0.118,0.11816,60927.2
2026-02-28 04:30:00,0.11804,0.11839,0.11736,0.11835,49168.5
2026-02-28 04:45:00,0.11833,0.1185,0.11818,0.11822,10307.4
2026-02-28 05:00:00,0.1183,0.11859,0.11825,0.11836,51174.1
2026-02-28 05:15:00,0.11832,0.11832,0.11776,0.11776,24402.7
2026-02-28 05:30:00,0.11774,0.11785,0.11732,0.11743,70075.1
2026-02-28 05:45:00,0.11743,0.11765,0.11731,0.11731,90544.7
2026-02-28 06:00:00,0.11752,0.11773,0.11703,0.11718,137863.8
2026-02-28 06:15:00,0.11684,0.11684,0.11257,0.11452,881761.9
2026-02-28 06:30:00,0.11414,0.1143,0.11177,0.11277,1105336.2
2026-02-28 06:45:00,0.1127,0.1127,0.11036,0.11052,124901.7
2026-02-28 07:00:00,0.11025,0.11203,0.10979,0.11192,278505.9
2026-02-28 07:15:00,0.11192,0.11199,0.11064,0.1109,1019424.8
2026-02-28 07:30:00,0.1108,0.1138,0.1108,0.11351,179424.3
2026-02-28 07:45:00,0.11343,0.11343,0.11209,0.1121,18618.2
2026-02-28 08:00:00,0.11206,0.11206,0.11131,0.1114,253016.0
2026-02-28 08:15:00,0.1113,0.11171,0.1109,0.11147,27603.6
2026-02-28 08:30:00,0.1112,0.11186,0.11118,0.11144,18568.1
2026-02-28 08:45:00,0.11128,0.11138,0.11038,0.1105,23435.2
2026-02-28 09:00:00,0.11054,0.1113,0.11029,0.11126,1101767.1
2026-02-28 09:15:00,0.11106,0.11138,0.1108,0.1113,71864.6
2026-02-28 09:30:00,0.11118,0.11123,0.11057,0.11071,18411.9
2026-02-28 09:45:00,0.11056,0.11064,0.1096,0.10981,46798.8
2026-02-28 10:00:00,0.1097,0.10997,0.1091,0.10942,299282.2
2026-02-28 10:15:00,0.10944,0.11003,0.10939,0.10978,153439.0
2026-02-28 10:30:00,0.10976,0.11075,0.10976,0.11045,29046.2
2026-02-28 10:45:00,0.11036,0.11043,0.11005,0.11028,29244.5
2026-02-28 11:00:00,0.11029,0.11081,0.11021,0.11029,27033.7
2026-02-28 11:15:00,0.11022,0.11054,0.11011,0.11051,11625.6
2026-02-28 11:30:00,0.11048,0.11097,0.11035,0.11046,33846.9
2026-02-28 11:45:00,0.11039,0.11055,0.10969,0.10969,75444.8
2026-02-28 12:00:00,0.10983,0.1103,0.10983,0.1103,10777.4
2026-02-28 12:15:00,0.11028,0.11048,0.11007,0.11035,23816.3
2026-02-28 12:30:00,0.11043,0.11095,0.11043,0.11057,9691.3
2026-02-28 12:45:00,0.1104,0.11041,0.11,0.11041,16659.2
2026-02-28 13:00:00,0.11042,0.11073,0.11037,0.11059,72110.7
2026-02-28 13:15:00,0.11065,0.11078,0.11007,0.11025,24093.4
2026-02-28 13:30:00,0.11023,0.11039,0.10975,0.11009,7685.0
2026-02-28 13:45:00,0.11025,0.11356,0.11025,0.11343,191611.8
2026-02-28 14:00:00,0.1136,0.11466,0.11304,0.11334,234757.9
2026-02-28 14:15:00,0.1133,0.11421,0.1133,0.11421,18696.0
2026-02-28 14:30:00,0.11417,0.11471,0.11355,0.11423,10133.1
2026-02-28 14:45:00,0.11449,0.11449,0.11284,0.11309,6639.2
2026-02-28 15:00:00,0.11317,0.1132,0.11182,0.11182,9832.9
2026-02-28 15:15:00,0.11189,0.11362,0.11189,0.11362,18844.9
2026-02-28 15:30:00,0.11353,0.11392,0.11335,0.11337,13072.1
2026-02-28 15:45:00,0.1135,0.1135,0.11326,0.11344,8167.6
2026-02-28 16:00:00,0.11328,0.11328,0.1129,0.11296,54902.3
2026-02-28 16:15:00,0.1131,0.1131,0.11265,0.11275,7892.9
2026-02-28 16:30:00,0.11274,0.11284,0.11206,0.11284,33271.0
2026-02-28 16:45:00,0.11284,0.11312,0.11248,0.11311,64111.1
2026-02-28 17:00:00,0.11313,0.11313,0.1126,0.11265,38001.8
2026-02-28 17:15:00,0.11275,0.11298,0.1125,0.11276,5409.4
2026-02-28 17:30:00,0.11289,0.11304,0.11223,0.11228,12570.9
2026-02-28 17:45:00,0.11253,0.11372,0.1122,0.11372,51872.4
2026-02-28 18:00:00,0.1135,0.11411,0.11346,0.11382,31294.4
2026-02-28 18:15:00,0.11382,0.11385,0.11349,0.1138,11609.2
2026-02-28 18:30:00,0.11377,0.11606,0.1137,0.11559,180533.8
2026-02-28 18:45:00,0.1158,0.1172,0.11569,0.11637,25775.9
2026-02-28 19:00:00,0.1164,0.11644,0.1154,0.11579,35042.2
2026-02-28 19:15:00,0.11587,0.11622,0.11584,0.1162,21882.0
2026-02-28 19:30:00,0.11614,0.1197,0.11614,0.1185,209617.9
2026-02-28 19:45:00,0.11858,0.11912,0.11807,0.11826,18319.2
2026-02-28 20:00:00,0.11842,0.11961,0.11803,0.11961,12980.6
2026-02-28 20:15:00,0.11923,0.12071,0.11906,0.12012,61618.3
2026-02-28 20:30:00,0.11977,0.1199,0.11898,0.11966,19719.5
2026-02-28 20:45:00,0.11959,0.12089,0.11959,0.1208,1018163.9
2026-02-28 21:00:00,0.12068,0.12091,0.11907,0.11945,41954.6
2026-02-28 21:15:00,0.11926,0.11943,0.11896,0.11925,13174.5
2026-02-28 21:30:00,0.11908,0.12015,0.11886,0.11972,26892.9
2026-02-28 21:45:00,0.12015,0.12022,0.11961,0.11984,346085.7
2026-02-28 22:00:00,0.12006,0.12123,0.12006,0.12097,47201.2
2026-02-28 22:15:00,0.12092,0.12133,0.12078,0.12078,64794.7
2026-02-28 22:30:00,0.12093,0.1224,0.12066,0.12132,54979.4
2026-02-28 22:45:00,0.12137,0.12188,0.12121,0.12151,37727.2
2026-02-28 23:00:00,0.12129,0.12182,0.12127,0.12127,26380.7
2026-02-28 23:15:00,0.12126,0.12142,0.12095,0.12142,28232.0
2026-02-28 23:30:00,0.12125,0.12171,0.12119,0.12171,36168.6
2026-02-28 23:45:00,0.1218,0.1225,0.12168,0.1225,31230.0
2026-03-01 00:00:00,0.12242,0.12299,0.12185,0.12199,159651.8
2026-03-01 00:15:00,0.12189,0.12195,0.12106,0.12121,28933.3
2026-03-01 00:30:00,0.12125,0.12143,0.12065,0.12092,13185.6
2026-03-01 00:45:00,0.12107,0.12115,0.12058,0.1208,33872.8
2026-03-01 01:00:00,0.12079,0.12082,0.11986,0.12017,47629.0
2026-03-01 01:15:00,0.1204,0.12093,0.12026,0.12084,35406.2
2026-03-01 01:30:00,0.12077,0.12239,0.1207,0.12203,34289.9
2026-03-01 01:45:00,0.12212,0.12535,0.12212,0.12368,174016.8
2026-03-01 02:00:00,0.12427,0.12657,0.12411,0.12595,207357.6
2026-03-01 02:15:00,0.12644,0.12664,0.12505,0.12541,35081.9
2026-03-01 02:30:00,0.1251,0.12574,0.1247,0.12573,19560.8
2026-03-01 02:45:00,0.12565,0.12598,0.12498,0.12507,26810.7
2026-03-01 03:00:00,0.12492,0.12512,0.12461,0.12484,25791.1
2026-03-01 03:15:00,0.12477,0.12525,0.12419,0.12466,11572.7
2026-03-01 03:30:00,0.12451,0.12461,0.12392,0.12423,26597.0
2026-03-01 03:45:00,0.12423,0.12425,0.12357,0.12365,16907.1
2026-03-01 04:00:00,0.12409,0.12448,0.12376,0.12376,30163.9
2026-03-01 04:15:00,0.12387,0.12387,0.12278,0.12308,1050541.4
2026-03-01 04:30:00,0.123,0.12399,0.123,0.12385,50930.2
2026-03-01 04:45:00,0.12378,0.12396,0.1235,0.12351,21048.1
2026-03-01 05:00:00,0.12369,0.1242,0.1236,0.12363,19386.9
2026-03-01 05:15:00,0.12371,0.1251,0.12371,0.12459,48189.9
2026-03-01 05:30:00,0.12441,0.12509,0.1243,0.12462,98365.2
2026-03-01 05:45:00,0.12471,0.12494,0.12454,0.12492,20728.9
2026-03-01 06:00:00,0.12493,0.12497,0.12347,0.12405,89820.6
2026-03-01 06:15:00,0.12392,0.12428,0.12388,0.12419,62821.2
2026-03-01 06:30:00,0.12423,0.12442,0.12337,0.12347,56308.7
2026-03-01 06:45:00,0.12361,0.12406,0.12349,0.12367,131189.7
2026-03-01 07:00:00,0.12364,0.1238,0.12298,0.12362,48409.1
2026-03-01 07:15:00,0.12346,0.12436,0.12328,0.12394,122792.8
2026-03-01 07:30:00,0.12395,0.12476,0.12392,0.12435,129051.2
2026-03-01 07:45:00,0.12438,0.12516,0.12428,0.12516,57726.1
2026-03-01 08:00:00,0.12533,0.12594,0.12484,0.12586,65191.9
2026-03-01 08:15:00,0.12577,0.12612,0.12514,0.12517,23561.7
2026-03-01 08:30:00,0.12499,0.12508,0.12427,0.12427,53267.7
2026-03-01 08:45:00,0.12416,0.12429,0.12261,0.12267,149779.2
2026-03-01 09:00:00,0.12289,0.12373,0.12251,0.12316,143615.4
2026-03-01 09:15:00,0.1234,0.12389,0.12304,0.12316,50402.1
2026-03-01 09:30:00,0.12314,0.12319,0.12236,0.12252,85363.3
2026-03-01 09:45:00,0.12263,0.1227,0.12216,0.12246,132099.8
2026-03-01 10:00:00,0.12244,0.12278,0.12199,0.12278,13323.9
2026-03-01 10:15:00,0.12263,0.12292,0.12241,0.12288,11095.3
2026-03-01 10:30:00,0.12291,0.12395,0.1228,0.12332,149893.8
2026-03-01 10:45:00,0.12341,0.12363,0.12313,0.12321,12477.5
2026-03-01 11:00:00,0.12319,0.12341,0.12283,0.12283,41602.1
2026-03-01 11:15:00,0.12293,0.12299,0.12276,0.12283,42726.3
2026-03-01 11:30:00,0.12283,0.123,0.12254,0.12263,43628.8
2026-03-01 11:45:00,0.12282,0.12299,0.12268,0.12297,25271.8
2026-03-01 12:00:00,0.12294,0.12328,0.1229,0.12317,34527.1
2026-03-01 12:15:00,0.12301,0.12348,0.12301,0.12318,12619.9
2026-03-01 12:30:00,0.12326,0.12358,0.12272,0.12274,61448.8
2026-03-01 12:45:00,0.12274,0.12275,0.12169,0.12181,50578.7
2026-03-01 13:00:00,0.12168,0.12178,0.12122,0.12169,31013.2
2026-03-01 13:15:00,0.12153,0.12153,0.12068,0.12109,25762.7
2026-03-01 13:30:00,0.12103,0.12111,0.12075,0.1211,13722.2
2026-03-01 13:45:00,0.12098,0.12435,0.12095,0.12398,118233.2
2026-03-01 14:00:00,0.124,0.12473,0.12313,0.12402,102394.2
2026-03-01 14:15:00,0.12386,0.12402,0.1231,0.12323,58191.2
2026-03-01 14:30:00,0.12299,0.1236,0.12235,0.12235,14382.9
2026-03-01 14:45:00,0.12256,0.12269,0.12213,0.12268,26414.8
2026-03-01 15:00:00,0.12262,0.1232,0.12251,0.12304,19951.1
2026-03-01 15:15:00,0.1234,0.12369,0.1231,0.12361,14219.1
2026-03-01 15:30:00,0.12343,0.12343,0.12293,0.12302,25011.0
2026-03-01 15:45:00,0.12302,0.12352,0.12282,0.12282,57046.1
2026-03-01 16:00:00,0.12279,0.12404,0.1225,0.12353,135575.9
2026-03-01 16:15:00,0.12377,0.12377,0.12308,0.12364,11018.9
2026-03-01 16:30:00,0.12365,0.12401,0.12357,0.12361,19646.6
2026-03-01 16:45:00,0.12322,0.12322,0.12096,0.1215,56107.3
2026-03-01 17:00:00,0.12158,0.12158,0.12083,0.12096,39810.0
2026-03-01 17:15:00,0.12106,0.12111,0.11979,0.12082,69780.6
2026-03-01 17:30:00,0.12087,0.12157,0.12042,0.12121,17895.4
2026-03-01 17:45:00,0.1211,0.12129,0.12071,0.12085,20897.5
2026-03-01 18:00:00,0.12087,0.1233,0.12086,0.12256,54860.1
2026-03-01 18:15:00,0.12263,0.12276,0.12214,0.12221,18443.2
2026-03-01 18:30:00,0.12223,0.12239,0.12182,0.12215,11113.8
2026-03-01 18:45:00,0.12216,0.12232,0.12197,0.12203,47678.8
2026-03-01 19:00:00,0.12193,0.12203,0.12111,0.12111,29709.7
2026-03-01 19:15:00,0.12105,0.12116,0.12059,0.12082,263829.2
2026-03-01 19:30:00,0.12081,0.12155,0.12077,0.1208,166469.4
2026-03-01 19:45:00,0.12079,0.12098,0.12038,0.12071,60903.8
2026-03-01 20:00:00,0.12065,0.12084,0.11934,0.11964,45394.4
2026-03-01 20:15:00,0.1195,0.11961,0.11907,0.11907,59390.7
2026-03-01 20:30:00,0.11906,0.11931,0.11852,0.11859,91780.8
2026-03-01 20:45:00,0.11869,0.11917,0.11844,0.11877,123990.2
2026-03-01 21:00:00,0.11866,0.11982,0.11866,0.11974,122017.6
2026-03-01 21:15:00,0.11965,0.12067,0.11943,0.12067,26619.3
2026-03-01 21:30:00,0.12053,0.12058,0.11981,0.11991,79192.5
2026-03-01 21:45:00,0.12019,0.12021,0.1199,0.12009,27413.8
2026-03-01 22:00:00,0.12009,0.12278,0.11987,0.12196,102490.2
2026-03-01 22:15:00,0.1218,0.12241,0.12124,0.12139,77438.6
2026-03-01 22:30:00,0.12136,0.12175,0.12083,0.12175,16920.0
2026-03-01 22:45:00,0.1218,0.1218,0.12081,0.12081,16694.0
2026-03-01 23:00:00,0.12082,0.1229,0.12072,0.12222,32688.0
2026-03-01 23:15:00,0.12208,0.12227,0.12163,0.12163,6537.2
2026-03-01 23:30:00,0.12152,0.12181,0.1214,0.12143,9929.2
2026-03-01 23:45:00,0.12148,0.12174,0.1214,0.12141,7871.9
2026-03-02 00:00:00,0.12148,0.12201,0.12148,0.1219,172221.5
2026-03-02 00:15:00,0.12167,0.12221,0.12154,0.12172,53569.3
2026-03-02 00:30:00,0.12178,0.12264,0.12162,0.12264,15394.4
2026-03-02 00:45:00,0.12292,0.12351,0.12275,0.12328,69926.7
2026-03-02 01:00:00,0.12318,0.12496,0.12284,0.12463,77111.6
2026-03-02 01:15:00,0.12466,0.12485,0.12333,0.12341,44691.4
2026-03-02 01:30:00,0.12351,0.12384,0.12338,0.12359,10400.5
2026-03-02 01:45:00,0.12351,0.12369,0.1233,0.12348,352411.0
2026-03-02 02:00:00,0.12353,0.12394,0.12225,0.12242,50696.5
2026-03-02 02:15:00,0.12271,0.12274,0.12215,0.12251,107903.4
2026-03-02 02:30:00,0.1226,0.12319,0.12242,0.12246,68504.7
2026-03-02 02:45:00,0.12245,0.12288,0.12208,0.12234,28284.7
2026-03-02 03:00:00,0.12225,0.12303,0.12154,0.12273,41179.6
2026-03-02 03:15:00,0.12296,0.12392,0.12288,0.12378,67775.1
2026-03-02 03:30:00,0.12362,0.12371,0.1233,0.12338,46964.9
2026-03-02 03:45:00,0.12336,0.12421,0.12333,0.12371,33781.3
2026-03-02 04:00:00,0.12388,0.12395,0.12357,0.12379,24207.5
2026-03-02 04:15:00,0.12375,0.12416,0.12364,0.12397,19514.8
2026-03-02 04:30:00,0.124,0.12431,0.12372,0.12382,47249.8
2026-03-02 04:45:00,0.1237,0.1237,0.12313,0.1232,20466.8
2026-03-02 05:00:00,0.12317,0.12317,0.12217,0.12234,18280.9
2026-03-02 05:15:00,0.12234,0.12281,0.12233,0.12268,33602.2
2026-03-02 05:30:00,0.12277,0.12323,0.12257,0.12312,68572.4
2026-03-02 05:45:00,0.12304,0.12304,0.12204,0.12204,14728.6
2026-03-02 06:00:00,0.12203,0.12203,0.12161,0.12181,40982.6
2026-03-02 06:15:00,0.12185,0.12185,0.12038,0.12099,92582.1
2026-03-02 06:30:00,0.12088,0.12162,0.12082,0.12149,43779.1
2026-03-02 06:45:00,0.12141,0.12149,0.12089,0.12107,22720.8
2026-03-02 07:00:00,0.12108,0.12112,0.11985,0.12003,129510.1
2026-03-02 07:15:00,0.11998,0.12042,0.11972,0.12031,23919.4
2026-03-02 07:30:00,0.1204,0.12072,0.12027,0.12044,25980.0
2026-03-02 07:45:00,0.12046,0.12055,0.12028,0.12032,20590.2
2026-03-02 08:00:00,0.12036,0.12036,0.1194,0.12022,188798.6
2026-03-02 08:15:00,0.12019,0.12019,0.11942,0.11962,37105.6
2026-03-02 08:30:00,0.11968,0.12028,0.11967,0.12018,152090.3
2026-03-02 08:45:00,0.12015,0.12076,0.11999,0.12072,163824.3
2026-03-02 09:00:00,0.12073,0.12172,0.12058,0.12167,106432.1
2026-03-02 09:15:00,0.12169,0.12256,0.12155,0.12212,31703.7
2026-03-02 09:30:00,0.12206,0.12292,0.12206,0.12257,196502.8
2026-03-02 09:45:00,0.12253,0.12266,0.12191,0.12191,63567.1
2026-03-02 10:00:00,0.12192,0.12222,0.12167,0.12173,543524.9
2026-03-02 10:15:00,0.12198,0.12222,0.12192,0.12206,67252.7
2026-03-02 10:30:00,0.12209,0.12209,0.12132,0.12147,123991.6
2026-03-02 10:45:00,0.1215,0.12196,0.12145,0.12192,24039.3
2026-03-02 11:00:00,0.12206,0.12311,0.12204,0.12311,92454.6
2026-03-02 11:15:00,0.12306,0.12307,0.12229,0.12245,12429.8
2026-03-02 11:30:00,0.12238,0.12258,0.12225,0.12241,8512.1
2026-03-02 11:45:00,0.12236,0.12285,0.12236,0.12276,20926.1
2026-03-02 12:00:00,0.12278,0.12288,0.12247,0.1225,50426.2
2026-03-02 12:15:00,0.1226,0.12266,0.12193,0.12222,22433.6
2026-03-02 12:30:00,0.12223,0.12256,0.12188,0.12232,33112.0
2026-03-02 12:45:00,0.12228,0.12236,0.12204,0.1222,14993.6
2026-03-02 13:00:00,0.12219,0.12248,0.12206,0.12222,34050.0
2026-03-02 13:15:00,0.12236,0.1232,0.12231,0.12232,17768.7
2026-03-02 13:30:00,0.12228,0.1226,0.12199,0.12206,25382.7
2026-03-02 13:45:00,0.12217,0.12217,0.12158,0.122,17741.6
2026-03-02 14:00:00,0.12202,0.12264,0.12167,0.12263,53052.6
2026-03-02 14:15:00,0.12274,0.1232,0.12218,0.12269,37499.8
2026-03-02 14:30:00,0.12264,0.12568,0.12263,0.12549,432975.7
2026-03-02 14:45:00,0.12535,0.12712,0.1251,0.12699,79614.7
2026-03-02 15:00:00,0.12711,0.12954,0.12645,0.12937,456147.3
2026-03-02 15:15:00,0.1296,0.12981,0.1287,0.12916,134486.1
2026-03-02 15:30:00,0.12968,0.12989,0.1282,0.12867,191761.7
2026-03-02 15:45:00,0.1286,0.12925,0.12778,0.1286,189386.1
2026-03-02 16:00:00,0.12876,0.12908,0.12779,0.12884,190893.3
2026-03-02 16:15:00,0.12888,0.12931,0.12824,0.12856,84048.8
2026-03-02 16:30:00,0.12852,0.12876,0.12691,0.12876,81834.0
2026-03-02 16:45:00,0.12866,0.12979,0.12846,0.12885,29131.3
2026-03-02 17:00:00,0.12839,0.12839,0.12677,0.1273,150283.9
2026-03-02 17:15:00,0.12716,0.12722,0.12608,0.12674,327393.4
2026-03-02 17:30:00,0.12687,0.12731,0.12566,0.12577,110111.0
2026-03-02 17:45:00,0.12557,0.12744,0.12553,0.12707,264025.2
2026-03-02 18:00:00,0.12729,0.12729,0.12634,0.12702,424714.7
2026-03-02 18:15:00,0.127,0.12722,0.12666,0.12672,40682.8
2026-03-02 18:30:00,0.12667,0.12714,0.12654,0.12714,15537.1
2026-03-02 18:45:00,0.12712,0.12731,0.12644,0.12662,30971.1
2026-03-02 19:00:00,0.1267,0.12673,0.1253,0.12586,209670.7
2026-03-02 19:15:00,0.12585,0.12623,0.12573,0.12606,161107.1
2026-03-02 19:30:00,0.12608,0.12684,0.12582,0.12655,17548.3
2026-03-02 19:45:00,0.12637,0.12712,0.12637,0.12684,15894.6
2026-03-02 20:00:00,0.12682,0.12745,0.12534,0.12578,61807.2
2026-03-02 20:15:00,0.12578,0.12615,0.12576,0.1261,8089.4
2026-03-02 20:30:00,0.12584,0.12638,0.12575,0.12638,62812.5
2026-03-02 20:45:00,0.12644,0.12681,0.12619,0.12619,17697.1
2026-03-02 21:00:00,0.1262,0.1262,0.12528,0.12571,69869.2
2026-03-02 21:15:00,0.12576,0.12597,0.12551,0.12597,22788.8
2026-03-02 21:30:00,0.12591,0.12632,0.12584,0.12622,10285.8
2026-03-02 21:45:00,0.12644,0.12644,0.12603,0.12615,12647.6
2026-03-02 22:00:00,0.12618,0.12691,0.12618,0.12671,90628.6
2026-03-02 22:15:00,0.12669,0.12718,0.12665,0.12713,35781.0
2026-03-02 22:30:00,0.12712,0.12731,0.1268,0.12683,12601.2
2026-03-02 22:45:00,0.12693,0.12693,0.1265,0.1265,22657.2
2026-03-02 23:00:00,0.12664,0.12666,0.12557,0.12557,13480.9
2026-03-02 23:15:00,0.12546,0.12557,0.12473,0.12481,137266.7
2026-03-02 23:30:00,0.1247,0.12473,0.12392,0.12404,105686.0
2026-03-02 23:45:00,0.12417,0.12471,0.12417,0.12455,84412.5
